Investors_List,Total_Invested,Num_Investments,Last_Date,Top_Sectors,Top_Stages,Top_Cities,Last_Year,Last_Month,Last_Investment
Multiples,102401.15,32,2022-04-01,"Fintech, Edtech, Ecommerce","Unknown, Series D","Bangalore, Gurgaon, Mumbai",2022,4,2022-04-01
Tiger Global,63193.06,61,2025-02-01,"Fintech, Other, Edtech","Private Equity, Series C, Series A","Bangalore, Gurgaon, Mumbai",2025,2,2025-02-01
Unknown,49270.95,202,2025-10-01,"Fintech, Ecommerce, Healthcare","Unknown, Seed, Pre-Series A","Mumbai, Bangalore, Delhi",2025,10,2025-10-01
Sequoia Capital,48454.24,122,2022-03-01,"Consumer Internet, Ecommerce, Fintech","Private Equity, Series A, Unknown","Bangalore, Mumbai, Gurgaon",2022,3,2022-03-01
SoftBank,48075.53,16,2024-09-01,"Consumer Internet, Ecommerce, Budget Hotel Accommodation","Private Equity, Unknown, Series G","Gurgaon, Bangalore, Delhi",2024,9,2024-09-01
Tiger Global Maunknowngement,28986.920000000002,29,2021-12-01,"Fintech, Ecommerce, Edtech","Private Equity, Unknown, Series D","Bangalore, Gurgaon, Delhi",2021,12,2021-12-01
Accel,28472.46,125,2025-10-01,"Consumer Internet, Ecommerce, Fintech","Private Equity, Series A, Seed","Bangalore, Gurgaon, Mumbai",2025,10,2025-10-01
Dst Global,25489.3,11,2021-11-01,"Fintech, B2B, Consumer Internet","Private Equity, Series A, Unknown","Bangalore, Mumbai, Gurgaon",2021,11,2021-11-01
Falcon Edge,18755.09,9,2021-11-01,"Fintech, Automotive, Consumer Internet","Unknown, Private Equity, Series A","Bangalore, Gurgaon, Unknown",2021,11,2021-11-01
Falcon Edge Capital,16961.05,10,2021-11-01,"Ecommerce, Consumer Internet, Car Aggregator & Retail Mobile","Private Equity, Series A, Unknown","Bangalore, Unknown, Jaipur",2021,11,2021-11-01
General Atlantic,16210.73,8,2022-01-01,"Edtech, Ecommerce, Real Estate","Unknown, Series C, Series E","Bangalore, Mumbai",2022,1,2022-01-01
Owl Ventures,15023.0,6,2025-02-01,"Edtech, Fintech, Global Workforce Mobility","Unknown, Series C, Other","Bangalore, Gurgaon, Mumbai",2025,2,2025-02-01
Nexus Venture Partners,14405.72,52,2025-09-01,"Consumer Internet, Healthcare, Edtech","Private Equity, Series A, Seed","Bangalore, Mumbai, Unknown",2025,9,2025-09-01
Others,14067.01,116,2025-01-01,"Consumer Internet, Technology, Healthcare","Seed, Private Equity, Other","Bangalore, Mumbai, Delhi",2025,1,2025-01-01
Westbridge Capital,13399.67,24,2025-10-01,"Edtech, Fintech, Transportation","Series B, Series C, Unknown","Bangalore, Mumbai, Unknown",2025,10,2025-10-01
Steadview Capital,12873.61,15,2025-08-01,"Ecommerce, Fintech, Edtech","Private Equity, Unknown, Series D","Bangalore, Mumbai, Delhi",2025,8,2025-08-01
Lightspeed,12762.65,39,2025-06-01,"Consumer Internet, Fintech, Technology","Private Equity, Seed, Series A","Bangalore, Mumbai, Gurgaon",2025,6,2025-06-01
Matrix Partners,10894.24,43,2025-02-01,"Fintech, Consumer Internet, Technology","Private Equity, Series A, Seed","Bangalore, Unknown, Mumbai",2025,2,2025-02-01
General Catalyst,10089.48,20,2025-10-01,"Fintech, Healthcare, Technology","Series A, Seed, Unknown","Bangalore, Gurgaon, Delhi",2025,10,2025-10-01
Baillie Gifford,9810.6,4,2024-12-01,"Food Devlivery, Car Aggregator & Retail Mobile, Media","Unknown, Private Equity, Other","Bangalore, Haryana",2024,12,2024-12-01
Alibaba,9213.0,5,2020-01-01,"Ecommerce, Consumer Internet, Logistics","Private Equity, Unknown","Bangalore, Unknown, Delhi",2020,1,2020-01-01
Bertelsmann India Investments,9048.98,11,2025-09-01,"Fintech, Ecommerce, Consumer Internet","Private Equity, Unknown, Series B","Delhi, Ahmedabad, Gurgaon",2025,9,2025-09-01
Temasek,8922.1431,11,2025-07-01,"Food, Restaurant Ratings & Reviews, Other","Private Equity, Unknown, Series H","Gurgaon, Mumbai, Bangalore",2025,7,2025-07-01
Vijay Shekhar Sharma,8717.5,13,2024-09-01,"Consumer Internet, Fintech, Food","Seed, Private Equity, Unspecified Round","Bangalore, Noida, Delhi",2024,9,2024-09-01
Glade Brook Capital Partners,8499.2,2,2024-12-01,"Innovation Management, Spacetech","Series H, Other",Bangalore,2024,12,2024-12-01
Flipkart,8450.65,10,2020-12-01,"Consumer Internet, Logistics, Fintech","Private Equity, Unknown, Seed","Bangalore, Delhi, Andheri",2020,12,2020-12-01
Saif Partners,8430.71,41,2021-06-01,"Consumer Internet, Ecommerce, Other","Private Equity, Seed, Unknown","Bangalore, Gurgaon, Mumbai",2021,6,2021-06-01
Caunknownan Valley Capital,8300.0,1,2021-02-01,Innovation Management,Series H,Bangalore,2021,2,2021-02-01
Norwest Venture Partners,8233.67,23,2025-06-01,"Technology, Fintech, Consumer Internet","Private Equity, Unknown, Series F","Bangalore, Chennai, Hyderabad",2025,6,2025-06-01
1Crowd And 1Fund,7977.13,1,2022-06-01,Logistics,Unknown,Mumbai,2022,6,2022-06-01
B Capital,7914.05,5,2025-05-01,"Automotive And Rentals, Transport, Consumer Internet","Series D, Private Equity, Unknown","Bangalore, Mumbai",2025,5,2025-05-01
Schroder Adveq And Temasek Holdings,7698.25,1,2022-06-01,Eyewear,Series I,Faridabad,2022,6,2022-06-01
Think Investments,7619.4,8,2025-06-01,"Healthcare, Information Technology &, Retail","Series A, Series B, Unknown","Mumbai, Gurgaon, Bangalore",2025,6,2025-06-01
Peak Xv Partners,7557.29,20,2025-10-01,"AI, Fintech, Ecommerce","Series A, Series C, Series B","Bangalore, Mumbai, Chennai",2025,10,2025-10-01
Kohlberg Kravis Roberts,7428.5,2,2021-05-01,"Ecommerce, Fashion",Unknown,"Mumbai, Faridabad",2021,5,2021-05-01
Altimeter Capital,7403.6,4,2019-11-01,"SaaS, B2B, Technology","Private Equity, Series C, Series D","Bangalore, San Jose, Mumbai",2019,11,2019-11-01
Hindustan Media Venture,7254.200000000001,2,2021-07-01,"Hospitality, Fintech","Unknown, Series F",Gurgaon,2021,7,2021-07-01
Bessemer Venture Partners,7228.0,23,2025-09-01,"Consumer Internet, Ecommerce, Fintech","Private Equity, Series B, Unknown","Bangalore, Gurgaon, Mumbai",2025,9,2025-09-01
Tpg Growth,7180.74,5,2022-02-01,"Consumer Internet, Ecommerce, Other","Private Equity, Series F, Series E","Mumbai, Delhi, Unknown",2022,2,2022-02-01
Blume Ventures,7111.34,75,2025-09-01,"Consumer Internet, Technology, Ecommerce","Private Equity, Seed, Series A","Bangalore, Mumbai, Delhi",2025,9,2025-09-01
Kalaari Capital,7021.31,63,2025-10-01,"Technology, Consumer Internet, Ecommerce","Private Equity, Seed, Series A","Bangalore, Mumbai, Delhi",2025,10,2025-10-01
Fidelity,6976.98,3,2021-09-01,"Social Commerce, Information Technology, Logistics","Unknown, Series H","Bangalore, Noida, Gurgaon",2021,9,2021-09-01
Redbird Capital,6972.0,1,2021-11-01,Sports,Unknown,Mumbai,2021,11,2021-11-01
D1 Capital,6972.0,1,2021-11-01,Sports,Unknown,Mumbai,2021,11,2021-11-01
Ant Fiunknownncial,6913.9,3,2020-01-01,"Ecommerce, Adtech, Food","Unknown, Private Equity","Delhi, Bangalore, Unknown",2020,1,2020-01-01
Premji Invest,6831.7,10,2025-10-01,"Ecommerce, Fintech, Technology","Series B, Series C, Private Equity","Bangalore, Mumbai, Delhi",2025,10,2025-10-01
Posh Vine,6775.29,1,2022-09-01,Fintech,Unknown,Bangalore,2022,9,2022-09-01
Insight Partners,6732.96,5,2022-03-01,"Fintech, Technology, Software Development","Series B, Debt, Series D","Delhi, Bangalore, Unknown",2022,3,2022-03-01
Tiger Global Maunknowngement And Sofiunknown,6652.45,1,2022-06-01,Fintech,Series F,Bangalore,2022,6,2022-06-01
Sequoia India,6644.86,28,2020-08-01,"Fintech, Ecommerce, Technology","Private Equity, Series A, Series B","Bangalore, Mumbai, Unknown",2020,8,2020-08-01
Carmigunknownc,6640.0,1,2021-04-01,Food,Unknown,Bangalore,2021,4,2021-04-01
Alibaba Group,6474.0,2,2020-11-01,Ecommerce,"Private Equity, Unknown","Delhi, Pune",2020,11,2020-11-01
Goldman Sachs,6124.74,10,2022-02-01,"Consumer Internet, Hospitality, Ecommerce","Private Equity, Unknown, Series B","Gurgaon, Delhi, Mumbai",2022,2,2022-02-01
Softbank Vision Fund 2,6017.5,4,2022-03-01,"Fintech, Automotive, Software Development","Series C, Series F, Series D","Bangalore, Gurgaon",2022,3,2022-03-01
Sbi Pension,6000.0,1,2024-12-01,Real Estate,Other,Mumbai,2024,12,2024-12-01
Singapore Sovereign Wealth Firm Gic,6000.0,1,2024-12-01,Real Estate,Other,Mumbai,2024,12,2024-12-01
Kora,5909.6,1,2020-12-01,Food,Unknown,Gurgaon,2020,12,2020-12-01
Gvfl And We Founder Circle,5848.18,1,2022-12-01,Industry,Seed,Surat,2022,12,2022-12-01
Uc Inclusive Credit And Hinduja Leyland Fiunknownnce,5824.94,1,2022-06-01,Fintech,Unknown,Mumbai,2022,6,2022-06-01
Avendus Fiunknownnce,5823.28,2,2020-01-01,"Edtech, Hospitality","Debt, Unknown","Mumbai, Gurgaon",2020,1,2020-01-01
Invesco,5810.0,1,2022-01-01,Food,Unknown,Bangalore,2022,1,2022-01-01
Steadview Capital And Existing Investors,5810.0,1,2015-07-01,Online,Private Equity,Bangalore,2015,7,2015-07-01
Mypreferred Transformation,5751.9,1,2020-01-01,Hospitality,Unknown,Gurgaon,2020,1,2020-01-01
March Capital,5673.05,5,2025-01-01,"Consumer Internet, Car Trade, Fintech","Series C, Private Equity, Series H","Mumbai, Chennai, Pune",2025,1,2025-01-01
Epiq Capital,5670.75,4,2025-06-01,"Fintech, Edtech, Jewelry","Unknown, Unspecified Round, Series B","Bangalore, Chennai, Hyderabad",2025,6,2025-06-01
Cdc Group,5351.86,9,2021-11-01,"Logistics, Fintech, Renewable Player","Unknown, Series C, Series D","Mumbai, Bangalore, Chennai",2021,11,2021-11-01
Angellist Talent And Sahil Mahaldar,5308.68,1,2022-06-01,Edtech,Seed,Gurgaon,2022,6,2022-06-01
Kaizenvest And Ets Global,5244.77,1,2022-07-01,Edtech,Unknown,Mumbai,2022,7,2022-07-01
Tradecred,5187.5,3,2021-10-01,"Mechanical Or Industrial Engineering, Wine & Spirits, Lifestyle",Unknown,"Bangalore, Delhi",2021,10,2021-10-01
Kkr,4980.15,2,2025-06-01,"Multinational Conglomerate, Education Healthcare","Unknown, Debt","Mumbai, Karnataka",2025,6,2025-06-01
Letsventure And Lc Nueva Investment Partners,4970.04,1,2022-08-01,Internet,Series A,Gurgaon,2022,8,2022-08-01
Vy Capital,4934.35,7,2021-07-01,"Consumer Internet, Home, Restaurant Ratings & Reviews","Private Equity, Unknown, Series C","Gurgaon, Delhi, Mumbai",2021,7,2021-07-01
Gic,4921.9,5,2021-07-01,"Ecommerce, It, Logistics","Unknown, Private Equity, Series H","Gurgaon, Mumbai, Bangalore",2021,7,2021-07-01
Chryscapital,4863.8,4,2024-11-01,"Fintech, Business And It Consulting, Logistics","Private Equity, Series D, Series F","Bangalore, Delhi, Pune",2024,11,2024-11-01
Tencent Holdings,4797.5,6,2021-02-01,"Consumer Internet, Ecommerce, Entertainment","Private Equity, Unknown, Series B","Bangalore, Gurgaon, Delhi",2021,2,2021-02-01
Creaegis,4724.5,6,2025-06-01,"Healthcare, Industrial Robotics, AI","Series C, Series B, Unspecified Round","Bangalore, Mumbai, Pune",2025,6,2025-06-01
Jungle Ventures,4651.15,24,2025-09-01,"Ecommerce, Fintech, Technology","Private Equity, Seed, Other","Bangalore, Mumbai, Noida",2025,9,2025-09-01
Nvs Wealth Maunknowngers,4565.0,1,2022-01-01,Healthcare,Series A,Bangalore,2022,1,2022-01-01
The Cpp Investment Board,4482.0,1,2020-01-01,Edtech,Unknown,Unknown,2020,1,2020-01-01
South Africa’S Naspers Ventures,4482.0,1,2020-01-01,Edtech,Unknown,Unknown,2020,1,2020-01-01
Greenoaks Capital,4465.4,5,2021-06-01,"Consumer Internet, Budget Hotel Accommodation, Other","Private Equity, Series B, Series A","Delhi, Unknown, Bangalore",2021,6,2021-06-01
Bessemer Venture Partners And Siddharth Sikchi,4399.0,1,2022-04-01,Healthcare,Unknown,Mumbai,2022,4,2022-04-01
Didi Kuaidi,4399.0,1,2015-11-01,"Car Aggregator & Retail Mobile, Cab Booking",Private Equity,Bangalore,2015,11,2015-11-01
Elevation Capital,4307.6,36,2025-10-01,"Fintech, Edtech, Crossborder Payments","Series A, Seed, Unknown","Bangalore, Gurgaon, Mumbai",2025,10,2025-10-01
Foxconn,4224.7,2,2015-11-01,Ecommerce,Private Equity,"Bangalore, Delhi",2015,11,2015-11-01
Venture Catalysts And Znl Growth,4212.25,1,2022-10-01,Information Technology,Seed,Bangalore,2022,10,2022-10-01
Warburg Pincus,4199.8,6,2022-03-01,"Logistics, Technology, Consumer Internet","Private Equity, Unknown","Delhi, Gurgaon, Mumbai",2022,3,2022-03-01
Mars Growth Global,4150.0,1,2025-01-01,Ecommerce,Unspecified Round,Bangalore,2025,1,2025-01-01
Twitter Ventures,4150.0,1,2021-04-01,Social Media,Unknown,Bangalore,2021,4,2021-04-01
Edelweiss,4150.0,2,2022-01-01,"Edtech, Automotive",Unknown,Bangalore,2022,1,2022-01-01
Pawan Munjal,4150.0,1,2021-04-01,Social Media,Unknown,Bangalore,2021,4,2021-04-01
Tiga Investments,4150.0,1,2021-06-01,Edtech,Unknown,Bangalore,2021,6,2021-06-01
Baron Capital,4150.0,1,2021-06-01,Edtech,Unknown,Bangalore,2021,6,2021-06-01
Marquee Interunknowntiounknownl Institutiounknownl Investors,4150.0,1,2021-12-01,Mobility,Unknown,Bangalore,2021,12,2021-12-01
B Capital Group,4125.1,4,2025-01-01,"Fintech, Technology, Healthcare","Series B, Private Equity, Other","Bangalore, Pune, Chennai",2025,1,2025-01-01
Ascent Capital,4100.2,5,2021-11-01,"Ecommerce, Consumer Internet, Payments Solution","Private Equity, Series C, Unknown","Bangalore, Mumbai, Udupi",2021,11,2021-11-01
Lightrock India,3975.7,9,2022-03-01,"Edtech, Mobility, Information Technology &","Series C, Unknown, Series D","Bangalore, Mumbai, Gurgaon",2022,3,2022-03-01
Dragoneer Investment Group,3959.31,5,2022-03-01,"Fintech, Technology, Edtech","Unknown, Series D, Series B","Bangalore, Usa, Chennai",2022,3,2022-03-01
Innoven Capital,3936.98,24,2024-08-01,"Ecommerce, Consumer Internet, Fintech","Private Equity, Debt, Unknown","Bangalore, Mumbai, Gurgaon",2024,8,2024-08-01
Helion Venture Partners,3910.87,14,2018-02-01,"Other, Ecommerce, Consumer Internet",Private Equity,"Bangalore, Unknown, Gurgaon",2018,2,2018-02-01
Blackrock,3822.98,2,2021-07-01,"Information Technology, Edtech","Unknown, Series F","Noida, Bangalore",2021,7,2021-07-01
Siguler Guff,3735.0,1,2021-08-01,Media,Unknown,Bangalore,2021,8,2021-08-01
Bennett Coleman And Company Ltd (Bccl),3735.0,1,2019-09-01,Healthcare,Series C,Menlo Park,2019,9,2019-09-01
Prosus,3584.11,6,2025-08-01,"Supplychain Financing, Housing Finance, Supply Financing","Unknown, Series E, Pre-Seed","Mumbai, Bangalore, Indore",2025,8,2025-08-01
Times Internet,3540.33,11,2020-08-01,"Entertainment, Consumer Internet, Technology","Private Equity, Unknown, Seed","Gurgaon, Bangalore, Noida",2020,8,2020-08-01
Faering Capital,3479.36,6,2024-08-01,"Fintech, Technology, Sports Education","Private Equity, Unknown, Series C","Bangalore, Mumbai, Chennai",2024,8,2024-08-01
. Trifecta Capital Advisors And Trifecta Capital Advisors,3353.2,1,2022-12-01,Food,Unknown,Chennai,2022,12,2022-12-01
Falcon Edge.,3320.0,1,2021-03-01,Gaming,Unknown,Mumbai,2021,3,2021-03-01
Vms Asset Maunknowngement,3320.0,1,2020-10-01,Edtech,Unknown,Shanghai,2020,10,2020-10-01
Dragon Fund,3320.0,2,2024-12-01,"Digital Automotive, Quick Commerce",Other,"Singapore, Mumbai",2024,12,2024-12-01
Cicc Alpha,3320.0,1,2020-10-01,Edtech,Unknown,Shanghai,2020,10,2020-10-01
D1 Capital Partners,3320.0,1,2021-03-01,Gaming,Unknown,Mumbai,2021,3,2021-03-01
Tcv,3320.0,1,2021-03-01,Gaming,Unknown,Mumbai,2021,3,2021-03-01
Sofiunknown,3278.5,6,2025-02-01,"Edtech, Consumer Internet, Doctor Appointment Booking","Private Equity, Series C, Series D","Bangalore, Gurgaon, Mumbai",2025,2,2025-02-01
Eight Roads Ventures,3275.2,17,2024-10-01,"Healthcare, Logistics, Technology","Private Equity, Unknown, Series A","Bangalore, Mumbai, Hyderabad",2024,10,2024-10-01
Flipkart Marketplace Private Limited In Singapore,3249.0,1,2025-04-01,Technology,Unknown,Bangalore,2025,4,2025-04-01
Alkeon Capital,3245.3,2,2021-12-01,"Social Media, Software","Series G, Series B","Bangalore, Ahmedabad",2021,12,2021-12-01
Niif Ltd,3237.0,1,2020-12-01,Renewable Player,Unknown,Bangalore,2020,12,2020-12-01
Stellaris Venture Partners,3209.2400000000002,26,2025-09-01,"Consumer Internet, Fintech, Technology","Seed, Private Equity, Unknown","Bangalore, Mumbai, Delhi",2025,9,2025-09-01
Beenext,3208.06,35,2025-10-01,"Fintech, Consumer Internet, Ecommerce","Private Equity, Seed, Series A","Bangalore, Delhi, Gurgaon",2025,10,2025-10-01
Hero Motocorp,3171.5,3,2025-05-01,"Technology, Automobile, Fintech","Private Equity, Series C, Unknown","Bangalore, Delhi",2025,5,2025-05-01
Goodwater Capital,3159.75,4,2025-10-01,"Fintech, Audio Ott, Regional Ott","Unknown, Series C, Series B","Bangalore, Indore, Karnataka",2025,10,2025-10-01
Mankind Pharma Family Office,3137.4,2,2024-11-01,"Consumer Electronics, Quick Commerce","Unknown, Unspecified Round",Mumbai,2024,11,2024-11-01
Hero Enterprise,3129.1,4,2024-09-01,"Consumer Internet, Agritech, Luxury Goods & Jewelry","Private Equity, Series D, Unknown","Bangalore, Gurgaon, Pune",2024,9,2024-09-01
Y Combiunknowntor,3033.37,34,2025-06-01,"Fintech, Technology, Healthcare","Seed, Unknown, Pre-Series A","Bangalore, Mumbai, Gurgaon",2025,6,2025-06-01
Prosus Ventures,3022.2,5,2025-02-01,"Logistics, Information Technology &, Agritech","Series B, Series C, Series D","Bangalore, Pune, Patna",2025,2,2025-02-01
Iconiq Capital,2946.5,3,2021-10-01,"Automation, SaaS, Healthcare","Series C, Series B","Bangalore, Hyderabad, Chennai",2021,10,2021-10-01
Raamdeo Agarwal,2905.0,1,2024-11-01,Quick Commerce,Unspecified Round,Mumbai,2024,11,2024-11-01
Caisse De Depot Et Placement Du Quebec,2905.0,1,2021-04-01,Healthcare,Series E,Mumbai,2021,4,2021-04-01
Celebrity Investors,2905.0,1,2024-11-01,Quick Commerce,Unspecified Round,Mumbai,2024,11,2024-11-01
Venture Highway,2905.0,12,2025-06-01,"Ecommerce, Fintech, Edtech","Series A, Private Equity, Seed","Bangalore, Gurgaon, Noida",2025,6,2025-06-01
Motilal Oswal Private Wealth,2905.0,1,2024-11-01,Quick Commerce,Unspecified Round,Mumbai,2024,11,2024-11-01
Cpp Investments,2905.0,1,2022-03-01,Edtech,Unknown,Mumbai,2022,3,2022-03-01
Taparia Family Office,2905.0,1,2024-11-01,Quick Commerce,Unspecified Round,Mumbai,2024,11,2024-11-01
Qatar Investment Authority,2905.0,2,2025-04-01,"Cloud Kitchen, Edtech","Private Equity, Series F, Series G","Mumbai, Bangalore",2025,4,2025-04-01
New Enterprise Associates,2839.4300000000003,5,2025-10-01,"Sales & Productivity Software, Online And Tv Shopping, Fitness Tracking Management","Private Equity, Series F","Mumbai, Pune, Usa",2025,10,2025-10-01
Sbi Investment,2830.3,2,2025-03-01,"Fintech, Crossborder Neobank","Series C, Series B",Bangalore,2025,3,2025-03-01
Softbank Group Corp,2739.0,1,2017-03-01,Consumer Internet,Private Equity,Bangalore,2017,3,2017-03-01
Iron Pillar,2720.49,8,2025-09-01,"Ecommerce, Healthcare, SaaS","Series C, Unknown, Series D","Bangalore, Mumbai, India",2025,9,2025-09-01
Wellington Maunknowngement,2714.1,2,2021-06-01,"Consumer Internet, Home","Private Equity, Series F","Gurgaon, Delhi",2021,6,2021-06-01
Unknown Investors,2700.77,52,2018-01-01,"Consumer Internet, Technology, Ecommerce","Seed, Private Equity, Other","Mumbai, Bangalore, Gurgaon",2018,1,2018-01-01
Hyundai,2699.7400000000002,2,2020-01-01,"Consumer Internet, Transportation","Private Equity, Unknown","Gurgaon, Bangalore",2020,1,2020-01-01
Softbank Vision Fund Ii,2697.5,1,2021-12-01,Fintech,Unknown,Gurgaon,2021,12,2021-12-01
Alpha Wave Ventures Ii,2697.5,1,2021-12-01,Fintech,Unknown,Gurgaon,2021,12,2021-12-01
Alpha Wave Global,2656.0,2,2022-03-01,"Edtech, Software","Series D, Series F",Noida,2022,3,2022-03-01
Mitsui,2639.4,4,2022-09-01,"Technology, Online And Tv Shopping, Teleshopping / Ecommerce","Private Equity, Unknown","Mumbai, Hyderabad, Chicago",2022,9,2022-09-01
Tencent,2634.42,5,2020-05-01,"Consumer Internet, Media, Food","Private Equity, Series C, Series A","Bangalore, Mumbai",2020,5,2020-05-01
Kia Motors,2581.3,1,2020-01-01,Transportation,Unknown,Bangalore,2020,1,2020-01-01
Edbi,2510.75,3,2024-10-01,"Ecommerce, Technology, Edtech","Series D, Private Equity, Seed","India, Pune, Bangalore",2024,10,2024-10-01
Oxshott Capital Partners,2490.0,1,2021-10-01,Edtech,Unknown,Bangalore,2021,10,2021-10-01
Xn Exponent,2490.0,1,2021-10-01,Edtech,Unknown,Bangalore,2021,10,2021-10-01
Blackstone Growth,2490.0,1,2022-02-01,Logistics,Series F,Pune,2022,2,2022-02-01
Omidyar Network,2488.34,22,2024-09-01,"Consumer Internet, Ecommerce, Technology","Private Equity, Unknown, Other","Gurgaon, Bangalore, Mumbai",2024,9,2024-09-01
Kedaara Capital And Paramark Ventures,2459.29,1,2022-06-01,Beauty,Series E,Mumbai,2022,6,2022-06-01
Softbank’S Vision Fund,2456.8,1,2020-02-01,Ecommerce,Series E,Pune,2020,2,2020-02-01
Naspers,2456.8,3,2019-08-01,"Ecommerce, Food","Private Equity, Series D",Bangalore,2019,8,2019-08-01
Beyondnetzero,2448.5,1,2022-01-01,Computer Software,Unknown,Bangalore,2022,1,2022-01-01
Temasek Holdings,2448.5,2,2021-05-01,"Consumer Internet, Fashion","Private Equity, Unknown","Mumbai, Faridabad",2021,5,2021-05-01
Idg Ventures,2448.5,22,2018-07-01,"Consumer Internet, Technology, Other","Private Equity, Seed, Debt","Mumbai, Bangalore, Chennai",2018,7,2018-07-01
Gmo Venture Partners,2423.6000000000004,4,2025-08-01,"Fintech, Risk Intelligence, Crossborder Neobank","Series B, Series A","Bangalore, India, Delhi",2025,8,2025-08-01
Khosla Ventures,2418.3,12,2025-01-01,"Healthcare, It, Technology","Series A, Other, Private Equity","Bangalore, Mumbai, Usa",2025,1,2025-01-01
Coatue Maunknowngement,2377.95,3,2020-07-01,"Food, Online & Mobile Classified Listings, Fintech","Unknown, Private Equity, Series E","Mumbai, Pune, Unknown",2020,7,2020-07-01
Quadria Capital,2365.5,3,2025-01-01,"Healthcare, Contract R&D And Manufacturing","Unknown, Series C, Other","Mumbai, Bangalore, Hyderabad",2025,1,2025-01-01
Qualcomm Ventures,2363.42,13,2025-01-01,"Technology, Ecommerce, Consumer Internet","Private Equity, Series D, Unknown","Bangalore, Mumbai, Delhi",2025,1,2025-01-01
Trifecta Capital,2363.2,20,2025-06-01,"Ecommerce, Consumer Internet, Fintech","Private Equity, Unknown, Debt","Mumbai, Bangalore, Gurgaon",2025,6,2025-06-01
The Beer Café,2350.56,1,2022-11-01,Food,Series D,Delhi,2022,11,2022-11-01
Rtp Global,2350.44,18,2025-09-01,"Fintech, AI, Ecommerce","Series A, Pre-Series A, Seed","Bangalore, Delhi, Gurgaon",2025,9,2025-09-01
Octahedron Capital,2324.0,1,2021-01-01,Ecommerce,Unknown,Bangalore,2021,1,2021-01-01
Evolvence,2324.0,2,2024-12-01,"Agritech, Food","Series D, Series G","Pune, Mumbai",2024,12,2024-12-01
Moonstone Capital,2324.0,1,2021-01-01,Ecommerce,Unknown,Bangalore,2021,1,2021-01-01
Kuunknownl Shah,2316.59,31,2024-08-01,"Fintech, Consumer Internet, Information Technology &","Unknown, Seed, Pre-Series A","Bangalore, Mumbai, Gurgaon",2024,8,2024-08-01
Generation Investment Maunknowngement,2282.5,1,2025-01-01,Healthcare,Other,Bangalore,2025,1,2025-01-01
Banner Health,2282.5,1,2025-01-01,Healthcare,Other,Bangalore,2025,1,2025-01-01
Kaiser Permanente,2282.5,1,2025-01-01,Healthcare,Other,Bangalore,2025,1,2025-01-01
M12,2282.5,1,2025-01-01,Healthcare,Other,Bangalore,2025,1,2025-01-01
Daunknownher Ventures Llc,2282.5,1,2025-01-01,Healthcare,Other,Bangalore,2025,1,2025-01-01
M,2262.34,13,2025-06-01,"Ecommerce, Technology, Consumer Internet","Private Equity, Seed, Other","Gurgaon, Bangalore, Mumbai",2025,6,2025-06-01
Coinbase Ventures,2257.6,3,2022-01-01,"Fintech, Crypto","Series B, Series C, Unknown","Mumbai, Bangalore, Chennai",2022,1,2022-01-01
Binny Bansal,2248.88,14,2022-01-01,"Fintech, Consumer Internet, Food","Seed, Private Equity, Unknown","Bangalore, Mumbai, Gurgaon",2022,1,2022-01-01
Iconiq Growth,2241.0,2,2024-11-01,"Fintech, Enterprise Ai","Series E, Series A","Bangalore, Gurgaon",2024,11,2024-11-01
Apollo,2216.1,1,2022-02-01,Fintech,Unknown,Delhi,2022,2,2022-02-01
Green Frontier Capital And Lc Nueva Investment Partners,2207.8,1,2022-10-01,Fintech,Series A,Delhi,2022,10,2022-10-01
Debt Fiunknownncing,2201.99,1,2022-08-01,Packaging,Unknown,Mumbai,2022,8,2022-08-01
Sequoia Capital India Advisors,2176.26,2,2018-08-01,Consumer Internet,Private Equity,"Bangalore, Gurgaon",2018,8,2018-08-01
A91 Partners,2174.8,12,2025-02-01,"Consumer Goods, Consumer Technology, Cloud","Series A, Series C, Unknown","Bangalore, Mumbai, Gurgaon",2025,2,2025-02-01
Simi Pacific Pte,2158.0,1,2017-04-01,Consumer Internet,Private Equity,Bangalore,2017,4,2017-04-01
Hillhouse Capital,2158.0,3,2020-01-01,"Automobile, Ethnic Beverages Manufacturer, Other","Private Equity, Series C, Series D","Jaipur, Gurgaon, Unknown",2020,1,2020-01-01
Andreessen Horowitz,2158.0,1,2021-10-01,Crypto,Series C,Bangalore,2021,10,2021-10-01
Google,2129.1,7,2025-02-01,"Fintech, Technology, Telecommunication","Unknown, Private Equity, Series C","Bangalore, Mumbai, Gurgaon",2025,2,2025-02-01
Addition,2116.5,3,2022-01-01,"Logistics, Media, Computer Software","Unknown, Series I, Series A","Gurgaon, Noida, Chennai",2022,1,2022-01-01
Morphosis Venture Capital And Winter Capital,2116.5,1,2022-12-01,Information Technology,Series A,Gurgaon,2022,12,2022-12-01
Crv,2116.5,2,2021-08-01,"Technology, Computer Software","Private Equity, Series D",Bangalore,2021,8,2021-08-01
Amazon,2110.69,6,2021-10-01,"Fintech, Online Financial, Consumer Internet","Unknown, Private Equity, Other","Bangalore, Chennai, Mumbai",2021,10,2021-10-01
Hsbc,2083.3,1,2025-03-01,Crossborder Neobank,Series B,Bangalore,2025,3,2025-03-01
Greenoaks Capital Partners,2075.0,1,2017-04-01,Consumer Internet,Private Equity,Gurgaon,2017,4,2017-04-01
Abu Dhabi Growth Fund,2058.4,1,2021-11-01,Automotive,Series E,Gurgaon,2021,11,2021-11-01
Quounknown Capital,2051.76,9,2024-12-01,"Fintech, Agritech, Consumer Internet","Series B, Private Equity, Unknown","Bangalore, Noida, Mumbai",2024,12,2024-12-01
Co And Fedex,2004.45,1,2022-09-01,Software,Unknown,Chicago,2022,9,2022-09-01
Reliance Retail Ventures Limited,1992.0,1,2022-01-01,Ecommerce,Unknown,Bangalore,2022,1,2022-01-01
Rtp Global And Sofiunknown,1980.38,1,2022-10-01,Agritech,Series E,Bihar,2022,10,2022-10-01
Tpg Capital Asia,1942.2,1,2021-03-01,Fintech,Unknown,Chennai,2021,3,2021-03-01
Bain Capital,1935.78,4,2025-09-01,"Rental, Furniture Rental, Technology","Unknown, Series B","Bangalore, Beijing",2025,9,2025-09-01
Tribe Capital,1929.75,5,2021-12-01,"Fintech, Logistics, Logitech","Series C, Series A, Pre-Series A","Bangalore, Unknown, Mumbai",2021,12,2021-12-01
Interunknowntiounknownl Fiunknownnce Corporation,1910.66,7,2025-06-01,"Ecommerce, Consumer Internet, Fintech","Private Equity, Unknown, Series B","Mumbai, Bangalore, Noida",2025,6,2025-06-01
Reliance Industries,1909.0,1,2020-01-01,Robotics & Ai,Unknown,Bangalore,2020,1,2020-01-01
The Rise Fund,1886.1799999999998,3,2021-06-01,"Consumer Internet, Ecommerce, Solar","Private Equity, Pre-Series A, Unknown","Mumbai, Jaipur, Hyderabad",2021,6,2021-06-01
Capitalg,1879.95,3,2020-12-01,"Software, Fintech, Technology","Private Equity, Series H, Series C","San Francisco, Gurgaon, Delhi",2020,12,2020-12-01
Zodius Capital,1877.87,7,2020-01-01,"Other, Technology, Consumer Internet","Private Equity, Series B","Unknown, Bangalore, Mumbai",2020,1,2020-01-01
Burda Principal Investments,1875.8,1,2019-02-01,Ecommerce,Series D,India,2019,2,2019-02-01
Sequoia Capital And Temasek Holdings,1875.8,1,2019-02-01,Ecommerce,Series D,India,2019,2,2019-02-01
And Sofiunknown,1875.8,1,2019-02-01,Ecommerce,Series D,India,2019,2,2019-02-01
Lighthouse,1875.34,4,2025-10-01,"Consumer Internet, Retail, Food & Agriculture > Food","Private Equity, Unknown, Series A","Mumbai, Delhi, Maharashtra",2025,10,2025-10-01
Ny Based Hedge Fund,1867.5,1,2015-09-01,Cab Rental Mobile,Private Equity,Bangalore,2015,9,2015-09-01
Dst Global And Lightspeed Venture Partners\\Xe2\\X80\\X99 Global Fund.,1867.5,1,2018-09-01,B2B,Private Equity,Bangalore,2018,9,2018-09-01
Lightbox,1861.6100000000001,8,2022-01-01,"Customer, Technology, Venture Capitalist","Unknown, Series A, Series D","Bangalore, Chennai, Noida",2022,1,2022-01-01
Vertex Ventures,1840.82,22,2025-08-01,"Technology, Ecommerce, Healthcare","Private Equity, Series A, Series B","Bangalore, Pune, Mumbai",2025,8,2025-08-01
Alpha Wave,1834.3,2,2025-02-01,"Fintech, Multicloud Storage Saas",Series A,"Gurgaon, Bangalore",2025,2,2025-02-01
Amour Infrastructure,1826.0,1,2019-11-01,Ecommerce,Seed,Delhi,2019,11,2019-11-01
Pb Fintech,1809.4,1,2025-05-01,Healthcare,Equity,Gurgaon,2025,5,2025-05-01
Elevar Equity,1808.07,9,2025-06-01,"Fintech, Edtech, Small Business Financing Nbfc","Private Equity, Series C, Debt","Bangalore, Mumbai, Gurgaon",2025,6,2025-06-01
Khazaunknownh Nasiounknownl Berhad,1784.5,3,2016-05-01,"Technology, Online Lingerie, Private Label Fashion Etailer",Private Equity,"Mumbai, Bangalore, Gurgaon",2016,5,2016-05-01
Mankekar Family Office,1784.5,2,2021-08-01,"Healthcare, Biotechnology",Series B,"Mumbai, Bangalore",2021,8,2021-08-01
Iifl Asset Maunknowngement,1778.9,5,2021-12-01,"Dairy, Technology, Hospital & Health Care","Series C, Series A, Series E","Haryana, Bangalore, Hyderabad",2021,12,2021-12-01
Info Edge (India) Ltd,1748.64,8,2018-07-01,"Consumer Internet, Ecommerce, Technology","Private Equity, Other","Bangalore, Delhi, Gurgaon",2018,7,2018-07-01
Base Partners,1747.15,3,2021-02-01,"Gaming, Video, Entertainment","Unknown, Series B, Series A","Bangalore, Mumbai",2021,2,2021-02-01
Hornbill Capital,1743.0,1,2024-09-01,Edtech,Series B,Unknown,2024,9,2024-09-01
And Lightspeed Venture Partners,1743.0,1,2024-09-01,Edtech,Series B,Unknown,2024,9,2024-09-01
Zodius Technology Fund,1728.8899999999999,4,2016-09-01,"Ecommerce, Consumer Internet, Online Lingerie",Private Equity,"Mumbai, Bangalore",2016,9,2016-09-01
Venturi Partners,1701.5,2,2025-02-01,"Home Interior, Affordable Footwear D2C","Series F, Other","Bangalore, Bahadurgarh",2025,2,2025-02-01
Fundamentum,1701.0,6,2025-07-01,"Fintech, Consumer Internet, Automobile","Series C, Private Equity, Unknown","Gurgaon, Bangalore, Delhi",2025,7,2025-07-01
Caunknownan Partners,1699.8400000000001,4,2024-12-01,"AI, Technology, Online And Tv Shopping","Private Equity, Debt, Unknown","Pune, Mumbai, Unknown",2024,12,2024-12-01
Iifl Fiunknownnce And Interunknowntiounknownl Fiunknownnce Corporation,1668.3,1,2022-04-01,Edtech,Unknown,Mumbai,2022,4,2022-04-01
Ontario Teachers\\Xe2\\X80\\X99 Pension Plan,1660.0,1,2016-02-01,Ecommerce,Private Equity,Delhi,2016,2,2016-02-01
Freemark Holdings,1660.0,1,2020-11-01,Retail,Series E,Haryana,2020,11,2020-11-01
Ian Fund And Dsg Consumer Partners,1660.0,1,2019-11-01,Edtech,Unknown,Tulangan,2019,11,2019-11-01
Iifl Alterunknownte Asset Maunknowngers,1660.0,1,2021-07-01,Fintech,Unknown,Bangalore,2021,7,2021-07-01
Singapore’S Economic Development Board (Ebd),1660.0,1,2020-01-01,Edtech,Series A,Pune,2020,1,2020-01-01
Ant Fiunknownncials,1660.0,1,2018-02-01,Food,Private Equity,Gurgaon,2018,2,2018-02-01
Global Institutiounknownl Investors,1660.0,1,2017-11-01,Fintech,Private Equity,Mumbai,2017,11,2017-11-01
Global Car Group,1660.0,1,2020-11-01,Retail,Series E,Haryana,2020,11,2020-11-01
Tekne Private Ventures,1660.0,1,2022-01-01,Automotive,Unknown,Bangalore,2022,1,2022-01-01
Alpine Opportunity Fund,1660.0,1,2022-01-01,Automotive,Unknown,Bangalore,2022,1,2022-01-01
Invus Opportunities,1660.0,1,2024-09-01,Biketaxi Aggregator,Series E,Bangalore,2024,9,2024-09-01
Jio Platforms,1660.0,1,2022-02-01,Software,Unknown,Bangalore,2022,2,2022-02-01
Verlinvest,1660.0,4,2025-10-01,"Cosmetics, Pet Care, Beauty Products","Unknown, Series C, Series A","Mumbai, Delhi, Gurgaon",2025,10,2025-10-01
Kedaara Capital And Wellington Maunknowngement,1660.0,1,2025-05-01,Logistics,Series F,Bangalore,2025,5,2025-05-01
Bertelsmann India,1657.92,6,2025-03-01,"Consumer Internet, Edtech, Ecommerce","Private Equity, Unknown, Series B","Mumbai, Ahmedabad, Gurgaon",2025,3,2025-03-01
Routeone,1618.5,1,2021-03-01,Biotechnology,Series B,Bangalore,2021,3,2021-03-01
Sanjay Nayar And Yogesh Mahansaria,1611.86,1,2022-06-01,Fintech,Series B,Mumbai,2022,6,2022-06-01
Multiples Pe,1593.6,1,2021-07-01,Food,Series F,Bangalore,2021,7,2021-07-01
Saama Capital And Matrix Partners India,1577.0,1,2022-10-01,Textile,Series B,Bangalore,2022,10,2022-10-01
Ribbit Capital,1547.95,6,2021-01-01,"Fintech, Consumer Internet, Online Policy Aggregator","Private Equity, Series C, Unknown","Bangalore, Gurgaon",2021,1,2021-01-01
Sixth Sense Ventures,1541.19,21,2025-07-01,"Food, Logistics, Consumer Goods","Series A, Unknown, Series B","Delhi, Mumbai, Bangalore",2025,7,2025-07-01
Chiratae Ventures,1530.21,27,2025-09-01,"Healthcare, Edtech, Computer Software","Series A, Unknown, Pre-Series A","Bangalore, Mumbai, Gurgaon",2025,9,2025-09-01
Potential Ventures And Nb Venture,1521.39,1,2022-06-01,Food,Series C,Bangalore,2022,6,2022-06-01
Abu Dhabi Investment Authority (Adia),1500.0,1,2024-10-01,Beauty & Personal Care,Series F,Mumbai,2024,10,2024-10-01
Teachers’ Venture Growth (Tvg),1494.0,1,2024-12-01,Supplychain Financing,Series E,Mumbai,2024,12,2024-12-01
Peugeot Investments,1494.0,1,2022-02-01,Home Interior,Series F,Bangalore,2022,2,2022-02-01
Ctrip.Com Interunknowntiounknownl Ltd,1494.0,1,2016-01-01,Consumer Internet,Private Equity,Gurgaon,2016,1,2016-01-01
Ingka Group Investments,1494.0,1,2022-02-01,Home Interior,Series F,Bangalore,2022,2,2022-02-01
Cowin Venture,1460.8,1,2020-01-01,Healthcare,Unknown,Jiaxing,2020,1,2020-01-01
Zsvc,1460.8,1,2020-01-01,Healthcare,Unknown,Jiaxing,2020,1,2020-01-01
Incred Wealth,1457.0,1,2024-08-01,Hospitality,Series G,Gurgaon,2024,8,2024-08-01
A Partners,1457.0,1,2024-08-01,Hospitality,Series G,Gurgaon,2024,8,2024-08-01
Ask Fiunknownncial,1457.0,1,2024-08-01,Hospitality,Series G,Gurgaon,2024,8,2024-08-01
Mankind Pharma Promoters' Family Office,1457.0,1,2024-08-01,Hospitality,Series G,Gurgaon,2024,8,2024-08-01
J,1457.0,1,2024-08-01,Hospitality,Series G,Gurgaon,2024,8,2024-08-01
Patient Capital,1457.0,1,2024-08-01,Hospitality,Series G,Gurgaon,2024,8,2024-08-01
Foxconn Technology Group,1452.5,1,2016-08-01,Consumer Internet,Private Equity,Delhi,2016,8,2016-08-01
Bharti Enterprises,1452.5,1,2016-08-01,Consumer Internet,Private Equity,Delhi,2016,8,2016-08-01
Vitruvian Partners,1444.2,3,2022-03-01,"Logistics, Information Technology &, It And It Consulting","Unknown, Series E","Bangalore, Mysore, Noida",2022,3,2022-03-01
Kris Gopalakrishunknownn,1437.8899999999999,6,2020-07-01,"Technology, Ecommerce, Consumer Internet","Private Equity, Seed, Unknown","Bangalore, Chennai, Delhi",2020,7,2020-07-01
Pitchright Venture And Vijay Sivaram,1432.58,1,2022-07-01,Information&Technology,Unknown,Delhi,2022,7,2022-07-01
Alteria Capital,1430.81,20,2025-07-01,"Transportation, Ecommerce, Fintech","Debt, Unknown, Series A","Bangalore, Mumbai, Gurgaon",2025,7,2025-07-01
Bonnier Ventures,1411.0,1,2020-01-01,Agritech,Series C,Berlin,2020,1,2020-01-01
Haunknownco Venture Capital,1411.0,1,2020-01-01,Agritech,Series C,Berlin,2020,1,2020-01-01
Rps Ventures,1411.0,2,2020-01-01,Fintech,"Series D, Unknown","Santa Monica, Mumbai",2020,1,2020-01-01
Rocketship.Vc,1398.55,4,2024-12-01,"Edtech, Human Resources, Recruitment","Series B, Unknown, Series A","Bangalore, Chennai",2024,12,2024-12-01
Sistema Asia Fund,1381.44,8,2021-09-01,"Ecommerce, Healthcare, Technology","Private Equity, Series D, Other","Bangalore, Chennai, Ahmedabad",2021,9,2021-09-01
Storm Ventures,1377.8,2,2025-02-01,AI,"Series C, Series A","San Ramon, Gurgaon",2025,2,2025-02-01
Mousse Partners,1372.03,3,2020-06-01,"Online Financial, Music Streaming, Food","Private Equity, Unknown","Mumbai, Chennai",2020,6,2020-06-01
Yuri Milner,1369.5,3,2018-02-01,"Ecommerce, Online Freight Aggregator, Doctor Appointment Booking",Private Equity,Bangalore,2018,2,2018-02-01
Gmo Payment Gateway,1369.5,3,2024-09-01,"Consumer Internet, Rental, Fintech","Private Equity, Unknown, Other","Gurgaon, Unknown, Palo Alto",2024,9,2024-09-01
Avataar Venture Partners,1369.0,3,2025-07-01,"Ecommerce, Media Andentertainment, Enterprise","Series D, Unknown, Series C","Pune, Newyork, Delhi",2025,7,2025-07-01
Proparco And Encourage Capital,1357.05,1,2022-06-01,Fintech,Series A,Bhubaneswar,2022,6,2022-06-01
Macritchie Investments,1344.6,1,2020-01-01,Food Devlivery,Unknown,Haryana,2020,1,2020-01-01
Perceptive Advisors,1344.6,2,2021-10-01,Healthcare,"Series D, Series C","India, Chennai",2021,10,2021-10-01
Msd,1328.0,1,2022-03-01,Venture Capital And Private Equity Principals,Unknown,Delhi,2022,3,2022-03-01
The Global Biopharmaceutical Company,1328.0,1,2022-03-01,Venture Capital And Private Equity Principals,Unknown,Delhi,2022,3,2022-03-01
Amansa Capital,1299.85,2,2022-03-01,"Healthcare, Food","Unknown, Series F","Mumbai, Bangalore",2022,3,2022-03-01
Existing Investors,1291.65,7,2024-08-01,"Consumer Internet, Fintech, Ecommerce","Private Equity, Seed, Other","Bangalore, Delhi, Chandigarh",2024,8,2024-08-01
Zoho,1286.5,2,2021-12-01,"Automotive, Deeptech","Series C, Unknown",Bangalore,2021,12,2021-12-01
Venture Catalysts,1280.44,68,2025-10-01,"Healthcare, Fintech, Ecommerce","Seed, Pre-Series A, Unknown","Mumbai, Delhi, Bangalore",2025,10,2025-10-01
Nuveen Investments And British Interunknowntiounknownl Investment,1274.05,1,2022-10-01,Fintech,Unknown,Bangalore,2022,10,2022-10-01
Motilal Oswal Alterunknowntes,1269.9,1,2024-11-01,Healthcare,Unspecified Round,Gurgaon,2024,11,2024-11-01
Fk Myntra Holdings,1269.4,1,2025-05-01,"Ecommerce, Fashion Ecommerce",Unknown,Bangalore,2025,5,2025-05-01
Alpine Capital,1245.0,1,2021-03-01,Fintech,"Seed, Series C",Bangalore,2021,3,2021-03-01
Firstcry,1245.0,1,2021-07-01,D2C Business,Series A,Delhi,2021,7,2021-07-01
Lightstreet,1245.0,1,2019-05-01,Transport,Series D,Bangalore,2019,5,2019-05-01
Investment Ab Kinnevik,1245.0,1,2015-04-01,Online Classifieds,Private Equity,Mumbai,2015,4,2015-04-01
Tpg’S The Rise Fund,1245.0,1,2024-10-01,Edtech,Series F,Singapore,2024,10,2024-10-01
Wellington,1245.0,1,2019-05-01,Transport,Series D,Bangalore,2019,5,2019-05-01
Tvs Motor,1245.0,1,2021-12-01,Automotive,Series C,Bangalore,2021,12,2021-12-01
Alliance Ventures,1245.0,1,2020-10-01,AI,Series C,San Ramon,2020,10,2020-10-01
Axis Growth Avenues Aif,1245.0,1,2022-03-01,Food,Series F,Bangalore,2022,3,2022-03-01
Warburg Pincus﻿,1245.0,1,2021-11-01,Information Technology &,Series D,Pune,2021,11,2021-11-01
Abraaj Group,1245.0,1,2016-03-01,Ecommerce,Private Equity,Bangalore,2016,3,2016-03-01
Kotak Pe,1245.0,1,2022-03-01,Food,Series F,Bangalore,2022,3,2022-03-01
Goldman Sachs Investment Partners And Silicon Valleyunknownbased Accel,1245.0,1,2019-05-01,Transport,Series D,Bangalore,2019,5,2019-05-01
Sands Capital And Interunknowntiounknownl Fiunknownnce Corporation,1245.0,1,2019-05-01,Transport,Series D,Bangalore,2019,5,2019-05-01
Alpha Wave Venture,1245.0,1,2022-02-01,Information Technology &,Unknown,Noida,2022,2,2022-02-01
Unilazer Ventures,1233.38,6,2021-09-01,"Consumer Internet, Edtech, Home Cooked Food Order & Delivery","Private Equity, Unknown","Mumbai, Noida, Bangalore",2021,9,2021-09-01
Little Black Book,1232.55,1,2022-08-01,Beauty,Unknown,Mumbai,2022,8,2022-08-01
Paragon Partners,1229.23,7,2022-03-01,"Fintech, Ecommerce, Online Consumer Lending","Private Equity, Series B, Unknown","Chennai, Mumbai, India",2022,3,2022-03-01
Leapfrog Investments,1220.1,4,2024-10-01,"Healthcare, Fintech, Financial Inclusion","Private Equity, Series D, Unspecified Round","Bangalore, Mumbai, Chennai",2024,10,2024-10-01
Google Capital,1203.5,3,2015-08-01,"Doctor Appointment Booking, Online / Mobile Customer Support, Other",Private Equity,"Bangalore, Chennai, Unknown",2015,8,2015-08-01
Mithril Capital Maunknowngement.,1203.5,1,2020-12-01,AI,Unknown,Bangalore,2020,12,2020-12-01
Zomato,1203.5,1,2021-12-01,Healthcare,Unknown,Bangalore,2021,12,2021-12-01
Exfinity Venture Partners,1190.22,12,2025-07-01,"Technology, SaaS, B2B Ecommerce","Private Equity, Pre-Series A, Series C","Bangalore, Mumbai, Hyderabad",2025,7,2025-07-01
Saama Capital,1189.8,17,2025-04-01,"Consumer Internet, Ecommerce, Fintech","Private Equity, Seed, Series B","Gurgaon, Bangalore, Mumbai",2025,4,2025-04-01
Mumbai Angels And Ecosystem Ventures,1187.73,1,2022-05-01,Edtech,Unknown,Mumbai,2022,5,2022-05-01
Brunei Investment Agency And Endiya Partners,1182.75,1,2022-06-01,Sales Automation,Unknown,Mumbai,2022,6,2022-06-01
Equanimity Ventures,1179.45,3,2025-01-01,"Agtech, Cosmetics, Healthcare","Seed, Pre-Series A, Unspecified Round","Mumbai, Ahmedabad, Noida",2025,1,2025-01-01
9Unicorns,1171.43,25,2025-04-01,"Fintech, AI, Fusion Beverages","Unknown, Seed, Series A","Bangalore, Mumbai, Delhi",2025,4,2025-04-01
Ping An Global Voyager Fund,1162.0,1,2020-01-01,"Ecommerce, Automobile",Series D,"Gurgaon, Jaipur",2020,1,2020-01-01
Radiant Life Care Private Ltd,1162.0,1,2021-03-01,Healthcare,Unknown,Delhi,2021,3,2021-03-01
Kuunknownl Shah And Prosus Ventures,1162.0,1,2022-12-01,Product Design,Series A,Bangalore,2022,12,2022-12-01
Partners Group And Kkr,1162.0,1,2025-03-01,Hr Technology,Other,Mumbai,2025,3,2025-03-01
Harmony Partners,1162.0,2,2017-11-01,"Consumer Internet, Technology",Private Equity,Bangalore,2017,11,2017-11-01
Azim Premji,1162.0,1,2019-08-01,Fintech,Other,Mumbai,2019,8,2019-08-01
Life Healthcare,1162.0,1,2021-03-01,Healthcare,Unknown,Delhi,2021,3,2021-03-01
Morgan Stanley,1160.3400000000001,4,2025-07-01,"Ecommerce, Telecommuncation, Information Technology &","Unknown, Private Equity, Debt","Bangalore, Hyderabad, Mumbai",2025,7,2025-07-01
Valuequest Scale Fund,1147.4,2,2025-04-01,"Solar, Digital Payments Fintech","Unknown, Unspecified Round","Kolkata, Bangalore",2025,4,2025-04-01
Iifl Amc,1132.95,5,2021-09-01,"Content Management, Telecommunications, Interior Design","Series A, Series C, Series E","Bangalore, Delhi, Mumbai",2021,9,2021-09-01
Sutter Hill Ventures,1120.5,1,2019-11-01,SaaS,Series C,San Jose,2019,11,2019-11-01
Multiples Alterunknownte Asset Maunknowngement,1120.5,2,2025-02-01,"Ecommerce, B2B Crossborder Ecommerce","Private Equity, Series C",Gurgaon,2025,2,2025-02-01
And Norwest Venture Partners,1120.5,1,2024-10-01,Fintech,Series E,Jaipur,2024,10,2024-10-01
Fundraising For Climate And Sustaiunknownbility Tech Startups,1120.5,1,2024-10-01,Climate & Sustainability,Other,Mumbai,2024,10,2024-10-01
Madison India Capital﻿,1120.5,1,2024-10-01,Fintech,Series E,Jaipur,2024,10,2024-10-01
Sofiunknown﻿,1120.5,1,2024-10-01,Fintech,Series E,Jaipur,2024,10,2024-10-01
Avataar Venture Partners﻿,1120.5,1,2024-10-01,Fintech,Series E,Jaipur,2024,10,2024-10-01
Alpha Wave Ventures,1120.5,1,2021-11-01,D2C,Series B,Bangalore,2021,11,2021-11-01
Evolvence India,1112.8,5,2025-01-01,"Logistics, Home Interior, Banking","Bridge, Unknown, Series D","Bangalore, Mumbai, Rajasthan",2025,1,2025-01-01
Dsg Consumer Partners,1107.7,24,2025-06-01,"Ecommerce, Food, Consumer Internet","Private Equity, Series A, Seed","Delhi, Mumbai, Gurgaon",2025,6,2025-06-01
Tpg,1103.9,2,2020-01-01,"Fintech, Banking","Private Equity, Unknown","Chennai, Rajasthan",2020,1,2020-01-01
Orios Venture Partners,1103.57,19,2024-12-01,"Ecommerce, Fintech, Ondemandnmobile Handyman","Private Equity, Seed, Pre-Series A","Mumbai, Bangalore, Gurgaon",2024,12,2024-12-01
Healthquad,1102.24,5,2024-09-01,"Healthcare, Medical Equipment Manufacturing, Hospital & Health Care","Series B, Unknown, Series A","Mumbai, Hyderabad, Unknown",2024,9,2024-09-01
Reliance,1095.6,1,2022-01-01,Industrial Automation,Unknown,Noida,2022,1,2022-01-01
Accel Leaders Fund,1087.3,1,2025-04-01,Usedcar Sales,Unspecified Round,Gurgaon,2025,4,2025-04-01
Trinity Ventures,1087.3,2,2022-03-01,"Other, Software Development","Private Equity, Series D","Unknown, Bangalore",2022,3,2022-03-01
Tpg Growth And Norwest Venture Partners,1081.49,1,2022-08-01,Fintech,Series D,Pune,2022,8,2022-08-01
Tybourne Capital,1079.0,2,2015-02-01,Other,Private Equity,Unknown,2015,2,2015-02-01
Rb Investments,1073.19,12,2018-11-01,"Consumer Internet, Ecommerce, Food","Private Equity, Other, Seed","Bangalore, Gurgaon, Mumbai",2018,11,2018-11-01
Omnivore,1071.87,16,2025-05-01,"Agritech, Information Technology, Technology","Series A, Seed, Unknown","Bangalore, Mumbai, Hyderabad",2025,5,2025-05-01
India Quotient,1062.29,25,2024-12-01,"Consumer Internet, Other, AI","Private Equity, Seed, Series A","Bangalore, Mumbai, Unknown",2024,12,2024-12-01
3One4 Capital,1058.91,16,2025-09-01,"Ecommerce, Media, Social Media","Series A, Series B, Seed","Bangalore, Mumbai, Delhi",2025,9,2025-09-01
Hercules Capital,1045.8,2,2020-11-01,"Technology, Edtech","Private Equity, Debt","Pune, Usa",2020,11,2020-11-01
Kohlberg Kravis Roberts And Dick Costolo,1037.5,1,2022-04-01,Food,Series D,Newyork,2022,4,2022-04-01
Ta Associates,1037.5,2,2015-03-01,Other,Private Equity,Unknown,2015,3,2015-03-01
Norfund,1037.5,1,2021-06-01,Solar,Unknown,Hyderabad,2021,6,2021-06-01
Lee Fixel’S Venture Capital Firm,1037.5,1,2021-09-01,Logistics,Unknown,Gurgaon,2021,9,2021-09-01
Lightbox Ventures,1030.8600000000001,7,2020-07-01,"Ecommerce, Other, Consumer Internet","Private Equity, Other, Series C","Bangalore, Unknown, Chennai",2020,7,2020-07-01
Lightspeed Ventures,1025.05,5,2025-09-01,"Edtech, Credit Card Fraud Protection, Ethnic Product Ecommerce","Private Equity, Series A","Mumbai, Bangalore, Unknown",2025,9,2025-09-01
Nxc Corporation,1020.9,1,2020-04-01,Fintech,Unknown,Delhi,2020,4,2020-04-01
Avataar Ventures,1012.6,4,2025-10-01,"SaaS, Cloudbased Testing, Consumer > Road Transport","Unknown, Unspecified Round, Series B","Bangalore, San Francisco, Maharashtra",2025,10,2025-10-01
Sequoia Capital India And Unitus Ventures,1008.45,1,2022-06-01,Edtech,Unknown,Bangalore,2022,6,2022-06-01
Rocket Internet Ag,1004.3,2,2016-02-01,"Consumer Internet, Other",Private Equity,"Gurgaon, Unknown",2016,2,2016-02-01
Sc Ventures,996.0,1,2025-07-01,Ecommerce,Series D,Bangalore,2025,7,2025-07-01
Artal Asia,996.0,1,2025-07-01,Ecommerce,Series D,Bangalore,2025,7,2025-07-01
Apoletto Maunknowngers,996.0,1,2015-11-01,Hyperlocal Grocery Delivery,Private Equity,Gurgaon,2015,11,2015-11-01
Kalaari Capital And Others,996.0,1,2018-07-01,Consumer Internet,Private Equity,Bangalore,2018,7,2018-07-01
Z47,991.85,6,2025-09-01,"Fintech, Credit Card Issuance, AI","Seed, Series C, Other","Pune, Bangalore, Delhi",2025,9,2025-09-01
Kae Capital,979.75,23,2025-07-01,"Ecommerce, Technology, Other","Private Equity, Seed, Other","Mumbai, Gurgaon, Bangalore",2025,7,2025-07-01
Ups Ventures,979.4,1,2020-10-01,Ev,Unknown,London,2020,10,2020-10-01
Hyundai Motor Company,979.4,1,2020-10-01,Ev,Unknown,London,2020,10,2020-10-01
Valiant Capital,975.25,4,2016-02-01,"Ecommerce, Other",Private Equity,"Pune, Unknown",2016,2,2016-02-01
Temasek Holdings And Motilal Oswal Private Equity,975.25,1,2022-09-01,Healthcare,Unknown,Goa,2022,9,2022-09-01
Leapfrog,971.1,2,2024-09-01,"Healthcare, Diagnostics Healthcare",Series C,"Bangalore, Unknown",2024,9,2024-09-01
Paytm,964.58,8,2020-05-01,"Consumer Internet, B2Bfocused Foodtech, Autorickshaw Aggregator & Booking","Private Equity, Series C, Seed","Bangalore, Chandigarh, Mumbai",2020,5,2020-05-01
T.J. Rodgers And John Doerr,962.8,1,2022-04-01,Solar,Unknown,Petaluma,2022,4,2022-04-01
Tencent Holdings Ltd,954.5,1,2018-02-01,Technology,Private Equity,Gurgaon,2018,2,2018-02-01
Premjiinvest,954.5,2,2021-03-01,"Online Policy Aggregator, Fintech","Private Equity, Seed","Gurgaon, Bangalore",2021,3,2021-03-01
Singularity Growth Opportunities Fund And Beenext,949.52,1,2022-08-01,Consumer Software,Series D,Mumbai,2022,8,2022-08-01
G,946.2,1,2025-06-01,B2B Ecommerce,Series G,Karnataka,2025,6,2025-06-01
Sameunknown Capital,946.2,1,2025-06-01,B2B Ecommerce,Series G,Karnataka,2025,6,2025-06-01
Ivycap Ventures,945.39,19,2025-09-01,"Ecommerce, Consumer Internet, Healthcare","Private Equity, Seed, Series A","Mumbai, Delhi, Bangalore",2025,9,2025-09-01
Prosus N.V,937.9,1,2020-02-01,Food,Series A,Bangalore,2020,2,2020-02-01
Smbc,937.9,1,2024-09-01,Fintech,Other,Palo Alto,2024,9,2024-09-01
9Unicorns Accelerator Fund And Venture Catalysts,933.75,1,2022-09-01,Real State,Seed,Mumbai,2022,9,2022-09-01
Walmart,929.6,3,2020-12-01,"Fintech, Food, Ecommerce",Unknown,"Bangalore, Andheri",2020,12,2020-12-01
Other Investors,929.6,3,2025-02-01,"Funding, Other, Ev Battery","Private Equity, Pre-Series A","Bangalore, Unknown",2025,2,2025-02-01
Yunknowncombiunknowntor,929.6,3,2021-12-01,"Fintech, Ecommerce","Seed, Unknown","Bangalore, Gurgaon, Mumbai",2021,12,2021-12-01
Joseph Radhik,927.94,1,2022-07-01,Edtech,Seed,Mumbai,2022,7,2022-07-01
Susan Dell Foundation,919.94,11,2025-07-01,"Fintech, Edtech, Consumer Internet","Private Equity, Series A, Series B","Bangalore, Delhi, Unknown",2025,7,2025-07-01
Lok Capital,913.2,7,2025-01-01,"Fintech, Financial Inclusion, Dronetech","Series A, Series B, Other","Gurgaon, Mumbai, Chennai",2025,1,2025-01-01
Facebook,913.15,2,2020-02-01,"Multinational Conglomerate, Edtech","Unknown, Series E","Mumbai, Bangalore",2020,2,2020-02-01
Alphabet\\Xe2\\X80\\X99S Growth Investment Arm Capital G And Axis Bank,913.0,1,2019-01-01,Automobile,Series C,Jaipur,2019,1,2019-01-01
Beams Fintech Fund,913.0,2,2025-04-01,Fintech,"Series A, Unspecified Round","Mumbai, Gurgaon",2025,4,2025-04-01
Falcon Edge India,913.0,1,2021-04-01,Fintech,Unknown,Gurgaon,2021,4,2021-04-01
Amplo,913.0,2,2021-05-01,"Fintech, B2B","Series A, Debt, Series D","Delhi, Mumbai",2021,5,2021-05-01
Tvs Capital Funds,906.6,3,2025-01-01,"Fintech, Computer Software, Business Observability","Series B, Series A","Bangalore, Chennai",2025,1,2025-01-01
Deepinder Goyal,904.6999999999999,3,2022-01-01,"Food, Hospital & Health Care, Import & Export","Private Equity, Series E, Series A","Gurgaon, Delhi",2022,1,2022-01-01
True North,884.1,2,2025-03-01,"Consumer Internet, Housing Loan","Private Equity, Series B","Gurgaon, Bangalore",2025,3,2025-03-01
Tanglin Venture Partners,883.95,7,2024-12-01,"Healthcare, Social Media, Ott","Series A, Unknown, Series B","Bangalore, Delhi, Mumbai",2024,12,2024-12-01
Pegasus Tech Ventures,875.65,2,2021-02-01,Gaming,"Unknown, Series B",Bangalore,2021,2,2021-02-01
\\Xc2\\Xa0 Capital Advisers,867.35,1,2017-05-01,Consumer Internet,Private Equity,Bangalore,2017,5,2017-05-01
Info Edge Ventures,863.2,12,2025-10-01,"B2B, Information Technology &, Information Technology","Seed, Series A, Unknown","Gurgaon, Bangalore, Noida",2025,10,2025-10-01
Global Founders Capital,855.9,9,2021-10-01,"Fintech, Edtech, Women Ethnic Wearxc2Xa0 Online","Seed, Private Equity, Series A","Bangalore, Mumbai",2021,10,2021-10-01
Caratlane Founder Mithun Sacheti,855.0,1,2024-11-01,Gaming,Other,Mumbai,2024,11,2024-11-01
Sbi Mutual Fund,855.0,1,2024-11-01,Gaming,Other,Mumbai,2024,11,2024-11-01
Aamara Capital,855.0,1,2024-11-01,Gaming,Other,Mumbai,2024,11,2024-11-01
Think Investments Among Others,855.0,1,2024-11-01,Gaming,Other,Mumbai,2024,11,2024-11-01
Rocket Internet,846.6,2,2015-08-01,"Beauty & Lifestyle Mobile, Online Food Delivery",Private Equity,"Bangalore, Gurgaon",2015,8,2015-08-01
Winter Capital,838.3,2,2022-03-01,"Edtech, Fintech","Series B, Series D","Gurgaon, Bangalore",2022,3,2022-03-01
Sandeep Mathur,833.32,2,2018-02-01,"Healthcare, Consumer Internet","Other, Seed","Pune, Bangalore",2018,2,2018-02-01
\\Xc2\\Xa0 Lightspeed India,830.0,1,2015-08-01,Budget Hotel Accommodation,Private Equity,Delhi,2015,8,2015-08-01
Amal Parikh,830.0,1,2025-06-01,Advanced Hardware & Technology,Unknown,Noida,2025,6,2025-06-01
Allaunknown Group,830.0,1,2020-11-01,Healthcare,Unknown,Mumbai,2020,11,2020-11-01
Zinnia Global,830.0,1,2021-07-01,Consumer Goods,Unknown,Bangalore,2021,7,2021-07-01
Bertelsmann India Investments Norwest Venture Partners.,830.0,1,2015-07-01,Online Home Dxc3Xa9Cor,Private Equity,Mumbai,2015,7,2015-07-01
Quilvest,830.0,1,2015-07-01,Music Streaming,Private Equity,Mumbai,2015,7,2015-07-01
Moore Strategic Ventures (Msv),830.0,1,2021-08-01,Fintech,Series C,Bangalore,2021,8,2021-08-01
Innoven Capita,830.0,1,2021-01-01,Fashion & Lifestyle,Private Equity,Mumbai,2021,1,2021-01-01
Invesco Developing Markets Fund,830.0,1,2021-09-01,Information Technology &,Unknown,Noida,2021,9,2021-09-01
Didi Chuxing,830.0,1,2018-02-01,Hospitality,Other,Gurgaon,2018,2,2018-02-01
Poounknownwalla,830.0,1,2020-11-01,Healthcare,Unknown,Mumbai,2020,11,2020-11-01
Newview Capital,830.0,1,2020-11-01,SaaS,Debt,Pune,2020,11,2020-11-01
Tennenbaum Capital Partners,830.0,1,2015-09-01,Mobile Advertising,Private Equity,Bangalore,2015,9,2015-09-01
Liberty Media,830.0,1,2015-07-01,Music Streaming,Private Equity,Mumbai,2015,7,2015-07-01
Carlyle Group,830.0,1,2017-03-01,Technology,Private Equity,Delhi,2017,3,2017-03-01
Kalaari Capital And Private Equity Firm Multiples Alterunknownte Asset Maunknowngement,830.0,1,2018-09-01,Consumer Internet,Private Equity,Mumbai,2018,9,2018-09-01
Mars Growth Capital (Mufg And Liquidity Group),830.0,1,2024-09-01,Mobile Advertising Software,Debt,Bangalore,2024,9,2024-09-01
Abc World Asia,830.0,1,2021-09-01,Edtech,Series E,Bangalore,2021,9,2021-09-01
Dell Capital,830.0,1,2022-01-01,Computer Software,Series B,Bangalore,2022,1,2022-01-01
Dsg Consumer Partners And Venture Nursery,830.0,1,2016-04-01,Consumer Internet,Private Equity,Delhi,2016,4,2016-04-01
Bank Of Baroda,830.0,1,2021-07-01,Automotive,Debt,Bangalore,2021,7,2021-07-01
Coatue,830.0,1,2020-07-01,Edtech,Series D,Bangalore,2020,7,2020-07-01
Maj Invest,829.5,2,2024-09-01,Fintech,"Unknown, Series C","Jaipur, Mumbai",2024,9,2024-09-01
Anicut Capital,825.37,9,2025-10-01,"Ecommerce, Food, Consumer Internet","Unknown, Debt, Private Equity","Delhi, Chennai, Ahmedabad",2025,10,2025-10-01
Nandan Nilekani,818.8,8,2020-03-01,"Ecommerce, Logistics, Technology","Private Equity, Series B, Unknown","Bangalore, Gurgaon, Delhi",2020,3,2020-03-01
Tata Capital,817.79,3,2024-09-01,"Healthcare, Biotechnology, Renewable Energy","Debt, Unknown","Usa, Bangalore, Haryana",2024,9,2024-09-01
Shunwei Capital,815.06,8,2020-02-01,"Consumer Internet, Ecommerce, Fintech","Private Equity, Series C, Seed","Bangalore, Mumbai",2020,2,2020-02-01
Hummingbird Ventures,813.4,3,2021-04-01,"Healthcare, Fintech","Unknown, Series A, Series B","Gurgaon, Pune, Unknown",2021,4,2021-04-01
Dreamweaver Investments And Northeast Venture Fund (,809.83,1,2022-09-01,Manufacturing,Seed,Guwahati,2022,9,2022-09-01
Benchmark And Gv,809.25,1,2022-04-01,Accounting,Series C,San Francisco,2022,4,2022-04-01
Abhiraj Singh Bhal,796.8,1,2021-12-01,Hospital & Health Care,Series E,Gurgaon,2021,12,2021-12-01
Vulcan Capital,796.8,2,2021-10-01,"Edtech, Retail","Series B, Other","Bangalore, Mumbai",2021,10,2021-10-01
Gmo Venturepartners And Snow Leopard Technology Ventures,793.48,1,2022-07-01,Agritech,Series B,Mumbai,2022,7,2022-07-01
Norwest,788.5,1,2022-03-01,Broadcast Media,Unknown,Bangalore,2022,3,2022-03-01
Avataar,788.5,1,2022-03-01,Broadcast Media,Unknown,Bangalore,2022,3,2022-03-01
Sternaegis Ventures,763.6,1,2021-11-01,Mobility,Unknown,Bangalore,2021,11,2021-11-01
Iifl Wealth,763.5999999999999,3,2021-12-01,Fintech,"Series B, Series F, Debt","Gurgaon, Jaipur, Delhi",2021,12,2021-12-01
Avaaunknown Capital,761.02,14,2025-09-01,"Healthcare, Food, Agritech","Series A, Seed, Unknown","Bangalore, Delhi, Gurgaon",2025,9,2025-09-01
Investcorp,755.3,4,2022-02-01,"Coliving, Food, Apparel & Fashion","Unknown, Series C","Mumbai, Bangalore, Gurgaon",2022,2,2022-02-01
Fidelity Growth Partners,755.3,4,2015-07-01,"Online Financial, Used Bikes, Healthcarenservice",Private Equity,"Chennai, Mumbai, Bangalore",2015,7,2015-07-01
Michael,749.79,10,2025-07-01,"Fintech, Edtech, Consumer Internet","Private Equity, Series A, Seed","Bangalore, Delhi, Unknown",2025,7,2025-07-01
Pavilion Capital,747.0,1,2025-01-01,AI,Series D,Bangalore,2025,1,2025-01-01
Sequoia Capital Global Equities,747.0,1,2015-08-01,Doctor Appointment Booking,Private Equity,Bangalore,2015,8,2015-08-01
Go Ventures,747.0,1,2020-01-01,Entertainment,Series C,Bangalore,2020,1,2020-01-01
Partners Group,747.0,2,2025-07-01,"Ecommerce, Fintech",Unknown,"Delhi, Mumbai",2025,7,2025-07-01
Point72 Private Investments,747.0,1,2025-01-01,AI,Series D,Bangalore,2025,1,2025-01-01
Asian Development Bank,747.0,2,2021-03-01,Fintech,"Debt, Unknown","Chennai, Bhubaneswar",2021,3,2021-03-01
Paramark Ventures And Folius Ventures,739.53,1,2022-07-01,Fintech,Series A,Bangalore,2022,7,2022-07-01
March Capital Partners,739.36,1,2019-08-01,"Customer, AI",Series C,"Palo Alto, Taramani",2019,8,2019-08-01
Valar Ventures,734.21,4,2025-09-01,"Fintech, Consumer, Ecommerce","Series B, Series A, Seed","Bangalore, Gurgaon",2025,9,2025-09-01
Network 18,732.3100000000001,2,2018-02-01,"Ecommerce, Consumer Internet",Private Equity,"Ahemadabad, Mumbai",2018,2,2018-02-01
Naver,730.4,2,2022-03-01,"Technology, Audio Ott","Private Equity, Series C","Gurgaon, Bangalore",2022,3,2022-03-01
Ratan Tata,729.86,5,2022-05-01,"Ecommerce, Media, Healthcare","Private Equity, Other, Series B","Delhi, Gurgaon, Pune",2022,5,2022-05-01
Danilo S. Carlucci And Cmt Digital Ventures,728.1,1,2022-04-01,Fintech,Series A,London,2022,4,2022-04-01
Fullerton Fiunknownncial Holdings Pte Ltd,722.1,1,2018-02-01,Fintech,Private Equity,Bangalore,2018,2,2018-02-01
Ventureast,719.2,7,2019-07-01,"Consumer Internet, Technology, Fintech","Private Equity, Series B, Other","Mumbai, Hyderabad, Bangalore",2019,7,2019-07-01
Kleiner Perkins,712.14,3,2024-12-01,"Consumer Internet, Fintech, SaaS","Private Equity, Series B, Series A","Gurgaon, Unknown, India",2024,12,2024-12-01
Flourish Ventures,709.6500000000001,6,2025-02-01,"Fintech, Ecommerce, Fishery","Unspecified Round, Series A, Unknown","Bangaldesh, Gurgaon, Chennai",2025,2,2025-02-01
Interunknowntiounknownl Fiunknownnce Corporation (Ifc),709.65,3,2018-05-01,"Consumer Internet, Ecommerce, Home Medical Care",Private Equity,"Mumbai, Gurgaon, Bangalore",2018,5,2018-05-01
Think Investments And Elevation Capital,709.65,1,2022-06-01,Food,Series C,Delhi,2022,6,2022-06-01
Angel Investors,708.34,35,2025-02-01,"Fintech, Healthcare, Real Estate","Seed, Unknown, Unspecified Round","Bangalore, Gurgaon, Mumbai",2025,2,2025-02-01
Malabar Investment,707.5,2,2024-12-01,"Internet Publishing, Dental Supplies",Unknown,"Mumbai, Delhi",2024,12,2024-12-01
Emerald Media,705.5,2,2016-12-01,"Technology, Consumer Internet",Private Equity,"Mumbai, Bangalore",2016,12,2016-12-01
Invus,705.5,1,2021-12-01,B2B Ecommerce,Series C,Bangalore,2021,12,2021-12-01
Niif Infrastructure Fiunknownnce Limited (Niif Ifl),700.0,1,2025-02-01,Cloud & Data Centre Networking,Unspecified Round,Gurgaon,2025,2,2025-02-01
Titan Capital,698.9499999999999,35,2025-07-01,"Healthcare, Food, Edtech","Pre-Seed, Seed, Unknown","Bangalore, Mumbai, Delhi",2025,7,2025-07-01
Sabre Partners,697.2,6,2022-03-01,"Fintech, Healthcare, Food","Private Equity, Series C, Series B","Bangalore, Gurgaon, Bhilwara",2022,3,2022-03-01
Tvs Capital,697.2,1,2020-01-01,Fintech,Unknown,Bangalore,2020,1,2020-01-01
Creation Investments,697.2,2,2022-03-01,Fintech,"Private Equity, Series C","Gurgaon, Chennai",2022,3,2022-03-01
Ifc,693.05,2,2017-02-01,"Logistics, It Infrastructure & Data Center",Private Equity,Bangalore,2017,2,2017-02-01
Y Combiunknowntor Continuity Fund,688.9,1,2021-04-01,Fintech,Series D,Bangalore,2021,4,2021-04-01
Foundation Holdings,686.9200000000001,2,2020-08-01,Edtech,"Series D, Pre-Series A",Mumbai,2020,8,2020-08-01
Actis,680.6,1,2018-03-01,Technology,Private Equity,Mumbai,2018,3,2018-03-01
Stripes Group,680.6,1,2016-07-01,Consumer Internet,Private Equity,Mumbai,2016,7,2016-07-01
Endiya Partners,680.52,20,2025-07-01,"Healthcare, Consumer Internet, Technology","Seed, Private Equity, Unknown","Bangalore, Hyderabad, Mumbai",2025,7,2025-07-01
Nabventures,675.79,10,2025-07-01,"Fintech, Food, Agritech","Series A, Seed, Pre-Series A","Mumbai, Bangalore, Noida",2025,7,2025-07-01
Mumbai Angels,674.7,22,2024-09-01,"Consumer Internet, Ecommerce, Edtech","Seed, Private Equity, Unknown","Bangalore, Mumbai, Delhi",2024,9,2024-09-01
Dg Ventures India,672.3000000000001,2,2017-10-01,Consumer Internet,Private Equity,"Gurgaon, Pune",2017,10,2017-10-01
Flipkart (Parent Company),672.3,1,2025-02-01,Ecommerce Fashion,Other,Bangalore,2025,2,2025-02-01
Riverwood Capital,664.0,1,2017-08-01,Technology,Private Equity,Pune,2017,8,2017-08-01
Nasper,664.0,1,2017-05-01,Consumer Internet,Private Equity,Bangalore,2017,5,2017-05-01
Small Industries Development Bank Of India,664.0,1,2020-11-01,Venture Capitalist,Unknown,Delhi,2020,11,2020-11-01
Ngp Capital,664.0,2,2025-01-01,"Logistics, Industrial Robotics","Series D, Series B",Bangalore,2025,1,2025-01-01
Oman India Joint Investment Fund,664.0,2,2021-09-01,"Interior Design, Fintech","Series E, Unknown","Bangalore, Bhubaneswar",2021,9,2021-09-01
Jeff Bezos,664.0,1,2022-02-01,SaaS,Series C,Bangalore,2022,2,2022-02-01
Teunknownya Capital,664.0,1,2017-08-01,Technology,Private Equity,Pune,2017,8,2017-08-01
Runet And Sofiunknown,664.0,1,2015-02-01,Other,Private Equity,Unknown,2015,2,2015-02-01
Omidyar Network India,652.38,11,2022-02-01,"Edtech, Medtech, Femtech","Seed, Series A, Series B","Bangalore, Gurgaon, Mumbai",2022,2,2022-02-01
Filter Capital,639.1,3,2025-08-01,"Mobility, Ecommerce, Supply Financing","Series C, Series B, Other","Mumbai, Ahmedabad, Gurgaon",2025,8,2025-08-01
Idg Ventures India,633.71,16,2018-04-01,"Technology, Consumer Internet, Ecommerce","Private Equity, Seed, Other","Bangalore, Delhi, Pune",2018,4,2018-04-01
Ocean View Investment,630.8,1,2021-12-01,Fintech,Unknown,Pune,2021,12,2021-12-01
Qed Fund,630.8,1,2021-12-01,Fintech,Unknown,Pune,2021,12,2021-12-01
Abhijit Pawar And Adar C. Poounknownwalla,624.8,1,2022-04-01,Healthcare,Unknown,Lonavala,2022,4,2022-04-01
Northern Arc,622.5,6,2022-03-01,"Fintech, Environmental",Unknown,"Gurgaon, Noida, Bangalore",2022,3,2022-03-01
Kora Capital,622.5,1,2021-10-01,Computer Software,Series C,Bangalore,2021,10,2021-10-01
Stripe,622.5,1,2021-10-01,Computer Software,Series C,Bangalore,2021,10,2021-10-01
Series G Equity Funding,622.5,1,2025-02-01,B2B Ecommerce,Series G,Bangalore,2025,2,2025-02-01
Alua Capital,622.5,1,2021-10-01,Computer Software,Series C,Bangalore,2021,10,2021-10-01
Mirae Asset Naver Asia Growth Fund,622.5,1,2021-02-01,Fintech,Series C,Bangalore,2021,2,2021-02-01
Synergy,622.5,1,2025-06-01,Real Estate,Debt,Maharashtra,2025,6,2025-06-01
Inc.Bertelsmann,622.5,1,2020-11-01,Edtech,Debt,Usa,2020,11,2020-11-01
Riverwalk Holdings And Fireside Ventures,622.5,1,2022-12-01,Healthcare,Unknown,Singapore,2022,12,2022-12-01
Cerberus Capital Maunknowngement,622.5,1,2025-06-01,Real Estate,Debt,Maharashtra,2025,6,2025-06-01
White Oak Global Advisors,622.5,1,2021-03-01,Insurance,Unknown,Gurgaon,2021,3,2021-03-01
Clairvest Group,620.1800000000001,2,2020-01-01,"Consumer Internet, Car","Private Equity, Unknown","Hyderabad, Bangalore",2020,1,2020-01-01
Inflection Point Ventures,618.57,75,2025-10-01,"Edtech, Healthcare, Fintech","Pre-Series A, Seed, Unknown","Bangalore, Delhi, Mumbai",2025,10,2025-10-01
Times Internet Ltd,618.35,3,2017-03-01,"Consumer Internet, Edtech, Based Bus Pooling",Private Equity,"Mumbai, Bangalore, Gurgaon",2017,3,2017-03-01
Responsability,618.35,3,2021-01-01,"Fintech, Agritech, Solar Solution","Private Equity, Debt, Unknown","Chennai, Bangalore, Hyderabad",2021,1,2021-01-01
Gic’S Lathe Investment,617.0,1,2025-06-01,Fintech,Other,Bangalore,2025,6,2025-06-01
Infoedge,616.69,6,2021-07-01,"Technology, Consumer Internet, Online Learning","Private Equity, Series A, Other","Mumbai, Indore, Delhi",2021,7,2021-07-01
Arkam Ventures,615.1800000000001,6,2025-05-01,"Fintech, Commercial Vehicle, AI","Pre-Series A, Unspecified Round, Series B","Mumbai, Bangalore, Delhi",2025,5,2025-05-01
Helion Ventures,612.12,5,2017-10-01,"Consumer Internet, Ecommerce, Home Design & Dxc3Xa9Cor",Private Equity,"Bangalore, Mumbai, Unknown",2017,10,2017-10-01
Accion,603.74,4,2024-09-01,"Nonbanking Finance, Financial Inclusion, Fintech","Private Equity, Series C, Series A","Delhi, Chennai, Mumbai",2024,9,2024-09-01
Shell Ventures,602.1,3,2024-11-01,"Information Technology &, Ev Leasing & Management, Electric Intercity Bus","Series A, Unknown","Bangalore, Delhi, Hyderabad",2024,11,2024-11-01
Natiounknownl Investment And Infrastructure Fund (Niif),600.0,1,2024-08-01,Ev,Unspecified Round,Bangalore,2024,8,2024-08-01
Technology Crossover Ventures,597.6,1,2022-01-01,Information Technology &,Series D,Bangalore,2022,1,2022-01-01
Mayfield India,595.52,6,2020-08-01,"Consumer Internet, Ecommerce, Technology","Private Equity, Seed","Mumbai, Bangalore, Ahmedabad",2020,8,2020-08-01
Qualified Institutiounknownl Placement (Bank Of India Unknown Largest Buyer),595.0,1,2024-12-01,Fintech,Unspecified Round,Hyderabad,2024,12,2024-12-01
Lead Angels Network,594.69,4,2022-12-01,"Food, Consumer Internet, Internet","Seed, Other, Pre-Series A","Bangalore, Gurgaon, Pune",2022,12,2022-12-01
Payu,592.62,4,2021-03-01,"Consumer Internet, Fintech","Private Equity, Series A","Bangalore, Mumbai, Gurgaon",2021,3,2021-03-01
Capri Global Capital And Dsg Consumer Partners,589.3,1,2022-09-01,Hospitality,Unknown,Mumbai,2022,9,2022-09-01
Glade Brook Capital,589.3,2,2025-08-01,"Ecommerce, Consumer","Unknown, Series A","Mumbai, Gurgaon",2025,8,2025-08-01
Anicut Capital And Dhruv Toshniwal,586.81,1,2022-12-01,Marketing,Seed,Gurgaon,2022,12,2022-12-01
Granite Asia,585.15,2,2025-10-01,"Consumer > Vernacular, Vanadium Redox Flow Battery","Series C, Unspecified Round","Maharashtra, Kolkata",2025,10,2025-10-01
Aquiline Technology Growth (Atg),582.54,1,2020-01-01,Fintech,Series B,Unknown,2020,1,2020-01-01
Uniqorn Ventures And Other,581.0,1,2015-12-01,Peertopeer Money Transfer & Recharge,Private Equity,Mumbai,2015,12,2015-12-01
And Insurer Bnp Paribas Cardif,581.0,1,2025-03-01,Fintech,Unspecified Round,Gurgaon,2025,3,2025-03-01
Japan’S Mitsubishi Ufj Fiunknownncial Group (Mufg),581.0,1,2025-03-01,Fintech,Unspecified Round,Gurgaon,2025,3,2025-03-01
Rakesh Gangwal,581.0,1,2024-12-01,Contract Manufacturing,Other,Bangalore,2024,12,2024-12-01
U.S. Interunknowntiounknownl Development Fiunknownnce Corp,581.0,2,2021-03-01,"Fintech, Agritech",Debt,Chennai,2021,3,2021-03-01
Kedaara,581.0,1,2021-10-01,Ecommerce,Unknown,Mumbai,2021,10,2021-10-01
Sanjiv Rangrass,581.0,1,2017-02-01,Logistics,Private Equity,Bangalore,2017,2,2017-02-01
Sands Capital,581.0,1,2017-02-01,Logistics,Private Equity,Bangalore,2017,2,2017-02-01
Dream Incubator,574.19,5,2021-08-01,"Healthcare, Gaming, Video Games","Unknown, Series A, Seed","Pune, Mumbai, Gurgaon",2021,8,2021-08-01
Skycatcher,572.7,2,2025-08-01,"Gaming, Transportation, Media & Entertainment","Series A, Unknown, Series C","Pune, Bangalore",2025,8,2025-08-01
Zee Entertainment Enterprises Limited,568.76,1,2020-04-01,Technology,Unknown,Mumbai,2020,4,2020-04-01
Alteria Capital And Westbridge Capital,565.23,1,2022-08-01,Vacational Education,Series C,Gurgaon,2022,8,2022-08-01
Beerud Sheth And Sea Fund,561.08,1,2022-05-01,Career Planning,Seed,Bangalore,2022,5,2022-05-01
Ifc Emerging Asia Fund,556.1,1,2021-07-01,Logistics,Series E,Bangalore,2021,7,2021-07-01
Vef,556.1,1,2021-07-01,Logistics,Series E,Bangalore,2021,7,2021-07-01
Trifecta Capital Advisors,556.1,4,2021-06-01,"B2B Marketing, Logistics, Real Estate","Debt, Unknown, Series B","Bangalore, Gurgaon, Thane",2021,6,2021-06-01
Nitin Gupta And Amit Singhal,553.61,1,2022-05-01,Beauty,Unknown,Noida,2022,5,2022-05-01
Redsprig Innovation Partners (Ritesh Agarwal’S Affiliated Entity),550.0,1,2025-01-01,Hospitality,Unspecified Round,Gurgaon,2025,1,2025-01-01
Morgan Stanley Private Equity Asia,549.71,2,2021-09-01,"Technology, Hospital & Health Care","Private Equity, Unknown","Surat, Ahmedabad",2021,9,2021-09-01
Prime Venture Partners,548.62,13,2025-06-01,"Consumer Internet, Edtech, Information Technology &","Seed, Private Equity, Series A","Bangalore, Gurgaon, Mumbai",2025,6,2025-06-01
Kotak Mahindra Bank,546.14,3,2022-03-01,"Technology, Fintech, Hospiitality","Unknown, Debt","Gurgaon, Chennai, Delhi",2022,3,2022-03-01
Areunknown Holdings,539.5,1,2021-04-01,Retail,Series C,Gurgaon,2021,4,2021-04-01
Lightspeed And 360One Asset,539.5,1,2024-09-01,Healthcare,Series D,Mumbai,2024,9,2024-09-01
Apis Growth Markets Fund Iii,539.5,1,2025-01-01,Edtech,Other,Bangalore,2025,1,2025-01-01
Apis Global Growth Fund Iii,539.5,1,2025-01-01,Edtech,Other,Bangalore,2025,1,2025-01-01
Griffin Gaming Partners,539.5,1,2021-07-01,Gaming,Series C,Delhi,2021,7,2021-07-01
Melinda Gates Foundation,538.6700000000001,4,2024-10-01,"Technology, Healthcare, Fintech","Private Equity, Unknown, Series A","Bangalore, Gurgaon",2024,10,2024-10-01
A91,538.0,1,2025-05-01,Value Fashion Retailer,Series B,Gurgaon,2025,5,2025-05-01
Tpg Newquest,538.0,1,2025-05-01,Value Fashion Retailer,Series B,Gurgaon,2025,5,2025-05-01
S Partners,533.36,8,2020-01-01,"Ecommerce, Technology, Consumer Internet","Private Equity, Seed, Other","Gurgaon, Bangalore, Mumbai",2020,1,2020-01-01
Brand Capital,530.17,12,2025-01-01,"Consumer Internet, Ecommerce, Custom Merchandize","Private Equity, Seed, Other","Gurgaon, Ahmedabad, Mumbai",2025,1,2025-01-01
Letsventure Angel Fund,530.0,2,2024-09-01,"Biotechnology, Backpacker Hostel","Series B, Series A",Mumbai,2024,9,2024-09-01
Letsventure,525.47,35,2025-02-01,"Consumer Internet, Ecommerce, Edtech","Seed, Series A, Other","Bangalore, Delhi, Mumbai",2025,2,2025-02-01
Dmi Alterunknowntive Investment Fund And Omidyar Network India,525.39,1,2022-06-01,Software,Series A,Noida,2022,6,2022-06-01
Silicon Valley Bank,522.9,2,2016-02-01,"Consumer Internet, Online And Tv Shopping",Private Equity,"Gurgaon, Mumbai",2016,2,2016-02-01
Breakthrough Energy Ventures,522.9,1,2025-02-01,"Iot, Commercial Hvac Automation Iot & Ai","Series A, Series B","Burnsville, Bangalore",2025,2,2025-02-01
Mars Growth Capital,522.9,2,2025-07-01,"Edtech, Real Estate","Series B, Debt","Mumbai, Thane",2025,7,2025-07-01
Arpit Khandelwal,518.22,2,2025-01-01,"Deeptech In Power Electronics, Gaming & Media","Other, Unspecified Round","Dewas, Mumbai",2025,1,2025-01-01
Sachin Bansal,517.5,4,2019-05-01,"Automobile, Consumer Internet, Real Estate Broker","Private Equity, Series C, Seed","Bangalore, Delhi",2019,5,2019-05-01
Edelweiss Discovery Fund,514.6,1,2025-06-01,Ecommerce,Unknown,Bangalore,2025,6,2025-06-01
Tiger Global And Apoletto Maunknowngers.,514.6,1,2018-03-01,Consumer Internet,Private Equity,Gurgaon,2018,3,2018-03-01
Info Edge,510.11,12,2024-09-01,"B2B, Technology, Beauty And Wellness","Seed, Unknown, Private Equity","Gurgaon, Indore, Delhi",2024,9,2024-09-01
Gokul Rajaram,507.9,10,2025-02-01,"Technology, Edtech, Healthcare","Series A, Private Equity, Pre-Series A","Bangalore, Gurgaon, Pune",2025,2,2025-02-01
Matrix Partners And Lightrock,506.3,1,2022-04-01,Information Technology,Unknown,Mumbai,2022,4,2022-04-01
Rights Issue,500.0,1,2025-01-01,Flexible Workspace,Other,Bangalore,2025,1,2025-01-01
Mithun Sacheti,499.5,2,2025-01-01,"Fintech, Gaming & Media",Unspecified Round,"Chennai, Mumbai",2025,1,2025-01-01
Susquehanunknown Growth Equity,498.0,1,2022-03-01,Software Development,Series D,Bangalore,2022,3,2022-03-01
Accelunknownkkr,498.0,1,2022-03-01,Computer Software,Series C,Gurgaon,2022,3,2022-03-01
Nexus,498.0,1,2021-11-01,Ecommerce,Unknown,Mumbai,2021,11,2021-11-01
Ab Kinnevik,498.0,1,2015-07-01,Online & Mobile Classified Listings,Private Equity,Mumbai,2015,7,2015-07-01
Newquest Capital Partner,498.0,1,2022-01-01,Food,Series D,Bangalore,2022,1,2022-01-01
Interunknowntiounknownl Fiunknownnce Corp,498.0,1,2016-05-01,Ecommerce,Private Equity,Delhi,2016,5,2016-05-01
World Bankunknownbacked Ifc,498.0,1,2020-01-01,Logistics,Series D,Bangalore,2020,1,2020-01-01
Mercer Investment,498.0,1,2020-01-01,Interior Design,Series D,Bangalore,2020,1,2020-01-01
Ubharte Sitaare Fund,498.0,1,2022-03-01,Venture Capital And Private Equity Principals,Unknown,Mumbai,2022,3,2022-03-01
Intact Ventures,498.0,1,2020-01-01,Fintech,Unknown,Mumbai,2020,1,2020-01-01
Navis Capital Partners,498.0,1,2024-12-01,Digital Automotive,Other,Singapore,2024,12,2024-12-01
Vertex Growth Fund,498.0,1,2020-01-01,"Ecommerce, Food",Series E,Bangalore,2020,1,2020-01-01
Tahoe Investment Group,498.0,1,2020-01-01,Interior Design,Series D,Bangalore,2020,1,2020-01-01
Mediatek Inc.,498.0,1,2016-08-01,Ecommerce,Private Equity,Bangalore,2016,8,2016-08-01
Apis Partner,498.0,1,2017-12-01,Technology,Private Equity,Mumbai,2017,12,2017-12-01
Ashish Goel,498.0,1,2022-05-01,Enterprise Software,Unknown,Lewes,2022,5,2022-05-01
Asia Impact Sa,498.0,1,2022-01-01,Agritech,Series C,Noida,2022,1,2022-01-01
Composite Capital Maunknowngement,498.0,1,2019-07-01,Ecommerce,Series D,Singapore,2019,7,2019-07-01
Vouch Insurance,498.0,1,2022-04-01,Human Resources,Series C,Maryland,2022,4,2022-04-01
Bamboo Capital Partners,498.0,1,2017-12-01,Technology,Private Equity,Mumbai,2017,12,2017-12-01
Moez Daya,498.0,1,2022-01-01,Biotechnology,Series B,Mumbai,2022,1,2022-01-01
Adveq Maunknowngement,498.0,1,2016-05-01,Ecommerce,Private Equity,Delhi,2016,5,2016-05-01
Kedaara Capital,498.0,1,2025-04-01,Fintech,Series D,Bangalore,2025,4,2025-04-01
Mirae Asset Naver Fund,498.0,1,2020-01-01,Logistics,Series D,Bangalore,2020,1,2020-01-01
Evolvence India Fund,497.5,3,2024-08-01,"Consulting, Delivery, Healthcare","Series B, Series E, Unspecified Round",Bangalore,2024,8,2024-08-01
Axaunknown Estates Llp,495.0,1,2025-01-01,Gaming & Media,Unspecified Round,Mumbai,2025,1,2025-01-01
Pi Ventures,494.61,13,2025-07-01,"Technology, Spacetech, Energy Storage","Seed, Series A, Private Equity","Bangalore, Pune, Gurgaon",2025,7,2025-07-01
Oaks Asset Maunknowngement,490.53,2,2024-10-01,"Fintech, Ecommerce, Milletbased Snacks","Unknown, Series A, Series B","Hyderabad, Mumbai",2024,10,2024-10-01
Ruunknownnet,489.70000000000005,4,2016-07-01,"Technology, Consumer Internet, Qsr",Private Equity,"Mumbai, Gurgaon, Pune",2016,7,2016-07-01
Cx Partners,489.7,2,2021-09-01,"Telecommunications, Information Technology &",Series C,Bangalore,2021,9,2021-09-01
Apoletto,489.7,2,2015-12-01,"Online Freight Aggregator, Women Ethnic Wearxc2Xa0 Online",Private Equity,"Bangalore, Mumbai",2015,12,2015-12-01
Better Capital,488.3,26,2025-02-01,"Fintech, Edtech, Healthcare","Seed, Pre-Seed, Unknown","Bangalore, Mumbai, Delhi",2025,2,2025-02-01
Axis Bank And Oaks Asset Maunknowngemen,488.04,1,2022-08-01,Fintech,Unknown,Mumbai,2022,8,2022-08-01
Bii,482.9,2,2025-06-01,"Logitech, Fintech",Series C,"Unknown, Mumbai",2025,6,2025-06-01
. Anuj Jhaveri And Aspire Family Office,478.91,1,2022-06-01,Fintech,Series A,Bangalore,2022,6,2022-06-01
Equity Capital,475.0,1,2025-05-01,Fintech,Unspecified Round,Mumbai,2025,5,2025-05-01
Rbl Bank,473.1,1,2022-03-01,Hospiitality,Unknown,Delhi,2022,3,2022-03-01
Niif,473.1,1,2025-10-01,Energy > Electric Vehicles,Series A,Maharashtra,2025,10,2025-10-01
Jasper Infotech Pvt Ltd,473.1,1,2017-01-01,Consumer Internet,Private Equity,Mumbai,2017,1,2017-01-01
Ajay Kaul And Unicorn India Venture,473.1,1,2022-09-01,Food,Series A,Delhi,2022,9,2022-09-01
Blacksoil,469.78,10,2025-03-01,"Fintech, Consumer Internet, Medtech","Unknown, Private Equity","Bangalore, Delhi, Hyderabad",2025,3,2025-03-01
Better Tomorrow Ventures,467.29,2,2024-12-01,"Fintech, Credit Card Issuance","Seed, Other, Series D","Pune, Gurgaon",2024,12,2024-12-01
Lgt Lightstone Aspada,464.8,2,2020-03-01,"Fintech, Agritech",Series B,"Chennai, Noida",2020,3,2020-03-01
Mirae Assets,464.8,1,2020-07-01,Coliving,Series C,Bangalore,2020,7,2020-07-01
Ftv Capital,464.8,1,2017-03-01,Technology,Private Equity,Pune,2017,3,2017-03-01
Ian Fund,460.65,11,2021-09-01,"Energy, Consumer Internet, Logistics","Unknown, Series A, Pre-Series A","Delhi, Bangalore, Rajastan",2021,9,2021-09-01
Rebright Partners,460.12,11,2025-07-01,"Consumer Internet, Edtech, Healthcare","Seed, Pre-Series A, Private Equity","Bangalore, Gurgaon, Mumbai",2025,7,2025-07-01
Nikhil Kamath,458.15999999999997,3,2025-09-01,"Iot, Deeptech Smart Assistance, Clean","Unknown, Series A, Unspecified Round","Gurgaon, Unknown, Pune",2025,9,2025-09-01
Stride Ventures,456.62,10,2025-06-01,"Fintech, AI, B2B","Unknown, Other, Series A","Mumbai, Bangalore, Delhi",2025,6,2025-06-01
Rsi Fund,456.5,1,2017-01-01,Consumer Internet,Private Equity,Bangalore,2017,1,2017-01-01
Lightstone India,456.5,1,2022-03-01,Fintech,Series C,Chennai,2022,3,2022-03-01
Z47 (Formerly Matrix Partners India),456.5,2,2025-01-01,"Ai Cloud, B2B Saas",Series A,"Mumbai, Bangalore",2025,1,2025-01-01
Thrive Capital,456.5,1,2017-01-01,Consumer Internet,Private Equity,Bangalore,2017,1,2017-01-01
\\Xc2\\Xa0 Ruunknownnet,456.5,1,2017-01-01,Consumer Internet,Private Equity,Bangalore,2017,1,2017-01-01
Omidyar Network And Kaizen Private Equity Also Participated In The Round,456.5,1,2018-04-01,Fintech,Private Equity,Bangalore,2018,4,2018-04-01
Lgt Impact,456.5,1,2018-04-01,Fintech,Private Equity,Bangalore,2018,4,2018-04-01
Lightstone Aspada,456.5,1,2020-02-01,Automotive,Series C,Bangalore,2020,2,2020-02-01
Co.,456.5,2,2017-07-01,"Technology, Online And Tv Shopping",Private Equity,"Hyderabad, Mumbai",2017,7,2017-07-01
Abu Dhabi Investment Authority,456.5,2,2022-02-01,"Ecommerce, Social Commerce","Unknown, Series E","Mumbai, Bangalore",2022,2,2022-02-01
Bennett,455.1969,4,2025-06-01,"Ecommerce, Technology, Real Estate","Private Equity, Unknown","Ahmedabad, Bangalore, Chennai",2025,6,2025-06-01
Manipal Education And Medical Group (Memg),452.35,2,2019-12-01,"Gaming, Consumer Internet","Seed, Private Equity","Noida, Bangalore",2019,12,2019-12-01
Korea Investment Partners,452.34999999999997,2,2020-04-01,"Ecommerce, Food","Series B, Series A",Bangalore,2020,4,2020-04-01
01 Advisors,448.2,1,2020-01-01,Technology,Series B,San Francisco,2020,1,2020-01-01
Samsung Ventures,448.2,2,2020-08-01,"Social Ecommerce, Food",Series A,Bangalore,2020,8,2020-08-01
Vertex Growth Singapore,448.2,1,2025-02-01,Contract Lifecycle Management Clm Saas,Series B,Bangalore,2025,2,2025-02-01
Xeed Vc,448.2,1,2025-02-01,Contract Lifecycle Management Clm Saas,Series B,Bangalore,2025,2,2025-02-01
Trident Partners,448.2,1,2025-02-01,Contract Lifecycle Management Clm Saas,Series B,Bangalore,2025,2,2025-02-01
Peak Xv,444.67,4,2025-07-01,"Fintech, Devotional, Healthcare","Series D, Series B, Seed","Mumbai, Pune, Bangalore",2025,7,2025-07-01
Blue Ashva Capital,444.25,7,2025-02-01,"Fintech, Renewable Energy, Pollution Control Equiptment","Unknown, Other, Series B","Mumbai, Bangalore, Pune",2025,2,2025-02-01
Susquehanunknown Asia Vc,442.81,3,2025-07-01,"Devotional, Home Decor D2C, Stock Broking","Series B, Unspecified Round, Seed","Bangalore, Kolkata, Mumbai",2025,7,2025-07-01
Baird Capital,439.9,1,2025-09-01,Enterprise,Unknown,Bangalore,2025,9,2025-09-01
Fmo,438.74,5,2021-04-01,"Agritech, Fintech, Other","Unknown, Debt, Series C","Chennai, Bangalore",2021,4,2021-04-01
Pravega Ventures,434.02,13,2025-07-01,"Fintech, Technology, Consumer Internet","Series A, Private Equity, Pre-Series A","Mumbai, Bangalore, Unknown",2025,7,2025-07-01
Tr Capital,432.84,2,2015-04-01,"Online Furnishingnecommerce, Other",Private Equity,"Bangalore, Unknown",2015,4,2015-04-01
Individual Investors,432.42,8,2025-01-01,"Edtech, Travel, SaaS","Pre-Series A, Series A, Seed","Gurgaon, Noida, Bangalore",2025,1,2025-01-01
Jafco Asia,432.11,5,2021-09-01,"Alternate Mobile Monetization, Other, SaaS","Private Equity, Pre-Series A, Seed","Bangalore, Mumbai, Unknown",2021,9,2021-09-01
Yamaha,431.6,1,2021-08-01,Information Technology &,Unknown,Bangalore,2021,8,2021-08-01
Content Creator Platform Rigi.Club,431.6,1,2022-04-01,Tourism,Unknown,Vitznau,2022,4,2022-04-01
Redstart Labs,429.11,3,2022-05-01,"Consumer Applications, Computer Software, Hospital & Health Care",Seed,"Gurgaon, Bangalore, Delhi",2022,5,2022-05-01
Blue Cloud Ventures,423.3,1,2016-09-01,Technology,Private Equity,Pune,2016,9,2016-09-01
Idg Capital,423.3,1,2021-04-01,B2B Ecommerce,Series C,Mumbai,2021,4,2021-04-01
Fj Labs,418.32,4,2021-04-01,"Interior Design, Ecommerce, B2B","Series D, Private Equity, Series A","Mumbai, Chennai, Bangalore",2021,4,2021-04-01
Taj Investment Holdings,417.5,1,2024-09-01,Api Infrastructure,Series C,Unknown,2024,9,2024-09-01
Eight Roads Ventures India,416.65999999999997,4,2021-03-01,"Fintech, Ecommerce, Heathcare","Other, Private Equity, Series B","Pune, Chennai, Mumbai",2021,3,2021-03-01
Moore Strategic Ventures,415.83,2,2021-11-01,"Real Estate, Hospital & Health Care","Series E, Series C",Bangalore,2021,11,2021-11-01
Susquehanunknown Growth Equity Llc,415.0,1,2017-09-01,Technology,Private Equity,Hyderabad,2017,9,2017-09-01
Ravikanth Reddy,415.0,1,2019-12-01,Aerospace,Seed,Bangalore,2019,12,2019-12-01
Elev8,415.0,1,2025-03-01,Online Investment,Series D,Bangalore,2025,3,2025-03-01
Chan Zuckerberg Initiative,415.0,1,2016-09-01,Edtech,Private Equity,Bangalore,2016,9,2016-09-01
Gail (India) Ltd,415.0,1,2020-01-01,Automotive,Unknown,Chennai,2020,1,2020-01-01
Value Fund Advisors,415.0,1,2015-03-01,Other,Private Equity,Unknown,2015,3,2015-03-01
Blackstone Group,415.0,1,2021-06-01,Edtech,Unknown,Bangalore,2021,6,2021-06-01
Tekne Capital Maunknowngement Llc,415.0,1,2017-06-01,Consumer Internet,Private Equity,Bangalore,2017,6,2017-06-01
Temasek Holdings And Softbank Capital,415.0,1,2022-04-01,Internet,Unknown,Mumbai,2022,4,2022-04-01
Steadview Capital And Vy Capital.,415.0,1,2018-12-01,Technology,Series D,Delhi,2018,12,2018-12-01
Orbimed,415.0,1,2015-10-01,Online Pharmacy,Private Equity,Chennai,2015,10,2015-10-01
Dst Partners And Rps Ventures,415.0,1,2018-11-01,Ecommerce,Series C,Bangalore,2018,11,2018-11-01
Vitol,415.0,1,2021-10-01,Automotive,Unknown,Bangalore,2021,10,2021-10-01
\\Xc2\\Xa0 Tiger Global Maunknowngement,415.0,1,2015-07-01,Hyperlocal Deals,Private Equity,Bangalore,2015,7,2015-07-01
Upsparks And Black Kite Capital,415.0,1,2022-06-01,Software,Seed,Delhi,2022,6,2022-06-01
Capital Group,415.0,1,2021-11-01,Fintech,Series B,Bangalore,2021,11,2021-11-01
General Catalyst.,415.0,1,2020-02-01,Fintech,Series B,Unknown,2020,2,2020-02-01
Caunknownpi Ventures,415.0,1,2020-02-01,Fintech,Series B,Unknown,2020,2,2020-02-01
Sofiunknown Ventures Sa,415.0,1,2021-07-01,Healthcare,Unknown,Gurgaon,2021,7,2021-07-01
Post Road Group,415.0,1,2025-10-01,Enterprise Infrastructure > It Operations,Debt,Washington,2025,10,2025-10-01
Emerging India,415.0,1,2017-06-01,Consumer Internet,Private Equity,Mumbai,2017,6,2017-06-01
Paramark Ventures,415.0,1,2025-02-01,B2B Crossborder Ecommerce,Series C,Gurgaon,2025,2,2025-02-01
Strategic Investor,415.0,1,2025-02-01,Banking Fintech Saas,Other,Hyderabad,2025,2,2025-02-01
Pradip Dadha Group,415.0,1,2015-10-01,Online Pharmacy,Private Equity,Chennai,2015,10,2015-10-01
Sumeru Ventures,415.0,1,2022-02-01,Healthcare,Series C,Mumbai,2022,2,2022-02-01
Mediatek,415.0,1,2016-05-01,Consumer Internet,Private Equity,Gurgaon,2016,5,2016-05-01
Lachy Groom,415.0,3,2025-05-01,"Technology, Managed Care, Deeptech","Series A, Seed","Bangalore, Kolkata",2025,5,2025-05-01
Nyca Partners,415.0,1,2020-02-01,Fintech,Series B,Unknown,2020,2,2020-02-01
Dream Sports,415.0,1,2021-05-01,Sports,Unknown,Mumbai,2021,5,2021-05-01
Index Ventures,415.0,1,2020-02-01,Fintech,Series B,Unknown,2020,2,2020-02-01
Meritech Capital Partners,415.0,1,2018-02-01,Consumer Internet,Private Equity,Pune,2018,2,2018-02-01
Banyantree Fiunknownnce Pvt. Ltd.,415.0,1,2021-03-01,Agritech,Unknown,Delhi,2021,3,2021-03-01
Adq,415.0,1,2021-06-01,Edtech,Unknown,Bangalore,2021,6,2021-06-01
Manipal Education And Medical Group (Memg) Family Office,415.0,1,2020-01-01,Technology,Pre-Series A,Noida,2020,1,2020-01-01
Zip Co,415.0,1,2021-09-01,Fintech,Series C,Bangalore,2021,9,2021-09-01
Bill,414.17,3,2024-10-01,"Technology, Healthcare, Dairy","Private Equity, Unknown, Debt + Equity","Bangalore, Gurgaon",2024,10,2024-10-01
Kck Global,412.51,1,2018-07-01,Consumer Internet,Private Equity,Gurgaon,2018,7,2018-07-01
Kingsway Fci Fund,412.51,1,2018-07-01,Consumer Internet,Private Equity,Gurgaon,2018,7,2018-07-01
Gruhas Proptech,411.05,4,2024-12-01,"Real Estate, Fintech, Solar","Series A, Seed, Series B","Mumbai, Gurgaon, Bangalore",2024,12,2024-12-01
3State Ventures,410.85,3,2025-09-01,"Food, Consumer, AI","Unknown, Series B, Seed","Bangalore, Ahmedabad",2025,9,2025-09-01
Uob Venture,410.02,1,2020-01-01,Travel,Other,Gurgaon,2020,1,2020-01-01
Samsung Venture Investment Corporation (Svic),410.02,1,2020-01-01,Travel,Other,Gurgaon,2020,1,2020-01-01
Cvcapital,410.02,1,2020-01-01,Travel,Other,Gurgaon,2020,1,2020-01-01
10 Fund,410.02,1,2020-01-01,Travel,Other,Gurgaon,2020,1,2020-01-01
Korea Investment Partners (Kip),410.02,1,2020-01-01,Travel,Other,Gurgaon,2020,1,2020-01-01
Zero2Ipo Ventures,410.02,1,2020-01-01,Travel,Other,Gurgaon,2020,1,2020-01-01
Fireside Ventures,407.37,15,2025-08-01,"Ecommerce, Consumer Goods, Healthcare","Series A, Seed, Pre-Series A","Bangalore, Mumbai, Gurgaon",2025,8,2025-08-01
Adb Arm,406.7,1,2021-04-01,Renewable Energy,Unknown,Delhi,2021,4,2021-04-01
Raintree Family Office,406.7,1,2021-04-01,Renewable Energy,Unknown,Delhi,2021,4,2021-04-01
Radical Ventures,406.7,1,2024-12-01,"Defense And Space Manufacturing, Spacetech","Series A, Other",Bangalore,2024,12,2024-12-01
Nuveen,402.05,2,2025-04-01,"Fintech, Fabric","Series C, Series A","Mumbai, Bangalore",2025,4,2025-04-01
Sunil Munjal,401.71999999999997,2,2018-05-01,"Consumer Internet, Ecommerce",Private Equity,"Mumbai, Delhi",2018,5,2018-05-01
Euclidean Capital Llc,400.0,1,2024-08-01,Wealth And Asset Management,Series B,Mumbai,2024,8,2024-08-01
Abc Impact,400.0,2,2025-03-01,"Microlending, Healthcare","Series G, Unknown","Unknown, Delhi",2025,3,2025-03-01
Mufg Bank,400.0,1,2024-08-01,Wealth And Asset Management,Series B,Mumbai,2024,8,2024-08-01
Omidyar,398.4,1,2021-07-01,Online Storytelling,Unknown,Bangalore,2021,7,2021-07-01
Saif Partners.,398.4,2,2015-09-01,"Hyperlocal Grocery Delivery, Online Insurance Aggregator",Private Equity,"Gurgaon, Mumbai",2015,9,2015-09-01
Krafton Inc,398.4,1,2021-07-01,Online Storytelling,Unknown,Bangalore,2021,7,2021-07-01
Sig Global India Fund,398.2,2,2021-03-01,"Transport, Media","Series C, Unknown","Delhi, Noida",2021,3,2021-03-01
Bharat Value Fund (Bvf),396.0,2,2025-01-01,"Snacks, Electric Twowheeler Manufacturing","Other, Unspecified Round","Kolkata, Pune",2025,1,2025-01-01
. Orios Venture Partners And Flipkart Ventures,393.42,1,2022-11-01,Healthcare,Series B,Delhi,2022,11,2022-11-01
Speciale Invest,391.18,11,2025-10-01,"Advanced Hardware & Technology, Technology, Information Technology","Seed, Series A, Pre-Seed","Chennai, Bangalore, Haryana",2025,10,2025-10-01
Leonis Investissement And Kuunknownl Shah,390.1,1,2022-11-01,Fintech,Series A,Bangalore,2022,11,2022-11-01
Aspada Investment,390.1,1,2018-01-01,Fintech,Private Equity,Mumbai,2018,1,2018-01-01
Sumitomo Mitsui Trust Bank,390.1,1,2022-01-01,Fintech,Unknown,Delhi,2022,1,2022-01-01
Spring Marketing Capital,390.1,2,2025-07-01,"Beauty Products, Ecommerce","Unknown, Pre-Series A","Mumbai, Chennai",2025,7,2025-07-01
Nippon Life India,388.44,1,2025-07-01,Fintech,Debt,Mumbai,2025,7,2025-07-01
Together Fund,387.61,7,2025-09-01,"AI, Aifocused Healthtech, Computer Software","Seed, Unknown, Unspecified Round","Bangalore, New Jersey, Ichalkaranji",2025,9,2025-09-01
Jsw Ventures,385.95,6,2025-06-01,"Healthcare, Ecommerce, Home Interior","Series B, Private Equity, Bridge","Bangalore, Mumbai, Gurgaon",2025,6,2025-06-01
Ivy Growth Associates And Letsventure,385.95,1,2022-10-01,Manufacturing,Seed,Pune,2022,10,2022-10-01
Antler,384.7,11,2025-10-01,"Fintech, Sustainable Investment, Product Design","Pre-Seed, Seed, Series A","Gurgaon, Bangalore, Noida",2025,10,2025-10-01
Intel Capital,384.28999999999996,4,2025-03-01,"AI, It Infrastructure & Data Center, Online Pharmacy & Drug Db","Private Equity, Seed, Series A","Bangalore, Gurgaon",2025,3,2025-03-01
Swc Global,383.87,3,2025-06-01,"D2C Menswear, Edtech, D2C Snack","Other, Pre-Series A, Unspecified Round","Nan, Bangalore, Delhi",2025,6,2025-06-01
Oikocredit,383.46,5,2024-09-01,"Fintech, Micro Finance, Agritech","Other, Private Equity, Unknown","Kolkata, Delhi, Gurgaon",2024,9,2024-09-01
Varun Alagh,380.14,3,2022-01-01,"Retail, Human Resources, Venture Capital & Private Equity","Series A, Seed, Unknown","Bangalore, Kolkata",2022,1,2022-01-01
Motilal Oswal Fiunknownncial Services Ltd,379.31,1,2025-08-01,Consumer,Unknown,Bangalore,2025,8,2025-08-01
And Others,378.11,5,2025-01-01,"Mortgage Distribution, Defence, Fintech","Other, Series B, Seed","Gurgaon, Unknown, Delhi",2025,1,2025-01-01
Polygon,378.0,2,2024-11-01,"Social Media, Web3 Gaming","Unknown, Unspecified Round","Delhi, Tortola",2024,11,2024-11-01
Idh Farmfit Fund,377.65000000000003,3,2025-04-01,"Fintech, Dairy","Series B, Debt + Equity, Unspecified Round","Auckland, Bangalore, Chennai",2025,4,2025-04-01
Quantiphi And Ian Group,375.0,1,2024-09-01,Biotech,Unknown,Hyderabad,2024,9,2024-09-01
Anchor Investors,374.5,2,2024-08-01,"Luxury Fashion, SaaS",Unknown,"Kolkata, Delhi",2024,8,2024-08-01
Carrier Global Corporation,373.5,1,2025-02-01,Commercial Hvac Automation Iot & Ai,Series B,Bangalore,2025,2,2025-02-01
Accurant Interunknowntiounknownl'S Net Zero Alliance,373.5,1,2025-02-01,Commercial Hvac Automation Iot & Ai,Series B,Bangalore,2025,2,2025-02-01
Mirae Asset,373.5,1,2021-07-01,Social Commerce,Series B,Bangalore,2021,7,2021-07-01
Wind Ventures,373.5,1,2025-02-01,Commercial Hvac Automation Iot & Ai,Series B,Bangalore,2025,2,2025-02-01
Fairfax,373.5,1,2018-07-01,Consumer Internet,Private Equity,Pune,2018,7,2018-07-01
H,373.5,1,2021-07-01,Social Commerce,Series B,Bangalore,2021,7,2021-07-01
Climate Investment,373.5,1,2025-02-01,Commercial Hvac Automation Iot & Ai,Series B,Bangalore,2025,2,2025-02-01
360 One Asset,373.5,2,2025-06-01,"Casual Gaming, D2C Menswear","Series A, Other","Delhi, Nan",2025,6,2025-06-01
Kb Investment,373.5,1,2020-12-01,Fintech,Series C,Bangalore,2020,12,2020-12-01
Eight Roads,373.5,1,2019-04-01,Fintech,Series A,Bangalore,2019,4,2019-04-01
Next47,373.5,1,2025-02-01,Commercial Hvac Automation Iot & Ai,Series B,Bangalore,2025,2,2025-02-01
Salesforce Ventures,371.22,4,2025-09-01,"Technology, Computer Software, AI","Private Equity, Unknown, Series A","Bangalore, Pune, Usa",2025,9,2025-09-01
Harsh Mariwala,369.34999999999997,1,2018-05-01,"Consumer Internet, Beauty & Wellness Products Etailer",Private Equity,Mumbai,2018,5,2018-05-01
Krafton,366.37,6,2025-04-01,"Gaming, Online Media, Entertainment","Unknown, Series A, Seed","Bangalore, Pune, Gurgaon",2025,4,2025-04-01
Waterbridge Ventures,365.61,10,2025-07-01,"Consumer Internet, Information Technology, Paas","Pre-Series A, Seed, Private Equity","Delhi, Gurgaon, Bangalore",2025,7,2025-07-01
Alpha Wave Incubation,365.20000000000005,6,2022-02-01,"Edtech, AI, Information Technology &","Series A, Seed, Unknown","Gurgaon, Bangalore, Unknown",2022,2,2022-02-01
Naval Ravikant,365.2,2,2024-11-01,"Social Media, Electric Aircraft",Series B,"Bangalore, Chennai",2024,11,2024-11-01
Smith Point Capital,365.2,1,2024-10-01,Cloudbased Intelligence,Series B,United States,2024,10,2024-10-01
Nubank,365.2,1,2021-08-01,Banking,Series B,Mumbai,2021,8,2021-08-01
Ecl Fiunknownnce,365.2,1,2017-09-01,Technology,Private Equity,Mumbai,2017,9,2017-09-01
Avatar Growth Capital,365.2,1,2020-05-01,SaaS,Series C,Gurgaon,2020,5,2020-05-01
Northern Arc Capital,365.2,4,2021-08-01,"Fintech, Agritech","Debt, Unknown","Gurgaon, Delhi, Bangalore",2021,8,2021-08-01
Sanjeev Aggarwal,362.71,1,2020-03-01,Ecommerce,Series B,Haryana,2020,3,2020-03-01
Bluehill Asset Maunknowngement And Elevation Capital,359.39,1,2022-07-01,Atificial Intelligence,Series B,Chennai,2022,7,2022-07-01
Mirae Asset Capital Markets,356.9,1,2020-04-01,Food,Series A,Bangalore,2020,4,2020-04-01
Ark Impact,356.9,1,2020-04-01,Food,Series A,Bangalore,2020,4,2020-04-01
L Catterton,354.659,2,2025-10-01,"Healthcare, Snacking","Private Equity, Series C","Maharashtra, Noida",2025,10,2025-10-01
Pincus,352.75,1,2020-01-01,Car Trade,Series H,Mumbai,2020,1,2020-01-01
Jp Morgan,352.75,1,2020-01-01,Car Trade,Series H,Mumbai,2020,1,2020-01-01
Fullerton Fiunknownncial Holdings,352.24,1,2021-04-01,Fintech,"Series D, Debt","Ahmedabad, Gujarat",2021,4,2021-04-01
Ifu,348.6,1,2024-09-01,Diagnostics Healthcare,Series C,Unknown,2024,9,2024-09-01
Varun Sadaunknown And Titan Capital,348.6,1,2022-12-01,Analytics,Seed,Newark,2022,12,2022-12-01
Fosun Interunknowntiounknownl,348.6,2,2018-10-01,Logistics,"Series C, Private Equity","Bangalore, Delhi",2018,10,2018-10-01
Spark Growth Ventures,348.6,1,2024-09-01,Diagnostics Healthcare,Series C,Unknown,2024,9,2024-09-01
Incred / Info Edge Ventures,348.6,1,2025-10-01,Fintech,Debt,Delhi,2025,10,2025-10-01
Singularity Ventures,347.02,4,2025-06-01,"Ecommerce, Consumer Internet, Cancer Diagnostics","Private Equity, Series A","Mumbai, Pune, Bangalore",2025,6,2025-06-01
Peak Xv’S Surge,345.28000000000003,4,2025-02-01,"Healthcare, SaaS, AI","Other, Unspecified Round, Series A","Bangalore, Gurgaon",2025,2,2025-02-01
Think Investment,344.45,2,2025-04-01,"Beverages, Healthcare",Unknown,"Unknown, Mumbai",2025,4,2025-04-01
Ankit Bhati And Inflection Point Ventures,340.3,1,2022-08-01,Edtech,Series A,Bangalore,2022,8,2022-08-01
Horizons Ventures,340.3,1,2017-08-01,"Technology, Mobile Based Pos Solution",Private Equity,Bangalore,2017,8,2017-08-01
Jsw Steel,340.0,1,2025-05-01,B2B Ecommerce,Unknown,Mumbai,2025,5,2025-05-01
Principal Asset Maunknowngement,340.0,1,2025-05-01,B2B Ecommerce,Unknown,Mumbai,2025,5,2025-05-01
Oneup,340.0,1,2025-05-01,B2B Ecommerce,Unknown,Mumbai,2025,5,2025-05-01
M1Xchange Raised,338.64,1,2022-11-01,Ecommerce,Unknown,Noida,2022,11,2022-11-01
Plutus Wealth Maunknowngement,338.5487,2,2025-10-01,"Gaming, Consumer Goods > Retailers","Unknown, Series B","Mumbai, Maharashtra",2025,10,2025-10-01
Cdc Group Plc,336.15,2,2018-02-01,Healthcare,Private Equity,"Faridabad, Mumbai",2018,2,2018-02-01
Prosus Ventures And Ankur Capita,335.32,1,2022-07-01,Agritech,Series B,Bangalore,2022,7,2022-07-01
Gem Global Yield Llc Scs,335.0,1,2024-11-01,Blockchain Fintech,Other,Singapore,2024,11,2024-11-01
Aavishkaar Capital,333.5,4,2025-04-01,"Fintech, Logistics, Edtech","Series A, Other, Series B","Gurgaon, Kolkata, Pune",2025,4,2025-04-01
Infoedge Ventures,333.07,9,2025-07-01,"Fintech, Mobility, Aviation","Pre-Series A, Seed, Series A","Gurgaon, Bangalore, Kolkata",2025,7,2025-07-01
Eurazeo,333.0,2,2025-05-01,"Ev Leasing & Management, Cold Aggregator","Series A, Series B","Delhi, Mumbai",2025,5,2025-05-01
\\Xc2\\Xa0 Lok Capital,332.0,1,2015-09-01,Small Business Financing Nbfc,Private Equity,Bangalore,2015,9,2015-09-01
Sageone Flagship Growth Oe Fund,332.0,1,2025-03-01,Omnichannel Luxury Fashion,Series E,Mumbai,2025,3,2025-03-01
Kenro Capital,332.0,1,2024-12-01,Edtech,Other,Bangalore,2024,12,2024-12-01
Avendus,332.0,1,2021-03-01,Fintech,Unknown,Mumbai,2021,3,2021-03-01
Lightspeed And Alphawave,332.0,1,2024-10-01,Chemical Manufacturing,Series A,Houston,2024,10,2024-10-01
Ivycap,332.0,1,2025-06-01,D2C Menswear,Other,Nan,2025,6,2025-06-01
Lightrock,332.0,1,2024-12-01,Solar,Series B,Mumbai,2024,12,2024-12-01
Pidilite Industries,332.0,1,2020-02-01,Ecommerce,Series F,Mumbai,2020,2,2020-02-01
Ravi Modi Office,332.0,1,2025-06-01,D2C Menswear,Other,Nan,2025,6,2025-06-01
Chris Sacca’S Lowercarbon,332.0,1,2024-12-01,Solar,Series B,Mumbai,2024,12,2024-12-01
Peak Xv Partners And Elevation Capital,332.0,1,2024-09-01,"Visa Processing, SaaS",Series B,Mumbai,2024,9,2024-09-01
Net1 Ueps Technologies Inc,332.0,1,2016-08-01,Consumer Internet,Private Equity,Gurgaon,2016,8,2016-08-01
Adar C. Poounknownwalla,332.0,1,2020-01-01,Technology,Unknown,Mumbai,2020,1,2020-01-01
Nithin Kamath’S Rainmatter,332.0,1,2024-12-01,Solar,Series B,Mumbai,2024,12,2024-12-01
Ia Ventures,332.0,1,2021-12-01,Consumer,Series B,Bangalore,2021,12,2021-12-01
Novo Holdings,332.0,1,2022-03-01,Medical Equipment Manufacturing,Unknown,Mumbai,2022,3,2022-03-01
Novo Tellus Capital,332.0,1,2021-04-01,Electronics,Unknown,Bangalore,2021,4,2021-04-01
Future Fund,332.0,1,2015-06-01,Offgrid Solar Power,Private Equity,Mumbai,2015,6,2015-06-01
Adar Poounknownwalla,332.0,1,2020-07-01,Digital,Unknown,Pune,2020,7,2020-07-01
Fullerton Carbon Action Fund And Shift4Good,332.0,1,2025-05-01,Transportasaservice,Series C,Bangalore,2025,5,2025-05-01
Ontario Teachers’ Pension Plan,332.0,1,2025-08-01,Enterprise,Unknown,Hyderabad,2025,8,2025-08-01
Omnivore And 3One4 Capital,332.0,1,2025-03-01,Chemicals,Series B,Bangalore,2025,3,2025-03-01
Sequoia Capital India And Omidyar Network,332.0,1,2015-02-01,Other,Private Equity,Unknown,2015,2,2015-02-01
And Minerva Ventures Fund,332.0,1,2025-03-01,Omnichannel Luxury Fashion,Series E,Mumbai,2025,3,2025-03-01
Tomales Bay Capital,332.0,2,2024-11-01,"Gaming, Datasharing & Identity Verification","Unknown, Series A","Gurgaon, Hyderabad",2024,11,2024-11-01
Ignition Partners,332.0,1,2017-03-01,Technology,Private Equity,Pune,2017,3,2017-03-01
Idfc Private Equity,332.0,1,2021-02-01,Healthcare,Series B,Bangalore,2021,2,2021-02-01
Quadria Capital Advisors,332.0,1,2017-04-01,Healthcare,Private Equity,Noida,2017,4,2017-04-01
Bessemer Venture,332.0,1,2015-06-01,Offgrid Solar Power,Private Equity,Mumbai,2015,6,2015-06-01
Alchemy Long Term Ventures Fund,332.0,1,2025-03-01,Omnichannel Luxury Fashion,Series E,Mumbai,2025,3,2025-03-01
Capricorn Investment And Ifc,332.0,1,2015-06-01,Offgrid Solar Power,Private Equity,Mumbai,2015,6,2015-06-01
Umi,332.0,1,2025-03-01,Chemicals,Series B,Bangalore,2025,3,2025-03-01
Bajaj Holdings And Investment,332.0,1,2025-03-01,Omnichannel Luxury Fashion,Series E,Mumbai,2025,3,2025-03-01
Gaja Capital,330.34000000000003,4,2025-07-01,"Fintech, Lifestyle, Ecommerce","Unknown, Private Equity, Series C","Bangalore, Mumbai, Gurgaon",2025,7,2025-07-01
Beenos,327.85,5,2017-04-01,"Consumer Internet, Ecommerce, Used Vehicle","Private Equity, Seed","Bangalore, Delhi",2017,4,2017-04-01
Athera Venture Partners,325.6,4,2025-01-01,"Deeptech Robotics, AI, Industrial Robotics","Series B, Series A, Seed","Bangalore, Dover",2025,1,2025-01-01
Harsh Gupta And Amit Khanunknown,323.7,1,2022-05-01,Software,Series A,Haryana,2022,5,2022-05-01
. Veda Vc And Sujeet Kumar,323.7,1,2022-12-01,Electric Vehicle,Seed,Bangalore,2022,12,2022-12-01
Coleman And Co. Ltd (Bccl),321.21,1,2017-02-01,Ecommerce,Private Equity,Bangalore,2017,2,2017-02-01
Sixth Sense Ventures And A91 Partners,321.21,1,2022-10-01,Healthcare,Unknown,Noida,2022,10,2022-10-01
Manish Sinha And Indian Angel Network,319.55,1,2022-05-01,Edtech,Unknown,Delhi,2022,5,2022-05-01
Inventus Capital Partners,319.55,3,2017-09-01,"Ecommerce, Fintech, Other","Private Equity, Seed","Gurgaon, Chennai, Unknown",2017,9,2017-09-01
Arkam Ventures And Vertex Ventures,318.72,1,2022-09-01,Fintech,Series B,Hyderabad,2022,9,2022-09-01
State Street Global Advisors,318.72,1,2018-03-01,Consumer Internet,Private Equity,Mumbai,2018,3,2018-03-01
Pine Labs Pte Ltd,316.06,1,2019-08-01,Information Technology,Other,Noida,2019,8,2019-08-01
Claypond Capital,315.4,2,2025-06-01,"Home Financing, Wellness & Longevity","Other, Seed","Mumbai, Nan",2025,6,2025-06-01
Capricorn Investment Group,315.4,2,2015-08-01,"Mobile Based Pos Solution, Other",Private Equity,"Bangalore, Unknown",2015,8,2015-08-01
Responsability Investments Ag,315.4,2,2025-01-01,"Solar Solution, Climatefocused Deeptech","Unknown, Debt","Bangalore, Pune",2025,1,2025-01-01
Beenext Capital,315.4,1,2024-10-01,AI,Unspecified Round,Mumbai,2024,10,2024-10-01
Iifl,314.6,2,2022-02-01,"Logistics, Information Technology &","Series B, Seed","Gurgaon, Pune",2022,2,2022-02-01
Catamaran Ventures,314.16,3,2018-05-01,"Consumer Internet, Technology, Mobile Messaging Assistant","Private Equity, Other","Bangalore, Mumbai",2018,5,2018-05-01
Docprime Technologies,312.25,1,2024-08-01,Healthcare,"Unknown, Other","Delhi, Usa",2024,8,2024-08-01
Massmutual Ventures,311.25,3,2025-10-01,"Computer & Security, Hospital & Health Care, Fintech","Series A, Pre-Series A, Series B","Bangalore, Singapore",2025,10,2025-10-01
Ankur Capital,309.69,11,2025-06-01,"Agritech, Healthcare, Food & Logistics","Pre-Series A, Seed, Other","Bangalore, Mumbai, Udaipur",2025,6,2025-06-01
Torrent Group,307.1,1,2016-08-01,Healthcare,Private Equity,Mumbai,2016,8,2016-08-01
Lakshmikant Pb And Murthy Aradhi,307.1,1,2022-04-01,Healthcare,Unknown,Hyderabad,2022,4,2022-04-01
Xl Innovate,307.1,1,2019-08-01,Automotive,Series B,San Francisco,2019,8,2019-08-01
Dharaunknown Capital,307.1,3,2025-04-01,"Smart Kitchen Appliances, Insurance Infrastructure Api, Drone","Seed, Series D, Unspecified Round","Bangalore, Noida, Delhi",2025,4,2025-04-01
Aroa Ventures,306.27,4,2021-11-01,"Information Technology &, Edtech, Retail","Unknown, Pre-Series A","Ahmedabad, Bangalore, Ghaziabad",2021,11,2021-11-01
Llc,304.61,4,2025-05-01,"Fintech, Healthcare, It","Series B, Unknown, Series C","Chennai, Bangalore, Delhi",2025,5,2025-05-01
Dallas Venture Capital,304.02,5,2025-07-01,"Edtech, Finops Automation, AI","Series B, Pre-Series A, Series A","Bangalore, Mumbai, Unknown",2025,7,2025-07-01
Indian Angel Network,303.2,40,2025-09-01,"Consumer Internet, Technology, Healthcare","Seed, Private Equity, Unknown","Delhi, Bangalore, Gurgaon",2025,9,2025-09-01
Flipkart Ventures,302.535,2,2025-06-01,"D2C, Logistics","Series A, Seed","Bangalore, Delhi",2025,6,2025-06-01
Automating Your Receivables Maunknowngement,300.0,1,2022-02-01,Fintech,Other,Mumbai,2022,2,2022-02-01
Lighthouse Canton,300.0,1,2024-10-01,B2B,Debt,Bangalore,2024,10,2024-10-01
Stride Ventures And Others,300.0,1,2024-10-01,B2B,Debt,Bangalore,2024,10,2024-10-01
Nexus Ventures And Vauld,299.63,1,2022-05-01,Information Technology,Unknown,Singapore,2022,5,2022-05-01
Il,299.63,3,2018-05-01,"It, Fintech, Technology","Private Equity, Other","Mumbai, Chennai",2018,5,2018-05-01
Tekne Capital Maunknowngement,298.8,1,2017-08-01,Consumer Internet,Private Equity,Gurgaon,2017,8,2017-08-01
E.Ventures,298.8,2,2017-03-01,"Technology, Consumer Internet",Private Equity,"Pune, Gurgaon",2017,3,2017-03-01
Gruhas,296.38,5,2025-04-01,"Elder Care, Mortgage Distribution, Ev Charging","Seed, Series B, Unknown","Mumbai, Bangalore, Gurgaon",2025,4,2025-04-01
Lupa India,295.48,1,2020-05-01,Media,Unknown,Unknown,2020,5,2020-05-01
Smbc Asia Rising Fund,294.65,2,2024-11-01,"B2B Bnpl, Trade Finance",Unspecified Round,"Delhi, Pune",2024,11,2024-11-01
Stakeboat Capital,291.5,2,2025-01-01,"Telecommunications, Nutraceutical","Series A, Equity",Hyderabad,2025,1,2025-01-01
Mumbai Angels Network,290.79,10,2024-09-01,"Edtech, Ecommerce, Defense","Unknown, Seed, Series A","Delhi, Unknown, Mumbai",2024,9,2024-09-01
Fung Strategic Holdings,290.5,1,2018-08-01,Consumer Internet,Private Equity,Bangalore,2018,8,2018-08-01
Magnifico,290.5,1,2025-01-01,Fintech,Unspecified Round,Mumbai,2025,1,2025-01-01
Sumitomo Mitsui Banking Corporation’S Asia Rising Fund,290.5,1,2024-11-01,Home Financing,Other,Mumbai,2024,11,2024-11-01
Qic,290.5,1,2021-12-01,Edtech,Series B,Gurgaon,2021,12,2021-12-01
Disrupt Adq,290.5,1,2021-12-01,Edtech,Series B,Gurgaon,2021,12,2021-12-01
George Osborne,290.5,1,2020-11-01,Fintech,Series B,Bangalore,2020,11,2020-11-01
Promaft Partners,290.5,1,2025-06-01,Consumer / Enterprise,Unknown,Delhi,2025,6,2025-06-01
Axis Bank,290.5,2,2018-01-01,"Healthcare, Mobile Point Of Sale Payment Solution","Debt, Private Equity","Bangalore, Unknown",2018,1,2018-01-01
Carrick Capital Partners,290.5,1,2015-06-01,Big Data & Analytics,Private Equity,Pune,2015,6,2015-06-01
Heromotocorp Ltd And Sachin Bansal,290.5,1,2020-11-01,Automobiles,Series D,Bangalore,2020,11,2020-11-01
Alibaba Pictures,290.5,1,2017-01-01,Consumer Internet,Private Equity,Chennai,2017,1,2017-01-01
Smilegate Investment,290.5,1,2020-11-01,Fintech,Series B,Bangalore,2020,11,2020-11-01
Ranjan Pai’S Family Office,290.5,1,2024-11-01,Home Financing,Other,Mumbai,2024,11,2024-11-01
Sistema Jsfc And Tanncam Investment,290.5,1,2018-09-01,Consumer Internet,Private Equity,Chennai,2018,9,2018-09-01
Singularity Growth Opportunities Fund,290.5,1,2021-09-01,Telecommunications,Series C,Bangalore,2021,9,2021-09-01
Archerman Capital,290.5,1,2025-01-01,Fintech,Unspecified Round,Mumbai,2025,1,2025-01-01
Kaizenvest,290.5,1,2020-01-01,Edtech,Series D,Mumbai,2020,1,2020-01-01
Dalip Pathak And Others,290.5,1,2018-05-01,Consumer Internet,Private Equity,Mumbai,2018,5,2018-05-01
Apis Partners,290.5,1,2016-01-01,Technology,Private Equity,Mumbai,2016,1,2016-01-01
Y Combiunknowntor And Accel,289.67,1,2022-06-01,Healthcare,Series B,Bangalore,2022,6,2022-06-01
Alpha Capital,288.84000000000003,2,2018-06-01,"Fintech, Ecommerce",Private Equity,Mumbai,2018,6,2018-06-01
Founders Fund,286.35,2,2025-02-01,"Managed Care, Devicesasaservice Daas","Series A, Pre-Series A",Bangalore,2025,2,2025-02-01
Rehan A Khan And Anubhav Jain,285.52,1,2022-11-01,Chemical,Seed,Gurgaon,2022,11,2022-11-01
Tetrao,285.27,1,2020-01-01,"Industry, Manufacturing",Series C,Mumbai,2020,1,2020-01-01
Bessemer,284.90999999999997,2,2025-04-01,"Beauty, Fintech","Unknown, Unspecified Round","Mumbai, Pune",2025,4,2025-04-01
Sauce.Vc,284.65,6,2025-02-01,"Healthcare, Ecommerce, Consumer Goods","Series C, Series B, Seed","Gurgaon, Mumbai, Bangalore",2025,2,2025-02-01
Ward Ferry Maunknowngement And Karst Peak Capital,282.2,1,2017-08-01,Consumer Internet,Private Equity,Bangalore,2017,8,2017-08-01
Better Capital And Amit Damani,282.2,1,2022-11-01,Ecommerce,Seed,Unknown,2022,11,2022-11-01
8Vc,282.2,2,2024-11-01,"AI, Managed Care","Seed, Series A","Chennai, Bangalore",2024,11,2024-11-01
Eduardo Saverin,282.2,2,2017-12-01,"Technology, Ecommerce, Other",Private Equity,"Mumbai, Unknown",2017,12,2017-12-01
Indiamart,282.2,3,2024-12-01,"Computer Software, Retail Intelligence","Series B, Pre-Series A","Bangalore, Gurgaon",2024,12,2024-12-01
360 Asset Maunknowngement Fund,280.0,1,2025-05-01,Fashion,Series B,Bangalore,2025,5,2025-05-01
Antler India,277.4,7,2025-07-01,"Software, Investment Management, Professional Training & Coaching","Seed, Pre-Seed, Pre-Series A","Bangalore, Mumbai, Delhi",2025,7,2025-07-01
Affle And Korea Investment Partners,275.56,1,2022-11-01,Ecommerce,Series C,Gurgaon,2022,11,2022-11-01
Ramakant Sharma,274.73,8,2025-06-01,"Gaming, Logistics, AI","Seed, Series A, Private Equity","Delhi, Bangalore, Chennai",2025,6,2025-06-01
Greenoaks,273.9,2,2022-01-01,"Technology, Online Media","Series C, Series A",Bangalore,2022,1,2022-01-01
Goodworker.,273.9,1,2020-11-01,Job Portal,Unknown,Unknown,2020,11,2020-11-01
Village Global,269.75,3,2024-12-01,"Media, SaaS, Risk Intelligence","Seed, Series B","Bangalore, India",2024,12,2024-12-01
Axis Capital,268.92,2,2017-06-01,"Ecommerce, Consumer Internet",Private Equity,"Mumbai, Bangalore",2017,6,2017-06-01
Accel And Kae Capital,265.6,1,2020-01-01,Manufacturing,Series B,Bangalore,2020,1,2020-01-01
Rosy Blue Securities,265.6,1,2017-10-01,Fintech,Private Equity,Mumbai,2017,10,2017-10-01
Itai Tsiddon,265.6,1,2022-01-01,Fintech,Series A,Bangalore,2022,1,2022-01-01
Lightspeed And Greenoaks Capital,265.6,1,2020-01-01,Manufacturing,Series B,Bangalore,2020,1,2020-01-01
Radhakrishan Damani And Rakesh Jhunjhunwala,265.6,1,2017-10-01,Fintech,Private Equity,Mumbai,2017,10,2017-10-01
Trust Capital,265.6,1,2017-10-01,Fintech,Private Equity,Mumbai,2017,10,2017-10-01
Ritesh Agarwal,265.6,1,2021-12-01,Social,Seed,Gurgaon,2021,12,2021-12-01
Ankiti Bose,265.6,1,2021-12-01,Social,Seed,Gurgaon,2021,12,2021-12-01
Clp Holdings Group,265.6,1,2018-09-01,Technology,Private Equity,Bangalore,2018,9,2018-09-01
And Teunknownska,265.6,1,2018-09-01,Technology,Private Equity,Bangalore,2018,9,2018-09-01
\\Xc3\\X98Rstead,265.6,1,2018-09-01,Technology,Private Equity,Bangalore,2018,9,2018-09-01
Innogy,265.6,1,2018-09-01,Technology,Private Equity,Bangalore,2018,9,2018-09-01
Bitkraft Ventures,265.6,1,2022-01-01,Fintech,Series A,Bangalore,2022,1,2022-01-01
Natiounknownl Quantum Mission,265.6,1,2025-07-01,Advanced Hardware & Technology,Series A,Bangalore,2025,7,2025-07-01
Mayfield Ventures,265.6,4,2016-10-01,"Other, Consumer Internet, Online Food Delivery",Private Equity,"Mumbai, Bangalore, Unknown",2016,10,2016-10-01
Fs,265.6,1,2017-10-01,Fintech,Private Equity,Mumbai,2017,10,2017-10-01
Qed Investors,263.11,2,2025-01-01,"Credit Card Issuance, Credit & Financial","Other, Pre-Series A","Pune, Bangalore",2025,1,2025-01-01
Tree Line Asia,262.28,1,2015-12-01,"Mobile Wallet, Digital / Mobile Wallet",Private Equity,Gurgaon,2015,12,2015-12-01
Indiaquotient,261.79,3,2025-09-01,"Fintech, Manufacturing, Ecommerce","Series D, Pre-Series A, Seed","Ahmedabad, Bangalore, Gurgaon",2025,9,2025-09-01
Vivriti Capital,260.02,4,2021-07-01,"Fintech, Automobile","Unknown, Debt","Bangalore, Gurgaon, Mumbai",2021,7,2021-07-01
Razorpay,259.79,3,2025-06-01,"Edtech, Information&Technology, Fintech","Pre-Series A, Series A, Unknown","Andheri, Gurgaon, Bangalore",2025,6,2025-06-01
Goldman Sachs Group,259.79,1,2016-09-01,Ecommerce,Private Equity,Mumbai,2016,9,2016-09-01
Ashish Gupta,258.75,3,2022-04-01,"Consumer Internet, Design, Information Technology &","Seed, Unknown, Pre-Series A","Gurgaon, Bangalore, Hyderabad",2022,4,2022-04-01
Epsilon Venture Partners,257.3,2,2017-10-01,Technology,Private Equity,"Bangalore, Hyderabad",2017,10,2017-10-01
Nicolas Walewski,257.3,1,2025-10-01,Fintech,"Debt, Seed",Maharashtra,2025,10,2025-10-01
Ucunknownrnt Fund,257.3,1,2017-06-01,Technology,Private Equity,Mumbai,2017,6,2017-06-01
Teachers Insurance And Annuity Association (Tiaa),257.3,1,2018-11-01,Investment,Other,Mumbai,2018,11,2018-11-01
Evolvence India Fund (Eif),257.3,1,2020-08-01,Interior Design,Series D,Chennai,2020,8,2020-08-01
Pidilite Group,257.3,1,2020-08-01,Interior Design,Series D,Chennai,2020,8,2020-08-01
Bace Capital,257.3,3,2021-10-01,"Edtech, Gaming","Series B, Pre-Seed, Unknown","Mumbai, Pune, Noida",2021,10,2021-10-01
Alcon Edge Capital,257.3,1,2017-06-01,Technology,Private Equity,Mumbai,2017,6,2017-06-01
Akhil Gupta And Lowercarbon Capital,255.64,1,2022-06-01,Cleantech,Seed,Mumbai,2022,6,2022-06-01
Edelweiss Discover Fund,255.0,1,2024-10-01,Jewelry,Series B,Bangalore,2024,10,2024-10-01
Unicorn India Ventures,252.70000000000002,23,2025-09-01,"Fintech, Technology, Iot","Seed, Pre-Series A, Unknown","Bangalore, Hyderabad, Mumbai",2025,9,2025-09-01
Balaji Srinivasan,252.07,2,2021-07-01,"Information Technology, Social Media","Seed, Series B",Bangalore,2021,7,2021-07-01
Uber,251.7,1,2024-09-01,Mobility,Series C,Unknown,2024,9,2024-09-01
Ggv Capital,251.37,2,2020-08-01,"Healthcare, Fintech",Unknown,"Gurgaon, Bangalore",2020,8,2020-08-01
Sid Khanunknown,250.0,1,2025-02-01,Seafood Supply,IPO,Bangalore,2025,2,2025-02-01
Promoters And Employees,250.0,1,2024-08-01,Healthcare,Other,Usa,2024,8,2024-08-01
Abakkus Four2Eight Opportunities Fund,250.0,1,2025-01-01,Nutraceutical,Equity,Hyderabad,2025,1,2025-01-01
Vyom Family Office,250.0,1,2024-09-01,Defence,Other,Unknown,2024,9,2024-09-01
Ds Group,250.0,1,2025-01-01,Nutraceutical,Equity,Hyderabad,2025,1,2025-01-01
Sunjay Kapur,250.0,1,2025-02-01,Seafood Supply,IPO,Bangalore,2025,2,2025-02-01
Shivalik Prints,250.0,1,2025-02-01,Seafood Supply,IPO,Bangalore,2025,2,2025-02-01
Asquare Investing,250.0,1,2024-09-01,Defence,Other,Unknown,2024,9,2024-09-01
Sbi,250.0,1,2024-09-01,Defence,Other,Unknown,2024,9,2024-09-01
Family Office Of Sriharsha Majety (Swiggy),250.0,1,2025-02-01,Seafood Supply,IPO,Bangalore,2025,2,2025-02-01
Aspada,249.00000000000003,3,2020-01-01,"Fintech, Other","Private Equity, Unknown","Mumbai, Unknown, Chennai",2020,1,2020-01-01
Neev Fund,249.0,1,2020-02-01,Agritech,Series B,Coimbatore,2020,2,2020-02-01
Maverick Capital Ventures,249.0,1,2017-07-01,Ecommerce,Private Equity,Gurgaon,2017,7,2017-07-01
Sorenson Capital,249.0,1,2024-12-01,Risk Intelligence,Series B,India,2024,12,2024-12-01
Playbook Partners,249.0,1,2025-08-01,Ecommerce,Series C,Ahmedabad,2025,8,2025-08-01
Hinduja,249.0,1,2021-11-01,Fintech,Unknown,Gurgaon,2021,11,2021-11-01
Vertex Ventures Southeast Asia (Sea) And India And Sistema Asia Fund,249.0,1,2018-09-01,Fintech,Private Equity,Mumbai,2018,9,2018-09-01
Sony Innovation Fund,249.0,1,2020-01-01,Transport & Rentals,Series D,Bangalore,2020,1,2020-01-01
India Value Fund Advisors,249.0,1,2015-07-01,Fine Dining Restaurant,Private Equity,Mumbai,2015,7,2015-07-01
E Clear,249.0,1,2021-11-01,Fintech,Unknown,Gurgaon,2021,11,2021-11-01
Plutus Wealth,249.0,1,2021-10-01,Fintech,Series B,Mumbai,2021,10,2021-10-01
Westcap Group,249.0,1,2021-08-01,Gaming,Unknown,Gurgaon,2021,8,2021-08-01
Sofiunknown S.A.,249.0,1,2017-08-01,Technology,Private Equity,Bangalore,2017,8,2017-08-01
Makemytrip,249.0,3,2017-09-01,"Consumer Internet, Travel Information Portal, Travel",Private Equity,"Delhi, Bangalore, Gurgaon",2017,9,2017-09-01
Marshall Wace,249.0,1,2021-11-01,Fintech,Series C,Pune,2021,11,2021-11-01
Iifl And Accel Partners,249.0,1,2016-07-01,Ecommerce,Private Equity,Mumbai,2016,7,2016-07-01
Amarpreet Sawhney,249.0,1,2015-07-01,Big Data & Analytics,Private Equity,India,2015,7,2015-07-01
Mukul Goyal And Coppermine Capita,249.0,1,2022-04-01,Manufacturing,Unknown,Surat,2022,4,2022-04-01
Gsv Ventures,249.0,1,2021-04-01,Edtech,Series D,Mumbai,2021,4,2021-04-01
Giift,249.0,1,2022-02-01,Computer Software,Unknown,Bangalore,2022,2,2022-02-01
Hornbill Capital Advisers,249.0,1,2021-03-01,Gaming,Unknown,Mumbai,2021,3,2021-03-01
Saif Partners And Others,249.0,1,2015-12-01,Logistics,Private Equity,Gurgaon,2015,12,2015-12-01
\\Xc2\\Xa0 Lightbox Ventures,249.0,1,2015-12-01,Qsr,Private Equity,Pune,2015,12,2015-12-01
Shine Star,249.0,1,2021-11-01,Fintech,Unknown,Gurgaon,2021,11,2021-11-01
Sachin Aunknownnd And Dipen Shah,249.0,1,2022-05-01,Healthcare,Seed,Pune,2022,5,2022-05-01
Fred Khosravi,249.0,1,2015-07-01,Big Data & Analytics,Private Equity,India,2015,7,2015-07-01
Orbimed Asia Partners,249.0,1,2021-09-01,Biotechnology,Unknown,Chennai,2021,9,2021-09-01
Sig Global,249.0,1,2020-10-01,Social Media,Unknown,Delhi,2020,10,2020-10-01
Omnitex Industries,249.0,1,2025-09-01,Clean,Unknown,Pune,2025,9,2025-09-01
Panthera Growth Partners,249.0,1,2025-01-01,D2C Skincare,Unspecified Round,Mumbai,2025,1,2025-01-01
Gaurav Kumar,249.0,1,2024-08-01,Fintech,Equity,Chennai,2024,8,2024-08-01
Arthmate,249.0,1,2021-11-01,Fintech,Unknown,Gurgaon,2021,11,2021-11-01
Lee Fixel'S Addition,249.0,1,2020-10-01,Social Media,Unknown,Delhi,2020,10,2020-10-01
Fosun Rz Capital,249.0,1,2018-09-01,Fintech,Private Equity,Mumbai,2018,9,2018-09-01
Schroder Adveq,249.0,1,2020-01-01,Technology,Series C,Mumbai,2020,1,2020-01-01
The Chatterjee Group,249.0,1,2021-05-01,Fintech,Series A,Mumbai,2021,5,2021-05-01
Lakshmi Narayaunknownn,249.0,1,2017-08-01,Technology,Private Equity,Bangalore,2017,8,2017-08-01
Nttvc,249.0,1,2024-10-01,Ai Cloud,Series A,Mumbai,2024,10,2024-10-01
Prophetic Ventures,249.0,1,2021-05-01,Fintech,Series A,Mumbai,2021,5,2021-05-01
Commerce Ventures,249.0,1,2024-12-01,Risk Intelligence,Series B,India,2024,12,2024-12-01
Z47 (Matrix Partners India),249.0,1,2025-01-01,D2C Skincare,Unspecified Round,Mumbai,2025,1,2025-01-01
And Endiya Partners.\\N\\N,249.0,1,2018-09-01,Fintech,Private Equity,Mumbai,2018,9,2018-09-01
Sandeep Singhal,249.0,1,2021-10-01,B2B,Series A,Bangalore,2021,10,2021-10-01
Paypal Ventures,249.0,1,2024-12-01,Risk Intelligence,Series B,India,2024,12,2024-12-01
Kose Corporation,249.0,1,2025-01-01,D2C Skincare,Unspecified Round,Mumbai,2025,1,2025-01-01
Deshpande Foundation,249.0,1,2015-07-01,Big Data & Analytics,Private Equity,India,2015,7,2015-07-01
Institutiounknownl Venture Partners,249.0,1,2016-01-01,Technology,Private Equity,Bangalore,2016,1,2016-01-01
Richard S. Braddock,249.0,1,2015-07-01,Big Data & Analytics,Private Equity,India,2015,7,2015-07-01
Xyz Ventures,249.0,1,2024-12-01,Risk Intelligence,Series B,India,2024,12,2024-12-01
Syngenta Ventures,249.0,1,2020-10-01,Food,Unknown,Bangalore,2020,10,2020-10-01
Digital Garage,248.17000000000002,3,2017-04-01,"Consumer Internet, Ecommerce",Private Equity,Bangalore,2017,4,2017-04-01
British Interunknowntiounknownl Investment (Bii),248.0,3,2025-04-01,"Healthcare, Ev Components, Venture Capitalist","Unspecified Round, Strategic Investment","Delhi, Mumbai",2025,4,2025-04-01
Axilor Ventures,247.92000000000002,14,2025-02-01,"Technology, Accounting, Consumer Internet","Private Equity, Seed, Other","Bangalore, Gurgaon, Mumbai",2025,2,2025-02-01
Us Interunknowntiounknownl Development Fiunknownnce Corporation,247.34,2,2024-10-01,"Food, Grain Commerce","Unknown, Other","Odisha, Noida",2024,10,2024-10-01
Dell Technologies Capital,247.33999999999997,3,2025-03-01,"Computer Software, AI, Enterprise Ai","Seed, Series A",Bangalore,2025,3,2025-03-01
Lakestar And Jungle Ventures,244.85,1,2018-11-01,Software,Series A,India,2018,11,2018-11-01
Learn Capital,244.85,2,2021-07-01,"Technology, Edtech","Private Equity, Other",Bangalore,2021,7,2021-07-01
Softbank\\Xe2\\X80\\X99S Deepcore.,244.85,1,2018-11-01,Software,Series A,India,2018,11,2018-11-01
Sequoia Capital India’S Surge,242.36,3,2021-08-01,"Edtech, Computer Software, Fintech","Unknown, Series A","Bangalore, Singapore",2021,8,2021-08-01
Amicus Capital,241.53,3,2021-08-01,"Consumer Internet, Cosmetics, Personal Care","Series B, Private Equity","Mumbai, Delhi, Gurgaon",2021,8,2021-08-01
Rising Tide Energy,240.7,1,2025-05-01,Battery Swapping,Series B,Delhi,2025,5,2025-05-01
Tiger Global Maunknowngement And Gvk Davix Technologies,240.7,1,2022-04-01,Fintech,Unknown,Mumbai,2022,4,2022-04-01
Matrix Partners India And Zodius Capital,240.7,1,2018-07-01,Fintech,Private Equity,Gurgaon,2018,7,2018-07-01
Amazon Smbhav Venture Fund,240.7,3,2025-01-01,"Diagnostics & Healthcare, Diagnostics And Healthcare, Luxury Skincare","Unspecified Round, Unknown, Series A","Bangalore, Raipur",2025,1,2025-01-01
Quickroutes Interunknowntiounknownl,240.2,1,2022-04-01,Ecommerce,Unknown,Bangalore,2022,4,2022-04-01
Celesta Capital,238.62,3,2024-11-01,"Edtech, Femtech, Cancer Diagnostics","Series A, Series B","Gurgaon, Bangalore, Pune",2024,11,2024-11-01
Jito Incubation And Innovation Foundation,238.45,2,2025-06-01,"D2C Kids Innerwear, AI","Unspecified Round, Unknown","Mumbai, Gurgaon",2025,6,2025-06-01
Whiteboard Capital,236.25,10,2024-12-01,"Ecommerce, Edtech, Consumer Internet","Seed, Unknown, Private Equity","Delhi, Gurgaon, Bangalore",2024,12,2024-12-01
Growx Ventures,236.13,15,2025-08-01,"Healthcare, Consumer Internet, Technology","Seed, Private Equity, Unknown","Bangalore, Gurgaon, Mumbai",2025,8,2025-08-01
Maunknownged By Pantomath Capital Maunknowngement,235.0,1,2024-11-01,Snacks,Other,Kolkata,2024,11,2024-11-01
Shell Ventures And Y Combiunknowntor,234.06,1,2022-06-01,Automotive,Series A,Gurgaon,2022,6,2022-06-01
Zoho Corporation,232.92000000000002,2,2025-07-01,"Ev Manufacturing, Advanced Hardware & Technology","Unknown, Series A","Bangalore, Thiruvananthapuram",2025,7,2025-07-01
Pratithi Investment Trust,232.56,4,2021-03-01,"Technology, Rental, D2C Fashion","Unknown, Private Equity, Series C","Bangalore, Chennai, Mumbai",2021,3,2021-03-01
Vertex Growth / Jetty Ventures,232.4,1,2025-10-01,Life Sciences > Nutraceuticals,Series D,Karnataka,2025,10,2025-10-01
Redblue Capital,232.4,1,2022-01-01,Automotive,Seed,Chandigarh,2022,1,2022-01-01
Wes Schwalje,232.4,1,2020-01-01,Technology,Series E,Bangalore,2020,1,2020-01-01
Gic Ventures,232.4,1,2015-04-01,Online Classifieds & Listings,Private Equity,Chennai,2015,4,2015-04-01
Sb Partners,232.4,1,2020-11-01,Fintech,Unknown,Gurgaon,2020,11,2020-11-01
Kedar Kulkarni And Nithin Kamath,232.4,1,2022-05-01,Fintech,Series A,Chennai,2022,5,2022-05-01
Man Capital,232.4,1,2021-09-01,"Consumer Internet, Edtech","Private Equity, Series B","Delhi, Gurgaon",2021,9,2021-09-01
Ibk Capital,232.4,1,2020-11-01,Fintech,Unknown,Gurgaon,2020,11,2020-11-01
Eximius Ventures,231.28,4,2025-09-01,"Consumer, SaaS, Gaming Game Development","Pre-Seed, Other","Bangalore, Chennai, Mumbai",2025,9,2025-09-01
The Uk\\Xe2\\X80\\X99S Development Fiunknownnce Institution And P Surendra Pai,230.73,1,2018-11-01,Fintech,Series D,Chennai,2018,11,2018-11-01
Jitendra Gupta,230.29000000000002,8,2021-09-01,"Fintech, It, Consumer Internet","Seed, Series A, Unknown","Mumbai, Chennai, Bangalore",2021,9,2021-09-01
Info Edge (India) Ltd And Temasek,229.91,1,2018-07-01,Consumer Internet,Private Equity,Gurgaon,2018,7,2018-07-01
Gtm Ventures And Whiteboard Capital,229.91,1,2022-08-01,Fintech,Series A,Mumbai,2022,8,2022-08-01
Capital G,229.91,1,2020-06-01,Fintech,Series E,Gurgaon,2020,6,2020-06-01
Alphabet'S Independent Growth Fund,229.91,1,2020-06-01,Fintech,Series E,Gurgaon,2020,6,2020-06-01
And Meraki Labs,228.25,1,2024-09-01,AI,Series A,Bangalore,2024,9,2024-09-01
General Catalyst﻿,228.25,1,2024-09-01,AI,Series A,Bangalore,2024,9,2024-09-01
Tremis Capital And Goodwater Capital,228.25,1,2022-07-01,Fintech,Seed,Gurgaon,2022,7,2022-07-01
Sucseed Indovation Fund,226.06,5,2024-09-01,"Deeptech, Job Discovery, Fintech","Seed, Unknown, Unspecified Round","Bangalore, Delhi, Mumbai",2024,9,2024-09-01
Ashish Kacholia,225.8,5,2025-05-01,"Consumer Food, Semiconductor, Equity Investment","Series A, Series B, Seed","Gurgaon, Bangalore, London",2025,5,2025-05-01
Qualgro,224.10000000000002,3,2021-06-01,"Consumer Internet, Technology, SaaS","Series A, Private Equity","Bangalore, Delhi",2021,6,2021-06-01
Artiman Ventures,224.10000000000002,3,2017-09-01,"Healthcare, Technology",Private Equity,"Bangalore, Gurgaon",2017,9,2017-09-01
Funknownprime Capital,224.1,2,2024-10-01,"Heathcare, SaaS","Series B, Unspecified Round",Mumbai,2024,10,2024-10-01
Rakesh Jhunjhunwala,224.1,1,2017-12-01,Technology,Private Equity,Mumbai,2017,12,2017-12-01
Unbound,224.1,1,2024-08-01,Fintech,Unspecified Round,Gurgaon,2024,8,2024-08-01
Sequoia’S Surge,224.1,8,2021-08-01,"Social Ecommerce, Wholesale, It","Unknown, Seed, Pre-Series A",Bangalore,2021,8,2021-08-01
Ifc Everstone Group,224.1,1,2015-11-01,Education Content,Private Equity,Delhi,2015,11,2015-11-01
Two Uk Family Offices,224.1,1,2024-08-01,Fintech,Unspecified Round,Gurgaon,2024,8,2024-08-01
Abler Nordic,224.1,2,2025-10-01,Fintech,"Private Equity, Series B","Maharashtra, Bangalore",2025,10,2025-10-01
Aavishkaar Venture Capital,224.1,3,2021-06-01,"Agritech, Cleantech, Fintech","Series A, Series C, Unknown","Ahmedabad, Samastipur, Delhi",2021,6,2021-06-01
Times Group,224.1,1,2021-12-01,"Fm, Ott","Series A, Series B",Bangalore,2021,12,2021-12-01
Acquired Fusebox Games Limited,224.1,1,2024-08-01,Gaming Media,Acquisition,Mumbai,2024,8,2024-08-01
Acquired 54% In Rediff.Com India Ltd,224.1,1,2024-08-01,Fintech,Acquisition,Gift,2024,8,2024-08-01
Sandeep Tandon,220.78,10,2020-12-01,"Ecommerce, Consumer Internet, Technology","Private Equity, Seed, Series B","Mumbai, Bangalore, Gurgaon",2020,12,2020-12-01
Oneup Fiunknownncial Consultants,219.95,1,2025-10-01,Enterprise Applications > Manufacturing,Series B,Maharashtra,2025,10,2025-10-01
Sri Capital,219.94,9,2021-06-01,"Consumer Internet, Healthcare, Technology","Seed, Private Equity, Other","Bangalore, Delhi, Pune",2021,6,2021-06-01
V3 Ventures,216.56,5,2025-04-01,"Houseplants & Urban Gardening, Backpacker Hostel, D2C Labgrown Diamond Jewellery","Series A, Other, Pre-Series A","Pune, Mumbai, Kolkata",2025,4,2025-04-01
Valiant Capital Partners,215.8,1,2015-02-01,Other,Private Equity,Unknown,2015,2,2015-02-01
Edelweiss Private Equity,215.8,2,2017-09-01,"Technology, Consumer Internet",Private Equity,"Bangalore, Delhi",2017,9,2017-09-01
Creation Investments Capital Maunknowngement,215.8,2,2020-01-01,"Consumer Internet, Fintech","Private Equity, Unknown","Bangalore, Chennai",2020,1,2020-01-01
Miledeep Capital,215.8,1,2024-10-01,Dairy,Debt + Equity,Bangalore,2024,10,2024-10-01
Scale Venture Partners,215.8,1,2020-01-01,AI,Series A,Bangalore,2020,1,2020-01-01
500 Global,215.8,1,2024-10-01,Dairy,Debt + Equity,Bangalore,2024,10,2024-10-01
Ets,215.8,1,2021-09-01,Edtech,Series B,Gurgaon,2021,9,2021-09-01
Triton Investment Advisors,215.8,1,2019-06-01,Waste Management,Pre-Series A,Hyderabad,2019,6,2019-06-01
Deep Kalra,215.8,4,2021-12-01,"Mutual Fund Investing, Online Pharmacy & Drug Db, Edtech","Private Equity, Series B, Unknown","Bangalore, Gurgaon",2021,12,2021-12-01
Memg Cdc,215.8,1,2017-11-01,Healthcare,Private Equity,Bangalore,2017,11,2017-11-01
And Nandan Nilekani,215.8,1,2017-09-01,Ecommerce,Private Equity,Gurgaon,2017,9,2017-09-01
Pidilite Industries Director Ajay Parekh,215.8,1,2019-06-01,Waste Management,Pre-Series A,Hyderabad,2019,6,2019-06-01
Nb Ventures,215.72,9,2024-10-01,"Healthcare, Edtech, Technology","Private Equity, Series A, Unknown","Goa, Bangalore, Delhi",2024,10,2024-10-01
Jito Angel Network,214.535,8,2022-03-01,"Electricity, Hospitality, Media","Seed, Unknown, Pre-Series A","Mumbai, Gurgaon, Ahmedabad",2022,3,2022-03-01
Hnis,214.27,9,2025-05-01,"Consumer Internet, Ev, Media","Seed, Series A, Pre-Series A","Bangalore, Hyderabad, Gurgaon",2025,5,2025-05-01
Capria Ventures,214.14,3,2025-04-01,"Retail, Agritech, B2B Manufacturing","Series A, Series B","Bangalore, Ahmedabad",2025,4,2025-04-01
Accel And Fundamentum,214.0,1,2025-03-01,Fmcg,Other,Bangalore,2025,3,2025-03-01
And Saison Capital,211.65,1,2024-10-01,Edtech,Seed,Bangalore,2024,10,2024-10-01
Global Ventures,211.65,1,2024-10-01,Edtech,Seed,Bangalore,2024,10,2024-10-01
Nikhil Chandra Gupta And Caspian Impact Investments,211.65,1,2022-08-01,Fintech,Seed,Mumbai,2022,8,2022-08-01
Qualcomm,211.65,2,2017-02-01,"Consumer Internet, Home",Private Equity,Bangalore,2017,2,2017-02-01
Eniac Ventures,211.64999999999998,2,2025-08-01,AI,"Seed, Series A",Bangalore,2025,8,2025-08-01
Beenos Asia,210.41,2,2020-07-01,"Payments Solution, Media","Private Equity, Unknown","Mumbai, Bangalore",2020,7,2020-07-01
Grand Anicut,210.0,1,2025-01-01,"Agriculture Supply, B2B Food & Agritech",Debt,Chennai,2025,1,2025-01-01
Ola,209.58,2,2024-09-01,"Mobile Point Of Sale Payment Solution, Technology","Private Equity, Angel",Unknown,2024,9,2024-09-01
Info Edge (India),208.72,2,2016-12-01,"Consumer Internet, Restaurant Reviews","Seed, Private Equity","Delhi, Gurgaon",2016,12,2016-12-01
Ncubate Capital Partners,208.0,1,2024-08-01,Appliances,Unspecified Round,Gurgaon,2024,8,2024-08-01
G Investments,208.0,1,2024-08-01,Appliances,Unspecified Round,Gurgaon,2024,8,2024-08-01
Z3 Partners,207.5,1,2022-02-01,Computer Software,Series B,Gurgaon,2022,2,2022-02-01
Fidelity Growth Partners India,207.5,2,2016-03-01,"Technology, Edtech",Private Equity,"Pune, Mumbai",2016,3,2016-03-01
Bessemer Venture Partner,207.5,1,2015-11-01,Mobile,Private Equity,Gurgaon,2015,11,2015-11-01
Innov8,207.5,1,2017-11-01,Technology,Private Equity,Bangalore,2017,11,2017-11-01
Arun Sarin,207.5,1,2016-10-01,Consumer Internet,Private Equity,Bangalore,2016,10,2016-10-01
Orkla Ventures,207.5,1,2020-10-01,Healthcare,Unknown,London,2020,10,2020-10-01
American Express,207.5,1,2015-04-01,Digital / Mobile Wallet,Private Equity,Gurgaon,2015,4,2015-04-01
Rise Capital,207.5,1,2020-01-01,Ecommerce,Unknown,Mumbai,2020,1,2020-01-01
Adm Capital,207.5,1,2021-07-01,Real Estate,Unknown,Gurgaon,2021,7,2021-07-01
Econtext Asia,207.5,1,2015-10-01,Payments Solution,Private Equity,Mumbai,2015,10,2015-10-01
\\Xc2\\Xa0 Ucunknownrnt Fund,207.5,1,2017-08-01,Consumer Internet,Private Equity,Bangalore,2017,8,2017-08-01
Electronic Development Fund,207.5,1,2018-01-01,Fintech,Private Equity,Bangalore,2018,1,2018-01-01
Amit Hooja And Force Ventures,207.5,1,2022-09-01,Food,Seed,Bangalore,2022,9,2022-09-01
Janvest Capital Partners,207.5,1,2020-10-01,SaaS,Series B,San Francisco,2020,10,2020-10-01
Franklin Templeton Alterunknowntive Investments Fund,207.5,1,2025-08-01,Fintech,Debt,Pune,2025,8,2025-08-01
Bharat Innovation Fund,207.5,2,2021-04-01,"AI, Edtech","Series A, Series B",Bangalore,2021,4,2021-04-01
Paradigm,207.5,1,2021-04-01,Fintech,Series B,Bangalore,2021,4,2021-04-01
\\Xc2\\Xa0 Falcon Edge,207.5,1,2016-10-01,Consumer Internet,Private Equity,Bangalore,2016,10,2016-10-01
Lee Fixel’S Addition,207.5,1,2025-01-01,It Management Saas,Series C,Chennai,2025,1,2025-01-01
\\Xc2\\Xa0 Eight Roads Ventures,207.5,1,2017-03-01,Technology,Private Equity,Pune,2017,3,2017-03-01
Berggruen Holdings,207.5,1,2015-08-01,Mobile Based Pos Solution,Private Equity,Bangalore,2015,8,2015-08-01
India Infoline Fiunknownnce,207.5,1,2021-08-01,Edtech,Unknown,Mumbai,2021,8,2021-08-01
Hero Electronix\\Xe2\\X80\\X99S Corporate Fiunknownncing Arm,207.5,1,2018-01-01,Fintech,Private Equity,Bangalore,2018,1,2018-01-01
Helion Advisors,207.5,1,2015-08-01,Mobile Based Pos Solution,Private Equity,Bangalore,2015,8,2015-08-01
Singtel,207.5,1,2017-11-01,Technology,Private Equity,Bangalore,2017,11,2017-11-01
Social+Capital,207.5,1,2015-08-01,Mobile Based Pos Solution,Private Equity,Bangalore,2015,8,2015-08-01
Smedvig Capital,207.5,1,2020-10-01,Healthcare,Unknown,London,2020,10,2020-10-01
Duane Park,207.5,1,2022-01-01,Mobile Games,Series A,Delhi,2022,1,2022-01-01
Aunknownnta Capital,207.5,3,2021-09-01,"Hospital & Health Care, Logistics, Healthcare","Series A, Series B, Unknown","Gurgaon, Delhi",2021,9,2021-09-01
Capital India,207.5,1,2021-07-01,Fintech,Unknown,Delhi,2021,7,2021-07-01
Sunil Kant Munjal,207.5,1,2018-01-01,Fintech,Private Equity,Bangalore,2018,1,2018-01-01
Battery Ventures,207.5,1,2025-01-01,B2B Saas,Series A,Bangalore,2025,1,2025-01-01
Mayfield,207.5,4,2020-02-01,"Fintech, Logistics, Online Finance Lending","Private Equity, Series A","Mumbai, Ahmedabad, Bangalore",2020,2,2020-02-01
Sozo Ventures,207.5,1,2020-06-01,AI,Series B,Bangalore,2020,6,2020-06-01
Greycroft,207.5,1,2017-03-01,Technology,Private Equity,Pune,2017,3,2017-03-01
Cisco Investments,207.5,1,2015-04-01,Digital / Mobile Wallet,Private Equity,Gurgaon,2015,4,2015-04-01
Bytedance,207.5,1,2016-10-01,Consumer Internet,Private Equity,Bangalore,2016,10,2016-10-01
Marc Lore,207.5,1,2020-01-01,Ecommerce,Unknown,Mumbai,2020,1,2020-01-01
Vunknownsciences Investments,207.5,1,2025-03-01,Dairy Products,Equity,Gurgaon,2025,3,2025-03-01
March Gaming,207.5,1,2022-01-01,Mobile Games,Series A,Delhi,2022,1,2022-01-01
Cdh Investments,207.5,1,2021-03-01,Ecommerce,"Debt, Unknown",Gurgaon,2021,3,2021-03-01
Sam Lambert,207.5,1,2020-01-01,Software,Series B,San Francisco,2020,1,2020-01-01
Meru Capital,207.5,1,2015-07-01,Mobile Point Of Sale Payment Solution,Private Equity,Unknown,2015,7,2015-07-01
Gunosy,207.5,1,2021-06-01,Fintech,"Debt, Unknown",Bangalore,2021,6,2021-06-01
Motilal Oswal,207.5,1,2022-02-01,Food,Unknown,Bangalore,2022,2,2022-02-01
Aspada Ventures,207.5,1,2016-05-01,Consumer Internet,Private Equity,Bangalore,2016,5,2016-05-01
2B Angels,207.5,1,2020-10-01,SaaS,Series B,San Francisco,2020,10,2020-10-01
Xiaomi Inc,207.5,1,2016-04-01,Consumer Internet,Private Equity,Mumbai,2016,4,2016-04-01
Venture Partners,207.5,1,2022-01-01,Fintech,Series A,Bangalore,2022,1,2022-01-01
Florintree Advisors,206.54,2,2025-04-01,"Consumer Internet, Defence","Private Equity, Other","Mumbai, Bangalore",2025,4,2025-04-01
Vh Capital,205.83999999999997,1,2018-06-01,"Healthcare, Technology",Private Equity,Bangalore,2018,6,2018-06-01
Family Offices,205.22,8,2025-02-01,"Fintech, Sameday Delivery, Edtech","Seed, Unspecified Round, Series A","Delhi, Mumbai, Hyderabad",2025,2,2025-02-01
Artha Ventures,203.5,2,2024-09-01,"Higher Education, Callcenter","Series B, Series A","Delhi, Mumbai",2024,9,2024-09-01
Mountain View Data,201.0,1,2022-04-01,Industrial Manufacturing,Unknown,Tokyo,2022,4,2022-04-01
Nsfo,200.0,1,2025-03-01,D2C Beauty,Other,Bangalore,2025,3,2025-03-01
Ford Smart Mobility Llc,199.2,1,2016-08-01,Consumer Internet,Private Equity,Bangalore,2016,8,2016-08-01
Abhiunknownv Mathur And 17 Other Investors,199.2,1,2022-04-01,Food,Unknown,Bangalore,2022,4,2022-04-01
Qualcomm Venture,199.2,2,2018-05-01,"Technology, Healthcare",Private Equity,"Bangalore, Chennai",2018,5,2018-05-01
Better Capital And Jaynti Kaunknownni,199.2,1,2022-07-01,Crypto Currency,Seed,Bangalore,2022,7,2022-07-01
Value Quest,199.2,1,2021-10-01,D2C Jewellery,Unknown,Bangalore,2021,10,2021-10-01
G Catalyst,199.2,1,2024-12-01,Spacetech,Other,Bangalore,2024,12,2024-12-01
Symphony Interunknowntiounknownl Holdings Limited,199.2,1,2021-10-01,D2C Jewellery,Unknown,Bangalore,2021,10,2021-10-01
Gemba Capital,195.13,2,2025-06-01,"SaaS, Defence Electronics","Seed, Series A","Seattle, Bangalore",2025,6,2025-06-01
Elevar Equity And Accel Partners,195.05,1,2018-01-01,Fintech,Private Equity,Chennai,2018,1,2018-01-01
Surge,193.39000000000001,6,2020-12-01,"SaaS, Healthcare, Edtech","Unknown, Pre-Series A, Series A","Bangalore, Noida, Pune",2020,12,2020-12-01
Hines,190.9,1,2017-12-01,Real Estate,Private Equity,Mumbai,2017,12,2017-12-01
Fiunknownnce Private Limited,190.9,1,2025-01-01,Climatefocused Deeptech,Debt,Pune,2025,1,2025-01-01
Anthos Capital,190.9,1,2022-03-01,Edtech,Series A,Haryana,2022,3,2022-03-01
Oman India Joint Investment Fund (Oijif),190.9,1,2018-06-01,Fintech,Private Equity,Bhubneswar,2018,6,2018-06-01
Microsoft Ventures,190.9,1,2016-06-01,Technology,Private Equity,Pune,2016,6,2016-06-01
Shinhan Bank And Ts Investment,190.9,1,2018-04-01,Technology,Private Equity,Gurgaon,2018,4,2018-04-01
Line Corp,190.9,1,2018-04-01,Technology,Private Equity,Gurgaon,2018,4,2018-04-01
Line Ventures Corporation,190.9,1,2018-04-01,Technology,Private Equity,Gurgaon,2018,4,2018-04-01
Northern Arc Capital Limited,190.9,1,2025-01-01,Climatefocused Deeptech,Debt,Pune,2025,1,2025-01-01
Maaunknownveeya Development,190.9,1,2025-01-01,Climatefocused Deeptech,Debt,Pune,2025,1,2025-01-01
Eunknownm Holdings,190.9,1,2025-06-01,Cleantech,Unknown,Pune,2025,6,2025-06-01
Gfc,190.9,2,2022-01-01,"Ethnic Product Ecommerce, Fintech","Private Equity, Seed","Mumbai, Bangalore",2022,1,2022-01-01
Unilever Ventures,190.07,6,2025-03-01,"Ecommerce, Social Ecommerce, D2C Haircare","Series A, Private Equity, Series C","Mumbai, Gurgaon, Unknown",2025,3,2025-03-01
Infibeam,189.79,2,2017-05-01,Consumer Internet,Private Equity,Mumbai,2017,5,2017-05-01
Lightspeed India,186.75,5,2025-09-01,"Consumer Internet, Real Estate Broker, Edtech","Private Equity, Seed, Series A","Bangalore, Delhi, Gurgaon",2025,9,2025-09-01
Blue Earth Capital / Lok Capital,186.75,1,2025-10-01,Fintech,Series B,Tamil Nadu,2025,10,2025-10-01
Ruunknownnet Technology Partners,186.75,1,2015-12-01,Home,Private Equity,Bangalore,2015,12,2015-12-01
Funknownprime Capital Partners,186.75,2,2017-04-01,"Healthcare, Consumer Internet",Private Equity,"Bangalore, Hyderabad",2017,4,2017-04-01
And Shastra Vc,186.0,1,2025-06-01,Defence Electronics,Series A,Bangalore,2025,6,2025-06-01
Co,183.7869,2,2025-06-01,"Teleshopping / Ecommerce, Real Estate","Private Equity, Unknown","Mumbai, Chennai",2025,6,2025-06-01
Lonsdale Capital,182.6,1,2020-10-01,Ecommerce,Series A,Bangaldesh,2020,10,2020-10-01
. Exxora And Rich Research And Innovation Circle Of Hyderabad,182.6,1,2022-12-01,Healthcare,Seed,Pune,2022,12,2022-12-01
Romulus Capital And Kalaari Capital,182.6,1,2019-01-01,Healthcare,Series D,India,2019,1,2019-01-01
Dsp Mutual Fund Group,182.6,1,2022-03-01,Higher Education,Series B,Delhi,2022,3,2022-03-01
Kaizenvest Private Equity,182.6,1,2022-03-01,Higher Education,Series B,Delhi,2022,3,2022-03-01
Accel Partners And Idg Ventures,182.6,1,2018-05-01,Consumer Internet,Private Equity,Mumbai,2018,5,2018-05-01
Rainfall Ventures,182.6,2,2022-03-01,"Fintech, Entertainment","Pre-Series A, Series A",Bangalore,2022,3,2022-03-01
Transamerica And Others.,182.6,1,2018-04-01,Consumer Internet,Private Equity,Mumbai,2018,4,2018-04-01
Mirae Asset Ventures,182.6,1,2022-01-01,Fintech,Series A,Mumbai,2022,1,2022-01-01
The Argentum Group And The Argentum Group,180.94,1,2022-10-01,AI,Series B,Linthicum Heights,2022,10,2022-10-01
Mela Ventures,180.35000000000002,4,2025-07-01,"SaaS, Semiconductor Design, AI","Series A, Pre-Series A, Series B","Bangalore, Chennai",2025,7,2025-07-01
Spiral Ventures And Icmg Partners,180.11,1,2022-11-01,Healthcare,Series B,Delhi,2022,11,2022-11-01
Saif Partners And Lgt Impact Ventures,178.45,1,2018-06-01,Fintech,Private Equity,Gurgaon,2018,6,2018-06-01
Innoven Capital India,177.62,2,2017-09-01,"Ecommerce, Edtech","Debt, Private Equity","Gurgaon, Bangalore",2017,9,2017-09-01
Singularity Growth Opportunities Fund And Blume Ventures,175.13,1,2022-08-01,Enterprise Software,Series B,Mumbai,2022,8,2022-08-01
Teunknowncity Ventures And The Exportunknownimport Bank Of India,175.0,1,2025-04-01,Defence,Other,Bangalore,2025,4,2025-04-01
Delhivery,174.3,3,2015-11-01,"Ecommerce, Last Mile Delivery, Online Logistics",Private Equity,Bangalore,2015,11,2015-11-01
Ashok Nichani,174.3,1,2020-07-01,SaaS,Pre-Series A,Gurgaon,2020,7,2020-07-01
Mahindra Partners,174.3,1,2017-04-01,Healthcare,Private Equity,Bangalore,2017,4,2017-04-01
Series B,174.3,1,2025-05-01,Healthcare,Series B,Bhubaneswar,2025,5,2025-05-01
Tdk Ventures,174.3,1,2025-08-01,Cleantech,Unknown,Bangalore,2025,8,2025-08-01
The Sparkle Fund,174.3,1,2022-01-01,Fintech,Series D,Bangalore,2022,1,2022-01-01
Thuasne Participations,174.3,1,2018-06-01,Healthcare,Private Equity,Chandigarh,2018,6,2018-06-01
Shelly Nichani,174.3,1,2020-07-01,SaaS,Pre-Series A,Gurgaon,2020,7,2020-07-01
Lighthouse Funds,174.3,1,2018-06-01,Healthcare,Private Equity,Chandigarh,2018,6,2018-06-01
Transpose Platform,174.3,1,2022-01-01,Fintech,Series D,Bangalore,2022,1,2022-01-01
Kalaari Capital And Inventus Capital,174.3,1,2016-01-01,Consumer Internet,Private Equity,Gurgaon,2016,1,2016-01-01
Accel Partner,174.3,1,2017-06-01,Consumer Internet,Private Equity,Gurgaon,2017,6,2017-06-01
Gojo,174.3,2,2021-02-01,Fintech,"Unknown, Debt",Delhi,2021,2,2021-02-01
Girunknownrsoft,174.3,2,2020-01-01,"Edtech, Fintech","Seed, Unknown","Jaipur, Ludhiana",2020,1,2020-01-01
Company,174.3,2,2021-02-01,Fintech,"Unknown, Debt",Delhi,2021,2,2021-02-01
Greycroft Partners,174.3,1,2016-03-01,"Technology, Cloud Enterprise Software",Private Equity,Pune,2016,3,2016-03-01
Eagle Investments And Eagle Proprietary Investments,173.47,1,2022-10-01,Hospitality,Series B,Hyderabad,2022,10,2022-10-01
Prath Ventures,173.47,4,2025-07-01,"Ecommerce, Fashion, Qsr Coffee","Pre-Series A, Seed, Series B","Chandigarh, Noida, Bangalore",2025,7,2025-07-01
Samsung Venture Investment Corporation,172.64000000000001,2,2020-07-01,"Other, Travel","Series D, Unknown","Gurgaon, Noida",2020,7,2020-07-01
Wing Ventures,172.64,1,2024-12-01,SaaS,Series A,India,2024,12,2024-12-01
Recall Capital,172.64,1,2024-12-01,SaaS,Series A,India,2024,12,2024-12-01
Devc,171.66,6,2025-10-01,"Aifocused Healthtech, B2B Healthcare Financing, High > Chatbots","Seed, Pre-Seed, Series A","New Jersey, Ichalkaranji, Delhi",2025,10,2025-10-01
Amicus Capital Partners And Michael,170.15,1,2022-08-01,Ecommerce,Series B,Bangalore,2022,8,2022-08-01
Java Capital,167.5,7,2025-01-01,"Edtech, Food, Fintech","Seed, Series B, Pre-Seed","Bangalore, Jaipur, Gurgaon",2025,1,2025-01-01
Divij Bajaj And Samiullah Shaik,166.83,1,2022-09-01,Fashion,Pre-Seed,Noida,2022,9,2022-09-01
Round2 Capital,166.0,1,2024-11-01,Technology,Debt + Equity,Bengaluru Regstd Indian Office,2024,11,2024-11-01
Saif Partners India Vi Ltd,166.0,1,2020-01-01,Logistics,Series F,Unknown,2020,1,2020-01-01
S Ramadorai,166.0,1,2025-07-01,Ecommerce,Series C,Gurgaon,2025,7,2025-07-01
Spring Canter Investment Ltd,166.0,1,2020-01-01,Logistics,Series F,Unknown,2020,1,2020-01-01
Sc Gg India Mobility Holdings Llc,166.0,1,2019-08-01,Ecommerce,Series C,Gurgaon,2019,8,2019-08-01
Sig,166.0,1,2021-11-01,Furniture,Series C,Bangalore,2021,11,2021-11-01
Fractal,166.0,1,2025-03-01,AI,Unknown,Bangalore,2025,3,2025-03-01
Spring Canter Investment Ltd.,166.0,1,2019-12-01,Technology,Series F,Gurgaon,2019,12,2019-12-01
State Bank Of India,166.0,1,2022-01-01,Information Technology &,Unknown,Noida,2022,1,2022-01-01
Sunknownpdeal,166.0,1,2015-10-01,Delivery & Logistics,Private Equity,Gurgaon,2015,10,2015-10-01
The Fundamentum Partnership Fund,166.0,1,2025-05-01,Fintech,Series B,Bangalore,2025,5,2025-05-01
Aditya Birla Ventures,166.0,1,2025-06-01,Fintech,Series A,Nan,2025,6,2025-06-01
True Ventures,166.0,1,2025-01-01,Industrial Robotics,Series B,Bangalore,2025,1,2025-01-01
Walden Catalyst Ventures,166.0,1,2025-01-01,Industrial Robotics,Series B,Bangalore,2025,1,2025-01-01
Wargburg Pincus,166.0,1,2018-02-01,It,Private Equity,Bangalore,2018,2,2018-02-01
West Bridge,166.0,1,2022-03-01,Fintech,Seed,Mumbai,2022,3,2022-03-01
Digital Garage Inc,166.0,1,2017-07-01,Ecommerce,Private Equity,Gurgaon,2017,7,2017-07-01
\\Xc2\\Xa0 Mayfield,166.0,1,2016-11-01,Consumer Internet,Private Equity,Bangalore,2016,11,2016-11-01
\\Xc2\\Xa0 Nirvaunknown Ventures Advisors,166.0,1,2015-06-01,Hyperlocal Shopping,Private Equity,Mumbai,2015,6,2015-06-01
Delta Partners,166.0,1,2016-11-01,Consumer Internet,Private Equity,Bangalore,2016,11,2016-11-01
Ph Ventures,166.0,1,2024-11-01,Technology,Debt + Equity,Bengaluru Regstd Indian Office,2024,11,2024-11-01
Bajaj Fiunknownncial Securities,166.0,1,2025-09-01,Ecommerce,Series B,Noida,2025,9,2025-09-01
Bose Corporation,166.0,1,2025-04-01,Wearables,Unspecified Round,Gurgaon,2025,4,2025-04-01
Mandar Joshi And Iti Growth Opportunities Fund,166.0,1,2022-09-01,Industry,Seed,Thane,2022,9,2022-09-01
Malpani Group,166.0,1,2021-11-01,Consumer Goods,Unknown,Mumbai,2021,11,2021-11-01
Makers Fund,166.0,1,2020-10-01,Gaming,"Unknown, Series B",Delhi,2020,10,2020-10-01
Dcap Select,166.0,1,2024-11-01,Technology,Debt + Equity,Bengaluru Regstd Indian Office,2024,11,2024-11-01
Blue Dot Capital,166.0,1,2025-07-01,Ecommerce,Series C,Gurgaon,2025,7,2025-07-01
Blueorchard Fiunknownnce S A,166.0,1,2021-02-01,Fintech,Unknown,Delhi,2021,2,2021-02-01
Invested Development,166.0,1,2021-01-01,Agritech,Series C,Bangalore,2021,1,2021-01-01
Merisis Opportunities Fund,166.0,1,2025-07-01,Ecommerce,Series C,Gurgaon,2025,7,2025-07-01
Burman Family Office,166.0,1,2024-09-01,Fintech,Seed,Gurgaon,2024,9,2024-09-01
Cerracap,166.0,1,2015-12-01,Online Wedding,Private Equity,Delhi,2015,12,2015-12-01
Hedge Fund,166.0,1,2018-01-01,Technology,Private Equity,Delhi,2018,1,2018-01-01
Healthx Capital,166.0,1,2022-01-01,Hospital & Health Care,Series A,Hyderabad,2022,1,2022-01-01
Godrej Family Office,166.0,1,2021-11-01,Consumer Goods,Unknown,Mumbai,2021,11,2021-11-01
Gef Capital Partners,166.0,1,2024-12-01,Preengineered Buildings,Initial Funding,Greater Noida,2024,12,2024-12-01
Courtside Ventures,166.0,1,2020-10-01,Gaming,"Unknown, Series B",Delhi,2020,10,2020-10-01
M3M Family Office,166.0,1,2025-04-01,Beauty,Series A,Mumbai,2025,4,2025-04-01
Dhruv Agarwala,166.0,1,2020-01-01,Infratech,Series A,Mumbai,2020,1,2020-01-01
Artek Chemicals,166.0,1,2025-07-01,Ecommerce,Series C,Gurgaon,2025,7,2025-07-01
One More Fund,166.0,1,2015-12-01,Based Bus Pooling,Private Equity,Gurgaon,2015,12,2015-12-01
Arvind Thakur,166.0,1,2025-07-01,Ecommerce,Series C,Gurgaon,2025,7,2025-07-01
Nordea Growth Fund,166.0,1,2024-11-01,Technology,Debt + Equity,Bengaluru Regstd Indian Office,2024,11,2024-11-01
Paramark Vc,166.0,1,2024-09-01,Fintech,Seed,Gurgaon,2024,9,2024-09-01
Ms Dhoni Family Office,166.0,1,2024-09-01,Fintech,Seed,Gurgaon,2024,9,2024-09-01
Nikhil Kamath (Zerodha),166.0,1,2024-10-01,Elder Care,Seed,Bangalore,2024,10,2024-10-01
Askme,166.0,1,2015-08-01,Online Furniture,Private Equity,Bangalore,2015,8,2015-08-01
Neo Asset Maunknowngement,166.0,1,2025-05-01,Disposable Hygiene,Unspecified Round,Mumbai,2025,5,2025-05-01
Asset Maunknowngement,166.0,1,2021-08-01,Fintech,Debt,Delhi,2021,8,2021-08-01
Asset Maunknowngement (Asia) Ltd,166.0,1,2017-07-01,Ecommerce,Private Equity,Gurgaon,2017,7,2017-07-01
Mankind Pharma,165.61,2,2025-01-01,"Food, Coworking","Series A, Other","Bangalore, Delhi",2025,1,2025-01-01
Rainmatter,165.256,15,2025-10-01,"Technology, Ecommerce, Consumer Internet","Seed, Unknown, Unspecified Round","Bangalore, Mumbai, Ahmedabad",2025,10,2025-10-01
Sofiunknown Ventures,163.71,2,2025-02-01,"Food, D2C Protein Bars Foodtech","Unknown, Series C","Gurgaon, Mumbai",2025,2,2025-02-01
Triodos Investment Maunknowngement,163.51,3,2021-06-01,"Consumer Internet, Agritech, Fintech","Unknown, Debt","Delhi, Gurgaon, Bangalore",2021,6,2021-06-01
Gvfl,162.79999999999998,9,2025-09-01,"Consumer Internet, Logistics, Information Technology &","Seed, Private Equity, Pre-Series A","Mumbai, Ahmedabad, Noida",2025,9,2025-09-01
Anupam Mittal,162.73,12,2025-02-01,"Consumer Internet, Food, Fmcg","Seed, Private Equity, Series A","Mumbai, Bangalore, Gurgaon",2025,2,2025-02-01
A91 Partners And Kae Capital,162.68,1,2022-12-01,Ecommerce,Series H,Gurgaon,2022,12,2022-12-01
Siaunknown Capital,161.85000000000002,4,2025-02-01,"Insurance, Edtech, Xr","Series A, Other, Pre-Series A","Noida, Telangana, Troy",2025,2,2025-02-01
"Ontario Teachers\\'""",161.85,1,2017-12-01,Fintech,Private Equity,Hyderabad,2017,12,2017-12-01
Mirae Asset Global Investments And Verlinvest,161.85,1,2022-07-01,Healthcare,Series A,Bangalore,2022,7,2022-07-01
"""Kedaraa Capital",161.85,1,2017-12-01,Fintech,Private Equity,Hyderabad,2017,12,2017-12-01
Angels,161.66000000000003,5,2024-09-01,"Edtech, Home Decor D2C, Biomedical Products","Unspecified Round, Seed, Series A","Pune, Bangalore, Kolkata",2024,9,2024-09-01
Gray Matters Capital,161.19,5,2025-06-01,"Fintech, Healthcare, Edtech","Private Equity, Series A, Seed","Hyderabad, Bangalore, Chennai",2025,6,2025-06-01
British Interunknowntiounknownl Investment,161.02,1,2025-08-01,Fintech,Unknown,Pune,2025,8,2025-08-01
Lumis Partners,161.02,5,2024-10-01,"Technology, Consumer Internet, Logistics","Private Equity, Unknown, Pre-Series A","Bangalore, Noida, Mumbai",2024,10,2024-10-01
Xiaomi,161.01999999999998,2,2020-02-01,"Consumer Internet, Hr","Private Equity, Unknown","Bangalore, Unknown",2020,2,2020-02-01
Rohit Bansal,160.51,10,2021-02-01,"Ecommerce, Food, Employee Onboarding & Orientation","Seed, Private Equity, Other","Gurgaon, Delhi, Bangalore",2021,2,2021-02-01
Khosla Impact,158.94,3,2016-11-01,"Technology, Fintech, Mobile Messaging Assistant","Private Equity, Seed","Gurgaon, Mumbai, Bangalore",2016,11,2016-11-01
Propstack,158.26,1,2020-01-01,Real Estate,Unknown,Bangalore,2020,1,2020-01-01
500 Startups,157.82999999999998,13,2020-04-01,"Consumer Internet, Data Science & Ux Design Learning, Online Content For Women","Seed, Private Equity, Debt","Delhi, Gurgaon, Bangalore",2020,4,2020-04-01
Narotam Sekhsaria Family Office,157.70000000000002,2,2025-07-01,"Ecommerce, Drone","Series B, Unspecified Round","Bangalore, Chennai",2025,7,2025-07-01
Bhavin Turakhia,157.7,1,2016-09-01,Technology,Private Equity,Mumbai,2016,9,2016-09-01
Rpsg Capital Ventures,157.7,4,2025-05-01,"Healthcare, D2C Retail, Fashion","Series A, Pre-Series A, Other","Gurgaon, Mumbai, Delhi",2025,5,2025-05-01
Solaunknown,157.7,1,2021-10-01,Entertainment,Unknown,Bangalore,2021,10,2021-10-01
Bhaane Group,157.7,1,2025-05-01,Beauty,Unknown,Mumbai,2025,5,2025-05-01
Peepul Capital,157.7,2,2015-10-01,"Fashion Jewelry And Accessories Etailer, Crosschannel Crm",Private Equity,"Jaipur, Mumbai",2015,10,2015-10-01
Idg Venture,157.7,1,2018-06-01,Healthcare,Private Equity,Bangalore,2018,6,2018-06-01
Cyan Banister,157.7,1,2025-02-01,AI,Series A,Bangalore,2025,2,2025-02-01
Terwilliger Centre,157.7,1,2020-10-01,Sanitation,Unknown,Bangalore,2020,10,2020-10-01
Axilor Ventures And Binny Bansal,157.7,1,2018-06-01,Healthcare,Private Equity,Bangalore,2018,6,2018-06-01
Jump Capital,157.7,1,2025-02-01,AI,Series A,Bangalore,2025,2,2025-02-01
Teunknowncity Ventures And Commvault,157.7,1,2025-05-01,Cybersecurity,Other,Bangalore,2025,5,2025-05-01
Mohit Aron,157.7,1,2025-02-01,AI,Series A,Bangalore,2025,2,2025-02-01
Fortune 1000 Executives,157.7,1,2025-02-01,AI,Series A,Bangalore,2025,2,2025-02-01
Negen Capital,156.62,5,2025-04-01,"Fintech, Food, Aerospace","Series A, Other, Equity","Mumbai, Delhi, Hyderabad",2025,4,2025-04-01
Amazonunknownpatni Jv,156.37,1,2018-01-01,Ecommerce,Private Equity,Delhi,2018,1,2018-01-01
Sparrow Capital,156.04,3,2025-07-01,"Consulting, Ai Wealth Management Assistant, Ecommerce","Seed, Series B","Bangalore, Mumbai",2025,7,2025-07-01
Bessemer Venture Partners And Gtmfund,155.21,1,2022-06-01,Media&Entertainment,Series A,Mumbai,2022,6,2022-06-01
Artha India Ventures,154.26,5,2021-05-01,"Consumer Internet, Cloud, Agritech","Unknown, Seed, Pre-Seed","Mumbai, Bangalore, Kochi",2021,5,2021-05-01
Z3Partners,154.0,2,2025-01-01,"Agritech, SaaS","Unknown, Other","Indore, Mumbai",2025,1,2025-01-01
Sbiunknownfmo Fund,153.55,1,2017-07-01,Technology,Private Equity,Bangalore,2017,7,2017-07-01
Yournest Venture Capital,153.44,8,2025-04-01,"AI, Robotics, Manufacturing Data","Seed, Pre-Series A, Other","Bangalore, Mumbai, Hyderabad",2025,4,2025-04-01
Ktb Network,152.72,2,2020-08-01,"Consumer Internet, Social Ecommerce","Private Equity, Series A",Bangalore,2020,8,2020-08-01
Lightstone Global Funds,152.47,1,2020-04-01,Logistics,Series D,Mumbai,2020,4,2020-04-01
Ceunknownventures,151.89,2,2025-09-01,"Mortgage Distribution, Ecommerce","Series B, Series A","Gurgaon, Mumbai",2025,9,2025-09-01
Rtp Global And Iseed,151.89,1,2022-06-01,Logistics,Series A,Bangalore,2022,6,2022-06-01
Angellist,151.21,9,2025-02-01,"Healthcare, Technology, Retail","Unknown, Pre-Series A, Seed","Bangalore, Gurgaon, Sydney",2025,2,2025-02-01
Seedfund,151.06,4,2017-06-01,"Consumer Internet, Advertising & Marketing Community Networking, Fashion Ecommerce Store","Private Equity, Seed","Noida, Delhi, Bangalore",2017,6,2017-06-01
Xiaomi Singapore,151.06,1,2018-01-01,Technology,Private Equity,Bangalore,2018,1,2018-01-01
021 Capital,151.01,6,2022-03-01,"Edtech, Deeptech, Consulting","Seed, Unknown, Pre-Series A","Bangalore, Mumbai, Small Towns",2022,3,2022-03-01
Spark Capital,150.63,2,2025-06-01,"Gps Renewables, Digital Payment","Other, Seed","Bangalore, Chennai",2025,6,2025-06-01
Eight Road Ventures,149.9,2,2020-07-01,"Used Vehicles, Eye Wear","Private Equity, Unknown","Mumbai, Chennai",2020,7,2020-07-01
Incred,149.68,3,2025-09-01,"Consumer Internet, Gps Renewables, Travel","Seed, Other, Unknown","Bangalore, Mumbai",2025,9,2025-09-01
Asha Impact,149.4,1,2020-11-01,Cleantech,Series C,Ahmedabad,2020,11,2020-11-01
Jungle Ventures (Primary,149.4,1,2025-02-01,Wealth Advisory Fintech,Unspecified Round,Mumbai,2025,2,2025-02-01
Eif,149.4,1,2025-06-01,Deeptech,Series A,Delhi,2025,6,2025-06-01
Citi Ventures,149.4,1,2020-10-01,AI,Unknown,San Francisco,2020,10,2020-10-01
Secondary Investment),149.4,1,2025-02-01,Wealth Advisory Fintech,Unspecified Round,Mumbai,2025,2,2025-02-01
Mirae Asset Vc,149.4,1,2024-09-01,Devotional,Series B,Bangalore,2024,9,2024-09-01
Usunknownbased Institution,149.4,1,2025-05-01,Ev Financier,Debt,Delhi,2025,5,2025-05-01
Prashasta Seth (Prudent Investment Maunknownger),149.4,1,2024-12-01,Fintech,Debt + Equity,Mumbai,2024,12,2024-12-01
Nanoholdings,149.4,1,2016-05-01,Technology,Private Equity,Chennai,2016,5,2016-05-01
Blue Orchard,149.4,2,2021-08-01,"Fintech, Banking","Private Equity, Unknown","Gurgaon, Delhi",2021,8,2021-08-01
Perpetuity Ventures,149.4,1,2024-12-01,Fintech,Debt + Equity,Mumbai,2024,12,2024-12-01
Pegasus Fininvest,149.4,1,2024-12-01,Fintech,Debt + Equity,Mumbai,2024,12,2024-12-01
Insight Venture Partners,149.4,1,2018-03-01,Technology,Private Equity,Chennai,2018,3,2018-03-01
Accel Partners And Tiger Global Maunknowngement.,149.4,1,2018-03-01,Technology,Private Equity,Chennai,2018,3,2018-03-01
Illumiunknownted Funds Group,149.4,1,2020-10-01,AI,Unknown,San Francisco,2020,10,2020-10-01
Gulf Islamic Investments,149.39999999999998,2,2025-05-01,"Consumer Goods, Value Retail","Unknown, Series D",Delhi,2025,5,2025-05-01
Ashish Dhawan,149.39999999999998,2,2018-05-01,"Consumer Internet, Food","Other, Private Equity","Mumbai, Delhi",2018,5,2018-05-01
Alpha Wave Ventures And Chimera Investm,148.5,1,2022-04-01,Edtech,Series D,Noida,2022,4,2022-04-01
Lightspeed India Partners And Yournest Venture Capital,147.74,1,2022-08-01,Electronics,Series A,Bengaluri,2022,8,2022-08-01
Sima Gandhi And Nexus Venture Partners,147.74,1,2022-08-01,Software,Series A,Sanfrancisco,2022,8,2022-08-01
Yes Bank,147.74,2,2021-02-01,"Consumer Internet, Agritech",Debt,"Ahmedabad, Gurgaon",2021,2,2021-02-01
Alphawave,146.37,2,2024-10-01,"Fintech, Healthcare","Series B, Other",Bangalore,2024,10,2024-10-01
Powerhouse Ventures,145.34,8,2025-08-01,"Technology, Ecommerce, Interactivexc2Xa0 Howto Guides","Seed, Private Equity, Pre-Seed","Bangalore, Delhi, Mumbai",2025,8,2025-08-01
Abhishek Pandey And Sriunknownth Ramakkrushunknownn,145.25,1,2022-04-01,Manufacturing,Unknown,Tiruchirappall,2022,4,2022-04-01
Harsh Jain,145.25,2,2024-08-01,"Healthcare, Dating","Series A, Unspecified Round","Bangalore, Delhi",2024,8,2024-08-01
Tiger Global’S Scott Schleifer,145.25,1,2021-08-01,Healthcare,Unknown,Bangalore,2021,8,2021-08-01
Lalit Keshre,145.25,2,2024-08-01,"Healthcare, Dating","Series A, Unspecified Round","Bangalore, Delhi",2024,8,2024-08-01
Volt Capital And Polygon Studios,145.25,1,2022-05-01,Crypto Currency,Unknown,Wyoming,2022,5,2022-05-01
Fintech,144.51,1,2019-11-01,Fintech,Debt,Gurgaon,2019,11,2019-11-01
Sumer Juneja And Eight Roads Ventures,143.59,1,2022-05-01,Fashion,Unknown,Bangalore,2022,5,2022-05-01
Asia Impact,143.59,1,2024-08-01,B2B Agriinputs,Series B,Gurgaon,2024,8,2024-08-01
Anthill Ventures,142.76,6,2021-10-01,"Technology, Travel, Veterinary","Pre-Series A, Private Equity, Unknown","Gurgaon, Noida, Hyderabad",2021,10,2021-10-01
Bhavish Aggarwal,142.76,1,2018-03-01,Consumer Internet,Private Equity,Bangalore,2018,3,2018-03-01
Kuunknownl Shah And Manish Patel.,142.76,1,2018-03-01,Consumer Internet,Private Equity,Bangalore,2018,3,2018-03-01
Ankit Bhati,142.76,1,2018-03-01,Consumer Internet,Private Equity,Bangalore,2018,3,2018-03-01
Inventus Capital,142.34,2,2018-11-01,"Healthcare, Consumer Internet, Ecommerce","Private Equity, Other","Bangalore, Mumbai",2018,11,2018-11-01
Saison Capital,141.93,3,2025-06-01,"Fintech, Credit & Financial, Medical Equipment Procurement","Unknown, Pre-Series A, Series A","Bangalore, Gurgaon",2025,6,2025-06-01
Sashi Reddi,141.93,4,2024-09-01,"Consumer Internet, Food, Test Automation Saas","Seed, Private Equity, Other","Hyderabad, Bangalore, Unknown",2024,9,2024-09-01
Tanglin Ventures,141.93,2,2025-08-01,"Computer Software, Media & Entertainment","Series A, Pre-Series A","Chennai, Haveri",2025,8,2025-08-01
Base 10 Partners,141.1,1,2021-10-01,SaaS,Series A,Noida,2021,10,2021-10-01
Wrv Capital,141.1,1,2017-09-01,Technology,Private Equity,Bangalore,2017,9,2017-09-01
Reach Capital,141.1,2,2024-10-01,Edtech,"Other, Unspecified Round","Unknown, Gurgaon",2024,10,2024-10-01
Prasid Uno Family Trust,141.1,1,2019-04-01,Ecommerce,Private Equity,Bangalore,2019,4,2019-04-01
Chiratae,141.1,2,2024-12-01,"Textiles, Ai Wealth Management Assistant","Series A, Seed","Delhi, Mumbai",2024,12,2024-12-01
Allcargo Logistics,141.1,1,2018-07-01,Fintech,Private Equity,Mumbai,2018,7,2018-07-01
Ventureeast,141.1,2,2016-05-01,"Technology, Other",Private Equity,"Mumbai, Unknown",2016,5,2016-05-01
Navneet Education And Mahavir Agency,141.1,1,2018-07-01,Fintech,Private Equity,Mumbai,2018,7,2018-07-01
Exfinity Ventures,140.68,4,2020-05-01,"Technology, Mobile Marketing Automation, Online Security","Private Equity, Series A","Pune, Bangalore",2020,5,2020-05-01
Good Capital,140.38,4,2025-03-01,"Edtech, Social Commerce, D2C Home Appliances","Seed, Pre-Series A, Series B","Kochi, Bangalore, Gurgaon",2025,3,2025-03-01
1Crowd,140.2,13,2025-02-01,"Consumer Internet, Healthcare, Technology","Seed, Pre-Series A, Series A","Bangalore, Udaipur, Mumbai",2025,2,2025-02-01
Invest In Vision,139.05,1,2020-07-01,Fintech,Series E,Gurgaon,2020,7,2020-07-01
E.On,137.78,1,2015-11-01,Efficient Energy Management,Private Equity,Usa,2015,11,2015-11-01
Rwe,137.78,1,2015-11-01,Efficient Energy Management,Private Equity,Usa,2015,11,2015-11-01
Constellation Technology Ventures (Exelon Corporation),137.78,1,2015-11-01,Efficient Energy Management,Private Equity,Usa,2015,11,2015-11-01
Accel And Aditya Birla Ventures,137.78,1,2022-12-01,Information&Technology,Series A,Gurgaon,2022,12,2022-12-01
Ashok Goel (Promoter),136.95,1,2015-02-01,Other,Private Equity,Unknown,2015,2,2015-02-01
Cm Ventures,136.95,1,2021-05-01,Edtech,Series A,Bangalore,2021,5,2021-05-01
Rocketship,136.64999999999998,3,2020-06-01,"Ecommerce, Micromobiity","Private Equity, Unknown","Noida, Mumbai, Unknown",2020,6,2020-06-01
Jj Beshara Angel And 3One4 Capital,136.12,1,2022-05-01,Fintech,Unknown,Nashik,2022,5,2022-05-01
Icici Venture,136.0,1,2025-04-01,Beauty Products,Series B,Gurgaon,2025,4,2025-04-01
Unitus Seed Fund,135.46,8,2017-03-01,"Consumer Internet, Technology, Edtech","Private Equity, Seed","Bangalore, Mumbai, Us",2017,3,2017-03-01
Mirabilis Investment Trust,135.0,2,2025-02-01,"Womens Wellness & Hygiene, Logistics","Other, Series C",Mumbai,2025,2,2025-02-01
New Enterprise Associates (Nea),134.45999999999998,2,2016-06-01,"Technology, Consumer Internet",Private Equity,"Bangalore, Gurgaon",2016,6,2016-06-01
Trifecta,134.0,2,2024-12-01,"Cleantech, Postsales","Debt, Series D","Gurgaon, Mumbai",2024,12,2024-12-01
Ankit Nagori And Sumon Sadhu,133.63,1,2022-04-01,Enterprise Software,Series A,San Jose,2022,4,2022-04-01
Iifl Fintech Fund,133.4,2,2025-01-01,"Fintech, It And It Consulting","Unknown, Series B, Other","Bangalore, Unknown, Mumbai",2025,1,2025-01-01
Mudhal Partners,133.3,2,2024-12-01,"Ev Manufacturing, Media","Unknown, Unspecified Round","Bangalore, Chennai",2024,12,2024-12-01
Titanium Ventures,132.8,1,2024-12-01,AI,Series A,Austin,2024,12,2024-12-01
Marubeni Corporation.,132.8,1,2020-02-01,Cleantech,Unknown,Unknown,2020,2,2020-02-01
Orios Ventures,132.8,3,2024-09-01,"Healthcare, Renewables & Environment, SaaS","Pre-Series A, Unknown, Seed","Bangalore, Delhi, Unknown",2024,9,2024-09-01
Valley Capital Partners,132.8,1,2024-12-01,AI,Series A,Austin,2024,12,2024-12-01
Eragon,132.8,1,2024-11-01,Cancer Diagnostics,Series A,Pune,2024,11,2024-11-01
Bravia Capital,132.8,1,2016-10-01,Other,Private Equity,Mumbai,2016,10,2016-10-01
Owl Ventures And Blume Ventures,132.8,1,2025-05-01,Healthcare,Seed,Us,2025,5,2025-05-01
Grameen Impact India (Giii),132.8,1,2020-01-01,Solar Solution,Unknown,Hyderabad,2020,1,2020-01-01
Interwest Partners,132.8,1,2015-03-01,Other,Private Equity,Unknown,2015,3,2015-03-01
Dragoneer Investment,132.8,2,2015-04-01,"Online Grocer, Other",Private Equity,"Bangalore, Unknown",2015,4,2015-04-01
\\Xc2\\Xa0 Qualcomm Ventures,132.8,1,2015-03-01,Other,Private Equity,Unknown,2015,3,2015-03-01
Vikrampati Singhania And Wami Capita,132.8,1,2022-11-01,Electrical Automobiles,Seed,Unknown,2022,11,2022-11-01
Wave Equity Partners,132.8,1,2020-02-01,Cleantech,Unknown,Unknown,2020,2,2020-02-01
Mohr Davidow Ventures,132.8,1,2015-03-01,Other,Private Equity,Unknown,2015,3,2015-03-01
Indusage Partners,132.8,2,2020-01-01,Technology,"Private Equity, Debt","Bangalore, Usa",2020,1,2020-01-01
Iifl Wealth Maunknowngement Seed Venture Fund,132.8,1,2016-07-01,Fintech,Private Equity,Mumbai,2016,7,2016-07-01
Blockchain Capital,132.8,1,2021-01-01,Healthcare,Unknown,Bangalore,2021,1,2021-01-01
Sbi Ven Capital,132.8,1,2021-01-01,Healthcare,Unknown,Bangalore,2021,1,2021-01-01
Accor,132.8,1,2021-06-01,Hospitality,Series D,Bangalore,2021,6,2021-06-01
Social Capital,132.8,1,2017-08-01,Technology,Private Equity,Bangalore,2017,8,2017-08-01
Axiata Digital,132.8,1,2016-06-01,Ecommerce,Private Equity,Bangalore,2016,6,2016-06-01
Asha,132.8,1,2025-10-01,Food & Agriculture > Food & Beverage Products,Series B,Delhi,2025,10,2025-10-01
Singaporeunknownbased Edbi,132.8,1,2024-08-01,Social Media,Debt,Bangalore,2024,8,2024-08-01
Chevron Technology Ventures,132.8,1,2020-02-01,Cleantech,Unknown,Unknown,2020,2,2020-02-01
Presidio Ventures,132.8,1,2015-03-01,Other,Private Equity,Unknown,2015,3,2015-03-01
Teunknowncity Ventures,132.8,1,2024-11-01,Cancer Diagnostics,Series A,Pune,2024,11,2024-11-01
Cedars Siunknowni,132.8,1,2024-11-01,Cancer Diagnostics,Series A,Pune,2024,11,2024-11-01
Js Capital Maunknowngement,132.8,1,2017-08-01,Technology,Private Equity,Bangalore,2017,8,2017-08-01
India,131.97,4,2025-08-01,"Ecommerce, Semiconductors, Cleantech","Seed, Unspecified Round, Series A","Bangalore, Delhi, Pune",2025,8,2025-08-01
Kuunknownl Bahl,131.46,9,2016-07-01,"Ecommerce, Food, Employee Onboarding & Orientation","Seed, Private Equity","Delhi, Noida, Gurgaon",2016,7,2016-07-01
Toppan Printing,131.14,1,2019-11-01,Healthcare,Series B,Mumbai,2019,11,2019-11-01
Ackermans,131.14,1,2019-11-01,Healthcare,Series B,Mumbai,2019,11,2019-11-01
Van Haaren,131.14,1,2019-11-01,Healthcare,Series B,Mumbai,2019,11,2019-11-01
Institutiounknownl Investors,130.75,2,2024-11-01,"Fintech, Corporate","Unknown, Series A","Jaipur, Bangalore",2024,11,2024-11-01
Inflexor Ventures,130.31,3,2024-11-01,"Insurance, Logistics, Fintech","Series A, Other","Noida, Thane, Delhi",2024,11,2024-11-01
Lingotto Counknowninvest Fund I,130.0,1,2024-12-01,Ev Manufacturing,Unknown,Bangalore,2024,12,2024-12-01
Sequoia Capital India And Sofiunknown,129.5,1,2022-04-01,Edtech,Series B,Mumbai,2022,4,2022-04-01
Westbridge Capital Partners,129.48,1,2016-08-01,Technology,Private Equity,Noida,2016,8,2016-08-01
Hero Fincorp,128.65,1,2020-05-01,Pharmaceutical,Unknown,Bangalore,2020,5,2020-05-01
Wilson Global Opportunities Fund,128.65,1,2020-01-01,Pharmaceutical,Unknown,Bangalore,2020,1,2020-01-01
Coleman And Company Ltd,128.65,2,2017-03-01,"Technology, Ecommerce",Private Equity,Ahmedabad,2017,3,2017-03-01
Gsv,128.65,2,2021-09-01,Edtech,"Series A, Seed","Bangalore, Gurgaon",2021,9,2021-09-01
Vibhor Kanodia And Dhaval Shah,126.99,1,2022-07-01,Retail,Seed,Raipur,2022,7,2022-07-01
Unleash Capital Partners,126.99,2,2025-09-01,Fintech,"Series A, Unknown","Chennai, Mumbai",2025,9,2025-09-01
Lucky Investment Maunknowngers,126.47999999999999,2,2025-05-01,"Equity Investment, Spacetech","Series A, Seed","London, Mumbai",2025,5,2025-05-01
Elevation,126.16,2,2021-10-01,"Edtech, Hospital & Health Care","Seed, Unknown","Bangalore, Pune",2021,10,2021-10-01
Transition Vc,126.16,6,2025-08-01,"Decarbonization For Manufacturing, Advanced Hardware & Iot, Advanced Hardware & Technology","Seed, Pre-Series A, Unknown","Bangalore, Delhi, Mumbai",2025,8,2025-08-01
Sharrp Ventures,125.53999999999999,3,2025-01-01,"Furniture, D2C Bags & Luggage, Gaming Console","Unknown, Series B, Other","Mumbai, Bangalore",2025,1,2025-01-01
Qiming Venture Partners,125.41,1,2019-06-01,Digital Media,Series B,Bangalore,2019,6,2019-06-01
Lumikai,124.50000000000001,5,2025-04-01,"Gaming, Computer Games, Video Content Creation","Seed, Unknown, Pre-Series A","Bangalore, Delhi",2025,4,2025-04-01
Micromax Informatics,124.5,1,2016-04-01,Consumer Internet,Private Equity,Mumbai,2016,4,2016-04-01
Company’S Founder,124.5,1,2024-11-01,Semiurban Commerce,Series A,Chennai,2024,11,2024-11-01
Sakal Media Group,124.5,1,2025-05-01,Media Technology,Seed,Mumbai,2025,5,2025-05-01
Goldman Sachs.,124.5,1,2020-01-01,Fintech,Series B,Bangalore,2020,1,2020-01-01
Chroma Impact Investment,124.5,1,2024-10-01,Biogastech,Unspecified Round,Pune,2024,10,2024-10-01
Omidyar Network And Kae Capital,124.5,1,2017-07-01,Ecommerce,Private Equity,Gurgaon,2017,7,2017-07-01
Softbank Ventures Korea,124.5,1,2017-02-01,Consumer Internet,Private Equity,Gurgaon,2017,2,2017-02-01
Avenir Growth Capital,124.5,1,2022-02-01,Fintech,Series A,Bangalore,2022,2,2022-02-01
Softbank Corp,124.5,1,2016-01-01,Consumer Internet,Private Equity,Mumbai,2016,1,2016-01-01
Vel Kanniappan And Ravi Rengaunknownthan,124.5,1,2022-05-01,Automobile Manufacturing,Seed,Chennai,2022,5,2022-05-01
Olive Tree Capital,124.5,1,2022-02-01,Fintech,Series A,Bangalore,2022,2,2022-02-01
Archean Chemicals Industries,124.5,1,2025-09-01,Clean,Series A,Gurgaon,2025,9,2025-09-01
The Bill,124.5,1,2021-10-01,Fintech,Series A,Bangalore,2021,10,2021-10-01
Anil Jaggia,124.5,1,2016-10-01,Consumer Internet,Private Equity,Mumbai,2016,10,2016-10-01
Leap Capital,124.5,1,2020-10-01,Fintech,Unknown,Sydney,2020,10,2020-10-01
Vertex Ventures Seai,124.5,2,2025-04-01,"Fintech, D2C Home Appliances",Series A,"Mumbai, Gurgaon",2025,4,2025-04-01
Gef Capital’S South Asia Fund,124.5,1,2021-07-01,Logistics,Series B,Gurgaon,2021,7,2021-07-01
Franklin Templeton Interunknowntiounknownl Services Pvt. Ltd,124.5,1,2016-07-01,Consumer Internet,Private Equity,Noida,2016,7,2016-07-01
Fidelity’S Eight Roads,124.5,1,2024-10-01,SaaS,Unspecified Round,Mumbai,2024,10,2024-10-01
Transamerica,124.5,1,2017-06-01,Consumer Internet,Private Equity,Mumbai,2017,6,2017-06-01
Orios Venture Partners.,124.5,1,2015-07-01,Online Budget Hotel,Private Equity,Delhi,2015,7,2015-07-01
Nomura,124.5,1,2021-10-01,Fintech,Series A,Bangalore,2021,10,2021-10-01
Republic Capital,124.5,1,2022-01-01,Entertainment,Series A,Bangalore,2022,1,2022-01-01
Avalon Ventures,124.5,1,2015-06-01,Saas Product Intelligence,Private Equity,Unknown,2015,6,2015-06-01
Blueorchard Microfiunknownnce Fund,124.5,1,2024-12-01,Fintech,Unspecified Round,Bangalore,2024,12,2024-12-01
Onmobile,124.5,1,2022-01-01,Entertainment,Series A,Bangalore,2022,1,2022-01-01
Axa Im Alts,124.5,1,2024-10-01,Biogastech,Unspecified Round,Pune,2024,10,2024-10-01
Stellaris,124.5,1,2022-03-01,Textiles,Series A,Delhi,2022,3,2022-03-01
Maersk,124.5,1,2024-11-01,B2B Bnpl,Unspecified Round,Delhi,2024,11,2024-11-01
Harmony,124.5,1,2022-02-01,Fintech,Series A,Bangalore,2022,2,2022-02-01
Jpin Venture Catalysts,124.5,1,2022-01-01,Entertainment,Series A,Bangalore,2022,1,2022-01-01
Greg Kidd,124.5,1,2021-02-01,Fintech,Seed,Bangalore,2021,2,2021-02-01
Hbm Healthcare Investments,124.5,1,2017-07-01,Ecommerce,Private Equity,Gurgaon,2017,7,2017-07-01
Sistema Asia Capital,124.5,1,2021-05-01,Consulting,Series B,Bangalore,2021,5,2021-05-01
Heliad,124.5,1,2024-11-01,B2B Bnpl,Unspecified Round,Delhi,2024,11,2024-11-01
Chandralekha Construction Pvt. Ltd.,124.5,1,2015-11-01,Premium Dining Lounges & Restaurants,Private Equity,Gurgaon,2015,11,2015-11-01
. Incubate Fund India And Whiteboard Capital,124.5,1,2022-12-01,Jewellery,Seed,Bangalore,2022,12,2022-12-01
Varun Jaipuria,124.5,1,2022-02-01,Fintech,Unknown,Delhi,2022,2,2022-02-01
Space Capital,124.5,1,2020-01-01,Consultancy,Series A,Unknown,2020,1,2020-01-01
Tata Capital Growth Fund Ii,124.5,2,2022-01-01,"It, Information Technology &",Unknown,"Unknown, Mumbai",2022,1,2022-01-01
Nokia Growth Partners,124.5,1,2015-06-01,Saas Product Intelligence,Private Equity,Unknown,2015,6,2015-06-01
Tree Line Investment Maunknowngement,124.5,1,2021-09-01,Food,Series C,Kolkata,2021,9,2021-09-01
Antares Ventures,124.5,2,2025-07-01,"Electric Aircraft, Cleantech","Series B, Seed",Chennai,2025,7,2025-07-01
Private Sector Banks (Debt Funding),124.5,1,2017-03-01,Logistics,Private Equity,Gurgaon,2017,3,2017-03-01
Imm Investment,124.5,1,2017-02-01,Consumer Internet,Private Equity,Gurgaon,2017,2,2017-02-01
Pine Brook,124.5,1,2017-02-01,Consumer Internet,Private Equity,Gurgaon,2017,2,2017-02-01
Kawisafi Ventures,124.5,1,2024-10-01,Biogastech,Unspecified Round,Pune,2024,10,2024-10-01
Incred Growth Partners Fundunknowni And Norwest Capital,124.5,1,2025-05-01,It,Series B,Jaipur,2025,5,2025-05-01
Electrifi,124.5,1,2024-10-01,Biogastech,Unspecified Round,Pune,2024,10,2024-10-01
Narayan Seshadri,124.5,1,2016-10-01,Consumer Internet,Private Equity,Mumbai,2016,10,2016-10-01
Maverick Capital,124.5,1,2015-03-01,Other,Private Equity,Unknown,2015,3,2015-03-01
Shuru Up Ventures,124.5,1,2022-05-01,Mining,Seed,Ahmedabad,2022,5,2022-05-01
Worldbusiness Capital,124.5,1,2021-05-01,Fintech,Unknown,Chennai,2021,5,2021-05-01
Austrian Bank,124.5,1,2020-01-01,Fintech,Unknown,Gurgaon,2020,1,2020-01-01
Naturals Salon Chain,124.5,1,2016-04-01,Consumer Internet,Private Equity,Delhi,2016,4,2016-04-01
Kinzon Capital,124.5,1,2017-03-01,Consumer Internet,Private Equity,Gurgaon,2017,3,2017-03-01
Vikram Sud,124.5,1,2016-10-01,Consumer Internet,Private Equity,Mumbai,2016,10,2016-10-01
Sanjay Nayar,124.5,1,2016-10-01,Consumer Internet,Private Equity,Mumbai,2016,10,2016-10-01
King River Capital,124.5,1,2020-10-01,Fintech,Unknown,Sydney,2020,10,2020-10-01
Interunknowntiounknownl Fiunknownncial Corporation,124.5,1,2016-12-01,Consumer Internet,Private Equity,Bangalore,2016,12,2016-12-01
Intesa Sanpaolo,124.5,1,2024-11-01,B2B Bnpl,Unspecified Round,Delhi,2024,11,2024-11-01
Idfc Spice Fund,124.5,1,2016-04-01,Consumer Internet,Private Equity,Mumbai,2016,4,2016-04-01
Y Combiunknowntor And Others.,124.5,1,2018-06-01,Fintech,Private Equity,Mumbai,2018,6,2018-06-01
Multiply Ventures,124.09,3,2025-10-01,"Edtech, Consumer > Fashion, D2C Fashion",Seed,"Gurgaon, Karnataka, Thiruvananthapuram",2025,10,2025-10-01
Sorin Investments,123.67,3,2025-08-01,"AI, Logistics","Series A, Pre-Seed","Hyderabad, Bangalore, San Fracisco",2025,8,2025-08-01
Agarwal Movers Group,123.67,1,2016-03-01,Logistics,Private Equity,Delhi,2016,3,2016-03-01
Unitus Ventures,123.46,7,2025-02-01,"Edtech, Technology, Work Fulfillment","Unknown, Series A, Other","Bangalore, Mumbai, Unknown",2025,2,2025-02-01
Hashed And A'Z Angels,122.84,1,2022-04-01,Fintech,Series A,Newyork,2022,4,2022-04-01
Authum,122.84,1,2025-10-01,Consumer Goods > Tv & Audiovisual Products,IPO,Maharashtra,2025,10,2025-10-01
Leo Capital,122.00999999999999,5,2025-09-01,"Edtech, Gaming, Entertainment","Other, Pre-Series A, Unknown","Bangalore, Gurgaon, New York Mumbai",2025,9,2025-09-01
Ashneer Grover,120.35,4,2022-02-01,"Loyalty Programs & Reward Points, Music, Microblogging","Unknown, Private Equity, Seed","Mumbai, Bangalore, Gurgaon",2022,2,2022-02-01
Rukam Capital,120.26310000000001,6,2025-08-01,"Consumer Goods, Ecommerce, Ecofriendly Products","Seed, Unknown, Other","Delhi, Chennai, Bangalore",2025,8,2025-08-01
Eight Roads Ventures And Funknownprime Capital,120.0,1,2024-12-01,Biotechnology,Equity,Bangalore,2024,12,2024-12-01
Bharat Value Fund,120.0,1,2024-10-01,Hygiene Care,Other,Indore,2024,10,2024-10-01
Enrission India Capital,119.11000000000001,3,2025-07-01,"Enterprise, Healthcare, For Salons Spas And Wellness Clinics","Series B, Pre-Series A, Seed","Bangalore, Mumbai",2025,7,2025-07-01
Bac Acquisitions,119.04,1,2019-04-01,Ecommerce,Debt,Bangalore,2019,4,2019-04-01
Unifi Aif,119.04,1,2019-04-01,Ecommerce,Debt,Bangalore,2019,4,2019-04-01
Northern R Capital,119.04,1,2019-04-01,Ecommerce,Debt,Bangalore,2019,4,2019-04-01
Brd Securities,119.04,1,2019-04-01,Ecommerce,Debt,Bangalore,2019,4,2019-04-01
23 High Networth Individuals (Hnis),118.69,1,2021-01-01,Food,Series B,Bangalore,2021,1,2021-01-01
Sunjay Kapoor And Telama Investment,118.44,1,2018-08-01,Consumer Internet,Private Equity,Gurgaon,2018,8,2018-08-01
Edelweiss And Beenext,118.44,1,2018-08-01,Consumer Internet,Private Equity,Gurgaon,2018,8,2018-08-01
Lightspeed Venture,118.35,1,2020-04-01,Fintech,Series A,Unknown,2020,4,2020-04-01
Bharat Inclusive Technologies Seed Fund.,118.35,1,2020-04-01,Fintech,Series A,Unknown,2020,4,2020-04-01
W Health Ventures,118.27000000000001,3,2025-02-01,"Healthcare, AI, Chronic Pain Management Healthtech","Other, Series A, Seed","Delhi, Bangalore",2025,2,2025-02-01
Nrjn Family Trust,117.86,1,2024-12-01,Fintech,Series B,Auckland,2024,12,2024-12-01
Rabo Partnerships,117.86,1,2024-12-01,Fintech,Series B,Auckland,2024,12,2024-12-01
Dia Vikas Capital,117.86,1,2024-12-01,Fintech,Series B,Auckland,2024,12,2024-12-01
Capital 2B,117.86,2,2025-06-01,"Deeptech, Healthcare","Seed, Series A",Bangalore,2025,6,2025-06-01
Near Foundation,116.2,1,2025-03-01,Fintech,Seed,Us,2025,3,2025-03-01
Nirvaunknown Digital India Fund,116.2,1,2016-03-01,"Ecommerce, Consumer Internet",Private Equity,Delhi,2016,3,2016-03-01
Venture Highway And Beenext,116.2,1,2018-05-01,Technology,Private Equity,Bangalore,2018,5,2018-05-01
Hara Global Capital,116.2,1,2025-03-01,Food,Series A,Bangalore,2025,3,2025-03-01
Micelio Mobility,116.2,1,2024-11-01,Electric Aircraft,Series B,Chennai,2024,11,2024-11-01
Aet Fund,116.2,3,2021-08-01,"Gaming, B2B, Edtech","Seed, Unknown, Series A","Pune, Indore, Gurgaon",2021,8,2021-08-01
Puneet Dalmia,116.2,2,2018-06-01,"Fintech, Ecommerce",Private Equity,Gurgaon,2018,6,2018-06-01
Abb Technology Ventures,116.2,1,2018-05-01,Technology,Private Equity,Bangalore,2018,5,2018-05-01
Blume Founders Fund,116.2,3,2024-12-01,"Quick Commerce, Professional Training & Coaching","Seed, Unspecified Round",Bangalore,2024,12,2024-12-01
Tanncam Investment,116.2,1,2017-10-01,Ecommerce,Private Equity,Chennai,2017,10,2017-10-01
Wipro,116.19999999999999,3,2022-03-01,"Other, Manufacturing, Healthcare","Private Equity, Unknown, Series A","Unknown, Gurgaon, Delhi",2022,3,2022-03-01
Rabo Partnerships B.V.,114.54,1,2024-09-01,Fintech,Other,Unknown,2024,9,2024-09-01
Matrix India,113.71,2,2021-07-01,"Fintech, Logistics","Seed, Series A","Mumbai, Bangalore",2021,7,2021-07-01
Riverwalk Holdings,113.23,3,2025-06-01,"Electric Intercity Bus, Enterprise, Spacetech Sar Satellite Imaging","Seed, Series A","Hyderabad, Surat, Kolkata",2025,6,2025-06-01
Walden Interunknowntiounknownl,113.1,2,2025-04-01,"Technology, Loan Sourcing","Series A, Unspecified Round","Singapore, Chennai",2025,4,2025-04-01
Indiamart Intermesh And Beenext’S Accelerate Fund,113.0,1,2025-05-01,SaaS,Series C,Gurgaon,2025,5,2025-05-01
Orios,112.05000000000001,3,2022-01-01,"Fintech, B2B, Metal Manufacturing","Seed, Series A, Pre-Series A","Kolkata, Noida, Mumbai",2022,1,2022-01-01
Teamfund,112.05000000000001,2,2021-02-01,"Healthcare, Edtech","Series B, Debt",Bangalore,2021,2,2021-02-01
Sherpa Capital,112.05,1,2016-02-01,Technology,Private Equity,Bangalore,2016,2,2016-02-01
Nyca Partners And Thomvest Ventures,112.05,1,2016-02-01,Technology,Private Equity,Bangalore,2016,2,2016-02-01
Play Ventures,112.05,1,2025-04-01,Live Social Entertainment,Series B,Bangalore,2025,4,2025-04-01
Lgt Impact Ventures,112.05,1,2018-02-01,Edtech,Private Equity,Bangalore,2018,2,2018-02-01
Axon Partners,112.05,1,2015-07-01,It Infrastructure & Data Center,Private Equity,Bangalore,2015,7,2015-07-01
Tata Motors / Lightspeed India,112.05,1,2025-10-01,Logistics,Series C,Maharashtra,2025,10,2025-10-01
Times Of India Group,112.05,1,2016-11-01,Ecommerce,Private Equity,Delhi,2016,11,2016-11-01
Turbostart,111.8,7,2025-10-01,"Edtech, Quick Commerce, Healthcare","Seed, Pre-Seed, Unknown","Bangalore, Dubai, Mumbai",2025,10,2025-10-01
Cheetah Mobile,111.22,1,2015-11-01,Fitness Tracking Management,Private Equity,Mumbai,2015,11,2015-11-01
Ribbit Capital And Omidyar Network,111.22,1,2018-08-01,Consumer Internet,Private Equity,Bangalore,2018,8,2018-08-01
Tiger Global Maunknowngement And Google For Startups,110.39,1,2022-05-01,Wholesale,Unknown,Bangalore,2022,5,2022-05-01
Nea,110.39,2,2017-06-01,"Consumer Internet, Deep Learning Cloud Algorithms","Private Equity, Seed","Bangalore, Chennai",2017,6,2017-06-01
Harsh Metha And Sandeep Balaji,110.31,1,2022-09-01,Edtech,Seed,Mumbai,2022,9,2022-09-01
Jagruti Dalmia,110.0,1,2025-01-01,Coworking,Other,Delhi,2025,1,2025-01-01
Gauri Khan,110.0,1,2025-01-01,Coworking,Other,Delhi,2025,1,2025-01-01
Invascent (India Life Sciences Fund Iv),110.0,1,2025-01-01,Senior Healthcare,Unspecified Round,Chennai,2025,1,2025-01-01
Domestic Investors,110.0,1,2024-11-01,Corporate,Series A,Bangalore,2024,11,2024-11-01
Rupa Group,110.0,1,2025-01-01,Coworking,Other,Delhi,2025,1,2025-01-01
Reunknownud Laplanche,109.78,2,2020-05-01,"Consumer Internet, Rental","Private Equity, Unknown",Bangalore,2020,5,2020-05-01
9Unicorns Accelerator Fund,109.56,7,2021-05-01,"Edtech, Agritech, SaaS","Seed, Pre-Series A, Pre-Seed","Bangalore, Pune, Mumbai",2021,5,2021-05-01
Roots Ventures,109.56,5,2025-01-01,"Transportation, Food, Fintech","Seed, Pre-Series A","Bangalore, Mumbai, Jaipur",2025,1,2025-01-01
Inflection Point Ventures And Letsventure,108.73,1,2022-11-01,Oil&Gas,Seed,Coimbatore,2022,11,2022-11-01
Gaurav Munjal,108.73,5,2025-01-01,"Fitness, Nft, Dating","Pre-Series A, Pre-Seed, Seed","Bangalore, Gurgaon, Delhi",2025,1,2025-01-01
Zodius Technology Opportunities Fund,108.72999999999999,2,2016-12-01,"Ecommerce, Technology",Private Equity,"Gurgaon, Mumbai",2016,12,2016-12-01
Picus Capital,108.72999999999999,3,2025-05-01,"Fintech, Healthcare, Mobilefirst Entertainment","Seed, Unknown, Other","Gurgaon, Mumbai",2025,5,2025-05-01
Cornerstone Ventures,108.3,2,2025-04-01,"Virtual Tryon, B2B Commerce","Unspecified Round, Unknown","Bangalore, Gurgaon",2025,4,2025-04-01
Zephyr Peacock,108.18,3,2024-10-01,"Consumer Internet, Food, Agritech","Seed, Private Equity, Unknown","Bangalore, Unknown, Chennai",2024,10,2024-10-01
Colossa Ventures,107.97999999999999,4,2025-10-01,"Cleantech, Biomedical Products, Chemicals & Materials > Chemicals","Pre-Series A, Unspecified Round, Seed","Mumbai, Pune, Maharashtra",2025,10,2025-10-01
Nordstar,107.9,1,2021-08-01,Food,Unknown,Bangalore,2021,8,2021-08-01
Dharaunknown / Gujarat Venture Fiunknownnce,107.9,1,2025-10-01,Food,Series C,Gujarat,2025,10,2025-10-01
Shirish Nadkarni,107.9,1,2021-12-01,Edtech,Series B,Gurgaon,2021,12,2021-12-01
Sauce,107.9,1,2025-10-01,Food,Series B,Gujarat,2025,10,2025-10-01
Mercer Investments,107.9,1,2020-10-01,"Interior Design, Home Design","Debt, Series D",Bangalore,2020,10,2020-10-01
Brian Norgard,107.9,1,2021-04-01,Social Media,Unknown,Bangalore,2021,4,2021-04-01
Infinity Ventures,107.9,1,2022-03-01,Fintech,Pre-Series A,Bangalore,2022,3,2022-03-01
Point72 Ventures,107.9,1,2022-03-01,Fintech,Pre-Series A,Bangalore,2022,3,2022-03-01
Better Capital And Sequoia Capital India,107.9,1,2022-04-01,Software,Series A,Santa Clara,2022,4,2022-04-01
Manish Choksi,107.9,3,2024-08-01,"SaaS, Food, Ecofriendly Products","Unknown, Pre-Series A, Other","Mumbai, Gurgaon",2024,8,2024-08-01
Vy Capital. Matrix Partners India,107.9,1,2020-04-01,Travel & Saas,Series B,Bangalore,2020,4,2020-04-01
Dream Capital,107.9,2,2021-09-01,"Healthcare, Sports","Series A, Unknown","Pune, Mumbai",2021,9,2021-09-01
Peak Xv Partners,107.9,1,2025-06-01,Fintech,Unknown,Delhi,2025,6,2025-06-01
Dr Ashish Gupta,107.9,1,2021-12-01,Edtech,Series B,Gurgaon,2021,12,2021-12-01
Js Capital,107.9,1,2015-01-01,Other,Private Equity,Unknown,2015,1,2015-01-01
Salesforce Ventures And Tably,107.9,1,2022-09-01,Software,Series A,Sanfrancisco,2022,9,2022-09-01
Sixth Sense,107.9,1,2017-01-01,Logistics,Private Equity,Mumbai,2017,1,2017-01-01
Tci Ventures,107.9,1,2017-01-01,Logistics,Private Equity,Mumbai,2017,1,2017-01-01
India Nivesh Growth Fund,107.9,1,2017-01-01,Logistics,Private Equity,Mumbai,2017,1,2017-01-01
Shailesh Rao,107.89999999999999,2,2017-09-01,"Consumer Internet, Ecommerce",Private Equity,"Bangalore, Noida",2017,9,2017-09-01
Carpediem Capital,107.63,4,2017-10-01,"Ecommerce, Consumer Internet, Food",Private Equity,"Delhi, Mumbai, Gurgaon",2017,10,2017-10-01
Hindustan Media Ventures,107.07,2,2021-04-01,"Proptech, Ecommerce",Unknown,"Gurgaon, Mumbai",2021,4,2021-04-01
Indusind Bank,106.74,2,2020-12-01,Agritech,"Debt, Series C",Chennai,2020,12,2020-12-01
Ian Group,106.37,5,2025-07-01,"Healthcare, AI, Telecom Eband","Seed, Pre-Series A, Unspecified Round","Gurgaon, Kolkata, Bangalore",2025,7,2025-07-01
Ronnie Screwvala,106.24,3,2021-11-01,"Ecommerce, Media, Edtech","Private Equity, Seed, Pre-Series A","Bangalore, Mumbai",2021,11,2021-11-01
Incubate Fund India,105.85,5,2025-06-01,"Edtech, Technology, Hospital & Health Care","Seed, Pre-Series A","Bangalore, Pune, Gurgaon",2025,6,2025-06-01
Artha Venture Fund,105.66,4,2021-12-01,"Iot, SaaS, Fintech","Pre-Series A, Series A, Seed","Unknown, Bangalore, Mumbai",2021,12,2021-12-01
Nordic Microfiunknownnce Initiative,105.41,2,2021-03-01,Fintech,Unknown,"Noida, Mumbai",2021,3,2021-03-01
Ashvin Chadha,105.41,4,2016-12-01,"Food, Qsr & Online Delivery Portal, Online Finance Lending","Seed, Private Equity","Delhi, Gurgaon, Ahmedabad",2016,12,2016-12-01
Reliance Industries Limited (Ril),104.73,1,2020-02-01,Edtech,Unknown,Mumbai,2020,2,2020-02-01
Yournest Angel Fund,104.58,9,2017-09-01,"Consumer Internet, Ecommece, Technology","Private Equity, Seed","Chennai, Mumbai, Delhi",2017,9,2017-09-01
Ev2 Ventures,104.0,2,2025-01-01,"Ev Leasing & Management, Food","Series A, Pre-Series A","Delhi, Noida",2025,1,2025-01-01
Legend Capital,103.75,1,2020-04-01,Edtech,Series C,Bangalore,2020,4,2020-04-01
Sandeep Nailwal,103.75,2,2022-01-01,"Blockchain, Computer Games","Seed, Series A","Chandigarh, Bangalore",2022,1,2022-01-01
Symphony Interunknowntiounknownl Holdings,103.75,1,2020-01-01,Jewellery,Unknown,Bangalore,2020,1,2020-01-01
Shastra Vc,103.75,4,2025-09-01,"Technology, Clean, Enterprise","Seed, Series A, Pre-Seed","Bangalore, Chennai, Mumbai",2025,9,2025-09-01
Jamshed Jeejeebhoy,103.75,1,2020-01-01,Jewellery,Unknown,Bangalore,2020,1,2020-01-01
Titan Capital Winners Fund,103.0,2,2025-01-01,"Ecofriendly Products, B2B Tyre","Other, Unspecified Round","Mumbai, Delhi",2025,1,2025-01-01
Jsw Ventures And Stride Ventures,102.92,1,2022-11-01,Automotive,Seed,Gurgaon,2022,11,2022-11-01
Kuunknownl Bahl And India Quotient,102.09,1,2022-09-01,Construction,Series A,Bangalore,2022,9,2022-09-01
Pi Labs And Upscale,102.09,1,2022-04-01,Commercial Real State,Unknown,London,2022,4,2022-04-01
Mariwala Family,102.09,1,2016-09-01,Ecommerce,Private Equity,Mumbai,2016,9,2016-09-01
Chowdry Associates,101.26,1,2020-04-01,Ecommerce,"Unknown, Series C",Bangalore,2020,4,2020-04-01
Capital,101.26,1,2025-04-01,Digital Assets Infrastructure,Series A,Abu Dhabi,2025,4,2025-04-01
Accel Partners And G Raghuunknownndan,101.26,1,2018-08-01,Consumer Internet,Private Equity,Bangalore,2018,8,2018-08-01
Galaxy And E,101.26,1,2025-04-01,Digital Assets Infrastructure,Series A,Abu Dhabi,2025,4,2025-04-01
Elevation Capital And Nitin Gupta,100.43,1,2022-09-01,Fintech,Series B,Mumbai,2022,9,2022-09-01
Agnus Capital,100.43,3,2017-04-01,"Consumer Internet, Custom Made Furniture Etailer, Material Collection & Recycling",Private Equity,"Mumbai, Hyderabad, Vadodara",2017,4,2017-04-01
Stakeboat Capital Fund Ii,100.0,1,2024-10-01,Vacuum Systems And Process Equipment,Series A,Mumbai,2024,10,2024-10-01
Motilal Oswal Wealth Limited,100.0,1,2024-12-01,Seafood B2B,Unspecified Round,Bangalore,2024,12,2024-12-01
Hindon Mercantil And Mufin Green Fiunknownnce,100.0,1,2024-10-01,Ev Battery Leasing,Pre-Series A,Delhi,2024,10,2024-10-01
Ak Capital Fiunknownnce,100.0,1,2025-02-01,Fintech,Debt,Gurgaon,2025,2,2025-02-01
Utec,100.0,1,2025-04-01,Solartech,Unspecified Round,Mumbai,2025,4,2025-04-01
Susquehanunknown Asia,100.0,1,2025-05-01,Gut Healthfocused,Series B,Mumbai,2025,5,2025-05-01
Ruizheng Investment,99.60000000000001,2,2021-01-01,"Video, Social Media, Fintech","Seed, Pre-Series A","Bangalore, Gurgaon",2021,1,2021-01-01
Ramp,99.6,1,2021-09-01,Fintech,Pre-Series A,Bangalore,2021,9,2021-09-01
Nr Narayaunknown Murthy.,99.6,1,2018-05-01,Consumer Internet,Other,Mumbai,2018,5,2018-05-01
India Alterunknowntives,99.6,1,2016-05-01,Technology,Private Equity,Mumbai,2016,5,2016-05-01
Pavestone ($7.5M),99.6,1,2024-12-01,Retail Intelligence,Series B,Bangalore,2024,12,2024-12-01
Nptk,99.6,1,2019-12-01,B2Bfocused Foodtech,Series C,Bangalore,2019,12,2019-12-01
Helion Venture,99.6,1,2016-05-01,Technology,Private Equity,Mumbai,2016,5,2016-05-01
Roka Works,99.6,1,2021-09-01,Fintech,Pre-Series A,Bangalore,2021,9,2021-09-01
Adag Reliance Private Equity,99.6,1,2016-11-01,Consumer Internet,Private Equity,Gurgaon,2016,11,2016-11-01
Ik Capital And Venture Catalysts,99.6,1,2022-05-01,Food,Seed,Gurgaon,2022,5,2022-05-01
C31 Ventures,99.6,2,2017-08-01,Technology,Private Equity,"Pune, Bangalore",2017,8,2017-08-01
Saif Partners And Kalaari Capital,99.6,1,2018-03-01,Ecommerce,Private Equity,Bangalore,2018,3,2018-03-01
Redpoint,99.6,1,2020-01-01,Technology,Series A,Bangalore,2020,1,2020-01-01
Orios Venture Partners And 3One4 Capital,99.6,1,2025-04-01,Healthcare,Series A,Gurgaon,2025,4,2025-04-01
Palm Drive Capital,99.6,1,2020-01-01,Food,Series B,Tangerang,2020,1,2020-01-01
Angellist.,99.6,1,2020-01-01,Healthcare,Series B,Unknown,2020,1,2020-01-01
Sojitz Corporation,99.6,1,2021-12-01,Logistics,Other,Bangalore,2021,12,2021-12-01
Lowercarbon Capital And Vidit Aatrey,99.6,1,2022-11-01,Renewable Energy,Series A,Mumbai,2022,11,2022-11-01
Amatil X Ventures,99.6,1,2020-01-01,Food,Series B,Tangerang,2020,1,2020-01-01
Social Starts,99.6,1,2021-02-01,Healthcare,Series A,Bangalore,2021,2,2021-02-01
Sabre Partners And Neoplux,99.6,1,2019-12-01,B2Bfocused Foodtech,Series C,Bangalore,2019,12,2019-12-01
And Family Offices,99.6,1,2024-12-01,Retail Intelligence,Series B,Bangalore,2024,12,2024-12-01
Ravi Adusumalli,99.6,1,2016-06-01,Consumer Internet,Private Equity,Delhi,2016,6,2016-06-01
Dg Daiwa Ventures,99.6,1,2019-11-01,Healthcare,Series B,Gurgaon,2019,11,2019-11-01
Fresco Capital,99.6,1,2021-02-01,Healthcare,Series A,Bangalore,2021,2,2021-02-01
Accel Us,99.6,1,2015-04-01,Online Insurance Aggregator,Private Equity,Mumbai,2015,4,2015-04-01
Asian Vc Fund Nptk,99.6,1,2020-01-01,Food,Series C,Bangalore,2020,1,2020-01-01
Dg Incubation,99.6,1,2019-11-01,Healthcare,Series B,Gurgaon,2019,11,2019-11-01
Neoplux.,99.6,1,2020-01-01,Food,Series C,Bangalore,2020,1,2020-01-01
Das Capital,99.6,2,2017-10-01,Consumer Internet,Private Equity,Bangalore,2017,10,2017-10-01
Sierra Ventures,99.18,3,2021-08-01,"Real Estate Mobile Crm, Healthcare, Computer Software","Seed, Series A","New York, Pune, Bangalore",2021,8,2021-08-01
The Chenunknowni Angels,98.83000000000001,14,2024-11-01,"Technology, Ecommerce, Consumer Internet","Seed, Unknown, Private Equity","Chennai, Delhi, Pune",2024,11,2024-11-01
Rpsg Ventures,98.77000000000001,2,2020-10-01,"Cosmetics, Personal Care, Ecommerce","Series B, Series A","Mumbai, Hyderabad",2020,10,2020-10-01
Gree Ventures,98.77000000000001,3,2018-12-01,"SaaS, Consumer Internet, Ecommerce","Private Equity, Series A","Gurgaon, Delhi, Mumbai",2018,12,2018-12-01
Audacity Venture Capital And Mistry Ventures,98.77,1,2022-08-01,Digital Media,Series A,Delhi,2022,8,2022-08-01
Accel And Tiger Global Maunknowngement,97.11,1,2022-04-01,AI,Series A,Delaware,2022,4,2022-04-01
Inflection Point Ventures And Entrepreneur First,96.69,1,2022-12-01,AI,Seed,Bangalore,2022,12,2022-12-01
Ifmr Capital,96.44,4,2018-01-01,"Consumer Internet, Fintech, Technology","Debt, Other","Gurgaon, Chennai, Mumbai",2018,1,2018-01-01
Abhishek Goyal And Goodwater Capital,96.28,1,2022-09-01,Fintech,Series A,Gurgaon,2022,9,2022-09-01
9 Unicorns,96.28,2,2024-10-01,"Healtcare, Mortgage Distribution","Unknown, Series B","Delhi, Gurgaon",2024,10,2024-10-01
Northern Arc And Mark Joseph,96.28,1,2022-09-01,Electrical Vehicle,Unknown,Gurgaon,2022,9,2022-09-01
Kay Family,95.45,1,2025-06-01,Cleantech,Series A,Bangalore,2025,6,2025-06-01
Iifl Seed Ventures Fund,95.45,1,2020-04-01,"Consumer Internet, Food","Private Equity, Unknown",Mumbai,2020,4,2020-04-01
Sharda Family Office,95.45,1,2025-06-01,Cleantech,Series A,Bangalore,2025,6,2025-06-01
Y Combiunknowntor And Venture Highway,95.45,1,2018-06-01,Consumer Internet,Private Equity,Bangalore,2018,6,2018-06-01
Nexus Venture Partners And Blume Ventures,95.45,1,2017-09-01,Consumer Internet,Private Equity,Mumbai,2017,9,2017-09-01
Helios Holdings,95.45,1,2025-06-01,Cleantech,Series A,Bangalore,2025,6,2025-06-01
Ajay Arora And Yamini Bhat,95.45,1,2022-09-01,AI,Series A,Utah,2022,9,2022-09-01
L\\Xe2\\X80\\X99Occitane,93.78999999999999,1,2017-03-01,Consumer Internet,Private Equity,Mumbai,2017,3,2017-03-01
Ah! Ventures,93.25,20,2022-03-01,"Consumer Internet, Edtech, Fintech","Seed, Unknown, Private Equity","Mumbai, Bangalore, Gurgaon",2022,3,2022-03-01
Accion Venture Lab,91.30000000000001,5,2024-08-01,"Fintech, Consumer Internet, Credit Management","Other, Private Equity, Seed","Chennai, Hyderabad, Bangalore",2024,8,2024-08-01
Deutsche Telekom Strategic Investments (Dtsi),91.3,1,2016-02-01,Consumer Internet,Private Equity,Gurgaon,2016,2,2016-02-01
Ngp,91.3,1,2015-07-01,Selfdriven Vehicle Rental,Private Equity,Bangalore,2015,7,2015-07-01
1Up Ventures,91.3,1,2021-08-01,Gaming,"Unknown, Series A",Pune,2021,8,2021-08-01
Ecom Express,91.3,1,2021-01-01,Ecommerce,Unknown,Bangalore,2021,1,2021-01-01
Vineet Buch,91.3,1,2020-08-01,Social Ecommerce,Series A,Bangalore,2020,8,2020-08-01
Ms Dhoni,91.3,1,2019-08-01,Ecommerce,Series D,Gurgaon,2019,8,2019-08-01
Big Data Investments B.V,91.3,1,2015-07-01,Big Data & Analytics,Private Equity,Mumbai,2015,7,2015-07-01
Foundation Capital,91.3,1,2015-06-01,Fintech,Private Equity,Chennai,2015,6,2015-06-01
Dentsu Ventures,91.3,1,2018-07-01,Consumer Internet,Private Equity,Gurgaon,2018,7,2018-07-01
Sriram Krishunknownn,91.3,1,2021-05-01,Spacetech,Series A,Chennai,2021,5,2021-05-01
Dah Beteiligungs Gmbh,91.3,1,2017-04-01,Technology,Private Equity,Mumbai,2017,4,2017-04-01
Sunrise Capital Gmbh,91.3,1,2015-07-01,Big Data & Analytics,Private Equity,Mumbai,2015,7,2015-07-01
3Lines Venture Capital,91.3,2,2022-01-01,"Edtech, Food","Pre-Seed, Unknown","Noida, Hyderabad",2022,1,2022-01-01
Old Well Ventures,91.3,1,2021-09-01,Retail,Series A,Bangalore,2021,9,2021-09-01
Empire Angels,91.3,1,2015-07-01,Selfdriven Vehicle Rental,Private Equity,Bangalore,2015,7,2015-07-01
Gift City Structure,91.3,1,2024-10-01,Alternative Asset Management,Other,Chennai,2024,10,2024-10-01
Caspian And Hivosunknowntriodos Fund,91.3,1,2018-10-01,Logistics,Other,Hyderabad,2018,10,2018-10-01
Nexus Venture Partners And 23 High Networth Individuals (Hnis),91.3,1,2020-10-01,Ecommerce,Series B,Bangalore,2020,10,2020-10-01
Cooperative Oikocredit,91.3,1,2018-10-01,Logistics,Other,Hyderabad,2018,10,2018-10-01
Ankur Nagpal,91.3,1,2020-08-01,Social Ecommerce,Series A,Bangalore,2020,8,2020-08-01
Velos Capital,91.3,1,2015-01-01,Other,Private Equity,Unknown,2015,1,2015-01-01
Hof Capital,91.3,1,2021-09-01,Retail,Series A,Bangalore,2021,9,2021-09-01
Holtzbrink Ventures,91.3,1,2016-02-01,Consumer Internet,Private Equity,Gurgaon,2016,2,2016-02-01
Elysian Park Ventures,91.3,1,2021-09-01,Healthcare,Series A,Pune,2021,9,2021-09-01
Amazon Alexa Fund,91.3,1,2018-07-01,Consumer Internet,Private Equity,Gurgaon,2018,7,2018-07-01
Jetty Ventures,90.47,3,2021-11-01,"Automotive, Cloud Kitchen, Hr","Pre-Series A, Series A","Delhi, Mumbai, Gurgaon",2021,11,2021-11-01
Spiral Ventures,90.06,3,2020-01-01,"Healthcare, Consumer Internet, Edtech","Other, Seed, Unknown","Gurgaon, Noida",2020,1,2020-01-01
And Business Leaders,90.0,1,2025-01-01,Proptech,Unspecified Round,Indore,2025,1,2025-01-01
Jm Fiunknownncial Private Equity,90.0,2,2025-04-01,"Spices, D2C Menswear","Unspecified Round, Series A","Raipur, Bangalore",2025,4,2025-04-01
Prominent Hnis,90.0,1,2025-01-01,Proptech,Unspecified Round,Indore,2025,1,2025-01-01
Kilde And Earlsfield Capital,89.64,1,2022-10-01,Homedecor,Unknown,United Kingdom,2022,10,2022-10-01
Mayfield Capital,89.22,1,2017-09-01,Consumer Internet,Private Equity,Ahmedabad,2017,9,2017-09-01
Darrin Capital,89.22,1,2017-09-01,Consumer Internet,Private Equity,Ahmedabad,2017,9,2017-09-01
Atul Nishar,88.81,2,2017-03-01,"Consumer Internet, Beauty & Wellness Products Etailer","Seed, Private Equity",Mumbai,2017,3,2017-03-01
Techstars,88.07000000000001,6,2021-03-01,"AI, Other, Fintech","Seed, Unknown, Other","Bangalore, Unknown, Mumbai",2021,3,2021-03-01
Rnt Capital,87.98,2,2018-01-01,"Healthcare, Technology",Private Equity,Bangalore,2018,1,2018-01-01
Wurk,87.98,2,2021-02-01,"Hospitality, Fintech","Pre-Series A, Unknown",Delhi,2021,2,2021-02-01
Genesia Ventures,87.6,3,2025-06-01,"Digital For Banking Sector, Online Grocery, Healthcare",Seed,"Delhi, Uttarakhand",2025,6,2025-06-01
Maniv,87.5,1,2024-08-01,Electric Intercity Bus,Series A,Hyderabad,2024,8,2024-08-01
Sequoia Surge,87.17,4,2021-07-01,"Appliance, Agritech, Fintech","Unknown, Pre-Series A, Pre-Seed","Bangalore, Delhi, Unknown",2021,7,2021-07-01
Utecunknownthe University Of Tokyo Edge Capital,87.15,1,2020-03-01,Healthcare,Series B,Bangalore,2020,3,2020-03-01
Ashok Goel,87.15,1,2025-07-01,Enterprise,Series B,Bangalore,2025,7,2025-07-01
Aflac Ventures,87.15,1,2020-03-01,Healthcare,Series B,Bangalore,2020,3,2020-03-01
Madhur Deora,87.15,1,2020-03-01,Edtech,"Series B, Unknown",Mumbai,2020,3,2020-03-01
360 One Ventures,86.0,1,2024-09-01,D2C Accessories,Unspecified Round,Unknown,2024,9,2024-09-01
2Am Vc,85.66000000000001,4,2025-01-01,"SaaS, Edtech, Quick Commerce","Seed, Unknown, Unspecified Round","Chennai, Mumbai, Bangalore",2025,1,2025-01-01
Global Founders Capital And Flipkart,85.49,1,2022-07-01,Fintech,Seed,Bangalore,2022,7,2022-07-01
Whiteoak,85.0,1,2024-12-01,Dental Supplies,Unknown,Delhi,2024,12,2024-12-01
Anicut Growth Fund,85.0,2,2025-02-01,"B2B Manufacturing Supply Saas, D2C Hair Extensions & Wigs","Unspecified Round, Series A",Gurgaon,2025,2,2025-02-01
Hyderabad Angels,84.94,10,2024-11-01,"Technology, Consumer Internet, Ecommerce","Seed, Private Equity, Unknown","Hyderabad, Noida, Gurgaon",2024,11,2024-11-01
Silver Lake Partners,84.83,1,2020-01-01,Ecommerce,Unknown,Mumbai,2020,1,2020-01-01
Tiger Global Maunknowngement And Creation Investments Capital Maunknowngement,84.66,1,2022-06-01,Fintech,Series C,Delhi,2022,6,2022-06-01
Tiw Private Equity,84.4,2,2025-02-01,"Advertising Marketing, D2C Wellness","Private Equity, Other",Mumbai,2025,2,2025-02-01
Jungle Ventures And Peugeot Sa,84.2,1,2022-04-01,Ecommerce,Series F,Bangalore,2022,4,2022-04-01
Bajaj Holdings,84.0,1,2024-08-01,Postsales,Series D,Mumbai,2024,8,2024-08-01
Responsability Investments,83.0,1,2021-08-01,Banking,Unknown,Delhi,2021,8,2021-08-01
Axan Partners,83.0,1,2017-10-01,Consumer Internet,Private Equity,Bangalore,2017,10,2017-10-01
Incorp India,83.0,1,2021-10-01,Legal,Unknown,Chennai,2021,10,2021-10-01
Apollo Fund,83.0,1,2025-01-01,Telecom Eband,Unspecified Round,Bangalore,2025,1,2025-01-01
Lightspeed Venture Partners India,83.0,1,2016-11-01,Ecommerce,Private Equity,Bangalore,2016,11,2016-11-01
Iifl﻿,83.0,1,2021-09-01,Wine & Spirits,Unknown,Delhi,2021,9,2021-09-01
Chiunknown Lodging Group,83.0,1,2017-09-01,Consumer Internet,Private Equity,Gurgaon,2017,9,2017-09-01
Susquehanunknown Interunknowntiounknownl Group,83.0,1,2021-09-01,Healthcare,Series A,Bangalore,2021,9,2021-09-01
Aptos Labs,83.0,1,2024-11-01,Web3 Gaming,Unspecified Round,Tortola,2024,11,2024-11-01
Iifl India Private Equity Fund,83.0,1,2021-08-01,Logistics,Seed,Mumbai,2021,8,2021-08-01
Responsibility,83.0,1,2021-09-01,Fintech,Series B,Mumbai,2021,9,2021-09-01
Tano Capital,83.0,1,2015-03-01,Other,Private Equity,Unknown,2015,3,2015-03-01
Polychain,83.0,1,2020-12-01,Fintech,Series B,Mumbai,2020,12,2020-12-01
Tanglin Venture,83.0,1,2021-09-01,Healthcare,Unknown,Bangalore,2021,9,2021-09-01
3One4 Capital And Orios Venture Partners,83.0,1,2025-04-01,Crossborder Logistics,Pre-Series A,Gurgaon,2025,4,2025-04-01
Synergy Capital,83.0,1,2024-08-01,Ecofriendly Products,Other,Mumbai,2024,8,2024-08-01
Singaporeunknownbased Gec3,83.0,1,2020-01-01,Agritech,Series C,Bangalore,2020,1,2020-01-01
Lightspeed Us,83.0,1,2016-11-01,Ecommerce,Private Equity,Bangalore,2016,11,2016-11-01
Fidelity Biosciences,83.0,1,2015-06-01,Healthcarenservice,Private Equity,Bangalore,2015,6,2015-06-01
Pavestone,83.0,1,2024-11-01,Deeptech Robotics,Series A,Bangalore,2024,11,2024-11-01
Neoplux Technology Fund,83.0,1,2017-03-01,Ecommerce,Private Equity,Bangalore,2017,3,2017-03-01
Sosv,83.0,6,2025-02-01,"AI, SaaS, Fintech","Seed, Pre-Series A","Bangalore, Noida, Unknown",2025,2,2025-02-01
Aavishkaar Group,83.0,1,2024-10-01,D2C Bags & Luggage,Series B,Mumbai,2024,10,2024-10-01
Nea Ventures,83.0,1,2015-04-01,Ecommerce,Private Equity,Pune,2015,4,2015-04-01
Aavishkaar,83.0,2,2016-02-01,Ecommerce,Private Equity,Delhi,2016,2,2016-02-01
And Other Investors,83.0,1,2024-11-01,Deeptech Robotics,Series A,Bangalore,2024,11,2024-11-01
Das Capital And It Farm,83.0,1,2017-10-01,Consumer Internet,Private Equity,Bangalore,2017,10,2017-10-01
Keshav Reddy,83.0,1,2024-11-01,Datasharing & Identity Verification,Series A,Hyderabad,2024,11,2024-11-01
Evolvence Capital,83.0,1,2021-08-01,Fintech,Series C,Gurgaon,2021,8,2021-08-01
His Co. Ltd,83.0,1,2017-09-01,Consumer Internet,Private Equity,Delhi,2017,9,2017-09-01
Verlinvest Sa,83.0,1,2016-12-01,Technology,Private Equity,Bangalore,2016,12,2016-12-01
Holy Basil Consultancy Private Ltd,83.0,1,2022-01-01,Hospitality,Series A,Delhi,2022,1,2022-01-01
Iron Pillar And Iifl,83.0,1,2017-01-01,Consumer Internet,Private Equity,Hyderabad,2017,1,2017-01-01
Bon Angels Venture Partners,83.0,1,2021-03-01,Fintech,Debt,Gurgaon,2021,3,2021-03-01
Andre Hoffman,83.0,1,2017-01-01,Consumer Internet,Private Equity,Gurgaon,2017,1,2017-01-01
Patni Advisors,83.0,1,2022-01-01,Fintech,Unknown,Bangalore,2022,1,2022-01-01
Devry Inc,83.0,1,2016-05-01,Edtech,Private Equity,Mumbai,2016,5,2016-05-01
Daesung Private Equity,83.0,1,2021-03-01,Fintech,Debt,Gurgaon,2021,3,2021-03-01
Fbc Venture Partners,83.0,1,2022-02-01,Microblogging,Unknown,Bangalore,2022,2,2022-02-01
Mas Fiunknownncial Services,83.0,1,2021-10-01,Fintech,Unknown,Delhi,2021,10,2021-10-01
Capsier Venture Partner,83.0,1,2022-02-01,Microblogging,Unknown,Bangalore,2022,2,2022-02-01
Dr Arokiaswamy Velumani (Founder,83.0,1,2025-09-01,Clean,Unknown,Bangalore,2025,9,2025-09-01
Sigunknownl Peak Ventures,83.0,1,2021-12-01,Computer Software,Series A,Mumbai,2021,12,2021-12-01
Next Capital,83.0,1,2020-05-01,Spacetech,Unknown,Pune,2020,5,2020-05-01
Silicon Valley Ventures,83.0,1,2015-04-01,Ecommerce,Private Equity,Pune,2015,4,2015-04-01
Hdfc Life,83.0,1,2018-03-01,Healthcare,Private Equity,Bangalore,2018,3,2018-03-01
Incred Fiunknownncial Services,83.0,1,2021-02-01,Fintech,Debt,Mumbai,2021,2,2021-02-01
Star India Pvt. Ltd,83.0,1,2016-07-01,Technology,Private Equity,Delhi,2016,7,2016-07-01
Star India Pvt Ltd,83.0,1,2017-03-01,Technology,Private Equity,Bangalore,2017,3,2017-03-01
Amitabh Singhal,83.0,1,2022-01-01,Computer Games,Series A,Bangalore,2022,1,2022-01-01
Hdfc Asset Maunknowngement,83.0,1,2018-03-01,Healthcare,Private Equity,Bangalore,2018,3,2018-03-01
Hdfc Bank,83.0,1,2018-01-01,Healthcare,Debt,Bangalore,2018,1,2018-01-01
Mamoru Taniya,83.0,1,2016-02-01,Consumer Internet,Private Equity,Bangalore,2016,2,2016-02-01
Smiti Holding,83.0,1,2021-08-01,Logistics,Seed,Mumbai,2021,8,2021-08-01
Bertelsmann India Investments (Bii),83.0,1,2024-12-01,Retail Advisory,Series A,Gurgaon,2024,12,2024-12-01
Seek Ltd,83.0,1,2015-04-01,Grey Collar Job Board,Private Equity,Bangalore,2015,4,2015-04-01
﻿Kae Capital﻿,83.0,1,2021-09-01,Wine & Spirits,Unknown,Delhi,2021,9,2021-09-01
Ain Capital Ventures,83.0,1,2017-07-01,Consumer Internet,Private Equity,Bangalore,2017,7,2017-07-01
Shailesh Mehta,83.0,1,2015-07-01,Online Finance Lending,Private Equity,Ahmedabad,2015,7,2015-07-01
The Xander Group,83.0,1,2021-09-01,Investment Management,Unknown,Mumbai,2021,9,2021-09-01
To The New Ventures,83.0,1,2015-01-01,Other,Private Equity,Unknown,2015,1,2015-01-01
Tslc,83.0,1,2022-01-01,Fintech,Unknown,Mumbai,2022,1,2022-01-01
Kalpavriksh,83.0,2,2020-01-01,"Edtech, Electricity","Private Equity, Pre-Series A","Chennai, Gurgaon",2020,1,2020-01-01
Westbridge Capital And Gsv Ventures,83.0,1,2022-06-01,Edtech,Series A,Noida,2022,6,2022-06-01
Turtle Entertainment,83.0,1,2021-02-01,Gaming,Unknown,Mumbai,2021,2,2021-02-01
Infosys Innovation Fund,83.0,1,2016-12-01,Technology,Private Equity,Mumbai,2016,12,2016-12-01
﻿Anicut Angel Fund﻿,83.0,1,2021-09-01,Wine & Spirits,Unknown,Delhi,2021,9,2021-09-01
Fmc,83.0,1,2021-08-01,Information Technology,"Unknown, Series A",Bangalore,2021,8,2021-08-01
Tuscan Ventures,83.0,1,2021-12-01,Fintech,Series A,Mumbai,2021,12,2021-12-01
Kohlberg Kravis Roberts Japan And Alpha Wave Global,83.0,1,2022-05-01,Eyewear,Unknown,Singapore,2022,5,2022-05-01
Makemytrip Limited,83.0,1,2018-08-01,Consumer Internet,Private Equity,Gurgaon,2018,8,2018-08-01
Bunny Bansal,83.0,1,2015-06-01,Funding,Private Equity,Bangalore,2015,6,2015-06-01
Niyogin Fintech Limited,83.0,1,2021-07-01,Fintech,Unknown,Bangalore,2021,7,2021-07-01
Wrv Capital And Indusage Partners,83.0,1,2016-12-01,Technology,Private Equity,Mumbai,2016,12,2016-12-01
Infoedge (Redstart),83.0,1,2024-11-01,Deeptech Robotics,Series A,Bangalore,2024,11,2024-11-01
Clsa Capital Partners Aria Iv Funds,83.0,1,2015-12-01,Supply & Logistics,Private Equity,Delhi,2015,12,2015-12-01
Affiliates,83.0,1,2015-04-01,Grey Collar Job Board,Private Equity,Bangalore,2015,4,2015-04-01
Maverick Capital Ltd And Hbm Healthcare Investments Ltd,83.0,1,2018-04-01,Consumer Internet,Private Equity,Gurgaon,2018,4,2018-04-01
Twyunknownm Earth Fund,83.0,1,2024-11-01,Ev Leasing & Management,Series A,Delhi,2024,11,2024-11-01
Tiger Global And Others,83.0,1,2018-04-01,Edtech,Private Equity,Bangalore,2018,4,2018-04-01
Sequoia And Kalaari Capital.,83.0,1,2015-10-01,Rental Accommodation Search,Private Equity,Bangalore,2015,10,2015-10-01
Thyrocare),83.0,1,2025-09-01,Clean,Unknown,Bangalore,2025,9,2025-09-01
\\Xc2\\Xa0 Saif Partners,83.0,1,2015-04-01,Ecommerce,Private Equity,Pune,2015,4,2015-04-01
Credit Saison India,83.0,1,2021-07-01,Fintech,Unknown,Bangalore,2021,7,2021-07-01
Adventz Fiunknownnce,83.0,1,2022-02-01,Microblogging,Unknown,Bangalore,2022,2,2022-02-01
The Good Glamm Group,83.0,1,2021-12-01,Healthcare,Unknown,Delhi,2021,12,2021-12-01
Lohia Group,83.0,1,2017-01-01,Consumer Internet,Private Equity,Gurgaon,2017,1,2017-01-01
Ohm Stock Brokers,83.0,1,2021-12-01,Fintech,Series A,Mumbai,2021,12,2021-12-01
Ajax Capital,83.0,1,2022-01-01,Hospitality,Series A,Delhi,2022,1,2022-01-01
Gaingels,83.0,1,2024-09-01,Blue Collar Recruitment,Series B,Unknown,2024,9,2024-09-01
Chounknown Family Office And Sauce.Vc,83.0,1,2025-05-01,Ice Cream,Series B,Ahmedabad,2025,5,2025-05-01
Mounttech Growth Fund,83.0,1,2024-11-01,Spacetech,Other,Bangalore,2024,11,2024-11-01
Flipkart India,83.0,1,2020-01-01,Agritech,Series C,Bangalore,2020,1,2020-01-01
Kaizen Maunknowngement Advisors,83.0,1,2016-05-01,Edtech,Private Equity,Mumbai,2016,5,2016-05-01
Jj Family,83.0,1,2024-10-01,D2C Bags & Luggage,Series B,Mumbai,2024,10,2024-10-01
Trifecta Debt Fund,83.0,1,2022-01-01,Fintech,Unknown,Bangalore,2022,1,2022-01-01
Transunion,83.0,1,2021-10-01,Information Technology &,Series D,Mumbai,2021,10,2021-10-01
Tcn Interunknowntiounknownl Commerce,83.0,1,2021-03-01,Biotechnology,Unknown,Kottayam,2021,3,2021-03-01
Ravi Modi Family Trust,83.0,1,2022-02-01,Microblogging,Unknown,Bangalore,2022,2,2022-02-01
\\Xc2\\Xa0 Accel Partners,83.0,1,2015-06-01,Hyperlocal,Private Equity,Delhi,2015,6,2015-06-01
Ecosystem Integrity Fund (Eif),83.0,1,2024-11-01,Ev Components,Unspecified Round,Delhi,2024,11,2024-11-01
\\Xc2\\Xa0 Helion Ventures,83.0,1,2015-05-01,Edtech,Private Equity,Mumbai,2015,5,2015-05-01
Cure.Fit,83.0,1,2021-09-01,Healthcare,Unknown,Bangalore,2021,9,2021-09-01
Gaja Capital Private Equity Fund,83.0,1,2015-10-01,Sports Management & Physical Education Business,Private Equity,Bangalore,2015,10,2015-10-01
Shantanu Rastogi,83.0,1,2022-01-01,Hospitality,Series A,Delhi,2022,1,2022-01-01
Uniliver Ventures,83.0,1,2017-11-01,Fintech,Private Equity,Bangalore,2017,11,2017-11-01
Trading Company,83.0,1,2021-08-01,Logistics,Seed,Mumbai,2021,8,2021-08-01
Game7,83.0,1,2024-11-01,Web3 Gaming,Unspecified Round,Tortola,2024,11,2024-11-01
Aarin Capital,82.75,5,2021-09-01,"Technology, Consumer Internet, Early Cancer Detection","Private Equity, Seed, Pre-Series A","Bangalore, Mumbai, Us",2021,9,2021-09-01
Liquid 2 Ventures,82.17,2,2024-12-01,"Technology, Business Banking","Private Equity, Equity",Bangalore,2024,12,2024-12-01
Emergent Ventures,82.17,5,2025-02-01,"Technology, Automotive, SaaS","Unknown, Private Equity, Seed","Delhi, Noida, Chennai",2025,2,2025-02-01
Thai Wah Ventures,81.34,1,2024-08-01,Agritech,Series A,Bangalore,2024,8,2024-08-01
Sol Global Investments And Jw Asset Maunknowngement,81.34,1,2022-05-01,Enterprise Software,Series C,Chicago,2022,5,2022-05-01
8I Ventures,80.63,3,2025-06-01,"Fintech, Food, Qsr Bubble Tea","Series A, Seed, Unspecified Round","Delhi, Maharashtra, Bangalore",2025,6,2025-06-01
Avendus Fiunknownnce Pvt. Ltd,80.51,1,2018-03-01,Technology,Debt,Chennai,2018,3,2018-03-01
Ac Ventures,80.50999999999999,3,2025-06-01,"Other, Advanced Hardware & Technology, AI","Series A, Unknown, Seed","Gurgaon, Mumbai",2025,6,2025-06-01
Mukul Agrawal (Param Capital),80.0,1,2025-01-01,Techenabled Procurement,Other,Mumbai,2025,1,2025-01-01
Claypond Capital (Ranjan Pai Family Office),80.0,1,2025-01-01,Fintech,Other,Mumbai,2025,1,2025-01-01
Earlsfield Capital,79.8,4,2021-12-01,"Consumer Internet, Ecommerce, Edtech","Seed, Unknown, Pre-Series A","Gurgaon, Bangalore, Hyderabad",2021,12,2021-12-01
Uncorrelated Ventures,79.68,1,2025-02-01,SaaS,Unspecified Round,Bangalore,2025,2,2025-02-01
Pankaj Gupta,79.68,3,2022-01-01,"Ecommerce, Digital Healthcare, Import & Export","Seed, Series A","Delhi, Gurgaon",2022,1,2022-01-01
Z5 Capital,79.68,1,2025-02-01,SaaS,Unspecified Round,Bangalore,2025,2,2025-02-01
Dreamit,79.68,1,2025-02-01,SaaS,Unspecified Round,Bangalore,2025,2,2025-02-01
Binny And Jitender Kumar Bansal,79.68,1,2024-09-01,Cloud Kitchen,Unknown,Bangalore,2024,9,2024-09-01
Jyoti Bansal,79.67999999999999,2,2021-06-01,"Technology, It","Private Equity, Unknown",Bangalore,2021,6,2021-06-01
Snow Leopard Ventures,79.67999999999999,3,2025-02-01,"Consumer Internet, Quick Commerce, Ai Infrastructure","Private Equity, Seed, Pre-Seed","Bangalore, Delhi",2025,2,2025-02-01
Michael Carlos,78.85,1,2015-10-01,Beauty & Wellness Products Etailer,Private Equity,Mumbai,2015,10,2015-10-01
Goodwater Capital And Hem Angels,78.85,1,2022-07-01,Travel,Seed,Gurgaon,2022,7,2022-07-01
Nishant Sinha,78.85,1,2021-12-01,Edtech,Seed,Noida,2021,12,2021-12-01
Aditya Singhal,78.85,1,2021-12-01,Edtech,Seed,Noida,2021,12,2021-12-01
Dalip Pathak,78.85,1,2015-10-01,Beauty & Wellness Products Etailer,Private Equity,Mumbai,2015,10,2015-10-01
Ankit Nagori And Kuunknownl Shah,78.85,1,2022-07-01,Food,Seed,Bangalore,2022,7,2022-07-01
The House Fund And Gsv Ventures,78.85,1,2025-04-01,Edtech,Seed,Nan,2025,4,2025-04-01
Omnivore And Bertelsmann,78.85,1,2024-08-01,Speciality Chemicals,Series A,Bangalore,2024,8,2024-08-01
Costanoa,78.85,1,2017-12-01,Technology,Private Equity,Bangalore,2017,12,2017-12-01
India Accelerator,78.77,8,2025-09-01,"Advanced Hardware & Technology, Video Sharing, Hr","Seed, Unknown, Pre-Seed","Gurgaon, Hyderabad, Noida",2025,9,2025-09-01
Survam Partners,78.58,2,2020-12-01,"Consumer Appliances, Fashion","Series B, Pre-Series A","Mumbai, Gurgaon",2020,12,2020-12-01
Oliver Jung,78.5,2,2025-04-01,"Fintech, Property Title Search Engine","Unspecified Round, Other","Delhi, Hyderabad",2025,4,2025-04-01
Vc Grid,78.1,3,2025-01-01,"Sameday Delivery, SaaS, Biotech Seaweed Alternatives","Seed, Other, Unspecified Round","Delhi, Unknown, Pune",2025,1,2025-01-01
Phanindra Sama,77.78,6,2016-06-01,"Consumer Internet, Online Counselling And Psychological Support, Food","Seed, Private Equity","Bangalore, Gwalior, Delhi",2016,6,2016-06-01
Notion Capital,77.19,3,2025-07-01,"Technology, Enterprise Ai, AI","Private Equity, Pre-Seed, Seed","Mumbai, San Francisco, Indore",2025,7,2025-07-01
Vertex Ventures Sea,76.36,2,2025-06-01,"Semiconductors, Cleantech","Unspecified Round, Series B",Bangalore,2025,6,2025-06-01
Baring Private Equity India And Dallas Venture Capital,76.36,1,2022-10-01,Information Technology,Series B,Stamford,2022,10,2022-10-01
Beenextan Investment Fund,76.36,1,2015-09-01,Industrial Tools,Private Equity,Delhi,2015,9,2015-09-01
Service Provider Capital And Arthur Ventures,76.36,1,2022-05-01,Fintech,Unknown,Indianapolis,2022,5,2022-05-01
Girish Mathrubootham,76.0,9,2022-01-01,"Consumer Internet, Technology, Online Printing","Seed, Private Equity","Chennai, Bangalore, Mumbai",2022,1,2022-01-01
Accel Partners India,75.95,2,2016-06-01,"Consumer Internet, Modular Furnishings, Online Kitchen Furniture","Private Equity, Seed",Bangalore,2016,6,2016-06-01
Raghuunknownndan Gangappa,75.53,1,2018-06-01,Consumer Internet,Private Equity,Bangalore,2018,6,2018-06-01
Kube Vc And Entrepreneur First A,75.11,1,2022-09-01,Software,Pre-Seed,Bangalore,2022,9,2022-09-01
Aditya Birla Digital Fashion Ventures Ltd (Abdfvl),75.0,1,2024-10-01,Mens Apparel,Unspecified Round,Bangalore,2024,10,2024-10-01
Fireside,75.0,1,2024-08-01,Beauty And Personal Care,Series B,Mumbai,2024,8,2024-08-01
True North’S Private Credit Fund,75.0,1,2025-01-01,Security & Surveillance,Other,Noida,2025,1,2025-01-01
Jm Fiunknownncial,75.0,1,2024-08-01,Fintech,Other,Mumbai,2024,8,2024-08-01
Tin Men Capital,74.7,1,2025-08-01,AI,Series B,Singapore,2025,8,2025-08-01
Ramesh Srinivasan,74.7,1,2020-01-01,Online Financial,Unknown,Chennai,2020,1,2020-01-01
Nicholas Cator,74.7,1,2020-01-01,Home Design,Series D,Bangalore,2020,1,2020-01-01
Dacm,74.7,1,2021-07-01,Blockchain,Unknown,Delhi,2021,7,2021-07-01
Scb 10X,74.7,1,2020-01-01,Fintech,Other,Bangkok,2020,1,2020-01-01
Triple Jump,74.7,1,2022-03-01,Fintech,Unknown,Gurgaon,2022,3,2022-03-01
Aquaunknownspark,74.7,1,2021-07-01,Biotechnology,Series B,Bangalore,2021,7,2021-07-01
Heritas Capital,74.7,2,2024-08-01,Edtech,"Pre-Seed, Series A","Noida, Bangalore",2024,8,2024-08-01
Line Ventures,74.7,1,2020-01-01,Fintech,Other,Bangkok,2020,1,2020-01-01
Investpad,74.7,1,2021-01-01,Technology,Unknown,Hyderabad,2021,1,2021-01-01
Puro Wellness,74.7,1,2024-10-01,Milletbased Snacks,Unspecified Round,Hyderabad,2024,10,2024-10-01
V Ocean Investments,74.7,1,2024-10-01,Milletbased Snacks,Unspecified Round,Hyderabad,2024,10,2024-10-01
Starfish Growth Partners,74.7,1,2021-01-01,Technology,Unknown,Hyderabad,2021,1,2021-01-01
Mistletoe,74.7,2,2020-03-01,"Ecommerce, Consumer Internet, Food","Private Equity, Unknown","Gurgaon, Bangalore",2020,3,2020-03-01
Michael And Susan Dell Foundation,74.7,4,2020-01-01,"Technology, Edtech, Fintech","Private Equity, Seed, Series A","Gurgaon, Noida, Chennai",2020,1,2020-01-01
Mechanism Capital,74.7,1,2021-07-01,Blockchain,Unknown,Delhi,2021,7,2021-07-01
Nishant Rao,74.7,2,2020-10-01,"Logistics, Technology","Private Equity, Seed","Mumbai, San Francisco",2020,10,2020-10-01
Havells,74.7,1,2022-02-01,Furniture,Series B,Mumbai,2022,2,2022-02-01
Usama Fayyad,74.7,1,2022-03-01,Fintech,Series A,Mumbai,2022,3,2022-03-01
Yuj Ventures,74.7,3,2021-07-01,"Hospitality, Analytics, Edtech","Pre-Series A, Series A, Series B","Delhi, Mumbai",2021,7,2021-07-01
Yali Capital,74.69999999999999,2,2024-10-01,"Deep Ai & Robotics, Healthcare","Seed, Series A","Telangana, Bangalore",2024,10,2024-10-01
One 97 Communications,74.28,1,2018-06-01,Technology,Private Equity,Noida,2018,6,2018-06-01
Sidbi Venture Capital,73.9,3,2025-03-01,"Food, Medtech, Plantbased Nutrition","Other, Series C, Series A","Gurgaon, Bangalore, Hyderabad",2025,3,2025-03-01
Fenice Investment Group,73.87,1,2024-11-01,Protection & Authentication,Series A,Bangalore,2024,11,2024-11-01
Safe Investors,73.87,1,2024-11-01,Protection & Authentication,Series A,Bangalore,2024,11,2024-11-01
Nsi Infinium Global Pvt. Ltd,73.87,1,2016-05-01,Consumer Internet,Private Equity,Mumbai,2016,5,2016-05-01
Recur Club,73.28,4,2025-04-01,"Edtech, Information Technology &, It Cloud & Devops","Debt, Unknown","Bangalore, Hyderabad, Gurgaon",2025,4,2025-04-01
Y Combiunknowntor And Matrix Partners India,73.04,1,2022-07-01,Edtech,Series A,Bangalore,2022,7,2022-07-01
Axilor,72.21000000000001,5,2022-02-01,"SaaS, Internet, Logistics","Seed, Pre-Series A, Unknown","Bangalore, Chennai, Telugana",2022,2,2022-02-01
Haresh Chawla,72.21,5,2021-12-01,"Technology, Consumer Internet, Ready To Cook Packaged Foods","Seed, Private Equity, Unknown","Bangalore, Mumbai, Pune",2021,12,2021-12-01
Humba Ventures,71.8,1,2025-10-01,High > Drones,Seed,Karnataka,2025,10,2025-10-01
Ceo),71.7,1,2024-10-01,Fintech,Unspecified Round,Bangalore,2024,10,2024-10-01
Rajan Bajaj (Founder,71.7,1,2024-10-01,Fintech,Unspecified Round,Bangalore,2024,10,2024-10-01
Development Fiunknownnce Institution Belgian Investment Company,71.38,1,2015-06-01,Micro Finance,Private Equity,Delhi,2015,6,2015-06-01
Anicut Angel Fund,71.13,8,2021-12-01,"Ecommerce, Information Technology &, Retail","Pre-Series A, Unknown, Seed","Gurgaon, Delhi, Unknown",2021,12,2021-12-01
Amara Raja Batteries,70.55,1,2021-08-01,Deeptech,Series A,Bangalore,2021,8,2021-08-01
Advenza Global Limited,70.55,1,2025-04-01,Building Material Segment,Unspecified Round,Mumbai,2025,4,2025-04-01
Nexus India Capital Advisors,70.55,1,2017-07-01,Ecommerce,Private Equity,Bangalore,2017,7,2017-07-01
Sixth Sense Ventures And Volrado Ventures,70.55,1,2022-07-01,Travel,Seed,Mumbai,2022,7,2022-07-01
Jam Fund,70.55,2,2021-11-01,Fintech,"Unknown, Seed","Bangalore, Gurgaon",2021,11,2021-11-01
Five Elms Capital,70.55,1,2022-01-01,Computer Software,Series A,Chennai,2022,1,2022-01-01
Patni Family Office,70.0,1,2024-08-01,Payment Gateway,Series E,Bangalore,2024,8,2024-08-01
Alumni Ventures,70.0,1,2024-08-01,Payment Gateway,Series E,Bangalore,2024,8,2024-08-01
Random Walk Solutions,70.0,1,2024-08-01,Payment Gateway,Series E,Bangalore,2024,8,2024-08-01
Undisclosed Investors,69.65,11,2017-06-01,"Consumer Internet, Technology, Ecommerce","Seed, Private Equity","Bangalore, Noida, Chennai",2017,6,2017-06-01
Amit Singhal,69.49000000000001,4,2024-11-01,"Public Commute Helper, Crm, It","Unknown, Seed, Pre-Seed","Mumbai, Bangalore, Noida",2024,11,2024-11-01
Angellist India,69.48,6,2021-10-01,"Media, Edtech, Other","Seed, Series A, Unknown","Bangalore, Delhi, Hyderabad",2021,10,2021-10-01
12 Flags Group,68.89,1,2025-01-01,Banana Chips,Series A,Alappuzha,2025,1,2025-01-01
Kotak Securities,68.3,2,2025-01-01,"Edtech, Business Observability","Unknown, Series B","Kolkata, Bangalore",2025,1,2025-01-01
Ravi Viswaunknownthan,68.06,1,2018-10-01,Food,Private Equity,Mumbai,2018,10,2018-10-01
Lgt Group,68.06,1,2015-06-01,Dental Clinic,Private Equity,Mumbai,2015,6,2015-06-01
Sachin Tendulkar,68.06,2,2021-07-01,"Consumer Internet, Media","Private Equity, Unknown","Hyderabad, Pune",2021,7,2021-07-01
Capitalunknowna,68.06,4,2025-08-01,"Logistics, SaaS, Advanced Hardware & Iot","Other, Seed, Series A","Mumbai, Bangalore, Delhi",2025,8,2025-08-01
Asian Healthcare Fund,68.06,1,2015-06-01,Dental Clinic,Private Equity,Mumbai,2015,6,2015-06-01
Bajaj Finserv Group,67.23,1,2025-09-01,Agritech,Pre-Series A,Ahmednagar,2025,9,2025-09-01
Shadows Holdings,67.15,1,2020-01-01,Jewellery,Debt,Bangalore,2020,1,2020-01-01
Sig Global India Fund Llp.,66.76,1,2020-01-01,Transport,Series C,Delhi,2020,1,2020-01-01
Poddar Family Office,66.4,1,2025-02-01,D2C Pet Treats,Series B,Bangalore,2025,2,2025-02-01
Pritt Investment Partners,66.4,1,2021-10-01,Computer Software,Unknown,Bangalore,2021,10,2021-10-01
Vivek Vaidya,66.4,1,2021-11-01,Professional Training & Coaching,Seed,Haryana,2021,11,2021-11-01
Sanjay Katkar,66.4,1,2025-10-01,Business > Marketing,Seed,Maharashtra,2025,10,2025-10-01
Em Impact Capital (Ukunknownbased Impact Investment Firm),66.4,1,2025-01-01,Ev Infrastructure,Seed,Pune,2025,1,2025-01-01
Brex,66.4,1,2021-05-01,Fintech,Seed,Mumbai,2021,5,2021-05-01
Ayush Singh,66.4,1,2021-11-01,Professional Training & Coaching,Seed,Haryana,2021,11,2021-11-01
Shivanssh Holdings,66.4,1,2025-02-01,D2C Pet Treats,Series B,Bangalore,2025,2,2025-02-01
Idfcunknownparampara Fund,66.4,1,2020-01-01,AI,Series A,Bangalore,2020,1,2020-01-01
Xiaomi Technologies,66.4,1,2017-10-01,Consumer Internet,Private Equity,Bangalore,2017,10,2017-10-01
Emergent Ventures And Y Combiunknowntor,66.4,1,2018-08-01,Technology,Private Equity,Bangalore,2018,8,2018-08-01
Amereus Group,66.4,1,2017-02-01,Ecommerce,Private Equity,Bangalore,2017,2,2017-02-01
Ameba Capital,66.4,1,2021-09-01,Consumer,Other,Mumbai,2021,9,2021-09-01
And Chiratae Ventures,66.4,1,2024-11-01,D2C,Series B,Bangalore,2024,11,2024-11-01
Motilal Oswal Private Equity,66.4,1,2021-06-01,Fintech,Unknown,Bangalore,2021,6,2021-06-01
Ektha.Com,66.4,1,2025-02-01,D2C Pet Treats,Series B,Bangalore,2025,2,2025-02-01
Sf Capital Group,66.4,1,2015-10-01,Endtoend Lending,Private Equity,Bangalore,2015,10,2015-10-01
Amazon Inc. And Mastercard,66.4,1,2018-05-01,Technology,Private Equity,Bangalore,2018,5,2018-05-01
500 Startunknownups,66.4,1,2016-03-01,Ecommerce,Private Equity,Delhi,2016,3,2016-03-01
Anshul Goel,66.4,1,2024-12-01,Semiconductor Design,Series A,Chennai,2024,12,2024-12-01
Susquehanunknown Interunknowntiounknownl Group.\\Xc2\\Xa0 Wavemaker Partners,66.4,1,2016-09-01,Ecommerce,Private Equity,Bangalore,2016,9,2016-09-01
Jbunknowndooeun,66.4,1,2024-08-01,Beauty Wellness And Health,Series A,Delhi,2024,8,2024-08-01
Nishchay Goel,66.4,1,2024-12-01,Semiconductor Design,Series A,Chennai,2024,12,2024-12-01
Newquest Capital Partners,66.4,1,2021-06-01,Fintech,Unknown,Bangalore,2021,6,2021-06-01
Nirvaunknown Digital Investment Holding Co Ltd,66.4,1,2016-03-01,Ecommerce,Private Equity,Delhi,2016,3,2016-03-01
Quiet Capital,66.4,1,2024-12-01,Quick Commerce,Unspecified Round,Bangalore,2024,12,2024-12-01
Jim Moffatt,66.4,1,2020-11-01,AI,Unknown,New York,2020,11,2020-11-01
Mixi Global Investments,66.4,1,2024-08-01,Beauty Wellness And Health,Series A,Delhi,2024,8,2024-08-01
Tk Fund,66.4,1,2024-08-01,Beauty Wellness And Health,Series A,Delhi,2024,8,2024-08-01
Venturra Capital,66.4,1,2016-09-01,Ecommerce,Private Equity,Bangalore,2016,9,2016-09-01
Unknown Japanese Investor,66.4,1,2016-03-01,Ecommerce,Private Equity,Delhi,2016,3,2016-03-01
Hack Vc,66.4,1,2018-08-01,Technology,Private Equity,Bangalore,2018,8,2018-08-01
Kalaari Capital And Angel Investors,66.4,1,2024-08-01,Beauty Wellness And Health,Series A,Delhi,2024,8,2024-08-01
Tara India Fund Iv And Others,66.4,1,2017-10-01,Technology,Private Equity,Bangalore,2017,10,2017-10-01
Kevin Donlon,66.4,1,2021-11-01,Professional Training & Coaching,Seed,Haryana,2021,11,2021-11-01
Mgv,66.4,1,2018-08-01,Technology,Private Equity,Bangalore,2018,8,2018-08-01
Alan Patricof,66.4,1,2020-11-01,AI,Unknown,New York,2020,11,2020-11-01
Pioneer Fund,65.57,2,2025-01-01,"Social Commerce, Property Title Search Engine","Seed, Other","Delhi, Hyderabad",2025,1,2025-01-01
We Founder Circle,65.24000000000001,11,2024-10-01,"Mobile Games, Dating, Online Media","Seed, Pre-Series A, Unknown","Bangalore, Noida, Gurgaon",2024,10,2024-10-01
Finvolve,65.03,4,2025-10-01,"Advanced Hardware & Technology, Auto > Auto Retail & Aftersales, Energy > Electric Vehicles","Seed, Pre-Series A","Haryana, Hyderabad, Bangalore",2025,10,2025-10-01
Bold (L’Oréal’S Vc Fund),65.0,1,2025-01-01,D2C Skincare,Unspecified Round,Bangalore,2025,1,2025-01-01
Rpsg Capital,64.74,2,2025-09-01,Ecommerce,"Pre-Series A, Series A","Bangalore, Delhi",2025,9,2025-09-01
A91 Emerging Fund,64.32,1,2020-07-01,Food,Unknown,"Gurgaon, Bangalore",2020,7,2020-07-01
Amrish Rau,64.26,4,2021-04-01,"Fintech, Other, Ecommerce","Pre-Seed, Seed, Unknown","Gurgaon, Bangalore, Chennai",2021,4,2021-04-01
Nazara Technologies,64.0,1,2024-12-01,Gaming And Entertainment,Other,Gurgaon,2024,12,2024-12-01
Redcliffe Capital,63.91,1,2020-01-01,Fintech,Unknown,Mumbai,2020,1,2020-01-01
Digital Currency Group,63.91,2,2025-01-01,"Consumer Internet, Credit & Financial","Private Equity, Pre-Series A",Bangalore,2025,1,2025-01-01
Ritesh Malik,63.91,3,2025-02-01,"Fintech, SaaS","Unknown, Pre-Series A, Seed","Gurgaon, Bangalore, Mumbai",2025,2,2025-02-01
Ani Technologies Pvt. Ltd,63.91,1,2017-10-01,Consumer Internet,Private Equity,Bangalore,2017,10,2017-10-01
Micelio Fund And Speciale Invest,63.91,1,2022-06-01,Cleantech,Pre-Seed,Bangalore,2022,6,2022-06-01
Urrshila Kerkar,63.91,1,2017-04-01,Consumer Internet,Private Equity,Gurgaon,2017,4,2017-04-01
Insitor Partners And Alkemi Venture Partners,63.91,1,2022-08-01,Food,Series A,Mumbai,2022,8,2022-08-01
Eterunknownl Capital,63.230000000000004,5,2025-08-01,"Ecommerce, Home Hygiene, AI","Pre-Series A, Unknown, Seed","Bangalore, Jaipur, Nashik",2025,8,2025-08-01
Aegon Nv,63.08,1,2018-03-01,Consumer Internet,Private Equity,Mumbai,2018,3,2018-03-01
Adb Ventures,63.08,2,2022-02-01,"Automotive, Defense & Space","Series A, Pre-Series A","Delhi, Bangalore",2022,2,2022-02-01
Ian Alpha Fund,62.870000000000005,4,2025-07-01,"Biomedical Products, Healthcare, Deep","Pre-Series A, Unspecified Round, Seed","Bangalore, Pune, Bhubaneswar",2025,7,2025-07-01
Jabbar Internet Group,62.25,1,2020-10-01,Retail,Series A,Bangalore,2020,10,2020-10-01
3Lines,62.25,1,2020-10-01,Retail,Series A,Bangalore,2020,10,2020-10-01
Hr Technology Fund,62.25,1,2015-07-01,Recruitment,Private Equity,Bangalore,2015,7,2015-07-01
Wealth Maunknowngers,62.25,2,2025-02-01,"Fintech, Investment Wealthtech","Series D, Seed",Bangalore,2025,2,2025-02-01
Investec,62.25,1,2020-10-01,Retail,Unknown,Sydney,2020,10,2020-10-01
Tanglin,62.25,1,2025-05-01,Early Childhood Education And Daycare,Series A,Noida,2025,5,2025-05-01
University Of Tokyo Edge Capital,62.25,1,2020-04-01,Biopharma,Unknown,Bangalore,2020,4,2020-04-01
Bay Capital Investments And Others,62.25,1,2018-04-01,Consumer Internet,Private Equity,Mumbai,2018,4,2018-04-01
Ruchirans Jaipuria,62.25,3,2021-10-01,"Consumer Internet, Fintech, Ecommerce","Seed, Pre-Series A, Unknown","Delhi, Noida",2021,10,2021-10-01
Jitu Virwani,62.25,1,2015-11-01,Designer Fashion Jewellery,Seed,Bangalore,2015,11,2015-11-01
Sparrow Capital And Better Capital,62.25,1,2022-09-01,Recruiting,Pre-Seed,Bangalore,2022,9,2022-09-01
Global Brain Corporation,62.25,1,2020-04-01,Biopharma,Unknown,Bangalore,2020,4,2020-04-01
8I Ventures And Abhishek Bachchan,62.25,1,2022-08-01,Food,Seed,Mumbai,2022,8,2022-08-01
Unknown Investor,61.84,17,2017-10-01,"Consumer Internet, Technology, Other","Seed, Private Equity","Delhi, Bangalore, Mumbai",2017,10,2017-10-01
Alkemi Growth Capital,61.62,2,2025-02-01,"Linen Management Saas, Hrtech Healthcare Staffing",Other,Gurgaon,2025,2,2025-02-01
Capri Global Family Office,61.5,2,2025-06-01,"Ev Batteries, Travel","Series A, Series B",Mumbai,2025,6,2025-06-01
Sweta Rau,61.42,4,2021-03-01,"Entertainment, Nano Distribution, Other","Seed, Unknown, Pre-Seed","Mumbai, Unknown, Gurgaon",2021,3,2021-03-01
Redbrook Pte Ltd And Blume Founders Fund,61.42,1,2022-10-01,Social Media,Seed,Mumbai,2022,10,2022-10-01
Villgro Usa And Indian Angel Network,61.25,1,2022-08-01,Healthcare,Seed,Bangalore,2022,8,2022-08-01
Florintree Advisors And Srinivas Anumolu,61.0,1,2022-04-01,Food,Series C,Bangalore,2022,4,2022-04-01
Sidbi,60.75,2,2024-08-01,"Other, Investment Fund","Private Equity, Other","Unknown, Gurgaon",2024,8,2024-08-01
Prashant Malik,60.67,2,2022-01-01,"Ondemand Delivery, Import & Export","Seed, Series A",Gurgaon,2022,1,2022-01-01
Ryan Johnson,60.59,1,2021-03-01,Spacetech,Seed,Bangalore,2021,3,2021-03-01
Merak Ventures,60.59,2,2025-09-01,"Ecommerce, Space","Unknown, Pre-Seed","Noida, Ahmedabad",2025,9,2025-09-01
Advantedge Founders,60.59,2,2025-01-01,"Fintech, Electric Tractor","Unknown, Seed","Delhi, Bangalore",2025,1,2025-01-01
Ycombiunknowntor,60.59,3,2021-12-01,"Ecommerce, Social Commerce, Consumer Software","Private Equity, Seed, Unknown","Bangalore, Delhi, Noida",2021,12,2021-12-01
Capital A,60.59,3,2025-06-01,"Digital, Renewables & Environment, Ecommerce","Unknown, Pre-Series A, Series A","Delhi, Noida",2025,6,2025-06-01
William Bissell,60.18,2,2020-10-01,"Digital & Physical Publishing, Food","Private Equity, Debt","Delhi, Kolkata",2020,10,2020-10-01
Nqm,60.0,1,2025-04-01,Cyber Security,Series A,Bangalore,2025,4,2025-04-01
Blinc Invest,59.9,2,2025-01-01,Fintech,"Pre-Series A, Series A","Delhi, Gurgaon",2025,1,2025-01-01
Subhkam Ventures,59.760000000000005,2,2025-10-01,"Healthcare, Energy","Unknown, Equity","Maharashtra, Bangalore",2025,10,2025-10-01
Incubate Fund Asia,59.76,3,2025-08-01,"Ecommerce, Enterprise, Fintech","Pre-Series A, Seed","Gurgaon, Surat, Mumbai",2025,8,2025-08-01
Taurus Value Creation,59.76,1,2016-01-01,Ecommerce,Private Equity,Bangalore,2016,1,2016-01-01
Konly Venture,59.76,1,2016-01-01,Ecommerce,Private Equity,Bangalore,2016,1,2016-01-01
Mathew Cyriac,59.34,2,2017-04-01,"Consumer Internet, Ecommerce",Private Equity,"Mumbai, Hyderabad",2017,4,2017-04-01
Bp Technology Ventures,59.0,1,2024-12-01,Intercity Mobility,Unspecified Round,Gurgaon,2024,12,2024-12-01
Bessemer Venture Partners And Citi Ventures,58.93,1,2022-11-01,Information Technology,Series B,Pune,2022,11,2022-11-01
Khosla Ventures And Better Capital,58.93,1,2022-06-01,Information &,Seed,Bangalore,2022,6,2022-06-01
Gb Group,58.1,1,2020-08-01,Technology,Series A,Singapore,2020,8,2020-08-01
Ashish Kacholia (Lucky Investments),58.1,1,2024-10-01,Spacetech,Seed,Hyderabad,2024,10,2024-10-01
Maunknown Ventures,58.1,1,2024-10-01,Spacetech,Seed,Hyderabad,2024,10,2024-10-01
Sands Capital And Accel Partners,58.1,1,2015-10-01,Last Mile Delivery,Private Equity,Bangalore,2015,10,2015-10-01
Unilever Ventures And Blume Ventures,58.1,1,2018-05-01,Technology,Private Equity,Gurgaon,2018,5,2018-05-01
Advantedge Vc,58.1,1,2025-01-01,Fintech,Other,Gurgaon,2025,1,2025-01-01
Co. Ltd,58.1,1,2016-08-01,Consumer Internet,Private Equity,Bangalore,2016,8,2016-08-01
Incofin,58.1,1,2021-11-01,Fintech,Series A,Noida,2021,11,2021-11-01
Innospark Ventures,58.1,1,2022-02-01,Edtech,Series A,Kochin,2022,2,2022-02-01
E2Mc,58.1,1,2024-10-01,Spacetech,Seed,Hyderabad,2024,10,2024-10-01
Prodapt Holdings,58.1,1,2021-10-01,Marketing & Advertising,Pre-Series A,Mumbai,2021,10,2021-10-01
Taunknowns Capital,58.1,1,2021-10-01,Marketing & Advertising,Pre-Series A,Mumbai,2021,10,2021-10-01
Bennett Coleman,58.1,1,2016-08-01,Consumer Internet,Private Equity,Bangalore,2016,8,2016-08-01
Rajesh Magow,58.1,2,2021-07-01,"Mutual Fund Investing, Healthcare","Private Equity, Unknown",Bangalore,2021,7,2021-07-01
Talbros,58.1,1,2021-01-01,Ev,Unknown,Noida,2021,1,2021-01-01
Falconedge,58.1,1,2021-08-01,Retail,Unknown,Gurgaon,2021,8,2021-08-01
Nicolas Jarrosson,58.1,1,2020-12-01,Fintech,Unknown,Gurgaon,2020,12,2020-12-01
Fil Capital Maunknowngement,58.1,1,2017-10-01,Consumer Internet,Private Equity,Mumbai,2017,10,2017-10-01
Pentathlon Ventures And Core91 Fund,58.1,1,2022-04-01,Software,Series A,Gurgaon,2022,4,2022-04-01
Qualgro.,58.1,1,2017-08-01,Technology,Private Equity,Pune,2017,8,2017-08-01
Varanium Nexgen Fund,58.1,1,2021-09-01,Information Technology &,Unknown,Mumbai,2021,9,2021-09-01
Baring Private Equity Partners India,58.1,1,2021-01-01,Ev,Unknown,Noida,2021,1,2021-01-01
Lgt Lightstoneaspada,58.1,1,2020-03-01,Fintech,Series A,Unknown,2020,3,2020-03-01
Xiaomi And Sequoia Capital India,58.1,1,2018-08-01,Consumer Internet,Private Equity,Hyderabad,2018,8,2018-08-01
Raine Ventures,58.1,1,2021-01-01,It,Unknown,Mumbai,2021,1,2021-01-01
Pi Ventures Llp,58.1,1,2021-10-01,Marketing & Advertising,Pre-Series A,Mumbai,2021,10,2021-10-01
Gujarat Venture Fiunknownnce Limited (Gvfl),58.1,1,2016-08-01,Consumer Internet,Private Equity,Bangalore,2016,8,2016-08-01
Experian,58.1,1,2017-10-01,Consumer Internet,Private Equity,Chennai,2017,10,2017-10-01
Akshay Kothari (Notion Counknownfounder),58.1,1,2024-10-01,Technology,Series A,Bangalore,2024,10,2024-10-01
Investment Corporation Of Dubai,58.1,1,2022-02-01,Food,Unknown,Gurgaon,2022,2,2022-02-01
Siunknowni Ventures,58.1,1,2020-01-01,Edtech,Other,Chennai,2020,1,2020-01-01
Payu Fiunknownnce India,58.1,1,2020-12-01,Fintech,Unknown,Bangalore,2020,12,2020-12-01
Beenext Ventures,58.099999999999994,3,2018-03-01,"Healthcare, Technology, For Bangkok",Private Equity,"Bangalore, Mumbai",2018,3,2018-03-01
Akya Ventures,57.68,1,2021-03-01,"Other, Healthcare",Series A,"Unknown, Coimbatore",2021,3,2021-03-01
Atomic Capital,56.48,4,2025-07-01,"Dairy, Beauty Commerce, Ecommerce","Pre-Series A, Series A, Venture","Sonepat, Delhi, Gurgaon",2025,7,2025-07-01
Ivy Icon,56.44,1,2020-08-01,Healthcare,Unknown,Bangalore,2020,8,2020-08-01
Yournest,56.44,2,2024-08-01,"Blockchain, Healthcare","Pre-Series A, Seed",Bangalore,2024,8,2024-08-01
Caspian Sme Impact Fund Iv,56.44,1,2020-01-01,Agritech,Unknown,Gurgaon,2020,1,2020-01-01
Kb Global Platform Firm,56.44,1,2020-04-01,Edtech,Series C,Bangalore,2020,4,2020-04-01
Mayfield Fund,56.44,3,2021-10-01,"Food, Fintech, Entertainment","Unknown, Series B","Gurgaon, Delhi",2021,10,2021-10-01
Ashish Goel And Alteria Capital,56.44,1,2022-07-01,Ecommerce,Series A,Bangalore,2022,7,2022-07-01
Stellaris Ventures,56.44,3,2022-06-01,"Healthcare, SaaS, Fintech","Unknown, Private Equity","Gurgaon, Unknown, Noida",2022,6,2022-06-01
Amal N Parikh,56.0,1,2025-01-01,Beer Manufacturing,Series A,Delhi,2025,1,2025-01-01
Crest Opportunities,56.0,1,2025-01-01,Beer Manufacturing,Series A,Delhi,2025,1,2025-01-01
Ashwin Kedia,56.0,1,2025-01-01,Beer Manufacturing,Series A,Delhi,2025,1,2025-01-01
Uae),56.0,1,2025-01-01,Beer Manufacturing,Series A,Delhi,2025,1,2025-01-01
Ramesh Damani,56.0,1,2025-01-01,Beer Manufacturing,Series A,Delhi,2025,1,2025-01-01
Nikhil Garg,56.0,1,2025-01-01,Beer Manufacturing,Series A,Delhi,2025,1,2025-01-01
Hnis (Singapore,56.0,1,2025-01-01,Beer Manufacturing,Series A,Delhi,2025,1,2025-01-01
Uk,56.0,1,2025-01-01,Beer Manufacturing,Series A,Delhi,2025,1,2025-01-01
Blueorchard Impact Investment Maunknowngers,55.61,1,2021-12-01,Insurance,Unknown,Mumbai,2021,12,2021-12-01
Iifl Income Opportunities Fund,55.61,1,2020-08-01,Food,Series C,Bangalore,2020,8,2020-08-01
She Capital,55.61,2,2020-12-01,"Ecommerce, Food","Other, Series A","Noida, Bangalore",2020,12,2020-12-01
Tv Mohandas Pai,55.41,8,2017-07-01,"Ecommerce, Technology, Consumer Internet","Seed, Private Equity","Bangalore, Pune, Mumbai",2017,7,2017-07-01
Asian Promoter Group,55.0,1,2024-10-01,Consumer Food,Series B,Gurgaon,2024,10,2024-10-01
Spectrum Impact,55.0,2,2024-09-01,"Cleantech, For Biomass And Biofuel","Pre-Series A, Unspecified Round","Mumbai, Pune",2024,9,2024-09-01
Muthoot Fincorp,55.0,1,2025-04-01,Loan Sourcing,Unspecified Round,Chennai,2025,4,2025-04-01
Binny Bansal And Caspian Investments,54.78,1,2025-03-01,Cloud Kitchen,Unknown,Bangalore,2025,3,2025-03-01
Ranjan Pai,54.78,2,2018-03-01,"Healthcare, Other",Private Equity,"Mumbai, Unknown",2018,3,2018-03-01
Rajasthan Venture Capital Fund,54.78,7,2021-09-01,"Biotechnology, Retail, Agritech","Pre-Series A, Unknown, Seed","Jodhpur, Jaipur, Rajastan",2021,9,2021-09-01
Rockstud Capital,54.760000000000005,5,2024-11-01,"Gaming, Vr & Saas, Consumer Goods",Pre-Series A,"Mumbai, Delhi, Unknown",2024,11,2024-11-01
One97 Communications Ltd.,54.7,1,2019-08-01,Food,Series C,Bangalore,2019,8,2019-08-01
Ankit Nagori,54.629999999999995,3,2025-06-01,"Ecommerce, AI, D2C Ethnic Wear","Series A, Unknown, Seed","Delhi, Gurgaon",2025,6,2025-06-01
Sachin And Binny Bansal,54.370000000000005,2,2015-07-01,"Medical Instruments, Other","Seed, Private Equity","Delhi, Unknown",2015,7,2015-07-01
Alok Mittal,54.37,4,2020-10-01,"Healthcare, Twowheeler Taxi, Other","Seed, Series A","Bangalore, Gurgaon, Unknown",2020,10,2020-10-01
Growthstory,54.37,2,2020-01-01,"Food, Automobile","Seed, Unknown","Bangalore, Mumbai",2020,1,2020-01-01
Tidal Ventures,53.95,1,2025-08-01,AI,Seed,Bangalore,2025,8,2025-08-01
Growmo360,53.95,1,2025-10-01,Energy > Solar Energy,Series A,Uttar Pradesh,2025,10,2025-10-01
3Tounknown1 Capital,53.95,1,2024-08-01,Xr,Series A,Troy,2024,8,2024-08-01
Arkam Ventures And Athera Venture Partners,53.95,1,2025-05-01,AI,Seed,Mumbai,2025,5,2025-05-01
Raghuunknownndan G,53.95,3,2018-07-01,"Consumer Internet, Healthcare","Private Equity, Seed","Bangalore, Mumbai",2018,7,2018-07-01
Yamaha Motors,53.95,1,2021-06-01,Automotive,Unknown,Bangalore,2021,6,2021-06-01
Manish Choksi’S Family Office,53.95,1,2024-08-01,Xr,Series A,Troy,2024,8,2024-08-01
Mistry Ventures,53.95,3,2025-07-01,"Ecommerce, D2C Reusable Period Panties, D2C Food","Unknown, Pre-Series A, Series A","Delhi, Bangalore, Mumbai",2025,7,2025-07-01
Campus Fund,53.95,3,2025-01-01,"Healthcare, Information Technology &","Unknown, Seed, Unspecified Round","Bangalore, Bhopal",2025,1,2025-01-01
Natco Pharma And Kotak Private Equity,53.12,1,2022-08-01,Biotechnology,Series A,Bangalore,2022,8,2022-08-01
Pravega Fund,53.0,1,2024-09-01,Fintech,Series B,Unknown,2024,9,2024-09-01
Keiretsu Forum,52.86,5,2021-05-01,"Technology, Ecommerce, Fashion","Seed, Unknown, Private Equity","Mumbai, Chennai, Bangalore",2021,5,2021-05-01
Blacksoil Capital,52.62,3,2021-03-01,"Edtech, Fintech, Home Decor","Unknown, Debt","Bangalore, Mumbai",2021,3,2021-03-01
Milestone,52.46,1,2019-04-01,Edtech,Debt + Equity,Mumbai,2019,4,2019-04-01
Ligthbox Ventures Ii,52.29,1,2017-04-01,Food,Private Equity,Pune,2017,4,2017-04-01
Lightbox Expansion Fund,52.29,1,2017-04-01,Food,Private Equity,Pune,2017,4,2017-04-01
Brewster Stanislaw And Arjun Pillai,52.29,1,2022-05-01,Software,Unknown,Seatlle,2022,5,2022-05-01
Runet South Asia,52.29,1,2017-04-01,Food,Private Equity,Pune,2017,4,2017-04-01
July Ventures,52.21,1,2025-06-01,Alternative Lending,Series B,Maharashtra,2025,6,2025-06-01
. Sameer Khan And Joseph R. Saviano,51.73,1,2022-09-01,Fintech,Seed,Bangalore,2022,9,2022-09-01
Pullela Gopichand,51.46,1,2017-09-01,Consumer Internet,Private Equity,Hyderabad,2017,9,2017-09-01
Microtek Group,51.46,1,2025-01-01,Energy,Equity,Bangalore,2025,1,2025-01-01
Vertex Ventures Southeast Asia,51.46,1,2025-08-01,Ecommerce,Series A,Pune,2025,8,2025-08-01
Srk Family Office,51.46,1,2025-01-01,Energy,Equity,Bangalore,2025,1,2025-01-01
We Founder Circle And Venture Catalyst,51.46,1,2022-05-01,Consumer,Unknown,Secundrabad,2022,5,2022-05-01
P.V Sindhu,51.46,1,2017-09-01,Consumer Internet,Private Equity,Hyderabad,2017,9,2017-09-01
Argor Capital,51.46,1,2025-01-01,Credit & Financial,Pre-Series A,Bangalore,2025,1,2025-01-01
We Founder Circle And Venture Catalysts,51.46,1,2022-07-01,Consumer,Seed,Secundrabad,2022,7,2022-07-01
Rohan Bajaj Syndicate,51.0,1,2024-11-01,Evasaservice,Pre-Series A,Telangana,2024,11,2024-11-01
Sarthy Angels,51.0,1,2024-11-01,Evasaservice,Pre-Series A,Telangana,2024,11,2024-11-01
Srikanth Reddy,51.0,1,2024-11-01,Evasaservice,Pre-Series A,Telangana,2024,11,2024-11-01
Snehith Reddy,51.0,1,2024-11-01,Evasaservice,Pre-Series A,Telangana,2024,11,2024-11-01
Phani Ramineni,51.0,1,2024-11-01,Evasaservice,Pre-Series A,Telangana,2024,11,2024-11-01
Bestvantage,51.0,1,2024-11-01,Evasaservice,Pre-Series A,Telangana,2024,11,2024-11-01
Gruhas Collective Consumer Fund,50.63,2,2025-04-01,"Luggage And Lifestyle, D2C Sexual Wellness Healthtech","Pre-Series A, Series A",Mumbai,2025,4,2025-04-01
Pear Vc And Bond,50.63,1,2025-06-01,Digital Payment,Seed,Chennai,2025,6,2025-06-01
Alto Partners,50.46,2,2020-01-01,"Consumer Internet, Fintech","Private Equity, Seed","Delhi, Singapore",2020,1,2020-01-01
Bharat V. Daftary And Kotak Investment Advisors,50.3,1,2022-11-01,"Healtcare, Healthcare",Unknown,Mumbai,2022,11,2022-11-01
C4D Partners,50.22,4,2021-08-01,"Waste Management, Fintech, Consumer Goods","Unknown, Other, Debt","Bangalore, Delhi, Hyderabad",2021,8,2021-08-01
Infuse Ventures,50.22,4,2017-07-01,"Technology, Solar Power, Probiotic Technology Products Manufacturer",Private Equity,"Ahmedabad, Bangalore, Hyderabad",2017,7,2017-07-01
Kuberan Ventures,50.0,1,2025-01-01,Ev Manufacturing,Series A,Bangalore,2025,1,2025-01-01
Nithin And Nikhil Kamath,50.0,1,2024-12-01,Fintech,Series A,Mumbai,2024,12,2024-12-01
Ambis Holding Us,50.0,1,2025-01-01,Ev Manufacturing,Series A,Bangalore,2025,1,2025-01-01
Karimjee Group,50.0,1,2025-01-01,Ev Manufacturing,Series A,Bangalore,2025,1,2025-01-01
Sanjeev Saraf Family Office,50.0,1,2025-01-01,Ev Manufacturing,Series A,Bangalore,2025,1,2025-01-01
Uc Impower,50.0,1,2025-01-01,Fintech,Equity,Chennai,2025,1,2025-01-01
Pravek Kalp Family Office,50.0,1,2025-01-01,Ev Manufacturing,Series A,Bangalore,2025,1,2025-01-01
Mission Vertical,50.0,1,2025-01-01,Ev Manufacturing,Series A,Bangalore,2025,1,2025-01-01
Counknownfounders Of Zerodhaunknownbacked Venture Firm Rainmatter,50.0,1,2024-12-01,Fintech,Series A,Mumbai,2024,12,2024-12-01
Mirabilis Investment,50.0,1,2025-01-01,Logistics,Unspecified Round,Mumbai,2025,1,2025-01-01
Rs 10 Crore ($1.15M) Credit Line From Venture Debt Cos,50.0,1,2025-02-01,Linen Management Saas,Other,Gurgaon,2025,2,2025-02-01
Bossanova Investimentos And Omidyar Network,49.9,1,2022-04-01,Information Technology,Unknown,Maharastra,2022,4,2022-04-01
Blume Ventures And Mela Ventures,49.8,1,2025-04-01,Deeptech,Series A,Ahmedabad,2025,4,2025-04-01
Operators Studio,49.8,1,2024-12-01,Aifocused Healthtech,Seed,"New Jersey, Ichalkaranji",2024,12,2024-12-01
Rajiv Dadlani Group,49.8,2,2022-02-01,"Fintech, Venture Capital & Private Equity","Other, Series A","Gurgaon, Mumbai",2022,2,2022-02-01
Beyond Next Ventures,49.8,3,2021-07-01,"Agritech, Farming, AI","Pre-Series A, Unknown",Bangalore,2021,7,2021-07-01
Yaletown Partners,49.8,1,2024-10-01,Workplace,Series A,Bangalore,2024,10,2024-10-01
You,49.8,1,2016-06-01,Technology,Private Equity,Bangalore,2016,6,2016-06-01
Saikiran Krishunknownmurthy,49.8,1,2020-10-01,Hospitality,Unknown,Bangalore,2020,10,2020-10-01
Ets Capital,49.8,1,2024-10-01,Edtech,Unspecified Round,Gurgaon,2024,10,2024-10-01
Rainmaker Ventures,49.8,2,2016-07-01,Consumer Internet,Private Equity,"Delhi, Mumbai",2016,7,2016-07-01
Cisco Ventures,49.8,1,2016-09-01,Technology,Private Equity,Chennai,2016,9,2016-09-01
Keystone Group,49.8,1,2015-03-01,Other,Private Equity,Unknown,2015,3,2015-03-01
Ununknownmed Media House And Hnis,49.8,1,2015-10-01,Online Homeopathy Clinic,Private Equity,Mumbai,2015,10,2015-10-01
Nirvaunknown Digital Investment Holding,49.8,1,2016-01-01,Consumer Internet,Private Equity,Delhi,2016,1,2016-01-01
Udaan Angel Partners,49.8,1,2020-11-01,AI,Series A,Gurgaon,2020,11,2020-11-01
Agriculture Fund (Ifa Fund),49.8,1,2020-01-01,Agritech,Series A,Pune,2020,1,2020-01-01
T Choithrams Bvi,49.8,1,2021-04-01,Fintech,Unknown,Thane,2021,4,2021-04-01
Strategic Healthcare Operators,49.8,1,2024-12-01,Aifocused Healthtech,Seed,"New Jersey, Ichalkaranji",2024,12,2024-12-01
Goutham Ekollu,49.8,1,2021-02-01,Personal Care,Unknown,Mumbai,2021,2,2021-02-01
Taher Savliwala And Kevin Lin,49.8,1,2022-10-01,SaaS,Seed,Bangalore,2022,10,2022-10-01
Cdc Group Plc\\Xc2\\Xa0,49.8,1,2018-08-01,Technology,Private Equity,Bangalore,2018,8,2018-08-01
Ardor,49.8,1,2021-04-01,Fintech,Unknown,Thane,2021,4,2021-04-01
100 Unicorns,49.8,1,2024-09-01,SaaS,Other,Unknown,2024,9,2024-09-01
Cercano Maunknowngement,49.8,1,2025-07-01,Fintech,Series A,Ahmedabad,2025,7,2025-07-01
Saama Capital.,49.8,1,2015-06-01,Healthy Food Manufacturer,Private Equity,Delhi,2015,6,2015-06-01
Exposition Ventures,49.8,1,2024-10-01,Workplace,Series A,Bangalore,2024,10,2024-10-01
Lodha Ventures,49.8,1,2020-03-01,Real Estate,Unknown,Mumbai,2020,3,2020-03-01
Dtdc,49.8,1,2020-11-01,AI,Series A,Gurgaon,2020,11,2020-11-01
Vc Samsung Next,49.8,1,2018-11-01,Healthcare,Other,Bangalore,2018,11,2018-11-01
Medmountain Ventures,49.8,1,2024-12-01,Aifocused Healthtech,Seed,"New Jersey, Ichalkaranji",2024,12,2024-12-01
Ajay Adiseshann And Magic Fun,49.8,1,2022-07-01,Fintech,Pre-Seed,Mumbai,2022,7,2022-07-01
Edaphon,49.8,1,2024-10-01,Agritech,Series A,Pune,2024,10,2024-10-01
Alkemi Capital,49.8,1,2021-06-01,Healthcare,Unknown,Gurgaon,2021,6,2021-06-01
Blume Ventures And Innoven Capital.,49.8,1,2018-11-01,Healthcare,Other,Bangalore,2018,11,2018-11-01
>Vikram Sud,49.8,1,2020-10-01,Fintech,Debt,Mumbai,2020,10,2020-10-01
Gawa Capital,49.8,1,2021-03-01,Fintech,Unknown,Bangalore,2021,3,2021-03-01
Mayank Singhal,49.8,1,2016-01-01,Food,Private Equity,Delhi,2016,1,2016-01-01
Innovation In Food And Agriculture (Ifa),49.8,1,2020-01-01,Agritech,Unknown,Telangana,2020,1,2020-01-01
Innovation In Food,49.8,1,2020-01-01,Agritech,Series A,Pune,2020,1,2020-01-01
Pradeep Dadha,49.8,1,2025-01-01,Astrotech,Seed,Chennai,2025,1,2025-01-01
Mr Jones,49.8,1,2016-06-01,Technology,Private Equity,Bangalore,2016,6,2016-06-01
Rebellion Vc,49.8,1,2024-12-01,Aifocused Healthtech,Seed,"New Jersey, Ichalkaranji",2024,12,2024-12-01
Diaz Nesamoney,49.8,1,2016-06-01,Technology,Private Equity,Bangalore,2016,6,2016-06-01
Ramesh Mangaleswaran,49.8,1,2020-10-01,Hospitality,Unknown,Bangalore,2020,10,2020-10-01
Kotak Investment Advisors Limited,49.8,1,2021-07-01,Real Estate,Series A,Bangalore,2021,7,2021-07-01
Sathguru Catalyzer Advisors,49.8,1,2019-12-01,Technology,Series A,Pune,2019,12,2019-12-01
Rb Investments Pte Ltd,49.8,1,2016-06-01,Ecommerce,Private Equity,Mumbai,2016,6,2016-06-01
Trtl Ventures,49.8,1,2024-10-01,Edtech,Unspecified Round,Gurgaon,2024,10,2024-10-01
C4D Asia Fund,49.8,1,2022-01-01,Food,Unknown,Hyderabad,2022,1,2022-01-01
Inflexor,49.8,1,2024-10-01,Agritech,Series A,Pune,2024,10,2024-10-01
Prime Venture Partners.,49.8,1,2017-09-01,Technology,Private Equity,Bangalore,2017,9,2017-09-01
Incofin Investment Maunknowngement.,49.8,1,2017-09-01,Fintech,Private Equity,Gaya,2017,9,2017-09-01
Tsm Ventures,49.8,1,2024-10-01,Edtech,Unspecified Round,Gurgaon,2024,10,2024-10-01
Fortisure Ventures,49.8,1,2016-06-01,Technology,Private Equity,Bangalore,2016,6,2016-06-01
Apis Insurtech Fund I,49.8,1,2021-12-01,Insurance,Series B,Gurgaon,2021,12,2021-12-01
Ambiga Subramanian,49.8,1,2021-02-01,Personal Care,Unknown,Mumbai,2021,2,2021-02-01
Carya Ventures,49.8,1,2024-10-01,Workplace,Series A,Bangalore,2024,10,2024-10-01
Breadlake Ventures,49.8,1,2020-11-01,Fintech,Pre-Series A,"Delhi, Gurgaon",2020,11,2020-11-01
Mahyco Seeds Ltd. And Indigo,49.8,1,2022-12-01,Agritech,Seed,Mumbai,2022,12,2022-12-01
George Kaiser Family Foundation,49.8,1,2024-10-01,Workplace,Series A,Bangalore,2024,10,2024-10-01
Colgate Palmolive,49.8,1,2021-01-01,Fashion And Lifestyle,Unknown,Delhi,2021,1,2021-01-01
Wsv Capital,49.53,1,2020-06-01,Fintech,Series D,Chennai,2020,6,2020-06-01
Other Angel Investors,49.4,9,2024-11-01,"Consumer Internet, Ecommerce, Exam Preparation","Seed, Private Equity, Pre-Seed","Delhi, Mumbai, Pune",2024,11,2024-11-01
Pearl Brook Holdings Ltd,49.3,1,2020-06-01,Coworking,Unknown,Delhi,2020,6,2020-06-01
Al Nour Interunknowntiounknownl Holdings Co.,49.3,1,2020-06-01,Coworking,Unknown,Delhi,2020,6,2020-06-01
Asiaunknown Fund,48.97,1,2025-06-01,Real Estate,Unknown,Mumbai,2025,6,2025-06-01
Blueorchard Fiunknownnce,48.97,1,2022-01-01,Fintech,Unknown,Ahmedabad,2022,1,2022-01-01
Niveshaay,48.64,1,2025-10-01,Energy > Oilfield,Series A,Gujarat,2025,10,2025-10-01
Denlow Investment Trust And Beenext,48.55,1,2018-08-01,Consumer Internet,Private Equity,Gurgaon,2018,8,2018-08-01
Ashish Hemrajani,48.14,1,2016-02-01,Consumer Internet,Private Equity,Bangalore,2016,2,2016-02-01
Rajesh Balpande,48.14,1,2016-02-01,Consumer Internet,Private Equity,Bangalore,2016,2,2016-02-01
Axilor Partners,48.14,1,2017-02-01,Technology,Private Equity,Bangalore,2017,2,2017-02-01
Parikshit Dar,48.14,1,2016-02-01,Consumer Internet,Private Equity,Bangalore,2016,2,2016-02-01
Rohit Razdan And Shiv Tallam,48.14,1,2022-10-01,Healthcare,Series A,Bangalore,2022,10,2022-10-01
Livspace,48.14,1,2025-08-01,Ecommerce,Seed,Bangalore,2025,8,2025-08-01
Blacksoil (Debt),48.0,1,2024-11-01,Backpacker Hostel,Other,Mumbai,2024,11,2024-11-01
Wipro Consumer Care,48.0,1,2025-04-01,D2C Food,Series A,Gurgaon,2025,4,2025-04-01
Niraj Singh,47.9,3,2025-01-01,"Online City & Lifestyle Guide, Video Streaming, Quick","Seed, Series A","Delhi, Bangalore",2025,1,2025-01-01
Hitesh Oberoi,47.73,2,2021-02-01,"Food, Healthcare","Seed, Series A","Bangalore, Mumbai",2021,2,2021-02-01
Triodos,47.629999999999995,2,2020-10-01,"Agritech, Cleantech","Unknown, Series A","Nairobi, Bangalore",2020,10,2020-10-01
Peyush Bansal (Lenskart),47.5,2,2025-02-01,"D2C Hair Extensions & Wigs, D2C Ethnic Wear","Series A, Seed","Gurgaon, Delhi",2025,2,2025-02-01
Data Point Capital,47.31,1,2021-10-01,Information,Series A,Bangalore,2021,10,2021-10-01
Rpg Ventures,47.0,1,2024-11-01,Houseplants & Urban Gardening,Series A,Pune,2024,11,2024-11-01
Sandeep Kapoor,46.98,1,2020-08-01,Nano Distribution,Unknown,Unknown,2020,8,2020-08-01
Peak Xv Surge,46.480000000000004,2,2025-07-01,"Aipowered Customer Os For Ecommerce, Ecommerce",Pre-Series A,Bangalore,2025,7,2025-07-01
One97 Communications,46.48,1,2020-02-01,Fintech,Unknown,Bangalore,2020,2,2020-02-01
Partech Ventures,46.48,1,2017-09-01,Technology,Private Equity,Pune,2017,9,2017-09-01
Aunknownlah Capital,46.48,1,2025-09-01,Travel,Unknown,Mumbai,2025,9,2025-09-01
Sparrow Capital And Beenext,46.48,1,2022-09-01,Information Technology,Seed,Bangalore,2022,9,2022-09-01
Peyush Bansal,46.48,3,2025-02-01,"Ecommerce, SaaS, D2C Reusable Period Panties","Private Equity, Unknown, Pre-Series A","Delhi, Gurgaon, Bangalore",2025,2,2025-02-01
Frontline Strategy,46.48,1,2015-12-01,Transportation & Logistics,Private Equity,Mumbai,2015,12,2015-12-01
Warmup Ventures,45.96,2,2025-01-01,"Waste Management, Climate Fashion","Series A, Seed","Jaipur, Bangalore",2025,1,2025-01-01
Aim Smart City,45.65,4,2020-11-01,"Biotechnology, AI, Nutrition Sector","Unknown, Seed, Other","Jodhpur, Bangalore, Singapore",2020,11,2020-11-01
Biz Stone,45.65,1,2015-10-01,"Mobile Messaging Assistant, B2C Messaging",Private Equity,Bangalore,2015,10,2015-10-01
Nandan Nilekani\\Xe2\\X80\\X99S Nrjn Trust,45.65,1,2017-04-01,Ecommerce,Private Equity,Bangalore,2017,4,2017-04-01
Oppo,45.65,1,2018-04-01,Technology,Private Equity,Delhi,2018,4,2018-04-01
Goat Vc,45.65,1,2021-11-01,Fintech,Unknown,Bangalore,2021,11,2021-11-01
Anil Thadani,45.65,1,2021-10-01,Fintech,Seed,Mumbai,2021,10,2021-10-01
Induslnd Bank,45.65,1,2020-06-01,Agritech,Series C,Chennai,2020,6,2020-06-01
Ivm Intersurer,45.65,1,2020-01-01,Fintech,Series A,Haryana,2020,1,2020-01-01
Roy Van Leeuwen,45.65,1,2021-10-01,Fintech,Seed,Mumbai,2021,10,2021-10-01
Sequoia India.,45.65,1,2020-01-01,Edtech,Unknown,Bangalore,2020,1,2020-01-01
Gree Ventures And Summit Media,45.65,1,2018-04-01,Technology,Private Equity,Delhi,2018,4,2018-04-01
Letsventure And Indian Angel Network,45.65,1,2022-09-01,Food &Beverages,Seed,Bangalore,2022,9,2022-09-01
Ashutosh Sinha,45.65,1,2021-10-01,Fintech,Seed,Mumbai,2021,10,2021-10-01
Manta Ray Ventures Limited,45.65,1,2020-01-01,Edtech,Unknown,Bangalore,2020,1,2020-01-01
Neoplux,45.65,1,2018-04-01,Technology,Private Equity,Delhi,2018,4,2018-04-01
Google’S Capital G,45.65,1,2020-01-01,Edtech,Unknown,Bangalore,2020,1,2020-01-01
Dsg Consumer Partners And Saama Capital,45.65,1,2022-05-01,Other,Series A,Thane,2022,5,2022-05-01
Henkel,45.65,1,2020-01-01,Other,Series A,Mumbai,2020,1,2020-01-01
Sanjeev Barnwal,45.65,1,2025-01-01,Quick,Series A,Bangalore,2025,1,2025-01-01
Vidit Aatrey,45.65,1,2025-01-01,Quick,Series A,Bangalore,2025,1,2025-01-01
Sar Group,45.47,2,2018-04-01,"Fintech, Consumer Internet","Other, Private Equity","Gurgaon, Bangalore",2018,4,2018-04-01
Singapore Angel Network,45.16,9,2021-01-01,"Ecommerce, Consumer Internet, Technology","Seed, Private Equity, Unknown","Delhi, Mumbai, Gurgaon",2021,1,2021-01-01
Promoters,45.0,1,2024-08-01,For Biomass And Biofuel,Unspecified Round,Pune,2024,8,2024-08-01
Not Disclosed,44.99,3,2024-10-01,"Coupon Aggregator, Due Diligence, AI","Seed, Unspecified Round","Kanpur, Delhi, Mumbai",2024,10,2024-10-01
Waheed Alli,44.82,1,2016-01-01,Ecommerce,Private Equity,Gurgaon,2016,1,2016-01-01
Contrarian Drishti Partners,44.82,1,2020-10-01,Fintech,Unknown,Bangalore,2020,10,2020-10-01
Gennext Ventures,44.82,1,2020-10-01,Fintech,Unknown,Bangalore,2020,10,2020-10-01
Sidbi Venture Capital Ltd,44.82,2,2017-04-01,"Consumer Internet, Business Intelligence & Analytics",Private Equity,Mumbai,2017,4,2017-04-01
Nahata Family,44.82,1,2016-01-01,Ecommerce,Private Equity,Gurgaon,2016,1,2016-01-01
Tandem,44.82,1,2020-10-01,Edtech,Unknown,Paris,2020,10,2020-10-01
Pavestone Ventures,44.82,1,2021-10-01,Computer Software,Series A,Pune,2021,10,2021-10-01
Prime Ventures Partners,44.82,1,2025-05-01,Manufacturing Ai,Pre-Series A,Bangalore,2025,5,2025-05-01
Sucseed Venture Partners,44.05,6,2021-05-01,"Consumer Internet, Edtech, Fashion","Pre-Series A, Unknown, Other","Mumbai, Noida, Gurgaon",2021,5,2021-05-01
Danone Manifesto,44.03,1,2020-06-01,Food,Unknown,Mumbai,2020,6,2020-06-01
Tiger Global Maunknowngement And Blume Ventures,43.99,1,2022-10-01,Information Technology,Seed,Delhi,2022,10,2022-10-01
12 Flags Consumer Holdings,43.5,1,2025-02-01,D2C Hair Extensions & Wigs,Series A,Gurgaon,2025,2,2025-02-01
Senseai Ventures,43.160000000000004,4,2025-05-01,"AI, Deeptech, Ai Infrastructure","Seed, Bridge","Irvine, Noida, Us",2025,5,2025-05-01
Cactus Partners,43.160000000000004,2,2025-09-01,"Enterprise, Parking Management","Unknown, Unspecified Round","Gurgaon, Noida",2025,9,2025-09-01
Vipul Parekh,43.16,1,2017-10-01,"Ecommerce, Real Estate","Private Equity, Seed",Bangalore,2017,10,2017-10-01
Acumen Fund,43.16,4,2016-02-01,"Consumer Internet, Dairy Based Product Manufacturer, Affordable Education","Private Equity, Seed","Hyderabad, Mumbai, Bhopal",2016,2,2016-02-01
Suniel Shetty,43.16,1,2024-12-01,"Iot, Deeptech Smart Assistance","Series A, Unspecified Round","Gurgaon, Unknown",2024,12,2024-12-01
Manish Patel,43.16,1,2024-12-01,"Iot, Deeptech Smart Assistance","Series A, Unspecified Round","Gurgaon, Unknown",2024,12,2024-12-01
Bisque Limited,43.16,1,2020-05-01,Coworking,Unknown,Delhi,2020,5,2020-05-01
Edge Ventures,43.16,1,2021-06-01,It,Series A,Gurgaon,2021,6,2021-06-01
Link Investment Trust.,43.16,1,2020-05-01,Coworking,Unknown,Delhi,2020,5,2020-05-01
Sprout Venture Partners,43.1,5,2025-09-01,"Edtech, Fashion, SaaS","Seed, Pre-Series A","Pune, Chennai, Bangalore",2025,9,2025-09-01
Kishore Ganji,42.83,2,2022-03-01,"Technology, Fintech","Private Equity, Unknown","Hyderabad, Bangalore",2022,3,2022-03-01
Tekton Ventures,42.74,1,2016-01-01,Ecommerce,Private Equity,Mumbai,2016,1,2016-01-01
Tracxn Labs,42.57,5,2020-05-01,"Consumer Internet, Ecommerce, Online Food Ordering & Delivery","Seed, Private Equity","Gurgaon, Bangalore, Mumbai",2020,5,2020-05-01
Acpi Investments,42.33,1,2021-03-01,Fintech,Unknown,Delhi,2021,3,2021-03-01
Vm Salgaocar Family Office And Rb Investments Pte. Ltd.,42.33,1,2022-07-01,Food,Series A,Gurgaon,2022,7,2022-07-01
Fiunknownncial Services Limited,42.33,1,2020-12-01,Iot,Series B,Pune,2020,12,2020-12-01
Dorm Room Fund,42.33,1,2020-12-01,Iot,Series B,Pune,2020,12,2020-12-01
Infrastructure Leasing,42.33,1,2020-12-01,Iot,Series B,Pune,2020,12,2020-12-01
Bharat Founders Fund,42.14,4,2025-02-01,"Dairy, B2B Financial Management, Pickleball Sports","Pre-Seed, Series A","Bangalore, Sonepat, Hoshiarpur",2025,2,2025-02-01
Karunknowntaka Information Technology Venture Capital Fund,42.0,1,2020-01-01,Deeptech,Unknown,Bangalore,2020,1,2020-01-01
Mohandas Pai,41.92,3,2015-12-01,"Online Rti Application, Restaurant Discount, Other","Seed, Private Equity","Bangalore, Pune, Unknown",2015,12,2015-12-01
Weh Ventures,41.69,5,2025-10-01,"Hauz Khas, Consumer Goods, Sustainable Investment","Seed, Pre-Series A, Other","Food Beverages, Mumbai, Gurgaon",2025,10,2025-10-01
Atrium Angels,41.67,2,2025-01-01,"Finance Automation And Cash Flow Management, Medical Equipment Procurement","Other, Series A","Bangalore, Gurgaon",2025,1,2025-01-01
Microsoft,41.6,2,2021-08-01,"Ecommerce, Hospitality","Private Equity, Series F","Bangalore, Gurgaon",2021,8,2021-08-01
Rajan Aunknownndan,41.57,10,2018-06-01,"Consumer Internet, Fintech, Technology","Seed, Other, Private Equity","Mumbai, Bangalore, Delhi",2018,6,2018-06-01
Proparco,41.5,1,2024-09-01,Agritech,Unspecified Round,Mumbai,2024,9,2024-09-01
Madhusudan Kela,41.5,1,2025-02-01,Digital Avatars & Holography Ai/Vr,Pre-Series A,Hyderabad,2025,2,2025-02-01
Big Global Investments Jsc,41.5,1,2024-08-01,Healthcare,Seed,Bangalore,2024,8,2024-08-01
Anushka Iyer And Prattyush Shahane,41.5,1,2022-05-01,Agritech,Angel,Mumbai,2022,5,2022-05-01
Kjs Group,41.5,1,2015-05-01,Lifestyle Ecommerce Portal,Private Equity,Gurgaon,2015,5,2015-05-01
Ashish Kashyap,41.5,2,2021-07-01,"Other, Healthcare","Seed, Unknown","Unknown, Bangalore",2021,7,2021-07-01
Kotak Alterunknownte Asset Maunknowngers,41.5,1,2024-09-01,D2C Retail,Series A,Delhi,2024,9,2024-09-01
Prime Vp,41.5,1,2021-07-01,Healthcare,Series A,Bangalore,2021,7,2021-07-01
Baring Pe India,41.5,1,2022-02-01,Defense & Space,Pre-Series A,Bangalore,2022,2,2022-02-01
Massif,41.5,1,2019-01-01,Fintech,Debt,Chennai,2019,1,2019-01-01
Micelio,41.5,1,2022-01-01,Aviation & Aerospace,Pre-Series A,Chennai,2022,1,2022-01-01
Mithun Sacheti (Caratlane),41.5,1,2025-02-01,D2C Sexual Wellness Healthtech,Series A,Mumbai,2025,2,2025-02-01
Orange Orbit (As Part Of A $15M Series B Funding Round),41.5,1,2024-12-01,Enterprise Saas Fintech,Unspecified Round,Gurgaon,2024,12,2024-12-01
Lightbox Ventures And Others,41.5,1,2016-09-01,Ecommerce,Private Equity,Bangalore,2016,9,2016-09-01
Bharat Inclusion Seed Fund,41.5,1,2021-03-01,Fintech,Series A,Bangalore,2021,3,2021-03-01
Ask Pravi,41.5,1,2015-06-01,It / Customer Engagement Consulting,Private Equity,Mumbai,2015,6,2015-06-01
Pacific Horizon,41.5,1,2020-04-01,Food,Unknown,Gurgaon,2020,4,2020-04-01
Paradigm Shift,41.5,1,2025-01-01,Property Title Search Engine,Other,Hyderabad,2025,1,2025-01-01
Rajeev Menon,41.5,1,2017-06-01,Technology,Private Equity,Hyderabad,2017,6,2017-06-01
Aspada Advisors,41.5,1,2016-02-01,Consumer Internet,Private Equity,Mumbai,2016,2,2016-02-01
New Atlantic Ventures,41.5,1,2019-04-01,Transportation,Venture,Gurgaon,2019,4,2019-04-01
Quotient,41.5,1,2018-09-01,Fintech,Private Equity,Mumbai,2018,9,2018-09-01
Ramaunknown Thummu,41.5,1,2025-02-01,Digital Avatars & Holography Ai/Vr,Pre-Series A,Hyderabad,2025,2,2025-02-01
Mohit Srivastav,41.5,1,2017-06-01,Technology,Private Equity,Hyderabad,2017,6,2017-06-01
Omidyar Network And Shunwei Capital,41.5,1,2018-08-01,Healthcare,Private Equity,Delhi,2018,8,2018-08-01
Peak Xv'S Surge,41.5,1,2024-09-01,Villa And Apartment Management,Series A,Unknown,2024,9,2024-09-01
Kantilal Patel,41.5,1,2018-07-01,Healthcare,Other,Hyderabad,2018,7,2018-07-01
Marc Jordan,41.5,1,2025-02-01,Digital Avatars & Holography Ai/Vr,Pre-Series A,Hyderabad,2025,2,2025-02-01
Pearl Investment Llc,41.5,1,2021-07-01,Edtech,Series A,Bangalore,2021,7,2021-07-01
Raju Reddy,41.5,1,2015-06-01,Data Driven Recruitment Recommendation,Private Equity,Bangalore,2015,6,2015-06-01
Aurum Proptech,41.5,1,2021-12-01,Real Estate,Unknown,Bangalore,2021,12,2021-12-01
Pushpak Credit,41.5,1,2020-01-01,Fintech,Debt,Mumbai,2020,1,2020-01-01
Pi Ventures And Stellaris Venture Partners,41.5,1,2022-04-01,Software,Seed,Faridabad,2022,4,2022-04-01
Knoll Ventures And Others,41.5,1,2015-09-01,Big Data Management,Private Equity,Bangalore,2015,9,2015-09-01
Impanix Capital,41.5,1,2017-05-01,Consumer Internet,Private Equity,Delhi,2017,5,2017-05-01
Elevar Equity.,41.5,1,2022-11-01,Healthcare,Series A,Bhubaneswar,2022,11,2022-11-01
Vikasa India Eif Fund,41.5,1,2025-10-01,Fintech,Seed,Karnataka,2025,10,2025-10-01
Segnel Venture,41.5,1,2015-11-01,Alternate Mobile Monetization,Private Equity,Mumbai,2015,11,2015-11-01
A Dutch Government Fund,41.5,1,2019-01-01,Fintech,Debt,Chennai,2019,1,2019-01-01
Season Two Ventures,41.5,2,2021-09-01,"Computer Software, Healthcare",Pre-Series A,Bangalore,2021,9,2021-09-01
Helion Ventures Partners,41.5,1,2017-10-01,Ecommerce,Private Equity,Bangalore,2017,10,2017-10-01
Infosys,41.5,2,2021-03-01,"Performance Optimization For Athletes, Drone","Private Equity, Unknown","Boston, Mumbai",2021,3,2021-03-01
Advantedge Partners,41.5,2,2016-12-01,"Consumer Internet, Ecommerce",Private Equity,Delhi,2016,12,2016-12-01
German Development Fiunknownnce Institution Deg,41.5,1,2020-01-01,Fintech,Unknown,Delhi,2020,1,2020-01-01
Bren Corporation,41.5,1,2015-12-01,Online Branded Furniture Etailer,Private Equity,Bangalore,2015,12,2015-12-01
Samyakth Capital,41.5,1,2020-10-01,Fintech,Seed,Mumbai,2020,10,2020-10-01
Harshil Mathur,41.5,1,2021-02-01,Edtech,Series A,Bangalore,2021,2,2021-02-01
Brazilian Vc Fund Confrapar,41.5,1,2020-01-01,Fintech,Unknown,Unknown,2020,1,2020-01-01
Wonder Ventures,41.5,1,2016-11-01,Technology,Private Equity,Bangalore,2016,11,2016-11-01
Samantha Prabhu,41.5,1,2024-10-01,Wellness,Seed,Mumbai,2024,10,2024-10-01
And Other Angel Investors,41.5,1,2024-09-01,Villa And Apartment Management,Series A,Unknown,2024,9,2024-09-01
Startupxseed,41.5,2,2025-04-01,"Digital For Banking Sector, AI",Seed,"Delhi, Gurgaon",2025,4,2025-04-01
The Global Ventures,41.5,1,2025-03-01,Ayurvedic Skincare,Seed,Mumbai,2025,3,2025-03-01
And Ramakant Sharma,41.5,1,2018-07-01,Consumer Internet,Private Equity,Mumbai,2018,7,2018-07-01
Xponentia Capital Partners,41.5,1,2021-10-01,Consumer Goods,Unknown,Ahmedabad,2021,10,2021-10-01
Claris Capital,41.5,1,2025-02-01,D2C Sexual Wellness Healthtech,Series A,Mumbai,2025,2,2025-02-01
Dsp Group Family Office,41.5,1,2025-10-01,Fintech,Seed,Maharashtra,2025,10,2025-10-01
S7 Group,41.5,1,2018-02-01,Technology,Private Equity,Mumbai,2018,2,2018-02-01
Sequioa,41.5,1,2021-09-01,Computer Software,Seed,Pune,2021,9,2021-09-01
Indian Quotient,41.5,1,2015-03-01,Other,Private Equity,Unknown,2015,3,2015-03-01
1Digi Investment Maunknowngement,41.5,1,2022-02-01,Computer Software,Pre-Series A,Bangalore,2022,2,2022-02-01
Venkat Vallabhaneni,41.5,1,2017-06-01,Technology,Private Equity,Hyderabad,2017,6,2017-06-01
Foxhog Ventures / Ideas Tih,41.5,1,2025-10-01,High > Ai Infrastructure,Seed,West Bengal,2025,10,2025-10-01
Hyperplane Venture Capital,41.5,1,2021-01-01,Biotechnology,Pre-Series A,Delhi,2021,1,2021-01-01
Singtel\\Xe2\\X80\\X99S Innov8,41.5,1,2015-11-01,Alternate Mobile Monetization,Private Equity,Mumbai,2015,11,2015-11-01
Accel Partners And Saama Capital,41.5,1,2018-03-01,Technology,Private Equity,Noida,2018,3,2018-03-01
Silver Needle,41.5,1,2025-01-01,Deeptech Neuroscience,Pre-Series A,Bangalore,2025,1,2025-01-01
Unitus Impact Livelihoods Fund,41.5,1,2015-12-01,B2B Ecommerce,Private Equity,Bangalore,2015,12,2015-12-01
Fiscal,41.5,1,2020-01-01,Fintech,Debt,Mumbai,2020,1,2020-01-01
Snow Leopard,41.5,1,2015-06-01,Auto Rickshaw Based,Private Equity,Chandigarh,2015,6,2015-06-01
Unitus Ventures.,41.5,2,2020-02-01,"Fintech, Other","Pre-Series A, Series A","Mumbai, Bangalore",2020,2,2020-02-01
Siddhartha Sacheti (Jaipur Diamond),41.5,1,2025-02-01,D2C Sexual Wellness Healthtech,Series A,Mumbai,2025,2,2025-02-01
Usunknownbased,41.5,1,2025-02-01,Iot & Data Analytics,Series A,Noida,2025,2,2025-02-01
Sogal Ventures,41.5,1,2025-03-01,Ayurvedic Skincare,Seed,Mumbai,2025,3,2025-03-01
Shinji Kimura,41.5,1,2015-11-01,Alternate Mobile Monetization,Private Equity,Mumbai,2015,11,2015-11-01
Exponentia Ventures,41.5,1,2022-01-01,Food,Seed,Mumbai,2022,1,2022-01-01
Garuda Aerospace,41.5,1,2025-03-01,Drone Manufacturing,Strategic Investment,Chennai,2025,3,2025-03-01
Bluehill Capital,41.5,1,2024-08-01,Healthcare,Seed,Bangalore,2024,8,2024-08-01
Velo Partners,41.5,1,2021-08-01,Fintech,Pre-Series A,Bangalore,2021,8,2021-08-01
Shaival Desai,41.5,2,2021-09-01,"Food, Healthcare","Seed, Other","Pune, Gurgaon",2021,9,2021-09-01
India Quotient And Farid Ahsan,41.5,1,2022-05-01,Software,Seed,Gurgaon,2022,5,2022-05-01
Titan Co Ltd,41.5,1,2017-11-01,Technology,Private Equity,Bangalore,2017,11,2017-11-01
Indian Family Offices,41.5,1,2025-02-01,Iot & Data Analytics,Series A,Noida,2025,2,2025-02-01
Globaz Technologies,41.5,1,2025-09-01,Advanced Hardware & Technology,Pre-Series A,Bangalore,2025,9,2025-09-01
Smallcase,41.5,1,2021-11-01,Fintech,Unknown,Bangalore,2021,11,2021-11-01
Christian Oestlien,41.5,1,2022-03-01,Software Development,Seed,Bangalore,2022,3,2022-03-01
Symbiotics Group,41.5,1,2024-11-01,Fintech,Debt,Mumbai,2024,11,2024-11-01
K Ganesh,41.5,1,2015-11-01,Alternate Mobile Monetization,Private Equity,Mumbai,2015,11,2015-11-01
\\Xc2\\Xa0 Inventus Capital,41.5,1,2016-02-01,Consumer Internet,Private Equity,Mumbai,2016,2,2016-02-01
Guild Capital,41.5,1,2021-12-01,Healthcare,Series A,Mumbai,2021,12,2021-12-01
10X Founders Fund,41.5,1,2025-01-01,Property Title Search Engine,Other,Hyderabad,2025,1,2025-01-01
\\Xc2\\Xa0 Varaprasad Reddy,41.5,1,2015-03-01,Other,Private Equity,Unknown,2015,3,2015-03-01
Z47 And Lightspeed,41.5,1,2025-04-01,Edtech,Pre-Series A,Bangalore,2025,4,2025-04-01
Yugadi Capital,41.5,1,2025-05-01,Qsr,Other,Gurgaon,2025,5,2025-05-01
Yournest Vc,41.5,1,2021-12-01,Automotive,Pre-Series A,Bangalore,2021,12,2021-12-01
Sundar Chanrai,41.5,1,2015-11-01,Alternate Mobile Monetization,Private Equity,Mumbai,2015,11,2015-11-01
Zerodha’S Rainmatter,41.5,1,2025-02-01,D2C Sexual Wellness Healthtech,Series A,Mumbai,2025,2,2025-02-01
Dmg Information Asia Pacific,41.5,1,2015-07-01,Real Estate Rating & Analysis,Private Equity,Delhi,2015,7,2015-07-01
Tata Group\\Xe2\\X80\\X99S Watch And Jewellery Retailing Firm,41.5,1,2017-11-01,Technology,Private Equity,Bangalore,2017,11,2017-11-01
Sunder Ramachandran,41.5,1,2025-04-01,Multibrand,Series A,Mumbai,2025,4,2025-04-01
Rohto Pharmaceutical,41.5,1,2017-05-01,Ecommerce,Private Equity,Kolkata,2017,5,2017-05-01
Tata Capital Innovation Fund,41.5,1,2016-01-01,Consumer Internet,Private Equity,Mumbai,2016,1,2016-01-01
Akash Bhanshali,41.5,1,2025-02-01,Digital Avatars & Holography Ai/Vr,Pre-Series A,Hyderabad,2025,2,2025-02-01
Rtpunknownhc,41.5,1,2016-11-01,Technology,Private Equity,Bangalore,2016,11,2016-11-01
Techstars Ventures,41.5,1,2016-11-01,Technology,Private Equity,Bangalore,2016,11,2016-11-01
Golden Sparrow Ventures,41.5,1,2024-08-01,Healthcare,Seed,Bangalore,2024,8,2024-08-01
Recruit Holdings,41.5,1,2016-10-01,Consumer Internet,Private Equity,Bangalore,2016,10,2016-10-01
Ideaspring Capital,41.09,6,2025-04-01,"Technology, Conversational Ai, Healthcare","Seed, Private Equity, Series A","Bangalore, Chennai, Kolkata",2025,4,2025-04-01
Auxano Capital,40.67,3,2024-08-01,"Retail, Edtech, Digital For Banking Sector","Pre-Series A, Unknown, Seed","Delhi, Mumbai",2024,8,2024-08-01
Huddle Ventures,40.67,4,2025-07-01,"Retail Luxury Goods And Jewellery, Healthcare, B2B Financial Management","Seed, Pre-Seed","Mumbai, Gurgaon, Bangalore",2025,7,2025-07-01
. Venture Catalysts And 9Unicorns Accelerator Fund,40.67,1,2022-07-01,AI,Seed,Bangalore,2022,7,2022-07-01
Justin Mateen,40.67,2,2021-12-01,"Social Commerce, Real Estate",Seed,"Delhi, Mumbai",2021,12,2021-12-01
Dharmil Sheth And Siddharth Bhaskar Shah,40.67,1,2022-05-01,Edtech,Unknown,Mumbai,2022,5,2022-05-01
M Venture Partners,40.61,3,2025-09-01,"Farming, Luxury Goods & Jewelry, Ecommerce","Seed, Unknown","Bangalore, Gurgaon, Delhi",2025,9,2025-09-01
Accel Partners And Qualcomm,40.59,1,2019-06-01,Ecommerce,Unknown,Gurgaon,2019,6,2019-06-01
Seedplus,40.46,2,2016-10-01,"Ecommerce, Technology",Private Equity,"Noida, Bangalore",2016,10,2016-10-01
New India Investment Corporation,40.26,1,2015-07-01,Payment,Private Equity,Bangalore,2015,7,2015-07-01
Up Government'S Fund,40.0,1,2024-08-01,Investment Fund,Other,Gurgaon,2024,8,2024-08-01
Capricon Realty Private Limited (Thackersey Group),40.0,1,2025-01-01,Commercial Real Estate,Series A,Mumbai,2025,1,2025-01-01
Blacksoil And Caspian Impact Investments,40.0,1,2025-05-01,Omnichannel Jewellery,Debt,Bangalore,2025,5,2025-05-01
Zoomcar Inc,39.84,1,2020-01-01,Transport & Rentals,Unknown,Bangalore,2020,1,2020-01-01
Helix Investments,39.84,1,2018-06-01,Technology,Private Equity,Mumbai,2018,6,2018-06-01
Dinesh J Hinduja,39.84,1,2020-04-01,Fintech,Series F,Bangalore,2020,4,2020-04-01
Start Ventures,39.84,1,2025-07-01,AI,Seed,Indore,2025,7,2025-07-01
Amazon Inc`,39.84,1,2020-04-01,Fintech,Series F,Bangalore,2020,4,2020-04-01
South Park Commons,39.84,1,2025-07-01,AI,Seed,Indore,2025,7,2025-07-01
No Label Ventures,39.84,1,2025-07-01,AI,Seed,Indore,2025,7,2025-07-01
Ankur Aggarwal And Vikas Choudhury,39.84,1,2022-05-01,Fintech,Seed,Bangalore,2022,5,2022-05-01
Aneesh Reddy,39.35,4,2017-12-01,"Ecommerce, Technology, Online Counselling And Psychological Support","Seed, Other, Private Equity","Bangalore, Gwalior, Unknown",2017,12,2017-12-01
. Chetan Nigam And Rahul Gambhir,39.14,1,2022-09-01,Fintech,Pre-Seed,Gurgaon,2022,9,2022-09-01
Trtl Vc,39.010000000000005,2,2024-08-01,"Fintech, B2B Healthcare Financing","Other, Seed",Delhi,2024,8,2024-08-01
Deg,39.01,1,2020-11-01,Fintech,Unknown,Delhi,2020,11,2020-11-01
Mga Ventures,39.01,1,2025-09-01,Enterprise,Series A,Mumbai,2025,9,2025-09-01
Nederlandse Fiunknownncieringsunknownmaatschappij Voor Ontwikkelingslanden N.V.,39.01,1,2018-01-01,Fintech,Debt,Ahmedabad,2018,1,2018-01-01
Draper Dragon And Dragon Capital Group,39.01,1,2022-05-01,Crypto Currency,Unknown,Bangalore,2022,5,2022-05-01
Kvanto Payment Services,39.01,1,2021-10-01,Information Technology &,Unknown,Mumbai,2021,10,2021-10-01
Kfw Deg,39.01,1,2020-11-01,Fintech,Unknown,Delhi,2020,11,2020-11-01
Rameez Menon And Renu Satti,39.01,1,2022-08-01,Information Technology,Pre-Seed,Gurgaon,2022,8,2022-08-01
Sarva Capital,39.01,1,2016-03-01,Fintech,Private Equity,Chennai,2016,3,2016-03-01
Brickwork,39.0,1,2024-08-01,Sports,Equity,Delhi,2024,8,2024-08-01
Aspada Investment Advisors,38.59,2,2016-03-01,"Consumer Internet, Language Localization Cloud","Seed, Private Equity",Bangalore,2016,3,2016-03-01
Tvs Motor Company,38.54,2,2020-10-01,"Ecommerce, Automobiles, Automation","Series B, Seed",Bangalore,2020,10,2020-10-01
Sunil Kumar Singhvi,38.45,3,2025-02-01,"SaaS, Beverage, Food","Seed, Unknown","Indore, Chennai",2025,2,2025-02-01
Vedang Patel,38.18,1,2025-06-01,Ecommerce,Series A,Delhi,2025,6,2025-06-01
Imj Investment Partners,38.18,1,2017-04-01,Consumer Internet,Private Equity,Gurgaon,2017,4,2017-04-01
Blueorchard Fiunknownnce Ltd,38.18,1,2018-04-01,Fintech,Debt,Gurgaon,2018,4,2018-04-01
Accurize Syndicate,38.18,1,2025-06-01,Ecommerce,Series A,Delhi,2025,6,2025-06-01
Sourabh Jain,38.18,1,2025-06-01,Ecommerce,Series A,Delhi,2025,6,2025-06-01
Cyberagent Ventures,38.18,1,2017-04-01,Consumer Internet,Private Equity,Gurgaon,2017,4,2017-04-01
Hinduja Leyland Fiunknownnce And Intellegrow,38.18,1,2018-04-01,Fintech,Debt,Gurgaon,2018,4,2018-04-01
Better Capital And Rtp Globa,38.18,1,2022-05-01,Construction,Seed,Singapore,2022,5,2022-05-01
Eagle Venture Fund,38.18,1,2025-06-01,Ecommerce,Series A,Delhi,2025,6,2025-06-01
Strive,38.18,1,2022-02-01,Information Technology &,Unknown,Bangalore,2022,2,2022-02-01
Rohit Bansal And 9Unicorns Accelerator Fund,38.18,1,2022-05-01,Retail Technology,Unknown,Bangalore,2022,5,2022-05-01
Ag Ventures,38.18,1,2025-06-01,Ecommerce,Series A,Delhi,2025,6,2025-06-01
Flair Writing Family Office,38.18,1,2025-06-01,Ecommerce,Series A,Delhi,2025,6,2025-06-01
Rohin Samtaney,38.18,1,2025-06-01,Ecommerce,Series A,Delhi,2025,6,2025-06-01
Harsh Lal,38.18,1,2025-06-01,Ecommerce,Series A,Delhi,2025,6,2025-06-01
Founder Collective,38.18,1,2017-06-01,Technology,Private Equity,Bangalore,2017,6,2017-06-01
Aavishkar Capital,38.16,1,2020-04-01,Agritech,Unknown,Bangalore,2020,4,2020-04-01
Peercapital,37.43,2,2025-07-01,"Ecommerce, B2B Tyre","Pre-Series A, Unspecified Round","Bangalore, Delhi",2025,7,2025-07-01
Inflection Point Ventures (Ipv),37.41,4,2025-05-01,"Fintech, Healthcare, Luxury Fashion","Seed, Unknown, Growth","Bangalore, Delhi, Mumbai",2025,5,2025-05-01
Upfront Ventures,37.35,1,2020-10-01,Fintech,Seed,New York,2020,10,2020-10-01
Dhi Group Inc,37.35,1,2017-04-01,Consumer Internet,Private Equity,Bangalore,2017,4,2017-04-01
Udaan,37.35,1,2021-11-01,Information Technology &,Unknown,Ahmedabad,2021,11,2021-11-01
Asia Pacific Internet Group,37.35,1,2015-01-01,Other,Private Equity,Unknown,2015,1,2015-01-01
Unknown Existing Investors As Well As The Tamarind Family Trust,37.35,1,2018-06-01,Technology,Private Equity,Mumbai,2018,6,2018-06-01
Abhishek Kumar,37.35,1,2022-11-01,Ecommerce,Series A,Bangalore,2022,11,2022-11-01
Kuunknownl Kiunknownlekar,37.35,1,2022-11-01,Ecommerce,Series A,Bangalore,2022,11,2022-11-01
Gautam Chopra,37.35,1,2022-11-01,Ecommerce,Series A,Bangalore,2022,11,2022-11-01
Including Piyush Jain,37.35,1,2024-12-01,Supply Fintech,Pre-Series A,Bangalore,2024,12,2024-12-01
Varanium Capital Advisors And 500 Startups,37.35,1,2022-08-01,Information&Technology,Seed,Bangalore,2022,8,2022-08-01
Insitor Impact Asia Fund,37.35,2,2020-01-01,"Consumer Internet, Agritech","Private Equity, Seed","Mumbai, Unknown",2020,1,2020-01-01
Wavemaker Partners,37.35,1,2021-07-01,"Ayurveda, Healthcare","Pre-Series A, Series A","Gurgaon, Delhi",2021,7,2021-07-01
Walkabout Ventures,37.35,1,2020-10-01,Fintech,Seed,New York,2020,10,2020-10-01
Jounknownthan Boutelle,37.35,1,2020-10-01,Technology,Seed,San Francisco,2020,10,2020-10-01
Harvard Maunknowngement,37.35,1,2021-12-01,Fintech,Seed,Bangalore,2021,12,2021-12-01
Vishwang Desai,37.35,1,2025-01-01,D2C Food,Series A,Mumbai,2025,1,2025-01-01
Bizreach,37.35,1,2017-04-01,Consumer Internet,Private Equity,Bangalore,2017,4,2017-04-01
The Grover Trust,37.35,1,2017-06-01,Consumer Internet,Private Equity,Bangalore,2017,6,2017-06-01
Work10M,37.35,1,2020-12-01,"Work Fulfillment, Other","Unknown, Series A",Bangalore,2020,12,2020-12-01
Atrium Ventures,37.35,1,2025-02-01,Devicesasaservice Daas,Pre-Series A,Bangalore,2025,2,2025-02-01
And Mintcap,37.35,1,2024-12-01,Supply Fintech,Pre-Series A,Bangalore,2024,12,2024-12-01
Touchstone Ventures,37.35,1,2025-02-01,Devicesasaservice Daas,Pre-Series A,Bangalore,2025,2,2025-02-01
Saama Capital And Dsg Consumer Partners,37.35,1,2017-10-01,Consumer Internet,Private Equity,Gurgaon,2017,10,2017-10-01
Dileep Nath,37.35,1,2017-04-01,Logistics,Private Equity,Mumbai,2017,4,2017-04-01
Ivycap Ventures Advisors,37.35,2,2025-10-01,"Ecommerce, Media & Entertainment > Film & Tv Studios","Private Equity, Series B","Delhi, Maharashtra",2025,10,2025-10-01
Yash Sehgal,37.35,1,2022-11-01,Ecommerce,Series A,Bangalore,2022,11,2022-11-01
Shilpa Shetty,37.35,1,2025-01-01,D2C Food,Series A,Mumbai,2025,1,2025-01-01
Vcunknowngrid,37.35,1,2025-01-01,D2C Food,Series A,Mumbai,2025,1,2025-01-01
Weh,37.35,1,2021-09-01,Fintech,Pre-Series A,Bangalore,2021,9,2021-09-01
North Base Media,37.349999999999994,2,2020-04-01,"Technology, Digital Media","Private Equity, Series A","Mumbai, Gurgaon",2020,4,2020-04-01
Ameera Shah,37.330000000000005,4,2025-07-01,"Consumer Internet, Technology, Healthcare",Seed,"Delhi, Bangalore, Gurgaon",2025,7,2025-07-01
Rajesh Sawhney,37.19,3,2025-01-01,"Hotel Booking, Climate, Food","Seed, Initial Funding, Pre-Series A","Noida, Bangalore",2025,1,2025-01-01
Stem Ai,37.0,1,2025-04-01,Fintech,Unspecified Round,Delhi,2025,4,2025-04-01
10X Founders,37.0,1,2025-04-01,Fintech,Unspecified Round,Delhi,2025,4,2025-04-01
Leblon Capital,37.0,1,2025-04-01,Fintech,Unspecified Round,Delhi,2025,4,2025-04-01
Marquee Investors,36.93,3,2021-06-01,"Ai Health, Agritech, Cultural","Unknown, Pre-Series A","Gurgaon, Noida, Pune",2021,6,2021-06-01
Sunicon Ventures,36.900000000000006,3,2025-02-01,"Hospitality, AI, Battery","Seed, Pre-Series A","Mumbai, Dover, Bangalore",2025,2,2025-02-01
Ht Media Ltd,36.52,1,2016-05-01,Ecommerce,Private Equity,Delhi,2016,5,2016-05-01
Marsshot Ventures,36.0,1,2025-01-01,Waste Management,Series A,Jaipur,2025,1,2025-01-01
Sn Capital,36.0,1,2025-01-01,Waste Management,Series A,Jaipur,2025,1,2025-01-01
Chaunknownkya Opportunities Fund,36.0,1,2025-04-01,Agritech,Other,Gurgaon,2025,4,2025-04-01
Vyom Wealth,36.0,1,2025-01-01,Waste Management,Series A,Jaipur,2025,1,2025-01-01
Equentis,35.94,2,2025-09-01,"Ecommerce, Ice Cream","Unknown, Angel","Cuttack, Mumbai",2025,9,2025-09-01
L’Occitane,35.91,1,2020-06-01,Beauty,Unknown,Mumbai,2020,6,2020-06-01
Tano India,35.91,1,2020-06-01,Beauty,Unknown,Mumbai,2020,6,2020-06-01
Rajul Garg,35.77,4,2020-11-01,"Consumer Internet, Edtech","Seed, Private Equity","Bangalore, Noida, Delhi",2020,11,2020-11-01
Supera Investments,35.76,1,2020-08-01,"Ecommerce, Technology",Unknown,Mumbai,2020,8,2020-08-01
Other Hnis,35.69,2,2017-02-01,"Consumer Internet, Asset Financing","Private Equity, Seed","Chennai, Mumbai",2017,2,2017-02-01
Sujeet Kumar And All In Capital,35.69,1,2022-09-01,Food,Seed,Bangalore,2022,9,2022-09-01
Monta Vista Capital,35.69,1,2024-09-01,AI,Seed,Nan,2024,9,2024-09-01
Shadow Ventures,35.69,1,2024-09-01,AI,Seed,Nan,2024,9,2024-09-01
Micelio Fund,35.69,2,2021-11-01,"Ev, Automotive",Seed,"Bangalore, Hyderabad",2021,11,2021-11-01
Golden Sparrow,35.28,2,2024-12-01,"Photonic Quantum Technology, Product Design","Seed, Series A",Bangalore,2024,12,2024-12-01
Swastika,35.28,2,2020-12-01,"Healthcare, Logistics","Seed, Unknown","Gurgaon, Delhi",2020,12,2020-12-01
Tomorrow Capital,35.19,3,2024-11-01,"Fintech, Edtech, Techenabled Fertility","Unknown, Seed, Pre-Series A","Mumbai, Gurgaon",2024,11,2024-11-01
Raghav Bahl,35.07,2,2020-01-01,"Community Driven News/Views, Data Driven Publishing, Technology","Seed, Private Equity, Series A","Bangalore, Delhi",2020,1,2020-01-01
Samir Singh (Colgate Palmolive),35.0,1,2025-02-01,Womens Wellness & Hygiene,Other,Mumbai,2025,2,2025-02-01
Shuchi Kothari (Dsp Family Office),35.0,1,2025-02-01,Womens Wellness & Hygiene,Other,Mumbai,2025,2,2025-02-01
Srinivasan Namala,35.0,2,2025-02-01,"Beer, Plantbased Nutrition D2C Wellness","Series A, Seed","Delhi, Hyderabad",2025,2,2025-02-01
Maunknownn Maheshwari,34.86,1,2020-10-01,Content,Series A,Mumbai,2020,10,2020-10-01
Sahil Barua,34.86,2,2021-12-01,"Online Food Ordering & Delivery, Retail","Seed, Series A","Gurgaon, Kolkata",2021,12,2021-12-01
Aditya Agarwal,34.86,2,2021-09-01,"Technology, Food","Private Equity, Seed",Bangalore,2021,9,2021-09-01
And Pravega Ventures,34.86,1,2018-08-01,Fintech,Private Equity,Bangalore,2018,8,2018-08-01
Letsventure And Arihant Patni,34.86,1,2022-08-01,Edtech,Seed,Bangalore,2022,8,2022-08-01
Hdfc,34.86,1,2016-10-01,"Technology, Sports Education",Private Equity,Mumbai,2016,10,2016-10-01
Elevate Sports,34.86,1,2016-10-01,"Technology, Sports Education",Private Equity,Mumbai,2016,10,2016-10-01
Dr. Ranjan Pai,34.86,2,2018-01-01,"Technology, Consumer Internet","Private Equity, Seed",Bangalore,2018,1,2018-01-01
Marquee Angels,34.86,1,2021-09-01,Fintech,Seed,Bangalore,2021,9,2021-09-01
Stellaris Venture Partners And Mayur Abhaya Srisrimal,34.86,1,2018-05-01,Healthcare,Private Equity,Bangalore,2018,5,2018-05-01
Faad Network,34.86,3,2024-12-01,"Hospitality, Marketing, Sustainable Investment","Pre-Series A, Unknown, Other","Gurgaon, Mumbai",2024,12,2024-12-01
Peak Xv (Surge),34.86,1,2025-09-01,AI,Pre-Series A,Bangalore,2025,9,2025-09-01
Soma Capital,34.86,3,2022-02-01,"Fintech, Consumer Internet","Seed, Private Equity","Mumbai, Gurgaon",2022,2,2022-02-01
Indus Way Emerging Market Fund,34.6,1,2025-02-01,D2C Wellness,Other,Mumbai,2025,2,2025-02-01
Gsf,34.2,4,2025-10-01,"Other, Information Technology &, Traveltech","Seed, Unknown","Unknown, Bhopal, Delhi",2025,10,2025-10-01
Indian Angel Network And Rahul Suraunknown,34.11,1,2022-09-01,Food,Seed,Mumbai,2022,9,2022-09-01
Amit Lakhotia,34.03,3,2025-06-01,"Edtech, Fintech, AI","Unknown, Seed","Bangalore, Delhi, Gurgaon",2025,6,2025-06-01
Enetra India,34.03,1,2025-09-01,Travel,Pre-Series A,Delhi,2025,9,2025-09-01
Deutsche Telekom Strategic Investments,34.03,1,2017-01-01,Technology,Private Equity,Mumbai,2017,1,2017-01-01
Bizdateup,33.900000000000006,4,2024-12-01,"Electric Vehicles, Pharmaceutical Packaging, Ev","Seed, IPO, Pre-Series A","Delhi, Chennai",2024,12,2024-12-01
Advent Maunknowngement,33.61,1,2020-03-01,Food,Unknown,Bangalore,2020,3,2020-03-01
Trifecta Venture,33.61,1,2020-03-01,Food,Unknown,Bangalore,2020,3,2020-03-01
Ia,33.5,1,2024-08-01,Real Estate,Series A,Noida,2024,8,2024-08-01
Veeunknown Jindal,33.5,1,2024-08-01,Real Estate,Series A,Noida,2024,8,2024-08-01
Rb Investments Pte. Ltd,33.45,2,2020-11-01,"Hospitality, Cosmetics","Unknown, Debt, Series B","Gurgaon, Mumbai",2020,11,2020-11-01
Telkom Indonesia,33.2,1,2018-07-01,It,Private Equity,Pune,2018,7,2018-07-01
Diageo India,33.2,1,2018-06-01,Consumer Internet,Private Equity,Bangalore,2018,6,2018-06-01
Yatra Angel Network,33.2,1,2021-01-01,Fintech,Series A,Pune,2021,1,2021-01-01
\\Xc2\\Xa0 Lumis Partners,33.2,1,2016-02-01,Technology,Private Equity,Pune,2016,2,2016-02-01
Zomato’S Deepinder Goyal,33.2,1,2024-12-01,Edtech,Seed,Delhi,2024,12,2024-12-01
Golden Birch Investments,33.2,1,2020-12-01,Ecommerce,Other,Noida,2020,12,2020-12-01
. Kuunknownl Shah And Orios Venture Partners,33.2,1,2022-12-01,Agtech,Seed,Delhi,2022,12,2022-12-01
Draper Fisher Jurvetson,33.2,1,2015-08-01,Crosschannel Crm,Private Equity,Mumbai,2015,8,2015-08-01
Menlo Park,33.2,1,2020-04-01,Food,Unknown,Mumbai,2020,4,2020-04-01
Dmi Fiunknownnce,33.2,1,2018-01-01,Fintech,Private Equity,Chennai,2018,1,2018-01-01
Dinesh R. Challa,33.2,1,2016-02-01,Ecommerce,Private Equity,Pune,2016,2,2016-02-01
Menterra Venture Advisors,33.2,2,2020-11-01,"Edtech, Agritech","Bridge, Pre-Series A","Gurgaon, Bangalore",2020,11,2020-11-01
Awign Enterprises,33.2,1,2021-01-01,Fintech,Unknown,Mumbai,2021,1,2021-01-01
Credence Family Office,33.2,1,2018-10-01,Real Estate,Pre-Series A,Delhi,2018,10,2018-10-01
Gmo Japan,33.2,1,2017-01-01,Consumer Internet,Private Equity,Bangalore,2017,1,2017-01-01
Mdi Ventures,33.2,1,2018-07-01,It,Private Equity,Pune,2018,7,2018-07-01
Force Ventures,33.2,1,2024-08-01,Fintech,Series A,Delhi,2024,8,2024-08-01
Ultrahuman Founders,33.2,1,2024-09-01,Dating,Other,Unknown,2024,9,2024-09-01
Umang Vohra,33.2,1,2021-12-01,Edtech,Pre-Seed,Gurgaon,2021,12,2021-12-01
Cyber Carrier Vc,33.2,1,2016-12-01,Consumer Internet,Private Equity,Delhi,2016,12,2016-12-01
Magnus Capital,33.2,2,2022-02-01,"Crypto, Sports",Seed,"Mumbai, Noida",2022,2,2022-02-01
Unknown Us Based Investors,33.2,1,2016-01-01,Ecommerce,Private Equity,Delhi,2016,1,2016-01-01
V Lakshmi Narayaunknownn,33.2,1,2020-08-01,"Battery Design, Battery Manufacturer",Unknown,"Dehradun, Chennai",2020,8,2020-08-01
Neelesh Bhatunknowngar,33.2,1,2017-01-01,Consumer Internet,Private Equity,Bangalore,2017,1,2017-01-01
Vijay Taparia,33.2,1,2025-07-01,Healthcare,Seed,Mumbai,2025,7,2025-07-01
M2P Fintech,33.2,1,2021-09-01,Fintech,Unknown,Mumbai,2021,9,2021-09-01
L’Oréal’S Bold Ventures,33.2,1,2024-12-01,D2C Haircare,Series A,Delhi,2024,12,2024-12-01
3One4 Capital Advisors Llp,33.2,1,2017-06-01,Technology,Private Equity,Hyderabad,2017,6,2017-06-01
Oasis Fertility,33.2,1,2022-08-01,Fintech,Unknown,Mumbai,2022,8,2022-08-01
Fosun Rz,33.2,1,2020-03-01,Social Ecommerce,Pre-Series A,Bangalore,2020,3,2020-03-01
Mufin Green Fiunknownnce,33.2,1,2025-06-01,Travel,Debt,Delhi,2025,6,2025-06-01
Wipro Ventures,33.2,1,2016-02-01,Technology,Private Equity,Pune,2016,2,2016-02-01
Eagle10,33.2,1,2020-01-01,Other,Series A,Bangalore,2020,1,2020-01-01
Xentel Investments,33.2,1,2021-07-01,Healthcare,Seed,Mumbai,2021,7,2021-07-01
Dewan Housing Fiunknownnce Corp,33.2,1,2017-05-01,Consumer Internet,Private Equity,Pune,2017,5,2017-05-01
The Souled Store Founders,33.2,1,2024-09-01,Dating,Other,Unknown,2024,9,2024-09-01
Ratio Ventures,33.2,1,2024-08-01,Fintech,Series A,Delhi,2024,8,2024-08-01
Idg Ventures India Advisors,33.2,1,2017-07-01,Technology,Private Equity,Pune,2017,7,2017-07-01
Arkam Ventures / 3One4 Capital,33.2,1,2025-10-01,Enterprise Applications > Customer Success Management,Seed,Karnataka,2025,10,2025-10-01
Ifmr,33.2,1,2017-06-01,Consumer Internet,Private Equity,Mumbai,2017,6,2017-06-01
Rishi Kajaria,33.2,1,2021-10-01,Fintech,Pre-Series A,Delhi,2021,10,2021-10-01
Roundglass Partners,33.2,3,2016-12-01,"Consumer Internet, Corporate Wellness",Private Equity,"Gurgaon, Bangalore",2016,12,2016-12-01
Punit Balan,33.2,1,2021-08-01,Sportstech,"Unknown, Pre-Series A",Mumbai,2021,8,2021-08-01
Startupxseed Ventures Llp,33.2,1,2017-06-01,Technology,Private Equity,Hyderabad,2017,6,2017-06-01
Ame Cloud Ventures,33.2,1,2021-11-01,Fintech,Seed,Gurgaon,2021,11,2021-11-01
Caspian,33.2,2,2020-12-01,"Fintech, Cleantech","Unknown, Series A","Delhi, Bangalore",2020,12,2020-12-01
Rainmatter Foundation (Nithin Kamath),33.2,1,2024-12-01,Edtech,Seed,Delhi,2024,12,2024-12-01
Siddhiviunknownyak Skyscrapers,33.2,1,2016-02-01,Ecommerce,Private Equity,Pune,2016,2,2016-02-01
Srinivas Anumolu,33.2,1,2021-03-01,Automotive,Series A,Delhi,2021,3,2021-03-01
Singularity Ventures And Ravi Dhariwal,33.2,1,2017-04-01,Ecommerce,Private Equity,Delhi,2017,4,2017-04-01
Lenskart Vision Fund,33.2,1,2021-12-01,Computer Software,Pre-Series A,Bangalore,2021,12,2021-12-01
Skywalker Family Office,33.2,1,2024-12-01,D2C Haircare,Series A,Delhi,2024,12,2024-12-01
Kimera Ltd,33.2,1,2020-06-01,Edtech,Unknown,Unknown,2020,6,2020-06-01
Rogue One Capital,33.2,1,2020-01-01,B2B,Series A,Mumbai,2020,1,2020-01-01
Paytm Founders,33.2,1,2024-09-01,Dating,Other,Unknown,2024,9,2024-09-01
And Mas Fiunknownncial Services Ltd,33.2,1,2017-06-01,Consumer Internet,Private Equity,Mumbai,2017,6,2017-06-01
Kayenne Ventures,33.2,1,2021-03-01,Fintech,Unknown,Mumbai,2021,3,2021-03-01
Angelprime,33.2,3,2015-06-01,"Video Advertisement, Usiness Expense Management, Other","Seed, Other","Bangalore, Unknown",2015,6,2015-06-01
Race Capital,33.2,1,2025-05-01,Enterprise Ai Security And Governance,Seed,Pune,2025,5,2025-05-01
Incofin’S India Progress Fund,33.2,1,2021-09-01,Retail,Series A,Mumbai,2021,9,2021-09-01
Shrishti Sahu,33.2,1,2021-12-01,Edtech,Pre-Seed,Gurgaon,2021,12,2021-12-01
Apoorva Mehta,33.2,1,2022-02-01,Marketing & Advertising,Pre-Series A,Bangalore,2022,2,2022-02-01
Orios Venture Partners And The Ian Fund,33.2,1,2018-08-01,Consumer Internet,Other,Chennai,2018,8,2018-08-01
Sai Kumar,33.2,1,2022-02-01,Computer Software,Pre-Series A,Bangalore,2022,2,2022-02-01
Sanjay Singhania,33.2,1,2022-02-01,Computer Software,Pre-Series A,Bangalore,2022,2,2022-02-01
American Express Ventures,33.2,1,2016-12-01,Consumer Internet,Private Equity,Delhi,2016,12,2016-12-01
Rb Interunknowntiounknownl,33.2,1,2017-06-01,Consumer Internet,Private Equity,Noida,2017,6,2017-06-01
Rajan Bajaj,33.2,1,2022-02-01,Fintech,Unknown,Mumbai,2022,2,2022-02-01
Family Office,32.45,2,2024-09-01,"Womens Health & Wellness, Quick Restaurants","Seed, Series A","Unknown, Mumbai",2024,9,2024-09-01
Fidelity Maunknowngement And Research Company And Alia Bhatt,32.4,1,2022-04-01,Beautyfashion,Unknown,Mumbai,2022,4,2022-04-01
Abhishek Kothari And Ramaunknownthan Rv,32.37,1,2022-06-01,Fintech,Pre-Seed,Bangalore,2022,6,2022-06-01
V Cube Ventures,32.0,1,2024-09-01,Backpacker Hostel,Series A,Mumbai,2024,9,2024-09-01
Angelist,32.0,1,2024-09-01,Backpacker Hostel,Series A,Mumbai,2024,9,2024-09-01
Lead Angels,31.939999999999998,5,2021-08-01,"Edtech, Ondemand Beauty, Consumer Goods","Seed, Unknown, Pre-Seed","Mumbai, Gurgaon, Bangalore",2021,8,2021-08-01
Sauce Vc,31.6,4,2025-04-01,"Retail, Ecommerce, Lifestyle",Seed,"Gurgaon, Delhi, Pune",2025,4,2025-04-01
Arrowroot Capital,31.54,1,2021-02-01,Fintech,Unknown,Mumbai,2021,2,2021-02-01
Hinduja Leyland Fiunknownnce,31.54,1,2018-02-01,Fintech,Private Equity,Gurgaon,2018,2,2018-02-01
Jones Lang Lasalle,31.54,1,2017-12-01,Technology,Private Equity,Hyderabad,2017,12,2017-12-01
Walden Skt Venture Fund,31.54,1,2020-04-01,Fintech,Series D,Chennai,2020,4,2020-04-01
Capital One,31.54,1,2021-02-01,Fintech,Unknown,Mumbai,2021,2,2021-02-01
Chiratae Ventures And Piyush Shah,31.54,1,2022-10-01,Edtech,Seed,Mumbai,2022,10,2022-10-01
Intellegrow,31.54,1,2018-02-01,Fintech,Private Equity,Gurgaon,2018,2,2018-02-01
Zishaan Hayath,31.209999999999997,5,2016-07-01,"Ecommerce, Consumer Internet, Ondemand Delivery Logistics","Seed, Private Equity","Mumbai, Bangalore, Delhi",2016,7,2016-07-01
Rajesh Raunknownvat,31.12,2,2020-01-01,"Technology, Jewellery","Private Equity, Pre-Series A","Bangalore, Mumbai",2020,1,2020-01-01
Russian Venture Capital Fund Ruunknownnet,31.12,1,2016-10-01,Consumer Internet,Private Equity,Mumbai,2016,10,2016-10-01
Jito Incubation,31.0,2,2025-02-01,"Loyalty & Rewards Saas, D2C Health Foods","Seed, Growth","Gurgaon, Mumbai",2025,2,2025-02-01
Sci Growth Investment Ii,30.71,1,2020-07-01,Food,Unknown,Gurgaon,2020,7,2020-07-01
Singaporeunknownbased Family Office,30.71,1,2024-11-01,Fintech,Other,Delhi,2024,11,2024-11-01
Stanford Angels,30.71,4,2020-07-01,"Ecommerce, Technology, Digital Analytics","Seed, Private Equity","Noida, Delhi, Gurgaon",2020,7,2020-07-01
Aunknownnda Kallugadde,30.71,2,2017-10-01,Ecommerce,Private Equity,"Bangalore, Vadodara",2017,10,2017-10-01
Catamarann Ventures,30.71,1,2020-07-01,Food,Unknown,Gurgaon,2020,7,2020-07-01
Vispi Daver,30.63,1,2017-04-01,Technology,Private Equity,Bangalore,2017,4,2017-04-01
Rakesh And Rajesh Jhunjhunwala,30.46,1,2017-03-01,Technology,Private Equity,Mumbai,2017,3,2017-03-01
Draper Associates,30.3,1,2017-03-01,Consumer Internet,Private Equity,Bangalore,2017,3,2017-03-01
Unknown Hnis,30.25,5,2016-08-01,"Consumer Internet, Ecommerce, Online Grocery","Seed, Private Equity","Delhi, Pune, Bangalore",2016,8,2016-08-01
Shell Foundation,30.2,2,2021-01-01,"Agritech, Solar","Unknown, Pre-Series A","Nairobi, Delhi",2021,1,2021-01-01
Indian Angel Network (Ian),30.050000000000004,3,2022-03-01,"Consumer Internet, Technology, International Trade & Development","Private Equity, Seed","Delhi, Chennai",2022,3,2022-03-01
Richa Choksi,30.0,1,2024-11-01,Baby & Mothercare,Series A,Mumbai,2024,11,2024-11-01
Client Associates Alterunknownte Fund (Caaf),30.0,1,2025-01-01,D2C Food,Series A,Gurgaon,2025,1,2025-01-01
Saama Capital And V3 Ventures,30.0,1,2025-03-01,Ice Cream,Series A,Mumbai,2025,3,2025-03-01
Acquired A 0.32% Stake By Go Digit (Insurtech Unknown Investments),30.0,1,2025-02-01,Pharmaceutical,Strategic Investment,Hyderabad,2025,2,2025-02-01
Chimes Group,30.0,1,2024-11-01,Beer,Series A,Delhi,2024,11,2024-11-01
Manish Choksi Family Office,30.0,1,2024-11-01,Baby & Mothercare,Series A,Mumbai,2024,11,2024-11-01
Physis Capital,29.9,2,2024-11-01,"Admissions As A, Manufacturing","Unspecified Round, Pre-Series A","Gurgaon, Delhi",2024,11,2024-11-01
Lets Venture,29.880000000000003,2,2024-10-01,"Maritime, AI",Pre-Series A,"Chennai, Delhi",2024,10,2024-10-01
Sunder Nookala,29.880000000000003,2,2021-05-01,"Fintech, SaaS","Seed, Pre-Seed","Gurgaon, Bangalore",2021,5,2021-05-01
Songhyun Investment,29.88,1,2016-12-01,Consumer Internet,Private Equity,Delhi,2016,12,2016-12-01
Tremis Capital And 1Crowd,29.88,1,2022-06-01,Information&Technology,Seed,Bangalore,2022,6,2022-06-01
Kumar Vembu,29.88,1,2017-11-01,Technology,Private Equity,Bangalore,2017,11,2017-11-01
Khattar Holdings,29.88,1,2017-04-01,Consumer Internet,Private Equity,Mumbai,2017,4,2017-04-01
Omidyar Network India And Ankur Capital,29.88,1,2022-09-01,Construction,Seed,Bangalore,2022,9,2022-09-01
Pitchright Venture,29.88,2,2020-01-01,"Nanotechnology, Edtech","Series A, Pre-Series A","Delhi, Mumbai",2020,1,2020-01-01
Chiratae Ventures (Formerly Idg Ventures),29.81,1,2019-04-01,Social Media,Series B,Delhi,2019,4,2019-04-01
Orchid India,29.81,1,2019-04-01,Social Media,Series B,Delhi,2019,4,2019-04-01
Lasmer Nv,29.81,1,2019-04-01,Social Media,Series B,Delhi,2019,4,2019-04-01
Hornbill Orchid India Fund,29.81,1,2019-04-01,Social Media,Series B,Delhi,2019,4,2019-04-01
Mitesh Shah,29.6,4,2025-02-01,"AI, Healthcare, Fintech","Seed, Private Equity, Unknown","Gurgaon, Bangalore, Kolkata",2025,2,2025-02-01
Startupxseed Ventures,29.59,3,2021-10-01,"SaaS, Technology, Computer Software","Pre-Series A, Seed","Bangalore, Mumbai",2021,10,2021-10-01
Iseed,29.060000000000002,5,2024-12-01,"Fintech, Gaming, SaaS","Pre-Seed, Seed, Angel","Bangalore, Mumbai, Gurgaon",2024,12,2024-12-01
Mount Judi Ventures,29.05,2,2021-03-01,"Medtech, Healthcare",Pre-Series A,Bangalore,2021,3,2021-03-01
Aakash Aunknownnd,29.05,1,2024-11-01,Aipowered Customer Os For Ecommerce,Pre-Series A,Bangalore,2024,11,2024-11-01
Village Capital And Aspen Network Of Development Entrepreneurs,29.05,1,2022-06-01,Edtech,Unknown,Lucknow,2022,6,2022-06-01
Imef,29.05,1,2022-01-01,Edtech,Unknown,Mumbai,2022,1,2022-01-01
Dhruv Vohra,29.05,1,2024-11-01,Aipowered Customer Os For Ecommerce,Pre-Series A,Bangalore,2024,11,2024-11-01
Services,29.05,1,2021-04-01,Automotive,Other,Bangalore,2021,4,2021-04-01
Micelio Tech Fund,29.05,1,2025-06-01,Green Sme Loans,Seed,Haryana,2025,6,2025-06-01
Peak Xv Partner’S Accelerator Program Surge,29.05,1,2024-09-01,Food,Seed,Mumbai,2024,9,2024-09-01
Tim Draper,29.05,1,2020-02-01,Accomodation,Unknown,Bangalore,2020,2,2020-02-01
Brian Acton,29.05,1,2016-07-01,Technology,Private Equity,Gurgaon,2016,7,2016-07-01
Singaporeunknownbased Wavemaker,29.05,1,2022-01-01,Hospital & Health Care,Pre-Series A,Delhi,2022,1,2022-01-01
Acko Technology,29.05,1,2021-04-01,Automotive,Other,Bangalore,2021,4,2021-04-01
Amrac Investment Trust,29.05,1,2021-08-01,Tobacco,Unknown,Delhi,2021,8,2021-08-01
Sauce.Vc And Dsg Consumer Partners,29.05,1,2022-08-01,Fashion,Unknown,Surat,2022,8,2022-08-01
Info Edge Venture Fund,29.05,1,2020-02-01,Media,Unknown,Mumbai,2020,2,2020-02-01
Space Matrix,29.05,1,2018-12-01,SaaS,Series A,Gurgaon,2018,12,2018-12-01
. Anicut Capital And Nithin Kamath,29.05,1,2022-12-01,Sattelite Connection,Seed,Chennai,2022,12,2022-12-01
Lemelson Foundation,29.05,1,2016-01-01,Fintech,Private Equity,Chennai,2016,1,2016-01-01
Nitin Passi,29.049999999999997,2,2021-06-01,"Consumer Internet, Ecommerce","Seed, Unknown","Gurgaon, Delhi",2021,6,2021-06-01
Mirae Asset Global Investments And Msa Novo,29.0,1,2022-04-01,Information Technology,Unknown,Bangalore,2022,4,2022-04-01
Hashed,28.9,2,2022-03-01,"Social Audio, Entertainment","Seed, Series A",Bangalore,2022,3,2022-03-01
Rainmatter Capital,28.81,2,2024-09-01,"Fintech, Nutrition","Unknown, Unspecified Round","Bangalore, Mumbai",2024,9,2024-09-01
Utsav Somani,28.799999999999997,3,2025-07-01,"Fmcg, Media, AI",Seed,"Mumbai, Bangalore, Thane",2025,7,2025-07-01
Venture Works,28.63,2,2017-02-01,"Consumer Internet, Ecommerce","Seed, Private Equity","Mumbai, Gurgaon",2017,2,2017-02-01
Metaform Ventures,28.52,2,2021-04-01,"Technology, Healthcare","Other, Pre-Series A","Bangalore, Mumbai",2021,4,2021-04-01
All In Capital,28.479999999999997,5,2025-06-01,"Jewelry D2C, Enterprise, Healthcare","Pre-Seed, Seed, Unspecified Round","Jaipur, Surat, Noida",2025,6,2025-06-01
Enzia Ventures,28.299999999999997,4,2021-10-01,"Edtech, Community, Healthcare","Seed, Pre-Series A, Unknown","Gurgaon, Bangalore",2021,10,2021-10-01
Green Shots Capital,28.25,3,2020-01-01,Healthcare,"Private Equity, Pre-Series A","Delhi, Gurgaon",2020,1,2020-01-01
Sequoia Capital India And Waveform Ventures,28.22,1,2022-10-01,Wellness,Seed,Gurgaon,2022,10,2022-10-01
Dilip Khandwelwal From Sap Labs India,28.22,1,2018-11-01,Fintech,Series A,Mumbai,2018,11,2018-11-01
Dunce Capital,28.22,1,2020-01-01,Other,Unknown,Unknown,2020,1,2020-01-01
Stellaris Venture Partners And Kalaari Capital,28.22,1,2018-11-01,Fintech,Series A,Mumbai,2018,11,2018-11-01
And Amrish Rau From Payu India,28.22,1,2018-11-01,Fintech,Series A,Mumbai,2018,11,2018-11-01
Rajan Aunknownndan From Google,28.22,1,2018-11-01,Fintech,Series A,Mumbai,2018,11,2018-11-01
Finfirst,28.22,1,2025-01-01,Medical Equipment Procurement,Series A,Gurgaon,2025,1,2025-01-01
Equentis Angel Fund,28.22,1,2025-07-01,Enterprise,Series A,Mumbai,2025,7,2025-07-01
Logx,28.22,1,2025-01-01,Medical Equipment Procurement,Series A,Gurgaon,2025,1,2025-01-01
Beenext And Radiant Sfo,28.22,1,2022-08-01,Information&Technology,Seed,Bangalore,2022,8,2022-08-01
Seeds Capital,28.22,1,2020-01-01,Technology,Other,Singapore,2020,1,2020-01-01
Lightbox. Social Capital,28.22,1,2020-01-01,Other,Unknown,Unknown,2020,1,2020-01-01
Magnifiq Capital Trust,28.05,1,2025-10-01,Consumer > Auto Ecommerce & Content,Series A,Telangana,2025,10,2025-10-01
Pointone Capital,27.810000000000002,3,2025-02-01,"Escrow, Taas, Cybersecurity","Unknown, Seed, Unspecified Round",Delhi,2025,2,2025-02-01
Florintree,27.8,1,2017-03-01,Ecommerce,Private Equity,Hyderabad,2017,3,2017-03-01
Chidambaram Palaniappan,27.8,1,2017-03-01,Ecommerce,Private Equity,Hyderabad,2017,3,2017-03-01
Bharat Sheth,27.8,1,2017-03-01,Ecommerce,Private Equity,Hyderabad,2017,3,2017-03-01
Paradigm Shift Capital,27.560000000000002,3,2024-09-01,"Networking, Renewables & Environment, AI","Pre-Seed, Unknown","Delhi, Mumbai, Bangalore",2024,9,2024-09-01
Smc Advisors,27.39,1,2021-11-01,Hr,Pre-Series A,Gurgaon,2021,11,2021-11-01
Orbit,27.39,1,2025-02-01,Workplace Saas Ai,Seed,Indore,2025,2,2025-02-01
Piper Serica Angel Fund,27.39,3,2025-02-01,"Shopfloor Hyperautomation, Spacetech Satellite Communications, Fintech","Pre-Series A, Other, Pre-Seed","Bangalore, Noida",2025,2,2025-02-01
Letsventure And Founder'S Room Capital,27.39,1,2022-05-01,Automotive,Unknown,Gurgaon,2022,5,2022-05-01
Founders,27.39,1,2025-02-01,Workplace Saas Ai,Seed,Indore,2025,2,2025-02-01
Singapore Family Office,27.39,1,2025-02-01,Workplace Saas Ai,Seed,Indore,2025,2,2025-02-01
Blume Venture,27.39,1,2025-10-01,Retail > Mom & Baby Care,Seed,Haryana,2025,10,2025-10-01
Lit Fund,27.39,1,2025-02-01,Workplace Saas Ai,Seed,Indore,2025,2,2025-02-01
Vijay Pravin Maharajan And Tanmai Gopal,27.39,1,2022-05-01,Internet,Seed,Unknown,2022,5,2022-05-01
Dholakia Ventures,27.22,2,2022-03-01,"Food, Fintech","Seed, Pre-Series A","Surat, Bangalore",2022,3,2022-03-01
Gulf Islamic Investments (Gii),27.0,1,2024-10-01,Footwear,Unspecified Round,Delhi,2024,10,2024-10-01
Mekin Maheshwari,26.98,4,2025-06-01,"Ecommerce, Consumer Internet, Technology","Seed, Private Equity, Unknown","Bangalore, Pune, Gurgaon",2025,6,2025-06-01
Aunknownnd Chandrasekaran,26.979999999999997,2,2016-08-01,Technology,"Seed, Private Equity","Pune, Bangalore",2016,8,2016-08-01
Aprameya Radhakrishunknown,26.87,6,2024-11-01,"Consumer Internet, Online Counselling And Psychological Support, Online Dispute Resolution","Seed, Private Equity, Pre-Series A","Bangalore, Gwalior",2024,11,2024-11-01
Curefit,26.82,2,2025-07-01,"Healthcare, Consumer","Private Equity, Pre-Seed",Bangalore,2025,7,2025-07-01
Chenunknowni Angels,26.81,4,2017-09-01,"Technology, Ecommerce, Cricket Management Mobile Game","Seed, Private Equity","Chennai, Noida, Hyderabad",2017,9,2017-09-01
Bcip Venture Associates,26.78,1,2020-05-01,Rental,Unknown,Bangalore,2020,5,2020-05-01
Growx,26.67,2,2025-02-01,"Ecommerce, Secured Lending","Private Equity, Pre-Seed","Mumbai, Bangalore",2025,2,2025-02-01
Pentathlon Ventures,26.560000000000002,3,2021-12-01,"Recruitment, Computer Software, Edtech","Seed, Pre-Series A","Hyderabad, Pune, Gurgaon",2021,12,2021-12-01
Ruchi Sanghvi,26.56,1,2017-05-01,Technology,Private Equity,Bangalore,2017,5,2017-05-01
Founder'S Room Circle,26.56,1,2021-10-01,Fintech,Pre-Series A,Bangalore,2021,10,2021-10-01
Avcf,26.56,1,2025-09-01,Advanced Hardware & Technology,Pre-Seed,Hyderabad,2025,9,2025-09-01
Gmjp,26.56,1,2025-02-01,Webtoon & Comics Mediatech,Seed,Bangalore,2025,2,2025-02-01
Blacksoil Capital Pvt. Ltd,26.56,2,2017-07-01,"Ecommerce, Consumer Internet",Private Equity,Bangalore,2017,7,2017-07-01
Trifecta Capital Advisors Llp,26.56,1,2017-05-01,Technology,Private Equity,Bangalore,2017,5,2017-05-01
Holtzbrinck Publishing Group,26.56,1,2025-02-01,Webtoon & Comics Mediatech,Seed,Bangalore,2025,2,2025-02-01
Deepika Padukone,26.56,1,2020-11-01,Edtech,Seed,Bangalore,2020,11,2020-11-01
Tunknownaccelerate,26.56,1,2025-02-01,Webtoon & Comics Mediatech,Seed,Bangalore,2025,2,2025-02-01
Wgg Interunknowntiounknownl,26.56,1,2017-04-01,Consumer Internet,Private Equity,Mumbai,2017,4,2017-04-01
Prathithi Investment Trust,26.56,1,2017-05-01,Technology,Private Equity,Bangalore,2017,5,2017-05-01
Anil Jain,26.56,1,2017-02-01,Consumer Internet,Private Equity,Chennai,2017,2,2017-02-01
Graphic India,26.56,1,2025-02-01,Webtoon & Comics Mediatech,Seed,Bangalore,2025,2,2025-02-01
Globevestor,26.55,4,2020-07-01,"Technology, Consumer Internet, Food",Seed,"Mumbai, Bangalore, Delhi",2020,7,2020-07-01
Jonty Rhodes (Angel Investor),26.0,1,2025-06-01,Sports Wellness,Strategic Investment,Nan,2025,6,2025-06-01
Maninder Gulati,25.730000000000004,2,2025-02-01,"Edtech, Fintech","Seed, Pre-Seed","Hyderabad, Bangalore",2025,2,2025-02-01
Nitin Gupta,25.730000000000004,2,2025-02-01,"Edtech, Fintech","Seed, Pre-Seed","Hyderabad, Bangalore",2025,2,2025-02-01
Mandhian Family,25.73,1,2017-08-01,Logistics,Seed,Delhi,2017,8,2017-08-01
Archaunknown Priyadarshini And Vertex Ventures Southeast,25.73,1,2022-07-01,SaaS,Seed,Bangalore,2022,7,2022-07-01
Ajay Bhatia,25.73,1,2017-08-01,Logistics,Seed,Delhi,2017,8,2017-08-01
And Gurpreet Singh,25.73,1,2017-03-01,Consumer Internet,Private Equity,Delhi,2017,3,2017-03-01
Matilde Giglio And Avaaunknown Capital,25.73,1,2022-06-01,Fintech,Unknown,Bangalore,2022,6,2022-06-01
Lionrock Capital,25.73,2,2018-01-01,"Consumer Internet, Online Jewelry Store",Private Equity,"Bangalore, Mumbai",2018,1,2018-01-01
Ganpat Singhvi,25.73,1,2017-08-01,Logistics,Seed,Delhi,2017,8,2017-08-01
Kalaari Capital And Idg Ventures India,25.73,1,2017-03-01,Consumer Internet,Private Equity,Delhi,2017,3,2017-03-01
Montane Ventures,25.73,1,2018-02-01,Healthcare,Private Equity,Bangalore,2018,2,2018-02-01
Kalpvriksh,25.73,1,2017-12-01,Ecommerce,Private Equity,Mumbai,2017,12,2017-12-01
Venugopal Dhoot,25.73,1,2017-08-01,Logistics,Seed,Delhi,2017,8,2017-08-01
Summit Media,25.73,1,2017-03-01,Consumer Internet,Private Equity,Delhi,2017,3,2017-03-01
Atul Goel,25.73,1,2017-03-01,Consumer Internet,Private Equity,Delhi,2017,3,2017-03-01
Tarun Khandelwal,25.73,1,2017-08-01,Logistics,Seed,Delhi,2017,8,2017-08-01
Jll,25.729999999999997,2,2017-07-01,"Technology, Consumer Internet","Private Equity, Seed","Ahmedabad, Mumbai",2017,7,2017-07-01
Juvo Ventures,25.52,1,2025-02-01,Education Loan Fintech,Bridge,Mumbai,2025,2,2025-02-01
Capria Fund,25.52,1,2025-02-01,Education Loan Fintech,Bridge,Mumbai,2025,2,2025-02-01
Mount Nathan Advisors,24.900000000000002,2,2016-04-01,"Consumer Internet, Logistics","Seed, Private Equity",Delhi,2016,4,2016-04-01
Neeraj Arora,24.900000000000002,2,2021-12-01,"Hr, Apparel & Fashion","Unknown, Seed","Bangalore, Mumbai",2021,12,2021-12-01
Anjali Bansal,24.900000000000002,2,2021-06-01,"Consumer Internet, Healthcare","Private Equity, Pre-Series A","Mumbai, Delhi",2021,6,2021-06-01
Kanwaljit Singh,24.900000000000002,2,2015-09-01,"Online Meat Ordering, Premium Beverages",Seed,"Bangalore, Delhi",2015,9,2015-09-01
Karanpal Singh,24.900000000000002,2,2016-10-01,"Consumer Internet, Cloudbased Hotel Booking",Seed,"Mumbai, Bangalore",2016,10,2016-10-01
Rohan Raunknownvat,24.9,1,2020-10-01,Technology,Other,Gurgaon,2020,10,2020-10-01
Zigexn,24.9,1,2018-10-01,Automobile,Series E,Gurgaon,2018,10,2018-10-01
Rehan A Khan,24.9,1,2021-05-01,Matrimony,Pre-Series A,Bangalore,2021,5,2021-05-01
Rainmatter Climate,24.9,1,2022-01-01,Logistics,Other,Mumbai,2022,1,2022-01-01
Zephyr Peacock India,24.9,1,2017-04-01,Consumer Internet,Private Equity,Mumbai,2017,4,2017-04-01
021 Capita,24.9,1,2019-04-01,Technology,Series A,Bangalore,2019,4,2019-04-01
Rajesh Rajendran,24.9,1,2021-12-01,Information Technology &,Unknown,Mumbai,2021,12,2021-12-01
Zop Smart,24.9,1,2016-03-01,Ecommerce,Private Equity,Bangalore,2016,3,2016-03-01
Angels And Vc Funds,24.9,1,2024-11-01,Wealth Management Software,Seed,New York Mumbai,2024,11,2024-11-01
Ravi Sanghvi,24.9,1,2020-01-01,Edtech,Pre-Series A,Mumbai,2020,1,2020-01-01
Quounknown Capital Maunknowngement,24.9,1,2017-11-01,Fintech,Private Equity,Bangalore,2017,11,2017-11-01
Super Morpheus,24.9,1,2022-03-01,Edtech,Pre-Series A,Gurgaon,2022,3,2022-03-01
Saama Capital And Sequoia Capital,24.9,1,2018-06-01,Consumer Internet,Other,Bangalore,2018,6,2018-06-01
Pioneering Ventures,24.9,1,2017-11-01,Ecommerce,Private Equity,Mumbai,2017,11,2017-11-01
Usa,24.9,1,2015-10-01,Edtech,Private Equity,Mumbai,2015,10,2015-10-01
Sidbi Venture Capital Limited,24.9,1,2016-01-01,Edtech,Private Equity,Gurgaon,2016,1,2016-01-01
Unpopular Ventures,24.9,1,2024-12-01,Quick Commerce,Seed,Bangalore,2024,12,2024-12-01
Ashv Fiunknownnce,24.9,1,2021-03-01,Fintech,Debt,Mumbai,2021,3,2021-03-01
Udayan Goyal,24.9,1,2017-06-01,Consumer Internet,Private Equity,Mumbai,2017,6,2017-06-01
Singularity Early Opportunities Fund,24.9,1,2024-11-01,Dairy,Series A,Sonepat,2024,11,2024-11-01
Ucunknownrnt,24.9,1,2017-02-01,Consumer Internet,Private Equity,Bangalore,2017,2,2017-02-01
Accel (Formerly Known As Accel Partners),24.9,1,2018-08-01,It,Private Equity,Bangalore,2018,8,2018-08-01
Siti Cable,24.9,1,2021-06-01,Healthcare,Other,Kolkata,2021,6,2021-06-01
Pecus Capital,24.9,1,2020-03-01,Edtech,Unknown,Mumbai,2020,3,2020-03-01
Northstar,24.9,1,2020-01-01,Fintech,Unknown,Unknown,2020,1,2020-01-01
Trica,24.9,1,2022-03-01,Edtech,Pre-Series A,Gurgaon,2022,3,2022-03-01
Transglobal Fzc,24.9,1,2016-10-01,Consumer Internet,Private Equity,Hyderabad,2016,10,2016-10-01
Ashish Kasholia (Lucky Investments),24.9,1,2024-12-01,Proptech,Series A,Bangalore,2024,12,2024-12-01
Paul Bucche,24.9,1,2016-11-01,Consumer Internet,Private Equity,Mumbai,2016,11,2016-11-01
Alkemi Venture Partners,24.9,1,2021-06-01,Healthcare,Other,Gurgaon,2021,6,2021-06-01
Strom Ventures,24.9,1,2024-09-01,Biotech,Seed,Bangalore,2024,9,2024-09-01
Summit Partners,24.9,1,2022-07-01,Healthcare,Series A,Chicago,2022,7,2022-07-01
Tech Mahindra,24.9,1,2020-10-01,Heathtech,Seed,Plano,2020,10,2020-10-01
Omphalos Ventures India,24.9,1,2021-04-01,Video Communication,Seed,Bangalore,2021,4,2021-04-01
Syngenta Ag,24.9,1,2017-11-01,Ecommerce,Private Equity,Mumbai,2017,11,2017-11-01
Ajinkya Rahane,24.9,1,2024-12-01,Iot,Series A,Gurgaon,2024,12,2024-12-01
Susa Ventures,24.9,1,2016-11-01,Consumer Internet,Private Equity,Mumbai,2016,11,2016-11-01
Amit Burman,24.9,1,2018-03-01,Food,Other,Gurgaon,2018,3,2018-03-01
Vallabh Bhansali,24.9,1,2021-10-01,Marketing & Advertising,Seed,Mumbai,2021,10,2021-10-01
Xchange Investors Nv,24.9,1,2016-10-01,Consumer Internet,Private Equity,Hyderabad,2016,10,2016-10-01
Valour Capital,24.9,1,2025-08-01,Clean,Pre-Series A,Hyderabad,2025,8,2025-08-01
Mount Judi India Growth Fund,24.9,1,2021-07-01,Edtech,Series A,Chennai,2021,7,2021-07-01
Wu Chay Chin,24.9,1,2015-03-01,Other,Seed,Unknown,2015,3,2015-03-01
Qasar Younis,24.9,1,2016-11-01,Consumer Internet,Private Equity,Mumbai,2016,11,2016-11-01
Samridhi Fund,24.9,1,2017-03-01,Technology,Private Equity,Mumbai,2017,3,2017-03-01
35North India Discovery Fund Unknown Ii,24.9,1,2024-09-01,Medical Tourism,Series A,Gurgaon,2024,9,2024-09-01
Samsung Venture Investment,24.9,1,2020-02-01,Ai & Media,Series A,Mumbai,2020,2,2020-02-01
3One4 Capital Advisors,24.9,1,2017-02-01,Consumer Internet,Private Equity,Bangalore,2017,2,2017-02-01
Sanjeev Barnwal And Shantanu Deshpande,24.9,1,2022-10-01,Content Creator,Seed,Gurgaon,2022,10,2022-10-01
Sarbvir Singh,24.9,1,2017-10-01,Consumer Internet,Private Equity,Delhi,2017,10,2017-10-01
Mysten Labs,24.9,1,2025-02-01,Content Blockchain/Sui,Strategic Investment,Noida,2025,2,2025-02-01
Wadhwani Foundation,24.9,1,2021-05-01,Edtech,Series A,Gurgaon,2021,5,2021-05-01
Sattva Capital,24.9,1,2016-07-01,Ecommerce,Private Equity,Gurgaon,2016,7,2016-07-01
Vinod Khatumal,24.9,1,2020-01-01,Fintech,Unknown,Unknown,2020,1,2020-01-01
Vinod Duggar,24.9,1,2024-12-01,Iot,Series A,Gurgaon,2024,12,2024-12-01
Prime Venture Partners And Others,24.9,1,2018-08-01,Edtech,Other,Bangalore,2018,8,2018-08-01
Scm Holdings,24.9,1,2016-11-01,Consumer Internet,Private Equity,Mumbai,2016,11,2016-11-01
Amit Singhal And Unitus Seed Fund,24.9,1,2018-03-01,Technology,Private Equity,Bangalore,2018,3,2018-03-01
Vikas Saxeunknown,24.9,1,2015-07-01,Budget Accommodation Aggregator,Private Equity,Gurgaon,2015,7,2015-07-01
A.V. Thomas And Co,24.9,1,2025-03-01,Chai Retail,Series A,Chennai,2025,3,2025-03-01
Naveen Tewari,24.9,2,2015-12-01,"Data Science & Ux Design Learning, Other",Seed,"Bangalore, Unknown",2015,12,2015-12-01
Venture Gurukool,24.9,1,2021-01-01,Healthcare,Pre-Series A,Gurgaon,2021,1,2021-01-01
Polychain Capital,24.9,1,2020-03-01,Fintech,Series A,Unknown,2020,3,2020-03-01
Neoteric Infomatique Limited,24.9,1,2015-06-01,3D Printer Manufacturer,Private Equity,Bangalore,2015,6,2015-06-01
Netcore Cloud,24.9,1,2021-10-01,Marketing & Advertising,Seed,Mumbai,2021,10,2021-10-01
Palred Technologies Ltd,24.9,1,2015-12-01,Mobile Accessories Online Store,Private Equity,Hyderabad,2015,12,2015-12-01
Creedcap Asia Advisors,24.9,1,2021-09-01,Hospitality,Series A,Bangalore,2021,9,2021-09-01
High Networth Individuals From India,24.9,1,2015-10-01,Edtech,Private Equity,Mumbai,2015,10,2015-10-01
Innovations East,24.9,1,2017-05-01,Technology,Private Equity,Mumbai,2017,5,2017-05-01
Franchise India,24.9,1,2016-12-01,Technology,Private Equity,Mumbai,2016,12,2016-12-01
Icmg,24.9,1,2024-08-01,Manufacturing,Pre-Series A,Delhi,2024,8,2024-08-01
Caspian Debt,24.9,1,2022-01-01,Telecommunications,Unknown,Ahmedabad,2022,1,2022-01-01
Bain Capital Ventures,24.9,1,2020-03-01,Fintech,Series A,Unknown,2020,3,2020-03-01
Hampton Capital,24.9,1,2015-11-01,Online Real Estate,Private Equity,Bangalore,2015,11,2015-11-01
Better Capita,24.9,1,2022-04-01,Software,Seed,Delaware,2022,4,2022-04-01
Kima Ventures,24.9,1,2016-11-01,Consumer Internet,Private Equity,Mumbai,2016,11,2016-11-01
Goat Capital,24.9,1,2021-06-01,Fintech,Seed,Gurgaon,2021,6,2021-06-01
Fork Media,24.9,1,2016-09-01,Technology,Private Equity,Pune,2016,9,2016-09-01
Godrej Investments,24.9,1,2020-03-01,Cleantech,Series A,Gurgaon,2020,3,2020-03-01
Dr. Bhaskar Rao Bollineni,24.9,1,2020-07-01,Technology,Unknown,Chennai,2020,7,2020-07-01
Gvfl Ltd,24.9,1,2016-06-01,Consumer Internet,Private Equity,Bangalore,2016,6,2016-06-01
Manipal Global Education Services,24.9,1,2015-12-01,Online School For Analytics Learning,Private Equity,Bangalore,2015,12,2015-12-01
Jimmy Mahtani,24.9,1,2021-10-01,Marketing & Advertising,Seed,Mumbai,2021,10,2021-10-01
Hdr Group,24.9,1,2020-03-01,Fintech,Series A,Unknown,2020,3,2020-03-01
Mangroves Capital Partners,24.9,1,2015-07-01,Budget Accommodation Aggregator,Private Equity,Gurgaon,2015,7,2015-07-01
Dmg Information,24.9,1,2015-06-01,Real Estate Intelligence,Private Equity,Mumbai,2015,6,2015-06-01
Cba Capital And Others,24.9,1,2018-03-01,Consumer Internet,Private Equity,Noida,2018,3,2018-03-01
Axan Venture,24.9,1,2016-11-01,Consumer Internet,Private Equity,Mumbai,2016,11,2016-11-01
Clsa Capital Partners,24.9,1,2021-06-01,Logistics,Unknown,Delhi,2021,6,2021-06-01
Illumiunknownti Capital,24.9,1,2025-02-01,Content Blockchain/Sui,Strategic Investment,Noida,2025,2,2025-02-01
Converge,24.9,1,2024-11-01,Wealth Management Software,Seed,New York Mumbai,2024,11,2024-11-01
Cypher Capital,24.9,1,2025-02-01,Content Blockchain/Sui,Strategic Investment,Noida,2025,2,2025-02-01
Brun Raschle,24.9,1,2020-10-01,Ecommerce,Unknown,Mumbai,2020,10,2020-10-01
Gujarat Venture Fiunknownnce Limited,24.9,1,2022-01-01,Telecommunications,Unknown,Ahmedabad,2022,1,2022-01-01
Blume Ventures And Neon Fund,24.9,1,2024-09-01,Biotech,Seed,Bangalore,2024,9,2024-09-01
Dr. Abhishek Pandey,24.9,1,2016-08-01,Consumer Internet,Private Equity,Mumbai,2016,8,2016-08-01
Coinswitch Ventures,24.9,1,2025-02-01,Content Blockchain/Sui,Strategic Investment,Noida,2025,2,2025-02-01
Cesc Ventures,24.9,1,2020-10-01,Ecommerce,Unknown,Mumbai,2020,10,2020-10-01
Mayfield India Ii Maunknowngement Ltd,24.9,1,2016-04-01,Ecommerce,Private Equity,Bangalore,2016,4,2016-04-01
Jaysukh Sapra,24.9,1,2016-08-01,Consumer Internet,Private Equity,Mumbai,2016,8,2016-08-01
Mastercard,24.9,1,2020-12-01,AI,Unknown,Bangalore,2020,12,2020-12-01
Chhattisgarh Investments,24.9,1,2025-08-01,Clean,Pre-Series A,Hyderabad,2025,8,2025-08-01
Fulcrum Ventures,24.9,1,2015-02-01,Other,Private Equity,Unknown,2015,2,2015-02-01
Justin Kan,24.9,1,2016-11-01,Consumer Internet,Private Equity,Mumbai,2016,11,2016-11-01
Kalaari Capital Partners,24.9,1,2017-02-01,Consumer Internet,Private Equity,Bangalore,2017,2,2017-02-01
Shri Investment,24.73,1,2020-06-01,Rental,Unknown,Bangalore,2020,6,2020-06-01
Gautam Dalmia,24.73,1,2020-06-01,Rental,Unknown,Bangalore,2020,6,2020-06-01
Social Alpha,24.689999999999998,5,2024-09-01,"Edtech, Building Materials, Automotive","Seed, Unknown","Delhi, Chennai, Mumbai",2024,9,2024-09-01
Ipv,24.63,4,2025-06-01,"Translation & Localization, AI, Pod Hotel","Seed, Unknown, Pre-Seed","Noida, Gurgaon, Delhi",2025,6,2025-06-01
Vegas Tech Fund,24.48,1,2015-10-01,Real Estate Mobile Crm,Seed,New York,2015,10,2015-10-01
Cota Capital,24.48,1,2015-10-01,Real Estate Mobile Crm,Seed,New York,2015,10,2015-10-01
Bestvantage Investments,24.28,1,2025-08-01,"Fmcg D2C, Ecommerce","Pre-Series A, Unknown","Mumbai, Gurgaon",2025,8,2025-08-01
Corporate: Idex,24.15,1,2025-06-01,Quantum Computing,Other,Telangana,2025,6,2025-06-01
Navus Ventures,24.07,1,2022-01-01,"Agritech, Information Technology &","Pre-Seed, Seed",Gurgaon,2022,1,2022-01-01
Mapmyindia,24.07,1,2025-08-01,Consumer,Unknown,Bangalore,2025,8,2025-08-01
Powai Lake Ventures,24.03,4,2016-02-01,"Consumer Internet, Ondemand Based Professional, Custom Furniture","Seed, Private Equity","Bangalore, Mumbai, Unknown",2016,2,2016-02-01
Google For Startups And Lightspeed India Partners,23.7,1,2022-04-01,Fintech,Unknown,Faridabad,2022,4,2022-04-01
Growthcap Ventures,23.66,2,2025-06-01,"Investment, Supply","Seed, Pre-Seed","Karnataka, Bangalore",2025,6,2025-06-01
Techstars Bangalore Accelerator,23.240000000000002,3,2020-11-01,"Fintech, Edtech, AI","Unknown, Seed",Bangalore,2020,11,2020-11-01
Ciie.Co,23.240000000000002,4,2022-01-01,"Automation, Biotechnology, Healthcare","Unknown, Seed","Bangalore, Mumbai",2022,1,2022-01-01
Qrg Investments And Holdings And Kc/Llc,23.24,1,2022-08-01,Manufacturing,Seed,Delhi,2022,8,2022-08-01
Mohit Kumar (Ultrahuman),23.24,1,2025-02-01,Unified Finance Fintech Saas,Seed,Bangalore,2025,2,2025-02-01
Neon Fund,23.24,1,2025-02-01,Unified Finance Fintech Saas,Seed,Bangalore,2025,2,2025-02-01
Emvc,23.24,1,2025-02-01,Unified Finance Fintech Saas,Seed,Bangalore,2025,2,2025-02-01
Fireside Ventures.,23.24,1,2020-01-01,Yoga & Wellness,Unknown,Chennai,2020,1,2020-01-01
Naiyaa Saagi (Myglamm),23.24,1,2025-02-01,Unified Finance Fintech Saas,Seed,Bangalore,2025,2,2025-02-01
Sriharsha Majety (Swiggy),23.24,1,2025-02-01,Unified Finance Fintech Saas,Seed,Bangalore,2025,2,2025-02-01
Ca Media Lp,23.24,1,2015-03-01,Other,Seed,Unknown,2015,3,2015-03-01
\\Xc2\\Xa0 Start Media.,23.24,1,2015-03-01,Other,Seed,Unknown,2015,3,2015-03-01
Ciiie,23.24,1,2025-02-01,Unified Finance Fintech Saas,Seed,Bangalore,2025,2,2025-02-01
Venture Fund,23.24,1,2020-01-01,Yoga & Wellness,Unknown,Chennai,2020,1,2020-01-01
Omidyar Network. Blume Ventures And Professor Shlomo Benunknownhaim,23.24,1,2018-04-01,Fiinance,Other,Chennai,2018,4,2018-04-01
. Iifl Special Opportunities Fund And Iifl Securities,23.24,1,2022-10-01,Fintech,Series A,Bangalore,2022,10,2022-10-01
Elea Foundation,23.24,1,2020-08-01,Healthcare,Other,Gurgaon,2020,8,2020-08-01
Nitin Gupta (Uni),23.24,1,2025-02-01,Unified Finance Fintech Saas,Seed,Bangalore,2025,2,2025-02-01
Plutus Investments And Holding Private Limited,23.22,1,2024-11-01,Deeptech In Power Electronics,Other,Dewas,2024,11,2024-11-01
Outbox Ventures,23.150000000000002,4,2016-08-01,"Technology, Real Estate Broker, Last Mile Logistics","Seed, Private Equity","Delhi, Bangalore, Unknown",2016,8,2016-08-01
Qatar Development Bank,23.0,1,2025-05-01,Digital Real Estate,Unspecified Round,Bangalore,2025,5,2025-05-01
Evolvence India Fund And Sofiunknown,23.0,1,2022-04-01,Healthcare,Unknown,Gurgaon,2022,4,2022-04-01
Alfa Ventures,22.86,3,2021-04-01,"Healthcare, Milk, Technology","Seed, Pre-Series A","Delhi, Ranchi, Pune",2021,4,2021-04-01
Vishal Gondal,22.83,2,2016-10-01,"Consumer Internet, Food","Seed, Private Equity","Mumbai, Delhi",2016,10,2016-10-01
Vamm Ventures,22.82,2,2020-11-01,"Consumer Internet, SaaS","Seed, Unknown","Chennai, Bangalore",2020,11,2020-11-01
Tac,22.82,1,2025-10-01,Mobile > Mobile Gaming,Seed,Karnataka,2025,10,2025-10-01
Dila Capital,22.73,1,2019-06-01,Agritech,Unknown,Nairobi,2019,6,2019-06-01
Endeavor Catalyst Fund,22.73,1,2019-06-01,Agritech,Unknown,Nairobi,2019,6,2019-06-01
Ecoenterprise Fund,22.73,1,2019-06-01,Agritech,Unknown,Nairobi,2019,6,2019-06-01
Engie Rde Fund,22.73,1,2019-06-01,Agritech,Unknown,Nairobi,2019,6,2019-06-01
Alpha Mundi,22.73,1,2019-06-01,Agritech,Unknown,Nairobi,2019,6,2019-06-01
And Lendahand,22.73,1,2019-06-01,Agritech,Unknown,Nairobi,2019,6,2019-06-01
Cocapital,22.73,1,2019-06-01,Agritech,Unknown,Nairobi,2019,6,2019-06-01
Edfimc (Electrifi),22.73,1,2019-06-01,Agritech,Unknown,Nairobi,2019,6,2019-06-01
Negen Capital Pms,22.66,1,2025-10-01,Consumer > Residential Real Estate,Seed,Delhi,2025,10,2025-10-01
Debt Round,22.6,1,2024-10-01,Fintech,Debt,Mumbai,2024,10,2024-10-01
Manish Kheterpal,22.42,3,2016-05-01,"Ecommerce, Twowheeler Taxi, Edtech","Seed, Private Equity","Delhi, Gurgaon",2016,5,2016-05-01
Tamarind Family Private Trust,22.410000000000004,2,2016-05-01,"Logistics, Enabled Logistics","Private Equity, Seed",Mumbai,2016,5,2016-05-01
Rajesh K Murthy,22.41,1,2017-10-01,Ecommerce,Private Equity,Bangalore,2017,10,2017-10-01
Firoze Irani,22.41,1,2017-10-01,Ecommerce,Private Equity,Bangalore,2017,10,2017-10-01
Csc Upshot,22.41,1,2016-04-01,Consumer Internet,Private Equity,Sfo,2016,4,2016-04-01
The Neon Fund,22.41,1,2025-02-01,Cybersecurity,Unspecified Round,Delhi,2025,2,2025-02-01
Hermes Offshore,22.41,1,2022-03-01,Maritime,Series A,Delhi,2022,3,2022-03-01
Spearhead Capital,22.41,1,2021-09-01,Fintech,Unknown,Hyderabad,2021,9,2021-09-01
Maiden Lane Ventures,22.41,1,2016-04-01,Consumer Internet,Private Equity,Sfo,2016,4,2016-04-01
Ajay Upadhyaya,22.41,2,2025-05-01,"Computer Games, Fuel Aggregator","Unknown, Pre-Series A","Mumbai, Noida",2025,5,2025-05-01
Trail Mix Ventures,22.41,1,2022-03-01,Maritime,Series A,Delhi,2022,3,2022-03-01
Transmedia Capital,22.41,1,2016-04-01,Consumer Internet,Private Equity,Sfo,2016,4,2016-04-01
Kashyap Deorah,22.41,2,2020-07-01,"Data Science & Ux Design Learning, Food",Seed,"Bangalore, Delhi",2020,7,2020-07-01
Aspada Investments,22.41,1,2017-04-01,Food,Private Equity,Chennai,2017,4,2017-04-01
Persol Group (Asiaunknownpacific Hr Services Provider),22.41,1,2025-02-01,AI,Strategic Investment,Bangalore,2025,2,2025-02-01
91Springboard,22.41,2,2019-02-01,"Nanotechnology, Technology","Series A, Private Equity","Delhi, Noida",2019,2,2019-02-01
Nelstone Ventures,22.41,1,2016-04-01,Consumer Internet,Private Equity,Sfo,2016,4,2016-04-01
Himanshu Aggarwal,22.29,3,2025-05-01,"Healthcare, Other, Ev",Seed,"Bangalore, Unknown, Gurgaon",2025,5,2025-05-01
Jamwant Ventures And Valour Capital,22.0,1,2025-05-01,B2B Esdm Electronic System Design And Manufacturing,Unspecified Round,Bangalore,2025,5,2025-05-01
Auxano,21.580000000000002,2,2021-07-01,Edtech,Pre-Series A,"Noida, Delhi",2021,7,2021-07-01
Inflexor Ventures And Omnivore,21.58,1,2022-10-01,Biotechnology,Seed,Pune,2022,10,2022-10-01
Norwest Venture Partners.,21.58,1,2022-11-01,Information&Technology,Unknown,Jaipur,2022,11,2022-11-01
Thirukumaran Nagarajan And All In Capital,21.58,1,2022-08-01,Food,Seed,Bangalore,2022,8,2022-08-01
Quintillion Media,21.33,1,2016-08-01,"Consumer Internet, Career Community For Women","Private Equity, Seed",Noida,2016,8,2016-08-01
Sanjay Mehta,21.01,4,2020-07-01,"Technology, Consumer Internet, End To End Reverse Logistics Solution",Seed,"Bangalore, Mumbai",2020,7,2020-07-01
Uhnis,21.0,1,2025-01-01,Food,Pre-Series A,Noida,2025,1,2025-01-01
Rannvijay Singha,21.0,1,2025-06-01,Sports & Media,Strategic Investment,Nan,2025,6,2025-06-01
Amit Gupta,20.92,7,2022-02-01,"Edtech, Healthcare, Fmcg","Seed, Unknown","Mumbai, Bangalore, Bhopal",2022,2,2022-02-01
Simile Capital,20.9,1,2024-09-01,Callcenter,Series A,Mumbai,2024,9,2024-09-01
Ifmr Capital Fiunknownnce,20.75,1,2017-02-01,Consumer Internet,Private Equity,Bangalore,2017,2,2017-02-01
General Catalyst Partners,20.75,1,2016-10-01,Technology,Private Equity,Noida,2016,10,2016-10-01
Rahul Bothra,20.75,1,2025-05-01,Evaas,Unspecified Round,Chennai,2025,5,2025-05-01
Madhukar Gangadi,20.75,1,2015-03-01,Other,Private Equity,Unknown,2015,3,2015-03-01
Arka Venture Labs,20.75,1,2025-01-01,Ai Infrastructure,Seed,San Francisco,2025,1,2025-01-01
Gda Capital,20.75,1,2022-02-01,Sports,Seed,Noida,2022,2,2022-02-01
Elanpro,20.75,1,2025-04-01,Smart Vending,Seed,Delhi,2025,4,2025-04-01
Canbank Venture Capital Fund And Jpin,20.75,1,2022-06-01,Autonomous Vehicle,Seed,Bangalore,2022,6,2022-06-01
Fs Private Equity,20.75,1,2018-05-01,It,Other,Chennai,2018,5,2018-05-01
Nft Technologies,20.75,1,2022-02-01,Sports,Seed,Noida,2022,2,2022-02-01
Wavemaker Partners / 7Square Ventures,20.75,1,2025-10-01,Consumer > Local,Seed,Delhi,2025,10,2025-10-01
Commonfloor,20.75,1,2015-06-01,Flat Rental Mobile,Private Equity,Bangalore,2015,6,2015-06-01
Satish Reddy,20.75,1,2015-03-01,Other,Private Equity,Unknown,2015,3,2015-03-01
Sequoia Capital’S Surge,20.75,1,2020-02-01,Visual Media,Unknown,Unknown,2020,2,2020-02-01
European Investment Fund,20.75,1,2015-10-01,Mobile Messaging Assistant,Private Equity,Bangalore,2015,10,2015-10-01
Http://100X.Vc/,20.75,1,2021-04-01,SaaS,Seed,Bangalore,2021,4,2021-04-01
Ventureast And Exfinity,20.75,1,2018-07-01,Technology,Other,Bangalore,2018,7,2018-07-01
Vijay Kedia,20.75,1,2025-05-01,Evaas,Unspecified Round,Chennai,2025,5,2025-05-01
Lloyd Balajadia,20.75,1,2025-05-01,Evaas,Unspecified Round,Chennai,2025,5,2025-05-01
Sky Impact Capital,20.75,1,2025-07-01,Enterprise,Series A,Delhi,2025,7,2025-07-01
Omnivore And Omidyar Network India,20.75,1,2020-01-01,Agritech,Seed,Unknown,2020,1,2020-01-01
Shamik Sharma,20.75,1,2015-08-01,Mutual Fund Investing,Private Equity,Bangalore,2015,8,2015-08-01
Sino Global Capital And Devfolio,20.75,1,2022-06-01,Information & Technology,Pre-Seed,Singapore,2022,6,2022-06-01
Tpgunknownbacked Group Landmark,20.75,1,2020-03-01,Automobile,Series A,Bangalore,2020,3,2020-03-01
Centre Court Capital,20.75,1,2025-10-01,Consumer > Sports,Seed,Karnataka,2025,10,2025-10-01
Blacksoil Capital Pvt. Ltd.,20.75,1,2016-09-01,Consumer Internet,Private Equity,Gurgaon,2016,9,2016-09-01
Pureland Venture,20.75,1,2021-07-01,Healthcare,Series A,Delhi,2021,7,2021-07-01
Base Of Pyramid Asia (Bopa) Pte Ltd,20.75,1,2018-07-01,Consumer Internet,Private Equity,Rourkela,2018,7,2018-07-01
Tiger Shroff,20.75,1,2022-01-01,Edtech,Unknown,Gurgaon,2022,1,2022-01-01
Mohit Gupta,20.75,1,2015-08-01,Mutual Fund Investing,Private Equity,Bangalore,2015,8,2015-08-01
Blume Ventures And Rtp Global,20.75,1,2019-06-01,Deeptech,Pre-Series A,Bangalore,2019,6,2019-06-01
Mmg Group,20.75,1,2025-04-01,Transit Retail,Series A,Indore,2025,4,2025-04-01
Lemniscap,20.75,1,2025-04-01,Ev Charging,Seed,Hyderabad,2025,4,2025-04-01
Ruchi Deepak,20.75,1,2024-08-01,Dating,Unspecified Round,Delhi,2024,8,2024-08-01
Piper Serica,20.75,1,2025-08-01,Advanced Hardware & Technology,Pre-Seed,Bangalore,2025,8,2025-08-01
Tarun Tahiliani And Nitin Seth,20.75,1,2022-09-01,Software,Seed,Gurgaon,2022,9,2022-09-01
Ajesh K Murthy,20.75,1,2016-03-01,Real Estate,Seed,Bangalore,2016,3,2016-03-01
Srini Koppolu,20.75,1,2015-03-01,Other,Private Equity,Unknown,2015,3,2015-03-01
Srini Raju,20.75,1,2015-03-01,Other,Private Equity,Unknown,2015,3,2015-03-01
Planb Capital And Sat Industries,20.75,1,2022-05-01,Food,Seed,Gurgaon,2022,5,2022-05-01
Rianta Capital,20.75,2,2020-01-01,"Other, Agritech","Private Equity, Pre-Series A","Unknown, Bangalore",2020,1,2020-01-01
Mit Alumni Angels And Kfw Deg,20.75,1,2022-06-01,Micro Lending,Seed,Lucknow,2022,6,2022-06-01
Bluestone,20.75,1,2025-01-01,D2C Footwear,Unspecified Round,Bangalore,2025,1,2025-01-01
Maximus Capital,20.75,1,2022-02-01,Sports,Seed,Noida,2022,2,2022-02-01
Good News Ventures,20.75,1,2025-01-01,Ai Infrastructure,Seed,San Francisco,2025,1,2025-01-01
Mitesh Majithia,20.75,1,2015-12-01,Mobile Point Of Sale,Private Equity,Hyderabad,2015,12,2015-12-01
Xeed Ventures,20.75,1,2025-08-01,AI,Pre-Seed,Bangalore,2025,8,2025-08-01
. Sharath Kumar And Yuvraj A. Thakker,20.75,1,2022-12-01,Fintech,Seed,Mumbai,2022,12,2022-12-01
Roshan Abbas,20.75,1,2021-06-01,Fintech,Pre-Series A,Bangalore,2021,6,2021-06-01
Syska Led Group,20.75,1,2016-08-01,Consumer Internet,Private Equity,Pune,2016,8,2016-08-01
The Treasury,20.75,1,2021-09-01,Fintech,Seed,Bangalore,2021,9,2021-09-01
Prudent Investment Maunknowngers,20.75,1,2024-12-01,Fintech,Series A,Noida,2024,12,2024-12-01
White Venture Capital,20.75,1,2025-04-01,Nonbanking Financial,Seed,Indore,2025,4,2025-04-01
Supera Pte Ltd,20.28,1,2019-04-01,Ecommerce,Other,Mumbai,2019,4,2019-04-01
Mile Deep Capital,20.16,2,2025-03-01,"Café, Deeptech Engineering",Other,"Hyderabad, Gurgaon",2025,3,2025-03-01
Lloyds Steel,20.0,1,2025-10-01,High > Drones,Seed,Maharashtra,2025,10,2025-10-01
Trudie Styler,20.0,1,2025-01-01,Biotech Seaweed Alternatives,Unspecified Round,Pune,2025,1,2025-01-01
Chounknown Family,20.0,1,2024-08-01,Ev Batteries,Series A,Mumbai,2024,8,2024-08-01
Sattva Family Office,20.0,1,2025-01-01,B2B Tyre,Unspecified Round,Delhi,2025,1,2025-01-01
7Th Gen Ventures,20.0,1,2025-01-01,Biotech Seaweed Alternatives,Unspecified Round,Pune,2025,1,2025-01-01
Anbg Enterprise Llp (Godrej Family Office),20.0,1,2024-12-01,Rooftop Solar,Unspecified Round,Gurgaon,2024,12,2024-12-01
Ravinderunknownth Chadha,20.0,1,2024-12-01,Rooftop Solar,Unspecified Round,Gurgaon,2024,12,2024-12-01
K4 Forum Mumbai Network And Halliburton Labs,19.92,1,2022-08-01,Solar,Seed,Bangalore,2022,8,2022-08-01
Venturesoul Partners,19.92,1,2024-10-01,Lendingtech,Debt,Gurgaon,2024,10,2024-10-01
Bharat Inclusion,19.92,2,2021-09-01,"Information Technology &, Internet",Pre-Series A,"Bangalore, Noida",2021,9,2021-09-01
Otp Ventures,19.92,1,2025-01-01,Healthcare,Initial Funding,Delhi,2025,1,2025-01-01
Rajeev Misra And Vijay Shekhar Sharm,19.92,1,2022-10-01,Manufacturing,Series A,Delhi,2022,10,2022-10-01
Iifl Seed Ventures,19.92,1,2017-06-01,Ecommerce,Private Equity,Mumbai,2017,6,2017-06-01
Gurpreet Singh,19.92,1,2015-07-01,Medical Instruments,Seed,Delhi,2015,7,2015-07-01
Ian,19.92,4,2024-09-01,"Agritech, Edtech, Hospitality","Seed, Unknown, Pre-Series A","Gandhinagar, Chennai, Delhi",2024,9,2024-09-01
Malvinder And Shivinder Singh,19.92,1,2015-07-01,Medical Instruments,Seed,Delhi,2015,7,2015-07-01
Saha Fund,19.51,2,2017-03-01,"Consumer Internet, Ecommerce",Private Equity,"Mumbai, Vadodara",2017,3,2017-03-01
Serica Angel Fund And Uc Impower,19.4,1,2024-10-01,Fintech,Series A,Delhi,2024,10,2024-10-01
Yoga Capital,19.09,1,2021-08-01,Edtech,Unknown,Mumbai,2021,8,2021-08-01
Republic Crypto,19.09,1,2021-10-01,Information Technology &,Unknown,Bangalore,2021,10,2021-10-01
The Hr Fund,19.09,2,2016-08-01,"Consumer Internet, Hiring Analytics","Private Equity, Seed","Noida, Chennai",2016,8,2016-08-01
N Squared Maunknowngement Llc,19.09,1,2016-01-01,Technology,Private Equity,Bangalore,2016,1,2016-01-01
Sahil Lavingia,19.09,1,2021-10-01,Information Technology &,Unknown,Bangalore,2021,10,2021-10-01
Dilip Khandelwal And Anthony Goldbloom,19.09,1,2022-09-01,Software,Seed,Sanfrancisco,2022,9,2022-09-01
Dcg,19.09,1,2021-10-01,Information Technology &,Unknown,Bangalore,2021,10,2021-10-01
Logx Ventures,19.09,1,2020-08-01,Media,Seed,Bangalore,2020,8,2020-08-01
Sandeep Mehta Family Office,19.09,1,2016-01-01,Technology,Private Equity,Bangalore,2016,1,2016-01-01
Jam,19.09,1,2021-09-01,Fintech,Seed,Gurgaon,2021,9,2021-09-01
Ah!Ventures,19.09,1,2021-08-01,Edtech,Unknown,Mumbai,2021,8,2021-08-01
Vallabh Bhanshali,19.09,1,2016-01-01,Technology,Private Equity,Bangalore,2016,1,2016-01-01
Woodstock,19.09,1,2021-10-01,Information Technology &,Unknown,Bangalore,2021,10,2021-10-01
Jagdish,19.09,1,2016-01-01,Technology,Private Equity,Bangalore,2016,1,2016-01-01
Venture Garage,19.09,1,2021-08-01,Edtech,Unknown,Mumbai,2021,8,2021-08-01
Mahindra And Mahindra Fiunknownncial Services,19.09,1,2017-04-01,Consumer Internet,Private Equity,Bangalore,2017,4,2017-04-01
Bipin Patel Family Office,19.09,1,2025-09-01,Clean,Seed,Hyderabad,2025,9,2025-09-01
Waveform Ventures,19.09,2,2024-09-01,"Content Monetisation, B2B Financial Management","Seed, Pre-Seed","Gurgaon, Bangalore",2024,9,2024-09-01
Purvi Capital,18.76,2,2020-11-01,"Job Search, Edtech",Seed,Bangalore,2020,11,2020-11-01
Beyond Capital Fund.,18.68,1,2020-07-01,Ecommerce,Pre-Series A,Jaipur,2020,7,2020-07-01
And The Singh Family Trusts,18.68,1,2020-07-01,Ecommerce,Pre-Series A,Jaipur,2020,7,2020-07-01
Neeraj Aggarwal,18.68,1,2015-09-01,Digital & Physical Publishing,Private Equity,Delhi,2015,9,2015-09-01
Engie Rassembleurs D'Energies,18.68,1,2020-07-01,Ecommerce,Pre-Series A,Jaipur,2020,7,2020-07-01
William Campbell,18.68,1,2017-01-01,Consumer Internet,Private Equity,Gurgaon,2017,1,2017-01-01
Teja Ventures,18.68,1,2020-07-01,Ecommerce,Pre-Series A,Jaipur,2020,7,2020-07-01
Toos N Daruvala,18.68,1,2017-01-01,Consumer Internet,Private Equity,Gurgaon,2017,1,2017-01-01
Duunknownmis Ventures Pte Ltd,18.68,1,2017-07-01,Consumer Internet,Private Equity,Pune,2017,7,2017-07-01
And Kalaari Capital,18.68,1,2024-10-01,Product Design,Series A,Bangalore,2024,10,2024-10-01
Vedanta Capital,18.68,1,2017-01-01,Consumer Internet,Private Equity,Gurgaon,2017,1,2017-01-01
Prajay Advisors,18.545,4,2025-08-01,"Ecommerce, Hot Condiments, Luxury Mens",Seed,"Delhi, Unknown, Mumbai",2025,8,2025-08-01
Jaipuria Family Office,18.3,2,2024-12-01,"Oil And Energy, D2C Gummies","Unknown, Bridge",Delhi,2024,12,2024-12-01
Navin Dhanuka,18.26,1,2020-08-01,Construction,Series A,Bangalore,2020,8,2020-08-01
Meghunknown Agarwal,18.26,1,2020-08-01,Construction,Series A,Bangalore,2020,8,2020-08-01
Jason Hirschhorn,18.26,1,2015-04-01,Travel Entertainment,Seed,Delhi,2015,4,2015-04-01
Jarett Posner,18.26,1,2015-04-01,Travel Entertainment,Seed,Delhi,2015,4,2015-04-01
Iima Ventures,18.26,2,2025-05-01,"Spacetech, Nanocarbon Materials","Pre-Seed, Seed","Ahmedabad, Jaipur",2025,5,2025-05-01
Rajan Aunknowndan,18.26,1,2021-02-01,Healthcare,Seed,Bangalore,2021,2,2021-02-01
And Amit Bhatiani,18.26,1,2015-04-01,Travel Entertainment,Seed,Delhi,2015,4,2015-04-01
Theventures,18.26,1,2021-09-01,B2B Travel,Pre-Series A,Delhi,2021,9,2021-09-01
Kuldeep Mathur,18.26,1,2024-09-01,Deeptech Smart Assistance,Unspecified Round,Unknown,2024,9,2024-09-01
Micelio Technology Fund,18.26,1,2025-01-01,Electric Tractor,Seed,Bangalore,2025,1,2025-01-01
Surfboard Ventures And Nishant Patel,18.26,1,2022-08-01,Edtech,Unknown,Bangalore,2022,8,2022-08-01
Ruchi Kalra And Sandeep Singh,18.26,1,2022-08-01,Trading,Seed,Bangalore,2022,8,2022-08-01
Abm Knowledgeware,18.26,1,2017-01-01,Technology,Private Equity,Bangalore,2017,1,2017-01-01
Survam Partners And Inflexor Ventures,18.26,1,2022-06-01,"Aerospace Manufacturing, Manufacturing","Series A, Unknown",Coimbatore,2022,6,2022-06-01
Equirus Innovatex Fund,18.26,2,2025-01-01,"Data Engineering, Climate Fashion",Seed,Bangalore,2025,1,2025-01-01
Other Ununknownmed Investors,18.259999999999998,3,2016-04-01,"Consumer Internet, Food","Seed, Private Equity","Mumbai, Hyderabad, Bangalore",2016,4,2016-04-01
Varun Alagh And Rajesh Yabaji,17.93,1,2022-11-01,Educaton,Seed,Bangalore,2022,11,2022-11-01
Avtar Monga,17.740000000000002,3,2024-11-01,"Consumer Internet, Qsr & Online Delivery Portal, Biomaterials","Other, Seed, Pre-Seed","Gurgaon, Delhi",2024,11,2024-11-01
Millenunknown Fvci Iii,17.51,1,2020-08-01,It,Series A,Mumbai,2020,8,2020-08-01
Arali Ventures,17.450000000000003,3,2025-03-01,"AI, Automation","Seed, Pre-Seed","Bangalore, Hyderabad, Delhi",2025,3,2025-03-01
Beenext And 9Unicorns Accelerator Fund,17.43,1,2022-09-01,Fintech,Seed,Hyderabad,2022,9,2022-09-01
Abstract Ventures,17.43,1,2017-04-01,Technology,Private Equity,Noida,2017,4,2017-04-01
Gsf Accelerator,17.43,3,2025-06-01,"Edtech, Iot, AI","Pre-Seed, Unknown","Bangalore, Pune",2025,6,2025-06-01
Contrarian Capital,17.43,1,2017-04-01,Technology,Private Equity,Noida,2017,4,2017-04-01
Healthquad And Fireside Ventures,17.43,1,2018-02-01,Healthcare,Private Equity,Gurgaon,2018,2,2018-02-01
Saravaunknownn Adiseshan,17.43,1,2020-01-01,Virtual Banking,Series A,Bangalore,2020,1,2020-01-01
Apoorva Patni,17.43,1,2018-03-01,Healthcare,Private Equity,Mumbai,2018,3,2018-03-01
Yournest Venture Capital And Netcore Cloud,17.43,1,2022-06-01,Media&Entertainment,Seed,Gurgaon,2022,6,2022-06-01
Soonicorn Ventures,17.31,2,2024-12-01,"Sustainable Investment, Assistive Devices","Other, Seed","Gurgaon, Bangalore",2024,12,2024-12-01
Devx Venture Fund,17.020000000000003,4,2022-02-01,"Industrial Automation, Food, Ar",Unknown,"Bangalore, Noida, Ahmedabad",2022,2,2022-02-01
Prath Ventures And Spring Marketing Capital,17.0,1,2025-04-01,D2C Snacking,Pre-Series A,Jaipur,2025,4,2025-04-01
Abhishek Goyal,16.98,3,2025-02-01,"Consumer Internet, Retail Luxury Goods And Jewellery, Pickleball Sports","Seed, Pre-Seed","Bangalore, Mumbai",2025,2,2025-02-01
Zeropearl Vc,16.76,3,2025-09-01,"Ecommerce, Oral Care","Seed, Pre-Seed",Bangalore,2025,9,2025-09-01
Capitalunknowna And Samarsh Capital,16.6,1,2024-12-01,Cleantech,Other,Belthangady Taluk,2024,12,2024-12-01
Lg Chandrasekhar,16.6,2,2017-09-01,"Ecommerce, Consumer Internet","Private Equity, Seed",Bangalore,2017,9,2017-09-01
Unicorn India Ventures And Isme Ace.,16.6,1,2018-03-01,Fintech,Other,Bangalore,2018,3,2018-03-01
Praveen Sinha,16.6,1,2015-05-01,Mobile Laundry Cleaning,Private Equity,Chennai,2015,5,2015-05-01
Akash Gehani,16.6,1,2020-10-01,Edtech,Unknown,Bangalore,2020,10,2020-10-01
Siddhartha Gupta,16.6,1,2016-12-01,Food,Seed,Delhi,2016,12,2016-12-01
Tej Kapoor,16.6,1,2020-01-01,Social Media,Pre-Series A,Bangalore,2020,1,2020-01-01
Raghuvanshi Investment,16.6,1,2024-08-01,Digital For Banking Sector,Seed,Delhi,2024,8,2024-08-01
Akatsuki And Incubate Fund From Japan And Better Capital Angellist Syndicate.,16.6,1,2018-12-01,B2B,Seed,Indore,2018,12,2018-12-01
Cashurdrive Marketing Pvt Ltd,16.6,1,2016-03-01,Consumer Internet,Private Equity,Gurgaon,2016,3,2016-03-01
Liberatha Kallat,16.6,1,2021-04-01,Fintech,Seed,Gurgaon,2021,4,2021-04-01
Achin Kochar,16.6,1,2021-11-01,Textiles,Unknown,Mumbai,2021,11,2021-11-01
Let’S Venture,16.6,1,2021-10-01,Automotive,Seed,Bangalore,2021,10,2021-10-01
Ashish Kacholi,16.6,1,2018-05-01,Edtech,Other,Delhi,2018,5,2018-05-01
Girunknownr Software,16.6,1,2018-02-01,Consumer Internet,Private Equity,Gurgaon,2018,2,2018-02-01
Shripad Nadkarni,16.6,1,2015-04-01,Premium Beverages,Seed,Delhi,2015,4,2015-04-01
Gilda Vc,16.6,1,2020-01-01,Technology,Pre-Series A,"Noida, Uttar Pradesh",2020,1,2020-01-01
Parampara Capital,16.6,2,2016-06-01,"Technology, Structural & Civil Engg Automation",Private Equity,Mumbai,2016,6,2016-06-01
Geekster,16.6,1,2021-05-01,Fintech,Pre-Seed,Mumbai,2021,5,2021-05-01
Aet Japan,16.6,1,2020-11-01,Paas,Seed,Bangalore,2020,11,2020-11-01
Arihant Patni Of Patni Family Office,16.6,1,2018-04-01,Consumer Internet,Private Equity,Mumbai,2018,4,2018-04-01
Fireside Venture Investment Fund Iii,16.6,1,2024-11-01,Smart Kitchen Appliances,Seed,Bangalore,2024,11,2024-11-01
Sophia Investment Aps,16.6,1,2016-08-01,Technology,Private Equity,Bangalore,2016,8,2016-08-01
Alfa Capital,16.6,2,2018-01-01,Healthcare,Private Equity,"Gurgaon, Delhi",2018,1,2018-01-01
Aditya Duggar,16.6,1,2021-09-01,Gaming,Seed,Noida,2021,9,2021-09-01
First Cheque.,16.6,1,2020-08-01,Hr,Unknown,Bangalore,2020,8,2020-08-01
First Luxembourg Sca,16.6,1,2025-07-01,Healthcare,Unknown,Bangalore,2025,7,2025-07-01
Lemounknownde Ventures,16.6,1,2020-07-01,Food,Pre-Series A,Ahmedabad,2020,7,2020-07-01
Nuvama,16.6,1,2025-03-01,Agritech,Venture Debt,Gurgaon,2025,3,2025-03-01
Simile Ventures,16.6,1,2017-10-01,Consumer Internet,Private Equity,Bangalore,2017,10,2017-10-01
Chandru Kalro,16.6,1,2024-11-01,Smart Kitchen Appliances,Seed,Bangalore,2024,11,2024-11-01
Oliphabs Capital,16.6,1,2015-07-01,Hasbro Toy Manufacturer,Private Equity,Pune,2015,7,2015-07-01
Raghav Mohan Bakshi,16.6,1,2021-11-01,Textiles,Unknown,Mumbai,2021,11,2021-11-01
Steven Lurie,16.6,1,2015-12-01,Home Cooked Food Order & Delivery,Private Equity,Gurgaon,2015,12,2015-12-01
Krinshavataram Venkata Vinjamuri,16.6,1,2020-01-01,Social Media,Pre-Series A,Bangalore,2020,1,2020-01-01
Kuldeep Jain,16.6,1,2021-03-01,Lifestyle,Unknown,Delhi,2021,3,2021-03-01
Anshuman Das,16.6,1,2017-07-01,Technology,Seed,Bangalore,2017,7,2017-07-01
Tarun Joshi,16.6,1,2016-10-01,Ecommerce,Private Equity,Noida,2016,10,2016-10-01
Subho Ray,16.6,1,2020-10-01,Ayurveda,Pre-Series A,Gurgaon,2020,10,2020-10-01
On Mauritius,16.6,1,2020-10-01,Bike,Unknown,Mumbai,2020,10,2020-10-01
Twin Ventures And Saama Capital,16.6,1,2022-10-01,AI,Seed,Sanfrancisco,2022,10,2022-10-01
Tata Cleantech Capital,16.6,1,2021-07-01,Solar,Unknown,Delhi,2021,7,2021-07-01
Truevalue Group Md Yash Shah,16.6,1,2020-07-01,Food,Pre-Series A,Ahmedabad,2020,7,2020-07-01
Alphard Maritime Group,16.6,1,2017-06-01,Technology,Seed,Noida,2017,6,2017-06-01
Gregg Fisher (Quent Capital),16.6,1,2024-12-01,Ai Wealth Management Assistant,Seed,Mumbai,2024,12,2024-12-01
Ajay Jain,16.6,1,2021-06-01,Ecommerce,Pre-Series A,Mumbai,2021,6,2021-06-01
Tushar Singh,16.6,1,2016-10-01,Ecommerce,Private Equity,Noida,2016,10,2016-10-01
Grey Orange,16.6,1,2017-07-01,Technology,Seed,Bangalore,2017,7,2017-07-01
Prime Securities Limited,16.6,1,2021-09-01,Sports,Series A,Gurgaon,2021,9,2021-09-01
Harsh Shah,16.6,1,2020-01-01,Social Media,Pre-Series A,Bangalore,2020,1,2020-01-01
Flowstate Ventures,16.6,1,2021-09-01,Food,Seed,Pune,2021,9,2021-09-01
Transworld Group,16.6,1,2021-09-01,Logistics,Pre-Series A,Bangalore,2021,9,2021-09-01
Arun Chandra Mohan,16.6,1,2015-05-01,Mobile Laundry Cleaning,Private Equity,Chennai,2015,5,2015-05-01
Krafton India,16.6,1,2025-05-01,Social Media,Series A,Gurgaon,2025,5,2025-05-01
Private Investors,16.6,1,2024-08-01,Fintech,Unspecified Round,Mumbai,2024,8,2024-08-01
Aramex Ventures Llc,16.6,1,2016-07-01,Logistics,Private Equity,Mumbai,2016,7,2016-07-01
Centrum Fiunknownncial Services,16.6,1,2021-04-01,Renewable Energy,Seed,Mumbai,2021,4,2021-04-01
Art Venture,16.6,1,2020-01-01,Technology,Pre-Series A,"Noida, Uttar Pradesh",2020,1,2020-01-01
Contrarian Vriddhi Fund,16.6,1,2016-11-01,Ecommerce,Private Equity,Jaipur,2016,11,2016-11-01
Prashasta Seth,16.6,1,2021-09-01,Design,Other,Mumbai,2021,9,2021-09-01
Cataraman Ventures,16.6,1,2015-09-01,Online Insurance Distribution,Private Equity,Mumbai,2015,9,2015-09-01
Force Ventures And Foundamental,16.6,1,2022-08-01,SaaS,Seed,Bangalore,2022,8,2022-08-01
Petrounknowns Ventures,16.6,1,2021-10-01,Nanotechnology,Unknown,Bangalore,2021,10,2021-10-01
Tcs,16.6,1,2015-12-01,Sports Education,Private Equity,Mumbai,2015,12,2015-12-01
Lokmat Investments,16.6,1,2020-11-01,Qsr,Unknown,Mumbai,2020,11,2020-11-01
Chicago Capital Ventures,16.6,1,2015-12-01,End To End Reverse Logistics Solution,Seed,Bangalore,2015,12,2015-12-01
Snehil Khanor,16.6,1,2021-04-01,Dating,Pre-Series A,Delhi,2021,4,2021-04-01
V Sumantran,16.6,1,2020-08-01,Battery Manufacturer,Unknown,Chennai,2020,8,2020-08-01
Naresh Malhotra,16.6,1,2020-11-01,SaaS,Unknown,Bangalore,2020,11,2020-11-01
Reeunknown Dayal,16.6,1,2024-12-01,Photonic Quantum Technology,Seed,Bangalore,2024,12,2024-12-01
Myhashstash,16.6,1,2022-10-01,Software,Pre-Seed,Delhi,2022,10,2022-10-01
Several Family Offices,16.6,1,2024-08-01,Vegan Restaurant,Equity,Mumbai,2024,8,2024-08-01
Jpin,16.6,1,2021-09-01,Healthcare,Pre-Series A,Pune,2021,9,2021-09-01
3 Undisclosed Hnis,16.6,1,2016-06-01,Technology,Seed,Mumbai,2016,6,2016-06-01
Sfmg Wealth Advisors,16.6,1,2024-12-01,Ai Wealth Management Assistant,Seed,Mumbai,2024,12,2024-12-01
Venture Garage And Vikas D Nahar,16.6,1,2022-08-01,Food,Seed,Mumbai,2022,8,2022-08-01
Venture Catalysts Uk,16.6,1,2021-09-01,Healthcare,Pre-Series A,Pune,2021,9,2021-09-01
Dvara Holdings,16.6,1,2022-02-01,Fintech,Pre-Series A,Mumbai,2022,2,2022-02-01
Exfinity Venture,16.6,1,2018-04-01,Consumer Internet,Private Equity,Mumbai,2018,4,2018-04-01
Insistor,16.6,1,2018-05-01,Fintech,Other,Kolkata,2018,5,2018-05-01
2000000,16.6,1,2021-11-01,Eyewear,Pre-Series A,Gurgaon,2021,11,2021-11-01
Dsp Group,16.6,1,2021-01-01,Media,Unknown,Mumbai,2021,1,2021-01-01
Dsp,16.6,1,2025-02-01,Investment Wealthtech,Seed,Bangalore,2025,2,2025-02-01
Nilesh Doshi,16.6,1,2025-02-01,Fintech,Seed,Mumbai,2025,2,2025-02-01
Mukesh Yadav,16.6,1,2021-04-01,Fintech,Seed,Gurgaon,2021,4,2021-04-01
Rajesh Sud,16.6,1,2021-03-01,Lifestyle,Unknown,Delhi,2021,3,2021-03-01
Inflection Point Venture,16.6,1,2022-02-01,Information Technology &,Seed,Gurgaon,2022,2,2022-02-01
Dewang Neralla'S Family Office,16.6,1,2025-02-01,Fintech,Seed,Mumbai,2025,2,2025-02-01
Man Capital Llp,16.6,1,2018-02-01,Consumer Internet,Private Equity,Gurgaon,2018,2,2018-02-01
Sanjay Baldwa,16.6,1,2021-06-01,Ecommerce,Pre-Series A,Mumbai,2021,6,2021-06-01
Yeahmobi,16.6,1,2016-06-01,Consumer Internet,Private Equity,Bangalore,2016,6,2016-06-01
Sap.Io,16.6,1,2017-06-01,Consumer Internet,Private Equity,Bangalore,2017,6,2017-06-01
Saurabh Jain,16.6,1,2024-11-01,Smart Kitchen Appliances,Seed,Bangalore,2024,11,2024-11-01
Virender Raunknown,16.6,1,2024-10-01,Accounting & Tax Management Saas,Pre-Series A,Gurgaon,2024,10,2024-10-01
Satish Khanunknown And Taparia Family Office.,16.6,1,2018-04-01,Consumer Internet,Private Equity,Mumbai,2018,4,2018-04-01
Vkg Ventures Llp.,16.6,1,2020-10-01,Edtech,Unknown,Mumbai,2020,10,2020-10-01
Mantis Ventures,16.6,1,2020-08-01,Ecommerce,Seed,Hyderabad,2020,8,2020-08-01
Manuvel Malabar Jewellers,16.6,1,2021-11-01,Fintech,Pre-Series A,Delhi,2021,11,2021-11-01
Manish Maheshwari,16.6,1,2016-11-01,Ecommerce,Private Equity,Jaipur,2016,11,2016-11-01
Sarvesh Shahra,16.6,1,2015-04-01,Premium Beverages,Seed,Delhi,2015,4,2015-04-01
Naveen Arya,16.6,1,2016-10-01,Ecommerce,Private Equity,Noida,2016,10,2016-10-01
Jungle Ventures (First Cheque@Jungle),16.6,1,2025-01-01,Food,Pre-Seed,Gurgaon,2025,1,2025-01-01
Emandi Sankara Rao,16.6,1,2020-11-01,Edtech,Bridge,Gurgaon,2020,11,2020-11-01
Waterbridge,16.6,1,2021-07-01,Gaming,Pre-Series A,Bangalore,2021,7,2021-07-01
Senior Food Industry Leaders,16.6,1,2025-01-01,Food,Pre-Seed,Gurgaon,2025,1,2025-01-01
Sanjeev Kapoor,16.6,1,2015-10-01,Home Cooked Food & Delivery,Private Equity,Mumbai,2015,10,2015-10-01
Elevation Partners,16.6,1,2021-08-01,SaaS,Unknown,Bangalore,2021,8,2021-08-01
Indianivesh Venture Capital Fund,16.6,1,2017-04-01,Technology,Private Equity,Delhi,2017,4,2017-04-01
Sequoia Capital Surge,16.6,1,2020-04-01,Fitness,Unknown,Pune,2020,4,2020-04-01
Jupiter Metaverse Llp,16.6,1,2025-02-01,Fintech,Seed,Mumbai,2025,2,2025-02-01
Shardul Amarchand Mangaldas,16.6,1,2018-04-01,Consumer Internet,Private Equity,Mumbai,2018,4,2018-04-01
Rajesh Ramaiah,16.6,1,2017-07-01,Technology,Seed,Bangalore,2017,7,2017-07-01
Saha Fund Partners,16.6,1,2018-04-01,Consumer Internet,Private Equity,Mumbai,2018,4,2018-04-01
Impact Partners,16.6,1,2021-04-01,Renewable Energy,Unknown,Hyderabad,2021,4,2021-04-01
Dinesh Nagpal,16.6,1,2021-04-01,Fintech,Seed,Gurgaon,2021,4,2021-04-01
\\Xc2\\Xa0 Accel Partners India,16.6,1,2015-11-01,Online Furniture Home Appliances Rental,Private Equity,Bangalore,2015,11,2015-11-01
Mahindra And Infuse Ventures,16.6,1,2017-10-01,Food,Private Equity,Coimbatore,2017,10,2017-10-01
Riteesh Mohan Bakshi,16.6,1,2021-11-01,Textiles,Unknown,Mumbai,2021,11,2021-11-01
Mahindra,16.6,1,2017-10-01,Food,Private Equity,Coimbatore,2017,10,2017-10-01
Jf Mauritius Spv,16.6,1,2020-01-01,Technology,Debt,Usa,2020,1,2020-01-01
Fao Ventures,16.6,1,2016-10-01,Ecommerce,Private Equity,Noida,2016,10,2016-10-01
Angel Bay India Accelerator,16.6,1,2024-08-01,Fintech,Unspecified Round,Mumbai,2024,8,2024-08-01
Ritesh Dwivedy,16.6,1,2015-12-01,Logistics,Private Equity,Delhi,2015,12,2015-12-01
\\Xc2\\Xa0 Mohandas Pai,16.6,1,2015-07-01,Hyperlocal Handyman,Private Equity,Mumbai,2015,7,2015-07-01
\\Xc2\\Xa0 Ravi Saxeunknown,16.6,1,2015-10-01,Home Cooked Food & Delivery,Private Equity,Mumbai,2015,10,2015-10-01
Urmin Family Office,16.6,1,2020-07-01,Food,Pre-Series A,Ahmedabad,2020,7,2020-07-01
Mgfunknownkavachh,16.6,1,2025-06-01,Advanced Hardware & Technology,Pre-Series A,Rourkela,2025,6,2025-06-01
Rohan Bhargava (Cashkaro),16.6,1,2024-10-01,Accounting & Tax Management Saas,Pre-Series A,Gurgaon,2024,10,2024-10-01
Fenqile,16.6,1,2016-06-01,Consumer Internet,Private Equity,Bangalore,2016,6,2016-06-01
Amit Chaudhary (Lenskart),16.6,1,2024-10-01,Accounting & Tax Management Saas,Pre-Series A,Gurgaon,2024,10,2024-10-01
Romulus Capital,16.6,1,2016-06-01,Healthcare,Private Equity,Delhi,2016,6,2016-06-01
Ff Angel,16.6,1,2016-05-01,Consumer Internet,Private Equity,Bangalore,2016,5,2016-05-01
Figure Eight Investments,16.6,1,2020-11-01,Paas,Seed,Bangalore,2020,11,2020-11-01
Z21 Ventures,16.6,1,2025-02-01,Ev Battery,Pre-Series A,Bangalore,2025,2,2025-02-01
Ranjan Sharma,16.6,1,2016-10-01,Ecommerce,Private Equity,Noida,2016,10,2016-10-01
S Chand Group,16.6,1,2018-05-01,Edtech,Other,Delhi,2018,5,2018-05-01
Ashok Leyland,16.6,1,2020-01-01,Battery Design,Unknown,Dehradun,2020,1,2020-01-01
Dr Faraz Naqvi,16.6,1,2015-03-01,Other,Seed,Unknown,2015,3,2015-03-01
Boldcap,16.6,1,2024-12-01,Ai Wealth Management Assistant,Seed,Mumbai,2024,12,2024-12-01
Callapiunknown Capital,16.6,1,2025-02-01,Ev Battery,Pre-Series A,Bangalore,2025,2,2025-02-01
Faad Capital,16.6,1,2024-10-01,AI,Pre-Series A,Delhi,2024,10,2024-10-01
Rishi Das,16.6,1,2017-07-01,Technology,Seed,Bangalore,2017,7,2017-07-01
Sherpalo Ventures,16.6,1,2015-07-01,Hyperlocal Handyman,Private Equity,Mumbai,2015,7,2015-07-01
Shezan Bhojani,16.6,1,2024-11-01,Smart Kitchen Appliances,Seed,Bangalore,2024,11,2024-11-01
Daniel Lapus,16.6,1,2020-10-01,Edtech,Unknown,Mumbai,2020,10,2020-10-01
Nirvaunknown Venture Advisors,16.6,1,2015-05-01,Ondemand,Private Equity,Bangalore,2015,5,2015-05-01
Bedrock Capital,16.6,1,2020-04-01,Fintech,Unknown,Unknown,2020,4,2020-04-01
Ivy League Alumni Angel Network,16.6,1,2016-12-01,Technology,Private Equity,Bangalore,2016,12,2016-12-01
Falcon5,16.6,1,2021-07-01,Edtech,Pre-Series A,Noida,2021,7,2021-07-01
Dr Mushtaq Shah,16.6,1,2015-03-01,Other,Seed,Unknown,2015,3,2015-03-01
Mohit Tandon,16.6,1,2025-05-01,Ev,Seed,Gurgaon,2025,5,2025-05-01
Zerodha'S Rainmatter Capital,16.6,1,2021-01-01,Fintech,Seed,Bangalore,2021,1,2021-01-01
Arihant Patni,16.43,3,2016-01-01,"Edtech, Microbrewery, Mobile Compression Software","Seed, Private Equity","Mumbai, Bhopal",2016,1,2016-01-01
Other,16.02,1,2018-01-01,Technology,Private Equity,Bangalore,2018,1,2018-01-01
Runet,16.02,1,2018-01-01,Technology,Private Equity,Bangalore,2018,1,2018-01-01
Nine Alps,16.0,1,2025-02-01,Loyalty & Rewards Saas,Seed,Gurgaon,2025,2,2025-02-01
Promoters Of Haldiram’S,16.0,1,2025-02-01,Loyalty & Rewards Saas,Seed,Gurgaon,2025,2,2025-02-01
Innovation Foundation (Jiif),16.0,1,2025-02-01,Loyalty & Rewards Saas,Seed,Gurgaon,2025,2,2025-02-01
Ever Grow Capital,16.0,1,2025-02-01,Loyalty & Rewards Saas,Seed,Gurgaon,2025,2,2025-02-01
Pidilite Ventures,15.77,1,2025-10-01,Retail > Mom & Baby Care,Series B,Maharashtra,2025,10,2025-10-01
The Players Fund,15.77,1,2025-10-01,Enterprise Applications > Customer Software,Seed,Usa,2025,10,2025-10-01
Finsight Seed Fund,15.77,1,2024-12-01,Smb Crm,Pre-Series A,Bangalore,2024,12,2024-12-01
Vidal Healthcare,15.77,1,2018-04-01,Healthcare,Other,Mumbai,2018,4,2018-04-01
Script Capital,15.77,1,2024-12-01,Business Banking,Equity,Bangalore,2024,12,2024-12-01
Eaglewings Venture,15.7,1,2025-03-01,Agritech,Seed,Pune,2025,3,2025-03-01
Rb Investments.,15.22,1,2020-04-01,Food,Unknown,Unknown,2020,4,2020-04-01
Swiggy,15.22,1,2020-04-01,Food,Unknown,Unknown,2020,4,2020-04-01
Innovation Foundation,15.0,1,2025-02-01,D2C Health Foods,Growth,Mumbai,2025,2,2025-02-01
Aunknownnd Mahindra,14.940000000000001,3,2020-06-01,"Technology, Consumer Internet, Blockchain","Seed, Unknown","Gurgaon, Bangalore",2020,6,2020-06-01
Gaurav Bhalotia,14.940000000000001,2,2016-07-01,Consumer Internet,Seed,"Gurgaon, Bangalore",2016,7,2016-07-01
Sque Capital,14.940000000000001,2,2017-06-01,"Consumer Internet, Technology","Seed, Private Equity","Mumbai, Noida",2017,6,2017-06-01
Maciej Zawadzinski,14.94,1,2024-11-01,Enterprise Ai,Pre-Seed,San Francisco,2024,11,2024-11-01
Fluid Ventures And Anicut Capital,14.94,1,2022-05-01,Food,Unknown,Delhi,2022,5,2022-05-01
B Capital Group And Surge,14.94,1,2022-08-01,Healthcare,Series A,Bangalore,2022,8,2022-08-01
Ivycap Ventures And Mayfield Fund,14.94,1,2022-09-01,Agritech,Series A,Bangalore,2022,9,2022-09-01
Marcin Zukowski,14.94,1,2024-11-01,Enterprise Ai,Pre-Seed,San Francisco,2024,11,2024-11-01
Version One Ventures,14.94,1,2015-04-01,Last Minute Travel Deals Mobile,Seed,Bangalore,2015,4,2015-04-01
Nexus Venture Partners And Areunknown Ventures,14.94,1,2015-04-01,Last Minute Travel Deals Mobile,Seed,Bangalore,2015,4,2015-04-01
Market One Capital,14.94,1,2024-11-01,Enterprise Ai,Pre-Seed,San Francisco,2024,11,2024-11-01
Ht Media,14.94,1,2017-12-01,Technology,Private Equity,Delhi,2017,12,2017-12-01
Harish Daiya,14.94,1,2021-05-01,Human Resources,Seed,Bangalore,2021,5,2021-05-01
Be An Angel Network,14.94,1,2022-01-01,Apparel & Fashion,Unknown,Mumbai,2022,1,2022-01-01
Sidbi Venture Capital Fund,14.86,1,2017-03-01,Consumer Internet,Private Equity,Mumbai,2017,3,2017-03-01
Alameda Ventures,14.53,1,2022-01-01,Fintech,Seed,Gurgaon,2022,1,2022-01-01
Gameskraft,14.53,1,2020-06-01,Gaming,Series A,Bangalore,2020,6,2020-06-01
Better Capital Ventures,14.53,1,2022-01-01,Fintech,Seed,Gurgaon,2022,1,2022-01-01
Sateesh Andara,14.53,1,2015-09-01,Food,Private Equity,Delhi,2015,9,2015-09-01
Kstart Capital,14.52,2,2017-10-01,"Logistics, Ecommerce","Private Equity, Seed","Hyderabad, Bangalore",2017,10,2017-10-01
Growth91,14.45,2,2025-06-01,"Customer Support, AI","Seed, Unknown","Delhi, Gurgaon",2025,6,2025-06-01
Archaunknown Priyadarshini,14.440000000000001,3,2022-01-01,"Entertainment, Food, Software","Seed, Pre-Seed, Unknown","Mumbai, Delhi",2022,1,2022-01-01
Angels Including Abhishek Goyal And Rajesh Sawhney,14.28,1,2025-01-01,B2B Raw Materials,Seed,Haryana,2025,1,2025-01-01
Caret Capital,14.12,2,2025-09-01,"Clean, Shipping","Seed, Bridge","Gurgaon, Bangalore",2025,9,2025-09-01
Bijou Kurien,14.110000000000001,2,2015-11-01,"Indian Ethnic Crafts Etailer, Other","Private Equity, Other","Bangalore, Unknown",2015,11,2015-11-01
John Katzman,14.11,1,2015-12-01,Data Science & Ux Design Learning,Seed,Bangalore,2015,12,2015-12-01
We Founder Circle And Ac Ventures,14.11,1,2024-09-01,Adtech,Pre-Seed,Delhi,2024,9,2024-09-01
Hyperplane Venture Capital And Several Angel Investors,14.11,1,2018-06-01,It,Other,Delhi Cambridge,2018,6,2018-06-01
Strive Ventures,14.11,1,2021-03-01,Agritech,Seed,Bangalore,2021,3,2021-03-01
Kartik Hosaunknowngar,14.11,1,2015-12-01,Data Science & Ux Design Learning,Seed,Bangalore,2015,12,2015-12-01
Indian Institute Of Maunknowngement Kashipur And Varun Agrawal,14.11,1,2022-10-01,Food,Pre-Seed,Dehradun,2022,10,2022-10-01
Mukul Singhal,14.11,2,2016-08-01,"Technology, Online Food Ordering & Delivery","Private Equity, Seed",Gurgaon,2016,8,2016-08-01
\\Xc2\\Xa0 Abhishek Jain,14.11,1,2016-07-01,Ecommerce,Seed,Mumbai,2016,7,2016-07-01
Venturesouq,14.11,1,2020-07-01,Fintech,Seed,Mumbai,2020,7,2020-07-01
Founder Bank Capital,14.11,1,2020-05-01,Gaming,Pre-Series A,Delhi,2020,5,2020-05-01
Yashowardhan Shah,14.11,1,2025-02-01,Deeptech Ai & Analytics,Seed,Bangalore,2025,2,2025-02-01
Lead Sports,14.11,1,2020-05-01,Gaming,Pre-Series A,Delhi,2020,5,2020-05-01
Kae Capital And Ishpreet Gandh,14.11,1,2022-11-01,Fintech,Seed,Mumbai,2022,11,2022-11-01
Blue Fog Capital,14.11,1,2015-12-01,Data Science & Ux Design Learning,Seed,Bangalore,2015,12,2015-12-01
Broom Ventures,14.11,1,2021-08-01,Hrtech,Unknown,Mumbai,2021,8,2021-08-01
Allen Blue,14.11,1,2015-12-01,Data Science & Ux Design Learning,Seed,Bangalore,2015,12,2015-12-01
Song Fund,14.11,1,2022-11-01,Fintech,Seed,Bangalore,2022,11,2022-11-01
To Working Professiounknownls And Students,14.11,1,2022-10-01,Ecommerce,Series A,Wilmington,2022,10,2022-10-01
Isthara Offers Sharedunknownliving Accommodations As Well As A Variety Of Facilities,14.11,1,2022-10-01,Ecommerce,Series A,Wilmington,2022,10,2022-10-01
Vm Ventures And Rmz Corp,14.11,1,2022-05-01,Logistics,Unknown,Bangalore,2022,5,2022-05-01
Gradcapital,14.11,1,2024-11-01,Drone Technology,Seed,Mumbai,2024,11,2024-11-01
Maheshwar Peri,13.7,2,2018-04-01,"Edtech, Technology","Other, Private Equity","Hyderabad, Delhi",2018,4,2018-04-01
Youwecan Ventures,13.530000000000001,2,2015-08-01,"Fast Food Franchisee, Edtech","Seed, Private Equity","Gurgaon, Delhi",2015,8,2015-08-01
Boldcap Vc,13.45,1,2024-10-01,Finance Automation And Cash Flow Management,Other,Bangalore,2024,10,2024-10-01
Inuka Capital,13.39,2,2025-08-01,"Advanced Hardware & Technology, Secured Lending",Pre-Seed,"Chandigarh, Bangalore",2025,8,2025-08-01
Matrix Partners Ind,13.3,1,2022-04-01,Information Technology,Unknown,San Francisco,2022,4,2022-04-01
Dheeraj Jain,13.280000000000001,4,2016-09-01,"Consumer Internet, Budget Hotels Aggregator, Qsr & Online Delivery Portal",Seed,"Gurgaon, Mumbai, Delhi",2016,9,2016-09-01
India Angel Network,13.280000000000001,2,2022-01-01,"Food, Information Technology &",Unknown,"Bangalore, Noida",2022,1,2022-01-01
Acpl Exports,13.28,1,2021-02-01,Water Purification,Pre-Series A,Gurgaon,2021,2,2021-02-01
30+ Industry Stalwarts,13.28,1,2025-02-01,Ai Infrastructure,Pre-Seed,Bangalore,2025,2,2025-02-01
Xseed Partners,13.28,1,2020-10-01,Edtech,Other,Chennai,2020,10,2020-10-01
Yournest And Arali Ventures,13.28,1,2024-08-01,Deep,Unspecified Round,Bangalore,2024,8,2024-08-01
Amanpreet Bajaj And Sea Fund,13.28,1,2022-05-01,Logistics,Unknown,Delhi,2022,5,2022-05-01
Kieretsu Forum,13.28,1,2021-11-01,Maritime,Pre-Series A,Chennai,2021,11,2021-11-01
Shell,13.28,1,2021-11-01,Maritime,Pre-Series A,Chennai,2021,11,2021-11-01
Brick Eagle,13.28,1,2015-02-01,Other,Private Equity,Unknown,2015,2,2015-02-01
Arjun Malhotra And Disruptors Capital,13.28,1,2022-09-01,Edtech,Series A,Mumbai,2022,9,2022-09-01
Angellist Quant Fund,13.28,1,2025-02-01,Ai Infrastructure,Pre-Seed,Bangalore,2025,2,2025-02-01
Swadharma Source Ventures,13.28,1,2025-02-01,Ai Infrastructure,Pre-Seed,Bangalore,2025,2,2025-02-01
Snow Leopard Technology Ventures,13.28,1,2015-07-01,F&B Sector Mobile Payment,Private Equity,Mumbai,2015,7,2015-07-01
Fs Investment Maunknowngers,13.28,1,2017-09-01,Technology,Private Equity,Mumbai,2017,9,2017-09-01
Pitcherlabs Ventures,13.28,1,2022-02-01,Marketing & Advertising,Pre-Seed,Bangalore,2022,2,2022-02-01
Omidyar Network.,13.28,1,2017-09-01,Technology,Private Equity,Mumbai,2017,9,2017-09-01
Saka Ventures,13.28,1,2025-02-01,Ai Infrastructure,Pre-Seed,Bangalore,2025,2,2025-02-01
Calcutta Angels,13.28,3,2015-08-01,"Crowd Funding, Interactive Educational Games, Other","Seed, Other","Mumbai, Jaipur, Unknown",2015,8,2015-08-01
Raghav Kapur,13.28,1,2021-05-01,Fintech,Pre-Series A,Noida,2021,5,2021-05-01
Mapmyindia And Rampraveen Swamiunknownthan,13.28,1,2022-09-01,Information Technology,Other,Delhi,2022,9,2022-09-01
Sarath Sura,13.240000000000002,2,2016-07-01,"Logistics, Consumer Internet",Seed,"Mumbai, Hyderabad",2016,7,2016-07-01
100Unicorns,13.16,2,2024-11-01,"Biomaterials, Genai Saas",Pre-Seed,"Delhi, Mumbai",2024,11,2024-11-01
Flipkart Logistics Pvt. Ltd,13.11,1,2016-09-01,Consumer Internet,Private Equity,Bangalore,2016,9,2016-09-01
Nav Capital,13.0,1,2025-01-01,Office Space Management,Equity,Indore,2025,1,2025-01-01
Raman Roy,13.0,1,2025-01-01,Office Space Management,Equity,Indore,2025,1,2025-01-01
Sunil Singhania Family Office,13.0,1,2025-01-01,Office Space Management,Equity,Indore,2025,1,2025-01-01
Wow Momo,13.0,1,2025-06-01,Mens Ethnicwear,Unspecified Round,Kolkata,2025,6,2025-06-01
Group Of Angel Investors,12.97,14,2015-10-01,"Other, Personal Diagnostic Mobile, Online Food Ordering & Delivery","Seed, Other","Unknown, Gurgaon, Mumbai",2015,10,2015-10-01
Ravi Garikipati,12.870000000000001,3,2020-11-01,"Consumer Internet, Technology, Ecommerce",Seed,"Bangalore, Pune",2020,11,2020-11-01
Raay Global Investments,12.7,1,2015-10-01,Microbrewery,Private Equity,Mumbai,2015,10,2015-10-01
Undisclosed Investor,12.66,3,2016-10-01,"Ecommerce, Ecommerce Product Search Engine","Seed, Private Equity","Mumbai, Delhi",2016,10,2016-10-01
Abyro Capital,12.62,1,2025-10-01,Business > Supply,Series A,Telangana,2025,10,2025-10-01
Vibhu Garg,12.450000000000001,2,2016-06-01,Consumer Internet,Seed,Bangalore,2016,6,2016-06-01
Bedrock Ventures,12.450000000000001,2,2015-10-01,"Advertising & Marketing Community Networking, Hotel Booking",Seed,"Delhi, Noida",2015,10,2015-10-01
S Chand,12.450000000000001,2,2021-01-01,"Ecommerce, Edtech","Private Equity, Unknown",Delhi,2021,1,2021-01-01
Kalaari Capital Accelerator Program,12.450000000000001,3,2016-05-01,"Technology, Consumer Internet",Seed,"Singapore, Delhi, Bangalore",2016,5,2016-05-01
Great Oaks Ventures,12.45,1,2017-05-01,Consumer Internet,Private Equity,Mumbai,2017,5,2017-05-01
Tansim (Tamil Nadu Government),12.45,1,2025-01-01,Spacetech,Pre-Seed,Bangalore,2025,1,2025-01-01
Maharashtra Defence,12.45,1,2020-02-01,Deeptech,Pre-Series A,Thane,2020,2,2020-02-01
Ashok Agarwal,12.45,1,2015-11-01,Mobile Based Loan Disbursement,Seed,Mumbai,2015,11,2015-11-01
Momentum 6,12.45,1,2021-10-01,Crypto,Seed,Mumbai,2021,10,2021-10-01
Media Development Investment Fund,12.45,1,2020-02-01,Media,Pre-Series A,Haryana,2020,2,2020-02-01
Growx Ventures.,12.45,1,2015-01-01,Other,Private Equity,Unknown,2015,1,2015-01-01
Madhu Jayakumar,12.45,1,2021-11-01,Retail,Pre-Series A,Delhi,2021,11,2021-11-01
Avana Capital,12.45,1,2020-11-01,Food,Pre-Series A,Indore,2020,11,2020-11-01
Guild Capital And Pareto Capital,12.45,1,2022-05-01,Fitness&Healhcare,Unknown,Mohali,2022,5,2022-05-01
Prakash Padukone,12.45,1,2025-06-01,Sportstech,Unspecified Round,Bangalore,2025,6,2025-06-01
Mohammed Bin Abdul Rehman Al Khalifa,12.45,1,2015-12-01,Last Minute Hotel Booking,Seed,Bangalore,2015,12,2015-12-01
S. Xavier Britto,12.45,1,2017-04-01,Consumer Internet,Seed,Chennai,2017,4,2017-04-01
Angelbay Holdings,12.45,1,2021-04-01,Marketing,Unknown,Gurgaon,2021,4,2021-04-01
Uniqorn Ventures Fund,12.45,1,2016-06-01,Ecommerce,Private Equity,Mumbai,2016,6,2016-06-01
Shima Capital,12.45,1,2021-10-01,Crypto,Seed,Mumbai,2021,10,2021-10-01
Sunil Goyal Ashish Gupta,12.45,1,2016-08-01,Technology,Private Equity,Gurgaon,2016,8,2016-08-01
Dipinder Sandhu,12.45,1,2021-11-01,Retail,Pre-Series A,Delhi,2021,11,2021-11-01
Zone Startups In,12.45,1,2021-01-01,Manufacturing,Seed,Mumbai,2021,1,2021-01-01
\\Xc2\\Xa0 Balamurali Krishunknown,12.45,1,2015-12-01,Last Minute Hotel Booking,Seed,Bangalore,2015,12,2015-12-01
Swati Gupta,12.45,1,2017-12-01,Technology,Private Equity,Delhi,2017,12,2017-12-01
Growth Sense,12.45,1,2025-06-01,AI,Unknown,Gurgaon,2025,6,2025-06-01
Rahul Dewan,12.45,1,2025-07-01,Advanced Hardware & Technology,Unknown,Chennai,2025,7,2025-07-01
\\Xc2\\Xa0 Ralph Berezan,12.45,1,2015-12-01,Last Minute Hotel Booking,Seed,Bangalore,2015,12,2015-12-01
S Somasegar,12.45,1,2016-06-01,Ecommerce,Private Equity,Mumbai,2016,6,2016-06-01
Abhishant Pant,12.45,1,2020-01-01,Hr,Seed,Gurgaon,2020,1,2020-01-01
Shiprocket,12.45,1,2022-02-01,Computer Software,Unknown,Pune,2022,2,2022-02-01
Chiranth Patil,12.45,1,2020-01-01,Hr,Seed,Gurgaon,2020,1,2020-01-01
Akash Prakash,12.45,1,2021-11-01,Retail,Pre-Series A,Delhi,2021,11,2021-11-01
Key Ventures,12.45,1,2024-09-01,Womens Health & Wellness,Seed,Unknown,2024,9,2024-09-01
Boost Vc,12.45,1,2016-09-01,Consumer Internet,Private Equity,Bangalore,2016,9,2016-09-01
Krypital Capital,12.45,1,2021-10-01,Crypto,Seed,Mumbai,2021,10,2021-10-01
Industrial 47,12.45,1,2025-06-01,Advanced Hardware & Technology,Unknown,Gurgaon,2025,6,2025-06-01
Lendenclub Alpha And Unicorn India Ventures,12.45,1,2022-10-01,Information&Technology,Seed,Karnataka,2022,10,2022-10-01
Sandhar Technologies And Sunil Kamath,12.45,1,2022-12-01,Ecommerce,Seed,Gurgaon,2022,12,2022-12-01
Rajiv Mody,12.45,1,2015-03-01,Other,Private Equity,Unknown,2015,3,2015-03-01
Keiretsu Forum And Ah! Ventures,12.45,1,2022-05-01,Organic Food,Unknown,Chennai,2022,5,2022-05-01
Ps1 Venture And Globallogic Counknownfounder Rajul Garg,12.45,1,2019-11-01,Edtech,Seed,Gurgaon,2019,11,2019-11-01
Let'S Venture Angel Fund,12.45,1,2022-03-01,Computer Hardware,Unknown,Thane,2022,3,2022-03-01
Rebalance,12.45,1,2025-06-01,AI,Unknown,Gurgaon,2025,6,2025-06-01
Sanjay Singh,12.45,1,2017-12-01,Technology,Private Equity,Delhi,2017,12,2017-12-01
Sanjay Suri,12.45,1,2025-06-01,AI,Unknown,Gurgaon,2025,6,2025-06-01
Bank To The Future And Funders Club,12.45,1,2016-09-01,Consumer Internet,Private Equity,Bangalore,2016,9,2016-09-01
Sequoia Capita,12.45,1,2020-01-01,SaaS,Seed,Delhi,2020,1,2020-01-01
Pankaj Pandey And Gurpreet Singh,12.45,1,2022-05-01,Healthcare,Unknown,Lucknow,2022,5,2022-05-01
Existing Angel Investors,12.45,1,2024-09-01,Fashion,Pre-Series A,Chandigarh,2024,9,2024-09-01
Tolaram Inc,12.45,1,2017-04-01,Consumer Internet,Private Equity,Gurgaon,2017,4,2017-04-01
Touchstone Equities,12.45,1,2018-01-01,Healthcare,Private Equity,Hyderabad,2018,1,2018-01-01
Purnima Khandelwal,12.45,1,2017-12-01,Technology,Private Equity,Delhi,2017,12,2017-12-01
Sarcha Advisors,12.45,1,2024-09-01,Womens Health & Wellness,Seed,Unknown,2024,9,2024-09-01
Sol Primero,12.45,5,2016-03-01,"Other, Consumer Internet, Real Estate Broker","Seed, Other","Bangalore, Unknown, Delhi",2016,3,2016-03-01
Himanshu Aggrawal,12.45,1,2016-08-01,Technology,Private Equity,Gurgaon,2016,8,2016-08-01
Kalaari Capital.,12.45,1,2022-09-01,Information Technology,Seed,Delhi,2022,9,2022-09-01
Bvr Mohan Reddy,12.45,1,2018-01-01,Healthcare,Private Equity,Hyderabad,2018,1,2018-01-01
Vissal Mathew,12.45,1,2015-12-01,Last Minute Hotel Booking,Seed,Bangalore,2015,12,2015-12-01
Basics Capital,12.45,1,2021-10-01,Crypto,Seed,Mumbai,2021,10,2021-10-01
Hni Investors,12.45,1,2020-01-01,Edtech,Unknown,Surat,2020,1,2020-01-01
Aerospace Venture Fund (Mdavf),12.45,1,2020-02-01,Deeptech,Pre-Series A,Thane,2020,2,2020-02-01
Exfinity Fund,12.45,1,2015-01-01,Other,Private Equity,Unknown,2015,1,2015-01-01
Shagun Khandelwal,12.45,1,2021-11-01,Retail,Pre-Series A,Delhi,2021,11,2021-11-01
Omidyar Network And Accion Venture Labs,12.45,1,2018-05-01,Consumer Internet,Other,Gurgaon,2018,5,2018-05-01
Zee Prime Capital,12.45,1,2021-01-01,Blockchain,Seed,Delhi,2021,1,2021-01-01
Startuplanes And Ah! Ventures,12.45,1,2022-09-01,Edtech,Unknown,Mumbai,2022,9,2022-09-01
Mayur Abhaya,12.45,1,2017-09-01,Consumer Internet,Private Equity,Bangalore,2017,9,2017-09-01
Cholamandalam,12.45,1,2021-09-01,Fintech,Seed,Delhi,2021,9,2021-09-01
Kuunknownl Sarkar,12.45,1,2021-09-01,Management Consulting,Pre-Seed,Gurgaon,2021,9,2021-09-01
122 West Ventures,12.45,1,2017-05-01,Consumer Internet,Private Equity,Mumbai,2017,5,2017-05-01
Bhuvan Bam,12.45,1,2022-01-01,Ecommerce,Seed,Delhi,2022,1,2022-01-01
Biunknownnce Labs,12.45,1,2021-01-01,Blockchain,Seed,Delhi,2021,1,2021-01-01
Jito Angel Network.,12.45,1,2020-11-01,Digital Media,Seed,Gujarat,2020,11,2020-11-01
Mountain Pine Capital,12.45,1,2017-04-01,Consumer Internet,Private Equity,Gurgaon,2017,4,2017-04-01
Ajai Chowdhary,12.45,1,2015-03-01,Other,Private Equity,Unknown,2015,3,2015-03-01
Dexter Ventures,12.45,1,2025-06-01,Advanced Hardware & Technology,Unknown,Gurgaon,2025,6,2025-06-01
Nikhil Vora,12.45,1,2015-12-01,Last Minute Hotel Booking,Seed,Bangalore,2015,12,2015-12-01
Invstt,12.45,1,2025-02-01,Spacetech Sar Satellite Imaging,Seed,Kolkata,2025,2,2025-02-01
Venkat Vardhan,12.45,1,2015-12-01,Last Minute Hotel Booking,Seed,Bangalore,2015,12,2015-12-01
Pearson Learning Fund,12.45,1,2015-04-01,Private Coaching Centers,Private Equity,Delhi,2015,4,2015-04-01
Crescent Ventures And Dotzero Ventures,12.45,1,2022-11-01,Proffesional,Seed,Karachi,2022,11,2022-11-01
Lashit Sanghvi,12.45,1,2015-12-01,Last Minute Hotel Booking,Seed,Bangalore,2015,12,2015-12-01
Sameer Koticha,12.45,1,2015-06-01,Wealth Management,Private Equity,Mumbai,2015,6,2015-06-01
Rohit Jain,12.45,1,2016-08-01,Technology,Private Equity,Gurgaon,2016,8,2016-08-01
Mumbai Angel,12.45,1,2017-12-01,Ecommerce,Private Equity,Delhi,2017,12,2017-12-01
Rohit Ma,12.45,1,2017-09-01,Consumer Internet,Private Equity,Bangalore,2017,9,2017-09-01
Ajeet Khuraunknown,12.41,3,2024-10-01,"Subscription Based Online Grocery, Custom Furniture, Nocode Builder",Seed,"Pune, Mumbai",2024,10,2024-10-01
Sujeet Kumar,12.41,3,2025-02-01,"Consumer Internet, Pickleball Sports","Seed, Pre-Seed","Bangalore, Gurgaon",2025,2,2025-02-01
Jito Incubation And Innovation Foundation (Jiif),12.3,2,2024-11-01,"3D Geospatial, Logistics",Pre-Series A,"Kolkata, Mumbai",2024,11,2024-11-01
Seed,12.3,1,2022-04-01,Arjun Zacharia,Unknown,Eximpe Is Managing Sellers,2022,4,2022-04-01
Windrose Capital,12.290000000000001,3,2020-10-01,"Healthcare, Ai Robotics, Mutual Funds","Pre-Series A, Seed, Unknown","Mumbai, Unknown, Noida",2020,10,2020-10-01
Momagic Technologies,12.24,2,2016-05-01,"Edtech, Consumer Internet","Private Equity, Seed","Lucknow, Delhi",2016,5,2016-05-01
Vikram Chachra,12.21,4,2015-12-01,"Smart Safety Wearable Devices, International Hiring, Multilingual Test Preparation","Seed, Private Equity","Delhi, Mumbai, Gurgaon",2015,12,2015-12-01
\\Xc2\\Xa0 Puneet Dalmia,12.04,1,2015-11-01,Twowheeler Taxi,Seed,Gurgaon,2015,11,2015-11-01
Harsh Vardhan Bhagchandka,12.04,1,2024-12-01,Climate,Initial Funding,Bangalore,2024,12,2024-12-01
Vaibhav Hegde,12.04,1,2024-08-01,Biotechnology,Seed,Bangalore,2024,8,2024-08-01
Shilpa Shetty Kundra,12.04,1,2024-12-01,Climate,Initial Funding,Bangalore,2024,12,2024-12-01
Vinit Bhansali,12.04,1,2024-12-01,Climate,Initial Funding,Bangalore,2024,12,2024-12-01
Irani Family Office,12.04,1,2024-08-01,Biotechnology,Seed,Bangalore,2024,8,2024-08-01
Oliphans Capital,12.030000000000001,2,2015-09-01,"B2B Mobile Auction, Food Logistics & Delivery",Seed,Mumbai,2015,9,2015-09-01
Karani Securities,12.030000000000001,2,2017-02-01,"Consumer Internet, Online Fashion Video Portal","Seed, Private Equity",Mumbai,2017,2,2017-02-01
Batlivala,12.030000000000001,2,2017-02-01,"Consumer Internet, Online Fashion Video Portal","Seed, Private Equity",Mumbai,2017,2,2017-02-01
Amit Ranjan,11.790000000000001,4,2015-10-01,"Ondemand Healthcare, Ecommerce, Job Search",Seed,"Mumbai, Noida, Bangalore",2015,10,2015-10-01
Sequoia Capital India And Lupa Systems,11.7,1,2022-04-01,Edtech,Series B,Gurgaon,2022,4,2022-04-01
Li And Fung,11.7,1,2020-04-01,Ecommerce,Unknown,Bangalore,2020,4,2020-04-01
Dr Kriti Maroli,11.65,1,2020-01-01,Healthcare,Pre-Series A,Delhi,2020,1,2020-01-01
Petrotech,11.65,1,2020-01-01,Healthcare,Pre-Series A,Delhi,2020,1,2020-01-01
Real Time Venture,11.65,1,2020-01-01,Healthcare,Pre-Series A,Delhi,2020,1,2020-01-01
Steel City Securities,11.65,1,2020-01-01,Healthcare,Pre-Series A,Delhi,2020,1,2020-01-01
Lalit Wadhwa,11.65,1,2020-01-01,Healthcare,Pre-Series A,Delhi,2020,1,2020-01-01
Shinhan Capital,11.62,1,2020-01-01,Publication,Seed,Seoul,2020,1,2020-01-01
Zluri Founders,11.62,1,2024-11-01,SaaS,Seed,Chennai,2024,11,2024-11-01
Yellow.Ai Founders,11.62,1,2024-11-01,SaaS,Seed,Chennai,2024,11,2024-11-01
Kakao Ventures,11.62,1,2020-01-01,Publication,Seed,Seoul,2020,1,2020-01-01
Venture Catalysts And 9Unicorns Accelerator Fund,11.62,1,2022-06-01,Other,Seed,Delhi,2022,6,2022-06-01
\\Xc2\\Xa0 Phanindra Sama,11.62,1,2016-01-01,Ecommerce,Private Equity,Delhi,2016,1,2016-01-01
Sanchiconnect,11.62,1,2024-11-01,Data Security,Unspecified Round,Hyderabad,2024,11,2024-11-01
Alkemi Ventures,11.62,1,2025-06-01,Enterprise,Pre-Series A,Gurgaon,2025,6,2025-06-01
Unilazer Fund,11.62,1,2016-01-01,Ecommerce,Private Equity,Delhi,2016,1,2016-01-01
Multipoint Capital,11.62,1,2017-10-01,Technology,Private Equity,Gurgaon,2017,10,2017-10-01
Undisclosed Hnis,11.62,1,2016-12-01,Ecommerce,Private Equity,Bangalore,2016,12,2016-12-01
Kaplan Foundation,11.62,1,2020-08-01,Biomaterial,Pre-Series A,Kanpur,2020,8,2020-08-01
Quess Corp India,11.62,1,2021-01-01,B2B,Unknown,Bangalore,2021,1,2021-01-01
Lakshmi Vilas Bank,11.62,1,2016-12-01,Ecommerce,Private Equity,Bangalore,2016,12,2016-12-01
Vy Capital And Others,11.62,1,2018-02-01,It,Other,Bangalore,2018,2,2018-02-01
Angel Investor,11.5,1,2024-08-01,Hospitality,IPO,Mumbai,2024,8,2024-08-01
Highunknownnetunknownworth Individuals (Hnis) And Astir Ventures,11.5,1,2025-04-01,Edtech,Seed,Hyderabad,2025,4,2025-04-01
Brigade Reap,11.41,2,2024-12-01,"Building Materials, Fintech",Seed,"Delhi, Bangalore",2024,12,2024-12-01
N+1 Capital,11.3,2,2022-01-01,"Logistics, Electrical & Electronic Manufacturing",Unknown,"Delhi, Hyderabad",2022,1,2022-01-01
Aman Gupta,11.3,2,2025-02-01,"Hospital & Health Care, D2C Reusable Period Panties","Unknown, Pre-Series A","Mumbai, Bangalore",2025,2,2025-02-01
Uday Kotak,11.21,1,2016-09-01,Ecommerce,Private Equity,Chennai,2016,9,2016-09-01
Mediassist,11.21,1,2017-11-01,Healthcare,Other,Goa,2017,11,2017-11-01
Infiunknown Fiunknownnce Pvt. Ltd,11.21,1,2016-09-01,Ecommerce,Private Equity,Chennai,2016,9,2016-09-01
Deepak Abbot,11.120000000000001,2,2021-01-01,"Other, Edtech","Pre-Seed, Unknown","Gurgaon, Delhi",2021,1,2021-01-01
Black Soil,11.01,1,2020-06-01,Logitech,Unknown,Bangalore,2020,6,2020-06-01
Panthera Peak Capital,11.0,1,2025-01-01,Gaming Console,Other,Bangalore,2025,1,2025-01-01
Dubaiunknownbased Family Office,11.0,1,2024-09-01,Fmcg D2C,Pre-Series A,Mumbai,2024,9,2024-09-01
Ubs Optimus Foundation,11.0,1,2024-08-01,Healthcare,Series A,Udaipur,2024,8,2024-08-01
Infinyte Club,11.0,1,2025-04-01,Visual Telematics,Seed,Bangalore,2025,4,2025-04-01
Ministry Of Electronics And It (Meity),11.0,1,2025-04-01,Visual Telematics,Seed,Bangalore,2025,4,2025-04-01
Smile Group,10.870000000000001,2,2020-06-01,"Logistics, Agritech","Seed, Unknown","Mumbai, Delhi",2020,6,2020-06-01
Shuchin Bajaj,10.790000000000001,2,2021-09-01,"Consumer Internet, Hospital & Health Care","Seed, Unknown","Delhi, Noida",2021,9,2021-09-01
Ajay Relan,10.790000000000001,2,2017-05-01,"Food, Edtech",Seed,Delhi,2017,5,2017-05-01
Supermorpheus,10.79,2,2022-03-01,"Fintech, Wine & Spirits","Pre-Seed, Pre-Series A","Bangalore, Delhi",2022,3,2022-03-01
Cxxo,10.79,1,2022-02-01,Apparel & Fashion,Seed,Mumbai,2022,2,2022-02-01
Abhishek Pandey And Jai Kumar,10.79,1,2022-07-01,Supply Management,Seed,Chennai,2022,7,2022-07-01
Ankush Nijhawan,10.79,1,2015-08-01,Logistics,Seed,Bangalore,2015,8,2015-08-01
Udit Goyal,10.79,1,2020-01-01,Fintech,Unknown,Hyderabad,2020,1,2020-01-01
Scott Banister,10.79,1,2016-04-01,Consumer Internet,Private Equity,Bangalore,2016,4,2016-04-01
Max Levchin,10.79,1,2016-04-01,Consumer Internet,Private Equity,Bangalore,2016,4,2016-04-01
Jasminder Singh Gulati,10.79,1,2020-08-01,Media,Seed,Bangalore,2020,8,2020-08-01
Manish Dhingra,10.79,1,2015-08-01,Logistics,Seed,Bangalore,2015,8,2015-08-01
Yournest Venture Capital And Other Angel Investors,10.79,1,2018-05-01,Consumer Internet,Other,Hyderabad,2018,5,2018-05-01
India Alterunknowntives Private Equity Fund,10.79,1,2020-01-01,Healthcare,Debt,Usa,2020,1,2020-01-01
Quantico Group Usa,10.79,1,2022-02-01,B2B,Seed,Hyderabad,2022,2,2022-02-01
Equirus Wealth,10.79,1,2025-10-01,Enterprise Applications > Marketingtech,Seed,Karnataka,2025,10,2025-10-01
Keiretsu Forum And Favcy’S 1Stcheque Angel Network,10.79,1,2025-05-01,Agritech,Other,Gurgaon,2025,5,2025-05-01
Hourglass Venture Partners,10.79,1,2022-01-01,Computer Software,Seed,Chennai,2022,1,2022-01-01
Superb Capital And M Venture Partners (Mvp,10.79,1,2022-08-01,Fashion,Seed,Delhi,2022,8,2022-08-01
Lightspeed Venture Partners And Eight Roads Ventures,10.79,1,2022-09-01,Edtech,Series A,Hyderabad,2022,9,2022-09-01
Dr. Moti Vyas,10.79,1,2020-01-01,Fintech,Unknown,Hyderabad,2020,1,2020-01-01
Traxcn Labs,10.79,1,2015-07-01,Hyperlocal Food & Grocery Store,Seed,Bangalore,2015,7,2015-07-01
Gaurav Bhatunknowngar,10.79,1,2015-08-01,Logistics,Seed,Bangalore,2015,8,2015-08-01
Weh Ventures And Sprout Ventures,10.38,1,2018-07-01,Consumer Internet,Other,Bangalore,2018,7,2018-07-01
Rakesh Mathur,10.38,2,2016-04-01,"Ecommerce, Auto Rickshaw Based Logistics",Seed,"Mumbai, Chandigarh",2016,4,2016-04-01
First Cheque,10.370000000000001,4,2021-08-01,"Ai Health, Wine & Spirits, Edtech","Unknown, Pre-Seed","Gurgaon, Bangalore",2021,8,2021-08-01
Menterra Social Impact Fund,10.29,2,2017-01-01,Consumer Internet,"Private Equity, Seed","Bangalore, Vadodara",2017,1,2017-01-01
Quadrant,10.0,1,2024-12-01,D2C Gummies,Bridge,Delhi,2024,12,2024-12-01
Sachin Parikh,10.0,1,2025-01-01,Teen Selfcare,Seed,Mumbai,2025,1,2025-01-01
Nikhil Mehra,10.0,1,2025-01-01,Teen Selfcare,Seed,Mumbai,2025,1,2025-01-01
Bhukhanvala Holdings,10.0,1,2024-09-01,Cleantech,Pre-Series A,Mumbai,2024,9,2024-09-01
Wipro Consumer,10.0,1,2024-12-01,D2C Gummies,Bridge,Delhi,2024,12,2024-12-01
3I Partners,10.0,1,2024-09-01,Cleantech,Pre-Series A,Mumbai,2024,9,2024-09-01
Dsgcp,10.0,1,2024-12-01,D2C Gummies,Bridge,Delhi,2024,12,2024-12-01
Nihir Parikh,10.0,1,2025-01-01,Teen Selfcare,Seed,Mumbai,2025,1,2025-01-01
Shantanu,10.0,1,2025-01-01,Teen Selfcare,Seed,Mumbai,2025,1,2025-01-01
100Unicorn,10.0,1,2024-12-01,D2C Gummies,Bridge,Delhi,2024,12,2024-12-01
Family Offices And Highunknownnetunknownworth Individuals (Hnis),10.0,1,2025-04-01,Biofortified Food,Seed,Lucknow,2025,4,2025-04-01
Excel Industries,10.0,1,2024-09-01,Cleantech,Pre-Series A,Mumbai,2024,9,2024-09-01
India Quotient.,9.96,1,2015-02-01,Other,Other,Unknown,2015,2,2015-02-01
Aunknownnd Rajaraman,9.96,1,2016-04-01,Consumer Internet,Private Equity,Bangalore,2016,4,2016-04-01
Y Combiunknowntor﻿,9.96,1,2021-12-01,Real Estate,Unknown,Mumbai,2021,12,2021-12-01
Iseedvc,9.96,1,2024-08-01,B2B Healthcare Financing,Seed,Delhi,2024,8,2024-08-01
Marwah Group Family Office,9.96,1,2025-01-01,Parking Management,Unspecified Round,Noida,2025,1,2025-01-01
Cactus Partners (Cpl),9.96,1,2024-11-01,Road Transport,Pre-Series A,Uttar Pradesh,2024,11,2024-11-01
Ashutosh Valani And Lotus Herbals,9.96,1,2022-06-01,Retail,Seed,Gurgaon,2022,6,2022-06-01
Narayan Ramachandran,9.96,1,2015-11-01,Indian Ethnic Crafts Etailer,Private Equity,Bangalore,2015,11,2015-11-01
Venky Hariunknownrayan,9.96,1,2016-04-01,Consumer Internet,Private Equity,Bangalore,2016,4,2016-04-01
Cp Ventures,9.96,1,2020-11-01,Ecommerce,Pre-Series A,Bangalore,2020,11,2020-11-01
Ecosystem Ventures,9.96,1,2021-08-01,Logistics,Unknown,Bangalore,2021,8,2021-08-01
Everywhere Ventures,9.96,1,2024-09-01,AI,Pre-Seed,Bangalore,2024,9,2024-09-01
Entrepreneurs,9.96,1,2020-07-01,Data Intelligence,Seed,Gurgaon,2020,7,2020-07-01
Aamir Khan,9.96,1,2017-12-01,Technology,Debt,Bangalore,2017,12,2017-12-01
Abhishek Gupta,9.96,1,2015-07-01,Innovative Water,Private Equity,Gurgaon,2015,7,2015-07-01
Rainmatter Capital Pvt Ltd,9.96,1,2020-07-01,Data Intelligence,Seed,Gurgaon,2020,7,2020-07-01
Boon Hwee Koh And Dr. Cornelius Boersch,9.96,1,2022-07-01,Agritech,Seed,Bangalore,2022,7,2022-07-01
Institutiounknownl And Angel Investors,9.96,1,2024-12-01,Fintech,Seed,Bangalore,2024,12,2024-12-01
Entrepreneur First,9.96,1,2021-04-01,AI,Pre-Series A,Bangalore,2021,4,2021-04-01
Entrepreneur First (Ef),9.96,1,2021-07-01,Information Technology,Seed,Bangalore,2021,7,2021-07-01
Ravi Iyer,9.96,1,2025-04-01,Juice,Seed,Bangalore,2025,4,2025-04-01
Dexter Venture,9.96,1,2025-02-01,Intelligent Document Processing Saas Ai,Seed,Bangalore,2025,2,2025-02-01
Unilazer,9.96,1,2015-12-01,Virtual Health Consultation,Private Equity,Mumbai,2015,12,2015-12-01
Foliflex Cables,9.96,1,2025-09-01,AI,Seed,Gurgaon,2025,9,2025-09-01
Zeca Ventures,9.96,1,2025-01-01,Climate Fashion,Seed,Bangalore,2025,1,2025-01-01
S Chand And Co Pvt Ltd,9.96,2,2016-03-01,"Consumer Internet, Virtual Reality Activity Based Learning","Private Equity, Seed","Bangalore, Delhi",2016,3,2016-03-01
﻿Goodwater Capital,9.96,1,2021-12-01,Real Estate,Unknown,Mumbai,2021,12,2021-12-01
Angellist India Syndicate,9.96,1,2025-02-01,Alcoholic Beverage D2C,Pre-Series A,Delhi,2025,2,2025-02-01
. Better Capital And Beenext,9.96,1,2022-08-01,Fintech,Seed,Bangalore,2022,8,2022-08-01
Angel Investors From Entertainment,9.96,1,2025-02-01,Gaming Game Development,Pre-Seed,Mumbai,2025,2,2025-02-01
Paula Ravindra Mariwala,9.96,1,2016-06-01,Consumer Internet,Seed,Bangalore,2016,6,2016-06-01
Cmm Group,9.96,1,2021-08-01,Logistics,Unknown,Bangalore,2021,8,2021-08-01
Subba Rao Telidevara,9.96,1,2016-06-01,Consumer Internet,Seed,Bangalore,2016,6,2016-06-01
Arpan Sheth,9.96,1,2025-04-01,Juice,Seed,Bangalore,2025,4,2025-04-01
Kiran Mazumdarunknownshaw,9.96,1,2016-10-01,Technology,Private Equity,Mumbai,2016,10,2016-10-01
Grace Capital Ventures,9.96,1,2016-12-01,Technology,Private Equity,Noida,2016,12,2016-12-01
Mgf Kavachh,9.96,1,2025-08-01,Advanced Hardware & Technology,Pre-Series A,Hyderabad,2025,8,2025-08-01
Aprameya Radhakrishunknownn,9.96,1,2016-06-01,Consumer Internet,Seed,Bangalore,2016,6,2016-06-01
Japanese Investors,9.96,1,2025-02-01,Alcoholic Beverage D2C,Pre-Series A,Delhi,2025,2,2025-02-01
Jani Ventures Inc,9.96,1,2021-09-01,Professional Training & Coaching,Unknown,Mumbai,2021,9,2021-09-01
Gaming Community,9.96,1,2025-02-01,Gaming Game Development,Pre-Seed,Mumbai,2025,2,2025-02-01
Sweet Nectar Investments (Warburg Pincus),9.96,1,2024-09-01,SaaS,Other,Unknown,2024,9,2024-09-01
Soham Vencaps,9.96,1,2016-12-01,Technology,Private Equity,Noida,2016,12,2016-12-01
Prakash Sikaria,9.96,1,2025-04-01,Juice,Seed,Bangalore,2025,4,2025-04-01
Lightspeed India Partners And Anicut Capital,9.96,1,2022-07-01,Warehousing,Series A,Chennai,2022,7,2022-07-01
Cedar Ibsi Capital,9.96,1,2025-02-01,Intelligent Document Processing Saas Ai,Seed,Bangalore,2025,2,2025-02-01
Angel List India,9.96,1,2024-08-01,B2B Healthcare Financing,Seed,Delhi,2024,8,2024-08-01
Congniphy Us,9.96,1,2025-02-01,Intelligent Document Processing Saas Ai,Seed,Bangalore,2025,2,2025-02-01
Aevitas Capital,9.82,2,2025-05-01,"Legal Consultation, Privacy Compliance","Unspecified Round, Pre-Seed","Gurgaon, Noida",2025,5,2025-05-01
Astarc Ventures,9.790000000000001,2,2015-11-01,"Virtual Reality Headset Creator, Online Home Dxc3Xa9Cor","Seed, Private Equity","Bangalore, Hyderabad",2015,11,2015-11-01
Sachin Bhatia,9.55,2,2016-08-01,"Food, Online City & Lifestyle Guide",Seed,"Mumbai, Delhi",2016,8,2016-08-01
Expert Dojo,9.55,2,2021-04-01,"Food, Celebrity Engagement","Pre-Seed, Seed","Delhi, Gurgaon",2021,4,2021-04-01
Venk Krishunknown,9.54,1,2015-09-01,Online Health & Wellness,Private Equity,Bangalore,2015,9,2015-09-01
Subrata Mitra,9.54,1,2015-09-01,Online Health & Wellness,Private Equity,Bangalore,2015,9,2015-09-01
Larry Braitman,9.54,1,2015-09-01,Online Health & Wellness,Private Equity,Bangalore,2015,9,2015-09-01
Vishal Khare,9.2,3,2016-05-01,"Consumer Internet, Logistics, Mobile Compression Software",Seed,"Mumbai, Bangalore",2016,5,2016-05-01
Nishant Verman,9.13,1,2025-02-01,Fintech,Pre-Seed,Bangalore,2025,2,2025-02-01
Pravega Ventures And Beenext,9.13,1,2018-04-01,Technology,Other,Bangalore,2018,4,2018-04-01
Kairos,9.13,1,2018-07-01,Consumer Internet,Other,Bangalore,2018,7,2018-07-01
Eden Ventures,9.13,1,2020-07-01,Construction,Unknown,Hyderebad,2020,7,2020-07-01
Sriunknownth Ramakkrushunknownn,9.13,1,2022-03-01,Transportation/Trucking/Railroad,Pre-Series A,Bangalore,2022,3,2022-03-01
Shorooq Investments,9.13,1,2018-06-01,Consumer Internet,Other,Bangalore,2018,6,2018-06-01
Arthavida Ventures,9.13,1,2018-07-01,It,Other,Bangalore,2018,7,2018-07-01
Ml Tondon And Sons Huf And Blume Ventures,9.13,1,2024-10-01,Sports Academies,Seed,Bangalore,2024,10,2024-10-01
Insignia Ventures Partners,9.13,1,2018-07-01,Consumer Internet,Other,Bangalore,2018,7,2018-07-01
Gunderson Dettmer,9.13,1,2020-01-01,SaaS,Seed,Seattle,2020,1,2020-01-01
Pointone Capital And Leo Capital,9.13,1,2022-07-01,Software,Pre-Seed,Sanfrancisco,2022,7,2022-07-01
Birac,9.13,1,2020-02-01,Hygiene,Pre-Series A,Delhi,2020,2,2020-02-01
Digital Fiunknownnce Interunknowntiounknownl,9.13,1,2022-03-01,Fintech,Series B,Gurgaon,2022,3,2022-03-01
Idfcunknownparampara Capital,9.13,1,2018-07-01,It,Other,Bangalore,2018,7,2018-07-01
Lightbridge Partners,9.13,1,2018-07-01,Consumer Internet,Other,Bangalore,2018,7,2018-07-01
Raymond Russell,9.13,1,2025-02-01,Fintech,Pre-Seed,Bangalore,2025,2,2025-02-01
Bharat Innovation,9.13,1,2018-07-01,It,Other,Bangalore,2018,7,2018-07-01
Elixir Pharma,9.13,1,2020-02-01,Hygiene,Pre-Series A,Delhi,2020,2,2020-02-01
100X.Vc,9.13,2,2025-02-01,"SaaS, Gaming Commerce",Seed,"Mumbai, Gurgaon",2025,2,2025-02-01
Tarun Tahilian,9.13,1,2022-02-01,Luxury Goods & Jewelry,Seed,Gurgaon,2022,2,2022-02-01
Orios Venture Partners And Ajat Hukkoo,9.13,1,2022-10-01,AI,Seed,Mumbai,2022,10,2022-10-01
Preethi Kasireddy,9.13,1,2025-02-01,Fintech,Pre-Seed,Bangalore,2025,2,2025-02-01
Startupunknowno,9.13,1,2020-07-01,Construction,Unknown,Hyderebad,2020,7,2020-07-01
Sorenson Impact,9.13,1,2020-03-01,B2B,Unknown,Uttar Pradesh,2020,3,2020-03-01
Better Capital And Cp Gurunknownni,9.13,1,2022-05-01,Information Technology,Unknown,Dover,2022,5,2022-05-01
Seafund And Artha Venture Fund,9.13,1,2025-04-01,AI,Pre-Series A,Bangalore,2025,4,2025-04-01
Curesense Therapeutics,9.13,1,2021-09-01,Fintech,Pre-Seed,Pune,2021,9,2021-09-01
Eagle10 Ventures,9.129999999999999,2,2022-03-01,"Media, Wine & Spirits",Pre-Series A,"Gurgaon, Delhi",2022,3,2022-03-01
Mission Holdings,8.96,1,2020-01-01,Fintech,Seed,Singapore,2020,1,2020-01-01
Steelhead Ventures,8.88,1,2016-07-01,Technology,Private Equity,Pune,2016,7,2016-07-01
Karthik Bhat,8.88,2,2022-02-01,"Textiles, Furniture","Seed, Pre-Series A","Mumbai, Bangalore",2022,2,2022-02-01
Plug And Play Tech Center,8.88,1,2016-07-01,Technology,Private Equity,Pune,2016,7,2016-07-01
Mj Aravinf,8.84,1,2020-08-01,Technology,Pre-Series A,Bangalore,2020,8,2020-08-01
Ranjan Biswas,8.84,1,2020-08-01,Technology,Pre-Series A,Bangalore,2020,8,2020-08-01
Ravi Viswaunknownth,8.84,1,2020-08-01,Technology,Pre-Series A,Bangalore,2020,8,2020-08-01
Ramesh Radhakrishunknownn,8.84,1,2020-08-01,Technology,Pre-Series A,Bangalore,2020,8,2020-08-01
Bhaskar Pramanik,8.84,1,2020-08-01,Technology,Pre-Series A,Bangalore,2020,8,2020-08-01
Mj Aniketh.,8.84,1,2020-08-01,Technology,Pre-Series A,Bangalore,2020,8,2020-08-01
Malpani Ventures,8.8,2,2025-03-01,"Technology, Speech Therapy","Seed, Pre-Seed","Mumbai, Pune",2025,3,2025-03-01
Cross Border Angels,8.719999999999999,2,2015-05-01,"Robotic Program Learning, Other","Seed, Other","Hyderabad, Unknown",2015,5,2015-05-01
Hataunknownka Yosuke,8.71,1,2020-01-01,Insurance,Pre-Series A,Mumbai,2020,1,2020-01-01
Minomiya Takeo,8.71,1,2020-01-01,Insurance,Pre-Series A,Mumbai,2020,1,2020-01-01
Defence Innovation Organisation,8.71,1,2020-01-01,Deep,Series A,Chennai,2020,1,2020-01-01
Uniqorn Ventures,8.709999999999999,2,2015-10-01,"Exclusive For Doctors & Healthcare Professionals, Fashion Discovery",Seed,"Pune, Delhi",2015,10,2015-10-01
S Gopal,8.63,1,2018-02-01,Technology,Private Equity,Chennai,2018,2,2018-02-01
Memg Family Office,8.63,1,2018-02-01,Technology,Private Equity,Chennai,2018,2,2018-02-01
Amit Patni,8.620000000000001,2,2017-11-01,"Technology, Edtech","Other, Private Equity","Mumbai, Delhi",2017,11,2017-11-01
Innovito Ventures,8.5,1,2025-05-01,Insurance,Strategic Investment,Noida,2025,5,2025-05-01
Ontario Centres Of Excellence,8.47,1,2020-01-01,Car,Unknown,Bangalore,2020,1,2020-01-01
4Point0 Health Ventures,8.4,1,2025-05-01,Medtech,Pre-Seed,Delhi,2025,5,2025-05-01
Wami Capital,8.3,1,2022-01-01,Mobile Games,Seed,Bangalore,2022,1,2022-01-01
Angel Investors From Goldman Sachs,8.3,1,2025-02-01,Food,Unspecified Round,Pune,2025,2,2025-02-01
Equanimity Venture Fund,8.3,1,2018-06-01,Fintech,Other,Gurgaon,2018,6,2018-06-01
Rpunknownsanjiv Goenka Group,8.3,1,2021-01-01,Food,Unknown,Pune,2021,1,2021-01-01
Dig Investment Ab,8.3,1,2019-07-01,Transport,Series J,Kormangala,2019,7,2019-07-01
Satish Grampurohit,8.3,1,2021-01-01,Vehicle Repair,Seed,Bangalore,2021,1,2021-01-01
Deepak Jain,8.3,1,2022-01-01,Software,Unknown,Delhi,2022,1,2022-01-01
Vipin Agarwal And Others.,8.3,1,2018-03-01,Consumer Internet,Other,Delhi,2018,3,2018-03-01
Vriddhi Fund,8.3,1,2015-07-01,Organic Food Ecommerce,Private Equity,Delhi,2015,7,2015-07-01
Entrepreneurs India,8.3,2,2016-03-01,"Technology, Digital Analytics",Seed,"Noida, Delhi",2016,3,2016-03-01
Endurance Capital,8.3,1,2025-01-01,Coffee & Dining,Pre-Series A,Noida,2025,1,2025-01-01
9 Unicorns Fund,8.3,1,2020-05-01,AI,Pre-Series A,Mumbai,2020,5,2020-05-01
Initia Holdings,8.3,1,2018-03-01,Consumer Internet,Other,Delhi,2018,3,2018-03-01
Rpg Enterprises,8.3,1,2017-09-01,Ecommerce,Private Equity,Pune,2017,9,2017-09-01
Angel Investors (Ankit Bhati,8.3,1,2024-10-01,Nocode Builder,Seed,Pune,2024,10,2024-10-01
Dheeraj Pandey,8.3,1,2017-05-01,Consumer Internet,Seed,Bangalore,2017,5,2017-05-01
Innovaunknown Thinklabs,8.3,1,2020-10-01,Agritech,Pre-Series A,Jaipur,2020,10,2020-10-01
Angel Investment Group,8.3,1,2024-12-01,Manufacturing Data,Seed,Bangalore,2024,12,2024-12-01
\\Xc2\\Xa0 Smart Start Fund; Kuunknownl Shah,8.3,1,2016-10-01,Consumer Internet,Seed,Mumbai,2016,10,2016-10-01
Interstar,8.3,1,2020-12-01,Edtech,Pre-Series A,Bangalore,2020,12,2020-12-01
Andrew Johnston,8.3,1,2024-09-01,Sportstech,Seed,Pune,2024,9,2024-09-01
Samih Toukan And Hussam Khoury,8.3,1,2019-07-01,Transport,Series J,Kormangala,2019,7,2019-07-01
Dtdc Express Ltd,8.3,1,2016-04-01,Logistics,Private Equity,Gurgaon,2016,4,2016-04-01
Dlabs,8.3,1,2021-01-01,Edtech,Pre-Series A,Delhi,2021,1,2021-01-01
S.Gopalakrishunknownn,8.3,1,2015-05-01,Online Product Comparison,Seed,Bangalore,2015,5,2015-05-01
Dexter Angels,8.3,1,2021-09-01,Apparel & Fashion,Pre-Series A,Bangalore,2021,9,2021-09-01
Saama,8.3,1,2021-06-01,Healthcare,Unknown,Delhi,2021,6,2021-06-01
Zia Mody,8.3,1,2016-02-01,Ecommerce,Private Equity,Vadodara,2016,2,2016-02-01
Yatin Kumar Jain,8.3,1,2016-04-01,Consumer Internet,Seed,Delhi,2016,4,2016-04-01
Zeropearl Ventures,8.3,1,2024-11-01,Retail Luxury Goods And Jewellery,Seed,Mumbai,2024,11,2024-11-01
Yournest Angel Fund\\Xc2\\Xa0,8.3,1,2016-07-01,Consumer Internet,Private Equity,Gurgaon,2016,7,2016-07-01
Dna Entertainment Networks,8.3,1,2021-03-01,Tourism,Pre-Series A,Panaji,2021,3,2021-03-01
Ison,8.3,1,2016-11-01,Consumer Internet,Private Equity,Delhi,2016,11,2016-11-01
And Sahil Barua,8.3,1,2015-08-01,Ondemand Based Professional,Private Equity,Bangalore,2015,8,2015-08-01
Ywc Venture Capital,8.3,1,2021-06-01,Fintech,Unknown,Delhi,2021,6,2021-06-01
Zenith Global,8.3,1,2020-12-01,Fintech,Unknown,Mumbai,2020,12,2020-12-01
Duunknownmis Ventures Pte Ltd.,8.3,1,2016-02-01,Consumer Internet,Seed,Pune,2016,2,2016-02-01
Interglobe Technology Quotient,8.3,1,2015-02-01,Other,Private Equity,Unknown,2015,2,2015-02-01
Devc (Matrix Partners),8.3,1,2025-01-01,AI,Pre-Seed,Delhi,2025,1,2025-01-01
\\Xc2\\Xa0 Kuunknownl Shah,8.3,1,2016-08-01,Consumer Internet,Private Equity,Bangalore,2016,8,2016-08-01
Waterbridge Ventures And Thinkuvate,8.3,1,2018-04-01,Healthcare,Other,Delhi,2018,4,2018-04-01
\\Xc2\\Xa0 Sandeep Tandon,8.3,1,2016-10-01,Consumer Internet,Seed,Mumbai,2016,10,2016-10-01
Elara India Opportunities Fund And Callapiunknown Capita,8.3,1,2022-09-01,Logistics,Pre-Seed,Bangalore,2022,9,2022-09-01
Ruchi Narain,8.3,1,2015-12-01,Wedding Venues & Vendors,Seed,Mumbai,2015,12,2015-12-01
Delhi Private School,8.3,1,2020-12-01,Edtech,Pre-Series A,Bangalore,2020,12,2020-12-01
Western Capital,8.3,1,2021-08-01,Consumer Goods,Unknown,Bangalore,2021,8,2021-08-01
Deshe Holdings,8.3,1,2019-07-01,Transport,Series J,Kormangala,2019,7,2019-07-01
Dinesh Agarwal,8.3,1,2021-11-01,Commerce,Pre-Series A,Gurgaon,2021,11,2021-11-01
Sanchi Connect,8.3,1,2025-01-01,Deeptech Manufacturing,Pre-Series A,Chennai,2025,1,2025-01-01
35North Ventures,8.3,1,2022-01-01,Apparel & Fashion,Pre-Series A,Hyderabad,2022,1,2022-01-01
Eclear Leasing,8.3,1,2021-08-01,Fintech,Unknown,Delhi,2021,8,2021-08-01
Sandeep Parwal,8.3,1,2015-07-01,Healthcare,Seed,Mumbai,2015,7,2015-07-01
Zoya Akhtar,8.3,1,2015-12-01,Wedding Venues & Vendors,Seed,Mumbai,2015,12,2015-12-01
East) Promoter Aunknownnt Agarwal,8.3,1,2025-02-01,Healthcare,Other,Delhi,2025,2,2025-02-01
Dheerag Jain,8.3,1,2016-08-01,Food,Seed,Mumbai,2016,8,2016-08-01
Breathe Capital,8.3,1,2024-11-01,Sameday Delivery,Seed,Delhi,2024,11,2024-11-01
Akash Garg,8.3,1,2017-05-01,Consumer Internet,Seed,Bangalore,2017,5,2017-05-01
Eximius Ventures And Planbcapital,8.3,1,2022-04-01,Fintech,Unknown,Bangalore,2022,4,2022-04-01
Viney Equity Markets Llp,8.3,1,2024-11-01,Drone & Space,Other,Delhi,2024,11,2024-11-01
Gokul Jaykrishunknown,8.3,1,2015-07-01,Custom Merchandize,Seed,Ahmedabad,2015,7,2015-07-01
Girish Reddy,8.3,1,2015-12-01,Grocery Delivery,Seed,Bangalore,2015,12,2015-12-01
The Chenunknowni Angels (Tca),8.3,1,2020-01-01,Beverage,Unknown,Chennai,2020,1,2020-01-01
Soros Economic Development Fund,8.3,1,2020-01-01,Agritech,Unknown,Noida,2020,1,2020-01-01
Aeravti Ventures,8.3,1,2025-01-01,Fresh Produce D2C,Pre-Seed,Bangalore,2025,1,2025-01-01
Ghazal Alagh,8.3,1,2024-11-01,Retail Luxury Goods And Jewellery,Seed,Mumbai,2024,11,2024-11-01
Thrive Ventures,8.3,1,2025-02-01,D2C Reusable Period Panties,Pre-Series A,Bangalore,2025,2,2025-02-01
Gautham Madhavan,8.3,1,2020-03-01,Ecommerce,Unknown,Mumbai,2020,3,2020-03-01
Tnf Ventures,8.3,1,2021-06-01,Edtech,Pre-Series A,Andheri,2021,6,2021-06-01
Gaurav Marya,8.3,1,2017-06-01,Consumer Internet,Private Equity,Delhi,2017,6,2017-06-01
Tracxn Counknownfounder,8.3,1,2025-01-01,AI,Pre-Seed,Delhi,2025,1,2025-01-01
Somak Ghosh,8.3,1,2021-02-01,Fintech,Debt,Delhi,2021,2,2021-02-01
Tradecred And Matrix Partners India,8.3,1,2022-09-01,SaaS,Seed,Bangalore,2022,9,2022-09-01
Concept Communications,8.3,1,2025-01-01,Deeptech Manufacturing,Pre-Series A,Chennai,2025,1,2025-01-01
Alok Rawat,8.3,1,2016-02-01,Food,Seed,Delhi,2016,2,2016-02-01
Contrary Capital,8.3,1,2022-01-01,Information Technology &,Seed,Chennai,2022,1,2022-01-01
Holostik Group,8.3,1,2015-06-01,Edtech,Private Equity,Delhi,2015,6,2015-06-01
Hooting Starts Sports Llp,8.3,1,2016-10-01,Ecommerce,Private Equity,Ahmedabad,2016,10,2016-10-01
Cd Equifinance,8.3,1,2024-09-01,Gaming Game Development,Unspecified Round,Mumbai,2024,9,2024-09-01
Franchise India Brands,8.3,1,2016-10-01,Ecommerce,Private Equity,Ahmedabad,2016,10,2016-10-01
Hr Fund,8.3,1,2018-03-01,Consumer Internet,Other,Mumbai,2018,3,2018-03-01
Tryrock Capital Trust Aif,8.3,1,2024-11-01,Drone & Space,Other,Delhi,2024,11,2024-11-01
Hrishikesh Parandekar,8.3,1,2015-12-01,Wedding Venues & Vendors,Seed,Mumbai,2015,12,2015-12-01
Foxhog Ventures,8.3,1,2020-10-01,Gaming,Seed,Delhi,2020,10,2020-10-01
Founders Room Capital,8.3,1,2021-12-01,Fintech,Pre-Series A,Mumbai,2021,12,2021-12-01
Abu Farhan Azmi,8.3,1,2017-05-01,Ecommerce,Seed,Mumbai,2017,5,2017-05-01
U.Sunknownbased Bat Vc,8.3,1,2024-08-01,Virtual Tryon,Unspecified Round,Bangalore,2024,8,2024-08-01
Uae,8.3,1,2020-12-01,Edtech,Pre-Series A,Bangalore,2020,12,2020-12-01
Uc Inclusive Credit,8.3,1,2021-08-01,Consumer Goods,Unknown,Bangalore,2021,8,2021-08-01
Amarjit Batra,8.3,1,2021-11-01,Commerce,Pre-Series A,Gurgaon,2021,11,2021-11-01
Citiustech,8.3,1,2021-04-01,Skill Development,Seed,Gurgaon,2021,4,2021-04-01
Sreepathy Viswaunknownthan,8.3,1,2017-06-01,Consumer Internet,Seed,Delhi,2017,6,2017-06-01
Udaan Angels,8.3,2,2016-10-01,"Consumer Internet, Qsr & Online Delivery Portal",Seed,Gurgaon,2016,10,2016-10-01
Goldbell Group,8.3,1,2017-09-01,Consumer Internet,Private Equity,Bangalore,2017,9,2017-09-01
Sunil Mehta,8.3,1,2016-02-01,Technology,Seed,Mumbai,2016,2,2016-02-01
Chimera Vc,8.3,1,2025-03-01,Gaming,Pre-Seed,Bangalore,2025,3,2025-03-01
Surot Chatterjee,8.3,1,2017-04-01,Consumer Internet,Seed,Bangalore,2017,4,2017-04-01
Growth Dna,8.3,1,2019-08-01,Edtech,Seed,Noida,2019,8,2019-08-01
Group Of Hni Investors,8.3,1,2015-09-01,Personalized Styling,Private Equity,Mumbai,2015,9,2015-09-01
Swastika Co Ltd.,8.3,1,2016-09-01,Consumer Internet,Seed,Indore,2016,9,2016-09-01
Subramaniam Ramadorai,8.3,1,2020-12-01,Crowdsourcing,Pre-Series A,Pune,2020,12,2020-12-01
Grey Orange Robotics,8.3,1,2016-02-01,Food,Seed,Delhi,2016,2,2016-02-01
Ajay Relan And Viunknowny Mittal,8.3,1,2018-07-01,Consumer Internet,Other,Gurgaon,2018,7,2018-07-01
Akg Fiunknownncials,8.3,1,2025-02-01,Healthcare,Other,Delhi,2025,2,2025-02-01
Stride Ventures And Tradecred,8.3,1,2022-05-01,Electric Vehicle,Seed,Gurgaon,2022,5,2022-05-01
Tac Holdings,8.3,1,2024-08-01,Esports And Gaming,Pre-Series A,Chandigarh,2024,8,2024-08-01
Ajay Garg,8.3,1,2021-09-01,Healthcare,Series A,Delhi,2021,9,2021-09-01
Stevens Creek Ventures,8.3,1,2018-11-01,Transport,Other,Bangalore,2018,11,2018-11-01
Chittorgarh Infotech Limited,8.3,1,2024-11-01,Drone & Space,Other,Delhi,2024,11,2024-11-01
Taranjit Jaswal,8.3,1,2016-03-01,Edtech,Private Equity,Mumbai,2016,3,2016-03-01
Hardcastle Petrofer,8.3,1,2021-12-01,Information Technology &,Unknown,Chennai,2021,12,2021-12-01
Al Trust (Vistra Itcl),8.3,1,2020-07-01,Media,Seed,Bangalore,2020,7,2020-07-01
Chiunknownccelerator,8.3,1,2020-05-01,AI,Pre-Series A,Mumbai,2020,5,2020-05-01
Tarun Sharma,8.3,1,2021-09-01,Healthcare,Series A,Delhi,2021,9,2021-09-01
Tashwinder Singh,8.3,1,2016-03-01,Edtech,Private Equity,Mumbai,2016,3,2016-03-01
Harsh Mahajan,8.3,1,2017-06-01,Consumer Internet,Seed,Delhi,2017,6,2017-06-01
Stanford Angels And Entrepreneurs India,8.3,1,2021-06-01,Healthcare,Pre-Series A,Delhi,2021,6,2021-06-01
Hatcher+,8.3,1,2024-08-01,Biotech,Seed,Singapore,2024,8,2024-08-01
Srinivas Modukury,8.3,1,2015-02-01,Other,Other,Unknown,2015,2,2015-02-01
Srinivas Kollipara,8.3,1,2020-01-01,Edtech,Series A,Mumbai,2020,1,2020-01-01
Aj Ventures And Jain Interunknowntiounknownl Trade Organisation (Jito),8.3,1,2018-08-01,Fintech,Other,Bangalore,2018,8,2018-08-01
Srinivas Aluri,8.3,1,2015-02-01,Other,Other,Unknown,2015,2,2015-02-01
Techstars Farm To Fork Accelerator,8.3,1,2020-01-01,Fmcg,Seed,Bangalore,2020,1,2020-01-01
I2I Capitals,8.3,1,2020-10-01,Legaltech,Seed,Kolkata,2020,10,2020-10-01
Caspian Impact Investments,8.3,1,2021-07-01,Environmental,Unknown,Noida,2021,7,2021-07-01
Vineeta Singh,8.3,1,2025-02-01,D2C Reusable Period Panties,Pre-Series A,Bangalore,2025,2,2025-02-01
Amit Jain,8.3,1,2022-01-01,Software,Unknown,Delhi,2022,1,2022-01-01
Darius Pandole,8.3,1,2016-08-01,Food,Seed,Mumbai,2016,8,2016-08-01
Shastra Vc And,8.3,1,2025-05-01,Sporttech,Pre-Seed,Bangalore,2025,5,2025-05-01
Chimera,8.3,1,2025-09-01,Media & Entertainment,Seed,Gurgaon,2025,9,2025-09-01
Shark Tank Founders,8.3,1,2025-02-01,Food,Unspecified Round,Pune,2025,2,2025-02-01
Eximius,8.3,1,2025-04-01,B2B,Seed,Gurgaon,2025,4,2025-04-01
Sharad Hegde,8.3,1,2015-12-01,Grocery Delivery,Seed,Bangalore,2015,12,2015-12-01
Shantanu Deshpande,8.3,1,2020-12-01,Crowdsourcing,Pre-Series A,Pune,2020,12,2020-12-01
Venture Catalyst,8.3,1,2024-08-01,AI,Seed,Noida,2024,8,2024-08-01
Aavishkaar Venture Maunknowngement,8.3,1,2016-11-01,Logistics,Private Equity,Bangalore,2016,11,2016-11-01
Shajikumar Devakar,8.3,1,2022-01-01,Automotive,Seed,Bangalore,2022,1,2022-01-01
Amit Khanunknown,8.3,1,2016-03-01,Edtech,Private Equity,Mumbai,2016,3,2016-03-01
Aashka Goradia Goble,8.3,1,2024-11-01,Retail Luxury Goods And Jewellery,Seed,Mumbai,2024,11,2024-11-01
Ventureworks India,8.3,1,2015-06-01,Online Fashion Video Portal,Private Equity,Mumbai,2015,6,2015-06-01
Amit Naunknownvati,8.3,1,2016-03-01,Edtech,Private Equity,Mumbai,2016,3,2016-03-01
Eunknowncity Ventures Atul Goel,8.3,1,2017-12-01,Technology,Private Equity,Bangalore,2017,12,2017-12-01
Induslaw,8.3,1,2021-05-01,Technology,Seed,Bangalore,2021,5,2021-05-01
Victoria,8.3,1,2021-09-01,Food,Seed,Bangalore,2021,9,2021-09-01
Vijay Sivaram,8.3,1,2020-07-01,Food,Seed,Delhi,2020,7,2020-07-01
Industry Leaders,8.3,1,2024-11-01,Sameday Delivery,Seed,Delhi,2024,11,2024-11-01
Secocha Ventures,8.3,1,2020-07-01,Food,Seed,Delhi,2020,7,2020-07-01
Deep Bajaj,8.3,1,2025-02-01,Home Decor D2C,Other,Gurgaon,2025,2,2025-02-01
Etc.),8.3,1,2024-10-01,Nocode Builder,Seed,Pune,2024,10,2024-10-01
Vikas Taneja,8.3,1,2015-04-01,Auto Rickshaw Based Logistics,Seed,Chandigarh,2015,4,2015-04-01
Vikram Tandon,8.3,1,2015-09-01,Of Tea Cafxc3Xa9Xe2X80X99S,Seed,Mumbai,2015,9,2015-09-01
Viktor Koenig Pe Fund,8.3,1,2015-09-01,Digital Signal Processing,Seed,Bangalore,2015,9,2015-09-01
Amiya Pathak,8.3,1,2017-09-01,Consumer Internet,Private Equity,Bangalore,2017,9,2017-09-01
Village Global.,8.3,1,2020-07-01,Media,Seed,Bangalore,2020,7,2020-07-01
Bs Nagesh,8.3,1,2015-02-01,Other,Other,Unknown,2015,2,2015-02-01
Amrish Kumar,8.3,1,2015-12-01,Wedding Venues & Vendors,Seed,Mumbai,2015,12,2015-12-01
Amit Jindal,8.3,1,2016-01-01,Consumer Internet,Private Equity,Ahmedabad,2016,1,2016-01-01
Amit Hooja,8.3,1,2022-01-01,Software,Unknown,Delhi,2022,1,2022-01-01
Uday Chatterjee And Rajeev Sarda,8.3,1,2022-09-01,Food,Seed,Bangalore,2022,9,2022-09-01
Vc Firm K Partners,8.3,1,2020-01-01,Ecommerce,Series A,Bangalore,2020,1,2020-01-01
Ice Vc,8.3,1,2024-09-01,Gaming Game Development,Unspecified Round,Mumbai,2024,9,2024-09-01
Ultra Hnis,8.3,1,2025-01-01,Fresh Produce D2C,Pre-Seed,Bangalore,2025,1,2025-01-01
Singapore,8.3,1,2018-11-01,Food,Other,Jaipur,2018,11,2018-11-01
Un Disclosed Investors,8.3,1,2016-01-01,Technology,Seed,Hyderabad,2016,1,2016-01-01
Abhiunknownv Bindra,8.3,1,2017-06-01,Consumer Internet,Private Equity,Delhi,2017,6,2017-06-01
Silver Range Investments,8.3,1,2016-11-01,Consumer Internet,Private Equity,Goa,2016,11,2016-11-01
Unicorn India Venture,8.3,1,2022-09-01,Information Technology,Seed,Taramani,2022,9,2022-09-01
Idfc Parampara Early Stage Opportunities Fund,8.3,1,2017-03-01,Technology,Private Equity,Noida,2017,3,2017-03-01
Abhishek Shroff,8.3,1,2021-09-01,Food,Seed,Bangalore,2021,9,2021-09-01
Capitaloven,8.3,1,2025-10-01,Environment > Solid Waste Management,Seed,Uttar Pradesh,2025,10,2025-10-01
Siddharth Patil,8.3,1,2015-12-01,Grocery Delivery,Seed,Bangalore,2015,12,2015-12-01
Iim Indore Alumni Angel Fund,8.3,1,2024-08-01,AI,Seed,Noida,2024,8,2024-08-01
Shyam Sundar R,8.3,1,2015-09-01,Of Tea Cafxc3Xa9Xe2X80X99S,Seed,Mumbai,2015,9,2015-09-01
First Cheque Vc,8.3,1,2020-07-01,Food,Seed,Delhi,2020,7,2020-07-01
Iimunknowna Ventures,8.3,1,2025-04-01,Healthcare,Unspecified Round,Delhi,2025,4,2025-04-01
Shun Yoshida,8.3,1,2016-11-01,Consumer Internet,Private Equity,Goa,2016,11,2016-11-01
Shubhkam Ventures,8.3,1,2021-11-01,Hospitality,Pre-Series A,Mumbai,2021,11,2021-11-01
Shrikant Patil,8.3,1,2015-12-01,Grocery Delivery,Seed,Bangalore,2015,12,2015-12-01
Unknown Hni Investors,8.3,1,2016-08-01,Consumer Internet,Private Equity,Chennai,2016,8,2016-08-01
Shreyans Shah,8.3,1,2016-10-01,Consumer Internet,Seed,Mumbai,2016,10,2016-10-01
Cygnus Medicare Group,8.3,1,2021-09-01,Hospital & Health Care,Unknown,Noida,2021,9,2021-09-01
D2C Insider Angels,8.3,1,2024-11-01,Sameday Delivery,Seed,Delhi,2024,11,2024-11-01
Shivani Singh,8.3,1,2018-01-01,Healthcare,Private Equity,Gurgaon,2018,1,2018-01-01
Fdi,8.3,1,2025-02-01,Food,Unspecified Round,Pune,2025,2,2025-02-01
Usunknownbased Angel Investors,8.3,1,2020-01-01,Marketing & Customer Loyalty,Pre-Series A,Hyderabad,2020,1,2020-01-01
Farid Ahsan,8.3,1,2021-03-01,Drone,Seed,Chennai,2021,3,2021-03-01
Farhan Naqvi,8.3,1,2017-06-01,Consumer Internet,Seed,Delhi,2017,6,2017-06-01
Vaibhav Domkundwar,8.3,1,2016-06-01,Consumer Internet,Seed,Pune,2016,6,2016-06-01
Varun Vakil,8.3,1,2021-10-01,Food,Pre-Series A,Gurgaon,2021,10,2021-10-01
Global Innovation Fund,8.3,1,2020-01-01,Agritech,Unknown,Noida,2020,1,2020-01-01
Mike Novogratz,8.3,1,2021-12-01,Apparel & Fashion,Seed,Mumbai,2021,12,2021-12-01
Rahul Maroli,8.3,1,2018-01-01,Healthcare,Private Equity,Gurgaon,2018,1,2018-01-01
Prophetic Ventures Syndicate,8.3,1,2021-07-01,Edtech,Pre-Series A,Gurgaon,2021,7,2021-07-01
Om Jain,8.3,1,2024-10-01,SaaS,Seed,Bangalore,2024,10,2024-10-01
Reliance Corporate Advisory Services Ltd,8.3,1,2017-07-01,Consumer Internet,Seed,Bangalore,2017,7,2017-07-01
Reliance Capital Venture,8.3,1,2015-08-01,Mobile Payment Software,Private Equity,Bangalore,2015,8,2015-08-01
Aunknownnd Prakash Sharma,8.3,1,2021-07-01,Food,Unknown,Bangalore,2021,7,2021-07-01
Mayank Bhangdia,8.3,1,2015-10-01,Online Food Ordering & Delivery,Private Equity,Gurgaon,2015,10,2015-10-01
Lotus Holdings,8.3,1,2025-04-01,Preseries A,Pre-Series A,Mumbai,2025,4,2025-04-01
Luke Coutinho,8.3,1,2025-02-01,Independent Verification Ecommerce,Unspecified Round,Mumbai,2025,2,2025-02-01
Purpletalk Inc,8.3,1,2016-03-01,Consumer Internet,Seed,Hyderabad,2016,3,2016-03-01
Lumiunknown Datamatics,8.3,1,2016-11-01,Consumer Internet,Private Equity,Goa,2016,11,2016-11-01
Anmol Jain,8.3,1,2024-11-01,Retail Luxury Goods And Jewellery,Seed,Mumbai,2024,11,2024-11-01
Ashish Agrawal,8.3,1,2017-04-01,Consumer Internet,Seed,Bangalore,2017,4,2017-04-01
Lvx,8.3,1,2025-07-01,Consumer,Pre-Seed,Bangalore,2025,7,2025-07-01
Mape Advisory,8.3,1,2015-06-01,Marketing / Advertising Automation,Seed,Bangalore,2015,6,2015-06-01
Kia Ora Ventures,8.3,1,2020-11-01,Recruitment,Seed,Hyderabad,2020,11,2020-11-01
Behram Vakil And Jerxis Vandrevala,8.3,1,2018-05-01,Technology,Other,Mumbai,2018,5,2018-05-01
Angellist’S Utsav Somani,8.3,1,2020-07-01,Media,Seed,Bangalore,2020,7,2020-07-01
Mayank Shah,8.3,1,2016-10-01,Consumer Internet,Seed,Mumbai,2016,10,2016-10-01
Omnivore Capital,8.3,1,2016-11-01,Fintech,Seed,Delhi,2016,11,2016-11-01
Probal Ghoshal,8.3,1,2021-09-01,Hospital & Health Care,Unknown,Noida,2021,9,2021-09-01
Priyank Shah,8.3,1,2024-11-01,Retail Luxury Goods And Jewellery,Seed,Mumbai,2024,11,2024-11-01
Ayesha Takia Azmi,8.3,1,2017-05-01,Ecommerce,Seed,Mumbai,2017,5,2017-05-01
Jinisha Sharma,8.3,1,2021-09-01,Food,Seed,Bangalore,2021,9,2021-09-01
Bessemer Ventures,8.3,1,2015-04-01,Used Gadgets Buy / Refurbishing,Seed,Gurgaon,2015,4,2015-04-01
Ongc,8.3,1,2021-08-01,Industrial Automation,Series A,Bangalore,2021,8,2021-08-01
Pravin Khandelwal,8.3,1,2016-04-01,Consumer Internet,Seed,Delhi,2016,4,2016-04-01
Mcdounknownld'S India (North,8.3,1,2025-02-01,Healthcare,Other,Delhi,2025,2,2025-02-01
Oracle,8.3,1,2025-02-01,Food,Unspecified Round,Pune,2025,2,2025-02-01
Pravin Gandhi,8.3,1,2016-10-01,Consumer Internet,Seed,Mumbai,2016,10,2016-10-01
Medi Assist,8.3,1,2015-12-01,Mobile Fitness,Private Equity,Goa,2015,12,2015-12-01
Orios Venture Partner,8.3,1,2015-02-01,Other,Private Equity,Unknown,2015,2,2015-02-01
Mohsin Hani Al Bahrani,8.3,1,2020-11-01,Ar/Vr,Bridge,Thane,2020,11,2020-11-01
Reema Kagati,8.3,1,2015-12-01,Wedding Venues & Vendors,Seed,Mumbai,2015,12,2015-12-01
Reddy Futures,8.3,1,2021-05-01,Technology,Seed,Bangalore,2021,5,2021-05-01
Other Undisclosed Investors,8.3,1,2016-02-01,Consumer Internet,Seed,Bangalore,2016,2,2016-02-01
Kalaari Capital (Cxxo Initiative),8.3,1,2024-12-01,Climate Technology,Seed,Gurgaon,2024,12,2024-12-01
Ashutosh Valani,8.3,1,2024-11-01,Retail Luxury Goods And Jewellery,Seed,Mumbai,2024,11,2024-11-01
Blue Ocean Venture Partners,8.3,1,2025-09-01,AI,Seed,Gurgaon,2025,9,2025-09-01
Narendra Firodia,8.3,1,2025-02-01,Independent Verification Ecommerce,Unspecified Round,Mumbai,2025,2,2025-02-01
Nihon Kotsu Co,8.3,1,2016-07-01,Consumer Internet,Private Equity,Delhi,2016,7,2016-07-01
Ng Family Trust,8.3,1,2024-08-01,Esports And Gaming,Pre-Series A,Chandigarh,2024,8,2024-08-01
Nexus Global Opportunities Fund,8.3,1,2024-09-01,Gaming Game Development,Unspecified Round,Mumbai,2024,9,2024-09-01
Rajeev Chitrabhanu,8.3,1,2020-01-01,Technology,Pre-Series A,Uttar Pradesh,2020,1,2020-01-01
Magic Fund,8.3,2,2022-01-01,"Edtech, Information Technology &",Unknown,"Mumbai, Delhi",2022,1,2022-01-01
Rajeev Chitrabhanu.,8.3,1,2020-01-01,Technology,Pre-Series A,Noida,2020,1,2020-01-01
Rajesh Yohanunknownn,8.3,1,2017-05-01,Consumer Internet,Seed,Bangalore,2017,5,2017-05-01
Rajesh Yohaunknownn And Rahul Garg,8.3,1,2017-09-01,Consumer Internet,Private Equity,Bangalore,2017,9,2017-09-01
Naya Ventures,8.3,1,2015-08-01,Deep Learning Cloud Algorithms,Seed,Chennai,2015,8,2015-08-01
Rakesh Desai,8.3,1,2016-02-01,Ecommerce,Private Equity,Vadodara,2016,2,2016-02-01
Mantra Ventures,8.3,1,2015-09-01,Digital Signal Processing,Seed,Bangalore,2015,9,2015-09-01
Nagendra Chaudhary,8.3,1,2016-01-01,Consumer Internet,Private Equity,Ahmedabad,2016,1,2016-01-01
Nikunj Jhaveri,8.3,1,2015-06-01,Online Fashion Video Portal,Private Equity,Mumbai,2015,6,2015-06-01
Ravi Gururaj,8.3,2,2015-11-01,"Mobile Growth Hackingnplatform, Securityxc2Xa0 Testing",Seed,"Hyderabad, Mumbai",2015,11,2015-11-01
Bccl,8.3,1,2017-07-01,Consumer Internet,Private Equity,Mumbai,2017,7,2017-07-01
Blinc Advisors,8.3,1,2016-03-01,Edtech,Private Equity,Mumbai,2016,3,2016-03-01
Anil Matai,8.3,1,2015-09-01,Of Tea Cafxc3Xa9Xe2X80X99S,Seed,Mumbai,2015,9,2015-09-01
Myasia Vc,8.3,1,2021-05-01,Fintech,Pre-Series A,Bangalore,2021,5,2021-05-01
Nitin Bagmane,8.3,1,2016-02-01,Consumer Internet,Seed,Bangalore,2016,2,2016-02-01
Real Time Ventures,8.3,1,2017-06-01,Healthcare,Private Equity,Delhi,2017,6,2017-06-01
Real Time Ventures.,8.3,1,2018-01-01,Healthcare,Private Equity,Gurgaon,2018,1,2018-01-01
Nitish Mittersain,8.3,1,2021-10-01,Nft,Seed,Gurgaon,2021,10,2021-10-01
Ashish Tulsian,8.3,1,2016-08-01,Consumer Internet,Private Equity,Bangalore,2016,8,2016-08-01
Audacity Venture Capital,8.3,1,2025-01-01,Postproduction Saas,Pre-Seed,Mumbai,2025,1,2025-01-01
Bluehill Vc,8.3,1,2025-05-01,Defense,Pre-Series A,Hyderabad,2025,5,2025-05-01
Aumvc,8.3,1,2024-08-01,AI,Seed,Noida,2024,8,2024-08-01
Nowfloats’ Jasminder Singh Gulati,8.3,1,2020-07-01,Media,Seed,Bangalore,2020,7,2020-07-01
Redbright Partners,8.3,1,2015-01-01,Other,Other,Unknown,2015,1,2015-01-01
Beyondseed,8.3,1,2025-02-01,D2C Reusable Period Panties,Pre-Series A,Bangalore,2025,2,2025-02-01
M V Nair,8.3,1,2021-02-01,Fintech,Debt,Delhi,2021,2,2021-02-01
Rakesh Malhotra,8.3,1,2016-02-01,Ecommerce,Private Equity,Vadodara,2016,2,2016-02-01
Mm Agrawal Group (Mmg),8.3,1,2025-02-01,Healthcare,Other,Delhi,2025,2,2025-02-01
Paragon Trust,8.3,1,2017-02-01,Consumer Internet,Private Equity,Delhi,2017,2,2017-02-01
Mohit Bajaj,8.3,1,2025-02-01,Home Decor D2C,Other,Gurgaon,2025,2,2025-02-01
Krishunknownn Menon,8.3,1,2020-01-01,Edtech,Series A,Mumbai,2020,1,2020-01-01
Pradeep Nain,8.3,1,2025-04-01,Digital Spirituality,Pre-Series A,Delhi,2025,4,2025-04-01
Mergerdomo,8.3,1,2022-01-01,Apparel & Fashion,Pre-Series A,Hyderabad,2022,1,2022-01-01
Leo Capital India,8.3,1,2020-12-01,Gaming,Seed,Bangalore,2020,12,2020-12-01
Mod,8.3,1,2020-11-01,Ar/Vr,Bridge,Thane,2020,11,2020-11-01
Krishunknown Bhupal,8.3,1,2022-01-01,Automotive,Seed,Bangalore,2022,1,2022-01-01
Peercheque,8.3,1,2025-01-01,AI,Pre-Seed,Delhi,2025,1,2025-01-01
Powerhouse Ventures (Usa).,8.3,1,2015-11-01,Hyperlocal Healthcare Product Delivery,Private Equity,Gurgaon,2015,11,2015-11-01
Krishen Lal Khanunknown,8.3,1,2021-05-01,Fintech,Pre-Series A,Mumbai,2021,5,2021-05-01
Mensa Brands,8.3,1,2022-02-01,Cosmetics,Series A,Ahmedabad,2022,2,2022-02-01
Anurag Srivastava,8.3,1,2017-09-01,Consumer Internet,Private Equity,Bangalore,2017,9,2017-09-01
Krishan Gupta,8.3,1,2015-07-01,Healthcare,Seed,Mumbai,2015,7,2015-07-01
Arjun Handa,8.3,1,2016-01-01,Consumer Internet,Private Equity,Ahmedabad,2016,1,2016-01-01
Polaris Fund,8.3,1,2018-01-01,Technology,Private Equity,Pune,2018,1,2018-01-01
Mohit Goel,8.3,1,2016-03-01,Ecommerce,Seed,Delhi,2016,3,2016-03-01
Lantern Capital,8.3,1,2015-02-01,Other,Private Equity,Unknown,2015,2,2015-02-01
Peesh Venture Capital,8.3,1,2015-05-01,Online Edtech,Seed,Noida,2015,5,2015-05-01
Rishi Kumar Bagla,8.3,1,2021-05-01,Fintech,Pre-Series A,Mumbai,2021,5,2021-05-01
Avon Cycles,8.3,1,2021-06-01,Rental,Pre-Series A,Ahmedabad,2021,6,2021-06-01
People Group (Shaadi.Com),8.3,1,2015-01-01,Other,Private Equity,Unknown,2015,1,2015-01-01
Jimmy Singh,8.3,1,2021-01-01,Technology,Seed,Delhi,2021,1,2021-01-01
Kuunknownl Khattar,8.3,1,2016-08-01,Food,Seed,Mumbai,2016,8,2016-08-01
Milliways Ventures,8.3,1,2015-08-01,Deep Learning Cloud Algorithms,Seed,Chennai,2015,8,2015-08-01
Polygon Fund,8.3,1,2022-01-01,Information Technology &,Seed,Chennai,2022,1,2022-01-01
Prarambh Ventures,8.3,1,2024-12-01,Fintech,Seed,Bangalore,2024,12,2024-12-01
Native Angel Network,8.299999999999999,2,2022-02-01,"Agritech, Food","Pre-Series A, Unknown","Kochi, Chennai",2022,2,2022-02-01
Omnivore Partners,8.06,1,2016-10-01,Technology,Private Equity,Chennai,2016,10,2016-10-01
Gruhas Collective Consumer Fund (Gccf),8.0,1,2024-08-01,Baby Food,Pre-Series A,Surat,2024,8,2024-08-01
Wint Wealth And Caspian,8.0,1,2024-09-01,Fintech,Debt,Bangalore,2024,9,2024-09-01
Fireside Ventures And Devc (Anchored By Z47),8.0,1,2024-12-01,Agritech,Pre-Series A,Mumbai,2024,12,2024-12-01
Yang Shu,7.99,1,2016-11-01,Ecommerce,Seed,Bangalore,2016,11,2016-11-01
Aunknownnd Sankeshwar,7.99,1,2016-11-01,Ecommerce,Seed,Bangalore,2016,11,2016-11-01
Rairah Corporation,7.88,1,2018-05-01,Consumer Internet,Other,Pune,2018,5,2018-05-01
Anchorage Capital Partners,7.83,2,2025-06-01,"Ecommerce, Agetech","Pre-Series A, Pre-Seed","Mumbai, Bangalore",2025,6,2025-06-01
Incubate Fund,7.69,1,2020-07-01,Healthcare,Seed,Bangalore,2020,7,2020-07-01
Goel Family Office,7.6,1,2022-04-01,Publishing,Seed,Bangalore,2022,4,2022-04-01
Pravek Family Office,7.6,1,2025-07-01,Ecommerce,Pre-Series A,Delhi,2025,7,2025-07-01
Chiratae Ventures.,7.47,1,2020-01-01,Wl & Rac Protection,Seed,Mumbai,2020,1,2020-01-01
Reliance Capital,7.47,1,2015-09-01,Luxury Goodsxc2Xa0 Shopping,Private Equity,Gurgaon,2015,9,2015-09-01
Gsf And Other Angel Investors,7.47,1,2015-04-01,Interactivexc2Xa0 Howto Guides,Seed,Bangalore,2015,4,2015-04-01
Helion Venture Partner,7.47,1,2015-04-01,Interactivexc2Xa0 Howto Guides,Seed,Bangalore,2015,4,2015-04-01
Cricketer Rishabh Pant,7.4,1,2024-09-01,Software,Acquisition,Unknown,2024,9,2024-09-01
Prajay Advisors Llp,7.4,2,2024-11-01,"Healthcare, Gut Wellness","Seed, Unspecified Round","Lucknow, Gurgaon",2024,11,2024-11-01
Firstcheque,7.390000000000001,3,2020-11-01,"Gaming, Other, Media","Unknown, Pre-Seed","Mumbai, Gurgaon, Hyderabad",2020,11,2020-11-01
Paul Roy,7.39,1,2016-08-01,Consumer Internet,Seed,Mumbai,2016,8,2016-08-01
Balancehero,7.36,1,2020-08-01,Fintech,Series C,Gurgaon,2020,8,2020-08-01
Point One Capital,7.32,2,2024-12-01,"Technology, Fintech",Pre-Seed,"Bangalore, India",2024,12,2024-12-01
Intellecap Impact Investment Network,7.14,2,2015-08-01,"Crowd Funding, Waste Management",Seed,Mumbai,2015,8,2015-08-01
Elcid Investments,7.11,1,2025-07-01,Consumer,Unknown,Bangalore,2025,7,2025-07-01
Narottam Thudi,7.05,1,2017-08-01,Consumer Internet,Seed,Hyderabad,2017,8,2017-08-01
Shireesh Palle,7.05,1,2017-08-01,Consumer Internet,Seed,Hyderabad,2017,8,2017-08-01
Sirounknown,7.0,1,2025-03-01,D2C Nutrition,Pre-Seed,Gurgaon,2025,3,2025-03-01
Venk Krishunknownn,6.97,2,2016-12-01,"Consumer Internet, Online Counselling And Psychological Support",Seed,"Bangalore, Gwalior",2016,12,2016-12-01
Karsemven Fund,6.85,1,2015-01-01,Other,Private Equity,Unknown,2015,1,2015-01-01
K2 Capital,6.85,1,2017-01-01,Technology,Seed,Panaji,2017,1,2017-01-01
Sumit Jain,6.8100000000000005,2,2016-05-01,"Consumer Internet, Other","Seed, Other","Bangalore, Unknown",2016,5,2016-05-01
Dhruv Dhanraj Bahl (Exunknownbharatpe),6.75,1,2025-02-01,Digital Pediatric Care,Seed,Delhi,2025,2,2025-02-01
Akshay Saxeunknown (Avanti),6.75,1,2025-02-01,Digital Pediatric Care,Seed,Delhi,2025,2,2025-02-01
Abhishek Gupta (Fashinza),6.75,1,2025-02-01,Digital Pediatric Care,Seed,Delhi,2025,2,2025-02-01
Amplify,6.75,1,2025-02-01,Digital Pediatric Care,Seed,Delhi,2025,2,2025-02-01
Ankit Gupta (Bicycle Health),6.75,1,2025-02-01,Digital Pediatric Care,Seed,Delhi,2025,2,2025-02-01
Strategic Angel Investors,6.75,1,2025-02-01,Secured Lending,Pre-Seed,Bangalore,2025,2,2025-02-01
Upsparks Capital,6.75,1,2025-02-01,Secured Lending,Pre-Seed,Bangalore,2025,2,2025-02-01
Gowri Mukherjee,6.67,1,2020-01-01,Online Credit Management,Unknown,Chennai,2020,1,2020-01-01
Ranjit Punja,6.67,1,2020-01-01,Online Credit Management,Unknown,Chennai,2020,1,2020-01-01
Unitus Venture,6.67,1,2020-07-01,Hr,Unknown,Bangalore,2020,7,2020-07-01
R Sudarshan,6.67,1,2020-01-01,Online Credit Management,Unknown,Chennai,2020,1,2020-01-01
Rudy Gopalakrishunknownn,6.640000000000001,2,2015-08-01,"Visual Blogging, Web Content Publishing",Seed,"Delhi, Gurgaon",2015,8,2015-08-01
Nitin Agarwal,6.640000000000001,2,2021-09-01,"Consumer Internet, Fintech",Seed,"Noida, Bangalore",2021,9,2021-09-01
Kotak Life,6.64,1,2020-01-01,Fintech,Unknown,Mumbai,2020,1,2020-01-01
Pavan Ongole,6.64,2,2017-02-01,"Consumer Internet, Online Counselling And Psychological Support",Seed,"Bangalore, Gwalior",2017,2,2017-02-01
Swarnim Multiventures,6.64,1,2015-09-01,Virtual Reality 3D Simulation And Stereoscopic Products,Private Equity,Bangalore,2015,9,2015-09-01
Rukam Capital Trust,6.64,1,2020-11-01,Food,Unknown,Mumbai,2020,11,2020-11-01
Jyotsunknown Bapat,6.64,1,2020-11-01,SaaS,Pre-Series A,Gujarat,2020,11,2020-11-01
Strive Vc,6.64,1,2021-04-01,Retail,Seed,Small Towns,2021,4,2021-04-01
Blacksoil Capital Pvt Ltd,6.64,1,2017-01-01,Technology,Private Equity,Mumbai,2017,1,2017-01-01
Propell Fund,6.64,1,2024-09-01,B2B Financial Management,Pre-Seed,Bangalore,2024,9,2024-09-01
Vikram Karuunknownkaram,6.64,1,2022-02-01,Information Technology &,Pre-Series A,Hyderabad,2022,2,2022-02-01
Malabar Angel Network,6.64,1,2021-09-01,Agritech,Pre-Series A,Kochi,2021,9,2021-09-01
Manish Subramaniam,6.64,1,2021-05-01,Fintech,Pre-Series A,Jaipur,2021,5,2021-05-01
3Lines Vc,6.64,1,2020-11-01,AI,Seed,Hyderabad,2020,11,2020-11-01
Niren Shah,6.64,1,2020-11-01,Food,Unknown,Mumbai,2020,11,2020-11-01
Arvind Venugopal Nair,6.64,1,2021-09-01,Deeptech,Seed,Bangalore,2021,9,2021-09-01
Der Shing Lim,6.64,1,2020-04-01,Logistics,Seed,Unknown,2020,4,2020-04-01
Cba Capital,6.64,1,2020-01-01,Edtech,Series A,Chennai,2020,1,2020-01-01
Navneet Education,6.64,1,2021-09-01,Edtech,Unknown,Jaipur,2021,9,2021-09-01
Upaya Social Ventures,6.64,1,2021-05-01,Fintech,Pre-Series A,Jaipur,2021,5,2021-05-01
Ranbir Kapoor,6.64,1,2025-08-01,Logistics,Unknown,Gurgaon,2025,8,2025-08-01
Amritendu Mukherjee,6.64,1,2021-09-01,Deeptech,Seed,Bangalore,2021,9,2021-09-01
Vivek Bhargava,6.62,3,2017-06-01,"Technology, Consumer Internet","Seed, Private Equity","Bangalore, Delhi",2017,6,2017-06-01
Pedalstart,6.62,3,2025-10-01,"Energy > Energy Storage, Ecommerce, Shoe Care","Pre-Seed, Seed","Karnataka, Bangalore, Chandigarh",2025,10,2025-10-01
Deepak Singh,6.6,1,2025-02-01,Pickleball Sports,Pre-Seed,Bangalore,2025,2,2025-02-01
Marwah Sports Group,6.6,1,2025-02-01,Sports Performance Analysis,Seed,Bangalore,2025,2,2025-02-01
Kartik Kapoor,6.6,1,2025-02-01,Pickleball Sports,Pre-Seed,Bangalore,2025,2,2025-02-01
Indigoedge,6.6,1,2025-02-01,Sports Performance Analysis,Seed,Bangalore,2025,2,2025-02-01
Vatsal Singhal,6.6,1,2025-02-01,Pickleball Sports,Pre-Seed,Bangalore,2025,2,2025-02-01
Mohit Kumar,6.6,1,2025-02-01,Pickleball Sports,Pre-Seed,Bangalore,2025,2,2025-02-01
Misfits Capital,6.6,1,2025-02-01,Sports Performance Analysis,Seed,Bangalore,2025,2,2025-02-01
Arjun Vaidya,6.6,1,2025-02-01,Pickleball Sports,Pre-Seed,Bangalore,2025,2,2025-02-01
Viren Singhvi,6.6,1,2025-02-01,Pickleball Sports,Pre-Seed,Bangalore,2025,2,2025-02-01
Rainmatter (Nithin Kamath),6.6,1,2025-02-01,Sports Performance Analysis,Seed,Bangalore,2025,2,2025-02-01
Samved Ventures,6.58,1,2025-09-01,Ecommerce,Seed,Mumbai,2025,9,2025-09-01
Aunknownnd M Khatau,6.56,1,2020-05-01,Food,Series B,Delhi,2020,5,2020-05-01
Harpreet Singh Grover,6.56,3,2020-05-01,"Other, Consumer Internet","Seed, Pre-Seed","Bangalore, Unknown, Gurgaon",2020,5,2020-05-01
Debasish Priyadarshi Purohit,6.56,1,2020-05-01,Food,Series B,Delhi,2020,5,2020-05-01
Kaushik Shanghvi,6.56,1,2020-05-01,Food,Series B,Delhi,2020,5,2020-05-01
Devanshu Dolat Desai,6.56,1,2020-05-01,Food,Series B,Delhi,2020,5,2020-05-01
Sahyadri Farms,6.56,1,2025-09-01,Agritech,Pre-Seed,Mumbai,2025,9,2025-09-01
Jamwant Ventures,6.55,1,2025-10-01,Aerospace Maritime & Defense > Space,Seed,Maharashtra,2025,10,2025-10-01
Ramesh Jogani,6.52,1,2015-08-01,For Property Brokers,Seed,Mumbai,2015,8,2015-08-01
Shailesh Viswaunknownthan,6.52,1,2015-08-01,For Property Brokers,Seed,Mumbai,2015,8,2015-08-01
Jay Srinivasan,6.52,1,2015-08-01,For Property Brokers,Seed,Mumbai,2015,8,2015-08-01
Education Catalyst Fund,6.52,1,2020-04-01,Edtech,Pre-Series A,Chennai,2020,4,2020-04-01
Group Of Highunknownnetunknownworth Indian Investors,6.5,1,2025-04-01,Luxury Watch,Other,Surat,2025,4,2025-04-01
Deepak Bhagunknownni Family Office,6.5,1,2025-05-01,Logistics,Seed,Gurgaon,2025,5,2025-05-01
Factor[E] Ventures,6.5,1,2017-08-01,Technology,Seed,Gurgaon,2017,8,2017-08-01
Iim Udaipur Incubation Centre,6.5,1,2024-11-01,Legal Consultation,Unspecified Round,Gurgaon,2024,11,2024-11-01
Shift Alt Cap,6.5,1,2024-11-01,Legal Consultation,Unspecified Round,Gurgaon,2024,11,2024-11-01
V Balakrishunknownn,6.45,2,2017-01-01,"Other, Consumer Internet","Other, Seed","Unknown, Pune",2017,1,2017-01-01
Singularity Holdings,6.44,1,2017-06-01,Consumer Internet,Seed,Mumbai,2017,6,2017-06-01
Auxano Deals,6.41,1,2018-02-01,Edtech,Private Equity,Delhi,2018,2,2018-02-01
Tandem Capital,6.39,1,2015-09-01,Multilingual Test Preparation,Private Equity,Gurgaon,2015,9,2015-09-01
Aloke Bajpai,6.39,1,2015-09-01,Multilingual Test Preparation,Private Equity,Gurgaon,2015,9,2015-09-01
Viunknownyender Tulla,6.37,1,2025-07-01,Healthcare,Pre-Series A,Bangalore,2025,7,2025-07-01
Nita Roy,6.37,1,2025-07-01,Healthcare,Pre-Series A,Bangalore,2025,7,2025-07-01
Venkataraman Knk,6.37,1,2025-07-01,Healthcare,Pre-Series A,Bangalore,2025,7,2025-07-01
Equanimity Investments,6.35,1,2025-01-01,Spiritual & Devotion,Unspecified Round,Kolkata,2025,1,2025-01-01
Idein Ventures,6.3100000000000005,3,2020-01-01,"Consumer Internet, Ecommerce, Technology","Seed, Unknown","Bangalore, Jodhpur",2020,1,2020-01-01
Existing Promoters,6.3,1,2024-12-01,Medical Devices,Pre-Series A,Bangalore,2024,12,2024-12-01
And Bankers,6.3,1,2024-12-01,Medical Devices,Pre-Series A,Bangalore,2024,12,2024-12-01
Medical Professiounknownls,6.3,1,2024-12-01,Medical Devices,Pre-Series A,Bangalore,2024,12,2024-12-01
Surgeons,6.3,1,2024-12-01,Medical Devices,Pre-Series A,Bangalore,2024,12,2024-12-01
Ovington Capital Partners,6.24,1,2025-07-01,Enterprise,Seed,Chennai,2025,7,2025-07-01
Zaffiro Ventures,6.23,2,2016-07-01,"Consumer Internet, Technology",Seed,"Mumbai, Ahmedabad",2016,7,2016-07-01
Sonu Nigam,6.22,1,2021-09-01,Music,Seed,Mumbai,2021,9,2021-09-01
Raksul,6.22,1,2017-08-01,Consumer Internet,Seed,Chennai,2017,8,2017-08-01
Ankur Gupta,6.22,1,2016-01-01,Edtech,Seed,Delhi,2016,1,2016-01-01
Somerset Indus Capital Ventures,6.22,1,2017-12-01,Healthcare,Other,Gurgaon,2017,12,2017-12-01
Next Orbit Ventures Fund,6.22,1,2016-10-01,Technology,Private Equity,Mumbai,2016,10,2016-10-01
Ashish Lakhanpal,6.22,1,2016-10-01,Technology,Private Equity,Bangalore,2016,10,2016-10-01
\\Xc2\\Xa0 Gaunknownyantrika Systems,6.22,1,2016-01-01,Technology,Seed,Bangalore,2016,1,2016-01-01
Michael Herzig,6.22,1,2016-10-01,Technology,Private Equity,Bangalore,2016,10,2016-10-01
Capier Investments,6.22,1,2017-08-01,Technology,Seed,Mumbai,2017,8,2017-08-01
Fluent Ventures And Everywhere Ventures,6.22,1,2025-04-01,Construction,Pre-Seed,Gurgaon,2025,4,2025-04-01
Udaya Kumar,6.22,1,2022-02-01,Fintech,Unknown,Bangalore,2022,2,2022-02-01
Prolific Angel Investors,6.22,1,2020-12-01,Blockchain,Seed,Mumbai,2020,12,2020-12-01
Seedstars Interunknowntiounknownl Ventures,6.22,1,2025-04-01,Construction,Pre-Seed,Gurgaon,2025,4,2025-04-01
Venture Nursery,6.22,1,2015-12-01,AI,Private Equity,Mumbai,2015,12,2015-12-01
Massimo Vita,6.22,1,2022-02-01,Fintech,Unknown,Bangalore,2022,2,2022-02-01
Idal Health,6.22,1,2017-08-01,Technology,Seed,Mumbai,2017,8,2017-08-01
Deunknown,6.22,1,2017-08-01,Consumer Internet,Seed,Chennai,2017,8,2017-08-01
Lalitesh Katragadda,6.22,1,2016-01-01,Technology,Seed,Bangalore,2016,1,2016-01-01
Vcmint,6.21,1,2025-08-01,Enteprise,Unknown,Hyderabad,2025,8,2025-08-01
Currae Healthtech Fund,6.18,1,2016-09-01,Technology,Private Equity,Pune,2016,9,2016-09-01
Ian Angel Fund,6.15,2,2025-02-01,"Gaming Commerce, Medtech",Seed,"Gurgaon, Delhi",2025,2,2025-02-01
Pallav Nadhani,6.14,3,2020-01-01,"Consumer Internet, Edtech, Technology","Seed, Unknown","Bangalore, Bhopal",2020,1,2020-01-01
Angels Such As Nikita Gupta,6.1,1,2025-01-01,D2C Lingerie & Shapewear,Pre-Seed,Noida,2025,1,2025-01-01
Rs Shanbag,6.1,1,2018-05-01,Ecommerce,Other,Bangalore,2018,5,2018-05-01
Emmanuel Suraj,6.1,1,2025-01-01,D2C Lingerie & Shapewear,Pre-Seed,Noida,2025,1,2025-01-01
Unknown Hni\\Xe2\\X80\\X99S,6.09,1,2017-08-01,Consumer Internet,Seed,Vadodara,2017,8,2017-08-01
Rishi Vasudev,6.0600000000000005,2,2018-07-01,"It, Workforce Management Software","Other, Seed","Gurgaon, Bangalore",2018,7,2018-07-01
Znl,6.02,1,2021-12-01,Insurance,Pre-Series A,Delhi,2021,12,2021-12-01
Piper Serica Vc,6.0,1,2024-08-01,Smart Mobility,Seed,Mumbai,2024,8,2024-08-01
Revx,6.0,1,2025-04-01,Healthcare Fintech,Debt,Gurgaon,2025,4,2025-04-01
Artha Venture,5.8100000000000005,2,2020-10-01,"Food, Edtech",Seed,"Delhi, Mumbai",2020,10,2020-10-01
Dinesh Godara,5.8100000000000005,1,2021-10-01,Fintech,"Unknown, Seed",Delhi,2021,10,2021-10-01
India Internet Fund,5.81,1,2015-08-01,Crowd Funding,Seed,Mumbai,2015,8,2015-08-01
Syunknownps,5.81,1,2021-09-01,Blockchain,Seed,Chennai,2021,9,2021-09-01
Sudhir Rao,5.81,1,2015-07-01,Crowd Funding,Seed,Mumbai,2015,7,2015-07-01
Alphabit Fund,5.81,1,2021-08-01,Fintech,Seed,Bangalore,2021,8,2021-08-01
Kevin Lin,5.81,1,2020-12-01,Marketing,Seed,Mumbai,2020,12,2020-12-01
Ledger Prime,5.81,1,2021-09-01,Blockchain,Seed,Chennai,2021,9,2021-09-01
Lc Nueva Aif,5.81,1,2021-10-01,Media,Seed,Bangalore,2021,10,2021-10-01
Kogta Fiunknownncial India Limited,5.81,1,2021-04-01,Rental,Pre-Series A,Gurgaon,2021,4,2021-04-01
Icici Bank,5.81,1,2021-04-01,Rental,Pre-Series A,Gurgaon,2021,4,2021-04-01
Co. Ltd.,5.81,1,2016-10-01,Consumer Internet,Private Equity,Bangalore,2016,10,2016-10-01
Covalent,5.81,1,2021-09-01,Blockchain,Seed,Chennai,2021,9,2021-09-01
Pradyumunknown Dalmia,5.81,1,2015-07-01,Crowd Funding,Seed,Mumbai,2015,7,2015-07-01
Shapoorji Pallonji,5.81,1,2016-10-01,Consumer Internet,Private Equity,Bangalore,2016,10,2016-10-01
Fulgur Ventures,5.81,1,2021-08-01,Fintech,Seed,Bangalore,2021,8,2021-08-01
Rainbow Digital Services Pvt. Ltd,5.81,1,2017-05-01,Ecommerce,Private Equity,Gurgaon,2017,5,2017-05-01
Genblock Capital,5.81,1,2021-09-01,Blockchain,Seed,Chennai,2021,9,2021-09-01
Tmt Connekt,5.81,1,2021-04-01,Ecommerce,Pre-Series A,Hyderabad,2021,4,2021-04-01
Asp Consulting,5.81,1,2015-10-01,Exclusive For Doctors & Healthcare Professionals,Seed,Pune,2015,10,2015-10-01
Eureka Forbes Ltd,5.81,1,2016-10-01,Consumer Internet,Private Equity,Bangalore,2016,10,2016-10-01
Stacks Accelerator,5.81,1,2021-08-01,Fintech,Seed,Bangalore,2021,8,2021-08-01
Ilearnfiunknownnce Academy Pvt. Ltd.,5.81,1,2017-05-01,Ecommerce,Private Equity,Gurgaon,2017,5,2017-05-01
Fluid Ventures,5.81,1,2021-12-01,Apparel & Fashion,Pre-Series A,Jaipur,2021,12,2021-12-01
﻿Titan Capital﻿,5.81,1,2021-11-01,Consumer Goods,Seed,Delhi,2021,11,2021-11-01
Saama Capital﻿,5.81,1,2021-11-01,Consumer Goods,Seed,Delhi,2021,11,2021-11-01
Mexc Global,5.81,1,2021-09-01,Blockchain,Seed,Chennai,2021,9,2021-09-01
Rishab Malik,5.81,1,2022-01-01,Food,Pre-Series A,Gurgaon,2022,1,2022-01-01
Mulberry Silks,5.81,1,2021-12-01,Apparel & Fashion,Pre-Series A,Jaipur,2021,12,2021-12-01
Xrm Media,5.81,1,2020-12-01,Marketing,Seed,Mumbai,2020,12,2020-12-01
Safe Planet Medicare,5.81,1,2021-04-01,Helathcare,Seed,Bangalore,2021,4,2021-04-01
Mytash,5.81,1,2022-01-01,Automotive,Unknown,Gurgaon,2022,1,2022-01-01
Jai Kumar And Mohan Karuppiah,5.81,1,2022-11-01,Food &Beverages,Seed,Chennai,2022,11,2022-11-01
Atul Singh,5.81,1,2022-01-01,Food,Pre-Series A,Gurgaon,2022,1,2022-01-01
Sbx Capital,5.81,1,2021-08-01,Fintech,Seed,Bangalore,2021,8,2021-08-01
Indus Age Partners,5.81,1,2015-08-01,Crowd Funding,Seed,Mumbai,2015,8,2015-08-01
Double Peak,5.81,1,2021-09-01,Blockchain,Seed,Chennai,2021,9,2021-09-01
Z Nation Lab,5.74,1,2017-11-01,Technology,Other,Mumbai,2017,11,2017-11-01
Insitor Partners,5.66,1,2020-01-01,Fintech,Debt,Delhi,2020,1,2020-01-01
Infocomm Investments,5.6,1,2016-08-01,Technology,Private Equity,Bangalore,2016,8,2016-08-01
Accel Partners Rnt Associates,5.6,1,2016-08-01,Technology,Private Equity,Bangalore,2016,8,2016-08-01
Yournest Venture Capital (Yournestunknownsanchiconnect Velocity Program 2024),5.6,1,2025-02-01,Iot & Ai Predictive Maintenance,Seed,Faridabad,2025,2,2025-02-01
Vikas Agarwal,5.57,2,2025-05-01,"Logistics, Korean Skin Clinic","Seed, Pre-Seed","Mumbai, Gurgaon",2025,5,2025-05-01
Ideation Initiative Pvt. Ltd,5.56,1,2016-09-01,Edtech,Seed,Bangalore,2016,9,2016-09-01
Risers Accelerators,5.56,1,2020-03-01,Media,Unknown,Unknown,2020,3,2020-03-01
Careernet Consulting Pvt. Ltd,5.56,1,2016-09-01,Edtech,Seed,Bangalore,2016,9,2016-09-01
Dr. Aniruddha Malpani,5.41,3,2017-11-01,"Technology, Consumer Internet, Smart Safety Wearable Devices","Seed, Other","Mumbai, Pune, Delhi",2017,11,2017-11-01
Dinesh Agarwal (Indiamart),5.4,1,2024-10-01,Traveltech,Seed,Delhi,2024,10,2024-10-01
Murugavel Jaunknownkiraman (Bharatmatrimony),5.4,1,2024-10-01,Traveltech,Seed,Delhi,2024,10,2024-10-01
Chandru Badriunknownrayaunknownn,5.39,1,2015-08-01,Fund Raising For,Seed,Pune,2015,8,2015-08-01
Kuunknownl Bajaj,5.39,1,2015-08-01,Fund Raising For,Seed,Pune,2015,8,2015-08-01
Raghav Singhal,5.35,1,2025-07-01,Ecommerce,Seed,Delhi,2025,7,2025-07-01
Aabhas Khanunknown,5.35,1,2025-07-01,Ecommerce,Seed,Delhi,2025,7,2025-07-01
Santosh Govindaraju,5.35,1,2025-07-01,Ecommerce,Seed,Delhi,2025,7,2025-07-01
Abhishek Chopra,5.35,1,2025-07-01,Ecommerce,Seed,Delhi,2025,7,2025-07-01
Coleman,5.3369,1,2025-06-01,Real Estate,Unknown,Chennai,2025,6,2025-06-01
Bharath,5.31,1,2015-10-01,Residential Rental Management,Seed,Bangalore,2015,10,2015-10-01
Shrikanth,5.31,1,2015-10-01,Residential Rental Management,Seed,Bangalore,2015,10,2015-10-01
Atul Jalan,5.31,1,2015-10-01,Residential Rental Management,Seed,Bangalore,2015,10,2015-10-01
O2 Angels,5.3,1,2025-07-01,Advanced Hardware & Technology,Pre-Series A,Chennai,2025,7,2025-07-01
Swastika Company Ltd,5.24,3,2016-08-01,"Consumer Internet, Technology",Seed,"Pune, Gurgaon, Noida",2016,8,2016-08-01
Va Sastry,5.19,1,2015-05-01,Customer Engagement,Seed,Bangalore,2015,5,2015-05-01
Mike Shah,5.19,1,2015-05-01,Customer Engagement,Seed,Bangalore,2015,5,2015-05-01
Anoop Goyal,5.19,1,2015-05-01,Customer Engagement,Seed,Bangalore,2015,5,2015-05-01
Arun Malhotra,5.15,1,2017-04-01,Consumer Internet,Seed,Delhi,2017,4,2017-04-01
Ajvc,5.15,3,2025-10-01,"Media & Entertainment > Internet First Media, Consumer, Ecommerce","Seed, Unknown, Pre-Seed","Delhi, Jaipur",2025,10,2025-10-01
Gaurav Kachru,5.15,1,2017-04-01,Consumer Internet,Seed,Delhi,2017,4,2017-04-01
Jatin Aneja,5.15,1,2017-04-01,Consumer Internet,Seed,Delhi,2017,4,2017-04-01
Sundeep Singh Sahni,5.15,1,2017-04-01,Consumer Internet,Seed,Delhi,2017,4,2017-04-01
Purvi Ventures,5.06,2,2016-06-01,Consumer Internet,Seed,"Bangalore, Gurgaon",2016,6,2016-06-01
Al Falaj Commercial Investment Co,5.0,1,2020-08-01,Ecommerce,Unknown,Delhi,2020,8,2020-08-01
Vistra Itcl India,5.0,1,2020-08-01,Ecommerce,Unknown,Delhi,2020,8,2020-08-01
Deepank Kumar,5.0,1,2025-01-01,Deep,Seed,Bhubaneswar,2025,1,2025-01-01
Nitin Zamre,5.0,1,2025-01-01,Deep,Seed,Bhubaneswar,2025,1,2025-01-01
Samir Kalia,5.0,1,2025-01-01,Deep,Seed,Bhubaneswar,2025,1,2025-01-01
Info Edge Ventures And Better Capital,5.0,1,2025-05-01,Community,Seed,Gurgaon,2025,5,2025-05-01
Artha Venture Fund And Pil Italica Lifestyle Limited,5.0,1,2024-12-01,Retail,Seed,Mumbai,2024,12,2024-12-01
Manit Gupta,5.0,1,2025-06-01,Decentralized Finance Defi,Pre-Seed,Gurgaon,2025,6,2025-06-01
Seafund,5.0,1,2025-01-01,Healthcare,Unspecified Round,Noida,2025,1,2025-01-01
Pontaq Vc,4.98,1,2024-08-01,Dronetech,Seed,Nashik,2024,8,2024-08-01
Sunil Sethia,4.98,1,2021-07-01,Food,Unknown,Chennai,2021,7,2021-07-01
High Networth Individuals (No Details),4.98,1,2015-09-01,Online Food Ordering & Delivery,Seed,Gurgaon,2015,9,2015-09-01
Pravin Jadhav,4.98,1,2021-06-01,Fintech,Seed,Delhi,2021,6,2021-06-01
World Startup Factory,4.98,1,2021-05-01,Biotechnology,Unknown,Delhi,2021,5,2021-05-01
Gabriel Investments,4.98,1,2015-12-01,Test Automation Saas,Seed,Hyderabad,2015,12,2015-12-01
Deepak Anchala,4.98,1,2024-08-01,B2B Sales,Pre-Seed,Bangalore,2024,8,2024-08-01
Rushikesh Bhandari,4.98,1,2024-08-01,Dronetech,Seed,Nashik,2024,8,2024-08-01
Subramanian Ramadorai,4.98,1,2016-08-01,Ecommerce,Seed,Delhi,2016,8,2016-08-01
Icici Bank.,4.98,1,2020-12-01,Edtech,Pre-Series A,Hyderabad,2020,12,2020-12-01
Startup Basket.,4.98,1,2020-10-01,Healthcare,Seed,Bangalore,2020,10,2020-10-01
Viral Bajaria,4.98,1,2024-08-01,B2B Sales,Pre-Seed,Bangalore,2024,8,2024-08-01
Krishunknown Kumar,4.98,1,2021-09-01,Fintech,Pre-Seed,Bangalore,2021,9,2021-09-01
Ravi Nigam,4.98,1,2016-08-01,Ecommerce,Seed,Delhi,2016,8,2016-08-01
Mape Advisory Group,4.98,1,2015-11-01,Branded Food Products Online Sales,Private Equity,Bangalore,2015,11,2015-11-01
Kiran Deshpande,4.98,1,2016-08-01,Ecommerce,Seed,Delhi,2016,8,2016-08-01
Gordon And Betty Moore Foundation,4.98,1,2015-11-01,Numerical Computing & Data Science,Seed,Bangalore,2015,11,2015-11-01
Harsha Bhogle,4.98,1,2021-04-01,Fantasy Sports,Unknown,Gurgaon,2021,4,2021-04-01
2 Am Vc,4.98,1,2022-01-01,Information Technology &,Unknown,Delhi,2022,1,2022-01-01
Anup Kumar Yama,4.98,1,2021-06-01,Recruitment,Unknown,Hyderabad,2021,6,2021-06-01
Manish Mardia,4.98,1,2021-07-01,Food,Unknown,Chennai,2021,7,2021-07-01
Al Nour Interunknowntiounknownl Holdings And Mark V Investments,4.98,1,2019-02-01,Nanotechnology,Series A,Delhi,2019,2,2019-02-01
Abiunknownshowatech (India) Ltd,4.98,1,2017-07-01,Technology,Seed,Bangalore,2017,7,2017-07-01
Rebel Foods,4.98,1,2020-12-01,Food,Unknown,Belgaum,2020,12,2020-12-01
Lensbridge Capital,4.98,1,2015-11-01,Branded Food Products Online Sales,Private Equity,Bangalore,2015,11,2015-11-01
Enture Catalyst,4.98,1,2021-10-01,Translation & Localization,Seed,Noida,2021,10,2021-10-01
Noshir Kaka,4.98,1,2016-08-01,Ecommerce,Seed,Delhi,2016,8,2016-08-01
Vetri Vellore,4.98,1,2024-08-01,B2B Sales,Pre-Seed,Bangalore,2024,8,2024-08-01
Ritu Kapur,4.98,1,2015-09-01,Community Driven News/Views,Seed,Delhi,2015,9,2015-09-01
Aunknownnta Bizcon Llp,4.98,1,2024-08-01,Dronetech,Seed,Nashik,2024,8,2024-08-01
Anuj Srivastava,4.9799999999999995,2,2016-03-01,"Healthcare, Online Products Discovery",Seed,"Bangalore, Gurgaon",2016,3,2016-03-01
Silver Lake,4.970000000000001,2,2020-10-01,"Retail, Multinational Conglomerate",Unknown,Mumbai,2020,10,2020-10-01
Momentum Capital,4.96,1,2025-09-01,Clean,Unknown,Bangalore,2025,9,2025-09-01
Abhishek Agarwal,4.94,1,2016-07-01,Logistics,Seed,Mumbai,2016,7,2016-07-01
Sarthak And Nihit Agarwal,4.94,1,2016-07-01,Logistics,Seed,Mumbai,2016,7,2016-07-01
Suramya Gupta,4.94,1,2016-07-01,Logistics,Seed,Mumbai,2016,7,2016-07-01
Krishunknownkumar Nataraj,4.94,1,2016-07-01,Logistics,Seed,Mumbai,2016,7,2016-07-01
Shanti Mohan,4.94,1,2016-07-01,Logistics,Seed,Mumbai,2016,7,2016-07-01
Mubadala Investment Company,4.82,1,2020-10-01,Retail,Unknown,Mumbai,2020,10,2020-10-01
Amit Singal,4.78,3,2021-06-01,"Healthcare, Fintech, Consulting","Seed, Other","Jaipur, Noida, Delhi",2021,6,2021-06-01
Arun Garg,4.73,1,2017-11-01,Fintech,Seed,Delhi,2017,11,2017-11-01
Apoorva Sharma,4.73,1,2021-10-01,Textiles,Seed,Mumbai,2021,10,2021-10-01
Parmeshwar Sharma,4.73,1,2017-11-01,Fintech,Seed,Delhi,2017,11,2017-11-01
Manish Poddar,4.73,1,2017-11-01,Fintech,Seed,Delhi,2017,11,2017-11-01
Kaynes Technology),4.7,1,2025-09-01,Ecommerce,Seed,Bangalore,2025,9,2025-09-01
Ramesh Kanunknownn (Md,4.7,1,2025-09-01,Ecommerce,Seed,Bangalore,2025,9,2025-09-01
Inmobi,4.6899999999999995,2,2024-09-01,"Non Profit Organization To Alleviate Poverty, Technology","Seed, Angel","Bangalore, Unknown",2024,9,2024-09-01
Pras Hanuma,4.65,1,2020-12-01,Edtech,Seed,Bangalore,2020,12,2020-12-01
And Gsf Accelerator.,4.65,1,2020-12-01,Edtech,Seed,Bangalore,2020,12,2020-12-01
Reazon Capital,4.57,1,2025-04-01,Travel,Pre-Seed,Bangalore,2025,4,2025-04-01
Startup Buddy,4.57,2,2019-11-01,"Last Mile Transportation, Technology","Seed, Other","Amritsar, Mumbai",2019,11,2019-11-01
Unknown Ex Mckinsey Directors And Partners,4.57,1,2016-08-01,Consumer Internet,Seed,Mumbai,2016,8,2016-08-01
Aunknownnd Ladsariya,4.57,2,2016-09-01,Consumer Internet,Seed,"Noida, Bangalore",2016,9,2016-09-01
Hunch Ventures,4.57,1,2017-10-01,Consumer Internet,Seed,Gurgaon,2017,10,2017-10-01
Nirupa Shankar,4.57,1,2016-04-01,Food,Seed,Bangalore,2016,4,2016-04-01
Sidharth Pansari,4.57,1,2016-04-01,Food,Seed,Bangalore,2016,4,2016-04-01
Apurva Salapuria,4.57,1,2016-04-01,Food,Seed,Bangalore,2016,4,2016-04-01
Rajiv Nayan,4.57,1,2015-05-01,Workforce Management Software,Seed,Bangalore,2015,5,2015-05-01
Citrus Payments,4.57,1,2017-10-01,Consumer Internet,Seed,Gurgaon,2017,10,2017-10-01
Tlabs,4.53,1,2020-08-01,Edtech,Unknown,Noida,2020,8,2020-08-01
Tangent Advisors,4.5,1,2024-08-01,Food,Seed,Delhi,2024,8,2024-08-01
Ashish Singh,4.5,1,2024-10-01,Wellness,Angel,Delhi,2024,10,2024-10-01
Ankit Khunknowndelwal,4.5,1,2024-10-01,Wellness,Angel,Delhi,2024,10,2024-10-01
Dyunknownmic It Solution Private Limited (Subsidiary Of Brainbees Solutions),4.5,1,2024-10-01,Ecommerce,Other,Delhi,2024,10,2024-10-01
Rk Family Trust,4.5,1,2024-08-01,Food,Seed,Delhi,2024,8,2024-08-01
Gyanesh Sharma (Dotpe),4.5,1,2024-10-01,Wellness,Angel,Delhi,2024,10,2024-10-01
Abhijeet Raunknown,4.5,1,2024-10-01,Wellness,Angel,Delhi,2024,10,2024-10-01
Freeflow Ventures,4.5,1,2024-08-01,Food,Seed,Delhi,2024,8,2024-08-01
Siddhartha Sacheti,4.5,1,2024-08-01,Fintech,Unspecified Round,Chennai,2024,8,2024-08-01
Mox,4.49,2,2020-10-01,"SaaS, Technology","Seed, Unknown","Noida, Mumbai",2020,10,2020-10-01
Deependra Bisht,4.48,1,2021-09-01,Mobility,Seed,Bangalore,2021,9,2021-09-01
Suhail Rahman,4.48,1,2017-07-01,Technology,Seed,Bangalore,2017,7,2017-07-01
Brigade Innovations Llp,4.48,1,2017-07-01,Technology,Seed,Bangalore,2017,7,2017-07-01
Krishunknown D,4.48,1,2021-09-01,Mobility,Seed,Bangalore,2021,9,2021-09-01
Vineet Singh,4.48,1,2021-09-01,Mobility,Seed,Bangalore,2021,9,2021-09-01
Bobby Reddy,4.48,1,2017-07-01,Technology,Seed,Bangalore,2017,7,2017-07-01
M George Oommen,4.48,1,2017-07-01,Technology,Seed,Bangalore,2017,7,2017-07-01
Alan Aim,4.48,1,2021-09-01,Mobility,Seed,Bangalore,2021,9,2021-09-01
Suncoast Investments,4.46,1,2017-12-01,Ecommerce,Other,Mumbai,2017,12,2017-12-01
Mountain Pain Capital,4.46,1,2017-12-01,Ecommerce,Other,Mumbai,2017,12,2017-12-01
Amogh Kmar Gupta,4.44,1,2022-07-01,Technology,Seed,Delhi,2022,7,2022-07-01
Ravi Krishunknownmurthy,4.4,1,2015-11-01,Kids Tool Kit For Innovation,Seed,Bangalore,2015,11,2015-11-01
Swan Angel Network,4.359999999999999,2,2016-08-01,"Logistics, Consumer Internet",Seed,"Indore, Mumbai",2016,8,2016-08-01
U.S. Investors,4.3,1,2025-03-01,Humanoid Robotics,Pre-Seed,Ernakulam,2025,3,2025-03-01
Pradeep K Jaisingh,4.1899999999999995,2,2021-05-01,"Healthcare, Edtech","Seed, Pre-Series A","Bangalore, Mumbai",2021,5,2021-05-01
Vida Ventures,4.16,2,2017-11-01,"Technology, Consumer Internet","Other, Seed","Mumbai, Bangalore",2017,11,2017-11-01
Tvs Capital Funds And Athera Venture Partners,4.15,1,2022-11-01,Information&Technology,Series A,Bangalore,2022,11,2022-11-01
Kiyohiro Sugashita,4.15,1,2015-07-01,Hyperlocal Grocery,Private Equity,Gurgaon,2015,7,2015-07-01
Climate Angels Fund,4.15,1,2021-07-01,Consumer Goods,Seed,Mumbai,2021,7,2021-07-01
Srinivas Tirupati,4.15,1,2015-06-01,Architectural Design & Consulting,Seed,Hyderabad,2015,6,2015-06-01
Tvs Group,4.15,1,2016-11-01,Consumer Internet,Seed,Mumbai,2016,11,2016-11-01
Dr Ranjan Pai,4.15,1,2022-02-01,Information Technology &,Pre-Series A,Bangalore,2022,2,2022-02-01
14 Others,4.15,1,2016-08-01,Consumer Internet,Seed,Bangalore,2016,8,2016-08-01
Anshu Sharma,4.15,1,2015-06-01,Analytics,Seed,Bangalore,2015,6,2015-06-01
. Info Edge Ventures And Vertex Ventures Southeast Asia,4.15,1,2022-07-01,Ecommerce,Seed,Delhi,2022,7,2022-07-01
Agility Venture Partners,4.15,3,2021-04-01,"Milk, Ecommerce, Cosmetics","Seed, Unknown","Ranchi, Gurgaon, Haryana",2021,4,2021-04-01
Roha Investment Maunknowngers,4.15,1,2021-06-01,Innovation Management,Pre-Series A,Mumbai,2021,6,2021-06-01
Chatsworth Maunknowngement,4.15,1,2016-05-01,Consumer Internet,Seed,Delhi,2016,5,2016-05-01
Mercury Fund,4.15,1,2015-06-01,Analytics,Seed,Bangalore,2015,6,2015-06-01
Credika And Ununknownmed Angel Investors,4.15,1,2018-05-01,Fintech,Other,Bangalore,2018,5,2018-05-01
Prashant Pansare,4.15,1,2021-10-01,Fintech,Pre-Seed,Bangalore,2021,10,2021-10-01
Bookmyshow),4.15,1,2019-08-01,Consumer Goods,Seed,Bangalore,2019,8,2019-08-01
Teruhide Sato,4.15,1,2015-03-01,Other,Seed,Unknown,2015,3,2015-03-01
Cio Angel Network,4.15,1,2016-06-01,Consumer Internet,Private Equity,Delhi,2016,6,2016-06-01
Mr. Manoj Prasad,4.15,1,2018-04-01,Consumer Internet,Other,Delhi,2018,4,2018-04-01
Yogesh Chaudhary,4.15,1,2022-01-01,Information Technology &,Unknown,Bangalore,2022,1,2022-01-01
Brahmax Ventures,4.15,1,2015-12-01,Medical Consultation & Doctor Appointment Booking,Private Equity,Gurgaon,2015,12,2015-12-01
Mike Galgon,4.15,1,2015-11-01,Mobile Growth Hackingnplatform,Seed,Hyderabad,2015,11,2015-11-01
\\Xc2\\Xa0 Tracxn Labs,4.15,1,2016-02-01,Fintech,Seed,Bangalore,2016,2,2016-02-01
Technology Development Board (Ministry Of Science,4.15,1,2025-09-01,Clean,Unknown,Chennai,2025,9,2025-09-01
Technology),4.15,1,2025-09-01,Clean,Unknown,Chennai,2025,9,2025-09-01
Gurj Aujla,4.15,1,2021-05-01,Electronics,Pre-Series A,Hyderabad,2021,5,2021-05-01
Krs Jamwal,4.15,1,2025-02-01,Gaming Commerce,Seed,Gurgaon,2025,2,2025-02-01
Pankaj Fitkariwala,4.15,1,2022-02-01,Information Technology &,Pre-Series A,Bangalore,2022,2,2022-02-01
Investment Trust Of India,4.15,1,2020-04-01,Other,Unknown,Bangalore,2020,4,2020-04-01
Yusho Kawata,4.15,1,2020-01-01,SaaS,Seed,Indore,2020,1,2020-01-01
Aig Direct Llc,4.15,1,2024-08-01,Edtech,Pre-Series A,Gurgaon,2024,8,2024-08-01
Mount Nathan Advisors Pte Ltd,4.15,1,2015-11-01,Auto Insurance Online,Seed,Gurgaon,2015,11,2015-11-01
Aditya,4.15,1,2021-10-01,Fintech,Unknown,Delhi,2021,10,2021-10-01
Lomesh Agarwal,4.15,1,2017-04-01,Consumer Internet,Seed,Delhi,2017,4,2017-04-01
\\Xc2\\Xa0 Mohit Saxeunknown,4.15,1,2015-11-01,Mobile Growth Hackingnplatform,Seed,Hyderabad,2015,11,2015-11-01
Ah! Ventures High Tables,4.15,1,2021-08-01,Sportstech,Pre-Series A,Bangalore,2021,8,2021-08-01
Angel Investors (Uday Sodhi,4.15,1,2025-02-01,Gaming Commerce,Seed,Gurgaon,2025,2,2025-02-01
Tahseen Consulting,4.15,1,2021-02-01,Healthcare,Unknown,Hyderabad,2021,2,2021-02-01
Srini Anumolu,4.15,1,2022-02-01,Furniture,Pre-Series A,Bangalore,2022,2,2022-02-01
Crazy Labs,4.15,1,2020-07-01,Gaming,Unknown,Mumbai,2020,7,2020-07-01
Ashik K,4.15,1,2021-05-01,Electronics,Pre-Series A,Hyderabad,2021,5,2021-05-01
Aunknownnd Swaroop,4.15,1,2022-03-01,International Trade & Development,Seed,Bangalore,2022,3,2022-03-01
Lindwall Family Investments Llc (Lfi),4.15,1,2018-07-01,Fintech,Private Equity,Hyderabad,2018,7,2018-07-01
Koen Bouwers,4.15,1,2017-04-01,Consumer Internet,Seed,Delhi,2017,4,2017-04-01
Fundnel,4.15,1,2016-04-01,Consumer Internet,Seed,Mumbai,2016,4,2016-04-01
Beyondseed And The Chenunknowni Angels,4.15,1,2022-10-01,Nutrition,Unknown,Delhi,2022,10,2022-10-01
Ortella Global Capital (Og Capital),4.15,1,2024-12-01,Media And Entertainment,Pre-Series A,Bangalore,2024,12,2024-12-01
Ripplewave,4.15,1,2015-08-01,Securityxc2Xa0 Testing,Seed,Mumbai,2015,8,2015-08-01
Pratyush Prasanunknown,4.15,1,2015-06-01,Analytics,Seed,Bangalore,2015,6,2015-06-01
Accion Venture Labs,4.15,1,2015-03-01,Other,Private Equity,Unknown,2015,3,2015-03-01
Pratham Mittal,4.15,1,2025-02-01,Gaming Commerce,Seed,Gurgaon,2025,2,2025-02-01
Ritesh Agarwal And Vijay Shekhar Sharma,4.15,1,2022-05-01,Broadcasting,Series A,Haryana,2022,5,2022-05-01
Contcentric,4.15,1,2021-01-01,Legaltech,Unknown,Ahmedabad,2021,1,2021-01-01
Anuj Ahuja,4.15,1,2021-10-01,Fintech,Unknown,Delhi,2021,10,2021-10-01
Jai Choi,4.15,1,2015-07-01,Hyperlocal Grocery,Private Equity,Gurgaon,2015,7,2015-07-01
Pablo Van Den Bosch,4.15,1,2017-04-01,Consumer Internet,Seed,Delhi,2017,4,2017-04-01
Riso Capital,4.15,1,2021-04-01,Technology,Unknown,Goa,2021,4,2021-04-01
Pallab Chatterjee,4.15,1,2015-06-01,Online Coupon & Comparison,Seed,Mumbai,2015,6,2015-06-01
Pallavi Nadhani,4.15,1,2022-01-01,Information Technology &,Unknown,Bangalore,2022,1,2022-01-01
Rishi Parti,4.15,1,2015-12-01,Medical Consultation & Doctor Appointment Booking,Private Equity,Gurgaon,2015,12,2015-12-01
Pankaj Agrawal,4.15,1,2022-02-01,Healthcare,Unknown,Noida,2022,2,2022-02-01
Gautam Gurunknownni,4.15,1,2022-02-01,Edtech,Unknown,Mumbai,2022,2,2022-02-01
Gaurav Sharma,4.15,1,2015-08-01,Securityxc2Xa0 Testing,Seed,Mumbai,2015,8,2015-08-01
Sucseed Ventures,4.15,1,2022-03-01,Information Technology &,Unknown,Bhopal,2022,3,2022-03-01
Sudhir Aunknownndarao,4.15,1,2016-03-01,Consumer Internet,Seed,Bangalore,2016,3,2016-03-01
Arkas Industries,4.15,1,2016-10-01,Consumer Internet,Seed,Gurgaon,2016,10,2016-10-01
Let\\Xe2\\X80\\X99S Venture,4.15,1,2016-12-01,Consumer Internet,Seed,Bangalore,2016,12,2016-12-01
Tnn Capital And Others,4.15,1,2015-11-01,Mobile Growth Hackingnplatform,Seed,Hyderabad,2015,11,2015-11-01
Robert Winters,4.15,1,2015-06-01,Analytics,Seed,Bangalore,2015,6,2015-06-01
Rockstart,4.15,1,2020-11-01,Agritech,Pre-Seed,Gurgaon,2020,11,2020-11-01
Bharat Vijay,4.15,1,2017-06-01,Consumer Internet,Seed,Bangalore,2017,6,2017-06-01
Krish Seshadri,4.15,1,2017-06-01,Consumer Internet,Seed,Bangalore,2017,6,2017-06-01
Mohit Lalvani,4.15,1,2016-08-01,Ecommerce,Seed,Mumbai,2016,8,2016-08-01
The Cowrks Foundry,4.15,1,2020-12-01,SaaS,Pre-Series A,Bangalore,2020,12,2020-12-01
Angel Investor Saumil Shah,4.15,1,2021-06-01,Innovation Management,Pre-Series A,Mumbai,2021,6,2021-06-01
\\Xc2\\Xa0 Group Of Other Angel Investors,4.15,1,2015-08-01,Ecommerce,Seed,Noida,2015,8,2015-08-01
Itw Digital,4.15,1,2016-05-01,Consumer Internet,Seed,Delhi,2016,5,2016-05-01
Aroa Venture Partners,4.15,1,2025-07-01,Travel,Pre-Seed,Mumbai,2025,7,2025-07-01
Rob Chandra,4.15,1,2016-01-01,Consumer Internet,Seed,Bangalore,2016,1,2016-01-01
Al Dhaheri Family,4.15,1,2017-02-01,Ecommerce,Private Equity,Bangalore,2017,2,2017-02-01
Freshmenu),4.15,1,2019-08-01,Consumer Goods,Seed,Bangalore,2019,8,2019-08-01
Pavan Bakeri,4.15,1,2017-04-01,Consumer Internet,Seed,Ahmedabad,2017,4,2017-04-01
Riddhesh Gandhi,4.15,1,2015-10-01,Job Board,Seed,Mumbai,2015,10,2015-10-01
Sab Holdings,4.15,1,2021-07-01,Human Resources,Unknown,Pune,2021,7,2021-07-01
Anuj Sanghi,4.15,1,2016-03-01,Consumer Internet,Seed,Noida,2016,3,2016-03-01
Jeroen Mensen,4.15,1,2017-04-01,Consumer Internet,Seed,Delhi,2017,4,2017-04-01
Suresh Shankar,4.15,1,2017-06-01,Technology,Private Equity,Bangalore,2017,6,2017-06-01
Supermorpheus And Eagle10 Ventures,4.15,1,2022-02-01,Healthcare,Unknown,Noida,2022,2,2022-02-01
Trillion Dollar Venture Partners,4.15,1,2025-09-01,Clean,Seed,Noida,2025,9,2025-09-01
Florintree Advisors And Archer Investment,4.15,1,2022-05-01,Food,Unknown,Pune,2022,5,2022-05-01
Jay Vijayan,4.15,1,2016-03-01,Consumer Internet,Seed,Chennai,2016,3,2016-03-01
Vikas Gautam,4.15,1,2025-02-01,AI,Seed,Bangalore,2025,2,2025-02-01
Skywalker,4.15,1,2024-08-01,Edtech,Series B,Bangalore,2024,8,2024-08-01
Huddle,4.15,1,2021-08-01,Logistics,Unknown,Mumbai,2021,8,2021-08-01
Mahesh Pratapneni,4.15,1,2015-06-01,Online Coupon & Comparison,Seed,Mumbai,2015,6,2015-06-01
Virenxia Group,4.15,1,2021-09-01,Fintech,Seed,Bangalore,2021,9,2021-09-01
Raveen Sastry (Counknownfounder,4.15,1,2019-08-01,Consumer Goods,Seed,Bangalore,2019,8,2019-08-01
Rajesh Jain,4.15,1,2021-09-01,Fintech,Seed,Bangalore,2021,9,2021-09-01
Mahesh Kothurkar,4.15,1,2018-02-01,Edtech,Private Equity,Mumbai,2018,2,2018-02-01
Satyen Kothari,4.15,1,2015-10-01,Job Board,Seed,Mumbai,2015,10,2015-10-01
Vishnu Reddy,4.15,1,2020-01-01,Deisgning,Series A,Hyderabad,2020,1,2020-01-01
Atul Phadnis,4.15,1,2015-08-01,Loyalty Programs & Reward Points,Private Equity,Mumbai,2015,8,2015-08-01
Broadbean Capital Services,4.15,1,2016-03-01,Consumer Internet,Private Equity,Bangalore,2016,3,2016-03-01
Deepak Gurunknownni,4.15,1,2017-03-01,Consumer Internet,Seed,Bangalore,2017,3,2017-03-01
Viswaunknownth Ramachandran,4.15,1,2015-08-01,Securityxc2Xa0 Testing,Seed,Mumbai,2015,8,2015-08-01
Matrix Partners Chiunknown,4.15,1,2024-08-01,Edtech,Series B,Bangalore,2024,8,2024-08-01
Keshav Sanghi,4.15,1,2015-10-01,Job Board,Seed,Mumbai,2015,10,2015-10-01
Venture Nursery Angels Mumbai Angels,4.15,1,2015-02-01,Other,Other,Unknown,2015,2,2015-02-01
Sekhar Puli,4.15,1,2020-01-01,Agritech,Unknown,Gurgaon,2020,1,2020-01-01
Sandiep Shrivatsava,4.15,1,2015-05-01,Online Table Reservation,Seed,Bangalore,2015,5,2015-05-01
Huddle Accelerator,4.15,1,2020-12-01,Retail,Seed,Delhi,2020,12,2020-12-01
Indochine Interunknowntiounknownl,4.15,1,2017-01-01,Consumer Internet,Private Equity,Bangalore,2017,1,2017-01-01
Evonexus,4.15,1,2020-10-01,AI,Bridge,Irvine,2020,10,2020-10-01
Rahul Mehta,4.15,2,2022-03-01,"Consumer Internet, Internet Publishing",Seed,"Mumbai, Jaipur",2022,3,2022-03-01
Myntra) And Mitesh Shah (Fiunknownnce Chief,4.15,1,2019-08-01,Consumer Goods,Seed,Bangalore,2019,8,2019-08-01
I2India Ventures,4.15,1,2015-05-01,Parents Focused Web Content,Seed,Bangalore,2015,5,2015-05-01
Nadir B Godrej,4.15,1,2021-10-01,Investment Banking,Unknown,Delhi,2021,10,2021-10-01
Shailesh Singh,4.15,1,2015-08-01,Hotel Booking,Seed,Noida,2015,8,2015-08-01
I2India Pvt Ltd,4.15,1,2015-06-01,Intracity Logistics,Seed,Bangalore,2015,6,2015-06-01
Rahul Gupta,4.15,1,2022-02-01,Edtech,Unknown,Mumbai,2022,2,2022-02-01
Asuka Holding,4.15,1,2020-06-01,SaaS,Other,Mumbai,2020,6,2020-06-01
Rajit Bhattacharya,4.15,1,2025-02-01,Gaming Commerce,Seed,Gurgaon,2025,2,2025-02-01
Naveen Agarwal,4.15,1,2025-02-01,AI,Seed,Bangalore,2025,2,2025-02-01
Ankit Das),4.15,1,2025-02-01,Gaming Commerce,Seed,Gurgaon,2025,2,2025-02-01
Real Estate Accelerator Program (Reap),4.15,1,2021-03-01,Cleantech,Unknown,Bangalore,2021,3,2021-03-01
Venky Krishunknownkumar,4.15,1,2017-06-01,Technology,Private Equity,Bangalore,2017,6,2017-06-01
Ninestarter,4.15,1,2016-04-01,Consumer Internet,Seed,Bangalore,2016,4,2016-04-01
Daituzi,4.15,1,2024-08-01,Edtech,Series B,Bangalore,2024,8,2024-08-01
Sharad Sharma,4.15,1,2016-08-01,Consumer Internet,Seed,Bangalore,2016,8,2016-08-01
Hungama,4.15,1,2021-03-01,Gaming,Unknown,Mumbai,2021,3,2021-03-01
Amar Arsikere,4.15,1,2017-06-01,Consumer Internet,Seed,Bangalore,2017,6,2017-06-01
Social Alpha (India),4.15,1,2020-10-01,Agritech,Seed,Bangalore,2020,10,2020-10-01
Matrimony.Com,4.15,1,2025-10-01,Consumer > Religion,Seed,Karnataka,2025,10,2025-10-01
Instalabs,4.15,1,2016-08-01,Consumer Internet,Seed,Gurgaon,2016,8,2016-08-01
Himanshu Bhagat,4.15,1,2022-02-01,Information Technology &,Pre-Series A,Bangalore,2022,2,2022-02-01
Evc Ventures,4.15,1,2016-04-01,Consumer Internet,Seed,Gurgaon,2016,4,2016-04-01
Dewang Neralla,4.15,1,2018-02-01,Edtech,Private Equity,Mumbai,2018,2,2018-02-01
Rashmi Daga (Founder,4.15,1,2019-08-01,Consumer Goods,Seed,Bangalore,2019,8,2019-08-01
John Abraham,4.15,1,2021-08-01,Consumer Goods,Pre-Series A,Mumbai,2021,8,2021-08-01
Eros Labs,4.15,1,2016-09-01,Consumer Internet,Seed,Delhi,2016,9,2016-09-01
We Founder Circle (Wfc),4.15,1,2025-02-01,Logistics,Seed,Gurgaon,2025,2,2025-02-01
Internet Group,4.15,1,2015-11-01,Mobile Growth Hackingnplatform,Seed,Hyderabad,2015,11,2015-11-01
Brand Capital And Others,4.15,1,2018-07-01,Healthcare,Other,Bangalore,2018,7,2018-07-01
Karunknowntaka Semiconductor Venture Capital Firm,4.15,1,2015-11-01,Smartwatch Maker,Seed,Belgaum,2015,11,2015-11-01
Atul Agarwal,4.15,1,2018-02-01,Edtech,Private Equity,Mumbai,2018,2,2018-02-01
Hetal Sonpal,4.15,1,2017-08-01,Consumer Internet,Seed,Mumbai,2017,8,2017-08-01
Newfort Capital,4.15,1,2018-01-01,Technology,Other,Bangalore,2018,1,2018-01-01
Undisclosed Private Investors,4.15,1,2015-10-01,Professionals & Project Search,Seed,Delhi,2015,10,2015-10-01
Ashim Mehra,4.15,1,2015-11-01,Mobile Growth Hackingnplatform,Seed,Hyderabad,2015,11,2015-11-01
Nativelead Foundation,4.15,1,2020-12-01,Ecommerce,Unknown,Tirunelveli,2020,12,2020-12-01
Mukesh Maniar,4.15,1,2022-02-01,Edtech,Unknown,Mumbai,2022,2,2022-02-01
Rajesh Arora,4.15,1,2016-10-01,Consumer Internet,Seed,Gurgaon,2016,10,2016-10-01
Keyur Joshi,4.15,1,2017-04-01,Consumer Internet,Seed,Ahmedabad,2017,4,2017-04-01
Unitus Seed Fund\\Nnarayan Ramachandran,4.15,1,2015-02-01,Other,Other,Unknown,2015,2,2015-02-01
Hindustan Talkies,4.15,1,2021-03-01,Gaming,Unknown,Mumbai,2021,3,2021-03-01
Wealth First,4.15,1,2015-08-01,Loyalty Programs & Reward Points,Private Equity,Mumbai,2015,8,2015-08-01
Ankur Singla,4.15,1,2016-03-01,Consumer Internet,Seed,Bangalore,2016,3,2016-03-01
Aarin Capital Partners,4.15,1,2015-12-01,Enterprise Marketing Automation,Seed,Delhi,2015,12,2015-12-01
Alok Garg,4.15,1,2020-03-01,Real Estate,Pre-Series A,Noida,2020,3,2020-03-01
Hirokazu,4.15,1,2015-07-01,Hyperlocal Grocery,Private Equity,Gurgaon,2015,7,2015-07-01
Manickam Mahalingam,4.15,1,2016-10-01,Consumer Internet,Seed,Gurgaon,2016,10,2016-10-01
Nihon Kotsu,4.15,1,2015-08-01,Taxi Rental,Private Equity,Gurgaon,2015,8,2015-08-01
Ankur Warikoo,4.15,1,2016-03-01,Consumer Internet,Seed,Bangalore,2016,3,2016-03-01
Ghv Accelerator,4.1499999999999995,3,2016-11-01,"Consumer Internet, On Demand Mobile Developer, Car Maintenance & Management Mobile",Seed,"Delhi, Kolkata, Gurgaon",2016,11,2016-11-01
Iim Calcutta Innovation Park,4.1499999999999995,2,2021-11-01,"Fintech, B2B",Unknown,"Hyderabad, Delhi",2021,11,2021-11-01
Ness Wadia,4.07,1,2015-11-01,Event Ticketing,Private Equity,Pune,2015,11,2015-11-01
Quarizon,4.05,3,2016-12-01,"Consumer Internet, Food",Seed,"Delhi, Mumbai, Noida",2016,12,2016-12-01
Rainforest Ventures,4.03,1,2019-11-01,Healthcare,Series B,Gurgaon,2019,11,2019-11-01
Iit Madras Incubation Cell (Iitmic),4.0,1,2024-10-01,Other,Seed,Unknown,2024,10,2024-10-01
Eaglewings Ventures,4.0,1,2024-12-01,Fintech,Pre-Seed,India,2024,12,2024-12-01
Vatvistaar Ventures,4.0,1,2024-11-01,3D Geospatial,Pre-Series A,Kolkata,2024,11,2024-11-01
Manish Dureja,4.0,1,2025-01-01,Agetech,Pre-Seed,Bangalore,2025,1,2025-01-01
Tie,4.0,1,2024-11-01,3D Geospatial,Pre-Series A,Kolkata,2024,11,2024-11-01
Rohit Rajput,4.0,1,2024-10-01,Energy Analytics,Seed,Gurgaon,2024,10,2024-10-01
Spectrum Impact (Aarti Industries Family Office),4.0,1,2024-11-01,Electric Vehicles,Seed,Chennai,2024,11,2024-11-01
Dfan,4.0,1,2024-10-01,Energy Analytics,Seed,Gurgaon,2024,10,2024-10-01
Peakxv Spark,4.0,1,2024-12-01,Fintech,Pre-Seed,India,2024,12,2024-12-01
Jito Incubation And Innovation Foundation (Jiif) And Family Offices,4.0,1,2025-05-01,Storage,Growth,Noida,2025,5,2025-05-01
And Daimler India Commercial Vehicles (Dicv),4.0,1,2024-10-01,Other,Seed,Unknown,2024,10,2024-10-01
Viunknowny Jain,4.0,1,2025-01-01,Agetech,Pre-Seed,Bangalore,2025,1,2025-01-01
Goel Group,4.0,1,2024-10-01,Other,Seed,Unknown,2024,10,2024-10-01
Srikar Reddy (Ian Angel),4.0,1,2024-10-01,Energy Analytics,Seed,Gurgaon,2024,10,2024-10-01
Tudip Ventures,4.0,1,2025-01-01,D2C Ethnic Wear,Seed,Delhi,2025,1,2025-01-01
Guunknownvanth Vaid,3.91,1,2020-07-01,Beverage,Unknown,Chennai,2020,7,2020-07-01
Rtaf,3.9,1,2024-08-01,AI,Seed,Gurgaon,2024,8,2024-08-01
Nagaraja Prakasam,3.9,1,2020-01-01,Agritech,Unknown,Kochi,2020,1,2020-01-01
Keiretsu,3.9,1,2024-08-01,AI,Seed,Gurgaon,2024,8,2024-08-01
Anicut,3.9,1,2024-08-01,AI,Seed,Gurgaon,2024,8,2024-08-01
Mirah Hospitality,3.9,1,2015-07-01,Online Foodtech,Seed,Mumbai,2015,7,2015-07-01
Subhash Goyal,3.9,1,2015-05-01,Healthcare,Seed,Bangalore,2015,5,2015-05-01
Ccavenue,3.87,1,2017-05-01,Consumer Internet,Private Equity,Mumbai,2017,5,2017-05-01
Sourav Ganguly,3.85,1,2017-07-01,Consumer Internet,Seed,Mumbai,2017,7,2017-07-01
Ankit Aditya,3.85,1,2017-07-01,Consumer Internet,Seed,Mumbai,2017,7,2017-07-01
Moksh Sports Ventures,3.85,1,2017-07-01,Consumer Internet,Seed,Mumbai,2017,7,2017-07-01
Sheth Family Office,3.83,1,2025-06-01,Ecommerce,Pre-Series A,Mumbai,2025,6,2025-06-01
I'N Angel Fund,3.79,1,2025-08-01,Ecommerce,Seed,Bangalore,2025,8,2025-08-01
Calance Software; Amit Govil (Chairman,3.76,1,2025-09-01,Enterprise,Pre-Series A,Delhi,2025,9,2025-09-01
Calance Corporation),3.76,1,2025-09-01,Enterprise,Pre-Series A,Delhi,2025,9,2025-09-01
Bioangels (Ian Group),3.76,1,2025-09-01,Healthcare,Unknown,Lucknow,2025,9,2025-09-01
Zee Media,3.75,1,2024-10-01,Vernacular Dating,Other,Kolkata,2024,10,2024-10-01
Anirudh Damani,3.74,2,2016-05-01,"Technology, Consumer Internet",Seed,"Mumbai, Bangalore",2016,5,2016-05-01
Rukam Sitara,3.735,1,2025-06-01,Logistics,Seed,Delhi,2025,6,2025-06-01
Virendra Patel,3.73,1,2016-10-01,Technology,Seed,Ahmedabad,2016,10,2016-10-01
Mahindra Holidays,3.73,1,2016-10-01,Ecommerce,Private Equity,Bangalore,2016,10,2016-10-01
Unknown High Netunknownworth Individuals,3.73,1,2018-05-01,Fintech,Other,Chennai,2018,5,2018-05-01
Roopak Saluja,3.73,1,2016-05-01,Consumer Internet,Seed,Bangalore,2016,5,2016-05-01
Havya Sharma,3.73,1,2016-09-01,Consumer Internet,Seed,Noida,2016,9,2016-09-01
Resorts India Ltd,3.73,1,2016-10-01,Ecommerce,Private Equity,Bangalore,2016,10,2016-10-01
Amit Nagar,3.73,1,2016-09-01,Consumer Internet,Seed,Noida,2016,9,2016-09-01
Pk Gulati,3.73,1,2015-10-01,Public Commute Helper,Seed,Mumbai,2015,10,2015-10-01
Vivek Khare And Bijoy George,3.73,1,2018-06-01,Fintech,Other,Noida,2018,6,2018-06-01
Basab Pradhan,3.73,1,2018-06-01,Fintech,Other,Noida,2018,6,2018-06-01
Shubham Gupta,3.72,1,2016-09-01,Consumer Internet,Seed,Mumbai,2016,9,2016-09-01
Augment Ventures,3.72,1,2016-09-01,Consumer Internet,Seed,Mumbai,2016,9,2016-09-01
Rahul Kayan,3.72,1,2016-09-01,Consumer Internet,Seed,Mumbai,2016,9,2016-09-01
Sreenivasa Reddy Musani,3.72,1,2016-06-01,Consumer Internet,Seed,Hyderabad,2016,6,2016-06-01
Roy Kwan,3.72,1,2016-09-01,Consumer Internet,Seed,Mumbai,2016,9,2016-09-01
Nikhil Golcha,3.72,1,2016-09-01,Consumer Internet,Seed,Mumbai,2016,9,2016-09-01
Umang Kumar,3.69,1,2016-01-01,Consumer Internet,Seed,Delhi,2016,1,2016-01-01
100X Vc,3.68,2,2020-12-01,"Virtual Auditing, SaaS","Unknown, Pre-Series A","Bangalore, Delhi",2020,12,2020-12-01
India Quotient And Others,3.66,1,2017-01-01,Consumer Internet,Seed,Delhi,2017,1,2017-01-01
Rahul Khanunknown,3.66,2,2018-07-01,"Technology, Internet Of Things","Other, Seed",Gurgaon,2018,7,2018-07-01
Jayant Davar,3.65,1,2016-12-01,Consumer Internet,Seed,Bangalore,2016,12,2016-12-01
Mj Aravind,3.65,1,2016-12-01,Consumer Internet,Seed,Bangalore,2016,12,2016-12-01
Vikram Kotak,3.65,1,2016-12-01,Consumer Internet,Seed,Bangalore,2016,12,2016-12-01
\\Xc2\\Xa0 Ramkumar Nishtal,3.65,1,2016-12-01,Consumer Internet,Seed,Bangalore,2016,12,2016-12-01
Arjun Sharmaa,3.65,1,2016-12-01,Consumer Internet,Seed,Bangalore,2016,12,2016-12-01
Chief Operating Office At Idfc Bank,3.63,1,2018-07-01,Consumer Internet,Other,Gurgaon,2018,7,2018-07-01
Aditya Malik,3.63,1,2018-07-01,Consumer Internet,Other,Gurgaon,2018,7,2018-07-01
Hemant Luthra,3.62,1,2018-07-01,Technology,Other,Bangalore,2018,7,2018-07-01
Micro Venture Capital Firm Gems Partners And Others,3.62,1,2018-07-01,Technology,Other,Bangalore,2018,7,2018-07-01
Unilever,3.57,1,2019-04-01,Ecommerce,Private Equity,Bhopal,2019,4,2019-04-01
Beehive Capital Advisor,3.57,1,2019-04-01,Ecommerce,Private Equity,Bhopal,2019,4,2019-04-01
Abcom Investments,3.57,1,2019-04-01,Ecommerce,Private Equity,Bhopal,2019,4,2019-04-01
Parekh Marine Transport,3.57,1,2019-04-01,Ecommerce,Private Equity,Bhopal,2019,4,2019-04-01
Nalin Jain,3.5300000000000002,2,2015-09-01,"Study Material, Exam Preparation",Seed,Delhi,2015,9,2015-09-01
Battery Road Digital Holdings Llc,3.5,1,2017-09-01,Consumer Internet,Seed,Bangalore,2017,9,2017-09-01
Peerplays,3.49,1,2020-02-01,Edtech,Unknown,Unknown,2020,2,2020-02-01
Epigamia,3.44,1,2022-01-01,D2C,Seed,Delhi,2022,1,2022-01-01
Beardo,3.44,1,2022-01-01,D2C,Seed,Delhi,2022,1,2022-01-01
Renee Cosmetics,3.44,1,2022-01-01,D2C,Seed,Delhi,2022,1,2022-01-01
T V Mohandas Pai,3.41,2,2015-02-01,Other,Other,Unknown,2015,2,2015-02-01
Ram Kumar Kakani,3.36,1,2017-01-01,"Consumer Internet, Healthcare",Seed,Bangalore,2017,1,2017-01-01
Manish Aggarwal,3.33,2,2021-06-01,"Fintech, Consulting",Seed,"Noida, Delhi",2021,6,2021-06-01
﻿ Titan Capital,3.32,1,2021-08-01,Edtech,Pre-Seed,Goa,2021,8,2021-08-01
Deepak Natraj,3.32,1,2017-02-01,Consumer Internet,Seed,Bangalore,2017,2,2017-02-01
Grex.In,3.32,2,2016-05-01,Technology,Seed,"Chennai, Pune",2016,5,2016-05-01
Bhavdeep Reddy,3.32,1,2015-09-01,Online Interior Designing,Seed,Bangalore,2015,9,2015-09-01
Piyush Shah,3.32,1,2015-06-01,Hyperlocal Handyman,Seed,Mumbai,2015,6,2015-06-01
Jaydeep Barman,3.32,1,2021-05-01,Sports,Seed,Gurgaon,2021,5,2021-05-01
Sven Hensen,3.32,1,2018-08-01,Food,Other,Bangalore,2018,8,2018-08-01
Tenzor Capital,3.32,1,2021-09-01,Fintech,Seed,Hyderabad,2021,9,2021-09-01
Neeraj Jawalkar,3.32,1,2015-11-01,Online Counselling And Psychological Support,Seed,Gwalior,2015,11,2015-11-01
Girish Matrubootham,3.32,1,2015-09-01,Employee Onboarding & Orientation,Seed,Noida,2015,9,2015-09-01
Astir Vc,3.32,1,2022-01-01,Edtech,Unknown,Mumbai,2022,1,2022-01-01
Kallol Banerjee,3.32,1,2021-05-01,Sports,Seed,Gurgaon,2021,5,2021-05-01
Indus Initiatives,3.32,1,2022-01-01,Edtech,Seed,Bangalore,2022,1,2022-01-01
Viraj Tyagi,3.32,1,2016-10-01,"Ecommerce, Online Art",Seed,Gurgaon,2016,10,2016-10-01
Syed Firdous Hussain,3.32,1,2022-03-01,Internet Publishing,Pre-Seed,Bangalore,2022,3,2022-03-01
Ginni Interunknowntiounknownl,3.32,1,2020-01-01,Dairy,Seed,Bangalore,2020,1,2020-01-01
Green House Ventures (Ghv),3.32,4,2016-02-01,"Consumer Internet, Ecommerce",Seed,"Delhi, Noida, Gurgaon",2016,2,2016-02-01
Naveen Tiwari,3.32,1,2015-06-01,Hyperlocal Handyman,Seed,Mumbai,2015,6,2015-06-01
Vineet Kumar And Deep Gupta,3.32,1,2022-07-01,Construction,Seed,Kochi,2022,7,2022-07-01
Old Fashion Research,3.32,1,2021-09-01,Fintech,Seed,Hyderabad,2021,9,2021-09-01
Sea Fund,3.32,1,2021-08-01,Retail,"Unknown, Pre-Series A",Cochin,2021,8,2021-08-01
Opus Consulting,3.32,1,2021-08-01,Technology,Pre-Seed,Bangalore,2021,8,2021-08-01
Manish Dugar,3.32,1,2015-06-01,Hyperlocal Handyman,Seed,Mumbai,2015,6,2015-06-01
Oswal Techno Ventures Llp,3.32,1,2015-10-01,Online Student & Campus Social Networking,Seed,Ahmedabad,2015,10,2015-10-01
Murugappa Group Company,3.32,1,2022-01-01,Machinery,Seed,Chennai,2022,1,2022-01-01
Mohit Saxeunknown,3.32,1,2015-06-01,Hyperlocal Handyman,Seed,Mumbai,2015,6,2015-06-01
Zeroth And Artesian Venture Partners,3.32,1,2018-08-01,Food,Other,Bangalore,2018,8,2018-08-01
Devdatt Shah,3.32,1,2021-08-01,Retail,"Unknown, Pre-Series A",Cochin,2021,8,2021-08-01
Habitat For Humanity Interunknowntiounknownl,3.32,1,2021-10-01,Mechanical Or Industrial Engineering,Unknown,Chennai,2021,10,2021-10-01
Family Office Of Kantamaneni,3.32,1,2021-11-01,Fintech,Unknown,Hyderabad,2021,11,2021-11-01
Better Capital And Acce,3.32,1,2022-09-01,Crypto Currency,Seed,Bangalore,2022,9,2022-09-01
Mahesh Murthy,3.32,1,2017-02-01,Consumer Internet,Seed,Bangalore,2017,2,2017-02-01
Smile Multimedia,3.32,1,2015-09-01,Employee Onboarding & Orientation,Seed,Noida,2015,9,2015-09-01
Farm To Fork,3.32,1,2018-08-01,Food,Other,Bangalore,2018,8,2018-08-01
Arts Alliance,3.32,1,2018-08-01,Food,Other,Bangalore,2018,8,2018-08-01
Muthu Krishunknownn,3.32,1,2020-01-01,Food & Nutrition,Unknown,Bangalore,2020,1,2020-01-01
Bitkemy Ventures,3.32,1,2016-06-01,Technology,Seed,Bangalore,2016,6,2016-06-01
Richard Rekhy,3.32,1,2021-03-01,Edtech,Seed,Delhi,2021,3,2021-03-01
Sanjay Aunknownndaram,3.32,1,2015-11-01,Online Counselling And Psychological Support,Seed,Gwalior,2015,11,2015-11-01
Tube Investment Of India,3.32,1,2022-01-01,Machinery,Seed,Chennai,2022,1,2022-01-01
Nothing Research,3.32,1,2021-09-01,Fintech,Seed,Hyderabad,2021,9,2021-09-01
Sandeep Singh,3.32,1,2020-01-01,Dairy,Seed,Bangalore,2020,1,2020-01-01
Blume Founder Fund,3.32,1,2021-12-01,Industrial Automation,Unknown,Bangalore,2021,12,2021-12-01
Nueva,3.32,1,2021-10-01,Consumer Goods,Seed,Gurgaon,2021,10,2021-10-01
Sajan Pillai,3.32,1,2020-01-01,Food & Nutrition,Unknown,Bangalore,2020,1,2020-01-01
Puneet Agarwal,3.32,1,2016-03-01,Healthcare,Seed,Bangalore,2016,3,2016-03-01
Florinetree Advisors,3.32,1,2022-07-01,Fashion,Series A,Bangalore,2022,7,2022-07-01
Yatra Angel Network (Yan),3.32,1,2021-08-01,Technology,Pre-Seed,Bangalore,2021,8,2021-08-01
100X.Vc﻿,3.32,1,2021-08-01,Edtech,Pre-Seed,Goa,2021,8,2021-08-01
Varun Aggarwal,3.32,1,2016-02-01,Consumer Internet,Seed,Hyderabad,2016,2,2016-02-01
Paradigm Shift Vc,3.32,1,2021-10-01,Human Resources,Seed,Bangalore,2021,10,2021-10-01
Goodwater Capital And Angellist Quant Fund,3.32,1,2022-08-01,Videogames,Seed,Haryana,2022,8,2022-08-01
Suresh Venkat,3.32,1,2016-02-01,Consumer Internet,Seed,Hyderabad,2016,2,2016-02-01
\\Xc2\\Xa0 91Springboard,3.32,1,2015-04-01,Interactive Educational Games,Seed,Jaipur,2015,4,2015-04-01
The Syndicate Fund,3.32,1,2018-08-01,Food,Other,Bangalore,2018,8,2018-08-01
Jagadeesh Atukuri,3.32,1,2021-10-01,Sports,Pre-Seed,Mumbai,2021,10,2021-10-01
Sunil Kamath,3.32,1,2020-12-01,Video Sharing,Unknown,Gurgaon,2020,12,2020-12-01
Gayatri Nikkam,3.32,1,2022-03-01,Internet Publishing,Pre-Seed,Bangalore,2022,3,2022-03-01
Ajmera Group Of Companies,3.32,1,2015-08-01,Professional Appointment Booking,Seed,Mumbai,2015,8,2015-08-01
Letsventure Investors,3.32,1,2015-08-01,Ondemand Beauty,Seed,Mumbai,2015,8,2015-08-01
Rahul Mathur,3.32,1,2021-08-01,Edtech,Pre-Seed,Goa,2021,8,2021-08-01
Raj Y,3.32,1,2016-02-01,Consumer Internet,Seed,Hyderabad,2016,2,2016-02-01
Manipal Technologies.,3.32,1,2021-08-01,Technology,Pre-Seed,Bangalore,2021,8,2021-08-01
Gaurav Mandlecha,3.32,1,2021-08-01,Edtech,Pre-Seed,Goa,2021,8,2021-08-01
Darq Capital,3.32,1,2021-10-01,Sports,Pre-Seed,Mumbai,2021,10,2021-10-01
Elisa Khong,3.32,1,2020-01-01,Dairy,Seed,Bangalore,2020,1,2020-01-01
Veginvest,3.32,1,2020-01-01,Dairy,Seed,Bangalore,2020,1,2020-01-01
Toyoda Gosei / Beyond Next Ventures,3.32,1,2025-10-01,Chemicals And Materials > Polymers,Series B,Rajasthan,2025,10,2025-10-01
Murali Subramanian,3.3,1,2024-11-01,Online Dispute Resolution,Pre-Series A,Bangalore,2024,11,2024-11-01
Rahul Guptan,3.3,1,2024-11-01,Online Dispute Resolution,Pre-Series A,Bangalore,2024,11,2024-11-01
Ram Bhamidi,3.3,1,2024-11-01,Online Dispute Resolution,Pre-Series A,Bangalore,2024,11,2024-11-01
Aneesh Garg,3.3,1,2024-11-01,Online Dispute Resolution,Pre-Series A,Bangalore,2024,11,2024-11-01
Ravi Bhardwaj,3.2,1,2017-08-01,Consumer Internet,Seed,Bangalore,2017,8,2017-08-01
Krishunknownkumar Natarajan,3.2,1,2017-08-01,Consumer Internet,Seed,Bangalore,2017,8,2017-08-01
Ivyleague Ventures,3.2,1,2024-10-01,Assistive Devices,Seed,Bangalore,2024,10,2024-10-01
Early Seed Ventures,3.2,1,2024-10-01,Genai Saas,Pre-Seed,Mumbai,2024,10,2024-10-01
Riqueza Capital,3.2,1,2015-11-01,Quick Restaurant & Online Delivery,Seed,Mumbai,2015,11,2015-11-01
Ojas Ventures,3.17,1,2017-03-01,Technology,Seed,Bangalore,2017,3,2017-03-01
Dena Co.,3.15,1,2015-01-01,Other,Other,Unknown,2015,1,2015-01-01
Kris Gopalkrishunknownn),3.15,1,2015-01-01,Other,Other,Unknown,2015,1,2015-01-01
Japan,3.15,1,2015-01-01,Other,Other,Unknown,2015,1,2015-01-01
50K Ventures,3.15,2,2016-04-01,"Consumer Internet, Virtual Reality Headset Creator",Seed,"Hyderabad, Bangalore",2016,4,2016-04-01
Teruhide Sato (In Addition To Mks Switzerland,3.15,1,2015-01-01,Other,Other,Unknown,2015,1,2015-01-01
Villgro Innovations Foundations,3.11,1,2022-03-01,Building Materials,Seed,Delhi,2022,3,2022-03-01
Ashish Chand,3.11,1,2017-02-01,Consumer Internet,Seed,Gurgaon,2017,2,2017-02-01
Gaurav Gupta,3.11,1,2021-05-01,Fintech,"Seed, Unknown",Bangalore,2021,5,2021-05-01
Rohit,3.11,1,2017-02-01,Consumer Internet,Seed,Gurgaon,2017,2,2017-02-01
Group Of Undisclosed Angel Investors,3.11,1,2016-05-01,Consumer Internet,Seed,Bangalore,2016,5,2016-05-01
Sunil Singh,3.11,1,2017-02-01,Consumer Internet,Seed,Gurgaon,2017,2,2017-02-01
Sachin Khandelwal And Others,3.11,1,2016-08-01,Logistics,Seed,Indore,2016,8,2016-08-01
Chandigarh Angels,3.11,1,2017-02-01,Consumer Internet,Seed,Gurgaon,2017,2,2017-02-01
Neeraj Goenka,3.07,1,2016-01-01,Fmcg,Seed,Mumbai,2016,1,2016-01-01
Farooq Adam Mukadam,3.07,1,2016-01-01,Fmcg,Seed,Mumbai,2016,1,2016-01-01
Gems Advisory,3.06,2,2018-04-01,Consumer Internet,"Other, Seed",Delhi,2018,4,2018-04-01
Pv Srinivasan,3.04,1,2017-01-01,Consumer Internet,Seed,Pune,2017,1,2017-01-01
Boba Bhai),3.0,1,2025-01-01,D2C Handloom Clothing,Unspecified Round,Delhi,2025,1,2025-01-01
Sameer Mehta,3.0,1,2022-02-01,Hospital & Health Care,Unknown,Mumbai,2022,2,2022-02-01
Rukam Sitara Fund,3.0,1,2025-06-01,AI,Pre-Seed,Gurgaon,2025,6,2025-06-01
Emcure Pharmaceuticals,3.0,1,2022-02-01,Hospital & Health Care,Unknown,Mumbai,2022,2,2022-02-01
Mamaearth) And Dhruv Koli (Founder,3.0,1,2025-01-01,D2C Handloom Clothing,Unspecified Round,Delhi,2025,1,2025-01-01
With Participation From Nobody Ventures And Eagle Wings Ventures,3.0,1,2025-01-01,D2C Handloom Clothing,Unspecified Round,Delhi,2025,1,2025-01-01
Along With D2C Founders Ghazal Alagh (Founder,3.0,1,2025-01-01,D2C Handloom Clothing,Unspecified Round,Delhi,2025,1,2025-01-01
And Jayendra Shah,2.99,1,2025-05-01,Gut Wellness,Seed,Gurgaon,2025,5,2025-05-01
Infocomm Development Authority Of Singapore,2.99,1,2016-03-01,Consumer Internet,Seed,Hyderabad,2016,3,2016-03-01
Pix Vine Capital,2.99,1,2016-03-01,Consumer Internet,Seed,Hyderabad,2016,3,2016-03-01
Prakash Mody,2.99,1,2025-05-01,Gut Wellness,Seed,Gurgaon,2025,5,2025-05-01
Indian Fintech Fund,2.94,1,2018-01-01,Technology,Other,Bangalore,2018,1,2018-01-01
Hemant Kaul,2.94,1,2017-03-01,"Consumer Internet, Healthcare",Seed,Bangalore,2017,3,2017-03-01
Lenskart,2.9133,1,2025-07-01,Advanced Hardware & Technology,Unknown,Thane,2025,7,2025-07-01
Ambarish Gupta,2.91,2,2017-12-01,"Ecommerce, Consumer Internet","Other, Seed","Bangalore, Gurgaon",2017,12,2017-12-01
All About Inc,2.91,1,2020-07-01,Media,Unknown,Bangalore,2020,7,2020-07-01
Beenext Pte Led,2.91,1,2020-07-01,Media,Unknown,Bangalore,2020,7,2020-07-01
Tetsuro Koda,2.91,1,2020-07-01,Media,Unknown,Bangalore,2020,7,2020-07-01
Kaunknownmori Assagement Singapore,2.91,1,2020-07-01,Media,Unknown,Bangalore,2020,7,2020-07-01
Dg Ventures,2.91,1,2020-07-01,Media,Unknown,Bangalore,2020,7,2020-07-01
Wolfpack Labs,2.91,1,2025-07-01,Food,Seed,Gurgaon,2025,7,2025-07-01
Rebright Partners I,2.91,1,2020-07-01,Media,Unknown,Bangalore,2020,7,2020-07-01
Rebright Partners Ii,2.91,1,2020-07-01,Media,Unknown,Bangalore,2020,7,2020-07-01
Nuventures,2.905,1,2024-08-01,Fmcg,Unspecified Round,Bangalore,2024,8,2024-08-01
Qualcomm (Through Qprize Contest),2.9,1,2016-02-01,Technology,Seed,Bangalore,2016,2,2016-02-01
Big Basket,2.9,1,2020-04-01,Ecommerce,Unknown,Haryana,2020,4,2020-04-01
Vcats,2.9,1,2020-08-01,Ai Health,Unknown,Gurgaon,2020,8,2020-08-01
Abhiunknownv Patodia,2.9,1,2015-10-01,Movieondemand,Seed,Singapore,2015,10,2015-10-01
Sangram Singh,2.9,1,2015-09-01,Real Estate Broker,Seed,Delhi,2015,9,2015-09-01
R. Natarajan,2.9,1,2017-06-01,Consumer Internet,Seed,Bangalore,2017,6,2017-06-01
Anglian Omega Network,2.9,1,2016-09-01,Consumer Internet,Seed,Delhi,2016,9,2016-09-01
Quake Capital,2.9,1,2017-02-01,Technology,Seed,Missourie,2017,2,2017-02-01
Vikrant Varshney,2.9,1,2017-06-01,Consumer Internet,Seed,Bangalore,2017,6,2017-06-01
Kumar Shwetabh,2.9,1,2015-10-01,Movieondemand,Seed,Singapore,2015,10,2015-10-01
Mohan Alexander,2.9,1,2017-06-01,Consumer Internet,Seed,Bangalore,2017,6,2017-06-01
S S Mukherji,2.9,1,2015-04-01,Restaurant Management,Seed,Pune,2015,4,2015-04-01
Ashish Todi,2.9,1,2015-10-01,Movieondemand,Seed,Singapore,2015,10,2015-10-01
\\Xc2\\Xa0 Viswaunknownth Ramachandran,2.9,1,2015-06-01,Mobile Compression Software,Seed,Mumbai,2015,6,2015-06-01
Meri Punji,2.9,1,2025-06-01,Online Grocery,Seed,Delhi,2025,6,2025-06-01
Marketing Solutions,2.9,1,2016-02-01,Technology,Seed,Delhi,2016,2,2016-02-01
Amit Sinha,2.9,1,2017-06-01,Consumer Internet,Seed,Bangalore,2017,6,2017-06-01
Group Of 15 Angel Investors,2.9,1,2015-06-01,Healthy Food Online Community,Seed,Delhi,2015,6,2015-06-01
Arun Balakrishunknownn And Xcelerator Venture Partners,2.9,1,2022-04-01,Web Design,Pre-Seed,Pune,2022,4,2022-04-01
Kwan Entertainment,2.9,1,2016-02-01,Technology,Seed,Delhi,2016,2,2016-02-01
Thefef.Net,2.82,1,2025-10-01,Consumer Goods > Apparel,Seed,Haryana,2025,10,2025-10-01
Siaunknown Capital Maunknowngement,2.82,1,2020-12-01,Agritech,Unknown,Indore,2020,12,2020-12-01
Virat Kohli,2.82,1,2020-02-01,Fintech,Unknown,Bangalore,2020,2,2020-02-01
Gaurav Ahuja,2.82,1,2021-09-01,Food,Pre-Seed,Mumbai,2021,9,2021-09-01
Anushka Sharma,2.82,1,2020-02-01,Fintech,Unknown,Bangalore,2020,2,2020-02-01
Orient Blackswan,2.79,1,2017-10-01,Technology,Seed,Delhi,2017,10,2017-10-01
Bitchemy Ventures,2.74,1,2016-03-01,Consumer Internet,Private Equity,Hyderabad,2016,3,2016-03-01
Jupiter,2.74,1,2021-07-01,Fintech,Pre-Seed,Hyderabad,2021,7,2021-07-01
Anshoo Gaur,2.74,1,2016-03-01,Consumer Internet,Private Equity,Hyderabad,2016,3,2016-03-01
Cogent E Services,2.74,1,2015-01-01,Other,Seed,Unknown,2015,1,2015-01-01
Sandeep Seerapu,2.74,1,2016-03-01,Consumer Internet,Private Equity,Hyderabad,2016,3,2016-03-01
Maheshwari Investments Pvt Ltd,2.74,1,2016-03-01,Consumer Internet,Private Equity,Hyderabad,2016,3,2016-03-01
Rama Krishunknown Reddy,2.74,1,2016-03-01,Consumer Internet,Private Equity,Hyderabad,2016,3,2016-03-01
Mohit Joshi,2.74,1,2017-02-01,Consumer Internet,Seed,Delhi,2017,2,2017-02-01
Triunknowndeep Capital,2.73,1,2020-05-01,Agritech,Seed,Bihar,2020,5,2020-05-01
Skycatcher Fund,2.73,1,2017-11-01,Technology,Other,Hyderabad,2017,11,2017-11-01
Aravind Sanka,2.73,1,2017-11-01,Technology,Other,Hyderabad,2017,11,2017-11-01
Velocity,2.72,1,2024-12-01,SaaS,Unspecified Round,Jabalpur,2024,12,2024-12-01
Klub,2.72,1,2024-12-01,SaaS,Unspecified Round,Jabalpur,2024,12,2024-12-01
Puneet Motihar,2.7,1,2017-03-01,Consumer Internet,Seed,Mumbai,2017,3,2017-03-01
Ankit Gupta,2.7,1,2017-03-01,Consumer Internet,Seed,Mumbai,2017,3,2017-03-01
Taxmann,2.69,1,2016-12-01,Consumer Internet,Seed,Delhi,2016,12,2016-12-01
Jayant Bokadia,2.66,1,2015-07-01,Online Grocers,Seed,Ahmedabad,2015,7,2015-07-01
Kumar Aakash,2.66,1,2021-06-01,Crm,Unknown,Bangalore,2021,6,2021-06-01
Sanjay Bhasin,2.66,1,2015-02-01,Other,Other,Unknown,2015,2,2015-02-01
Ashok Goyal,2.66,1,2021-09-01,Edtech,Pre-Seed,Bangalore,2021,9,2021-09-01
Rajat Jain,2.66,1,2015-02-01,Other,Other,Unknown,2015,2,2015-02-01
Multiple Angel Investors,2.65,1,2019-07-01,Edtech,Angel,Chembur,2019,7,2019-07-01
Naunknowndan Nilekani,2.61,1,2015-09-01,Non Profit Organization To Alleviate Poverty,Seed,Bangalore,2015,9,2015-09-01
Sudhakar Reddy,2.61,1,2015-01-01,Other,Other,Unknown,2015,1,2015-01-01
Sailender Solanki,2.61,1,2016-09-01,Ecommerce,Seed,Gurgaon,2016,9,2016-09-01
Rajiv Solanki,2.61,1,2016-09-01,Ecommerce,Seed,Gurgaon,2016,9,2016-09-01
Srinivasa Rao Paturi,2.61,1,2015-01-01,Other,Other,Unknown,2015,1,2015-01-01
Venkat Vallabhneni,2.61,1,2015-01-01,Other,Other,Unknown,2015,1,2015-01-01
Incred Fiunknownnce,2.59,1,2017-08-01,Technology,Seed,Mumbai,2017,8,2017-08-01
Fullerton India Credit Company Ltd,2.59,1,2017-08-01,Technology,Seed,Mumbai,2017,8,2017-08-01
Anthill Scale Ventures,2.58,1,2017-06-01,Ecommerce,Seed,Pune,2017,6,2017-06-01
Ashok Kumar Gajera,2.58,1,2018-02-01,Food,Other,Mumbai,2018,2,2018-02-01
Esvee Technologies Inc,2.58,1,2017-06-01,Ecommerce,Seed,Pune,2017,6,2017-06-01
Inc95 Consulting,2.58,1,2017-06-01,Ecommerce,Seed,Pune,2017,6,2017-06-01
Sanjeev Kakkar,2.57,1,2015-10-01,Logistics,Seed,Mumbai,2015,10,2015-10-01
Jindagilive Angel Network,2.57,1,2025-10-01,Food,Seed,Karnataka,2025,10,2025-10-01
Mall Industries Development Bank Of India (Sidbi),2.57,1,2017-04-01,Consumer Internet,Seed,Jaipur,2017,4,2017-04-01
Subhkam Ventures And Mohit Khadaria,2.55,1,2018-04-01,Technology,Other,Coimbatore,2018,4,2018-04-01
Kalyan Krishunknownmurthy,2.55,1,2019-04-01,Edtech,Other,Bangalore,2019,4,2019-04-01
Sprout Angels,2.54,1,2017-10-01,Consumer Internet,Seed,Bangalore,2017,10,2017-10-01
Sunil T V,2.53,1,2015-11-01,Healthcare,Seed,Bangalore,2015,11,2015-11-01
Vijay Ghadge,2.53,1,2015-11-01,Healthcare,Seed,Bangalore,2015,11,2015-11-01
Gurmeet Chahal,2.53,1,2015-11-01,Healthcare,Seed,Bangalore,2015,11,2015-11-01
Collaborative Licensing Ventures Llp,2.51,1,2015-12-01,B2B Merchandize,Seed,Mumbai,2015,12,2015-12-01
Letsventure Fund,2.5,1,2024-12-01,Credit Card Management,Angel,Gurgaon,2024,12,2024-12-01
Alluvium Fund,2.5,1,2024-12-01,Credit Card Management,Angel,Gurgaon,2024,12,2024-12-01
Indigram Labs Foundation,2.5,1,2025-05-01,Shipping,Bridge,Bangalore,2025,5,2025-05-01
Priya Parthasarathy,2.49,1,2025-04-01,Iot,Seed,Thanjavur,2025,4,2025-04-01
Ritesh Veera,2.49,1,2015-07-01,Physical Storage Warehouses,Seed,Mumbai,2015,7,2015-07-01
Hemant Sahni,2.49,1,2016-10-01,Consumer Internet,Seed,Gurgaon,2016,10,2016-10-01
Jeevak Gupta,2.49,1,2021-06-01,Food,Pre-Series A,Delhi,2021,6,2021-06-01
Kishore Kumar,2.49,1,2016-03-01,Consumer Internet,Seed,Delhi,2016,3,2016-03-01
Purvansh Holdings And Mumbai Angels,2.49,1,2022-09-01,Software,Seed,Hyderabad,2022,9,2022-09-01
Kk Mehra,2.49,1,2016-12-01,Ecommerce,Seed,Bangalore,2016,12,2016-12-01
Harminder Sahani,2.49,1,2016-12-01,Ecommerce,Seed,Bangalore,2016,12,2016-12-01
Asha Jadeja Motwani,2.49,1,2015-09-01,Private Label Apparel Sales,Seed,Delhi,2015,9,2015-09-01
Ankur Mittal,2.49,1,2020-11-01,AI,Seed,Bangalore,2020,11,2020-11-01
Gopiunknownth Latpate,2.49,1,2021-11-01,Edtech,Seed,Thiruvananthapuram,2021,11,2021-11-01
Mahalingam K,2.49,1,2017-02-01,Consumer Internet,Seed,Chennai,2017,2,2017-02-01
Navjot Saini,2.49,1,2016-12-01,Ecommerce,Seed,Bangalore,2016,12,2016-12-01
Manish Prasad,2.49,1,2017-06-01,Consumer Internet,Seed,Mumbai,2017,6,2017-06-01
Manish Shah,2.49,1,2016-02-01,Consumer Internet,Seed,Bangalore,2016,2,2016-02-01
Manish Singhal,2.49,1,2015-08-01,Online Coffee Delivery,Seed,Bangalore,2015,8,2015-08-01
Vineet Varma,2.49,1,2017-06-01,Consumer Internet,Seed,Mumbai,2017,6,2017-06-01
Angellist Us,2.49,1,2022-03-01,Internet Publishing,Seed,Jaipur,2022,3,2022-03-01
91Maker.Com,2.49,1,2017-06-01,Consumer Internet,Seed,Bangalore,2017,6,2017-06-01
Indovation Fund,2.49,1,2021-06-01,Edtech,Unknown,Bangalore,2021,6,2021-06-01
Astra Ventures,2.49,1,2021-12-01,Healthcare,Unknown,Mumbai,2021,12,2021-12-01
Eunknownblers Platform,2.49,1,2015-11-01,Mobile Learning,Seed,Noida,2015,11,2015-11-01
Waimea Bay Investments,2.49,1,2025-04-01,Sports Technology,Pre-Seed,Pune,2025,4,2025-04-01
Blinc Invest And Prime Venture Partners,2.49,1,2022-09-01,Fintech,Seed,Noida,2022,9,2022-09-01
Narendra Shyamsukha,2.49,1,2021-04-01,Edtech,Seed,Delhi,2021,4,2021-04-01
3.0 Fund.,2.49,1,2021-03-01,Gaming,Pre-Seed,Bangalore,2021,3,2021-03-01
Sanjay Ramakrishunknownn,2.49,1,2020-11-01,Ecommerce,Seed,Bangalore,2020,11,2020-11-01
Dst'S Maunknownging Partner,2.49,1,2022-03-01,Internet Publishing,Seed,Jaipur,2022,3,2022-03-01
Joby Babu,2.49,1,2016-02-01,Consumer Internet,Seed,Bangalore,2016,2,2016-02-01
View Trade Holding Corp,2.49,1,2021-02-01,Fintech,Pre-Seed,Gujarat,2021,2,2021-02-01
Nexus Venture,2.49,1,2021-01-01,B2B,Seed,Bangalore,2021,1,2021-01-01
Kemark Ventures,2.49,1,2015-10-01,Ondemand Healthcare,Seed,Mumbai,2015,10,2015-10-01
Abhai S. Rao,2.49,1,2017-06-01,Consumer Internet,Seed,Mumbai,2017,6,2017-06-01
Rising Stars,2.49,1,2020-10-01,Technology,Unknown,Newcastle Upon Tyne,2020,10,2020-10-01
Farooq Oomerbhoy,2.49,1,2016-02-01,Ecommerce,Seed,Delhi,2016,2,2016-02-01
Vaibhav Doshi,2.49,1,2016-02-01,Consumer Internet,Seed,Bangalore,2016,2,2016-02-01
Vaishunknownv Shetty And Ankur Aggarwal,2.49,1,2022-11-01,Software,Angel,Gurgaon,2022,11,2022-11-01
Abhishek Acharya,2.49,1,2016-02-01,Consumer Internet,Seed,Bangalore,2016,2,2016-02-01
Daljit Singh,2.49,1,2016-03-01,Consumer Internet,Seed,Delhi,2016,3,2016-03-01
Abhay Singhal,2.49,1,2016-02-01,Consumer Internet,Seed,Bangalore,2016,2,2016-02-01
Zishaan Hayath And Others,2.49,1,2015-10-01,Ondemand Healthcare,Seed,Mumbai,2015,10,2015-10-01
Raj Nair,2.49,1,2021-11-01,Edtech,Seed,Thiruvananthapuram,2021,11,2021-11-01
Vans Group,2.49,1,2021-07-01,Ecommerce,Seed,Bangalore,2021,7,2021-07-01
Nirmal Singh,2.49,1,2017-06-01,Consumer Internet,Seed,Mumbai,2017,6,2017-06-01
Venkat Raju,2.49,1,2020-01-01,Technology,Unknown,Bangalore,2020,1,2020-01-01
Gusec Seed Fund,2.49,1,2021-06-01,Ar,Unknown,Ahmedabad,2021,6,2021-06-01
Kaushal Agarwal,2.49,1,2016-12-01,Ecommerce,Seed,Bangalore,2016,12,2016-12-01
Iti Growth Opportunities,2.49,1,2021-08-01,Edtech,Unknown,Delhi,2021,8,2021-08-01
Nick Haulkoury,2.49,1,2017-06-01,Consumer Internet,Seed,Mumbai,2017,6,2017-06-01
Praunknowny Jivrajka,2.49,1,2016-12-01,Ecommerce,Seed,Bangalore,2016,12,2016-12-01
V Aaunknownnd R,2.49,1,2017-01-01,Consumer Internet,Seed,Chennai,2017,1,2017-01-01
Prashant Puri,2.49,1,2016-04-01,Consumer Internet,Seed,Gurgaon,2016,4,2016-04-01
Aqeel Ahmed,2.49,1,2016-09-01,Consumer Internet,Seed,Noida,2016,9,2016-09-01
Pawan Borle,2.49,1,2017-06-01,Consumer Internet,Seed,Mumbai,2017,6,2017-06-01
Pradeep Mirani,2.49,1,2016-09-01,Consumer Internet,Seed,Noida,2016,9,2016-09-01
Subho Ray And Samir Kumar,2.49,1,2018-06-01,Healthcare,Other,Gurgaon,2018,6,2018-06-01
Payal Syal,2.49,1,2015-09-01,Branded Budget Hotel,Seed,Noida,2015,9,2015-09-01
Gaurav Jaitly,2.49,1,2021-12-01,Healthcare,Unknown,Mumbai,2021,12,2021-12-01
Super Capital,2.49,1,2022-04-01,Fintech,Pre-Seed,Bangalore,2022,4,2022-04-01
The 1947,2.49,1,2015-08-01,Food Customer Analytics,Seed,Ahmedabad,2015,8,2015-08-01
P39 Capital,2.49,1,2015-08-01,Online Coffee Delivery,Seed,Bangalore,2015,8,2015-08-01
Jaunknownk Jain,2.49,1,2016-10-01,Consumer Internet,Seed,Mumbai,2016,10,2016-10-01
Growx Ventures And Iifl Fiunknownnce,2.49,1,2022-05-01,Fintech,Seed,Bangalore,2022,5,2022-05-01
Cismat Cargo Services Pvt. Ltd.,2.49,1,2017-08-01,Logistics,Seed,Mumbai,2017,8,2017-08-01
Aditya Vij,2.49,1,2016-03-01,Consumer Internet,Seed,Delhi,2016,3,2016-03-01
Evan Lim,2.4899999999999998,1,2017-01-01,Consumer Internet,Seed,Bangalore,2017,1,2017-01-01
Lalit Mangal,2.4899999999999998,2,2016-01-01,"Edtech, Other",Seed,"Bhopal, Unknown",2016,1,2016-01-01
Kirthiga Reddy,2.47,1,2016-07-01,Consumer Internet,Seed,Chennai,2016,7,2016-07-01
Lothal Angel Ventures,2.47,1,2016-09-01,Ecommerce,Seed,Ahmedabad,2016,9,2016-09-01
Renuka Ramaunknownth,2.47,1,2016-07-01,Consumer Internet,Seed,Chennai,2016,7,2016-07-01
Swastika Investmart Ltd,2.47,1,2016-12-01,Consumer Internet,Seed,Indore,2016,12,2016-12-01
Cherry Tin,2.47,1,2016-07-01,Consumer Internet,Seed,Chennai,2016,7,2016-07-01
Sanjeev Sinha,2.45,1,2016-06-01,Consumer Internet,Seed,Delhi,2016,6,2016-06-01
Atul Gupta And Saurabh Rastogi,2.43,1,2018-05-01,Cleantech,Other,Delhi,2018,5,2018-05-01
Letsventure Syndicate,2.43,1,2020-07-01,Iot/Automobile,Unknown,Gurgaon,2020,7,2020-07-01
Akatsuki Inc,2.42,1,2020-08-01,Entertainment,Series A,Bangalore,2020,8,2020-08-01
3F Ventures,2.42,1,2020-08-01,Entertainment,Series A,Bangalore,2020,8,2020-08-01
Daunknowniict,2.41,1,2015-02-01,Other,Other,Unknown,2015,2,2015-02-01
Startup Brasil Program,2.41,1,2015-02-01,Other,Other,Unknown,2015,2,2015-02-01
Carnegie Mellon University,2.41,1,2015-02-01,Other,Other,Unknown,2015,2,2015-02-01
Vcommission,2.4,2,2016-06-01,"Ecommerce, Consumer Internet","Private Equity, Seed",Delhi,2016,6,2016-06-01
Gaurav Agarwal,2.37,1,2015-01-01,Other,Seed,Unknown,2015,1,2015-01-01
Akash Agarwal,2.37,1,2015-01-01,Other,Seed,Unknown,2015,1,2015-01-01
Kevin Parikh,2.37,1,2015-01-01,Other,Seed,Unknown,2015,1,2015-01-01
Sahi Barual,2.37,1,2020-08-01,Healthcare,Unknown,Gurgaon,2020,8,2020-08-01
Prashant Tandon,2.37,1,2015-01-01,Other,Seed,Unknown,2015,1,2015-01-01
Manish Vij,2.37,1,2015-01-01,Other,Seed,Unknown,2015,1,2015-01-01
Iti Growth Opportunities Venture Fund,2.33,1,2020-01-01,Ai Robotics,Seed,Unknown,2020,1,2020-01-01
Shreeji Brothers,2.32,1,2022-03-01,Food,Seed,Surat,2022,3,2022-03-01
Ivy Growth Associates,2.32,1,2022-03-01,Food,Seed,Surat,2022,3,2022-03-01
Mapro Foods,2.32,1,2022-03-01,Food,Seed,Surat,2022,3,2022-03-01
Zerodha Fintech Fund,2.32,1,2020-01-01,Taxation,Unknown,Ahmedabad,2020,1,2020-01-01
Rajeev Arora And Ram Ramsundar.,2.32,1,2018-07-01,Technology,Other,Gurgaon,2018,7,2018-07-01
Vinod Martin,2.2800000000000002,1,2017-08-01,Consumer Internet,Seed,Bangalore,2017,8,2017-08-01
Sanjay Sathe,2.28,1,2017-03-01,Technology,Seed,Bangalore,2017,3,2017-03-01
Bhupen Shah,2.28,1,2017-03-01,Technology,Seed,Bangalore,2017,3,2017-03-01
Jayesh Parekh,2.28,1,2017-03-01,Technology,Seed,Bangalore,2017,3,2017-03-01
Jay Sethuram,2.24,1,2015-05-01,Online Job Skills Showcase,Seed,Bangalore,2015,5,2015-05-01
Hemant Kaunknownkia,2.24,1,2015-05-01,Online Job Skills Showcase,Seed,Bangalore,2015,5,2015-05-01
Ravi Trivedi,2.24,1,2015-05-01,Online Job Skills Showcase,Seed,Bangalore,2015,5,2015-05-01
Nitin Jain,2.21,1,2020-08-01,AI,Unknown,Kolkata,2020,8,2020-08-01
Uday Sodhi,2.21,1,2020-08-01,AI,Unknown,Kolkata,2020,8,2020-08-01
Sanjeev Gupta,2.2,1,2021-12-01,Construction,Unknown,Gurgaon,2021,12,2021-12-01
Sk Tripathi,2.2,1,2021-12-01,Construction,Unknown,Gurgaon,2021,12,2021-12-01
Mile Deep Works,2.16,1,2025-02-01,Deeptech Engineering,Other,Gurgaon,2025,2,2025-02-01
Jk Tyres,2.1,1,2024-09-01,Jewelry D2C,Pre-Seed,Jaipur,2024,9,2024-09-01
Wldd,2.1,1,2024-09-01,Creator Monetization,Unspecified Round,Mumbai,2024,9,2024-09-01
Nitin Rajput,2.1,1,2024-09-01,Creator Monetization,Unspecified Round,Mumbai,2024,9,2024-09-01
Amaanta Group,2.1,1,2024-09-01,Jewelry D2C,Pre-Seed,Jaipur,2024,9,2024-09-01
Jivraj Singh Sachar,2.1,1,2024-09-01,Creator Monetization,Unspecified Round,Mumbai,2024,9,2024-09-01
Baskar Subramanian,2.08,1,2018-03-01,Consumer Internet,Other,Bangalore,2018,3,2018-03-01
Dr Ramesh Ayyala,2.08,1,2017-06-01,Consumer Internet,Seed,Hyderabad,2017,6,2017-06-01
Krishunknown Jhujhunwala,2.08,1,2016-01-01,Consumer Internet,Seed,Bangalore,2016,1,2016-01-01
Mohammed Khan,2.08,1,2018-02-01,"Fintech, Consumer Internet","Other, Seed",Mumbai,2018,2,2018-02-01
Gems Group,2.08,1,2016-07-01,Ecommerce,Seed,Delhi,2016,7,2016-07-01
Dr Paresh Doshi,2.08,1,2015-06-01,Bespoke Merchandize,Seed,Pune,2015,6,2015-06-01
Unicorn Ventures,2.08,1,2016-03-01,Consumer Internet,Seed,Delhi,2016,3,2016-03-01
Javelin Startupo Victory Fund,2.08,1,2017-11-01,Technology,Other,Goa,2017,11,2017-11-01
Mahesh Mohta,2.08,1,2020-02-01,Edtech,Unknown,Noida,2020,2,2020-02-01
Sequoia And Jerry Yang,2.08,1,2018-02-01,Fintech,Other,Bangalore,2018,2,2018-02-01
Roundglass Partners Llc,2.08,1,2017-12-01,Technology,Other,Gurgaon,2017,12,2017-12-01
Gaurav Suri And Ankit Kesarwani,2.08,1,2018-03-01,Consumer Internet,Other,Bangalore,2018,3,2018-03-01
Vinners,2.08,1,2016-01-01,Consumer Internet,Seed,Mumbai,2016,1,2016-01-01
Rajiv Mehta,2.08,1,2015-02-01,Other,Other,Unknown,2015,2,2015-02-01
Aunknownnth Narayaunknownn,2.08,1,2016-08-01,Technology,Seed,Pune,2016,8,2016-08-01
Viunknowny Mittal,2.08,1,2016-05-01,Ecommerce,Seed,Delhi,2016,5,2016-05-01
Gaurav Singhvi,2.08,1,2016-07-01,Technology,Seed,Ahmedabad,2016,7,2016-07-01
Equity Crest,2.08,1,2016-01-01,Consumer Internet,Seed,Mumbai,2016,1,2016-01-01
Aakrit Vaish,2.08,1,2020-02-01,Media,Unknown,Hyderabad,2020,2,2020-02-01
Virendra Shahney,2.08,1,2015-06-01,Bespoke Merchandize,Seed,Pune,2015,6,2015-06-01
Snehal Mantri,2.08,1,2017-10-01,Consumer Internet,Seed,Bangalore,2017,10,2017-10-01
Ajeet Khuraunknown Jinesh Shah,2.08,1,2015-12-01,Smart Safety Wearable Devices,Seed,Delhi,2015,12,2015-12-01
Amit Manocha And Others,2.08,1,2018-02-01,Technology,Other,Mumbai,2018,2,2018-02-01
S Partners Pte. Ltd,2.08,1,2015-06-01,Peer To Peer Lending,Seed,Gurgaon,2015,6,2015-06-01
Arjun And Rohan Malhotra,2.08,1,2016-03-01,Consumer Internet,Seed,Bangalore,2016,3,2016-03-01
Divyesh Shah,2.08,1,2016-08-01,Technology,Seed,Pune,2016,8,2016-08-01
Qprize From Qualcomm Ventures,2.08,1,2015-08-01,Mobile Social,Seed,Delhi,2015,8,2015-08-01
Rajan Pandhare,2.08,1,2016-03-01,Consumer Internet,Seed,Gurgaon,2016,3,2016-03-01
Alex Kuruvilla,2.08,1,2016-03-01,Consumer Internet,Seed,Gurgaon,2016,3,2016-03-01
Jyoti Arora,2.08,1,2020-02-01,Edtech,Unknown,Noida,2020,2,2020-02-01
Dinesh Mittal,2.08,1,2016-05-01,Ecommerce,Seed,Delhi,2016,5,2016-05-01
Nachu Subramanian,2.08,1,2020-02-01,Edtech,Unknown,Noida,2020,2,2020-02-01
Sameer Narayan,2.08,1,2018-02-01,"Fintech, Consumer Internet","Other, Seed",Mumbai,2018,2,2018-02-01
Myntra,2.08,1,2024-09-01,Technology,Angel,Unknown,2024,9,2024-09-01
Satya Muthyala,2.08,1,2017-06-01,Consumer Internet,Seed,Hyderabad,2017,6,2017-06-01
Dr. Sridhar Ramaswamy,2.08,1,2016-04-01,Ecommerce,Seed,Mumbai,2016,4,2016-04-01
Pradeep Guha,2.08,1,2016-03-01,Consumer Internet,Seed,Gurgaon,2016,3,2016-03-01
Founders Of Redbus,2.08,1,2024-09-01,Technology,Angel,Unknown,2024,9,2024-09-01
Green House Ventures Accelerator,2.08,1,2016-07-01,Consumer Internet,Seed,Gurgaon,2016,7,2016-07-01
Ranjith Radhakrishunknownn,2.08,1,2020-02-01,Media,Unknown,Hyderabad,2020,2,2020-02-01
Id Eunknownblers Pvt Ltd,2.08,1,2015-10-01,Hotel Aggregator & Booking,Seed,Delhi,2015,10,2015-10-01
Srivats,2.08,1,2020-02-01,Edtech,Unknown,Noida,2020,2,2020-02-01
Others From Letsventure,2.08,1,2015-08-01,Online Printing,Seed,Chennai,2015,8,2015-08-01
Gagan Dugal,2.08,1,2016-03-01,Consumer Internet,Seed,Bangalore,2016,3,2016-03-01
Tdv Partners,2.08,1,2025-07-01,Consumer,Pre-Seed,Gurgaon,2025,7,2025-07-01
Dr. Apoorv Ranjan Sharma,2.08,1,2016-01-01,Consumer Internet,Seed,Bangalore,2016,1,2016-01-01
Sandeep Gupta,2.08,1,2016-05-01,Ecommerce,Seed,Delhi,2016,5,2016-05-01
Saket Dhankar,2.08,1,2016-03-01,Consumer Internet,Seed,Gurgaon,2016,3,2016-03-01
Barkawi,2.08,1,2020-05-01,Other,Unknown,Mumbai,2020,5,2020-05-01
Ashish Achrekar,2.08,1,2021-08-01,Computer Software,Seed,Pune,2021,8,2021-08-01
Sparknext,2.08,1,2016-01-01,Consumer Internet,Seed,Mumbai,2016,1,2016-01-01
Saket Kumar,2.08,1,2018-03-01,Consumer Internet,Other,Bangalore,2018,3,2018-03-01
Anshu Bahadur,2.08,1,2017-10-01,Consumer Internet,Seed,Bangalore,2017,10,2017-10-01
Core91 Vc,2.08,1,2021-01-01,Taas,Seed,Delhi,2021,1,2021-01-01
Bc Prabhakar,2.08,1,2015-02-01,Other,Other,Unknown,2015,2,2015-02-01
Shivaan Ghai,2.075,1,2024-09-01,Hot Condiments,Seed,Unknown,2024,9,2024-09-01
Romil Ratra,2.075,1,2024-09-01,Hot Condiments,Seed,Unknown,2024,9,2024-09-01
Saltwater Venture Sparks,2.06,1,2020-04-01,Iot,Pre-Series A,Goa,2020,4,2020-04-01
Coinbase,2.0584,1,2025-10-01,Fintech > Cryptocurrencies,Series D,Maharashtra,2025,10,2025-10-01
Alok Mittal And Sachin Bhatia,2.04,1,2018-04-01,Consumer Internet,Other,Delhi,2018,4,2018-04-01
Aditya Verma,2.03,1,2017-04-01,Consumer Internet,Seed,Gurgaon,2017,4,2017-04-01
Gujarat Based Angel Investors,2.03,1,2015-08-01,Logistics,Seed,Ahmedabad,2015,8,2015-08-01
Mmy Counknownfounder,2.03,1,2015-08-01,Logistics,Seed,Ahmedabad,2015,8,2015-08-01
Arun Tadanki,2.03,1,2017-04-01,Consumer Internet,Seed,Gurgaon,2017,4,2017-04-01
Karunknowntaka Govt’S Venture Fund,2.0,1,2025-06-01,Gaming,Other,Bangalore,2025,6,2025-06-01
Bluebridge Capital Private Limited,2.0,1,2025-02-01,Caregiving Family & Wellness,Pre-Seed,Washington,2025,2,2025-02-01
New Age India Fund,2.0,1,2025-04-01,B2B Indian Sweets,Seed,Nashik,2025,4,2025-04-01
Avinya Ventures,2.0,1,2025-04-01,Labgrown Diamonds,Seed,Surat,2025,4,2025-04-01
European Angel Investors,2.0,1,2024-11-01,Healthcare,Pre-Seed,Chandigarh,2024,11,2024-11-01
Uplifting Rural Development,2.0,1,2022-01-01,Renewables & Environment,Other,Bangalore,2022,1,2022-01-01
Chandigarh Angel Network,2.0,1,2024-09-01,Customer Support,Seed,Delhi,2024,9,2024-09-01
Aunknowns Rahman Juunknownid,2.0,1,2022-02-01,Information Technology &,Seed,Bangalore,2022,2,2022-02-01
Nikunj Jain,1.99,1,2015-05-01,Last Mile Logistics,Seed,Bangalore,2015,5,2015-05-01
Bharat Kumar Sohanraj,1.98,1,2020-01-01,Beverage,Unknown,Chennai,2020,1,2020-01-01
Ankit Mehrotra,1.95,1,2021-12-01,Edtech,Pre-Seed,Bangalore,2021,12,2021-12-01
Saurabh Aggarwal,1.95,1,2021-12-01,Edtech,Pre-Seed,Bangalore,2021,12,2021-12-01
Bharat Kumar,1.93,1,2020-07-01,Beverage,Unknown,Chennai,2020,7,2020-07-01
Vishal Ostwal,1.93,1,2020-07-01,Beverage,Unknown,Chennai,2020,7,2020-07-01
Munesh Khanunknown,1.93,1,2017-12-01,Ecommerce,Other,Gurgaon,2017,12,2017-12-01
Arun Ostwal,1.93,1,2020-07-01,Beverage,Unknown,Chennai,2020,7,2020-07-01
Bodhtree Consulting Limited,1.93,1,2017-06-01,Consumer Internet,Seed,Hyderabad,2017,6,2017-06-01
Tharun Dhariwal,1.93,1,2020-07-01,Beverage,Unknown,Chennai,2020,7,2020-07-01
Malika Sadani,1.9256,1,2025-07-01,Ecommerce,Seed,Gurgaon,2025,7,2025-07-01
Grex,1.91,1,2015-10-01,Document Digitization,Seed,Gurgaon,2015,10,2015-10-01
Rinku Singh,1.9,1,2025-04-01,Nutrition,Unknown,Gurgaon,2025,4,2025-04-01
Nu Ventures,1.8841,1,2025-09-01,Ecommerce,Seed,Gurgaon,2025,9,2025-09-01
Ajith Daneil,1.87,1,2021-12-01,Ecommerce,Pre-Seed,Thane,2021,12,2021-12-01
Unicorn Venture,1.87,1,2016-06-01,Consumer Internet,Seed,Mumbai,2016,6,2016-06-01
Rakesh Gakhar,1.86,1,2016-03-01,Ecommerce,Seed,Bangalore,2016,3,2016-03-01
Hari Krishunknown,1.86,1,2016-03-01,Ecommerce,Seed,Bangalore,2016,3,2016-03-01
Rajeev Mudumba,1.86,1,2016-03-01,Ecommerce,Seed,Bangalore,2016,3,2016-03-01
Anirudh Rastogi,1.86,1,2016-03-01,Ecommerce,Seed,Bangalore,2016,3,2016-03-01
Dr V Ravinder,1.86,1,2016-03-01,Ecommerce,Seed,Bangalore,2016,3,2016-03-01
Abhishek Jain,1.86,1,2016-03-01,Ecommerce,Seed,Bangalore,2016,3,2016-03-01
Nagendra Prasad Bhanuprakash,1.86,1,2016-03-01,Ecommerce,Seed,Bangalore,2016,3,2016-03-01
Ajay Modani,1.86,1,2016-03-01,Ecommerce,Seed,Bangalore,2016,3,2016-03-01
Barclays.,1.83,1,2020-08-01,AI,Seed,Mumbai,2020,8,2020-08-01
Ikp Knowledge,1.83,1,2020-01-01,Healthcare,Unknown,Unknown,2020,1,2020-01-01
Wouter Peeters.,1.83,1,2020-01-01,Healthcare,Unknown,Unknown,2020,1,2020-01-01
Ankit Sharma And Others,1.83,1,2017-08-01,Consumer Internet,Seed,Delhi,2017,8,2017-08-01
Rahul Dev Kumar,1.83,1,2017-08-01,Consumer Internet,Seed,Delhi,2017,8,2017-08-01
91 Springboard,1.83,1,2020-01-01,Healthcare,Unknown,Unknown,2020,1,2020-01-01
Rajesh Mahajan,1.83,1,2017-08-01,Consumer Internet,Seed,Delhi,2017,8,2017-08-01
Abinbevunknownserge Devos,1.83,1,2020-01-01,Healthcare,Unknown,Unknown,2020,1,2020-01-01
Ibhubs,1.78,1,2017-06-01,Technology,Seed,Hyderabad,2017,6,2017-06-01
Vipin Arora,1.74,1,2016-06-01,Consumer Internet,Seed,Bangalore,2016,6,2016-06-01
1Crowd (Through Crowdfunding),1.73,1,2016-08-01,Consumer Internet,Seed,Mumbai,2016,8,2016-08-01
Shomil Pant,1.7,1,2015-09-01,Study Material,Seed,Delhi,2015,9,2015-09-01
Dinesh Kundu,1.7,1,2015-09-01,Study Material,Seed,Delhi,2015,9,2015-09-01
Angellist Syndicate,1.66,1,2021-12-01,Edtech,Unknown,Pune,2021,12,2021-12-01
Nikhil G And Bhavesh P,1.66,1,2018-05-01,Healthcare,Other,Mumbai,2018,5,2018-05-01
Arjun Malhotra,1.66,1,2016-08-01,Technology,Seed,Delhi,2016,8,2016-08-01
Rainmatter Capital And Rainmatter Technology,1.66,1,2022-05-01,Fintech,Seed,Bangalore,2022,5,2022-05-01
Manipal Group,1.66,1,2015-05-01,Ondemand Business Messaging,Seed,Bangalore,2015,5,2015-05-01
Praunknownv Dedhia,1.66,1,2016-05-01,Consumer Internet,Seed,Mumbai,2016,5,2016-05-01
Vivek Srivatsav,1.66,1,2021-05-01,Fintech,Unknown,Bangalore,2021,5,2021-05-01
Aunknownnd Vijay,1.66,2,2015-05-01,"Fund Raising, Other","Seed, Other","Chennai, Unknown",2015,5,2015-05-01
Sanjeev Bhargava,1.66,1,2021-10-01,Marketing,Pre-Seed,Gurgaon,2021,10,2021-10-01
Rattan Chadha,1.66,1,2016-04-01,Consumer Internet,Seed,Mumbai,2016,4,2016-04-01
Samar Singla,1.66,1,2016-01-01,Consumer Internet,Seed,Gurgaon,2016,1,2016-01-01
Yogesh Bansal,1.66,1,2015-04-01,Device Repair Svcs,Seed,Delhi,2015,4,2015-04-01
Mruunknownl Jhaveri,1.66,1,2022-01-01,Computer Games,Unknown,Mumbai,2022,1,2022-01-01
Tejas Paresh Lodaya,1.66,1,2025-10-01,Consumer Goods > Home Furnishing Products,Seed,Uttar Pradesh,2025,10,2025-10-01
Appit Simple Infotek,1.66,1,2021-05-01,AI,Unknown,Chandigarh,2021,5,2021-05-01
Mtg Ventures,1.66,1,2021-04-01,Agritech,Unknown,Rajsamand,2021,4,2021-04-01
Blue Horizon Corporation And Panthera Peak,1.66,1,2022-07-01,Food,Seed,Bangalore,2022,7,2022-07-01
Dvara Holdings And Axilor Ventures,1.66,1,2022-05-01,Fintech,Unknown,Chennai,2022,5,2022-05-01
Bhupender Singh,1.66,1,2017-03-01,Consumer Internet,Seed,Gurgaon,2017,3,2017-03-01
Yashish Dhaiya,1.66,1,2017-03-01,Consumer Internet,Seed,Gurgaon,2017,3,2017-03-01
Ajai Chowdhry,1.66,1,2015-04-01,Device Repair Svcs,Seed,Delhi,2015,4,2015-04-01
Joseph Joy,1.66,1,2021-09-01,Edtech,Unknown,Hyderabad,2021,9,2021-09-01
Mudit Saxeunknown,1.66,1,2016-08-01,Consumer Internet,Seed,Bangalore,2016,8,2016-08-01
Green House Ventures,1.66,2,2015-09-01,"Gym & Fitness Studios Subscription, Online Car Rental Affiliates",Seed,Delhi,2015,9,2015-09-01
Amitesh Pandey,1.66,1,2021-01-01,Media,Unknown,Lucknow,2021,1,2021-01-01
Vijayan,1.66,1,2021-09-01,Biotechnology,Seed,The Nilgiris,2021,9,2021-09-01
1Crowd (Through Crowd Funding),1.66,1,2016-08-01,Consumer Internet,Seed,Mumbai,2016,8,2016-08-01
Vikram Lakhotia,1.66,1,2016-05-01,Technology,Seed,Mumbai,2016,5,2016-05-01
Dr Ritesh Malik,1.66,1,2021-02-01,Software,Seed,Indore,2021,2,2021-02-01
Kapil Hetamsaria,1.66,1,2016-05-01,Consumer Internet,Seed,Mumbai,2016,5,2016-05-01
Jito Angel N Etwork,1.66,1,2022-07-01,Healthcare,Pre-Seed,Thiruvananthapuram,2022,7,2022-07-01
Angellist'S Syndicate,1.66,1,2021-09-01,Online Media,Pre-Seed,Bangalore,2021,9,2021-09-01
Kanpur Angels,1.66,1,2016-01-01,Consumer Internet,Seed,Kanpur,2016,1,2016-01-01
Deepak Gupta,1.66,1,2016-07-01,Ecommerce,Seed,Mumbai,2016,7,2016-07-01
\\Xc2\\Xa0 Vivek Bhargava,1.66,1,2016-09-01,Consumer Internet,Seed,Gurgaon,2016,9,2016-09-01
Viunknowny Bansal,1.66,1,2016-01-01,Consumer Internet,Seed,Gurgaon,2016,1,2016-01-01
Rakesh Agrawal,1.66,1,2016-08-01,Technology,Seed,Delhi,2016,8,2016-08-01
Indian Oil Corporation,1.66,1,2020-10-01,Medtech,Seed,Kolkata,2020,10,2020-10-01
Mayank Mittal,1.66,1,2017-07-01,Ecommerce,Seed,Gurgaon,2017,7,2017-07-01
Krishunknown Chakravarty,1.66,1,2020-10-01,Medtech,Seed,Kolkata,2020,10,2020-10-01
Milind Chaudhary,1.66,1,2016-11-01,Technology,Seed,Bangalore,2016,11,2016-11-01
Rahul Singh,1.66,1,2016-09-01,Consumer Internet,Seed,Gurgaon,2016,9,2016-09-01
Shuru Up,1.66,1,2021-12-01,Consumer Electronics,Unknown,Delhi,2021,12,2021-12-01
Collective Artists Network,1.66,1,2021-12-01,Digital,Unknown,Noida,2021,12,2021-12-01
Keiretsu Chenunknowni,1.66,1,2022-02-01,Food,Unknown,Chennai,2022,2,2022-02-01
Kedar Lele,1.66,1,2016-11-01,Consumer Internet,Seed,Delhi,2016,11,2016-11-01
Pravesh Mehta,1.66,1,2021-05-01,Consulting,Unknown,Ahmedabad,2021,5,2021-05-01
Aditya Talwar,1.66,1,2021-05-01,Fintech,Seed,Delhi,2021,5,2021-05-01
Arun Gupta,1.66,1,2021-12-01,Consumer Electronics,Unknown,Delhi,2021,12,2021-12-01
Rohan Malhotra,1.66,1,2016-08-01,Technology,Seed,Delhi,2016,8,2016-08-01
Blackjag Partners,1.66,1,2016-06-01,Consumer Internet,Seed,Gurgaon,2016,6,2016-06-01
Jaspreet Bindra,1.66,1,2016-08-01,Technology,Seed,Delhi,2016,8,2016-08-01
R Rangaunknownthan,1.66,1,2018-05-01,Healthcare,Other,Mumbai,2018,5,2018-05-01
Betatron,1.66,1,2020-01-01,Ecommerce,Pre-Series A,Delhi,2020,1,2020-01-01
Oncotrust And Medintel Services Pvt. Ltd,1.66,1,2018-05-01,Healthcare,Other,Mumbai,2018,5,2018-05-01
Startup Oasis,1.66,1,2021-07-01,Edtech,Unknown,Chennai,2021,7,2021-07-01
Subramani Somasundaram,1.66,1,2017-07-01,Ecommerce,Seed,Gurgaon,2017,7,2017-07-01
Varun Khuraunknown,1.66,1,2016-01-01,Consumer Internet,Seed,Gurgaon,2016,1,2016-01-01
Sundeep Sahni,1.66,1,2017-07-01,Ecommerce,Seed,Gurgaon,2017,7,2017-07-01
Ankit Kedia,1.66,1,2021-12-01,Consumer Electronics,Unknown,Delhi,2021,12,2021-12-01
Hrishi Oberoi,1.66,1,2016-05-01,Consumer Internet,Seed,Mumbai,2016,5,2016-05-01
Sundara Rajan,1.66,1,2015-12-01,International Hiring,Seed,Mumbai,2015,12,2015-12-01
Alok Kohli,1.66,1,2021-10-01,Marketing,Pre-Seed,Gurgaon,2021,10,2021-10-01
Magic.Fund,1.66,1,2021-09-01,SaaS,Seed,Chennai,2021,9,2021-09-01
Prashant Mehta,1.66,1,2018-05-01,Healthcare,Other,Mumbai,2018,5,2018-05-01
Prashanth Rangaunknownthan,1.66,1,2015-12-01,Cab Search Comparison & Booking,Seed,Delhi,2015,12,2015-12-01
Ununknownmed Angel Investors,1.66,1,2019-04-01,Healthcare,Seed,Gurgaon,2019,4,2019-04-01
Palash Jain,1.66,1,2016-09-01,Consumer Internet,Seed,Gurgaon,2016,9,2016-09-01
Lion Ventures,1.66,1,2016-02-01,Consumer Internet,Seed,Mumbai,2016,2,2016-02-01
\\Nnitin Singhal,1.66,1,2015-04-01,Device Repair Svcs,Seed,Delhi,2015,4,2015-04-01
Rohan Angrish,1.66,1,2016-05-01,Consumer Internet,Seed,Mumbai,2016,5,2016-05-01
Mitali Pawar,1.66,1,2018-05-01,Healthcare,Other,Mumbai,2018,5,2018-05-01
Velocity.In,1.66,1,2021-07-01,Consumer Goods,Unknown,Ambernath,2021,7,2021-07-01
Lotus Herbals,1.66,1,2022-10-01,Cosmetics,Unknown,Delhi,2022,10,2022-10-01
Kiitunknowntbi,1.66,1,2021-04-01,Healthcare,Unknown,Bangalore,2021,4,2021-04-01
Lotus Herbals.,1.66,1,2022-10-01,Beauty,Unknown,Delhi,2022,10,2022-10-01
Dhianu Das,1.66,1,2021-01-01,Cosmetics,Seed,Haryana,2021,1,2021-01-01
Jayant Mehrotra,1.66,1,2021-05-01,Edtech,Pre-Series A,Mumbai,2021,5,2021-05-01
Sidharth Rao,1.66,1,2016-08-01,Technology,Seed,Delhi,2016,8,2016-08-01
Dileep Bhatt,1.66,1,2016-11-01,Technology,Seed,Bangalore,2016,11,2016-11-01
Prahlad Rao,1.66,1,2015-12-01,International Hiring,Seed,Mumbai,2015,12,2015-12-01
Rimpal Chawla,1.66,1,2015-11-01,Online Products Discovery,Seed,Gurgaon,2015,11,2015-11-01
Thinknext Llc,1.66,1,2020-03-01,Iot,Seed,Noida,2020,3,2020-03-01
Nadir Godrej,1.64,1,2020-06-01,Technology,Unknown,Noida,2020,6,2020-06-01
Velocity (Cash Flow Fiunknownncing Platform),1.6,1,2024-10-01,Beauty Tools,Other,Gurgaon,2024,10,2024-10-01
Ravi Saxeunknown,1.59,1,2017-03-01,Consumer Internet,Seed,Bangalore,2017,3,2017-03-01
Sandeep Raju,1.59,1,2017-03-01,Consumer Internet,Seed,Bangalore,2017,3,2017-03-01
Sean O\\Xe2\\X80\\X99Sullivan,1.58,1,2015-10-01,Ride Sharing,Seed,Hyderabad,2015,10,2015-10-01
Abhiunknownv Gupta,1.55,1,2017-08-01,Ecommerce,Seed,Delhi,2017,8,2017-08-01
Termsheet,1.54,1,2016-01-01,Consumer Internet,Seed,Bangalore,2016,1,2016-01-01
Indigo Ventures,1.5023,1,2025-07-01,Advanced Hardware & Technology,Unknown,Hyderabad,2025,7,2025-07-01
Tim Chen,1.49,1,2015-05-01,Logistics,Seed,Goa,2015,5,2015-05-01
Sanjay Venkat,1.49,1,2015-05-01,Logistics,Seed,Goa,2015,5,2015-05-01
Smith Group,1.49,1,2016-05-01,Consumer Internet,Seed,Mumbai,2016,5,2016-05-01
Shruth,1.49,1,2016-05-01,Consumer Internet,Seed,Mumbai,2016,5,2016-05-01
Gray Matters,1.49,1,2018-07-01,Edtech,Other,Bangalore,2018,7,2018-07-01
Prashant Gupta And Others,1.49,1,2018-07-01,It,Other,Gurgaon,2018,7,2018-07-01
Praveer Kumar,1.49,1,2018-07-01,It,Other,Gurgaon,2018,7,2018-07-01
Pankaj Kapoor,1.49,1,2016-03-01,Consumer Internet,Seed,Bangalore,2016,3,2016-03-01
Excelsior Investments,1.49,1,2018-07-01,It,Other,Gurgaon,2018,7,2018-07-01
Chandrashekar Tallapragada,1.49,1,2016-03-01,Consumer Internet,Seed,Bangalore,2016,3,2016-03-01
Ritesh Vohra,1.49,1,2018-07-01,It,Other,Gurgaon,2018,7,2018-07-01
Now Capital,1.49,1,2016-09-01,Ecommerce,Seed,Delhi,2016,9,2016-09-01
Hermes Group,1.49,1,2016-05-01,Consumer Internet,Seed,Mumbai,2016,5,2016-05-01
Aditya Birla Sun Life Amc,1.48,1,2022-06-01,AI,Series A,Bangalore,2022,6,2022-06-01
Satish Bogullu,1.45,1,2020-07-01,Fintech,Seed,Bangalore,2020,7,2020-07-01
Pratik Singhi,1.45,1,2017-04-01,Food,Seed,Mumbai,2017,4,2017-04-01
Siddharth Agarwal,1.45,1,2018-07-01,Healthcare,Other,Jaipur,2018,7,2018-07-01
Nibhrant Shah,1.45,1,2017-04-01,Food,Seed,Mumbai,2017,4,2017-04-01
Srinivas Paanem,1.45,1,2020-07-01,Fintech,Seed,Bangalore,2020,7,2020-07-01
Anirudh Sheth,1.45,1,2017-04-01,Food,Seed,Mumbai,2017,4,2017-04-01
Madhavi Bollipalli,1.45,1,2020-07-01,Fintech,Seed,Bangalore,2020,7,2020-07-01
100 Counknownfounders Lab And Others.,1.45,1,2018-07-01,Healthcare,Other,Jaipur,2018,7,2018-07-01
Murali Nair,1.45,1,2017-04-01,Food,Seed,Mumbai,2017,4,2017-04-01
Vikram Pandya,1.45,1,2020-07-01,Fintech,Seed,Bangalore,2020,7,2020-07-01
Vikram Mehta,1.45,1,2017-04-01,Food,Seed,Mumbai,2017,4,2017-04-01
Aunknownndbir Singh,1.45,1,2017-04-01,Food,Seed,Mumbai,2017,4,2017-04-01
Mahavir Sharma,1.45,1,2018-07-01,Healthcare,Other,Jaipur,2018,7,2018-07-01
Vivel Srivatsav,1.45,1,2020-07-01,Fintech,Seed,Bangalore,2020,7,2020-07-01
Indian Overseas Bank,1.42,1,2025-10-01,Consumer > Local,Debt,Tamil Nadu,2025,10,2025-10-01
Bluehill Capital Trust,1.4193,1,2025-10-01,Life Sciences > Genomics,Seed,Telangana,2025,10,2025-10-01
Ramesh Gandhi,1.4,1,2025-10-01,Media & Entertainment > Film & Tv Studios,Angel,Maharashtra,2025,10,2025-10-01
Ambarish Ray,1.39,1,2015-07-01,Chinese Food Delivery,Seed,Mumbai,2015,7,2015-07-01
Elliot Stechman,1.39,1,2015-07-01,Chinese Food Delivery,Seed,Mumbai,2015,7,2015-07-01
Gautam Sinha,1.39,1,2015-07-01,Chinese Food Delivery,Seed,Mumbai,2015,7,2015-07-01
Iunknowncubeunknownn,1.38,1,2015-03-01,Other,Seed,Unknown,2015,3,2015-03-01
Ramesh Kavediya,1.38,1,2015-03-01,Other,Seed,Unknown,2015,3,2015-03-01
Sandeep Acharya,1.37,1,2015-04-01,Price Comparison,Seed,Hyderabad,2015,4,2015-04-01
Amit Tyagi,1.37,1,2015-04-01,Price Comparison,Seed,Hyderabad,2015,4,2015-04-01
Hyderabad Based Investor,1.37,1,2015-04-01,Digital / Mobile Wallet,Seed,Kolkata,2015,4,2015-04-01
Adroitent Pvt. Ltd.,1.34,1,2015-01-01,Other,Seed,Unknown,2015,1,2015-01-01
Suma Soft Pvt Ltd,1.33,1,2020-01-01,AI,Seed,Pune,2020,1,2020-01-01
Keynote India,1.33,1,2022-03-01,Fintech,Unknown,Bangalore,2022,3,2022-03-01
Family Office Fund,1.33,1,2015-08-01,Waste Management,Seed,Mumbai,2015,8,2015-08-01
1Funds Domestic Scheme,1.33,1,2020-05-01,Logistics,Series A,Mumbai,2020,5,2020-05-01
Yajunknownunknownrayaunknown Kammaje,1.33,1,2016-02-01,Consumer Internet,Seed,Bangalore,2016,2,2016-02-01
Equentia Natural Resources,1.33,1,2015-08-01,Qsr Restaurant,Seed,Pune,2015,8,2015-08-01
Anjani Prasad,1.29,1,2017-03-01,Consumer Internet,Seed,Mumbai,2017,3,2017-03-01
Stelcore Maunknowngement Services,1.29,1,2017-03-01,Consumer Internet,Seed,Mumbai,2017,3,2017-03-01
Malini Patel,1.29,1,2017-03-01,Consumer Internet,Seed,Mumbai,2017,3,2017-03-01
Dr. Rameshwar Kumar,1.25,1,2016-09-01,Consumer Internet,Seed,Delhi,2016,9,2016-09-01
Sukhbir Singh,1.25,1,2020-04-01,Fintech,Unknown,Noida,2020,4,2020-04-01
High Networth Individuals (Undisclosed),1.25,1,2015-10-01,Premium Apparel Shopping Portal,Seed,Delhi,2015,10,2015-10-01
Balasubramanian Krishunknownmurthy,1.25,1,2016-09-01,Consumer Internet,Seed,Bangalore,2016,9,2016-09-01
Florida Based Angel Investor,1.25,1,2015-05-01,Online Medical Diagnostic,Seed,Delhi,2015,5,2015-05-01
Adi Saravaunknownn,1.25,1,2016-06-01,Consumer Internet,Seed,Pune,2016,6,2016-06-01
Mehul Shah,1.25,1,2017-09-01,Consumer Internet,Seed,Mumbai,2017,9,2017-09-01
Boudhik Ventures,1.25,1,2020-04-01,Fintech,Unknown,Noida,2020,4,2020-04-01
Aseem Vadehra,1.25,1,2015-06-01,Online City & Lifestyle Guide,Seed,Delhi,2015,6,2015-06-01
Director At Byramjee Jeejeebhoy Pvt. Ltd Were Among The Angels,1.25,1,2018-04-01,Edtech,Other,Hyderabad,2018,4,2018-04-01
Rahul Kirloskar,1.25,1,2016-06-01,Consumer Internet,Seed,Pune,2016,6,2016-06-01
Aneesh Seth,1.25,1,2017-03-01,Consumer Internet,Seed,Gurgaon,2017,3,2017-03-01
Jesse Lucas,1.25,1,2021-02-01,Transportation,Unknown,Ghaziabad,2021,2,2021-02-01
Vounknown Investments,1.25,1,2017-12-01,Ecommerce,Other,Bangalore,2017,12,2017-12-01
Rohan Desai And Paras Patel,1.25,1,2016-01-01,Healthcare,Seed,Pune,2016,1,2016-01-01
Anubhav Verma,1.25,1,2015-11-01,Online Food Ordering,Seed,Vadodara,2015,11,2015-11-01
Bhanu Vikram Parsotam,1.25,1,2016-01-01,Healthcare,Seed,Pune,2016,1,2016-01-01
Snehal Fulzele,1.25,1,2021-11-01,Fintech,Unknown,Bangalore,2021,11,2021-11-01
Prabhakar Mr,1.25,1,2016-12-01,Consumer Internet,Seed,Gurgaon,2016,12,2016-12-01
Leo Wang Sangeeth Ram,1.25,1,2015-11-01,Ondemand Maids,Seed,Mumbai,2015,11,2015-11-01
Bharanidharan Viswaunknownthan,1.25,1,2016-03-01,Consumer Internet,Seed,Gurgaon,2016,3,2016-03-01
Varun Ahuja,1.25,1,2015-11-01,Online Food Ordering,Seed,Vadodara,2015,11,2015-11-01
Jozef Bardik,1.25,1,2015-11-01,Ondemand Maids,Seed,Mumbai,2015,11,2015-11-01
Shobhit Shukla,1.25,1,2016-03-01,Consumer Internet,Seed,Gurgaon,2016,3,2016-03-01
Bold Ventures,1.25,1,2017-12-01,Ecommerce,Other,Bangalore,2017,12,2017-12-01
Nitesh Pant,1.25,1,2016-11-01,Ecommerce,Seed,Bangalore,2016,11,2016-11-01
Newbie Promoters,1.25,1,2016-10-01,Technology,Seed,Delhi,2016,10,2016-10-01
Funding Through 1Crowd Platform,1.25,1,2016-03-01,Technology,Seed,Pune,2016,3,2016-03-01
Multiple Investors,1.25,1,2015-09-01,Diagnostic Labs Aggregator,Seed,Gurgaon,2015,9,2015-09-01
Rahul Agarwal,1.25,1,2016-03-01,Consumer Internet,Seed,Gurgaon,2016,3,2016-03-01
L.D Sharma,1.25,1,2017-04-01,Technology,Seed,Bangalore,2017,4,2017-04-01
Fusion Tech Ventures,1.25,1,2016-06-01,Consumer Internet,Seed,Pune,2016,6,2016-06-01
Parthiv Group,1.25,1,2021-07-01,Computer Software,Unknown,Mumbai,2021,7,2021-07-01
Sidhartha Hazarika,1.25,1,2016-09-01,Consumer Internet,Seed,Bangalore,2016,9,2016-09-01
Thinklab,1.25,1,2020-01-01,Ecommerce,Pre-Series A,Jaipur,2020,1,2020-01-01
Appyhigh,1.25,1,2021-11-01,Online Media,Unknown,Lucknow,2021,11,2021-11-01
Saurabh Arora,1.25,1,2017-04-01,Technology,Seed,Bangalore,2017,4,2017-04-01
Groupe Sos,1.25,1,2016-05-01,Healthcare,Private Equity,Hyderabad,2016,5,2016-05-01
R M Picture Company Pvt. Ltd.,1.25,1,2015-09-01,Online Movie Review,Seed,Mumbai,2015,9,2015-09-01
Anbu Pandian,1.25,1,2016-12-01,Consumer Internet,Seed,Gurgaon,2016,12,2016-12-01
Sanjiv Mittal,1.25,1,2016-03-01,Consumer Internet,Seed,Gurgaon,2016,3,2016-03-01
Mahavir Pratap Sharma,1.25,1,2015-12-01,New Curation Mobile,Seed,Bangalore,2015,12,2015-12-01
Founder And Chairman Of Career Information Portal Careers360,1.25,1,2018-04-01,Edtech,Other,Hyderabad,2018,4,2018-04-01
Mahendra Doshi,1.25,1,2016-06-01,Consumer Internet,Seed,Pune,2016,6,2016-06-01
Tarun Arora,1.25,1,2015-03-01,Other,Seed,Unknown,2015,3,2015-03-01
Shankar Nath,1.25,1,2020-04-01,Fintech,Unknown,Noida,2020,4,2020-04-01
Tushar Mittal,1.25,1,2017-03-01,Consumer Internet,Seed,Gurgaon,2017,3,2017-03-01
Shekhar Sahu,1.25,1,2016-11-01,Ecommerce,Seed,Bangalore,2016,11,2016-11-01
Vineel Nalla,1.25,1,2015-11-01,Domestic Help Aggregation,Seed,Mumbai,2015,11,2015-11-01
And Jamshed Jeejeebhoy,1.25,1,2018-04-01,Edtech,Other,Hyderabad,2018,4,2018-04-01
Shaurya Garg,1.25,1,2020-04-01,Fintech,Unknown,Noida,2020,4,2020-04-01
Pravin Dongre,1.25,1,2016-06-01,Consumer Internet,Seed,Pune,2016,6,2016-06-01
Rajasthan Angel Investor Network,1.24,1,2016-08-01,Technology,Seed,Gurgaon,2016,8,2016-08-01
Michael Patrick Hickey,1.23,1,2018-02-01,Consumer Internet,Other,Gurgaon,2018,2,2018-02-01
Unknown Multiple Investors,1.22,1,2016-11-01,Consumer Internet,Seed,Mumbai,2016,11,2016-11-01
Ajith Nair,1.22,1,2017-01-01,Consumer Internet,Seed,Bangalore,2017,1,2017-01-01
Anish K,1.22,1,2017-01-01,Consumer Internet,Seed,Bangalore,2017,1,2017-01-01
Kapil Goel,1.2,1,2016-02-01,Technology,Seed,Delhi,2016,2,2016-02-01
Ankush Mehta,1.2,1,2016-05-01,Consumer Internet,Seed,Pune,2016,5,2016-05-01
Kapil Dev,1.2,1,2019-07-01,Compliance,Angel,Delhi,2019,7,2019-07-01
Idh Farmfit,1.2,1,2022-02-01,Computer Software,Unknown,Bangalore,2022,2,2022-02-01
Omphalos Ventures India Llp,1.19,1,2018-12-01,Online,Seed,Nagpur,2018,12,2018-12-01
Premanshu Singh,1.16,1,2021-05-01,Healthcare,Unknown,Satara,2021,5,2021-05-01
Uk Based Group Of Angel Investors,1.16,1,2015-01-01,Other,Seed,Unknown,2015,1,2015-01-01
Rajan Kaistha,1.16,1,2020-01-01,Iot,Unknown,Unknown,2020,1,2020-01-01
Kcl,1.16,1,2015-06-01,Digital Marketing,Seed,Bangalore,2015,6,2015-06-01
Supriya Kumari,1.16,1,2021-05-01,Healthcare,Unknown,Satara,2021,5,2021-05-01
Grand Anicut Angel Fund (Gaaf),1.13,1,2020-08-01,AI,Unknown,Chandigarh,2020,8,2020-08-01
Accelerator Fund,1.13,1,2020-08-01,AI,Unknown,Chandigarh,2020,8,2020-08-01
Al Trust,1.13,1,2020-08-01,AI,Unknown,Chandigarh,2020,8,2020-08-01
Beeline Impex Private Limited,1.13,1,2020-08-01,AI,Unknown,Chandigarh,2020,8,2020-08-01
Haldyn Glass,1.12,1,2015-01-01,Other,Seed,Unknown,2015,1,2015-01-01
Rohan Ajila,1.12,1,2015-01-01,Other,Seed,Unknown,2015,1,2015-01-01
Tom Clausen,1.12,1,2015-01-01,Other,Seed,Unknown,2015,1,2015-01-01
Iim Lucknow,1.1,1,2024-12-01,Healthcare,Pre-Seed,Gurgaon,2024,12,2024-12-01
Ciie.Co And Inovnis Sa,1.1,1,2022-05-01,Information Technology,Unknown,Visakhapatnam,2022,5,2022-05-01
Rabindraunknownth Tagore University (Rntu),1.1,1,2024-12-01,Healthcare,Pre-Seed,Gurgaon,2024,12,2024-12-01
Counknownfounder At Cashkaro,1.1,1,2024-12-01,Ecofriendly Products,Angel,Delhi,2024,12,2024-12-01
Urbanpiper Ceo Saurabh Gupta,1.1,1,2024-12-01,Ecofriendly Products,Angel,Delhi,2024,12,2024-12-01
And Nc Media Founder Rajneil Kamath,1.1,1,2024-12-01,Ecofriendly Products,Angel,Delhi,2024,12,2024-12-01
Rohan Bhargava,1.1,1,2024-12-01,Ecofriendly Products,Angel,Delhi,2024,12,2024-12-01
Akshay Dubey,1.1,1,2022-05-01,Retailecommerce,Other,Bangalore,2022,5,2022-05-01
Saurabh Pandey,1.1,1,2022-05-01,Retailecommerce,Other,Bangalore,2022,5,2022-05-01
Spotdraft Founder Shashank Bijapur,1.1,1,2024-12-01,Ecofriendly Products,Angel,Delhi,2024,12,2024-12-01
Build3,1.1,1,2024-12-01,Healthcare,Pre-Seed,Gurgaon,2024,12,2024-12-01
Rajesh Bhatia,1.08,1,2015-10-01,Ridesharing Mobile,Seed,Mumbai,2015,10,2015-10-01
Shark Tank India,1.08,1,2021-12-01,Food,Unknown,Hyderabad,2021,12,2021-12-01
Dheeraj Mehta,1.08,1,2015-10-01,Ridesharing Mobile,Seed,Mumbai,2015,10,2015-10-01
Biotech Sectors,1.04,1,2025-02-01,Sustainable Tea Agritech D2C,Pre-Seed,Coimbatore,2025,2,2025-02-01
It,1.04,1,2025-02-01,Sustainable Tea Agritech D2C,Pre-Seed,Coimbatore,2025,2,2025-02-01
Angel Investors From Tea,1.04,1,2025-02-01,Sustainable Tea Agritech D2C,Pre-Seed,Coimbatore,2025,2,2025-02-01
Aspire Logistics Llc,1.04,1,2018-06-01,Technology,Other,Bangalore,2018,6,2018-06-01
Jayabalan Subramanian,1.04,1,2016-02-01,Technology,Seed,Bangalore,2016,2,2016-02-01
Chaitanya Kalipatunknownpu,1.04,1,2021-06-01,SaaS,Unknown,Bangalore,2021,6,2021-06-01
Sustaiunknownbility,1.04,1,2025-02-01,Sustainable Tea Agritech D2C,Pre-Seed,Coimbatore,2025,2,2025-02-01
Seedrs Crowd Funding Platform,1.04,1,2015-01-01,Other,Other,Unknown,2015,1,2015-01-01
Pbs Srinivas,1.04,1,2017-08-01,Consumer Internet,Seed,Bangalore,2017,8,2017-08-01
Kedar Gavane,1.04,1,2021-06-01,SaaS,Unknown,Bangalore,2021,6,2021-06-01
Group Of Angel Investors From Us/India,1.0,1,2015-06-01,Social For Artists,Seed,Bangalore,2015,6,2015-06-01
Endurance Capital And Inflection Point Ventures,1.0,1,2022-06-01,Fintech,Seed,Gurgaon,2022,6,2022-06-01
Angel Investors Including Saurabh Aggarwal,1.0,1,2025-01-01,Sports,Pre-Seed,Bangalore,2025,1,2025-01-01
Co Ltd,1.0,1,2025-01-01,Affordable Hospitality,Equity,Noida,2025,1,2025-01-01
Aecal,1.0,1,2015-04-01,Video Streaming,Seed,Delhi,2015,4,2015-04-01
Meraevents.,1.0,1,2015-04-01,Video Streaming,Seed,Delhi,2015,4,2015-04-01
Neev Fund Ii,1.0,1,2022-03-01,Renewables & Environment,Series B,Bangalore,2022,3,2022-03-01
Mauryan Capital,1.0,1,2022-03-01,Food,Other,Delhi,2022,3,2022-03-01
Rajesh Sawheny,1.0,1,2015-04-01,Video Streaming,Seed,Delhi,2015,4,2015-04-01
Vartika Joshi,1.0,1,2025-01-01,Sports,Pre-Seed,Bangalore,2025,1,2025-01-01
Amara Ventures,1.0,1,2020-12-01,Virtual Auditing,Unknown,Bangalore,2020,12,2020-12-01
Balmer Lawrie,1.0,1,2025-01-01,Affordable Hospitality,Equity,Noida,2025,1,2025-01-01
Group Of Family Offices,1.0,1,2025-05-01,Wealth Management,Seed,Gurgaon,2025,5,2025-05-01
Arpit Bhardwaj,1.0,1,2025-01-01,Sports,Pre-Seed,Bangalore,2025,1,2025-01-01
Facebook Fbstart,0.99,3,2017-02-01,"Consumer Internet, Ecommerce",Seed,"Mumbai, Gurgaon, Bangalore",2017,2,2017-02-01
Rockstart Accelerator,0.98,1,2017-10-01,Consumer Internet,Seed,Kolkata,2017,10,2017-10-01
Bay Partners,0.95,1,2020-01-01,Cosmetics,Unknown,Thane,2020,1,2020-01-01
Family Pot Investments Llp,0.95,1,2015-03-01,Other,Seed,Unknown,2015,3,2015-03-01
Nick Adams,0.95,1,2015-03-01,Other,Seed,Unknown,2015,3,2015-03-01
Kiran Bhat,0.95,1,2015-03-01,Other,Seed,Unknown,2015,3,2015-03-01
Rounknownld Conway,0.95,1,2020-01-01,Cosmetics,Unknown,Thane,2020,1,2020-01-01
Aid,0.94,1,2025-10-01,Enterprise Applications > Scm Software,Seed,Maharashtra,2025,10,2025-10-01
Corporate Round From Velocity,0.91,1,2022-08-01,Healthcare,Unknown,Pune,2022,8,2022-08-01
Raghu Khanunknown,0.91,1,2015-11-01,On Demand Laundry,Seed,Delhi,2015,11,2015-11-01
Sameer Gupta,0.91,1,2015-11-01,On Demand Laundry,Seed,Delhi,2015,11,2015-11-01
Rannvijay Singh,0.9,1,2016-03-01,Consumer Internet,Seed,Mumbai,2016,3,2016-03-01
The Ten Minute Million,0.9,3,2017-01-01,"Technology, Ecommerce, Consumer Internet",Seed,"Delhi, Mumbai, Bangalore",2017,1,2017-01-01
Anita Hassaunknownndani,0.9,1,2016-03-01,Consumer Internet,Seed,Mumbai,2016,3,2016-03-01
Others ( The Ten Minute Million),0.88,1,2017-01-01,Technology,Seed,Mumbai,2017,1,2017-01-01
Badal Malick,0.86,1,2016-08-01,Consumer Internet,Seed,Delhi,2016,8,2016-08-01
Rishi Gupta,0.86,1,2016-08-01,Consumer Internet,Seed,Delhi,2016,8,2016-08-01
Rajul Jain,0.86,1,2016-08-01,Consumer Internet,Seed,Delhi,2016,8,2016-08-01
Ashutosh Lawania,0.86,1,2016-08-01,Consumer Internet,Seed,Delhi,2016,8,2016-08-01
Rohit Goutamchand,0.83,1,2021-02-01,Helathcare,Seed,Bangalore,2021,2,2021-02-01
Axis Capital Partners,0.83,1,2018-02-01,Edtech,Private Equity,Mumbai,2018,2,2018-02-01
Jindagi Live Angels,0.83,1,2020-01-01,Esports,Unknown,Bangalore,2020,1,2020-01-01
Samir Bangara,0.83,1,2016-01-01,Edtech,Seed,Bhopal,2016,1,2016-01-01
. Cornerstone Venture Partners Fund And Sunicon Ventures,0.83,1,2022-11-01,Information Technology,Pre-Seed,Bangalore,2022,11,2022-11-01
Modulor Capital,0.83,1,2020-11-01,Edtech,Unknown,Dhingsara,2020,11,2020-11-01
Riju Gupta,0.83,1,2016-08-01,Consumer Internet,Seed,Delhi,2016,8,2016-08-01
Angel Investors. Hni,0.83,1,2020-05-01,Edtech,Seed,Unknown,2020,5,2020-05-01
Azmul Haque,0.83,1,2015-05-01,Fund Raising,Seed,Chennai,2015,5,2015-05-01
Digital Fiunknownncial Service Lab,0.83,1,2016-12-01,Consumer Internet,Seed,Pune,2016,12,2016-12-01
Dr. Ritesh Malik,0.83,1,2016-01-01,Edtech,Seed,Bhopal,2016,1,2016-01-01
Gopal Aggarwal,0.83,1,2015-12-01,Cab Sharing Mobile,Seed,Mumbai,2015,12,2015-12-01
Nipun Dureja,0.83,1,2015-05-01,Fund Raising,Seed,Chennai,2015,5,2015-05-01
Shiva Ashok,0.83,1,2016-01-01,Consumer Internet,Seed,Bangalore,2016,1,2016-01-01
Sumit Gandhi,0.83,1,2015-07-01,Industrial Supplies B2B Ecommerce,Seed,Mumbai,2015,7,2015-07-01
Venture Catalysts And Idbi Capital Market Services,0.83,1,2022-05-01,Electric Vehicle,Unknown,Nashik,2022,5,2022-05-01
Nikhil Bagri,0.83,1,2015-05-01,Fund Raising,Seed,Chennai,2015,5,2015-05-01
Aarti Group,0.83,1,2015-10-01,Travel Destination Discovery,Seed,Delhi,2015,10,2015-10-01
Katabole Technology Venture,0.83,1,2016-05-01,Consumer Internet,Seed,Thiruvananthapuram,2016,5,2016-05-01
Anisha Mittal,0.83,1,2016-01-01,Edtech,Seed,Bhopal,2016,1,2016-01-01
Amit Dey,0.83,1,2015-10-01,Home Made Food,Seed,Gurgaon,2015,10,2015-10-01
Sumit Aggarwal,0.83,1,2020-01-01,Legal,Unknown,Delhi,2020,1,2020-01-01
Hax Accelerator,0.83,1,2016-10-01,Technology,Seed,Bangalore,2016,10,2016-10-01
Prashant Gooty,0.83,1,2016-04-01,Technology,Seed,Mumbai,2016,4,2016-04-01
Manish Gandhi,0.83,1,2015-07-01,Industrial Supplies B2B Ecommerce,Seed,Mumbai,2015,7,2015-07-01
Rajeev Agrawal,0.83,1,2016-04-01,Technology,Seed,Mumbai,2016,4,2016-04-01
Newbie Promoter Pvt Ltd,0.83,1,2016-01-01,Edtech,Seed,Jaipur,2016,1,2016-01-01
Shashank Mehrotra,0.83,1,2015-02-01,Other,Other,Unknown,2015,2,2015-02-01
Siddharth Bhaskar Shah,0.83,1,2021-01-01,Edtech,Pre-Series A,Mumbai,2021,1,2021-01-01
Gaurav Lochan,0.83,1,2015-05-01,Fund Raising,Seed,Chennai,2015,5,2015-05-01
Supermorpheus And Vivek Shah,0.83,1,2022-07-01,Healthcare,Seed,Delhi,2022,7,2022-07-01
Solidarity Venture Capital,0.83,1,2015-03-01,Other,Seed,Unknown,2015,3,2015-03-01
Ganesh Narasimhan,0.83,1,2016-09-01,Consumer Internet,Seed,Hyderabad,2016,9,2016-09-01
Chandigarh Angels Network,0.83,1,2020-11-01,Edtech,Unknown,Dhingsara,2020,11,2020-11-01
Spaunknownche,0.83,1,2021-04-01,It,Seed,Bangalore,2021,4,2021-04-01
Sucseed Indovation,0.83,1,2021-04-01,B2B,Unknown,Delhi,2021,4,2021-04-01
Ashish Jain,0.83,1,2021-11-01,Edtech,Pre-Seed,Surat,2021,11,2021-11-01
Ashish Jhalani,0.83,1,2015-09-01,Ecommerce Brandsxe2X80X99 Full Agency,Seed,Mumbai,2015,9,2015-09-01
Alok Bajpai,0.83,1,2015-10-01,Home Made Food,Seed,Gurgaon,2015,10,2015-10-01
Singapore Angel Network.,0.83,1,2016-01-01,Edtech,Seed,Bhopal,2016,1,2016-01-01
Unknown Private Investors,0.83,1,2016-03-01,Consumer Internet,Seed,Bangalore,2016,3,2016-03-01
Keith Rodricks,0.83,1,2015-05-01,Fund Raising,Seed,Chennai,2015,5,2015-05-01
Upsparks,0.83,1,2021-01-01,Edtech,Pre-Series A,Mumbai,2021,1,2021-01-01
Sudhir Mallem,0.83,1,2016-09-01,Consumer Internet,Seed,Hyderabad,2016,9,2016-09-01
Daman Soni,0.83,1,2016-03-01,Consumer Internet,Seed,Gurgaon,2016,3,2016-03-01
Sudhir Mehta,0.83,1,2016-05-01,Technology,Seed,Pune,2016,5,2016-05-01
Pramendra Tomar,0.83,1,2020-01-01,Legal,Unknown,Delhi,2020,1,2020-01-01
Rajat Gupta,0.83,1,2016-03-01,Consumer Internet,Seed,Gurgaon,2016,3,2016-03-01
Vipul Gautam,0.83,1,2016-03-01,Technology,Seed,Hyderabad,2016,3,2016-03-01
Saurab Paruthi,0.83,1,2016-01-01,Edtech,Seed,Bhopal,2016,1,2016-01-01
Devidas Desai,0.83,1,2016-03-01,Technology,Seed,Hyderabad,2016,3,2016-03-01
23 High Networth Individuals (Hnis).,0.83,1,2020-01-01,Edtech,Seed,Pune,2020,1,2020-01-01
Munish Bhatia,0.83,1,2020-01-01,Legal,Unknown,Delhi,2020,1,2020-01-01
Philippe Bouchet,0.83,1,2017-04-01,Technology,Seed,Bangalore,2017,4,2017-04-01
Lalit Vase,0.83,1,2016-10-01,Technology,Seed,Gurgaon,2016,10,2016-10-01
Tania Johny Palathinkal,0.83,1,2015-09-01,Fintech Incubation,Seed,Mumbai,2015,9,2015-09-01
Sara Elgi,0.83,1,2021-08-01,Drone,Unknown,Chennai,2021,8,2021-08-01
Krishunknown Rokhale,0.83,1,2016-11-01,Technology,Seed,Pune,2016,11,2016-11-01
Anil Menon,0.83,1,2015-11-01,Healthcare,Seed,Bangalore,2015,11,2015-11-01
Deobrat Singh,0.83,1,2016-01-01,Edtech,Seed,Bhopal,2016,1,2016-01-01
India Angel Fund,0.83,1,2020-12-01,Edtech,Unknown,Pune,2020,12,2020-12-01
Playbook Fund And Letsventure,0.83,1,2022-05-01,Retail,Unknown,Bangalore,2022,5,2022-05-01
Satyajit Heeralal,0.83,1,2015-05-01,Fund Raising,Seed,Chennai,2015,5,2015-05-01
Ratish Pandey,0.83,1,2020-01-01,Legal,Unknown,Delhi,2020,1,2020-01-01
Pittie Group,0.83,1,2015-03-01,Other,Seed,Unknown,2015,3,2015-03-01
Inflection Point Ventures And Santosh Chandra,0.83,1,2022-11-01,Automotive,Seed,Bangalore,2022,11,2022-11-01
Ramaunknown Thumu,0.83,1,2016-09-01,Consumer Internet,Seed,Hyderabad,2016,9,2016-09-01
Kanchan Ghoshal,0.83,1,2017-01-01,Consumer Internet,Seed,Bangalore,2017,1,2017-01-01
Kamal Chabra,0.83,1,2016-08-01,Consumer Internet,Seed,Delhi,2016,8,2016-08-01
Virya Mobility 5.0 And Keiretsu Forum,0.83,1,2022-08-01,Automation,Seed,Thane,2022,8,2022-08-01
Growth Strategy Ventures,0.83,1,2025-03-01,Other,Other,Haryana,2025,3,2025-03-01
Rajnish Kumar,0.83,1,2015-10-01,Home Made Food,Seed,Gurgaon,2015,10,2015-10-01
India Cxo Fund,0.83,1,2021-02-01,Helathcare,Seed,Bangalore,2021,2,2021-02-01
Ajay Suraunknown,0.83,1,2021-11-01,Edtech,Pre-Seed,Surat,2021,11,2021-11-01
Village Capital,0.82,2,2017-12-01,Technology,Other,"Mumbai, Bangalore",2017,12,2017-12-01
Multiple Investors Through Ten Minute Million Competition,0.76,4,2016-02-01,"Consumer Internet, Technology",Seed,"Bangalore, Unknown, Gurgaon",2016,2,2016-02-01
Devdeep Singh,0.75,1,2016-11-01,Consumer Internet,Seed,Gurgaon,2016,11,2016-11-01
Pankaj Chopra,0.66,1,2018-01-01,Technology,Other,Gurgaon,2018,1,2018-01-01
Ankush Gupta,0.66,1,2018-01-01,Technology,Other,Gurgaon,2018,1,2018-01-01
Neha Vats,0.66,1,2015-08-01,Ecommerce,Seed,Delhi,2015,8,2015-08-01
Gaurav Vats,0.66,1,2015-08-01,Ecommerce,Seed,Delhi,2015,8,2015-08-01
Puneet Bhatia,0.66,1,2015-10-01,Proximity Marketing & Mobile Advertising,Seed,Mumbai,2015,10,2015-10-01
Hyderabad Angels (At Startup Heroes Event),0.65,5,2015-01-01,Other,Seed,Unknown,2015,1,2015-01-01
Ununknownmed Investor,0.64,1,2015-10-01,Location Based Nightlife Recommendationxc2Xa0,Seed,Mumbai,2015,10,2015-10-01
Suyash Sharma,0.64,1,2015-10-01,Food Ordering & Delivery,Seed,Delhi,2015,10,2015-10-01
Dishit Nathwani,0.56,1,2025-01-01,Mouth Freshener,Seed,Ahmedabad,2025,1,2025-01-01
Prateek Toshniwal,0.56,1,2025-01-01,Mouth Freshener,Seed,Ahmedabad,2025,1,2025-01-01
Matrix Partners India And Wami Capital,0.55,1,2022-06-01,Software,Unknown,Gurgaon,2022,6,2022-06-01
Clover Infotech,0.5,1,2022-03-01,Information Technology &,Unknown,Mumbai,2022,3,2022-03-01
Daniel Keloha,0.5,1,2022-03-01,Ecommerce,Seed,Delhi,2022,3,2022-03-01
Zent Interunknowntiounknownl Limited,0.5,1,2022-03-01,Fintech,Pre-Series A,Chennai,2022,3,2022-03-01
Ezswype Llc,0.5,1,2022-03-01,Fintech,Pre-Series A,Chennai,2022,3,2022-03-01
Westbridge Capital And Ian Fund,0.485,1,2022-04-01,Home Decor,Series B,Jaipur,2022,4,2022-04-01
Prospect Partners.,0.45,1,2020-01-01,Warehouse,Unknown,Noida,2020,1,2020-01-01
Aim Angel Group,0.415,1,2022-01-01,Healthcare,Seed,Mumbai,2022,1,2022-01-01
Pankaj Tripathi,0.41,1,2016-06-01,Consumer Internet,Seed,Mumbai,2016,6,2016-06-01
Turning Ideas,0.41,1,2015-10-01,Personalized Wish List Creator,Seed,Noida,2015,10,2015-10-01
Harsh Vardhan Hada,0.41,1,2016-06-01,Technology,Seed,Kolkata,2016,6,2016-06-01
Mukesh Kumar Gupta,0.41,1,2016-02-01,Consumer Internet,Seed,Gurgaon,2016,2,2016-02-01
Satoshi Studios,0.41,1,2017-05-01,Technology,Seed,Delhi,2017,5,2017-05-01
Anoop Mathur And Kushal Khandwala,0.41,1,2022-07-01,National Security,Pre-Seed,Bangalore,2022,7,2022-07-01
Prof. Ram Kumar Kakani,0.41,1,2017-03-01,Consumer Internet,Seed,Bangalore,2017,3,2017-03-01
Adit Parekh,0.4,1,2022-03-01,Travel Arrangements,Unknown,Chennai,2022,3,2022-03-01
Sharan Aggarwal,0.4,1,2022-01-01,Online Media,Unknown,Mumbai,2022,1,2022-01-01
A M Sikander,0.37,1,2016-11-01,Ecommerce,Seed,Delhi,2016,11,2016-11-01
Gbim Technologies Pvt Ltd,0.37,1,2016-01-01,Edtech,Seed,Mumbai,2016,1,2016-01-01
Astarc Ventures.,0.36,1,2020-08-01,Fashion,Unknown,Mumbai,2020,8,2020-08-01
Nestavera Ventures.,0.34,1,2020-08-01,Healthcare,Unknown,Bangalore,2020,8,2020-08-01
Swastika Company Ltd.,0.33,1,2016-08-01,Other,Seed,Mumbai,2016,8,2016-08-01
Nilender Chauhan,0.33,1,2016-04-01,Consumer Internet,Seed,Delhi,2016,4,2016-04-01
Facebook Fb Start Programme,0.33,1,2017-02-01,Consumer Internet,Seed,Gurgaon,2017,2,2017-02-01
Sa\\Xc3\\Xafd Business School Seed Fund.,0.33,1,2016-01-01,Consumer Internet,Seed,Mumbai,2016,1,2016-01-01
Mahendra Patel,0.33,1,2016-04-01,Consumer Internet,Seed,Delhi,2016,4,2016-04-01
Ka Enterprise,0.26,1,2020-03-01,Fmcg,Series C,Mumbai,2020,3,2020-03-01
Kickstarter,0.26,1,2015-01-01,Other,Other,Unknown,2015,1,2015-01-01
Oranda Global,0.25,1,2016-02-01,Ecommerce,Seed,Delhi,2016,2,2016-02-01
Naveen Gupta,0.25,1,2016-03-01,Consumer Internet,Seed,Delhi,2016,3,2016-03-01
Ingram Content Group,0.25,1,2016-02-01,Consumer Internet,Seed,Bangalore,2016,2,2016-02-01
Viridian Capital,0.25,1,2016-06-01,Consumer Internet,Seed,Unknown,2016,6,2016-06-01
Natiounknownl Science And Technology Entrepreneurship Development Board,0.25,1,2017-03-01,Consumer Internet,Seed,Delhi,2017,3,2017-03-01
Promatus Group,0.22,1,2016-08-01,Technology,Seed,Kerala,2016,8,2016-08-01
Woodstock Fund,0.2,1,2022-03-01,Information Technology &,Pre-Seed,Bangalore,2022,3,2022-03-01
Nikhil Kamath’S Wtfund (2024 Cohort),0.2,1,2025-02-01,AI,Other,Pune,2025,2,2025-02-01
Dlf Family Office,0.2,1,2022-03-01,Real Estate,Seed,Mumbai,2022,3,2022-03-01
Zeroth.Ai,0.17,1,2020-01-01,Agritech,Unknown,Bangalore,2020,1,2020-01-01
Rahul Chari,0.17,1,2022-02-01,Edtech,Seed,Bangalore,2022,2,2022-02-01
Birla Sun Life Insurance And Hdfc Trustee,0.17,1,2022-04-01,Logistics,Unknown,Mumbai,2022,4,2022-04-01
Aruunknownchal Pradesh Social Entrepreneurship Meet,0.17,1,2020-02-01,Agritech,Unknown,Jodhpur,2020,2,2020-02-01
Nithin Kamath,0.17,1,2022-02-01,Edtech,Seed,Bangalore,2022,2,2022-02-01
Gautam Kumra And Sixth Sense Ventures,0.12,1,2022-06-01,Food,Series B,Mumbai,2022,6,2022-06-01
Sapient Fund,0.1,1,2022-03-01,Edtech,Pre-Seed,Chennai,2022,3,2022-03-01
Ebay,0.1,1,2017-03-01,Ecommerce,Private Equity,Bangalore,2017,3,2017-03-01
Westbridge Capital And Sashi Reddi,0.09,1,2022-06-01,News,Series A,Hyderabad,2022,6,2022-06-01
Aicunknownnalanda Institute Of Technology Foundation,0.09,1,2025-10-01,Life Sciences > Oncology,Seed,Odisha,2025,10,2025-10-01
General Catalyst And Iconiq Capital,0.01,1,2022-04-01,Analytics,Other,Oakland,2022,4,2022-04-01
Abu Dhabi Investment Authority And Twenty Nine Capital Partners,0.01,1,2022-04-01,Ecommerce,Series E,Bangalore,2022,4,2022-04-01
