Company,Sector,Headquarters,Amount,Funding_Round_Type,Lead_Investors,Year,Month
Ecozen,Technology,Pune,"60,00,000",Series A,Sathguru Catalyzer Advisors,2019,December
CarDekho,E-Commerce,Gurgaon,"7,00,00,000",Series D,Ping An Global Voyager Fund,2019,December
Dhruva Space,Aerospace,Bengaluru,"5,00,00,000",Seed,"Mumbai Angels, Ravikanth Reddy",2019,December
Rivigo,Technology,Gurgaon,"2,00,00,000",Series F,"SAIF Partners, Spring Canter Investment Ltd.",2019,December
Healthians,B2B-focused foodtech startup,Bengaluru,"1,20,00,000",Series C,"Paytm, NPTK, Sabre Partners and Neoplux",2019,December
Licious,E-Commerce,Bengaluru,"3,00,00,000",Series E,Vertex Growth Fund,2019,December
InCred,Finance,Mumbai,"59,00,000",Debt Funding,,2019,December
Trell,Video,Bengaluru,"20,00,000",Seed Round,Ruizheng Investment,2019,December
Rein Games,Gaming,Noida,"5,00,00,000",Seed Round,Manipal Education and Medical Group (MEMG),2019,December
Lenskart.com,E-Commerce,Faridabad,"23,10,00,000",Series G,SoftBank Vision Fund,2019,December
Freshworks,Software,San Francisco,"15,00,00,000",Series H,"Sequoia, CapitalG, Accel",2019,November
Misters,Health and wellness,Gurgaon,"4,86,000",Series B,"Sauce.vc, Rainforest Ventures",2019,November
Sunstone Eduversity Pvt. Ltd,Education,Gurgaon,"15,00,000",Seed,"Prime Venture Partners, LetsVenture, PS1 Venture and GlobalLogic co-founder Rajul Garg",2019,November
Burger Singh,Food and Beverage,Gurgaon,undisclosed,Venture,RB Investments,2019,November
Healthians,Health and Wellness,Gurgaon,"1,20,00,000",Series B,"DG Daiwa Ventures, DG Incubation",2019,November
Ninjacart,B2B Marketing,Bengaluru,"2,60,00,000",Debt Funding,Trifecta Capital Advisors,2019,November
Aye Finance,FinTech,Gurgaon,"1,74,11,265",Debt Funding,FinTech,2019,November
SuperGaming,Video Games,Pune,"13,00,000",Seed Funding,Dream Incubator,2019,November
Clumio,SaaS,"San Jose,","13,50,00,000",Series C,"Altimeter Capital, Sutter Hill Ventures",2019,November
eBikeGo,Last Mile Transportation,Amritsar,"3,00,000",Seed,Startup Buddy,2019,November
Digital Mall Asia,E-Commerce,Delhi,"22,00,00,000",Seed Funding,Amour Infrastructure,2019,November
Medikabazaar,Healthcare,Mumbai,"1,58,00,000",Series B,"Ackermans & van Haaren, HealthQuad, Rebright Partners, Toppan Printing",2019,November
Vogo Automotive,Last Mile Transportation,Kormangala,"28,30,00,000",Series B,"Matrix Partners, Stellaris Venture Partners, Kalaari Capital",2019,November
Furtados School of Music,Education,Tulangan,"20,00,00,000",,IAN Fund and DSG Consumer Partners,2019,November
Paytm,FinTech,Noida,"1,00,00,00,000",Funding Round,Vijay Shekhar Sharma,2019,November
Dunzo,Customer Service,Bengaluru,"4,50,00,000",Series D,Lightbox,2019,October
Udaan,B2B,Bengaluru,"58,50,00,000",Series D,"Altimeter Capital, DST Global",2019,October
The Man Company,Consumer Goods,Gurgaon,unknown,Corporate Round,Ayushmann Khurana,2019,October
FPL Technologies,FinTech,Pune,"45,00,000",Maiden Round,"Matrix Partners India, Sequoia India",2019,September
Cashflo,FinTech,Mumbai,"33,00,000",Series A,SAIF Partners,2019,September
Digital F5,"Advertising, Marketing",Mumbai,"60,00,000",Private Equity Round,TIW Private Equity,2019,September
3rdFlix,SaaS,Hyderabad,"50,00,000",pre-series A,Exfinity Venture Partners,2019,September
75F,IoT,Burnsville,"1,80,00,000",Series A,Breakthrough Energy Ventures,2019,September
Myelin Foundry,Information Technology,Bengaluru,"10,00,000",Seed,Endiya Partners,2019,September
Atomberg Technology,Consumer Technology,Mumbai,"1,00,00,000",Series A,A91 Partners,2019,September
GOQii,Health and Wellness,Menlo Park,"45,00,00,000",Series C,Bennett Coleman and Company Ltd (BCCL),2019,September
Vyapar App,Accounting,Bengaluru,"50,00,000",Series A,"India Quotient, Axilor Ventures",2019,September
CarDekho,E-Commerce,Gurgaon,"2,00,00,000",Series C,SC GG India Mobility Holdings LLC,2019,August
Progcap,Finance,New Delhi,"50,00,000",Series A,Sequoia India,2019,August
MyPetrolPump,Retail,Bengaluru,"16,00,000",Seed Funding Round,,2019,August
Alteria Capital,Finance,Mumbai,"14,00,00,000",Single Venture,"Azim Premji, Binny Bansal",2019,August
Pine Labs,Information Technology,Noida,"3,80,80,000",Corporate Round,Pine Labs Pte Ltd,2019,August
Meesho,E-Commerce,Bengaluru,"12,50,00,000",Series D,Naspers,2019,August
Cars24,E-Commerce,Gurugram,"1,10,00,000",Series D,MS Dhoni,2019,August
Uniphore,Customer Service Platform,Palo Alto,"5,10,00,000",Series C,March Capital Partners,2019,August
Zendrive,Automotive,San Francisco,"3,70,00,000",Series B,XL Innovate,2019,August
Lo! Foods,Consumer Goods,Bengaluru,"5,00,000",Seed Round,"Rashmi Daga (founder, FreshMenu), Raveen Sastry (co-founder, Myntra) and Mitesh Shah (finance chief, BookMyShow)",2019,August
Tala,FinTech,Santa Monica,"11,00,00,000",Series D,RPS Ventures,2019,August
INDwealth,FinTech,Gurgaon,"1,50,00,000",Venture Round,Tiger Global Management,2019,August
HungerBox,Food and Beverage,Bengaluru,"65,90,000",Series C,One97 Communications Ltd.,2019,August
AdmitKard,EdTech,Noida,"10,00,000",Seed Round,Growth DNA,2019,August
Mishry Reviews,Services,Gurgaon,Undisclosed,Series A,Vir Sanghvi,2019,August
Grofers,E-Commerce,Gurgaon,"7,00,00,000",Series F,Softbank Vision Fund,2019,August
Rapido Bike Taxi,Transportation,Bengaluru,"3,90,00,00,000",Series B,Westbridge Capital,2019,August
RenewBuy,Finance,Gurgaon,"1,90,00,000",Series B,"Lok Capital, IIFL Wealth",2019,July
Atlan,Information Technology,Singapore,"25,00,000",Pre-Series A,WaterBridge Ventures,2019,July
WizCounsel,Compliance,New Delhi,"1,45,000",Angel,Kapil Dev,2019,July
Ola Cabs,Transport,Kormangala,"10,00,000",Series J,"DIG Investment Ab, Deshe Holdings, Samih Toukan and Hussam Khoury",2019,July
Uniphore,Artificial Intelligence,Taramani,"3,80,80,000",Series C,March Capital Partners,2019,July
Daalchini Technologies,Food and Beverage,New Delhi,"5,00,000",Seed Round,Artha Venture,2019,July
"""BYJU\\'S""",EdTech,Bengaluru,"15,00,00,000",Private Equity Round,Qatar Investment Authority,2019,July
Moglix,E-Commerce,Singapore,"6,00,00,000",Series D,"Composite Capital Management, Sequoia Capital India, Tiger Global Management",2019,July
Ezyhaul,Tech,Singapore,"1,60,00,000",Series B,Undisclosed,2019,July
Indus OS,Tech,Andheri,"57,50,000",Series B,Ventureast,2019,July
HealthAssure,Health Care,Mumbai,"25,00,000",Series A,Blume Ventures,2019,July
House of Msasaba,Luxury Label,Mumbai,"10,00,000",Series A,Binny Bansal,2019,July
Board Infinity,EdTech,Chembur,"3,19,605",Angel Round,Multiple Angel Investors,2019,July
NoBroker,E-Commerce,Bengaluru,"5,10,00,000",Series C,General Atlantic,2019,June
Bira91,Food and Beverage,New Delhi,"1,00,00,000",Debt Funding,Anicut Capital,2019,June
FabHotels,E-Commerce,Gurgaon,"48,89,975.54",,"Goldman Sachs, Accel Partners and Qualcomm",2019,June
Avail Finance,Finance,Bengaluru,"90,00,000",Series A,Matrix Partners,2019,June
BharatPe,Finance,New Delhi,"7,50,00,000",Series B,Insight Partners,2019,June
Recykal,Waste Management Service,Hyderabad,"2,60,00,000",pre-Series A,"Triton Investment Advisors, Pidilite Industries director Ajay Parekh",2019,June
Agara Labs,Deep-Tech,Bengaluru,"25,00,000",pre-Series A,Blume Ventures and RTP Global,2019,June
Sistema.bio,Agriculture,Nairobi,"27,39,034.68",,"Shell Foundation, DILA CAPITAL, Engie RDE Fund, EcoEnterprise Fund, EDFIMC (ElectriFI), Endeavor Catalyst Fund, CoCapital, Triodos, Alpha Mundi, and Lendahand",2019,June
Chakr Innovation,Energy,New Delhi,"2,60,00,000",Series A,IAN Fund,2019,June
Pratilipi,Digital Media,Bengaluru,"1,51,09,500.00",Series B,Qiming Venture Partners,2019,June
Bolo App,Digital Media,Bengaluru,"4,30,200",Seed Funding,Nexus Venture Partners,2019,June
OkCredit,FinTech,Haryana,"1,55,00,000",Series A,Tiger Global Management,2019,June
Biz2Credit,FinTech,New York,"5,20,00,000",Series B,WestBridge Capital,2019,June
Vogo Automotive Pvt. Ltd.,Transportation,Karnataka,"35,84,000",Debt Funding,Alteria Capital,2019,June
Leegality,Services,Mumbai/Bengaluru,"34,00,000",Series A,Mumbai Angels,2019,June
Ola Electric,Transport,Bengaluru,undisclosed,Series A,Tata Sons,2019,May
Saahas Zero Waste,Waste Management Service,Bengaluru,"8,68,600",Venture - Series Unknown,C4D Partners,2019,May
StyleDotMe,E-commerce,Delhi,undisclosed,Bridge Round,"Indian Angel Network and other angel investors, Innov8 founder Ritesh Malik, Josh Talks founders Supriya Paul and Shobha Banga, and former Hero Corporate president Rohit Chanana",2019,May
BlackBuck,Transport,Bengaluru,"15,00,00,000",Series D,"Goldman Sachs Investment Partners and Silicon Valley-based Accel, Wellington, Sequoia Capital, B Capital, LightStreet, Sands Capital and International Finance Corporation,",2019,May
Zenoti,Saas,Hyderabad,"5,00,00,000",Series C,Tiger Global Management,2019,May
Ather Energy,Automobile,Bengaluru,"5,10,00,000",Series C,Sachin Bansal,2019,May
FreshVnF,Agtech,Mumbai,"14,00,00,000",Seed Round,Equanimity Ventures,2019,May
GlowRoad,E-commerce,Bengaluru,"1,15,00,000",Series B,"Korea Investment Partners, Vertex Ventures",2019,May
Bira91,Food and Beverage,New Delhi,"56,00,000",Series B,Sixth Sense Ventures,2019,May
Kuvera,Finance,Bengaluru,"4,50,00,000",Series A,Eight Roads,2019,April
Medlife,E-commerce,Bengaluru,"1,70,00,000",Private Equity,Prasid Uno Family Trust,2019,April
Kabadiwala,E-commerce,Bhopal,"4,30,665",Private Equity,"Unilever, Beehive Capital Advisor, ABCOM Investments, Parekh Marine Transport,",2019,April
Tripoto,Social Media,New Delhi,"35,91,375",Series B,"Orchid India, Hornbill Orchid India Fund, Chiratae Ventures (formerly IDG Ventures), 3one4 Capital, Lasmer NV",2019,April
Azah,Health and Wellness,Gurugram,"2,00,000",Seed Funding,Unnamed angel investors,2019,April
Setu,Fintech,Bengaluru,"35,00,000",Seed Funding,Lightspeed India Partners,2019,April
Toppr,Edtech,Mumbai,"63,20,820",Debt and Preference capital,Milestone,2019,April
Craftsvilla,E-commerce,Mumbai,"24,43,495",Inhouse Funding,Supera Pte Ltd,2019,April
Unacademy,Edtech,Bengaluru,"3,07,000",Seed/ Angel Funding,Kalyan Krishnamurthy,2019,April
CleverTap,SaaS,Mumbai,"2,60,00,000",Series B,"Sequoia India, Tiger Global Management, Accel Partners",2019,April
My Healthcare,E-commerce,Bengaluru and Gurugram,"30,00,000",Series A,Sixth Sense Ventures,2019,April
KrazyBee,E-commerce,Bengaluru,"14,342,000+",Debt,"BAC Acquisitions, Unifi AIF, BRD Securities, Northern R Capital",2019,April
Shuttl,Transportation,Gurugram,"50,00,000",Venture Round,New Atlantic Ventures,2019,April
Increff,Technology,Bengaluru,"30,00,000",Series A,"021 Capita, Binny Bansal",2019,April
FleetX,AI,Gurgaon,Undisclosed,Pre Series A,India Quotient and LetsVenture\\xe2\\x80\\x99s Angel Fund,2019,February
Zilingo,Ecommerce,India/Singapore,"22,60,00,000",Series D,"Sequoia Capital and Temasek Holdings, EDBI, Burda Principal Investments, and Sofina",2019,February
NanoClean Global,Nanotechnology,New Delhi,"6,00,000",Series A,"LetsVenture, PitchRight Venture, 91SpringBoard, AL Nour International Holdings and Mark V Investments",2019,February
OyoRooms,Hospitality,Gurgaon,"10,00,00,000",Equity,DiDi Chuxing,2018,February
CarDekho,Automobile,Jaipur,"11,00,00,000",Series C,"Sequoia India, Hillhouse Capital, Alphabet\\xe2\\x80\\x99s growth investment arm Capital G and Axis Bank",2019,January
Vyome Therapeutics Inc.,Health and Wellness,India/US,"2,20,00,000",Series D,"Iron Pillar, Perceptive Advisors, Romulus Capital and Kalaari Capital",2019,January
Samunnati Financial Intermediation & Services Pvt. Ltd,Finance,Chennai,"50,00,000",Debt-Funding,"MASSIF, a Dutch government fund",2019,January
Manch,Social Media,Delhi,"7,00,000",Seed Funding,Stellaris Venture Partners,2018,December
UrbanClap Technologies Pvt. Ltd,Services Platform,New Delhi,"5,00,00,000",Series D,Steadview Capital and Vy Capital.,2018,December
Guiddoo,Travel Tech,Mumbai,"8,00,000",Pre-Series A,Individual Investors,2018,December
Career Anna,Online Education,Gurugram,"5,72,000",Pre-Series A,Individual Investors,2018,December
Nagpur Wholesale,Online Marketplace,Nagpur,"1,43,000",Seed Funding,Omphalos Ventures India LLP,2018,December
ShopKirana,B2B,Indore,"20,00,000",Seed Funding,"Info Edge, AET Fund, Akatsuki and Incubate Fund from Japan and Better Capital AngelList syndicate.",2018,December
BuildSupply,"SaaS, Ecommerce",Gurugram,"35,00,000",Series A,"Venture Highway, GREE Ventures, Space Matrix, Individual Investors",2018,December
GoDesi,Food and Beverage,Bengaluru,"1,38,995",Seed/ Angel Funding,Lead Angels Network,2018,November
Veritas Finance Ltd.,NBFC,Chennai,"2,77,99,000",Series D,"Norwest Venture Partners, CDC Group, the UK\\xe2\\x80\\x99s Development Finance Institution and P Surendra Pai",2018,November
Meesho,Ecommerce,Bengaluru,"5,00,00,000",Series C,"Shunwei Capital, DST Partners and RPS Ventures",2018,November
Mobile Premier League,Gaming,Bengaluru,"5,00,000",Series A,Undisclosed,2018,November
A&R Bon Vivants,Food,Jaipur,"10,00,000",Equity,"RB Investments, Singapore",2018,November
Blackbuck,Food Tech,"New York, Bengaluru","10,00,000",Series A,Tiger Global,2018,November
MilkBAsket,Food,New Delhi,"13,00,000",Series B,Mayfield Fund,2018,November
DriveU,Transport,Bengaluru,"10,00,000",Mezzanine,Stevens Creek Ventures,2018,November
CleanseCar,Services,Bengaluru,"5,00,000",Seed/ Angel Funding,Venture Catalysts,2018,November
Automation Anywhere,Automation,California,"30,00,00,000",Series B,SoftBank Vision Fund,2018,November
HealthifyMe,Health and Wellness,Bengaluru,"60,00,000",Series B (Extension),"Sistema Asia Fund, VC Samsung NEXT, Chiratae Ventures, Inventus Capital, Blume Ventures and Innoven Capital.",2018,November
Genius Corner,Education,Noida,"2,78,000",Seed Funding,Individual investors,2018,November
Aavishkaar-Intellecap Group,Investment,Mumbai,"3,10,00,000",Equity Based Funding,Teachers Insurance and Annuity Association (TIAA),2018,November
Skillbox,Social Network,Gurugram,Undisclosed,Seed Funding,Individual investors,2018,November
Signzy,Financial Tech,Mumbai/Bengaluru,"34,00,000",Series A,"Stellaris Venture Partners and Kalaari Capital, Rajan Anandan from Google, Dilip Khandwelwal from SAP Labs India, and Amrish Rau from PayU India",2018,November
Engineer.ai,Software,India/US,"2,95,00,000",Series A,"Lakestar and Jungle Ventures, Softbank\\xe2\\x80\\x99s DeepCore.",2018,November
InCred Finance,Finance,India,"4,20,00,000",Private Equity,"Paragon Partners, Individual Investors",2018,November
Roposo,Social Media,Delhi,"17,00,000",Series B,Bertelsmann India Investments,2018,November
Northmist,Fashion,Delhi,,Seed/ Angel Funding,Prashant Jaiswal,2018,October
Origo Commodities India Pvt. Ltd,Logistics,Hyderabad,"1,10,00,000",Seed/ Angel Funding,"Cooperative Oikocredit, Caspian and Hivos-Triodos Fund",2018,October
Grover Zampa,Food,Mumbai,"82,00,000",Private Equity,Ravi Viswanathan,2018,October
Droom,Automobile,Gurgaon,"30,00,000",Series E,ZigExN,2018,October
Innov8,Real Estate,New Delhi,"40,00,000",Pre-Series A,Credence Family Office,2018,October
Blackbuck,Logistics Tech,Bengaluru,"1,46,80,000",Private Funding,Sequoia Capital India,2018,October
LetsTransport,Logistics Tech,Bengaluru,"1,20,00,000",Series C,Fosun International,2018,October
Netmeds,Consumer Internet,Chennai,"3,50,00,000",Private Equity,"Sistema Asia Fund, Sistema JSFC and Tanncam Investment",2018,September
Udaan,B2B Platform,Bengaluru,"22,50,00,000",Private Equity,DST Global and Lightspeed Venture Partners\\xe2\\x80\\x99 global fund.,2018,September
Daily hunt,Consumer Internet,Bengaluru,"63,90,000",Private Equity,Falcon Edge,2018,September
3HCare,Healthcare,Delhi,"10,00,000",Seed / Angel Funding,,2018,September
HappyGoEasy,Consumer Internet,Gurugram,,Private Equity,"Korea Investment Partners (KIP), Samsung and China-based CITIC Capital and others",2018,September
Nykaa,Consumer Internet,Mumbai,"15,72,00,000",Private Equity,Lighthouse,2018,September
Mad Street Den,Technology,Chennai,,Private Equity,KDDI\\xc2\\xa0,2018,September
Dream11,Consumer Internet,Mumbai,"10,00,00,000",Private Equity,"Tencent, Kalaari Capital and Private equity firm Multiples Alternate Asset Management",2018,September
MamaEarth,Healthcare,Gurugram,"40,00,000",Private Equity,Stellaris Ventures & Others,2018,September
AutoGrid,Technology,Bengaluru,"3,20,00,000",Private Equity,"CLP Holdings Group, Innogy, \\xc3\\x98rstead, and Tenaska",2018,September
Pharmeasy,Consumer Internet,Mumbai,"55,00,000",Debt Funding,InnoVen Capital,2018,September
Upwards,Fin-Tech,Mumbai,"50,00,000",Private Equity,"Shunwei Capital,Quotient, Mayfield & Others",2018,September
Kissht,Fin-Tech,Mumbai,"3,00,00,000",Private Equity,"Vertex Ventures Southeast Asia (SEA) and India and Sistema Asia Fund, Fosun RZ Capital, Ventureast, and Endiya Partners.\\n\\n",2018,September
dishq,Food-Tech,Bengaluru,"4,00,000",Seed/ Angel Funding,"Farm To Fork, Arts Alliance, The Syndicate Fund, Sven Hensen, Zeroth and Artesian Venture Partners",2018,August
HealthFin,Finance,Pune,,Seed/ Angel Funding,"Axilor, Sprout Venture Partners and others",2018,August
Samosa Labs,Consumer Internet,Hyderabad,"70,00,000",Private Equity,Xiaomi and Sequoia Capital India,2018,August
ZiffyHomes,Consumer Internet,Gurugram,"1,20,000",Private Equity,Y Combinator,2018,August
My OmNamo,Consumer Internet,Mumbai,"10,00,000",Seed/ Angel Funding,,2018,August
ShopX,Consumer Internet,Bengaluru,"3,50,00,000",Private Equity,Fung Strategic Holdings,2018,August
MakeMyTrip,Consumer Internet,Gurugram,"1,00,00,000",Private Equity,MakeMyTrip Limited,2018,August
Hansel io,Consumer Internet,Bengaluru,"40,00,000",Seed/ Angel Funding,Vertex Ventures,2018,August
Metro Bikes,Consumer Internet,Bengaluru,"1,22,00,000",Private Equity,"Sequoia Capital India Advisors, Accel Partners and G Raghunandan",2018,August
Phone Pe,Consumer Internet,Bengaluru,"6,60,00,000",Private Equity,Flipkart,2018,August
quizizz,Ed-Tech,Bengaluru,"30,00,000",Seed/ Angel Funding,"Nexus Venture Partners, Prime Venture Partners and Others",2018,August
Happy EMI,Fin-Tech,Bengaluru,"10,00,000",Seed/ Angel Funding,AJ Ventures and Jain International Trade Organisation (JITO),2018,August
Inthree,Consumer Internet,Chennai,"40,00,000",Seed/ Angel Funding,"Ventureast, Orios Venture Partners and the IAN Fund",2018,August
Observe AI,Technology,Bengaluru,"80,00,000",Private Equity,"Nexus Venture Partners, MGV, Liquid 2 Ventures, Hack VC, Emergent Ventures and Y Combinator",2018,August
Enakshi,Consumer Internet,Ahemadabad,"1,14,811",Seed/ Angel Funding,,2018,August
EazyDiner,Consumer Internet,Gurugram,"58,50,000",Private Equity,Denlow Investment Trust and Beenext,2018,August
Finzy,Finance,Bengaluru,"10,00,000",Seed / Angel Funding,,2018,August
RawPressery,Consumer Internet,Mumbai,"48,00,000",Debt Funding,Alteria Capital,2018,August
Pi Ventures,Technology,Bengaluru,"60,00,000",Private Equity,CDC Group plc\\xc2\\xa0,2018,August
Revv,Consumer Internet,Gurugram,"1,42,70,000",Private Equity,"Hyundai, Edelweiss and Beenext, Dream Incubator, Sunjay Kapoor and Telama Investment",2018,August
ZestMoney,Consumer Internet,Bengaluru,"1,34,00,000",Private Equity,"Xiaomi,PayU, Ribbit Capital and Omidyar Network",2018,August
Shubh Loans,Fin-Tech,Bengaluru,"42,00,000",Private Equity,"Saama Capital, SRI Capital, Beenext, and Pravega Ventures",2018,August
MyUpchar,Healthcare,Delhi,"50,00,000",Private Equity,"Nexus Venture Partners, Omidyar Network and Shunwei Capital",2018,August
Narvar,IT,Bengaluru,"30,00,000",Private Equity,Accel (formerly known as Accel Partners),2018,August
True North,Finance,Mumbai,"60,00,00,000",Private Equity,,2018,August
Leena AI,Technology,Gurugram,,Seed/ Angel Funding,Y Combinator,2018,July
Biryani By Kilo,Consumer Internet,Gurugram,"10,00,000",Seed/ Angel Funding,Ajay Relan and Vinay Mittal,2018,July
Anchanto,IT,Pune,"40,00,000",Private Equity,MDI Ventures & Telkom Indonesia,2018,July
PolicyBazaar,Consumer Internet,Gurugram,"2,77,00,000",Private Equity,Info Edge (India) Ltd and Temasek,2018,July
zippserv,Consumer Internet,Bengaluru,"4,40,000",Seed/ Angel Funding,Info Edge (India) Ltd,2018,July
Groww,Consumer Internet,Bengaluru,"11,00,000",Seed/ Angel Funding,"Insignia Ventures Partners, Lightbridge Partners & Kairos",2018,July
Avenue Growth,Consumer Internet,Gurugram,"4,37,000",Seed/ Angel Funding,"Avtar Monga, chief operating office at IDFC Bank, Aditya Malik & Others",2018,July
iNICU,Healthcare,Delhi,,Seed/ Angel Funding,Venture Catalysts,2018,July
Kinara Capital,Finance,Bengaluru,"50,00,000",Private Equity,ResponsAbility,2018,July
Shop 101,Consumer Internet,Mumbai,"50,00,000",Private Equity,"Stellaris Venture Partners, Vy Capital, Raghunandan G, and Ramakant Sharma",2018,July
Sambandh,Consumer Internet,Rourkela,"25,00,000",Private Equity,Base of Pyramid Asia (BOPA) Pte Ltd,2018,July
19th mile,IT,Gurugram,"1,80,000",Seed/ Angel Funding,"Rishi Vasudev, Excelsior Investments, Ritesh Vohra, Praveer Kumar, Prashant Gupta and Others",2018,July
5th Vital,Healthcare,Bengaluru,"5,00,000",Seed/ Angel Funding,Brand Capital and Others,2018,July
MEngage,Healthcare,Jaipur,"1,75,000",Seed/ Angel Funding,"Siddharth Agarwal, Mahavir Sharma, Amit Singal, 100 Co-founders Lab and others.",2018,July
Ofbusiness,Finance,Gurugram,"2,90,00,000",Private Equity,"Creation Investments, Falcon Edge, Matrix Partners India and Zodius Capital",2018,July
Cars24,Consumer Internet,Gurugram,"4,97,00,000",Private Equity,"Kingsway FCI Fund, KCK Global & Others",2018,July
The Ken,Consumer Internet,Bengaluru,"15,00,000",Seed/ Angel Funding,Omidyar Network & Others,2018,July
Book My Show,Consumer Internet,Mumbai,"10,00,00,000",Private Equity,"TPG Growth, The Rise Fund & Others",2018,July
HousingMan,Consumer Internet,Bengaluru,"15,00,000",Seed/ Angel Funding,,2018,July
PaySense,Consumer Internet,Mumbai,"1,80,00,000",Private Equity,PayU & Others,2018,July
Yulu Bikes,Technology,Bengaluru,,Seed/ Angel Funding,,2018,July
VTION,Technology,Gurugram,"2,80,000",Seed/ Angel Funding,"AngelList, Rahul Khanna, Rajeev Arora and Ram Ramsundar.",2018,July
Log9 Materials,Technology,Bengaluru,"4,36,000",Seed/ Angel Funding,"Metaform Ventures, Hemant Luthra, Micro venture capital firm GEMS Partners and Others",2018,July
kidovators,Ed-Tech,Bengaluru,"1,80,000",Seed/ Angel Funding,Gray Matters,2018,July
Digit,Consumer Internet,Pune,"4,50,00,000",Private Equity,Fairfax,2018,July
Black Soil,Finance,Mumbai,"1,70,00,000",Private Equity,"Allcargo Logistics, Navneet Education and Mahavir Agency",2018,July
Trell,Consumer Internet,Bengaluru,"12,50,000",Seed/ Angel Funding,"BeeNext , WEH Ventures and Sprout Ventures",2018,July
iqlect,Technology,Bengaluru,"25,00,000",Seed/ Angel Funding,Ventureast and Exfinity,2018,July
Entropik,IT,Bengaluru,"11,00,000",Seed/ Angel Funding,"Bharat Innovation, IDFC-Parampara Capital, Arthavida Ventures, Jitendra Gupta & Others",2018,July
Bitla Software,Technology,Bengaluru,,Private Equity,MakeMyTrip,2018,July
TheCapitalNet,Fin-Tech,Hyderabad,"5,00,000",Private Equity,Lindwall Family Investments LLC (LFI),2018,July
Shuttl,Consumer Internet,Gurugram,"1,10,00,000",Private Equity,Amazon Alexa Fund & Dentsu Ventures,2018,July
Cure Fit,Consumer Internet,Bengaluru,"12,00,00,000",Private Equity,"IDG Ventures, Accel Partners, Kalaari Capital and Others",2018,July
Five Star Group,Fin-Tech,Chennai,"10,00,00,000",Private Equity,"TPG, Norwest Venture Partners, Sequoia Capital & Matrix Partners",2018,July
Healthsignz,Healthcare,Hyderabad,"50,00,000",Seed/ Angel Funding,Kantilal Patel,2018,July
CoinTribe,Finance,Gurugram,"1,00,00,000",Private Equity,"Sabre Partners, Puneet Dalmia & Others",2018,June
Digiconectt,Technology,Bengaluru,"1,25,000",Seed/ Angel Funding,Aspire Logistics LLC,2018,June
Kashmir Box,E-Commerce,Srinagar,,Seed/ Angel Funding,"Bhairavi Jani, Alok Divatia, Namrata Kaul, Sohail Hashemi, Aijaz Saleem",2018,June
Crowdera,Finance,Nagpur,,Seed/ Angel Funding,"Anil Advani, Pramod Jain, Amrendra Reddy and Manish Satnaliwala.",2018,June
Zoctr,Healthcare,Mumbai,,Seed/ Angel Funding,NB Ventures and Others,2018,June
Annapurna Finance,Finance,Bhubneswar,"2,30,00,000",Private Equity,Oman India Joint Investment Fund (OIJIF),2018,June
Meesho,Consumer Internet,Bengaluru,"1,15,00,000",Private Equity,"Sequoia Capital India, SAIF Partners, Y Combinator and Venture Highway",2018,June
AyeFinance,Finance,Gurugram,"2,15,00,000",Private Equity,"CapitalG, SAIF Partners and LGT Impact Ventures",2018,June
Theranosis,Healthcare,Hyderabad,,Seed/ Angel Funding,Mumbai Angels Network,2018,June
Alpha Capital,Finance,Mumbai,"1,48,00,000",Private Equity,Alpha Capital,2018,June
eshakti,E-Commerce,Chennai,"1,01,00,000",Private Equity,Paragon Partners,2018,June
Daily Ninja,Consumer Internet,Bengaluru,"30,00,000",Seed/ Angel Funding,Saama Capital and Sequoia Capital,2018,June
NirogStreet,Healthcare,Gurugram,"3,000,00",Seed/ Angel Funding,"Spiral Ventures, Subho Ray and Samir Kumar",2018,June
Nivesh,Finance,Noida,"4,50,000",Seed/ Angel Funding,"LetsVenture, Rajan Anandan, Basab Pradhan, Vivek Khare and Bijoy George",2018,June
What\\xe2\\x80\\x99s Up Life,Consumer Internet,Gurugram,,Seed/ Angel Funding,Rannvijay Singha,2018,June
HomeLane,Consumer Internet,Bengaluru,"34,50,000",Seed/ Angel Funding,Brand Capital,2018,June
Network Intelligence,Technology,Mumbai,"48,00,000",Private Equity,Helix Investments,2018,June
Tynor Othontics,Healthcare,Chandigarh,"2,10,00,000",Private Equity,Lighthouse Funds & Thuasne Participations,2018,June
Elucidata,IT,Delhi & Cambridge,"17,00,000",Seed/ Angel Funding,Hyperplane Venture Capital and several angel investors,2018,June
Chrysalis,Ed-Tech,Pune,,Seed/ Angel Funding,Menterra Venture & Artha Initiatives,2018,June
RentSher,Consumer Internet,Bengaluru,"11,00,000",Seed/ Angel Funding,"Shorooq Investments, LetsVenture & Others",2018,June
Drip capital,Finance,Mumbai,"1,50,00,000",Private Equity,"Accel Partners, Sequoia India, Y Combinator and others.",2018,June
WickedRide,Consumer Internet,Bengaluru,"91,00,000",Private Equity,"Sequoia Capital, Accel Partners & Raghunandan Gangappa",2018,June
PolicyBazaar,Consumer Internet,Gurugram,"20,00,00,000",Private Equity,SoftBank Vision Fund & Info Edge (India) Ltd,2018,June
HipBar,Consumer Internet,Bengaluru,"40,00,000",Private Equity,Diageo India,2018,June
Sqqrl,Finance,Gurugram,"10,00,000",Seed/ Angel Funding,Equanimity Venture Fund,2018,June
Paytm,Technology,Noida,"89,50,000",Private Equity,One 97 Communications,2018,June
Sigtuple,Healthcare,Bengaluru,"1,90,00,000",Private Equity,"Accel Partners, IDG Venture, Endiya Partners, pi Ventures, VH Capital, Axilor Ventures and Binny Bansal",2018,June
Wow Express,Technology,Mumbai,"45,00,000",Private Equity,Undisclosed Existing Investors As Well As The Tamarind Family Trust,2018,June
Front Desk AI,Technology,Bengaluru,"11,00,000",Seed/ Angel Funding,Speciale Invest & Others,2018,June
Edureka,Ed-Tech,Bengaluru,"20,00,000",Seed/ Angel Funding,Leo Capital,2018,June
Numeroseven,Technology,Kolkatta,,Seed/ Angel Funding,Shiva Gunapu & Others,2018,June
OpenTap,Finance,Chennai,"4,50,000",Seed / Angel Funding,Unknown High Net-Worth Individuals,2018,May
Bizongo,Consumer Internet,Mumbai,"2,20,00,000",Private Equity,"B Capital, International Finance Corporation (IFC), Accel Partners and IDG Ventures",2018,May
Disprz,IT,Chennai,"25,00,000",Seed / Angel Funding,"IL&FS Private Equity, Kae Capital & Others",2018,May
PaisaDukan,Consumer Internet,Mumbai,"2,25,000",Seed / Angel Funding,,2018,May
i3sysytems,Technology,Mumbai,"10,00,000",Seed / Angel Funding,"Unitus Ventures, Behram Vakil and Jerxis Vandrevala",2018,May
Earth Food,Consumer Internet,Pune,"9,49,000",Seed / Angel Funding,Rairah Corporation,2018,May
Nykaa,Consumer Internet,Mumbai,"2,40,00,000",Private Equity,"Sunil Munjal, Harsh Mariwala, Dalip Pathak and Others",2018,May
mfine,Healthcare,Bengaluru,4200000,Private Equity,"Prime Venture Partners, Stellaris Venture Partners and Mayur Abhaya Srisrimal",2018,May
Rocketium,Technology,Bengaluru,"3,00,000",Seed/ Angel Funding,Blume ventures,2018,May
MilkBasket,Technology,Gurugram,"70,00,000",Private Equity,"Kalaari Capital, Unilever Ventures and Blume Ventures",2018,May
Vola,Finance,Bengaluru,"5,00,000",Seed/ Angel Funding,Credika and unnamed angel investors,2018,May
Cashkumar,Consumer Internet,Bengaluru,"7,35,000",Seed/ Angel Funding,LetsVenture,2018,May
Edyoo,E-Commerce,Bengaluru,"7,35,000",Seed/ Angel Funding,RS Shanbag,2018,May
Aashiyaan,Finance,Kolkata,"20,00,000",Seed/ Angel Funding,"Insistor, Oikocredit",2018,May
Smartivity,Ed-tech,Delhi,"20,00,000",Seed/ Angel Funding,"Ashish Kacholi, S Chand Group",2018,May
Bonphulapl,Clean-tech,Delhi,"2,93,000",Seed/ Angel Funding,Atul Gupta and Saurabh Rastogi,2018,May
Acko,Consumer Internet,Mumbai,"1,20,00,000",Seed/ Angel Funding,"Amazon, Ashish Dhawan, Catamaran Ventures, NR Narayana Murthy.",2018,May
HWell24,Healthcare,Mumbai,"2,00,000",Seed/ Angel Funding,"Prashant Mehta, Mitali Pawar, Nikhil G and Bhavesh P, R Ranganathan, ONCOTRUST and Medintel Services Pvt. Ltd",2018,May
Toffee,Consumer Internet,Gurugram,"15,00,000",Seed/ Angel Funding,"Kalaari Capital, Omidyar Network and Accion Venture Labs",2018,May
Tonetag,Technology,Bengaluru,"80,00,000",Private Equity,Amazon Inc. and Mastercard,2018,May
Events High,Consumer Internet,Bengaluru,,Private Equity,Treebo,2018,May
Stellaps,Technology,Bengaluru,"1,40,00,000",Private Equity,"IndusAge Partners, Bill & Melinda Gates Foundation, Qualcomm Venture, ABB Technology Ventures, Omnivore, Blume Ventures, Venture Highway and BEENEXT",2018,May
Credright,Consumer Internet,Hyderabad,"13,000,00",Seed/ Angel Funding,"Accion Venture Lab, YourNest Venture Capital And Other Angel Investors",2018,May
Fitternity,Consumer Internet,Mumbai,"20,00,000",Private Equity,"Exfinity Venture, Saha fund Partners, Arihant Patni of Patni Family Office, Anjali Bansal, Shardul Amarchand Mangaldas, Satish Khanna and Taparia family office.",2018,April
Synctag,Technology,Coimbatore,"3,07,600",Seed / Angel Funding,Subhkam Ventures and Mohit Khadaria,2018,April
Benepik,Technology,Gurugram,,Seed / Angel Funding,"Vishal Bali, Yogesh Misra, Thomas Assessments and others",2018,April
Finzy,Consumer Internet,Bengaluru,"13,00,000",Seed / Angel Funding,,2018,April
Varthana,Finance,Bengaluru,"5,50,00,000",Private Equity,"ChrysCapital, Existing investors, Elevar Equity, LGT Impact, Omidyar Network and Kaizen Private Equity also participated in the round",2018,April
IndigoLearn,Ed-Tech,Hyderabad,"1,50,000",Seed / Angel Funding,"Maheshwar Peri, founder and chairman of career information portal Careers360, and Jamshed Jeejeebhoy, director at Byramjee Jeejeebhoy Pvt. Ltd were among the angels",2018,April
Vedantu,Ed-Tech,Bangalore,"1,00,00,000",Private Equity,"Accel Partners, Tiger Global And Others",2018,April
Kaleidofin,Fiinance,Chennai,"28,00,000",Seed / Angel Funding,Omidyar Network. Blume Ventures and Professor Shlomo Ben-Haim,2018,April
Pipabella,Consumer Internet,Mumbai,"1,000,000,",Seed / Angel Funding,Fireside Ventures,2018,April
Elemential,Technology,Mumbai,,Seed / Angel Funding,"Matrix Partner, Amrish Rau, Investopad, Digital Currency Group, Hinduja Group, Lightspeed India, Eight Innovate, Amit Ranjan, Prashant Malik and others",2018,April
Kriger Campus,Ed-Tech,Delhi,"46,140",Seed / Angel Funding,,2018,April
Loanzen,Finance,Bengaluru,,Seed / Angel Funding,Kae Capital Management,2018,April
TravelTriangle,Consumer Internet,Gurugram,"1,20,00,000",Private Equity,"Fundamentum, SAIF Partners, Bessemer Venture Partners, RB investments & Others",2018,April
Letsmd,Healthcare,Delhi,"10,00,000",Seed / Angel Funding,"SRI Capital, Waterbridge Ventures and ThinKuvate",2018,April
AyeFinance,Finance,Gurugram,"46,000,00",Debt Funding,"BlueOrchard Finance Ltd, Hinduja Leyland Finance and IntelleGrow",2018,April
mintifi,Finance,Mumbai,"20,00,000",Seed / Angel Funding,Lok Capital,2018,April
icanstay,Consumer Internet,Delhi,"5,00,000",Seed / Angel Funding,Mr. Manoj Prasad,2018,April
Pregbuddy,Healthcare,Bengaluru,,Seed / Angel Funding,"Rajan Anandan, Madhusudhan Kannan, Jayant Kadambi, Puneet Gupta and Pradeep K Jaisingh",2018,April
Coverfox,Consumer Internet,Mumbai,"2,20,00,000",Private Equity,"International Finance Corporation, Transamerica and others.",2018,April
Lenskart,Consumer Internet,Faridabad,,Private Equity,TR Capital,2018,April
mamaearth,Healthcare,Gurugram,,Private Equity,Shilpa Shetty Kundra,2018,April
Fyle Technologies,Technology,Bengaluru,"11,000,00",Seed / Angel Funding,Pravega Ventures and Beenext,2018,April
True Balance,Technology,Gurugram,"2,30,00,000",Private Equity,"Line Ventures Corporation, Line Corp, Naver, Shinhan Bank and TS Investment",2018,April
Visit,Healthcare,Delhi,,Private Equity,"Biz Stone, Kunal Bahl, Rohit Bansal, Alagu Periyannan and Karthee Madasamy",2018,April
Doxper,Healthcare,Mumbai,"19,00,000",Seed / Angel Funding,Vidal Healthcare,2018,April
Nykaa,Consumer Internet,Mumbai,"1,10,00,000",Private Equity,"Sunil Munjal, Harsh Mariwala, Dalip Pathak and Others",2018,April
Mihuru,Finance,Mumbai,"1,50,000",Seed / Angel Funding,,2018,April
Capital Float,Finance,Bengaluru,"2,20,00,000",Private Equity,Amazon,2018,April
Trip shelf,Consumer Internet,Delhi,"2,46,000",Seed / Angel Funding,"GEMS Advisory, Alok Mittal and Sachin Bhatia",2018,April
POPxo,Technology,Delhi,"55,00,000",Private Equity,"Neoplux, OPPO, IDG Ventures India, Kalaari Capital, GREE Ventures and Summit Media",2018,April
RailYatri,Consumer Internet,Noida,,Private Equity,"Omidyar Network, Nandan Nilekani, Blume Ventures, Helion Venture Partners",2018,April
1mg,Consumer Internet,Gurugram,"1,00,00,000",Private Equity,"Sequoia Capital, Maverick Capital Ltd and HBM Healthcare Investments Ltd",2018,April
Rubique,Consumer Internet,Mumbai,,Private Equity,"Emery Capital, Blacksoil and Kalaari Capital",2018,April
Samco,Consumer Internet,Mumbai,"75,00,000",Private Equity,Bay Capital Investments and Others,2018,April
MyLoanCare,Finance,Gurgaon,"9,78,000",Seed / Angel Funding,SAR Group,2018,April
PharmEasy,Consumer Internet,Mumbai,,Private Equity,"Bessemer Venture Partners and Orios Venture Partners, JM Financials and MEMG",2018,March
Buddy4studdy,Consumer Internet,Noida,"30,00,000",Private Equity,CBA Capital and others,2018,March
Urban Ladder,E-Commerce,Bengaluru,"1,20,00,000",Private Equity,"Sequoia Capital, SAIF Partners and Kalaari capital",2018,March
Kuvera,Consumer Internet,Bengaluru,"2,50,000",Seed / Angel Funding,"Baskar Subramanian, Saket Kumar, Gaurav Suri and Ankit Kesarwani",2018,March
Gramophone,Technology,Indore,"10,00,000",Seed/Angel Funding,InfoEdge,2018,March
Wellthy,Healthcare,Mumbai,"21,00,000",Private Equity,"Ranjan Pai, Apoorva Patni, Beenext Ventures,GrowX Ventures",2018,March
MedGenome,Healthcare,Bengaluru,"1,00,00,000",Private Equity,"HDFC Life, HDFC Asset Management",2018,March
Finova Capital,Consumer Internet,Jaipur,"60,00,000",Private Equity,Sequoia Capital,2018,March
Hotelogix,Technology,Noida,"50,00,000",Private Equity,"Vertex Ventures, Accel Partners and Saama Capital",2018,March
Livehealth,Consumer Internet,Pune,"11,00,000",Seed / Angel Funding,Nexus Venture Partners,2018,March
Ad2pro,Technology,Chennai,"97,00,000",Debt Funding,Avendus Finance Pvt. Ltd,2018,March
Coverfox,Consumer Internet,Mumbai,"76,00,000",Private Equity,Aegon NV,2018,March
Pepperfry,Consumer Internet,Mumbai,"3,84,00,000",Private Equity,State Street Global Advisors,2018,March
Magicpin,Consumer Internet,Gurugram,"10,00,000",Debt Funding,Trifecta Capital,2018,March
HealthCare,Consumer Internet,Mumbai,"10,00,000",Seed / Angel Funding,HR Fund,2018,March
PineLabs,Technology,Mumbai,"8,20,00,000",Private Equity,"Actis, Altimeter Capital",2018,March
Stumagz,Consumer Internet,Hyderabad,,Seed / Angel Funding,"Venkat Subramanian, Sudhakar Pennam, and other tech investors from Silicon Valley",2018,March
AvailFinance,Consumer Internet,Bengaluru,"1,72,00,000",Private Equity,"Matrix Partners, Bhavish Aggarwal, Ankit Bhati, Binny Bansal, Kunal Shah and Manish Patel.",2018,March
Grofers,Consumer Internet,Gurugram,"6,20,00,000",Private Equity,"SoftBank, Tiger Global and Apoletto Managers.",2018,March
Fingerlix,Consumer Internet,Mumbai,"13,10,000",Debt Funding,Alteria Capital,2018,March
Karma Healthcare,Healthcare,Udaipur,"5,00,000",Seed / Angel Funding,"1Crowd, Ankur Capital",2018,March
Zappfresh,Food & Beverages,Gurugram,"30,00,000",Seed / Angel Funding,"Amit Burman, SIDBI Venture Capital",2018,March
CustomerSucessBox,Technology,Gurugram,"10,00,000",Seed / Angel Funding,"Pi Ventures, Axilor Ventures",2018,March
One Labs,Consumer Internet,,,Private Equity,Micromax Informatics Ltd,2018,March
GigIndia,Consumer Internet,Pune,,Seed / Angel Funding,"Jessica Wong, Hiro Mashita, Xue Manzi and Yiyun Zhang.",2018,March
Chargebee,Technology,Chennai,"1,80,00,000",Private Equity,"Insight Venture Partners, Accel Partners and Tiger Global Management.",2018,March
i2i Funding,Consumer Internet,Noida,"7,68,000",Seed / Angel Funding,SucSEED Venture Partners,2018,March
Slang Labs,Technology,Bengaluru,"12,40,000",Seed / Angel Funding,Endiya Partners,2018,March
UrbanPiper,Technology,Bengaluru,,Seed / Angel Funding,"Kumar Vembu, Axilor Ventures",2018,March
Cash Suvidha,Consumer Internet,Delhi,"10,00,000",Seed / Angel Funding,"Initia Holdings,Vipin Agarwal and others.",2018,March
Roadcast,Technology,Delhi,"2,50,000",Private Equity,,2018,March
Smartcoin,Finance,Bengaluru,"20,00,000",Seed / Angel Funding,"Accion Venture Lab, Unicorn India Ventures and ISME ACE.",2018,March
The Print,Media,Delhi,"5,35,000",Seed / Angel Funding,Ratan Tata,2018,March
DriveU,Technology,Bengaluru,"30,00,000",Private Equity,Amit Singhal and Unitus Seed Fund,2018,March
Fynd,Consumer Internet,Mumbai,,Seed / Angel Funding,"Google, Kae Capital, IIFL, Singularity Ventures, GrowX, Tracxn Labs, Venture Catalyst, Patni family office and Axis Capital.",2018,March
BigBasket,Consumer Internet,Bengaluru,"30,00,00,000",Private Equity,"Alibaba, Helion Venture Partners, Bessemer Venture Partners, Ascent Capital",2018,February
Zomato,Food and Beverages,Gurugram,"20,00,00,000",Private Equity,Ant Financials,2018,February
Pratilipi,Publishing,Bengaluru,"43,00,000",Private Equity,Omidyar Network,2018,February
Asia Institute Of Medical Science,Healthcare,Faridabad,"2,10,00,000",Private Equity,CDC Group Plc,2018,February
CollegeDekho,Consumer Internet,Gurugram,"20,00,000",Private Equity,"Man Capital LLP, Girnar Software, Others",2018,February
Foodmemories,Consumer Internet,Ahemdabad,,Seed funding,"Bhavesh Manglani, Suraj Saharan, Darshan Upadhyay, Sanjay Notani & Others",2018,February
Healthi,Healthcare,Bengaluru,"31,00,000",Private Equity,Montane Ventures,2018,February
Swiggy,Food and Beverages,Bengaluru,"10,00,00,000",Private Equity,Naspers,2018,February
Shape,Healthcare,Pune,"10,00,00,000",Seed / Angle Funding,Sandeep Mathur,2018,February
Icertis,Consumer Internet,Pune,"5,00,00,000",Private Equity,Meritech Capital Partners,2018,February
healthifyme,Healthcare,Bengaluru,"1,20,00,000",Private Equity,Sistema Asia Fund,2018,February
MedTel,Healthcare,Bhubaneswar,,Private Equity,British and Indian Governments,2018,February
Rupeek,Consumer Internet,Bengaluru,"68,30,000",Private Equity,"Accel Partners, Sequoia Capital",2018,February
WebEngage,Technology,Mumbai,,Private Equity,Social Capital,2018,February
Lendingkart,Finance,Bengaluru,"8,70,00,000",Private Equity,Fullerton Financial Holdings Pte Ltd & Others,2018,February
Wydr,Consumer Internet,Gurugram,,Private Equity,"Bessemer Venture Partners, Stellaris Venture Partners, Axis Capital, Singapore, Jungle Venture Partners",2018,February
Cashify,E-Commerce,Gurugram,"9,35,089",Debt Funding,Trifecta Capital,2018,February
holachef,Food and Beverages,Mumbai,"3,11,200",Seed / Angle Funding,Ashok Kumar Gajera,2018,February
Awaaz De,Technology,Ahmedabad,,Seed / Angle Funding,Tribe Impact Capital LLP,2018,February
IMAX Program,Ed-Tech,Bengaluru,"1,35,00,000",Private Equity,"Michael & Susan Dell Foundation, LGT Impact Ventures",2018,February
Littlemore,Ed-Tech,Chennai,"30,00,000",Private Equity,Kalpavriksh,2018,February
Toppr,Ed-Tech,Mumbai,"1,00,000",Private Equity,Axis Capital Partners,2018,February
Shirsa Labs,Ed-Tech,Mumbai,"5,00,000",Private Equity,"Dewang Neralla, Mahesh Kothurkar,Atul Agarwal",2018,February
MoneyOnMobile,Technology,Mumbai,"50,00,000",Private Equity,S7 Group,2018,February
PetSutra,Consumer Internet,Gurugram,"1,48,434",Seed / Angel Funding,Michael Patrick Hickey,2018,February
Infibeam,E-Commerce,Ahemadabad,"62,30,000",Private Equity,Network 18,2018,February
happay,Finance,Bengaluru,"2,50,000",Seed / Angel Funding,Sequoia and Jerry Yang,2018,February
Fincash,Finance,Mumbai,"1,50,000",Seed / Angel Funding,"Mohammed Khan, Sameer Narayan & Others",2018,February
AyeFinance,Finance,Gurugram,"38,00,000",Private Equity,"Hinduja Leyland Finance, IntelleGrow",2018,February
Agricxlab,Agriculture,Mumbai,"5,00,000",Seed / Angel Funding,Ankur Capital,2018,February
Udaan,E-Commerce,Bengaluru,"5,00,00,000",Private Equity,Lightspeed & Yuri Milner,2018,February
Capillary,IT,Bengaluru,"2,00,00,000",Private Equity,"Wargburg Pincus, Sequoia",2018,February
The Healthy Billions,Healthcare,Gurugram,"21,00,000",Private Equity,"Blume Ventures, HealthQuad and Fireside Ventures",2018,February
HighRadius,Technology,Hyderabad,,Private Equity,"PNC, Citi Ventures",2018,February
Avishkaar Box,Ed-Tech,Delhi,"7,72,500",Private Equity,Auxano Deals,2018,February
Planys Technologies,Technology,Chennai,"10,40,000",Private Equity,"Kris Gopalakrishnan, Pratithi Investment Trust, MEMG Family Office, S Gopal",2018,February
Lollypop,Technology,Bengaluru,,Seed / Angel Funding,Dr Devi Shetty,2018,February
Trilyo,Technology,Mumbai,"2,50,000",Seed / Angel Funding,"Startup Buddy,Amit Manocha and others",2018,February
Gaana,Technology,Gurugram,"11,50,00,000",Private Equity,"Tencent Holdings Ltd, Times Internet",2018,February
Credy,IT,Bengaluru,"14,00,000",Seed / Angel Funding,"Y Combinator, Khosla Ventures, Vy Capital and others",2018,February
Predible Health,Healthcare,Bengaluru,,Seed/Angel Funding,Unitus Seed Fund,2018,February
CleverTap,Technology,Mumbai,,Angel / Seed Funding,"Recruit Holdings, Sequoia Capital India, Accel Partners",2018,January
EarlySalary,Finance,Pune,"1,57,00,000",Private,Eight Roads Ventures India,2018,January
WOTU,E-commerce,Bengaluru,,Angel / Seed Funding,"Claris Capital, Mumbai Angels Network",2018,January
DAAKI,E-commerce,Bengaluru,,Angel / Seed Funding,Rohan Agila,2018,January
Lendingkart,Finance,Ahmedabad,"47,00,000",Debt Funding,Nederlandse Financierings-Maatschappij voor Ontwikkelingslanden N.V.,2018,January
Kinsane Entertainment Inc,Entertainment,Mumbai,"25,00,000",Seed/Angel Funding,,2018,January
Tapzo,Technology,Bengaluru,"19,30,000",Private Equity,RuNet & Other,2018,January
Appario Retail Pvt Ltd.,E-commerce,Delhi,"1,88,40,000",Private Equity,Amazon-Patni JV,2018,January
Samunnati,Finance,Chennai,"2,35,00,000",Private Equity,"responsAbility, Elevar Equity and Accel Partners",2018,January
Sahajanand Medical Technologies,Technology,Surat,"3,62,30,000",Private Equity,Morgan Stanley Private Equity Asia,2018,January
Kuants,Technology,Gurgaon,"80,000",Angel / Seed Funding,"Pankaj Chopra, Ankush Gupta",2018,January
Razorpay,Technology,Bengaluru,"2,00,00,000",Private Equity,"Tiger Global, Y Combinator",2018,January
Streak,Technology,Bengaluru,"3,54,600",Angel / Seed Funding,"Indian fintech fund, Rainmatter",2018,January
pi Ventures,Finance,Bengaluru,"2,50,00,000",Private Equity,"Sunil Kant Munjal, Hero Electronix\\xe2\\x80\\x99s corporate financing arm, Electronic Development Fund",2018,January
Newgen Software,Technology,New Delhi,"2,00,00,000",Private Equity,"Goldman Sachs, hedge fund & Others",2018,January
Rubix,Technology,Pune,"10,00,000",Private Equity,Polaris Fund,2018,January
ShareChat,Technology,Bengaluru,"1,82,00,000",Private Equity,"Xiaomi Singapore, Shunwei Capital",2018,January
Paperflite,Technology,Chennai,"4,00,000",Angel / Seed Funding,The Chennai Angels,2018,January
HungerBox,Consumer Internet,Bangalore,"25,00,000",Private Equity,Lionrock Capital,2018,January
Skillate,Technology,Bengaluru,,Private Equity,"Incubate Fund India, Anuj Agrawal",2018,January
OptaCredit,Finance,Chennai,"40,00,000",Private Equity,DMI Finance,2018,January
AEON Learning,Technology,Bengaluru,"32,00,000",Private Equity,Dr. Ranjan Pai,2018,January
Milkbasket,E-commerce,Gurugram,"30,00,000",Private Equity,Unilever Ventures,2018,January
NeoGrowth Credit,Finance,Mumbai,"4,70,00,000",Private Equity,"LeapFrog Investments, Aspada Investment, Quona Capital",2018,January
Rao IIT Academy,Education,Mumbai,"86,00,000",Structured Debt,Avendus Finance,2018,January
Aye Finance,Finance,Gurugram,"62,40,000",Term Loan,IFMR Capital,2018,January
Glassic,Ecommerce,Bengaluru,,Angel / Seed Funding,"Chennai Angels, Lead Angels, LetsVenture",2018,January
GreyAtom,Technology,Mumbai,"10,00,000",Private Equity,Pravega Ventures,2018,January
Axio,Healthcare,Bengaluru,"74,00,000",Private Equity,RNT Capital,2018,January
eKincare,Healthcare,Hyderabad,"15,00,000",Private Equity,"Ventureast, Endiya Partners, Eight Roads Ventures, Touchstone Equities, BVR Mohan Reddy",2018,January
The Wedding Brigade,Consumer internet,Mumbai,"10,00,000",Private Equity,Blume Ventures,2018,January
PeeSafe,Healthcare,Gurugram,"10,00,000",Private Equity,"Shivani Singh, Rahul Maroli, Mitesh Shah, Venture Catalysts, Alfa Capital, Green Shots Capital, Real Time Ventures.",2018,January
BrowserStack,Technology,Mumbai,"5,00,00,000",Private Equity,Accel Partners,2018,January
Scapic,Technology,Bengaluru,"5,00,000",Angel / Seed Funding,"Axilor Ventures, Newfort Capital",2018,January
MoneyOnMobile,Technology,Mumbai,"76,00,000",Private Equity,Undisclosed Investors,2018,January
CureFit,Healthcare,Bengaluru,"1,00,00,000",Debt Funding,"HDFC Bank, Axis Bank",2018,January
iNurture,Technology,Bengaluru,"44,00,000",Private Equity,Ventureast,2018,January
Strata Enviro,Technology,Mumbai,,Private Equity,Scale Minds,2017,December
Dunzo,Technology,Bangalore,"1,23,00,000",Private Equity,Google,2017,December
Tata Housing,Real Estate,Mumbai,"2,30,00,000",Private Equity,Hines,2017,December
HandyTrain,Technology,Goa,"10,00,000",Private Equity,NB Ventures,2017,December
Mobycy,Technology,Gurgaon,"5,00,000",Seed/Angel Funding,Undisclosed Investors,2017,December
Greenlight Planet,Technology,Mumbai,"6,00,00,000",Private Equity,"Apis Partner, Eight Roads Ventures, Bamboo Capital Partners",2017,December
Fintobox,Technology,Chennai,"70,00,000",Private Equity,Lightbox,2017,December
Mswipe,Technology,Mumbai,"1,00,00,000",Private Equity,Eduardo Saverin,2017,December
The Label Life,E-Commerce,Mumbai,"31,00,000",Private Equity,Kalpvriksh,2017,December
Cygnus Hospitals,Healthcare,Gurgaon,"7,50,000",Seed/Angel Funding,Somerset Indus Capital Ventures,2017,December
eShakti,Ecommerce,Chennai,"23,00,000",Debt Funding,IDG Ventures,2017,December
Inshorts,Technology,Noida,"50,00,000",Private Equity,Tiger Global,2017,December
Vahdam Tea,E-Commerce,Delhi,"15,00,000",Private Equity,"Singapore Angel Network, Mumbai Angel",2017,December
Logic Roots,Technology,Mumbai,"50,000",Seed/Angel Funding,Village Capital,2017,December
Project Mudra,Technology,Bengaluru,"50,000",Seed/Angel Funding,Village Capital,2017,December
Furlenco,Technology,Bengaluru,"12,00,000",Debt Funding,Aamir Khan,2017,December
I Can Stay,Technology,Delhi,"18,00,000",Private Equity,HT Media,2017,December
Fracktal Works,Technology,Bengaluru,,Seed/Angel Funding,Hyderabad Angels,2017,December
Simility,Technology,Hyderabad,"1,75,00,000",Private Equity,Accel Partners,2017,December
Shopholix,E-Commerce,Gurgaon,"2,33,000",Seed/Angel Funding,Munesh Khanna,2017,December
MindTickle,Technology,Pune,"2,70,00,000",Private Equity,Canaan Partners,2017,December
Nazara Technologies,Technology,Mumbai,"2,70,00,000",Private Equity,Rakesh Jhunjhunwala,2017,December
DocsApp,Technology,Bengaluru,"72,00,000",Private Equity,Bessemer Venture Partners,2017,December
Capita World,Technology,Mumbai,,Private Equity,"Mohan Tanksale, Kiran Shetty, Darshak Shah, Mandar Mhatre",2017,December
Tea Box,E-Commerce,Bengaluru,"70,00,000",Private Equity,RB Investments,2017,December
Transversal Technologies,Technology,Bengaluru,"60,00,000",Private Equity,Matrix Partners,2017,December
Curofy,Technology,Gurgaon,"2,50,000",Seed/Angel Funding,RoundGlass Partners LLC,2017,December
HomeLane,E-Commerce,Bengaluru,"1,00,00,000",Private Equity,"Accel Partners, Sequoia Capital, RB Investments",2017,December
WeDoSky,Technology,Delhi,,Private Equity,Mumbai Angels Network,2017,December
Purplle,E-Commerce,Mumbai,"5,37,000",Seed/Angel Funding,"Mountain Pain Capital, Suncoast Investments",2017,December
Cash Suvidha,E-Commerce,Delhi,"27,00,000",Debt Funding,,2017,December
Sky Met Weather,Technology,Noida,,Private Equity,InsuResillience Investment Fund,2017,December
Springboard,Technology,Bengaluru,"95,00,000",Private Equity,"Costanoa, Learn Capital, Jyoti Bansal",2017,December
Peel Works,Technology,Mumbai,,Private Equity,Unilever Ventures,2017,December
9Stacks,Technology,Delhi,"15,00,000",Private Equity,"Swati Gupta, Purnima Khandelwal, Maheshwar Peri, Sanjay Singh",2017,December
Your Quote,Technology,Bengaluru,"10,00,000",Private Equity,"Axilor Ventures, E-City VEntures Atul Goel",2017,December
Spandana Sphoorty,Finance,Hyderabad,"1,95,00,000",Private Equity,"""Kedaraa Capital, Ontario Teachers\\'""",2017,December
Indus OS,Technology,Mumbai,"40,00,000",Private Equity,Omidyar Network,2017,December
EasyEcom,E-Commerce,Bengaluru,"1,50,000",Seed/Angel Funding,"Ambarish Gupta, Aneesh Reddy, Bold Ventures, Vona Investments",2017,December
IGP.com,E-Commerce,Uttar Pradesh,,Private Equity,Venture Catalysts,2017,December
Specsmakers,E-Commerce,Chennai,"1,00,00,000",Private Equity,Eight Roads Ventures India,2017,December
Garage On Road,E-Commerce,Noida,,Private Equity,Gaurav Gupta,2017,December
Foyr.com,Technology,Hyderabad,"38,00,000",Private Equity,Jones Lang LaSalle,2017,December
Prest Loans,Finance,New Delhi,"5,70,000",Seed Funding,"Manish Poddar, Arun Garg, Parmeshwar Sharma",2017,November
AadharAPI.com,Technology,Pune,,Seed Funding,CIO Angel Network,2017,November
FreshBoxx,ECommerce,Bangalore,,Seed Funding,Jayant Humbarwadi,2017,November
Vagupu,Technology,Bangalore,"10,00,000",Seed Funding,Undisclosed Investors,2017,November
HalaPlay,Consumer Internet,Mumbai,,Seed Funding,"Kae Capital Management, Nazara Technologies",2017,November
Kalpnik Technologies,Technology,Bangalore,"5,00,000",Seed Funding,Venture Catalysts,2017,November
Hevo Data,Technology,Bangalore,"10,00,000",Private Equity,IDG Ventures India,2017,November
Smart Karma,Technology,Bangalore,,Private Equity,IDG Ventures India,2017,November
Leverage Edu,ECommerce,New Delhi,,Seed Funding,"Alok Mittal, Deepak Jain, Ritesh Malik, Jim Schimdktke",2017,November
Crayon Data,Technology,New Delhi,,Seed Funding,Infosys co-founder Kris Gopalakrishnan,2017,November
DocTalk,Technology,Mumbai,"50,00,000",Private Equity,"Matrix Partners India, Khosla Ventures",2017,November
CoveIoT,Technology,Bangalore,"50,00,000",Private Equity,"Titan Co Ltd, Tata Group\\xe2\\x80\\x99s watch and jewellery retailing firm",2017,November
TalentEdge,Technology,Bangalore,"76,00,000",Private Equity,Lumis Partners,2017,November
Fisdom,Finance,Bangalore,"30,00,000",Private Equity,Quona Capital Management,2017,November
FarmLink,eCommerce,Mumbai,"30,00,000",Private Equity,"Pioneering Ventures, Syngenta AG",2017,November
OpenApp,Technology,Bangalore,"36,00,000",Private Equity,"Axilor Ventures, Kumar Vembu",2017,November
NoPaperForms,Technology,Delhi,"8,72,000",Seed Funding,Info Edge,2017,November
Tilite Technologies Pvt. Ltd,Technology,Bangalore,,Seed Funding,Matrix Partners,2017,November
Mobiliz AR,Technology,Bangalore,,Private Equity,"IDG Ventures, IDFC-Parampara Fund",2017,November
Qubole,Technology,Bangalore,"2,50,00,000",Private Equity,"Singtel, Innov8, Harmony Partners",2017,November
Happily Unmarried,ECommerce,Nw Delhi,,Private Equity,Wipro Consumer Care,2017,November
Universal Sportsbiz Pvt. Ltd,ECommerce,Mumbai,"1,50,00,000",PrivateEquity,Accel Partners,2017,November
Hungry Foal,Ecommerce,Gurgaon,,Seed Funding,GAIL India Ltd,2017,November
Active AI,Technology,Bangalore,"82,50,000",Private Equity,Vertex Ventures,2017,November
Sumeru,Technology,Bangalore,"9,00,000",Seed Funding,Undisclosed Investors,2017,November
ElderAid Wellness,Health Care,Bangalore,,Angel Funding,Rugmini Menon,2017,November
Omnia Information,Technology,Delhi,"30,00,000",Private Equity,Omidyar Network,2017,November
Josh Talks,Inspiration,Gurgaon,,Private Equity,"Girish Mathrubootham, Apurva Chamaria, Rohit Chanana",2017,November
Reniso,Technology,New Delhi,,Seed Funding,"Nishit Sharma, Alok Srivastava",2017,November
Kanhaiya,Inspiration,Hyderabad,"2,00,000",Seed/Angel Funding,Undisclosed Investors,2017,November
Perspectico,Technology,Delhi,,Seed/Angel Funding,"SSCBS Innovation, Incubation Foundation (SIIF)",2017,November
ONN Bikes,Technology,Mumbai,"6,92,000",Seed/Angel Funding,Z Nation Lab,2017,November
Rapido,Technology,Hyderabad,"3,29,230",Seed/Angel Funding,"Skycatcher Fund, Aravind Sanka",2017,November
Heckyl,Technology,Mumbai,"27,00,000",Private Equity,"Notion Capital, IDG Ventures",2017,November
Nuvepro,Technology,Mumbai,"4,00,000",Seed/Angel Funding,1Crowd,2017,November
RedBook,Technology,Mumbai,"2,50,000",Seed/Angel Funding,"Vida Ventures, Dr. Aniruddha Malpani",2017,November
Portea,Healthcare,Bangalore,"2,60,00,000",Private Equity,"Sabre Partners, MEMG CDC",2017,November
Credit Mate,Technology,Mumbai,,Private Equity,Paytm,2017,November
Epiq Capital,Finance,Mumbai,"20,00,00,000",Private Equity,Global Institutional Investors,2017,November
MiStay,Technology,Bangalore,,Seed/Angel Funding,Axilor Ventures,2017,November
WittyFeed,Storytelling,Indore,,Seed/Angel Funding,Sandeep Aggarwal,2017,November
IDG Ventures,Finance,Bangalore,"1,00,00,000",Private Equity,Uniliver Ventures,2017,November
TempGo,Technology,Goa,"2,50,000",Seed/Angel Funding,Javelin StartupO Victory Fund,2017,November
Edelweiss,Finance,Mumbai,"27,00,00,000",Private Equity,Undisclosed investors,2017,November
ERA,Technology,Mumbai,"39,000",Seed/Angel Funding,Amit Patni,2017,November
Smaaash,Technology,Mumbai,"38,00,000",Private Equity,Sixth Sense Ventures,2017,November
Chumbak,Lifestyle,Bangalore,"1,30,00,000",Private Equity,Gaja Capital,2017,November
FR8,Technology,Chennai,"15,00,000",Debt Funding,IFMR Capital,2017,November
MobieFit,Healthcare,Goa,"13,50,000",Seed/Angel Funding,"NB Ventures, MediAssist",2017,November
Stanza Living,Technology,Delhi,"20,00,000",Private Equity,"Matrix PArtners, Accel",2017,November
ChqBook,Consumer Internet,Gurgaon,,Seed Funding,"Startup Buddy, Apurva Chamaria,Sachin Arora, Bharat Gupta, Amit Manocha",2017,October
HomeCapital,Consumer Internet,Mumbai,,Seed Funding,Venture Catalysts,2017,October
Ola Cabs,Consumer Internet,Bangalore,"11,00,00,000",Private Equity,"Tencent, Softbank Group",2017,October
Elanic,Consumer Internet,Bangalore,,Seed Funding,Digital Garage,2017,October
CollPoll,Consumer Internet,Bangalore,"3,06,000",Seed Funding,Sprout Angels,2017,October
PhonePe,Consumer Internet,Bangalore,"3,87,00,000",Private Equity,Flipkart,2017,October
Little Black Book,Consumer Internet,New Delhi,"10,00,000",Private Equity,"Blume Ventures, IDG Ventures & Indian Angel Network",2017,October
Oorjan,Technology,Mumbai,"4,50,000",Seed Funding,Globevestor,2017,October
Zefo,ECommerce,Bangalore,"92,00,000",Private Equity,"Sequoia India, Helion Venture Partners, Beenext",2017,October
Yaantra,ECommerce,New Delhi,"31,00,000",Private Equity,Carpediem Capital,2017,October
Farm Taaza,Technology,Bangalore,"80,00,000",Private Equity,"Epsilon Venture Partners, Tara India Fund IV and others",2017,October
Drivezy,Consumer Internet,Bangalore,"1,00,00,000",Private Equity,"Das Capital, Axan Partners, Das Capital and IT Farm",2017,October
Slice Pay,Consumer Internet,Bangalore,"20,00,000",Private Equity,"Das Capital, Simile Ventures",2017,October
Agrowave,Technology,Gurgaon,,Seed Funding,Daffodil Software,2017,October
MyGubbi,eCommerce,Bangalore,"27,00,000",Private Equity,"Firoze Irani, Vipul Parekh, Ananda Kallugadde, Rajesh K Murthy",2017,October
IBSFintech,Technology,Bangalore,,Seed Funding,Shailesh Haribhakti,2017,October
Letsservice,Consumer Internet,Bangalore,,Private Equity,Aequs Group,2017,October
OneStepUp,Technology,New Delhi,"3,36,000",Seed Funding,Orient BlackSwan,2017,October
ThirdWatch,Technology,Gurgaon,,Seed Funding,"Rahul Agarwalla, Keshav Sanghi, Batlivala & Karani Securities",2017,October
Parallel Dots,Technology,Gurgaon,"14,00,000",Private Equity,"Multipoint Capital,",2017,October
Easy Diner,Consumer Internet,Gurgaon,"45,00,000",Private Equity,Saama Capital and DSG Consumer Partners,2017,October
Meesho,ECommerce,Bangalore,"31,00,000",Private Equity,"SAIF Partners, YCombinator, Venture Highway",2017,October
StanPlus,Logistics,Hyderabad,"11,00,000",Private Equity,KStart Capital,2017,October
UCLID,Technology,Hyderabad,"2,35,000",Seed Funding,Undisclosed investors,2017,October
Policy Bazaar,Consumer Internet,Gurgaon,"7,70,00,000",Private Equity,"Wellington Management, DG Ventures India, True North",2017,October
Gapoon,Consumer Internet,Bangalore,"2,50,000",Seed Funding,"Vida Ventures, Snehal Mantri, Anshu Bahadur",2017,October
Chaayos,eCommerce,Gurgaon,"20,00,000",Private Equity,Tiger Global Management,2017,October
KrazyBee,Consumer Internet,Bangalore,"80,00,000",Private Equity,"Xiaomi Technologies, Shunwei Capital",2017,October
Renew Buy,Consumer Internet,New Delhi,"92,00,000",Private Equity,Amicus Capital,2017,October
Fingerlix,Consumer Internet,Bangalore,"70,00,000",Private Equity,"Accel Partners, Zephyr Peacock",2017,October
Bank Bazaar,Consumer Internet,Chennai,"70,00,000",Private Equity,Experian,2017,October
Hasura,Technology,Chennai,,Private Equity,"Nexus, GREE Ventures",2017,October
BlackBuck,Logistics,Bangalore,"77,00,000",Private Equity,Innoven Capital,2017,October
LenDen Club,Consumer Internet,Mumbai,"5,00,000",Seed Funding,Undisclosed Investor,2017,October
Toppr,Consumer Internet,Mumbai,"70,00,000",Private Equity,"SAIF Partners, Helion Ventures, FIL Capital Management",2017,October
RAW Pressery,Food & Beverage,Mumbai,"60,00,000",Private Equity,"DSG Consumer Partners, Sequoia Capital, Saama Capital",2017,October
Cashe,Consumer Internet,Mumbai,"31,00,000",Debt Funding,IFMR Capital,2017,October
Park Easy,Consumer Internet,Kolkata,"1,18,000",Seed Funding,Rockstart Accelerator,2017,October
TagBox,Technology,Bangalore,,Seed Funding,"Indian Angel network, IAN Fund",2017,October
FYRE,Food & Beverage,Mumbai,"5,00,000",Seed Funding,Venture Catalysts,2017,October
ZipLoan,Consumer Internet,New Delhi,"30,00,000",Private Equity,"Matrix Partners India, WaterBridge Ventures, Whiteboard Capital, Sarbvir Singh",2017,October
Skillenza,Consumer Internet,Bangalore,"7,22,000",Seed Funding,"Blume Ventures, Indian Angel Network",2017,October
Chevon,Food & Beverage,Mumbai,,Private Equity,Greenfield Advisory,2017,October
PropStory,Consumer Internet,Gurgaon,,Seed Funding,"Abhishek Bhatewara, Vivek Shah, Haitong Securities, Suraj Saharan, Paras Arora",2017,October
SpotDraft,Consumer Internet,Gurgaon,"5,50,000",Seed Funding,"Hunch Ventures, Spiral Ventures, 500 Startups, Singapore Angel Network, Citrus Payments",2017,October
Big Basket,eCommerce,Bangalore,"50,00,000",Private Equity,Helion Ventures Partners,2017,October
OfBusiness,Technology,Gurgaon,"38,00,000",Debt Funding,Kotak Mahindra Bank,2017,October
Olly Credit,Technology,New Delhi,,Seed Funding,"Incubate Fund, Sandesh Kirkire, Anand Kumar, Yogesh Chaudhary",2017,October
CashFree,Technology,New Delhi,"1,20,000",Seed Funding,Y Combinator,2017,October
Ola Cabs,Consumer Internet,Bangalore,"77,00,000",Private Equity,ANI Technologies Pvt. Ltd,2017,October
GoldFarm,Food & Beverage,Coimbatore,"20,00,000",Private Equity,Mahindra & Mahindra and Infuse Ventures,2017,October
NetMeds,ECommerce,Chennai,"1,40,00,000",Private Equity,TannCam Investment & Sistema Asia Fund,2017,October
MSE,Finance,Mumbai,"3,20,00,000",Private Equity,"IL&FS, Trust Capital, Rosy Blue Securities, Radhakrishan Damani and Rakesh Jhunjhunwala",2017,October
Aahaa Stores,eCommece,Chennai,"10,00,000",Private Equity,YourNest Angel Fund,2017,September
MFine,Consumer Internet,Bangalore,"15,00,000",Private Equity,"Stellaris Venture Partners, Mayur Abhaya, Rohit MA",2017,September
Canvera,Consumer Internet,Mumbai,"13,00,000",Private Equity,InfoEdge,2017,September
PrimaryIO,Technology,Pune,"56,00,000",Private Equity,"Accel Partners, Exfinity Ventures, Partech Ventures",2017,September
Shubh Loans,Consumer Internet,Bangalore,"15,00,000",Private Equity,"SRI Capital, BeeNext, Pravega Ventures",2017,September
Nest Education,Technology,Gurgaon,"6,00,000",Seed Funding,"Michael and Susan Dell Foundation, Anand Mahindra",2017,September
Lending Kart,Consumer Internet,Ahmedabad,"1,07,50,000",Private Equity,"Bertelsmann India, Mayfield Capital, Saama Capital, Darrin Capital",2017,September
GoFro,Consumer Internet,New Delhi,"1,00,00,000",Private Equity,"HIS Co. Ltd, MakeMyTrip",2017,September
OncoStem,Healthcare,Bangalore,"60,00,000",Private Equity,"Sequoia Capital India, Artiman Ventures",2017,September
Power2SME,eCommerce,Gurgaon,"2,60,00,000",Private Equity,"International Finance Corporation (IFC), Inventus Capital Partners, Accel Partners, Kalaari Capital, and Nandan Nilekani,",2017,September
Credit Vidya,Consumer Internet,Mumbai,"50,00,000",Private Equity,Matrix Partners,2017,September
Tails Life,Consumer Internet,Bangalore,,Private Equity,V Balakrishnan.,2017,September
OYO Rooms,Consumer Internet,Gurgaon,"25,00,00,000",Private Equity,"SoftBank Group, Sequoia Capital India, Lightspeed Venture Partners, Greenoaks Capital, Hero Enterprise",2017,September
Early Salary,Consumer Internet,Pune,"7,80,000",Debt Funding,IFMR Capital,2017,September
MamaEarth,eCommerce,Gurgaon,,Seed Funding,Fireside Ventures,2017,September
Seniority,eCommerce,Pune,"10,00,000",Private Equity,RPG Enterprises,2017,September
AYE Finance,Consumer Internet,New Delhi,"69,00,000",Debt Funding,"Triodos Investment Management,",2017,September
Farmizen,Technology,Bangalore,,Seed Funding,"Venture Highway, Alok Mittal, Mohit Agarwal, Anuj Gupta,",2017,September
Ecom Express,Logistics,New Delhi,"3,00,00,000",Private Equity,Warburg Pincus,2017,September
Call Health,Consumer Internet,Hyderabad,"62,00,000",Private Equity,"Sachin Tendulkar, P.V SIndhu, Pullela Gopichand",2017,September
Sattviko,eCommerce,New Delhi,,Seed Funding,"Raman Roy, Arvind Uppal, Sonu Bhasin, G Ravishankar",2017,September
3HCare,Consumer Internet,New Delhi,"1,00,000",Seed Funding,Undisclosed Investor,2017,September
Tonbo Imaging,Technology,Bangalore,"1,70,00,000",Private Equity,"WRV Capital, Qualcomm Ventures, Edelweiss Private Equity, Artiman Ventures",2017,September
Get My Parking,Consumer Internet,New Delhi,"30,00,000",Private Equity,"IAN Fund, Beenext, Indian Angel Network",2017,September
WittyFeed,Technology,Indore,,Seed Funding,"Anand Chandrasekaran, Apurva Chamaria, Ritesh Malik, Ashish Toshniwal, Ajeet Khurana",2017,September
Glowroad,Consumer Internet,Bangalore,"20,00,000",Private Equity,"Accel Partners,",2017,September
OYO Rooms,Consumer Internet,Gurgaon,"1,00,00,000",Private Equity,China Lodging Group,2017,September
Unacademy,Consumer Internet,Mumbai,"1,15,00,000",Private Equity,"Sequoia Capital India, SAIF Partners, Nexus Venture Partners and Blume Ventures,",2017,September
Heterogenous,Technology,Chennai,"7,80,000",Seed Funding,"Chennai Angels, Keiretsu Forum & Others",2017,September
Gurukul,Consumer Internet,New Delhi,,Seed Funding,"Rohit Nanda, Rajit Nanda, Smarak Bhuyan, Sashwat Brahma,",2017,September
Smaaash,Technology,Mumbai,"4,40,00,000",Private Equity,ECL Finance,2017,September
WheelStreet,Consumer Portal,Bangalore,"1,20,000",Seed Funding,Y Combinator,2017,September
Xprep,Consumer Internet,New Delhi,,Private Equity,"Rising Stars, Manish Amin, Pallav Pandey, Chavi Jafa",2017,September
The Moms Co,eCommerce,Gurgaon,"10,00,000",Private Equity,"DSG Consumer Partners, Saama Capital",2017,September
Noticeboard,Technology,Bangalore,,Seed Funding,"Shamik Sharma, Aprameya Radhakrishna",2017,September
High Radius,Technology,Hyderabad,"5,00,00,000",Private Equity,Susquehanna Growth Equity LLC,2017,September
HWell24 Plus,Healthcare,Mumbai,,Seed Funding,Undisclosed Investors,2017,September
SaveBC,Finance,Gaya,"60,00,000",Private Equity,Incofin Investment Management.,2017,September
Gaming Monk,Consumer Internet,New Delhi,,Private Equity,AdvantEdge,2017,September
91SpringBoard,Consumer Internet,New Delhi,,Private Equity,"Sandway Investment Ltd, Pearl Brook Holdings, Silo Holdings and Al Nour",2017,September
Homergize,eCommerce,Bangalore,"10,00,000",Private Equity,LG Chandrasekhar,2017,September
Yatra.com,eCommerce,Gurgaon,"1,54,00,000",Debt Funding,InnoVen Capital India,2017,September
Ace Turtle,Technology,Bangalore,,Private Equity,InnoVen Capital,2017,September
Vogo,Consumer Internet,Bangalore,,Seed Funding,AV Thomas Group,2017,September
Synup,Technology,Bangalore,"60,00,000",Private Equity,"Vertex Ventures, Prime Venture Partners.",2017,September
Tinmen,Consumer Internet,Hyderabad,,Private Equity,Zomato Media Pvt. Ltd,2017,September
Cropin,Technology,Bangalore,,Private Equity,Beenext,2017,September
Rapido,Consumer Internet,Bangalore,"4,22,000",Seed Funding,Battery Road Digital Holdings LLC,2017,September
Sportobuddy,Consumer Internet,Mumbai,"1,50,000",Seed Funding,Mehul Shah,2017,September
Credifiable,Consumer Internet,Bangalore,,Private Equity,Kae Capital,2017,September
Inclov,Consumer Internet,Gurgaon,,Seed Funding,"Rajan Anandan, Jamil Khatri, Ravi Iyer, Raghav Bahl",2017,September
Multibhashi,Consumer Internet,Bangalore,,Seed Funding,"Aniruddha Malpani, Startup Oasis",2017,September
Transerve,Technology,Mumbai,"16,00,000",Private Equity,"IL&FS Investment Managers, Omidyar Network.",2017,September
Fashalot,Consumer Internet,Gurgaon,,Private Equity,"Capillary Technologies, Whiteboard Capital, YourNest Angel Fund, Rajul Garg",2017,September
Pitstop,Consumer Internet,Bangalore,"10,00,000",Private Equity,"Blume Ventures, Goldbell Group, Anurag Srivastava, Shailesh Rao, Amiya Pathak, Rajesh Yohanan and Rahul Garg",2017,September
GoChoppers,Consumer Internet,Gurgaon,,Seed Funding,"Rivergate Capital,",2017,September
MyUpchar,Consumer Internet,New Delhi,"3,00,000",Seed Funding,LetsVenture,2017,September
Aadyah,Technology,Bangalore,"10,00,000",Private Equity,Keiretsu Forum,2017,September
TouchKin,Technology,Bangalore,"13,00,000",Private Equity,Kae Capital,2017,August
Ethinos,Technology,Mumbai,,Private Equity,Triton Investment Advisors,2017,August
Leverage Edu,Consumer Internet,New Delhi,,Seed Funding,"Kashyap Deorah, Anand Sankeshwar, Deepak Jain, Sadashiva NT, Arjun Mehta, Satish Kaul, Anindya Ghose",2017,August
Zepo,Consumer Internet,Mumbai,"5,00,000",Seed Funding,"Kunal Shah, LetsVenture, Anupam Mittal, Hetal Sonpal",2017,August
Click2Clinic,Consumer Internet,Hyderabad,"8,50,000",Seed Funding,"Narottam Thudi, Shireesh Palle",2017,August
SpeedBox,Logistics,Mumbai,"3,00,000",Seed Funding,Cismat Cargo Services Pvt. Ltd.,2017,August
Skill Connect,Consumer Internet,Jaipur,,Seed Funding,Rajasthan Angel Investor Network,2017,August
Chai Point,Consumer Internet,Bangalore,,Private Equity,"DSG Consumer Partners, Eight Roads Ventures India",2017,August
Zoctr,Consumer Internet,Mumbai,,Private Equity,SIDBI,2017,August
Lime Tray,Technology,New Delhi,,Private Equity,JSW Ventures,2017,August
CoutLoot,eCommerce,Mumbai,,Seed Funding,"Anuj Puri, Redcliffe Capital, Artha India Ventures, Siddharth Kothari, Apoorv Ranjan Sharma,",2017,August
Box My Space,Logistics,Mumbai,,Seed Funding,"R. Jayakumar, Vaibhav Vohra, Aditya Vazirani, Rhea Vazirani, AVN Business Solutions, Dreamweaver Investments",2017,August
Curatio,Healthcare,Chennai,,Private Equity,Anicut Capital,2017,August
New Castle Technologies,Technology,Chennai,"2,43,000",Seed Funding,Undisclosed investors,2017,August
My Forex Eye,Consumer Internet,New Delhi,"2,20,000",Seed Funding,"Rahul Dev Kumar, Rajesh Mahajan, Ankit Sharma and others",2017,August
TruxApp,Logistics,New Delhi,"31,00,000",Seed Funding,"Venugopal Dhoot, Ajay Bhatia, Tarun Khandelwal, Ganpat Singhvi, Mandhian family & Others",2017,August
CroFarm,Technology,Gurgaon,"7,83,000",Seed Funding,Factor[e] Ventures,2017,August
DoodhWala,Consumer Internet,Bangalore,,Seed Funding,Tom Varkey,2017,August
Stayabode,Consumer Internet,Bangalore,,Private Equity,"Incubate Fund, Sanjay Shenoy, Mridul Upreti,",2017,August
Flipkart,eCommerce,Bangalore,"2,50,00,00,000",Private Equity,Softbank,2017,August
Moong Labs,Technology,New Delhi,,Private Equity,Nazara Games,2017,August
Ola Cabs,Consumer Internet,Gurgaon,"3,60,00,000",Private Equity,Tekne Capital Management,2017,August
Sports Flashes,Consumer Internet,New Delhi,,Private Equity,"Bennett, Coleman and Company Ltd (BCCL),",2017,August
Digilend,Technology,Mumbai,"3,12,000",Seed Funding,"InCred Finance, Fullerton India Credit Company Ltd",2017,August
KNAB Finance,Consumer Internet,Bangalore,"3,85,000",Seed Funding,"InCred, Krishnakumar Natarajan, Ravi Bhardwaj",2017,August
Get Simpl,Consumer Internet,Mumbai,,Seed Funding,"Green Visor Capital LP II, IA Venture Strategies Fund II LP, Boillot Family Trust, Russell M Byrne, The Oliver R. Grace, Jr. Millennium Trust, SF Capital Investments LP",2017,August
Rootefy,eCommerce,New Delhi,"1,87,000",Seed Funding,"Abhinav Gupta,",2017,August
Uniphore,Technology,Chennai,"68,00,000",Private Equity,IDG Ventures,2017,August
Cerebroz,Consumer Internet,Vadodara,"7,34,000",Seed Funding,Undisclosed HNI\\xe2\\x80\\x99s,2017,August
Flochat,Consumer Internet,Mumbai,,Seed Funding,"iSquare Global,",2017,August
EasyGov,Consumer Internet,Noida,,Seed Funding,"Social Alpha, Rajan Anandan, Rajeev Ahuja, Kshitij Arora",2017,August
Milk Basket,Consumer Internet,Gurgaon,,Seed Funding,Blume Ventures. Lenovo Capital and Incubator Group (LCIG),2017,August
Dhruva,Technology,Pune,"8,00,00,000",Private Equity,"Riverwood Capital, Sequoia Capital India, Nexus Venture Partners, Tenaya Capital",2017,August
Bombay Shaving Company,eCommerce,New Delhi,"23,00,000",Private Equity,Fireside Ventures,2017,August
Awign,Technology,Bangalore,,Seed Funding,"IIT Ropar, Imanpreet Singh Arora, Sidharth Rozario, Saurabh Abichandani, Shikhar Gupta,",2017,August
Indiez,Technology,Bangalore,"5,00,000",Seed Funding,Haresh Chawla,2017,August
Ezetap,Technology,Bangalore,"1,60,00,000",Private Equity,"JS Capital Management, Social Capital, Horizons Ventures,",2017,August
Ink Monk,Consumer Internet,Chennai,"7,50,000",Seed Funding,"VAMM Ventures, Raksul, Dena",2017,August
Medinfi,Consumer Internet,Bangalore,"1,25,000",Seed Funding,"PBS Srinivas, Vinod Martin,",2017,August
Mobikon,Technology,Pune,"70,00,000",Private Equity,"Sistema Asia Fund, C31 Ventures, Qualgro.",2017,August
CureFit,Consumer Internet,Bangalore,"2,50,00,000",Private Equity,"Accel Partners, IDG Ventures, Kalaari Capital,\\xc2\\xa0 UC-RNT fund",2017,August
Doxper,Technology,Mumbai,"7,50,000",Seed Funding,"idal Health, growx ventures, Capier Investments, Globevestor & others",2017,August
Fieldassist,Technology,Gurgaon,,Debt Funding,Small Industries Development Bank of India (SIDBI),2017,August
Treebo,Consumer Internet,Bangalore,"3,40,00,000",Private Equity,"Ward Ferry Management and Karst Peak Capital,",2017,August
MedGenome,Technology,Bangalore,"3,00,00,000",Private Equity,"Sequoia India, Sofina s.a., Zodius Capital, Kris Gopalakrishnan, Lakshmi Narayanan,",2017,August
Billion Loans,Consumer Internet,Bangalore,"10,00,000",Seed Funding,Reliance Corporate Advisory Services Ltd,2017,July
Ecolibriumenergy,Technology,Ahmedabad,"26,00,000",Private Equity,"Infuse Ventures, JLL",2017,July
Droom,eCommerce,Gurgaon,"2,00,00,000",Private Equity,"Asset Management (Asia) Ltd, Digital Garage Inc",2017,July
Jumbotail,eCommerce,Bangalore,"85,00,000",Private Equity,"Kalaari Capital, Nexus India Capital Advisors",2017,July
Moglix,eCommerce,Noida,"1,20,00,000",Private Equity,"International Finance Corporation, Rocketship, Accel Partners, Jungle Ventures, Shailesh Rao, Venture Highway",2017,July
Timesaverz,Consumer Internet,Mumbai,"10,00,000",Private Equity,BCCL,2017,July
Minjar,Technology,Bangalore,,Seed Funding,"Blume Ventures, Contrarian Capital India Partners, Emergent Ventures India, Pallav Nadhani, Ashish Gupta, Sharad Sharma, Sirion Labs",2017,July
MyCity4kids,Consumer Internet,Gurgaon,,Seed Funding,,2017,July
Clip App,Consumer Internet,Bangalore,"10,00,000",Seed Funding,"India Quotient, Shunwei Capital",2017,July
Upwardly.in,Consumer Internet,Bangalore,,Seed Funding,"Sreeram Iyer, Suvo Sarkar, Anita Gupta, Likemind Ventures",2017,July
Autorox.co,Technology,Hyderabad,"30,00,000",Private Equity,Mitsui & Co.,2017,July
Fabogo,Consumer Internet,Pune,"22,50,000",Private Equity,Dunamis Ventures Pte Ltd,2017,July
Flickstree,Consumer Internet,Mumbai,"4,64,000",Seed Funding,"Venture Catalysts, Sourav Ganguly, Ankit Aditya, Moksh Sports Ventures",2017,July
Design Cafe,Consumer Internet,Bangalore,,Seed Funding,"Fireside Ventures, Apurva Salarpuria, Sidharth Pansari, Sprout Capital",2017,July
Innoviti,Technology,Bangalore,"1,85,00,000",Private Equity,"SBI-FMO Fund, Bessemer Venture Partners, Catamaran Ventures",2017,July
VDeliver,Logistics,Hyderabad,,Private Equity,"Corvus Ventures, MAPE Advisory Group",2017,July
Bottr.me,Technology,Bangalore,,Seed Funding,"500 Startups, Purvi Capital, Rajan Anandan, Abhishek Gupta",2017,July
Arcatron,Technology,Pune,,Seed Funding,Indian Angel Network,2017,July
QwikSpec,Technology,Bangalore,"5,40,000",Seed Funding,"Brigade Innovations LLP, TV Mohandas Pai, Suhail Rahman, Bobby Reddy, M George Oommen",2017,July
Chumbak,eCommerce,Bangalore,"17,00,000",Private Equity,Blacksoil Capital Pvt. Ltd,2017,July
Increff,Technology,Bangalore,"20,00,000",Seed Funding,"Sequoia Capital, Grey Orange, Rajesh Ramaiah, Anshuman Das, Rishi Das",2017,July
Vayana,Technology,Pune,"40,00,000",Private Equity,"IDG Ventures India Advisors, Jungle Ventures",2017,July
MObiquest,Technology,Noida,,Private Equity,One97 Communication Ltd,2017,July
Ambee,Consumer Internet,Hyderabad,,Seed Funding,"Uber Technologies Inc, Amaya Capital LLP",2017,July
Ideal Insurance,Consumer Internet,Kolkata,,Seed Funding,Xelpmoc,2017,July
Hypernova Interactive,Technology,Bangalore,,Seed Funding,Kae Capital,2017,July
Rentomojo,Consumer Internet,Bangalore,"1,00,00,000",Private Equity,"ain Capital Ventures, Renaud Laplanche",2017,July
AirCTO,Consumer Internet,Bangalore,,Seed Funding,Francesco Cara,2017,July
Playablo,Technology,Bangalore,"6,00,000",Seed Funding,ABI-Showatech (India) Ltd,2017,July
Trupay,Technology,Gurgaon,"7,00,000",Seed Funding,"Kae Capital, M&S Partners,",2017,July
Brick2Wall,eCommerce,Gurgaon,"2,00,000",Seed Funding,"Subramani Somasundaram, Sundeep Sahni, Mayank Mittal & Others",2017,July
FableStreet,eCommerce,New Delhi,,Seed Funding,"Harmeet Bajaj, Pameela P, Fusiontech Ventures & Others",2017,July
Monsoon Fintech,Technology,New Delhi,,Seed Funding,"Sunil Kalra, Aditya Singh, Rishi Srivastava, Rajan Anandan",2017,July
MonkeyBox,Consumer Internet,Bangalore,,Seed Funding,"Blume Ventures, NB Ventures, Nspira",2017,July
Noticeboard,Consumer Internet,Bangalore,"12,00,000",Private Equity,"Stellaris Venture Partners,",2017,July
Byju\\xe2\\x80\\x99s,Consumer Internet,Bangalore,"3,50,00,000",Private Equity,Tencent Holdings,2017,July
Creator\\xe2\\x80\\x99s Gurukul,Others,New Delhi,,Seed Funding,Yuvraj Singh,2017,July
Fab Hotels,Consumer Internet,New Delhi,"2,50,00,000",Private Equity,Goldman Sachs,2017,July
ThinkerBell,Consumer Internet,Bangalore,"2,00,000",Seed Funding,"Indian Angel Network, Anand Mahindra",2017,July
1mg,eCommerce,Gurgaon,"1,50,00,000",Private Equity,"HBM Healthcare Investments, Maverick Capital Ventures, Sequoia India, Omidyar Network and Kae Capital",2017,July
Jhakaas,Consumer Internet,Mumbai,,Seed Funding,Amen Dhyllon,2017,July
BigStylist,Consumer Internet,Mumbai,"12,50,000",Private Equity,Info Edge (India) Ltd,2017,July
Gympik.com,Consumer Internet,Bangalore,,Seed Funding,RoundGlass Partners,2017,July
Tripeur,Technology,Bangalore,,Seed Funding,"Grace Grace Techno Ventures LLP, Rajul Garg & Other undisclosed investors",2017,June
RentOnGo,eCommerce,Bangalore,"2,34,000",Seed Funding,TVS Motor Company,2017,June
Goomo,Consumer Internet,Mumbai,"5,00,00,000",Private Equity,Emerging India,2017,June
MaxMyWealth,Consumer Internet,Mumbai,,Private Equity,"lockchain ecosystem Global Advisors, Horseferry",2017,June
Spinny,eCommerce,Gurgaon,"10,00,000",Private Equity,"Blume Ventures, Indian Angel Network, Kunal Shah, Sandeep Tandon",2017,June
Healthbuds,Consumer Internet,Kolkata,,Seed Funding,"Arun Patodia, Bharat Kedia",2017,June
Ftcash,Consumer Internet,Mumbai,,Private Equity,"500 Startups, IvyCap Ventures",2017,June
BHIVE Workspace,Consumer Internet,Bangalore,"12,00,000",Private Equity,Blume Ventures,2017,June
wayForward,Consumer Internet,New Delhi,"10,00,000",Seed Funding,"Harsh Mahajan, Farhan Naqvi, Sreepathy Viswanathan",2017,June
GyanDhan,Consumer Internet,New Delhi,,Private Equity,Sundaram Finance Holdings,2017,June
Hungry Foal,Consumer Internet,Gurgaon,,Private Equity,SBI (Stand Up India Scheme),2017,June
ZipLoan,Consumer Internet,New Delhi,"6,50,000",Seed Funding,WaterBridge Ventures,2017,June
GrowFitter,Consumer Internet,Mumbai,"6,00,000",Seed Funding,SQue Capital,2017,June
Stratfit,Consumer Internet,Hyderabad,"2,32,000",Seed Funding,Bodhtree Consulting Limited,2017,June
Multiplier Solutions,Technology,Hyderabad,"15,00,000",Private Equity,Norwest Venture Partners,2017,June
ABI Health,Technology,Bangalore,"15,00,000",Private Equity,Norwest Venture Partners,2017,June
Stockal,Consumer Internet,Bangalore,"3,50,000",Seed Funding,"Mohan Alexander, R. Natarajan, Vikrant Varshney, Amit Sinha",2017,June
Guidoo,Consumer Internet,Mumbai,"3,00,000",Seed Funding,"Pawan Borle, Nirmal Singh, Manish Prasad, Vineet Varma, Nick Haulkoury, Abhai S. Rao",2017,June
eSahai.in,Consumer Internet,Hyderabad,"2,50,000",Seed Funding,"Dr Ramesh Ayyala, Satya Muthyala",2017,June
Loanmeet,Consumer Internet,Bangalore,,Seed Funding,"Cao Yibin, Huang Wei, Madhusudan E,",2017,June
LendingKart,Consumer Internet,Ahmedabad,"78,00,000",Debt Funding,Yes Bank,2017,June
Boxx.ai,Technology,Bangalore,"5,00,000",Private Equity,"Unicorn India Ventures, Venky Krishnakumar, Suresh Shankar, Vivek Bhargava",2017,June
PeeSafe.in,Healthcare,New Delhi,"10,00,000",Private Equity,"Venture Catalysts, Alfa Capital, Green Shots Capital, Real Time Ventures",2017,June
Vista Rooms,Consumer Internet,Mumbai,"7,76,000",Seed Funding,"Artha India Ventures, Singularity Holdings, Rajan Anandan, Girish Mathrubootham",2017,June
CoverFox,Consumer Internet,Mumbai,"1,50,00,000",Private Equity,Transamerica,2017,June
HyperTrack,Technology,New Delhi,,Private Equity,"Nexus Venture Partners, Founders Fund",2017,June
Goodera,Technology,Bangalore,"55,00,000",Private Equity,"Nexus Venture Partners, Omidyar Network",2017,June
Digit,Technology,Bangalore,,Private Equity,Fairfax Holdings,2017,June
Ola,Consumer Internet,Bangalore,"5,00,00,000",Private Equity,Tekne Capital Management LLC,2017,June
Vanitycask,Consumer Internet,Mumbai,,Seed Funding,RB Investments,2017,June
MrNeeds,Consumer Internet,Noida,"5,00,000",Seed Funding,undisclosed investors,2017,June
MoneyTap,Consumer Internet,Bangalore,"1,23,00,000",Private Equity,"Sequoia India, NEA, Prime Venture Partners",2017,June
Goodbox,eCommerce,Bangalore,"10,00,000",Private Equity,"Nexus Venture Partners, Mekin Maheshwari",2017,June
Fincash,Consumer Internet,Mumbai,"1,00,000",Seed Funding,"Mohammed Khan, Sameer Narayan & Others",2017,June
PortDesk,Technology,Noida,"20,00,000",Seed Funding,Alphard Maritime Group,2017,June
EdgeFx,eCommerce,Hyderabad,,Seed Funding,"Cross Border Angels & Experts, Rajasthan Angel Innovators Network, The Chennai Angels",2017,June
EazyDiner,Consumer Internet,Gurgaon,,Seed Funding,YouWeCan Ventures,2017,June
HealthIntel,Healthcare,New Delhi,,Seed Funding,BLIP Initiatives,2017,June
Unbxd,Technology,Bangalore,"1,25,00,000",Private Equity,Eight Roads Ventures,2017,June
DarwinBox,Technology,Hyderabad,"40,00,000",Private Equity,"Lightspeed India Partners, Endiya Partners, 3one4 Capital Advisors LLP, Startupxseed Ventures LLP",2017,June
ForeverShop,Consumer Internet,Bangalore,"3,00,000",Seed Funding,91maker.com,2017,June
Insider.in,Consumer Internet,Mumbai,"52,00,000",Private Equity,Paytm,2017,June
Fynd,eCommerce,Mumbai,"24,00,000",Private Equity,"IIFL Seed Ventures, Kae Capital, FJ Labs, Singularity Ventures, GrowX, Tracxn Labs, Axis Capital",2017,June
Grow Fit,Consumer Internet,Bangalore,"45,00,000",Private Equity,"Manipal Education and Medical Group (MEMG), SAR Group, The Grover Trust",2017,June
Fabulyst,Technology,Hyderabad,"2,15,000",Seed Funding,iBhubs,2017,June
mSwipe,Technology,Mumbai,"3,10,00,000",Private Equity,"UC-RNT Fund, Matrix Partners, alcon Edge Capital, DSG Consumer Partners",2017,June
OneAssist,Consumer Internet,Mumbai,,Private Equity,Sequoia Capital,2017,June
Julia Computing,Technology,Bangalore,"46,00,000",Private Equity,"General Catalyst, Founder Collective",2017,June
Kissht,Consumer Internet,Mumbai,"20,00,000",Private Equity,"Endiya Partners, Ventureast",2017,June
Explore Life traveling,Consumer Internet,Bangalore,"5,00,000",Seed Funding,"Mekin Maheshwari, Bharat Vijay, Krish Seshadri, Amar Arsikere",2017,June
Loantap,Consumer Internet,Mumbai,"40,00,000",Private Equity,"Kae Capital, India Quotient, IFMR, and MAS Financial Services Ltd",2017,June
Voxweb,Consumer Internet,Mumbai,"10,00,000",Seed Funding,Undisclosed investors,2017,June
HUG Innovations,Technology,Hyderabad,"50,00,000",Private Equity,"Mohit Srivastav, Kishore Ganji, Venkat Vallabhaneni, Rajeev Menon",2017,June
Flipkart,eCommerce,Bangalore,"7,10,00,000",Private Equity,Naspers,2017,June
V Resorts,Consumer Internet,Noida,"40,00,000",Private Equity,"Seedfund, RB International",2017,June
Stashfin,Consumer Internet,New Delhi,"50,00,000",Private Equity,"Snow Leopard Ventures, Alto Partners",2017,June
Formcept,Consumer Internet,Bangalore,,Private Equity,Gujarat Venture Finance Ltd,2017,June
Spares Hub,eCommerce,Pune,"3,11,000",Seed Funding,"The Chennai Angels, Anthill Scale Ventures, Esvee Technologies Inc, Inc95 Consulting",2017,June
FiTraQ,Consumer Internet,New Delhi,,Seed Funding,"Aparup Sengupta, Devendra Reddy,",2017,June
Rubique,Consumer Internet,Mumbai,"30,00,000",Private Equity,"Kalaari Capital, Udayan Goyal",2017,June
Niki.ai,Consumer Internet,Bangalore,"20,00,000",Private Equity,"SAP.iO, Unilazer Ventures",2017,June
Fitpass,Consumer Internet,New Delhi,"10,00,000",Private Equity,"Abhinav Bindra, Gaurav Marya",2017,June
ZingHR,Technology,Mumbai,,Private Equity,Zeta,2017,June
Tagos Design,Technology,Bangalore,"50,00,000",Private Equity,Undisclosed Investors,2017,June
UrbanClap,Consumer Internet,Gurgaon,"2,10,00,000",Private Equity,"Vy Capital, SAIF Partners, Accel Partner, Bessemer Venture Partners",2017,June
Ace2three,Consumer Internet,Hyderabad,"7,37,00,000",Private Equity,Clairvest Group,2017,May
Power2SME,eCommerce,Gurgaon,"1,00,00,000",Private Equity,International Finance Corporation,2017,May
Innovapptive,Technology,Hyderabad,"15,00,000",Seed Funding,Hyderabad Angels,2017,May
4tigo,Logistics,Bangalore,"1,00,00,000",Private Equity,"Accel Partners, Nandan Nilekani,",2017,May
SMECorner,Consumer Internet,Mumbai,,Private Equity,Dutch government fund,2017,May
ZippServe,Consumer Internet,Bangalore,"3,90,000",Seed Funding,undisclosed investors,2017,May
Ola,Consumer Internet,Bangalore,"10,45,00,000",Private Equity,"Falcon Edge Capital,\\xc2\\xa0 Capital Advisers",2017,May
Sumeru,Technology,Bangalore,"10,00,000",Seed Funding,undisclosed investors,2017,May
Healthians,Consumer Internet,New Delhi,,Private Equity,"Asuka Holdings, YouWeCan Ventures, Beenext, Beenos, M&S Partners",2017,May
HealthMir,Consumer Internet,New Delhi,,Seed Funding,Nimit Panigrahi,2017,May
Uactive,Consumer Internet,Mumbai,,Seed Funding,Hinduja family,2017,May
i-lend,Consumer Internet,Hyderabad,,Seed Funding,50K Ventures,2017,May
Good Methods Global,Technology,Trivandrum,,Private Equity,Accel Partners,2017,May
Balance App,Consumer Internet,Bangalore,"2,33,000",Seed Funding,Rainmatter,2017,May
YepMe,eCommerce,Gurgaon,"7,00,000",Private Equity,"Rainbow Digital Services Pvt. Ltd, ILearnFinance Academy Pvt. Ltd.",2017,May
Nightstay,Consumer Internet,New Delhi,,Seed Funding,"Indian Angels Network, LetsVenture",2017,May
Devourin,Technology,Pune,,Seed Funding,Deepak Nathani,2017,May
MyGreens,Food & Beverage,New Delhi,"10,00,000",Seed Funding,"Ajay Relan, LetsVenture",2017,May
Ace Turtle,Technology,Bangalore,"50,00,000",Private Equity,"Vertex Ventures, C31 Ventures",2017,May
CureFit,Technology,Bangalore,"32,00,000",Private Equity,"Trifecta Capital Advisors LLP, Prathithi Investment Trust, RNT Capital, Gokul Rajaram, Aditya Agarwal, Ruchi Sanghvi & others",2017,May
Curie Labs,Technology,New Delhi,"50,000",Seed Funding,Satoshi Studios,2017,May
Uncanny Vision,Technology,Bangalore,,Seed Funding,Anand Chandrasekaran,2017,May
Anchanto,Technology,Pune,,Private Equity,Luxasia Group,2017,May
Sequretek,Technology,Mumbai,,Private Equity,"GVFL, Unicorn India Ventures",2017,May
Lucideus,Technology,New Delhi,,Seed Funding,"Vellayan Subbiah, Jonathan Boutelle, Rajan Anandan,\\xc2\\xa0 Rahul Chawla, Salil Donde, Amit Ranjan, Govind Rajan & Others",2017,May
Vidooly,Consumer Internet,Noida,"14,00,000",Private Equity,"Times Internet, GVFL",2017,May
Shopclues,eCommerce,Gurgaon,"77,00,000",Private Equity,InnoVen Capital,2017,May
Fourth Ambit,Consumer Internet,Bangalore,"6,00,000",Seed Funding,1Crowd,2017,May
Chymera VR,Technology,Bangalore,,Seed Funding,"Varsha Rao, Surojit Chatterjee, Nirav Choksi & Others",2017,May
Early Salary,Consumer Internet,Pune,"40,00,000",Private Equity,"DG Ventures India, Dewan Housing Finance Corp",2017,May
Book My Diamond,eCommerce,Mumbai,,Seed Funding,Chirag Nikunj Sheth & Others,2017,May
ION Energy,Technology,Mumbai,,Seed Funding,"Aakrit Vaish, Swapan Rajdev, Sushill Jiwarajka",2017,May
Legal Raasta,Consumer Internet,New Delhi,"50,00,000",Private Equity,Impanix Capital,2017,May
Log 9 Materials,Technology,Bangalore,,Seed Funding,GEMs,2017,May
Remit Guru,Consumer Internet,Mumbai,"4,66,000",Private Equity,"Infibeam, CCavenue",2017,May
Aequm,eCommerce,Bangalore,"10,00,000",Seed Funding,undisclosed investors,2017,May
Zapty,Technology,Bangalore,"5,00,000",Seed Funding,IdeaSpring Capital,2017,May
Vernacular.ai,Technology,Bangalore,,Seed Funding,Kstart Capital,2017,May
Niki.ai,Technology,Bangalore,,Private Equity,SAP,2017,May
Telr,Technology,Mumbai,"30,00,000",Private Equity,Innovations East,2017,May
Fynd,eCommerce,Mumbai,"5,00,000",Private Equity,Rocketship,2017,May
Genie,Consumer Internet,Chennai,"2,50,000",Seed Funding,undisclosed investors,2017,May
Paysense,Consumer Internet,Mumbai,"53,00,000",Private Equity,Jungle Ventures,2017,May
The Good Life,ECommerce,Mumbai,"10,00,000",Seed Funding,"Ayesha Takia Azmi, Abu Farhan Azmi",2017,May
PumpKart,eCommerce,Chandigarh,,Seed Funding,Dr. Ritesh Malik,2017,May
Paytm,ECommerce,Bangalore,"1,40,00,00,000",Private Equity,SoftBank Group,2017,May
EzCred,Consumer Internet,Bangalore,"10,00,000",Seed Funding,"Dheeraj Pandey, Rajesh Yohannan, Akash Garg",2017,May
HealthSutra,Food & Beverage,Hyderabad,,Seed Funding,"Ankur Capital, Hyderabad Angels",2017,May
YepMe,eCommerce,New Delhi,,Private Equity,Gokaldas Exports Ltd,2017,May
Delhivery,Logistics,New Delhi,"3,00,00,000",Private Equity,Fosun International,2017,May
ZipGrid,Consumer Internet,Mumbai,"5,00,000",Seed Funding,"JLL, 1Crowd",2017,May
TravelSpice,ECommerce,Hyderabad,,Seed Funding,Eagle10 Ventures,2017,May
Magicpin,Consumer Internet,Gurgaon,"66,00,000",Private Equity,"Lightspeed Venture Partners, Vy Capital,",2017,May
The Print,Consumer Internet,New Delhi,,Seed Funding,"Ratan Tata, Nandan Nilekani, Uday Kotak, Vijay Shekhar Sharma, Kiran Mazumdar-Shaw, Rajiv C Mody",2017,May
Box8,Consumer Internet,Mumbai,"10,00,000",Private Equity,Trifecta Capital,2017,May
GenNext Students,Consumer Internet,Mumbai,"5,80,000",Seed Funding,Undisclosed Investors,2017,May
Aye Finance,Finance,Gurgaon,"80,00,000",Private Equity,Blue Orchard,2017,May
WhatsLoan,Consumer Internet,Bangalore,,Seed Funding,Lahiri Music\\xe2\\x80\\x99s family office,2017,May
Cube Consumer Services,Consumer Internet,Mumbai,,Seed Funding,,2017,May
Nivesh,Consumer Internet,Noida,,Seed Funding,"PV Sahad, Sandeep Shroff, Rahul Gupta",2017,May
Wowflux,Technology,New Delhi,,Seed Funding,Undisclosed Investors,2017,May
Collateral Medical,eCommerce,Mumbai,"35,00,000",Private Equity,Carpediem Capital,2017,May
Loadshare,Logistics,Bangalore,,Seed Funding,Matrix Partners,2017,May
SimpliLend,Consumer Internet,New Delhi,,Seed Funding,Undisclosed Investors,2017,May
Supr Daily,Consumer Internet,Mumbai,"15,00,000",Private Equity,"Soma Capital, Great Oaks Ventures, 122 West Ventures",2017,May
Swiggy,Consumer Internet,Bangalore,"8,00,00,000",Private Equity,"Nasper, Accel India, SAIF Partners, Bessemer Venture Partners, Harmony Partners, Norwest Venture Partners",2017,May
SastaSundar,eCommerce,Kolkata,"50,00,000",Private Equity,Rohto Pharmaceutical,2017,May
Magicpin,Consumer Internet,Gurgaon,"70,00,000",Private Equity,"Lightspeed India Partners, Waterbridge Ventures",2017,May
Cashe,Consumer Internet,Mumbai,"38,00,000",Private Equity,"Mathew Cyriac, Florintree Advisors,",2017,April
Eruditus,Education,Mumbai,"82,00,000",Private Equity,Bertelsmann India,2017,April
TestBook,Consumer Internet,Mumbai,,Private Equity,Matrix Partners India,2017,April
Healthcare at Home,Healthcare,Noida,"4,00,00,000",Private Equity,Quadria Capital Advisors,2017,April
Tyre Express,Technology,Mumbai,,Seed Funding,Rohitash Gupta,2017,April
SmartCoin,Consumer Internet,Bangalore,,Private Equity,Unicorn India Ventures & Others,2017,April
WayCool,Food & Beverage,Chennai,"27,00,000",Private Equity,Aspada Investments,2017,April
Perfios,Technology,Bangalore,"61,00,000",Private Equity,Bessemer Venture Partners,2017,April
Whatfix,Technology,Bangalore,"36,90,000",Private Equity,"Stellaris Venture Partners, Helion Venture Partners, Powerhouse Ventures, Gokul Rajaram, Girish Mathrubootham, Aneesh Reddy, Vispi Daver",2017,April
ElastiRun,Technology,Pune,"70,00,000",Private Equity,"Kalaari Capital, Norwest Venture Partners",2017,April
Trukky,Consumer Internet,Ahmedabad,"5,00,000",Seed Funding,"Keyur Joshi, Pavan Bakeri",2017,April
Konsult App,Consumer Internet,New Delhi,"5,00,000",Seed Funding,"Koen Bouwers, Lomesh Agarwal, Jeroen Mensen, Pablo van den Bosch & Others",2017,April
Credit Sudhaar,Consumer Internet,Mumbai,,Seed Funding,"Deepak Kulkarni, Sandeep Pangal",2017,April
Fingerlix,Consumer Internet,Mumbai,"30,00,000",Private Equity,Zephyr Peacock India,2017,April
DataWeave,Technology,Bangalore,,Private Equity,"FreakOut Group, Blume Ventures, Herb Madan, WaterBridge Ventures",2017,April
Medwell Ventures,Healthcare,Bangalore,"2,10,00,000",Private Equity,"Mahindra Partners, Eight Roads Ventures, F-Prime Capital Partners",2017,April
Mech Mocha,Consumer Internet,Bangalore,"50,00,000",Private Equity,"Accel Partners, Shunwei Capital",2017,April
Startup Buddy,Consumer Internet,Gurgaon,,Seed Funding,"YouWeCan Ventures,",2017,April
QorQI,Healthcare,Noida,,Seed Funding,Paytm,2017,April
Twenty Two Motors,Technology,Gurgaon,,Seed Funding,"Ishwar Singh,Farhaan Shabbir",2017,April
PharmEasy,eCommerce,Mumbai,"1,80,00,000",Private Equity,"Bessemer Venture Partners, Orios Venture Partners, Trifecta Capital,",2017,April
WonderChef,eCommerce,Mumbai,,Private Equity,Labruyere Eberl\\xc3\\xa9,2017,April
FastFox,Consumer Internet,Gurgaon,"46,00,000",Private Equity,"Lightspeed India Partners, Blume Ventures, CyberAgent Ventures, GrowX Ventures, IMJ Investment Partners",2017,April
Omnify,Technology,Bangalore,"1,50,000",Seed Funding,"Rajan Anandan, L.D Sharma, Saurabh Arora",2017,April
Capital Float,Consumer Internet,Bangalore,"23,00,000",Private Equity,Mahindra and Mahindra Financial Services,2017,April
Ninjacart,eCommerce,Bangalore,"55,00,000",Private Equity,"Accel Partners, Nandan Nilekani\\xe2\\x80\\x99s NRJN Trust, Mistletoe, Qualcomm Ventures, M&S Partners",2017,April
MergerWare,Technology,Bangalore,"1,00,000",Seed Funding,Philippe Bouchet,2017,April
Sports Flashes,Consumer Internet,New Delhi,,Seed Funding,"Sushil Kumar, Sandeep Singh",2017,April
Clovia,eCommerce,New Delhi,"40,00,000",Private Equity,"Ivycap Ventures Advisors, Singularity Ventures and Ravi Dhariwal",2017,April
Emiza,Logistics,Mumbai,"45,00,000",Private Equity,"Mayfield, Nishant Rao, Dileep Nath",2017,April
HackerEarth,Consumer Internet,Bangalore,"45,00,000",Private Equity,"DHI Group Inc, Prime Venture Partners, Beenext, Beenos, Digital Garage, BizReach",2017,April
Squadrun,Technology,Noida,"21,00,000",Private Equity,"Blume Ventures, Contrarian Capital, 91springboard, Emergent Ventures, Abstract Ventures, Anthill Ventures, Axilor Ventures",2017,April
Tinmen,Consumer Internet,Hyderabad,,Seed Funding,"MAPE Advisory Group, R Ramaraj, Corvus Ventures",2017,April
ScoutMyTrip,Consumer Internet,Mumbai,,Seed Funding,Z Nation Lab,2017,April
SafetyKart,eCommerce,Gurgaon,,Private Equity,Redcliffe Capital,2017,April
WeAreHolidays,Consumer Internet,Gurgaon,"77,00,000",Private Equity,"Urrshila Kerkar,",2017,April
Ola Cabs,Consumer Internet,Bangalore,"26,00,00,000",Private Equity,SIMI Pacific Pte,2017,April
Myly,Consumer Internet,Jaipur,"3,10,000",Seed Funding,mall Industries Development Bank of India (SIDBI),2017,April
CrediHealth,Consumer Internet,Gurgaon,"15,00,000",Private Equity,"Tolaram Inc, Mountain Pine Capital",2017,April
Navia Life Care,Technology,New Delhi,,Seed Funding,Benori Ventures LLP,2017,April
Raw Pressery,Food & Beverages,Mumbai,,Seed Funding,Jacqueline Fernandez,2017,April
Snackible,Food & Beverages,Mumbai,"1,75,000",Seed Funding,"Nibhrant Shah, Anandbir Singh, Anirudh Sheth, Pratik Singhi, Vikram Mehta, Murali Nair",2017,April
Be U Salons,Consumer Internet,New Delhi,"6,20,000",Seed Funding,"Gaurav Kachru, Sundeep Singh Sahni, Jatin Aneja, Arun Malhotra",2017,April
Simulanis,Consumer Internet,New Delhi,,Seed Funding,Village Capital,2017,April
LendingKart,Consumer Internet,Ahmedabad,"46,50,000",Private Equity,Anicut Capital,2017,April
Innefu Security Consulting,Technology,New Delhi,"20,00,000",Private Equity,IndiaNivesh Venture Capital Fund,2017,April
Whodat,Technology,Bangalore,"6,00,000",Private Equity,Ideaspring Capital,2017,April
Absentia VR,Technology,Bangalore,"12,50,000",Private Equity,Exfinity Venture Partners,2017,April
IOTrek,Technology,New Delhi,"1,55,000",Seed Funding,Undisclosed Investor,2017,April
HolaChef,Consumer Internet,Mumbai,"30,00,000",Private Equity,"SIDBI Venture Capital Ltd, Kalaari Capital",2017,April
Wooplr,eCommerce,Bangalore,,Private Equity,Ankit Nagori,2017,April
Video Ken,Consumer Internet,Bangalore,"10,00,000",Seed Funding,"Ravi Garikipati, Surot Chatterjee, Ashish Agrawal, LG Chandrasekhar, Sashi Reddi",2017,April
Faasos,Food & Beverage,Pune,"63,00,000",Private Equity,"Ligthbox Ventures II, Lightbox Expansion Fund, Sequoia Capital India, RuNet South Asia, RB Investments",2017,April
Oyo Rooms,Consumer Internet,Gurgaon,"25,00,00,000",Private Equity,"SoftBank Vision Fund, Lightspeed Venture Partners, Sequoia Capital India Advisors, Greenoaks Capital Partners",2017,April
Toppr,Consumer Internet,Mumbai,"32,00,000",Private Equity,WGG International,2017,April
Niramai,Healthcare,Bangalore,,Seed Funding,"pi Ventures, Axilor Ventures, 500 Startups, Binny Bansal",2017,April
The Office Pass,Consumer Internet,Gurgaon,"2,45,000",Seed Funding,"Arun Tadanki, Aditya Verma",2017,April
UrbanClap,Consumer Internet,Gurgaon,"31,00,000",Private Equity,Trifecta Capital,2017,April
Awfis,Consumer Internet,Mumbai,"2,00,00,000",Private Equity,Sequoia India,2017,April
Myra,Consumer Internet,Bangalore,,Private Equity,"Times Internet,Matrix Partners",2017,April
Flytxt,Technology,Mumbai,"1,10,00,000",Private Equity,DAH Beteiligungs GmbH,2017,April
Howdy Ventures,Consumer Internet,Chennai,"15,00,000",Seed Funding,S. Xavier Britto,2017,April
StalkBuyLove,eCommerce,New Delhi,"10,00,000",Private Equity,Trifecta Capital,2017,April
ZipGo,Consumer Internet,Bangalore,,Private Equity,"Orios Ventures Partners, Team Builder Ventures, Omidyar Networks",2017,April
Scootsy,Consumer Internet,Mumbai,"36,00,000",Private Equity,"Agnus Capital, Khattar Holdings",2017,April
Autobix,Technology,Pune,,Seed Funding,GardX International,2017,April
eShiksha,Technology,Jaipur,,Seed Funding,Cross Border Angels & Experts,2017,April
iNurture,Consumer Internet,Bangalore,"15,00,000",Private Equity,BlackSoil Capital Pvt. Ltd,2017,April
Sepalika,Consumer Internet,New Delhi,"7,50,000",Seed Funding,Accel Partners,2017,April
Mintwalk,Consumer Internet,Mumbai,,Seed Funding,Poshika Financial Ecosystem,2017,April
Qriyo,Consumer Internet,Jaipur,,Private Equity,NB Ventures,2017,April
Ola,Consumer Internet,Bangalore,"33,00,00,000",Private Equity,SoftBank Group Corp,2017,March
Belong,Consumer Internet,Bangalore,"1,00,00,000",Private Equity,Sequoia Capital India,2017,March
Seenit,Consumer Internet,Kolkata,,Seed Funding,"Calcutta Angels Network (CAN), Augment Ventures",2017,March
Paalak,ECommerce,New Delhi,,Seed Funding,"Vishwadeep Bajaj, Harsh Kundra, Nandkumar Rane, LN Buddharaju, Anupam Tyagi",2017,March
Celes Care,Consumer Internet,Hyderabad,"15,00,000",Private Equity,"Ventureast, Endiya Partners, Eight Roads Ventures, F-Prime Capital Partners",2017,March
Karomi,Technology,Chennai,"5,00,000",Seed Funding,Ideaspring Capital,2017,March
Red Carpet,Consumer Internet,Gurgaon,"25,00,000",Private Equity,Lightspeed Venture Partners,2017,March
Kreate Konnect,Technology,Vadodara,,Seed Funding,Langoor,2017,March
CreditMantri,Consumer Internet,Chennai,"76,00,000",Private Equity,Quona Capital,2017,March
Lets Endorse,Consumer Internet,Bangalore,,Seed Funding,"Chandigarh Angels Network, Social Alpha and other unnamed angel investors",2017,March
Tydy,Technology,Bangalore,"2,75,000",Seed Funding,"Bhupen Shah, Jayesh Parekh, Sanjay Sathe",2017,March
Nactus,Consumer Internet,Jaipur,,Seed Funding,"Sandeep Aggarwal, Gautam Chhaochharia, R Balachandar",2017,March
Oho Shop,Technology,Ahmedabad,"67,00,000",Private Equity,"Bennett, Coleman and Company Ltd",2017,March
Emojifi,Consumer Internet,Hyderabad,,Seed Funding,Undisclosed angel investors,2017,March
Paytm Marketplace,ECommerce,Bangalore,"20,00,00,000",Private Equity,Alibaba,2017,March
iGenetics,Healthcare,Mumbai,"1,95,00,000",Private Equity,CDC Group Plc,2017,March
Juno Clinic,Consumer Internet,Mumbai,"12,00,000",Seed Funding,Atul Nishar,2017,March
Summerlabel,Consumer Internet,Gurgaon,"1,50,000",Seed Funding,"Aneesh Seth, Tushar Mittal",2017,March
PickMe,Consumer Internet,Mumbai,"17,90,000",Private Equity,SIDBI Venture Capital Fund,2017,March
Agrostar,Technology,Pune,"1,00,00,000",Private Equity,Accel Partners,2017,March
Zapr,Technology,Bangalore,"1,00,00,000",Private Equity,Star India Pvt Ltd,2017,March
Data Resolve,Technology,Noida,"10,00,000",Private Equity,IDFC Parampara Early Stage Opportunities Fund,2017,March
Book Servicing,Consumer Internet,New Delhi,"30,000",Seed Funding,National Science and Technology Entrepreneurship Development Board,2017,March
Blowhorn,Consumer Internet,Bangalore,"36,50,000",Private Equity,"IDG Ventures India, Michael & Susan Dell Foundation, Draper Associates, Unitus Seed Fund",2017,March
Rivigo,Logistics,Gurgaon,"1,50,00,000",Private Equity,Private Sector Banks (Debt Funding),2017,March
PipeCandy,Technology,Chennai,"11,00,000",Seed Funding,"IDG ventures, Axilor Ventures, Emergent Ventures, Indian Angel Network",2017,March
Supr Daily,Consumer Internet,Mumbai,"1,20,000",Seed Funding,Y Combinator,2017,March
Parentune,Consumer Internet,Gurgaon,,Private Equity,"Kae Capital, SEGNEL Ventures",2017,March
AppBrowzer,Consumer Internet,Bangalore,"5,00,000",Seed Funding,Deepak Gurnani,2017,March
MagicBricks,Consumer Internet,Mumbai,"45,00,000",Private Equity,Times Internet Ltd,2017,March
PeeBuddy,Healthcare,New Delhi,"4,43,000",Seed Funding,Indian Angel Network,2017,March
iOrderFresh,ECommerce,New Delhi,,Seed Funding,Singapore Angel Network,2017,March
Lavelle Networks,Technology,Bangalore,"6,00,000",Seed Funding,Ideaspring Capital,2017,March
PropertyShare,Consumer Internet,Bangalore,,Seed Funding,"Asuka, Pravega Ventures, BEENEXT",2017,March
MyDermacy,Consumer Internet,New Delhi,,Private Equity,Cyber Carrier,2017,March
LatestOne,eCommerce,Hyderabad,"33,50,000",Private Equity,"Florintree, Mathew Cyriac, Chidambaram Palaniappan, Bharat Sheth",2017,March
Frapperz,Consumer Internet,Kolkata,"1,00,000",Seed Funding,Undisclosed Investor,2017,March
mPaani,Consumer Internet,Mumbai,"13,50,000",Private Equity,"IDG Ventures, Blume Ventures, Saha Fund,",2017,March
ShilpMIS,Technology,Surat,,Seed Funding,"Puneet Gupta, Nimitt Desai & Others",2017,March
POPxo,Consumer Internet,New Delhi,"31,00,000",Private Equity,"GREE Ventures, Kalaari Capital and IDG Ventures India, Summit Media, Atul Goel, and Gurpreet Singh",2017,March
Fitso,Consumer Internet,Gurgaon,"2,00,000",Seed Funding,"Sujeet Kumar, Bhupender Singh, Yashish Dhaiya",2017,March
FarMart,Technology,Gurgaon,,Seed Funding,Indian Angel Network,2017,March
Flipkart,eCommerce,Bangalore,"1,40,00,00,000",Private Equity,"Microsoft, eBay, Tencent Holdings",2017,March
Airpay,Technology,Mumbai,"36,70,000",Private Equity,"Kalaari Capital, Rakesh and Rajesh Jhunjhunwala",2017,March
MyGlamm,Consumer Internet,Mumbai,"53,00,000",Private Equity,L\\xe2\\x80\\x99Occitane,2017,March
The Mons Co.,eCommerce,New Delhi,,Seed Funding,"Shripad Nadkarni, Nandu Nandkishore",2017,March
Haqdarshak,Consumer Internet,Bangalore,"1,91,000",Seed Funding,"Ravi Saxena, Sandeep Raju,",2017,March
Ixigo,Consumer Internet,Gurgaon,"1,50,00,000",Private Equity,"Sequoia Capital, Kinzon Capital",2017,March
Markets and Markets,Technology,Pune,"5,60,00,000",Private Equity,"FTV Capital, Zodius Capital",2017,March
Bizom,Technology,Bangalore,"3,82,000",Seed Funding,Ojas Ventures,2017,March
BabyonBoard,Consumer Internet,Bangalore,,Seed Funding,"Mahavir Sharma, Vishal Jain, Rohit Sethi, Gaurav Luniya",2017,March
Delhivery,Technology,New Delhi,"10,00,00,000",Private Equity,"Carlyle Group, Tiger Global",2017,March
Sport Flashes,Consumer Internet,New Delhi,,Seed Funding,"Vikas Bajaj, Amit Kharbanda,",2017,March
Fynd,ECommerce,Mumbai,"5,00,000",Private Equity,Venture Catalysts,2017,March
Wigzo,Technology,New Delhi,,Private Equity,3one4 capital,2017,March
DoneThing,Consumer Internet,Gurgaon,"3,00,000",Private Equity,Brand Capital,2017,March
Zapyle,ECommerce,Bangalore,,Seed Funding,Undisclosed Investors,2017,March
Ithaka,Consumer Internet,Mumbai,"3,25,000",Seed Funding,"Ankit Gupta, Puneet Motihar",2017,March
perpule,eCommerce,Bangalore,"6,50,000",Seed Funding,KStart Capital,2017,March
Byju\\xe2\\x80\\x99s,Consumer Internet,Bangalore,,Private Equity,Verlinvest,2017,March
Licious,ECommerce,Bangalore,"1,00,00,000",Private Equity,"Mayfield India, 3one4 Capital, Sistema Asia Fund, Neoplux Technology Fund",2017,March
Medinfi,Consumer Internet,Bangalore,"50,000",Seed Funding,"Vinod Martin, Hemant Kaul, Prof. Ram Kumar Kakani & Others",2017,March
Indus OS,Technology,Mumbai,,Private Equity,"JSW Ventures, VenturEast",2017,March
Emflux Motors,Technology,Bangalore,,Seed Funding,"Meher Roy, Nikhil Arora, Meet Kanodia, Krit Sankalp, Nitish Singh, Risabh Gupta",2017,March
Klinic App,Consumer Internet,Gurgaon,,Seed Funding,Om Chaudhry,2017,March
Jhakaas,Consumer Internet,Mumbai,"1,55,000",Seed Funding,"Malini Patel, Stelcore Management Services, Anjani Prasad",2017,March
Oriano Solar,Technology,Mumbai,"30,00,000",Private Equity,Samridhi Fund,2017,March
BigBasket,ECommerce,Bangalore,"70,00,000",Private Equity,Trifecta Capital,2017,March
Rooter,Consumer Internet,New Delhi,,Private Equity,Intex Technologies,2017,March
FalconBrick,Technology,Bangalore,,Seed Funding,"Satveer Thakral, LetsVenture, Mumbai Angels",2017,March
Icertis,Technology,Pune,"2,50,00,000",Private Equity,"B Capital Group, Ignition Partners, Greycroft, e.ventures,\\xc2\\xa0 Eight Roads Ventures",2017,March
Clodura,Technology,Pune,,Seed Funding,Undisclosed Investors,2017,February
Stockroom.io,Consumer Internet,Hyderabad,,Seed Funding,"Satya D Sinha, Gyanendra Singh",2017,February
Capital Float,Consumer Internet,Bangalore,"25,00,000",Private Equity,IFMR Capital Finance,2017,February
iManageMyHotel,Technology,Kolkata,,Seed Funding,Jaarvis Accelerator,2017,February
Inner Hour,Consumer Internet,Mumbai,"4,50,000",Seed Funding,"Batlivala & Karani Securities, Venture Works",2017,February
Travel Triangle,Consumer Internet,Noida,"1,00,00,000",Private Equity,"RB Investments, SAIF Partners, Bessemer Venture Partners",2017,February
Wandertrails,Consumer Internet,Bangalore,"10,00,000",Seed Funding,Earlsfield Capital,2017,February
Zenatix,Technology,Gurgaon,"12,00,000",Private Equity,"pi Ventures, Blume Ventures",2017,February
Cartrade,Consumer Internet,Mumbai,"5,50,00,000",Private Equity,Temasek Holdings,2017,February
MindYourFleet,Technology,Noida,,Seed Funding,"Japan Vyas, Tarun Adlakha",2017,February
Edurev,Consumer Internet,Gurgaon,"40,000",Seed Funding,Facebook FB Start programme,2017,February
Voonik,ECommerce,Bangalore,"60,00,000",Private Equity,"RB Investments, Sequoia Capital",2017,February
1Crowd,Finance,Mumbai,,Seed Funding,Ganesh Natarajan,2017,February
Wooplr,ECommerce,Bangalore,"80,00,000",Private Equity,"Sistema Asia Fund, Amereus Group, Helion Ventures",2017,February
48East,ECommerce,Bangalore,"5,00,000",Private Equity,Al Dhaheri family,2017,February
Redesyn,Consumer Internet,Mumbai,,Seed Funding,ThinQbate,2017,February
Sigtuple,Technology,Bangalore,"58,00,000",Private Equity,"Accel Partners, IDG Ventures, Endiya Partners, pi Ventures, VH Capital, Axilor Partners",2017,February
Flutura,Technology,Bangalore,"75,00,000",Private Equity,"Vertex Ventures, Lumis Partners",2017,February
Wassup,Consumer Internet,Chennai,"32,00,000",Private Equity,Anil Jain & other HNIs,2017,February
Better Mortgage,Consumer Internet,Gurgaon,"1,50,00,000",Private Equity,"Kleiner Perkins, Goldman Sachs, Pine Brook",2017,February
Nurturey,Consumer Internet,New Delhi,"3,30,000",Seed Funding,Mohit Joshi & Others,2017,February
Fyle,Technology,Bangalore,"4,00,000",Seed Funding,Pravega Ventures,2017,February
GoBumpr,Consumer Internet,Chennai,"3,00,000",Seed Funding,"Mahalingam K, Girish Mathrubootham",2017,February
CCAvenue,Consumer Internet,Mumbai,"2,24,00,000",Private Equity,Infibeam,2017,February
Connaizen,Technology,New Delhi,,Seed Funding,Vikram Sud,2017,February
Innov8,Consumer Internet,New Delhi,,Seed Funding,"Vijay Shekhar Sharma, Rajan Anandan, Kunal Shah, Girish Mathrubootham, Punit Soni, Anand Chandrasekaran, Sunil Kalra, Utsav Somani, Vishal Gondal, Vikram Limaye",2017,February
ZestMoney,Consumer Internet,Bangalore,"65,00,000",Private Equity,"PayU, Ribbit Capital, Omidyar Network",2017,February
AirZaar,Technology,Missourie,"3,50,000",Seed Funding,Quake Capital,2017,February
Truebil,Consumer Internet,Mumbai,"30,00,000",Private Equity,Shunwei Capital,2017,February
YourStory,Consumer Internet,Bangalore,"30,00,000",Private Equity,"Kalaari Capital Partners, Qualcomm, 3ONE4 Capital Advisors, UC-RNT",2017,February
Imaginate,Technology,Hyderabad,"5,00,000",Seed Funding,SRI Capital,2017,February
The Ken,Consumer Internet,Bangalore,"4,00,000",Seed Funding,"Aprameya Radhakrishna, Deepak Natraj, Girish Mathrubootham, Mahesh Murthy, Pallav Nadhani, Pavan Ongole, Sandeep Mathur, Vijay Shekhar Sharma & Others",2017,February
Urban Ladder,ECommerce,Bangalore,"1,52,00,000",Private Equity,"Kalaari Capital, SAIF Partners, Steadview Capital, Sequoia Capital",2017,February
Aisle,Consumer Internet,Bangalore,,Seed Funding,"Konglo Ventures, White Unicorn Ventures, LetsVenture",2017,February
TownScript,Consumer Internet,Pune,,Private Equity,BookMyShow,2017,February
Leopetra,eCommerce,Mumbai,"40,000",Seed Funding,Facebook FBStart,2017,February
Blood n Care,Consumer Internet,Gurgaon,"40,000",Seed Funding,Facebook FBStart,2017,February
Flipkart,eCommerce,Bangalore,"3,87,00,000",Private Equity,"Bennett, Coleman and Co. Ltd (BCCL)",2017,February
True Balance,Consumer Internet,Gurgaon,"1,50,00,000",Private Equity,"Softbank Ventures Korea, IMM Investment",2017,February
Vebbler,Consumer Internet,Bangalore,"40,000",Seed Funding,Facebook FBStart,2017,February
Get My Parking,Consumer Internet,New Delhi,"11,00,000",Private Equity,"Indian Angel Network (IAN), BEENEXT, The Chennai Angels, Sunil Munjal",2017,February
Lets Reap,Consumer Internet,Mumbai,,Seed Funding,"Kunal Shah, Sandeep Tandon, Nitin Saluja, Gagan Goyal",2017,February
Oglas,Consumer Internet,Noida,,Seed Funding,"Pankaj Rungta, Yogesh Agarwal",2017,February
Staydobe,Consumer Internet,Bangalore,,Seed Funding,Ishan Manaktala,2017,February
Biryani By Kilo,Consumer Internet,Gurgaon,"3,75,000",Seed Funding,"Chandigarh Angels, Ashish Gupta, Rohit, Ashish Chand, Sunil Singh & Others",2017,February
Johari Shop,ECommerce,Bangalore,"94,000",Seed Funding,Undisclosed Investors,2017,February
NeoStencil,Consumer Internet,New Delhi,"10,00,000",Private Equity,"Brand Capital, Paragon Trust",2017,February
Blackbuck,Logistics,Bangalore,"7,00,00,000",Private Equity,"Sands Capital, IFC, Accel Partners, Flipkart, Sanjiv Rangrass",2017,February
TaxSutra,Consumer Internet,Pune,"3,66,000",Seed Funding,"TV Mohandas Pai, V Balakrishnan, PV Srinivasan",2017,January
TempoGo,Technology,Panaji,"8,25,000",Seed Funding,K2 Capital,2017,January
GoFynd,ecommerce,Mumbai,,Seed Funding,"Anand Chandrasekaran, Rajiv Mehta, Ramakant Sharma",2017,January
Vow Car Clinic,Consumer Internet,Gurgaon,,Seed Funding,Vishal Malik,2017,January
LearnTron,Technology,Chennai,,Seed Funding,Kae Capital,2017,January
MobiDent,Consumer Internet,Bangalore,,Private Equity,DanGold Investment Corp,2017,January
Yostra,Technology,Bangalore,,Private Equity,"Marico Innovation Foundation (MIF), Villgro",2017,January
Leap India,Logistics,Mumbai,"1,30,00,000",Private Equity,"India Nivesh Growth Fund, Sixth Sense, TCI Ventures",2017,January
FreeCharge,Consumer Internet,Mumbai,"5,70,00,000",Private Equity,Jasper Infotech Pvt Ltd,2017,January
TicketNew,Consumer Internet,Chennai,"3,50,00,000",Private Equity,Alibaba Pictures,2017,January
Intelligence Node,Technology,Mumbai,"8,00,000",Private Equity,BlackSoil Capital Pvt Ltd,2017,January
Securens,Technology,Mumbai,"50,00,000",Private Equity,"Mayfield India, Trifecta Capital",2017,January
Loan Frame,Consumer Internet,Gurgaon,"22,50,000",Private Equity,"Vedanta Capital, William Campbell, Toos N Daruvala",2017,January
DriveSkool,Consumer Internet,Bangalore,,Seed Funding,Aavya Ventures,2017,January
Medinfi,Consumer Internet,Bangalore,"1,00,000",Seed Funding,"Vinod Martin, Evan Lim, Kanchan Ghoshal, Ram Kumar Kakani",2017,January
LensKart,eCommerce,Bangalore,"35,00,000",Private Equity,Ronnie Screwvala,2017,January
InstaOffice,Consumer Internet,Gurgaon,,Seed Funding,"Zishaan Hayath, Karan Chellani, Mohit Satyan",2017,January
Hansel.io,Consumer Internet,Bangalore,"13,50,000",Private Equity,"IDG Ventures, Endiya Partners",2017,January
Square Yards,Consumer Internet,Gurgaon,"1,00,00,000",Private Equity,"Lohia Group, Andre Hoffman",2017,January
Roambee,Technology,Mumbai,"41,00,000",Private Equity,Deutsche Telekom Strategic Investments & Others,2017,January
PaisaWapas,Consumer Internet,Bangalore,,Seed Funding,Vividhity Ventures,2017,January
iService,Consumer Internet,Bangalore,"4,40,000",Seed Funding,"Blume Ventures, Girish Mathrubootham, Aprameya Radhakrishna",2017,January
Unacademy,Consumer Internet,Bangalore,"45,00,000",Private Equity,"Nexus Venture Partners, Blume Ventures",2017,January
SecururAX,Technology,Bangalore,,Private Equity,"Axilor Ventures, Parampara Early Stage Opportunities Fund & Others",2017,January
Leadburg,Consumer Internet,Bangalore,,Seed Funding,"Harsh V. Pant, Ratheesh Raveendran",2017,January
ZoloStays,Consumer Internet,Bangalore,"50,00,000",Private Equity,"Nexus Venture Partners, Innoven Capital",2017,January
Oi Media,Technology,New Delhi,,Seed Funding,Quarizon,2017,January
HipCouch,Consumer Internet,Mumbai,"7,00,000",Seed Funding,Undisclosed Investors,2017,January
Curiositi,Consumer Internet,Bangalore,"8,00,000",Private Equity,"Menterra Social Impact Fund, Unitus Seed Fund",2017,January
TinyStep,Consumer Internet,Bangalore,"20,00,000",Private Equity,Flipkart,2017,January
Practo,Consumer Internet,Bangalore,"5,50,00,000",Private Equity,"Tencent,\\xc2\\xa0 ru-Net, RSI Fund, Thrive Capital",2017,January
Ketchupp,Consumer Internet,New Delhi,"4,41,000",Seed Funding,India Quotient and others,2017,January
Hoopy,Consumer Internet,Gwalior,"5,00,000",Seed Funding,undisclosed investors,2017,January
Ezytruk,Consumer Internet,Bangalore,"1,47,000",Seed Funding,"Ajith Nair, Anish K",2017,January
Kratikal,Technology,New Delhi,,Seed Funding,"Amajit Gupta, Praveen Dubey, J.P. Bhatt",2017,January
Direct Create,eCommerce,Gurgaon,,Seed Funding,Rajasthan Venture Capital Fund,2017,January
Vahdam Teas,eCommerce,New Delhi,"6,50,000",Seed Funding,"Mumbai Angels Network, Fireside Ventures, Singapore Angel Network",2017,January
Qwikspec,Technology,Bangalore,"3,00,000",Seed Funding,Undisclosed Investors,2017,January
PParke,Consumer Internet,Bangalore,,Seed Funding,SB Ventures,2017,January
Weddingz.in,Consumer Internet,Mumbai,"10,00,000",Private Equity,Singularity Ventures,2017,January
Native Special,eCommerce,Karur,,Seed Funding,"Indian Angel Network, Native Angels Network",2017,January
Fitnapp,Consumer Internet,Noida,,Private Equity,SD Group,2017,January
Ethosh,Technology,Pune,,Seed Funding,Deepak Nathani,2017,January
Wydr,eCommerce,Gurgaon,,Private Equity,"Bessemer Venture Partners, Stellaris Venture Partners, Jungle Venture Partners, Axis Capital",2017,January
Tyre Express,Technology,Mumbai,,Seed Funding,IvyCamp Ventures,2017,January
Connaizen,Technology,New Delhi,,Seed Funding,Umang Moondra,2017,January
MessaGif,Consumer Internet,New Delhi,"50,000",Seed Funding,Undisclosed investor,2017,January
SmartHi,Technology,Pune,,Seed Funding,Singapore based investor,2017,January
CRON Systems,Technology,New Delhi,,Seed Funding,YourNest Fund II,2017,January
CueMath,Technology,New Delhi,"1,50,00,000",Private Equity,"CapitalG, Sequoia India",2017,January
ChipperSage,Technology,Bangalore,,Seed Funding,India Educational Investment Fund,2017,January
SelectJobs,Consumer Internet,Mumbai,,Seed Funding,India Educational Investment Fund,2017,January
Khel Now,Consumer Internet,Bangalore,"5,00,000",Private Equity,Indochine International,2017,January
NowFloats,Consumer Internet,Hyderabad,"1,00,00,000",Private Equity,"Iron Pillar and IIFL, Blume Ventures, Omidyar Network",2017,January
Lets Transport,Consumer Internet,Bangalore,"40,00,000",Private Equity,"GMO Japan, Neelesh Bhatnagar",2017,January
BetaOut,Technology,Noida,,Private Equity,East Ventures & Others,2017,January
Wishberry,Consumer Internet,Mumbai,,Seed Funding,"Sharad Sharma, Rajan Anandan,\\xc2\\xa0 Amit Ranjan, Alok Mittal & others",2017,January
RML Agtech,Technology,Pune,"40,00,000",Private Equity,IvyCap Ventures,2017,January
LoyaltyPrime,Technology,New Delhi,,Private Equity,"Senovo, Unternehmertum Venture Capital, Alexander Bruehl",2017,January
InstaSafe,Technology,Bangalore,"22,00,000",Private Equity,ABM Knowledgeware,2017,January
Infibeam,eCommerce,Ahmedabad,"88,00,000",Private Equity,"Bennett, Coleman and Company Ltd",2017,January
99Games,Technology,Udupi,,Seed Funding,Dream Incubator,2017,January
AirMed Labs,Consumer Internet,Ahmedabad,"14,00,000",Private Equity,Brand Capital,2017,January
99PerHour,Consumer Internet,Chennai,"3,00,000",Seed Funding,V Aanand R,2017,January
Kochi Post,Consumer Internet,Kochi,,Seed Funding,"Rajesh Yohannan, Puthen & Cole",2017,January
Intuit Things,Technology,Mumbai,"1,06,000",Seed Funding,Sanjay Mehta & Others ( The Ten Minute Million),2017,January
Cloudrino,Technology,New Delhi,"22,500",Seed Funding,The Ten Minute Million,2017,January
FabX,eCommerce,Mumbai,"68,000",Seed Funding,The Ten Minute Million,2017,January
Maptags,Consumer Internet,Bangalore,"18,000",Seed Funding,The Ten Minute Million,2017,January
YOLO Health,Consumer Internet,Mumbai,,Seed Funding,Chandigarh Angels Network (CAN),2017,January
Heads Up For Tails,eCommerce,New Delhi,"20,00,000",Private Equity,Undisclosed Investors,2017,January
Register My Marriage,Consumer Internet,New Delhi,,Seed Funding,Mumbai Angels,2017,January
SidQam,Technology,Noida,"12,00,000",Private Equity,"SQue Capital, Grace Capital Ventures, Soham Vencaps",2016,December
India Lends,Consumer Internet,New Delhi,"40,00,000",Private Equity,"DSG Consumer Partners, American Express Ventures, Cyber Carrier VC, AdvantEdge Partners",2016,December
Slide App,Consumer Internet,New Delhi,"36,00,000",Private Equity,Songhyun Investment,2016,December
Badiyajobs,Consumer Internet,New Delhi,"1,00,000",Seed Funding,Undisclosed,2016,December
Streo,Consumer Internet,Bangalore,,Seed Funding,"GEMs Advisory, Quarizon",2016,December
TYGR,Technology,Mumbai,"30,00,000",Private Equity,Franchise India,2016,December
Mr Hot Foods,Consumer Internet,Indore,,Seed Funding,IvyCamp Ventures,2016,December
UrDoorStep,eCommerce,Bangalore,"14,00,000",Private Equity,Lakshmi Vilas Bank & undisclosed HNIs,2016,December
ONN Bikes,eCommerce,Mumbai,,Seed Funding,Grace Capital Ventures,2016,December
Diro Labs,Consumer Internet,New Delhi,"1,47,000",Seed Funding,Info Edge (India),2016,December
THB,Technology,Gurgaon,,Seed Funding,"Ajith Sukumaran, Currae Healthtech Fund",2016,December
LookAtMe,Consumer Internet,Singapore,,Seed Funding,Eros Labs,2016,December
Netree,eCommerce,New Delhi,,Seed Funding,"The Chennai Angels, LetsVenture",2016,December
BookEventz,Consumer Internet,Mumbai,,Seed Funding,Investors from Mumbai Angels & LetsVenture,2016,December
Tailslife,Consumer Internet,Bangalore,,Seed Funding,"Mohan Kumar, V. Balakrishnan",2016,December
Revv,Consumer Internet,New Delhi,"90,00,000",Private Equity,Edelweiss Private Equity,2016,December
WealthApp,Consumer Internet,Bangalore,"4,40,000",Seed Funding,"Venk Krishnan, MJ Aravind, Vikram Kotak, Jayant Davar,\\xc2\\xa0 Ramkumar Nishtal, Arjun Sharmaa",2016,December
Vehico,Technology,Bangalore,,Seed Funding,"Calcutta Angel Network, Appliyifi",2016,December
Zest Money,Consumer Internet,Mumbai,"65,00,000",Private Equity,PayU,2016,December
GoMechanic,Consumer Internet,Gurgaon,"2,50,000",Seed Funding,Venture Catalysts,2016,December
Stalk Buy Love,eCommerce,New Delhi,"60,00,000",Private Equity,Kalaari Capital,2016,December
Nykaa,eCommerce,Mumbai,,Private Equity,Max Ventures and Industries,2016,December
Wittyparot,Technology,Bangalore,"4,50,000",Seed Funding,Mumbai Angels,2016,December
NeuroEquilibrium,Technology,Jaipur,"2,50,000",Seed Funding,Unicorn India Ventures,2016,December
Xseed Education,Technology,Bangalore,"1,00,00,000",Private Equity,Verlinvest SA,2016,December
Rupaiya Exchange,Consumer Internet,New Delhi,"2,00,000",Seed Funding,Undisclosed Investors,2016,December
Doctor Insta,Consumer Internet,Gurgaon,"20,00,000",Private Equity,RoundGlass Partners,2016,December
UrbanPiper,Consumer Internet,Bangalore,,Seed Funding,"Axilor, undisclosed investors",2016,December
Fresh Food Concepts,Food & Beverage,New Delhi,"20,00,000",Seed Funding,"Siddhartha Gupta, Ashvin Chadha",2016,December
Indifi,Consumer Internet,Gurgaon,"1,00,00,000",Private Equity,Omidyar Network,2016,December
GoComet,Logistics,Mumbai,,Seed Funding,"India Quotient, Rajul Garg, Rajesh Yabaji, Chanakya Hridaya, Ramasubramaniam B, Vishwanathan, Nobel House, Sunstone Capital",2016,December
OfBusiness,eCommerce,Gurgaon,"1,11,00,000",Private Equity,"Zodius Technology Opportunities Fund, Matrix Partners",2016,December
Fitmein,Consumer Internet,New Delhi,,Seed Funding,"FiNC, GHV",2016,December
Qacco,Consumer Internet,Gurgaon,"1,50,000",Seed Funding,"Lead Angels Network, Anbu Pandian, Prabhakar MR & Others",2016,December
Fitpass,Consumer Internet,New Delhi,"10,00,000",Seed Funding,Mumbai Angels,2016,December
MoEngage,Technology,Bangalore,,Seed Funding,Anand Chandrasekaran,2016,December
Ten3t Health,Technology,Bangalore,,Seed Funding,"V. Krishna Prasad, Bhupen Shah & Others",2016,December
Trading Bells,Consumer Internet,Indore,"2,97,000",Seed Funding,Swastika Investmart Ltd,2016,December
SERV\\xe2\\x80\\x99D,Consumer Internet,Pune,"1,00,000",Seed Funding,Digital Financial Service Lab,2016,December
IdeaForge,Technology,Mumbai,"1,00,00,000",Private Equity,"WRV Capital and IndusAge Partners, Infosys Innovation Fund",2016,December
Amagi Media Labs,Technology,Mumbai,"3,50,00,000",Private Equity,"Emerald Media, Premji Invest",2016,December
Pocket Aces,Technology,Mumbai,"30,00,000",Private Equity,"Sequoia Capital India, North Base Media, Aarin Capital, 3one4 Capital, Axilor Ventures, Kunal Shah, Sandeep Tandon",2016,December
Pi Data Centers,Technology,Hyderabad,"2,30,00,000",Private Equity,Epsilon Venture Partners,2016,December
TripShelf,Consumer Internet,New Delhi,"1,23,000",Seed Funding,"GEMS Advisory, Quarizon",2016,December
Events High,Consumer Internet,Bangalore,,Private Equity,Axilor Ventures,2016,December
NoBroker,Consumer Internet,Bangalore,"74,00,000",Private Equity,"KTB Network, SAIF Partners, BEENEXT, Digital Garage",2016,December
VivoCarat,eCommerce,Mumbai,"50,000",Seed Funding,Undisclosed Investors,2016,December
Tiyo,Consumer Internet,Kolkata,,Seed Funding,Ajith Nair,2016,December
Zoomcar,Consumer Internet,Bangalore,,Private Equity,Cyber Carrier CL,2016,December
BYJU\\xe2\\x80\\x99s,Consumer Internet,Bangalore,"1,50,00,000",Private Equity,International Financial Corporation,2016,December
Supr Daily,Consumer Internet,Mumbai,,Seed Funding,"Dr. Apoorv Ranjan Sharma, Anil Jain, Anuj Golecha, Krishna Jhunjhunwala, Anirudh Damani",2016,December
The BlueBook,Consumer Internet,Bangalore,"5,00,000",Seed Funding,"Indian Angel Network, Let\\xe2\\x80\\x99s Venture",2016,December
MamaEarth,eCommerce,New Delhi,,Seed Funding,Fireside Ventures & Others,2016,December
Vegetall,eCommerce,Chennai,"1,62,000",Seed Funding,The Chennai Angels,2016,December
Innoplexus,Technology,Pune,,Private Equity,HCS Venture capital fund,2016,December
Mindler,Consumer Internet,New Delhi,"3,24,000",Seed Funding,Taxmann,2016,December
MCaffeine,eCommerce,Bangalore,"3,00,000",Seed Funding,"Kaushal Agarwal, Harminder Sahani, KK Mehra, Pranay Jivrajka, Navjot Saini",2016,December
enKast,Technology,Bangalore,"20,00,000",Private Equity,Ivy League Alumni Angel Network,2016,December
ShopKirana,eCommerce,Indore,,Private Equity,"Incubate Fund, Lead Angels Group & Others",2016,December
MyAdvo,Consumer Internet,New Delhi,,Seed Funding,"Pradyumna Dalmia, S. Somasegar & Others",2016,December
Asocon,Technology,Noida,,Seed Funding,Quarizon,2016,December
LexComply,Consumer Internet,New Delhi,,Seed Funding,Ajay Relan,2016,December
The Postbox,eCommerce,Chennai,,Seed Funding,"The Chennai Angels, Ritesh Mehta, Aruna Ganesh Ram",2016,December
Pandorum Technologies,Technology,Bangalore,,Seed Funding,"Sachin Bansal, Binny Bansal",2016,December
Dekkho,Consumer Internet,Mumbai,"12,00,000",Seed Funding,undisclosed investors,2016,December
Shadowfox,Logistics,Gurgaon,"1,00,00,000",Private Equity,Eight Roads Ventures,2016,December
ShopX,eCommerce,Bangalore,"50,00,000",Private Equity,Nandan Nilekani,2016,December
BookEventz,Consumer Internet,Mumbai,,Seed Funding,"Lead Angels, Mumbai Angels, LetsVenture, Girish Mathrubootham, Anbu Pandian",2016,December
Healthifyme,Consumer Internet,Bangalore,"10,00,000",Private Equity,NB Ventures,2016,December
LetsMD,Consumer Internet,New Delhi,,Seed Funding,"WaterBridge Ventures,",2016,December
Justbooks,Consumer Internet,Bangalore,,Seed Funding,CoCreate Ventures,2016,December
InstantPay,Consumer Internet,New Delhi,,Private Equity,"RB Investments,\\xc2\\xa0 Kaleden Holdings",2016,December
PickMyLaundry,Consumer Internet,New Delhi,"2,00,000",Seed Funding,"Kedar Lele, GHV Accelerator",2016,November
FreshDesk,Consumer Internet,Chennai,"5,50,00,000",Private Equity,"Sequoia Capital India, Accel Partners",2016,November
LaundryAnna,Consumer Internet,Bangalore,"1,50,000",Seed Funding,Undisclosed Investors,2016,November
LetsMD,Consumer Internet,New Delhi,,Seed Funding,"Calcutta Angels Network, LetsVenture, Anupam Mittal, Currae Healthtech Fund",2016,November
Sattviko,Food & Beverage,New Delhi,,Seed Funding,"Raman Roy, Ashish Gupta, Yogesh Andlay, Vaibhav Jain",2016,November
Zarget,Technology,Chennai,"60,00,000",Private Equity,Sequoia India,2016,November
DoSelect,Consumer Internet,Bangalore,,Seed Funding,"3one4 Capital, Mumbai Angels, Aarin Capital",2016,November
EasyPolicy,Consumer Internet,Noida,"1,00,00,000",Private Equity,"Unilazer Ventures,",2016,November
Browntape,Technology,Goa,,Private Equity,Gati Ltd,2016,November
Connect India,Logistics,Bangalore,"10,00,000",Private Equity,Aavishkaar Venture Management,2016,November
Corseco,Technology,New Delhi,"1,50,000",Seed Funding,"Ameera Shah, Vivek Bhargava",2016,November
vImmune,Consumer Internet,Bangalore,,Seed Funding,Undisclosed investor,2016,November
The Gourmet Jar,eCommerce,Noida,,Seed Funding,Chandigarh Angels Network,2016,November
Medzin,eCommerce,New Delhi,"45,000",Seed Funding,A M Sikander,2016,November
Bizongo,eCommerce,Mumbai,"30,00,000",Private Equity,"IDG Ventures, Accel Partners",2016,November
Rivigo,Technology,Gurgaon,"7,50,00,000",Private Equity,Warburg Pincus,2016,November
JustRide,Consumer Internet,Mumbai,"30,00,000",Private Equity,"Justin Kan, Qasar Younis, Paul Bucche, Susa Ventures, Kima Ventures, Axan Venture, SCM Holdings",2016,November
IIM Jobs,Consumer Internet,New Delhi,"20,00,000",Private Equity,India Quotient,2016,November
Square Yards,Consumer Internet,Gurgaon,"1,20,00,000",Private Equity,ADAG Reliance Private Equity,2016,November
GolfLAN,Consumer Internet,New Delhi,"10,00,000",Private Equity,"YourNest Angel Fund, iSON",2016,November
Yottaasys,Technology,Bangalore,,Private Equity,Gleevoaz Ventures,2016,November
Tone Tag,Technology,Bangalore,,Private Equity,"Arun Seth, T.V. Mohandas Pai, Anand Chandrasekaran, Deepak Ghaisas",2016,November
Life in Control,Consumer Internet,Gurgaon,,Private Equity,RoundGlass Partners,2016,November
Active.ai,Technology,Singapore,"30,00,000",Private Equity,"Kalaari Capital, IDG Ventures India",2016,November
ElasticRun,Technology,Pune,"20,00,000",Private Equity,"Kalaari Capital, Norwest Venture Partners",2016,November
NoBroker,Consumer Internet,Bangalore,,Seed Funding,Vijay Shekhar Sharma,2016,November
Zefo,eCommerce,Bangalore,"60,00,000",Private Equity,"Sequoia India, BEENEXT, Helion Ventures",2016,November
PlaySimple,Technology,Bangalore,"40,00,000",Private Equity,"SAIF Partners, IDG Ventures India",2016,November
Stasis Labs,Technology,Bangalore,"50,00,000",Private Equity,"RTP-HC, Wonder Ventures, Techstars Ventures & Others",2016,November
Scienaptic,Technology,Bangalore,,Seed Funding,Pramod Bhasin,2016,November
Koovs,eCommerce,New Delhi,"1,35,00,000",Private Equity,Times of India Group & Existing investors,2016,November
Lawrato,Consumer Internet,New Delhi,,Seed Funding,Indian Angel Network,2016,November
Trip Tap Toe,Consumer Internet,Gurgaon,,Seed Funding,R.S Sharma,2016,November
Pictor Imaging,Consumer Internet,Mumbai,"1,47,000",Seed Funding,Quarizon,2016,November
GramCover,Finance,New Delhi,"10,00,000",Seed Funding,Omnivore Capital,2016,November
AerMed,eCommerce,Mumbai,,Seed Funding,Hitesh Windlass,2016,November
WorkIndia,Consumer Internet,Mumbai,,Seed Funding,Asuka Holdings,2016,November
Bats on delivery,Consumer Internet,Gurgaon,"90,000",Seed Funding,Devdeep Singh,2016,November
numberz.in,Technology,Gurgaon,"6,50,000",Seed Funding,"Kae Capital, Khosla Impact",2016,November
Housing.com,Consumer Internet,Mumbai,"50,00,000",Private Equity,Softbank Group,2016,November
Awesummly,Consumer Internet,Bangalore,"1,47,000",Seed Funding,"Vivek Bhargava, Ameera Shah",2016,November
VoLT,Consumer Internet,Mumbai,,Seed Funding,YMS Mobitech,2016,November
Vymo,Technology,Bangalore,"50,00,000",Private Equity,Sequoia India,2016,November
ShubhLoans,Technology,Bangalore,,Seed Funding,"Sanjai Vohra, V. Bunty Bohra",2016,November
Noddapp,Consumer Internet,Mumbai,"1,47,000",Seed Funding,Undisclosed multiple investors,2016,November
Knowlarity,Consumer Internet,Bangalore,"2,00,00,000",Private Equity,"Delta Partners, Sequoia India,\\xc2\\xa0 Mayfield, Blacksoil, Trifecta Capital",2016,November
Infisecure,Technology,Mumbai,"6,00,000",Seed Funding,"IDG Ventures, Axilor Ventures",2016,November
Udaan,eCommerce,Bangalore,"1,00,00,000",Private Equity,"Lightspeed Venture Partners India, Lightspeed US",2016,November
FroyoFit,Consumer Internet,Indore,,Seed Funding,Dr. Pooja Gandhi,2016,November
Betterplace,Consumer Internet,Bangalore,,Seed Funding,Venture Highway,2016,November
ShareChat,Consumer Internet,Mumbai,"40,00,000",Private Equity,"Lightspeed India Partners, SAIF Partners, India Quotient, Venture Highway",2016,November
UClean,Consumer Internet,Gurgaon,,Private Equity,Franchise India,2016,November
Servify,Consumer Internet,Mumbai,,Private Equity,"Blume Ventures, BEENEXT, Barkawi Holdings GmbH, TM Service Technology Holdings Gmbh, Sreevathsa Prabhakar",2016,November
Hubilo,Consumer Internet,Ahmedabad,,Seed Funding,"Girish Mathrubootham, VC Karthic, Miten Mehta, Umasankar Nistala, Rakesh Patel, Akash Bhavsar, Jeevanandhan Rajagopal, Vikas Chadha & Others",2016,November
FunOnGo,Consumer Internet,Mumbai,,Private Equity,Reliance Entertainment,2016,November
121Policy,Consumer Internet,Kolkata,,Seed Funding,Xelpmoc,2016,November
TapChief,Consumer Internet,Bangalore,,Seed Funding,"Paytm, Aprameya Radhakrishna, Subramanya Venkat, Venk Krishnan",2016,November
Kloseby,Consumer Internet,Bangalore,"1,00,000",Seed Funding,Undisclosed Investor,2016,November
WholeSaleBox,eCommerce,Jaipur,"20,00,000",Private Equity,"Manish Maheshwari, Contrarian Vriddhi Fund",2016,November
Crossahead,Consumer Internet,Noida,,Seed Funding,Mohit Sharma,2016,November
Affordplan,Consumer Internet,New Delhi,"30,00,000",Private Equity,"Prime Venture Partners, Kalaari Capital",2016,November
HandyTrain,Consumer Internet,Goa,"10,00,000",Private Equity,"Silver Range Investments, Lumina Datamatics, Shun Yoshida & Others",2016,November
ShopsUp,eCommerce,Bangalore,"9,63,000",Seed Funding,"Anand Sankeshwar, Yang Shu",2016,November
Indofash,eCommerce,Bangalore,"1,50,000",Seed Funding,"Shekhar Sahu, Nitesh Pant",2016,November
Entropika,Technology,Bangalore,"2,00,000",Seed Funding,"Dileep Bhatt, Milind Chaudhary",2016,November
MarianaIQ,Technology,Bangalore,"20,00,000",Private Equity,Exfinity Venture Partners,2016,November
Chai Thela,Food & Beverage,Noida,"2,18,000",Seed Funding,Quarizon,2016,November
Interviewpad,Technology,Pune,"1,00,000",Seed Funding,Krishna Rokhale,2016,November
Math Buddy,Consumer Internet,Vadodara,"4,40,000",Seed Funding,Menterra Social Impact Fund,2016,November
Pulse,Consumer Internet,Bangalore,"5,00,000",Private Equity,SAIF Partners,2016,November
MonkeyBox,Consumer Internet,Bangalore,,Seed Funding,Blume Ventures & Others,2016,November
Carcrew.in,Consumer Internet,Mumbai,"5,00,000",Seed Funding,TVS Group,2016,November
MeraKisan,eCommerce,Bangalore,,Seed Funding,Mahindra Univeg,2016,October
Mystifly,Consumer Internet,Bangalore,"50,00,000",Private Equity,Recruit Holdings,2016,October
HelpChat,Consumer Internet,Bangalore,,Private Equity,"American Express Ventures, Sequoia Capital",2016,October
Uniphore,Technology,Chennai,"20,00,000",Private Equity,"IDG Ventures, Indian Angel Network (IAN), YourNest Angel Fund",2016,October
World Art Community,eCommerce,Gurgaon,"2,00,000",Seed Funding,Viraj Tyagi & Others,2016,October
Giftxoxo,eCommerce,Bangalore,"4,50,000",Private Equity,Mahindra Holidays & Resorts India Ltd,2016,October
Bharat Bazaar,eCommerce,Mumbai,,Seed Funding,"BeeNext, TV Mohandas Pai, Kunal Shah, Sandeep Tandon",2016,October
GOQii,Consumer Internet,Mumbai,,Private Equity,Ratan Tata,2016,October
India Gifts Portal,eCommerce,Noida,"20,00,000",Private Equity,"Naveen Arya, Tarun Joshi",2016,October
Moglix,eCommerce,Noida,"42,00,000",Private Equity,"Accel Partners, Jungle Ventures, SeedPlus",2016,October
NetLinx,Consumer Internet,Hyderabad,"30,00,000",Private Equity,"Xchange Investors NV, TransGlobal FZC",2016,October
Scandid,Consumer Internet,Pune,,Private Equity,3One4 Capital,2016,October
Remitr,Consumer Internet,Mumbai,"10,00,000",Seed Funding,"Vijay Shekhar Sharma, Pravin Gandhi,\\xc2\\xa0 Smart Start Fund; Kunal Shah,\\xc2\\xa0 Sandeep Tandon, Vishal Gondal, & Others",2016,October
InnerChef,Consumer Internet,Gurgaon,"25,00,000",Private Equity,"Mistletoe, M&S Partners",2016,October
AppsDaily,Consumer Internet,Mumbai,"37,50,000",Private Equity,"Zodius Capital, Kalaari Capital, Qualcomm Ventures, Russian venture capital fund Ru-Net, Mumbai Angels",2016,October
MuhurtMaza,Consumer Internet,Pune,,Seed Funding,Undisclosed Investor,2016,October
Azuro,Consumer Internet,Mumbai,,Private Equity,"White Unicorn Ventures, Kae Capital, Mumbai Angels",2016,October
NeuroSynaptic,Technology,Bangalore,,Private Equity,"Indian Angel Network, Healthsquad, Axilor Ventures",2016,October
UE LifeSciences,Technology,Mumbai,"12,00,000",Private Equity,"Kiran Mazumdar-Shaw, Unitus Seed Fund",2016,October
FindmeaShoe,Consumer Internet,Bangalore,,Seed Funding,Ventureast Fund Advisors,2016,October
RealBox,Technology,Noida,"3,00,000",Seed Funding,Hyderabad Angels,2016,October
Sportido,Consumer Internet,Noida,,Seed Funding,Sumpoorna Group,2016,October
GoZefo,eCommerce,Bangalore,"10,50,000",Private Equity,"Helion Venture Partners, BeeNext",2016,October
RayIOT,Technology,Bangalore,"1,00,000",Seed Funding,HAX Accelerator,2016,October
KOOH Sports,Technology,Mumbai,"22,00,000",Private Equity,"HDFC, Faering Capital, Elevate Sports",2016,October
Flexiloans,Consumer Internet,Mumbai,"1,50,00,000",Private Equity,"Sanjay Nayar, Vikram Sud, Anil Jaggia, Narayan Seshadri",2016,October
Sibia Analytics,Technology,Kolkata,,Seed Funding,Radhakrishnan Natarajan & Others,2016,October
Vithi.com,eCommerce,New Delhi,"3,75,000",Seed Funding,undisclosed investor,2016,October
Yupp TV,Consumer Internet,Bangalore,"5,00,00,000",Private Equity,Emerald Media,2016,October
Deyor Camps,Consumer Internet,Gurgaon,"5,00,000",Seed Funding,"Nitin Passi, Manickam Mahalingam, Udaan Angels, Rajesh Arora, Arkas Industries",2016,October
ZipLoan,Consumer Internet,New Delhi,,Seed Funding,"GrowX Ventures, Sunil Kalra, Arun Venkatachalam,\\xc2\\xa0 Badal Malick",2016,October
FabAlley,ecommerce,Noida,"20,00,000",Private Equity,"India Quotient, FAO Ventures, Indian Angel Network, Tushar Singh, Ranjan Sharma",2016,October
Shoekonnect,eCommerce,Agra,,Seed Funding,Indian Angel Network,2016,October
Maya,Consumer Internet,Bangalore,,Seed Funding,Rajan Anandan,2016,October
RoboVac,Technology,Ahmedabad,"4,50,000",Seed Funding,Virendra Patel,2016,October
Newspatrolling,Consumer Internet,New Delhi,"25,000",Seed Funding,Undisclosed,2016,October
Postman,Consumer Internet,Bangalore,"70,00,000",Private Equity,Nexus Venture Partners,2016,October
ISFC,Finance,Hyderabad,"60,00,000",Private Equity,Gray Matters Capital,2016,October
BeatRoute,Technology,Gurgaon,,Seed Funding,Quarizon Consultancy Services LLP,2016,October
Kidsstoppress,Consumer Internet,Mumbai,,Seed Funding,Karan Bhagat,2016,October
Innov8,Consumer Internet,Bangalore,,Seed Funding,Punit Soni,2016,October
DailyHunt,Consumer Internet,Bangalore,"2,50,00,000",Private Equity,"ByteDance, Arun Sarin, Matrix Partners, Sequoia Capital India, Omidyar Network,\\xc2\\xa0 Falcon Edge",2016,October
Tazzo Bikes,Consumer Internet,Hyderabad,"2,27,000",Seed Funding,DSG Consumer Partners,2016,October
MyKindofJob,Consumer Internet,Mumbai,"10,00,000",Seed Funding,"Mayank Shah, Shreyans Shah",2016,October
Trilyo,Technology,Bangalore,,Seed Funding,"Vishnu Bhat, Rajiv Lunkad, Naresh Ravindranath",2016,October
Rooter,Consumer Internet,New Delhi,,Seed Funding,"Boman Irani, Dhruv Chitgopekar, Prantik Dasgupta",2016,October
Yumigo,Consumer Internet,Gurgaon,"3,00,000",Seed Funding,Hemant Sahni,2016,October
Rentalpha,Others,Mumbai,"1,60,00,000",Private Equity,Bravia Capital,2016,October
3Dexter,Technology,New Delhi,"1,50,000",Seed Funding,Newbie Promoters,2016,October
BabyChakra,Consumer Internet,Mumbai,,Private Equity,RoundGlass Partners,2016,October
Coppre,eCommerce,Pune,,Seed Funding,Ganesh Natarajan,2016,October
MySUN,Technology,Noida,"25,00,000",Private Equity,General Catalyst Partners,2016,October
ePathsala,Technology,Bangalore,,Seed Funding,"Hyderabad Angels, TLabs",2016,October
Furlenco,Consumer Internet,Bangalore,"3,00,00,000",Private Equity,"Lightbox Ventures, Axis Capital & Others",2016,October
Fisdom,Consumer Internet,Bangalore,"11,00,000",Private Equity,"Saama Capital, Raghunandan G, Aprameya Radhakrishna",2016,October
Actofit,Technology,Mumbai,"7,50,000",Private Equity,Next Orbit Ventures Fund,2016,October
Stayology,Consumer Internet,Bangalore,,Seed Funding,Ranjan Pai,2016,October
Hipcask,Consumer Internet,Mumbai,,Seed Funding,Mobikon,2016,October
RailYatri,Consumer Internet,Noida,,Private Equity,"Helion Ventures, Blume ventures",2016,October
ChatOnGo,Consumer Internet,Mumbai,"3,00,000",Seed Funding,Janak Jain,2016,October
WOTU,eCommerce,Bangalore,,Seed Funding,KAE capital,2016,October
Healthians,Consumer Internet,Gurgaon,"30,00,000",Private Equity,BEENEXT,2016,October
Box8,Consumer Internet,Mumbai,"75,00,000",Private Equity,"IIFL Seed Ventures Fund, Mayfield Ventures",2016,October
Kredx,eCommerce,Bangalore,"60,00,000",Private Equity,Sequoia Capital,2016,October
CreditMate,Consumer Internet,Mumbai,"5,00,000",Seed Funding,India Quotient,2016,October
Pickrr,Technology,New Delhi,,Seed Funding,Swastika Company Ltd,2016,October
SatvaKart,eCommerce,Gurgaon,,Seed Funding,Nimit Panigrahi,2016,October
SooperMO,Technology,Gurgaon,"1,00,000",Seed Funding,Lalit Vase,2016,October
OrangeTwig,Consumer Internet,New Delhi,"10,00,000",Seed Funding,Undisclosed investor,2016,October
Wooplr,Consumer Internet,Bangalore,,Seed Funding,"Astarc Ventures, Anand Chandrasekaran",2016,October
The Kettlery,eCommerce,Ahmedabad,"10,00,000",Private Equity,"hooting Starts Sports LLP, Franchise India Brands",2016,October
Idea Bubbles,Consumer Internet,Bangalore,"7,00,000",Private Equity,"1Crowd, Eureka Forbes Ltd, Shapoorji Pallonji & Co. Ltd.",2016,October
FR8,Technology,Chennai,"9,71,000",Private Equity,Omnivore Partners,2016,October
Ather Energy,Technology,Bangalore,"2,70,00,000",Private Equity,Hero MotoCorp,2016,October
Pikkol,Logistics,Bangalore,,Seed Funding,"Ajay Nanavati, Afsal Salu",2016,October
Velmenni,Technology,New Delhi,"1,00,000",Seed Funding,Kalaari Capital,2016,October
Volta Motors,Technology,Chennai,"1,00,000",Seed Funding,Kalaari Capital,2016,October
Cyclops,Technology,Bangalore,"1,00,000",Seed Funding,Kalaari Capital,2016,October
Impact Analytics,Technology,Bangalore,"7,50,000",Private Equity,"Aarin Capital, Michael Herzig, Ashish Lakhanpal",2016,October
Talent Next,Consumer Internet,Mumbai,"10,00,000",Seed Funding,Karanpal Singh & Others,2016,October
Mad Street Den,Technology,Chennai,,Private Equity,"Sequoia India, Exfinity Ventures, growX ventures,",2016,September
Mihup,Technology,Kolkata,"67,00,000",Private Equity,Accel Partners,2016,September
Renowala,eCommerce,Hyderabad,,Seed Funding,Pradeep Dhobale,2016,September
Lucideus,Technology,New Delhi,,Seed Funding,Amit Choudhary,2016,September
Trackbizz,Technology,Kochi,,Private Equity,Grasshoppers,2016,September
Social Quotient,Technology,Mumbai,,Seed Funding,"Anita Dongre, Yash Dongre, Milind Sarwate",2016,September
Stalk Buy Love,eCommerce,New Delhi,,Seed Funding,William Bissel,2016,September
eShakti,eCommerce,Chennai,"13,50,000",Private Equity,"Infina Finance Pvt. Ltd, Uday Kotak",2016,September
CheersOye!,Consumer Internet,Mumbai,"5,00,000",Seed Funding,Undisclosed Investors,2016,September
Lenskart,eCommerce,New Delhi,,Private Equity,PremjiInvest,2016,September
BigStylist,Consumer Internet,Mumbai,"9,00,000",Private Equity,Info Edge (India) Ltd,2016,September
Zilingo,eCommerce,Bangalore/ Bangkok,"80,00,000",Private Equity,"Venturra Capital, Sequoia India, Susquehanna International Group.\\xc2\\xa0 Wavemaker Partners, Beenext, Beenos, Digital Garage",2016,September
Alternacare,Consumer Internet,New Delhi,"5,00,000",Seed Funding,Eros Labs,2016,September
Simplilearn,Education,Bangalore,"60,00,000",Private Equity,InnoVen Capital India,2016,September
Prozo,eCommerce,Gurgaon,"3,15,000",Seed Funding,"Earlsfield Capital, Sailender Solanki, Rajiv Solanki",2016,September
TopRankers,Education,Bangalore,"6,70,000",Seed Funding,"CareerNet Consulting Pvt. Ltd, Ideation Initiative Pvt. Ltd,",2016,September
BuildTraders,eCommerce,Bangalore,"2,00,000",Seed Funding,Idein Ventures,2016,September
Byju\\xe2\\x80\\x99s,Education,Bangalore,"5,00,00,000",Private Equity,"Chan Zuckerberg Initiative, Times Internet Ltd, Sequoia Capital, Sofina, Lightspeed Ventures",2016,September
NoBroker,Consumer Internet,Bangalore,,Seed Funding,Anand Chandrasekaran,2016,September
Freshboxx,eCommerce,Hubli,,Seed Funding,Ravi Linganuri,2016,September
CureInstant,Consumer Internet,New Delhi,"1,50,000",Seed Funding,Dr. Rameshwar Kumar,2016,September
Poshtic,Consumer Internet,Noida,"4,50,000",Seed Funding,"havya Sharma, Amit Nagar",2016,September
KarmaCircles,Consumer Internet,New Delhi,,Seed Funding,"Harinder Takhar, Zain Raj, Dr. Prasad Kaipa, Abaran Deep, Aseem Sood, Mustafa Patni",2016,September
Purple Style Labs,Consumer Internet,Mumbai,"4,48,000",Seed Funding,"Augment Ventures, Rahul Kayan, Nikhil Golcha, Shubham Gupta, Roy Kwan",2016,September
Inuxu,Technology,Pune,"30,00,000",Private Equity,Fork Media,2016,September
Nykaa,eCommerce,Mumbai,"1,23,00,000",Private Equity,"Sunil Munjal, Mariwala family",2016,September
Glam Studios,Consumer Internet,Noida,"3,00,000",Seed Funding,"Pradeep Mirani, Aqeel Ahmed, Anand Ladsariya, Nitin Agarwal",2016,September
Findow,Consumer Internet,Bangalore,,Seed Funding,Raj Singh Bhandal,2016,September
IdeaChakki,Consumer Internet,Delhi,,Seed Funding,Ratan Tata,2016,September
ShoeKonnect,eCommerce,Agra,,Seed Funding,Indian Angels Network,2016,September
NearBuy,Consumer Internet,Gurgaon,"25,00,000",Private Equity,BlackSoil Capital Pvt. Ltd.,2016,September
ZeroInfy,Consumer Internet,Kolkata,,Seed Funding,Calcutta Angels Network,2016,September
Flocareer,Consumer Internet,Bangalore,"1,50,000",Seed Funding,"Balasubramanian Krishnamurthy, Sidhartha Hazarika & Others",2016,September
LensPick,eCommerce,Bangalore,,Private Equity,Scadea Solutions Inc,2016,September
infeedo,Consumer Internet,Gurgaon,"2,00,000",Seed Funding,"Dheeraj Jain, Palash Jain, Anupam Mittal, Ameera Shah,\\xc2\\xa0 Vivek Bhargava, Rahul Singh, Ambarish Gupta,",2016,September
Furlenco,eCommerce,Bangalore,"50,00,000",Private Equity,Lightbox Ventures and others,2016,September
GoPigeon,Consumer Internet,Bangalore,"15,00,000",Private Equity,Nexus Venture Partners,2016,September
NewsDistill,Consumer Internet,Hyderabad,"1,00,000",Seed Funding,"Ganesh Narasimhan, Ramana Thumu, Sudhir Mallem",2016,September
DoctorInsta,Consumer Internet,Gurgaon,"10,00,000",Private Equity,RoundGlass Partners,2016,September
Milofy,Consumer Internet,Bangalore,"7,50,000",Seed Funding,Accel Partners,2016,September
Liqvid,Technology,New Delhi,,Private Equity,Gray Matters Capital,2016,September
Swiggy,Consumer Internet,Bangalore,"1,50,00,000",Private Equity,Bessemer Venture Partners,2016,September
Codemojo,Consumer Internet,Bangalore,,Seed Funding,CIO Angel Network,2016,September
JustLikeNew,eCommerce,Hyderabad,"5,00,000",Seed Funding,LetsVenture,2016,September
JoeHukum,Technology,New Delhi,,Seed Funding,Sumit Jain,2016,September
Co Life,Consumer Internet,Bangalore,"10,00,000",Seed Funding,Undisclosed Investors,2016,September
PurpleDocs,Consumer Internet,Vadodara,,Seed Funding,"KellyGamma, Lead Angels & Others",2016,September
Pepperfry,eCommerce,Mumbai,"3,13,00,000",Private Equity,"Goldman Sachs Group, Zodius Technology Fund, Norwest Venture Partners, Bertelsmann India",2016,September
eQuickies,eCommerce,Ahmedabad,"2,98,000",Seed Funding,Lothal Angel Ventures,2016,September
Khel Now,Consumer Internet,New Delhi,"3,50,000",Seed Funding,Anglian Omega Network,2016,September
Gadgetwood,Consumer Internet,New Delhi,"60,00,000",Private Equity,Carpediem Capital,2016,September
DailyRounds,Consumer Internet,Bangalore,,Private Equity,"Accel Partners, Beenext, Powerhouse Ventures, Akusa Holdings",2016,September
Flixy Games,Technology,Bangalore,"4,25,000",Seed Funding,Rebright Partners,2016,September
HashTaag,Technology,Bangalore,"10,00,000",Seed Funding,Undisclosed investors,2016,September
PharmaRack,Technology,Pune,"7,45,000",Private Equity,"Currae Healthtech Fund, Unicorn India Ventures",2016,September
\\xc2\\xa0CloudCherry,Technology,Chennai,"60,00,000",Private Equity,"Vertex Ventures, Cisco Ventures, IDG Ventures",2016,September
Parentlane,Consumer Internet,Bangalore,,Seed Funding,Rohit MA,2016,September
First Moms Club,Consumer Internet,Mumbai,,Seed Funding,Idea Wave Labs,2016,September
inMotion,Technology,Noida,,Seed Funding,"Prashant Tandon, Gaurav Agarwal, Gaurav Bhogle, Shrishti Sahu, Shantanu Mathur, Prabhat Aggarwal",2016,September
Let\xe2\x80\x99s Barter,Consumer Internet,New Delhi,,Seed Funding,Scale Ventures Funds,2016,September
EvenGini,Consumer Internet,Chennai,,Private Equity,Procam International Pvt. Ltd,2016,September
TinyStep,Consumer Internet,Bangalore,"15,80,000",Private Equity,Flipkart Logistics Pvt. Ltd,2016,September
Canvs,Consumer Internet,Mumbai,,Seed Funding,Pratik Seal,2016,September
Beardo,eCommerce,Ahmedabad,"5,00,000",Seed Funding,Venture Catalysts,2016,September
Instacar,Consumer Internet,Indore,"10,00,000",Seed Funding,Swastika Co Ltd.,2016,September
Celes Care,Consumer Internet,Hyderabad,"10,00,000",Seed Funding,Endiya Partners,2016,September
Druva,Technology,Pune,"5,10,00,000",Private Equity,"Sequoia India, EDBI, Blue Cloud Ventures, Hercules Capital",2016,September
Promon,eCommerce,New Delhi,"1,80,000",Seed Funding,Now Capital,2016,September
Fastudent,eCommerce,Noida,,Seed Funding,"Kanwaljit Singh, Ajay Lakhotia, Pavan Ongole, Ashish Gupta",2016,September
Unocoin,Consumer Internet,Bangalore,"15,00,000",Private Equity,"Blume Ventures, Mumbai Angels, ah! Ventures, Digital Currency Group, Boost VC, Bank to the Future and Funders Club",2016,September
Demyto,Consumer Internet,Pune,,Seed Funding,Deepak Nathani,2016,September
Zeta,Technology,Mumbai,"1,90,00,000",Private Equity,Bhavin Turakhia,2016,September
Kalaage,Consumer Internet,Jaipur,,Seed Funding,Rajasthan Angel Innovators Network,2016,September
HealthKart,eCommerce,Gurgaon,"1,20,00,000",Private Equity,"Sequoia Capital India, Omidyar Network, Kae Capital",2016,August
Medinfi,Consumer Internet,Bangalore,"2,00,000",Seed Funding,"Mudit Saxena, Evan Lim",2016,August
RepairEasy,Consumer Internet,Pune,"2,75,000",Seed Funding,Undisclosed HNIs,2016,August
Voonik,eCommerce,Bangalore,"30,00,000",Private Equity,InnoVen Capital,2016,August
Tokri,Consumer Internet,Pune,"25,00,000",Private Equity,Syska LED group,2016,August
Sheroes,Consumer Internet,Noida,"18,00,000",Private Equity,"Lumis Partners, The HR Fund, Rajul Garg, Quintillion Media",2016,August
Daily Ninja,Consumer Internet,Bangalore,,Seed Funding,"Venk Krishnan, Aprameya Radhakrishna, Anupam Mittal, Kunal Shah, Tracxn Labs, Subramanya SV, Ravi Garkipati",2016,August
Yumlane,Food & Beverage,Mumbai,"10,00,000",Seed Funding,"Binny Bansal, Anupam Mittal, Sachin Bhatia, Darius Pandole, Kunal Khattar, Dheerag Jain",2016,August
Xcode,Healthcare,Chennai,,Private Equity,RoundGlass Partners,2016,August
ExtraCarbon,Consumer Internet,Gurgaon,"2,25,000",Seed Funding,Brand Capital,2016,August
FlickBay,Consumer Internet,Mumbai,"8,90,000",Seed Funding,Paul Roy,2016,August
Petoo,Consumer Internet,Bangalore,"5,00,000",Seed Funding,Existing Investors,2016,August
lehlehsports,Others,New Delhi,,Seed Funding,Anglian Omega Network,2016,August
Tricog,Healthcare,Bangalore,,Private Equity,"Inventus Capital Partners, Blume Ventures & Others",2016,August
VST Travels,Technology,Kerala,"27,000",Seed Funding,Promatus Group,2016,August
AdPushUp,Technology,New Delhi,,Private Equity,"Geniee, Inc, Purvi Capital",2016,August
Wefly Indoor Skydiving,Others,Mumbai,"40,000",Seed Funding,Swastika Company Ltd.,2016,August
Mojarto,eCommerce,Gurgaon,"4,45,000",Seed Funding,Undisclosed Investors,2016,August
Zipgrid,Consumer Internet,Mumbai,"2,00,000",Seed Funding,1Crowd (through crowd funding),2016,August
MobiDent,Healthcare,Bangalore,,Seed Funding,Centre for Innovation Incubation and Entrepreneurship (CIIE),2016,August
Zeolr/RespirON,Technology,New Delhi,,Seed Funding,Centre for Innovation Incubation and Entrepreneurship (CIIE),2016,August
Vebbler,Consumer Internet,Bangalore,"5,00,000",Seed Funding,"Anupam Mittal, Sharad Sharma & 14 others",2016,August
Bombay Shaving Company,eCommerce,New Delhi,"6,00,000",Seed Funding,"Noshir Kaka, Subramanian Ramadorai, Kiran Deshpande, Pankaj Gupta, Ravi Nigam & Others",2016,August
Travelyaari,Consumer Internet,Bangalore,"70,00,000",Private Equity,"Gujarat Venture Finance Limited (GVFL), Bennett Coleman & Co. Ltd",2016,August
91SpringBoard,Consumer Internet,Mumbai,,Private Equity,"Khattar Holdings, ThirtyThree Investments, Soumitra Sharma, Deepak Sharma, Sumit Dayal and others",2016,August
Genextstudents,Consumer Internet,Mumbai,"2,09,000",Seed Funding,1Crowd (through crowdfunding),2016,August
Zenoti,Technology,Hyderabad,"1,50,00,000",Private Equity,"Norwest Venture Partners, Accel India",2016,August
Crofarm,Technology,Gurgaon,"15,00,000",Private Equity,"Mukul Singhal, Rohit Jain, Himanshu Aggrawal, Sunil Goyal Ashish Gupta,",2016,August
Faircent.com,Consumer Internet,Gurgaon,"15,00,000",Private Equity,Brand Capital,2016,August
Innovaccer,Technology,Noida,"1,56,00,000",Private Equity,Westbridge Capital Partners,2016,August
Cuberoot,Technology,Gurgaon,"5,00,000",Seed Funding,Undisclosed Investors,2016,August
Funcastic,Consumer Internet,New Delhi,,Seed Funding,"HT Media Ltd, North Base Media",2016,August
Buttercups,ECommerce,Bangalore,,Seed Funding,"Anand Chandrasekaran, Kanwaljit Singh, Manoj Varghese",2016,August
Zappfresh,ECommerce,Gurgaon,,Seed Funding,Ashvin Chadha,2016,August
OyoRooms,Consumer Internet,New Delhi,"6,20,00,000",Private Equity,SoftBank Group,2016,August
Hike,Consumer Internet,New Delhi,"17,50,00,000",Private Equity,"Tencent Holdings, Foxconn Technology Group, Tiger Global, SoftBank Group, Bharti Enterprises",2016,August
Joolz,eCommerce,Mumbai,"5,00,000",Private Equity,"Powerhouse Ventures, M&S Partners",2016,August
SaleBhai,eCommerce,Ahmedabad,"15,00,000",Private Equity,Brand Capital,2016,August
Makkajai,Technology,Pune,"2,50,000",Seed Funding,"Anand Chandrasekaran, Ananth Narayanan, Mekin Maheshwari, Ravi Garikipati, Divyesh Shah, Swastika Company Ltd",2016,August
Gradopedia,Consumer Internet,Mumbai,,Seed Funding,Undisclosed Dubai based HNIs,2016,August
MaalGaadi,Logistics,Indore,"3,75,000",Seed Funding,"Swan Angel Network,Sachin Khandelwal and others",2016,August
ZiPi,Technology,Bangalore,,Seed Funding,Swan Angel Network,2016,August
Appknox,Technology,Bangalore,"6,75,000",Private Equity,"SeedPlus, Infocomm Investments, Accel Partners RNT Associates",2016,August
Pikkol,Logistics,Bangalore,,Seed Funding,Indian Angel Network,2016,August
Meesho,eCommerce,Bangalore,,Seed Funding,"Kashyap Deorah, Rajul Garg, Maninder Gulati",2016,August
Sesame Software,Technology,Kozhikode,,Private Equity,Speridian Technologies,2016,August
Quikr,Consumer Internet,Mumbai,"2,00,00,000",Private Equity,Brand Capital,2016,August
Digio,Technology,Bangalore,"3,75,000",Private Equity,Rainmatter,2016,August
Ziffity,Technology,Chennai,,Private Equity,Aspire Systems,2016,August
Zzungry,Consumer Internet,Bangalore,,Seed Funding,"Satish Vasudeva, Madhusudhan Jujare & Others",2016,August
Puro Wellness,healthcare,Mumbai,"3,70,00,000",Private Equity,Torrent Group,2016,August
Fitternity,Consumer Internet,Mumbai,,Private Equity,"Saha Fund, Exfinity Venture Partners & Others",2016,August
TAC Security,Technology,New Delhi,,Seed Funding,Vijay Kedia,2016,August
Notesgen,Consumer Internet,New Delhi,"1,00,000",Seed Funding,"Riju Gupta, Kamal Chabra",2016,August
NearU,Consumer Internet,Mumbai,,Seed Funding,Dr. Goutam Challagalla,2016,August
Octo.ai,Technology,New Delhi,"2,00,000",Seed Funding,"Outbox Ventures, Jaspreet Bindra, Arjun Malhotra, Rohan Malhotra, Sidharth Rao, Rakesh Agrawal",2016,August
ShaadiSaga,Consumer Internet,New Delhi,,Seed Funding,"ah! Ventures, Anupam Mittal, Kunal Shah, Sandeep Tandon, Dheeraj Jain, Rohit Chokhani",2016,August
UnaAcademy,Consumer Internet,Bangalore,"10,00,000",Private Equity,"Blume Ventures, Sachin Bansal, Vijay Shekhar Sharma, Binny Bansal,\\xc2\\xa0 Kunal Shah, Sandeep Tandon, Ashish Tulsian",2016,August
Advenio,Technology,Chandigarh,"1,00,000",Seed Funding,Kalaari Capital,2016,August
Guarented,eCommerce,Bangalore,"5,00,000",Seed Funding,Kalaari Capital,2016,August
Beyond Evolution,Technology,Gurgaon,,Seed Funding,"Vineet Taneja, Kamal Puri",2016,August
Uber Dreams,eCommerce,Mumbai,"5,00,000",Seed Funding,Mohit Lalvani,2016,August
Convegenius,Education,Noida,"9,00,000",Private Equity,Michael and Susan Dell Foundation,2016,August
UrbanLadder,eCommerce,Mumbai,"30,00,000",Private Equity,Trifecta Capital,2016,August
enCashea,Consumer Internet,Bangalore,,Seed Funding,"Kunal Shah, Sandeep Tandon, Tracxn Labs",2016,August
EngineerBabu,Technology,Indore,,Seed Funding,Scale Ventures,2016,August
Cult,Healthcare,Bangalore,"30,00,000",Private Equity,CureFit,2016,August
WitWorks,Technology,Bangalore,,Seed Funding,"Fireside Ventures, Investopad, P39 Capital, Anupam Mittal, Pranay Jivrajka, Maninder Gulati, Abhinav Sinha",2016,August
NearFox,Consumer Internet,Mumbai,,Seed Funding,"Globevestor Angel Fund, Devendra Rane, Ravi Jain,\\xc2\\xa0 Arpan Nagdeve",2016,August
ZoomCar,Consumer Internet,Bangalore,"2,40,00,000",Private Equity,Ford Smart Mobility Llc,2016,August
Plix,Consumer Internet,Gurgaon,"5,00,000",Seed Funding,Instalabs,2016,August
Mobikwik,Consumer Internet,Gurgaon,"4,00,00,000",Private Equity,Net1 UEPS Technologies Inc,2016,August
MyDidi,Consumer Internet,Mumbai,"5,50,000",Seed Funding,Undisclosed Ex Mckinsey Directors and Partners,2016,August
CrownIt,Consumer Internet,Gurgaon,,Seed Funding,"Kunal Shah & Sandeep Tandon, Girish Mathrubootham, Anand Chandrasekaran",2016,August
LoanTap,Consumer Internet,Mumbai,"30,00,000",Private Equity,"Dr. Abhishek Pandey, Jaysukh Sapra",2016,August
Runnr,Consumer Internet,Bangalore,"70,00,000",Private Equity,"Nexus Venture Partners, Blume Ventures",2016,August
Zolo,Consumer Internet,Noida,,Private Equity,Hitouch AG,2016,August
Notion Press,Consumer Internet,Chennai,"10,00,000",Private Equity,Undisclosed HNI investors,2016,August
LivSpace,Consumer Internet,Bangalore,"1,50,00,000",Private Equity,"Bessemer Venture Partners, Jungle Ventures, Helion Ventures",2016,August
iAugmentor Labs,Technology,Gurgaon,"1,49,000",Seed Funding,Rajasthan Angel Investor Network & Others,2016,August
DayBox,Consumer Internet,New Delhi,"1,04,000",Seed Funding,"Ashutosh Lawania, Rajul Jain, Badal Malick, Rishi Gupta & Others",2016,August
Paytm,eCommerce,Bangalore,"6,00,00,000",Private Equity,MediaTek Inc.,2016,August
CropIn,Technology,Bangalore,"20,00,000",Private Equity,Sophia Investment ApS,2016,August
Canvera,Consumer Internet,Bangalore,"30,00,000",Private Equity,Info Edge (India) Ltd,2016,August
Prime Focus Technologies,Technology,Mumbai,,Private Equity,Ambit Pragma,2016,August
Flyrobe,eCommerce,Mumbai,"53,00,000",Private Equity,"IDG Ventures, Sequoia Capital, GREE Ventures",2016,August
inclov,Consumer Internet,Mumbai,,Seed Funding,"Sarbvir Singh, Raghav Bahl",2016,August
RazorPay,Consumer Internet,Bangalore,,Private Equity,MasterCard,2016,July
DarwinBox,Technology,Hyderabad,,Seed Funding,"3one4 Capital, Tracxn Labs, Aaruha Technology Fund, Endiya Partners",2016,July
Venture Catalysts,Consumer Internet,Mumbai,"5,00,000",Seed Funding,Zaffiro Ventures,2016,July
PressPlay TV,Consumer Internet,New Delhi,,Private Equity,"Sequoia Capital, SD Ventures, Vistaar Investment Advisors Pvt. Ltd.",2016,July
Playment,Consumer Internet,Bangalore,"7,00,000",Private Equity,SAIF Partners,2016,July
WealthTrust,Consumer Internet,Mumbai,,Seed Funding,India Quotient,2016,July
Curefit,Consumer Internet,Bangalore,"1,50,00,000",Private Equity,"Accel Partners, IDG Ventures, Kalaari Capital",2016,July
StitchWood,eCommerce,Mumbai,"2,00,000",Seed Funding,Deepak Gupta,2016,July
Grab.in,Logistics,Mumbai,"20,00,000",Private Equity,Aramex Ventures Llc,2016,July
Fulfil.IO,Consumer Internet,US,,Seed Funding,Rajan Anandan,2016,July
NeoGrowth,Finance,Mumbai,"1,60,00,000",Private Equity,"IIFL Wealth Management Seed Venture Fund, Omidyar Network, Khosla Impact, Aspada",2016,July
SeeDoc,Consumer Internet,Gurgaon,"10,00,000",Private Equity,YourNest Angel Fund\\xc2\\xa0 & Others,2016,July
BookMyShow,Consumer Internet,Mumbai,"8,20,00,000",Private Equity,"Stripes Group, Network 18, Accel Partners, SAIF Partners",2016,July
Flyrobe,eCommerce,Mumbai,"17,00,000",Seed Funding,"Sequoia Capital, Rohit Bansal, Kunal Bahl, Sandeep Tandon, Kunal Shah, Zishaan Hayath,\\xc2\\xa0 Abhishek Jain",2016,July
HappilyUnmarried,eCommerce,New Delhi,"7,40,000",Private Equity,Info Edge (India) Ltd,2016,July
Don\\xe2\\x80\\x99t Scratch Your Head,Technology,Ahmedabad,"2,50,000",Seed Funding,"Gaurav Singhvi, Zaffiro Ventures",2016,July
Wedding Wishlist,Consumer Internet,Chennai,"2,97,000",Seed Funding,"Kirthiga Reddy, Renuka Ramanath,Cherry Tin",2016,July
AppDaily,Technology,Mumbai,"20,00,000",Private Equity,"Kalaari Capital, Qualcomm Ventures, ru-Net, Zodius Technology Opportunities Fund,",2016,July
Adytude,Consumer Internet,New Delhi,"10,00,000",Private Equity,Indian Angel Network,2016,July
Quickli,Logistics,Gurgaon,,Private Equity,"AVG Group, 500 Startups",2016,July
SpectraVR,Technology,Mumbai,,Seed Funding,Rothenberg Ventures,2016,July
Pitstop,Consumer Internet,Bangalore,,Seed Funding,"Alex Chua, Rahul Garg",2016,July
HolaChef,Consumer Internet,Mumbai,"19,50,000",Private Equity,"Kalaari Capital, India Quotient",2016,July
Purplle,eCommerce,Mumbai,"60,00,000",Private Equity,"JSW Ventures, Blume Ventures & IvyCap Ventures",2016,July
Trak N Tell,Technology,Gurgaon,"35,00,000",Private Equity,Brian Acton,2016,July
Overcart.com,eCommerce,Gurgaon,"30,00,000",Private Equity,"JSW Ventures, Omidyar Network, Sattva Capital, Venture Works",2016,July
SirionLabs,Technology,Gurgaon,"1,22,50,000",Private Equity,Sequoia Capital,2016,July
GyanDhan,Consumer Internet,New Delhi,,Seed Funding,"Stanford Angels & Entrepreneurs, Harvard Angels",2016,July
MintM,Consumer Internet,Bangalore,,Private Equity,"Mumbai Angels,\\xc2\\xa0 Times Internet",2016,July
HitGrit,Consumer Internet,Chandigarh,,Seed Funding,"Ashish Mahajan, Sarvesh Sharma",2016,July
Find My Stay,Consumer Internet,New Delhi,,Seed Funding,"Rishi Parti, Yogesh Bansal",2016,July
YAAP,Consumer Internet,New Delhi,"50,00,000",Private Equity,Rainmaker Ventures,2016,July
Utoo Cabs,Consumer Internet,Chennai,,Seed Funding,Ajay Piramal,2016,July
Twigly,Consumer Internet,Gurgaon,"6,00,000",Seed Funding,"Tracxn Labs, Hyderabad Angels, Kunal Shah, Gaurav Bhalotia",2016,July
ShareChat,Consumer Internet,Bangalore,"13,50,000",Private Equity,"SAIF Partners, India Quotient",2016,July
Urban Tailor,Consumer Internet,Bangalore,,Private Equity,Unitus Seed Fund,2016,July
RentMojo,Consumer Internet,Bangalore,"50,00,000",Private Equity,"Accel Partners, IDG Ventures India",2016,July
CityFurnish,Consumer Internet,Gurgaon,,Seed Funding,Brand Capital,2016,July
HEAL Institute,Healthcare,Mumbai,,Seed Funding,"Jaspal Bindra, Parth Jindal",2016,July
Augrav,eCommerce,Coimbatore,"4,50,000",Seed Funding,Keiretsu Forum,2016,July
ShoppinPal,Technology,Pune,"10,70,000",Private Equity,"Plug and Play Tech Center, Steelhead Ventures & Others",2016,July
TransTutors / AskIITians,Consumer Internet,New Delhi,,Private Equity,500 Startups,2016,July
WorkApps,Technology,Pune,"10,00,000",Seed Funding,SRI Capital,2016,July
BankerBay,Consumer Internet,Bangalore,"20,00,000",Private Equity,undisclosed investors,2016,July
BaggOut,eCommerce,New Delhi,,Seed Funding,"Sumit Jain, Sumit Jain, Anurag Gupta, Varun Khanna, Faraz Khan",2016,July
TripShelf,eCommerce,New Delhi,"2,50,000",Seed Funding,GEMS group,2016,July
SatvaCart,eCommerce,New Delhi,,Seed Funding,"Abhijit Avasthi, Karan Chellani, SP Vijay",2016,July
Ridlr,Consumer Internet,Mumbai,"60,00,000",Private Equity,"Times Internet, Innoven Capital, Matrix Partners India, Qualcomm Ventures",2016,July
Yellowdig,Consumer Internet,Pune,"6,50,000",Seed Funding,SRI Capital,2016,July
Zuppler,Consumer Internet,New Delhi,"6,50,000",Seed Funding,SRI Capital,2016,July
BlueStone,eCommerce,Mumbai,"3,00,00,000",Private Equity,"IIFL and Accel Partners, Kalaari Capital, IvyCap Ventures, RB Investments",2016,July
underDOGS,Technology,Mumbai,,Private Equity,Intelli Reboot Digital Pvt. Ltd,2016,July
ImageProVision,Technology,Pune,,Seed Funding,Satish Jamdar,2016,July
Sagacito,Technology,New Delhi,"1,00,00,000",Private Equity,Star India Pvt. Ltd,2016,July
Deal4Loans / Wishfin,Consumer Internet,Noida,"1,50,00,000",Private Equity,Franklin Templeton International Services Pvt. Ltd,2016,July
NiYO Solutions,Technology,Bangalore,"10,00,000",Private Equity,Prime Venture Partners,2016,July
AppLop,Consumer Internet,Gurgaon,"2,50,000",Seed Funding,Green House Ventures Accelerator,2016,July
Tax2Win,Consumer Internet,Jaipur,"10,00,000",Private Equity,Undisclosed Investors,2016,July
Truckola,Logistics,Mumbai,"5,95,000",Seed Funding,"Abhishek Agarwal, Krishnakumar Nataraj, Sarath Sura, Shanti Mohan, Sarthak and Nihit Agarwal, Suramya Gupta",2016,July
iServe Financial,Consumer Internet,Pune,,Seed Funding,Nilesh Shah,2016,July
MyTaxiIndia,Consumer Internet,New Delhi,"10,00,000",Private Equity,Nihon Kotsu Co,2016,July
AbeRuk,eCommerce,Bangalore,,Seed Funding,Swastika Company Pvt Ltd,2016,July
Wiwigo,Consumer Internet,Bangalore,"5,95,000",Seed Funding,Indian Angel Network,2016,July
Drums Food,Food & Beverage,Mumbai,,,"Verlinvest, DSG Consumer Partners",2016,July
Chikoop,Consumer Internet,Indore,,Seed Funding,Undisclosed Investors,2016,June
BRIDGEi2I,Technology,Bangalore,,Private Equity,Edelweiss Private Equity,2016,June
Droom,eCommerce,New Delhi,,Private Equity,"Beenext, Digital Garage, Lightbox, Beenos",2016,June
Visit,Consumer Internet,New Delhi,,Seed Funding,MapmyIndia,2016,June
Atomberg,Technology,Mumbai,"10,00,000",Private Equity,Parampara Capital,2016,June
Coutloot,eCommerce,Mumbai,,Seed Funding,Venture Catalysts,2016,June
Limo,Consumer Internet,Mumbai,"10,00,000",Private Equity,Rainmaker Ventures,2016,June
iCliniq,Consumer Internet,Bangalore,,Seed Funding,MadhanKumar Madathupalayam,2016,June
GoGo Truck,Consumer Internet,Chennai,"75,000",Seed Funding,Undisclosed Investor,2016,June
Vyome Biosciences,Healthcare,New Delhi,"20,00,000",Private Equity,Romulus Capital,2016,June
SillyMonks,Consumer Internet,Hyderabad,"4,48,000",Seed Funding,Sreenivasa Reddy Musani,2016,June
CueMath,Education,Bangalore,"40,00,000",Private Equity,"Sequoia Capital, Unitus Seed Fund",2016,June
KrazyBee,Consumer Internet,Bangalore,"20,00,000",Private Equity,"Yeahmobi, Fenqile",2016,June
Intgrea,Technology,Bangalore,"1,00,000",Seed Funding,Undisclosed Investor,2016,June
HelpShift,Technology,Pune,"2,30,00,000",Private Equity,"Microsoft Ventures, Salesforce Ventures",2016,June
CreditVidya,Technology,Mumbai,"10,00,000",Private Equity,Kalaari Capital,2016,June
Grey Campus,Consumer Internet,Hyderabad,"10,00,000",Seed Funding,Sarath Sura,2016,June
ListUp,eCommerce,Mumbai,"5,00,000",Seed Funding,"Kae Capital, Kunal Shah, Sandeep Tandon",2016,June
6Degree,Technology,Mumbai,"2,00,000",Seed Funding,Indian Angel Network,2016,June
Shopwati,Consumer Internet,Gurgaon,,Seed Funding,Sanjiv Rai,2016,June
Cookifi,Consumer Internet,Bangalore,,Seed Funding,"Kunal Shah, Aneesh Reddy, Tracxn Labs, Venkat Tadanki, Krishna Mehra, Amit Rathore",2016,June
StoreKing,eCommerce,Bangalore,"1,60,00,000",Private Equity,Axiata Digital,2016,June
Wired Hub,Real Estate,Jaipur,,Seed Funding,"Ankit Maheshwari, Anand Singh",2016,June
MySeniorDoctor,Consumer Internet,Gurgaon,"2,00,000",Seed Funding,BlackJag Partners,2016,June
Teabox,eCommerce,Siliguri,,Seed Funding,Cameron Jones,2016,June
ExtraaEdge,Consumer Internet,Pune,,Seed Funding,"Ritesh Dwivedy, Priti Padhy",2016,June
EPayLater,Technology,Mumbai,"20,00,000",Seed Funding,3 undisclosed HNIs,2016,June
Kyazoonga,eCommerce,Mumbai,,Seed Funding,Ratan Tata,2016,June
Paytunes,Consumer Internet,New Delhi,"5,00,000",Private Equity,"CIO Angel Network, Indian Angel Network",2016,June
Kickstart Jobs,Technology,Gurgaon,,Seed Funding,"Vivek Joshi, Mohit Satyanand, Amit Banati, Arun Khanna",2016,June
Freshee,FMCG,Mumbai,,Private Equity,Edelweiss Private Equity,2016,June
MadRat Games,Technology,Bangalore,,Seed Funding,"Ratan Tata, Bhavish Aggarwal, Ankit Bhati, Binny Bansal, Girish Mathrubootham",2016,June
Jazzmyride,eCommerce,New Delhi,,Private Equity,TVS Automobile Solutions Ltd,2016,June
AutoSense,Technology,New Delhi,,Private Equity,TVS Automobile Solutions Ltd,2016,June
Redsun Telematics,Consumer Internet,Chennai,,Private Equity,TVS Automobile Solutions Ltd,2016,June
KhanaGadi,Consumer Internet,Jaipur,,Seed Funding,50K Ventures,2016,June
Bombay Shirt Company,eCommerce,Mumbai,"10,00,000",Private Equity,undisclosed investor,2016,June
Matrubharti,Consumer Internet,,"30,000",Seed Funding,Viridian Capital,2016,June
EdTechReview,Consumer Internet,New Delhi,,Seed Funding,EVC Ventures,2016,June
Bonhomia,Food & Beverage,New Delhi,,Private Equity,Valpro Capital and existing investors,2016,June
Gobolt,Logistics,New Delhi,,Seed Funding,MCube8,2016,June
Jivox,Technology,Bangalore,"60,00,000",Private Equity,"You & Mr Jones, Fortisure Ventures, Diaz Nesamoney",2016,June
Sminq,Consumer Internet,Pune,"10,00,000",Seed Funding,"Saama Capital, Blume Ventures & Vaibhav Domkundwar",2016,June
CureJoy,Consumer Internet,Bangalore,"44,00,000",Private Equity,Accel Partners India,2016,June
Oneway.cab,Consumer Internet,Vadodara,"4,50,000",Seed Funding,Indian Angel Network,2016,June
GrabOnRent,eCommerce,Bangalore,,Private Equity,IvyCap Ventures and Unicorn India Ventures,2016,June
Diro Labs,Consumer Internet,New Delhi,"4,50,000",Private Equity,Info Edge (India) Ltd,2016,June
Unnati Helpers,Consumer Internet,Gurgaon,"6,00,000",Private Equity,Info Edge (India) Ltd,2016,June
Athletto,Consumer Internet,Bangalore,,Seed Funding,Atul Ingle,2016,June
Saavn,Consumer Internet,USA,,Private Equity,Guy Oseary,2016,June
Voonik,eCommerce,Bangalore,"2,00,00,000",Private Equity,Sequoia Capital,2016,June
ThinkPhi,Technology,Mumbai,,Seed Funding,Nimmagadda Prasad,2016,June
Cleartax,Consumer Internet,New Delhi,"1,20,00,000",Private Equity,"Ravi Adusumalli, SAIF Partners",2016,June
Silvan Innovation Labs,Technology,Bangalore,"9,00,000",Private Equity,Infuse Ventures,2016,June
GreytHR,Technology,Bangalore,"52,00,000",Private Equity,"New Enterprise Associates (NEA), Blume Ventures",2016,June
Duffl,eCommerce,Bangalore,,Seed Funding,BetOnIndia Technology Pvt Ltd,2016,June
BYG,Consumer Internet,Bangalore,,Seed Funding,"Sanjay Verma, Amit Khanna (LetsVenture)",2016,June
Dipper,eCommerce,New Delhi,,Seed Funding,Undisclosed investor,2016,June
Qonfuse,Consumer Internet,New Delhi,,Seed Funding,Hamraj Kumar,2016,June
The Indian IRIS,Consumer Internet,Ahmedabad,,Seed Funding,Timbru Ventures,2016,June
Onspoon,Consumer Internet,Mumbai,"1,50,000",Seed Funding,Swan Angel Network,2016,June
REstate,Consumer Internet,Bangalore,,Seed Funding,Idein Ventures,2016,June
Cleartrip,Consumer Internet,Mumbai,,Private Equity,"Concur Technologies, Gund Investment",2016,June
ProcMart,Consumer Internet,Noida,,Private Equity,IndiaMart,2016,June
Celerix,Technology,Bangalore,"4,00,000",Seed Funding,Bitkemy Ventures,2016,June
NatureNama,Consumer Internet,Mumbai,"2,25,000",Seed Funding,Unicorn Venture,2016,June
CyclopsMedtech,Technology,Bangalore,,Seed Funding,CP Bothra,2016,June
Syona Cosmetics,FMCG,Chennai,"1,50,000",Seed Funding,The Chennai Angels,2016,June
PrettySecrets,eCommerce,Mumbai,"60,00,000",Private Equity,"RB Investments PTE Ltd, Orios Venture Partners",2016,June
SpiderG,Consumer Internet,Pune,"1,50,000",Seed Funding,"Rahul Kirloskar, Fusion Tech Ventures, Adi Saravanan, Pravin Dongre, Mahendra Doshi",2016,June
FarEye,Technology,New Delhi,"35,00,000",Private Equity,Saif Partners,2016,June
The Uolo,Consumer Internet,Bangalore,"2,10,000",Seed Funding,"Purvi Ventures, Rajul Garg, Vipin Arora",2016,June
Staqu,Technology,Gurgaon,,Seed Funding,Indian Angel Network,2016,June
Padhopadhao,Consumer Internet,New Delhi,,Private Equity,Rise India,2016,June
Drivify,Consumer Internet,Mumbai,"50,000",Seed Funding,"Jitendra Gupta, Pankaj Tripathi",2016,June
PratiLipi,Consumer Internet,Bangalore,,Seed Funding,Nexus Venture Partners,2016,June
ParaBlu,Technology,Bangalore,"5,00,000",Seed Funding,Kalaari Capital,2016,June
Schedulers Logistics,Logistics,Mumbai,"60,00,000",Private Equity,GVFL,2016,June
LEAP India,Others,Mumbai,"30,00,000",Private Equity,Mayfield Ventures,2016,June
KabadiExpress,Others,New Delhi,"1,48,000",Seed Funding,Undisclosed investor,2016,June
YourDost,Consumer Internet,Bangalore,"12,00,000",Seed Funding,"SAIF Partners, Aprameya Radhakrishnan, Phanindra Sama, Subba Rao Telidevara, Vibhu Garg, Paula Ravindra Mariwala, Gaurav Bhalotia",2016,June
Gomalon,Consumer Internet,Bangalore,"1,00,000",Seed Funding,Undisclosed investor,2016,June
Voler Cars,Consumer Internet,New Delhi,,Seed Funding,"Kanodia family, Amit Banka",2016,June
Travelyaari,Consumer Internet,Bangalore,"30,00,000",Private Equity,GVFL Ltd,2016,June
FabHotels,Consumer Internet,Gurgaon,"80,00,000",Private Equity,"Accel Partners, RB Investments",2016,June
Locanix,Technology,Ahmedabad,"3,00,000",Seed Funding,Undisclosed investors,2016,June
LendingKart,Consumer Internet,Ahmedabad,"3,20,00,000",Private Equity,"Bertelsmann India Investments, Mayfield India, Saama Capital, India Quotient",2016,June
Hello Tax,Consumer Internet,New Delhi,"2,95,000",Seed Funding,Sanjeev Sinha,2016,June
MySuperBrain,Consumer Internet,Hyderabad,,Seed Funding,Soniks Consulting,2016,June
BlogBeats,Consumer Internet,Bangalore,,Seed Funding,Undisclosed Investor,2016,June
LetReach,eCommerce,New Delhi,"1,00,000",Private Equity,vCommission,2016,June
TrendieApp,Technology,Kolkata,"50,000",Seed Funding,Harsh Vardhan Hada,2016,June
ImpactGuru,Consumer Internet,Mumbai,,Seed Funding,Piyush Jain,2016,June
Velvetcase,eCommerce,Mumbai,"15,00,000",Private Equity,"Uniqorn Ventures Fund, TV Mohandas Pai, S Somasegar",2016,June
Meru Cabs,Consumer Internet,Mumbai,"2,50,00,000",Private Equity,Brand Capital,2016,June
Campus Diaries,Consumer Internet,Bangalore,"2,20,000",Seed Funding,Aarin Capital,2016,June
Scripbox,Consumer Internet,Bangalore,,Private Equity,"Omidyar Network, Accel Partners & existing investors",2016,June
Biryani Blues,Food & Beverage,Gurgaon,"3,68,000",Private Equity,Carpediem Capital & Others,2016,June
MotoMojo,Consumer Internet,Mumbai,,Seed Funding,"Niloufer Dundh, Fauzan Rahim, Balamurugan Mani,",2016,May
Get My Parking,Technology,New Delhi,"3,76,000",Seed Funding,The Chennai Angels,2016,May
Prescribez,Consumer Internet,Pune,"1,45,000",Seed Funding,Ankush Mehta,2016,May
Airwood,Technology,Chennai,,Seed Funding,StartupXseed Ventures,2016,May
Mobikwik,Consumer Internet,Gurgaon,"5,00,00,000",Private Equity,"GMO Payment Gateway, MediaTek",2016,May
iDreamCareer,Consumer Internet,New Delhi,,Private Equity,Brand Capital,2016,May
Zwayam,Consumer Internet,Bangalore,"2,50,000",Seed Funding,Undisclosed investors,2016,May
BoiBanit,Consumer Internet,Vadodara,,Seed Funding,Undisclosed investors,2016,May
Zuver,Consumer Internet,Mumbai,"1,80,000",Seed Funding,"Shruth & Smith Group, Hermes Group",2016,May
Prepathon,Education,Mumbai,,Private Equity,Blume Ventures,2016,May
EasyRoads,Consumer Internet,Mumbai,"2,00,000",Seed Funding,"Rohan Angrish, Hrishi Oberoi, Rahul Mehta, Kapil Hetamsaria, Pranav Dedhia",2016,May
Lenskart,eCommerce,New Delhi,"6,00,00,000",Private Equity,"International Finance Corp, TPG Growth, Adveq Management, IDG Ventures, Ratan Tata, Kris Gopalakrishnan",2016,May
Seclore,Technology,Mumbai,"1,20,00,000",Private Equity,"Sistema Asia Fund, Helion Venture, VentureEast, India Alternatives",2016,May
SolarTown,Technology,Chennai,"2,00,000",Seed Funding,Grex.in,2016,May
Comarete,Technology,Pune,"2,00,000",Seed Funding,Grex.in,2016,May
MyDentistChoice,eCommerce,Hyderabad,"1,50,000",Seed Funding,Undisclosed investors,2016,May
Active.ai,Technology,Singapore,"5,00,000",Seed Funding,Kalaari Capital Accelerator Program,2016,May
Affordplan,Technology,New Delhi,"5,00,000",Seed Funding,Kalaari Capital Accelerator Program,2016,May
Indee,Consumer Internet,Bangalore,"5,00,000",Seed Funding,Kalaari Capital Accelerator Program,2016,May
Unbxd,Technology,New Delhi,,Private Equity,"IDG Ventures, Inventus Capital, Indian Angel Network",2016,May
WebAlligator,Consumer Internet,Bangalore,"3,75,000",Seed Funding,Group of undisclosed Angel Investors & HNIs,2016,May
EduAce Services,Education,Lucknow,"10,00,000",Private Equity,MoMagic Technologies,2016,May
Meesho,eCommerce,Bangalore,,Seed Funding,Rajul Garg & Others,2016,May
Zebroads,Logistics,Hyderabad,"75,000",Seed Funding,Undisclosed investors,2016,May
Locus,Technology,Bangalore,"27,50,000",Private Equity,"Exfinity Venture Partners, Blume Ventures, BeeNext, Rajesh Ranavat",2016,May
Toko Innovations,Consumer Internet,Bangalore,"4,50,000",Seed Funding,"Roopak Saluja, Vishal Khare",2016,May
Rentickle,eCommerce,New Delhi,"2,50,000",Seed Funding,"Manish Kheterpal, Vinay Mittal, Dinesh Mittal, Sandeep Gupta",2016,May
HealthifyMe,Consumer Internet,Bangalore,"60,00,000",Private Equity,"IDG Ventures India, Inventus Capital, Blume Ventures",2016,May
Zarget,Consumer Internet,Chennai,"15,00,000",Private Equity,"Accel Partners, Matrix Partners, Girish Mathrubootham",2016,May
InnoNano Research,Technology,Chennai,"1,80,00,000",Private Equity,NanoHoldings,2016,May
SchoolWear,eCommerce,Mumbai,"15,00,000",Seed Funding,Undisclosed investors,2016,May
Swiggy,Consumer Internet,Bangalore,"70,00,000",Private Equity,"Norwest Venture Partners, DST Global, Accel Partners",2016,May
Zenify,Consumer Internet,Bangalore,"9,00,000",Private Equity,Undisclosed Investors,2016,May
Faircent,Consumer Internet,Gurgaon,,Private Equity,"JM Financial Products Ltd, Arun Tadanki, Doreswamy Nandkishore, Kshitij Jain",2016,May
Fractal Analytics,Technology,Mumbai,"10,00,00,000",Private Equity,Khazanah Nasional Berhad,2016,May
Unacademy,Consumer Internet,Bangalore,"5,00,000",Seed Funding,"Blume Ventures, Rajan Anandan, Sumit Jain, Aprameya Radhakrishna, Sujeet Kumar, Phanindra Sama",2016,May
Capital Float,Consumer Internet,Bangalore,"2,50,00,000",Private Equity,"Creation Investments Capital Management, SAIF Partners, Sequoia Capital, Aspada Ventures",2016,May
Life Circle,Healthcare,Hyderabad,"1,50,000",Private Equity,GROUPE SOS,2016,May
Dream Wallets,Consumer Internet,Jaipur,,Seed Funding,"Rakesh Gupta, Aditya Aggarwal, Siddharth Banerjee, Vikas Ranjan, Anshul Jindal, Sunil Koul, and Sanjeev Agrawal",2016,May
ShabdNagari,Consumer Internet,Kanpur,,Seed Funding,ah! Ventures,2016,May
Galleri5,Consumer Internet,Bangalore,,Seed Funding,"Phanindra Sama, Raghunandan G,",2016,May
Derbii,Logistics,Gurgaon,,Seed Funding,Anurag Chauhan,2016,May
StayZilla,Consumer Internet,Chennai,"1,35,00,000",Private Equity,"Matrix Partners, Nexus Ventures",2016,May
WoW Express,Logistics,Mumbai,"22,00,000",Private Equity,Undisclosed Investors & Tamarind Family Private Trust,2016,May
Smartivity,eCommerce,Delhi,"10,00,000",Private Equity,"S Chand, AdvantEdge Partners",2016,May
BedBathMore,Consumer Internet,Mumbai,,Private Equity,"Kinnevik Group, Rocket Internet",2016,May
Murgency,Consumer Internet,Mumbai,,Private Equity,Rata Tata,2016,May
Crownit,Consumer Internet,Gurgaon,,Private Equity,"Undisclosed investors, Accel Partners, Helion Venture Partners",2016,May
Blinge,eCommerce,Mumbai,,Seed Funding,"Anupam Mittal, Anuj Srivastava, Ankit Nagori",2016,May
TheSmartQ,Consumer Internet,Bangalore,"2,50,000",Seed Funding,YourNest Angel Fund,2016,May
PurpleHealth,Consumer Internet,Trivandrum,"1,00,000",Seed Funding,Katabole Technology Venture,2016,May
Fundamentor,Education,Pune,,Seed Funding,Subramanya SV,2016,May
EduPristine,Education,Mumbai,"1,00,00,000",Private Equity,"Kaizen Management Advisors, DeVry Inc",2016,May
BhiveWorkspace,Reality,Bangalore,"10,00,000",Private Equity,Blume Ventures,2016,May
Parentlane,Consumer Internet,Bangalore,,Seed Funding,"Sujeet Kumar, Aprameya, Sumit Jain, Subramanya Venkat, Venk, Ravi Machani, Hitesh Gupta, Rohit Choudhary",2016,May
Appie,Consumer Internet,Mumbai,"10,00,000",Seed Funding,Undisclosed investors,2016,May
Niki.ai,Technology,Bangalore,,Private Equity,Ratan Tata,2016,May
TaxiVaxi,Consumer Internet,New Delhi,"5,00,000",Seed Funding,Undisclosed HNIs,2016,May
Veqta,Consumer Internet,New Delhi,"5,00,000",Seed Funding,"Chatsworth Management, ITW Digital",2016,May
i2ifunding,Consumer Internet,Noida,"3,00,000",Seed Funding,Undisclosed Investors,2016,May
EduRev,Consumer Internet,Gurgaon,,Seed Funding,Pradeep Reddy Kamasan,2016,May
Hoppingo,Consumer Internet,New Delhi,"89,000",Seed Funding,vCommission,2016,May
Eatonomist,Consumer Internet,Gurgaon,,Seed Funding,MCube Capital Advisors Pvt Ltd,2016,May
Goalwise,Consumer Internet,Bangalore,"10,00,000",Seed Funding,Undisclosed HNIs,2016,May
Roast,Consumer Internet,New Delhi,,Seed Funding,Indian Angel Network,2016,May
Address Health,Healthcare,Bangalore,"15,00,000",Private Equity,Gray Matters Capital,2016,May
Arcatron Mobility,Technology,Pune,"1,00,000",Seed Funding,Sudhir Mehta,2016,May
SheThePeople,Consumer Internet,New Delhi,,Seed Funding,Anand Mahindra,2016,May
Cleartax,Consumer Internet,Bangalore,"20,00,000",Private Equity,"FF Angel, Sequoia Capital",2016,May
Consure Medical,Healthcare,New Delhi,,Private Equity,"Accel Partners, Indian Angel Network, India Innovation Fund India Venture Partners",2016,May
mChamp,Consumer Internet,New Delhi,"4,75,000",Seed Funding,MoMagic Technologies,2016,May
Pianta,Consumer Internet,Bangalore,,Seed Funding,"Kunal Shah, Sandeep Tandon",2016,May
Vahanalytics,Technology,Mumbai,"2,00,000",Seed Funding,"Anirudh Damani, Vikram Lakhotia",2016,May
Play Your Sport,Consumer Internet,New Delhi,,Seed Funding,Ashish Gupta and other undisclosed investors,2016,May
Koovs,eCommerce,New Delhi,"44,00,000",Private Equity,HT Media Ltd,2016,May
CCavenue,Consumer Internet,Mumbai,"89,00,000",Private Equity,NSI Infinium Global Pvt. Ltd,2016,May
1mg,eCommerce,Gurgaon,,Private Equity,HBM Healthcare Investments,2016,May
Tpot,Food & Beverage,Gurgaon,,Seed Funding,Ashish Gupta,2016,May
MachaDalo,Consumer Internet,Mumbai,"1,75,000",Seed Funding,Undisclosed Investors,2016,May
Dil Mil,Consumer Internet,SFO / Bangalore,"27,00,000",Private Equity,"Nelstone Ventures, Transmedia Capital, Maiden Lane Ventures, CSC Upshot & Angel investors",2016,April
PicsDream,Consumer Internet,Delhi,,Seed Funding,Raman Roy,2016,April
Process 9,Consumer Internet,Gurgaon,,Seed Funding,"Indian Angel Network, Alok Sharma, Kris Gopalakrishnan, Saurabh Srivastava, and Ajai Chowdhry",2016,April
Housing,Consumer Internet,Mumbai,,Private Equity,Vineet Singh,2016,April
Roll Mafia,Food & Beverage,Pune,,Seed Funding,Equentia Natural Resource & Other undisclosed investors,2016,April
Hungama,Consumer Internet,Mumbai,"2,50,00,000",Private Equity,Xiaomi Inc,2016,April
Highway Delite,Consumer Internet,Bangalore,,Seed Funding,N.S. Raghavan Centre for Entrepreneurial Learning,2016,April
Cult Fitness,Healthcare,Bangalore,,Seed Funding,Mukesh Bansal,2016,April
Haptik,Technology,Mumbai,,Private Equity,Times Internet Ltd,2016,April
Servify,Consumer Internet,Mumbai,,Private Equity,"Blume Ventures, Barkawi Holdings GmbH, TM Service Technology Holdings GmbH",2016,April
Shipsy,Logistics,Gurgaon,"10,00,000",Private Equity,DTDC Express Ltd,2016,April
gear6,Consumer Internet,Bangalore,"5,00,000",Seed Funding,Ninestarter,2016,April
MyGlamm,Consumer Internet,Mumbai,"60,00,000",Private Equity,L\\xe2\\x80\\x99Occitane,2016,April
Petoo,Consumer Internet,Bangalore,"10,00,000",Private Equity,Axilor Ventures,2016,April
Truly Social,Consumer Internet,London,,Private Equity,Nazara Technologies Pvt Ltd,2016,April
Little Black Book,Consumer Internet,New Delhi,,Seed Funding,"IDG, Indian Angel Network",2016,April
Vahan,Education,Chennai,,Seed Funding,Villgro,2016,April
imedilane,Consumer Internet,New Delhi,"40,000",Seed Funding,"Mahendra Patel, Nilender Chauhan",2016,April
Living Local,Consumer Internet,Mumbai,"2,00,000",Seed Funding,Rattan Chadha,2016,April
Vegfru,eCommerce,New Delhi,,Seed Funding,Wingify,2016,April
Oyo,Consumer Internet,New Delhi,"10,00,00,000",Private Equity,"Softbank, Sequoia Capital, Lightspeed Venture Partners, Greenoaks Capital, DSG Consumer Partners and Venture Nursery",2016,April
PriceRaja,Consumer Internet,Gurgaon,"3,00,000",Seed Funding,Prashant Puri,2016,April
MagicX,Consumer Internet,Bangalore,"10,00,000",Seed Funding,"Kris Gopalakrishnan, Dr. Ranjan Pai",2016,April
Happydemic,Consumer Internet,Mumbai,,Seed Funding,Shaan,2016,April
LenDenClub,Finance,Mumbai,,Seed Funding,"Anirudh Damani, Daud Ali, Narendra Karnavat, Vikas Kapoor, Vikram Lakhotia, Krishna Jhunjhunwaala, Jayesh Shah",2016,April
Indi.com,Consumer Internet,,,Seed Funding,Anil Kapoor,2016,April
Legalraasta,Consumer Internet,New Delhi,"10,00,000",Seed Funding,"Pravin Khandelwal, Yatin Kumar Jain",2016,April
RainCan,Consumer Internet,Pune,"1,50,000",Seed Funding,Dr. Aniruddha Malpani,2016,April
Hippily,eCommerce,Mumbai,"2,50,000",Seed Funding,"Dr. Sridhar Ramaswamy, Rakesh Mathur",2016,April
kredX,eCommerce,Bangalore,"7,50,000",Seed Funding,"Prime Venture Partners,",2016,April
Wedwise,Consumer Internet,New Delhi,,Seed Funding,StartUp Equity Partners,2016,April
BeaconsTalk,Technology,Mumbai,"1,00,000",Seed Funding,"Rajeev Agrawal, Prashant Gooty",2016,April
Deal 4Loans,Consumer Internet,Noida,,Seed Funding,"Ram Shriram, Neeraj Arora, Puru Vashishtha",2016,April
RenewBuy,Consumer Internet,New Delhi,"10,00,000",Seed Funding,Mount Nathan Advisors,2016,April
Blue Box Media,Consumer Internet,Jaipur,,Seed Funding,"Mahavir Pratap Sharma, Ajay Data, Yogesh Chaudhary, Sanjay Phophaliya, Siddharth Agarwal, Kamal Kothari",2016,April
Vyomo,Consumer Internet,New Delhi,"1,50,00,000",Private Equity,Naturals Salon Chain,2016,April
Organicshop,eCommerce,Jaipur,,Seed Funding,"Vivek Nathani, Yogesh Chaudhary, Mahavir Pratap Sharma, Kamal Kothari, H C Jain",2016,April
MInd Your Fleet,Consumer Internet,Noida,,Seed Funding,Undisclosed Investors,2016,April
NestAway,Consumer Internet,Bangalore,"3,00,00,000",Private Equity,Tiger Global,2016,April
Tapchief,Consumer Internet,Bangalore,"1,50,000",Seed Funding,Vijay Shekhar Sharma,2016,April
Rapido,Consumer Internet,Bangalore,,Private Equity,"Pawan Munjal, AdvantEdge Partners, Astarc Ventures",2016,April
Yufta,eCommerce,Bangalore,,Seed Funding,Ajay Data & other HNIs,2016,April
Smytten,eCommerce,Gurgaon,,Seed Funding,Rajan Anandan,2016,April
Houssup,Consumer Internet,Jaipur,,Seed Funding,"Mitin Patel, Gaurav Agarwal",2016,April
Jugnoo,Consumer Internet,Chandigarh,"1,00,00,000",Private Equity,Paytm & existing investors,2016,April
Tork Motocycles,Auto,Pune,,Seed Funding,"Bhavish Aggarwal, Ankit Bhati",2016,April
Betaout,eCommerce,Noida,"15,00,000",Private Equity,"Stanford Angels, LetsVenture, Chennai Angels, Hyderabad Angels, Mumbai Angels",2016,April
DriversCart,Consumer Internet,Chennai,"4,50,000",Seed Funding,ah! Ventures,2016,April
LensKart,eCommerce,New Delhi,,Private Equity,Ratan Tata,2016,April
CollegeDekho,Consumer Internet,New Delhi,"20,00,000",Private Equity,Man Capital,2016,April
OYOfit,Consumer Internet,Bangalore,,Seed Funding,RN Agarwal,2016,April
Oliveboard,Consumer Internet,Bangalore,,Private Equity,India Educational Investment Fund,2016,April
Simplilearn,Consumer Internet,Bangalore,,Private Equity,Brand Capital,2016,April
1mg,eCommerce,Gurgaon,"1,50,00,000",Private Equity,"Maverick Capital Ventures, Sequoia Capital, Omidyar Network",2016,April
Fashalot,Consumer Internet,New Delhi,,Seed Funding,"YourNest Angel Fund, Rajul Garg",2016,April
Broomberg,Consumer Internet,New Delhi,,Seed Funding,Undisclosed Angel investors & HNIs,2016,April
m.paani,Consumer Internet,Mumbai,,Seed Funding,"Blume Ventures, Adil Allana, Aprameya Radhakrishna, Gautam Ivatury, Signal Point Partners",2016,April
Yufta,eCommerce,Jaipur,,Seed Funding,Ajay Data & undisclosed HNIs,2016,April
mishTag,Consumer Internet,New Delhi,,Seed Funding,"M&Y Partners, SVG Media, Anthil Ventures & others",2016,April
Advanced Structures India,Auto,Bangalore,,Private Equity,GirnarSoft,2016,April
Licious,eCommerce,Bangalore,"30,00,000",Private Equity,Mayfield India II Management Ltd,2016,April
Knolskae,Consumer Internet,Bangalore,,Private Equity,"Inventus Capital Partners, HR Fund",2016,April
Druva,Technology,Pune,,Private Equity,"NTT Finance, Telephone Corporation",2016,April
TOKO Innovation Studios,Consumer Internet,New Delhi,"4,50,000",Seed Funding,Indian Angel network,2016,April
Commut,Consumer Internet,Hyderabad,"2,00,000",Seed Funding,50K Ventures,2016,April
intouchapp,Consumer Internet,Pune,,Seed Funding,Blume Ventures,2016,April
Dropkaffe,Food & Beverage,Bangalore,"5,50,000",Seed Funding,"GrowthStory, Apurva Salapuria, Hitesh Oberoi, Sidharth Pansari, Nirupa Shankar",2016,April
Transerv,Consumer Internet,Mumbai,"1,50,00,000",Private Equity,"IDFC SPICE Fund, Micromax Informatics",2016,April
ClearTax,Consumer Internet,Bangalore,"13,00,000",Private Equity,"Max Levchin, Scott Banister",2016,April
Roposo,eCommerce,Gurgaon,"1,50,00,000",Private Equity,Bertelsmann India Investments,2016,April
MilkBasket,Consumer Internet,Gurgaon,"5,00,000",Seed Funding,EVC Ventures,2016,April
CareonGO,Consumer Internet,,,Seed Funding,"Farooq Oomerbhoy, Anupam Mittal, Anand Mittal, Ravi Garikipati, Vibhu Garg, Singapore Angel Network, Konglo Ventures",2016,April
RailYatri,Consumer Internet,Noida,,Private Equity,"Nandan Nilekani, Helion Ventures, Omidyar Networks, Blume Ventures",2016,April
ICHR,Consumer Internet,New Delhi,"4,50,000",Seed Funding,Undisclosed,2016,April
Murgency,Consumer Internet,Mumbai,,Private Equity,Axilor Ventures,2016,April
The Wedding Brigade,Consumer Internet,Mumbai,"6,00,000",Seed Funding,Blume Ventures & Other unnamed Investors,2016,April
DocsApp,Consumer Internet,Bangalore,"12,00,000",Private Equity,"Rebright Partners, Anand Rajaraman, Venky Harinarayan",2016,April
Impact Guru,Consumer Internet,Mumbai,"5,00,000",Seed Funding,"RB Investments, Fundnel",2016,April
LetReach,eCommerce,New Delhi,"1,00,000",Private Equity,vCommission,2016,April
DriveU,Consumer Internet,Bangalore,,Seed Funding,Unitus Seed Fund,2016,March
Gympik,Consumer Internet,Bangalore,,Private Equity,RoundGlass Partners,2016,March
Testbook,Consumer Internet,Mumbai,,Private Equity,S Chand & Co,2016,March
IQlect,Technology,Bangalore,,Private Equity,"Lip-Bu Tan, Michael Marks, Nicolas Braithwaite",2016,March
MoMark,Consumer Internet,Noida,"6,00,000",Private Equity,YourNest Angel Fund,2016,March
Skedool,Consumer Internet,Seattle / Bangalore,,Seed Funding,"Kludein LLC\\nPhanindra Sama, Narayan Ramachandran, Pranav Pai",2016,March
Systemantics,Technology,Bangalore,"14,00,000",Private Equity,"Nandan Nilekani, Accel Partners",2016,March
Vertuals,Technology,Mumbai,,Seed Funding,Dino Morea,2016,March
Imarticus Learning,Education,Mumbai,"10,00,000",Private Equity,"Blinc Advisors, Amit Nanavati, Tashwinder Singh, Taranjit Jaswal, Amit Khanna",2016,March
Shouut,Consumer Internet,New Delhi,"5,00,000",Seed Funding,Undisclosed investor,2016,March
TinyStep,Consumer Internet,Bangalore,,Private Equity,Matt Glickman,2016,March
Aahaa,ECommerce,Chennai,"10,00,000",Private Equity,"YourNest Angel Fund,",2016,March
Arcatron Mobility,Technology,Pune,,Seed Funding,"Sudhir Mehta, Anoop Hingorani",2016,March
FTCash,Consumer Internet,Kolkata,"1,50,000",Seed Funding,IvyCap Ventures,2016,March
Civilsdaily,Consumer Internet,New Delhi,,Seed Funding,Manoj Kumar & Other undisclosed investors,2016,March
Zappka,Consumer Internet,Gurgaon,"1,00,000",Seed Funding,"Daman Soni, Rajat Gupta & Others",2016,March
Tarusa World,ECommerce,Mumbai,,Seed Funding,Mohit Gulati,2016,March
medECUBE,Healthcare,Gurgaon,"40,00,000",Private Equity,Artiman Ventures,2016,March
N.O.W,Consumer Internet,Noida,"5,00,000",Seed Funding,"Ruchirans Jaipuria, Anuj Sanghi",2016,March
Ninjacart,ECommerce,Bangalore,"30,00,000",Private Equity,"Accel Partners, Qualcomm Ventures, M&S Partners, Zop Smart",2016,March
Reach,Consumer Internet,Bangalore,"5,00,000",Seed Funding,"Rebright Partners, Sol Primero, Sudhir Anandarao, Ankur Warikoo, Ankur Singla",2016,March
Vanity Cube,Consumer Internet,New Delhi,"2,50,000",Seed Funding,Unicorn Ventures,2016,March
Wooplr,ECommerce,Bangalore,,Seed Funding,"Naveen Tewari, Abhay Singhal, Amit Gupta, Piyush Shah, Raghunandan G, Rajiv Mehta",2016,March
Medidaili,Consumer Internet,Bangalore,"1,00,000",Seed Funding,Undisclosed private investors,2016,March
Finomena,Technology,New Delhi,,Private Equity,Matrix Partners India,2016,March
Cookaroo,Consumer Internet,Bangalore,,Seed Funding,Vijay Krishna Yadav,2016,March
vPhrase Analytics,Technology,Mumbai,,Seed Funding,"Apoorv Ranjan Sharma, Daud Ali and others",2016,March
LoveCycles,Consumer Internet,Bangalore,"7,50,000",Seed Funding,Prime Venture Partners,2016,March
Kartrocket,ECommerce,New Delhi,"80,00,000",Private Equity,"Undisclosed Japanese investor, Bertelsmann India Investments, Nirvana Digital India Fund, Nirvana Digital Investment Holding Co Ltd, 500 Start-Ups",2016,March
dunzo,Consumer Internet,Bangalore,"6,50,000",Seed Funding,"Aspada Investment Advisors, Blume Ventures.",2016,March
Indiamart,ECommerce,Noida,,Private Equity,Amadeus Capital,2016,March
SmartVizX,Technology,Noida,"5,00,000",Seed Funding,"Indian Angel Network, Stanford Angels, Entrepreneurs India",2016,March
MyGubbi,Real Estate,Bangalore,"25,00,000",Seed Funding,"Vipul Parekh, ajesh K Murthy,",2016,March
Nukkad Shops,Consumer Internet,Hyderabad,"10,00,000",Seed Funding,PurpleTalk Inc,2016,March
Cloudacar,Consumer Internet,Pune,,Seed Funding,"Amit Choudhary, Anuj Puri",2016,March
Justride,Consumer Internet,Mumbai,"4,00,000",Seed Funding,Dheeraj Jain & Other angel investors,2016,March
Yana,Consumer Internet,Gurgaon,,Seed Funding,"Puneet Gupta,",2016,March
Big Fish Ventures,Food & Beverage,New Delhi,"1,11,00,000",Private Equity,Undisclosed investors,2016,March
Stylflip,ECommerce,Mumbai,,Seed Funding,"Raj Gala Shah, Zaheer Memon",2016,March
Icertis,Technology,Pune/Seattle,"1,50,00,000",Private Equity,"Ignition Partners, Greycroft Partners, Fidelity Growth Partners India",2016,March
Supplified,ECommerce,New Delhi,"10,00,000",Seed Funding,Mohit Goel,2016,March
JollyFoodFellow,Technology,Ahmedabad,,Seed Funding,Janak Parikh,2016,March
PinkBlue,ECommerce,Bangalore,"2,23,608",Seed Funding,"Hari Krishna, Ajay Modani, Dr V Ravinder, Anirudh Rastogi, Abhishek Jain, Rakesh Gakhar, Rajeev Mudumba, Nagendra Prasad Bhanuprakash",2016,March
TruckingCube,Logistics,New Delhi,"1,49,00,000",Private Equity,Agarwal Movers Group,2016,March
eSwasthya,Consumer Internet,Ahmedabad,,Seed Funding,Hemang Sahani,2016,March
FlipClass,Consumer Internet,Bangalore,"10,00,000",Private Equity,"S Chand and Co Pvt Ltd, Blume Ventures",2016,March
Proximit,Technology,Pune,"1,50,000",Seed Funding,Funding through 1Crowd platform,2016,March
WithMe,Consumer Internet,Gurgaon,"2,50,000",Seed Funding,"Alex Kuruvilla, Pradeep Guha, Saket Dhankar, Rajan Pandhare",2016,March
Gapoon,Consumer Internet,Bangalore,"1,80,000",Seed Funding,"Chandrashekar Tallapragada, Pankaj Kapoor",2016,March
Avagmah,Consumer Internet,Bangalore,,Seed Funding,"Kris Gopalakrishnan, Atul Nishar",2016,March
WorkIndia,Consumer Internet,Mumbai,,Seed Funding,Beenext,2016,March
Wealthy,Consumer Internet,Bangalore,"2,50,000",Seed Funding,"Zishaan Hayath, Abhishek Goyal, Arjun and Rohan Malhotra, Harpreet Singh Grover, Gagan Dugal",2016,March
Pramati,Healthcare,Noida,"2,00,000",Seed Funding,Undisclosed investors,2016,March
Qlivery,Consumer Internet,Gurgaon,"2,30,000",Seed Funding,Swastika Company Ltd,2016,March
HealthEnablr,Consumer Internet,Mumbai,"8,00,000",Seed Funding,Undisclosed investors,2016,March
Liftiee,Consumer Internet,Mumbai,"1,08,000",Seed Funding,"Rannvijay Singh, Anita Hassanandani",2016,March
Hello Curry,Food & Beverage,Hyderabad,"15,00,000",Private Equity,Sashi Reddi & Other unnamed investors,2016,March
goSporto,Consumer Internet,New Delhi,"30,000",Seed Funding,Naveen Gupta,2016,March
OneClickWash,Consumer Internet,Gurgaon,,Seed Funding,Unitus Seed Fund,2016,March
Girnar Software,Consumer Internet,Jaipur,,Private Equity,Google Capital,2016,March
Room On Call,Consumer Internet,Gurgaon,"20,00,000",Private Equity,CASHurDRIVE Marketing Pvt Ltd,2016,March
Byju\\xe2\\x80\\x99s,Consumer Internet,Bangalore,"7,50,00,000",Private Equity,"Sequoia India, Sofina",2016,March
BigBasket,eCommerce,Bangalore,"15,00,00,000",Private Equity,Abraaj Group,2016,March
DrivoJoy,Consumer Internet,Bangalore,"6,00,000",Seed Funding,"Indian Angel Network, Tracxn Labs & Others",2016,March
Smartron,Technology,Bangalore,,Private Equity,Sachin Tendulkar,2016,March
LifCare,Consumer Internet,Jaipur,,Seed Funding,"Rajul Garg, Alok Mittal, Kunal Shah, Rishi Mandawat, Dheeraj Jain, Sandeep Tandon, Dexter Angel Circle",2016,March
CreditSeva,Consumer Internet,Hyderabad,"3,60,000",Seed Funding,"Pix Vine Capital, Infocomm Development Authority of Singapore",2016,March
CityShor,Consumer Internet,Ahmedabad,,Seed Funding,GAIN,2016,March
Endless Robotics,Technology,Hyderabad,"1,00,000",Seed Funding,"Devidas Desai, Vipul Gautam, Singapore Angel Network",2016,March
SP Robotics,Technology,Chennai,"3,00,000",Seed Funding,"Indian Angel Network,",2016,March
StalkBuyLove,eCommerce,New Delhi,,Seed Funding,"500 Startups, Littlerock, Singularity Ventures",2016,March
eKincare,Consumer Internet,Hyderabad,"3,30,000",Private Equity,"BitChemy Ventures, Maheshwari Investments Pvt Ltd, Anshoo Gaur, Rama Krishna Reddy, Sandeep Seerapu",2016,March
HashLearn,Consumer Internet,,,Seed Funding,"Bhavish Aggarwal, Binny Bansal,\\xc2\\xa0 Rajan Anandan, Mekin Maheshwar, Sunil Kalra, Anupam Mittal, Krishna Mehra, Singapore Angel Network",2016,March
Wheelstreet,Consumer Internet,Bangalore,"5,00,000",Private Equity,Broadbean Capital services,2016,March
Horntell,Consumer Internet,Gurgaon,"1,50,000",Seed Funding,"Bharanidharan Viswanathan, Sanjiv Mittal, Shobhit Shukla, Rahul Agarwal",2016,March
Schoolkart,eCommerce,Noida,"3,00,000",Seed Funding,Undisclosed investors,2016,March
HealthEminds,Consumer Internet,Bangalore,,Seed Funding,Robin Utthappa,2016,March
Babygogo,Consumer Internet,New Delhi,"3,00,000",Seed Funding,"Rajul Garg, Daljit Singh, Aditya Vij, Kishore Kumar, Shuchin Bajaj",2016,March
Veritas Finance,Finance,Chennai,"47,00,000",Private Equity,Sarva Capital,2016,March
QikShip,Consumer Internet,New Delhi,"2,00,000",Seed Funding,undisclosed investors,2016,March
FixNix,Consumer Internet,Chennai,"5,00,000",Seed Funding,Jay Vijayan,2016,March
True Balance,Technology,Gurgaon,,Private Equity,SoftBank Ventures Korea,2016,March
Touchkin,Healthcare,Bangalore,"4,00,000",Seed Funding,"Alok Mittal, Amit Gupta, Anuj Srivastava, Himanshu Aggarwal, Raghunandan G, Puneet Agarwal",2016,March
SwitchMe,Consumer Internet,Mumbai,,Seed Funding,"Mohandas Pai, Hiro Mashita, Singapore Angel Network, 500 Startups, Rajan Anandan, Ajay Sarupria",2016,March
Transcell,Healthcare,Hyderabad,,Seed Funding,Indian Angel Network,2016,March
Blue Tokai Coffee,ECommerce,New Delhi,,Seed Funding,Snow Leopard Technology Ventures,2016,February
Altizone,Technology,Pune,"40,00,000",Private Equity,"Wipro Ventures,\\xc2\\xa0 Lumis Partners",2016,February
Oust App,Consumer Internet,Bangalore,,Seed Funding,"T V Mohandas Pai,\\xc2\\xa0 Aarin Capital",2016,February
Strike,Consumer Internet,Bangalore,"22,500",Seed Funding,Multiple investors through Ten Minute Million competition,2016,February
MaaxMarket,Consumer Internet,,"22,500",Seed Funding,Multiple investors through Ten Minute Million competition,2016,February
Gamooz,Technology,Gurgaon,"22,500",Seed Funding,Multiple investors through Ten Minute Million competition,2016,February
SoundSurround,Technology,Mumbai,"22,500",Seed Funding,Multiple investors through Ten Minute Million competition,2016,February
Mazkara,Consumer Internet,Pune / Dubai,"10,00,000",Seed Funding,Dunamis Ventures Pte Ltd.,2016,February
RoadGods,ECommerce,New Delhi,"1,00,000",Seed Funding,Green House Ventures (GHV),2016,February
Pindropmusic,Consumer Internet,Noida,"1,00,000",Seed Funding,Green House Ventures (GHV),2016,February
Woodpie,Consumer Internet,Bangalore,"30,000",Seed Funding,Ingram Content Group,2016,February
Perfumery,ECommerce,New Delhi,"30,000",Seed Funding,Oranda Global & Others,2016,February
Magic Crate,Education,Bangalore,,Seed Funding,"TV Mohandas Pai, Aarin Capital",2016,February
ZenDrive,Technology,Bangalore / SFO,"1,35,00,000",Private Equity,"Sherpa Capital, Nyca Partners and Thomvest Ventures",2016,February
Smartcooky,ECommerce,New Delhi,,Private Equity,"Vandana Luthra,",2016,February
Turtlemint,Consumer Internet,Mumbai,,Private Equity,Nexus Venture Partners,2016,February
BHIVE,Real Estate,Bangalore,,Seed Funding,"Raghunandan G, Venturesity, Arihant Patni",2016,February
Gingercrush,Ecommerce,Vadodara,"10,00,000",Private Equity,"Saha Fund, TV Mohandas Pai, Zia Mody, Mumbai Angels, Ananda Kallugadde, Rakesh Desai, Rakesh Malhotra",2016,February
American Vision,Consumer Internet,Pune,"81,000",Seed Funding,Undisclosed investors,2016,February
DawaiLelo,Consumer Internet,Varanasi,"52,000",Seed Funding,Undisclosed investors,2016,February
Heads Up For Tails,Ecommerce,New Delhi,"10,00,000",Seed Funding,Undisclosed investors,2016,February
LiveNutriFit,Healthcare,New Delhi,,Seed Funding,"Mohit Goel, Vinod Jain & Others",2016,February
Moglix,Ecommerce,New Delhi,,Private Equity,Ratan Tata,2016,February
iStyleYou,Consumer Internet,Gurgaon,"1,00,000",Seed Funding,Green House Ventures (GHV),2016,February
AdUrCup,Consumer Internet,New Delhi,"1,00,000",Seed Funding,Green House Ventures (GHV),2016,February
Weddingz,Consumer Internet,Mumbai,,Private Equity,Sixth Sense Ventures,2016,February
Urban Dhobi,Consumer Internet,Jaipur,,Seed Funding,"Vinod Bansal, Sanjeev Singhal",2016,February
Gray Routes,Consumer Internet,Mumbai,,Seed Funding,"Mahesh Parasuraman, Rahul Gautam & Others",2016,February
Xpressbees,ECommerce,Pune,"1,25,00,000",Private Equity,"SAIF Partners, IDG Ventures India, Vertex Ventures, Valiant Capital",2016,February
Invictus Oncology,Healthcare,New Delhi,,Private Equity,Ratan Tata,2016,February
Hansel.io,Technology,Bangalore,,Seed Funding,"Endiya Partners, Mekin Maheshwari, Rajesh Sawhney",2016,February
Inc42,Consumer Internet,New Delhi,,Seed Funding,"India Ventures, Aarin Capital & Others",2016,February
GOQii,Technology,Mumbai,,Private Equity,Edelweiss Financial Services,2016,February
Capzest,Consumer Internet,Mumbai,"2,00,000",Seed Funding,Lion Ventures,2016,February
GlamStudios,Consumer Internet,Noida,,Seed Funding,Aqeel Ahmed,2016,February
Affimity,Consumer Internet,Bangalore,"12,00,000",Seed Funding,undisclosed investors,2016,February
Anandakanda,Technology,Pune,"1,50,000",Seed Funding,undisclosed investors,2016,February
JoulestoWatts,Technology,Bangalore,,Seed Funding,Manipal Global Education Services,2016,February
Shopkirana,Consumer Internet,Indore,,Seed Funding,"Atul Jain, Anil Gelra, Jaikumar Nair",2016,February
Stylofie,Consumer Internet,Gurgaon,,Seed Funding,Jaideep Mehta,2016,February
OyBob,eCommerce,Gurgaon,,Seed Funding,Sachin Dalal,2016,February
ActOnMagic,Technology,Bangalore,"1,25,000",Seed Funding,Jayabalan Subramanian,2016,February
Bonhomia,Food & Beverage,New Delhi,"10,00,000",Seed Funding,"Alok Rawat, Grey Orange Robotics",2016,February
iGrenEnergi,Technology,Mumbai,"10,00,000",Seed Funding,Sunil Mehta,2016,February
RKSV,Consumer Internet,Mumbai,"40,00,000",Private Equity,Kalaari Capital,2016,February
Aasaanjobs,Consumer Internet,Mumbai,"50,00,000",Private Equity,"Aspada Advisors, IDG Ventures,\\xc2\\xa0 Inventus Capital",2016,February
Snapdeal,eCommerce,New Delhi,"20,00,00,000",Private Equity,Ontario Teachers\\xe2\\x80\\x99 Pension Plan & Others,2016,February
Jugnoo,Consumer Internet,Chandigarh,,Private Equity,Saumya Tandon,2016,February
Snapbizz,Technology,Bangalore,,Private Equity,Ratan Tata,2016,February
GoYaNo,Consumer Internet,Gurgaon,"50,000",Seed Funding,Mukesh Kumar Gupta,2016,February
RentSher,Consumer Internet,Bangalore,"3,00,000",Seed Funding,"Vaibhav Doshi, Abhay Singhal, Vibhu Garg, Joby Babu, Abhishek Acharya, Manish Shah",2016,February
Buddy,Finance,Bangalore,"5,00,000",Seed Funding,"Blume Ventures,\\xc2\\xa0 Tracxn Labs",2016,February
Legistify,Consumer Internet,New Delhi,,Seed Funding,Ranjit Singh,2016,February
TableHero,Consumer Internet,Bangalore,"10,00,000",Seed Funding,"GrowX Ventures, Kunal Shah, Sandeep Tandon, Haresh Chawla, Powai Lake Ventures, Globevestor",2016,February
BetterPlace,Technology,Bangalore,"9,70,000",Seed Funding,Unitus Seed Fund,2016,February
Salebhai,eCommerce,Ahmedabad,,Seed Funding,"Virendra Shekhawat, Deepak Chokhani, Yogesh Patel & Others",2016,February
icustommadeit,eCommerce,Pune,"40,00,000",Private Equity,"Brand Capital, Siddhivinayak Skyscrapers, Dinesh R. Challa",2016,February
Tring,Consumer Internet,Pune,,Seed Funding,Vishwadeep Bajaj & Others,2016,February
Medinfi,Consumer Internet,Bangalore,,Seed Funding,"Rajnish Sinha, Prijit Debnath, Kanchan Ghoshal",2016,February
Timemytask,Consumer Internet,Mumbai,,Seed Funding,Lead Angels,2016,February
GameZop,Technology,New Delhi,"3,50,000",Seed Funding,"KWAN Entertainment & Marketing Solutions, Powerhouse Ventures & Others",2016,February
Notary Mama,Consumer Internet,Bangalore,,Seed Funding,"Dr Nandish Domlur, Amit Sandill",2016,February
The Viral Fever,Consumer Internet,Mumbai,"1,00,00,000",Private Equity,Tiger Global,2016,February
Avanti Learning,Education,New Delhi,"50,00,000",Private Equity,Michael & Susan Dell Foundation,2016,February
Bollant Industries,Technology,Hyderabad,,Private Equity,Ratan Tata,2016,February
GetVee,Consumer Internet,New Delhi,,Private Equity,"Lightspeed Venture Partners, K Ganesh",2016,February
HealthKumbh,Consumer Internet,Ahmedabad,"73,000",Seed Funding,Undisclosed investor,2016,February
Unlaze,Consumer Internet,Gurgaon,,Seed Funding,"Sujal Shah, Dino Morea",2016,February
Tracxn,Technology,Bangalore,,Private Equity,"Nandan Nilekani, Mohandas Pai, Neeraj Arora, Anand Rajaraman, Girish Mathrubootham, Aneesh Reddy & Teruhide Sato",2016,February
Careongo,ECommerce,New Delhi,"3,00,000",Seed Funding,Farooq Oomerbhoy & Other angel investors,2016,February
Ark Robot,Technology,Bangalore,"3,50,000",Seed Funding,Qualcomm (Through QPrize Contest),2016,February
Jaypore,ECommerce,New Delhi,"50,00,000",Private Equity,Aavishkaar,2016,February
Finance Buddha,Consumer Internet,Bangalore,,Seed Funding,Chennai Angels,2016,February
AlmaConnect,Consumer Internet,New Delhi,,Seed Funding,"Mohandas Pai, Varun Aggarwal",2016,February
Advantage Club,Consumer Internet,Gurgaon,"4,00,000",Seed Funding,Purvi Ventures & Others,2016,February
LocalRamu,Consumer Internet,Bangalore,,Seed Funding,3 undisclosed investors,2016,February
Baby Berry,Consumer Internet,Bangalore,"10,00,000",Seed Funding,Nitin Bagmane & Other undisclosed investors,2016,February
Magicpin,Consumer Internet,New Delhi,"30,00,000",Private Equity,Lightspeed India,2016,February
First Eat,Consumer Internet,New Delhi,"1,00,000",Seed Funding,Undisclosed investor,2016,February
SigTuple,Technology,Bangalore,,Seed Funding,"Sachin Bansal, Binny Bansal, Accel Partners & Others",2016,February
Taskbob,Consumer Internet,Mumbai,"45,00,000",Private Equity,"IvyCap Ventures, Orios Venture Partners, Mayfield India",2016,February
Styledotme,Consumer Internet,New Delhi,"37,000",Seed Funding,Indian Angel Network,2016,February
NewsLaundry,Consumer Internet,New Delhi,,Private Equity,"Omidyar Network,\\xc2\\xa0 Vikram Lal, Abhijit Bhandari, Mahesh Murthy, Shashank Bhagat",2016,February
CupoNation,Consumer Internet,Gurgaon,"1,10,00,000",Private Equity,"Rocket Internet AG, Holtzbrink Ventures, New Enterprise Associates (NEA), e.ventures, ru-Net, Deutsche Telekom Strategic Investments (DTSI), Silicon Valley Bank",2016,February
Aarav UAV,Technology,Kanpur,,Seed Funding,"StartupXseed Ventures, The Phoenix Fund and others",2016,February
Sayfix,Consumer Internet,Bangalore,"1,60,000",Seed Funding,Yajnanarayana Kammaje,2016,February
LoanZen,Consumer Internet,Bangalore,,Seed Funding,Tracxn Syndicate,2016,February
NoBroker,Consumer Internet,Bangalore,"1,00,00,000",Private Equity,"Beenext, Digital Garage, Beenos, Qualgro, Mamoru Taniya, SAIF Partners",2016,February
AppilyEver,Consumer Internet,Hyderabad,"4,00,000",Seed Funding,"Varun Aggarwal, Suresh Venkat, Raj Y",2016,February
Pocketin,Consumer Internet,Noida,"1,50,000",Seed Funding,Swastika Company Ltd,2016,February
FeetApart,Consumer Internet,Bangalore,,Seed Funding,Vishal Bali & Others,2016,February
OfBusiness,eCommerce,Gurgaon,"50,00,000",Private Equity,Matrix Partners India,2016,February
CarveNiche,Consumer Internet,Bangalore,,Seed Funding,"Calcutta Angels, Lead Angels & Others",2016,February
Juspay,Consumer Internet,Bangalore,"58,00,000",Private Equity,"Accel Partners, Ashish Hemrajani, Parikshit Dar, Rajesh Balpande",2016,February
Funcart,eCommerce,New Delhi,"70,000",Seed Funding,Undisclosed HNIs,2016,February
Freedom Smart Labs,Technology,New Delhi,"1,45,000",Seed Funding,Kapil Goel,2016,February
EduBridge,Consumer Internet,Mumbai,"25,00,000",Private Equity,"Insitor Impact Asia Fund, Acumen Fund",2016,February
Nestaway,Consumer Internet,Bangalore,,Private Equity,Ratan Tata,2016,February
Hopscotch,eCommerce,Mumbai,"1,30,00,000",Private Equity,Eduardo Saverin,2016,February
PinClick,Consumer Internet,Bangalore,,Private Equity,Undisclosed investors,2016,February
Smartcooky,ECommerce,New Delhi,,Seed Funding,"Rajan Anandan, Pramod Bhasin, Siddharth Pai, TV Mohandas Pai, Manvinder Singh Banga",2016,January
Helpi,Consumer Internet,Mumbai,,Seed Funding,Undisclosed Investors,2016,January
DogSpot,ECommerce,Gurgaon,,Seed Funding,Ratan Tata,2016,January
Career360,Education,New Delhi,,Private Equity,MeritTrac,2016,January
B9 Beverages,Food & Beverage,New Delhi,"60,00,000",Private Equity,"Sequoia Capital, Kunal Bahl, Rohit Bansal, Deepinder Goyal, Ashish Dhawan, Mayank Singhal",2016,January
WIMWI Foods,Food & Beverage,Ahmedabad,,Seed Funding,Centre for Innovation Incubation and Entrepreneurship (CIIE),2016,January
MyChild App,Education,Bhopal,"1,00,000",Seed Funding,"Samir Bangara, Anisha Mittal, Amit Gupta, Pallav Nadhani, Lalit Mangal, Arihant Patni, Dr. Ritesh Malik, Deobrat Singh, Saurab Paruthi, Singapore Angel Network.",2016,January
Instaproc,ECommerce,Noida,,Seed Funding,Dinesh Agarwal,2016,January
360Ride,Consumer Internet,Bangalore,"1,50,000",Seed Funding,Undisclosed,2016,January
Alef\\nMobitech,Consumer Internet,Mumbai,"50,00,000",Private Equity,Tata Capital Innovation Fund,2016,January
Tracxn,BFSI,Bangalore,,Seed Funding,Ratan Tata,2016,January
Qdesq,Real Estate,Gurgaon,,Seed Funding,"Dheeraj Jain, Jagdish Kumar, Bharat Gupta, Ankush Saigal, Praveen Saini",2016,January
Sensara,Technology,Bangalore,"7,50,000",Seed Funding,"Lalitesh Katragadda,\\xc2\\xa0 Ganayantrika Systems",2016,January
Zebpay,Consumer Internet,Ahmedabad,"10,00,000",Private Equity,"Arjun Handa, Amit Jindal, Nagendra Chaudhary",2016,January
PlanMy\\nMedicalTrip,Healthcare,Pune,"1,50,000",Seed Funding,"Bhanu Vikram Parsotam, Rohan Desai and Paras Patel",2016,January
MyCity4Kids,Education,Gurgaon,"30,00,000",Private Equity,"SIDBI Venture Capital Limited, YourNest Angel Fund",2016,January
Justdakhila.com,Education,New Delhi,"7,50,000",Seed Funding,Ankur Gupta,2016,January
PitStop,Consumer Internet,Bangalore,,Seed Funding,Myntra/LivSpace Founders,2016,January
Bikxie,Consumer Internet,Gurgaon,,Seed Funding,Undisclosed Investors,2016,January
Infurnia,Consumer Internet,Bangalore,"1,60,000",Seed Funding,Idein Ventures,2016,January
Myly,Education,Jaipur,"1,00,000",Seed Funding,Newbie Promoter Pvt Ltd,2016,January
MakeMyTrip,Consumer Internet,Gurgaon,"18,00,00,000",Private Equity,Ctrip.com International Ltd,2016,January
Melorra,ECommerce,Bangalore,"50,00,000",Private Equity,Lightbox Ventures,2016,January
ConfirmTKT,Consumer Internet,Bangalore,"2,50,000",Seed Funding,"Krishna Jhujhunwala, Dr. Apoorv Ranjan Sharma, Anirudh Damani, Anand Ladsariya, Sanjay Mehta & Others",2016,January
Gyaanzone,Education,Mumbai,"45,000",Seed Funding,GBIM Technologies Pvt Ltd,2016,January
FlatFurnish,Consumer Internet,Gurgaon,,Seed Funding,Arun Chandra Mohan,2016,January
Lumiere,ECommerce,Bangalore,,Private Equity,Undisclosed investors,2016,January
Koovs,ECommerce,Gurgaon,"54,00,000",Private Equity,"Nahata Family, Waheed Alli",2016,January
Wishup,Consumer Internet,New Delhi,,Seed Funding,"500 Startups, Mato Peric, TracxnLabs",2016,January
FreshMenu,Consumer Internet,Bangalore,"1,65,00,000",Private Equity,"Zodius Capital, Lightspeed Venture Partners",2016,January
SavvyMob,ECommerce,Bangalore,"10,00,000",Seed Funding,"TV Mohandas Pai, LetsVenture",2016,January
Fashionablyin,Consumer Internet,Mumbai,,Seed Funding,Ranjan Mahtani,2016,January
Shopclues,ECommerce,Gurgaon,"10,00,00,000",Private Equity,"GIC, Tiger Global Management, Nexus Venture Partners",2016,January
Hike Messenger,Consumer Internet,New Delhi,,Private Equity,"Matt Mullenweg, Adam D\\xe2\\x80\\x99Angelo, Aditya Agarwal,\\xc2\\xa0 Ruchi Sanghvi & Others",2016,January
iBus Networks,Technology,Bangalore,"23,00,000",Private Equity,"Vallabh Bhanshali, N Squared Management LLC, Jagdish & Sandeep Mehta Family Office",2016,January
Happy2Refer,Consumer Internet,Mumbai,"2,50,000",Seed Funding,"Equity Crest, Vinners, Sparknext",2016,January
CarTrade,Consumer Internet,Mumbai,"14,50,00,000",Private Equity,"Temasek Holdings, March Capital, Warburg Pincus",2016,January
Rentomo,Consumer Internet,Bangalore,"1,00,000",Seed Funding,Shiva Ashok & Other unnamed investors,2016,January
Roder,Consumer Internet,New Delhi,"2,40,000",Seed Funding,Unicorn India Ventures,2016,January
Bucker,Consumer Internet,Hyderabad,,Seed Funding,"50k Ventures, Munish Jauhar, Pulkit Jain, Rohit Narang",2016,January
Care24,Healthcare,Mumbai,"40,00,000",Private Equity,"SAIF Partners, India Quotient",2016,January
Obino,Healthcare,Mumbai,,Private Equity,RoundGlass Partners,2016,January
Snapshopr,Consumer Internet,Bangalore,,Seed Funding,Amod Malviya,2016,January
Buildkar,ECommerce,Bangalore,,Seed Funding,"Mustafa Wajid, Umang Kumar & Others",2016,January
Orahi,Consumer Internet,Gurgaon,"5,20,000",Seed Funding,Indian Angel Network,2016,January
Zapr,Technology,Gurgaon,,Seed Funding,"Flipkart, Saavn, Micromax, Dhiraj Rajaram, Ambiga Dhiraj, Dinesh Agarwal, Samir Bangara, Sanjay Nath, Arihant Patni",2016,January
Remidio,Healthcare,Bangalore,,Private Equity,Cipher-Plexus Capital Advisors & Indian HNIs,2016,January
Fitso,Consumer Internet,Gurgaon,"2,00,000",Seed Funding,"Varun Khurana, Samar Singla, Vinay Bansal,",2016,January
evibe.in,Consumer Internet,Bangalore,,Seed Funding,"Hyderabad Angels, Lalit Mangal,\\xc2\\xa0 Vikas Malpani, Gaurav Bhalotia, LV Prasad",2016,January
Zoctr,Consumer Internet,Mumbai,,Seed Funding,Times Group,2016,January
Jobick,Consumer Internet,Noida,,Seed Funding,Abhinav Mathur,2016,January
Plick,Consumer Internet,Mumbai,,Seed Funding,Sanjay Mehta,2016,January
Voice Friends,Consumer Internet,Mumbai,,Seed Funding,Huzaifa Khorakiwala,2016,January
Kartrocket,Consumer Internet,New Delhi,"60,00,000",Private Equity,"Bertelsmann India Investments, Nirvana Digital India Fund, Nirvana Digital Investment Holding, 500 Startups",2016,January
Swiggy,Consumer Internet,Bangalore,"3,50,00,000",Private Equity,"Harmony Partners, RB Investments & existing investors",2016,January
TinyStep,Consumer Internet,Bangalore,,Seed Funding,Flipkart,2016,January
Cashkaro,Consumer Internet,Gurgaon,,Private Equity,Ratan Tata,2016,January
Gameezop,Consumer Internet,New Delhi,,Seed Funding,Anand Chandrasekaran & Others,2016,January
DailyObjects,ECommerce,New Delhi,"14,00,000",Private Equity,"Unilazer Fund,\\xc2\\xa0 Phanindra Sama, Peyush Bansal",2016,January
Indus OS,Technology,Mumbai,"50,00,000",Private Equity,"Omidyar Network,",2016,January
CollegeDunia,Consumer Internet,New Delhi,"4,45,000",Seed Funding,Umang Kumar,2016,January
Villgro,Finance,Chennai,"35,00,000",Private Equity,"Lemelson Foundation, Michael and Susan Dell Foundation",2016,January
Reddoorz,Consumer Internet,New Delhi,,Private Equity,500 Startups,2016,January
IndustryBuying,ECommerce,New Delhi,"18,00,000",Private Equity,Trifecta Capital,2016,January
Just Buy Live,ECommerce,Mumbai,"2,00,00,000",Private Equity,Alpha Capital,2016,January
IMbesharam,ECommerce,New Delhi / US,"40,00,000",Private Equity,Undisclosed US Based Investors,2016,January
Moodoo,Consumer Internet,Mumbai / UK,"40,000",Seed Funding,Sa\\xc3\\xafd Business School Seed Fund.,2016,January
Saral Designs,Healthcare,Mumbai,,Seed Funding,"Farooq Adam, Ambi Parameswaran,",2016,January
FirstCry,ECommerce,Pune,,Private Equity,Ratan Tata,2016,January
Fisdom,Consumer Internet,Bangalore,"5,00,000",Seed Funding,Rob Chandra,2016,January
Easypolicy,Consumer Internet,Noida,"22,00,000",Private Equity,Unilazer Ventures,2016,January
Housing.com,Consumer Internet,Mumbai,"1,50,00,000",Private Equity,SoftBank Corp,2016,January
CREO,Technology,Bangalore,"30,00,000",Private Equity,"Sequoia Capital, Beenext Ventures, India Quotient, Anand Chandrasekaran",2016,January
ShabdaNagari,Consumer Internet,Kanpur,"2,00,000",Seed Funding,Kanpur Angels & Others,2016,January
Little,Consumer Internet,Bangalore,,Private Equity,GIC,2016,January
SnapBizz,ECommerce,Bangalore,"72,00,000",Private Equity,"Jungle Ventures, Taurus Value Creation, Konly Venture, Blume Ventures",2016,January
Qlivery,Consumer Internet,Gurgaon,,Seed Funding,Chandigarh Angels Funding,2016,January
PlexusMD,Consumer Internet,Ahmedabad,,Seed Funding,"Arihant Patni, Avnish Mehra, Pranay Adhvaryu, Ravi Sampat",2016,January
Silvan,Technology,Bangalore,"5,15,000",Seed Funding,The Chennai Angels,2016,January
EPS,Technology,Mumbai,"3,50,00,000",Private Equity,APIS Partners,2016,January
Qubole,Technology,Bangalore,"3,00,00,000",Private Equity,"Institutional Venture Partners, Norwest Venture Partners, Lightspeed Venture Partners, CRV",2016,January
Gajty,Healthcare,Gurgaon,,Seed Funding,Purvi Ventures,2016,January
SIFTR Labs,Consumer Internet,Mumbai,"1,50,000",Seed Funding,Venture Catalysts,2016,January
Power2SME,Consumer Internet,Gurgaon,"2,10,00,000",Private Equity,"Nandan Nilekani, Accel Partners, Kalaari Capital and Inventus Capital",2016,January
SkyCandle,ECommerce,New Delhi,,Private Equity,GPA group,2016,January
Teabox.com,ECommerce,Siliguri,,Private Equity,Ratan Tata,2016,January
Buildzar,ECommerce,Gurgaon,"40,00,000",Private Equity,Puneet Dalmia,2016,January
Applicate,Technology,Bangalore,"10,00,000",Seed Funding,Undisclosed investors,2016,January
WhatsOnRent,ECommerce,Bangalore,,Seed Funding,Lalit Mangal & Others,2016,January
Zebi (yet to launch),Technology,Hyderabad,"10,00,000",Seed Funding,Un disclosed investors,2016,January
Truce,FMCG,Mumbai,"3,70,000",Seed Funding,"Anupam Mittal, Amit Gupta, Utsav Somani, Neeraj Goenka, Farooq Adam Mukadam",2016,January
JustDoc,Consumer Interne,Bangalore,,Seed Funding,"TV Mohandas Pai, Mohit Saxena, Raghunandan G, Singapore Angel Network, TracxnLabs",2016,January
Myeglu,Technology,Bangalore,,Seed Funding,Foxconn Technology Group & Others,2016,January
BitGiving,Consumer Internet,New Delhi,,Seed Funding,"Harminder Sahni, Krishna Mehra, Sanjay Bakshi",2016,January
Qriyo,Consumer Internet,Jodhpur,"1,60,000",Seed Funding,Idein Ventures,2016,January
N.O.W,Consumer Internet,Noida,,Seed Funding,Maple Capital Advisors,2016,January
Aisle,Consumer Internet,Bangalore,"1,85,000",Seed Funding,"TermSheet, ah! Ventures",2016,January
FreshMenu,Consumer Internet,Bangalore,"1,70,00,000",Private Equity,"Zodius Technology Fund, Lightspeed Venture Partners",2016,January
Truebil,ECommerce,Mumbai,"51,50,000",Private Equity,"Kalaari Capital, Inventus Capital, Tekton Ventures, Kae Capital",2016,January
Rare Media,Technology,New Delhi,"11,00,000",Private Equity,Info Edge (India) Ltd,2016,January
TinMen,Consumer Internet,Hyderabad,,Seed Funding,Lead Angel Network,2016,January
CodingLabs,Technology,Hyderabad,,Seed Funding,Vineet Nalla,2016,January
FindUrClass,Consumer Internet,Mumbai,,Seed Funding,"Amit Patni, Anirudh Damani, Samir Shah",2016,January
DesignBids,Consumer Internet,New Delhi,,Seed Funding,Indian Angel Network,2016,January
CollegeDekho,Online Education Information platform,Jaipur,"10,00,000",Seed Funding,GirnarSoft,2015,December
Black White Orange Brands,Brand Licensing Startup,Mumbai,,Seed Funding,YouWeCan Ventures,2015,December
Biteclub,Gourmet Food Discovery & Delivery platform,Gurgaon,,Private Equity,growX ventures,2015,December
Patel Logistics,Transportation & Logistics Platform,Mumbai,"56,00,000",Private Equity,Frontline Strategy,2015,December
Wigzo,Enterprise Marketing Automation platform,New Delhi,"5,00,000",Seed Funding,"Aarin Capital Partners, TV Mohandas Pai",2015,December
Zapluk,"Health, Wellness & Beauty Services App",Hyderabad,,Seed Funding,,2015,December
Godof Hospitals,Digital Healthcare,New Delhi,"20,00,000",Seed Funding,Pankaj Gupta,2015,December
RoomsTonite,Last Minute Hotel Booking App,Bangalore,"15,00,000",Seed Funding,"Lashit Sanghvi, Nikhil Vora, Venkat Vardhan,Mohammed Bin Abdul Rehman Al Khalifa,\\xc2\\xa0 Ralph Berezan, Vissal Mathew,\\xc2\\xa0 Balamurali Krishna",2015,December
Kaaryah,Womens Fashion Wear Portal,New Delhi,,Private Equity,"The Saha Fund, TV Mohandas Pai",2015,December
Anakage,Product Learning platform,Bangalore,,Seed Funding,CIO Angel Network (CAN),2015,December
EasyKhaana,Online Food ordering & Delivery platform,New Delhi,"1,00,000",Seed Funding,Undisclosed investors,2015,December
Shuttl,App based Bus Pooling Services,Gurgaon,"2,00,00,000",Private Equity,"Sequoia Capital, Times Internet Ltd & One more Fund",2015,December
Eckovation,Social Learning Platform,New Delhi,,Seed Funding,Chandigarh Angel Network (CAN),2015,December
Fitcircle,Social Fitness platform,Mumbai,,Seed Funding,Beerud Sheth and Ravi Mantha,2015,December
Applop,On Demand Mobile app developer,Kolkata,"1,00,000",Seed Funding,GHV Accelerator,2015,December
CaRPM,Car Maintenance & Management mobile app,Gurgaon,"1,00,000",Seed Funding,GHV Accelerator,2015,December
NDTV Wedding portal,Online Wedding Marketplace,New Delhi,"2,00,00,000",Private Equity,CerraCap,2015,December
Splitkart,Splitting Bills Mobile App,New Delhi,,Seed Funding,"Rajesh Sawhney, Anupam Mittal, Dinesh Agarwal, Gaurav Gupta,",2015,December
Zenatix,IOT Energy Management Analytics platform,Gurgaon,,Private Equity,Blume Ventures,2015,December
Customfurnish,Custom Made furniture e-tailer,Hyderabad,"45,00,000",Private Equity,Agnus Capital,2015,December
Faasos,QSR Chain,Pune,"3,00,00,000",Private Equity,"ru-Net, Sequoia Capital,\\xc2\\xa0 Lightbox Ventures",2015,December
Vlurn,eLearning platform,Mumbai,,Seed Funding,Vidyadhar Sarfare,2015,December
Leaf Wearables,Smart Safety Wearable Devices,New Delhi,"2,50,000",Seed Funding,"Ajeet Khurana Jinesh Shah, Vikram Chachra, Dr. Aniruddha Malpani",2015,December
Coolshare,Cab Sharing service Mobile app,Mumbai,"1,00,000",Seed Funding,Gopal Aggarwal,2015,December
mFicient,Cloud Enterprise Mobility Platform,New Delhi,,Seed Funding,Undisclosed investors,2015,December
HeyBiz,Online Shopping Assistant Mobile app,New Delhi,,Seed Funding,Shopclues,2015,December
Yumist,Home Cooked Food Order & Delivery platform,Gurgaon,"20,00,000",Private Equity,"Unilazer Ventures, Orios Venture Partners, Steven Lurie",2015,December
Jigsaw Academy,Online School for Analytics learning,Bangalore,"30,00,000",Private Equity,Manipal Global Education Services,2015,December
JoeHukum,Chat based personal Assistant App,Gurgaon,,Seed Funding,"TracxnLabs, Jitendra Gupta, Prashant Tandon",2015,December
Voxweb,Picture creation & Social mobile app,Mumbai,"3,50,000",Seed Funding,Undisclosed Investor,2015,December
Aye Finance,Nonbanking finance company,New Delhi,"30,00,000",Private Equity,"SAIF Partners, Accion",2015,December
JumboBasket,eCommerce returns etailer,Chandigarh,,Seed Funding,Chandigarh Angels Network,2015,December
BlackBuck,Online Freight Services Aggregator,Bangalore,"2,50,00,000",Private Equity,"Tiger Global Management, Yuri Milner, Apoletto, Accel Partners, Flipkart",2015,December
HomeStudio,Online Branded Furniture etailer,Bangalore,"50,00,000",Private Equity,Bren Corporation,2015,December
PropheSee,Digital Analytics Platform,New Delhi,"5,00,000",Seed Funding,"Indian Angel Network, Stanford Angels, Entrepreneurs India",2015,December
i2e1,Internet Network Infrastructure Services,New Delhi,"5,00,000",Seed Funding,GrowX Ventures,2015,December
Holisol Logistics,Supply Chain & Logistics Solutions,New Delhi,"1,00,00,000",Private Equity,CLSA Capital Partners ARIA IV Funds,2015,December
Stay Simple Resorts,Holiday Resort Chain,Bangalore,,Seed Funding,"Mr. Sudhir & Ms. Shalini Sethi, Mr. Praveen Someshwar",2015,December
Paynear,Mobile Point of Sale solutions,Hyderabad,"25,00,000",Private Equity,Mitesh Majithia,2015,December
Chillr,Peer-to-Peer Money Transfer & Recharge App,Mumbai,"7,00,00,000",Private Equity,"Sequoia Capital, Blume Ventures, Uniqorn Ventures and other",2015,December
EureQa,Test Automation SAAS platform,Hyderabad/USA,"6,00,000",Seed Funding,"Sashi Reddi, Gabriel Investments",2015,December
LocalCircles,Citizens Engagement Platform,Noida,,Private Equity,Anand Mahindra,2015,December
GetFocus,Indoor Navigation & Analytics Solutions,Mumbai,,Seed Funding,Undisclosed investors,2015,December
UrbanClap,Hyperlocal On-Demand Household Services platform,Gurgaon,,Private Equity,Ratan Tata,2015,December
OnlineRTI,Online RTI application services,Bangalore,"1,50,000",Seed Funding,"LetsVenture, Mohandas Pai",2015,December
Powerstores,ECommerce Website Creation SAAS platform,Goa,,Seed Funding,Extreme Venture Partners\\xc2\\xa0 William Bissell,2015,December
Weddingz.in,Wedding Venues & Vendors Marketplace,Mumbai,"10,00,000",Seed Funding,"Rajan Anandan, Zoya Akhtar, Reema Kagati, Ruchi Narain, Amrish Kumar, Hrishikesh Parandekar",2015,December
Intelligent Interfaces,Interface development platform for Government officials,Bangalore,,Seed Funding,"Sachin Bansal, Binny Bansal",2015,December
Capricoast,Modular Furnishings Marketplace,Bangalore,"35,00,000",Private Equity,"Accel Partners India, RB Investments",2015,December
JetSetGo,Private Jet Bookings Marketplace,Bangalore,,Private Equity,Puneet Dalmia,2015,December
Cabsguru,Cab search Comparison & Booking platform,New Delhi,"2,00,000",Seed Funding,Prashanth Ranganathan,2015,December
Whoop,Performance Optimization Platform for athletes,Boston,"30,00,000",Private Equity,Infosys,2015,December
BookEventz,Event Venue Booking Platform,Mumbai,,Seed Funding,"Mumbai Angels, Singapore Angel Network, Zishaan Hayath",2015,December
Deal Street Asia,Digital Media Platform,Singapore,,Seed Funding,"Vijay Shekhar Sharma, Singapore Angels Network",2015,December
Streamoid,visual search and discovery platform,Bangalore / Palo Alto,"10,00,000",Seed Funding,Undisclosed,2015,December
Housejoy,Home services marketplace,Bangalore,"2,25,00,000",Private Equity,"Amazon, Vertex Ventures, Qualcomm, Ru-Net Technology Partners, Matrix Partners",2015,December
Bluebirch,End to End reverse logistics Solution platform,Bangalore,"20,00,000",Seed Funding,"Chicago Capital Ventures, Sanjay Mehta, Others",2015,December
MeraDoctor,Virtual Health consultation app,Mumbai,"12,00,000",Private Equity,Unilazer,2015,December
STAGE 3,Online Renting platform,New Delhi,,Seed Funding,"Nisha Sharma, Puneet Dalmia, Balaji Prabhakar",2015,December
Rivigo,Logistics Services Provider,Gurgaon,"3,00,00,000",Private Equity,SAIF Partners and others,2015,December
Springboard,Data Science & UX design Learning platform,Bangalore,"17,00,000",Seed Funding,"Allen Blue, John Katzman, Naveen Tewari, Kartik Hosanagar, Kashyap Deorah, 500 Startups, Blue Fog Capital",2015,December
Eatfresh,Online marketplace for Chef Meals,Bangalore,,Private Equity,Kalaari Capital,2015,December
Ampere Vehicles,Electric Bike Manufacturers,Coimbatore,"12,00,000",Seed Funding,Kris Gopalakrishnan & Others,2015,December
Focus Digit,ECommerce platform solutions,New Delhi,,Seed Funding,Turning Ideas,2015,December
The News Minute,Online Media Publication,Bangalore,,Seed Funding,Quintillion Media,2015,December
CBREX,International Hiring Platform,Mumbai / NY,"2,00,000",Seed Funding,"Prahlad Rao, Sundara Rajan, Vikram Chachra",2015,December
TruckMandi,Logistics Service Provider Marketplace,New Delhi,"20,00,000",Private Equity,"Ritesh Dwivedy, Ramakant Sharma, Mount Nathan Advisors",2015,December
Peppertap,Hyperlocal\\xc2\\xa0 Grocery Delivery Service,Gurgaon,"40,00,000",Private Equity,Innoven Capital,2015,December
KOOH Sports,Sports Education Platform,Mumbai,"20,00,000",Private Equity,"TCS, HDFC, Faering Capital, Elevate Sports",2015,December
RentOnGo,"Bike, Appliances Renting marketplace",Bangalore,,Seed Funding,"Anand Chandrasekaran, Rajesh Sawhney, Kalpana Tatavarti, Shivanandan Pare",2015,December
Industrybuying,Online Marketplace for Industrial Goods,New Delhi,,Seed Funding,"Murugappa Group, TVS Group, Vellayan Subbiah, Arathi Krishna, Arun Venkatachalam",2015,December
Zapr,Reward points mobile app,Gurgaon,,Seed Funding,Dinesh Agarwal,2015,December
LatestOne,Mobile accessories online store,Hyderabad,"30,00,000",Private Equity,Palred Technologies Ltd,2015,December
PlanetGogo,Content Discovery & reward points platform,Gurgaon,,Seed Funding,HT Digital Media Holdings Ltd,2015,December
Arya.ai,Artificial Intelligence platform,Mumbai,"7,50,000",Private Equity,"YourNest Angel Fund, Venture Nursery",2015,December
Doctor Insta,Medical Consultation & Doctor appointment booking platform,Gurgaon,"5,00,000",Private Equity,"Rishi Parti, BrahmaX Ventures",2015,December
MobieFit,Mobile Fitness App,Goa,"10,00,000",Private Equity,Medi Assist,2015,December
LafaLafa,"Digital Coupons, Deal & Cashback aggregator app",Mumbai,,Private Equity,Vectr Ventures,2015,December
Mech Mocha,Mobile Game development & Design platform,Bangalore,"10,00,000",Seed Funding,"Blume Ventures, Flipkart",2015,December
Shotang.com,B2B eCommerce Marketplace,Bangalore,"50,00,000",Private Equity,"Exfinity Venture Partners, Unitus Impact Livelihoods Fund",2015,December
CityFurnish,Furniture and appliances rental platform,Gurgaon,,Seed Funding,Jitendra Gupta,2015,December
Black White Orange,B2B Merchandize platform,Mumbai,"3,03,000",Seed Funding,Collaborative Licensing Ventures LLP,2015,December
Kolabro,Real Estate focused Tech platform,Gurgaon,,Seed Funding,"Umang Kumar, Ruchir Arora & others",2015,December
Canvera,Photographer Online search & booking platform,Bangalore,"22,00,000",Private Equity,Info Edge (India) Ltd,2015,December
Town Essentials,Grocery Delivery platform,Bangalore,"10,00,000",Seed Funding,"Sharad Hegde, Girish Reddy, Siddharth Patil, Shrikant Patil",2015,December
Bumper,Mobile Car Servicing appointment app,Bangalore,"5,00,000",Seed Funding,SAIF Partners,2015,December
Hotify,New Curation Mobile App,Bangalore,"1,50,000",Seed Funding,Mahavir Pratap Sharma,2015,December
MobiKwik,Mobile Wallet,Gurgaon,"66,00,000",Private Equity,"Sequoia Capital, Tree Line Asia, Innoven Capital",2015,December
Intelligent Interfaces,Interface development platform for Government officials,Bangalore,,Seed Funding,Yuvraj Singh,2015,December
Twigly,Online Food Ordering & Delivery platform,Gurgaon,"2,00,000",Seed Funding,"Amit Gupta, Sahil Barua, Mukul Singhal, Tracxn Labs",2015,November
CityFlo,Bus Aggregation and rental mobile app,Mumbai,"7,50,000",Seed Funding,IDG Ventures,2015,November
Findyahan,hyperlocal online Services platform,Noida,,Private Equity,Times Group Brand Capital,2015,November
Sabse,WiFi \xe2\x80\x93 first Cloud communication platform,Mumbai,,Private Equity,Ratan Tata,2015,November
Pokkt,Alternate Mobile Monetization platform,Mumbai,"50,00,000",Private Equity,"Segnel Venture, Shinji Kimura, Sundar Chanrai, JAFCO Asia, SingTel\\xe2\\x80\\x99s Innov8, Jungle Ventures, K Ganesh",2015,November
oibanit,Online Food Ordering Marketplace,Vadodara,"1,50,000",Seed Funding,"Varun Ahuja, Anubhav Verma",2015,November
Stuffed,Quick Service Restaurant & Online Delivery,Mumbai,"3,85,000",Seed Funding,Riqueza Capital,2015,November
LoanBaba,Online Loans Marketplace,Mumbai,"3,20,000",Seed Funding,,2015,November
Deyor Rooms,Budget Hotels Aggregator,New Delhi,"5,00,000",Seed Funding,Dheeraj Jain & Others,2015,November
Bidgely,Efficient Energy Management platform,USA/India,"1,66,00,000",Private Equity,"Constellation Technology Ventures (Exelon Corporation), E.ON, RWE, Khosla Ventures",2015,November
Shirsa Labs,Digital Intelligent learning platform,Mumbai,"2,50,000",Seed Funding,ah! Ventures,2015,November
Paytunes,Voice Call incentivization mobile app,New Delhi,,Seed Funding,CIO Angel Network,2015,November
YourDOST,Online Counselling and psychological support platform,Gwalior,"4,00,000",Seed Funding,"Phanindra Sama, Aprameya Radhakrishna, Aneesh Reddy, Neeraj Jawalkar, Sanjay Anandaram, Pavan Ongole, Venk Krishnan",2015,November
BookMyBai,Domestic Help Aggregation platform,Mumbai,"1,50,000",Seed Funding,Vineel Nalla & Others,2015,November
MyIndianStay,Home Stay & room rentals platform,Goa,"2,00,000",Seed Funding,Undisclosed investors,2015,November
Bobble,Selfie Mobile App,New Delhi,,Private Equity,SAIF Partners & others,2015,November
RepUp,Online Reputation Management Platform,Gurgaon,,Seed Funding,Indian Angel Network,2015,November
Satvacart,Online Grocery platform,Gurgaon,"18,00,000",Private Equity,Undisclosed HNIs,2015,November
POPxo.com,Online content platform for women,New Delhi,"20,00,000",Private Equity,"IDG Ventures India, Kalaari Capital, 500 Startups",2015,November
SparesHub,Online Vehicle Spare Parts etailer,Pune,"4,60,000",Seed Funding,"Hyderabad Angels, M&S Partners",2015,November
Explara,Event Ticketing platform,Pune,"4,90,000",Private Equity,"Hyderabad Angels, Singapore Angel Network, Ness Wadia",2015,November
Soothe Healthcare,affordable Personal Healthcare Products,Noida,,Seed Funding,Saina Nehwal,2015,November
Yuvi Hospitality,Premium dining Lounges & restaurants,Gurgaon,"1,50,00,000",Private Equity,Chandralekha Construction Pvt. Ltd.,2015,November
AppVirality,Mobile Growth Hacking\\nPlatform,Hyderabad,"5,00,000",Seed Funding,"Rajan Anandan, Mike Galgon, Ravi Gururaj, Ashim Mehra,\\xc2\\xa0 Mohit Saxena, Internet Group, TNN Capital and others",2015,November
iStar Skill Development,Skill Training Startup,Bangalore,"15,00,000",Private Equity,"Michael & Susan Dell Foundation, Unitus Seed Fund",2015,November
BigStylist.com,Beauty and Wellness Marketplace,Mumbai,"10,00,000",Private Equity,Info Edge,2015,November
Zilingo,Marketplace App for Bangkok,Bangalore/ Bangkok,"19,00,000",Private Equity,"Sequoia India, BEENEXT Ventures, Kunal Shah & Sandeep Tandon",2015,November
Didi,On-demand Maids Service Provider,Mumbai,"1,50,000",Seed Funding,"Jozef Bardik, Leo Wang Sangeeth Ram",2015,November
Skoov.com,eCommerce Product Search Engine,Mumbai,"1,50,000",Seed Funding,undisclosed investor,2015,November
Chefs Basket,Ready to cook packaged Foods,Mumbai,"60,00,000",Private Equity,"SAIF Partners, Haresh Chawla",2015,November
Gingercrush,Product Customization Platform,Vadodara,,Seed Funding,TV Mohandas Pai\\xe2\\x80\\x99s family office,2015,November
Delight Foods,Branded Food products online sales,Bangalore,"6,00,000",Private Equity,"Lensbridge Capital, Mape Advisory Group, Fireside Ventures",2015,November
6Degree,Talent platform for Fashion professionals,Goa/Hyderabad,,Seed Funding,"Centre For Incubation & Business Acceleration (CIBA), Goa",2015,November
RenewBuy,Auto Insurance Online platform,Gurgaon,"5,00,000",Seed Funding,Mount Nathan Advisors Pte Ltd,2015,November
Grab,Hyperlocal Logistics Service Provider,Mumbai,,Seed Funding,Sixth Sense Ventures,2015,November
Hitwicket,Cricket Management Mobile Game,Hyderabad,"2,50,000",Seed Funding,Chennai Angels,2015,November
Flashdoor,On Demand Laundry Service platform,Bangalore,,Seed Funding,"Sujeet Kumar, Ankit Nagori, Traxcn Labs",2015,November
Cashkaro.com,Ecommerce Discount & Cashback coupons platform,Gurgaon,"37,00,000",Private Equity,Kalaari Capital,2015,November
Absentia,Virtual Reality Headset creator,Bangalore,"1,80,000",Seed Funding,"Astarc Ventures, 50K Ventures & others",2015,November
Renowala,Home Improvement Service platform,Hyderabad,,Seed Funding,Logtally,2015,November
TaskBucks,mobile-only tasks marketplace,New Delhi,"1,50,00,000",Private Equity,Times Internet,2015,November
CraftsVilla,Women Ethnic Wear\\xc2\\xa0 Online Marketplace,Mumbai,"3,40,00,000",Private Equity,"Sequoia India, Lightspeed Venture Partners, Nexus Venture Partners, Global Founders Capital, Apoletto",2015,November
Julia Computing,Numerical Computing & Data Science Platform,Bangalore,"6,00,000",Seed Funding,Gordon and Betty Moore Foundation,2015,November
StyleTag,Designer fashion Jewellery Marketplace,Bangalore,"75,00,000",Seed Funding,Jitu Virwani,2015,November
Smytten,Online Products Discovery Platform,Gurgaon,"2,00,000",Seed Funding,"Rimpal Chawla, Anuj Srivastava",2015,November
BiBox,Kids Tool kit for Innovation platform,Bangalore,"5,30,000",Seed Funding,Ravi Krishnamurthy,2015,November
Convegenius,Mobile Learning Solutions,Noida / Singapore,"3,00,000",Seed Funding,Enablers platform,2015,November
Ola,Car Aggregator & Retail Mobile App,Bangalore,"50,00,00,000",Private Equity,"Baillie Gifford, Falcon Edge Capital, Tiger Global, SoftBank Group, DST Global, Didi Kuaidi",2015,November
Goodbox,conversational commerce mobile app,Bangalore,"25,00,000",Private Equity,Nexus Venture Partners,2015,November
ScoopWhoop,Viral Content web Platform,New Delhi,"40,00,000",Private Equity,Kalaari Capital,2015,November
Hipship,Express local delivery platform,Bangalore,,Seed Funding,"Inara Capital , Rishi Khiani",2015,November
Pickrr,On-Demand Local Logistics provider,New Delhi,,Seed Funding,Palaash Ventures,2015,November
Truelancer,Curated Freelancer Marketplace,New Delhi,,Seed Funding,"Blackstone Valley Group, Raghu Vohra, Aditya Dev Sood, Kamal Bansal",2015,November
AHA Taxis,Online Taxi Rental Platform,Noida,,Seed Funding,ah! Ventures,2015,November
UrbanClap,Mobile Services Marketplace,Gurgaon,"2,50,00,000",Private Equity,"Bessemer Venture Partner, Accel, SAIF Partners",2015,November
SenseGiz,Smartwatch Maker,Belgaum,"5,00,000",Seed Funding,Karnataka Semiconductor Venture Capital firm,2015,November
PlaceofOrigin,Online Gourmet Food Marketplace,Bangalore,,Seed Funding,"S.D. Shibulal, Kris Gopalakrishnan, Srinath Batni, Professor Tarun Khanna,\\xc2\\xa0 Ganapathy Venugopal.",2015,November
Fourseven,Online Jewellery etailer,New Delhi,"4,55,000",Seed Funding,Indian Angel Network,2015,November
MindTickle,Sales & Productivity Software,Pune / US,"1,25,00,000",Private Equity,New Enterprise Associates,2015,November
Shopsense,ecommerce related software product platform,Mumbai,,Seed Funding,"Kae Capital, Kunal Bahl, Rohit Bansal",2015,November
Medinfi,Health-Tech platform,Bangalore,"3,05,000",Seed Funding,"Ram Kumar Kakani, Pradeep K Jaisingh, Sunil T V, Vijay Ghadge, Hemant Kaul, Gurmeet Chahal & Others",2015,November
OUWT,Nightlife Discovery Mobile App,Mumbai,"1,50,000",Seed Funding,Undisclosed investors,2015,November
HeyPillow,Online Real Estate Marketplace,Bangalore,"30,00,000",Private Equity,Hampton Capital,2015,November
Healers At Home,"Home Healthcare Services platform,",New Delhi,,Seed Funding,"Daljit Singh, Dr. Pramath Raj Sinha, BVR Mohan Reddy",2015,November
Caravan Craft,Indian Ethnic Crafts Etailer,Bangalore,"12,00,000",Private Equity,"Unitus Seed Fund, Bijou Kurien, Narayan Ramachandran",2015,November
Talkoot,Social platform for traders and investors,Bangalore,"1,00,000",Seed Funding,Undisclosed investors,2015,November
RentoMojo,"Online Furniture, Home Appliances Rental Platform",Bangalore,"20,00,000",Private Equity,"IDG Ventures India,\\xc2\\xa0 Accel Partners India",2015,November
Medikoe,Healthcare Services Discovery platform,Bangalore,"1,00,000",Seed Funding,Anil Menon,2015,November
Stylofie,Health and Beauty Services Marketplace,Gurgaon,"2,50,000",Seed Funding,Swastika,2015,November
ServX,Automotive Services platform,New Delhi,,Seed Funding,Manish Gupta,2015,November
Naaptol,Online and TV Shopping Marketplace,Mumbai,"5,20,00,000",Private Equity,"Mitsui & Co., New Enterprise Associates, Canaan Partners, Silicon Valley Bank",2015,November
Crayon Data,Big Data Analytics Platform,Chennai/ Singapore,,Private Equity,Ratan Tata,2015,November
EarlySalary.com,Mobile App based Loan disbursement platform,Mumbai,"15,00,000",Seed Funding,Ashok Agarwal,2015,November
Tooler,On Demand Laundry Services App,New Delhi,"1,10,000",Seed Funding,"Raghu Khanna, Sameer Gupta",2015,November
S Chand,Education Content Provider,New Delhi,"2,70,00,000",Private Equity,IFC Everstone Group,2015,November
Stelae,Content Management Software Solutions,Chennai,,Private Equity,Earlsfield Capital,2015,November
GoQii,Fitness Tracking Management Solutions,Mumbai,"1,34,00,000",Private Equity,"New Enterprise Associates, Cheetah Mobile",2015,November
Grofers,Hyper-local Grocery Delivery platform,Gurgaon,"12,00,00,000",Private Equity,"Softbank, Tiger Global, Sequoia Capital, Apoletto Managers",2015,November
Pluss,Hyperlocal healthcare product Delivery Service provider,Gurgaon,"10,00,000",Private Equity,"IDG Ventures, M & S partners, Powerhouse Ventures (USA).",2015,November
KountMoney,Online Lending Marketplace,Bangalore,,Seed Funding,"Tracxn, Ashish Goenka & Others",2015,November
StayGlad,On Demand Beauty Services Platform,Bangalore,,Private Equity,"Bessemer Venture Partners, Anil Chopra",2015,November
JustRide,Self Driven Rental Car Platform,Mumbai,"20,00,000",Private Equity,,2015,November
Fastudent,Education Content etailer,Noida,,Seed Funding,Ashish Gupta,2015,November
LearnOn,Clud based Learning platform,Chennai,,Seed Funding,JMR Infotech India Pvt Ltd,2015,November
Talentrack,Talent Exchange & Talent Services Marketplace,New Delhi,,Seed Funding,Unigrowth Inc,2015,November
M-TAXI,Two-Wheeler Taxi Service,Gurgaon,,Seed Funding,"Mandeep Singh, Jairaj Singh",2015,November
Baxi,Two-Wheeler Taxi Service,Gurgaon,"14,50,000",Seed Funding,"Manish Kheterpal, Alok Mittal,\\xc2\\xa0 Puneet Dalmia,",2015,November
Superhero Brands,character merchandize sales platform,Mumbai,"5,40,000",Seed Funding,DSG Consumer Partners,2015,November
MoMagic,Mobile Application Developer,New Delhi,,Private Equity,FIH Mobile Ltd,2015,November
QikPod,Ecommerce Delivery locker services,Bangalore,"90,00,000",Private Equity,"Flipkart, Accel Partners, Delhivery, Foxconn",2015,November
Butterfly Interactive,extra curricular activities marketplace app,New Delhi,,Seed Funding,Undisclosed investors,2015,November
Bro4U,Hyperlocal Online Home services provider,Bangalore,,Seed Funding,Sargod Ventures,2015,November
Indifi,Easy Business Loans platform,Gurgaon,,Seed Funding,"Accel Partners, Elevar Equity, Pramod Bhasin, Rajan Anandan, Gaurav Dalmia, Abhishek Goyal, Gagan Hasteer , Arun Tadanki",2015,October
Wydr,Performance based Wholesale Marketplace,New Delhi,,Seed Funding,Sandeep Aggarwal,2015,October
EasyFix,Professional Services Marketplace,Gurgaon,,Seed Funding,Axilor Ventures,2015,October
Muvizz,Movie-on-demand platform,Singapore,"3,50,000",Seed Funding,"Ashish Todi, Abhinav Patodia, Kumar Shwetabh",2015,October
Abhibus,us ticketing and fleet management platform,Hyderabad,,Private Equity,Paytm (One97 communications),2015,October
Cleartax,Online Income Tax Filing platform,New Delhi,,Private Equity,Paytm (One97 communications),2015,October
Shopalyst,Product discovery & recommendation platform,Bangalore,"20,00,000",Private Equity,Kalaari Capital,2015,October
Chillr,Mobile Payments App,Mumbai,"60,00,000",Private Equity,Sequoia Capital,2015,October
Nykaa,Beauty & Wellness Products e-tailer,Mumbai,"95,00,000",Private Equity,"Harsh Mariwala, Atul Nishar, Dalip Pathak, Michael Carlos",2015,October
Voylla,Fashion jewelry and accessories e-tailer,Jaipur,"1,50,00,000",Private Equity,Peepul Capital,2015,October
IndiaLends,Online Consumer Lending platform,New Delhi,"10,00,000",Private Equity,"DSG consumer Partners, Paragon Partners",2015,October
Rock N Shop,Premium Apparel shopping portal,New Delhi,"1,50,000",Seed Funding,High Networth Individuals (undisclosed),2015,October
DocPlexus,Exclusive Platform for Doctors & Healthcare professionals,Pune,"7,00,000",Seed Funding,"Uniqorn ventures, ASP Consulting",2015,October
WorkIndia,Job Board,Mumbai,"5,00,000",Seed Funding,"Satyen Kothari, Keshav Sanghi, Riddhesh Gandhi & Others",2015,October
SportzVillage,Sports Management & Physical Education Business,Bangalore,"1,00,00,000",Private Equity,Gaja Capital Private Equity Fund,2015,October
SportyBeans,multi-sport program for preschoolers,Pune,,Seed Funding,YouWeCan Ventures,2015,October
Burger Singh,QSR & Online delivery portal,Gurgaon,"5,00,000",Seed Funding,"Ashvin Chadha, Avtar Monga, Udaan Angels, Dheeraj Jain",2015,October
Welcome Cure,Online Homeopathy Clinic,Mumbai,"60,00,000",Private Equity,Unnamed Media house and HNIs,2015,October
SchoolGuru,E-Learning Service Provider,Mumbai,"30,00,000",Private Equity,High Networth Individuals from India & USA,2015,October
Naturally Yours,Organic Food etailer,Mumbai,,Seed Funding,Sanjay Mehta,2015,October
GoJavas,Delivery & Logistics Service provider,Gurgaon,"2,00,00,000",Private Equity,Snapdeal,2015,October
Scandid,Product Discovery & comparison App,Pune,,Private Equity,Micromax Informatics,2015,October
StalkBuyLove,Online Apparels Fashion brand,New Delhi,,Private Equity,"Mato Peric, Peter Kabel & others",2015,October
ZuperMeal,Home Cooked Food marketplace & Delivery,Mumbai,"20,00,000",Private Equity,"Sanjeev Kapoor,\\xc2\\xa0 Ravi Saxena & Others",2015,October
Cube26,Gesture based Mobile Development,New Delhi,"77,00,000",Private Equity,"Tiger Global Management, Flipkart",2015,October
Mobikon,Hotel Mobile CRM Software platform,Pune / Singapore,,Private Equity,"Life.SREDA, Qualgro",2015,October
Grabhouse,Rental Accommodation Search platform,Bangalore,"1,00,00,000",Private Equity,Sequoia and Kalaari Capital.,2015,October
Quifers,Logistics Tech Platform,Mumbai,"3,10,000",Seed Funding,"Vikas Agarwal, Vishal Khare, Sanjeev Kakkar, Smile Group",2015,October
Stockroom.io,Developer Portfolio Showcase platform,Hyderabad,"70,000",Seed Funding,Undisclosed Investors,2015,October
Curofy,Doctors Network Mobile App,New Delhi,,Private Equity,RoundGlass Partners,2015,October
Cloud Lending,End-to-End Lending platform,Bangalore / San Mateo,"80,00,000",Private Equity,SF Capital Group,2015,October
Inayo,on-demand healthcare marketplace,Mumbai,"3,00,000",Seed Funding,"Kemark Ventures, Amit Ranjan, Zishaan Hayath and Others",2015,October
WoNoBo,360-degree view creating platform,Bangalore,,Private Equity,Quikr,2015,October
Kulzy,Advertising & Marketing Community Networking platform,New Delhi,"10,00,000",Seed Funding,"Seedfund, Bedrock Ventures",2015,October
Zeppery,Food Ordering & Delivery App,New Delhi,"77,000",Seed Funding,Suyash Sharma,2015,October
Zify,Ride Sharing platform,Hyderabad,"1,90,000",Seed Funding,Sean O\\xe2\\x80\\x99Sullivan & Others,2015,October
Faircent,Online P2P lending marketplace,Gurgaon,,Private Equity,Aarin Capital Partners,2015,October
Bizongo,B2B marketplace for industrial goods,Mumbai,,Seed Funding,Accel Partners,2015,October
Gridle,Cloud Based Collaboration platform,Ahmedabad,"1,00,000",Seed Funding,LetsVenture,2015,October
Tripoto,global community for travellers,New Delhi,,Private Equity,"500 Startups, IDG Ventures & Advantedge fund, Neeraj Arora, Leon Seynave",2015,October
Mubble,Prepaid Bill manager App,Bangalore,,Private Equity,Accel Partners,2015,October
Voodoo,Mobile Only Shopping Assistant,New Delhi,"10,00,000",Seed Funding,SAIF Partners,2015,October
Lookup,Mobile Messaging Assistant App,Bangalore,"25,00,000",Private Equity,"Khosla Impact, Biz Stone, Catamaran Ventures, Global Founders Capital, European investment fund",2015,October
AskMyGift,Personalized Wish List creator app,Noida,"50,000",Seed Funding,Turning Ideas,2015,October
Gaana.com,Music Streaming mobile app,Mumbai,,Private Equity,Micromax Informatics Ltd,2015,October
Zappfresh,Raw Meat & Ready to eat food etailer,Gurgaon,"77,000",Seed Funding,Undisclosed Investors,2015,October
GymTrekker,Gym Discovery platform,Mumbai,,Seed Funding,"Dewang Neralla,Roopak Taneja, Manisha Gupta",2015,October
Bounty App,Online Purchase rewards app,Bangalore,,Seed Funding,"Fireside Ventures, Mumbai Angels MAPE Advisory Group.",2015,October
Homers.in,Home rental platform,Gurgaon,,Seed Funding,"Devesh Rai G, Rajesh Aggarwal, Amitpal Bhutani",2015,October
mShipper,Crowdsourced Delivery platform,New Delhi,,Seed Funding,Vijai Laxmi,2015,October
BolRealty,Real Estate Insights platform,New Delhi,,Seed Funding,Manpreet Singh,2015,October
S-Cube Futuretech,Structural & Civil Engg Service Automation,Mumbai,"10,00,000",Private Equity,Parampara Capital,2015,October
LetsVenture,Startup Funding Marketplace,Bangalore,,Private Equity,"Accel Partners, Anupam Mittal & other marquee investors",2015,October
Citrus Payment,Payments Solution platform,Mumbai,"2,50,00,000",Private Equity,"Sequoia Capital, Ascent Capital, eContext Asia, Beenos Asia",2015,October
Holidify,Travel Destination Discovery platform,New Delhi,"1,00,000",Seed Funding,Aarti Group,2015,October
PrimaSeller,Order Fulfillment SAAS platform,Bangalore,,Seed Funding,"Dr. Aniruddha Malpani Manish Gupta, M&S Partners & others",2015,October
Opinio,Last Mile Delivery Service,Bangalore,"70,00,000",Private Equity,"Delhivery, Sands Capital and Accel Partners",2015,October
Attune Technologies,Healthcare IT Solutions & services,Chennai,"1,00,00,000",Private Equity,"Qualcomm Venture, Norwest Venture Partners",2015,October
iChef.in,Gourmet Meals Delivery,Mumbai,,Private Equity,Springboard Ventures,2015,October
Jiyo Natural,Healthy Meals Food delivery platform,Bangalore,,Seed Funding,Indian Angel Network,2015,October
AgentDesks,Real Estate Mobile CRM,New York/ India,"29,50,000",Seed Funding,"Sierra Ventures, Cota Capital, Vegas Tech Fund",2015,October
White Owl Brewery,Micro-Brewery,Mumbai,"15,30,000",Private Equity,"Arihant Patni, RAAY Global Investments",2015,October
MealHopper,Home Made Food Marketplace,Gurgaon,"1,00,000",Seed Funding,"Alok Bajpai, Rajnish Kumar, Amit Dey",2015,October
Zenify.in,residential rental management platform,Bangalore,"6,40,000",Seed Funding,"Atul Jalan, Shrikanth & Bharath",2015,October
Stockal,Personalized Stock Intelligence Platform,Bangalore,,Seed Funding,"R Natarajan, Mohan Alexander",2015,October
Medd,Personal Diagnostic Mobile App,Mumbai,"1,50,000",Seed Funding,Group of Angel investors,2015,October
Leaping Caravan,Online food ordering & Delivery service,Gurgaon,"1,50,000",Seed Funding,Group of Angel investors,2015,October
Frsh,Online food ordering & Delivery service,Gurgaon,"10,00,000",Private Equity,"Mumbai Angels, Mayank Bhangdia, Kae Capital",2015,October
Qik Stay,Hotel Aggregator & booking platform,New Delhi,"2,50,000",Seed Funding,ID Enablers Pvt Ltd,2015,October
Parcelled,Online Logistics Platform,Bangalore,"50,00,000",Private Equity,Delhivery,2015,October
AlmaMapper,Online Student & Campus Social Networking platform,Ahmedabad,"4,00,000",Seed Funding,Oswal Techno Ventures LLP,2015,October
Flexing It,Professionals & Project Search Marketplace,New Delhi,"5,00,000",Seed Funding,undisclosed private investors,2015,October
Netmeds.com,Online Pharmacy,Chennai,"5,00,00,000",Private Equity,"OrbiMed, Pradip Dadha Group",2015,October
Razorpay,Online Payment Gateway,Jaipur,"90,00,000",Private Equity,"Tiger Global Management, Matrix Partners",2015,October
Jombay,Psychometric Test Online Software,Pune,,Private Equity,Ventureworks India,2015,October
Happitoo,Location based Nightlife recommendation\\xc2\\xa0 Platform,Mumbai,"77,000",Seed Funding,Unnamed investor,2015,October
Care24,Professional Health Services Platform,Mumbai,"3,50,000",Seed Funding,India Quotient,2015,October
Roadrunnr,Hyperlocal Logistics Service,Bangalore,"1,00,00,000",Private Equity,"Sequoia Capital, Nexus Venture Partners",2015,October
Simpli5d,Online user engagement platform,Gurgaon,,Private Equity,"Redcliffe Capital, YourNest Angel Fund",2015,October
ORIGA Leasing,Asset Financing platform,Mumbai,"11,00,000",Seed Funding,"ah! Ventures, 500 Startups & Other HNIs",2015,October
Smartivity.in,Virtual Reality activity based learning platform,New Delhi,"2,00,000",Seed Funding,S Chand and Co Pvt Ltd,2015,October
UrDoorStep,Online Grocery Store,Bangalore,,Private Equity,Jupiter Capital,2015,October
Tavaga,Investment management platform,Mumbai,,Seed Funding,Tracxn Syndicate,2015,October
Moglix,Industrial Toons Marketplace,Noida,,Private Equity,"Accel Partner, Jungle Ventures",2015,October
ZopHop,Public Commute helper App,Mumbai,"4,50,000",Seed Funding,"Amit Singhal, PK Gulati & others",2015,October
Niki.ai,Artificial Intelligence Ecommerce Chatbot,Bangalore,,Seed Funding,Unilazer Ventures,2015,October
Instavans,Truck Aggregator & Logistics service,Bangalore,,Seed Funding,Suresh Vaswani,2015,October
LiftO,Ridesharing Mobile app,Mumbai,"1,30,000",Seed Funding,"Rajesh Bhatia, Dheeraj Mehta & Others",2015,October
TinyOwl,Food Discovery & Delivery Mobile app,Mumbai,"75,00,000",Private Equity,"Sequoia Capital, Matrix Partners",2015,October
Toppr.com,Competitive exam learning platform,Mumbai,"20,00,000",Private Equity,InnoVen Capital,2015,October
Kleeto,Document Digitization platform,Gurgaon,"2,30,000",Seed Funding,GREX,2015,October
BeaconsTalk,proximity marketing & Mobile Advertising platform,Mumbai,"80,000",Seed Funding,Puneet Bhatia & others,2015,October
Jugnoo,Autorickshaw Aggregator & Booking platform,Chandigarh,"1,00,00,000",Private Equity,Paytm,2015,October
TOFlo,FinTech Startup Incubation platform,Mumbai,"1,00,000",Seed Funding,Tania Johny Palathinkal,2015,September
FXMartIndia,Payment Services platform,Chandigarh,,Private Equity,Flipkart,2015,September
Stylecracker,Personalized Styling platform,Mumbai,"10,00,000",Private Equity,Group of HNI investors,2015,September
Luxuryhues,Luxury goods\\xc2\\xa0 Shopping Platform,Gurgaon,"9,00,000",Private Equity,Reliance Capital,2015,September
HolaChef,Food Delivery Platform,Mumbai,,Private Equity,Ratan Tata,2015,September
Zivame,Online Lingerie Marketplace,Bangalore,"4,00,00,000",Private Equity,"Zodius Technology Fund, Khazanah Nasional Berhad",2015,September
Capillary Tech,Cloud software solutions,New Delhi,"4,50,00,000",Private Equity,"Warburg Pincus, Sequoia Capital, Norwest Venture Partners",2015,September
Jobspire,Job Search Platform,Bangalore,"2,60,000",Seed Funding,Purvi Capital,2015,September
MeraDoctor,Doctor consultancy Mobile App,Mumbai,,Seed Funding,India Quotient & other investors,2015,September
Vistaar Finance,Small Business Financing (NBFC),Bangalore,"4,00,00,000",Private Equity,"WestBridge Capital, Omidyar Network, Elevar Equity, Saama Capital,\\xc2\\xa0 Lok Capital",2015,September
HiJinny,Beauty & Wellness Services Marketplace,Mumbai,,Seed Funding,CMYK Health Boutique Pvt Ltd & Other individual investors,2015,September
Clapsnslaps,Online Movie Review Platform,Mumbai,"1,50,000",Seed Funding,R M Picture Company Pvt. Ltd.,2015,September
Blubox,ECommerce Brands\\xe2\\x80\\x99 Full Service Agency,Mumbai,"1,00,000",Seed Funding,Ashish Jhalani,2015,September
RoomCentral,Cloud-based Hotel Booking Platform,Bangalore,"20,00,000",Seed Funding,Karanpal Singh,2015,September
YouthKiAwaaz,Community Driven News/Views Platform,New Delhi,"6,00,000",Seed Funding,"Raghav Bahl, Ritu Kapur",2015,September
Prozo,Study Material Marketplace,New Delhi,"2,05,000",Seed Funding,"Nalin Jain, Shomil Pant, Dinesh Kundu & others",2015,September
Zomato,Restaurant Ratings & Reviews platform,Gurgaon,"6,00,00,000",Private Equity,"Temasek, Vy Capital",2015,September
Sahayog Dairy,Dairy Based Product Manufacturer,Bhopal,"18,00,000",Private Equity,Acumen Fund,2015,September
MockBank,Government Test Preparation platform,Bangalore,"4,00,000",Seed Funding,Blume Ventures,2015,September
ReportBee,Smart Report Cards for Schools,Chennai,,Seed Funding,India Educational Investment Fund,2015,September
GuruG Learning,Teacher empowerment platform,Bangalore,,Seed Funding,India Educational Investment Fund,2015,September
OnlineTyari,Multilingual Test Preparation Platform,Gurgaon,"7,70,000",Private Equity,"500 Startups, TV Mohandas Pai, Tandem Capital, Vikram Chachra, Aloke Bajpai",2015,September
IndustryBuying,Industrial Tools Marketplace,New Delhi,"92,00,000",Private Equity,"Kalaari Capital, SAIF Partners, Beenextan investment fund",2015,September
The/Nudge Foundation,Non Profit Organization to alleviate poverty,Bangalore,"3,15,000",Seed Funding,"Nanadan Nilekani, InMobi, Paytm",2015,September
FitMeIn,Gym & Fitness Studios Subscription platform,New Delhi,"1,00,000",Seed Funding,Green House Ventures,2015,September
Envoged,pre-used luxury item Marketplace,Mumbai,,Seed Funding,"Ankush Nijhawan, Manish Dhingra, Gaurav Bhatnagar",2015,September
Zapyle,pre-used apparel shopping mobile app,Bangalore,"10,00,000",Seed Funding,,2015,September
Renomania,Home Design & D\\xc3\\xa9cor platform,New Delhi,,Seed Funding,Subodh Gupta,2015,September
CredR,Used Vehicles Marketplace,Mumbai,"1,50,00,000",Private Equity,Eight Road Ventures,2015,September
YatraGenie,Online Bus & Cab ticketing platform,Hyderabad,,Private Equity,Ash Bhardwaj,2015,September
CanvasFlip,Mobile App testing platform,Hyderabad,"12,00,000",Seed Funding,Bessemer Venture Partners,2015,September
Shadowfax,Hyperlocal Delivery Services,Gurgaon,"90,00,000",Private Equity,Eight Roads Ventures,2015,September
UE Life Sciences,Early Cancer Detection Solutions,US/India,"30,00,000",Private Equity,"Aarin Capital, Unitus Seed Fund",2015,September
Ola Cabs,Cab rental Mobile app,Bangalore,"22,50,00,000",Private Equity,"Falcon Edge Capital, NY based Hedge Fund, Tiger Global, Softbank",2015,September
Coverfox,Online Insurance Distribution Platform,Mumbai,"20,00,000",Private Equity,Cataraman Ventures,2015,September
MoEngage,Mobile Marketing Automation Platform,Bangalore,"42,50,000",Private Equity,"Helion Venture Partners, Exfinity Ventures",2015,September
Mubble,Prepaid Mobile Bill Manager App,Bangalore,,Seed Funding,Nandan Nilekani,2015,September
Tea Trails,Chain of Tea Caf\\xc3\\xa9\\xe2\\x80\\x99s,Mumbai,"10,00,000",Seed Funding,"Anil Matai, Vikram Tandon, Shyam Sundar R & others",2015,September
Room on Call,Branded Budget Hotel Marketplace,Noida,"3,00,000",Seed Funding,Payal Syal,2015,September
FYNE,Home Fitting & Fixtures Marketplace,Bangalore,,Seed Funding,Sandeep Dama & Others,2015,September
ChaiPoint,Food Subscription platform,Bangalore,"1,00,00,000",Private Equity,Eight Roads Ventures,2015,September
WedmeGood.com,Wedding Planning Platform,Gurgaon,"4,10,000",Seed Funding,Indian Angel Network,2015,September
XSTOK,B2B Mobile Auction Marketplace,Mumbai,"4,50,000",Seed Funding,Oliphans Capital,2015,September
UniLog,ECommerce Data Analytics Platform,Bangalore,,Private Equity,Kalaari Capital,2015,September
Paintcollar,Designer Merchandize Marketplace,Mumbai,,Seed Funding,Applyifi,2015,September
YepMe,Private label Fashion eTailer,Gurgaon,"7,50,00,000",Private Equity,"Khazanah Nasional Berhad, Helion Venture Partners",2015,September
Bueno,Online Food ordering & delivery,Gurgaon,"6,00,000",Seed Funding,High Networth Individuals (No details),2015,September
Plabro,Real Estate Broker Platform App,New Delhi,"3,50,000",Seed Funding,"Sachin Bansal & Binny Bansal, Sol Primero, Outbox Ventures, Sangram Singh",2015,September
CureJoy,Online Health & Wellness platform,Bangalore,"11,50,000",Private Equity,"Accel Partners, Subrata Mitra, Larry Braitman, Venk Krishna",2015,September
Briston Technomach,Internet of Things platform,New Delhi,"1,50,000",Seed Funding,Undisclosed,2015,September
LabStreet,Diagnostic Labs aggregator platform,Gurgaon,"1,50,000",Seed Funding,Multiple investors,2015,September
DailyNinja,Hyperlocal Delivery Platform,Bangalore,,Seed Funding,"Aprameya Radhakrishna, Naman Sarawagi, Afsal Salu,",2015,September
Portea Medical,Home Medical Care Services,Bangalore,"3,75,00,000",Private Equity,"Accel Partners, International Finance Corporation (IFC), Qualcomm Ventures, Ventureast",2015,September
Neotrade Analytics,Real-Time stock data platform,Bangalore,"2,35,000",Seed Funding,Rainmatter,2015,September
DishCo,Food discovery & table booking app,Mumbai,,Seed Funding,"Anand Mahindra, Uday Punj, Ashish Hemrajani, Sanjeev Mehra",2015,September
LafaLafa,coupons and cashback aggregator app,Mumbai,"1,25,000",Seed Funding,500 Startups,2015,September
ConnectAbank,Financial Products lead generation platform,Mumbai,,Seed Funding,Prakhar Bumb,2015,September
VillFarm,Sustainable Agri-inputs Firm,Bangalore,,Seed Funding,"Unitus Seed Fund, Rianta Capital, R Ramaraj, Sunil Edwards",2015,September
Bestdealfinance,Financial Services Portal,Mumbai,"30,00,000",Private Equity,"Kalaari Capital, YourNest Angel Fund",2015,September
GameXS.in,Pre-owned games Marketplace,New Delhi,,Seed Funding,Lead Angels,2015,September
The Man Company,Content-based Subscription eCommerce platform,New Delhi,,Seed Funding,"Karan Bajwa, Amanpreet Bajaj, Manish Vij",2015,September
Virtual Logic,"virtual reality, 3d simulation and stereoscopic products",Bangalore,"8,00,000",Private Equity,Swarnim Multiventures,2015,September
Furdo,Online Interior Designing platform,Bangalore,"4,00,000",Seed Funding,Bhavdeep Reddy,2015,September
LogiNext,End-to-end Logistics platform,Mumbai,"1,00,00,000",Private Equity,Paytm,2015,September
Korra,Private Label Apparel sales,New Delhi,"3,00,000",Seed Funding,Asha Jadeja Motwani & Others,2015,September
Credihealth,Healthcare Consulting platform,Gurgaon,,Seed Funding,Rajat Malhotra,2015,September
Amigobulls,Stock Market Portal,Bangalore,,Seed Funding,"Sharad Sharma, Vijay Anand, Mohandas Pai. Pallav Nadhani, Singapore Angels Network & others",2015,September
SilverPush,Cross-device retargeting platform,Gurgaon / SFO,"12,00,000",Private Equity,M&S Partners,2015,September
Juggernaut,Digital & Physical Publishing platform,New Delhi,"22,50,000",Private Equity,"William Bissell, Neeraj Aggarwal, Nandan Nilekani",2015,September
InnerChef,Food Delivery Platform,New Delhi,"17,50,000",Private Equity,"Phanindra Sama, Anupam Mittal, Vijay Shekhar Sharma, Vishal Gondal, Sateesh Andara & others",2015,September
Quintype,Data Driven Publishing platform,Bangalore,"33,00,000",Private Equity,Raghav Bahl,2015,September
Capabiliti,Employee OnBoarding & Orientation platform,Noida,"4,00,000",Seed Funding,"500 Startups, Smile Multimedia, Kunal Bahl, Rohit Bansal, Girish Matrubootham",2015,September
Fourth Partner Energy,Solar Power Solutions company,Hyderabad,"20,00,000",Private Equity,"Infuse Ventures, The Chennai Angels",2015,September
Licious,Online Meat Ordering platform,Bangalore,"10,00,000",Seed Funding,"Kanwaljit Singh, TV Mohandas Pai",2015,September
TravelKhana,online meal-booking platform for train travelers,New Delhi,,Seed Funding,Astarc Ventures & Others,2015,September
Quickli,hyperlocal delivery platform,New Delhi,,Seed Funding,"500 Startups, Mato Peric & Others",2015,September
Ola Cabs,Cab Booking app platform,Bangalore,"3,00,00,000",Private Equity,Didi Kuaidi,2015,September
Paytm,E-Commerce & M-Commerce platform,New Delhi,"68,00,00,000",Private Equity,"Alibaba Group, Ant Financial",2015,September
Inmobi,Mobile Advertising platform,Bangalore,"10,00,00,000",Private Equity,Tennenbaum Capital Partners & Others,2015,September
Peppertap,Hyperlocal Grocery Delivery,Gurgaon,"3,60,00,000",Private Equity,"Sequoia India, SAIF Partners.",2015,September
Hugefly,Ecommerce Product recommendation platform,Pune,,Seed Funding,Mayank Singhal and others,2015,September
Brigge,Activity Based Social Network,Chennai,,Seed Funding,The Chennai Angels,2015,September
Zakoopi,Fashion Discovery platform,New Delhi,"3,50,000",Seed Funding,Uniqorn Ventures,2015,September
LoanCircle,Consumer lending marketplace,Bangalore,,Seed Funding,"Zishaan Hayath, Rahul Khanna & Others",2015,September
Infoworks,Big Data Management Platform,Bangalore / USA,"50,00,000",Private Equity,"Nexus Venture Partners, Knoll Ventures and others",2015,September
RedDoorz,Budget Accommodation Platform,Noida,"10,00,000",Seed Funding,Jungle Ventures,2015,September
FirstTouch,Local Mobile OS,Gurgaon,,Seed Funding,"Kunal Bahl, Rohit Bansal, Pranay Chulet, Naveen Tiwari, Amit Gupta, Mayank Singhal",2015,September
Eywa Media,Digital Signal processing platform,Bangalore,"10,00,000",Seed Funding,"ah! Ventures, Viktor Koenig PE Fund, Mantra Ventures",2015,September
Snapdeal,Ecommerce Marketplace,New Delhi,"50,00,00,000",Private Equity,"Alibaba, Foxconn, Softbank",2015,August
Ressy,Restaurant Discount app,Pune,"4,00,000",Seed Funding,Mohandas Pai & others,2015,August
Cuelearn,Tech-enabled learning,New Delhi,,Seed Funding,Alok Mittal,2015,August
Connect India,ECommerce Logistics provider,New Delhi,"50,00,000",Private Equity,Aavishkaar,2015,August
The Home Salon,on-demand home beauty and wellness portal,Mumbai,,Seed Funding,VentureNursery,2015,August
Jusride,Self Driven Car rental,Mumbai,,Seed Funding,"Alok Mittal, Zeeshan Hayat, Niraj Singh, Nikunj Jain, Anirudh Damani, Punit Goyal",2015,August
Oyorooms,Budget Hotel accommodation brand,New Delhi,"10,00,00,000",Private Equity,"SoftBank Group, Greenoaks Capital, Sequoia Capital,\\xc2\\xa0 Lightspeed India",2015,August
Glowship,Energy & Environment Online Marketplace,Bangalore,,Seed Funding,Infuse Ventures,2015,August
Wizrocket,User Engagment & Analytics platform,Mumbai,"96,00,000",Private Equity,"Sequoia Capital, Accel Partners",2015,August
Pickingo,On-Demand Delivery Logistics,New Delhi,"13,00,000",Private Equity,"Orios Venture Partners, Zishaan Hayath",2015,August
Grex,fund raising platform for startups,Pune,"6,50,000",Seed Funding,"Kunal Bajaj, Chandru Badrinarayanan",2015,August
LetsTransport,Logistics Tech Platform,Bangalore,"13,00,000",Seed Funding,"Rebright Partners, Ankush Nijhawan, Gaurav Bhatnagar, Manish Dhingra",2015,August
Zo Rooms,Online budget hotel chain,New Delhi,"3,00,00,000",Private Equity,"Tiger Global Management, Orios Venture Partners",2015,August
Doormint,Hyperlocal Handyman services,Mumbai,"30,00,000",Private Equity,"Helion Venture Partners, Kalaari Capital",2015,August
NightStay,hotel booking app,Noida,"5,00,000",Seed Funding,"BedRock Ventures, Rajesh Sawhney, Shailesh Singh",2015,August
Zocalo,Rental Accomodation finder,New Delhi,,Seed Funding,"Sachin Bhatia, Rajesh Sawhney",2015,August
Sunday Realty Solutions,Tech Platform for property brokers,Mumbai,"7,85,000",Seed Funding,"Ramesh Jogani, Shailesh Viswanathan, Jay Srinivasan",2015,August
Klozee,Luxury Apparel rental,Bangalore,,Seed Funding,Tracxn Labs,2015,August
Appvigil,App security\\xc2\\xa0 testing platform,Mumbai,"5,00,000",Seed Funding,"Ravi Gururaj, Gaurav Sharma, Viswanath Ramachandran, RippleWave",2015,August
practo,Doctor Appointment booking app,Bangalore,"9,00,00,000",Private Equity,"Sofina, Google Capital, Altimeter Capital, Sequoia Capital Global Equities, Yuri Milner, Sequoia Capital, Matrix Partners",2015,August
LoudShout,anonymous bulletin board app,New Delhi,,Seed Funding,"Sanjay Sethi, Ravi Jaipuria & others",2015,August
Wetravelsolo,Travel community platform,New Delhi,,Seed Funding,"CCube Angels, Frontline Strategy",2015,August
Ketto,Crowd funding platform,Mumbai,"7,00,000",Seed Funding,"Chennai Angels, Calcutta Angels, ah! Ventures, Intellecap Impact Investment Network, Indus Age Partners, Singapore Angel Network, India Internet Fund, LetsVenture",2015,August
Ezetap,Mobile based PoS solution,Bangalore,"2,50,00,000",Private Equity,"Horizons Ventures, Capricorn Investment Group, Social+Capital, Helion Advisors, Berggruen Holdings",2015,August
NDTV ecommerce venture,Car & Bike ecommerce platform,Mumbai,,Private Equity,"Inflexionpoint, Pramod Bhasin, Sixth Sense Ventures, Vindi Banga, Hiro Mashita",2015,August
Carl\\xe2\\x80\\x99s Jr,Fast food Chain Franchisee,Gurgaon,"6,30,000",Seed Funding,YouWeCan Ventures,2015,August
EasyRewardz,Loyalty Programs & Reward Points,Mumbai,"5,00,000",Private Equity,"Wealth First, Ashneer Grover, Atul Phadnis",2015,August
GIBSS,Energy saving solutions provider,Mumbai,,Private Equity,"responsAbility Investments, Infuse Ventures",2015,August
StoreMore.in,Self-Storage Spaces,Noida,,Seed Funding,Bedrock Ventures,2015,August
iOrderFresh,Grocery retail Mobile app,New Delhi,,Seed Funding,Best Foodworks,2015,August
MyTaxiIndia,Taxi Rental platform,Gurgaon,"5,00,000",Private Equity,"Nihon Kotsu,",2015,August
eSadar,ecommerce,New Delhi,"80,000",Seed Funding,"Neha Vats, Gaurav Vats",2015,August
Actionable Analytics,Machine Learning Platform,New Delhi/ Houston,,Seed Funding,"B M Gupta, Vinod Singhal",2015,August
MyPoolin,mobile social network,New Delhi,"2,50,000",Seed Funding,QPrize from Qualcomm Ventures,2015,August
NearBuy (previously\\xc2\\xa0 groupon India),Hyper-Local Ecommerce,New Delhi,"1,60,00,000",Private Equity,Sequoia Capital,2015,August
Inkmonk,Online printing marketplace,Chennai,"2,50,000",Seed Funding,"Girish Mathrubootham, Phanindra Sama, Vikram Chachra, Others from LetsVenture",2015,August
ToneTag,mobile payment software platform,Bangalore,"10,00,000",Private Equity,Reliance Capital Venture,2015,August
Grey Orange,Automated Storage & Warehousing Solution,Gurgaon,"3,00,00,000",Private Equity,Tiger Global Management,2015,August
Livspace,Home Design & D\\xc3\\xa9cor solutions,Bangalore,"80,00,000",Private Equity,"Helion Ventures, Jungle Ventures & Bessemer Venture Partners",2015,August
WOW! MOMO,Quick Service Restaurant Chain,Kolkata,"16,00,000",Seed Funding,Indian Angel Network,2015,August
RainCan,Subscription based Online Grocery platform,Pune,"1,00,000",Seed Funding,Ajeet Khurana & Others,2015,August
Allygrow Technologies,engineering services company,Mumbai,"2,00,00,000",Private Equity,Zodius Technology Fund,2015,August
Infogain,Business and IT consulting,New Delhi / US,"6,30,00,000",Private Equity,ChrysCapital,2015,August
OneAssist,Credit Card Fraud protection solutions,Mumbai,"75,00,000",Private Equity,"Sequoia Capital, Lightspeed Ventures",2015,August
BigBasket,Online & mobile Grocery store,Bangalore,"5,00,00,000",Private Equity,Bessemer Venture Partners,2015,August
Sheroes,Career Community for Women,Noida,"7,70,000",Seed Funding,"Quintillion Media, 500 Startups",2015,August
Scripbox,Mutual Fund Investing platform,Bangalore,"25,00,000",Private Equity,"Accel Partners, Deep Kalra, Rajesh Magow, Mohit Gupta, Shamik Sharma",2015,August
etaout,Ecommerce Marketing Software Platform,Noida,"5,00,000",Seed Funding,"Amit Ranjan, Vijay Shekhar Sharma, Kunal Bahl, Girish Mathrubootham &\\xc2\\xa0 Group of other Angel investors",2015,August
IFMR Holdings,Financial Inclusion platform,Chennai,"2,50,00,000",Private Equity,"Accion, LeapFrog Investments, Lok Capital",2015,August
Massblurb,Digital Marketing automation solution,Mumbai,,Seed Funding,"LetsVenture, Mumbai Angels",2015,August
Agrostar,Mobile Commerce for Farmers,Pune,"40,00,000",Private Equity,IDG Ventures,2015,August
VoxWeb,Picture based Social App,Mumbai,"1,00,000",Seed Funding,Jitendra Gupta & others,2015,August
Trukky,Logistics service platform,Ahmedabad,"2,45,000",Seed Funding,"Gujarat based angel investors, MMY co-Founder",2015,August
VanityCube,On-Demand Beauty Services,New Delhi,,Seed Funding,Group of angel investors,2015,August
Edu4Share,Exam Preparation Platform,New Delhi,"2,20,000",Seed Funding,Nalin Jain & other angel investors,2015,August
YourStory,Startup Focused Online Publisher,Mumbai,,Seed Funding,"Ratan Tata, Vani Kola, T V Mohandas Pai, Karthee Madasamay",2015,August
Sampurnearth,Waste Management Solutions,Mumbai,"1,60,000",Seed Funding,"Intellecap Impact Investment Network, family office fund",2015,August
Orobind,App based Fitness coaching,Bangalore,,Private Equity,Existing & New Investors,2015,August
Fixy,On demand cleaning & fixing services,Mumbai,,Seed Funding,VentureNursery,2015,August
MSM Box,Beauty & Lifestyle platform,New Delhi,,Seed Funding,Rohit Goel,2015,August
ShadowFax,on-demand delivery service,Gurgaon,"3,10,000",Seed Funding,"Kunal Bahl, Rohit Bansal, Zishaan Hayath, Prashant Malik",2015,August
Gadgets 360,Car & Bike ecommerce platform,New Delhi,,Private Equity,One97 Communications,2015,August
Roposo,Fashion Discovery platform,Gurgaon,"1,50,00,000",Private Equity,Tiger Global,2015,August
IntelligenceNODE,Data Analytics Platform,Mumbai,"42,00,000",Private Equity,"New Enterprise Associates, Orios Venture Partners",2015,August
HyperVerge,Deep Learning Cloud Algorithms,Chennai,"10,00,000",Seed Funding,"NEA, Milliways Ventures, Naya Ventures",2015,August
Twyst,Location based engagement & rewards platform,Gurgaon,,Seed Funding,"Rohit Bhatia, Sunil Nikhar, Vaibhav Domkundwar, Siddharth Nautiyal",2015,August
IDfy,Online Identity Verification Services platform,Mumbai,,Private Equity,"NEA, Blume Ventures & others",2015,August
Zoojoo.be,Corporate Wellness App,Bangalore,"10,00,000",Private Equity,RoundGlass Partners,2015,August
Fashionove,Fashion Search & Review Platform,Kolkata,,Seed Funding,Umesh Yadav,2015,August
TimeSaverz,"Hyperlocal Maintenance, Repair & Cleaning services",Mumbai,"24,00,000",Private Equity,Unilazer Ventures,2015,August
Envoged,pre-owned Luxury online apparel seller,Mumbai,,Seed Funding,"Manish Dhingra, Ankush Nijhawa, Gaurav Bhatnagar",2015,August
MebelKart,Online Furniture Marketplace,Bangalore,"2,00,00,000",Private Equity,AskMe,2015,August
LabsAdvisor,Online Diagnostic Tests Marketplace,New Delhi,"1,56,000",Seed Funding,Group of Angel Investors,2015,August
Flatpebble,Online marketplace for Photographers,Hyderabad,"6,00,000",Seed Funding,Indian Angel Network,2015,August
Bluegape.com,Visual Blogging platform,New Delhi,"6,00,000",Seed Funding,"ah! Ventures, Times Internet, Rudy Gopalakrishnan",2015,August
ePoise,Job Search Platform,Bangalore,"5,00,000",Seed Funding,"Orios Venture Partners, Amit Ranjan & others",2015,August
Jolly Food Fellow,Food Customer analytics platform,Ahmedabad,"3,00,000",Seed Funding,The 1947,2015,August
BookMeIn,Professional Service Appointment booking service,Mumbai,"4,00,000",Seed Funding,Ajmera Group of Companies,2015,August
iZofy,Scientific Horoscope Online Assistance platform,Kolkata,,Seed Funding,Prime Capital Markets Ltd,2015,August
rBus,Tech enabled AC bus service,Mumbai,,Seed Funding,"India Quotient, Anupam Mittal & others",2015,August
Qyk App,On-Demand App based Professional service provider,Bangalore,"10,00,000",Private Equity,"GrowX ventures, Tracxn Labs, Powai Lake Ventures, and Sahil Barua",2015,August
EazyDiner,Restaurant Reservation Platform,Gurgaon,"30,00,000",Private Equity,"DSG Consumer Partners, Saama Capital",2015,August
RevX,Cross-channel CRM platform,Mumbai,"40,00,000",Private Equity,"Norwest Venture Partners, Nexus Venture Partners, Helion Venture Partners, Draper Fisher Jurvetson, Peepul Capital",2015,August
ICustomMadeIt,Professional Custom creators Marketplace,Pune,"2,50,000",Seed Funding,Group of Angel Investors,2015,August
PickMyLaundry,on-Demand Washing & Dry-Cleaning,New Delhi,"1,00,000",Seed Funding,GHV Accelerator,2015,August
Belita,On-Demand Beauty Service,Mumbai,"4,00,000",Seed Funding,"India Quotient, LetsVenture investors, Lead Angels",2015,August
EzySolare,solar products and services marketplace,Ahmedabad,,Seed Funding,Infuse Ventures,2015,August
FoodTalkIndia,Online Food Community Platform,Gurgaon,"5,00,000",Seed Funding,Undisclosed Investor,2015,August
InstaSafe,Private Cloud Networks SAAS platform,Bangalore,,Seed Funding,Group of Investors,2015,August
Eazy Coach,Education Marketplace,Kolkata,,Seed Funding,Ravi Agarwal,2015,August
Djubo.com,Cloud Based Hotel Sales Platform,New Delhi,,Private Equity,Ibibo Group,2015,August
BetterButter.in,online recipe sharing platform,New Delhi,,Seed Funding,"Growx Ventures, Manish Singhal",2015,August
Vyomo,Beauty & Lifestyle Mobile Marketplace,Bangalore,"20,00,000",Private Equity,Rocket Internet,2015,August
RollMafia,QSR Restaurant Chain,Pune,"1,60,000",Seed Funding,Equentia Natural Resources,2015,August
iamwire,Digital Media publishing platform,Gurgaon,,Seed Funding,"Li Tao, Li Jian, Draphant Consultants, Nitin Garg, Saurabh Jain, Mohit Agarwal",2015,August
DropKaffe,Online Coffee Delivery platform,Bangalore,"3,00,000",Seed Funding,"Manish Singhal, P39 Capital & Others",2015,August
Reverie,Language Localization Cloud platform,Bangalore,"40,00,000",Private Equity,"Aspada Investment Advisors, Qualcomm Ventures",2015,August
Infinite Analytics,Big Data & predictive Analysis Platform,Mumbai,,Private Equity,"Ratan Tata, Nikhil Vora & others",2015,August
Parcelled,Online Logistics Platform,Bangalore,,Seed Funding,"Delhivery, Tracxn Labs",2015,July
Retigence Technologies,Business IT Intelligence Services,Mumbai,,Private Equity,Omnivore Partners,2015,July
Cloudcherry Analytics,CRM / Analytics platform,Chennai,"10,00,000",Seed Funding,"The Chennai Angels, IDG Ventures India",2015,July
iDreamCareer,Ed-Tech Platform,New Delhi,,Seed Funding,"ah! Ventures, Vivek Joshi, Mohit Satyanand & others",2015,July
Ola Cabs,Cab rental Mobile app,Bangalore,,Private Equity,Ratan Tata,2015,July
NxtGen,IT infrastructure & Data Center services,Bangalore,"1,35,00,000",Private Equity,"IFC, Axon Partners, Intel Capital",2015,July
BankBazaar,Online Financial Services,Chennai,"6,00,00,000",Private Equity,"Amazon, Fidelity Growth Partners, Mousse Partners",2015,July
Gozoomo,Used Car Marketplace,Bangalore,"50,00,000",Private Equity,SAIF Partners,2015,July
Zenatix,Internet of Things platform,Gurgaon,"1,61,000",Seed Funding,"Rajan Anandan, Kunal Bahl, Rohit Bansal, Rahul Khanna",2015,July
CultureAlley,Language Learning App,Jaipur,"65,00,000",Private Equity,Tiger Global,2015,July
Goqii,Mobile Fitness Marketplace,Mumbai,,Private Equity,Vijay Shekhar Sharma,2015,July
Gingercrush,Custom Merchandize platform,Ahmedabad,"10,00,000",Seed Funding,"Gokul Jaykrishna, Brand Capital",2015,July
Elanic,P2P Pre-owned goods marketplace,Bangalore,,Seed Funding,"Rebright Partners, Tracxn Labs, Aneesh Reddy",2015,July
Stitchwood,Custom Furniture Marketplace,Mumbai,"3,95,000",Seed Funding,"Powai Lake Ventures, Ajeet Khurana & others",2015,July
Urban Tailor,Online Tailoring Services,Bangalore,,Seed Funding,Group of angel investors,2015,July
ConfirmtTkt,Rail Ticket Confirmation predictor,Bangalore,,Seed Funding,Pravin Agarwala & others,2015,July
Paper Boat,Ethnic Beverages manufacturer,Gurgaon,"3,00,00,000",Private Equity,"Sofina, Hillhouse Capital",2015,July
getNow,Hyperlocal Goods marketplace,Nagpur,,Seed Funding,Atulya Mittal,2015,July
Wudstay,Budget Accommodation aggregator,Gurgaon,"30,00,000",Private Equity,"Mangroves Capital Partners, Vikas Saxena",2015,July
Liases Foras,Real Estate Rating & Analysis,New Delhi,"50,00,000",Private Equity,DMG information Asia Pacific,2015,July
Eatlo,Food Delivery platform,Bangalore,,Seed Funding,"Powai Lake Ventures, Globeinvestor, Abhishekh Goyal",2015,July
IndiaLends,Financial Tech,New Delhi,,Private Equity,"DSG Consumer Partners, Siddharth Parekh",2015,July
Quinto,Food Discovery App,Pune,,Seed Funding,Jaydeep Barman,2015,July
Saavn,Music Streaming App,Mumbai,"10,00,00,000",Private Equity,"Tiger Global Management, Bertelsmann India, Steadview Capital, Liberty Media, Mousse Partners, Quilvest",2015,July
Flytxt,Big Data & Analytics platform,Mumbai / Global,"1,10,00,000",Private Equity,"Sunrise Capital GmBH, Big Data Investments B.V",2015,July
Axtria,Big Data & Analytics platform,India / US,"3,00,00,000",Private Equity,"Helion Venture Partners,Amarpreet Sawhney, Deshpande Foundation, Fred Khosravi, Richard S. Braddock",2015,July
33Coupons,Coupon Aggregator Platform,Kanpur,"20,000",Seed Funding,Not Disclosed,2015,July
Ampere,Electric Scooter manufacturer,Coimbatore,,Seed Funding,Ratan Tata,2015,July
Hopping Chef,Online Food-Tech Platform,Mumbai,"4,70,000",Seed Funding,Mirah Hospitality,2015,July
Collectabillia,Celebrity Fashion Brand,Bangalore,"75,00,000",Private Equity,Accel Partners,2015,July
Lendingkart,Online Finance lending platform,Ahmedabad,"1,00,00,000",Private Equity,"Saama Capital, Mayfield, Ashvin Chadha, Shailesh Mehta",2015,July
Lybrate,Healthcare Mobile App,New Delhi,"1,02,00,000",Private Equity,"Tiger Global Management, Ratan Tata, Nexus Venture Partners",2015,July
Zoomcar,Self-driven vehicle rental,Bangalore,"1,10,00,000",Private Equity,"Sequoia Capital, Empire Angels, NGP",2015,July
\\xc2\\xa0News in shorts,\\xc2\\xa0News Aggregator mobile app,\\xc2\\xa0Noida,"\\xc2\\xa020,000,000",Private Equity,\\xc2\\xa0Tiger Global,2015,July
\\xc2\\xa0Bluestone,\\xc2\\xa0Online Jewellery Store,\\xc2\\xa0Bangalore,"\\xc2\\xa016,200,000",Private Equity,"\\xc2\\xa0IvyCap Ventures, Accel Partners, Dragoneer Investment Group",2015,July
\\xc2\\xa0Shopsity,\\xc2\\xa0Fashion Info Aggregator App,\\xc2\\xa0Gurgaon,\\xc2\\xa0N/A,Seed Funding,"\\xc2\\xa0 Sandeep Aggarwal, Teruhide Sato",2015,July
\\xc2\\xa0Notesgen,\\xc2\\xa0Online Study Notes Marketplace,\\xc2\\xa0New Delhi,\\xc2\\xa0N/A,Seed Funding,"\\xc2\\xa0Rajeev Saraf, Arvind Jha, R. Satya Narayanan",2015,July
\\xc2\\xa0Footprints Education,\\xc2\\xa0Pre-School Chain,\\xc2\\xa0Gurgaon,"\\xc2\\xa0685,000",Seed Funding,"\\xc2\\xa0LetsVenture, Kumar Bansal, Kshitij Jain",2015,July
\\xc2\\xa0Loylty Rewards,\\xc2\\xa0Premium Loyalty Rewards Point Management,\\xc2\\xa0Mumbai,"\\xc2\\xa019,350,000",Private Equity,\\xc2\\xa0IndianIdeas.com,2015,July
\\xc2\\xa0Ameyo,\\xc2\\xa0Contact Center Software Platform,\\xc2\\xa0Gurgaon,"\\xc2\\xa05,000,000",Private Equity,\\xc2\\xa0Forum Synergies PE Fund,2015,July
\\xc2\\xa0Mamagoto,\\xc2\\xa0Casual Dining restaurant Chain,\\xc2\\xa0New Delhi,"\\xc2\\xa010,000,000",Private Equity,\\xc2\\xa0Goldman Sachs,2015,July
\\xc2\\xa0Satvacart,\\xc2\\xa0Online Grocery Delivery,\\xc2\\xa0Gurgaon,\\xc2\\xa0N/A,Seed Funding,\\xc2\\xa0Palaash Ventures,2015,July
MySmartPrice,Online comparison engine,Hyderabad,"1,00,00,000",Private Equity,"Accel Partners, Helion Venture Partners",2015,July
Zenify,Residential Rental management platform,Bangalore,\\xc2\\xa0N/A,Seed Funding,Atul Jalan,2015,July
Boxmyspace,Physical Storage warehouses,Mumbai,"3,00,000",Seed Funding,"Ritesh Veera, Singapore Angel Network, Orios Venture Partners,",2015,July
HackerRank,Tech Recruitment platform,Bangalore,"75,00,000",Private Equity,HR Technology fund,2015,July
WickedRide,Bike Rental Platform,Bangalore,"7,90,000",Seed Funding,Undisclosed,2015,July
WoWexpress,Tech enabled logistics platform,Mumbai,"5,00,000",Seed Funding,Tamarind Family Private Trust,2015,July
Oyo Rooms,Budget Hotel Accommodation,Gurgaon,"10,00,00,000",Private Equity,"Softbank, Sequoia Capital",2015,July
Mobikon,Restaurant customer engagement platform,Pune,"23,00,000",Private Equity,Jungle Ventures,2015,July
InstaLively.com,Live video streaming app,New Delhi,,Seed Funding,"Anupam Mittal, Anand Chandrasekaran, Uday Shankar, Chetan Bhagat",2015,July
Roadrunnr,Hyper local logistics platform,Bangalore,"1,10,00,000",Private Equity,"Sequoia Capital, Nexus Venture Partners, Blume Ventures",2015,July
Ketto,Crowd Funding Platform,Mumbai,"7,00,000",Seed Funding,"Pradyumna Dalmia, Sudhir Rao & Others",2015,July
QuikWallet,F&B sector Mobile Payment platform,Mumbai,"16,00,000",Private Equity,Snow Leopard Technology Ventures,2015,July
Omnikart,Industrial Supplies B2B ecommerce,Mumbai,"1,00,000",Seed Funding,"Sumit Gandhi, Manish Gandhi",2015,July
Zo Rooms,Online budget hotel chain,New Delhi,"1,50,00,000",Private Equity,"Tiger Global, Orios Venture Partners.",2015,July
Innoviti,Payment Solutions platform,Bangalore,"48,50,000",Private Equity,"Catamaran Ventures, New India Investment Corporation",2015,July
ZenRadius,Online Hiring Platform,Bangalore,,Seed Funding,"Tracxn Labs, Deepak Singh",2015,July
Joy by nature,Organic Food ecommerce,New Delhi,"10,00,000",Private Equity,"Mumbai Angels, Vriddhi Fund, Others",2015,July
Iqlect,Big Data & Analytics platform,Bangalore,"20,00,000",Private Equity,Exfinity Venture Partners,2015,July
deGustibus,Fine Dining Restaurant Chain,Mumbai,"3,00,00,000",Private Equity,India Value Fund Advisors,2015,July
Nestaway,Luxury Rental Homes,Bangalore,"1,27,50,000",Private Equity,"Flipkart, Tiger Global",2015,July
Mswipe,Mobile Point of Sale payment solution,,"2,50,00,000",Private Equity,"Falcon Edge Capital, Meru Capital, Ola, Matrix Partners, DSG Consumer Partners, Axis Bank",2015,July
Myonsto,Online Grocers,Ahmedabad,"3,20,000",Seed Funding,Jayant Bokadia,2015,July
iCrushiFlush,Casual Dating App,Mumbai,,Seed Funding,IDG Ventures India,2015,July
MedGenome,Clinical Genomics Provider,Bangalore,"2,00,00,000",Private Equity,Sequoia Capital,2015,July
HolidayIQ,Travel information portal,Bangalore,"1,50,00,000",Private Equity,MakeMyTrip,2015,July
Fitternity,Fitness Marketplace,Mumbai,"10,00,000",Private Equity,Exfinity Venture Partners,2015,July
Quikr,Online & Mobile classified listings,Mumbai,"6,00,00,000",Private Equity,"AB Kinnevik, Falcon Edge Capital, Coatue Management",2015,July
JetSetGo,Private Jet/ Helicopter Marketplace,New Delhi,,Seed Funding,YourWeCan Ventures,2015,July
BroEx,Real Estate Broker network App,Gurgaon,"10,00,000",Private Equity,Lightspeed India,2015,July
Shopatplaces,Ethnic/ Traditional Fashion Store,New Delhi,,Seed Funding,Indian Angel Network,2015,July
CredR,Used Bikes Marketplace,Mumbai,"1,50,00,000",Private Equity,Fidelity Growth Partners,2015,July
ManageMySpa,Spa & Salon Management Software,Hyderabad,"60,00,000",Private Equity,Accel Partners,2015,July
Townrush,B2B logistics delivery platform,Bangalore,,Seed Funding,Lightspeed Venture Partners,2015,July
Locus,Logistics Automation Platform,Bangalore,,Seed Funding,"growX ventures,\\xc2\\xa0 Manish Singhal",2015,July
Bevy,Online Hiring Platform,Bangalore,,Seed Funding,Varun Agarwal & Others,2015,July
Pepperfry,Online home d\\xc3\\xa9cor marketplace,Mumbai,"10,00,00,000",Private Equity,"Goldman Sachs, Zodius Technology Fund, Bertelsmann India Investments Norwest Venture Partners.",2015,July
Flipkart.com,Online Marketplace,Bangalore,"70,00,00,000",Private Equity,Steadview Capital and existing investors,2015,July
Opinio,Hyperlocal food & grocery store,Bangalore,"13,00,000",Seed Funding,"Accel Partners, Traxcn Labs & Others",2015,July
Zoctr,Health-Tech platform,Mumbai,"10,00,000",Seed Funding,"Sandeep Parwal, Krishan Gupta & Others",2015,July
Zimmber,Hyperlocal Handyman Services,Mumbai,"20,00,000",Private Equity,"IDG Ventures India, Omidyar Network, Sherpalo Ventures,\\xc2\\xa0 Mohandas Pai",2015,July
trueHb,Medical Tech Instruments,New Delhi,"24,00,000",Seed Funding,"Sachin and Binny Bansal, Malvinder and Shivinder Singh, Gurpreet Singh & others",2015,July
Zovi.com / Little App,Hyperlocal Deals Marketplace,Bangalore,"5,00,00,000",Private Equity,"Paytm, SAIF Partners,\\xc2\\xa0 Tiger Global Management & others",2015,July
Swajal,Innovative Water Solutions,Gurgaon,"12,00,000",Private Equity,Abhishek Gupta,2015,July
Pipa Bella,Online Jewelry Store,Mumbai,"6,00,000",Private Equity,LionRock Capital,2015,July
Pragmatix,Business intelligence & Analytics,Mumbai,"24,00,000",Private Equity,SIDBI Venture Capital Ltd,2015,July
Droom.in,Used Vehicle Marketplace,New Delhi,"1,60,00,000",Private Equity,"Lightbox Ventures, Beenos",2015,July
MadRat Games,Educational Board Games,Bangalore,"1,68,000",Seed Funding,"Kunal Bahl, Rohit Bansal",2015,July
Noodle Play,Chinese food delivery,Mumbai,"1,68,000",Seed Funding,"Elliot Stechman, Gautam Sinha, Ambarish Ray",2015,July
Wassup,On-Demand Laundry & Dry cleaning App,Chennai,,Private Equity,B S Nagesh,2015,July
Cartisan,On-Demand Car services App,Bangalore,,Seed Funding,"YouWeCan Ventures,\\xc2\\xa0 Aprameya Radhakrishna",2015,July
LazyLad,Hyperlocal Grocery App,Gurgaon,"5,00,000",Private Equity,"Jai Choi, Kiyohiro Sugashita, Hirokazu",2015,July
TripFactory,Online Curated Holiday package bookings,Bangalore,,Private Equity,"Aarin Capital Partners,",2015,July
Prothom,Hasbro Toy Manufacturer,Pune,"20,00,000",Private Equity,Oliphabs Capital,2015,July
Bona Vita,Travel Tech,Gurgaon,"50,00,000",Private Equity,MakeMyTrip,2015,July
Vyomo,Beauty and Wellness Platform,New Delhi,,Seed Funding,Aprameya Radhakrishna,2015,June
Veeba Foods,Healthy Food Manufacturer,New Delhi,"60,00,000",Private Equity,"DSG Consumer Partners, Saama Capital.",2015,June
Truebil,Used Car Marketplace,Mumbai,"5,00,000",Seed Funding,"Kae Capital, Anupam Mittal",2015,June
Meritnation,Online Learning Platform,New Delhi,"40,00,000",Private Equity,InfoEdge,2015,June
Eattreatonline,Healthy Food Online Community,New Delhi,"3,50,000",Seed Funding,Group of 15 Angel Investors,2015,June
CredR,Used two-wheeler Marketplace,Mumbai,,Seed Funding,GrowthStory,2015,June
Glamrs,Online Fashion Video Portal,Mumbai,"10,00,000",Private Equity,"Ventureworks India, Blume Ventures, Batlivala & Karani Securities, Nikunj Jhaveri",2015,June
Proviera,Probiotic Technology Products Manufacturer,Chennai,"5,50,000",Private Equity,Infuse Ventures,2015,June
Arth DesignBuild,Architectural Design & Consulting,Hyderabad,"5,00,000",Seed Funding,Srinivas Tirupati,2015,June
Saama,Big Data & Analytics Services,Pune / US,"3,50,00,000",Private Equity,Carrick Capital Partners,2015,June
AllIzHealth,Preventive Healthcare Services,Pune,"3,50,000",Seed Funding,Mumbai Angels & Other angel investors,2015,June
Karma Healthcare,Tech-enabled Rural Healthcare Services,Udaipur,,Private Equity,Ennovent Impact Investment Holding,2015,June
Entropy Innovations,Engineering Innovations,Mumbai,,Seed Funding,Mark Mobius & 9 Other Angel investors,2015,June
Propstack,Real Estate Intelligence Platform,Mumbai,"30,00,000",Private Equity,DMG Information,2015,June
MyTaxiIndia,Online Car Rental Affiliates,New Delhi,"1,00,000",Seed Funding,Green House Ventures,2015,June
Arkin Net,Data Center Software platform,Pune / US,"1,50,00,000",Private Equity,Nexus Venture Partners,2015,June
Little Black Book Delhi,Online City & Lifestyle Guide,New Delhi,"1,50,000",Seed Funding,"Rajan Anandan, Niraj Singh, Sachin Bhatia, Singapore Angel Network & Aseem Vadehra",2015,June
MyPoolin,P2P Payments platform,New Delhi,,Seed Funding,"Sharad Sharma, Rajan Anandan, Sunil Kalra, Amit Ranjan, Rohan Malhotra,\\xc2\\xa0 Arjun Malhotra, Gautam Gandhi",2015,June
iCustomadeit,Bespoke Merchandize Marketplace,Pune,"2,50,000",Seed Funding,"Virendra Shahney, Dr Paresh Doshi",2015,June
KAARYAH,Women Lifestyle Marketplace,Gurgaon,,Seed Funding,Ratan Tata,2015,June
Ecom Express,Logistics Solution Provider,New Delhi,"13,70,00,000",Private Equity,Warburg Pincus,2015,June
Vidooly,Video Intelligence Platform,Noida,"10,00,000",Private Equity,Bessemer Venture Partners,2015,June
Zopper,Hyperlocal Shopping App,Mumbai,"2,00,00,000",Private Equity,"Tiger Global,\\xc2\\xa0 Nirvana Ventures Advisors",2015,June
Flipkart,eCommerce platform,Bangalore,"5,00,00,000",Private Equity,Morgan Stanley,2015,June
kWatt Solutions,Renewable energy solutions,Mumbai,"5,00,000",Seed Funding,,2015,June
Medwell Ventures,Healthcare\\nService provider,Bangalore,"1,00,00,000",Private Equity,"Fidelity Growth Partners, Fidelity Biosciences",2015,June
Jugnoo,Auto Rickshaw Based Services,Chandigarh,"50,00,000",Private Equity,"Snow Leopard, Paytm",2015,June
PosterGully,Artist / Designer Marketplace,New Delhi,,Seed Funding,"Natarajan Iyer,Rajesh Sawhney,\\xc2\\xa0 & other Angel investors.",2015,June
Applied Solar Technologies,Off-grid Solar Power,Mumbai,"4,00,00,000",Private Equity,"Future Fund,Bessemer Venture, Capricorn Investment and IFC",2015,June
Clovia,Private Label lingerie Ecommerce,New Delhi,"50,00,000",Private Equity,IvyCap Ventures,2015,June
Swiggy,Online Food Ordering,Bangalore,"1,65,00,000",Private Equity,"Norwest Venture Partners, SAIF Partners, Accel Partners",2015,June
PayMango,Mobile Commerce Platform,Gurgaon,"2,34,000",Seed Funding,Group of Angel Investors,2015,June
Printland,Online Printing Services,New Delhi,,Private Equity,SIDBI Venture Capital Ltd,2015,June
Teritree,Digital Marketing Services,Bangalore,"1,40,000",Seed Funding,KCL,2015,June
Guiddoo,Travel Guide Mobile App,Mumbai,,Seed Funding,"Pawan Borle, SVP Fly Dubai & Others",2015,June
Voonik,Fashion Ecommerce store,Bangalore,"50,00,000",Private Equity,"Sequoia Capital, Seedfund",2015,June
AdStringO,Mobile Compression Software,Mumbai,"3,50,000",Seed Funding,"Arihant Patni, Vishal Khare,\\xc2\\xa0 Viswanath Ramachandran",2015,June
Faircent.com,Peer to Peer Lending platform,Gurgaon,"2,50,000",Seed Funding,M&S Partners Pte. Ltd,2015,June
La Renon,Global Healthcare products,Ahmedabad,"1,60,00,000",Private Equity,Sequoia Capital,2015,June
Homelane,Home Furnishing Solutions,Bangalore,"5,00,00,000",Private Equity,Sequoia Capital,2015,June
iSTAR,Skill Training & Placement Platform,Bangalore,,Private Equity,Unitus Seed Fund,2015,June
Shippr,Intra-City Logistics service,Bangalore,"5,00,000",Seed Funding,i2india Pvt Ltd,2015,June
FoodAbhi,online tiffin service aggregator,Mumbai,,Seed Funding,Group of angel investors,2015,June
Karma Recycling,Electronic Goods recycling service,Delhi,,Private Equity,"Infuse Ventures, Low Carbon Enterprise Fund",2015,June
CouponRaja,Online Coupon & comparison platform,Mumbai,"5,00,000",Seed Funding,"Mahesh Pratapneni, Pallab Chatterjee & others",2015,June
Babychakra,Parents & Kids Online platform,Mumbai,,Seed Funding,"Mumbai Angels, Patni Family Office, Singapore Angel Network, Karan Maheshwari, Jatin Aneja, Kishor Ganji, Roopa Nath",2015,June
Jiffstore,Online Grocery platform,Bangalore,,Seed Funding,"Unitus Seed Fund, Times Internet",2015,June
MyDentist,Dental Clinic chain,Mumbai,"82,00,000",Private Equity,"LGT Group, Asian Healthcare fund, Seedfund",2015,June
Moovo,On-Demand Logistics Service,New Delhi,,Seed Funding,YouWeCan Ventures,2015,June
Fracktal Works,3D Printer Manufacturer,Bangalore,"30,00,000",Private Equity,Neoteric Infomatique Limited,2015,June
Hansa Customer Equity,IT / Customer Engagement Consulting,Mumbai,"50,00,000",Private Equity,ASK Pravi,2015,June
HealthifyMe,Health & Fitness App,Bangalore,,Private Equity,"Gopal Srinivasan, Sashi Reddy, Amit Gupta, Pallav Nadhani",2015,June
CAKART.in,Online Education Marketplace,Bangalore,,Seed Funding,Sunil Maheshwari & group of investors,2015,June
Housejoy,Home services marketplace,Bangalore,"40,00,000",Private Equity,Matrix Partners,2015,June
FundsIndia.com,Financial Services Platform,Chennai,"1,10,00,000",Private Equity,"Faering Capital, Foundation Capital, Inventus Capital Partners",2015,June
Cupick,Social Network for Artists,Bangalore,"1,20,000",Seed Funding,Group of Angel Investors from US/India,2015,June
Tracxn,Startup funding platform,Bangalore,"1,00,00,000",Private Equity,"Sachin Bansal, Bunny Bansal & other investors",2015,June
Holachef,Food Delivery Platform,Mumbai,"31,00,000",Private Equity,"Kalaari Capital, India Quotient",2015,June
elong,Data Driven recruitment recommendation,Bangalore,"50,00,000",Private Equity,"Kunal Bahl, Rohit Bansal, Blume Ventures, Phanindra Sama, Raju Reddy",2015,June
Ixigo,Travel Search Engine,Gurgaon,,Private Equity,Micromax Informatics,2015,June
SkillAngels,Brain Games Platform,Chennai,,Seed Funding,Sprout Angels LLP,2015,June
Vidgyor,Video Advertisement Platform,Bangalore,"5,00,000",Seed Funding,AngelPrime,2015,June
Banihal,Algorithmic Match Making Platform,New Delhi / California,,Seed Funding,Dr David Cheriton,2015,June
Goodservice,Mobile Chat based concierge service,New Delhi,"16,00,000",Private Equity,Sequoia Capital,2015,June
Treebo,Online Budget Hotel Booking Service,Bangalore,"60,00,000",Private Equity,"Matrix Partners India, SAIF Partners",2015,June
EduKart,Online education marketplace,New Delhi,"10,00,000",Private Equity,"Holostik Group, YouWeCan Ventures, 500 Startups, Vijay Shekhar Sharma, Manish Kheterpal, Amit Patni",2015,June
Healthians.com,Preventive healthcare services,Hyderabad,,Seed Funding,YouWeCan Ventures,2015,June
LabInApp,Science Learning App,Bangalore,,Seed Funding,Unitus Seed Fund,2015,June
Syona Cosmetics,Beauty and Wellness platform,Chennai,,Seed Funding,Chennai Angels,2015,June
Sigrid Education,Online Education Platform,Noida,,Seed Funding,Oliphans Capital,2015,June
Indix,SaaS product intelligence platform,,"1,50,00,000",Private Equity,"Nokia Growth Partners, Nexus Venture Partners, Avalon Ventures",2015,June
The Porter,Logistics Tech,Mumbai,"55,00,000",Private Equity,"Sequoia Capital, Kae Capital, Anupam Mittal, Sandeep Tandon",2015,June
Retention.ai,App Analytics platform,Bangalore,"5,00,000",Seed Funding,"Mercury Fund, Anshu Sharma, Pratyush Prasanna, Robert Winters & others",2015,June
Fusion Microfinance,Micro Finance Platform,New Delhi,"86,00,000",Private Equity,"Development finance institution Belgian Investment Company, Oikocredit",2015,June
Zinka,Freight logistics platform,Bangalore,"60,00,000",Private Equity,"Accel Partners, Flipkart",2015,June
CreditMantri,Credit Management Services,Chennai,"25,00,000",Private Equity,"IDG Ventures India, Elevar Equity, Accion Venture Lab",2015,June
GetMyPeon,Hyperlocal Handyman Services,Mumbai,"2,50,000",Seed Funding,Undisclosed investors,2015,June
UrbanClap,Hyperlocal services marketplace,New Delhi,"1,00,00,000",Private Equity,"SAIF Partners,\\xc2\\xa0 Accel Partners",2015,June
StayGlad,Beauty services Mobile Marketplace,Bangalore,,Seed Funding,"Tracxn Labs, Sahil Barua",2015,June
AdWyze,Marketing / Advertising Automation platform,Bangalore,"10,00,000",Seed Funding,Mape Advisory,2015,June
Zimmber,Hyperlocal Handyman Services,Mumbai,"4,00,000",Seed Funding,"Naveen Tiwari, Mohit Saxena, Amit Gupta, Piyush Shah, Manish Dugar",2015,June
Buttercups,Online Lingerie platform,Bangalore,,Seed Funding,"Kanwaljit Singh, Angie Mahtaney, Manoj Varghese",2015,June
RailYatri,Railways Information Mobile app,Bangalore,,Private Equity,"Helion Ventures, Omidiyar Network, Blume Ventures and Ujama",2015,June
aagaar.com,Hyperlocal grocery delivery,Gurgaon,,Seed Funding,Group of Investors,2015,June
Flatchat,Flat rental Mobile App,Bangalore,"25,00,000",Private Equity,Commonfloor,2015,June
MyCFO,Wealth Management Platform,Mumbai,"15,00,000",Private Equity,Sameer Koticha,2015,June
Foodpanda,Online Food Delivery,Gurgaon,"10,00,00,000",Private Equity,"Goldman Sachs, Rocket Internet",2015,May
Termsheet,Fund Raising Platform,Chennai,"1,00,000",Seed Funding,"Anand Vijay, Nipun Dureja, Satyajit Heeralal, Keith Rodricks, Gaurav Lochan, Azmul Haque, Nikhil Bagri",2015,May
Applicate,Workforce Management Software,Bangalore,"5,50,000",Seed Funding,"Rishi Vasudev, Amit Gupta, Rajiv Nayan",2015,May
World Art Community,Online Art Marketplace,Gurgaon,"2,00,000",Seed Funding,Viraj Tyagi & others,2015,May
SpoonJoy,Online Food Delivery,Bangalore,"10,00,000",Seed Funding,SAIF Partners,2015,May
Seed Schools,Affordable Education,Hyderabad,"6,50,000",Seed Funding,Acumen Fund,2015,May
Ignis Careers,Career Development,Hyderabad,"2,50,000",Seed Funding,Acumen Fund,2015,May
Square Yards,Real Estate Advisory,Gurgaon,"60,00,000",Private Equity,Undisclosed Investors,2015,May
Fintellix,Banking Analytics Platform,Bangalore,"1,50,00,000",Private Equity,"IDG Ventures, Sequoia Capital",2015,May
Customer360,Customer Engagement Platform,Mumbai,,Seed Funding,Vishwas Patel,2015,May
Delhivery,Ecommerce Logistics,Gurgaon,"8,50,00,000",Private Equity,"Tiger Global Management, Multiples Alternate Asset Management, Nexus Venture Partners, Times Internet",2015,May
Swiggy,Online Food Delivery,Bangalore,"1,50,00,000",Private Equity,Norwest Venture Partners,2015,May
Uniphore,Speech Recognition Solutions,Chennai,,Private Equity,"IDG Ventures, Kris Gopalakrishnan",2015,May
Box8,Online Food Delivery,Mumbai,"35,00,000",Private Equity,Mayfield Ventures,2015,May
Toppr,Online Education Platform,Mumbai,"1,00,00,000",Private Equity,"Fidelity Growth Partners India, SAIF Partners,\\xc2\\xa0 Helion Ventures",2015,May
Vedantu,Online Education Platform,Bangalore,"50,00,000",Private Equity,"Accel Partners, Tiger Global Management",2015,May
BuyHatke,Online Product Comparison,Bangalore,"10,00,000",Seed Funding,"S.Gopalakrishnan, Beenos",2015,May
KleverKid,Online Education Platform,New Delhi,,Seed Funding,Aarin Capital Partners,2015,May
Uniken,Online Security Platform,Pune,"20,00,000",Private Equity,Exfinity Ventures,2015,May
GrandOpinion,Online Medical Diagnostic,New Delhi,"1,50,000",Seed Funding,Florida based Angel investor,2015,May
HealthifyMe,Health & Fitness App,Bangalore,,Private Equity,Micromax Informatics,2015,May
ZapStitch,Cloud Data Integration Platform,Bangalore,"20,00,000",Private Equity,"Helion Venture Partners, Orios Venture Partners",2015,May
Wassup,Mobile Laundry Cleaning Service,Chennai,"20,00,000",Private Equity,"Arun Chandra Mohan, Praveen Sinha",2015,May
WorkHorse,Service-On-Demand Mobile App,Mumbai,,Seed Funding,Undisclosed Investors,2015,May
Innovaccer,Intelligent Data Analytics,Noida,,Seed Funding,"Rajan Anandan, Teru Sato, Aneesh Reddy, Venkatesh Valluri",2015,May
MyCuteOffice,Online Office Rental,Mumbai,,Seed Funding,Lead Angels,2015,May
IndianRoots.com,Lifestyle Ecommerce Portal,Gurgaon,"50,00,000",Private Equity,KJS Group,2015,May
RedPolka,Online Fashion Aggregator,Mumbai,"2,50,000",Seed Funding,Undisclosed Investors,2015,May
Venturesity,Online Job skills Showcase,Bangalore,"2,70,000",Seed Funding,"Phanindra Sama, Jay Sethuram, Hemant Kanakia, Ravi Trivedi",2015,May
TheBetterIndia.com,Online News Media,Bangalore,,Seed Funding,Mohandas Pai,2015,May
Awaaz De,Enterprise Communication Platform,Ahmedabad,,Seed Funding,Samir Shah,2015,May
Chaayos,Offline Tea Chain,New Delhi,"10,00,000",Private Equity,Tiger Global Management,2015,May
Akosha,Business Messaging App,New Delhi,"1,60,00,000",Private Equity,Sequoia Capital,2015,May
Cooey,Health Mobile App,Bangalore,"4,70,000",Seed Funding,Subhash Goyal,2015,May
MeetUniv,Online Ed-Tech Platform,Noida,"10,00,000",Seed Funding,Peesh Venture Capital,2015,May
Inspirock,Online Travel Planning,,,Private Equity,MakeMyTrip Innovation Fund,2015,May
Crown-it,Hyperlocal Mobile Marketplace,Gurgaon,"55,00,000",Private Equity,"Accel Partners, Helion Venture Partners",2015,May
Trucksfirst,Trucking Logistic Operations,Gurgaon,"1,00,00,000",Private Equity,SAIF partners,2015,May
Lookup,B2C Messaging App,Bangalore,"30,00,000",Private Equity,Biz Stone,2015,May
SunTerrace,Rooftop Solar Plants,New Delhi,,Private Equity,Sunergy Investors,2015,May
\\xc2\\xa0Nudgespot,Customer Engagement Platform,Bangalore,"6,25,000",Seed Funding,"Kae Capital, Anoop Goyal, Mike Shah, VA Sastry",2015,May
CarDekho,Online Car Portal,Jaipur,,Private Equity,HDFC Bank,2015,May
EveningFlavors,Online Table Reservation,Bangalore,"5,00,000",Seed Funding,Sandiep Shrivatsava,2015,May
Razorpay,Online Payment Gateway,Bangalore,,Seed Funding,Punit Soni,2015,May
ZenParent,Parents focused Web Content,Bangalore,"5,00,000",Seed Funding,i2india Ventures,2015,May
Newgen Payments,Payments Solution Provider,New Delhi,,Seed Funding,Jan Manten,2015,May
UrbanPro,On-demand Service marketplace,Bangalore,"20,00,000",Private Equity,Nirvana Venture Advisors,2015,May
Goodbox,On-Demand Business messaging,Bangalore,"2,00,000",Seed Funding,Manipal Group,2015,May
Renderlogy,Online Home D\\xc3\\xa9cor,Hyderabad,"10,00,000",Private Equity,Astarc Ventures,2015,May
Postman,API Workflow platform,Bangalore,"10,00,000",Seed Funding,Nexus Venture Partners,2015,May
Casa2inns,Affordable Hotel Booking Online,New Delhi,"50,00,000",Private Equity,"Accel Partners, Kalaari Capital",2015,May
FleetRover,Logistics Intelligence,Goa,"1,80,000",Seed Funding,"Tim Chen, Sanjay Venkat",2015,May
TheKarrier,Last Mile Logistics,Bangalore,"2,40,000",Seed Funding,"Sol Primero, Outbox Ventures, Nikunj Jain",2015,May
Zoomcar,Self-driven Car rental,Bangalore,"50,00,000",Private Equity,Sequoia Capital,2015,May
Truweight,Weight Management Service,Hyderabad,,Private Equity,Kalaari Capital,2015,May
Ather Energy,Electric Scooter Manufacturer,Bangalore,"1,20,00,000",Private Equity,Tiger Global,2015,May
Swiggy,Online Food Delivery,Bangalore,"20,00,000",Private Equity,"Accel Partners, SAIF Partners",2015,April
Bluegape,Web Content Publishing,Gurgaon,"2,00,000",Seed Funding,"Rudy Gopalakrishnan, ah! Ventures",2015,April
KeepTrax,Location Based App,Dallas / Hyderabad,"10,00,000",Seed Funding,,2015,April
InstaLively,Video Streaming,New Delhi,"1,20,000",Seed Funding,"Rajesh Sawheny , Rajan Anandan, Amit Ranjan, Niraj Singh, AECAL, MeraEvents.",2015,April
Pricejugaad,Price Comparison,Hyderabad,"1,65,000",Seed Funding,"Amit Tyagi, Sandeep Acharya & others",2015,April
Quikr,Online Classifieds,Mumbai,"15,00,00,000",Private Equity,"Tiger Global, Investment AB Kinnevik, Steadview Capital",2015,April
PressPlay,Travel Entertainment,New Delhi,"22,00,000",Seed Funding,"Sequoia Capital, Jason Hirschhorn, Jarett Posner, and Amit Bhatiani",2015,April
LogiNext,Logistics Tech,Mumbai,,Seed Funding,"Ajit Surana, Sanjay Mehta",2015,April
FirstCry.com,eCommerce,Pune,"1,00,00,000",Private Equity,"Silicon Valley Ventures, NEA Ventures, Valiant Capital, IDG Ventures India,\\xc2\\xa0 SAIF Partners, Vertex Ventures",2015,April
MobiKwik,Digital / Mobile Wallet,Gurgaon,"2,50,00,000",Private Equity,"Tree Line Asia, Cisco Investments, American Express, Sequoia Capital",2015,April
Olacabs,Cab Aggregator,Bangalore,"40,00,00,000",Private Equity,"DST Global, Steadview Capital, Tiger Global, Accel Partners & Others",2015,April
Gadgetwood,Device Repair Svcs,New Delhi,"2,00,000",Seed Funding,"Ajai Chowdhry, Ashvin Chadha, Yogesh Bansal,\\nNitin Singhal & Others",2015,April
Bonhomia,Premium Beverages,New Delhi,"20,00,000",Seed Funding,"Kanwaljit Singh, Shripad Nadkarni, Sarvesh Shahra & Others",2015,April
Changer Mints,Digital / Mobile Wallet,Kolkata,"1,65,000",Seed Funding,Hyderabad based investor,2015,April
Urban Ladder,Online Furnishing\\neCommerce,Bangalore,"5,00,00,000",Private Equity,"Sequoia Capital, TR Capital, Steadview Capital, SAIF Partners, Kalaari Capital",2015,April
Purple Squirrel,Ed-Tech,Mumbai,,Private Equity,"Matrix Partners India, India Quotient",2015,April
Whatfix,Interactive\\xc2\\xa0 How-To Guides,Bangalore,"9,00,000",Seed Funding,"Helion Venture Partner, Powerhouse Ventures, GSF and Other angel investors",2015,April
iMMi Life,Mobile Health Tech,Chennai,,Seed Funding,Unitus Seed Fund,2015,April
Zomato,Restaurant Reviews,Gurgaon,"2,50,00,000",Private Equity,Info Edge (India),2015,April
ZopNow,Online Grocer,Bangalore,"1,00,00,000",Private Equity,"Dragoneer Investment, Accel Partners, Qualcomm Ventures, Times Internet",2015,April
Nayi Disha,Ed-Tech,New Delhi,"3,00,000",Seed Funding,"Ajay Relan,",2015,April
Commeasure,Online Hotel Booking,Noida,"10,00,000",Seed Funding,Jungle Ventures,2015,April
Capricoast,Online Kitchen Furniture,Bangalore,"12,50,000",Seed Funding,Accel Partners India,2015,April
LocalOye,Hyper-local Online Services,Mumbai,"50,00,000",Private Equity,"Tiger Global Management, Lightspeed Venture Partners",2015,April
Grofers,Hyper-Local Online/Mobile Grocery,Gurgaon,"3,50,00,000",Private Equity,"Tiger Global, Sequoia Capital",2015,April
PepperTap,Hyper-Local Online/Mobile Grocery,Gurgaon,"1,00,00,000",Private Equity,"SAIF Partners, Sequoia Capital",2015,April
PolicyBazaar,Online Policy Aggregator,Gurgaon,"4,00,00,000",Private Equity,"PremjiInvest, Tiger Global, Ribbit Capital",2015,April
UrbanClap,Hyperlocal Mobile Services Marketplace,New Delhi,"16,00,000",Seed Funding,"SAIF Partners, Accel Partners, Kunal Bahl, Rohit Bansal",2015,April
Taskbob,OnDemand\\nMobile Handyman Services,Mumbai,"12,00,000",Seed Funding,"Orios Venture Partners, Mayfield India",2015,April
Robosoft,Mobile App Development,Udupi,"1,20,00,000",Private Equity,"Ascent Capital, Kalaari Capital",2015,April
Doormint,On-Demand Handyman Services,Mumbai,,Seed Funding,Powai Lake Ventures,2015,April
Vyomo,Beauty & Wellness Mobile App,Gurgaon,,Seed Funding,YouWeCan Ventures,2015,April
Pastiwala,Material Collection & Recycling,Vadodara,"40,00,000",Private Equity,Agnus Capital,2015,April
1mg (Healthkartplus),Online Pharmacy & Drug DB,Gurgaon,"60,00,000",Private Equity,"Deep Kalra, Sequoia Capital, Omidyar Network, Intel Capital & Kae Capital",2015,April
Freshdesk,Online / Mobile Customer Support,Chennai,"5,00,00,000",Private Equity,"Tiger Global, Google Capital & Accel Partners",2015,April
Sulekha.com,Online Classifieds & Listings,Chennai,"2,80,00,000",Private Equity,GIC ventures,2015,April
FindYahan,Hyperlocal services marketplace,New Delhi,,Private Equity,The Phoenix Fund,2015,April
Eat.Shop.Love,Fashion ECommerce,Bangalore,"35,00,000",Private Equity,Undisclosed Investor,2015,April
Avanti Learning,Private Coaching Centers,New Delhi,"15,00,000",Private Equity,"Michael & Susan Dell Foundation, Pearson Learning Fund",2015,April
Simplilearn,Online Certification Courses,Bangalore,"1,50,00,000",Private Equity,"Mayfield Ventures, Kalaari Capital, Helion Ventures",2015,April
Craftstvilla,Ethnic Product eCommerce,Mumbai,"1,80,00,000",Private Equity,"Sequoia Capital, Nexus venture Partners, Lightspeed Ventures, GFC",2015,April
HeadOut,Last Minute Travel Deals mobile marketplace,Bangalore / SFO,"18,00,000",Seed Funding,"Version One Ventures, 500 Startups, Nexus Venture Partners and Arena Ventures",2015,April
happay,usiness expense management,Bangalore,"5,00,000",Seed Funding,AngelPrime,2015,April
Jugnoo,Auto Rickshaw based Logistics,Chandigarh,"10,00,000",Seed Funding,"Rakesh Mathur, Vikas Taneja & others",2015,April
EazyDiner,Restaurant reservation app,New Delhi,,Seed Funding,"Deepak Shahdadpuri, Gulpreet Kohli",2015,April
Phone Warrior,Spam Call block App,New Delhi,,Seed Funding,Lightspeed Ventures,2015,April
Coverfox,Online Insurance Aggregator,Mumbai,"1,20,00,000",Private Equity,"Accel US, Accel India, SAIF Partners.",2015,April
Torqus,Restaurant Management Platform,Pune,"3,50,000",Seed Funding,S S Mukherji & Others,2015,April
Grab,Food Logistics & Delivery,Mumbai,"10,00,000",Seed Funding,"Oliphans Capital, Haresh Chawla",2015,April
LogicRoots,Interactive Educational Games,Jaipur,"4,00,000",Seed Funding,"Ah! Ventures, Calcutta Angels,\\xc2\\xa0 91SpringBoard",2015,April
GIBBS,Clean Tech,New Delhi,,Private Equity,Infuse Ventures fund,2015,April
Babajobs,Grey collar Job Board,Bangalore,"1,00,00,000",Private Equity,SEEK Ltd & affiliates,2015,April
Urban Ladder,Online Furniture ecommerce,Bangalore,,Private Equity,"Anand Rajaraman, Venky Harinarayan",2015,April
Jay Robotix,Robotic Program learning,Hyderabad,"2,50,000",Seed Funding,Cross Border Angels & others,2015,April
Naaptol.com,Tele-Shopping / eCommerce,Mumbai,"2,15,00,000",Private Equity,Mitsui & Co & existing investors,2015,April
ReGlobe,Used Gadgets Buy / Refurbishing,Gurgaon,"10,00,000",Seed Funding,"Bessemer Ventures, Blume Ventures",2015,April
Icertis,Cloud Enterprise Software,Pune / US,"60,00,000",Private Equity,"Greycroft Partners, Fidelity Growth Partners",2015,April
Tracxn,Startup Analytics platform,Bangalore,"35,00,000",Private Equity,SAIF Partners,2015,April
Dazo,Mobile Food Ordering app,Bangalore,,Seed Funding,"Sumit Jain, Aprameya Radhakrishna, Alok Goel, Rajan Anandan, Amit Agrawal, Vinay Goel, Gaurav Munjal, Ashish Dev Kapur",2015,April
Tradelab,Financial Markets Software,Bangalore,"4,00,000",Seed Funding,Rainmatter,2015,April
PiQube,Hiring Analytics platform,Chennai,"5,00,000",Seed Funding,The HR Fund,2015,April
Travel Triangle,Online Travel Marketplace,Noida,"80,00,000",Private Equity,"Bessemer Venture Partners, SAIF Partners",2015,April
TrulyMadly.com,,,"55,00,000",Private Equity,"Helion Venture Partners, Kae Capital",2015,March
InstaLively,,,"1,20,000",Seed Funding,Group of Angel Investors,2015,March
Vserv,,,"1,50,00,000",Private Equity,"Maverick Capital, IDG Ventures India",2015,March
Intruo.com,,,,Seed Funding,"Ashutosh Lawania, Alok Goel & others",2015,March
Niffler,,,"10,00,000",Seed Funding,SAIF Partners,2015,March
CustomFurnish.com,,,"25,00,000",Private Equity,"Madhukar Gangadi, Satish Reddy, Srini Raju, Srini Koppolu & SIDBI",2015,March
MapMyGenome,,,"12,00,000",Private Equity,Rajan Anandan & other angel investors,2015,March
Crowdfire (formerly Justunfollow),,,"25,00,000",Private Equity,Kalaari Capital,2015,March
Bite Club,,,"5,00,000",Seed Funding,"Powai Lake Ventures, Aneesh Reddy, Ashish Kashyap, Alok Mittal",2015,March
Localbanya,,,,Private Equity,Shrem Strategies,2015,March
Appedo,,,"10,00,000",Seed Funding,Undisclosed Investors,2015,March
Fitraq.com,,,"1,50,000",Seed Funding,Tarun Arora,2015,March
ChargeBee,,,"50,00,000",Private Equity,"Tiger Global, Accel Partners",2015,March
Groupon India,,,"2,00,00,000",Private Equity,Sequoia Capital,2015,March
Process 9,,,,Seed Funding,"IAN Ventures, Alok Sharma, Kris Gopalakrishnan, Saurabh Srivastava, Ajai Chowdhry",2015,March
MoonFrog Labs,,,"1,50,00,000",Private Equity,"Tiger Global, Sequoia Capital.",2015,March
Foodpanda,,,"11,00,00,000",Private Equity,Rocket Internet AG & others,2015,March
Paytm,,,,Private Equity,Ratan Tata,2015,March
DiabetOmics,,,"50,00,000",Private Equity,"VentureEast,\\xc2\\xa0 Varaprasad Reddy",2015,March
Qyk,,,,Seed Funding,"Powai Lake Ventures, Zishan Hayath, Abhishek Goyal, Sahil Barua",2015,March
Daily Rounds,,,"5,00,000",Seed Funding,"Kae Capital, GSF, Teruhide Sato",2015,March
Orobind,,,"2,00,000",Seed Funding,"Zishaan Hayath, Lalit Mangal, Harpreet Singh Grover",2015,March
Routofy,,,,Seed Funding,"Kunal Bahl, Rohit Bansal",2015,March
Digital Gorkha,,,"1,66,000",Seed Funding,Ramesh kavediya,2015,March
NestAway,,,"13,00,000",Seed Funding,"IDG Ventures, Naveen Tewari",2015,March
The Better India,,,"1,66,000",Seed Funding,I-cube-N,2015,March
Meru Cabs,,,"5,00,00,000",Private Equity,Value Fund Advisors,2015,March
GolfLAN,,,,Seed Funding,YourNest Angel Fund,2015,March
Drivestream,,,"50,00,000",Private Equity,Wipro,2015,March
wWhere,,,"2,00,000",Seed Funding,Group of Angel Investors,2015,March
GoJavas,,,,Private Equity,Snapdeal,2015,March
Tripoto,,,"20,00,000",Private Equity,"IDG Ventures, Outbox Ventures",2015,March
Graphic India,,,"28,00,000",Seed Funding,"CA Media LP,\\xc2\\xa0 Start Media.",2015,March
Harness Handitouch,,,,Private Equity,Armat Group,2015,March
Lets Corp,,,"30,00,000",Seed Funding,Wu Chay Chin,2015,March
CollateBox,,,"1,80,000",Seed Funding,LetsVenture,2015,March
Mahindra First Choice,,,"1,50,00,000",Private Equity,Valiant Capital,2015,March
Round One,,,,Seed Funding,"HT Media, Arun Duggal",2015,March
RazorPay,,,"1,20,000",Seed Funding,Y Combinator,2015,March
Mosambee,,,,Private Equity,RVCF and SIDBI,2015,March
Furlenco,,,"60,00,000",Private Equity,LightBox Ventures,2015,March
Cubito,,,"1,60,000",Seed Funding,Sol Primero,2015,March
Teabox,,,"60,00,000",Private Equity,"JAFCO Asia, Keystone Group, Dragoneer Investment, Accel Partners",2015,March
Artoo,,,"5,00,000",Private Equity,"Accion Venture Labs, Rianta Capital",2015,March
Fxkart.com,,,"20,00,000",Seed Funding,"Dr Mushtaq Shah, Dr Faraz Naqvi",2015,March
Rozgar Mela,,,,Seed Funding,"Impact Investment Holding, Upaya Social Ventures",2015,March
OYO Rooms,,,"2,50,00,000",Private Equity,"Greenoaks capital, Sequoia Capital, LightSpeed Ventures",2015,March
Roposo.com,,,"50,00,000",Private Equity,"Tiger Global Management, Indian Quotient, Binny Bansal",2015,March
Teewe,,,"17,50,000",Seed Funding,"Sequoia Capital, India Quotient",2015,March
ePoise,,,,Seed Funding,Undisclosed,2015,March
Urjas,,,"1,00,000",Seed Funding,Solidarity Venture Capital & others,2015,March
Chargein,,,"1,00,000",Seed Funding,Pittie Group,2015,March
Yogurt Labs,,,"1,15,000",Seed Funding,"Nick Adams, Kiran Bhat, Family Pot Investments LLP",2015,March
LimeRoad.com,,,"3,00,00,000",Private Equity,"Tiger Global, Matrix Partners, Lightspeed Venture Partners",2015,March
Team Indus,,,"15,00,000",Private Equity,"Nandan Nilekani, Rajiv Mody, Ajai Chowdhary",2015,March
Arohan Financial Services,,,"1,00,00,000",Private Equity,Tano Capital,2015,March
BillDesk,,,"7,50,00,000",Private Equity,TA Associates,2015,March
Triphobo,,,"30,00,000",Private Equity,"Mayfield Ventures, Kalaari Capital",2015,March
Aryaka,,,"1,60,00,000",Private Equity,"Trinity Ventures, InterWest Partners, Mohr Davidow Ventures, Presidio Ventures",2015,March
Appsdaily,,,"1,60,00,000",Private Equity,"Zodius Capital, Ru-Net, Kalaari Capital,\\xc2\\xa0 Qualcomm Ventures",2015,March
Faaya,,,"16,600",Seed\\nFunding,Group of Angel Investors,2015,February
InstaBounce,,,"16,600",Seed\\nFunding,Group of Angel Investors,2015,February
Chloroplast Foods,,,"16,600",Seed\\nFunding,Group of Angel Investors,2015,February
Dealwithus,,,"16,600",Seed\\nFunding,Group of Angel Investors,2015,February
CleverSharks,,,"16,600",Seed\\nFunding,Group of Angel Investors,2015,February
Leaf,,,"16,600",Seed\\nFunding,Group of Angel Investors,2015,February
SmartPocket,,,"2,50,000",Seed\\nFunding,"Sol Primero, Rajiv Mehta",2015,February
Yumist,,,"10,00,000",Private Equity,Orios Venture Partner,2015,February
NowFloats,,,,Private Equity,Omidyar Network,2015,February
FirstCry,,,"2,60,00,000",Private Equity,Valiant Capital Partners,2015,February
HolaChef,,,"3,25,000",Seed\\nFunding,India Quotient,2015,February
Frsh.co.in,,,"5,18,000",Seed\\nFunding,"India Quotient, Kae Capital",2015,February
Manthan,,,"6,00,00,000",Private Equity,"Temasek, Norwest Venture Partners",2015,February
Kobster.com,,,,Seed\\nFunding,Splice Advisors,2015,February
Culture Machine,,,"1,80,00,000",Private Equity,"Tiger Global, Times Internet, Zodius Capital",2015,February
Paytm,,,,Private Equity,Ant Financial Services (Alipay),2015,February
Aisle.co,,,"1,00,000",Seed\\nFunding,"Anand Vijay, Shashank Mehrotra & Others",2015,February
FreeCharge,,,"8,00,00,000",Private Equity,"Valiant Capital, Tybourne Capital, Sequoia Capital, RuNet and Sofina",2015,February
NewsHunt,,,"4,00,00,000",Private Equity,"Falcon Edge Capital, Matrix Partners India, Sequoia Capital India and Omidyar Network",2015,February
MyNoticePeriod,,,"30,00,000",Private Equity,IDG Ventures,2015,February
CarDekho.com,,,,Private Equity,Ratan Tata,2015,February
Faaso\\xe2\\x80\\x99s,,,"2,00,00,000",Private Equity,Lightbox Ventures,2015,February
CarTrade.com,,,,Private Equity,Chip Perry,2015,February
StoreKing,,,,Private Equity,Mangrove Capital Partners,2015,February
Capital Float,,,"1,30,00,000",Private Equity,"SAIF Partners, Sequoia Capital, Aspada",2015,February
Nimble Wireless,,,"30,00,000",Seed\\nFunding,AngelPrime,2015,February
Townscript,,,,Seed\\nFunding,Group of Angel Investors,2015,February
FindYahan,,,,Seed\\nFunding,"Karan Bajwa, Parvesh Bareja , Sunjay Kapur, Amanpreet Bajaj",2015,February
Stayzilla,,,"2,00,00,000",Private Equity,"Nexus Venture Partners, Matrix Partners",2015,February
Practo,,,"3,00,00,000",Private Equity,"Sequoia Capital, Matrix Partners",2015,February
CimplyFive,,,,Seed\\nFunding,"Suresh Senapaty, TV Mohandas Pai",2015,February
20Dresses,,,"10,00,000",Seed\\nFunding,"Srinivas Aluri, Srinivas Modukury, BS Nagesh",2015,February
Itzcash,,,"1,65,00,000",Private Equity,Ashok Goel (promoter),2015,February
NewsInShorts,,,"41,50,000",Private Equity,"Tiger Global, Rebright Partners, Sachin and Binny Bansal",2015,February
iTraveller.com,,,"10,00,000",Private Equity,ah! Ventures,2015,February
NextGen,,,,Seed\\nFunding,Mumbai Angels & Group of other investors,2015,February
Wooplr.com,,,"50,00,000",Private Equity,Helion Venture Partners,2015,February
Springleap,,,"8,00,000",Seed\\nFunding,Cross Border Angels,2015,May
Klip.in,,,"5,00,000",Seed\\nFunding,"Calcutta Angels, Venture Nursery Angels Mumbai Angels",2015,February
Renderlogy,,,"16,00,000",Private Equity,Brick Eagle,2015,February
Appbase,,,"2,90,000",Seed\\nFunding,"DA-IICT, Techstars, Carnegie Mellon University, Startup Brasil program",2015,February
HomeLane,,,"45,00,000",Private Equity,"Sequoia Capital, Ranjan Pai, Mohandas Pai & others",2015,February
Trip38,,,"10,00,000",Private Equity,"InterGlobe Technology Quotient, Lantern Capital",2015,February
Smartairtrip.com,,,"1,00,00,000",Private Equity,Undisclosed,2015,February
NoBroker,,,"30,00,000",Private Equity,"SAIF Partners, Fulcrum Ventures",2015,February
Caravan Craft Retail,,,"5,00,000",Seed\\nFunding,"Unitus Seed Fund\\nNarayan Ramachandran, Bijou Kurien",2015,February
SquadRun,,,,Seed\\nFunding,"Amit Ranjan, Deepinder Goyal, Zishaan Hayath, Powai Lake Ventures",2015,February
Clonect Solutions,,,"2,50,000",Seed\\nFunding,"V Balakrishnan, T V Mohandas Pai, BC Prabhakar",2015,February
TaxSutra,,,"1,60,000",Seed\\nFunding,"V Balakrishnan, T V Mohandas Pai",2015,February
PepperTap,,,,Seed\\nFunding,Sequoia Capital,2015,February
Sattviko,,,"3,20,000",Seed\\nFunding,"Sumit Jain, Rajat Jain, Sanjay Bhasin",2015,February
IndustryBuying,,,"20,00,000",Private Equity,SAIF Partners,2015,February
FreshWorld,,,,Seed\\nFunding,"Kris Gopalakrishnan, Nagaraja Prakasam",2015,February
TinyOwl,,,"1,60,00,000",Private Equity,"Matrix Partners, Sequoia Capital, Nexus Venture Partners",2015,February
Momoe,,,"12,00,000",Seed\\nFunding,"IDG Ventures India, Jungle Ventures, India Quotient.",2015,February
Grofers,,,"1,00,00,000",Private Equity,"Tiger Global Management, Sequoia Capital India",2015,February
LensKart,,,"21,50,000",Private Equity,"TPG Growth, TR Capital, IDG Ventures",2015,January
VioletStreet,,,"3,15,000",Seed\\nFunding,"Venkat Vallabhneni, Sudhakar Reddy, Srinivasa Rao Paturi",2015,January
Lookup,,,"3,80,000",Seed\\nFunding,"DeNA Co., Japan & Teruhide Sato (in Addition to MKS Switzerland & Kris GopalKrishnan)",2015,January
#Fame,,,"1,00,00,000",Private Equity,TO THE NEW Ventures,2015,January
Gympik,,,"1,35,000",Seed Funding,"Tom Clausen, Rohan Ajila, Haldyn Glass",2015,January
Near.in,,,"2,85,000",Seed Funding,"Anupam Mittal, Manish Vij, Prashant Tandon, Gaurav Agarwal, Akash Agarwal, Himanshu Aggarwal, Kevin Parikh",2015,January
Purplle.com,,,,Private Equity,IvyCap Ventures,2015,January
NumberMall,,,"1,00,00,000",Private Equity,SRI Capital,2015,January
Tookitaki,,,"10,00,000",Private\\nEquity,"Jungle Ventures, Redbright Partners, Blume Ventures",2015,January
Frankly,,,"6,00,000",Seed Funding,Matrix Partners,2015,January
Faircent,,,,Seed Funding,"Devesh Sachdev, Ashish Tiwari",2015,January
Nurturey,,,"1,25,000",Crowd funding,Seedrs Crowd funding platform,2015,January
Bewakoof,,,,Seed Funding,"Rohit Bansal, Kunal Bahl, Nikhil Vora",2015,January
Stridalyzer,,,"30,768",Crowd Funding,Kickstarter,2015,January
Commonfloor,,,"50,00,000",Private Equity,Google Capital,2015,January
Sokrati,,,,Private Equity,"IvyCap Ventures, Inventus Capital",2015,January
YepMe,,,"1,30,00,000",Private Equity,"JS Capital, Helion Venture Partners, Capricorn Investment Group",2015,January
TapCibo,,,,Seed Funding,Alok Goel,2015,January
Verayu,,,,Private Equity,"GWB Group, Blume Ventures",2015,January
MyDreamStore,,,"2,90,000",Seed Funding,Undisclosed Investors,2015,January
AppVirality,,,,Seed Funding,"Rajan Anandan, Mike Galgon, Ashim Mehra, Mohit Saxena, Ravi Gururaj, TNN Capital & IIG",2015,January
RateGain,,,"5,00,00,000",Private Equity,TA Associates,2015,January
eKincare,,,"1,61,000",Seed Funding,Adroitent Pvt. Ltd.,2015,January
ShopClues,,,"10,00,00,000",Private Equity,Tiger Global & Other investors,2015,January
Refiral,,,"3,30,000",Seed Funding,Cogent E Services,2015,January
Ping Digital,,,,Seed Funding,Consortium of Angel Investors,2015,January
HealthyWorld.in,,,"2,00,000",Seed Funding,Group of Angel Investors,2015,January
Hostel Dunia,,,"16,000",Seed Funding,Hyderabad Angels (at Startup Heroes event),2015,January
Play your sport,,,"16,000",Seed Funding,Hyderabad Angels (at Startup Heroes event),2015,January
Yo Grad,,,"16,000",Seed Funding,Hyderabad Angels (at Startup Heroes event),2015,January
Enabli,,,"16,000",Seed Funding,Hyderabad Angels (at Startup Heroes event),2015,January
CBS,,,"16,000",Seed Funding,Hyderabad Angels (at Startup Heroes event),2015,January
Hopscotch,,,"1,10,00,000",Private Equity,Eduardo Saverin & Velos Capital,2015,January
Amagi Media Labs,,,,Private Equity,Premji Invest & Mayfield Fund,2015,January
Simplilearn,,,"1,47,50,000",Private Equity,"Mayfield India, Kalaari Capital, Helion Ventures",2015,January
MyDreamStore,,,"3,25,000",Seed Funding,Undisclosed Investors,2015,January
Knit,,,,Seed Funding,"Rohit Jain, Amit Rambhia & Others",2015,May
Villgro,,,"32,50,000",Seed Funding,Michael & Susan Dell Foundation,2015,May
Freshmonk,,,,Seed Funding,"August Capital Partners, Michael Blakey",2015,January
Englishleap.com,,,,Private Equity,ANALEC,2015,January
Antuit,,,"5,60,00,000",Private Equity,"Goldman Sachs, Zodius Capital",2015,January
Caratlane.com,,,"3,10,00,000",Private Equity,Tiger Global,2015,January
Aasaanjobs,,,"15,00,000",Seed Funding,"Inventus Capital Partners, IDG Ventures",2015,January
Impartus,,,,Private Equity,Kaizen Private Equity,2015,January
Thrill App,,,"10,00,000",Private Equity,People Group (Shaadi.com),2015,January
CarDekho.com,,,"5,00,00,000",Private Equity,"Hillhouse Capital, Tybourne Capital",2015,January
Grabhouse.com,,,"25,00,000",Private Equity,"Kalaari Capital, Sequoia Capital",2015,January
Printvenue,,,"45,00,000",Private Equity,Asia Pacific Internet Group,2015,January
Graphene,,,"8,25,000",Private Equity,KARSEMVEN Fund,2015,January
Mad Street Den,,,"15,00,000",Private Equity,"Exfinity Fund, GrowX Ventures.",2015,January
Simplotel,,,,Private Equity,MakeMyTrip,2015,January
couponmachine.in,,,"1,40,000",Seed Funding,UK based Group of Angel Investors,2015,January
Aqgromalin,AgriTech,Chennai,"$200,000",,Angel investors,2020,December
Krayonnz,EdTech,Bangalore,"$100,000",Pre-seed,GSF Accelerator,2020,December
PadCare Labs,Hygiene management,Pune,,Pre-seed,Venture Center,2020,December
NCOME,Escrow,New Delhi,"$400,000",,"Venture Catalysts, PointOne Capital",2020,December
Gramophone,AgriTech,Indore,"$340,000",,"Siana Capital Management, Info Edge",2020,December
qZense,AgriTech,Bangalore,"$600,000",Seed,"Venture Catalysts, 9Unicorns Accelerator Fund",2020,December
MyClassboard,EdTech,Hyderabad,"$600,000",Pre-series A,ICICI Bank.,2020,December
Metvy,Networking platform,Gurgaon,,Pre-series,HostelFund,2020,December
Rupeek,FinTech,Bangalore,"$45,000,000",Series C,"KB Investment, Bertelsmann India Investments",2020,December
Gig India,Crowdsourcing,Pune,"$1,000,000",Pre-series A,"Shantanu Deshpande, Subramaniam Ramadorai",2020,December
Slurrp Farm,Food & Bevarages,Gurgaon,"$2,000,000",Series A,Fireside Ventures,2020,December
Medfin,HealthTech,Bangalore,,Series A,"Axilor Ventures, S.D. Shibulal",2020,December
MasterG,Fashion startup,New Delhi,,,Acumen Fund's angel programme,2020,December
Brila 91,Food & Bevarages,New Delhi,"$1,200,000",,"Sequoia Capital India, Sixth Sense Ventures",2020,December
FoodyBuddy,Food Industry,Belgaum,"$600,000",,Rebel Foods,2020,December
Zomato,Food Delivery,Gurgaon,"$660,000,000",,"Kora, Tiger Global Management",2020,December
OurEye.ai,Virtual auditing startup,Bangalore,"$120,000",,"100X VC, Amara Ventures",2020,December
Shiprocket,E-commerce,New Delhi,"$7,500,000",Series C,"Bertelsmann India Investments, InnoVen Capital",2020,December
Pine Labs,FinTech,Noida,,,"Mastercard, Temasek Holdings",2020,December
Moneyboxx Finance,FinTech,New Delhi,"$1,000,000",,"BlackSoil, Caspian",2020,December
EWar,Gaming,Bangalore,,Pre-series A,"Jindal Steels, Jeet Banerjee",2020,December
SucSEED Indovation,FinTech,Hyderabad,"$5,000,000",,,2020,December
TaxBuddy.com,FinTech,Mumbai,"$1,000,000",,Zenith Global,2020,December
Awign Enterprises,Work fulfillment,Bangalore,"$500,000",,"Unitus Ventures, Work10M",2020,December
Circle of Angels,FinTech,Gurgaon,"$3,000,000",,,2020,December
CoinDCX,FinTech,Mumbai,"$10,000,000",Series B,"Coinbase Ventures, Polychain",2020,December
Glance,AI startup,Bangalore,"$145,000,000",,Mithril Capital Management.,2020,December
VerSe Innovation,Telecommunication,Bangalore,"$100,000,000",,Google,2020,December
Voosh,Food Industry,Bangalore,,Pre-seed,Better Capital,2020,December
Delhivery,E-commerce,Gurgaon,,,"Steadview Capital, Canada Pension Plan Investment Board",2020,December
Arya,AgriTech,Noida,"$21,000,000",Series B,Quona Capital,2020,December
Pickrr,Logistics,New Delhi,"$4,000,000",,Swastika,2020,December
PhonePe,FinTech,Andheri,"$20,000,000",,"Flipkart, Walmart",2020,December
Countingwell,EdTech,Bangalore,"$1,000,000",Pre-series A,"Delhi Private School, UAE, Interstar",2020,December
Callify.ai,Tech Startup,Mumbai,"$560,000",Seed,Malpani Ventures,2020,December
Hudle,Sports,New Delhi,,Pre-series A,Survam Partners,2020,December
Cover it Up,E-commerce,Chennai,"$400,000",Seed,Angel investors,2020,December
BiteSpeed,E-commerce,Gurgaon,"$275,000",Seed,Whiteboard Capital,2020,December
WakeFit,Retail,Bangalore,"$20,000,000",Series B,Sequoia Capital.,2020,December
Sreyas Holistic Remedies,Medtech,Hyderabad,"$1,000,000",,Blacksoil,2020,December
Fleeca India,Tyre management,Jaipur,,,Bridgestone India,2020,December
M1xchange,FinTech,Gurgaon,"$4,500,000",,"BEENEXT, Mayfield Fund",2020,December
Exotel,Cloud company,Bangalore,"$5,000,000",,"A91 Partners, Artha India Ventures",2020,December
PagarBook,Software company,Bangalore,"$15,000,000",Series A,"Sequoia Capital, India Quotient",2020,December
PointOne Capital,Venture capitalist,Bangalore,,,,2020,December
Ayana,Renewable player,Bangalore,"$390,000,000",,"NIIF Ltd, CDC Group",2020,December
Fisdom,FinTech,Bangalore,"$7,000,000",,"PayU Finance India, Quona Capital",2020,December
Tinker Coders,EdTech,Noida,,Seed,STEMROBO Technologies,2020,December
Infinite Uptime,IoT startup,Pune,"$5,100,000",Series B,"Infrastructure Leasing & Financial Services Limited, Dorm Room Fund",2020,December
HappyLocate,SaaS startup,Bangalore,"$500,000",Pre-series A,The CoWrks Foundry,2020,December
PhonePe,FinTech,New Delhi,"$700,000,000",,Flipkart,2020,December
Loop Health,HealthTech,Pune,"$2,300,000",Seed,"Y Combinator, Sierra Ventures",2020,December
NeoDocs,HealthTech,Mumbai,,Pre-seed,9Unicorns Accelerator Fund,2020,December
The ePlane,Aero company,Chennai,,Seed,Speciale Invest,2020,December
TagMango,Marketing company,Mumbai,"$700,000",Seed,"XRM Media, Kevin Lin",2020,December
The New Shop,Retail startup,New Delhi,"$500,000",Seed,Huddle Accelerator,2020,December
MobiKwik,FinTech,Gurgaon,"$7,000,000",,"Hindustan Media Venture, Nicolas Jarrosson",2020,December
DebugsBunny,EdTech,Pune,"$100,000",,India Angel Fund,2020,December
BHIVE Investech,Co-working Startup,Bangalore,"$1,000,000",Seed,Blume Ventures,2020,December
Rivigo,Logistics,Gurgaon,"$19,000,000",,"Elevation Capital, Trifecta Capital Advisors",2020,December
ZipLoan,Finance company,New Delhi,"$3,000,000",,"Stride Ventures, Matrix Partners India",2020,December
Swipez,FinTech,Pune,,,"9Unicorns, Anicut",2020,December
Humus,AgriTech,Bangalore,,,"Venture Catalysts, 9Unicorns, We Founders Circle.",2020,December
Artivatic.ai,Tech company,Bangalore,,,"SenseAI Ventures, Saurabh Chugh",2020,December
Prescinto,Solar Monitoring Company,Ahmedabad,,Seed,"Startup incubator, Accelerator Venture Catalysts",2020,December
Toppeq,SaaS startup,Mumbai,,Seed,,2020,December
Bolo Indya,Video sharing platform,Gurgaon,"$400,000",,"India Accelerator, Sunil Kamath",2020,December
Bombay Play,Gaming startup,Bangalore,"$1,000,000",Seed,"Ramakant Sharma, Leo Capital India",2020,December
FreshToHome,E-commerce,Bangalore,,,Investment Corporation of Dubai (ICD),2020,December
KIKO TV,Video streaming platform,Mumbai,,Seed,"9Point8 Capital, Sunil Kumar Singhvi",2020,December
Atomberg Technologies,Consumer appliances,Mumbai,"$9,000,000",Series B,"Sandeep Tandon, Survam Partners",2020,December
DealShare,E-commerce,Jaipur,"$21,000,000",Series C,"Falcon Edge Capital, Omidyar Network",2020,December
Smallcase,FinTech,Bangalore,,,"WEH Ventures, BEENEXT",2020,December
CueMath,EdTech,Bangalore,"$40,000,000",Series C,"Sequoia Capital India, CapitalG",2020,December
Gamerji,Gaming startup,Ahmedabad,,Seed,La Gajjar Group.,2020,December
5C Network,HealthTech,Bangalore,"$1,200,000",Pre-series A,"Axilor Ventures, Unitus Ventures",2020,December
Ethereum Push Notification Service,Blockchain startup,Mumbai,"$750,000",Seed,Prolific angel investors,2020,December
Mihup,Conversational AI platform,Kolkata,"$1,500,000",Series A,"Ideaspring Capital, Accel",2020,December
RuralBasket,E-commerce,"Tirunelveli, Tamilnadu","$500,000",,Nativelead Foundation,2020,December
WayCool Foods,AgriTech,Chennai,"$7,800,000",Debt,"FMO, IndusInd Bank",2020,December
Infra.Market,Real Estate,Thane,"$20,000,000",Series B,"Trifecta Capital Advisors, Nexus Venture Partners",2020,December
Info Edge Venture,Venture capitalist,Noida,"$50,000,000",,Lightbox,2020,December
Clovia,E-commerce,Noida,"$4,000,000",Pre-series C,"Golden Birch Investments, She Capital",2020,December
Codingal,EdTech,Bangalore,"$560,000",Seed,"Pras Hanuma, Rebright Partners, Java Capital, and GSF Accelerator.",2020,December
CRED,Finance company,Bangalore,"$80,000,000",Series C,"General Catalyst, Ribbit Capital",2020,December
Vistaar Finance,Finance company,Bangalore,"$30,000,000",,FMO,2020,December
Let's Dive,SaaS platform,Bangalore,"$1,700,000",,Surge,2020,December
Habitat,EdTech,,"$600,000",Seed,"Unitus Ventures, Whiteboard Capital",2020,December
SAWO Labs,SaaS platform,Mumbai,"$600,000",Seed,"StartupXseed Ventures, 100X.VC",2020,December
Signzy,AI platform,Bangalore,"$3,000,000",,"Stellaris Venture Partners, Mastercard",2020,December
KopyKitab,EdTech,Bangalore,,,"Paula Mariwala, Siddharth Anand",2020,December
Kyt,EdTech,Singapore,"$2,500,000",,Sequoia Capital India’s Surge,2020,November
Raskik,Fusion beverages,,"$1,000,000",Pre-series A,"Venture Catalysts, 9Unicorns",2020,November
GetWork,HR Tech,Gurugram,"$40,000",Pre-seed,India Accelerator,2020,November
Mobile Premier League (MPL),Gaming,Bangalore,"$500,000",Series B,"Pegasus Tech Ventures, Base Partners",2020,November
Pravasirojgar,Job portal,,"$33,000,000",,GoodWorker.,2020,November
Omatra Hotels,Hospitality,Kolkata,,Seed,Capify,2020,November
Awign,Job portal,Bangalore,,Pre-series B,"Unitus Ventures, Work10M",2020,November
NewsReach,Digital Media,Gujarat,"$1,500,000",Seed,"Mumbai Angels, JITO Angel Network.",2020,November
Cashfree,FinTech,Bangalore,"$35,000,000",Series B,"George Osborne, Smilegate Investment",2020,November
Credgenics,FinTech,New Delhi,"$3,000,000",Pre-series A,"Accel India, Breadlake Ventures",2020,November
GeoIQ,AI startup,Bangalore,"$300,000",Seed,"Ankur Mittal, Mitesh Shah",2020,November
Country Delight,Dairy startup,Haryana,"$25,000,000",Series C,"IIFL Asset Management, Matrix Partners",2020,November
Quintype,Content management,Bangalore,"$3,500,000",Series A,IIFL AMC,2020,November
CARS24,Retail,Haryana,"$200,000,000",Series E,"Global Car Group, Freemark holdings",2020,November
Astrogate Labs,Spacetech,Bangalore,,,"Venture Catalysts, Speciale Invest",2020,November
Power Gummies,HealthTech,New Delhi,,Bridge,Venture Catalysts,2020,November
Cityflo,Transportation,Mumbai,"$7,000,000",Series A,"Anupam Mittal, India Quotient",2020,November
AlgoBulls,Trading platform,Mumbai,"$200,000",,Venture Catalysts,2020,November
Credgenics,FinTech,Gurugram,"$3,000,000",Pre-series A,"Accel India, Breadlake Ventures",2020,November
Inntot,Tech company,Kerala,,,Unicorn India Ventures,2020,November
Ensuredit,FinTech,Gurugram,"$300,000",Pre-series A,Venture Catalysts,2020,November
Shipsy,AI Company,Gurugram,"$6,000,000",Series A,"DTDC, Udaan Angel Partners",2020,November
ERPNext,Tech company,Mumbai,"$1,000,000",,Rainmatter,2020,November
LightSpeedAI,Photonics startup,Bangalore,,,"YourNest, growX ventures",2020,November
Grip Invest,FinTech,Gurugram,,Pre-series A,Gemba Capital,2020,November
Unacademy,EdTech,Bangalore,,,"Dragoneer Investment Group, Tiger Global Management",2020,November
Yellow Classes,EdTech,Gurugram,"$1,300,000",Pre-series A,India Quotient,2020,November
Plum,HealthTech,Bangalore,"$4,100,000",,"Surge, Tanglin Venture Partners",2020,November
STAGE,Entertainment,Indore,"$1,000,000",,Venture Catalysts,2020,November
Nykaa,Cosmetics,Mumbai,,,"Alia Bhatt, Katrina Kaif",2020,November
Kaagaz Scanner,Scanning app,,"$575,000",,Pravega Ventures,2020,November
NIRA,FinTech,Bangalore,"$1,000,000",,"Techstars Bangalore Accelerator, Techstars",2020,November
Prolixr,Skincare startup,Gurugram,,Seed,"Alfa Ventures, Divij Bajaj",2020,November
Byju's,EdTech,Bangalore,"$200,000,000",,"Owl Ventures, Tiger Global Management",2020,November
DaMENSCH,E-commerce,Bangalore,"$6,000,000",,"Whiteboard Capital, Matrix Partners India",2020,November
Country Delight,Food and Beverages,Haryana,"$25,000,000",Series C,"Orios Venture Partners, Matrix Partners India",2020,November
SignalX,AI startup,Hyderabad,"$800,000",Seed,"9Unicorns, 3Lines VC, Hyderabad Angels",2020,November
Lancify,EdTech,Bangalore,"$300,000",,"Techstars, Techstars Bangalore Accelerator",2020,November
Krimanshi,Biotechnology company,Jodhpur,"$600,000",Seed,"Rajasthan Venture Capital Fund, AIM Smart City",2020,November
Instoried,AI startup,Bangalore,"$1,000,000",Pre-series A,"Venture Catalysts, SOSV",2020,November
PlayerzPot,Gaming startup,Mumbai,"$3,000,000",Series A,,2020,November
Instamojo,FinTech,Bangalore,,,"BASE, Gunosy Capital",2020,November
Turtlemint,Healthtech,Mumbai,"$30,000,000",,"Nexus Venture Partners, Dream Incubator",2020,November
Arata,E-commerce,New Delhi,"$1,000,000",Pre-series A,DSG Consumer Partners,2020,November
MPL,Gaming startup,Bangalore,"$5,000,000",,"Pegasus Tech Ventures, Base Partners",2020,November
True Balance,FinTech,Gurugram,"$28,000,000",,"IBK Capital, SB Partners",2020,November
Thrive,FoodTech,Mumbai,,Pre-series A,"Whiteboard Capital, Ahimsa Capital",2020,November
Kitchens Centre,Proptech,New Delhi,,Pre-series A,"Jonathan Swanson, Ankush Gera",2020,November
Prescribe,Healthtech,Chennai,"$100,000",,Titan Capital,2020,November
Nepra,CleanTech,Ahmedabad,"$18,000,000",Series C,"Asha Impact, Aavishkaar Venture Capital",2020,November
inFeedo,SaaS startup,Gurugram,"$3,200,000",,"Peyush Bansal, Ritesh Malik",2020,November
Shilpa Sciences,Healthtech,Bangalore,,Pre-series A,AngelList India,2020,November
Arzooo,Tech Startup,Bangalore,,,"3Lines, Jabbar Internet Group",2020,November
MindTickle,SaaS platform,Pune,"$100,000,000",Debt,"Canaan Partners, NewView Capital",2020,November
Slice,FinTech,Bangalore,"$5,000,000",Debt,"Better Capital, Gunosy",2020,November
Rapawalk,E-commerce,Bangalore,"$300,000",Seed,"Sanjay Ramakrishnan, Ravi Garikipati",2020,November
Oga Fit's,Fitness startup,Bangalore,,Pre-series A,9Unicorns,2020,November
LAVAL,Cosmetics,Bangalore,,Pre-series A,Jazal Group,2020,November
Stride Ventures,Venture capitalist,New Delhi,"$80,000,000",,Small Industries Development Bank of India,2020,November
BlackSoil,FinTech,Mumbai,"$10,000,000",,,2020,November
Biocon,Healthcare,Bangalore,"$15,000,000",,Goldman Sachs,2020,November
Clientjoy,SaaS startup,Gujarat,"$800,000",Pre-series A,"LetsVenture, Jyotsna Bapat",2020,November
Xpressbees,E-commerce,Pune,"$100,000,000",,"Alibaba Group, InnoVen Capital",2020,November
GalaxyCard,FinTech,Gurugram,,Seed,India Accelerator,2020,November
Wellness Forever,HealthTech,Mumbai,"$100,000,000",,"Poonawalla, Allana Group",2020,November
MoooFarm,AgriTech,Gurugram,"$500,000",Pre-seed,"Navus Ventures, Rockstart",2020,November
BitClass,PaaS startup,Bangalore,"$2,000,000",Seed,"AET Japan, Figure Eight Investments, Waterbridge Ventures",2020,November
Gonuts,Entertainment,Mumbai,"$400,000",Seed,"Sweta Rau, Archana Priyadarshini",2020,November
Uolo,EdTech,Bangalore,"$2,000,000",Seed,"Rajul Garg, Purvi Capital",2020,November
Kirana King,Retail,"Jaipur, Rajastan","$900,000",Pre-series A,Rajasthan Venture Capital Fund,2020,November
Jade Forest,Beverages,Delhi,"$250,000",Seed,,2020,November
iKure,Healthtech,Kolkata,,,"Ratan Tata, Inflection Point Ventures, Ankur Mittal",2020,November
FrontRow,EdTech,Bangalore,"$3,200,000",Seed,"Lightspeed, Elevation, Deepika Padukone",2020,November
Reliance Retail,E-commerce,Mumbai,"$10,000,000",,"Abu Dhabi Investment Authority, GIC",2020,November
TUBBR,Social Media,"Frisco, Texas, United States",,,Global Ascent Partners,2020,November
Ather Energy,Automobiles,Bangalore,"$35,000,000",Series D,HeroMotoCorp Ltd and Sachin Bansal,2020,November
Routematic,SaaS startup,Bangalore,"$2,000,000",,"VAMM Ventures, Naresh Malhotra",2020,November
LivFin,FinTech,New Delhi,"$4,700,000",,"DEG, KFW DEG",2020,November
Universal Sportsbiz Pvt Ltd,Fashion startup,Bangalore,,,"Accel, Alteria Capital",2020,November
Lattu Kids,EdTech,Mumbai,,,Mumbai Angels Network,2020,November
Eggoz,Food & Bevarages,Indore,"$1,500,000",Pre-series A,"AVANA Capital, Rebright Partners",2020,November
Steradian Semiconductors,Deeptech,Bangalore,,,Endiya Partners.,2020,November
CHARGE+ZONE,EV startup,Gujarat,"$3,000,000",Pre-series A,Mumbai Angels,2020,November
Stones2milestones,Edtech,Gurugram,"$2,000,000",Bridge,"Menterra Venture Advisors, Emandi Sankara Rao",2020,November
Udacity,Edtech,California,"$75,000,000",Debt,"Hercules Capital, Inc.Bertelsmann",2020,November
AjnaLens,AR/VR startup,Thane,"$1,000,000",Bridge,"Mohsin Hani Al Bahrani, MoD",2020,November
Gully Network,E-commerce,Bangalore,"$1,200,000",Pre-series A,"CP Ventures, Orios Venture Partners",2020,November
TurboHire,Recruitment startup,Hyderabad,"$1,000,000",Seed,"Kia Ora Ventures, Pentathlon Ventures",2020,November
Traya,HealthTech,Mumbai,,Seed,"Kae Capital, Whiteboard Capital",2020,November
Charcoal Eats,QSR startup,Mumbai,"$2,000,000",,Lokmat Investments,2020,November
Mitron TV,Video platform,Bangalore,,,9Unicorns,2020,November
Svami,Food & Bevarages,Mumbai,"$800,000",,"Niren Shah, Rukam Capital Trust",2020,November
Dhurnia,Edtech,"Dhingsara, Haryana","$100,000",,"Chandigarh Angels Network, Modulor Capital",2020,November
Expertrons,Edtech,Mumbai,,,"Rohit Chanana, Sukanta Ganguly",2020,November
Leena AI,AI startup,"New York, United States","$8,000,000",,"Alan Patricof, Jim Moffatt",2020,November
Bizlog,Logistics,Bangalore,"$1,000,000",,IAN Fund,2020,November
Tamasha.live,Gaming,Mumbai,"$300,000",,"9Unicorns, Titan Capital, FirstCheque",2020,November
Fedo,AI startup,Bangalore,"$1,000,000",,AIM Smart City,2020,November
FabHotels,Hospitality,Gurugram,"$1,000,000",,"RB Investments Pte. Ltd, Goldman Sachs",2020,November
Freshokartz,AgriTech,"Jaipur, Rajastan","$1,000,000",Pre-series A,"Rajasthan Venture Capital Fund, Innovana Thinklabs",2020,October
FlexiLoans,FinTech,Mumbai,"$6,000,000",Debt,>Vikram Sud,2020,October
Agrix,AgriTech,Patna,,,Maple Capital Advisors,2020,October
BharatAgri,AgriTech,Pune,,Pre-series A,"021 Capital, India Quotient",2020,October
FreshtoHome,E-commerce,Bangalore,"$121,000,000",Series C,"Ascent Capital, Iron Pillar",2020,October
Credable,FinTech,Mumbai,"$4,500,000",,Oaks Asset Management,2020,October
Railofy,Transportation,Mumbai,"$5,000,000",Seed,"Roots Ventures, Better Capital",2020,October
Finova Capital,FinTech,"Jaipur, Rajastan","$55,000,000",,"Sequoia Capital India, Faering Capital",2020,October
Teachmint,Edtech,Bangalore,"$3,500,000",Seed,Lightspeed India,2020,October
Peel-Works,E-commerce,Mumbai,"$3,000,000",,"CESC Ventures, Brun Raschle",2020,October
Janani,Fertility tech,Bangalore,"$200,000",Pre-seed,9Unicorns,2020,October
Credgenics,FinTech,Gurugram,"$3,300,000",Seed,"Accel, Sunder Nookala",2020,October
Finelistings,Luxury car startup,New Delhi,,,Justdial,2020,October
Wellversed,Healthcare,New Delhi,,Pre-series A,"KLUB Works, Shankar Narayanan",2020,October
Nykaa,Cosmetics,Mumbai,,,"Alia Bhatt, Katrina Kaif",2020,October
Jumbotail,E-commerce,Bangalore,"$11,000,000",Series B2,Nexus Venture Partners and 23 High Networth Individuals (HNIs),2020,October
Winzo,Gaming startup,New Delhi,"$2,000,000",,"Makers Fund, Courtside Ventures",2020,October
mCaffeine,Cosmetics,Mumbai,"$5,000,000",Series B,"RPSG Ventures, Amicus Capital",2020,October
Pocket FM,FM,Bangalore,"$5,000,000",Series A,"Times Group, Lightspeed",2020,October
Snackible,Healthcare,Mumbai,,Bridge,"Mumbai Angels, Murali Nair",2020,October
FreshtoHome,E-commerce,Bangalore,"$16,000,000",,"Ascent Capital, Iron Pillar",2020,October
Jumbotail,Retail,Bangalore,"$11,000,000",Series B2,"Nexus Venture Partners, Capria Ventures",2020,October
Nykaa,E-commerce,Mumbai,,,"Katrina Kaif, Steadview Capital",2020,October
TagZ Foods,Food,Bangalore,,,"Exfinity Venture Partners, Shesh Kondi",2020,October
Genius Teacher,Edtech,Mumbai,"$2,000,000",,"Sandeep Tandon, Daniel Lapus",2020,October
Krimanshi Feeds,Nutrition sector,Jodhpur,"$500,000",,"Rajasthan Venture Capital Fund, AIM Smart City",2020,October
Origo,Agritech,Gurugram,"$4,000,000",Debt,Northern Arc Capital,2020,October
GetVantage,FinTech,Mumbai,"$5,000,000",Seed,"Samyakth Capital, Venture Catalysts",2020,October
Betterplace,Tech platform,Bangalore,"$10,000,000",Series B,Jungle Ventures,2020,October
Biddano,Healthcare,Mumbai,"$600,000",Pre-series A,Windrose Capital,2020,October
InVideo,Video,Mumbai,"$15,000,000",Series A,"Base Partners, Sequoia Capital India",2020,October
Arzooo,Retail Tech,Bangalore,"$7,500,000",Series A,"3Lines, Jabbar Internet Group",2020,October
Hubilo,Tech company,"San Francisco, California, United States","$4,500,000",Seed,"Nishant Rao, Jonathan Boutelle",2020,October
BASIC Home Loan,FinTech,Gurugram,"$5,000,000",Seed,Picus Capital,2020,October
Ketos,AI startup,"San Francisco, United States","$18,000,000",,"Citi Ventures, Illuminated Funds Group",2020,October
SUGAR cosmetics,Cosmetics,Mumbai,"$2,000,000",Debt,"A91 Partners, RB Investments Pte. Ltd",2020,October
Signzy,FinTech,Bangalore,"$5,400,000",,"GenNext Ventures, Contrarian Drishti Partners",2020,October
Ahaguru,Edtech,Chennai,,Series A,Anand Mahindra,2020,October
Tekion,AI startup,"San Ramon, California","$150,000,000",Series C,"Alliance Ventures, Storm Ventures",2020,October
Brighteye Ventures,Edtech,"Paris, Ile-de-France, France","$5,400,000",,Tandem,2020,October
EzeRx,Medtech,Kolkata,"$200,000",Seed,"Indian Oil Corporation, Krishna Chakravarty",2020,October
VitalTech,HeathTech,"Plano, Texas, United States","$3,000,000",Seed,Tech Mahindra,2020,October
Genius Teacher,Edtech,Mumbai,"$2,000,000",,"Whiteboard Capital, VKG Ventures LLP.",2020,October
Ultraviolette Automotive,Automobiles,Bangalore,"$4,000,000",Series B,TVS Motor Company,2020,October
Tring,Social Media,Mumbai,,,"Sujeet Kumar, Hemesh Singh",2020,October
Rare Planet,Retail startup,Kolkata,"$400,000",Pre-series A,Venture Catalysts,2020,October
GoodGamer,Gaming,Bangalore,"$2,500,000",Seed,,2020,October
InnAccel,Medtech,Bangalore,"$1,500,000",Pre-series A,Mount Judi Ventures,2020,October
Tiliter,Retail,Sydney,"$7,500,000",,"AngelList, Investec",2020,October
Slintel,Sles and marketing,"San Francisco Bay Area, Silicon Valley, West Coast","$4,200,000",,"Accel, Stellaris Venture Partners",2020,October
SoOLEGAL,LegalTech,New Delhi,"$4,000,000",,,2020,October
HobSpace,Edtech,Mumbai,"$200,000",Seed,Artha Venture,2020,October
Supplynote,SaaS startup,Noida,"$500,000",Seed,"MOX, SOSV",2020,October
Hire Me Car,Car Service,Noida,,Seed,,2020,October
ShopUp,E-commerce,Bangaldesh,"$22,000,000",Series A,"Flourish Ventures, Lonsdale Capital",2020,October
Harmonizer India,Tech Startup,Bangalore,,,Kapil Dev,2020,October
Zomato,FoodTech,Gurugram,"$52,000,000",,"Kora, Tiger Global Management",2020,October
Dukaan,Tech Startup,Mumbai,"$6,000,000",Seed,"Lightspeed, Matrix Partners.",2020,October
CredR,Bike marketplace,Mumbai,"$2,000,000",,"Eight Roads Ventures, On Mauritius",2020,October
Satyukt,Agri tech,Bangalore,"$500,000",Seed,"NABVENTURES, Social Alpha (India)",2020,October
RACEnergy,Automobiles,Hyderabad,,,"growX Ventures, Huddle (Incubator)",2020,October
TREAD,Fitness startup,Bangalore,"$1,100,000",Pre-seed,"Better Capital, Kunal Shah, Gaurav Munjal",2020,October
Anveshan,Foodtech,Bangalore,"$100,000",Pre-seed,Titan Capital,2020,October
TeaMonk,Food & Bevarages,Bangalore,"$900,000",Pre-series A,"Lead Angels Network, Roots Ventures",2020,October
Fleetx,Tech Startup,Gurugram,"$3,000,000",Pre-series B,"Rohit Bansal, Rohan Ranavat",2020,October
ReNEWate,Real Estate,Pune,,Pre-seed,Real Estate Accelerator Program,2020,October
Tango Eye,SaaS startup,Chennai,,Seed,"Riso Investments, Lenskart",2020,October
Rare Planet,Reatil startup,Kolkata,,Pre-series A,Venture Catalysts,2020,October
Avataa Me,AR platform,Bangalore,"$7,000,000",Series A,Sequoia Capital India,2020,October
Arrival,EV startup,"London, England, United Kingdom","$118,000,000",,"UPS Ventures, Hyundai Motor Company",2020,October
Cover Genius,FinTech,"Sydney, New South Wales, Australia","$15,000,000",,"King River Capital, Leap Capital",2020,October
Phononic Vibes,Deeptech,"Milano, Lombardia, Italy","$2,300,000",,,2020,October
MikeLegal,LegalTech,Gurugram,,Seed,"SOSV, Artesian",2020,October
Clair,FinTech,"New York, United States","$4,500,000",Seed,"Upfront Ventures, Walkabout Ventures",2020,October
Gourmet Garden,Consumer Goods,"Palmwoods, Queensland, Australia",,,Advent Partners,2020,October
Miko,AI startup,Mumbai,"$3,000,000",Pre-series B,"Stride Ventures, YourNest Venture Capital",2020,October
Razorpay,FinTech,Bangalore,"$100,000,000",Series D,"Tiger Global Management, Sequoia Capital India",2020,October
Ninjacart,Food Industry,Bangalore,"$30,000,000",,"Syngenta Ventures, Walmart",2020,October
Wow! Momo,Food Industry,Kolkata,"$5,000,000",Debt,"Tiger Global Management, William Bissell",2020,October
Pepper Content,Content marketplace,Mumbai,"$4,200,000",Series A,"Alok Mittal, Manan Maheshwari",2020,October
LIVSPACE,Interior Design,Bangalore,"$4,000,000",Debt,"Mercer Investments, Bessemer Venture Partners",2020,October
Acculi Labs,HealthCare,Bangalore,"$600,000",Seed,Startup Basket.,2020,October
Your MD,HealthCare,"London, England, United Kingdom","$25,000,000",,"Orkla Ventures, Smedvig Capital",2020,October
Antaios,Tech company,France,"$11,000,000",,,2020,October
Unnati,AgriTech,Noida,"$1,700,000",Pre-series A,NABVENTURES,2020,October
Disprz,EdTech,Chennai,"$1,600,000",Pre-series B,"Xseed Partners, InnoVen Capital",2020,October
Uni,FinTech,Mumbai,"$18,500,000",Seed,"Lightspeed India Partners, Accel India",2020,October
Credit Wise Capital,FinTech,Mumbai,"$6,000,000",Seed,Venture Catalysts,2020,October
Chargebee,SaaS startup,"San Francisco Bay Area, West Coast, Western US","$55,000,000",Series F,"Accel, Steadview Capital",2020,October
Reliance Retail Ventures Ltd,Retail,Mumbai,"$70,000,000,000",,"Silver Lake, Mubadala Investment Company",2020,October
Winuall,EdTech,Bangalore,"$2,000,000",,"Amit Lakhotia, Akash Gehani",2020,October
Genrobotics,AI Startup,"Trivandrum, Kerala, India","$300,000",,Unicorn India Ventures,2020,October
Livve,Rental space,Cochin,"$1,500,000",Seed,,2020,October
Ergos,AgriTech,"Samastipur, Bihar","$5,000,000",Series A,"Aavishkaar Venture Capital, Chiratae Ventures",2020,October
Krishitantra,Soil-Tech,Hyderabad,"$1,000,000",Seed,"NABVENTURES, Omnivore",2020,October
PakkaProfile,Recruitment startup,Bangalore,,Seed,Java Capital,2020,October
Monet Networks,AI Startup,"Irvine, California, United States","$500,000",Bridge,"SenseAI Ventures, EvoNexus",2020,October
Unocoin,FinTech,"Tumkur, Karnataka",,Series A,"Digital Finance Group, FundersClub",2020,October
Pesto,EDtech,New Delhi,,,"Sriharsha Majety, Rahul Jaimini",2020,October
NirogStreet,Ayurveda tech,Gurugram,"$2,000,000",Pre-series A,"Wavemaker Partners, Subho Ray",2020,October
Bambrew,Packaging solution startup,Bangalore,,Pre-seed,Upsparks,2020,October
Omnify,SaaS startup,"San Francisco Bay Area, Silicon Valley, West Coast",,Pre-series A,"Saurabh Arora, LD Sharma",2020,October
Fanball XI,Gaming,New Delhi,"$1,000,000",Seed,Foxhog Ventures,2020,October
Treebo Hotels,Hospitality,Bangalore,"$6,000,000",,"Ramesh Mangaleswaran, Saikiran Krishnamurthy",2020,October
GPS Renewables,Cleantech,Bangalore,"$3,000,000",Series A,"Triodos, Caspian",2020,October
Public,Social Media,New Delhi,"$30,000,000",,"Lee Fixel's Addition, SIG Global, Tanglin Venture Partners",2020,October
Legal Salah,LegalTech,Kolkata,"$1,000,000",Seed,I2I Capitals,2020,October
FanPlay,Gaming,New Delhi,,Seed,"Core91 Fund, Anupam Mittal",2020,October
ECOSTP,Sanitation solutions,Bangalore,"$19,000,000",,Terwilliger Centre,2020,October
Coralogix,SaaS startup,"San Francisco, California, United States","$25,000,000",Series B,"2B Angels, Janvest Capital Partners",2020,October
Equiwatt,Tech company,"Newcastle Upon Tyne, Newcastle upon Tyne, United Kingdom","$300,000",,Rising Stars,2020,October
Reliance Retail Ventures,E-commerce,Mumbai,"$800,000,000",,"General Atlantic, Kohlberg Kravis Roberts",2020,October
Zhangmen,EdTech,"Shanghai, China","$400,000,000",,"CICC Alpha, VMS Asset Management",2020,October
AgroWave,AgriTech,Gurugram,"$500,000",,Sekhar Puli,2020,January
Hire Me Car,TravelTech,Noida,,Seed,US based NRI Investors,2020,January
Oga Fit,Fitness startup,Bangalore,,Pre-series A,"Inflection Point Ventures, Mitesh Shah",2020,January
ShipsKart,E-commerce,New Delhi,"$200,000",Pre-series A,Betatron,2020,January
Sapio Analytics,Tech company,Mumbai,"$150,000",,,2020,January
SquadStack,Tech company,San Francisco,"$5,000,000",Series A,"Chiratae Ventures, Blume Ventures",2020,January
Financepeer,EdTech,Mumbai,"$3,000,000",Pre-series A,"Ravi Sanghvi, PitchRight Venture",2020,January
Cashify,E-commerce,Gurugram,"$10,000,000",Debt,"Bessemer Venture Partners, CDH Investments",2020,January
Taimei,HealthCare,"Jiaxing, Zhejiang, China","$176,000,000",,"Cowin Venture, ZSVC",2020,January
Etrio,EV startup,Hyderabad,"$3,000,000",Series A,HNIs,2020,January
Codeyoung,EdTech,Bangalore,,Seed,Guild Capital,2020,January
StayQrious,EdTech,Bangalore,"$2,000,000",Seed,Y Combinator,2020,January
Sunstone Eduversity,EdTech,Gurugram,"$3,000,000",Series A,Prime Venture Partners,2020,January
Infilect,SaaS startup,Bangalore,"$1,500,000",Pre-series A,"Mela Ventures, 1Crowd",2020,January
Avanse Financial Services,FinTech,Mumbai,"$15,000,000",,International Finance Corporation,2020,January
MobiGarage,E-commerce,New Delhi,,Pre-series A,,2020,January
Samunnati,Agriculture,Chennai,"$20,000,000",Debt,"responsAbility, Accel",2020,January
WeInnovate Biosolutions,Startup laboratory,Pune,,Seed,Chiratae ventures,2020,January
Yummy Corp,Food Industry,"Tangerang, Jawa Barat, Indonesia","$12,000,000",Series B,"Palm Drive Capital, Amatil X Ventures",2020,January
Industry Buying,E-commerce,New Delhi,"$15,000,000",,"BlackSoil, BEENEXT",2020,January
Hopscotch,E-commerce,Mumbai,"$25,000,000",,"Marc Lore, Rise Capital",2020,January
Smallcase,FinTech,Bangalore,"$13,400,000",Series B,"Sequoia Capital India, Blume Ventures",2020,January
Pristyn Care,HealthCare,Gurugram,"$11,000,000",,"Sequoia Capital India, Hummingbird Ventures",2020,January
Clairvolex,Tech Startup,California,"$2,000,000",Debt,"JF Mauritius SPV, IndusAge Partners",2020,January
WoodenStreet,Home Design,Rajastan,"$1,000,000",,"IAN Fund, Rajasthan Venture Capital Fund",2020,January
ACKO,InsureTech,Mumbai,"$60,000,000",,"RPS Ventures, Intact Ventures",2020,January
Farmers Fresh Zone,AgriTech,Kochi,"$470,000",,"Artha India Ventures, Nagaraja Prakasam",2020,January
Assiduus,E-commerce,Bangalore,"$1,000,000",Series A,VC Firm K Partners,2020,January
Brinton,HealthTech,California,"$1,300,000",Debt,"India Alternatives Private Equity Fund, Tata Capital",2020,January
Invento,AI Startup,Bangalore,,,"Chiripal Group, Ratish Kumar Nair",2020,January
Infurnia,Tech Startup,Bangalore,"$240,000",,"Pallav Nadhani, Idein Ventures",2020,January
AFK Gaming,Entertainment,Mumbai,"$200,000",Pre-series A,,2020,January
AnalytIQSports's SuperCric,Entertainment,Bangalore,,,,2020,January
Snowflake,Tech company,California,"$3,000,000,000",,"Salesforce Ventures, Dragoneer Investment Group",2020,January
Infarm,AgriTech,Berlin,"$170,000,000",Series C,"Bonnier Ventures, Hanaco Venture Capital",2020,January
Zuper,SaaS startup,Seattle,"$1,100,000",Seed,"Gemba Capital, Gunderson Dettmer",2020,January
GenieTalk,Tech Company,Indore,"$750,000",,,2020,January
Classplus,EdTech,Noida,"$10,000,000",,"Spiral Ventures, Surge",2020,January
Mobile Premier League,Entertainment,Bangalore,"$74,000,000",,"Sequoia Capital India, Times Internet",2020,January
Fourth Partner Energy,Solar solution,Hyderabad,"$16,000,000",,"responsAbility, Grameen Impact India (GIII)",2020,January
Flipkart,E-commerce,Bangalore,"$62,000,000",,"Tencent Holdings, Walmart",2020,January
mCaffeine,Personal care startup,Mumbai,"$2,900,000",Series B,"RPSG Ventures, Amicus Capital",2020,January
Origa,FinTech,Andheri,"$2,000,000",Debt,"500 Startups, ah! Ventures",2020,January
GullyBuy Software,Tech Startup,Pune,"$543,000",Pre-series A,,2020,January
Recordent,FinTech,Hyderabad,,Seed,,2020,January
MPL,Entertainment,Bangalore,"$90,000,000",Series C,"Base Partners, GO Ventures",2020,January
Penny,SaaS startup,Riyadh,"$1,300,000",Seed,,2020,January
Onsitego,Customer service company,Mumbai,"$30,000,000",Series B,"Accel, Zodius Capital",2020,January
Vivriti Capital,FinTech,Chennai,"$1,000,000",,"Aspada, Creation Investments Capital Management, LLC",2020,January
InsuranceDekho,FinTech,Ludhiana,"$20,000,000",,GirnarSoft,2020,January
Precily,SaaS  startup,California,,Seed,"Windrose Capital, Anil Advani",2020,January
BestDoc,HealthCare,Kochi,"$2,100,000",,,2020,January
Byju’s,EdTech,Bangalore,"$500,000,000",,"Owl Ventures, Tiger Global Management",2020,January
SmartClean,Tech Startup,Singapore,"$3,400,000",Pre- series A,"Seeds Capital, AIM Smart City",2020,January
Melorra,Jewellery startup,Bangalore,"$12,500,000",,"Jamshed Jeejeebhoy, Symphony International Holdings",2020,January
ClanConnect,Marketing startup,Delhi,"$600,000",Seed,,2020,January
Servify,Service industry,Mumbai,"$23,000,000",Series c,"Blume Ventures, Tetrao",2020,January
ShareChat,Social media,Bangalore,"$40,000,000",Pre-series C,"Lightspeed venture partners, saif partners",2020,January
Rephrase.ai,AI,Bangalore,"$1,500,000",Seed,"Techstars Bangalore Accelerator, Techstars",2020,January
Reliance,Multinational conglomerate company,Mumbai,"$2,200,000,000",,"Facebook, Google, KKR, Silver Lake",2020,January
Inflexor Ventures,FinTech,Mumbai,"$10,000,000",,,2020,January
Melorra,Jewellery,Bangalore,"$8,090,000",Debt,"Shadows Holdings, Lightbox",2020,January
Pandorum,Deeptech startup,Bangalore,"$5,060,000",,"021 Capital, Karnataka Information Technology Venture Capital Fund",2020,January
FabHotels,Hospitality,Gurugram,"$1,030,000",Series B,"RB Investments Pte. Ltd, Goldman Sachs",2020,January
SpeakIn,Social Network,Noida,,,Homage Ventures.,2020,January
LetsUp,Publication,Mumbai,,,,2020,January
Newsreach,Publication,Gujarat,,,Mumbai Angels,2020,January
Dream11,Entertainment,Mumbai,"$225,000,000",,"Steadview Capital, Tencent Holdings",2020,January
EkAnek,Tech Startup,New Delhi,"$5,040,000",Edge,"Lightspeed India Partners, Sequoia Capital India",2020,January
SignalX,SaaS platform,Hyderabad,"$750,000",,,2020,January
Cub McPaws,AR startup,Mumbai,"$800,000",Pre-Series A,Venture Catalysts,2020,January
Zimyo,HR Tech startup,Gurgaon,"$1,500,000",Seed,"Abhishant Pant, Chiranth Patil",2020,January
PumPumPum,Automotive Startup,Gurgaon,"$360,000",Debt,,2020,January
Burgerama,Food Startup,Gurgaon,,Pre-Series A,"Madison, Anicut",2020,January
Moms Co,HealthCare,Gurgaon,"$8,000,000",Series B,"DSG Consumer Partners, Saama Capital",2020,January
DillyHub,Publication,Seoul,"$1,400,000",Seed,"Kakao Ventures, Shinhan Capital",2020,January
JetSynthesys,Tech,Mumbai,"$40,000,000",,"Adar C. Poonawalla, Kris Gopalakrishnan",2020,January
Vesta Space Technology,Tech startup,Pune,"$10,000,000",,,2020,January
FPL Technologies,FinTech,Pune,"$10,000,000",Series A,"Matrix Partners India, Hummingbird Ventures",2020,January
FITTR,Fitness Startup,Pune,"$2,000,000",Pre-Series A,Surge,2020,January
Illumnus,EdTech Startup,Pune,"$100,000",Seed,23 High Networth Individuals (HNIs).,2020,January
CashKaro,E-commerce,Gurgaon,"$10,000,000",Series B,"Ratan Tata, Kalaari Capital",2020,January
Newton School,EdTech Startup,Bangalore,"$650,000",Seed,Nexus Venture Partners,2020,January
Airmeet,Tech startup,Bangalore,"$12,000,000",Series A,"Global Founders Capital, Redpoint",2020,January
Observe ai,Tech,San Francisco,"$54,000,000",Series B,"01 Advisors, Steadview Capital",2020,January
Dozee,HealthTech,Bangalore,"$1,600,000",,,2020,January
InCred,Finance,Mumbai,"$5,000,000",Debt,"Pushpak Credit, Fiscal",2020,January
Rebel Foods,Food,Pune,"$50,000,000",,Coatue Management,2020,January
Toppr,EdTech,Mumbai,"$35,000,000",Series D,"Kaizenvest, Foundation Holdings",2020,January
CarTrade,Car Trade,Mumbai,"$42,500,000",Series H,"Pincus, JP Morgan, Temasek, March Capital",2020,January
LEAD School,EdtTech,Mumbai,"$28,000,000",Series C,"Westbridge Capital, Elevar Equity",2020,January
Nykaa,Fashion,Mumbai,"$24,700,000",,Steadview Capital,2020,January
Ketto,Finance,Mumbai,"$7,700,000",,"Mumbai Angels, Redcliffe Capital",2020,January
Servify,Manufacturing,Mumbai,"$11,370,000",Series C,"Blume Ventures, Tetrao",2020,January
Lido Learning,EdTech,Mumbai,"$7,500,000",Series B,"BAce Capital, Madhur Deora",2020,January
Suryoday,Finance,Mumbai,"$800,000",,"Gaja Capital, Kotak Life, Lok Capital",2020,January
Apna.co,Job portal,Bangalore,"$8,000,000",Series A,"Lightspeed India, Sequoia Capital India",2020,January
SucSEED,Finance,Hyderabad,"$1,300,000",,"DR. Moti Vyas, Udit Goyal",2020,January
Quintype Technologies,Tech,Bangalore,"$325,000",Series A,"IIFL Asset Management, Raghav Bahl",2020,January
Dunzo,Tech,Bangalore,"$28,000,000",Series E,"Wes Schwalje, Alteria Capital",2020,January
Unacademy,EdTech,Bangalore,"$150,000,000",,"Nexus Venture Partners, Sequoia Capital",2020,January
Entropik,AI Platform,Bangalore,"$8,000,000",Series A,"IDFC-Parampara Fund, Bharat Innovation Fund",2020,January
Strata,Real Estate,Bangalore,"$1,90,67,328",,"Propstack, SAIF Partners",2020,January
3one4 Capital,Venture capital,Bangalore,"$100,000,000",,,2020,January
Livspace,Home design,Bangalore,"$9,000,000",Series D,"Mercer Investments, Nicholas Cator",2020,January
Ultraviolette Automotive,Automation,Bangalore,"$410,000",Series B,TVS Motor Company,2020,January
WinZO,Gaming,New Delhi,"$18,000,000",Series B,"Makers Fund, Courtside Ventures",2020,January
SenseHawk,Solar SaaS,Bangalore,"$5,000,000",Series A,"Falcon Edge Capital, SAIF Partners",2020,January
Railofy,WL & RAC protection,Mumbai,"$900,000",Seed,Chiratae Ventures.,2020,January
WE-Hub,Entreprenurship,Hyderabad,,,,2020,January
Zomato,Food devlivery,Haryana,"$62,000,000",,"MacRitchie Investments, Baillie Gifford",2020,January
Vicara,Tech Startup,Bangalore,,,,2020,January
Eloelo,Social commerce,Bangalore,"$450,000",Seed,,2020,January
Aibono,AgriTech,Bangalore,"$2,000,000",Pre-Series A,"Menterra Venture Advisors, Rianta Capital",2020,January
BuildPan,SaaS Startup,Indore,"$500,000",Seed,"Sunil Kumar Singhvi, Yusho Kawata",2020,January
Gaana,Entertainment,Gurugram,"$51,000,000",,"Tencent Holdings, Times Internet",2020,January
Homelane,Home interior services,Bangalore,"$8,000,000",Bridge,"Accel Partners, Sequoia Capital, Evolvence India, JSW Ventures",2020,January
EM3 Agri,AgriTech,Noida,"$1,000,000",,"Global Innovation Fund, Soros Economic Development Fund",2020,January
MyGlamm,Fashion,Mumbai,"$1,000,000",Series B,Bessemer Venture Partners,2020,January
Aviom,Finance,New Delhi,"$682,000",Debt,"Insitor Partners, C4D Partners",2020,January
Plum,Cosmetics,Thane,"$115,000",,"Ronald Conway, Bay Partners",2020,January
Odwen,Warehouse,Noida,"$54,000",,Prospect Partners.,2020,January
Fasal,AgriTech,Bangalore,"$20,000",,"Omnivore, Zeroth.AI",2020,January
Trukky,Logistics,Ahmedabad,,,Mumbai Angels.,2020,January
BankBazaar,Online financial service,Chennai,"$9,000,000",,"Ramesh Srinivasan, Amazon",2020,January
Flinto,Edtech startup,Chennai,"$7,000,000",Pre-Series B,"Sinai Ventures, Y Combinator",2020,January
WayCool,Agritech startup,Chennai,"$5,060,000",Series C,"FMO, IndusInd Bank",2020,January
YAP,API platform,Chennai,"$4,050,000",Series A,"Jitendra Gupta, Better Capital",2020,January
Specsmakers,Eyeglasses,Chennai,"$3,000,000",,Eight Roads Ventures,2020,January
Grinntech,Battery design,Dehradun,"$2,000,000",,"Ashok Leyland, V Lakshmi Narayanan",2020,January
Big Bang Boom Solutions,Deep Tech,Chennai,"$1,050,000",Series A,"Mumbai Angels, Defence Innovation Organisation",2020,January
CreditMantri,Online credit management startup,Chennai,"$803,146",,"Ranjit Punja, R Sudarshan, Gowri Mukherjee",2020,January
GUVI,EdTech startup,Chennai,"$800,000",Series A,"CBA Capital, Gray Matters Capital",2020,January
Chai Waale,Beverage,Chennai,"$238,000",,"Gunavanth Vaid, Bharat Kumar Sohanraj",2020,January
BluSmart,Electricity,Gurugram,"$7,000,000",Pre-Series A,"Kalpavriksh, JITO Angel Network",2020,January
Cell Propulsion,Automotive company,Bangalore,,Pre-Series A,"growX ventures, Sangam Ventures",2020,January
Deepsync,Tech startup,Bangalore,"$300,000",,Venkat Raju,2020,January
BYJU’S,EdTech,Bangalore,"$500,000,000",,"Owl Ventures, Tiger Global Management",2020,January
ConnectedH,HealthCare,Gurgaon,,,,2020,January
MPL,Entertainment,Bangalore,"$50,000,000",Series B,"Sequoia Capital India, Times Internet",2020,January
Spoonshot,FMCG,Bangalore,"$1,000,000",Seed A,"SRI Capital, Techstars Farm to Fork Accelerator",2020,January
Reliance Retail,E-commerce,Mumbai,"$10,220,000",,Silver Lake Partners,2020,January
Pulse,FinTech,Mumbai,"$750,000",Pre-Series A,,2020,January
Groww,FinTech,Bangalore,"$30,000,000",Series C,"Y Combinator, Ribbit Capital",2020,January
QShala,EdTech,Bangalore,"$300,000",,,2020,January
Pitstop,Car Service,Bangalore,"$1,020,000",,"Clairvest Group, Ontario Centres of Excellence",2020,January
Zomato,Food devlivery,Haryana,"$100,000,000",,"MacRitchie Investments, Baillie Gifford",2020,January
i3 Systems,Insurance Tech,Mumbai,"$1,050,000",Pre-Series A,"Hatanaka Yosuke, Minomiya Takeo",2020,January
SOAL,EdTech,Mumbai,"$1,000,000",Series A-1,"Krishnan Menon, Srinivas Kollipara",2020,January
OckyPocky,EdTech,Gurugram,"$400,000",Seed,"SucSEED Venture Partners, ah! Ventures",2020,January
Customfit ai,SaaS startup,Bangalore,,,,2020,January
Hippo Video,Video personalization,New York,"$4,000,000",Series A,"Surge, Kae Capital",2020,January
Hasura,Software Company,San Francisco,"$25,000,000",Series B,"Nexus Venture Partners, Sam Lambert",2020,January
Nirmata,Tech,San Franciscao,,,"Damien Toledo, Jim Bugwadia, Ritesh Patel",2020,January
Qapita,FinTech,Singapore,"$1,080,000",Seed,"Alto Partners, Mission Holdings",2020,January
Sunday,FinTech,Bangkok,"$9,000,000",Pre-Series B,"SCB 10X, LINE Ventures",2020,January
Phool.co,Biomaterial startup,Kanpur,"$1,400,000",Pre-series A,Kaplan Foundation,2020,August
Chiratae Ventures,Venture capital,Bangalore,,Seed Funding,,2020,August
MedLife,Health,Bangalore,"$6,800,000",,Ivy Icon,2020,August
IDfy,IT,Mumbai,"$2,110,000",Series A,"Millenna FVCI III, NB Ventures, Dream Incubator",2020,August
True Balance,Finance,Gurugram,"$887,000, $23,000,000",Series C,Balancehero,2020,August
Bira91,Craft Beer,New Delhi,"$764,000",,Anicut Capital,2020,August
Max wholesale,E-commerce,New Delhi,"$603,000",,"Al Falaj Commercial Investment Co, Vistra ITCL India",2020,August
Craftsvilla,E-commerce,Mumbai,"$409,000",,Supera Investments,2020,August
MechMocha,Entertainment,Bangalore,"$292,000",Series A,"Accel India, Blume Ventures, 3F Ventures, Akatsuki Inc",2020,August
Mindhouse,Healthtech,Gurugram,"$286,000",,"GGV Capital, Sahi Barual",2020,August
DeepSync,AI startup,Chandigarh,"$136,000",,"Grand Anicut Angel Fund (GAAF), AL Trust, Beeline Impex Private Limited, 9Unicorns, Accelerator Fund",2020,August
Eruditus,Education,Mumbai,"$800,000,000 to $850,000,000",,"Bertelsmann India Investments, Sequoia Capital India",2020,August
Gradeup,Education,Noida,"$546,000",,"Times Internet, TLabs",2020,August
Tracxn,Investment,Bangalore,"$887,000",Series B,"Saif partners, Accel partners, Sequoia capital",2020,August
Purple Style Labs,Fashion,Mumbai,"$43,000",,"Jitendra Gupta, Astarc Ventures.",2020,August
ProPhysio,Health,Bangalore,"$40,900",,Nestavera Ventures.,2020,August
Flickstree,Tech,Mumbai,"$40,900",,"MOX, Venture Catalysts",2020,August
Settl,TravelTech,Gurugram,,,"Sojitz, SIG Global India Fund",2020,August
Fanspole,Entertainment,Thane,,Pre-Seed,"Mohan Verma, Better Capital",2020,August
Sarva,Healthcare,Mumbai,,,"Shikhar Dhawan, Mantra Capital",2020,August
Univ.ai,EdTech,Bangalore,,,Kiran Mazumdar Shaw.,2020,August
PurohitJi,Linguistic Spiritual,Bangalore,,,Bhadresh,2020,August
CredoLab,Tech,Singapore,"$7,000,000",Series A,"GB Group, Walden International",2020,August
Brick&Bolt,Construction,Bangalore,"$2,200,000",Series A,"Meghna Agarwal, Navin Dhanuka",2020,August
Grinntech,Battery manufacturer,Chennai,"$2,000,000",,"V Sumantran, V Lakshmi Narayanan",2020,August
6Degree,Fashion,Mumbai,"$340,000",,"Keiretsu Forum, SucSEED Venture Partners",2020,August
Exprs,Nano Distribution Network,,"$5,660,000",,"Sweta Rau, Sandeep Kapoor",2020,August
Bikayi,E-commerce,Hyderabad,"$2,000,000",Seed round,Mantis ventures,2020,August
Virtual Forest,Tech,Bangalore,,,Napino Auto and Electronics Ltd,2020,August
The Health company,AI health,Gurugram,"$350,000",,"VCATS, First Cheque, 9Unicorns, Marquee investors",2020,August
TrulyMadly Matchmakers,Dating app,Gurugram,"$110,000",Pre-series A,"AngelList, Inflection Point Ventures, The Chennai Angels",2020,August
TrueFan,Media,Mumbai,"$4,300,000",Seed Round,"Mayfield India, Saama Capital, Ronnie Screwvala",2020,August
Fanspole,Gaming,Mumbai,,Pre-seed Round,Better Capital,2020,August
Byju's,Edtech,Bangalore,"$122,000,000",,DST Global,2020,August
Avail Finance,Fintech,Bangalore,"$11,635,000",Series B,"Alphawave, Matrix Partners",2020,August
The Money Club,AI,Delhi,,,Venture Catalysts,2020,August
Virohan,Healthcare/Edtech,Gurgaon,"$2,800,000",Seed Round & Series A,"Keiretsu Forum, Elea Foundation",2020,August
OneCode,Social Commerce,Gurugram,,Seed Round,WaterBridge Ventures,2020,August
Verloop.io,AI,,"$5,000,000",,Alpha Wave incubation,2020,August
Otipy,Agritech/Commerce,,"$1,000,000",Pre Series A,Inflection Point Ventures,2020,August
Evage,Mobility tech,Chandigarh,,,Anand Shah,2020,August
LEAD School,Edtech,Mumbai,"$28,000,000",Series C,"WestBridge Capital, Elevar Equity",2020,August
Trell,Social e-commerce,Bangalore,"$11,000,000",Series A,"KTB Network, Samsung Ventures, Ankur Nagpal, Gokul Rajaram, Vineet Buch",2020,August
Captain Fresh,Food & Logistics,Bangalore,"$2,300,000",Pre Series A,Ankur Capital,2020,August
Teachmint,Edtech,Bangalore,,,Better Capital,2020,August
Pixxel,SpaceTech,Bangalore,"$5,000,000",Seed Round,"Lightspeed India Partners, Blume Ventures, GrowX ventures",2020,August
Habbit Health,Nutrition Tech,Delhi,,Pre seed Round,"3one4 Capital, Angel list India",2020,August
SmarterBiz,Tech,Bangalore,"$1,065,000",Pre series A,"StartupXseed Ventures, Bhaskar Pramanik, MJ Aravinf, Ravi Viswanath, Ramesh Radhakrishnan, Ranjan Biswas, MJ Aniketh.",2020,August
Able Jobs,HR,Bangalore,"$2,000,000",,"SAIF Partners, Y Combinator, Neeraj Arora, Titan Capital, First Cheque.",2020,August
Vieroots,Healthtech,Kochi,,,Suniel Shetty,2020,August
Stack Finance,Fintech,Bangalore,,Seed Round,"SOSV, MOX (Mobile Only Accelerator)",2020,August
FPL Technologies,Fintech,Pune,"$10,000,000",Series A,"Matrix Partners India, Sequoia Capital India, Hummingbird Ventures",2020,August
Masai School,Edtech,Bangalore,"$2,500,000",Series A,"Unitus Ventures, India Quotient, AngelList India",2020,August
Mitron,Media,Bangalore,"$5,000,000",Series A,Nexus Venture Partners,2020,August
Daalchini,IoT,,"$669,000",Pre series A,Artha Venture Fund,2020,August
Suno India,Media,,,Angel Round,Shobu Yarlagadda,2020,August
LendingKart,Fintech,Ahmedabad,"$16,076,000",Series D,"Fullerton Financial Holdings, Bertelsmann India Investments, Sistema Asia Fund, IndiaQuotient",2020,August
Text Mercato,,Bangalore,"$649,600",Series A,1Crowd,2020,August
Eden Smart Homes,IoT,,,,Inflection Point Ventures,2020,August
GrayQuest,Edtech,Mumbai,"$1,000,000",Pre series A,Foundation Holdings,2020,August
BigHaat,Agritech,Bangalore,"$2,000,000",Pre series A,"Ankur Capital, Beyond Next Ventures",2020,August
CityCash,Fintech,Mumbai,"$1,000,000",Seed Round,Orios Venture Partners,2020,August
HomeLane,Interior design,Chennai,"$1,000,000",Series D,"Evolvence India Fund (EIF), Pidilite Group, FJ Labs",2020,August
HungerBox,Foodtech,Bangalore,"$6,700,000",Series C,IIFL Income Opportunities Fund,2020,August
DaveAI,AI,Bangalore,,,Mumbai Angels Network,2020,August
Eduvanz,Fintech,Mumbai,"$5,000,000",Series A,Sequoia India,2020,August
ZipLoan,Fintech,Delhi,"$2,000,000",,Stride Ventures,2020,August
DocSumo,AI,Mumbai,"$220,000",Seed Round,"Better Capital, TechStars, Barclays.",2020,August
CUSMAT,AR/VR,Warangal,,,"Venture Catalysts,  Raveen Sastry",2020,August
Chingari,Media,Bangalore,"$1,300,000",Seed Round,"AngelList India, Utsav Somani, Village Global, LogX Ventures, Jasminder Singh Gulati",2020,August
Bolo Indya,Media,Gurugram,"$300,000",Pre series A1,"Eagle10 Ventures, India Accelerator, HNIs",2020,August
Data Sutram,AI,Kolkata,"$266,500",,"Uday Sodhi, Mitesh Shah, Nitin Jain",2020,August
Wobot Intelligence,AI,Delhi,"$2,500,000",Pre series A,Sequoia Capital India,2020,August
DrinkPrime,Appliance,Bangalore,"$2,879,000",Pre series A,Sequoia Surge,2020,August
Infeedo,HR tech,Gurugram,"$700,000",,Y Combinator,2020,August
Probus Smart Things,IoT,Delhi,,Seed Round,Unicorn India Ventures,2020,August
CrowdPouch,Tech,Bangalore,,Angel Round,Elina Investments,2020,August
Rebel Foods,Food tech,Mumbai,"$26,500,000",Series E2,Coatue Management,2020,July
Hevo,Tech,Bangalore,"$8,000,000",Series A,"Qualgro, Lachy Groom",2020,July
BigSpoon Foods,Foodtech,Ahmedabad,"$2,000,000",Pre series A,"Urmin Family Office, Lemonade Ventures, TrueValue Group MD Yash Shah",2020,July
Chingari,Media,Bangalore,"$1,000,000",Seed Round,"LogX Ventures, AngelList’s Utsav Somani, NowFloats’ Jasminder Singh Gulati, AL Trust (Vistra ITCL), Village Global.",2020,July
ShareChat,Media,Bangalore,"$351,000",,"All About Inc, Beenext Pte Led, Beenos Asia, DG Ventures, Kanamori Assagement Singapore, Rebright Partners I, Rebright Partners II, Tetsuro Koda",2020,July
DatStop,Hospitality,Delhi,,,"Shabir Momin, OneDigital Entertainment,  Saurabh Pathak.",2020,July
IPHM Services,Mental Health,Mumbai,,Seed Round,Indian Angel Fund,2020,July
Wellcure,Healthtech,Gurugram,"$200,000",,Inflection Point Ventures,2020,July
VilCart,Ecommerce,Bangalore,,Bridge Round,"N S Parthasarathy, Dilipkumar Khandelwal, Anand Nichani, Anath Ravi, Prashanth Prakash",2020,July
Firescore,Gaming,Mumbai,"$500,000",,Crazy Labs,2020,July
BulBul,Social commerce,Gurgaon,"$ 8,700,000",,Info Edge,2020,July
Toppr,Edtech,Mumbai,"$46,761,000",Series D,Foundation Holdings,2020,July
Pickright Technologies,Fintech,Bangalore,"$175,000",Seed Round,"Sanjay Mehta, Vikram Pandya, Gaurav Gupta, Vivel Srivatsav, Madhavi Bollipalli, Srinivas Paanem, Satish Bogullu",2020,July
Muse Wearables,Tech,Chennai,"$3,000,000",,Dr. Bhaskar Rao Bollineni,2020,July
SATYA Microcapital,Fintech,Delhi,"9.600,000",,BlueOrchard Finance Limited,2020,July
WYN Studio,Media,Gurugram,,Seed Round,India Angel Fund,2020,July
Fourth Partner Energy,Solar Solution,Bangalore,"$15,000,000",,ResponsAbility Investments AG,2020,July
Entri,Edtech,Kochi,"$1,700,000",Pre series A,Good Capital,2020,July
Snack Amor,Foodtech,Mumbai,,,Dr Srinivas Chunduru,2020,July
MPowered,SaaS,Gurugram,"$21,000,000",Pre series A,"Ashok Nichani, Shelly Nichani",2020,July
Leap Club,Social e-commerce,Gurugram,,,Titan Capital,2020,July
Ather Energy,Automobile,Bangalore,"$11,241,000",Series C,Hero MotoCorp,2020,July
Gigforce,HR tech,Bangalore,"$804,000",,Unitus Venture,2020,July
Vegrow,Agritech,Bangalore,"$2,500,000",Seed Round,"Matrix Partners India, Ankur Capital",2020,July
Finn,Fintech,Bangalore,,Pre series A,"Unicorn India, PointOne Capital, Astir Ventures",2020,July
Bijnis,B2B marketplace,,"$10,000,000",Series A,"Sequoia Capital India, Matrix Partners India, InfoEdge, Waterbridge Ventures",2020,July
iNurture,Edtech,Bangalore,"$1,340,000",,BlackSoil Capital,2020,July
StyleDotMe,Fashion Tech,Gurugram,"$467,000",Pre series A,Survam Partners,2020,July
Ripsey,Nutrition tech,Mumbai,"$133,000",,Ah! Ventures,2020,July
ThriveFNC,Health & Wellness,Pune,,Seed Round,Rajesh Ranavat,2020,July
Vedantu,Edtech,Bangalore,"$100,000,000",Series D,Coatue,2020,July
Magicpin,,Gurugram,"$7,000,000",Series D,Samsung Venture Investment Corporation,2020,July
Procol,Agritech,Delhi,"$3,823,000",,Sequoia Surge,2020,July
Yumlane,Cloud Kitchen,Mumbai,"$1,000,000",Pre series A,Jetty Ventures,2020,July
Crio,Edtech,Bangalore,"$934,000",,021 Capital,2020,July
Openapp,IoT,Bangalore,"$500,000",,Unicorn India Ventures,2020,July
PumPumPum,IoT/Automobile,Gurugram,"$293,000",,LetsVenture Syndicate,2020,July
uFony Services Pvt ltd,Edtech,Pune,,,Chennai Angels,2020,July
Protinus Fashion Networking Pvt Ltd,Fashion,Mumbai,,Pre series A,SucSEED Ventures,2020,July
Uable,Edtech,Bangalore,,Seed Round,3one4 Capital,2020,July
Walrus,Fintech,Bangalore,,Pre-Seed,Better Capital,2020,July
Arth Designbuild,Construction tech,Hyderebad,"$1,100,000",,"Startup-O, Eden Ventures",2020,July
goDutch,Fintech,Mumbai,"$1,700,000",Seed Round,"Matrix India, Y Combinator, Global Founders Capital, Soma Capital, VentureSouq",2020,July
ParkSmart,IoT,Delhi,"$198,000",,Ah! Ventures,2020,July
Plum,Healthtech,Bangalore,"$927,000",Seed Round,Incubate Fund,2020,July
IncNut Digital,Ecommerce,Hyderabad,"$4,000,000",Series A,RPSG Ventures,2020,July
GigIndia,Tech,Pune,"$971,000",Pre series A,Incubate Fund India,2020,July
Specsmaker,Eye Wear,Chennai,"$3,060,000",,Eight Road Ventures,2020,July
Piggy Ride,SaaS,Bangalore,"$1,862,000",Pre series A,"JAFCO Asia, Artha Venture Fund",2020,July
Chai Waale,Beverage,Chennai,"$232,000",,"Tharun Dhariwal, Sunil Kumar Singhvi, Arun Ostwal, Vishal Ostwal, Gunavanth Vaid, Bharat Kumar",2020,July
NOTO,Food,Mumbai,,Pre seed round,WEH Ventures,2020,July
Cuemath,Edtech,Bangalore,"$2,888,000",Series B,Trifecta Capital,2020,July
Cars24,Automobile,Gurgaon,"$1,328,000",,Vivriti Capital,2020,July
JetSynthesys,Digital tech,Pune,"$40,000,000",,"Adar Poonawalla, Kris Gopalakrishnan",2020,July
Earth Energy EV,Automobile,Mumbai,,Seed Round,LR Joshi,2020,July
Green Cure,Health & Wellness,Delhi,,,Venture Catalysts,2020,July
Blue Sky Analytics,Data Intelligence,Gurugram,"$1,200,000",Seed Round,"Beenext, Rainmatter CApital Pvt Ltd, Stanford Angels & Entrepreneurs",2020,July
Edhusk,Edtech,Jaipur,,,Mumbai Angel Network,2020,July
Decentro,Fintech,Bangalore,"$15,500,000",Series A,Y Combinator,2020,July
Zolostays,Co-living,Bangalore,"$56,000,000",Series C,"Investcorp, Nexus Venture Partners, Mirae Assets, Trifecta Capital",2020,July
Frontier Markets,Ecommerce,Jaipur,"$2,250,000",Pre series A,"ENGIE RAssembleurs d'Energies, The Rise Fund, and The Singh Family Trusts,Teja Ventures, Beyond Capital Fund.",2020,July
Brainwired,Agritech,Kerala,,,"Kritik Abiram, Parthiv Rokadia, Gaurav Saraogi",2020,July
Aye Finance,Fintech,Gurugram,"$16,753,000",Series E,Invest in Vision,2020,July
Paper Boat,Food & Beverages,Gurugram,"$3,700,000",,"Sofina Ventures, A91 Emerging fund, SCI Growth Investment II, Catamarann Ventures",2020,July
Ken42,Edtech,Bangalore,"$1,470,000",,Turbostart,2020,July
Forbidden Foods,Food,Delhi,"$1,000,000",Seed Round,"Globevestor, Secocha Ventures, First Cheque VC, Kashyap Deorah, Vijay Sivaram",2020,July
Universal Sportsbiz,Fashion,Bangalore,"$530,000",,NB Ventures,2020,July
Gobbly,Retail Tech,Gurugram,"$500,000",Seed Round,Sauce vc,2020,July
Aerostrovilos,Automotive,Chennai,,,Mumbai Angels Network,2020,July
Mitron,Media,Bangalore,"$267,000",Seed round,"3One4 Capital, LetsVenture",2020,July
Bulk MRO,B2B,Mumbai,"$3,344,000",,Stride Ventures,2020,July
Inspektlabs,AI,Delhi,"$600,000",Pre series A,"Better Capital, Titan Capital",2020,July
Big Bang Boom Solutions,Defense tech,Chennai,"$1,000,000",Series A,Mumbai Angels Network,2020,July
Flinto,Edtech,Chennai,"$7,200,000",Pre series B,Lightbox Ventures,2020,July
Zetwerk,Marketplace,Bangalore,"$21,000,000",Series C,Greenoaks,2020,July
ChitMonks,Fintech,Hyderabad,"$650,000",Pre series A,Unicorn India Ventures,2020,July
Rusk Media,Digital Media,Delhi,,Seed Round,"InfoEdge Venture Fund, Sprout Venture Partners",2020,June
Bold Care,Health & Wellness,Mumbai,,Pre-seed Round,"Rajesh Ranavat, Abhishek Shah, Sheetal Bahl, Manu Rikhye, Ashish Taneja, Kabir Kochhar, Mohit Satyanand",2020,June
Samosa Party,Food,Bangalore,,,Inflection Point Ventures,2020,June
High Street Essentials,Ecommerce,New Delhi,"$2,743,000",Pre series C,"SAIF Partners, India Quotient",2020,June
Byju's,Edtech,Bangalore,,,BOND,2020,June
Bombay Play,Gaming,Bangalore,"$1,500,000",Pre series A,"Leo capital, Ramakant Sharma",2020,June
Fullife,Healthtech,Mumbai,"$6,609,000",,Amansa Capital,2020,June
Oziva,Nutrition,,"$5,000,000",Series A,Matrix Partners,2020,June
Aye Finance,Fintech,Gurugram,"$27,700,000",Series E,"Capital G, Alphabet's Independent growth fund",2020,June
Aether Biomedical,Medtech,Delhi,,Seed Investment,Chiratae Ventures,2020,June
91springboard,Coworking,Delhi,"$5,940,000",,"Pearl Brook Holdings Ltd, Al Nour International Holdings Co.",2020,June
Yulu,Micro-mobiity,,"$3,964,000",,Rocketship,2020,June
MergerDomo,Marketplace,Noida,"$197,000",,"Nadir Godrej, Individual Investors",2020,June
GoMechanic,Auto-tech,Delhi,,Series B,Pawan Munjal,2020,June
Milk Mantra,Food,Odisha,"$10,000,000",,US International Development Finance Corporation,2020,June
Myglamm,Beauty,Mumbai,"$4,327,000",,"Tano India, L’Occitane, Bessemer",2020,June
Drishti Technologies,AI,Bangalore,"$25,000,000",Series B,Sozo Ventures,2020,June
Instasolv,Edtech,Noida,"$2,000,000",Pre series A,Undisclosed,2020,June
GoldenPi,Fintech,Bangalore,"$459,000",,Rainmatter Capital,2020,June
Sarva,Yoga & wellness,Mumbai,,,Shikhar Dhawan,2020,June
Jai Kisan,Fintech,Mumbai,"$3,937,000",Pre series A,"Arkam Ventures, Nabventures",2020,June
Agro2o,Agritech,New Delhi,,,Mumbai Angels Network,2020,June
GabbarDeals,Ecommerce,Pune,,,Venture Catalysts,2020,June
Crimson Healthcare,Med Tech,Delhi,"$229,800",,Mumbai Angels Network,2020,June
Biomoneta,Life sciences,Bangalore,,Seed Round,"Beyond Next Ventures, ArthaVida Ventures, Dr Aniruddha Malpani",2020,June
Edvizo,Edtech,Bangalore,"$150,000",Seed Round,Inflection Point Ventures,2020,June
Servify,SaaS,Mumbai,"$11,370,000",Series C,"Iron Pillar, Blume Ventures",2020,June
Drum Food,Food,Mumbai,"$5,305,000",,"Danone Manifesto, Mousse Partners",2020,June
Innoviti,SaaS,Bangalore,,Series C,"Entrepreneurial Development Bank, Bessemer Venture Partners",2020,June
Jiffy ai,AI,,"$18,000,000",Series A,Nexus Venture Partners,2020,June
Postman,Tech,,"$150,000,000",Series C,Insight Partners,2020,June
Waycool,Agritech,Chennai,"$5,500,000",Series C,Induslnd Bank,2020,June
Myelin Foundry,Deep Tech AI,,,,Pratithi,2020,June
Hapramp,Blockchain,Gurugram,"$1,000,000",,Anand Mahindra,2020,June
MyKaam,HrTech,Bangalore,,,"Dr Apoorva Ranjan Sharma, Mrunal Jhaveri, Nirav Panchmatia, Vikas Kapoor, Karan Garg",2020,June
HealthPlix,Healthtech,Bangalore,"$6,000,000",Series B,"JSW Ventures, Chiratae Ventures, Kalaari Capital",2020,June
YoloBus,Mobility/Transport,Gurugram,"$3,300,000",Series A,Nexus Venture Partners,2020,June
iNurture Education,Edtech,,"$4,000,000",,Kimera Ltd,2020,June
Pocket52,Gaming,Bangalore,"$1,750,000",Series A,Gameskraft,2020,June
QuaQua,Travel,Hyderabad,"$1,000,000",,Anthill Ventures,2020,June
Crofarm,Agritech,Delhi,"$1,000,000",,Smile group,2020,June
Timios,Foodtech,Bangalore,,Pre series A,Rangsons Technologies,2020,June
Wooden Street,Ecommerce,Jaipur,"$3,000,000",Series A,IAN Fund,2020,June
BankBazaar,Fintech,Chennai,"$5,967,000",Series D1,WSV Capital,2020,June
Rentmojo,Rental,Bangalore,"$2,980,000",,"Gautam Dalmia, Pratithi Investment Trust, Shri Investment",2020,June
Credgencies,AI & Debt,,Undiclsosed,Seed round,Titan Capital,2020,June
Knorish,SaaS/Edtech,Delhi,"$323,000",Pre series A,100x VC,2020,June
LetsTransport,Logitech,Bangalore,"$1,326,000",,Black Soil,2020,June
Vahak,Transport,,,Seed round,"Leo Capaitals, Amit Gupta, Abhishek Goyal, Ramakant Sharma, Harsh Pokhran",2020,June
Nutrova,Nutrition,Mumbai,,Pre series A,DSG Consumer Partners,2020,June
Cube Wealth,SaaS,Mumbai,"$500,000",Mid series,"Beenext, Asuka Holding",2020,June
Ola Financial Services,Fintech,Bangalore,"$27,000,000",Series A,Matrix Partners,2020,May
Awifs,Co-working,Delhi,"$5,200,000",,"Bisque Limited, Link Investment Trust.",2020,May
Swiflearn,Edtech,Gurugram,,Seed Round,"Stellaris Venture Partners, Venture Highway",2020,May
Blowhorn,Logistics,Bangalore,,,Trifecta Capital,2020,May
Toch,AI,Mumbai,"$1,000,000",Pre series A,"Chinaccelerator, 9 Unicorns Fund, Inflection Point Ventures",2020,May
Gram Cover,Insurtech,Noida,,Pre series A,"EMVC, Flourish, Omidyar Network India",2020,May
HomeCapital,Fintech,Mumbai,,,Varanium NexGen Fund,2020,May
NWNT (No Worry No Tension Healthcare),Healthtech,Delhi,,Pre Series A,Amit Burman,2020,May
Voicezen,AI,Gurugram,,,Bharti Airtel,2020,May
Leap Club,,Gurugram,"$340,000",Pre seed round,"Whiteboard Capital, FirstCheque, Artha India Ventures, Sweta Rau, Deepak Abbot, Amrish Rau, Harpreet Singh Grover",2020,May
Xtracap,Fintech,Gurugram,"$1,000,000",,Angel Investors,2020,May
Tring,Media,Mumbai,,,"Kalyan Krishnamurthy, Sujeet Kumar, Keshav Sanghi, Roman Saini, Sumit Jain, Hemesh Singh",2020,May
Vakilsearch,Legal,Chennai,,,Sujeet Kumar,2020,May
Khatabook,Fintech,Bangalore,"$60,000,000",Series B,B Capital Group,2020,May
LendingKart,Fintech,Ahmedabad,"$11,363,000",Series D,"Fullerton Financial Holdings, Bertelsmann India Investments, Sistema Asia Fund, IndiaQuotient",2020,May
Illumnus,Edtech,,"$100,000",Seed Round,Angel investors. HNI,2020,May
LetsTransport,Logitech,Bangalore,"$1,715,000",,Innoven Capital,2020,May
Eggoz,Agritech,Bihar,"$329,000",Seed Round,"Tracxn Labs, Angellist, Tri-Deep Capital",2020,May
Winuall,Edtech,Bangalore,,,"Ankit Bhati, Nitin Gupta",2020,May
Indian School Finance Company,Fintech,Hyderabad,"$5,271,000",Seed Round,Gray Matters Capital,2020,May
Juicy Chemistry,,,"$650,000",Series A,Akya Ventures,2020,May
DeepTek,Healthtech,Pune,,,GHV Accelerator,2020,May
Stepathlon Lifestyle,Fitness,Mumbai,,,"Josh Liberman, Mark Adams",2020,May
Sindhuja Microcredit,Fintech,Noida,"$8,700,000",,Nordic Microfinance Initiative,2020,May
Rentmojo,Rental,Bangalore,"$3,226,000",,"Chiratae Ventures, Accel Partners, BCIP Venture Associates, Bain Capital, Renaud Laplanche",2020,May
Tesco Charge Zone,EV,Gujarat,,,Mumbai Angels Network,2020,May
Intello Labs,"Supply chain, Agritech",Gurugram,"$5,900,000",Series A,Saama Capital,2020,May
SirionLabs,SaaS,Gurugram,"$44,000,000",Series C,"Tiger Global, Avatar Growth Capital",2020,May
Magicpin,,Gurugram,"$3,879,000",,Lightspeed Venture Partners,2020,May
GroCurv,B2B,Gurugram,,Seed Round,Unicorn Investments Pte Ltd,2020,May
Refrens,SaaS,Bangalore,"$1,000,000",Seed Round,"Vijay Shekhar Sharma, Anupam Mittal",2020,May
Shiprocket,Logitech,,"$13,000,000",Series C,"Tribe Capital, Innoven Capital, BII",2020,May
Spyne,AI,Gurugram,,Pre series A,"Angellist, Smile Group, Manish Amin, Anil Goel, Anubhav Sonthalia, Deepak Mittal",2020,May
Nykaa,Ecommerce,Mumbai,"$8,800,000",,Steadview capital,2020,May
Phable,Healthtech,,"$1,000,000",Pre series A,Inflection Point Ventures,2020,May
Generic Aadhaar,Pharma,,,,Ratan Tata,2020,May
Mintoak,Fintech,Mumbai,"$2,000,000",Pre series A,Pravega Ventures,2020,May
VestSpace,Spacetech,Pune,"$10,000,000",,Next Capital,2020,May
Blackbuck,Logistics,Bangalore,,,Trifecta Venture,2020,May
Vernacular ai,AI,Bangalore,"$5,100,000",Series A,"Exfinity Ventures, IAN Fund",2020,May
Clover,Agritech,Bangalore,"$920,000",,Alteria Capital,2020,May
Varthana,Fintech,Bangalore,"$15,000,000",Series D,ChrysCapital,2020,May
Codeninja,SaaS,Bangalore,,Seed Round,"Hari Balasubramanian, EaSyndicate",2020,May
MetaMerphoSys,Insurance technology,Pune,,Pre Series A,Good Capital,2020,May
Rooter,Gaming,Delhi,"$1,700,000",Pre Series A,"Paytm, leAD Sports, Rockstud Capital, Founder Bank Capital",2020,May
Aker Foods,Foodtech & Logistics,Pune,,,Mumbai Angels Network,2020,May
Sascan Meditech pvt ltd,Healthtech,Kerala,,,Unicorn India Ventures,2020,May
DailyHunt,Media,,"$35,600,000",,Lupa India,2020,May
Pratilipi,Media,Bangalore,"$9,400,000",Series C,Tencent,2020,May
Biryani By Kilo,Food,Delhi,"$790,000",Series B,"Devanshu Dolat Desai, Anand M Khatau, Debasish Priyadarshi Purohit, Kaushik Shanghvi",2020,May
Consure Medical,Healthtech,Delhi,"$480,000",,"Accel Partners, Jungle Ventures",2020,May
Servify,,Mumbai,"$250,000",,Barkawi,2020,May
Tessol,Logistics,Mumbai,"$160,000",Series A,1Funds Domestic Scheme,2020,May
Remedo,Healthtech,Noida,,Pre series A,RiverRock Ventures,2020,May
News Reach,Media,Ahmedabad,,,Mumbai Angels Network,2020,May
RoomSoom,Housing,Noida,,,Mumbai Angels Network,2020,May
Pedagogy,Edtech,,"$400,000",,Inflection Point Ventures,2020,May
Classplus,Edtech,Delhi,"$8,200,000",Series B,RTP Global,2020,May
Medlife,Pharmaceutical,Bangalore,"$15,500,000",,Hero Fincorp,2020,May
Qin1,Edtech,Noida,,,Venture Catalysts,2020,April
MYSUN,Tech,Delhi,"$4,257,000",Pre series A,Undisclosed,2020,April
ShopX,Ecommerce,Bangalore,"$1,410,000",,Li and Fung,2020,April
Sarva,Yoga & wellness,,,,"Mantra Capital, Patni Family",2020,April
Expertrons,AI,Mumbai,,Seed Round,"Nikhil Vora, Iceland Venture Studio, LetsVenture, Samyakth Capital",2020,April
NewsBytes,Digital Media,Gurugram,"$1,500,000",Series A,North Base Media,2020,April
Wagonfly,,Bangalore,"$500,000",,Investment Trust of India,2020,April
NIRA,Fintech,,"$2,100,000",Pre Series A,Angel investors,2020,April
Convosight,Data Analytics,Hyderabad,"$4,000,000",Pre series A,"IvyCap Ventures, Sequoia Capital",2020,April
Fittr,Fitness,Pune,"$2,000,000",,"Sequoia Capital Surge, Better Capital",2020,April
AsknBid,Investment Tech,Bangalore,,,Ravikanth Reddy & Mumbai Angel Network,2020,April
Bira91,Beverage,Bangalore,"$20,000,000",Series C,"Sequoia Capital, Sofina",2020,April
Finaureus Technologies,Fintech,Pune,,Pre series A,Pinetree Capital,2020,April
Daily Ninja,Ecommerce,Haryana,"$349,800",,Big Basket,2020,April
Guvi Geek Network Pvt Ltd,Edtech,Chennai,"$786,000",Pre series A,Education Catalyst Fund,2020,April
LoadShare,Logistics,Bangalore,"$2,004,000",Series B,CDC Group,2020,April
Vedantu,Edtech,Bangalore,"$6,800,000",Series C,KB Global Platform Firm,2020,April
Indusface,IT,,"$5,000,000",,Tata Capital Growth Fund II,2020,April
DMI Group,Financial Services,Delhi,"$123,000,000",,NXC Corporation,2020,April
Spintly,IoT,Goa,"$248,000",Pre series A,Saltwater Venture Sparks,2020,April
Bijak,Agritech,Gurugram,"$12,000,000",Series A,RTP Global,2020,April
Bugworks,Biopharma,Bangalore,"$7,500,000",,"University of Tokyo Edge Capital, Global Brain Corporation",2020,April
DrinkPrime,,Bangalore,,Seed Round,"Abhishek Goyal, Bharat Jaisinghani, FirstCheque",2020,April
Yap,Fintech,Chennai,"$4,500,000",Series A,BeeNext,2020,April
Pariksha,Edtech,Pune,,Pre series A,"INSEAD Angels, IIT Kanpur Angels, Sixth Sense Ventures, Saahil Bhatia",2020,April
NoBroker,Real Estate,Bangalore,"$30,000,000",,General Atlantic,2020,April
Box8,Foodtech,Mumbai,"$4,000,000",,"IIFL Seed Ventures Fund, Menlo park",2020,April
Capital Float,Fintech,Bangalore,"$15,000,000",,"Ribbit Capital, SAIF Partners, Sequoia Capital India, Amazon",2020,April
ITILITE,Travel & SaaS,Bangalore,"$13,000,000",Series B,"Greenoaks Capital, Vy Capital. Matrix Partners India",2020,April
Aavenir,SaaS,Ahmedabad,"$2,000,000",Seed round,Accel,2020,April
BLive,Tourism & EV,,,Pre series A,Mumbai Angels Network,2020,April
Yellow Messenger,AI,Bangalore,"$20,000,000",Series B,"Lightspeed Venture Partners, Lightspeed India Partners.",2020,April
Setu,Fintech,,"$14,259,000",Series A,"Lightspeed Venture, Falcon Edge, Bharat Inclusive Technologies Seed Fund.",2020,April
Power Gummies,Health,Delhi,,,Venture Catalysts,2020,April
Rebel Foods,Food tech,,"$50,000,000",,Coatue Management,2020,April
BankBazaar,Fintech,Chennai,"$3,800,000",Series D,"Amazon, Sequoia, Walden SKT Venture Fund",2020,April
Porter,Logistics,Mumbai,"$18,370,000",Series D,Lightstone Global Funds,2020,April
SugarBox,Tech,Mumbai,"$68,525,000",,Zee Entertainment Enterprises Limited,2020,April
Capital Float,Fintech,Bangalore,"$4,800,000",Series F,"Amazon Inc`, Dinesh J Hinduja",2020,April
Amica,Fintech,,"$2,000,000",,"Hummingbird Ventures, Bedrock Capital",2020,April
Vedantu,Edtech,Bangalore,"$12,500,000",Series C,Legend Capital,2020,April
Fingerlix,Food,,"$1,834,000",,"Accel, Zephyr Peacock, Swiggy, RB Investments.",2020,April
Zupee,Gaming,,"$8,000,000",Series A,Matrix Partners,2020,April
Lido Learning,Edtech,Mumbai,"$7,500,000",Series B,Bace Capital,2020,April
Aye Finance,Fintech,Gurugram,"$23,850,000",,Undisclosed,2020,April
Swiggy,Foodtech,Bangalore,"$43,000,000",Series A,"Tencent, Ark Impact, Korea Investment Partners, Samsung Ventures, Mirae Asset Capital Markets",2020,April
Zomato,Foodtech,Gurugram,"$5,000,000",,Pacific Horizon,2020,April
RaRa Delivery,Logistics,,"$800,000",Seed Round,"Der Shing Lim, 500 startups",2020,April
Obviously AI,Data Science,,,,Arka Venture Labs,2020,April
Fingpay,Fintech,Mumbai,"$3,500,000",Series A,IvyCap Ventures,2020,April
Recko,SaaS,Bangalore,"$6,000,000",Series A,Vertex Ventures,2020,April
Furlenco,Ecommerce,Bangalore,"$10,000,000",,"Chowdry Associates, Lightbox",2020,April
Mera Cashier,Fintech,Noida,"$150,000",,"Sukhbir Singh, India Accelerator, Boudhik Ventures, Shankar Nath, Shaurya Garg",2020,April
Kitchens Centre,,Delhi,"$500,000",Seed Round,AngelList India,2020,April
Camp K12,Edtech,Gurugram,"$4,000,000",Seed Round,"Matrix Partners, SAIF Partners",2020,April
MedGenome,Healthtech,Bangalore,"$55,000,000",Series D,LeapFrog Investments,2020,April
Ergos,Agritech,Bangalore,"$4,598,000",,Aavishkar Capital,2020,April
Nykaa,Ecommerce,Mumbai,"$13,137,000",,Steadview capital,2020,April
SaScan,Healthcare,Bangalore,,,Unicorn India ventures,2020,March
Lido Learning,Edtech,Mumbai,"$3,000,000",,"Pecus Capital, Madhur Deora",2020,March
Nimesa,SaaS,Bangalore,,,Ideaspring capital,2020,March
Design X,IoT,Noida,"$200,000",Seed Round,ThinkNext LLC,2020,March
Driftly Electric,Automobile,Bangalore,,,MG Motor India,2020,March
Imstrong,Fitness,Bangalore,"$400,000",Seed round,Rainmatter,2020,March
Craftsvilla,Marketplace,Mumbai,"$3,900,000",,Supera Investments,2020,March
Rupifi,Fintech,Bangalore,,Pre seed round,"Ashneer Grover, Kunal Shah, Ramakant Sharma",2020,March
SnackAmor,Food,Mumbai,,Seed round,Undisclosed,2020,March
CoinDCX,Fintech,,"$3,000,000",Series A,"Polychain Capital, Bain Capital Ventures, HDR Group",2020,March
NuNu TV,Media,,"$670,000",,Risers Accelerators,2020,March
Excess2Sell,Ecommerce,Mumbai,"$1,000,000",,Gautham Madhavan,2020,March
Pitstop,Automobile,Bangalore,"$2,500,000",Series A,TPG-backed Group Landmark,2020,March
Univariety,Edtech,Hyderabad,"$1,100,000",,Info Edge,2020,March
Peel Works,SaaS,Mumbai,"42.23,000","Series C, D",CESC Ventures,2020,March
Vivriti Capital,Fintech,Chennai,"$50,000,000",Series B,LGT Lightstone Aspada,2020,March
Agnikul,Spacetech,Chennai,"$3,148,000",Pre Series A,pi Ventures,2020,March
Khatabook,Fintech,Bangalore,,,Mahendra Singh Dhoni,2020,March
Smart Coin,Fintech,,"$7,000,000",Series A,LGT LightstoneAspada,2020,March
ZunRoof,Cleantech,Gurugram,"$3,000,000",Series A,Godrej Investments,2020,March
Shop101,Social e-commerce,,"$3,900,000",Series C,"Stellaris Venture Partners, Unilever Ventures, Kalaari Capital, Vy Capital",2020,March
Lal10,B2B,Uttar Pradesh,"$1,100,000",,Sorenson Impact,2020,March
Anaxee Digital Runner,Tech,Indore,,,Orios Venture Partners,2020,March
CollegeKhabri,Edtech,Bhopal,,,Vishal Dixit,2020,March
Multi Living,Real Estate,Mumbai,"$6,000,000",,Lodha Ventures,2020,March
FamPay,Fintech,Bangalore,"$4,700,000",Seed Round,"Y Combinator, Venture Highway, Sequoia India, Global Founders Capital",2020,March
UnboxRobotics Labs,Automation tech,Bangalore,"$500,000",Seed Round,"Arali Ventures, CIIE.CO",2020,March
Karbon Card,Fintech,Bangalore,"$2,000,000",Seed Round,"Kunal Shah, Amrish Rau, Jitendra Gupta",2020,March
Innerchef,Foodtech,Gurgaon,"$1,000,000",,Mistletoe,2020,March
Epigamia,FMCG,Mumbai,"25,58,000",Series C,KA Enterprise,2020,March
StyleNook,Ecommerce,Mumbai,,,"Lead Angels Network, Stanford Angels",2020,March
Callido Learning,Edtech,Mumbai,,,Education Catalyst Fund,2020,March
Soxytoes,Ecommerce,Delhi,,,Angel network,2020,March
F5,E-market,Delhi,,Seed Round,LetsVenture investors,2020,March
Paper Boat,Food & Beverages,Bangalore,"$4,049,500",,"Advent Management, A91 Emerging Fund, Trifecta Venture",2020,March
Salesken,AI & Data science,Bangalore,"$8,000,000",Series A,Sequoia India,2020,March
Arya,Agritech,Noida,"$6,000,000",Series B,LGT Lightstone Aspada,2020,March
Leap Finance,Fintech,Bangalore,"$5,500,000",,Sequoia India,2020,March
Sleepy Owl,Beverages,Delhi,,,Rukam Capital,2020,March
Tricog,Healthtech,Bangalore,"$10,500,000",Series B,"UTEC-The University of Tokyo Edge Capital, Aflac Ventures, LLC, Dream Incubator, TeamFund",2020,March
GogoBus,Travel tech,Delhi,,,Ixigo,2020,March
Trell,Social e-commerce,Bangalore,"$4,000,000",Pre series A,"Sequoia’s Surge, Fosun RZ",2020,March
Spaciya Consultants,Real Estate,Noida,"$500,000",Pre series A,Alok Garg,2020,March
Bounce,Automotive and Rentals,Bangalore,"$6,500,000",,InnoVen Capital,2020,March
Neeman,Ecommerce,,"$1,000,000",Pre series A,Anicut Angel Fund,2020,March
Chqbook,Fintech,Gurugram,"$5,000,000",Series A,Aavishkaar Capital,2020,March
SMEcorner,Fintech,Mumbai,"$30,000,000",Series B,Paragon Partners,2020,March
Oda Class,Edtech,Bangalore,,Pre Series A,Yuanfudao,2020,March
Spinny,E-tail,Haryana,"$43,700,000",Series B,"Nandan Nilekani, Sanjeev Aggarwal",2020,March
goStops,Accomodation,Delhi,,,Atraxn Partners.,2020,March
Vogo,Automotive,Bangalore,"$20,000,000",Series C,Lightstone Aspada,2020,February
Flick Stree,AI & Media,Mumbai,"$3,000,000",Series A,Samsung Venture Investment,2020,February
MinionLabs,Machine Learning,Bangalore,,,Indian Angel Network,2020,February
Josh Talks,Media,Haryana,"$1,500,000",Pre series A,Media Development Investment Fund,2020,February
PhoneParLoan,Fintech,Delhi,,,Accelerator MOX,2020,February
RailYatri,Travel,Noida,"$13,800,000",,"Nandan Nilekani, Samsung Venture Investment Corporation",2020,February
AjnaLens,Deeptech,Thane,"$1,500,000",Pre Series A,"Maharashtra Defence, Aerospace Venture Fund (MDAVF)",2020,February
Rupeek,Fintech,Bangalore,"$30,000,000",,"GGV Capital, Bertelsmann India Investments, Binny Bansal, Sequoia India, Accel Partners",2020,February
Invideo,Visual Media,,"$2,500,000",,Sequoia Capital’s Surge,2020,February
AvalonMeta,Edtech,,"$420,000",,Peerplays,2020,February
Near Store,Ecommerce,Mumbai,"$300,000",Seed Round,Sauce.vc,2020,February
ElecTorq,Automobile,Delhi,,,AdvantEdge,2020,February
Prayaan Capital,Fintech,Chennai,"$1,200,000",Seed Round,Accion Venture Lab,2020,February
Sanfe,Hygiene,Delhi,"$1,100,000",Pre Series A,"SucSEED Venture Partners, BIRAC, Elixir Pharma, Titan Capital",2020,February
Swiggy,Foodtech,Bangalore,"$113,000,000",Series A,Prosus N.V,2020,February
Unacademy,Edtech,Bangalore,"$110,000,000",Series E,"Facebook, General Atlantic, Sequoia India, Nexus Venture Partners, Steadview Capital, Blume Ventures",2020,February
Zvesta,Proptech,Gurugram,"$5,500,000",,Hindustan Media Ventures,2020,February
Dunzo,Logistics,Bangalore,"$11,000,000",,Alteria Capital,2020,February
Digit Insurance,Insurtech,Bangalore,"$340,000",,"Virat Kohli, Anushka Sharma",2020,February
Yolo,Transport,Gurugram,"$600,000",Seed Funding,Undisclosed,2020,February
SmartVizX,VR & SaaS,,"$1,397,000",Pre series A,Rockstud Capital,2020,February
Carbon Clean,Cleantech,,"$16,000,000",,"WAVE Equity Partners, Chevron Technology Ventures, Marubeni Corporation.",2020,February
Genius Corner,Edtech,Noida,"$250,000",,"Mahesh Mohta, Jyoti Arora, Nachu Subramanian, Srivats",2020,February
PlanetSpark,Edtech,Gurugram,"$448,500",,"Indian Angel Network, Lead Angels, Hyderabad Angels",2020,February
Simsim,Social Commerce,Bangalore,"$8,000,000",Series B,"Accel Partners, Shunwei Capital, Good Capital",2020,February
Shuttl,Transport,Delhi,"$7,975,700",Series C,SIG Global India Fund,2020,February
ClassMonitor,Edtech,Indore,,,Ashwin Khorana,2020,February
Friyey,Co-working,Pune,,,Tarun Bhalla,2020,February
Oga,Fitness,Bangalore,"$330,000",,Inflection Point Ventures,2020,February
Big Basket,Estore,Bangalore,"$3,500,000",,Trifecta Capital,2020,February
CYFIRMA,Saas,Bangalore,,Series A,Z3 Partners,2020,February
Innoviti,,Bangalore,"$5,000,000",,FMO,2020,February
Paytm money,Fintech,Bangalore,"$5,600,000",,One97 Communications,2020,February
Yap,Fintech,Chennai,"$1,402,000",,"Amrish Rau, Kunal Shah, Jitendra Gupta",2020,February
Clover,Agritech,Bangalore,"$5,500,000",Series A,"Omnivore, Accel Partners, Mayfield",2020,February
Nova Credit,Fintech,,"$50,000,000",Series B,"Kleiner Perkins, Canapi Ventures, Index Ventures, Nyca Partners, General Catalyst.",2020,February
Furlenco,Ecommerce,Bangalore,"$2,200,000",Series C,Chowdry Associates,2020,February
Brick&Bolt,,Bangalore,"$1,500,000",Pre series A,Surge,2020,February
MoEngage,Marketing,Bangalore,"$25,000,000",Series C,Eight Roads Ventures,2020,February
Classplus,Edtech,,"$2,500,000",Pre Series A,"Blume Ventures, Sequoia",2020,February
Chaayos,Beverages,,"$21,500,000",,Think Investment,2020,February
Altor,Tech,,,,Venture Catalysts,2020,February
Pepperfry,E-market,Mumbai,"$40,000,000",Series F,Pidilite Industries,2020,February
FirstCry,E-market,Pune,"$296,000,000",Series E,Softbank’s Vision Fund,2020,February
Waycool,Agritech,Chennai,"$32,000,000",Series C,LightBox Ventures,2020,February
WorkIndia,HR tech,,"$6,000,000",,Xiaomi,2020,February
Qyuki,Media,Mumbai,"$3,500,000",,Info Edge Venture Fund,2020,February
Leap India,Agritech,Coimbatore,"$30,000,000",Series B,Neev Fund,2020,February
Picxy,Media,Hyderabad,"$250,000",,"FirstCheque, Angellist India, Aakrit Vaish, Ranjith Radhakrishnan",2020,February
Krimanshi,Agritech,Jodhpur,"$20,000",,Arunachal Pradesh Social Entrepreneurship Meet,2020,February
NEETprep,Edtech,Delhi,,,IndiaQuotient,2020,February
Kuku FM,Media,Mumbai,"$5,500,000",Series A,Vertex Ventures,2020,February
SuperMoney,Fintech,Mumbai,"$1,000,000",Pre series A,Unitus Ventures.,2020,February
AlphaVector,E tailor,Bangalore,,,"Avaana Capital, Titan Capital",2020,February
Fox Capital,Fintech,Jaipur,"$2,500,000",,Institutional Investors,2020,February
Tribe Theory,Accomodation,Bangalore,"$3,500,000",,Tim Draper,2020,February
Fleetx,SaaS,,"$1,402,400",Series A,Beenext,2020,February
Embibe,Edtech,Mumbai,"$12,618,300",,Reliance Industries Limited (RIL),2020,February
Entri,Edtech,Kochi,"$1,400,000",Seed Round,Good Capital,2020,February
Oye! Rickshaw,E-mobility,,"$10,000,000",Series A,Chiratae Ventures,2020,February
Seal Professional,Edtech,Bangalore,,Pre series A,Equanimity Ventures,2020,February
Sprinng Foods,Food,Mumbai,,,"Mistletoe, Info Edge Asia",2020,February
1MG,Healthtech,Gurugram,"$9,900,000",,Bill & Melinda Gates Foundation,2020,February
Aagey,Fintech,Bangalore,,,"JITO Angel Network, Ketan Kothari, Girish Jain, Sunil Singhvi, Vinay Jain",2020,February
AdonMo,Ad-tech,Bangalore,"$3,000,000",,Ant Financial,2020,January
RACEnergy,E-mobility,,,Seed Round,"GrowX ventures, Prophetic Ventures",2020,January
BharatPe,Fintech,Delhi,"$100,000,000",,Coatue Management,2020,January
Vogo,Automotive,Bangalore,"$35,000,000",Series C,Lightstone Aspada,2020,January
Yolo,Transport,Gurugram,"$600,000",Seed Round,Undisclosed,2020,January
Unotech,SaaS,Mumbai,"$2,000,000",,Manish Choksi,2020,January
Zetwerk,Marketplace,Bangalore,"$2,200,000",,InnoVen capital,2020,January
WizKlub,Edtech,Bangalore,"$982,530",Seed Funding,Incubate Fund India,2020,January
Interviewbit,Edtech,Pune,"$200,000,000",Series A,"Tiger Global Management, Sequoia Capital India, Singapore’s Economic Development Board (EBD)",2020,January
MoneyTap,Fintech,,"$70,185,200",Series B,"Aquiline Technology Growth (ATG), RTP Global, Sequoia India",2020,January
Uniplatform Tech,SaaS,Delhi,,,"Frontline Strategy Finds, SucSEED Venture Partners LLP",2020,January
Bizongo,Marketplace,Mumbai,"$30,000,000",Series C,Schroder Adveq,2020,January
AppsFlyer,SaaS,Bangalore,"$210,000,000",Series D,General Atlantic,2020,January
Digit Insurance,Insurtech,Bangalore,"$84,000,000",,"A91 Partners, Faering Capital, TVS Capital",2020,January
Livspace,Interior Design,Bangalore,"$60,000,000",Series D,"Tahoe Investment Group, Mercer Investment",2020,January
GetVantage,Fintech,Mumbai,,Seed round,"Samyakth Capital, Venture Catalysts",2020,January
Konfinity,Edtech,Noida,,,Angel investors,2020,January
Pine Labs,Fintech,Noida,,,Mastercard,2020,January
Instoried,SaaS,Delhi,,,"SOSV, Chinaccelerator",2020,January
Nupay,Neo-banking,Haryana,,,Venture Catalysts,2020,January
Samosa Singh,Food,Bangalore,"$2,700,000",Series A,She Capital,2020,January
Crysta,Healthtech,Delhi,"$1,403,400",Pre Series A,"Green Shots Capital, Alfa Ventures, Real Time Venture, Petrotech, Steel City Securities, Lalit Wadhwa, Dr Kriti Maroli",2020,January
Bounce,Automotive and Rentals,Bangalore,"$105,000,000",Series D,"Accel Partners, B Capital",2020,January
Park+,Techonology,,"$11,000,000",,"Sequoia Capital, Matrix Partners India",2020,January
Goodmylk,Dairy,Bangalore,"$400,000",Seed Round,"Ginni International, Elisa Khong, Sandeep Singh, VegInvest",2020,January
Skylo,IoT,,"$103,000,000",Series B,SoftBank Group,2020,January
Tea Trunk,Beverage,Goa,"$220,000",,Angel investors,2020,January
Zoomcar,Transport & Rentals,Bangalore,"$30,000,000",Series D,Sony Innovation Fund,2020,January
Mera Cashier,Fintech,Noida,"$250,000",Seed Round,"Amit Singal, Manish Aggarwal",2020,January
Kristal AI,AI,,"$6,000,000",Series A,Chiratae Ventures,2020,January
Invento Robotics,AI Robotics,,"$281,300",Seed round,"Windrose Capital, ITI Growth Opportunities Venture Fund",2020,January
Sabse Sasta Dukaan,Pharmaceutical,Kolkata,,,Angel investors,2020,January
Fitphilia,Healthtech,Mumbai,,,Angel investors,2020,January
Medicus,Healthtech,Mumbai,"$12,700",,Angel investors,2020,January
Monech,Fintech,Mumbai,"$12,700",Seed Round,Angel investors,2020,January
Teach Us,Edtech,,"$12,700",Seed Round,Angel investors,2020,January
Dealberg,B2B marketplace,Bangalore,,,Undisclosed,2020,January
Phenom People,HR tech,,"$30,000,000",Series C,WestBridge Capital,2020,January
Extra Edge,Edtech,Pune,"$700,000",Pre series A,"Sprout Venture Partners, Indian Angel Network",2020,January
Capital Quotient,Fintech,Bangalore,"$600,000",,Undisclosed,2020,January
Karfa,Ecommerce,Delhi,"$25,000",Seed Round,Undisclosed,2020,January
Bounce,Automotive and Rentals,Bangalore,"$97,500,000",Series D,"Accel Partners, B Capital",2020,January
Zinier,Automation,Bangalore,"$90,000,000",Series C,ICONIQ Capital,2020,January
ProEves,Preschool Daycare,Delhi,"$507,000",Seed Round,1Crowd,2020,January
Aesthetic Nutrition,Food diet,,,Pre Series A,DSG Consumer Partners,2020,January
Ninjacart,B2B Agritech,Bangalore,"$10,000,000",Series C,"Flipkart India, Singapore-based GEC3",2020,January
TechnifyBiz,B2B Agritech,,"$2,000,000",Seed Round,"Omnivore, Insitor Impact Asia Fund",2020,January
Wysh,E-connect,Hyderabad,"$2,000,000",Series A,Kalaari Capital,2020,January
Keito,AI,Pune,"$160,000",Seed Round,Suma Soft Pvt Ltd,2020,January
Klub,Fintech,,"$2,000,000",Pre seed round,Sequoia Surge,2020,January
Aadhar,Ecommerce,Mumbai,,Seed Round,"Sprout Venture Partners, JITO Angel Network, LetsVenture",2020,January
IncubateHub,Tech hub,Bengaluru,,,Venture Catalysts,2020,January
Rage Coffee,FMCG,Delhi,,,Refex Capital,2020,January
Skilancer,Technology,Noida,,,Venture Catalysts,2020,January
Harappa Education,Edtech,New Delhi,,,James Murdoch-led Lupa Systems,2020,January
Axio Biosolutions,Medtech,Bangalore,"$5,200,000",Series B,Omidyar Network India,2020,January
Techbooze,Consultancy,,"$15,000,000",Series A,Space Capital,2020,January
PayMart,Fintech,Chandigarh,,,"IIM Ahmedabad’s incubator (CIIE.CO),Chandigarh Angels Network",2020,January
Testbook,Edtech,,"$8,400,000",Series B,Iron Pillar,2020,January
FabAlley,Ecommerce,Noida,"$1,100,000",,Trifecta Capital,2020,January
HaikuJAM,,,"$3,400,000",,"Lightbox. Social Capital, Dunce Capital",2020,January
Mamaearth,Ecommerce,,"$18,300,000",Series A,Sequoia India,2020,January
Rentomojo,Rental,,"$2,000,000",,GMO Payment Gateway,2020,January
Zomato,Foodtech,,"$150,000,000",,Ant Financial,2020,January
Byju,Edtech,,"$200,000,000",,Tiger Global,2020,January
Generico,Pharmacy,Mumbai,"$1,400,000",,Alteria Capital,2020,January
HighRadius,Saas,Hyderabad,"$125,000,000",Series B,ICONIQ Capital,2020,January
Chai Kings,Beverage,Chennai,"$1,000,000",,The Chennai Angels (TCA),2020,January
Rivigo,Logistics,Gurugram,"$3,400,000",Series F,Trifecta Capital,2020,January
BuildPan,SaaS,Indore,,Seed round,"HNIs in India, Japan, and the US",2020,January
Shiksha,Edtech,,"$181,000",,Mumbai Angels Network,2020,January
Super Surfaces,Deisgning,Hyderabad,"$500,000",Series A,Vishnu Reddy,2020,January
Quicko,Taxation,Ahmedabad,"$280,000",,"Zerodha fintech fund, Rainmatter",2020,January
Satin Creditcare,Fintech,Gurgaon,"$15,000,000",,Austrian Bank,2020,January
XpressBees,Logistics,,"$10,000,000",,Alibaba,2020,January
FarmERP,Agritech,Pune,,Series A,TechnoGen,2020,January
Wealth Bucket,Fintech,,"$3,000,000",,"NorthStar, Vinod Khatumal",2020,January
GoMechanic,Automobile Technology,Delhi,"$14,700,000",Series B,"Chiratae Ventures, Sequoia Capital, Orios Venture Partners",2020,January
Fashor,Fashion,Chennai,"$1,000,000",Pre series A,Sprout venture partners,2020,January
Leverage Edu,Edtech,Delhi,"$1,500,000",,"DSG Consumer Partners, Blume Ventures",2020,January
Purplle,Cosmetics,Mumbai,"$8,000,000",,Verlinvest,2020,January
Shuttl,Transport,Delhi,"$8,043,000",Series C,SIG Global India Fund LLP.,2020,January
Pando,Logitech,Chennai,"$9,000,000",Series A,Chiratae Ventures,2020,January
Bombay Shaving,Shantanu Deshpande,Provides a range of male grooming products,,,,2020,January
Ruangguru,Edtech,Mumbai,"$150,000,000",Series C,General Atlantic,2020,January
HomeLane,Interior design,Chennai,"$30,000,000",Series D,"Evolvence India Fund (EIF), Pidilite Group, FJ Labs",2020,January
Nu Genes,AgriTech,Telangana,"$6,000,000",,Innovation in Food and Agriculture (IFA),2020,January
FlytBase,Technology,Pune,,,Undisclosed,2020,January
Kratikal,Technology,Noida,"$1,000,000",Pre series A,"Gilda VC, Art Venture, Rajeev Chitrabhanu.",2020,January
Lenskart,E-commerce,Delhi,"$275,000,000",Series G,SoftBank,2020,January
Cub McPaws,E-commerce & AR,Mumbai,,,Venture Catalysts,2020,January
Appnomic,SaaS,Bangalore,"$22,000,000",,Avataar Ventures,2020,January
JobSquare,HR tech,Ahmedabad,"$140,500",,Titan Capital,2020,January
Open Secret,Food tech,,,,Matrix Partners,2020,January
LivFin,Fintech,Delhi,"$5,000,000",,German development finance institution DEG,2020,January
Byju's,Edtech,,"$540,000,000",,"South Africa’s Naspers Ventures, the CPP Investment Board",2020,January
Zest Money,Fintech,Bangalore,"$15,000,000",Series B,Goldman Sachs.,2020,January
Witblox,Edtech,,"$182,700",,Mumbai Angels Network,2020,January
SalaryFits,Fintech,,"$5,000,000",,Brazilian VC Fund Confrapar,2020,January
Pristyn Care,Healthcare,,"$12,000,000",Series B,"Sequoia India, Hummingbird Ventures, Greenoaks Capital, AngelList.",2020,January
Springboard,Edtech,,"$11,000,000",Post series A,Reach Capital,2020,January
DROR Labs Pvt. Ltd,Safety tech,Delhi,,,Inflection Point Ventures,2020,January
Medlife,Pharmaceutical,Bangalore,"$15,500,000",,Wilson Global Opportunities Fund,2020,January
Seekify,SaaS,Delhi,"$1,500,000",Seed funding,Sequoia Capita,2020,January
Toffee Insurance,Insurance technology,Haryana,"$5,500,000",Series A,IVM Intersurer,2020,January
Fireflies .ai,AI,,"$5,000,000",,Canaan Partners,2020,January
HungerBox,Foodtech,Bangalore,"$12,000,000",Series C,"Paytm, Asian VC fund NPTK, Sabre Partners, Neoplux.",2020,January
Bijak,Agritech,,"$2,500,000",Seed fund,"Omnivore and Omidyar Network India, Sequoia Capital",2020,January
Licious,Food,Bangalore,"$30,000,000",Series E,Vertex Growth Fund,2020,January
truMe,IoT,,"$140,000",,Rajan Kaistha,2020,January
Pumpkart,E-marketplace,Chandigarh,,,Dinesh Dua,2020,January
Asteria Aerospace,Robotics & AI,Bangalore,"$230,000,000",,Reliance Industries,2020,January
Rivigo,Logistics,,"$20,000,000",Series F,"SAIF Partners India VI Ltd, Spring Canter Investment Ltd",2020,January
HappyEasyGo,Travel,Gurugram,"$49,400,000",Series B+,"Korea Investment Partners (KIP), Samsung Venture Investment Corporation (SVIC), UOB Venture, 10 Fund, CVCapital, Zero2IPO Ventures, M&S Partners",2020,January
Zetwerk,Manufacturing,Bangalore,"$32,000,000",Series B,"Lightspeed and Greenoaks Capital, Sequoia India, Accel and Kae Capital",2020,January
Observe.AI,AI,Bangalore,"$26,000,000",Series A,Scale Venture Partners,2020,January
Freshokartz,E-Marketplace,Jaipur,"$150,000",Pre series A,ThinkLab,2020,January
Lil’ Goodness and sCool meal,Food & Nutrition,Bangalore,"$400,000",,"Sajan Pillai, Muthu Krishnan,",2020,January
Trell,Social Media,Bangalore,"$2,000,000",Pre series A,"Ruizheng Investment, Tej Kapoor, Krinshavataram Venkata Vinjamuri, Harsh Shah",2020,January
VMate,,,"$100,000,000",,Alibaba,2020,January
Bombay Shirt Company,E-commerce,Mumbai,"$8,000,000",,Lightbox Ventures,2020,January
Slintel,SaaS,,"$1,500,000",,Stellaris Ventures,2020,January
MyGameMate,E-Sports,Bangalore,"$100,000",,"Jindagi Live Angels,",2020,January
Afinoz,Fintech,Noida,,,Fintech innovation lab,2020,January
Rein Games,Technology,Noida,"$50,000,000",Pre series A,"Manipal Education and Medical Group (MEMG) family office, Titan Capital",2020,January
Ecozen,Agritech,Pune,"$6,000,000",Series A,Innovation in Food & Agriculture Fund (IFA Fund),2020,January
Box8,Foodtech,Mumbai,"$120,000,000",,Trifecta Capital,2020,January
Awign Enterprises,,Bangalore,"$4,000,000",Series A,"Work10M, Michael and Susan Dell Foundation, Eagle10, Unitus Ventures.",2020,January
Purplle,Cosmetics,Mumbai,"$30,000,000",Series C,Goldman Sachs,2020,January
Freightwalla,B2B,Mumbai,"$4,000,000",Series A,"Amplo, FJ Labs, Rogue One Capital",2020,January
TapChief,,Bangalore,"$1,500,000",Pre Series A,Blume Ventures.,2020,January
eJOHRI,Jewellery,Mumbai,"$1,000,000",Pre series A,Rajesh Ranavat,2020,January
Ninjacart,B2B Supply Chain,,,,"Walmart, Flipkart",2020,January
Binca Games,Games,Mumbai,,,Sunil Gavaskar,2020,January
KredX,,Bangalore,"$26,000,000",Series B,Tiger Global Management,2020,January
m.Paani,,Mumbai,"$5,500,000",Series A,"AC Ventures, Henkel",2020,January
Origo,Agritech,Gurugram,"$6,800,000",,"Oikocredit, Caspian SME Impact Fund IV,  Triodos Investment Management",2020,January
WishADish,Food & tech,Delhi,"$6,000,000",,Undisclosed,2020,January
Ecom Express,Logistics,Gurugram,"$36,000,000",,CDC Group,2020,January
Stanza Living,Accomodation,Delhi,"$5,700,000",,Alteria Capital,2020,January
PiBeam,Automotive tech,Chennai,"$50,000,000",,GAIL (India) Ltd,2020,January
Euler Motors,Automotive tech,Delhi,"$2,000,000",,"Blume Ventures, Emergent Ventures",2020,January
Moms Co,E-commerce,New Delhi,"$5,000,000",Series B,"Saama Capital, DSG Consumer Partners",2020,January
Cubical Labs,IOT,,,Series B,Rockstud Capital,2020,January
Lawyered,Legal tech,Delhi,"$100,000",,"Pramendra Tomar, Ratish Pandey, Munish Bhatia, Sumit Aggarwal",2020,January
Cuemath,Edtech,Bangalore,"$5,500,000",,"Manta Ray Ventures Limited, Google’s Capital G, Sequoia India.",2020,January
Licious,Food,Bangalore,"$25,000,000",Series D,Vertex Ventures,2020,January
Nivesh.com,Mutual Funds,Noida,"$600,000",,Windrose Capital,2020,January
Zebu,Cybersecurity,,"$4,000,000",Seed round,Undisclosed,2020,January
Smart Institute,Edtech,Surat,"$1,500,000",,HNI investors,2020,January
CarDekho,Automobile,Jaipur,"$70,000,000",Series D,"Ping An Global Voyager Fund, Hillhouse Capital, Sequoia Capital",2020,January
Shadowfax,Logistics,Bangalore,"$60,000,000",Series D,"Flipkart, Eight Roads Ventures, NGP Capital, Qualcomm Ventures, Mirae Asset Naver Fund, World Bank-backed IFC",2020,January
Credr,Automobile,Mumbai,"$6,000,000",,"Omidyar Network, Eight Roads Ventures, GrowthStory, AngelList",2020,January
Sportido,Sports,Noida,,Series B,"Inflection Point Ventures, SucSEED Venture Partners.",2020,January
Phable,Healthtech,,"$220,000",,"LetsVenture, 91 Springboard, IKP Knowledge, Angel investors, AbInbev-Serge DeVos, Wouter Peeters.",2020,January
Sarva,Yoga & wellness,Chennai,"$2,800,000",,"Venture fund, Fireside Ventures.",2020,January
IndyFint,Virtual Banking,Bangalore,"$2,100,000",Series A,Saravanan Adiseshan,2020,January
Zolostays,Accomodation,,"$7,000,000",,Trifecta Capital,2020,January
Ola,Transportation,Bangalore,"$311,000,000",,"Kia Motors, Hyundai",2020,January
Zoomcar,Transport & Rentals,Bangalore,"$4,800,000",,Zoomcar Inc,2020,January
Kratikal,Technology,Uttar pradesh,"$1,000,000",Pre-series A,"Gilda VC, Art Venture, Rajeev Chitrabhanu",2020,January
Froogal,Marketing & Customer loyalty,Hyderabad,"$1,000,000",Pre series A,US-based angel investors,2020,January
Infra.Market,Infratech,Mumbai,"$20,000,000",Series A,"Tiger Global, Nexus Venture Partners, Accel Partners, Dhruv Agarwala",2020,January
Oyo,Hospitality,Gurugram,"$693,000,000",,"MyPreferred Transformation, Avendus Finance, SoftBank",2020,January
GoMechanic,Automobile & Technology,Delhi,"$5,000,000",Series B,Sequoia Capital,2020,January
Spinny,Automobile,Delhi,"$50,000,000",,"Norwest Venture Partners, General Catalyst, Fundamentum, Accel Partners",2020,January
Ess Kay Fincorp,Banking,Rajasthan,"$33,000,000",,"TPG, Norwest Venture Partners, Evolvence India",2020,January
CollegeDekho,E-learning,Gurgaon,$35000000,Series B,"Disrupt ADQ, QIC",2021,December
BOX8,Food & Beverages,Mumbai,$40000000,,Tiger Global,2021,December
Simpl,Consumer Services,Bangalore,$40000000,Series B,"Valar Ventures, IA Ventures",2021,December
8i Ventures,Venture Capital & Private Equity,Mumbai,$50000000,,,2021,December
PayGlocal,Financial Services,Bangalore,$4900000,Series A,Sequoia Capital India,2021,December
Curefit,"Health, Wellness & Fitness",Bangalore,$145000000,,Zomato,2021,December
Pocket FM,OTT,Bangalore,$22000000,Series B,"Lightspeed, Times Group, Tanglin Venture Partners",2021,December
CHARGE+ZONE,Automotive,Vadodara,$10000000,,Venture Catalysts,2021,December
PlanetSpark,Education Management,Gurugram,$13000000,Series B,"Binny Bansal, Deep Kalra, Dr Ashish Gupta, Gokul Rajaram, Shirish Nadkarni",2021,December
LenDenClub,Financial Services,Mumbai,$10000000,Series A,"Tuscan Ventures, Ohm Stock Brokers, Artha Venture Fund",2021,December
CometChat,Computer Software,Mumbai,$10000000,Series A,Signal Peak Ventures,2021,December
AgroStar,AgriTech,Pune,$70000000,Series D,"Evolvence, Hero Enterprise",2021,December
Bizongo,Information Technology & Services,Mumbai,$100000000,Series D,Tiger Global,2021,December
Probus Insurance,Insurance,Mumbai,$6700000,,BlueOrchard Impact Investment Managers,2021,December
MoEngage,Software Startup,Bangalore,$30000000,Series D,Steadview Capital,2021,December
CloudSEK,Computer & Network Security,Bangalore,$7000000,Series A,MassMutual Ventures,2021,December
Exponent Energy,Automotive,Bangalore,$5000000,Pre-series A,YourNest VC,2021,December
Trinkerr,Capital Markets,Bangalore,$6600000,Series A,Accel India,2021,December
Zorro,Social network,Gurugram,$32000000,Seed,"Vijay Shekhar Sharma, Ritesh Agarwal, Ankiti Bose",2021,December
Ultraviolette,Automotive,Bangalore,$150000000,Series C,"TVS Motor, Zoho",2021,December
NephroPlus,Hospital & Health Care,Hyderabad,$24000000,Series E,IIFL Asset Management,2021,December
Unremot,Information Technology & Services,Bangalore,$700000,Seed,Inflection Point Ventures,2021,December
FanAnywhere,Financial Services,Bangalore,$Undisclosed,Seed,"Oasis Capital, Scorpio VC, DeltaHub Capital",2021,December
PingoLearn,E-learning,Pune,$200000,,"Titan Capital, Haresh Chawla, AngelList Syndicate",2021,December
Spry,Music,Mumbai,$1500000,Seed,"9Unicorns, Ashneer Grover",2021,December
Enmovil,Information Technology & Services,Hyderabad,$1300000,Pre-series A,Anicut Angel Fund,2021,December
ASQI Advisors,Financial Services,Mumbai,$1000000,Pre-series A,Founders Room Capital,2021,December
Insurance Samadhan,Insurance,New Delhi,$725000,Pre-series A,"9Unicorns, ZNL",2021,December
Evenflow Brands,Consumer Goods,Mumbai,$500000,,,2021,December
MasterChow,Hauz Khas,Food & Beverages,$461000,Seed,WEH Ventures,2021,December
Fullife Healthcare,Primary Business is Development and Manufacturing of Novel Healthcare Products in Effervescent forms using imported propriety ingredients.,Pharmaceuticals #REF!,Series C,,$22000000,2021,December
MoEVing,MoEVing is India's only Electric Mobility focused Technology Platform with a vision to accelerate EV adoption in India.,Gurugram #REF!,Seed,,$5000000,2021,December
Pristyn Care,Hospital & Health Care,Gurugram,$96000000,Series E,"Kunal Shah, Deepinder Goyal, Abhiraj Singh Bhal",2021,December
Plix,"Health, Wellness & Fitness",Mumbai,$5000000,Series A,"Guild Capital, RPSG Capital Ventures",2021,December
Uni Cards,Financial Services,Bangalore,$70000000,Series A,"General Catalyst, Eight Roads Ventures, Elevation Capital",2021,December
Practically,E-learning,Hyderabad,$5000000,,"NB Ventures, Earlsfield Capital",2021,December
Nestasia,Retail,Kolkata,$4000000,Series A,"Varun Alagh, Sahil Barua",2021,December
Vedic Cosmeceuticals,Cosmetics,Noida,$32000000,Series A,Sixth Sense Ventures,2021,December
Juspay,FinTech,Bangalore,$60000000,Series C,SoftBank Vision Fund 2,2021,December
TranZact,Information Technology & Services,Mumbai,$7000000,Series A,"Tribe Capital, Prime Venture Partners",2021,December
Atomberg,Consumer Electronics,Mumbai,$20000000,,Jungle Ventures,2021,December
Ola,Mobility,Bangalore,$500000000,,Marquee international institutional investors,2021,December
Mohalla Tech,Social media,Bangalore,$266000000,Series G,Alkeon Capital,2021,December
Stack,Financial Services,Bangalore,$4500000,Seed,"Y Combinator, Harvard Management",2021,December
PropReturns,Real Estate,Mumbai,$1200000,,"Y Combinator﻿, ﻿Goodwater Capital",2021,December
WeSkill,E-learning,Gurugram,$4000000,Pre-seed,"Shrishti Sahu, Umang Vohra",2021,December
Fitpage,"Health, Wellness & Fitness",Mumbai,$300000,,"Astra Ventures, Gaurav Jaitly",2021,December
ShopMyLooks,Digital platform,Noida,$200000,,"Capital A, Collective Artists Network",2021,December
ByteLearn,E-learning,Noida,$9500000,Seed,"Aditya Singhal, Nishant Sinha",2021,December
Dista,Computer Software,Pune,$1200000,Seed,Pentathlon Ventures,2021,December
OfBusiness,Financial Services,Gurugram,$325000000,,"Alpha Wave Ventures II, Tiger Global Management, SoftBank Vision Fund II",2021,December
Bizongo,B2B Ecommerce,Mumbai,$100000000,Series D,Tiger Global,2021,December
FRND,Online Media,Bangalore,$6500000,Series A,KRAFTON,2021,December
Metadome,Computer Software,Bangalore,$4000000,Pre-series A,"Chiratae Ventures, Lenskart Vision Fund",2021,December
Keka HR,Information Technology & Services,Hyderabad,$1600000,,Recur Club,2021,December
Flo Mobility,Industrial Automation,Bangalore,$400000,,"DevX Venture Fund, Blume Founder Fund",2021,December
Yodacart,E-commerce,Thane,$225000,Pre-seed,Ajith Daneil,2021,December
TheHouseMonk,Real Estate,Bangalore,$5000000,,Aurum Proptech,2021,December
Zepto,E-commerce,Bangalore,$100000000,,Y-Combinator,2021,December
Sirona Hygiene,"Health, Wellness & Fitness",New Delhi,$10000000,,The Good Glamm Group,2021,December
Jumbotail,B2B Ecommerce,Bangalore,$85000000,Series C,Invus,2021,December
Captain Fresh,Logistics & Supply Chain,Bangalore,$40000000,Series B,"Tiger Global, Prosus Ventures",2021,December
Deciwood,Consumer Electronics,New Delhi,$200000,,"Shuru Up, Ankit Kedia, Arun Gupta",2021,December
Kohbee,E-learning,Bangalore,$235000,Pre-seed,"Ankit Mehrotra, Saurabh Aggarwal",2021,December
Perfora,Consumer Goods,Gurugram,$260000,Pre-seed,Sauce.vc,2021,December
Unbox Robotics,Logistics & Supply Chain,Pune,$7000000,Series A,"3one4 Capital, Sixth Sense Ventures",2021,December
Ninety One,Consumer Goods,Ahmedabad,$30000000,Series A,A91 Partners,2021,December
Gobillion,Social commerce,New Delhi,$2900000,Seed,"YCombinator, Justin Mateen, Pioneer Fund",2021,December
RIPPLR,Logistics & Supply Chain,Bangalore,$12000000,Pre-series B,"Sojitz Corporation, Stride Ventures",2021,December
SK Finance,Financial Services,Jaipur,$53000000,Series F,"IIFL Wealth, TPG Growth, Norwest Venture Partners",2021,December
Eggoz,Food & Beverages,Gurugram,$3500000,Series A,"Nabventures, Avaana Capital",2021,December
Fabriclore,Apparel & Fashion,Jaipur,$700000,Pre-series A,"Fluid Ventures, Mulberry Silks",2021,December
Veefin,Information Technology & Services,Mumbai,$3000000,,Rajesh Rajendran,2021,December
Verandah,Apparel & Fashion,Mumbai,$1000000,Seed,"Mike Novogratz, Neeraj Arora",2021,December
Karkinos Healthcare,Hospital & Health Care,Mumbai,$Undisclosed,,Reliance Digital Health,2021,December
OWO Technologies,Food & Beverages,Gurugram,$3000000,Seed,,2021,December
EsportsXO,Mobile Games,Bangalore,$1100000,Seed,We Founder Circle,2021,December
The Gourmet Jar,Food & Beverages,Noida,$150000,,DevX Venture Fund,2021,December
Zorgers,Hospital & Health Care,Mohali,$Undisclosed,,Ritu Marya Family Office.,2021,December
BangDB,Computer Software,Bangalore,$Undisclosed,,Ten Innovate,2021,December
Neobank Jupiter,Banking,Mumbai,$86000000,Series C,"Tiger Global, Sequoia Capital",2021,December
Skippi Ice Pops,Food Production,Hyderabad,$130000,,Shark Tank India,2021,December
Glii,Dating,Noida,"$$100,00",Seed,We Founder Circle,2021,December
GlobalBees,E-commerce,New Delhi,$111000000,Series B,"Premji Invest, Steadview Capital",2021,December
Mamaearth,"Health, Wellness & Fitness",Gurugram,$37000000,,Sequoia,2021,December
SecureNow,Insurance,Gurugram,$6000000,Series B,Apis Insurtech Fund I,2021,December
Vendor Infra,Construction,Gurugram,$265000,,"SK Tripathi, Sanjeev Gupta",2021,December
Hakuna Matata,Information Technology & Services,Chennai,$1000000,,Hardcastle Petrofer,2021,December
OneCard,Financial Services,Pune,$76000000,,"Ocean View Investment, QED Fund",2021,December
Zepto,E-commerce,Mumbai,$60000000,,"Glade Brook Capital, Nexus, Y Combinator",2021,November
Fi,Financial Services,Bangalore,$50000000,Series B,"Capital Group, Falcon Edge",2021,November
Kiko Live,Commerce,Gurugram,$1000000,Pre-series A,"Dinesh Agarwal, Amarjit Batra",2021,November
TurboHire,Computer Software,Hyderabad,$Undisclosed,,"Arcilla, Samir Khosla",2021,November
The Hosteller,Hospitality,Mumbai,$1000000,Pre-series A,"SUNiCON Ventures, Shubhkam Ventures, Jito Angel network, FAAD Network",2021,November
SatSure,Defense & Space,Bangalore,$Undisclosed,,Baring PE India,2021,November
Ruptok Fintech,Financial Services,New Delhi,$2000000,Pre-series A,Manuvel Malabar Jewellers,2021,November
VilCart,Retail,Bangalore,$2000000,,Nabventures,2021,November
Dogsee Chew,Food & Beverages,Bangalore,$7000000,Pre-series A,Sixth Sense Ventures,2021,November
Advantage Club,HR Tech,Gurugram,$3300000,Pre-series A,"Y Combinator, Jetty Ventures, Earlsfield Capital, SMC Advisors, Kunal Shah",2021,November
TRDR,Financial Services,Bangalore,$150000,,"Kunal Shah, Snehal Fulzele",2021,November
Zoomcar,Mobility,Bangalore,$92000000,,SternAegis Ventures,2021,November
Leap India,Logistics & Supply Chain,Mumbai,$10000000,,CDC Group,2021,November
SuperBottoms,Consumer Goods,Mumbai,$400000,,Alteria Capital,2021,November
Cora Health,"Health, Wellness & Fitness",Bangalore,$600000,Seed,Indian Angel Network,2021,November
Battery Smart,Renewables & Environment,New Delhi,$7000000,Pre-series A,"Blume Ventures, Orios Ventures",2021,November
The Good Glamm Group,Information Technology & Services,Pune,$150000000,Series D,"Warburg Pincus﻿, Prosus Ventures",2021,November
Mosaic Wellness,"Health, Wellness & Fitness",Mumbai,$24000000,Series A,Sequoia,2021,November
CloudFiles,SaaS startup,Bangalore,$300000,Pre-seed,Titan Capital,2021,November
The Viral Fever,Entertainment,Mumbai,$2000000,,BlackSoil,2021,November
Xpand,Retail,New Delhi,$1500000,Pre-series A,"Akash Prakash, Madhu Jayakumar, Dipinder Sandhu, Shagun Khandelwal",2021,November
Troo Good,E-commerce,Hyderabad,$7000000,Series A,OAKS Asset Management,2021,November
Prodo,Business Supplies & Equipment,New Delhi,$300000,Pre-seed,"Titan Capital, LetsVenture",2021,November
Unnati,FinTech,Noida,$7000000,Series A,"Incofin, NabVentures, Orios",2021,November
Lysto,NFT,Bangalore,$3000000,Seed,BEENEXT,2021,November
Wakefit,Furniture,Bangalore,$20000000,Series C,SIG,2021,November
Buyofuel,Oil & Energy,Coimbatore,$100000,Seed,Inflection Point Ventures,2021,November
ElectricPe,EV,Bangalore,$3000000,Seed,"Blume Ventures, Micelio Fund",2021,November
Vayana Network,Financial Services,Pune,$30000000,Series C,"CDC Group, Jungle Ventures, March Capital, Marshall Wace",2021,November
Valuationary,E-learning,Surat,$100000,Pre-seed,"Ashish Jain, Ajay Surana",2021,November
Knocksense,Online Media,Lucknow,$150000,,"We Founder Circle, Appyhigh, Mumbai Angels",2021,November
Petpooja,Information Technology & Services,Ahmedabad,$4500000,,"Aroa Ventures, GVFL, Udaan",2021,November
Wingreens Farms,Food & Beverages,Gurugram,$17000000,,"Investcorp, Omidyar Network",2021,November
Doola,Company-as-a-Service,New York,$3000000,,Nexus Venture Partners,2021,November
EyeMyEye,Eyewear,Gurugram,$2000000,Pre-series A,2000000,2021,November
Bombay Hemp Company,Textiles,Mumbai,$2000000,,"Riteesh Mohan Bakshi, Raghav Mohan Bakshi, Achin Kochar",2021,November
DGV,Information Technology & Services,Bangalore,$3000000,Pre-series A,"Info Edge Ventures, Omnivore",2021,November
GuardianLink,Information Technology & Services,Chennai,$12000000,Series A,Kalaari Capital,2021,November
Clinikk,Hospital & Health Care,Bangalore,$4000000,Pre-series A,MassMutual Ventures,2021,November
Toplyne,Computer Software,Bangalore,$2500000,,"Sequoia Capital , Together Fund",2021,November
Mensa,D2C,Bangalore,$135000000,Series B,"Alpha Wave Ventures, Falcon Edge Capital",2021,November
GENLEAP,Professional Training & Coaching,Haryana,$8000000,Seed,"Vivek Vaidya, Kevin Donlon, Ayush Singh",2021,November
Planys,Maritime,Chennai,$1600000,Pre-series A,"Kieretsu Forum, Lets Venture, Shell",2021,November
Wonderchef,Consumer Goods,Mumbai,$20000000,,"Sixth Sense Ventures, Godrej Family office, Malpani Group",2021,November
GoKwik,Information Technology & Services,New Delhi,$15000000,Series A,Sequoia Capital India,2021,November
Velocity,Financial Services,Bangalore,$20000000,Series A,Valar Ventures,2021,November
SalaryBox,Financial Services,Gurugram,$4000000,Seed,"Y-Combinator, AME Cloud Ventures, Gokul Rajaram",2021,November
Boingg,Furniture,Gurugram,$200000,Seed,Inflection Point Ventures,2021,November
Better Capital,Venture Capital & Private Equity,Santra,$15000000,,,2021,November
Tickertape,Financial Services,Bangalore,$5000000,,Smallcase,2021,November
Zenpay Solutions,Financial Services,New Delhi,$Undisclosed,,"The StarupLab, AngelBay",2021,November
Disprz,E-learning,Mumbai,$13000000,Series B,"Dallas Venture Capital, Mars Growth Capital",2021,November
Arbo Works,Computer Software,"Mountain View, CA",$Undisclosed,,Sequoia Capital,2021,November
Inzpira,E-learning,Trivandrum,$300000,Seed,"Raj Nair, Gopinath Latpate",2021,November
Defy,Financial Services,Bangalore,$5500000,,"Y Combinator, Goat VC, JAM Fund, Goodwater Capital",2021,November
Mindhouse,"Health, Wellness & Fitness",Gurugram,$6000000,Seed,"Binny Bansal, General Catalyst",2021,November
Homversity,Housing Marketplace,Ahmedabad,"$$1,55,000",,,2021,November
Toppersnotes,Education Management,Jaipur,$1000000,Seed,Inflection Point Ventures,2021,November
NoBroker.com,Real Estate,Bangalore,$2100000,Series E,"General Atlantic, Tiger Global, Moore Strategic Ventures",2021,November
Haber,Industrial Automation,Pune,$20000000,Series B,Ascent Capital,2021,November
True Balance,Financial Services,Gurugram,$30000000,,"Northern Arc, Arthmate, Shine Star, E clear, Hinduja",2021,November
Recordent,Financial Services,Hyderabad,$400000,,"Family Office of Kantamaneni, IIM Calcutta Innovation Park",2021,November
Koparo,Consumer Goods,New Delhi,$700000,Seed,"Saama Capital﻿, ﻿Titan Capital﻿, DSG Consumer Partners",2021,November
Indifi,Financial Services,Gurugram,$40000000,,"Omidyar Network, Flourish Ventures, Elevar Equity, Accel",2021,November
Settl,Real Estate,Bangalore,$500000,Seed,"ah! Ventures, We Founder Circle",2021,November
Park+,Tech startup,New Delhi,$25000000,Series B,"Sequoia Capital, Matrix Partners",2021,November
Simple Energy,Automotive,Bangalore,$21000000,Pre-series,,2021,November
Dream Sports,Sports,Mumbai,$840000000,,"Falcon Edge, DST Global, D1 Capital, Redbird Capital, Tiger Global",2021,November
Spinny,Automotive,Gurugram,$248000000,Series E,"Abu Dhabi Growth Fund, Tiger Global",2021,November
Rentomojo,Furniture Rental,Bangalore,$10000000,,"Accel, Bain Capital",2021,November
Slice,Financial Services,Bangalore,$220000000,Series B,"Tiger Global, Insight Partners",2021,November
21K School,E-learning,Bangalore,$5000000,Pre-series A,Ronnie Screwvala,2021,November
Adda247,E-learning,Gurugram,$20000000,Series B,WestBridge Capital,2021,November
Loop Health,Hospital & Health Care,Pune,$12000000,,"Elevation, General Catalyst",2021,October
Rupifi,Financial Services,Bangalore,$1000000,Debt,Alteria Capital,2021,October
RENEE Cosmetics,Cosmetics,Ahmedabad,$1500000,Pre-series A,"Equanimity Ventures, 9Unicorns",2021,October
Svish,Consumer Goods,Gurugram,$400000,Seed,Nueva,2021,October
Progcap,FinTech,New Delhi,$30000000,Series C,Tiger Global,2021,October
Smartstaff,Recruitment,Bangalore,$4300000,,"Blume Ventures, Nexus Venture Partners",2021,October
D’Moksha Homes,Textiles,Mumbai,$570000,Seed,"Apoorva Sharma, The Chennai Angels, Karthik Bhat",2021,October
ANS Commerce,E-commerce,Gurugram,$2200000,Pre-Series A,"Gokul Rajaram, Venture Catalysts",2021,October
Mobileware Technologies,Information Technology & Services,Mumbai,$4700000,,Kvanto Payment Services,2021,October
GramCover,Insurance,Noida,$7000000,Series A,"Siana Capital, Inflexor Ventures, Stride Ventures",2021,October
BYJU'S,EdTech,Bangalore,$300000000,,"Oxshott Capital Partners, XN Exponent, Edelweiss",2021,October
Hyperface,Information Technology & Services,Bangalore,$1300000,,"Kunal Shah, Better Capital",2021,October
Licious,Food & Beverages,Bangalore,$52000000,Series G,,2021,October
Chalo,Mobility,Mumbai,$40000000,Series C,"Lightrock India, Filter Capital",2021,October
Kaar Technologies,Information Technology & Services,Chennai,$4000000,,BlackSoil,2021,October
Kissan Pro,Farming,Jharkhand,$Undisclosed,,EKKI,2021,October
Sunstone Eduversity,EdTech,Gurugram,$28000000,Series B,WestBridge Capital,2021,October
Ozonetel,Telecommunications,Hyderabad,$5000000,Series A,Stakeboat Capital,2021,October
CoinSwitch Kuber,Crypto,Bangalore,$260000000,Series C,"Coinbase Ventures, Andreessen Horowitz",2021,October
Pazcare,Insurance,Bangalore,$3500000,Seed,"BEENEXT, 3one4 Capital",2021,October
kWh Bikes,Automotive,Bangalore,$2000000,Seed,"Let’s Venture, Better Capital",2021,October
IBSFINtech,Information Technology & Services,Bangalore,$1000000,Pre-Series A,,2021,October
LeadSquared,Computer Software,Bangalore,$Undisclosed,,International Finance Corporation,2021,October
Phool.co,Renewables & Environment,Kanpur,$Undisclosed,,"Alia Bhatt, IAN Fund, Social Alpha, Draper Richards Kaplan Foundation",2021,October
Twin Health,"Health, Wellness & Fitness",Chennai,$140000000,Series C,"Sequoia Capital India, ICONIQ Capital, Perceptive Advisors",2021,October
Trica,Equity Management,Mumbai,$3000000,Seed,LetsVenture,2021,October
mHealth,"Health, Wellness & Fitness",New Delhi,$Undisclosed,Seed,India Accelerator,2021,October
Rebel Foods,Cloud kitchen,Mumbai,$175000000,Series F,Qatar Investment Authority,2021,October
ProfitWheel,Marketing & Advertising,Mumbai,$3000000,Seed,"Netcore Cloud, Vallabh Bhansali, Jimmy Mahtani",2021,October
Log 9 Materials,Nanotechnology,Bangalore,$2000000,,Petronas Ventures,2021,October
Chingari,Entertainment,Bangalore,$19000000,,Solana,2021,October
Ishitva,Computer Software,Ahmedabad,$1000000,Pre-Series A,Inflection Point Ventures,2021,October
Ola Electric,Automotive,Bangalore,$200000000,,"Falcon Edge, Softbank",2021,October
leap.club,Community,Gurugram,$810000,Pre-Series A,"Enzia Ventures, Kunal Shah",2021,October
F5,Retail,New Delhi,$600000,Pre-Series A,Auxano Capital,2021,October
ForeignAdmits,Higher Education,Bangalore,$400000,Seed,Unicorn India Ventures,2021,October
SALT,Financial Services,Bangalore,$500000,Pre-seed,"Prashant Pansare, Supermorpheus",2021,October
EarnWealth,Financial Services,Pune,$500000,Pre-Series A,,2021,October
Visit Health,"Health, Wellness & Fitness",New Delhi,$7500000,,Docprime Technologies,2021,October
Crater.Club,Media,Bangalore,$700000,Seed,LC Nueva AIF,2021,October
NFTically,NFT,Gurugram,$1000000,Seed,"Nitish Mittersain, Gaurav Munjal",2021,October
ReshaMandi,B2B,Bangalore,$30000000,Series A,"9Unicorns, Venture Catalysts, Sandeep Singhal",2021,October
Zetwerk,Mechanical Or Industrial Engineering,Bangalore,$600000000,,TradeCred,2021,October
Hubilo,Software Startup,Ahmedabad,$125000000,Series B,Alkeon Capital,2021,October
M2P Fintech,Financial Services,Chennai,$35000000,Series C,Tiger Global,2021,October
Open Financial Technologies,Financial Services,Bangalore,$90000000,Series C,"Temasek, Google, SBI Investment",2021,October
Niro,Financial Services,Bangalore,$3500000,Seed,Elevar Equity,2021,October
Wiingy,E-learning,Bangalore,$400000,,Aroa Ventures,2021,October
CarDekho,Automotive,Jaipur,$250000000,Series E,,2021,October
Melorra,D2C jewellery,Bangalore,$24000000,,"9Unicorns, Symphony International Holdings Limited, Value Quest",2021,October
AnKa SumMor,Sales and Distribution,Bangalore,$1000000,Pre-Series A,Inflection Point Ventures,2021,October
Toch.ai,SaaS,Mumbai,$11000000,Series A,,2021,October
Playto Labs,E-learning,Bangalore,$500000,Seed,Inflection Point Ventures,2021,October
Fraazo,Food & Beverages,Mumbai,$50000000,Series B,WestBridge Capital,2021,October
Arcana,Information Technology & Services,Bangalore,$2300000,,"Republic Crypto, Woodstock, DCG, Sahil Lavingia",2021,October
FloCareer,Information Services,Bangalore,$5700000,Series A,Data Point Capital,2021,October
Nap Chief,Apparel & Fashion,Mumbai,$200000,Seed,Titan Capital,2021,October
AcknoLedger,Crypto,Mumbai,$1500000,Seed,"Momentum 6, Basics Capital, Krypital Capital, Shima Capital, Magnus Capital",2021,October
ApplicateAI,Information Technology & Services,Gurugram,$30000000,Series A,,2021,October
VLCC Health Care,"Health, Wellness & Fitness",Gurugram,$4000000,,,2021,October
Duroflex,Furniture,Bangalore,$60000000,,Norwest Venture Partners,2021,October
Aviom India,Financial Services,Bhilwara,$8000000,Series C,Sabre Partners,2021,October
Onato,Computer Software,Bangalore,$2200000,,"Vertex Ventures, Omnivore",2021,October
Mestastop Solutions,Biotechnology,Bangalore,$100000,,CIIE.CO,2021,October
SaaS Labs,SaaS,Noida,$17000000,Series A,"Base 10 Partners, Eight Roads Ventures",2021,October
Devnagri,Translation & Localization,Noida,$600000,Seed,"enture Catalyst, IPV",2021,October
CRED,Finance,Bangalore,$250000000,Series E,"Tiger Global, Falcon Edge",2021,October
ConveGenius,Education Management,Noida,$5000000,Pre-seed,"BAce Capital, Heritas Capital, 3Lines Venture Capital",2021,October
Totality,Entertainment,Gurugram,$1000000,,"Leo Capital, Mayfield Fund",2021,October
CredAble,Financial Services,Mumbai,$30000000,Series B,"Plutus Wealth, Oaks Asset Management",2021,October
MarketWolf,Financial Services,Mumbai,$5500000,Seed,"Anil Thadani, Ashutosh Sinha, Roy van Leeuwen",2021,October
Wondrlab,Marketing & Advertising,Mumbai,$7000000,Pre-series A,"Pi Ventures LLP, Tanas Capital, Prodapt Holdings",2021,October
SUN Mobility,Automotive,Bangalore,$50000000,,Vitol,2021,October
Tamasha,Entertainment,Mumbai,$3000000,Pre-series A,Chiratae Ventures,2021,October
Revfin,Financial Services,New Delhi,$4000000,Pre-series A,"Ruchirans Jaipuria, Rishi Kajaria",2021,October
Yu Foodlabs,Food & Beverages,Gurugram,$1000000,Pre-series A,"Manish Choksi, Varun Vakil",2021,October
MergerDomo,Investment Banking,New Delhi,$500000,,Nadir B Godrej,2021,October
FarMart,Farming,Gurugram,$10000000,Series A,Matrix Partners India,2021,October
Questt,EdTech,Gurugram,$6750000,Series A,Celesta Capital,2021,October
IDfy,Information Technology & Services,Mumbai,$10000000,Series D,"TransUnion, Blume Ventures",2021,October
ClearDekho,Retail,Ghaziabad,$4000000,Pre-series A,Aroa Ventures,2021,October
BookingJini,Hospitality,Gurugram,$1200000,Pre-series A,Mumbai Angels Network,2021,October
Sourcewiz,Information Technology & Services,Gurugram,$3000000,Seed,"Blume, Alpha Wave Incubation",2021,October
Tvasta,Mechanical Or Industrial Engineering,Chennai,$400000,,Habitat for Humanity International,2021,October
Kafqa Academy,E-learning,Bangalore,$1300000,Seed,"Global Founders Capital, Enzia Ventures, Better Capital",2021,October
Trell,Social commerce,Bangalore,$100000000,,Amazon,2021,October
Storia,Food & Beverages,Mumbai,$6000000,Series A,Sixth Sense Ventures,2021,October
Clear,Computer Software,Bangalore,$75000000,Series C,"Kora Capital, Stripe, Alua Capital",2021,October
Groww,Finance,Bangalore,$250000000,Series E,Iconiq Growth,2021,October
The Indus Valley,Consumer Goods,Chennai,$1100000,,"Rukam Capital, DSG Consumer Partners, The Chennai Angels",2021,October
BharatPe,Financial Services,New Delhi,$10000000,,MAS Financial Services,2021,October
Teachmint,E-learning,Bangalore,$78000000,Series B,"Rocketship.vc, Vulcan Capital",2021,October
Porter,Logistics & Supply Chain,Bangalore,$100000000,Series E,"Tiger Global, Vitruvian Partners",2021,October
O4S,Information Technology & Services,Gurugram,$6000000,Series A,"Think Investments, Venture Highway",2021,October
Wobb,Marketing,Gurugram,$200000,Pre-seed,"Alok Kohli, Sanjeev Bhargava",2021,October
BASIC Home Loan,Financial Services,Gurugram,$3500000,Series A,"Venture Catalysts, Gruhas Proptech",2021,October
Siply,Financial Services,Bangalore,$3200000,Pre-series A,"LetsVenture, AngelList India, Founder's Room Circle",2021,October
BankSathi,Financial Services,New Delhi,$500000,,"Dinesh Godara, Anuj Ahuja, Aditya",2021,October
Gramophone,AgriTech,Indore,$10000000,,Z3Partners,2021,October
Healofy,Femtech,Bangalore,$6000000,Series B,"Celesta Capital, Omidyar Network India",2021,October
E42,Computer Software,Pune,$5400000,Series A,Pavestone Ventures,2021,October
Spottabl,Human Resources,Bangalore,$400000,Seed,"LetsVenture, Paradigm Shift VC, Binny Bansal",2021,October
DeHaat,Information Technology & Services,Gurugram,$115000000,Series D,"Sofina, Lightrock India, Temasek",2021,October
Shumee,Retail,Bangalore,$Undisclosed,,Dia Mirza,2021,October
Zolve,Financial Services,Bangalore,$40000000,Series A,DST Global,2021,October
Instoried,Computer Software,Bangalore,$8000000,,"Pritt Investment Partners, 9Unicorns",2021,October
SportZchain,sports,Mumbai,$400000,Pre-seed,"Darq Capital, Jagadeesh Atukuri",2021,October
Hypto,Tech startup,Chennai,$3000000,Seed,Stellaris Venture Partners,2021,October
CHUPPS,Foootwear,Mumbai,$1100000,Pre-series A,Venture Catalysts,2021,October
Zenduty,Computer Software,Bangalore,$1900000,Pre-series A,StartupXseed Ventures,2021,October
R for Rabbit,Consumer Goods,Ahmedabad,$5000000,,Xponentia Capital Partners,2021,October
Acko,Insurance,Bangalore,$255000000,Series D,"General Atlantic, Multiples",2021,October
LoveLocal,Retail,Mumbai,$18000000,Pre-series B,Vulcan Capital,2021,October
SupplyNote,Food & Beverages,Noida,$1200000,Pre-series A,Venture Catalysts,2021,October
Vakilsearch,Legal Services,Chennai,$10000000,,InCorp India,2021,October
Cloudphysician,Hospital & Health Care,Bangalore,$4000000,Pre-series A,Elevar Equity,2021,October
Wiggles.in,Veterinary,Pune,$5500000,Pre-series A,Anthill Ventures,2021,October
Avanti Finance,Financial Services,Bangalore,$15000000,Series A2,"Oikocredit, Nomura, The Bill & Melinda Gates Foundation",2021,October
Vanity Wagon,Consumer Goods,New Delhi,$700000,Pre-series A,Inflection Point Ventures,2021,October
Purplle,E-commerce,Mumbai,$70000000,,Kedaara,2021,October
Wallmantra,Arts & Crafts,Noida,$Undisclosed,,Velocity,2021,October
MFine,Hospital & Health Care,Bangalore,$48000000,Series C,"Moore Strategic Ventures, BEENEXT",2021,September
Aquatein,Food & Beverages,Mumbai,$Undisclosed,Seed,Eaglewings Ventures,2021,September
Mentza,E-learning,Mumbai,$400000,Seed,Inflection Point Ventures,2021,September
ConnectedH,Hospital & Health Care,Gurugram,$2300000,Seed,"Kalaari Capital, Incubate Fund India",2021,September
CredAvenue,FinTech,Chennai,$90000000,Series A,"Sequoia Capital, Lightspeed, TVS Capital Funds",2021,September
Vedantu,E-learning,Bangalore,$100000000,Series E,ABC World Asia,2021,September
Exotel,Telecommunications,Bangalore,$35000000,Series C,"IIFL AMC, Sistema Asia Fund, CX Partners, Singularity Growth Opportunities Fund",2021,September
Fantasy Akhada,sports,Gurugram,$2000000,Series A,Prime Securities Limited,2021,September
Meesho,Social commerce,Bangalore,$570000000,,"Fidelity, B Capital",2021,September
PumPumPum,Automotive,Gurugram,$Undisclosed,,LC Nueva AIF,2021,September
Cusmat,Computer Software,Hyderabad,$100000,Pre-series A,We Founder Circle,2021,September
Homeville,Information Technology & Services,Mumbai,$7000000,,"9Unicorns, Varanium NexGen Fund",2021,September
Coinshift,Blockchain,Chandigarh,$2500000,Seed,"Sequoia Capital, Sandeep Nailwal",2021,September
Strip Finance,Financial Services,Hyderabad,$400000,Seed,"Old Fashion Research, Nothing Research, Tenzor capital",2021,September
Ola Electric,Automotive,Bangalore,$200000000,,"Falcon Edge, Softbank",2021,September
Kolo,Construction,Bangalore,$550000,Pre-seed,Better Capital,2021,September
Chqbook,FinTech,Gurugram,$5000000,Pre-series B,"Aavishkaar Capital, Rajiv Dadlani Group",2021,September
My3DSelfie,Arts & Crafts,Guwahati,$Undisclosed,Pre-series A,"NEVF, AccelNest",2021,September
EV Plugs,Information Technology & Services,Gurugram,$150000,,,2021,September
Rulezero,Financial Services,Bangalore,$2500000,Seed,The Treasury,2021,September
CredRight,Financial Services,Hyderabad,$2700000,,"9Unicorns, Spearhead Capital, Venture Catalysts",2021,September
Karbon Card,FinTech,Bangalore,$12000000,Pre-series A,"Ramp, Rainfall Ventures, Roka Works, Y Combinator",2021,September
Auntie Fung,Food & Beverages,Bangalore,$400000,,India Angel Network,2021,September
ePayLater,Financial Services,Mumbai,$10000000,Series B,"Responsibility, Blue Ashva Capital, Pravega Ventures",2021,September
Fittr,"Health, Wellness & Fitness",Pune,$11000000,Series A,"Dream Capital, Elysian Park Ventures",2021,September
Medikabazaar,Healthtech,Mumbai,$75000000,Series C,"CDC Group, Creaegis",2021,September
Nimble Growth Organics,Farming,Bangalore,$Undisclosed,Seed,,2021,September
Delhivery,Logistics & Supply Chain,Gurugram,$125000000,,"Lee Fixel’s venture capital firm, Addition",2021,September
Akudo,Financial Services,Bangalore,$4200000,Seed,"Y Combinator, JAFCO Asia, Incubate Fund India, marquee angels",2021,September
Sanctum Wealth,Investment Management,Mumbai,$10000000,,The Xander Group,2021,September
88academics,Education,New Delhi,$3000000,Pre-series A,Aarin Capital,2021,September
Upgame,sports,Gurugram,$Undisclosed,,"James Milner, Adam Lallana",2021,September
Sanfe,"Health, Wellness & Fitness",New Delhi,$1000000,Series A,"LetsVenture, Ajay Garg, Tarun Sharma",2021,September
PredictiVu,Management Consulting,Gurugram,$1500000,Pre-seed,Kunal Sarkar,2021,September
Sterling Accuris Wellness,Hospital & Health Care,Ahmedabad,$30000000,,Morgan Stanley Private Equity Asia,2021,September
Bijnis,B2B startup,New Delhi,$30000000,Series B,Westbridge Capital,2021,September
Capital Float,Financial Services,Bangalore,$50000000,,Lightrock India,2021,September
Manch Technologies,Information Technology & Services,Bangalore,$1000000,Pre-series A,Bharat Inclusion,2021,September
Sochcast,Sochcast is an Audio experiences company that give the listener and creators an Immersive Audio experience,Online Media #REF!,,,$Undisclosed,2021,September
Glamyo Health,Hospital & Health Care,New Delhi,$3000000,Series A,Ananta Capital,2021,September
CashBook,FinTech,Gurugram,$2300000,Seed,"JAM, Better Tomorrow Ventures",2021,September
The Money Club,Financial Services,Noida,$1700000,Pre-series A,"SOSV, Venture Catalysts",2021,September
SuperZop,Retail,Mumbai,$4000000,Series A,Incofin’s India Progress Fund,2021,September
Zypp Electric,Logistics & Supply Chain,Gurugram,$7000000,Series A,"9Unicorns, Anthill Ventures",2021,September
Alpha Coach,Professional Training & Coaching,Mumbai,$1200000,,Jani Ventures INC,2021,September
VRO Hospitality,Hospitality,Bangalore,$3000000,Series A,CreedCap Asia Advisors,2021,September
byteXL,E-learning,Hyderabad,$200000,,Joseph Joy,2021,September
Leena AI,Computer Software,Gurugram,$30000000,Series B,Bessemer Venture Partners,2021,September
CARS24,Automotive,Gurugram,$450000000,Series F,"DST Global, Falcon Edge, SoftBank Vision Fund 2",2021,September
Klub,Financial Services,Bangalore,$2000000,Debt,Trifecta Capital,2021,September
Bluepad,Online Media,Bangalore,$200000,Pre-seed,"Titan Capital, AngelList's syndicate",2021,September
FloBiz,Information Technology & Services,Bangalore,$31000000,Series B,Sequoia Capital India,2021,September
Tummoc,Mobility,Bangalore,$540000,Seed,"Vineet Singh, Krishna D, Deependra Bisht, Alan Aim",2021,September
Design Cafe,Design,Bangalore,$25000000,,"Westbridge Capital, Sixth Sense Ventures",2021,September
PayCardo,Financial Services,Pune,$Undisclosed,Pre-seed,MaGEHold,2021,September
Aerchain,Computer Software,Bangalore,$3000000,Pre-series A,"Season Two Ventures, IndiaMart",2021,September
Expertrons,E-learning,Mumbai,$Undisclosed,,"Kunal Shah, Anant Maheshwari",2021,September
CuriousJr,E-learning,Gurugram,$1000000,Seed,"WaterBridge Ventures, Enzia Ventures",2021,September
Wow! Momo,Food & Beverages,Kolkata,$15000000,Series C,Tree Line Investment Management,2021,September
Supertails,Consumer Services,Bangalore,$700000,,Alteria Capital,2021,September
LifeCell,Biotechnology,Chennai,$30000000,,Orbimed Asia Partners,2021,September
ZestMoney,Financial Services,Bangalore,$50000000,Series C,Zip Co,2021,September
FrontRow,E-learning,Bangalore,$14000000,Series A,"Eight Roads Ventures, GSV",2021,September
HappyCredit,FinTech,Bangalore,$600000,Pre-seed,"Kunal Shah, Krishna Kumar",2021,September
Endimension,Healtcare,Mumbai,$300000,Seed,Inflection Point Ventures,2021,September
Frenzi,Online Media,Mumbai,$Undisclosed,Seed,SucSEED Indovation Fund,2021,September
Leverage Edu,Higher Education,New Delhi,$Undisclosed,,"Vijay Shekhar Sharma, Rohit Kapoor, Amanpreet Bajaj, Lalit Singh",2021,September
BeepKart,Automotive,Bangalore,$3000000,Seed,"Stellaris Venture Partners, Chiratae Ventures",2021,September
Lio,Computer Software,Pune,$5000000,Seed,"Lightspeed, Sequioa",2021,September
TravClan,B2B Travel,New Delhi,$2200000,Pre-series A,TheVentures,2021,September
WickedGud,Food & Beverages,Mumbai,$340000,Pre-seed,"Titan Capital, Archana Priyadarshini, Gaurav Ahuja",2021,September
Enercomp,Information Technology & Services,Ahmedabad,$200000,,ah! Ventures,2021,September
BetterPlace,Information Technology & Services,Bangalore,$24000000,Series C,"Jungle Ventures, CX Partners",2021,September
Medpho,Hospital & Health Care,Noida,$1000000,,"Cygnus Medicare Group, Probal Ghoshal, Shuchin Bajaj",2021,September
LivQuik Technology,Financial Services,Mumbai,$4000000,,M2P Fintech,2021,September
EventBeep,EdTech,Pune,$,,"SucSEED Indovation Fund, Uincept, Palimala Ventures",2021,September
GTM Buddy,Computer Software,Hyderabad,$2000000,Seed,Stellaris Venture Partners,2021,September
Gobbly,Retail,Gurugram,$900000,Pre-series A,"Anicut Angel Fund, Sauce.VC",2021,September
HexaHealth,Healthtech,Mumbai,$4500000,Seed,"Omidyar Network India, Chiratae Ventures",2021,September
Eupheus Learning,E-learning,New Delhi,$10000000,Series C,Lightrock India,2021,September
Easiloan,FinTech,Mumbai,$1000000,,Tomorrow Capital,2021,September
Anar,Information Technology & Services,Mumbai,$6200000,Seed,"Elevation Capital, Accel India",2021,September
Shadez,Consumer Services,Mumbai,$200000,Pre-series A,Inflection Point Ventures,2021,September
Vahan,Information Technology & Services,Bangalore,$8000000,Series A,Khosla Ventures,2021,September
MPL,Sports,Bangalore,$,Series E,Legatum Capital,2021,September
Tinkerly,EdTech,Jaipur,$800000,,Navneet Education,2021,September
Godamwale,Logistics & Supply Chain,Mumbai,Seed,,1000000 #REF!,2021,September
Artium Academy,Music,Mumbai,$750000,Seed,"Sonu Nigam, Whiteboard Capital",2021,September
Awon GameZ,Gaming,Noida,$2000000,Seed,Aditya Duggar,2021,September
Ayu Health,"Health, Wellness & Fitness",Bangalore,$6300000,Series A,"Vertex Ventures, Stellaris Venture Partners",2021,September
Apna,Recruitment,Bangalore,$100000000,Series C,Tiger Global,2021,September
BharatAgri,AgriTech,Bangalore,$6500000,Series A,"Omnivore, India Quotient",2021,September
Flatheads,Apparel & Fashion,Bangalore,$1000000,Pre-series A,"We Founder Circle, Dexter Angels",2021,September
Boutique Spirit Brands,Wine & Spirits,New Delhi,$10000000,,"IIFL﻿, ﻿Anicut Angel Fund﻿, ﻿Kae Capital﻿, TradeCred",2021,September
eShipz,SaaS startup,Bangalore,$700000,,"Indian Angel Network, Axilor",2021,September
Pine Labs,Information Technology & Services,Noida,$100000000,,Invesco Developing Markets Fund,2021,September
Paytail,Financial Services,New Delhi,$1500000,Seed,Cholamandalam,2021,September
4Fin,Financial Services,Pune,$1100000,Pre-seed,Curesense Therapeutics,2021,September
Atomberg Technologies,Consumer Electronics,Mumbai,$Undisclosed,,Ka Enterprises,2021,September
Genext Students,EdTech,Mumbai,$Undisclosed,,Navneet Education,2021,September
immunitoAI,Biotechnology,Bangalore,$1000000,Seed,pi Ventures,2021,September
GameEon Studios,Computer Games,Mumbai,$320000,,Mumbai Angels Network,2021,September
Farmers Fresh Zone,AgriTech,Kochi,$800000,Pre-series A,"IAN Fund, Malabar Angel Network, Native Angel Network",2021,September
Anveshan,Food Production,Bangalore,$500000,Seed,"DSG Consumer Partners, Titan Capital",2021,September
OckyPocky,EdTech,Gurugram,$Undisclosed,Seed,"Sujeet Kumar, SucSEED Indovation Fund",2021,September
Coutloot,Consumer Services,Mumbai,$8000000,Pre-series,"Ameba Capital, 9Unicorns",2021,September
Nova Benefits,"Health, Wellness & Fitness",Bangalore,$10000000,Series A,"Susquehanna International Group, Bessemer Venture Partners",2021,September
HomeLane,Interior Design,Bangalore,$50000000,Series E,"IIFL AMC, Oman India Joint Investment Fund",2021,September
Lido Learning,E-learning,Mumbai,$10000000,,Unilazer Ventures,2021,September
Jar,FinTech,Bangalore,$4500000,Pre-series A,"Tribe Capital, Arkam Ventures, WEH, Kunal Shah",2021,September
Peppermint,Industrial Automation,Pune,$600000,,"Venture Catalysts, Indian Angel Network",2021,September
moneyHOP,Financial Services,London,$1200000,Seed,,2021,September
Codingal,EdTech,Bangalore,$1200000,Seed,,2021,September
Skit,AI startup,Bangalore,$23000000,Series B,WestBridge Capital,2021,September
Peak,"Manchester, Greater Manchester",Information Technology & Services,$75000000,Series C,SoftBank Vision Fund 2,2021,September
REVOS,Automotive,Bangalore,$4000000,Series A,,2021,September
Dezerv.,Investment Management,Mumbai,$7000000,Seed,"Elevation Capital, Matrix Partners India",2021,September
AppsForBharat,Product studio,Bangalore,$10000000,Series A,Elevation Capital,2021,September
Habbit,EdTech,Bangalore,$320000,Pre-seed,Ashok Goyal,2021,September
Bikayi,E-commerce,Hyderabad,$10000000,Series A,Sequoia Capital India,2021,September
Sugar.fit,Health,Bangalore,$10000000,,"Cure.fit, Endiya Partners, Tanglin Venture",2021,September
Dukaan,Retail,Bangalore,$11000000,Series A,"HOF Capital, Old Well Ventures, LetsVenture, 9Unicorns",2021,September
Vidyakul,EdTech,Gurugram,$500000,Bridge,We Founder Circle,2021,September
Goodmylk,Food & Beverages,Bangalore,$1000000,Seed,"Jinisha Sharma, Aditya Agarwal, Victoria, Abhishek Shroff",2021,September
Fieldproxy,SaaS startup,Chennai,$200000,Seed,"LetsVenture, 2am VC, magic.fund",2021,September
NeuroPixel.AI,Deeptech,Bangalore,$800000,Seed,"Arvind Venugopal Nair, Amritendu Mukherjee",2021,September
Elixia Tech Solutions,Information Technology & Services,Mumbai,$1000000,Pre-series A,Rajasthan Venture Capital Fund,2021,September
bitsCrunch,Blockchain,Chennai,$700000,Seed,"Covalent, Double Peak, GenBlock Capital, Ledger Prime, MEXC Global, Synaps",2021,September
Prolgae,Biotechnology,The Nilgiris,$200000,Seed,Vijayan,2021,September
Biddano,"Health, Wellness & Fitness",Pune,$2000000,Pre-series A1,"Gokul Rajaram, JPIN, Venture Catalysts UK, AngelList",2021,September
Geniemode,B2B,Gurugram,$2000000,,Info Edge Ventures,2021,September
Sapio Analytics,Computer Software,Mumbai,$Undisclosed,,"Rachit Poddar, Rajesh Gupta",2021,September
Neokred,FinTech,Bangalore,$500000,Seed,"Virenxia Group, Rajesh Jain, Nitin Agarwal",2021,September
Delhivery,Logistics & Supply Chain,Gurugram,$76000000,Series I,Addition,2021,September
Flipspaces,Design,Mumbai,$2000000,Pre-series B,Prashasta Seth,2021,September
Fleek,Internet,Bangalore,$1000000,Seed,Axilor,2021,September
GoKwik,Information Technology & Services,New Delhi,$5000000,Pre-series A,"Matrix Partners India, Jitendra Gupta, RTP Global",2021,September
Proeon,Food Production,Pune,$2000000,Seed,"Shaival Desai, Flowstate Ventures",2021,September
InfyU Labs,AgriTech,Gandhinagar,$200000,Seed,IAN,2021,September
TechEagle,Aviation & Aerospace,Gurugram,$500000,Seed,India Accelerator,2021,September
Voxelgrids,Deeptech,Bangalore,$5000000,,Zoho,2021,September
Cogos Technologies,Logistics & Supply Chain,Bangalore,$2000000,Pre-series A,Transworld Group,2021,September
Gigforce,Staffing & Recruiting,Gurugram,$3000000,Pre-series A,Endiya Partners,2021,September
Vahdam,Food & Beverages,New Delhi,$20000000,Series D,IIFL AMC,2021,September
Leap Finance,Financial Services,Bangalore,$55000000,Series C,Owl Ventures,2021,September
CollegeDekho,EdTech,Gurugram,$26000000,Series B,"Winter Capital, ETS, Man Capital",2021,September
WeRize,Financial Services,Bangalore,$8000000,Series A,"3one4 Capital, Kalaari Capital",2021,September
Karbon Card,FinTech,Bangalore,$Undisclosed,,Y Combinator,2021,August
Factors.AI,SaaS startup,Bangalore,$2000000,,"Elevation Partners, Emergent Ventures",2021,August
Elevar,Sports,Mumbai,$2000000,,"Kalaari Capital, Dream Capital",2021,August
Studio Sirah,Computer Games,Bangalore,$800000,,Lumikai,2021,August
OTO Capital,FinTech,Mumbai,$6000000,,Matrix Partners India,2021,August
1Bridge,Consumer Goods,Bangalore,$2500000,,C4D Partners,2021,August
Skeps,FinTech,Gurugram,$9500000,,Bertelsmann India,2021,August
Curefoods,Food & Beverages,Bangalore,$13000000,,"Iron Pillar, Nordstar, Binny Bansal",2021,August
TartanSense,Information Technology,Bangalore,$5000000,,"FMC, Omnivore, Blume Ventures",2021,August
Bewakoof,Apparel & Fashion,Mumbai,$8000000,,InvestCorp,2021,August
Kirana247,Logistics & Supply Chain,New Delhi,$1000000,,,2021,August
FanPlay,Computer Games,Computer Games,Upsparks,$1200000,"Pritesh Kumar, Bharat Gupta",2021,August
NeoDocs,Healthtech,Mumbai,$Undisclosed,,"Y Combinator, 9Unicorns, Titan Capital",2021,August
IsGoingOnline,Retail,Cochin,$200000,,"Unicorn India Ventures, SEA Fund, Devdatt Shah",2021,August
Camp K12,EdTech,Gurugram,$12000000,,"Matrix Partners India, Elevation Capital",2021,August
Elda Health,Healthcare,Bangalore,$1500000,,"Avaana Capital, Orios Ventures",2021,August
Sporjo,SportsTech,Mumbai,$2000000,,Punit Balan,2021,August
Advantage Club,HRTech,Mumbai,$1700000,,"Y Combinator, Broom Ventures, Kunal Shah",2021,August
SuperGaming,Gaming,Pune,$5500000,,"Skycatcher, AET Fund, BAce Capital, Dream Incubator, 1Up Ventures",2021,August
Ruptok,FinTech,New Delhi,$1000000,,Eclear Leasing,2021,August
TartanSense,Information Technology,Bangalore,$5000000,Series A,"FMC, Omnivore, Blume Ventures",2021,August
Kirana247,Logistics & Supply Chain,New Delhi,$1000000,Pre-series A,,2021,August
NeoDocs,Healthtech,Mumbai,$Undisclosed,Pre-seed,"Y Combinator, 9Unicorns, Titan Capital",2021,August
IsGoingOnline,Retail,Cochin,$200000,Pre-series A,"Unicorn India Ventures, SEA Fund, Devdatt Shah",2021,August
Camp K12,EdTech,Gurugram,$12000000,Series A,"Matrix Partners India, Elevation Capital",2021,August
Elda Health,Healthcare,Bangalore,$1500000,Seed,"Avaana Capital, Orios Ventures",2021,August
Sporjo,SportsTech,Mumbai,$2000000,Pre-series A,Punit Balan,2021,August
SuperGaming,Gaming,Pune,$5500000,Series A,"Skycatcher, AET Fund, BAce Capital, Dream Incubator, 1Up Ventures",2021,August
O’ Be Cocktails,Wine & Spirits,Bangalore,$400000,,"First Cheque, Letsventure",2021,August
Zetwerk,Mechanical & Industrial Engineering,Bangalore,$150000000,Series E,,2021,August
AppsForBharat,Spiritual,Bangalore,$4000000,Seed,"Sequoia Capital India, BEENEXT",2021,August
Imagimake,Consumer Goods,Mumbai,$Undisclosed,,Velocity,2021,August
Khatabook,Financial Services,Bangalore,$100000000,Series C,"Tribe Capital, Moore Strategic Ventures (MSV)",2021,August
Smytten,Consumer Goods,Gurugram,$6000000,Series A,Fireside Ventures,2021,August
Syook,Industrial Automation,Bangalore,$1000000,Series A,"Inflection Point Ventures, ONGC",2021,August
Akudo,FinTech,Bangalore,$Undisclosed,Pre-Seed,"Y Combinator, Incubate Fund India",2021,August
NOTO,Consumer Goods,Mumbai,$500000,Pre-Series A,"Titan Capital, Rockstud Capital, John Abraham, WEH Ventures",2021,August
Lumiq,Information Technology,Noida,$2000000,Seed,Info Edge Ventures,2021,August
CommerceUp,Information Technology,Gurugram,$Undisclosed,Seed,NB Ventures,2021,August
Breathe Well-being,Health,Gurugram,$5500000,Series A,Accel,2021,August
Hike,Information Technology,New Delhi,$Undisclosed,,"Binny Bansal, Kunal Shah",2021,August
House of Kieraya,Lifestyle,Bangalore,$15000000,,TradeCred,2021,August
goEgoNetwork,Automotive,Pune,$2000000,,,2021,August
Probus,IoT,New Delhi,$500000,Bridge,Unicorn India Ventures,2021,August
DrinkPrime,Consumer Goods,Bangalore,$1000000,,"UC Inclusive Credit, Western Capital",2021,August
Smart Express,Logistics,Mumbai,$10000000,Seed,"IIFL India Private Equity Fund, Smiti Holding & Trading Company",2021,August
Smallcase,FinTech,Bangalore,$40000000,Series C,Faering Capital,2021,August
SATYA MicroCapital,Banking,New Delhi,$10000000,,"responsAbility Investments, Blue Orchard",2021,August
Snack Amor,Food & Beverages,Mumbai,$Undisclosed,,"Sanchit Agarwal, Sujan Sinha, Michael Cooke",2021,August
Postman,Computer software,Bangalore,$225000000,Series D,"CRV, Nexus Venture Partners",2021,August
Hashnode,Computer software,Bangalore,$6700000,Series A,"Salesforce Ventures, Sierra Ventures, Sequoia Capital India’s Surge",2021,August
RACEnergy,Automotive,Hyderabad,$1300000,Seed+,"Micelio Fund, growX ventures",2021,August
BharatPe,FinTech,New Delhi,$20000000,Debt,"IIFL Wealth, Asset Management, Northern Arc Capital",2021,August
Gyde,Computer software,Pune,$250000,Seed,"Better Capital, Ashish Achrekar",2021,August
BatteryPool,Automotive,Pune,$Undisclosed,Seed,IAN,2021,August
AgNext,AgriTech,Chandigarh,$21000000,Series A,Alpha Wave Incubation,2021,August
Xpresslane,Tech startup,Bangalore,$400000,Pre-seed,"Point One Capital, Yatra Angel Network (YAN), Opus Consulting, Manipal Technologies.",2021,August
LoanKuber,Digital mortgage,New Delhi,$1200000,Pre-Series A,,2021,August
OYO,Hospitality,Gurugram,$5000000,Series F2,Microsoft,2021,August
Rapido,Information Technology & Services,Bangalore,$52000000,,"Shell Ventures, Yamaha, Kunal Shah",2021,August
YPay,Fintech,Noida,$400000,,We Founder Circle,2021,August
SleepyCat,Furniture,Mumbai,$3800000,,"Saama Capital, DSG Consumer Partners, Sharrp Ventures",2021,August
Ultrahuman,Healthcare,Bangalore,$17500000,,Tiger Global’s Scott Schleifer,2021,August
UpScalio,E-commerce,Gurugram,$42000000,,,2021,August
Yellow Class,EdTech,Gurugram,$6000000,,Elevation Capital,2021,August
Yojak,B2B marketplace,Gurugram,$3800000,,Info Edge Ventures,2021,August
CreatorStack,Computer software,Bangalore,$2000000,,Accel,2021,August
Expertrons,EdTech,Mumbai,$2300000,,"Venture Catalysts, Auxano Capital, Venture Garage, Yoga Capital, Ah!Ventures, Lead Angels",2021,August
Rage Coffee,Food & Beverages,New Delhi,$5000000,,Sixth Sense Ventures,2021,August
Klub,Financial Services,Bangalore,$20000000,,"9Unicorns, Sequoia Capital India’s Surge",2021,August
Navia Life Care,Healtcare,New Delhi,$1000000,,"Anicut Angel Fund, 9 Unicorns",2021,August
1K Kirana Bazaar,Retail,Gurugram,$7000000,,"Info Edge, FalconEdge",2021,August
Zupee,Gaming,Gurugram,$30000000,,"WestCap Group, Tomales Bay Capital",2021,August
Locale.ai,Location Analytics,Bangalore,$1000000,,"Chiratae Ventures, Better Capital",2021,August
VerSe Innovation,Media,Bangalore,$450000000,,"Siguler Guff, Baillie Gifford",2021,August
MetroRide,Transportation,Bangalore,$Undisclosed,,,2021,August
Miko,Consumer Electronics,Mumbai,$28000000,,"IIFL AMC, Mankind Pharma Family Office, Aroa Ventures",2021,August
Whiz League,EdTech,New Delhi,$300000,,ITI Growth Opportunities,2021,August
Hash,Tobacco,New Delhi,$3500000,,Amrac Investment Trust,2021,August
Unacademy,EdTech,Bangalore,$Undisclosed,,Bhavin Turakhia,2021,August
Log 9 Materials,Deeptech,Bangalore,$8500000,Series A+,Amara Raja Batteries,2021,August
upGrad,EdTech,Mumbai,$25000000,,India Infoline Finance,2021,August
FlashPrep,EdTech,Bangalore,$500000,Pre-seed,Venture Highway,2021,August
Kenko Health,Insuretech,Mumbai,$1700000,Pre-series A,"BEENEXT, Orios",2021,August
Wiz Freight,Logistics & Supply Chain,Chennai,$3500000,Seed,Axilor,2021,August
Credgenics,Financial Services,New Delhi,$25000000,Series A,"Westbridge Capital, Tanglin Venture Partners",2021,August
BlueLearn,EdTech,Goa,$400000,Pre-seed,"100X.VC﻿,﻿ Titan Capital, Rahul Mathur, Gaurav Mandlecha",2021,August
NimbleBox.ai,MLOps platform,Chennai,$1000000,Seed,Venture Catalysts,2021,August
Pickrr,Logistics & Supply Chain,Gurugram,$12000000,Series B,"IIFL, Amicus Capital, Ananta Capital",2021,August
Stellaris Venture Partners,Venture Capital,Bangalore,$225000000,,,2021,August
Grip Invest,Financial Services,Gurugram,$3000000,Series A,"Venture Highway, Endiya Partners",2021,August
Heads Up For Tails,Pet care,New Delhi,$37000000,Series A,"Verlinvest, Sequoia Capital India",2021,August
Blue Tokai Coffee Roasters,Food & Beverages,New Delhi,$2000000,Pre-series B,Anicut Angel Fund,2021,August
Neeman,Consumer Goods,Hyderabad,$2000000,Series A,Sixth Sense Ventures,2021,August
BharatPe,FinTech,New Delhi,$370000000,Series E,Tiger Global,2021,August
GoSats,FinTech,Bangalore,$700000,Seed,"Alphabit Fund, Fulgur Ventures, Stacks Accelerator, SBX Capital",2021,August
StockGro,FinTech,Bangalore,$5000000,Pre-series A,"Roots Ventures, Velo Partners",2021,August
Onsurity,Healthcare,Bangalore,$16000000,Series A,Nexus Venture Partners,2021,August
Khabri,Media,Gurugram,$2000000,Pre-series A,,2021,August
Celcius,Logistics,Mumbai,$500000,,"Mumbai Angels Network, Huddle, Lumis Partners",2021,August
AyuRythm,Healthcare,Bangalore,$undisclosed,Seed,SucSEED Indovation Fund,2021,August
Enguru,EdTech,Bangalore,$undisclosed,Pre-series A,"Potencia Ventures, Bisk Ventures, LetsVenture, Ronnie Screwvala, Arihant Patni",2021,August
Rocket Skills,EdTech,Gurugram,$200000,Pre-seed,"Better Capital, First Cheque, Titan Capital",2021,August
RenewBuy,FinTech,Gurugram,$10000000,Series C,Evolvence Capital,2021,August
Faarms,AgriTech,Bangalore,$2000000,Seed,,2021,August
UrbanMatrix Technologies,Drone,Chennai,$100000,,SARA ELGI,2021,August
Jupiter,Banking,Mumbai,$44000000,Series B,"Nubank, Global Founders Capital, Sequoia Capital India, Matrix Partners India",2021,August
Pixuate,DeepTech,Bangalore,$1000000,Seed,SucSEED Indovation Fund,2021,August
Playo,SportsTech,Bangalore,$500000,Pre-series A,ah! Ventures High Tables,2021,August
Toothsi,Health,Mumbai,$20000000,Series B,"Eight Roads Ventures, Think Investments, Mankekar Family Office",2021,August
Soothe Healthcare,Consumer Goods,New Delhi,$10000000,Series C,A91 Partners,2021,August
Goodmeetings,Computer software,Bangalore,$1700000,Series A,Chiratae Ventures,2021,August
Apnaklub,Wholesale,Bangalore,$3500000,Seed,Sequoia’s Surge,2021,August
ChefKart,Consumer Goods,Gurugram,$300000,Pre-seed,"Lead Angels, Titan Capital, Pravega Ventures",2021,August
Fashinza,Apparel & Fashion,Gurugram,$20000000,Series A,"Accel Partners, Elevation Capital",2021,August
Fabheads,Industrial Automation,Chennai,$undisclosed,Pre-series A,"Inflection Point Ventures, Rockstud Capital, FirstPort Capital, Bliss Flow Investments Pvt Ltd",2021,August
QuickShift,Logistics & Supply Chain,Pune,$770000,Seed,"Anicut Angel Fund, Axilor Ventures",2021,August
StackBOX,Logistics & Supply Chain,Bangalore,$1200000,,"Ecosystem Ventures, CMM group",2021,August
MedPrime Technologies,Healthcare,Thane,$undisclosed,Seed,"Mumbai Angels Network, Social Alpha",2021,August
infra.market,Construction,Thane,$125000000,Series D,Tiger Global,2021,August
SP Robotic Works,EdTech,Chennai,$3000000,Series A,Mount Judi India Growth Fund,2021,July
3SC,Logistics,Gurugram,$15000000,Series B,GEF Capital’s South Asia Fund,2021,July
Chai Waale,Food & Beverages,Chennai,$600000,,"Sunil Sethia, Sunil Kumar Singhvi, Manish Mardia",2021,July
Minimalist,Cosmetics,Jaipur,$10000000,Series A,Sequoia Capital,2021,July
Biconomy,Blockchain,New Delhi,$9000000,,"Mechanism Capital, DACM",2021,July
Fixcraft,Automotive,Gurugram,$1000000,Pre-series A,,2021,July
Slice,Financial Services,Bangalore,$10000000,,"Northern Arc Capital, Niyogin Fintech Limited, Credit Saison India, Vivriti Capital",2021,July
90+ My Tuition App,EdTech,Bangalore,$5000000,Series A,Pearl Investment LLC,2021,July
Wasabi,Consulting,Bangalore,$1800000,Seed,"021 Capital, Sparrow Capital",2021,July
Strata,Real Estate,Bangalore,$6000000,Series A,"Kotak Investment Advisors Limited, Gruhas Proptech",2021,July
Ourbetterplanet,E-commerce,Bangalore,$300000,Seed,VANS Group,2021,July
Murf.ai,SaaS startup,Bangalore,$1500000,Seed,Elevation Capital,2021,July
JetSynthesys,Media,Pune,$2000000,,Sachin Tendulkar,2021,July
MYFITNESS,Fitness,Silvassa,$1000000,Seed,9Unicorns,2021,July
I am Love,Healthcare,Mumbai,$4000000,Seed,Xentel Investments,2021,July
MyGlamm,D2C,Mumbai,$40000000,,Accel Partners,2021,July
Gumlet,IT,Bangalore,$1600000,,Sequoia’s Surge,2021,July
Eloelo,Gaming,Bangalore,$2000000,Pre-series A,"Waterbridge, Lumikai",2021,July
Edukemy,EdTech,Noida,$2000000,Pre-series A,"Auxano, Falcon5",2021,July
Zingbus,Mobility,Gurugram,$5000000,Pre-series A,Infoedge ventures,2021,July
NewsReach,Media,Ahmedabad,$300000,Seed,JITO Angel Network,2021,July
Pencilton,FinTech,Hyderabad,$330000,Pre-seed,Jupiter,2021,July
Bandhoo,IT,Gurugram,$1000000,,Unitus Ventures,2021,July
ixigo,IT,Gurugram,$53000000,,"GIC, Infoedge",2021,July
The Whole Truth,Food & Beverages,Mumbai,$6000000,Series A,Sequoia Capital,2021,July
Insane AI,Fitness,Bangalore,$800000,Seed,pi Ventures,2021,July
Learn4o Technology,E-learning,Jaipur,$undisclosed,Seed,IAN,2021,July
Droom,Automobile,Gurugram,$200000000,,,2021,July
Skymet,Environmental Services,Noida,$1000000,,"Northern Arc, Caspian Impact Investments",2021,July
Go Swift,Consumer Services,Bangalore,$2000000,Pre-series A,Kalaari Capital,2021,July
Mamaearth,Healthcare,Gurugram,$50000000,,Sofina Ventures SA,2021,July
G.O.A.T,D2C,Bangalore,$36000000,Series A,"Tiger Global, Flipkart Ventures",2021,July
Keeros,Food & Beverages,Lucknow,$Undisclosed,Pre-series A,Venture Catalysts,2021,July
ReDesyn,Merchandise,Mumbai,$300000,Pre-series A,Anthill Ventures,2021,July
Inspacco,Facilities Services,Pune,$200000,,,2021,July
Knorish,EdTech,Gurugram,$1000000,Pre-series A,"Inflection Point Ventures, Rockstud Capital, Pentathlon Ventures, Prophetic Ventures syndicate",2021,July
Dozee,Healthcare,Bangalore,$5000000,Series A,Prime VP,2021,July
BlackBuck,Logistics & Supply Chain,Bangalore,$67000000,Series E,"Tribe Capital, IFC Emerging Asia Fund, VEF",2021,July
Mailmodo,Marketing & Advertising,Bangalore,$2000000,Seed,"Sequoia’s Surge, Y Combinator",2021,July
SuperBeings,Computer software,Bangalore,$Undisclosed,Seed,Endiya Partners,2021,July
NirogStreet,Healthcare,New Delhi,$2500000,Series A,"Gokul Rajaram, Pureland Venture, Wavemaker Partners",2021,July
Hyreo,Human Resources,Thiruvananthapuram,$Undisclosed,Pre-series A,Callapina Capital,2021,July
GODI Energy,Automotive,Hyderabad,$Undisclosed,,Blue Ashva Capital,2021,July
Even,Healthcare,Bangalore,$5000000,Seed,Khosla Ventures,2021,July
Captain Fresh,Logistics,Bangalore,$12000000,Series A,"Accel Partners, Matrix India",2021,July
Otipy,Food & Beverages,Gurugram,$10200000,Series A,"Omidyar Network India, Innoven Capital",2021,July
Lenskart,Eyewear,Faridabad,$220000000,,"Temasek, Falcon Edge",2021,July
Eka.care,Healthcare,Bangalore,$4500000,,"Deep Kalra, Ashish Kashyap, Rajesh Magow",2021,July
Braingroom,EdTech,Chennai,$200000,,"IAN, Social Alpha, Startup Oasis",2021,July
Edvizo,Consumer Services,Bangalore,$1000000,Pre-series A,Inflection Point Ventures,2021,July
Credenc,FinTech,New Delhi,$25000000,,Capital India,2021,July
GlobalBees,D2C Business,New Delhi,$150000000,Series A,"FirstCry, Lightspeed Venture Partners",2021,July
Spinny,Automotive,Gurugram,$108000000,Series D,Tiger Global,2021,July
Mynvax,Biotechnology,Bangalore,$4000000,Series A,"Accel, LetsVenture, 1Crowd",2021,July
RiseBird,Human Resources,Pune,$500000,,SAB Holdings,2021,July
Uvi Health,Healthcare,Bangalore,$330000,Pre-seed,Titan Capital,2021,July
Vegrow,Farming,Bangalore,$13000000,,"Lightspeed Venture Partners, Elevation Capital",2021,July
Automovill,Automotive,Bangalore,$500000,,Mumbai Angels Network,2021,July
NFTically,NFT Marketplace,Gurugram,$Undisclosed,Seed,Jayanti Kanani,2021,July
HealthifyMe,Healthcare,Bangalore,$75000000,Series C,"LeapFrog, Khosla Ventures",2021,July
GalaxyCard,FinTech,Gurugram,$450000,,JITO Angel Network,2021,July
Bella Vita Organic,Healthcare,Gurugram,$10000000,,Ananta Capital,2021,July
SmartCoin,FinTech,Bangalore,$10000000,,"Northern Arc, Vivriti Capital",2021,July
CareerNinja,EdTech,Mumbai,$Undisclosed,Seed,Unitus Ventures,2021,July
MYSUN,Solar,New Delhi,$2000000,,TATA Cleantech Capital,2021,July
Sea6 Energy,Biotechnology,Bangalore,$9000000,Series B,Aqua-Spark,2021,July
Beco,Consumer Goods,Mumbai,$500000,Seed,Climate Angels Fund,2021,July
OneCode,Internet,Bangalore,$5000000,,"Sequoia’s Surge, Nexus Venture Partners",2021,July
MedPay,Information Technology,Bangalore,$1200000,Seed,"Entrepreneur First (EF), GrowX Ventures",2021,July
Inshorts,Internet,Noida,$60000000,,Vy Capital,2021,July
Digantara,SpaceTech,Bangalore,$2500000,Seed,Kalaari Capital,2021,July
Aqgromalin,AgriTech,Chennai,$700000,Seed,Zephyr Peacock,2021,July
Square Yards,Real Estate,Gurugram,$25000000,,ADM Capital,2021,July
OYO,Hospitality,Gurugram,$660000000,,"SoftBank Vision Fund, Hindustan Media Venture",2021,July
Slang Labs,Computer software,Bangalore,$Undisclosed,,100x Entrepreneurs,2021,July
NirogGyan,Healthcare,Gurugram,$Undisclosed,Seed,"Healthcare veterans, PIEDS",2021,July
Ola Electric,Automotive,Bangalore,$100000000,Debt,Bank of Baroda,2021,July
Bikry app,Consumer software,Noida,$1300000,,YCombinator,2021,July
Oliveboard,EdTech,Bangalore,$3000000,,IAN Fund,2021,July
Little Leap,EdTech,New Delhi,ah! Ventures,$300000,Vishal Gupta,2021,July
Trell,Social commerce,Bangalore,$45000000,Series B,"Mirae Asset, H&M",2021,July
Kredent,EdTech,Kolkata,$1000000,,Kotak Securities,2021,July
EasyAspataal,Healthcare,Mumbai,$500000,Seed,Venture Catalysts,2021,July
SMOOR,Food & Beverages,Bangalore,$Undisclosed,,Klub,2021,July
Pankhuri,Social community,Bangalore,$3200000,,Sequoia’s Surge,2021,July
Arcana,Information Technology,Bangalore,$370000,Seed,Balaji Srinivasan,2021,July
AdmitKard,EdTech,Noida,Pre-series A,,$1000000,2021,July
UrbanKisaan,Food & Beverages,Hyderabad,$Undisclosed,,BASF Venture Capital GmbH,2021,July
Aquaconnect,Fishery,Chennai,$4000000,Pre-series A,"Rebright Partners, Flourish Ventures",2021,July
Vah Vah!,EdTech,Bangalore,$1800000,,Sequoia Surge,2021,July
LetsDressUp,Apparel & Fashion,Gurugram,$300000,Pre-series A,"Titan Capital, Sequoia Capital",2021,July
Sapio Analytics,Computer software,Mumbai,$150000,,Parthiv Group,2021,July
BHyve,Human Resources,Mumbai,"ITO Angel Network, LetsVenture",$300000,"Omkar Pandharkame, Ketaki Ogale",2021,July
Indi Energy,Renewables & Environment,Roorkee,$Undisclosed,Seed,Mumbai Angels Network,2021,July
The Ayurveda Co,Consumer Goods,Gurugram,$Undisclosed,,"GetVantage, Velocity, Shiprocket Capital",2021,July
Pratilipi,Online storytelling,Bangalore,$48000000,,"Krafton Inc, Omidyar",2021,July
Ati Motors,Automotive,Bangalore,$35000000,Pre-series A,"Blume Ventures, Exfinity Venture Partners",2021,July
peAR,Deeptech,Mumbai,$300000,Pre-series A1,Inflection Point Ventures,2021,July
Gourmet Garden,Farming,Bangalore,$3000000,,"Beyond Next Ventures, M Venture Partners",2021,July
The Sleep Company,Consumer Goods,Mumbai,$1000000,Pre-series A,Fireside Ventures,2021,July
TyrePlex,B2B E-commerce,New Delhi,$Undisclosed,Seed,AdvantEdge Founders,2021,July
ION Energy,Automotive,Mumbai,$3600000,Pre-series A,,2021,July
Digit Insurance,Insuretech,Bangalore,$200000000,,"Faering Capital, Sequoia Capital India, IIFL Alternate Asset Managers",2021,July
FRAAZO,Food & Beverages,Mumbai,$11000000,Series A,"Sixth Sense Ventures, NABVENTURES",2021,July
Licious,Food & Beverages,Bangalore,$192000000,Series F,"Temasek, Multiples PE",2021,July
WinZO,Gaming,New Delhi,$65000000,Series C,Griffin Gaming Partners,2021,July
Furlenco,Consumer Goods,Bangalore,$100000000,,Zinnia Global,2021,July
Skylark Drones,Aviation,Bangalore,$3000000,Pre-series A,"InfoEdge Ventures, IAN Fund",2021,July
Leegality,IT company,Gurugram,$Undisclosed,Pre-series A,"IIFL, Mumbai Angels",2021,July
Arcatron Mobility,Healthcare,Pune,$Undisclosed,,Klub,2021,July
TWID,FinTech,Bangalore,$2500000,,"BEENEXT, Sequoia’s Surge",2021,July
PeakPerformer,EdTech,Bangalore,$Undisclosed,Early seed,Antler India,2021,July
MyMobiForce,Internet,Noida,$1400000,Pre-series A,Bharat Inclusion,2021,July
Pine Labs,Information Technology,Noida,$600000,,"Fidelity, BlackRock",2021,July
Genworks Health,Healthcare,Bangalore,$2000000,,Blacksoil,2021,July
Pocketly,FinTech,Bangalore,$Undisclosed,,,2021,July
Neverinstall,Information Technology,Bangalore,$370000,Seed,Speciale Invest,2021,July
CoRover,Information Technology,Bangalore,$Undisclosed,,Canbank Venture Capital Fund,2021,July
BeatO,Healthcare,New Delhi,$5000000,Pre-series B,W Health Ventures,2021,July
Earth Rhythm,Cosmetics,Gurugram,$1200000,Seed,Anicut Angel Fund,2021,July
Fountain9,Computer software,Mumbai,$1900000,Seed,"021 Capital, Y Combinator",2021,July
Rockclimber,Food & Beverages,Bangalore,$1000000,,Anand Prakash Sharma,2021,July
SpEd@home,EdTech,Mumbai,$300000,,,2021,July
CanPe,Computer software,Bangalore,$Undisclosed,Seed,Axilor Ventures,2021,July
Green Soul,Consumer Goods,Ambernath,$200000,,velocity.in,2021,July
Shiprocket,Logistics,New Delhi,$41000000,Series D1,"March Capital, Tribe Capital",2021,July
DealShare,Retail,Bangalore,$144000000,,Tiger Global,2021,July
Teachmint,EdTech,Bangalore,$20000000,Pre-series B,Learn Capital,2021,July
Vahak,Transportation,Bangalore,$5000000,Pre-series A,RTP Global,2021,July
goSTOPS,Hospitality,New Delhi,$1000000,Pre-series A,"IAN, Yuj Ventures",2021,July
Codedamn,Computer software,New Delhi,$Undisclosed,Pre-seed,Antler India,2021,July
Biocraft Innovation Technology,Environmental service,Noida,$Undisclosed,Pre-seed,JITO Angel Network,2021,July
Powerplay,Construction,Bangalore,$5200000,,"Sequoia’s Surge, Accel Partners",2021,July
Accio Robotics,Industrial Automation,Bangalore,$Undisclosed,,Uday Sodhi,2021,June
Delhivery,Logistics,Gurugram,$270000000,Series H,"Fidelity, GIC",2021,June
Avishkaar,EdTech,New Delhi,$600000,Pre-series A,Auxano,2021,June
Jobsgaar,Job discovery platform,New Delhi,$140000,Seed,SucSEED Indovation Fund,2021,June
Almo,D2C Fashion,Gurugram,$Undisclosed,Seed,Angelist India,2021,June
Breathe Well-being,HealthCare,New Delhi,$1000000,Pre-series A,"Stanford Angels and Entrepreneurs India, Anjali Bansal",2021,June
GalaxEye,SpaceTech,Chennai,$Undisclosed,Pre-seed,Speciale Invest,2021,June
Good Health Clinic,HealthCare,Hyderabad,$5000000,,Khosla Ventures,2021,June
Urban Company,Home services,New Delhi,$250000000,Series F,"Vy Capital, Wellington Management",2021,June
MYBYK,Rental,Ahmadabad,$1000000,Pre-series A,Avon Cycles,2021,June
Locus,Logistics,Bangalore,$50000000,Series C,"Blume Ventures, Exfinity Venture Partners",2021,June
Crejo.Fun,EdTech,Bangalore,$3000000,Seed,"Matrix Partners India, 021 Capital",2021,June
Bambinos,EdTech,Bangalore,$500000,Seed,"HNIs, Angels",2021,June
KreditBee,FinTech,Bangalore,$8000000,,"NewQuest Capital Partners, Motilal Oswal Private Equity",2021,June
Spardha,EdTech,Pune,$400000,Pre-series A1,Inflection Point Ventures,2021,June
Onelife Nutriscience,HealthCare,Mumbai,$Undisclosed,,Lasons India,2021,June
Flatheads,Fashion,Bangalore,$Undisclosed,,"Pankaj Chaddah, Srivatsan Rajan",2021,June
Fable Fintech,FinTech,Mumbai,$Undisclosed,Series A,Paytm,2021,June
Holisol,Logistics,New Delhi,$3000000,,"BlackSoil, CLSA Capital Partners",2021,June
Now&Me,HealthCare,New Delhi,$1000000,,"Saama, Whiteboard Capital",2021,June
Fyllo,AgriTech,Bangalore,$400000,Seed,"Indian Angel Network, Titan Capital, Lead Angels",2021,June
Cora Health,HealthCare,Bangalore,$Undisclosed,,,2021,June
Blaer Motors,Mobility,Chennai,$300000,,The Chennai Angels,2021,June
Swiflearn,EdTech,Gurugram,$3000000,Pre-series A,"Venture Highway, Stellaris Venture Partners",2021,June
Cashfree,FinTech,Bangalore,$Undisclosed,,"State Bank of India, Y Combinator",2021,June
QuickSell,E-commerce,Mumbai,$2000000,Pre-series A,"Sanjay Baldwa, Ajay Jain",2021,June
Truemeds,Heathcare,Mumbai,$5000000,Series A,InfoEdge,2021,June
Candes,E-commerce,New Delhi,$3000000,,"Nitin Passi, Ruchirans Jaipuria",2021,June
MediBuddy,Heathcare,Bangalore,$3000000,,"Stride Ventures, InnoVen Capital",2021,June
F5,Food & Beverages,New Delhi,$300000,Pre-series A,"Venture Catalysts, Jeevak Gupta",2021,June
Capital Float,FinTech,Bangalore,$6000000,,"Triodos Investment Management, SAIF Partners",2021,June
IntelleWings,IT startup,Panchkula,$100000,Seed,,2021,June
Shyplite,Logistics,New Delhi,$1000000,,N+1 Capital,2021,June
Refyne,FinTech,Bangalore,$20000000,Series A,"DST Global, RTP Global",2021,June
Greenjoules,Renewable Energy,Pune,$4500000,Series A,Blue Ashva Capital,2021,June
MentorKart,Consulting,New Delhi,$150000,Seed,"Amit Singal, Manish Aggarwal",2021,June
Leverage Edu,EdTech,New Delhi,$2000000,Debt,"Trifecta Capital Advisors, Blume Ventures",2021,June
Kale Logistics,Logistics,Thane,$5000000,Series A,Inflexor Ventures,2021,June
CustomerGlu,CRM,Bangalore,$320000,,"Kumar Aakash, Amit Singhal",2021,June
Cell Propulsion,EV startup,Bangalore,$2000000,,growX ventures,2021,June
Wellbeing Nutrition,HealthCare,Mumbai,$Undisclosed,,Klub,2021,June
Pee Safe,HealthCare,Gurugram,$3000000,Pre-series B,"Shaival Desai, Alkemi Venture Partners",2021,June
Chqbook,FinTech,New Delhi,$1000000,,"Aavishkaar Venture Capital, YWC Venture Capital",2021,June
SimpliContract,Software,Bangalore,$1800000,Seed,Kalaari Capital,2021,June
Dropshop,Logistics,Bangalore,$1000000,Pre-series A,Inflection Point Ventures,2021,June
Jumbotail,E-commerce,Bangalore,$4000000,Debt,Alteria Capital,2021,June
BYJU'S,EdTech,Bangalore,$350000000,,"Tiga Investments, Baron Capital",2021,June
Power Gummies,Nutrition,New Delhi,$1000000,,"Venture Catalysts, 9unicorns",2021,June
Convosight,SaaS startup,New Delhi,$9000000,Series A,Qualgro,2021,June
Junio,FinTech,New Delhi,$600000,Seed,"Amit Lakhotia, Pravin Jadhav",2021,June
Wherehouse.io,Logistics,New Delhi,$Undisclosed,Seed,Better Capital,2021,June
Flexmoney,FinTech,Mumbai,$4800000,Series A,Pravega Ventures,2021,June
Fampay,FinTech,Bangalore,$38000000,Series A,"Greenoaks Capital, Elevation Capital",2021,June
Apna,Human Resources,Bangalore,$70000000,Series B,"Sequoia Capital India, rocketship.vc",2021,June
XYXX Apparels,Fashion,Surat,$4000000,Series A,,2021,June
WaterScience,D2C startup,Bangalore,$Undisclosed,,,2021,June
BrowserStack,SaaS startup,Mumbai,$200000000,Series B,Accel,2021,June
Vital,Insuretech,New Delhi,$3000000,Pre-series A,BLinC Invest,2021,June
Juicy chemistry,HealthCare,Coimbatore,$Undisclosed,,Spring Marketing Capital,2021,June
Samaaro,SaaS startup,Bangalore,$125000,,"Chaitanya Kalipatnapu, Kedar Gavane",2021,June
Imagimake,Innovation management,Mumbai,$500000,Pre-series A,"Roha Investment Managers, angel investor Saumil Shah",2021,June
MSMEx,EdTech,Andheri,$1000000,Pre-series A,"TNF Ventures, Razorpay",2021,June
RenewBuy,Insuretech,Gurugram,$45000000,Series C,"Lok Capital, IIFL Asset Management",2021,June
saarthi.ai,AI startup,Bangalore,$Undisclosed,Seed,Nvidia Inception,2021,June
Kutumb,Community platform,Bangalore,$26000000,Series A,"Tiger Global Management, DST Global",2021,June
Superplum,AgriTech,Noida,$3800000,Pre-series A,Marquee investors,2021,June
Upside AI,FinTech,Mumbai,$1200000,Seed,Endiya Partners,2021,June
PazCare,Insuretech,Bangalore,$Undisclosed,,"Ashish Hemrajani, Parikshit Dar",2021,June
Answer Genomics,HealthCare,Bangalore,$Undisclosed,,"India Accelerator, Lyxel&Flamingo",2021,June
Skillmatics,EdTech,Mumbai,$6000000,Series A,Sequoia Capital India,2021,June
Bimaplan,Insuretech,Bangalore,$2500000,Pre-series A,"Roshan Abbas, Ritesh Malik",2021,June
Bueno Finance,FinTech,Gurugram,$3000000,Seed,"Goat Capital, JAM Fund",2021,June
CityMall,E-commerce,Gurugram,$22000000,Series B,"General Catalyst, Jungle Ventures",2021,June
BYJU’S,EdTech,Bangalore,$50000000,,"Blackstone Group, ADQ",2021,June
India Quotient,Venture capitalist,Mumbai,$64000000,,,2021,June
The Switch Fix,HealthCare,Gurugram,$Undisclosed,Seed,"Venture Catalysts, 9Unicorns",2021,June
Anvidha Technologies,Tech Startup,Haryana,$1500000,Seed,,2021,June
DigiSparsh,FinTech,Mumbai,$Undisclosed,Seed,GoAhead Ventures,2021,June
CoffeeMug.ai,Networking,New Delhi,$620000,Pre-seed,"Paradigm Shift Capital, AngelList India",2021,June
Pathfndr.io,SaaS startup,Bangalore,$Undisclosed,Pre-series A,Arali Ventures,2021,June
BigLeap,Recruitment,Hyderabad,$600000,,Anup Kumar Yama,2021,June
Kazam,EV startup,Bangalore,$900000,Seed,Inflection Point Ventures,2021,June
MYRE Capital,Commercial Real Estate,Mumbai,,$6000000,Aryaman Vir,2021,June
BimaPe,FinTech,Mumbai,$500000,Pre-seed,"iSeed, Titan Capital",2021,June
MicroDegree,EdTech,Mangalore,$Undisclosed,,Research Innovation Incubation Design Labs,2021,June
Saarthi Pedagogy,EdTech,Ahmadabad,"JITO Angel Network, LetsVenture",$1000000,Sushil Agarwal,2021,June
Synapsica,HealthCare,New Delhi,$4000000,Series A,"IvyCap Ventures, Endiya Partners",2021,June
Kwik Foods,Food & Beverages,Gurugram,$Undisclosed,Seed,9Unicorns,2021,June
Plutomen,AR startup,Ahmadabad,$300000,,"GUSEC Seed Fund, DeVX Venture Fund",2021,June
GoMechanic,Automotive,Gurugram,$42000000,Series C,"Tiger Global, Sequoia",2021,June
Grinntech,Automotive,Chennai,$2000000,,,2021,June
Nobel Hygiene,Healthcare,Mumbai,$60000000,,Quadria Capital,2021,June
Green Cure,Healthcare,New Delhi,$Undisclosed,Pre-series A,Venture Catalysts,2021,June
Classplus,EdTech,Noida,$65000000,Series C,Tiger Global,2021,June
WINDO,E-commerce,Hyderabad,$500000,Seed,Unicorn India Ventures,2021,June
ApnaKlub,E-commerce,Bangalore,$Undisclosed,Pre-series A,"Blume Ventures, Whiteboard Capital",2021,June
LegalPay,FinTech,New Delhi,$Undisclosed,,Ashwini Kakkar. 9Unicorns,2021,June
Lavado,Consumer service,Mumbai,$Undisclosed,,Ashish Shah,2021,June
Navars,EdTech,Hyderabad,$Undisclosed,,Faad Network,2021,June
GoBolt,Logistics,Gurugram,$20000000,Series B,"Paragon Partners, Aavishkaar Capital",2021,June
Loco,Gaming,Bangalore,$9000000,Seed,"Krafton, Lumikai",2021,June
Auric,Healthcare,New Delhi,$2000000,Pre-series A,Venture Catalysts,2021,June
Edmingle,EdTech,Bangalore,$300000,,"Indovation Fund, Mumbai Angels",2021,June
Slice,FinTech,Bangalore,$20000000,,"Gunosy, Blume Ventures",2021,June
Humit,Music,Bangalore,$Undisclosed,Pre-seed,Antler India,2021,June
Airblack,IT startup,Gurugram,$5200000,Series A,"Edge Ventures, Elevation Capital",2021,June
NIRAMAI,Healthcare,Bangalore,$Undisclosed,,CDC Group,2021,June
Intervue,SaaS startup,New Delhi,$Undisclosed,Seed,"Titan Capital, Kunal Shah",2021,June
Nestroots,Fashion,Gurugram,$100000,Seed,We Founder Circle,2021,June
Detect Technologies,Automation,Chennai,$12000000,,"Accel Partners, Elevation Capital",2021,June
CredR,Automotive,Bangalore,$6500000,,"Yamaha Motors, Omidyar Network India, Eight Roads Ventures",2021,June
Fourth Partner Energy,Solar,Hyderabad,$125000000,,"Norfund, The Rise Fund",2021,June
TABLT,Healthcare,Kolkata,$3000000,Seies A,Siti Cable,2021,June
Hesa,IT startup,Hyderabad,$2000000,Seed,"Venture Catalysts, 9Unicorns",2021,June
Powerhouse91,Consumer goods,Gurugram,$Undisclosed,Seed,Crossbeam Venture Partners,2021,June
Nalanda Learning,EdTech,Kolkata,$5000000,,Aavishkaar Capital,2021,June
Chargeup,Renewable Energy,New Delhi,$Undisclosed,Pre-series A,Mapmyindia,2021,June
Knackit,IT startup,Bangalore,$100000,,Jyoti Bansal,2021,June
Treebo Hotels,Hospitality,Bangalore,$16000000,Series D,Accor,2021,June
Raptee Energy,Automotive,Chennai,$700000,,,2021,June
Meddo,Healthcare,Gurugram,$6000000,,"SRI Capital, Picus Capital, Alkemi Capital",2021,June
Supertails,Pet care,Bangalore,$2600000,Pre-series A,"Saama Capital, DSG Consumer Partners",2021,June
Lenskart,Fashion,"Faridabad, Haryana","$95,000,000",,"Kohlberg Kravis Roberts, Temasek Holdings",2021,May
ParkSmart,Automotive,New Delhi,,Seed,"Shireen Rangaswamy, Dilesh Gathani",2021,May
Virohan,EdTech,Gurugram,"$3,000,000",Series A,"Rebright Partners, Wadhwani Foundation",2021,May
BankSathi,FinTech,New Delhi,"$200,000",Seed,"Dinesh Godara, Aditya Talwar",2021,May
Spark Studio,EdTech,Bangalore,,Seed,Better Capital,2021,May
BlissClub,Fashion,Bangalore,"$2,000,000",Seed,Elevation Capital,2021,May
BricSpaces,Real estate,Bangalore,"$350,000",Pre-seed,Angel investors,2021,May
ANSR,Consulting,Bangalore,"$15,000,000",Series B,"Sistema Asia Capital, Evolvence India Fund",2021,May
Keito,AI company,Pune,,Seed,"Rajesh Agarwal, Nandkishore Mundada",2021,May
Reccy Adventures,Sports startup,Gurugram,"$400,000",Seed,"Kallol Banerjee, Jaydeep Barman",2021,May
Magenta EV,Renewable Energy,Mumbai,"$15,000,000",Series A,"JITO Angel Network, LetsVenture",2021,May
Karbon Card,FinTech,Bangalore,"$1,000,000",Pre-series A,"MyAsia VC, Orios Venture Partners",2021,May
Wysa,AI company,Bangalore,"$5,000,000",Series A,"W Health Ventures, Pi Ventures",2021,May
Agnikul,SpaceTech,Chennai,"$11,000,000",Series A,"Artha India Ventures, Sriram Krishnan",2021,May
LegalPay,FinTech,New Delhi,,Seed,9Unicorns,2021,May
Glamplus,SaaS startup,Bangalore,"$200,000",Pre-series A,Inflection Point Ventures,2021,May
Tekie,EdTech,Gurugram,"$1,500,000",Seed,"GSV, Multiply Ventures",2021,May
Asirvad Microfinance,FinTech,Chennai,"$15,000,000",,"WorldBusiness Capital, Northern Arc",2021,May
Avalon Labs,FinTech,Bangalore,,Pre-series A,"Tanglin Ventures, Better Capital, Whiteboard Capital",2021,May
Betterhalf.ai,Matrimony,Bangalore,"$3,000,000",Pre-series A,"Y Combinator, Rehan A Khan",2021,May
Koo,Social Media,Bangalore,"$30,000,000",Series B,"Balaji Srinivasan, Naval Ravikant",2021,May
Rezo.ai,AI startup,Noida,,Seed,"Devesh Sachdev, Bhavesh Manglani",2021,May
Mentoria,EdTech,Mumbai,"$200,000",Pre-series A,"Pradeep K Jaisingh, Jayant Mehrotra",2021,May
Cuvette Tech,Human Resources,Bangalore,"$1,800,000",Seed,"Varun Alagh, Harish Daiya",2021,May
Clensta,BioTechnology,New Delhi,"$600,000",,"IAN Fund, World Startup Factory",2021,May
FarMart,AgriTech,Gurugram,"$24,000,000",Pre-series A,"Omidyar Network India, Avaana Capital",2021,May
Kodo Card,FinTech,Mumbai,"$8,000,000",Seed,"Brex, Y-Combinator",2021,May
Polygon,Crypto,Mumbai,,,"Mark Cuban, MiH Ventures",2021,May
Get My Parking,Mobility,New Delhi,"$6,000,000",,"IvyCap Ventures, IAN Fund",2021,May
Cellestial,Electronics,Hyderabad,"$500,000",Pre-series A,"Gurj Aujla, Ashik K",2021,May
FanCode,Sports startup,Mumbai,"$50,000,000",,Dream Sports,2021,May
Jai Kisan,FinTech,Mumbai,"$30,000,000",Series A,"The Chatterjee Group, Prophetic Ventures",2021,May
Plum,HealthCare,Bangalore,"$15,000,000",Series A,"Harsh Jain, Lalit Keshre",2021,May
ThatMate,HealthCare,Satara,"$140,000",,"Supriya Kumari, Premanshu Singh",2021,May
Klassroom,EdTech,Mumbai,"$200,000",Pre-series A,ah! Ventures,2021,May
Convin,SaaS startup,Bangalore,"$300,000",Pre-seed,"9Unicorns Accelerator Fund, Sunder Nookala",2021,May
Mensa Brands,Clothing,Bangalore,"$50,000,000",Series A,"Accel Partners, Falcon Edge Capital, Norwest Venture Partners",2021,May
Disruptium,Consulting,Ahmadabad,"$200,000",,Pravesh Mehta,2021,May
MedTel Healthcare,HealthCare,Orissia,"$5,000,000",Pre-series A,,2021,May
Pickright Technologies,FinTech,Bangalore,"$200,000",,"Gaurav Gupta, Vivek Srivatsav",2021,May
Ingenium,EdTech,New Delhi,,Seed,Lead Angels,2021,May
BharatPe,FinTech,New Delhi,"$6,000,000",Debt,"Amplo, Insight Partners",2021,May
RuleZero,Tech Startup,Bangalore,"$1,000,000",Seed,"Induslaw, Reddy Futures",2021,May
Rubix Data Sciences,IT startup,Mumbai,"$800,000",Seed,,2021,May
Locobuzz,Analytics,Mumbai,"$4,000,000",Series A,Yuj Ventures,2021,May
We Founder Circle,FinTech,Mumbai,"$2,000,000",Pre-seed,Geekster,2021,May
Haqdarshak,Finance,Jaipur,"$800,000",Pre-series A,"Manish Subramaniam, Upaya Social Ventures",2021,May
Celcius,Logistics,Mumbai,,Seed,Eaglewings Ventures,2021,May
Enthu.ai,AI startup,Chandigarh,"$200,000",,Appit Simple Infotek,2021,May
Myelin Foundry,AI startup,Bangalore,"$1,000,000",Pre-series A,Beyond Next Ventures,2021,May
SuperOps.ai,AI startup,Chennai,"$3,000,000",Seed,"Ramakant Sharma, Elevation Capital",2021,May
6Degree,Retail,Mumbai,"$1,000,000",,"Keiretsu Forum, SucSEED Venture Partners",2021,May
Teachmint,EdTech,Bangalore,"$16,500,000",Series A,"Lightspeed India Partners, CM Ventures",2021,May
Sarathi,HealthCare,Jodhpur,"$100,000",Seed,,2021,May
Jidoka Technologies,Software,Chennai,"$340,000",Seed,,2021,May
Rapido,Transportation,Bangalore,"$43,000,000",Series C,"Skycatcher, Nexus Venture Partners",2021,May
BYJU'S,EdTech,Bangalore,"$150,000,000",,"Tiga Investments, Baron Capital",2021,May
ElasticRun,E-commerce,Pune,"$75,000,000",Series D,"Avataar Venture Partners, Kalaari Capital",2021,May
Avail Finance,FinTech,Bangalore,"$3,000,000",Debt,"Alteria Capital, Matrix Partners India",2021,May
Nivesh,FinTech,Noida,"$1,600,000",Pre-series A,"Raghav Kapur, Indian Angel Network",2021,May
Thingsup,IoT platform,Pune,"$1,000,000",,GSF Accelerator,2021,May
Arthya Wealth and Investments,FinTech,Mumbai,"$1,000,000",Pre-series A,"Rishi Kumar Bagla, Krishen Lal Khanna",2021,May
Unbox Robotics,AI startup,Bangalore,"$1,200,000",Pre-series A,"BEENEXT, Entrepreneur First",2021,April
upGrad,EdTech,Mumbai,"$120,000,000",,"Unilazer Ventures, IIFL Asset Management",2021,April
Lead School,EdTech,Mumbai,"$30,000,000",Series D,"GSV Ventures, Westbridge Capital",2021,April
Bizongo,B2B E-commerce,Mumbai,"$51,000,000",Series C,"CDC Group, IDG Capital",2021,April
FypMoney,FinTech,Gurugram,"$2,000,000",Seed,"Liberatha Kallat, Mukesh Yadav, Dinesh Nagpal",2021,April
Urban Company,Home services,New Delhi,"$188,000,000",,Vy Capital,2021,April
Comofi Medtech,HealthTech,Bangalore,"$200,000",,"CIIE.CO, KIIT-TBI",2021,April
Qube Health,HealthTech,Mumbai,,Pre-series A,Inflection Point Ventures,2021,April
Vitra.ai,Tech Startup,Bangalore,,,Inflexor Ventures,2021,April
Taikee,E-commerce,Mumbai,"$1,000,000",,,2021,April
Fitterfly,HealthTech,Mumbai,"$3,000,000",Pre-series A,"9Unicorns Accelerator Fund, Metaform Ventures",2021,April
FreeStand,B2B service,New Delhi,"$100,000",,"SucSEED Indovation, IIM Calcutta Innovation Park",2021,April
MyDentalPlan,Helathcare,Bangalore,"$700,000",Seed,Safe Planet Medicare,2021,April
Freyr Energy,Renewable Energy,Hyderabad,"$2,000,000",,"Impact Partners, C4D Partners",2021,April
DealShare,E-commerce,Jaipur,"$9,000,000",,"Tiger Global Management, InnoVen Capital",2021,April
Tessolve,Electronics,Bangalore,"$40,000,000",,Novo Tellus Capital,2021,April
Smart Joules,Renewable Energy,New Delhi,"$49,000,000",,"Raintree Family Office, ADB arm",2021,April
ORAI,IT startup,Bangalore,"$400,000",Pre-series A,Inflection Point Ventures,2021,April
ixamBee,EdTech,New Delhi,"$300,000",Seed,"Mumbai Angels, Narendra Shyamsukha",2021,April
CoinSwitch Kuber,FinTech,Bangalore,"$25,000,000",Series B,"Paradigm, Kunal Shah",2021,April
Razorpay,FinTech,Bangalore,"$160,000,000",Series E,"Matrix Partners India, GIC",2021,April
Uable,EdTech,Bangalore,,Seed,"Chiratae Ventures, JAFCO Asia",2021,April
ZFW Hospitality,Food & Beverages,New Delhi,"$150,000",Pre-seed,"Mumbai Angels Network, Expert DOJO",2021,April
Optimized Electrotech,Aeorspace,Ahmadabad,"$1,800,000",Pre-series A,GVFL,2021,April
Northern Arc,FinTech,Chennai,"$5,000,000",,"Kotak Mahindra Bank, FMO",2021,April
Chara,Deep Tech,Bangalore,"$850,000",Seed,Kalaari Capital,2021,April
Sirona Hygiene,HealthTech,New Delhi,"$3,000,000",Series A,"NB Ventures, IAN Fund",2021,April
Pristyn Care,HealthTech,Gurugram,"$53,000,000",Series D,"Sequoia Capital India, Hummingbird Ventures",2021,April
TrulyMadly,Dating,New Delhi,"$2,000,000",Pre-series A,"Gaurav Munjal, Snehil Khanor",2021,April
Vidyakul,EdTech,,"$500,000",Seed,"JITO Angel Network, SOSV",2021,April
Jambox Games,Gaming,Bangalore,"$1,100,000",Seed,,2021,April
Miko,Robotics,Mumbai,"$6,000,000",,"Chiratae Ventures, YourNest Venture Capital",2021,April
SuperK,Retail,"Small Towns, Andhra Pradesh","$800,000",Seed,STRIVE VC,2021,April
TagZ Foods,Food,Bangalore,"$500,000",Pre-series A,Venture Catalysts,2021,April
Fuel Buddy,Oil and Energy,New Delhi,"$1,000,000",,Jaipuria Family Office,2021,April
M1xchange,FinTech,Gurugram,"$10,000,000",,Amazon,2021,April
Spintly,Tech Startup,Goa,"$500,000",,Riso Capital,2021,April
EF Polymer,AgriTech,Rajsamand,"$200,000",,MTG Ventures,2021,April
boAt,Electronics,New Delhi,"$6,000,000",,"Qualcomm Ventures, Warburg Pincus",2021,April
TruNativ,Food & Beverages,Mumbai,,Seed,9Unicorns,2021,April
iBus,Telecommuncation,Bangalore,"$21,000,000",,Morgan Stanley,2021,April
Puresh Daily,Milk startup,Ranchi,"$100,000",Seed,"Alfa Ventures, Agility Venture Partners",2021,April
LearnVern,EdTech,Ahmadabad,"$1,000,000",,,2021,April
LimeChat,AI Chatbot,"Faridabad, Haryana","$7,500,000",Seed,"Stellaris Venture Partners, Ramakant Sharma",2021,April
Dybo,IT,Bangalore,"$100,000",Seed,Spanache,2021,April
moEVing,Logistics,Gurugram,"$1,000,000",Seed,,2021,April
WeWork India,Hospitality,Bangalore,"$26,000,000",,,2021,April
Solethreads,Fashion,Gurugram,"$1,000,000",Series A,"DSG Consumer Partners, Saama Capital",2021,April
Beldara,E-commerce,Mumbai,"$7,400,000",,Hindustan Media Ventures,2021,April
CredFlow,FinTech,New Delhi,"$2,000,000",Seed,"Stellaris Venture Partners, Omidyar Network India, Flourish Ventures",2021,April
Do Your Thng,Marketing,Gurugram,"$1,500,000",,"Angelbay Holdings, Faad Network",2021,April
Oye Rickshaw,Transportation,Gurugram,"$3,000,000",,"Alteria Capital, Chiratae Ventures",2021,April
Legitquest,LegalTech,New Delhi,"$600,000",,"WaterBridge Ventures, Info Edge",2021,April
Swiggy,Food delivery,Bangalore,"$800,000,000",,"Carmignac, Falcon Edge Capital",2021,April
AntWak,EdTech,Bangalore,,Seed,"Vaibhav Domkundwar, Kunal Shah",2021,April
PlayShifu,EdTech,Bangalore,"$17,000,000",Series B,"Chiratae Ventures, Bharat Innovation Fund",2021,April
Pitstop,Automotive,Bangalore,"$3,500,000",Pre-series B,"Acko Technology, Services, LetsVenture",2021,April
Lendingkart,FinTech,Gujarat,"$15,000,000",Debt,"Bertelsmann India Investments, Fullerton Financial Holdings",2021,April
CRED,FinTech,Bangalore,"$215,000,000",Series D,"Dragoneer Investment Group, Tiger Global Management",2021,April
Karnival,SaaS startup,Bangalore,"$2,500,000",Seed,http://100x.vc/,2021,April
PharmEasy,HealthTech,Mumbai,"$350,000,000",Series E,"TPG Growth, Caisse de Depot et Placement du Quebec",2021,April
WESS,Renewable Energy,Mumbai,"$2,000,000",Seed,Centrum Financial Services,2021,April
ShopSe,FinTech,Mumbai,"$5,500,000",,"Chiratae Ventures, BEENEXT",2021,April
Fantasy Akhada,Fantasy sports,Gurugram,"$600,000",,Harsha Bhogle,2021,April
Rage Coffee,Food & Beverages,New Delhi,,Pre-series A,"GetVantage, Prakash Katama",2021,April
Groww,FinTech,Bangalore,"$83,000,000",Series D,"Tiger Global Management, Y Combinator Continuity Fund",2021,April
Avanti Finance,FinTech,Bangalore,"$26,000,000",Series A,Michael & Susan Dell Foundation,2021,April
Kudos,FinTech,Pune,,Pre-series A,Marquee fintech founders,2021,April
OfBusiness,FinTech,Gurugram,"$110,000,000",,"Falcon Edge India, Norwest Venture Partners",2021,April
Superpro.ai,Video communication,Bangalore,"$3,000,000",Seed,"SOSV, Omphalos Ventures India",2021,April
ShareChat,Social Media,Bangalore,"$500,000,000",,"Twitter Ventures, Pawan Munjal",2021,April
WiT-ACE,Skill development,Gurugram,"$1,000,000",Seed,CitiusTech,2021,April
Spinny,Retail,Gurugram,"$65,000,000",Series C,"Arena Holdings, Think Investments",2021,April
Alteria Capital,FinTech,Mumbai,"$150,000,000,000",Debt,,2021,April
Safexpay,FinTech,Thane,"$6,000,000",,"T Choithrams BVI, Ardor",2021,April
PumPumPum,Rental,Gurugram,"$700,000",Pre-series A,"Kogta Financial India Limited, ICICI Bank",2021,April
Speciale Invest,FinTech,Bangalore,"$10,000,000",,,2021,April
Eunimart,E-commerce,Hyderabad,"$700,000",Pre-series A,"SucSEED Venture Partners, TMT Connekt",2021,April
Meesho,E-commerce,Bangalore,"$300,000,000",,"SAIF Partners, Venture Highway",2021,April
CareerLabs,EdTech,Bangalore,"$2,200,000",,Global Founders Capital,2021,April
Uable,EdTech,Bangalore,"$35,000,000",Pre-series A,"JAFCO Asia, Chiratae Ventures",2021,April
Zoko,Tech Startup,Bangalore,"$140,000,000",Seed,Y Combinator,2021,April
GetWork,Recruitment,Gurugram,"$200,000",Seed,Artha Venture Fund,2021,April
Easebuzz,E-commerce,Pune,"$4,000,000",Series A,"Jitendra Gupta, Amrish Rau",2021,April
Chingari,Social Media,Bangalore,"$13,000,000",,"FJ Labs, Brian Norgard",2021,April
DusMinute,Retail,Bangalore,"$1,100,000",Pre-series A,Indian Angel Network,2021,April
Onsurity,HealthCare,Bangalore,,,"Jitendra Gupta, Harsh Shah",2021,April
SkilloVilla,EdTech,Bangalore,"$300,000",Seed,Titan Capital,2021,March
Cancer Clinics,HealthCare,Telugana,"$1,500,000",Pre-series A,Axilor,2021,March
Velocity,FinTech,Bangalore,"$1,300,000",Seed,Valar Ventures,2021,March
Happy Jars,Food & Beverages,New Delhi,"$400,000",Seed,Inflection Point Ventures,2021,March
Inshorts,Media,Noida,"$40,000,000",,"Addition, SIG Global India Fund",2021,March
ExtraaEdge,MarTech,Pune,"$1,000,000",Pre-series A,"9Unicorns Accelerator Fund, Indian Angel Network",2021,March
Zotalabs,Tech Startup,Pune,"$1,250,000",Seed,Alfa Ventures,2021,March
Voiro,Advertisement,Bangalore,"$1,800,000",Pre-series A,1Crowd,2021,March
Dream Sports,Gaming,Mumbai,"$400,000,000",,"TCV, D1 Capital Partners, Falcon Edge.",2021,March
Safex Chemicals,AgriTech,New Delhi,"$50,000,000",,BanyanTree Finance Pvt. Ltd.,2021,March
Instoried,Content creation,Bangalore,,,"EXPERT DOJO, Mumbai Angels",2021,March
Rupifi,FinTech,Bangalore,"$4,100,000",Pre-series A,Quona Capital,2021,March
Moneyboxx,FinTech,Mumbai,"$3,000,000",Debt,"Ashv Finance, BlackSoil Capital",2021,March
CityMall,E-commerce,Gurugram,"$11,000,000",Series A,"WaterBridge Ventures, SAIF Partners",2021,March
Janani,Heathcare,Bangalore,"$1,000,000",Seed,"Sweta Rau, 9Unicorns Accelerator Fund",2021,March
ReshaMandi,AgriTech,Bangalore,"$1,700,000",Seed,"Omnivore, Strive Ventures",2021,March
Bombay Shaving Company,Lifestyle,New Delhi,"$2,000,000",,"Rajesh Sud, KULDEEP JAIN",2021,March
DotPe,FinTech,Gurugram,"$27,000,000",Series A,"PayU, Google",2021,March
Homingos,Augmented reality,Bangalore,,,"Sundi Natarajan, Srinivas Anumolu",2021,March
Anar Business Community,Tech Startup,Mumbai,,,"Titan Capital, First Cheque",2021,March
Five Star Finance,FinTech,Chennai,"$234,000,000",,"TPG Capital Asia, Epiq Capital",2021,March
Settlrs,Rental space,Bangalore,,Pre-series A,MaGEHold Pte. Ltd.,2021,March
BYJU'S,EdTech,Bangalore,"$460,000,000",Series F,"BlackRock, Owl Ventures",2021,March
Annapurna Finance,FinTech,Bhubaneswar,"$30,000,000",,"Asian Development Bank, Oman India Joint Investment Fund",2021,March
HealthPlix,HealthCare,Bangalore,"$13,500,000",Series B,"JSW Ventures, Kalaari Capital",2021,March
Masai School,EdTech,Bangalore,"$5,000,000",Series A,"Unitus Ventures, Omidyar Network India",2021,March
Bewakoof,D2C Fashion,Mumbai,"$4,000,000",,"IvyCap Ventures, Pratithi Investment Trust",2021,March
IndiaLends,FinTech,New Delhi,"$5,100,000",,"ACPI Investments, AdvantEdge Founders",2021,March
Stelis Biopharma,BioTechnology,Bangalore,"$195,000,000",Series B,"RouteOne, Mankekar Family Office",2021,March
Tilt,Bike Rental,Bangalore,"$125,000",,Y Combinator,2021,March
NeoDove,AI startup,Jaipur,"$15,000,000",Seed,India Quotient,2021,March
Zaara Biotech,BioTechnology,Kottayam,"$10,000,000",,TCN International Commerce,2021,March
KreditBee,FinTech,Bangalore,"$75,000,000",Seed,"Alpine Capital, PremjiInvest",2021,March
True Balance,FinTech,Gurugram,"$10,000,000",Debt,"Bon Angels Venture Partners, Daesung Private Equity",2021,March
Muvin,FinTech,Bangalore,"$1,000,000",Seed,,2021,March
Purplle,Beauty products,Mumbai,"$45,000,000",,"Spring Marketing Capital, Verlinvest",2021,March
FloBiz,Tech Startup,Bangalore,"$10,000,000",Series A,Elevation Capital,2021,March
Jeevam Health,Health care,New Delhi,"$1,500,000",Pre-seed,Y Combinator,2021,March
NewLink Group,Tech Startup,Beijing,"$200,000,000",,Bain Capital,2021,March
OZiva,Heathcare,Mumbai,"$12,000,000",Series B,"F-Prime Capital, Eight Roads Ventures India",2021,March
Blive,Tourism,Panaji,"$1,000,000",Pre-series A,"Mumbai Angels, DNA Entertainment Networks",2021,March
Nazara Technologies,Gaming,Mumbai,"$30,000,000",,"Hornbill Capital Advisers, Plutus Wealth Management",2021,March
Euler Motors,Automotive,New Delhi,"$2,600,000",Series A,"ADB Ventures, Jetty Ventures",2021,March
Pixxel,SpaceTech,Bangalore,"$7,300,000",Seed,"Techstars, Ryan Johnson",2021,March
Prescinto,Solar,Gujarat,"$3,500,000",Seed,"Venture Catalysts, 9Unicorns Accelerator Fund",2021,March
MyGlamm,Beauty products,Mumbai,"$20,000,000",Series C,Bessemer Venture Partners,2021,March
Chirrup,Gaming,Bangalore,"$300,000",Pre-seed,"Titan Capital, iSeed, First Cheque, 3.0 Fund.",2021,March
Policybazaar,Insurance,Gurugram,"$75,000,000",,"Falcon Edge Capital, White Oak Global Advisors",2021,March
Livve Homes,Rental space,Bangalore,"$5,000,000",,Angel investors,2021,March
Juicy Chemistry,Healthcare,Coimbatore,"$6,300,000",Series A,Akya Ventures,2021,March
Svasti Microfinance,FinTech,Mumbai,"$4,000,000",,"Kayenne Ventures, Nordic Microfinance Initiative",2021,March
Nexprt,Consulting,New Delhi,"$2,000,000",,Titan Capital,2021,March
Wysa,AI startup,Bangalore,,,"Kae Capital, Pi Ventures",2021,March
Ankur capital,FinTech,Mumbai,"$40,000,000",,,2021,March
Indifi,FinTech,Gurugram,"$5,000,000",Debt,"Elevar Equity, Accel India",2021,March
Firmway,FinTech,Mumbai,,Pre-seed,,2021,March
Say Cheese,FemTech,Mumbai,"$1,000,000",Seed,,2021,March
Indic Inspirations,Cultural,Pune,"$300,000",,Marquee investors,2021,March
Bimaplan,FinTech,Mumbai,"$500,000",Seed,"Titan Capital, Y Combinator",2021,March
YAP,FinTech,Chennai,"$10,000,000",Series B,"Jitendra Gupta, Better Capital",2021,March
Leap Finance,FinTech,Bangalore,"$17,000,000",Series B,Jungle Ventures,2021,March
BlackSoil NBFC,FinTech,Mumbai,"$3,000,000",,,2021,March
OYO,Hospitality,Gurugram,"$200,000,000",,Hindustan Media Venture,2021,March
Max Healthcare,Healthcare,New Delhi,"$140,000,000",,"Radiant Life Care Private Ltd, Life Healthcare",2021,March
4baseCare,HealthTech,Bangalore,"$2,000,000",Pre-series A,"Mount Judi Ventures, growX Ventures, Season Two Ventures",2021,March
Ezstays,EdTech,New Delhi,"$400,000",Seed,Richard Rekhy,2021,March
Stylework,Co-working,Gurugram,"$500,000",Pre-series A,Inflection Point Ventures,2021,March
Kinara Capital,FinTech,Bangalore,"$6,000,000",,"GAWA Capital, Gaja Capital",2021,March
Riskcovry,InsureTech,Bangalore,"$5,000,000",Series A,"Better Capital, Bharat Inclusion Seed Fund",2021,March
NODWIN,Gaming,Gurugram,"$20,000,000",,Krafton,2021,March
Quizizz,EdTech,Bangalore,"$12,500,000",Series A,"Eight Roads Ventures India, Nexus Venture Partners",2021,March
Ecom Express,E-commerce,New Delhi,"$20,000,000",,"CDC Group, Partners Group",2021,March
Turtlemint,InsureTech,Mumbai,"$45,000,000",Series D,Jungle Ventures,2021,March
Captain Fresh,Supply chain platform,Bangalore,"$3,000,000",Seed,"Matrix Partners India, Ankur Capital",2021,March
Northern Arc,FinTech,Chennai,"$10,000,000",Debt,"U.S. International Development Finance Corp, Asian Development Bank",2021,March
Qoohoo,Social platform,Bangalore,"$800,000",Seed,Angel investors,2021,March
IGL,Gaming,Mumbai,"$500,000",,"Hungama, Hindustan Talkies",2021,March
AMPM,E-commerce,Gurugram,"$200,000",,Agility Venture Partners,2021,March
The ePlane,Drone,Chennai,"$1,000,000",Seed,"Speciale Invest, Farid Ahsan",2021,March
Cashify,E-commerce,Gurugram,"$15,000,000",,"Bessemer Venture Partners, CDH Investments",2021,March
Bijnis,B2B service,New Delhi,,,"Sequoia Capital India, Matrix Partners India",2021,March
Questt,EdTech,Gurugram,"$1,000,000",Seed,"Chiratae Ventures, AET Fund",2021,March
DealShare,E-commerce,Jaipur,"$3,000,000",Debt,"Omidyar Network, Falcon Edge Capital",2021,March
Euler Motors,Automotive,New Delhi,"$4,000,000",Series A,"Jetty Ventures, Srinivas Anumolu",2021,March
Blume Ventures,FinTech,Mumbai,"$40,000,000",,Avendus,2021,March
KoineArth,Blockchain startup,Bangalore,"$1,800,000",Pre-series A,YourNest,2021,March
ImaginXP,EdTech,Pune,"$1,500,000",,Venture Catalysts,2021,March
Virohan,EdTech,Gurugram,,,"National Skill Development Corporation, Rianta Capital",2021,March
Apna.co,Recruitment,Bangalore,"$12,500,000",,"Sequoia Capital India, Rocketship.vc",2021,March
ideaForge,Drone,Mumbai,"$2,000,000",,"Infosys, Qualcomm Ventures",2021,March
Clairco,CleanTech,Bangalore,"$500,000",,"Real Estate Accelerator Program (REAP), AngelList",2021,March
Northern Arc,FinTech,Chennai,"$50,000,000",Debt,"Asian Development Bank, U.S. International Development Finance Corp",2021,March
Doubtnut,EdTech,Gurugram,"$30,000,000",Series B,"Omidyar Network, Tencent Holdings",2021,February
Hubhopper,Podcast,New Delhi,,,"ITI Growth Opportunities Fund, Unit-E Ventures",2021,February
Infra.Market,Construction,Thane,"$100,000,000",Series C,"InnoVen Capital, Nexus Venture Partners",2021,February
Comofi Medtech,HeathTech,Bangalore,"$200,000",,CIIE.CO,2021,February
Battery Smart,Battery,New Delhi,,Seed,Orios Venture Partners,2021,February
Kutuki,EdTech,Bangalore,"$2,000,000",Seed,Omidyar Network India,2021,February
Onelife,Healthcare,Mumbai,,,Wipro venture capital arm,2021,February
Eupheus,EdTech,New Delhi,"$4,000,000",Series B,"Yuj Ventures, Sixth Sense Ventures",2021,February
KreditBee,FinTech,Bangalore,"$75,000,000",Series C,"Premji Invest, Mirae Asset Naver Asia Growth Fund, Alpine Capital",2021,February
Pencil,Content publishing,Mumbai,"$1,000,000",Pre-series A,"Inflection Point Ventures, SucSEED Venture Partners",2021,February
Aisle,Dating,Bangalore,,Pre-series A,"Anas Rahman Junaid, Vinod Jose",2021,February
Marquee Equity,FinTech,Mumbai,"$3,800,000",,"Capital One, Arrowroot Capital",2021,February
UptimeAI,AI startup,Bangalore,"$1,500,000",Seed,YourNest Venture Capital,2021,February
WizKlub,EdTech,Bangalore,"$800,000",Pre-series A,Incubate Fund India,2021,February
Zolve,FinTech,Bangalore,"$15,000,000",Seed,"Kunal Shah, Greg Kidd",2021,February
MediBuddy,EdTech,Bangalore,"$3,000,000",Debt,"InnoVen Capital, TEAMFund",2021,February
Pariksha,EdTech,Pune,"$2,000,000",Pre-series A,"Venture Catalysts, 9Unicorns Accelerator Fund",2021,February
Express Stores,E-commerce,Gurugram,"$1,000,000",Seed,"Venture Highway, Rohit Bansal",2021,February
Avataar Ventures,FinTech,Bangalore,"$100,000,000",,,2021,February
Zingbus,Transportation,Haryana,,Pre-series A,"Venture Catalysts, 9Unicorns Accelerator Fund",2021,February
Phable,HealthTech,Bangalore,"$12,000,000",Series A,"Fresco Capital, Social Starts",2021,February
Codingal,EdTech,Bangalore,,,"Y Combinator, Rebright Partners",2021,February
Supply6,Helathcare,Bangalore,"$100,000",Seed,"Rohit Goutamchand, India CXO Fund",2021,February
Swajal,Water purification,Gurugram,"$1,600,000",Pre-series A,"Rajasthan Venture Capital Fund, ACPL Exports",2021,February
BharatPe,FinTech,New Delhi,"$100,000,000",Series D,"Amplo, Insight Partners",2021,February
Filo,EdTech,New Delhi,"$260,000",Pre-seed,Better Capital,2021,February
Method & Madness,Real Estate,Mumbai,"$2,000,000",Seed,Justin Mateen,2021,February
EduFund,FinTech,Gujarat,"$300,000",Pre-seed,View Trade Holding Corp,2021,February
Pepperfry,E-commerce,Mumbai,"$30,000,000",Debt,"InnoVen Capital, Bertelsmann India Investments",2021,February
Zingavita,HealthTech,Chandigarh,"$400,000",,Anicut Angel Fund,2021,February
Hypd Store,Content commerce,New Delhi,,Pre-seed,ScoopWhoop,2021,February
VerSe Innovation,Innovation Management,Bangalore,"$1,000,000,000",Series H,"Canaan Valley Capital, Glade Brook Capital Partners",2021,February
Supersourcing,Software company,Indore,"$200,000",Seed,"Vijay Shekhar Sharma, Dr Ritesh Malik",2021,February
AutomataPi,Automation,Powai,"$400,000",Seed,Indian Angel Network,2021,February
Newton School,EdTech,Bangalore,"$5,000,000",Series A,"RTP Global, Harshil Mathur",2021,February
TenderCuts,Food Industry,Chennai,"$15,000,000",,"Paragon Partners, NABVENTURES",2021,February
Siply,FinTech,Bangalore,"$1,000,000",Seed,Inflection Point Ventures,2021,February
SarvaGram,FinTech,Mumbai,"$10,000,000",Series B,Elevation Capital,2021,February
Unlu,Celebrity Engagement,Gurugram,"$1,000,000",Seed,EXPERT DOJO,2021,February
GlobalFair,Trading platform,Gurugram,"$2,000,000",Seed,"Saama Capital, India Quotient",2021,February
Eduvanz,FinTech,Mumbai,"$10,000,000",Debt,"InCred Financial Services, Vivriti Capital, Northern Arc Capital",2021,February
OwO,E-commerce,Gurugram,"$200,000",,ah! Ventures,2021,February
Progcap,FinTech,New Delhi,"$1,000,000",Debt,"Somak Ghosh, M V Nair",2021,February
ABL Workspaces,Hospitality,New Delhi,"$600,000",Pre-series A,Wurk,2021,February
Nazara Technologies,Gaming,Mumbai,"$10,000,000",,"Plutus Wealth Management, Turtle Entertainment",2021,February
Scentials,Personal Care,Mumbai,"$6,000,000",,"Ambiga Subramanian, Goutham Ekollu",2021,February
SplashLearn,EdTech,Gurugram,"$18,000,000",Series C,"Accel, Owl Ventures",2021,February
Maya,HealthTech,Bangalore,"$2,200,000",Seed,Rajan Anadan,2021,February
GoTo,Transportation,Ghaziabad,"$150,000",,Jesse Lucas,2021,February
MediBuddy,HealthTech,Bangalore,"$40,000,000",Series B,"IDFC Private Equity, Bessemer Venture Partners",2021,February
Zetwerk,E-commerce,Bangalore,"$120,000,000",Series D,"Sequoia Capital India, Accel",2021,February
Remedico,Healthcare,Hyderabad,"$500,000",,"Venture Catalysts, Tahseen Consulting",2021,February
PrepBytes,EdTech,Gurugram,,,Equanimity Ventures,2021,February
SATYA MicroCapital,FinTech,New Delhi,"$20,000,000",,"BlueOrchard Finance S A, Gojo & Company",2021,February
YourPhysio,HealthTech,Nagpur,"$350,000",Pre-seed,"Better Capital, Titan Capital",2021,February
Aviom Housing Finance,FinTech,New Delhi,"$1,000,000",Debt,Gojo & Company,2021,February
Hemp Horizons,Cannabis startup,Noida,"$200,000",Seed,Mumbai Angels,2021,February
MPL,Gaming,Bangalore,"$95,000,000",,"Pegasus Tech Ventures, Base Partners",2021,February
Koo,Blogging,Bangalore,"$4,100,000",Series A,"3one4 Capital, Accel",2021,February
InnerHour,Healthcare,Mumbai,"$5,200,000",Series A,"Hitesh Oberoi, Lightbox",2021,February
Origo,AgriTech,Gurugram,"$10,000,000",Debt,YES Bank,2021,February
ExMyB,Consulting,Gurugram,,Seed,Campus Fund,2021,February
Elucidata,BioTechnology,New Delhi,"$5,000,000",Pre-series A,Hyperplane Venture Capital,2021,January
Saveo,HealthTech,Bangalore,"$4,000,000",Seed,"Matrix Partners India, RTP Global",2021,January
Qin1,EdTech,Noida,,Pre-series A,Venture Catalysts,2021,January
DotPe,FinTech,Gurugram,"$8,000,000",Seed,"Info Edge, Ruizheng Investment",2021,January
Taskmo,B2B Marketplace,Bangalore,"$1,400,000",,Quess Corp India,2021,January
MasterMentors,EdTech,West Bengal,"$1,500,000",,,2021,January
KIKO TV,E-commerce,Mumbai,,Pre-series A,"Sunil Kumar Singhvi, 9Unicorns Accelerator Fund",2021,January
Quali55Care,Health care,Mumbai,,Seed,India Accelerator’s Angel Investor Network,2021,January
Ruptok,FinTech,New Delhi,"$10,000,000",,Wurk,2021,January
RevFin,FinTech,New Delhi,,,Shell Foundation,2021,January
SeeVC,Tech Startup,New Delhi,"$1,000,000",Seed,Jimmy Singh,2021,January
Junio,EdTech,New Delhi,"$1,000,000",,"Kunal Shah, Deepak Abbot",2021,January
VenWiz,B2B service,Bangalore,"$300,000",Seed,"Accel, Nexus Venture",2021,January
Vista Rooms,Hospitality,Mumbai,"$1,000,000",,"Singapore Angel Network, Artha India Ventures",2021,January
Makers Hive,Tech Startup,Hyderabad,"$9,000,000",,"Starfish Growth Partners, Investpad",2021,January
Headfone,Social audio,Bangalore,"$3,000,000",Seed,Hashed,2021,January
Zouk,Fashion and lifestyle,Mumbai,,Seed,Titan Capital,2021,January
MPL,Gaming,Bangalore,"$5,000,000",,"Pegasus Tech Ventures, Base Partners",2021,January
GrowFix,FinTech,Bangalore,"$2,000,000",Seed,"Zerodha's Rainmatter Capital, Better Capital",2021,January
Bombay Shaving Company,Fashion and lifestyle,New Delhi,"$6,000,000",,"Sixth Sense Ventures, Colgate Palmolive",2021,January
Dunzo,Delivery service,Bangalore,"$40,000,000",Series E,"Lightbox, Evolvence India Fund",2021,January
BeyondSkool,EdTech,Mumbai,"$2,000,000",Seed,Tomorrow Capital,2021,January
Mindler,EdTech,New Delhi,"$1,000,000",Pre-series A,"Inflection Point Ventures, DLabs",2021,January
Fashinza,B2B Manufacturing,Gurgaon,"$2,600,000",Seed,"Accel Partners, Elevation Capital",2021,January
BharatPe,FinTech,New Delhi,"$6,000,000",Debt,"InnoVen Capital, Steadview Capital",2021,January
Turnip,Gaming,Bangalore,"$1,600,000",Seed,Elevation Capital,2021,January
Furlenco,Home Decor,Bangalore,"$2,000,000",,BlackSoil Capital,2021,January
Inficold,Solar,New Delhi,"$900,000",Pre-series A,Shell Foundation,2021,January
KIWI,TaaS startup,New Delhi,"$250,000",Seed,"PointOne Capital, Core91 VC",2021,January
Digit Insurance,FinTech,Bangalore,,,"A91 Partners, Faering Capital",2021,January
BharatPe,FinTech,New Delhi,"$10,000,000",Debt,"InnoVen Capital, Steadview Capital",2021,January
MFine,Health care,Bangalore,"$16,000,000",,"Blockchain Capital, SBI Ven Capital",2021,January
Udayy,EdTech,Gurgaon,"$2,500,000",Seed,Alpha Wave Incubation,2021,January
Lohum,EV startup,Noida,"$7,000,000",,"Baring Private Equity Partners India, Talbros",2021,January
Darwinbox,HR Tech,Hyderabad,"$15,000,000",,"Sequoia Capital India, 3one4 Capital",2021,January
DeHaat,AgriTech,Patna,"$30,000,000",Series C,"Prosus Ventures, RTP Global",2021,January
Samunnati,AgriTech,Chennai,"$10,000,000",Debt,"U.S. International Development Finance Corp, responsAbility",2021,January
Biconomy,Blockchain startup,New Delhi,"$1,500,000",Seed,"Binance Labs, Zee Prime Capital",2021,January
True Elements,Food and Beverages,Pune,"$1,000,000",,RP-Sanjiv Goenka Group,2021,January
Siply,FinTech,Bangalore,"$1,000,000",Seed,Inflection Point Ventures,2021,January
Nao Spirits & Beverages Pvt Ltd,Beverages,New Delhi,"$2,000,000",Series A,,2021,January
PurpleTutor,EdTech,Mumbai,"$300,000",Seed,IvyCap Ventures,2021,January
Karkhana.io,Manufacturing startup,Mumbai,"$1,500,000",Seed,Zone Startups In,2021,January
SSA Finserv,FinTech,Mumbai,"$3,000,000",,Blue Ashva Capital,2021,January
CoinSwitch Kuber,Cryptocurrency,Bangalore,"$15,000,000",Series A,"Ribbit Capital, Kunal Shah",2021,January
Paperfly,E-commerce,Bangalore,"$11,000,000",,Ecom Express,2021,January
Infra.Market,E-commerce,Thane,"$6,000,000",Debt,InnoVen Capital,2021,January
ReadyAssist,Vehicle repair startup,Bangalore,"$1,000,000",Seed,Satish Grampurohit,2021,January
Chalo,IT,Mumbai,"$7,000,000",,"Amit Singhal, Raine Ventures",2021,January
Unacademy,EdTech,Bangalore,"$50,000,000",,"Tiger Global, Dragoneer Investment Group, Steadview Capital, General Atlantic",2021,January
Ergos,AgriTech,Samsitpur,"$3,000,000",Series A,"CDC Group, Aavishkaar Venture Capital",2021,January
Bolkar,Social network,Bangalore,,,"GSF, Pras Hanuma",2021,January
Wright Research,Advisory firm,Mumbai,,Pre-seed,"Ajat Hukkoo, Piyush Chaplot",2021,January
Knocksense,Media,Lucknow,"$200,000",,"Mumbai Angels, Amitesh Pandey",2021,January
Pariksha,EdTech,Pune,"$1,800,000",,"Venture Catalysts, 9Unicorns Accelerator Fund",2021,January
Toothsi,Healthcare,Mumbai,"$5,000,000",Series A,Think Investments,2021,January
Jumbotail,Food and Beverages,Bangalore,"$14,300,000",Series B3,"Nexus Venture Partners, 23 High Networth Individuals (HNIs)",2021,January
Phi Commerce,FinTech,Pune,"$4,000,000",Series A,"Yatra Angel Network, BEENEXT",2021,January
Zupee,Gaming,Gurgaon,"$10,000,000",,"Orios Venture Partners, Matrix Partners India",2021,January
Oneiric Gaming,Gaming,Chandigarh,,,Trishneet Arora,2021,January
Finsall,Insuretech,Bangalore,"$300,000",Seed,Unicorn India Ventures,2021,January
Legalwiz.in,Legaltech,Ahmedabad,"$500,000",,ContCentric,2021,January
Practically,EdTech,Telangana,"$4,000,000",Pre-series B,Siana Capital,2021,January
Cred,FinTech,Bangalore,"$81,000,000",Series C,"DST Global, General Catalyst",2021,January
Devic Earth,Pollution control equiptment,Bangalore,"$1,000,000",,Blue Ashva Capital,2021,January
Zerone,FinTech,Gurgaon,"$1,300,000",Pre-series A,Anthill Ventures,2021,January
boAt,Fashion & Lifestyle,Mumbai,"$100,000,000",PE,"InnoVen Capital, InnoVen Capita",2021,January
Pocket Aces,Media,Mumbai,"$2,000,000",,"3one4 Capital, DSP Group",2021,January
Kyt,EdTech,Bangalore,"$5,000,000",Series A,Alpha Wave Incubation,2021,January
iMumz,Healthcare,Bangalore,"$300,000",,"Enzia Ventures, AngelList",2021,January
BharatPe,FinTech,New Delhi,"$8,200,000",Debt,"Steadview Capital, Insight Partners",2021,January
CropIn,AgriTech,Bangalore,"$20,000,000",Series C,"Invested Development, Pratithi Investment Trust",2021,January
Udaan,E-commerce,Bangalore,"$280,000,000",,"Octahedron Capital, Moonstone Capital",2021,January
Vanity Wagon,Cosmetics,Haryana,"$200,000",Seed,"Dhianu Das, Agility Venture Partners",2021,January
Oyo,Hospitality,Gurgaon,"$7,000,000",Series F1,Hindustan Media Venture,2021,January
Agri10x,AgriTech,Pune,,Seed,Omnivore,2021,January
BlackSoil,FinTech,Mumbai,"$4,000,000",,Awign Enterprises,2021,January
HobSpace,EdTech,Mumbai,"$100,000",Pre-series A1,"Siddharth Bhaskar Shah, Upsparks",2021,January
DcodeAI,EdTech,New Delhi,"$500,000",,S Chand,2021,January
Biocon Biologics,BioTechnology,Bangalore,"$70,000,000",,"Goldman Sachs, Tata Capital",2021,January
KiranaKart,E-commerce,Mumbai,"$720,000",Pre-seed,Global Founders Capital,2021,January
Meddo,Healthcare,Gurgaon,"$3,000,000",Pre-series A,"growX ventures, Venture Gurukool",2021,January
"MoooFarm,",Information&Technology,Gurgaon,$16600000,SeriesA,Accel and Aditya Birla Ventures,2022,December
"HealthKart,",E-Commerce,Gurgaon,$19600000,SeriesH,A91 Partners and Kae Capital,2022,December
OneGreen,E-Commerce,Gurgaon,$1500000,Seed,Sandhar Technologies and Sunil Kamath,2022,December
AlgoBulls,Financial Services,Mumbai,$2500000,Seed,. Sharath Kumar and Yuvraj A. Thakker,2022,December
"Swageazy,",Marketing,gurgaon,$700000,Seed,Anicut Capital and Dhruv Toshniwal,2022,December
Amikus AI,Artificial Intelligence,Bengalaru,$11650000,SEED,Inflection Point Ventures and Entrepreneur First,2022,December
Onsite,Healthcare,Cumberland Furnace,$15000000,Series A,,2022,December
"Swageazy,",Marketing,Gurgaon,$70000000,Seed,Anicut Capital and Dhruv Toshniwal,2022,December
Vidyut Tech,Electric Vehicle,Bengalaru,$39000000,Seed,. Veda VC and Sujeet Kumar,2022,December
Mabel,Jewellery,Bengalaru,$15000000,Seed,. Incubate Fund India and Whiteboard Capital,2022,December
UOLO,Information Technology,Gurgaon,$255000000,SeriesA,Morphosis Venture Capital and Winter Capital,2022,December
Varaha,Agtech,Delhi,$4000000,Seed,. Kunal Shah and Orios Venture Partners,2022,December
Contlo,Analytics,"Newark, Delaware",$42000000,Seed,Varun Sadana and Titan Capital,2022,December
In-Med Prognostics,Healthcare,Pune,$22000000,Seed,. Exxora and RICH Research and Innovation Circle of Hyderabad,2022,December
ThingsUp,Internet,Pune,$70460000,Seed,Lead Angels Network,2022,December
Zoivane Pets,Service industry,Surat,$704600000,seed,GVFL and We Founder Circle,2022,December
Blod.in,Healthcare,Chennai,$,,Bhopan Krishnan and Prabhu Rangarajan,2022,December
GalaxEye,Sattelite connection,Chennai,$3500000,Seed,. Anicut Capital and Nithin Kamath,2022,December
Hexo,Software,Bengalaru,$27000000,Preseed,Antler India,2022,December
Virgio,Product design,Bengalaru,$140000000,SeriesA,Kunal Shah and Prosus Ventures,2022,December
Grow Indigo,Agriculture,Mumbai,$6000000,Seed,Mahyco Seeds Ltd. and Indigo,2022,December
WayCool Foods,Food&Beverages,Chennai,$404000000,Unknown,. Trifecta Capital Advisors and Trifecta Capital Advisors,2022,December
The Ayurveda Experience,Healthcare,Singapore,$75000000,Unknown,Riverwalk Holdings and Fireside Ventures,2022,December
Decentro,Financial Services,Bengalaru,$47000000,Series A,Leonis Investissement and Kunal Shah,2022,November
The Meat chop,Food &Beverages,Chennai,$700000,Seed,Jai Kumar and Mohan Karuppiah,2022,November
MoEVing,Automotive,Gurgaon,$12400000,Seed,JSW Ventures and Stride Ventures,2022,November
AlmaBetter,Educaton,Banglore,$2160000,Seed,Varun Alagh and Rajesh Yabaji,2022,November
SolarSquare Energy,Renewable Energy,Mumbai,$12000000,SeriesA,Lowercarbon Capital and Vidit Aatrey,2022,November
CashKaro,E-Commerce,Gurgaon,$30200000,Series C,Affle and Korea Investment Partners,2022,November
"Rivaara Labs,",Healtcare,Mumbai,$6000000,Undisclosed,BHARAT V. DAFTARY and Kotak Investment Advisors,2022,November
Driffle,E-Commerce,,$34000000,Seed,Better Capital and Amit Damani,2022,November
Cashkaro,E-Commerce,Gurgaon,$3000000,SeriesC,Affle and Korea Investment Partners,2022,November
Arya.ag,E-Commerce,Noida,$,,,2022,November
"Rivaara Labs,",Healthcare,Mumbai,$60000,undisclosed,BHARAT V. DAFTARY and Kotak Investment Advisors,2022,November
Dhiway,Information Technology,Banglore,$100000,Preseed,. Cornerstone Venture Partners Fund and SUNiCON Ventures,2022,November
CureBay,Healthcare,Bhubhneshwar,$5000000,SeriesA,Elevar Equity.,2022,November
Garuda Aerospace,Arospace #REF!,Chennai,Unknown,,$5100000,2022,November
Aspada,Finance,Banglore,$1700000,Seed,SONG Fund,2022,November
Bold Finance,Financial Services,Mumbai,$1700000,Seed,Kae Capital and Ishpreet Gandh,2022,November
Ecotrail Personal Care,Cosmetics,Ahmedabad,$,,GVFL.,2022,November
Automovil,Automotive,Banglore,$100000,Seed,Inflection Point Ventures and Santosh Chandra,2022,November
Lentra,Information Technology,Pune,$7100000,SeriesB,Bessemer Venture Partners and Citi Ventures,2022,November
IndiaMart,E-Commerce,Noida,$40800000,Unknown,M1xchange raised,2022,November
Beato,Healthcare,NewDelhi,$47400000,SeriesB,. Orios Venture Partners and Flipkart Ventures,2022,November
Buyofuel,Oil&gas,Coimbatore,$13100000,Seed,Inflection Point Ventures and LetsVenture,2022,November
NirogStreet,Healthcare,NewDelhi,$21700000,SeriesB,Spiral Ventures and ICMG Partners,2022,November
VunetSystems,Information&Technology,Banglore,$500000,SeriesA,TVS Capital Funds and Athera Venture Partners,2022,November
Bira 91,Food&Beverages,NewDelhi,$283200000,SeriesD,The Beer Café,2022,November
Soptle,Software,Gurgaon,$300000,Angel,Vaishnav Shetty and Ankur Aggarwal,2022,November
Sukoon,Proffesional Services,Karachi,$1500000,Seed,Crescent Ventures and Dotzero Ventures,2022,November
Rapidbox,E-Commerce,Banglore,$4500000,SeriesA,"Abhishek Kumar, Gautam Chopra, Kunal Kinalekar, Yash Sehgal",2022,November
Motovolt Mobility,Electrical Automobiles,,$16000000,Seed,Vikrampati Singhania and Wami Capita,2022,November
Galgal,Financial Services,Mumbai,$100000,Seed,,2022,November
Fresh from Far,Farming,New Delhi,$3200000,Seed,Inflection Point Ventures,2022,November
Celebal Technologies,Information&Technology,Jaipur,$2600000,Unknown,Norwest Venture Partners.,2022,November
"Covvalent,",Chemical,Gurgaon,$34400000,Seed,Rehan A Khan and Anubhav Jain,2022,November
Aarav Info Solutions,Information&Technology,Ahmedabad,$,,,2022,October
Better Beauty,Cosmetics,Delhi,$200000,Undisclosed,Lotus Herbals,2022,October
Goofy Tails,Nutrition,Delhi,$500000,,BeyondSeed and The Chennai Angels,2022,October
Wright Reseach,Artificial Intelligence,Mumbai,$1100000,Seed,Orios Venture Partners and Ajat Hukkoo,2022,October
Gigforce,Information Technology,Bengalaru,$507500000,Seed,Venture Catalysts and ZNL Growth,2022,October
BioPrime,Biotechnology,Pune,$2600000,Seed,Inflexor Ventures and Omnivore,2022,October
Hubbler,Information&Technology,Karnataka,$1500000,Seed,LenDenClub Alpha and Unicorn India Ventures,2022,October
Trendlyne,Financial Services,Banglore,$2800000,SeriesA,. IIFL Special Opportunities Fund and IIFL Securities,2022,October
MyySports,Software,New Delhi,$2000000,Preseed,MyHashstash,2022,October
Oddr,Artificial Intelligence,Sanfrancisco,$2000000,Seed,Twin Ventures and Saama Capital,2022,October
Yoho,Manufacturing,New Delhi,$2400000,SeriesA,Rajeev Misra and Vijay Shekhar Sharm,2022,October
Wishlink,Content Creator,Gurgaon,$3000000,Seed,Sanjeev Barnwal and Shantanu Deshpande,2022,October
DaMENSCH,Textile,Bengalaru,$190000000,Series B,Saama Capital and Matrix Partners India,2022,October
Artium Academy,Education,Mumbai,$3800000,Seed,Chiratae Ventures and Piyush Shah,2022,October
Fittbudd,Wellness,Gurgaon,$3400000,Seed,Sequoia Capital India and Waveform Ventures,2022,October
5CNetwork,Healthcare,Benglaru,$5800000,Series A,Rohit Razdan and Shiv Tallam,2022,October
Explorex,SaaS,Banglore,$6000000,Seed,Taher Savliwala and Kevin Lin,2022,October
FlickStree,Digital Media,Mumbai,SeriesB,,$10600000,2022,October
Vecmocon,Information Technology,New Delhi,$5300000,Seed,Tiger Global Management and Blume Ventures,2022,October
Isthara,Hospitality,Hyderabad,$20900000,Series B,Eagle Investments and Eagle Proprietary Investments,2022,October
Assidus Global,E-Commerce,Wilmington,$1700000,SeriesA,"Isthara offers shared-living accommodations as well as a variety of facilities, to working professionals and students",2022,October
Better Beauty,Beauty,Delhi,$200000,Undisclosed,Lotus Herbals.,2022,October
Avataar Venture Partners,Financial Services,Banglore,$,,Avataar Venture Partners Fund II,2022,October
Reevoy,Home-Decor,United Kingdom,$10800000,Undisclose,Kilde and Earlsfield Capital,2022,October
Investmint,Trading Platform,Bengalaru,$200000,Seed,Nexus Venture Partners,2022,October
BeepKart,"Automotive """,Benglaru,,,,2022,October
"""",$12800000,Chiratae Ventures and Stellaris Venture Partners,,,,2022,October
RevFin,Fintech,Delhi,$266000000,Series A,Green Frontier Capital and LC Nueva Investment Partners,2022,October
Tring,Social Media,Mumbai,$7400000,Seed,Redbrook Pte Ltd and Blume Founders Fund,2022,October
Carapace,Digital Marketing,Mumbai,$,,,2022,October
Soothe Healthcare,Healthcare,Noida,$38700000,Undisclosed,Sixth Sense Ventures and A91 Partners,2022,October
EMotorad,Manufacturing,Pune,$46500000,Seed,Ivy Growth Associates and LetsVenture,2022,October
Impact Analytics,Artificial Intelligence,Linthicum Heights,$21800000,Series B,The Argentum Group and The Argentum Group,2022,October
DeHaat,Agriculture,Bihar,$238600000,Series E,RTP Global and Sofina,2022,October
BluSapphire Cyber System,Information Technology,Stamford,$9200000,Series B,Baring Private Equity India and Dallas Venture Capital,2022,October
Sama,Legal,Bengalaru,$,Seed,Campus Fund,2022,October
Himshakti,Food and Beverages,Dehradun,$1700000,Pre seed,Indian Institute of Management Kashipur and Varun Agrawal,2022,October
GoFloaters,Information Technology,Chennai,$,Seed,Loyal VC,2022,October
Kinara Capital,Financial Services,Bengalaru,$153500000,Unknown,Nuveen Investments and British International Investment,2022,October
Bikebazar,E-commerce,"São Paulo,",$,,,2022,September
Oll,Education,Mumbai,$13290000,Seed,Harsh Metha and Sandeep Balaji,2022,September
Toffee Coffee,Food Processing,Banglore,$1000000,Seed,Uday Chatterjee and Rajeev Sarda,2022,September
Papa pawsome,Service industry,Thane,$20000000,Seed,Mandar Joshi and ITI Growth Opportunities Fund,2022,September
XR Central,Software,Gurgaon,$2500000,Seed,Tarun Tahiliani and Nitin Seth,2022,September
Vs napu,E-Commerce,Banglore,$2000000,Seed,Inflection Point Ventures,2022,September
Equip.co,Recruiting,Benglaru,$6400000,Pre seed,Better Capital,2022,September
Zevi,Software,Bengaluru,$9050000,Pre seed,Kube VC and Entrepreneur First a,2022,September
Purple tutor,Education,Mumbai,$1600000,Series A,Arjun Malhotra and Disruptors Capital,2022,September
Zerund,Manufacturing,Guwahati,$97570000,SEED,Dreamweaver Investments and Northeast Venture Fund (,2022,September
Klassroom Edutech,Education,Mumbai,$1500000,Undisclosed,StartupLanes and ah! Ventures,2022,September
Userstudy,Recruiting,Banglore,$7500000,Pre seed,Sparrow Capital and Better Capital,2022,September
Autify Networks,Software,Sanfrancisco,$13000000,Series A,Salesforce Ventures and Tably,2022,September
Anveshan,Food&Beverages,Banglore,$25000000,Seed,Amit Hooja and Force Ventures,2022,September
FinAGG,Financial Services,Noida,$300000,Seed,BlinC Invest and Prime Venture Partners,2022,September
Project Hero,Construction,Banglore,$3600000,Seed,Omidyar Network India and Ankur Capital,2022,September
Daalchini,Food&Beverages,New Delhi,$57000000,Series A,Ajay Kaul and Unicorn India Venture,2022,September
Suite42,Food&Beverages,Bengaluru,$4300000,Seed,Sujeet Kumar and All In Capital,2022,September
StayVista,Hospitality,Mumbai,$71000000,Undisclosed,Capri Global Capital and DSG Consumer Partners,2022,September
Lucidity,Information Technology,Bengaluru,$5600000,Seed,Sparrow Capital and BEENEXT,2022,September
Powerplay,Construction,Bengaluru,$12300000,Series A,Kunal Bahl and India Quotient,2022,September
Casflo,Financial Services,Mumbai,$12100000,Series B,Elevation Capital and Nitin Gupta,2022,September
ZippMat,Saas,Bengalaru,$1000000,Seed,TradeCred and Matrix Partners India,2022,September
GroMO,Financial Services,Gurgaon,$11600000,Series A,Abhishek Goyal and Goodwater Capital,2022,September
Bhanzu,Education,Hyderabad,$1300000,SeriesA,Lightspeed Venture Partners and Eight Roads Ventures,2022,September
DeepRooted,Agriculture,Banglore,$1800000,Series A,IvyCap Ventures and Mayfield Fund,2022,September
Murf AI,Artificial Intelligence,Utah,$11500000,Series A,Ajay Arora and Yamini Bhat,2022,September
Bincos,Crypto Currency,Banglore,$400000,Seed,Better Capital and Acce,2022,September
TrueFoundry,Software,Sanfrancisco,$2300000,Seed,Dilip Khandelwal and Anthony Goldbloom,2022,September
TurboHire,Software,Hyderabad,$300000,Seeds,Purvansh Holdings and Mumbai Angels,2022,September
ALYF,Real state,Mumbai,$112500000,Seed,9Unicorns Accelerator Fund and Venture Catalysts,2022,September
Savart,Financial Services,Hyderabad,$2100000,Seed,BEENEXT and 9Unicorns Accelerator Fund,2022,September
Outscal,Information Technology,New Delhi,$1500000,Seed,Kalaari Capital.,2022,September
Kogo,Information Technology,New Delhi,$1600000,Corporate Round,MapmyIndia and Rampraveen Swaminathan,2022,September
Hackle,Logistics,Bengaluru,$1000000,Pre seed,Elara India Opportunities Fund and Callapina Capita,2022,September
Esmito,Information Technology,Taramani,$1000000,Seed,Unicorn India Venture,2022,September
Biggies Burger,Food &Beverages,Banglore,$5500000,Seed,LetsVenture and Indian Angel Network,2022,September
Univest,Financial&Services,Gurgaon,$4716000,Pre seed,. Chetan Nigam and Rahul Gambhir,2022,September
Money Plannned,Financial&Services,Banglore,$6233000,Seed,. Sameer Khan and Joseph R. Saviano,2022,September
Ustraa,Cosmetics,New Delhi,$,,"Fresh Funding From Info Edge, Others",2022,September
Signzy,Financial Services,Hyderabad,$38400000,Series B,Arkam Ventures and Vertex Ventures,2022,September
Zypp,Electrical Vehicle,Gurgaon,$11600000,Undisclosed,Northern Arc and Mark Joseph,2022,September
Molbio,Healthcare,Goa,$117500000,Undisclosed,Temasek Holdings and Motilal Oswal Private Equity,2022,September
Faad Network,Financial Services,New Delhi,$,,Sugar Watchers,2022,September
Cheelizza,Food&Beverages,Mumbai,$4110000,Seed,Indian Angel Network and Rahul Surana,2022,September
Razorpay,Financial&Services,Banglore,$816300000,,Posh Vine,2022,September
FourKites,Software,Chicago,$241500000,,Mitsui & Co and FedEx,2022,September
Kidbea,Fashion,Noida,$20100000,Preseed,Divij Bajaj and Samiullah Shaik,2022,September
Ockypocky,Videogames,Haryana,$400000,Seed,Goodwater Capital and AngelList Quant Fund,2022,August
TartanHQ,Information&Technology,Banglore,$4500000,Seed,Varanium Capital Advisors and 500 Startups,2022,August
Voiz,Proffesional Services,Banglore,$200000,Seed,Omidyar Network,2022,August
WebEngage,"Enterprise Software """,Mumbai,$21100000,SeriesB,Singularity Growth Opportunities Fund and Blume Ventures,2022,August
Credit Fair,Financial Services,Mumbai,$25500000,Seed,Nikhil Chandra Gupta and Caspian Impact Investments,2022,August
Dezerv,Financial Services,Mumbai,$27700000,Series A,GTM Ventures and Whiteboard Capital,2022,August
Bizongo,Packaging Services,Mumbai,$265300000,,Debt Financing,2022,August
Jify,Financial Services,Mumbai,$,,,2022,August
CredAble,Financial Services,Mumbai,$58800000,Undisclosed,Axis Bank and OAKS Asset Managemen,2022,August
Cultures To Love,Food&Beverages,Mumbai,$7700000,Series A,Insitor Partners and Alkemi Venture Partners,2022,August
Nykaa,Beauty,Mumbai,$148500000,Undisclosed,Little Black Book,2022,August
Eyestem,Biotechnology,Bengalaru,$6400000,Series A,Natco Pharma and Kotak Private Equity,2022,August
Scripbox,Financial&Services,Bengalaru,$5500000,SeriesD,Wealth Managers,2022,August
Lysto,Financial&Services,Bengalaru,$1200000,Seed,. Better Capital and BEENEXT,2022,August
Produze,Food&Beverages,Bengalaru,$2600000,Seed,Thirukumaran Nagarajan and All In Capital,2022,August
Sunstone,Vacational Education,Gurgaon,$68100000,SeriesC,Alteria Capital and Westbridge Capital,2022,August
Enguru,Education,Banglore,$4200000,Seed,LetsVenture and Arihant Patni,2022,August
Webnyay,Fintech,Delhi,$,,SucSEED Indovation and Inflection Point Ventures,2022,August
Mojocare,Healthcare,Banglore,$1800000,Series A,B Capital Group and Surge,2022,August
Winuall,E-Learning,Banglore,$41000000,Series A,Ankit Bhati and Inflection Point Ventures,2022,August
Merlinwand,E-Commerce,Hyderabad,$1000000,Seed,,2022,August
Zlade,Health,Pune,$110000,undisclosed,Corporate Round from Velocity,2022,August
Redeminds,Edtech,Banglore,$2200000,,Surfboard Ventures and Nishant Patel,2022,August
The Health Factory,Food&Beverages,Mumbai,$2000000,Seed,Venture Garage and Vikas D Nahar,2022,August
Renkube,Solar,Bengalaru,$2400000,Seed,K4 Forum Mumbai Network and Halliburton Labs,2022,August
Yostra labs,Healthcare,Bengalaru,$7380000,Seed,Villgro USA and Indian Angel Network,2022,August
Coffeee,Information Technology,Gurgaon,$4700000,Preseed,Rameez Menon and Renu Satti,2022,August
AutoNxtAutomation,Automation,Thane,$100000,Seed,Virya Mobility 5.0 and Keiretsu Forum,2022,August
Naagin,Food&Beverages,Mumbai,$7500000,Seed,8i Ventures and Abhishek Bachchan,2022,August
BuyEazzy,Fashion,Delhi,$1300000,seed,Superb Capital and M Venture Partners (MVP,2022,August
Sunday Design,Manufacturing,Delhi,$2800000,seed,QRG Investments and Holdings and KC/LLC,2022,August
Zeda.io,Information&Technology,Bengalaru,$3400000,seed,BEENEXT and Radiant SFO,2022,August
Prolance,SaaS,Bengalaru,$2000000,seed,Force Ventures and Foundamental,2022,August
Metamorphosis,Communities,Hyderabad,$,,BuiltWith,2022,August
EyemyEYE,Internet,Gurgaon,$598800000,Series A,LetsVenture and LC Nueva Investment Partners,2022,August
RuskMedia,Digital Media,New Delhi,$11900000,Series A,Audacity Venture Capital and Mistry Ventures,2022,August
Exponent Energy,Electronics,Bengaluri,$17800000,Series A,Lightspeed India Partners and YourNest Venture Capital,2022,August
Phyllo,Software,Sanfrancisco,$17800000,SeriesA,Sima Gandhi and Nexus Venture Partners,2022,August
Liquide,Trading Platform,Bengalaru,$2200000,Seed,Ruchi Kalra and Sandeep Singh,2022,August
Servify,Consumer Software,Mumbai,$114400000,Series D,Singularity Growth Opportunities Fund and BEENEXT,2022,August
Awign,E-commerce,Bengalaru,$20500000,series B,Amicus Capital Partners and Michael & Susan Dell Foundation,2022,August
XYXX Apparels,Fashion,Surat,$3500000,Undisclosed,Sauce.vc and DSG Consumer Partners,2022,August
Cricinshots,Gaming,Wilmington,$,,Antler India and Pareen Lathia,2022,August
Kedara Capital,Financial Services,Mumbai,$4000000,Undisclosed,Oasis Fertility,2022,August
Easy Salary,Financial Services,Pune,$130300000,Series D,TPG Growth and Norwest Venture Partners,2022,August
Ensuredit,Artificial I ntelligence,Banglore,$4900000,Seed,. Venture Catalysts and 9Unicorns Accelerator Fund,2022,July
Zyla Health,Healthcare,New Delhi,$100000,Seed,Supermorpheus and Vivek Shah,2022,July
AntWalk,E-Learning,Banglore,$8800000,series A,Y Combinator and Matrix Partners India,2022,July
Snooplay,Marketplace,New Delhi,$535000,Seed,Amogh Kmar Gupta,2022,July
Acefour Accesoeies,Travel,Mumbai,$8500000,Seed,Sixth Sense Ventures and Volrado Ventures,2022,July
BuildNext,Construction,Kochi,$400000,Seed,Vineet Kumar and Deep Gupta,2022,July
Vegrow,Agriculture,Banglore,$40400000,SeriesB,Prosus Ventures and Ankur Capita,2022,July
Mokobara,E-Commerce,Banglore,$6800000,SeriesaA,Ashish Goel and Alteria Capital,2022,July
Wheelocity,Warehousing,Chennai,$1200000,SeriesA,Lightspeed India Partners and Anicut Capital,2022,July
Conscent,Information&Technology,New Delhi,$172600000,,PitchRight Venture and Vijay Sivaram,2022,July
Hyperface,Finance Services,Banglore,$10300000,Seed,Global Founders Capital and Flipkart,2022,July
Faarms,Agriculture,Bengalaru,$1200000,Seed,Boon Hwee Koh and Dr. Cornelius Boersch,2022,July
Detect Technologies,Atificial Intelligence,Chennai,$43300000,SeriesB,BlueHill Asset Management and Elevation Capital,2022,July
Shri Chyawan,Retail,Raipur,$15300000,Seed,Vibhor Kanodia and Dhaval Shah,2022,July
Bugbase,National Security,Banglore,$50000,pre-seed,Anoop Mathur and Kushal Khandwala,2022,July
Growcoms,Food&Beverages,Cochin,$100000,Seed,Info Edge,2022,July
Trainman,Travel,Gurgaon,$9500000,Seed,Goodwater Capital and HEM ANGELS,2022,July
ElevateHQ,Software,Sanfrancisco,$1100000,pre-seed,PointOne Capital and Leo Capital,2022,July
Veg Route,Supply Chain Management,Chennai,$1300000,Seed,Abhishek Pandey and Jai Kumar,2022,July
xQ,Education,Mumbai,$111800000,Seed,Joseph Radhik,2022,July
Liberate Foods,Food&Beverages,Banglore,$200000,Seed,Blue Horizon Corporation and Panthera Peak,2022,July
Jar,Finance Services,Banglore,$89100000,Series A,Paramark Ventures and Folius Ventures,2022,July
Burger Singh,Food&Beverages,Gurgaon,$5100000,SeriesA,VM Salgaocar family office and RB Investments Pte. Ltd.,2022,July
Plaeto,Fashion,Banglore,$400000,SeriesA,Florinetree Advisors,2022,July
Eka Care,Healthcare,Banglore,$19500000,Series A,Mirae Asset Global Investments and Verlinvest,2022,July
Evelabs,Healthcare,Tirivanthapuram,$200000,Pre-seed,JITO Angel N etwork,2022,July
UpGrad,E-Learning,Mumbai,$631900000,Unknown,Kaizenvest and Ets Global,2022,July
Hesa,Consumer,Secundrabad,$6200000,Seed,We Founder Circle and Venture Catalysts,2022,July
Better Opinions,Financial Services,Gurgaon,$27500000,Seed,Tremis Capital and Goodwater Capital,2022,July
Crypso,Crypto Currency,Banglore,$24000000,Seed,Better Capital and Jaynti Kanani,2022,July
Threado,SaaS,Banglore,$3100000,Seed,Archana Priyadarshini and Vertex Ventures Southeast,2022,July
Chattybao,E-Commerce,New Delhi,$500000,Seed,. Info Edge ventures and Vertex Ventures Southeast Asia & India,2022,July
GetSupp,Food and Beverages,Banglore,$9500000,Seed,Ankit Nagori and Kunal Shah,2022,July
Jai Kisan,Agriculture,Mumbai,$95600000,Series B,GMO VenturePartners and Snow Leopard Technology Ventures,2022,July
PriceLabs,Healthcare,Chicago,$3000000,Series A,Summit Partners,2022,July
Spare8,Financial Services,Mumbai,$6000000,Pre-seed,Ajay Adiseshann and MAGIC Fun,2022,July
Knya Med,Fashion,Mumbai,$,Seed,Narayana Hrudayalaya and DSG Consumer Partners,2022,July
Bellatrix Aerospace,"Aerospace, Manufacturing",Coimbatore,"$1,100,000",Series A,Survam Partners and Inflexor Ventures,2022,June
Orange Health,Healthcare,Banglore,"$34,900,000",Series B,Y Combinator and Accel,2022,June
Cuemath,Education,Banglore,"$121,500,000",Unknown,Sequoia Capital India and Unitus Ventures,2022,June
CureFood,Food & Beverages,Bengaluru,"$183,300,000",Series C,Potential Ventures and NB Venture,2022,June
TheGamingProject,Software,New Delhi,"$50,000,000",Seed,Upsparks and Black Kite Capital,2022,June
Text Mercato,Information&Technology,Banglore,"$3,600,000",Seed,Tremis Capital and 1Crowd,2022,June
IVY Homes,Information & Services,Bengalaru,"$7,100,000",Seed,Khosla Ventures and Better Capital,2022,June
Money Boxx,Financial&Services,Mumbai,"$701,800,000",,UC Inclusive Credit and Hinduja Leyland Finance,2022,June
Cred,Fintech,Bengaluru,"$801,500,000",Series F,Tiger Global Management and Sofina,2022,June
Arth,Micro Lending,Lucknow,"$2,500,000",Seed,MIT Alumni Angels and KFW DEG,2022,June
Physics Wallah,E-learning,Noida,"$10,000,000",Series A,Westbridge Capital and GSV Ventures,2022,June
FlexiLoans,Financial Services,Mumbai,"$194,200,000",Series B,Sanjay Nayar and Yogesh Mahansaria,2022,June
Pepper Content,Media&Entertainment,Mumbai,"$18,700,000",Series A,Bessemer Venture Partners and GTMFund,2022,June
Jiraaf,Financial Services,Bengalaru,"$57,700,000",Series A,. Anuj Jhaveri and Aspire Family Office,2022,June
Samudai,Information & Technology,Singapore,"$2,500,000",Pre-seed,Sino Global Capital and Devfolio,2022,June
Kissht,Sales Automation,Mumbai,"$142,500,000",Unknown,Brunei Investment Agency and Endiya Partners,2022,June
Purplle,Beauty,Mumbai,"$296,300,000",Series E,Kedaara Capital and Paramark Ventures,2022,June
Solar Square,Cleantech,Mumbai,"$30,800,000",Seed,Akhil Gupta and Lowercarbon Capital,2022,June
EduGorilla,Education,Lucknow,"$3,500,000",Unknown,Village Capital and Aspen Network of Development Entrepreneurs,2022,June
Way2News,News,Hyderabad,"$1,300,000,000",Series A,Westbridge Capital and Sashi Reddi,2022,June
Lenskart,Eyewear,Faridabad,"$927,500,000",Series I,Schroder Adveq and Temasek Holdings,2022,June
HostBooks,Information&Technology,Gurgaon,"$300,000",Series A,Razorpay,2022,June
Exprto,Education,Gurgaon,"$639,600,000",Seed,AngelList Talent and Sahil Mahaldar,2022,June
Queue Buster,Software,Noida,"$63,300,000",Series A,DMI Alternative Investment Fund and Omidyar Network India,2022,June
Newtrace,Cleantech,Bengalaru,"$7,700,000",Pre-seed,Micelio Fund and Speciale Invest,2022,June
Vtion,Media&Entertainment,Gurgaon,"$2,100,000",Seed,YourNest Venture Capital and Netcore Cloud,2022,June
DPD Zero,Fintech,Banglore,"$3,900,000",Pre-seed,Abhishek Kothari and Ramanathan RV,2022,June
Tessol,Logistics,Mumbai,"$961,100,000",Unknown,1Crowd and 1Fund,2022,June
Rooba Finance,Financial Services,Gurgaon,"10,000,000",Seed,Endurance Capital and Inflection Point Ventures,2022,June
MicroGo,Biotechnology,Chennai,"$6,000,000",Seed,Angel investors,2022,June
Gullak,Finance,Noida,"$1,300,000",Unknown,Stellaris Ventures,2022,June
Koovers,Autonomous Vehicle,Bengaluru,"$2,500,000",Seed,Canbank Venture Capital Fund and JPIN,2022,June
Vahak,Logistics,Bengalaru,"$18,300,000",Series A,RTP Global and iSeed,2022,June
FinBox,Artificial Intelligence,Banglore,"14,800,000",Series A,Aditya Birla Sun Life AMC,2022,June
Castler,,New Delhi,"$1,400,000",Seed,Venture Catalysts and 9Unicorns Accelerator Fund,2022,June
Chaayos,Food & Beverages,New Delhi,"$85,500,000",Series C,Think Investments and Elevation Capital,2022,June
Statiq,Automotive,Gurgaon,"$28,200,000",Series A,Shell Ventures and Y Combinator,2022,June
Annapurna Finance,Finance Services,Bhubhaneshwar,"$163,500,000",Series A,Proparco and Encourage Capital,2022,June
Perfora,Retail,Gurgaon,"$1,200,000",Seed,Ashutosh Valani and Lotus Herbals,2022,June
Progcap,Finance Services,New Delhi,"$10,200,000",$Series C,"Tiger Global Management and Creation Investments Capital Management, LLC",2022,June
Open Secret,Food&Beverages,Mumbai,1200000,Series B,Gautam Kumra and Sixth Sense Ventures,2022,June
Sourcewiz,Software,Gurgaon,5500000,,Matrix Partners India and Wami Capital,2022,June
Turno,Finance Services,Bengaluru,"$3,100,000",,Matilde Giglio and Avaana Capital,2022,June
GetVantage,GetVantage is India and Southeast Asia's first fintech enabled Revenue-based financing platform.,Finance Services,,,"$4,100,000",2022,June
KiarX,Mining,Ahemdabad,"$15,000,000",Seed,Shuru Up Ventures,2022,May
Revoh,Automobile Manufacturing,Chennai,"$15,000,000",Seed,Vel Kanniappan and Ravi Renganathan,2022,May
FlexifyMe,"Healthcare,Wellness",Pune,"$30,000,000",Seed,Sachin Anand and Dipen Shah,2022,May
Red Basil Technologies,Food&Beverages,Gurgaon,"$2,500,000",Seed,PlanB Capital and Sat Industries,2022,May
FirstCure Health,FirstCure Health aims to simplify the surgery experience by bringing the best surgeons with modern and safe procedures at affordable costs,"Healthcare,Wellness",,,,2022,May
ForeignAdmits,Career Planning,Bengaluru,"$67,600,000",Seed,Beerud Sheth and SEA Fund,2022,May
Sploot,Consumer Applications,Gurgaon,"$50,000,000",Seed,Redstart Labs,2022,May
Fanztar,Software,Gurgaon,"$5,000,000",Seed,India Quotient and Farid Ahsan,2022,May
Humpy Farms,Agriculture,Mumbai,"$5,000,000",Angel,Anushka Iyer and Prattyush Shahane,2022,May
NutriTap,Food&Beverages,Gurgaon,"$12,000,000",Seed,IK Capital and Venture Catalysts,2022,May
Agasta,Automobile Vehicles,Tokyo,,,,2022,May
Fyllo,Enterprise Software,Chicago,"$9,800,000",Series C,Sol Global investments and JW Asset Management,2022,May
Goldenpi,Financial Services,Banglore,"$200,000",Seed,Rainmatter Capital and Rainmatter Technology,2022,May
HOP Electric,Electric Vehicle,Jaipur,,,,2022,May
Super Bottoms,,Thane,"$5,500,000",Series A,DSG Consumer Partners and Saama Capital,2022,May
Bytebeam,Internet,,"$3,300,000",Seed,Vijay Pravin Maharajan and Tanmai Gopal,2022,May
Multipl,Financial Services,Banglore,"$300,000",Seed,growX ventures and IIFL Finance,2022,May
Josh Talks,Broadcasting,Haryana,"$500,000",Series A,Ritesh Agarwal and Vijay Shekhar Sharma,2022,May
AssetPlus,Financial Services,Chennai,"$28,000,000",Series A,Kedar Kulkarni and Nithin Kamath,2022,May
Kolo,Construction,Singapore,"$4,600,000",Seed,Better Capital and RTP Globa,2022,May
,Retail Technology,Gurgaon,6400000,$Series A,Multipoint Capital and Btomorrow Ventures,2022,May
BharatX,Financial Services,Benglaru,"$4,800,000",Seed,Ankur Aggarwal and Vikas Choudhury,2022,May
Hono,Software,Haryana,"$39,000,000",Series A,Harsh Gupta and Amit Khanna,2022,May
MoEVing,Electric Vehicle,Gurgaon,"$1,000,000",Seed,Stride Ventures and TradeCred,2022,May
ApnaKlub,Wholesale,Banglore,"$13,300,000",,Tiger Global Management and Google for Startups,2022,May
Kandee Factory,Organic Food,Chennai,"$1,500,000",,Keiretsu Forum and ah! Ventures,2022,May
DocPlix,Healthcare,Lucknow,"$1,500,000",,Pankaj Pandey and Gurpreet Singh,2022,May
ZORP,Enterprise Software,Lewes,"$60,000,000",,Ashish Goel,2022,May
Homi Lab,E-learning,Delhi,"$5,000,000",,Inflection Point Ventures,2022,May
Decimal,Financial Services,Indianapolis,"$9,200,000",,Service Provider Capital and Arthur Ventures,2022,May
Revamp Moto,Electric Vehicle,Nashik,"$100,000",,Venture Catalysts and IDBI Capital Market Services,2022,May
Vendakin,Information Technology,Dover,"$1,100,000",,Better Capital and CP Gurnani,2022,May
Revidd,Information Technology,Visakhapatnam,$1.1,,CIIE.CO and Inovnis SA,2022,May
ZFW Dark Stores,Logistics,New Delhi,"$1,600,000",,Amanpreet Bajaj and SEA Fund,2022,May
Fitelo,Fitness&Healhcare,Mohali,"$1,500,000",,Guild Capital and Pareto Capital,2022,May
Dvara E-Dairy,Financial Sevices,Chennai,"$200,000",,Dvara Holdings and Axilor Ventures,2022,May
Pumpumpum,Automotive,Gurgaon,"$3,300,000",,LetsVenture and Founder's Room Capital,2022,May
Hesa,consumer,Secundrabad,"$6,200,000",,We Founder Circle and Venture Catalyst,2022,May
GoSats,Crypto Currency,Banglore,"$4,700,000",,Draper Dragon and Dragon Capital Group,2022,May
Bellatrix Aerospace,Manufacturing,Coimbatore,"$1,100,000",,Survam Partners and Inflexor Ventures,2022,May
Eloelo,"Retail,E-Commerce",Benglaru,. WaterBridge Ventures and Kalaari Capital,"$1,500,000","Akshay Dubey, Saurabh Pandey",2022,May
O'2 Nails India,Beauty,Noida,"$66,700,000",,Nitin Gupta and Amit Singhal,2022,May
Sust Vest,Renewable Energy,Gurgaon,"$160,000",,,2022,May
QwikSkills,Education,Delhi,"$38,500,000",,Manish Sinha and Indian Angel Network,2022,May
Monrow,Retail,Benglaru,"$100,000",,Playbook Fund and LetsVenture,2022,May
HappyLocate,Logistics,Benglaru,"$1,700,000",,VM Ventures and RMZ Corp,2022,May
MasterChow,Food Processing,Delhi,"$1,800,000",,Fluid Ventures and Anicut Capital,2022,May
SpeedLabs,Edtech,Mumbai,"$143,100,000",,Mumbai Angels and Ecosystem Ventures,2022,May
GeoIQ,Retail Technology,Banglore,"$4,600,000",,Rohit Bansal and 9Unicorns Accelerator Fund,2022,May
HobSpace,Education,Mumbai,"$4,900,000",,Dharmil Sheth and Siddharth Bhaskar Shah,2022,May
Inflection.io,Software,Seatlle,"$6,300,000",,Brewster Stanislaw and Arjun Pillai,2022,May
Repos energy,E-Commerce of Fuel,Pune,"$7,200,000",,Ratan Tata,2022,May
BlissClub,Fashion,Bengaluru,"$17,300,000",,Sumer Juneja and Eight Roads Ventures,2022,May
Coinshift,Crypto Currency,Wyoming,"$17,500,000",,Volt Capital and Polygon Studios,2022,May
Wint Wealth,Financial Services,Nasik,"$16,400,000",,JJ Beshara Angel and 3one4 Capital,2022,May
Neso Brands,Eyewear,Singapore,"$10,000,000",,Kohlberg Kravis Roberts Japan and Alpha Wave Global,2022,May
NutriFresh,Food & Beverages,Pune,"$500,000",,Florintree Advisors and Archer Investment,2022,May
Liminal,Information Technology,Singapore,"$36,100,000",,Nexus Ventures and Vauld,2022,May
Dyte,IT Services and IT Consulting,Bengaluru,"$15.300,000",,Multiples,2022,April
Kirana Bazaar,Oline grocery,Gurgaon,"$32.800,000",,Multiples,2022,April
Phool,Enviromental Engineering,kanpur,"$9.400,000",,Multiples,2022,April
Doceree,Information Technology & Services,Parsippany,"$12,000,000",,Multiples,2022,April
Acko,Health insurance,Mumbai,"$458,000,000",,Multiples,2022,April
FirstCry,Online shopping,Pune,$741.4,,Multiples,2022,April
Meesho,Online shopping,Bangalore,"$1,100,000,000",,Multiples,2022,April
NoBroker,Housing rent,Bangalore,"$426,000,000",,Multiples,2022,April
Paytm,Financial services,Noida,"$1,200,000,000",,Multiples,2022,April
ShareChat,Social networking,Bangalore,"$1,400,000,000",,Multiples,2022,April
Spinny,Financial services,,"$513.500,000",,Multiples,2022,April
Swiggy,Food delivery platform,Bangalore,,,Undisclosed,2022,April
Unacademy,E-learning,Bangalore,"$838,500,000",,Multiples,2022,April
Urban Company,E-commerce,Gurgaon,"$445,900,000",,Multiples,2022,April
Xpressbees,E-commerce Logistics,Pune,"$577,600,000",,Multiples,2022,April
Accel,Financial services,Palo Alto,"$18.300,000,000",,Multiples,2022,April
MTR Foods,Food packaging,Bangalore,undisclosed,,Multiples,2022,April
OYO,Travel Arrangements,Gurgaon,"$550,000,000",,Multiples,2022,April
Eruditus,Education Management,Bangalore,"$1.200,000,000",,Multiples,2022,April
Ola,Travel Arrangements,Kormangala,"$5000,000,000",,,2022,April
DailyHunt,Media,Bangalore,"$2.200,000",,,2022,April
CARS24,Automobile,Gurgaon,"$1.300,000,000",,Multiples,2022,April
Pine Labs,Information Technology & Services,Noida,"$1.200,000,000",,,2022,April
BharatPe,Financial services,New delhi,"$700.500,000",,Multiples,2022,April
Blackbuck,Information services,Bengaluru,"$364,000,000",,Multiples,2022,April
Droom,Automotive,Haryana,"$333,000,000",,Multiples,2022,April
MindTickle,Software company,San Francisco,"$281,000,000",,Multiples,2022,April
Vedantu,E-learning,Bangalore,"$292,900,000",,Multiples,2022,April
CoinDCX,Currency exchange,Mumba,"$109,000,000",,Multiples,2022,April
Razorpay,financial services,Bangalore,"$741,600,000",,Multiples,2022,April
Licious,Food,Bengaluru,"$488,700,000",,Multiples,2022,April
CoinSwitch Kuber,financial services,Bangalore,"$300,600,000",,Multiples,2022,April
Zeta,Financial services,San Francisco,"$30,000,000",,Multiples,2022,April
Rebel Foods,Online food service,Pune,"$14,500,000",,,2022,April
Gupshup,Service provider,San Francisco,"$240,000,000",,,2022,April
Indiqube,Design,Bengaluru,"$30,000,000",,Ashish Gupta,2022,April
VerSe Innovation,Internet Publishing,Bengaluru,"$1.700,000,000",,Multiples,2022,April
Lenskart,E-Commerce,Faridabad,"$899,300,000",,Multiples,2022,April
Upstox,Financial services,Mumbai,"$29,000,000",,Tiger Global Management and GVK Davix Technologies,2022,April
AppsForBharat,Information technology,Bangalore,$23.7,Undisclosed,Mirae Asset Global Investments and MSA Novo,2022,April
OkCredit,Financial services,Faridabad,$84.2,undisclosed,Google for Startups and Lightspeed India Partners,2022,April
Livspace,E-commerce,Bengaluru,$431.6,Series F,Jungle Ventures and Peugeot SA,2022,April
Rigi,Tourism,"Vitznau, Luzern,",undisclosed,undisclosed,Content creator platform Rigi.Club,2022,April
MobiKwik,Financial services,Gurgaon,$165.5,Series G,Abu Dhabi Investment Authority and Dosch,2022,April
Amagi Media Labs,Media andEntertainment,Newyork,$240.2,undisclosed,Avataar Venture partners,2022,April
Myntra,E-commerce,Banglore,undisclosed,undisclosed,"FK Myntra Holdings,QuickRoutes International",2022,April
Philips Electronics,Electronics,Amsterdam,undisclosed,undisclosed,,2022,April
WayCool,Food processing,Chennai,$221.5,Series D,GAWA Capital and Lightbox,2022,April
MoEngage,Information technology,San Francisco,"133,000,000",Undisclosed,"Eight Roads Ventures, Matrix Partners Ind",2022,April
Mahindra Logistics,Logistics,Mumbai,"$2,500,000,000",Undisclosed,Birla Sun Life Insurance and HDFC Trustee,2022,April
Enphase Energy,Solar,Petaluma,"$116,000,000",Undisclosed,T.J. Rodgers and John Doerr,2022,April
Allegis Group,Human resources,Maryland,"$60,000,000",Series C,Vouch Insurance,2022,April
Slice,Food &bevrages,Newyork,"$125,000,000",Series D,Kohlberg Kravis Roberts and Dick Costolo,2022,April
Tata Digital,Internet,Mumbai,"$50,000,000",Undisclosed,Temasek Holdings and SoftBank Capital,2022,April
UpGrad,E-learnig,Mumbai,"$201,000,000",Undisclosed,IIFL Finance and International Finance Corporation,2022,April
Hitachi,Industrial Manufacturing,Tokyo,,Undisclosed,Mountain View data,2022,April
Chargebee,Software,San Francisco,"$468.200,000",Series H,Sequoia Capital India and Insight Partners,2022,April
Fivetran,Analytics,Oakland,"$728.100,000",Series-D,General Catalyst and ICONIQ Capital,2022,April
Euler,Financial services,London,undisclosed,Series A,Danilo S. Carlucci and CMT Digital Ventures,2022,April
Ecom Express,Logistics,New delhi,$485,Undisclosed,CDC Group and Partners Group,2022,April
Wooden Street,Home decor,Jaipur,"$34.100,000",Series B,WestBridge Capital and IAN Fund,2022,April
Chalo,Information technology,Mumbai,"$61,000,000",Undiclosed,Matrix Partners and Lightrock,2022,April
FreshMenu,Food processing,Banglore,"$32.400,000",Series C,Florintree Advisors and Srinivas Anumolu,2022,April
Nykaa,"Beauty,Fashion",Mumbai,"$148.500,000",Undisclosed,Fidelity Management and Research Company and Alia Bhatt,2022,April
Classplus,E-learning,Noida,"$129.500,000",Series D,Alpha Wave Ventures and Chimera Investm,2022,April
Skillmatics,Education,Mumbai,$23,Series B,Sequoia Capital India and Sofina,2022,April
Mamaearth,"Health, Wellness",Gurgaon,"$110.800,000",Unknown,Evolvence India Fund and Sofina,2022,April
Digits,Accounting,San Francisco,"$97,500,000",Series C,Benchmark and GV,2022,April
DealShare,E-commerce,Banglore,"$624.800,000",Series E,Abu Dhabi Investment Authority and Twenty Nine Capital Partners,2022,April
Mylab Discovery Solutions,"Health,wellness",Lonavala,,Undisclosed,Abhijit Pawar and Adar C. Poonawalla,2022,April
Securden,Artificial Intelligence,Delaware,"$11.700,000",Series A,Accel and Tiger Global Management,2022,April
Doubtnut,Education,Gurgaon,"$49.900,000",Series B,Sequoia Capital India and Lupa Systems,2022,April
Whitehar Jr,Information technology,Maharastra,"$11.300,000",Unknown,Bossanova Investimentos and Omidyar Network,2022,April
Frigate,Manufacturing,Tiruchirappall,"$17,500,000",Undisclosed,Abhishek Pandey and Srinath Ramakkrushnan,2022,April
Leaf Round,Financial services,Bengaluru,"$300,000",Preseed,Super Capital,2022,April
Wildermart,Food and bevrages,Bengaluru,"$24,000,000",Undisclosed,Abhinav Mathur and 17 other investors,2022,April
Myraah,Web design,Pune,"$350,000",Preseed,Arun Balakrishnan and Xcelerator Venture Partners,2022,April
GROWiT,Manufacturing,Surat,"$30,000,000",Undisclosed,Mukul Goyal and Coppermine Capita,2022,April
Lauriko,"Health,wellness",Hyderabad,"$37,000,000",Undisclosed,Lakshmikant PB and Murthy Aradhi,2022,April
Hbox,Healthcare,Massachusetts,undisclosed,Undisclosed,,2022,April
iTribe,Financial services,Bengaluru,"$1,000,000",Undisclosed,Eximius Ventures and PlanBcapital,2022,April
Zipy,E-commerce,Israel,,Undisclosed,,2022,April
Pratech Brands,Internet,Mumbai,"$3,000,000",Undisclosed,,2022,April
Glip,Software,Delaware,"$3,000,000",Seed,Better Capita,2022,April
Hubble,Commercial Real State,London,"$12,300,000",Undisclosed,Pi Labs and Upscale,2022,April
Eximpe,Arjun Zacharia,"Eximpe is Managing sellers, buyers, processes, payments, and financial services.",,,Seed,2022,April
Limechat,Software,Faridabad,"$5,000,000",Seed,Pi Ventures and Stellaris Venture Partners,2022,April
Medisage,Healthcare,Mumbai,"$530,000,000",Undisclosed,Bessemer Venture Partners and Siddharth Sikchi,2022,April
Spyne,Software,Gurgaon,"$7,000,000",Series A,Pentathlon Ventures and Core91 Fund,2022,April
Stockal,Finance,Newyork,"$14,800,000",Series A,Hashed and A'Z Angels,2022,April
YouKraft,Publishing,Banglore,"76,000,000",Seed,Goel Family Office,2022,April
EPNS,"Harsh Rajat, Richa Joshi",BUIDLing World's First Decentralized Notification Protocol on Ethereum,,,Seed,2022,April
Securden,Artificial Intelligence,Delaware,"$11,700,000",Series A,Accel and Tiger Global Management,2022,April
Mesh,Enterprise Software,San Jose,"$16,100,000",Series A,Ankit Nagori and Sumon Sadhu,2022,April
Last9,Software,Santa Clara,"$13,000,000",Series A,Better Capital and Sequoia Capital India,2022,April
Locofast,Textiles,New Delhi,"$15,000,000",Series A,"Chiratae, Stellaris",2022,March
Snapmint,Financial Services,Mumbai,"$9,000,000",Series A,"Negen Capital, Ramakant Sharma, Usama Fayyad",2022,March
Kuhoo,Financial Services,Mumbai,"$20,000,000",Seed,West Bridge,2022,March
RupeeRedee,Financial Services,Gurgaon,"$1,100,000",Series B,Digital Finance International,2022,March
Strawcture Eco,Building Materials,New Delhi,"$375,000",Seed,"Social Alpha, Villgro Innovations Foundations, Brigade REAP",2022,March
WYLD,Consumer Services,Mumbai,"$350,000",Pre-seed,Better Capital,2022,March
Bebe Burp,Food & Beverages,Surat,"$280,000",Seed,"Mapro Foods, Ivy Growth Associates, Shreeji Brothers, Dholakia Ventures",2022,March
Prozo,Logistics & Supply Chain,Noida,"$10,000,000",Series A,Sixth Sense Ventures,2022,March
Pocketly,Financial Services,Bangalore,"$3,000,000",Pre-series A,Dholakia Ventures,2022,March
Zapkey,Real Estate,Mumbai,"2,000,000",Seed,"Gruhas Proptech, DLF Family Office",2022,March
Black Bow,Wine & Spirits,New Delhi,"$800,000",Pre-series A,"Supermorpheus, Eagle10 Ventures",2022,March
Lobb,Transportation/Trucking/Railroad,Bangalore,"$1,100,000",Pre-series A,"3one4 Capital, Srinath Ramakkrushnan",2022,March
Beatoven AI,Computer Software,Bangalore,"$1,000,000",Seed,Redstart Labs,2022,March
Ensologic,International Trade & Development,New Delhi,"$520,000",Seed,"Indian Angel Network (IAN), Hyderabad Angels",2022,March
Eat Better Ventures,Food & Beverages,Jaipur,"$700,000",Seed,"Java Capital, Mumbai Angels",2022,March
AjnaLens,Computer Hardware,Thane,"$1,500,000",,"Let's Venture Angel Fund, JITO Angel Network",2022,March
Just Dogs,Ahmedabad,Retail,"$7,000,000",,Sixth Sense Ventures,2022,March
Filo,E-learning,Haryana,"$23,000,000",Series A,Anthos Capital,2022,March
Pocket FM,Audio OTT,Bangalore,"$65,000,000",Series C,"Goodwater Capital, Naver",2022,March
TABPS Pets,Food Production,Coimbatore,"$500,000",Seed,,2022,March
QPe,E-commerce,New Delhi,,Seed,Daniel Keloha,2022,March
Bonsaro,FoodTech,Mumbai,,,Klub,2022,March
Chhotastock,Financial Services,Bangalore,,Pre-seed,SC Innovations Funds,2022,March
Junio,Financial Services,New Delhi,"$6,000,000",Pre-series A,NB Ventures,2022,March
CredAvenue,Financial Services,Chennai,"$137,000,000",Series B,"Insight Partners, B Capital Group, Dragoneer Investment Group",2022,March
Captain Fresh,Logistics & Supply Chain,Bangalore,"$50,000,000",Series C,"Prosus Ventures, Tiger Global",2022,March
Otipy,AgriTech,Haryana,"32,000,000",Series B,Westbridge Capital,2022,March
CureSkin,"Health, Wellness & Fitness",Bangalore,"$5,000,000",Series A,JSW Ventures,2022,March
Hiver,Computer Software,Bangalore,"$22,000,000",Series B,"Kalaari Capital, Kae Capital",2022,March
Gamerji,Sports,Ahmedabad,"$1,000,000",Pre-series A,Unicorn India Ventures,2022,March
PensionBox,Financial Service,Bangalore,"$160,000",,"Kishore Ganji, Keynote India",2022,March
Adyaway,Consumer Goods,Gurgaon,,,ah! Ventures,2022,March
Perfios,FinTech,Bangalore,"$68,000,000",,"Bessemer Venture Partners, Warburg Pincus",2022,March
Emeritus,EdTech,Mumbai,"$350,000,000",,CPP Investments,2022,March
Propdial,Real Estate,Gurgaon,"$100,000",,,2022,March
Oorjaa,Logistics & Supply Chain,Mumbai,"$1,000,000",,Inflection Point Ventures,2022,March
Blue Tokai,Food & Beverages,New Delhi,,Pre-series B,"Negen Capital, Mauryan Capital",2022,March
Money View,Financial Services,Bangalore,"$75,000,000",Series D,"Tiger Global, Winter Capital, Evolvence India, Accel",2022,March
CredoPay,Financial Services,Chennai,"5,000,000",Pre-series A,"EzSwype LLC, Zent International Limited",2022,March
Loco,Entertainment,Bangalore,"40,000,000",Series A,Hashed,2022,March
Kuku FM,Entertainment,Mumbai,"20,000,000",Series B,KRAFTON,2022,March
Metasky,Information Technology & Services,Bangalore,"2,000,000",Pre-seed,"Sequoia Capital India, Woodstock Fund",2022,March
Mentor Match,E-learning,Chennai,"1,000,000",Pre-seed,Sapient Fund,2022,March
Nutrify Today,International Trade & Development,Bangalore,"$500,000",Seed,Anand Swaroop,2022,March
Data Science Wizards,Information Technology & Services,Mumbai,,,Clover Infotech,2022,March
SustainKart,E-commerce,Hyderabad,,,Samantha Ruth Prabhu,2022,March
HooLiv,Hospitality,New Delhi,,,Recur Club,2022,March
Birdeye,Computer Software,Gurgaon,"$60,000,000",Series C,Accel-KKR,2022,March
Ferns N Petals,Retail,New Delhi,"$27,000,000",,Lighthouse,2022,March
inFeedo,Human Resources,Gurgaon,"$12,000,000",Series A,"Jungle Ventures, Tiger Global",2022,March
Licious,Food & Beverages,Bangalore,"$150,000,000",Series F2,"Amansa Capital, Kotak PE, Axis Growth Avenues AIF",2022,March
BlueStone,Luxury Goods & Jewelry,Bangalore,"$30,000,000",,Hero Enterprise,2022,March
LILA Games,Entertainment,Bangalore,"$10,000,000",Series A,Rainfall Ventures,2022,March
Excellent Publicity,Marketing & Advertising,Ahmedabad,"$500,000",,,2022,March
Growfitter,"Health, Wellness & Fitness",Mumbai,"$1,000,000",Pre-series A,Inflection Point Ventures,2022,March
GPS Renewables,Renewables & Environment,Bangalore,,Series B,Neev Fund II,2022,March
Cosmofeed,Content monetisation platform,Gurgaon,"$1,500,000",Seed,"Growx ventures, Waveform Ventures",2022,March
Shipskart,Maritime,New Delhi,"$2,700,000",Series A,"Trail Mix Ventures, Hermes Offshore",2022,March
We360.ai,Information Technology & Services,Bhopal,"$500,000",,"Campus Fund, GSF, SucSeed Ventures",2022,March
Amagi,Broadcast Media,Bangalore,"$95,000,000",,"Accel, Norwest, Avataar",2022,March
ekincare,"Health, Wellness & Fitness",Hyderabad,"$15,000,000",Series B,"HealthQuad, Sabre Partners",2022,March
Logically,Information Technology & Services,Mysore,"$24,000,000",,Vitruvian Partners,2022,March
CommerceIQ,Software Development,Bangalore,"$115,000,000",Series D,"Softbank Vision Fund 2, Insight Partners, Trinity Ventures",2022,March
Leverage Edu,Higher Education,New Delhi,"$22,000,000",Series B,"Kaizenvest Private Equity, DSP Mutual Fund Group, Artha Ventures",2022,March
Aquaconnect,Fisheries,Chennai,"$7,000,000",,Trifecta Capital,2022,March
O'hi,Internet Publishing,Jaipur,"$300,000",Seed,"DST's Managing Partner, Rahul Mehta, Angellist US",2022,March
Oxyzo,Financial Services,Gurgaon,"$200,000,000",Series A,"Tiger Global, Alpha Wave",2022,March
Stack Finance,Financial Services,Bangalore,,,"SucSEED Indovation Fund, Kunal Shah",2022,March
Plum,Skincare,Mumbai,"$35,000,000",Series C,A91 Partners,2022,March
Stanza Living,Hospiitality,New Delhi,"$57,000,000",,"Kotak Mahindra Bank, RBL Bank",2022,March
SIDBI Venture Capital,Venture Capital and Private Equity Principals,Mumbai,"$60,000,000",,Ubharte Sitaare Fund,2022,March
Aye Finance,Financial Services,Gurgaon,"$9,000,000",,"Triple Jump, Northern Arc",2022,March
MedisimVR,Hospitals and Health Care,Chennai,"$400,000",Pre-series A,Inflection Point Ventures,2022,March
Pickyourtrail,Travel Arrangements,Chennai,,,"Kunal Shah, Adit Parekh",2022,March
The Ayurveda Co,Manufacturing,Gurgaon,"$3,000,000",,Wipro,2022,March
Vivriti Capital,Financial Services,Chennai,"$55,000,000",Series C,"Lightstone India, Creation Investments",2022,March
Pixxel,Defense and Space Manufacturing,Bangalore,"$25,000,000",Series A,Radical Ventures,2022,March
EdgeGrid,Software Development,Hyderabad,"$6,000,000",Seed,Lightrock India,2022,March
Classplus,EdTech,Noida,"$70,000,000",Series D,"Tiger Global, Alpha Wave Global",2022,March
Pep Technologies Pvt Ltd,D2C,Mumbai,"$30,000,000",Series C,Paragon Partners,2022,March
Qure.ai,Medical Equipment Manufacturing,Mumbai,"$40,000,000",,"Novo Holdings, HealthQuad",2022,March
HackerRank,Software Development,Bangalore,$60000000,Series D,Susquehanna Growth Equity,2022,March
CityMall,Manufacturing,Gurgaon,"$75,000,000",Series C,Norwest Venture Partners,2022,March
Pine Labs,IT Services and IT Consulting,Noida,"$50,000,000",,Vitruvian Partners,2022,March
OSlash,Software Development,Bangalore,"$5,000,000",Post-seed,"Kunal Shah, Christian Oestlien",2022,March
SuperK,Retail,"Small Towns, Andhra","$5,500,000",Pre-Series A,021 Capital,2022,March
CARD91,Financial Services,Bangalore,"$13,000,000",Pre-Series A,"Infinity Ventures, Point72 Ventures, Sabre Partners",2022,March
FarMart,Farming,Gurgaon,"$32,000,000",Series B,General Catalyst,2022,March
Pi Beam Electric,Motor Vehicle Manufacturing,Chennai,"$1,700,000",Pre-Series A,Inflection Point Ventures,2022,March
Seekho.ai,E-Learning Providers,Gurgaon,"$3,000,000",Pre-Series A,"LetsVenture, Trica, Super Morpheus",2022,March
UPCRED,Internet Publishing,Bangalore,"$400,000",Pre-seed,"Syed Firdous Hussain, Gayatri Nikkam",2022,March
TrustCheckr,IT Services and IT Consulting,Bangalore,,,IIFL Fintech Fund,2022,March
Games24x7,Internet Publishing,Mumbai,"$75,000,000",,Malabar Investment,2022,March
Finova Capital,Financial Services,Jaipur,"$65,000,000",,"Norwest Venture Partners, Maj Invest",2022,March
HealthQuad,Venture Capital and Private Equity Principals,New Delhi,"$160,000,000",,"MSD, the global biopharmaceutical company",2022,March
Wiz Freight,"Transportation, Logistics and Storage",Chennai,"$36,000,000",Series A,Tiger Global,2022,March
OneCode,Financial Services,Bangalore,"$13,000,000",Series A,General Catalyst,2022,March
Kogta Financial,Financial Services,Jaipur,"$111,000,000",Series D,Multiples,2022,March
LoadShare,Logistics & Supply Chain,Bangalore,"$40,000,000",Series C,Tiger Global,2022,February
Scaler,E-learning,Bangalore,"$55,000,000",,Lightrock India,2022,February
Chargebee,Financial Services,Chennai,"$250,000,000",,"Tiger Global, Sequoia Capital",2022,February
Nautilus Mobile,Computer Games,Pune,"$5,400,000",,KRAFTON,2022,February
Waterfield Advisors,Financial Services,Mumbai,"$6,000,000",Series B,,2022,February
OneTo11,Sports,Noida,"$2,500,000",Seed,"Maximus Capital, GDA Capital, Magnus Capital, NFT Technologies",2022,February
Scrut Automation,Information Technology & Services,Bangalore,"$3,000,000",,"Lightspeed, Endiya Partners",2022,February
The Renal Project,Hospital & Health Care,Mumbai,,,"Emcure Pharmaceuticals, Aman Gupta, Sameer Mehta",2022,February
ZERUND,Building Materials,Guwahati,,Pre-series A,NEDFi Venture Capital,2022,February
Zama Organics,Food & Beverages,Mumbai,,Pre-series A,"Ajay Kaushal, Arjun Lamba",2022,February
Jar,Financial Services,Bangalore,"$32,000,000",Series A,Tiger Global,2022,February
Bombay Shaving Company,Consumer Goods,New Delhi,"$6,000,000",,Gulf Islamic Investments,2022,February
Logibricks,Computer Software,Pune,"$1,500,000",,Shiprocket,2022,February
Pillow,Financial Services,Bangalore,"$3,000,000",Seed,Elevation Capital,2022,February
SatSure,Defense & Space,Bangalore,"$5,000,000",Pre-series A,"Baring PE India, ADB Ventures",2022,February
Trifecta Capital,Venture Capital & Private Equity,Gurgaon,"$200,000,000",,,2022,February
Kritsnam,Information Technology & Services,Hyderabad,"$800,000",Pre-series A,"Ashish Gupta, Kunal Shah, Vikram Karunakaram",2022,February
Dvara SmartGold,Financial Services,Mumbai,"$2,000,000",Pre-series A,"Axilor, Dvara Holdings",2022,February
GoalTeller,Information Technology & Services,Bangalore,"$500,000",Pre-series A,"Dr Ranjan Pai, Pankaj Fitkariwala, Himanshu Bhagat",2022,February
Goldsetu,SaaS,Bangalore,"$1,200,000",Seed,"Village Global, Better Capital, Titan Capital, iSeed",2022,February
Meraqui,Human Resources,Pune,"$1,000,000",Seed,,2022,February
Elever,Financial Services,Bangalore,"$750,000",,"Massimo Vita, Udaya Kumar",2022,February
Hero FinCorp,Financial Services,New Delhi,"$267,000,000",,"Apollo, Hero MotoCorp",2022,February
Livspace,Home interior,Bangalore,"$180,000,000",Series F,"Ingka Group Investments, Jungle Ventures, Venturi Partners, Peugeot Investments",2022,February
ElasticRun,B2B E-commerce,Pune,"$300,000,000",Series E,"SoftBank, Goldman Sachs",2022,February
Mintifi,Financial Services,Mumbai,,Working Capital to SMEs,Automating your Receivables Management,2022,February
Anveya Living,Consumer Goods,Bangalore,"$1,000,000",Seed,Rukam Capital,2022,February
Kofluence,Marketing & Advertising,Bangalore,"$4,000,000",Pre-series A,"Kunal Shah, Apoorva Mehta",2022,February
Mango Point,Food & Beverages,Chennai,"$200,000",,"The Chennai Angels, Native Angel Network, Keiretsu Chennai",2022,February
IndiaP2P,Investment Management,Mumbai,,Seed,Antler India,2022,February
Sprinto,Computer Software,Bangalore,"$10,000,000",Series A,Elevation Capital,2022,February
Xpressbees,Logistics & Supply Chain,Pune,"$300,000,000",Series F,"Blackstone Growth, TPG Growth, ChrysCapital",2022,February
Wealthy.in,Financial Services,Bangalore,"$7,500,000",Series A,Alpha Wave Incubation,2022,February
xto10x,Information Technology & Services,Bangalore,"$25,000,000",Series A,,2022,February
Karbon Card,Financial Services,Bangalore,"$15,000,000",Series A,"Olive Tree Capital, Harmony, Avenir Growth Capital",2022,February
Oloid,Computer Software,Bangalore,"$12,000,000",Series A,Dell Technologies Capital,2022,February
Bugworks,Biotechnology,Bangalore,"$18,000,000",Series B1,Lightrock India,2022,February
Peakperformer,Professional Training & Coaching,Bangalore,"$3,000,000",Seed,"Antler India, Blume Founders Fund",2022,February
Carbanio,B2B Marketplace,Hyderabad,"$1,300,000",Seed,Quantico Group USA,2022,February
Life & Pursuits,"Health, Wellness & Fitness",Noida,"$500,000",,"Pankaj Agrawal, Supermorpheus and Eagle10 Ventures",2022,February
Cercle X,Environmental Services,Coimbatore,"$250,000",Seed,Inflection Point Ventures,2022,February
Spacejoy,Design,Bangalore,"$4,000,000",Pre-series A,Accel Partners,2022,February
Better Opinions,Financial Services,Gurgaon,"$1,000,000",Seed,"Java Capital, Soma Capital",2022,February
Prolance,Furniture,Bangalore,"$500,000",Pre-series A,"Srini Anumolu, Karthik Bhat",2022,February
Runo,Computer Software,Secunderabad,"$500,000",Pre-series A,Unicorn India Ventures,2022,February
RENEE Cosmetics,Cosmetics,Ahmedabad,"$1,000,000",Series A,Mensa Brands,2022,February
Altigreen,Automotive,Bangalore,"$40,000,000",Series A,,2022,February
InMobi’s Glance,Software,Bangalore,"$200,000,000",,Jio Platforms,2022,February
Kenko Health,Hospital & Health Care,Mumbai,"$12,000,000",Series A,Sequoia Capital India,2022,February
Aulerth,Luxury Goods & Jewelry,Gurgaon,"$1,100,000",Seed,"Tarun Tahilian, M Venture Partners",2022,February
AltUni,Education Management,Mumbai,"$500,000",,"Amit Gupta, Mukesh Maniar, Rahul Gupta, Gautam Gurnani",2022,February
GreenPod Labs,Biotechnology,Chennai,"$500,000",Pre-seed,Indian Angel Network,2022,February
RapiPay,Financial Services,New Delhi,"$15,000,000",,Varun Jaipuria,2022,February
Entri.app,E-learning,Kochin,"$7,000,000",Series A,"Omidyar Network India, Innospark Ventures",2022,February
GOQii,"Health, Wellness & Fitness",Mumbai,"$50,000,000",Series C,Sumeru Ventures,2022,February
Proactive For Her,"Health, Wellness & Fitness",Bangalore,"$5,500,000",Series A,"Vertex Ventures, Nexus Venture Partners",2022,February
Actyv.ai,Computer Software,Bangalore,"$5,000,000",Pre-series A,1Digi Investment management,2022,February
Lummo,SaaS,Bangalore,"$80,000,000",Series C,Jeff Bezos,2022,February
Uniphore,Computer Software,Chennai,"$400,000,000",Series E,March Capital,2022,February
Join Ventures,Venture Capital & Private Equity,Mumbai,"$1,000,000",Series A,"DSG Consumer Partners, Rajiv Dadlani Group, 9Unicorns, Venture Catalysts",2022,February
AGRIM,AgriTech,Gurgaon,"$10,000,000",Series A,Kalaari Capital,2022,February
DealShare,Social commerce,Bangalore,"$45,000,000",Series E,Abu Dhabi Investment Authority,2022,February
GrowFitter,"Health, Wellness & Fitness",Mumbai,"$1,200,000",,DevX Venture Fund,2022,February
Stellapps,Computer Software,Bangalore,,,IDH FarmFit,2022,February
Propelld,Financial Services,Bangalore,"$35,000,000",Series B,WestBridge Capital,2022,February
Pine Labs,Information Technology & Services,Noida,"$150,000,000",,Alpha Wave Venture,2022,February
Increff,Computer Software,Bangalore,"$12,000,000",Series B,"TVS Capital Funds, Premji Invest",2022,February
Krishify,Social Media,Gurgaon,"$6,200,000",Pre-series A,"Ankur Capital, Omidyar Network India, Orios Venture Partners",2022,February
Fleetx.io,Computer Software,Gurgaon,"$19,000,000",Series B,IndiaMart,2022,February
MediBuddy,"Health, Wellness & Fitness",Bangalore,"$125,000,000",Series C,"Quadria Capital, Lightrock India",2022,February
Happilo,Food & Beverages,Bangalore,"$25,000,000",,Motilal Oswal,2022,February
V-Ensure,Pharma,Mumbai,"$10,000,000",,Investcorp,2022,February
Chargeup,Renewables & Environment,New Delhi,"$2,500,000",Pre-series A,"Capital A, Anicut Capital",2022,February
RetainIQ,E-commerce,Bangalore,"$2,300,000",Seed,Accel Partners,2022,February
Adicube,Marketing & Advertising,Bangalore,"$1,600,000",Pre-seed,Pitcherlabs Ventures,2022,February
Com Olho,Information Technology & Services,Gurgaon,"$2,000,000",Seed,Inflection Point Venture,2022,February
CertifyMe,Information Technology & Services,Bangalore,,Seed,Anas Rahman Junaid,2022,February
Wholsum Foods,Food & Beverages,Gurgaon,"$7,000,000",,Investment Corporation of Dubai,2022,February
SandLogic,Computer Software,Bangalore,"$4,000,000",Pre-series A,"Sanjay Singhania, Sai Kumar",2022,February
Xoxoday,Computer Software,Bangalore,"$30,000,000",,Giift,2022,February
Shipsy,Computer Software,Gurgaon,"$25,000,000",Series B,"A91 Partners, Z3 Partners",2022,February
Arrivae,Furniture,Mumbai,"$9,000,000",Series B,"Think Investments, Havells",2022,February
IvyCap Ventures,Investment Management,Mumbai,"$215,000,000",,,2022,February
Finarkein Analytics,Information Technology & Services,Pune,,Seed,"IIFL, Info Edge",2022,February
StockDaddy,E-learning,Gurgaon,,,"Gurmimdar Pal Singh, Jatin Arneja",2022,February
Prime Venture Partners,Venture Capital & Private Equity,Bangalore,"$120,000,000",,International Finance Corporation,2022,February
Bhanzu,Education Management,Hyderabad,"$2,000,000",Seed,"Nitin Gupta, Maninder Gulati",2022,February
Kalvi,Education Management,Bangalore,"1,700,000",Seed,"Nithin Kamath, Rahul Chari",2022,February
Aastey,Apparel & Fashion,Mumbai,"$1,300,000",Seed,CXXO,2022,February
Accelero Vehicles,Automotive,New Delhi,"$200,000",Seed,"Social Alpha, LetsVenture",2022,February
UP Funds,SaaS,Bangalore,"$9,000,000",,WestBridge Capital,2022,February
Koo,Microblogging,Bangalore,"$10,000,000",,"Capsier Venture Partner, Ravi Modi Family Trust, Ashneer Grover, FBC Venture Partners, Adventz Finance",2022,February
DaMENSCH,Apparel & Fashion,Bangalore,"$10,000,000",Series B,A91 Partners,2022,February
TestSigma,Information Technology & Services,Bangalore,"$4,600,000",,"Accel, STRIVE",2022,February
Upswing Financial Technologies,Financial Services,Mumbai,"$4,000,000",,"Kunal Shah, Rajan Bajaj",2022,February
ClaimBuddy,Hospital & Health Care,Gurgaon,"$3,000,000",Pre-series A,"Chiratae Ventures, Rebright Partners",2022,February
Mamaearth,"Health, Wellness & Fitness",Gurgaon,"$52,000,000",,Sequoia,2022,January
EsportsXO,Mobile Games,Bangalore,"$1,000,000",Seed,"We Founder Circle, Wami Capital, SucSEED Indovation Fund",2022,January
Geniemode,Import & Export,Gurgaon,"$7,000,000",Series A,"Deepinder Goyal, Kunal Shah, Prashant Malik, Pankaj Gupta",2022,January
Exotel,Telecommunications,Bangalore,"$40,000,000",Series D,Steadview Capital,2022,January
Innoviti Payment Solutions,Financial Services,Bangalore,"$10,000,000",,"Trifecta Debt Fund, Patni Advisors, Bessemer Venture Partners",2022,January
Pine Labs,Information Technology & Services,Noida,"$20,000,000",,State Bank of India,2022,January
Moneyboxx,Financial Services,Mumbai,"$1,000,000",,,2022,January
CASHe,Financial Services,Mumbai,"$10,000,000",,TSLC,2022,January
iD Fresh Foods,Food Production,Bangalore,"$60,000,000",Series D,NewQuest Capital Partner,2022,January
Freecultr,Apparel & Fashion,New Delhi,"$5,000,000",Series,Sixth Sense Ventures,2022,January
Udaan,B2B E-commerce,Bangalore,"$200,000,000",,,2022,January
LivFin,Financial Services,Gurgaon,"$2,000,000",,BlackSoil,2022,January
Bambrew,Renewables & Environment,Bangalore,Vaibhav Anant,"Blue Ashva Capital, Supack Industries",Uplifting Rural Development,2022,January
Courseplay,E-learning,Mumbai,"$400,000",Seed,Inflection Point Ventures,2022,January
Dunzo,E-commerce,Bangalore,"$240,000,000",,Reliance Retail Ventures Limited,2022,January
Rupifi,Financial Services,Bangalore,"$25,000,000",Series A,"Venture Partners, Tiger Global",2022,January
AarogyaAI,Hospital & Health Care,New Delhi,"$700,000",Seed,"Redstart Labs, Avaana Capital",2022,January
Avataar,3D AI company,Bangalore,"$45,000,000",Series B,"Tiger Global, Sequoia Capital India",2022,January
Power Gummies,"Health, Wellness & Fitness",New Delhi,"$6,000,000",Series A,"9Unicorns, Wipro",2022,January
The ePlane Company,Aviation & Aerospace,Chennai,"$5,000,000",Pre-series A,"Speciale Invest, Micelio",2022,January
Grip Invest,Financial Services,Gurgaon,"$1,000,000",,,2022,January
Recykal,Information Technology & Services,Hyderabad,"$22,000,000",,Morgan Stanley,2022,January
DMI Finance,Financial Services,New Delhi,"$47,000,000",,Sumitomo Mitsui Trust Bank,2022,January
Rupeek,Financial Services,Bangalore,"$34,000,000",,Lightbox,2022,January
Ippo Pay,Financial Services,Chennai,"$2,000,000",,Coinbase Ventures,2022,January
OneDios,Information Technology & Services,Noida,"$1,200,000",,"India Angel Network, LetsVenture",2022,January
zeda.io,Computer Software,Bangalore,"$1,200,000",Seed,BEENEXT,2022,January
Glamplus,Computer Software,Bangalore,"$700,000",,Blume Ventures,2022,January
Refyne,Financial Services,Bangalore,"$82,000,000",Series B,Tiger Global,2022,January
Lendingkart,Financial Services,Ahmedabad,"$5,900,000",,BlueOrchard Finance,2022,January
Muvin,Financial Services,Bangalore,"$3,000,000",Pre-series A,WaterBridge Ventures,2022,January
Freadom,E-learning,Gurgaon,"$2,500,000",,"Tiger Shroff, Ashneer Grover",2022,January
Traya,"Health, Wellness & Fitness",Mumbai,"$2,200,000",Pre-series A,Fireside Ventures,2022,January
Praan,Renewables & Environment,Mumbai,"$1,500,000",,"Better Capital, Paradigm Shift Capital, Avaana Capital",2022,January
Pepul,Computer Software,Chennai,"$1,300,000",Seed,"Hourglass Venture Partners, Girish Mathrubootham, Vijay Shekhar Sharma",2022,January
Kaleidofin,Financial Services,Chennai,"$10,000,000",Series B,Michael & Susan Dell Foundation,2022,January
LEAD School,EdTech,Mumbai,"$100,000,000",,WestBridge Capital,2022,January
Turnip,Online Media,Bangalore,"$12,000,000",Series A,"Greenoaks, Elevation Capital",2022,January
Rooter,Mobile Games,New Delhi,"$25,000,000",Series A,"Lightbox, March Gaming, Duane Park",2022,January
ORAI Robotics,Information Technology & Services,Bangalore,"$800,000",Pre-series A,Inflection Point Ventures,2022,January
EVage,Automotive,Chandigarh,"$28,000,000",Seed,RedBlue Capital,2022,January
Chingari,Entertainment,Bangalore,"$15,000,000",Series A,"Republic Capital, Onmobile, JPIN Venture Catalysts",2022,January
Your-Space,Hospitality,New Delhi,"$10,000,000",Series A,"Shantanu Rastogi, AJAX Capital, Holy Basil Consultancy Private Ltd",2022,January
ZingHR,Information Technology & Services,Mumbai,"$10,000,000",,Tata Capital Growth Fund II,2022,January
HEAPS,"Health, Wellness & Fitness",Bangalore,"$550,000,000",Series A,NVS Wealth Managers,2022,January
nCORE Games,Computer Games,Bangalore,"$10,000,000",Series A,"Amitabh Singhal, Sandeep Nailwal",2022,January
CarzSo India,Automotive,Gurgaon,"$700,000",,Mytash,2022,January
Edustoke,EdTech,Bangalore,"$400,000",Seed,Indus Initiatives,2022,January
NewsReach,Online Media,Mumbai,,,"JITO Angel Network, Sharan Aggarwal",2022,January
Cloud Tailor,Apparel & Fashion,Hyderabad,"$1,000,000",Pre-series A,"35North Ventures, Mergerdomo",2022,January
Arya.Ag,AgriTech,Noida,"$60,000,000",Series C,"Asia Impact SA, Lightrock India, Quona Capital",2022,January
Epigeneres Biotech,Biotechnology,Mumbai,"$60,000,000",Series B,"LetsVenture Angel Fund, Moez Daya",2022,January
INDmoney,Financial Services,Gurgaon,"$75,000,000",Series D,"Steadview Capital, Tiger Global, Dragoneer Investment Group",2022,January
Addverb Technologies,Industrial Automation,Noida,"$132,000,000",,Reliance,2022,January
Qarmatek,Telecommunications,Ahmedabad,"$3,000,000",,"Gujarat Venture Finance Limited, Caspian Debt",2022,January
AppX,Tech startup,New Delhi,"$1,300,000",,Y Combinator,2022,January
MyCaptain,EdTech,Bangalore,"$3,000,000",Pre-series A,Ankur Capital,2022,January
Mivi,Electrical & Electronic Manufacturing,Hyderabad,,,N+1 Capital,2022,January
HUVIAiR,Computer Software,Bangalore,"$3,200,000",Series A,Chiratae Ventures,2022,January
Aerostrovilos Energy,Machinery,Chennai,"$400,000",Seed,"Tube Investment of India, Murugappa Group Company",2022,January
Scripbox,Financial Services,Bangalore,"$21,000,000",Series D,"Accel Partners, Transpose Platform, the Sparkle Fund",2022,January
Pluckk,Food & Beverages,Mumbai,"$5,000,000",Seed,Exponentia Ventures,2022,January
Dogsee Chew,Food & Beverages,Bangalore,"$6,700,000",Series A,"Mankind Pharma, Sixth Sense Ventures",2022,January
Lummo,Entreprenurship,Bangalore,"$80,000,000",Series C,"Tiger Global, Sequoia Capital India",2022,January
Threedots,Financial Services,Bangalore,"$4,000,000",Seed,Kalaari Capital,2022,January
MatchLog,Logistics & Supply Chain,Mumbai,"$3,000,000",Pre-series,"Blue Ashva Capital, Rainmatter Climate, Capital-A",2022,January
NowPurchase,B2B marketplace,Kolkata,"$2,400,000",Seed,"Orios, InfoEdge Ventures",2022,January
Sahicoin,Financial Services,Gurgaon,"$1,750,000",Seed,"Alameda Ventures, Better Capital Ventures",2022,January
Finsall,Financial Services,Bangalore,"$1,000,000",Pre-series A,Unicorn India Ventures,2022,January
GameEon Studio,Computer Games,Mumbai,"$200,000",,"Mrunal Jhaveri, Ajay Upadhyaya",2022,January
Trainn,Computer Software,Chennai,"$700,000",Seed,Speciale Invest,2022,January
Diginoor,Information Technology & Services,Chennai,"$1,000,000",Seed,"Contrary Capital, Polygon Fund",2022,January
Pi Ventures,Venture Capital & Private Equity,Bangalore,"$40,000,000",,"Binny Bansal, Varun Alagh",2022,January
SaaS Labs,SaaS,Noida,"$42,000,000",Series B,Sequoia Capital,2022,January
StockGro,Financial Services,Bangalore,"$32,000,000",Series A,"BITKRAFT Ventures, General Catalyst, Itai Tsiddon",2022,January
GIVA,Luxury Goods & Jewelry,Bangalore,"$10,000,000",Series A,"Sixth Sense Ventures, A91 Partners",2022,January
toothsi,"Health, Wellness & Fitness",Mumbai,"$9,000,000",,Stride Ventures,2022,January
Zuper,Information Technology & Services,Chennai,"$13,000,000",Series A,"Sequoia Capital India, Prime Venture Partners",2022,January
CellStrat,Computer Software,Bangalore,"$1,40,000",,,2022,January
StanPlus,Hospital & Health Care,Hyderabad,"$20,000,000",Series A,"HealthQuad, Kalaari Capital, HealthX Capital",2022,January
Swiggy,FoodTech,Bangalore,"$700,000,000",,Invesco,2022,January
Ola Electric,Automotive,Bangalore,"$200,000,000",,"Tekne Private Ventures, Alpine Opportunity Fund, Edelweiss",2022,January
Hospals,Hospital & Health Care,New Delhi,"$3,500,000",Pre-series A,"Inflection Point Ventures, 9Unicorns, Singapore-based Wavemaker",2022,January
HYPD,E-commerce,New Delhi,"$1,500,000",Seed,"Better Capital, Sauce VC, Bhuvan Bam",2022,January
Oben Electric,Automotive,Bangalore,"$1,000,000",Seed,"Krishna Bhupal, Shajikumar Devakar",2022,January
SustainKart,E-commerce,Hyderabad,"$500,000",Pre-seed,India Accelerator,2022,January
Super Scholar,Education Management,Mumbai,"$400,000",,"MAGIC Fund, 2am VC, Astir VC",2022,January
NowPurchase,Metal manufacturing,Kolkata,"$2,400,000",Seed,"Orios, InfoEdge Ventures",2022,January
Darwinbox,Information Technology & Services,Bangalore,"$72,000,000",Series D,Technology Crossover Ventures,2022,January
Flint,Financial Services,Bangalore,"$5,000,000",Seed,"Sequoia Capital India, GFC",2022,January
Vajro,Computer Software,Chennai,"$8,500,000",Series A,Five Elms Capital,2022,January
Raise Financial,Financial Services,Mumbai,"$22,000,000",Series A,"BEENEXT, Mirae Asset Ventures",2022,January
Desi Hangover,Apparel & Fashion,Mumbai,"$1,800,000",,"Social Alpha, CIIE.co, Be An Angel Network",2022,January
Vyapar,Financial Services,Bangalore,"$30,000,000",Series B,WestBridge Capital,2022,January
MinIO,Computer Software,Bangalore,"$100,000,000",Series B,"SoftBank Vision Fund 2, Dell Capital, General Catalyst",2022,January
Growth School,E-learning,Bangalore,"$5,000,000",Seed,"Sequoia Capital India, Owl Ventures",2022,January
Kissht,Financial Services,Mumbai,"$10,000,000",,"Trifecta Capital, Northern Arc",2022,January
iMocha,Computer Software,Pune,"$14,000,000",Series A,Eight Roads Ventures,2022,January
Our Food,Food Production,Hyderabad,"$6,000,000",,"3Lines Venture Capital, C4D Asia Fund",2022,January
o9 Solutions,Computer Software,Bangalore,"$295,000,000",,"General Atlantic, BeyondNetZero",2022,January
Hike,Social Media,New Delhi,,,Polygon,2022,January
SuperOps.ai,Computer Software,Chennai,"$14,000,000",Series A,"Addition, Tanglin Ventures",2022,January
Aqgromalin,Farming,Chennai,"$5,000,000",Pre-series A,"Sequoia Capital India, Omnivore",2022,January
Ekank Technologies,Software,New Delhi,"$1,000,000",,"Archana Priyadarshini, Amit Jain, Amit Hooja, Deepak Jain",2022,January
Broomees,Information Technology & Services,New Delhi,"$600,000",,"2 AM VC, Magic Fund",2022,January
Moglix',Software,Noida,"$250,000,000",Series F,"Tiger Global, Alpha Wave Global",2022,January
Social Swag,E-learning,Mumbai,"$3,500,000",,"IMEF, Unicorn India Ventures",2022,January
MoooFarm,Information Technology & Services,Gurgaon,"$2,400,000",Seed,"Accel India, Navus Ventures",2022,January
Infurnia,Information Technology & Services,Bangalore,"$500,000",,"Yogesh Chaudhary, Pallavi Nadhani",2022,January
Bold Finance,Financial Services,Mumbai,,Seed,Antler India,2022,January
VDOC,"Health, Wellness & Fitness",Gurgaon,,Seed,Vinod K Dasari,2022,January
Kisanwala,Information Technology & Services,Hyderabad,"$1,000,000",,,2022,January
Burgerama,Food & Beverages,Gurgaon,"$700,000",Pre-series A,"Rishab Malik, Atul Singh",2022,January
ZFW,D2C,New Delhi,"$415,000",Seed,"Epigamia, Renee Cosmetics, Beardo",2022,January
PlantVita,"Health, Wellness & Fitness",Mumbai,,Seed,"JITO Angel Network, AIM Angel group",2022,January
Zaggle Prepaid Ocean Services,Enterprise Fintech,Hyderabad,595.0,Funding Round,Qualified Institutional Placement (Bank of India - largest buyer),2024,December
EPACK Prefab,Pre-engineered Buildings,Greater Noida,166.0,First Funding Round,GEF Capital Partners,2024,December
Captain Fresh,Seafood B2B,Bengaluru,100.0,Funding Round,Motilal Oswal Wealth Limited,2024,December
Univest,Retail Advisory Platform,Gurugram,83.0,Series A,Bertelsmann India Investments (BII),2024,December
Mindgrove Technologies,Semiconductor Design,Chennai,66.4,Series A,"Rocketship.vc, Speciale Invest, Mela Ventures, Peak XV Partners, Nishchay Goel, Whiteboard Capital, Anshul Goel",2024,December
HostBooks,Enterprise SaaS Fintech,Gurugram,41.5,Funding Round,Orange Orbit (as part of a $15M Series B funding round),2024,December
Sparkl Edventure,Edtech,Delhi,33.2,Seed Round,"Rainmatter Foundation (Nithin Kamath), Zomato’s Deepinder Goyal",2024,December
Arata,D2C Haircare,New Delhi,33.2,Series A,"Unilever Ventures, L’Oréal’s BOLD Ventures, Skywalker Family Office",2024,December
Confido Health,AI-focused Healthtech,"New Jersey, US",24.9,Seed Round,"Together Fund, MedMountain Ventures, Rebellion VC, DeVC, Operators Studio, strategic healthcare operators",2024,December
SustVest,Sustainable Investment Platform,Gurugram,14.11,Pre-Series A (Equity & Debt),"Inflection Point Ventures, Antler, WEH Ventures, Venture Catalysts, Soonicorn Ventures, FAAD Network",2024,December
Leanworx,Manufacturing Data Solutions,Bengaluru,8.3,Seed Round,"YourNest Venture Capital, angel investment group",2024,December
Proxgy,IoT Solutions,Gurugram,24.9,Series A,"Ajinkya Rahane, Nikhil Kamath, Suniel Shetty, Vinod Duggar, Manish Patel",2024,December
KiranaPro,Quick Commerce,Bengaluru,,Seed Funding,"Turbostart, Unpopular Ventures, Blume Founders Fund, Snow Leopard Ventures",2024,December
Naxatra Labs,Tech Solutions,Ahmedabad,,Seed Funding,"GVFL, Mohit Tandon (Delhivery), Himanshu Aggarwal (Aspiring Minds), Rainmatter Foundation (Nithin Kamath), Vijay Shekhar Sharma, Aloke Bajpai, Rajnish Kumar, Narayan (Ather Energy)",2024,December
Bureau,Risk Intelligence,India,249.0,Series B,"Sorenson Capital, PayPal Ventures, Commerce Ventures, GMO Venture Partners, Village Global, Quona Capital, XYZ Ventures",2024,December
Bizom,Retail Intelligence,Bengaluru,99.6,Series B,"Pavestone ($7.5M), IndiaMART, and family offices",2024,December
Seekho,Learning-focused OTT Platform,Bengaluru,66.4,Series A,Lightspeed,2024,December
ZingBus,Intercity Mobility,Gurugram,59.0,Funding Round,BP Technology Ventures,2024,December
QuiD Cash,Supply Chain Fintech,Bengaluru,37.35,Pre-Series A,"Angel investors, including Piyush Jain, and MINTCAP",2024,December
Inkers Technology,Prop-tech,Bengaluru,24.9,Series A,Ashish Kasholia (Lucky Investments),2024,December
Confido Health,AI-focused Healthtech,Ichalkaranji,24.9,Seed Round,"Together Fund, MedMountain Ventures, Rebellion VC, DeVC, Operators Studio, strategic healthcare operators",2024,December
Zunroof,Rooftop Solar,Gurugram,20.0,Funding Round,"ANBG Enterprise LLP (Godrej Family Office), Ravindernath Chadha",2024,December
Quanfluence,Photonic Quantum Technology,Bengaluru,16.6,Seed Round,"pi Ventures, Golden Sparrow, Reena Dayal",2024,December
Mili,AI Wealth Management Assistant,Mumbai,16.6,Seed Round,"Chiratae, BoldCap, Sparrow Capital, SFMG Wealth Advisors, Gregg Fisher (Quent Capital), Better Capital",2024,December
Curie Money,Fintech Platform,Bengaluru,9.96,Seed Round,"India Quotient, institutional and angel investors",2024,December
Resilience AI,Climate Technology,Gurugram,8.3,Seed Round,Kalaari Capital (CXXO Initiative),2024,December
Fitsol,Decarbonization for Manufacturing,New Delhi,8.3,Seed Round,Transition VC,2024,December
Fibroheal Woundcare,Medical Devices,Bengaluru,6.3,Pre-Series A,"Existing promoters, surgeons, medical professionals, and bankers",2024,December
VOICE,Electric Vehicles,Delhi,5.0,Seed Round,BizDateUp,2024,December
MBG Card,SaaS,Jabalpur,2.72,Funding Round,"Inflection Point Ventures, Velocity, Klub",2024,December
Rebel Foods,Foodtech,Mumbai,1743.0,Series G,"Temasek, Evolvence",2024,December
Mintifi,Supply-Chain Financing,Mumbai,1494.0,Series E,"Teachers’ Venture Growth (TVG), Prosus, Premji Invest",2024,December
Zetwerk,Contract Manufacturing,Bengaluru,581.0,Fresh Funding,"Khosla Ventures, Baillie Gifford, Rakesh Gangwal",2024,December
CarDekho SEA,Digital Automotive Solutions,Singapore,498.0,External Funding Round,"Navis Capital Partners, Dragon Fund",2024,December
Haber,Industrial Robotics,Pune,365.2,Series C,"Creaegis, BEENEXT, Accel",2024,December
Wooden Street,Furniture & Home Decor,Jaipur,354.0,Series C,Premji Invest,2024,December
SolarSquare,Solar Startup,Mumbai,332.0,Series B,"Lightspeed, Lightrock, Elevation Capital, Chris Sacca’s Lowercarbon, Nithin Kamath’s Rainmatter, Gruhas Proptech",2024,December
K12 Techno Services,Edtech - Schools,Bengaluru,332.0,Investment,Kenro Capital,2024,December
LambdaTest,Cloud-Based Testing Platform,San Francisco,315.4,Funding Round,"Avataar Ventures, Qualcomm Ventures",2024,December
OneCard,Credit Card Issuance,Pune,211.65,Fresh Funding,"QED Investors, Peak XV Partners, Z47, Better Tomorrow Ventures",2024,December
Pixxel,Spacetech,Bengaluru,199.2,Series B (Additional Funding),"M&G Catalyst, Glade Brook Capital Partners, Google, Radical Ventures, Lightspeed",2024,December
Snapmint,Fintech,Mumbai,149.4,Debt and Equity Round,"Prashasta Seth (Prudent Investment Manager), Perpetuity Ventures, Pegasus Fininvest",2024,December
RapidCanvas,AI Business Transformation,Austin,132.8,Series A,"Peak XV Partners, Titanium Ventures, Accel, Valley Capital Partners",2024,December
Varthana,NBFC - Education Loans,Bengaluru,124.5,Funding Round,BlueOrchard Microfinance Fund,2024,December
Avanti Finance,NBFC,Auckland,117.86,Series B,"Dia Vikas Capital, IDH Farmfit Fund, NRJN Family Trust, Rabo Partnerships",2024,December
Orange Health Labs,Diagnostics & Healthcare,Bengaluru,99.6,Funding Round,"Amazon Smbhav Venture Fund, Accel, General Catalyst, Bertelsmann India Investments, Y Combinator",2024,December
Stage,Regional OTT Platform,Indore,84.6,Series B,"Goodwater Capital, Blume Ventures",2024,December
DCDC Kidney Care,Healthcare,New Delhi,82.0,Strategic Investment,British International Investment (BII),2024,December
FirstClub,Quick Commerce,Bengaluru,66.4,Funding Round,"Accel, RTP Global, Blume Founders Fund, Quiet Capital, 2am VC, angel investors",2024,December
FinX,Skilling Platform,Mumbai,49.8,Funding Round,Elevar Equity,2024,December
Culture Circle,Sneakers & Streetwear,Gurugram,16.6,Seed Round,"Info Edge Ventures, angel investors",2024,December
Superfone,SMB CRM App,Bengaluru,15.77,Pre-Series A,"YourNest Venture Capital, Ankur Capital, Finsight Seed Fund, angel investors",2024,December
Infinity,Business Banking,Bengaluru,15.77,Equity Funding,"Y Combinator, Liquid 2 Ventures, Script Capital, angel investors",2024,December
Sustainiam,Climate Tech,Bengaluru,12.035,Maiden Funding Round,"Orios Venture Partners, Shilpa Shetty Kundra, Rajesh Sawhney, Harsh Vardhan Bhagchandka, Vinit Bhansali",2024,December
Navanc,Fintech,Bengaluru,8.3,Seed Round,"Prarambh Ventures, Inflection Point Ventures (IPV), Brigade REAP, angel investors",2024,December
Kreedo Early Childhood Solutions,Edtech,Bengaluru,10.0,Debt Funding,Recur Club,2024,December
Power Gummies,D2C Gummies,New Delhi,10.0,Bridge Round,"Jaipuria Family Office, Quadrant, 100unicorn, DSGCP, Wipro Consumer, Venture Catalysts, others",2024,December
SaveSage Club,Credit Card Management,Gurugram,2.5,Angel Funding,"iSEED, Alluvium Fund, LetsVenture Fund, angel investors",2024,December
Nodwin Gaming,Gaming and Entertainment,Gurugram,64.0,Convertible Preferred Stock,Nazara Technologies,2024,December
Atmosphere The Store Makers,Retail,Mumbai,5.0,Seed,Artha Venture Fund and PIL Italica Lifestyle Limited,2024,December
Neuranics,HealthTech,New Delhi,5.81,Seed,Inflection Point Ventures (IPV),2024,December
Annapurna Finance,Financial Services,Bhubaneswar,908.85,Multilateral ECB Transaction,-,2024,December
The Money Club,FinTech,Noida,20.75,Series A,Prudent Investment Managers,2024,December
Terractive,AgriTech,Mumbai,8.0,Pre-Series A,Fireside Ventures and DeVC (anchored by Z47),2024,December
Medial,Media and Entertainment,Bengaluru,4.15,Pre-Series A,Ortella Global Capital (OG Capital),2024,December
Ultraviolette,EV Manufacturing,Bengaluru,130.0,-,"Zoho Corporation, Lingotto Co-Invest Fund I, Mudhal Partners, others",2024,December
The Indus Valley,D2C Kitchenware,Chennai,23.1,Pre-Series A,DSG Consumer Partners,2024,December
Enterpret,SaaS,India,172.64,Series A,"Kleiner Perkins, Peak XV Partners, Wing Ventures, Recall Capital",2024,December
ZFunds,FinTech,Gurugram,25.0,Seed,Elevation Capital,2024,December
WickedGud,D2C Food Products,Mumbai,20.0,Seed,Orios Venture Partners,2024,December
Dentalkart,Dental Supplies Marketplace,New Delhi,85.0,-,"Malabar Investment, Whiteoak",2024,December
Godrej Properties,Real Estate,Mumbai,6000.0,QIP,"Singapore sovereign wealth firm GIC, SBI Pension",2024,December
Agrileaf,Cleantech,"Belthangady Taluk, Daskshina Kannada District",16.6,Growth,Capital-A and Samarsh Capital,2024,December
GoodLives,HealthTech,Gurugram,1.1,Pre-Seed,"IIM Lucknow, Rabindranath Tagore University (RNTU), Build3",2024,December
Bumboo,Eco-friendly Products,New Delhi,,Angel,"Rohan Bhargava, co-founder at CashKaro, UrbanPiper CEO Saurabh Gupta, SpotDraft Founder Shashank Bijapur, and NC Media founder Rajneil Kamath",2024,December
AdvantageClub.ai,HRTech,Gurugram,33.2,-,Axilor Ventures,2024,December
RaptorX,FinTech,India,4.0,Pre-Seed,"PeakXV Spark, EagleWings Ventures, Point One Capital",2024,December
MasterChow,D2C Food Products,New Delhi,53.95,Series A,Tanglin Venture Partners,2024,December
Vastu Housing,Housing Finance,Mumbai,830.0,-,Prosus,2024,December
Mintifi,Supply Chain Financing,Mumbai,664.0,-,Prosus,2024,December
Orange Health,Diagnostics and Healthcare,Bengaluru,99.6,-,Amazon Smbhav Venture Fund,2024,December
Sportskeeda,Gaming and Media,Bengaluru,67.56200000000001,-,-,2024,December
Hygenco,Cleantech,Gurugram,50.0,Debt,Trifecta,2024,December
SuperYou,FinTech,Mumbai,,Series A,"Nithin and Nikhil Kamath, co-founders of Zerodha-backed venture firm Rainmatter",2024,December
Enterpret,AI Customer Feedback Platform,San Francisco,172.64,Series A,Canaan Partners,2024,December
Laurus Bio,Biotechnology,Bengaluru,120.0,Equity Investment,Eight Roads Ventures and F-Prime Capital,2024,December
OneCard,FinTech,Pune,236.55,Series D,"Better Tomorrow Ventures, Peak XV, Z47",2024,November
Candytoy Corporate,Corporate Services,Bengaluru,110.0,Series A,"Domestic investors, HNIs, angel investors, institutional investors",2024,November
ALT Mobility,EV Leasing & Management,New Delhi,83.0,Series A,"Eurazeo, Shell Ventures, Twynam Earth Fund, EV2 Ventures",2024,November
ShopDeck,D2C Tech,Bengaluru,66.4,Series B,"Bessemer Venture Partners, Elevation Capital, Venture Highway, and Chiratae Ventures",2024,November
Elchemy,Specialty Chemicals,Ahmedabad,46.48,Series A,"Prime Venture Partners, InfoEdge Ventures",2024,November
All Things Baby,Baby & Mothercare,Mumbai,30.0,Series A,"Manish Choksi Family Office, Richa Choksi",2024,November
Beyond Appliances,Smart Kitchen Appliances,Bengaluru,16.6,Seed,"Fireside Venture Investment Fund III, Dharana Capital, Shezan Bhojani, Saurabh Jain, Ramakant Sharma, Chandru Kalro",2024,November
Zomato,Food Delivery Platform,Gurugram,8500.0,Qualified Institutions Placement (QIP),-,2024,November
Nazara Technologies,Gaming,Mumbai,855.0,Preferential Issue,"SBI Mutual Fund, Caratlane founder Mithun Sacheti, Aamara Capital, Think Investments among others",2024,November
WadzPay,Blockchain FinTech,Singapore,335.0,Share Subscription Facility,GEM Global Yield LLC SCS,2024,November
ParkMate,Road Transport Tech,Uttar Pradesh,9.96,Pre-Series A,Cactus Partners (CPL),2024,November
Ukhi,Biomaterials,New Delhi,9.96,Pre-Seed,"100Unicorns, Venture Catalysts, Avtar Monga",2024,November
True Diamond,Retail Luxury Goods and Jewellery,Mumbai,8.3,Seed,"Titan Capital, Huddle Ventures, Zeropearl Ventures, Ashutosh Valani, Priyank Shah, Aashka Goradia Goble, Ghazal Alagh, Abhishek Goyal, Anmol Jain",2024,November
NeoGrowth,Financial Services,Mumbai,41.5,Conventional Debt,Symbiotics Group,2024,November
Zepto,Quick Commerce,Mumbai,2905.0,Funding Round,"Motilal Oswal Private Wealth, Raamdeo Agarwal, Taparia Family Office, Mankind Pharma Family Office, Celebrity Investors, others",2024,November
Healthkart,Health Supplements,Gurugram,1269.9,Funding Round,"ChrysCapital, Motilal Oswal Alternates",2024,November
Zopper,Insurance Infrastructure API,Noida,207.5,Series D,"Elevation Capital, Dharana Capital, Blume Ventures",2024,November
OneCell Diagnostics,Cancer Diagnostics,Pune,132.8,Series A,"Celesta Capital, Tenacity Ventures, Cedars Sinai, Eragon, Singularity Ventures",2024,November
Vecmocon,EV Components,New Delhi,83.0,Funding Round,"Ecosystem Integrity Fund (EIF), Blume Ventures, British International Investment (BII)",2024,November
Kratos Gamer Network,Web3 Gaming,Tortola,83.0,Funding Round,"Aptos Labs, Polygon, Game7",2024,November
Blitz,Omnichannel Delivery Platform,Bengaluru,51.0,Series A,IvyCap Ventures,2024,November
Billion Hearts,Consumer Tech,New Delhi,33.2,Funding Round,Blume Ventures,2024,November
CredFlow,Fintech,New Delhi,30.71,Pre-Series B,"Inflexor Ventures, Singapore-based family office",2024,November
Doodhvale Farms,Dairy,Sonepat,24.9,Series A,"Atomic Capital, Singularity Early Opportunities Fund, Bharat Founders Fund, others",2024,November
Proost,Beer Startup,New Delhi,30.0,Series A,"Chimes Group, Srinivasan Namala, Hyderabad Angels, The Chennai Angels, others",2024,November
Swish,10-minute Food Delivery,Bengaluru,16.6,Maiden Funding Round,Accel,2024,November
Indic Wisdom,Wood-Pressed Oils,Mumbai,16.6,Pre-Series A,"Rockstud Capital, others",2024,November
PeLocal,Fintech,Chennai,16.6,Seed Funding,Unicorn India Ventures,2024,November
Theranautilus,Nanorobotics for Healthcare,Bengaluru,9.96,Seed Funding,Pi Ventures,2024,November
Taqtics,SaaS Platform,Bengaluru,9.96,Seed Round,"Sprout Venture Partners, Capital-A, Java Capital",2024,November
Matrix Geo Solutions,Drone & Space Tech,New Delhi,8.3,Pre-IPO Round,"Chittorgarh Infotech Limited, Viney Equity Markets LLP, Tryrock Capital Trust AIF",2024,November
Startup Thamizha,Media,Chennai,3.3,Funding Round,Mudhal Partners,2024,November
CADRE ODR,Online Dispute Resolution,Bengaluru,,Pre-Series A,"Aprameya Radhakrishna, Murali Subramanian, Ram Bhamidi, Aneesh Garg, Rahul Guptan",2024,November
UnifyApps,Enterprise AI Platform,Gurugram,166.0,Series A,"ICONIQ Growth, Elevation Capital",2024,November
Bhanzu,Edtech,Hyderabad,136.95,Funding Round,Epiq Capital,2024,November
Wheelocity,Semi-urban Commerce,Chennai,124.5,Extended Series A,"Lightspeed, Alteria Capital, Anicut Capital, Company’s Founder",2024,November
The ePlane Company,Electric Aircraft,Chennai,116.2,Series B,"Speciale Invest, Antares Ventures, Micelio Mobility, Naval Ravikant, Java Capital, others",2024,November
Equal,Data-sharing & Identity Verification,Hyderabad,83.0,Series A,"Prosus Ventures, Tomales Bay Capital, Keshav Reddy",2024,November
Ennoventure,Brand Protection & Authentication,Bengaluru,73.87,Series A,"Tanglin Venture Partners, Fenice Investment Group, SAFE Investors",2024,November
Ugaoo,Houseplants & Urban Gardening,Pune,47.0,Series A,"V3 Ventures, DSG Consumer Partners, RPG Ventures",2024,November
Funstop Games,Casual Gaming,Delhi,41.5,Series A,"360 ONE Asset, InfoEdge Ventures",2024,November
Thesys,AI Software,Chennai,33.2,Seed Funding,"Together Fund, 8vc",2024,November
BiteSpeed,AI-powered Customer OS for E-commerce,Bengaluru,29.05,Pre-Series A,"Peak XV Surge, Whiteboard Capital, Gaurav Munjal, Aakash Anand, Dhruv Vohra, others",2024,November
Zeplyn,Wealth Management Software,New York (Mumbai),24.9,Seed Funding,"Leo Capital, Converge, Angels and VC Funds",2024,November
Connecty AI,Enterprise AI Solutions,"San Francisco, United States",14.94,Pre-seed Round,"Market One Capital, Notion Capital, Marcin Zukowski, Maciej Zawadzinski",2024,November
Airbound,Drone Technology,Mumbai,14.11,Seed Round,"Lightspeed, gradCapital, Angel Investors",2024,November
India IVF,Tech-enabled Fertility Platform,Gurugram,10.292,Pre-Series A,Tomorrow Capital,2024,November
DesignX,Shopfloor Hyper-automation,Noida,8.3,Pre-Series A,Piper Serica Angel Fund,2024,November
Pikndel,Same-day Delivery Service,New Delhi,8.3,Seed Round,"VC Grid, D2C Insider Angels, Breathe Capital, Venture Catalysts, industry leaders, family offices",2024,November
StampMyVisa,B2B Visa Platform,Mumbai,6.6,Pre-Series A,Unicorn India Ventures,2024,November
LegalKart,Legal Consultation,Gurugram,6.5,Funding Round,"IIM Udaipur Incubation Centre, Aevitas Capital, Shift Alt Cap, others",2024,November
Creanovation Technologies Pvt. Ltd,Admissions as a Service,Gurugram,5.0,Funding Round,Physis Capital,2024,November
Easy Home Finance,Home Financing,Mumbai,290.5,Fresh Funding Round,"Ranjan Pai’s family office, Claypond Capital, Sumitomo Mitsui Banking Corporation’s Asia Rising Fund",2024,November
Haldiram Bhujiawala,Snacks,Kolkata,235.0,Minority Stake,"Bharat Value Fund (BVF), managed by Pantomath Capital Management",2024,November
EvoluteIQ,Tech Solutions,Bengaluru (Regstd Indian Office),166.0,Equity and Debt Funding Round,"Round2 Capital, Nordea Growth Fund, Dcap Select, PH Ventures",2024,November
MODIFI,B2B BNPL,New Delhi,124.5,New Funding Round,"SMBC Asia Rising Fund, Maersk, Intesa Sanpaolo, Heliad",2024,November
Boldfit,D2C Fitness & Supplements,Bengaluru,110.0,Fresh Funding Round,Bessemer Venture Partners,2024,November
CynLr,Deep-tech Robotics,Bengaluru,83.0,Series A,"Pavestone, Athera Venture Partners, Speciale Invest, Infoedge (Redstart), and other investors",2024,November
GalaxEye,Spacetech,Bengaluru,83.0,Funding Participation,Mounttech Growth Fund,2024,November
Marut Dronetech,Drone-tech,Hyderabad,51.46,Series A,Lok Capital,2024,November
Hala Mobility,EV-as-a-Service,Telangana,51.0,Pre-Series A,"Srikanth Reddy, Snehith Reddy, Phani Ramineni, Rohan Bajaj syndicate, Sarthy Angels, Bestvantage, HNIs",2024,November
The Hosteller,Backpacker Hostel,Mumbai,48.0,Equity and Debt,"V3 Ventures, Blacksoil (Debt)",2024,November
CastNX,Deep-tech in Power Electronics,"Dewas, Madhya Pradesh",23.22,Investment,"Arpit Khandelwal, Plutus Investments and Holding Private Limited",2024,November
Pulse,SaaS AI Platform,Chennai,11.62,Seed Round,"Endiya Partners, Zluri founders, Yellow.ai founders, other angel investors",2024,November
Induz,Data Security,Hyderabad,,New Funding Round,"YourNest Venture Capital, SanchiConnect",2024,November
30 Sundays,AI Travel Agent,Gurgaon,,Pre-seed Round,"Infoedge Ventures, First Cheque, Eximius, Misfits, other angel investors",2024,November
Innovartan Learning Solutions,Edtech,Noida,5.0,Pre-seed Funding,"Gokul Rajaram, Amit Singhal",2024,November
MOOEV Technologies,Electric Vehicles,Chennai,4.0,Seed Funding,"Bizdateup, Inflection Point Ventures, Spectrum Impact (Aarti Industries Family Office)",2024,November
Heliware,3D Geospatial Platform,Kolkata,4.0,Pre-Series A,"JITO Incubation and Innovation Foundation (JIIF), TiE, Vatvistaar Ventures",2024,November
Sushain Wellness,Healthtech,Lucknow,2.0,Seed Round,Prajay Advisors LLP,2024,November
Viraa Care,Healthtech,Chandigarh,,Pre-seed Round,European angel investors,2024,November
QubeHealth,Healthcare Payments,Mumbai,,Pre-Series-A,"Unicorn India Ventures, CanBank Venture Capital Fund",2024,November
Finova Capital,MSME-focused NBFC,Jaipur,1120.5,Series E,"Avataar Venture Partners﻿, Sofina﻿, Madison India Capital﻿, and Norwest Venture Partners",2024,October
Vridhi Home Finance,Housing finance company,Bengaluru,310.0,Series B,Norwest Venture Partners,2024,October
Udaan,B2B platform,Bengaluru,300.0,Debt Financing,"Lighthouse Canton, Stride Ventures and others",2024,October
Zinc,Edu-wealth,Bengaluru,211.65,Seed funding,"Nexus Venture Partners, Quona Capital, EDBI, Global Ventures, and Saison Capital",2024,October
Country Delight,D2C,Gurugram,200.0,Debt Financing,Alteria Capital,2024,October
Arya.ag,Grain Commerce,Noida,164.34,Financing Round,US International Development Finance Corporation,2024,October
ARYA,GPS Renewables',Bengaluru,100.0,Mezzanine financing,"Incred, Spark Capital",2024,October
Avaana Capital,Climate & Sustainability Tech,Mumbai,1120.5,New Fund,Fundraising for climate and sustainability tech startups,2024,October
Upgrad,Edtech,Mumbai,498.0,Additional Investment,Temasek,2024,October
Neysa,AI Cloud,Mumbai,249.0,Series A,"NTTVC, Z47 (formerly Matrix Partners India), Nexus Venture Partners",2024,October
Even Healthcare,Managed Care,Bengaluru,249.0,Series A,"Khosla Ventures, Founders Fund, 8VC, Lachy Groom",2024,October
Stellapps,Dairy Tech Solutions,Bengaluru,215.8,Equity and Debt Funding Round,"Blume Ventures, Omnivore, Bill & Melinda Gates Foundation, IDH Farmfit Fund, 500 Global, Blue Ashva Capital, Miledeep Capital",2024,October
Healthify,Health & Wellness,Bengaluru,166.0,New Funding Round,"Khosla Ventures, LeapFrog Investments",2024,October
Zouk,D2C Bags & Luggage,Mumbai,83.0,Series B,"Aavishkaar Group, Stellaris Venture Partners, Titan Capital, Sharrp Ventures, JJ Family",2024,October
OLOID,Workplace Tech,Bengaluru,49.8,Series A1,"Yaletown Partners, Exposition Ventures, George Kaiser Family Foundation, Carya Ventures",2024,October
Yu,Consumer Food,Gurugram,55.0,Series B,"Ashish Kacholia, Asian Promoter Group",2024,October
GlobalBees Brands,E-commerce,New Delhi,4.5,Investment,Dynamic IT Solution Private Limited (Subsidiary of Brainbees Solutions),2024,October
WishNew Wellness,Wellness,New Delhi,,Angel Round,"Ankit Khnadelwal, Gyanesh Sharma (DotPe), Abhijeet Rana, Ashish Singh",2024,October
NG Earsafe,Healthtech,Rajkot,1.06,Seed Round,Inflection Point Ventures,2024,October
Purplle,Beauty & Personal Care,Mumbai,1500.0,Series F,"Abu Dhabi Investment Authority (ADIA), Premji Invest, Blume Ventures",2024,October
Eruditus,Edtech,Singapore,1245.0,Series F,TPG’s The Rise Fund,2024,October
Neuron7.ai,Cloud-based Service Intelligence,United States,365.2,Series B,Smith Point Capital,2024,October
Haber Nets,AI-Driven Robotics,Mumbai,315.4,New Funding Round,"Creaegis, Accel, BEENEXT Capital",2024,October
Everstage,Sales Performance Management Software,Chennai,249.0,Series B,"Eight Roads Ventures, Elevation Capital, 3one4 Capital",2024,October
GIVA,Jewelry,Bengaluru,255.0,Extended Series B,"Premji Invest, Epiq Capital, Edelweiss Discover Fund",2024,October
Primus Senior Living,Elder Care,Bengaluru,166.0,Seed Round,"General Catalyst, Nikhil Kamath (Zerodha), Gruhas",2024,October
Sistema.bio,Biogas-Tech,Pune,124.5,New Funding Round,"ElectriFI, Chroma Impact Investment, KawiSafi Ventures, AXA IM Alts",2024,October
SPRY Therapeutics,SaaS - Physical Therapy,Mumbai,124.5,New Funding Round,"Flourish Ventures, Together Fund, Fidelity’s Eight Roads, F-prime Capital",2024,October
Anicut Capital,Alternative Asset Management,Chennai,91.3,Private Credit Fund 3,GIFT City Structure,2024,October
Troo Good,Millet-Based Snacks,Hyderabad,74.7,New Funding Round,"Puro Wellness, Oaks Asset Management, V Ocean Investments",2024,October
WROGN,Men’s Apparel,Bengaluru,75.0,New Funding Round,Aditya Birla Digital Fashion Ventures Ltd (ABDFVL),2024,October
Slice,Fintech,Bengaluru,71.7,New Funding Round,Rajan Bajaj (Founder & CEO),2024,October
Simplismart,Tech,Bengaluru,58.1,Series A Round,"Accel, Shastra VC, Titan Capital, Akshay Kothari (Notion Co-founder)",2024,October
XDLINX Space Labs,Spacetech,Hyderabad,58.1,Seed Round,"Ashish Kacholia (Lucky Investments), E2MC, Mana Ventures",2024,October
Dezy,Health-Tech,Bengaluru,49.8,Additional Funding,"Alphawave, Chiratae Ventures, Peak XV’s Surge",2024,October
Suraasa,Edtech - Teacher Training,Gurugram,49.8,New Funding Round,"Reach Capital, ETS Capital, NB Ventures, TSM Ventures, TRTL Ventures",2024,October
Budy.bot,AI,India,34.86,New Funding Round,RTP Global,2024,October
Wokelo,Due Diligence Tech,New Delhi,33.2,New Funding Round,Not disclosed,2024,October
AGNIT Semiconductors,Semiconductors,Bengaluru,29.05,Seed Round,"3one4 Capital, Zephyr Peacock",2024,October
Yoho,Footwear,Delhi,27.0,New Funding Round,Gulf Islamic Investments (GII),2024,October
Red Fort Capital,NBFC,Mumbai,22.6,Debt Funding,Debt Round,2024,October
Perceptyne,Deep Tech AI & Robotics,Telangana,24.9,Seed Round,"Endiya Partners, Yali Capital, Whiteboard Capital",2024,October
Frammer AI,Video Content Creation,New Delhi,16.6,New Funding Round,Lumikai,2024,October
Febi.ai,Accounting & Tax Management SaaS,Gurgaon,16.6,Pre-Series A Round,"Lumis Partners, Virender Rana, Amit Chaudhary (Lenskart), Rohan Bhargava (Cashkaro)",2024,October
Nayan Tech,AI for Smart City Solutions,New Delhi,16.6,Pre-Series A Round,"BEENEXT, We Founder Circle, Venture Catalysts, Lets Venture, FAAD Capital",2024,October
Data Science Wizards,AI Innovation,Mumbai,11.62,Seed Round,Not disclosed,2024,October
Sorich,Pharmaceutical Packaging,New Delhi,8.3,Pre-IPO Funding,BizDateUp,2024,October
Elixia Robotics,Logistics Automation,Mumbai,8.3,Pre-Series A Round,JITO Incubation and Innovation Foundation (JIIF),2024,October
Tablesprint,No-Code App Builder,Pune,8.3,Seed Round,"Angel Investors (Ankit Bhati, Ajeet Khurana, etc.)",2024,October
Holiday Tribe,Travel-Tech,Delhi,5.4,Seed Round,"Powerhouse Ventures, GSF, Dinesh Agarwal (IndiaMart), Murugavel Janakiraman (BharatMatrimony)",2024,October
Lifechart,Gut Wellness,Gurugram,,New Funding Round,"Prajay Advisors LLP, Angel Investors",2024,October
iRasus Technologies,Energy Analytics,Gurugram,4.0,Seed Round,"Rohit Rajput, Srikar Reddy (IAN Angel), DFAN, Other Angel Investors",2024,October
Flutrr,Vernacular Dating App,Kolkata,3.75,Investment in Startup,Zee Media,2024,October
Social Hardware,Assistive Devices,Bengaluru,3.2,Seed Round,"Inflection Point Ventures, Ivyleague Ventures, Soonicorn Ventures",2024,October
Alchemyst AI,Gen-AI SaaS,Mumbai,,Pre-Seed Round,"Inflection Point Ventures, 100Unicorns, Early Seed Ventures",2024,October
Beaute Secrets,Beauty Tools,Gurugram,1.6,Cash Flow Financing,Velocity (Cash Flow Financing Platform),2024,October
Millenium Babycares,Hygiene care,Indore,120.0,Private Placement Round,Bharat Value Fund,2024,October
Economy Process Solutions,Vacuum systems and process equipment,Mumbai,100.0,Series A,Stakeboat Capital Fund II,2024,October
Urja Mobility,EV Battery Leasing,New Delhi,100.0,Pre-Series A,Hindon Mercantil and Mufin Green Finance,2024,October
Bio Prime,Agribiotech,Pune,49.8,Series A,"Edaphon, Omnivore, Inflexor",2024,October
Swara Fincare,NBFC,New Delhi,19.4,Series A,Serica Angel Fund and UC Impower,2024,October
Figr,Product Design,Bengaluru,18.675,Series A,"Antler, Golden Sparrow, individual investors, and Kalaari Capital",2024,October
ZenStatement,Finance Automation and Cash Flow Management,Bengaluru,13.446,Investment Round,"3One4 Capital, Boldcap VC, Atrium Angels",2024,October
Sports For Life,Sports Academies,Bengaluru,9.13,Seed Round,"Roots Ventures, ML Tondon and Sons HUF and Blume Ventures",2024,October
Datazip,Data Engineering,Bengaluru,8.3,Seed Round,Equirus InnovateX Fund,2024,October
Onlygood ai,,,4.0,Seed Round,"Goel Group, IIT Madras Incubation Cell (IITMIC), and Daimler India Commercial Vehicles (DICV)",2024,October
Mstack Chemicals,Chemical manufacturing,"Houston, TX, United States",332.0,Series A,Lightspeed and Alphawave,2024,October
Waycool,Agriculture supply chain,Chennai,100.0,Debt Financing,Grand Anicut,2024,October
BASIC Home Loan,Mortgage distribution,Gurgaon,87.98,Series B,"Bertelsmann India Investments, CE-Ventures, Gruhas, 9 Unicorns, and others",2024,October
Lissun,Healthtech,Gurugram,20.75,Pre-Series A,RPSG Capital Ventures,2024,October
Zintlr,SaaS,Bengaluru,8.3,Seed Round,Om Jain,2024,October
Conscious Chemist,Beauty Commerce,Delhi,11.62,Venture Round,Atomic Capital,2024,October
Aikenist,HealthTech,Bengaluru,,Seed Round,Venture Catalysts,2024,October
FermionIC Design,Semiconductor,Bengaluru,49.8,Seed Round,Ashish Kacholia,2024,October
IG Drones,DroneTech,Delhi,8.3,Seed Round,India Accelerator,2024,October
Troo Good,FMCG,Hyderabad,71.38,Equity Round,Oaks Asset Management,2024,October
Clayco Cosmetics,Beauty Commerce,Mumbai,16.6,Series A,Unilever Ventures,2024,October
Secret Alchemist,Wellness,Mumbai,41.5,Seed Round,Samantha Prabhu,2024,October
Str8bat,SportsTech,Bengaluru,29.05,Series A,Exfinity Venture Partners,2024,October
OnCare,HealthTech,Gurugram,8.3,Seed Round,Huddle Ventures,2024,October
Furnishka,Manufacturing,Bengaluru,26.56,Pre-Series A,IndiaQuotient,2024,October
ZEVO,EV,Delhi,16.6,Pre-Series A,BizDateUp,2024,October
Ai Health Highway,HealthTech,Bengaluru,8.3,Seed Round,Turbostart,2024,October
True Balance,LendingTech,Gurugram,19.92,Debt,VentureSoul Partners,2024,October
Digilogic Systems India,AeroSpace,Hyderabad,,Undisclosed Round,Negen Capital,2024,October
SanchiConnect,DeepTech,Noida,,Undisclosed Round,"Baring PE India, Seafund, 8X",2024,October
Sugar.fit,HealthTech,Bengaluru,,Strategic Round,Sachin Tendulkar,2024,October
Curefoods Raises,Cloud Kitchen,Bengaluru,79.68,,Binny and Jitender Kumar Bansal,2024,September
Qure.ai,Healthtech,Mumbai,539.5,Series D,Lightspeed and 360One Asset,2024,September
Care.fi,Fintech,Bengaluru,8.0,Debt Funding,Wint Wealth and Caspian,2024,September
Nurix AI,AI,Bengaluru,228.25,Series A,"General Catalyst﻿, Accel, and Meraki Labs",2024,September
Atlys,Visa Processing,Mumbai,166.0,Series B,Peak XV Partners and Elevation Capital,2024,September
Aarna.ml,AI,Bengaluru,55.61,,Exfinity Venture Partners,2024,September
Two Point O Capital,Financing Platform,Mumbai,52.29,Seed Funding,Omnivore,2024,September
Ahammune Biosciences,Biotech,Pune,41.5,Series A,pi Ventures,2024,September
Sharang Shakti,RoboTech,$0.7 million,,Pre-Seed,AUM Ventures and Venture Highway,2024,September
Kapiva,Ayurvedic,$10 million,5.81,Series C,OrbiMed Asia,2024,September
Atlys,SaaS,$20 million,83.0,Series B,Peak XV Partners and Elevation Capital,2024,September
Tuco Intelligent,Personal Care,$2 million,166.0,Seed Round,Fireside Ventures and Whiteboard Capital,2024,September
Pepsales,SaaS,$1.1 million,16.6,Pre-Seed,Chiratae Ventures,2024,September
CoRover.ai,DairyTech,$4 million,9.13,Series A,Venture Catalysts,2024,September
Oright,LegalTech,$1 million,33.2,Seed Round,Aeravti Ventures,2024,September
jhana.ai,HRTech,$1.6 million,8.3,Seed Round,Girish Mathrubootham,2024,September
Atomicwork,BioTech,$3 million,13.28,Seed Round,"Strom Ventures, Blume Ventures and Neon Fund",2024,September
Flent,PropTech,0.8M,24.9,Pre-Seed,WEH Ventures,2024,September
AdOnMo,AdTech,25M,6.64,Undisclosed Round,Sinar Mas and Rigel Capital,2024,September
The Health Factory,FoodTech,3.5M,207.5,Seed Round,Peak XV Partner’s accelerator program Surge,2024,September
Homelane,SaaS,27M,29.05,Undisclosed Round,Hero Enterprise,2024,September
Giva,FashionTech,12M,224.1,Series B,Premji Invest,2024,September
Uppercase,E-commerce,9M,99.6,Series B,Accel,2024,September
Vedantu,EduTech,2.3M,74.7,Equity Round,Stride Ventures,2024,September
First Coffee,FoodTech,1.2M,19.09,Seed Round,BEENEXT,2024,September
Whatfix,SaaS,,9.96,Primary & Secondary Funding,"Sweet Nectar Investments (Warburg Pincus), SoftBank",2024,September
M2P Fintech,API Infrastructure,,417.5,Series C Round,Taj Investment Holdings,2024,September
Onsurity,Healthcare - Employee Benefits,,373.5,Series B Round,"Creaegis, International Finance Corporation, Quona Capital, Nexus Venture Partners",2024,September
Redcliffe Labs,Diagnostics - Healthcare,,348.6,Series C Round,"IFU, LeapFrog, HealthQuad, Spark Growth Ventures",2024,September
Everest Fleet,Mobility,,251.7,Series C Round,Uber,2024,September
Aye Finance,Microlending,,250.0,Series G Round,ABC Impact,2024,September
Way2News,Hyperlocal News,,116.2,New Round,"WestBridge Capital, Sashi Reddi",2024,September
Kaleidofin,Fintech,,114.54,New Round,"Rabo Partnerships B.V., Michael & Susan Dell Foundation, Oikocredit, Omidyar Network",2024,September
DailyObjects,D2C - Tech Accessories,,86.0,New Funding Round,360 One Ventures,2024,September
e6data,Data Infrastructure,,83.0,New Round,"Accel, Beenext",2024,September
Vahan.ai,Blue Collar Recruitment,,83.0,Series B Round,"Khosla Ventures, Y Combinator, Gaingels, Vijay Shekhar Sharma",2024,September
NowPurchase,SaaS,,49.8,Equity & Debt Round,"Info Edge Ventures, Orios Ventures, 100 Unicorns, VC Grid",2024,September
GrayQuest,Fintech,,53.0,Series B Round,"Pravega Fund, IIFL Fintech Fund",2024,September
Schmooze,Dating App,,33.2,New Round,"Elevation Capital, Ultrahuman Founders, The Souled Store Founders, Paytm Founders",2024,September
AltiusHub,Manufacturing Supply Chain,,18.675,Seed Round,Endiya Partners,2024,September
Proxgy,Deeptech - Smart Assistance,,18.26,Funding Round,"Manish Patel, Nikhil Kamath, Suniel Shetty, Kuldeep Mathur",2024,September
Bluecopa,FinOps Automation,,14.94,Pre-Series A,"Blume Ventures, Dallas Venture Capital, Venture Catalysts",2024,September
Newmi Care,Women's Health & Wellness,,12.45,Seed Round,"Sprout Venture Partners, Family Office, LetsVenture, Sarcha Advisors, Key Ventures",2024,September
TechJockey,Software Marketplace,,7.4,Strategic Stake Acquisition,Cricketer Rishabh Pant,2024,September
Bookmybai,Domestic Help Services,,2.0,Pre-Series A,Inflection Point Ventures,2024,September
Billion Hearts Software Technologies,Tech,,2.075,Angel Round,"Founders of redBus, Ola, InMobi, Myntra",2024,September
Kaatil,Hot Condiments,,,Seed Round,"Prajay Advisors, Shivaan Ghai, Romil Ratra",2024,September
Venttup,Industries 5.0,,,Seed Round,Unicorn India Ventures,2024,September
PhysicsWallah,EdTech,,1743.0,Series B,"Hornbill Capital, Westbridge Capital, and Lightspeed Venture Partners",2024,September
Big Bang Boom,Defence,,250.0,Funding Round (Undisclosed),"Mumbai Angels Network, Vyom Family Office, SBI, Asquare Investing, and others",2024,September
Elivaas,Villa and apartment management,,41.5,Series A,"3one4 Capital, Peak XV's Surge, and other angel investors",2024,September
Drip Capital,Fintech,"Palo Alto, US",937.9,Equity & Debt,"GMO Payment Gateway, SMBC",2024,September
InMobi,Mobile Advertising - Software,Bengaluru,830.0,Debt Financing,MARS Growth Capital (MUFG and Liquidity Group),2024,September
FlexiLoans,MSME-Focused Fintech,Mumbai,290.0,Series C,"Accion, Nuveen, Fundamentum, Maj Invest",2024,September
Centricity,Wealthtech,Gurugram,166.0,Seed Round,"Lightspeed, Paramark VC, Burman Family Office, MS Dhoni Family Office",2024,September
AppsForBharat,Devotional App - Tech,Bengaluru,149.4,Series B,"Fundamentum, Susquehanna Asia VC, Elevation Capital, Peak XV, Mirae Asset VC",2024,September
Nestasia,Home Decor - D2C,Kolkata,69.305,Funding Round,"Susquehanna Asia VC, Stellaris Venture Partners, Angels",2024,September
Clean Electric,Energy Storage,Pune,49.8,Series A,"Info Edge Ventures, Pi Ventures, Kalaari Capital, Lok Capital",2024,September
Dharaksha Ecosolutions,Biotech,New Delhi,24.8,Seed Round,Avaana Capital,2024,September
Mitra,FMCG - D2C,Mumbai,11.0,Pre-Series A,"Bestvantage Investments, Dubai-based Family Office",2024,September
Exposome,Clean-tech,Mumbai,10.0,Pre-Series A,"Colossa Ventures, 3i Partners, Bhukhanvala Holdings, Excel Industries, Spectrum Impact",2024,September
Zivy,AI - Workplace Solutions,Bengaluru,9.96,Pre-seed Round,"Blume Ventures, Paradigm Shift Capital, iSeed, Everywhere Ventures",2024,September
GameEon,Gaming - Game Development,Mumbai,8.3,Funding Round,"SucSEED Indovation Fund, ICE VC, IAN, CD EQUIFINANCE, Nexus Global Opportunities Fund",2024,September
Wundrsight,Digital Therapeutics,Bengaluru,3.32,Seed Round,"Inflection Point Ventures, Social Alpha",2024,September
Supersquad,Creator Monetization,Mumbai,2.1,Funding Round,"WLDD, Nitin Rajput, Jivraj Singh Sachar",2024,September
Trisu,Jewelry - D2C,Jaipur,,Pre-seed Round,"All In Capital, JK Tyres, Amaanta Group, Angel Investors",2024,September
Omnivore,Agritech,Mumbai,41.5,Funding Round,Proparco,2024,September
Futwork,Call-center Solutions,Mumbai,20.9,Series A,"Michael & Susan Dell Foundation, Artha Ventures, Simile Capital",2024,September
Track3D,Ai Construction Industry,-,35.69,Seed Round,"Endiya Partners, Shadow Ventures, Monta Vista Capital",2024,September
Crackle Technologies,Adtech,Delhi,14.11,Pre-seed Round,We Founder Circle and AC Ventures,2024,September
Arnya Real Estate,Real Estate,Raipur,375.0,Debt Fund,-,2024,September
Transcell Biologics,Biotech,Hyderabad,,-,Quantiphi and IAN Group,2024,September
Rapido,Bike-Taxi Aggregator,Bengaluru,1660.0,Series E,"WestBridge Capital, Nexus Venture Partners, Think Investments, Invus Opportunities",2024,September
Blue Tokai,Coffee and Bakery,Gurugram,290.5,Series C,"Verlinvest, Anicut Capital, A91 Partners",2024,September
Clean Electric,Energy Storage,Pune,48.5,Series A,"Info Edge, Pi Ventures, Kalaari Capital, Angel Investors",2024,September
Nutrabay,D2C Retail,New Delhi,41.5,Series A,"RPSG Capital Ventures, Kotak Alternate Asset Managers",2024,September
The Hosteller,Backpacker Hostel,Mumbai,32.0,Series A,"V Cube Ventures, LetsVenture Angel Fund, Angelist, Others",2024,September
RecommerceX,Chemical Recycling,Noida,29.88,Seed Round,"Accel, Kae Capital",2024,September
Invest4Edu,Edtech,Mumbai,24.9,Seed Round,Family Offices,2024,September
Global Care,Medical Tourism,Gurugram,24.9,Series A,35North India Discovery Fund – II,2024,September
BigEndian Semiconductors,Semiconductors,Bengaluru,24.9,Funding Round,Vertex Ventures SEA & India,2024,September
TruNativ,Nutrition,Mumbai,25.0,Funding Round,Rainmatter Capital,2024,September
Theater,Fashion,Chandigarh,12.45,Pre-Series A,"Prath Ventures, Existing Angel Investors",2024,September
Spolto,Sports-Tech,Pune,8.3,Seed Round,"Andrew Johnston, Others",2024,September
Valyx,B2B Financial Management,Bengaluru,6.64,Pre-Seed Round,"Huddle Ventures, Waveform Ventures, Bharat Founders Fund, Propell Fund",2024,September
Boson Whitewater,Water Recycling,Bengaluru,10.0,Equity Funding,Rainmatter,2024,September
Mytek Innovations,Manufacturing,Mumbai,6.0,Debt Funding,-,2024,September
LiaPlus AI,Customer Support Solutions,New Delhi,2.0,Seed Round,"Inflection Point Ventures, Chandigarh Angel Network, Growth91",2024,September
ReCircle,Cleantech,Mumbai,,Bridge Funding Round,"Venture Catalysts, Mumbai Angels, HNIs",2024,September
Nautical Wings,Aerospace,Bengaluru,,Pre-Series A,"Venture Catalysts, 1Crowd",2024,September
0xPPL,Social Networking - Blockchain,Bengaluru,,Strategic Funding Round,"AllianceDAO, Anagram, Peak XV Partners",2024,September
Sunsure Energy,Renewable Energy,Haryana,226.0,Debt Financing,Tata Capital,2024,September
Plan B,D2C Kids Innerwear,Mumbai,,Funding Round,JITO Incubation and Innovation Foundation,2024,September
Zepto,Quick Commerce,Mumbai,2822.0,Follow-on Financing Round,"General Catalyst, Dragon Fund, Epiq Capital",2024,August
Servify,Post-sales Services,Mumbai,84.0,Series D,"Bajaj Holdings, Trifecta, Innoven Capital",2024,August
Pilgrim,Beauty and Personal Care,Mumbai,75.0,Extended Series B,"Fireside, Vertex Ventures",2024,August
Aroa Venture Partners,Investment Fund,Gurgaon,40.0,Capital Commitment,"SIDBI, UP Government's Fund",2024,August
Legends League Cricket (LLC),Sports,Delhi,39.0,Equity Round,Brickwork,2024,August
HouseEazy,Real Estate,Noida,33.5,Series A,"Chiratae Ventures, Veena Jindal, Antler, IA",2024,August
LoanKuber,Financial Services,New Delhi,29.05,Pre-Series B,"TRTL VC, Inflection Point Ventures, and others",2024,August
Ben & Gaws,Manufacturing Tech,New Delhi,24.9,Pre-Series A,"Physis Capital, ICMG, Inflection Point Ventures",2024,August
Miko,Robotics,Mumbai,20.5,Funding Round,Angel Investors,2024,August
Cambrian Bioworks,Biotechnology,Bengaluru,12.035,Seed Round,"Irani Family Office, Vaibhav Hegde",2024,August
ProFinTech Technologies,Fintech,Hyderabad,11.62,Seed Round,"Family Offices, HNIs",2024,August
Sunfox Technologies,Health-tech,Dehradun,15.0,Pre-Series A,"Venture Catalysts, others",2024,August
Laiqa Wellness,Femtech,Gurgaon,15.0,Seed Round,IvyCap Ventures,2024,August
The Hive Hostels,Hospitality,Mumbai,11.5,Pre-IPO Funding Round,"Angel Investor, Sixth Sense Ventures, others",2024,August
Serigen Mediproducts,Biomedical Products,Pune,10.0,Funding Round,"IAN Alpha Fund, Colossa Ventures, angels",2024,August
Acadru,Edtech,Gurgaon,4.15,Pre-Series A,"AIG Direct LLC, others",2024,August
ODA Class,Edtech,Bengaluru,4.15,Series B,"Skywalker, Daituzi, Matrix Partners China",2024,August
Medront,Technology,Mumbai,1.06,Pre-seed Round,Inflection Point Ventures,2024,August
Yubi,Fintech,Chennai,249.0,Equity capital,Gaurav Kumar,2024,August
Convin,AI,Bengaluru,53.95,Funding Round,India Quotient,2024,August
Plutos ONE,Digital Services for Banking Sector,New Delhi,16.6,Seed Round,"StartupXseed, Genesia Ventures, Auxano Capital, Raghuvanshi Investment",2024,August
Agrim,B2B Agri-inputs,Gurugram,143.59,Series B,Asia Impact,2024,August
Baazar Style,Luxury Fashion,Kolkata,250.0,-,Anchor Investors,2024,August
InsurancePadosi,Insuretech,Gurgaon,,Pre-seed Round,Antler,2024,August
Finarkein Analytics,Data Analytics,Pune,39.425,Pre-Series A,Nexus Venture Partners,2024,August
Kreedo,Edtech,Bengaluru,33.2,Series A,Heritas Capital,2024,August
99 Pancakes,Quick Service Restaurants,Mumbai,20.0,Series A,Family Office,2024,August
DeepMatrix,Deep Tech,Bengaluru,13.28,Funding Round,YourNest and Arali Ventures,2024,August
Hangyo,Food and Beverage,Mangalore,207.5,Venture Funding,Faering Capital,2024,August
Livpure,Appliances,Gurugram,208.0,Funding Round,"M&G Investments, Ncubate Capital Partners",2024,August
Even Healthcare,Healthcare,Bengaluru,169.0,Funding Round,Khosla Ventures,2024,August
Axio,Online Lending,Bengaluru,167.0,Right Issue,Existing investors,2024,August
InvestorAi,Equity Investment Platform,London,80.0,Series A,"Ashish Kacholia, Lucky Investment Managers",2024,August
FlexiLoans,Fintech,Mumbai,75.0,Non-convertible debt,JM Financial,2024,August
Uppercase,Luggage,Bengaluru,74.7,Funding Round,Accel,2024,August
Zoff,Spices,Raipur,40.0,Funding Round,JM Financial Private Equity,2024,August
TransBnk,Fintech,New Delhi,33.2,Series A,"8i Ventures, Accion Venture Lab, GMO Venture Partners, Ratio Ventures, Force Ventures, family offices, angels",2024,August
LLUMO AI,AI Optimisation,Noida,8.3,Seed Round,"SenseAI Ventures, India Quotient, AumVC, Venture Catalyst, IIM Indore Alumni Angel fund, other angel investors",2024,August
Dopplr,Virtual Try-on Solutions,Bengaluru,,Funding Round,"Cornerstone Ventures, U.S-based BAT VC",2024,August
Revrag,B2B Sales,Bengaluru,4.98,Pre-Seed Round,"Powerhouse Ventures, Viral Bajaria, Kunal Shah, Deepak Anchala, Vetri Vellore, other angel investors",2024,August
NxtQube,Dronetech,Nasik,,Seed Round,"Pontaq VC, Ananta Bizcon LLP, Rushikesh Bhandari, and others",2024,August
Oyo,Hospitality,Gurgaon,1457.0,Series G,"InCred Wealth, Patient Capital, J&A Partners, Mankind Pharma promoters' family office, ASK Financial",2024,August
Ather Energy,EV,Bengaluru,600.0,Funding Round,National Investment and Infrastructure Fund (NIIF),2024,August
Neo,Wealth and Asset Management,Mumbai,400.0,Series B,"MUFG Bank, Euclidean Capital LLC, Peak XV Partners",2024,August
Pakka Limited,Compostable Packaging,Kanpur,244.7,Funding Round,-,2024,August
Syfe,FinTech,Gurugram,224.1,Funding Round,"Valar Ventures, Unbound, two UK family offices",2024,August
Vayana,Trade Finance,Pune,170.15,Funding Round,SMBC Asia Rising Fund,2024,August
Fresh Bus,Electric Intercity Bus,Hyderabad,87.5,Series A,"Maniv, Shell Ventures, Alteria Capital, Riverwalk Holdings",2024,August
Beco,Eco-Friendly Products,Mumbai,83.0,Pre-Series B,"Tanglin Venture Partners, Titan Capital Winners Fund, Manish Choksi, Rukam Capital, Synergy Capital",2024,August
Innoviti,Payment Gateway,Bengaluru,70.0,Series E,"Random Walk Solutions, Bessemer Venture Partners, Patni Family Office, Alumni Ventures",2024,August
Kazam,E-Mobility,Bengaluru,66.4,Series A3,"Vertex Ventures, Avaana Capital, Alteria Capital",2024,August
4baseCare,Healthcare,Bengaluru,49.8,Series A,Yali Capital,2024,August
Skydo,Cross-border Payments,Bengaluru,41.5,Equity Round,"Elevation Capital, Angel Investors",2024,August
Fashor,Ethnic Wear,Jaipur,41.5,Funding Round,Blume Ventures,2024,August
Infinyte.Club,Wealth Management,Bengaluru,29.88,Funding Round,"Elevation Capital, Angel Investors",2024,August
Truva,Real Estate Tech,Mumbai,24.9,Funding Round,"Stellaris Venture Partners, Angel Investors",2024,August
HealthCRED,B2B Healthcare Financing,New Delhi,9.96,Seed Round,"Antler India, TRTL VC, DeVC, iSeedVC, Angel List India",2024,August
EyeROV,Marine Robotics,Kochi,10.0,Pre-Series A,Unicorn India Ventures,2024,August
Six Sense Mobility,Smart Mobility,Mumbai,6.0,Seed Round,Piper Serica VC,2024,August
Halden,Luxury Men’s Brand,Mumbai,5.0,Seed Round,Prajay Advisors,2024,August
MiClient,AI-driven B2B Sales Platform,Gurugram,3.9,Seed Round,"IAN Group, Anicut, GSF, RTAF, Keiretsu",2024,August
Ziptrrip,Travel-tech SaaS,Mumbai,2.0,Pre-Seed Round,Angel Investors,2024,August
NuvoRetail,E-commerce Marketing,New Delhi,2.905,Funding Round,-,2024,August
Adukale,FMCG,Bangalore,,Funding Round,NuVentures,2024,August
CricHeroes,Sportstech,Ahmedabad,,Series B1,"Venture Catalysts, Games24x7, WeFounderCircle, Eagle10 Ventures, Ivy Growth",2024,August
35North Ventures,Venture capital,Mumbai,100.0,Funding Round,-,2024,August
NuvoRetail,eCommerce Marketing & Analytics,Delhi,2.905,-,-,2024,August
GenWorks Health,Healthcare,Bengaluru,41.0,Funding Round,Evolvence India Fund,2024,August
Oneiric11 Gaming,Esports and Gaming Platform,Chandigarh,8.3,Pre-Series A,"NG Family Trust, TAC Holdings",2024,August
BiofuelCircle,Marketplace for biomass and biofuel,Pune,45.0,Funding Round,"Spectrum Impact, Angels, Promoters",2024,August
FlexiBees,Talent Marketplace,Singapore,,Pre-Series A,Inflection Point Ventures,2024,August
Absolute Sports,Sports Media,Bengaluru,,Acquisition,Acquired assets of DeltiasGaming.com,2024,August
Visit Health,Healthcare,"California, US",250.0,Fundraise,"Docprime Technologies, promoters and employees",2024,August
ShareChat,Social Media Company,Bengaluru,132.8,Debt Round,Singapore-based EDBI,2024,August
Country Delight,Dairy and Essentials,Gurugram,70.0,Debt Funding,Alteria Capital,2024,August
Agrizy,Agritech,Bengaluru,81.34,Series A,"Accion, Omnivore, Capria Ventures, Thai Wah Ventures, Ankur Capital",2024,August
Scimplify,Speciality Chemicals,Bengaluru,78.85,Series A,Omnivore and Bertelsmann,2024,August
Kindlife.in,"Beauty, wellness, and health",New Delhi,66.4,Series A,"JB-Dooeun, TK Fund, MIXI Global Investments, Kalaari Capital and angel investors",2024,August
BlueBinaries Engineering and Solutions,"Engineering, Tech Services",Chennai,60.0,Debt and Equity Round,Anicut Capital,2024,August
Punch,Stock Broking,Mumbai,58.1,Seed Funding,"Stellaris Venture Partners, Susquehanna Asia VC, Prime Venture Partners, Innoven Capital",2024,August
Metadome.ai,XR Startup,"Troy, Michigan",53.95,Series A,"Siana Capital, Chiratae Ventures, Alteria Capital, 3to-1 Capital, Manish Choksi’s family office",2024,August
EthrealX,Healthcare,Bengaluru,41.5,Seed Round,"YourNest, BIG Global Investments JSC, BlueHill Capital, Campus Fund, Golden Sparrow Ventures",2024,August
SigTuple Medtech,Medtech,Bengaluru,33.0,Series C Extension,Sidbi Venture Capital,2024,August
Aukera,Lab-grown Jewellery,Bengaluru,26.7,Series A,Fireside Ventures,2024,August
Juleo,Dating App,Delhi,20.75,Funding Round,"Ramakant Sharma, Kunal Shah, Ruchi Deepak, Harsh Jain, Lalit Keshre",2024,August
Neuron Energy,EV Batteries,Mumbai,20.0,Series A,"Chona Family, Capri Global Family Office",2024,August
FINQY,Fintech,Mumbai,16.6,Funding Round,"Angel Bay India Accelerator, Family Offices, Private Investors",2024,August
Hyperbots,"AI for Finance, Accounting",Dover,16.6,Seed Round,"Kalaari Capital, Sunicon Ventures, Athera Venture Partners",2024,August
Burma Burma,Vegan Restaurant,Mumbai,16.6,Equity Investment,Several Family Offices,2024,August
Karma Primary Healthcare,Healthtech,Udaipur,11.0,Series A,"UBS Optimus Foundation, 1Crowd, Others",2024,August
Bebe Burp,Baby Food,Surat,8.0,Pre-Series A,Gruhas Collective Consumer Fund (GCCF),2024,August
Cellivate Technologies,Biotech,Singapore,8.3,Seed Round,"Antler, Venture Catalysts, Hatcher+, We Founder Circle",2024,August
CURRYiT,Food and Beverages,New Delhi,4.5,Seed Round,"RK Family Trust, Tangent Advisors, Freeflow Ventures",2024,August
IppoPay,Fintech,Chennai,,Funding Round,"Mithun Sacheti, Siddhartha Sacheti",2024,August
Nazara Technologies,"Gaming, Media",Mumbai,224.1,Acquisition,Acquired Fusebox Games Limited,2024,August
Infibeam Avenues,Fintech,"GiFT, Gandhinagar",,Acquisition,Acquired 54% in Rediff.com India Ltd,2024,August
Nazara Technologies,"Gaming, Media",Mumbai,,Acquisition,Acquired additional 48.42% in Paper Boat Apps (PBA),2024,August
Unicommerce,SaaS,New Delhi,124.5,-,Anchor investors,2024,August
Banana Club,Consumer > Fashion Tech,Karnataka,11.537,Seed,-,2025,October
Neulife,HealthTech > Fitness & Wellness Tech,Maharashtra,8.3,Unattributed,Subhkam Ventures,2025,October
Dhobi G,Consumer > Local Services,Tamil Nadu,1.4193,Conventional Debt,Indian Overseas Bank,2025,October
Helex,Life Sciences > Genomics,Telangana,,Seed,Bluehill Capital Trust,2025,October
Michezo Sports,Consumer > Sports Services,Karnataka,20.75,Seed,Centre Court Capital,2025,October
Celewish,Consumer > Communication Apps,Maharashtra,6.225,Angel,-,2025,October
Megaliter Varunaa,Environment > Waste & Water Management,Telangana,14.193,Seed,-,2025,October
The Eye Foundation,Healthcare > Hospital Chains,Tamil Nadu,622.5,Series C,Verlinvest,2025,October
Wonderland Foods,Food & Agriculture > Food & Beverage Products,Delhi,132.8,Series B,Asha,2025,October
CapitalXB Finance,Financial Services > Consumer and SME Loans,Maharashtra,,Conventional Debt,Nicolas Walewski,2025,October
CapitalXB Finance,Financial Services > Consumer and SME Loans,Maharashtra,124.5,Seed,Nicolas Walewski,2025,October
Berar Finance,Financial Services > Consumer and SME Loans,Maharashtra,141.1,PE,Abler Nordic,2025,October
Uniphore,High Tech > Generative AI,California / Tamil Nadu,2158.0,Series F,New Enterprise Associates,2025,October
Umagine,Environment > Environment Consultancy Services,Delhi,7.055,Seed,Venture Catalysts,2025,October
Stylox,Consumer Goods > Apparel Brands,Haryana,2.822,Seed,thefef.net,2025,October
Fundamento,Enterprise Applications > Customer Service Software,California / Delhi,15.77,Seed,The Players Fund,2025,October
Imagimake,Retail > Mom & Baby Care,Maharashtra,,Series B,Pidilite Ventures,2025,October
EKA,Energy Tech > Electric Vehicles,Maharashtra,473.1,Series A,NIIF,2025,October
HooLiv,Consumer > Residential Real Estate Tech,Delhi,22.659,Seed,Negen Capital PMS,2025,October
Healing Hands Clinic,Healthcare > Clinic Chains,Maharashtra,,PE,L Catterton,2025,October
Kraya,Enterprise Applications > SCM Software,Maharashtra,0.9379,Seed,AID,2025,October
Zepto,Food and Agriculture Tech > Online Grocery,Karnataka,2490.0,Series G,Goodwater Capital,2025,October
DashamLabs,High Tech > Advanced Materials,Haryana,11.288,Seed,Speciale Invest,2025,October
Kuku FM,Consumer > Vernacular Platforms,Maharashtra,415.0,Series C,Granite Asia,2025,October
CoreStack,Enterprise Infrastructure > IT Operations,Washington / Tamil Nadu,415.0,Convertible Debt,Post Road Group,2025,October
Thefragaria,Food and Agriculture Tech > Crop Tech,Tamil Nadu,16.6,Seed,WEH Ventures,2025,October
Flowatt Batt,Energy Tech > Energy Storage Tech,Karnataka,2.0584,Seed,PedalStart,2025,October
CoinDCX,FinTech > Cryptocurrencies,Maharashtra,,Series D,Coinbase,2025,October
Matters,Enterprise Infrastructure > Cybersecurity,Karnataka,39.425,Seed,Kalaari Capital,2025,October
Airoclip,Mobile > Mobile Gaming,Karnataka,22.825,Seed,TAC,2025,October
Airbound,High Tech > Drones,Karnataka,71.795,Seed,Humba Ventures,2025,October
CIMCON,Energy > Oilfield Services,Gujarat,48.638,Series A,Niveshaay,2025,October
HouseEazy,Consumer > Residential Real Estate Tech,Uttar Pradesh,141.1,Series B,Accel,2025,October
SpeakX,EdTech > Continued Learning,Haryana,132.8,Series B,WestBridge Capital,2025,October
Reia Diamonds,Consumer Goods > Fashion Accessories,Karnataka,1.8675,Seed,Venture Catalysts,2025,October
MyWonder,Real Estate & Construction > Construction Management Services,Karnataka,2.49,Seed,Antler,2025,October
Ramkrishna Forgings,Auto > Auto Components,West Bengal,191.73,Post IPO,-,2025,October
Exposome,Chemicals & Materials Tech > Chemicals Tech,Maharashtra,21.497,Seed,Colossa Ventures,2025,October
GoodScore,FinTech > Alternative Lending,Karnataka,107.9,Series A,Peak XV Partners,2025,October
Onida,Consumer Goods > TV & Audiovisual Products,Maharashtra,122.84,Post IPO,Authum,2025,October
FS Life,Consumer > Fashion Tech,Haryana,46.48,Series B,Colossa Ventures,2025,October
Hunger,Food & Agriculture > Food Service Chains,Maharashtra,,Series A,Lighthouse,2025,October
Hala Mobility,Consumer > Auto E-Commerce & Content,Telangana,28.054,Series A,Magnifiq Capital Trust,2025,October
Qapita,FinTech > Investment Tech,Singapore / Telangana,219.95,Series B,MassMutual Ventures,2025,October
Pantherun,Enterprise Infrastructure > Enterprise Networking,Karnataka,99.6,Series A,Info Edge Ventures,2025,October
We360.ai,Enterprise Applications > HRTech,Madhya Pradesh,16.6,Seed,GSF,2025,October
Ask My Guru,Consumer > Religion Tech,Karnataka,4.15,Seed,Matrimony.com,2025,October
Rusk Media,Media & Entertainment > Film & TV Studios,Maharashtra,,Series B,IvyCap Ventures Advisors,2025,October
FasTest,HealthTech > Healthcare Booking Platforms,Maharashtra,1.1205,Seed,Inflection Point Ventures,2025,October
Ekkaa,Semiconductors > Display Technology,Haryana,101.26,Series A,-,2025,October
Eternz,Consumer > Fashion Tech,Karnataka,,Seed,Multiply Ventures,2025,October
GH2 Solar,Energy > Solar Energy,Uttar Pradesh,53.95,Series A,GrowMo360,2025,October
Jaagruk Bharat,Media & Entertainment > Internet First Media,Delhi,1.4027,Seed,ajvc,2025,October
Meolaa,Retail > Beauty Tech,Karnataka,49.8,Seed,General Catalyst,2025,October
Rusk Media,Media & Entertainment > Film & TV Studios,Maharashtra,1.4027,Angel,Ramesh Gandhi,2025,October
TrusTerra,Auto > Auto Retail & Aftersales,Haryana,8.383,Seed,Finvolve,2025,October
Battwheelz,Energy Tech > Electric Vehicles,Haryana,1.8675,Seed,Finvolve,2025,October
Intangles,Consumer > Road Transport Tech,Maharashtra,249.0,Series B,Avataar Ventures,2025,October
August AI,HealthTech > Disease Self Management,Karnataka,24.9,Seed,Accel,2025,October
Consuma,Enterprise Applications > MarketingTech,Karnataka,10.79,Seed,Equirus Wealth,2025,October
Goodmelts,Retail > Home Care E-Commerce,Karnataka,,Seed,Anicut Capital,2025,October
H2 Carbon Zero,Energy Tech > Energy Storage Tech,Delhi,7.055,Seed,Venture Catalysts,2025,October
ZillOut,Food and Agriculture Tech > Food Tech,Karnataka,2.573,Seed,Jindagilive Angel Network,2025,October
Dezerv,FinTech > Investment Tech,Maharashtra,332.0,Series C,Premji Invest,2025,October
Vipul Organics,Chemicals & Materials > Dyes Pigments and Inks,Maharashtra,32.951,Post IPO,-,2025,October
OZi,Retail > Mom & Baby Care,Haryana,27.39,Seed,Blume Venture,2025,October
Lucio,High Tech > Chatbots,Karnataka,41.5,Series A,DeVC,2025,October
Finarkein Analytics,FinTech > Banking Tech,Maharashtra,,Seed,DSP Group Family Office,2025,October
PRYM Aerospace,High Tech > Drones,Maharashtra,20.003,Seed,Lloyds steel,2025,October
Ecoex,Environment Tech > Solid Waste Management Tech,Delhi,33.2,Seed,-,2025,October
Navata Supply Chain Solutions,Business Services > Supply Chain Services,Telangana,12.616,Series A,Abyro Capital,2025,October
AltMat,High Tech > Advanced Materials,Gujarat,,Seed,Rainmatter,2025,October
Exsure,Life Sciences > Oncology,Odisha,0.09379,Seed,AIC-Nalanda Institute Of Technology Foundation,2025,October
DecorTwist,Consumer Goods > Home Furnishing Products,Uttar Pradesh,1.66,Seed,Tejas Paresh Lodaya,2025,October
GreyLabs,High Tech > Natural Language Processing,Maharashtra,79.68,Series A,Elevation Capital,2025,October
Raise,FinTech > Investment Tech,Maharashtra,996.0,Series B,Beenext,2025,October
JSW One MSME,Enterprise Applications > Manufacturing Tech,Maharashtra,219.95,Series B,Oneup Financial Consultants,2025,October
ThrustWorks Dynetics,"Aerospace, Maritime & Defense Tech > Space Tech",Maharashtra,6.5487,Seed,Jamwant Ventures,2025,October
Art Of Time,Consumer Goods > Retailers,Maharashtra,,Series B,Plutus Wealth Management,2025,October
Sammaan Capital,Financial Services > Consumer and SME Loans,Delhi,,Post IPO,IHC / Marshall Wace,2025,October
Freight Tiger,Consumer > Logistics Tech,Maharashtra,112.05,Series C,Tata Motors / Lightspeed India,2025,October
Recyclaro.com,Environment Tech > Solid Waste Management Tech,Uttar Pradesh,8.3,Seed,CapitalOven,2025,October
GrowXCD,Financial Services > Consumer and SME Loans,Tamil Nadu,186.75,Series B,Blue Earth Capital / Lok Capital,2025,October
Assesslim,High Tech > AI Infrastructure,West Bengal,41.5,Seed,Foxhog Ventures / IDEAS TIH,2025,October
UNMANND,"Aerospace, Maritime and Defense Tech > Military Tech",Karnataka,16.6,Seed,Speciale Invest,2025,October
VAMAm,Consumer > Local Services,Delhi,20.75,Seed,Wavemaker Partners / 7Square Ventures,2025,October
Climaty AI,Enterprise Applications > AdTech,"Dubai, Karnataka",16.6,Seed,Turbostart,2025,October
Ignosis,FinTech > Banking Tech,Gujarat,33.2,Seed,Peak XV Partners,2025,October
Fyno,Enterprise Applications > Customer Success Management,Karnataka,33.2,Seed,Arkam Ventures / 3one4 Capital,2025,October
Recur Club,FinTech > Alternative Lending,Delhi,348.6,Conventional Debt,InCred / Info Edge Ventures,2025,October
Recur Club,FinTech > Alternative Lending,Delhi,66.4,Series A,Info Edge Ventures,2025,October
Wit And Chai Group,Business Services > Marketing Services,Maharashtra,,Seed,Sanjay Katkar,2025,October
Hocco,Food and Agriculture > Food Service Chains,Gujarat,107.9,Series B,Sauce,2025,October
Petpoojam,Food and Agriculture Tech > Food Tech,Gujarat,,Series C,Dharana / Gujarat Venture Finance,2025,October
Kapivas,Life Sciences > Nutraceuticals Tech,Karnataka,232.4,Series D,Vertex Growth / Jetty Ventures,2025,October
Vaani Research Labs,High Tech > Chatbots,Karnataka,3.32,Seed,Venture Catalysts,2025,October
EF Polymer,Chemicals and Materials > Polymers,Rajasthan,,Series B,Toyoda Gosei / Beyond Next Ventures,2025,October
RUGR,FinTech > Banking Tech,Karnataka,41.5,Seed,Vikasa India EIF Fund,2025,October
IGowise,Energy Tech > Electric Vehicles,Karnataka,,-,-,2025,October
PharmEasy,Health Tech,Mumbai,1591.11,Debt,-,2025,September
Emergent,AI,Gurugram,190.9,Series A,Lightspeed Ventures,2025,September
Chakr Innovation,Clean Tech,Gurugram,190.9,Series C,Iron Pillar,2025,September
Curefoods,Foodtech,Bengaluru,149.4,–,3State Ventures,2025,September
Handpickd,Consumer Services,Gurugram,124.5,Series A,Bertelsmann India Investments,2025,September
Rocket,AI,Bengaluru,124.5,Seed,"Salesforce Ventures, Accel",2025,September
Vedantu,Edtech,Bengaluru,91.3,–,-,2025,September
Simple Energy,Clean Tech,Bengaluru,83.0,–,"Dr Arokiaswamy Velumani (founder, Thyrocare)",2025,September
KisanKonnect,Agritech,Ahmednagar,67.23,Pre-Series A,Bajaj Finserv Group,2025,September
Distil,Ecommerce,Mumbai,63.91,Series A,"Jungle Ventures, CE-Ventures",2025,September
Gullak,Fintech,Bengaluru,62.25,Series A,Chiratae Ventures,2025,September
Oolka,Fintech,Bengaluru,58.1,Seed,"Lightspeed India, Z47",2025,September
PRISM,Travel Tech,Mumbai,46.48,–,"InCred, Analah Capital",2025,September
OnFinance,AI,Bengaluru,34.86,Pre-Series A,Peak XV (Surge),2025,September
Amwoodo,Ecommerce,Kolkata,33.2,Pre-Series A,Rainmatter,2025,September
Cosmoserve Space,Advanced Hardware & Technology,Hyderabad,26.56,Pre-Seed,AVCF,2025,September
P-TAL,Ecommerce,New Delhi,24.9,Series A,"Venture Catalysts, Rainmatter",2025,September
Xbattery,Clean Tech,Hyderabad,19.09,Seed,Bipin Patel Family Office,2025,September
Grest,Ecommerce,Cuttack,14.94,–,Equentis,2025,September
VyomIC,Advanced Hardware & Technology,Bengaluru,13.28,Pre-Seed,Speciale Invest,2025,September
Akashalabdhi,Advanced Hardware & Technology,Roorkee,9.96,Pre-Seed,-,2025,September
Navo,Ecommerce,Gurugram,7.4866,Seed,IndiaQuotient,2025,September
Bharat Intelligence,Agritech,Mumbai,6.557,Pre-Seed,Sahyadri Farms,2025,September
Recove,Clean Tech,Bengaluru,4.9634,–,Momentum Capital,2025,September
Paar Autonomy,Advanced Hardware & Technology,Bengaluru,4.15,Seed,Venture Catalysts,2025,September
Samaaro,Enterprise Tech,Bengaluru,4.15,Pre-Series A,Inflection Point Ventures,2025,September
Gaadimech,Consumer Services,Jaipur,1.4027,–,AJVC,2025,September
Gabit,Ecommerce,Gurugram,,-,-,2025,September
Infra.Market,Real Estate Tech,Thane,688.9,Series G,-,2025,September
EvoluteIQ,Enterprise Tech,Bengaluru,439.9,–,Baird Capital,2025,September
FinBox,Fintech,Bengaluru,332.0,Series B,WestBridge Capital,2025,September
Blue Energy Motors,Clean Tech,Pune,249.0,-,"Nikhil Kamath, Omnitex Industries",2025,September
InCred Money,Fintech,Mumbai,249.0,–,-,2025,September
EcoSoul,Ecommerce,Noida,166.0,Series B,"Accel, Bajaj Financial Securities",2025,September
Indkal,Ecommerce,Bengaluru,166.0,–,-,2025,September
Scalekit,AI,Bengaluru,45.65,Seed,"Together Fund, Z47",2025,September
Lucira,Ecommerce,Mumbai,45.65,Seed,Blume Ventures,2025,September
SpaceFields,Advanced Hardware & Technology,Bengaluru,41.5,Pre-Series A,Globaz Technologies,2025,September
Pelocal,Fintech,Chennai,41.5,Series A,"UNLEASH Capital Partners, Unicorn India Ventures",2025,September
iDO Devices,Ecommerce,Noida,33.2,–,"Blume Ventures, Merak Ventures",2025,September
Pascal AI Labs,AI,Bengaluru,25.73,Seed,Kalaari Capital,2025,September
Equilibrium,Clean Tech,Noida,24.9,Seed,-,2025,September
INCLUD,Ecommerce,Gurugram,24.07,Pre-Series A,3one4 Capital,2025,September
Blinkit-AI,AI,Gurugram,9.96,Seed,Foliflex Cables,2025,September
Supply6,Ecommerce,Bengaluru,9.13,Seed,Zeropearl VC,2025,September
UGX.ai,AI,Gurugram,8.3,Seed,Blue Ocean Venture Partners,2025,September
PlaySuper,Media & Entertainment,Gurugram,8.3,Seed,Chimera,2025,September
Wankel Energy Systems,Clean Tech,Chennai,8.3,Pre-Seed,Shastra VC,2025,September
MyNaksh,Consumer Services,Bengaluru,7.0716,Pre-Seed,Eximius Ventures,2025,September
uKnowva,Enterprise Tech,Mumbai,4.15,Pre-Series A,-,2025,September
Raptee.HV,Clean Tech,Chennai,,-,Technology Development Board (Ministry of Science & Technology),2025,September
Flipspaces,Real Estate Tech,Mumbai,74.7,Series C,—,2025,September
Indrajaal,Advanced Hardware & Technology,Hyderabad,45.65,Pre-Series A,"India Accelerator, Finvolve",2025,September
Presolv360,Enterprise Services,Mumbai,39.01,Series A,"Elevation Capital, MGA Ventures",2025,September
Indigrid Technology,Enterprise Services,Gurugram,33.2,—,Cactus Partners,2025,September
Ember,Ecommerce,US,26.56,Seed,—,2025,September
Asaya,Ecommerce,Bengaluru,26.56,Pre-Series A,RPSG Capital,2025,September
Inamo,Enterprise Services,Mumbai,24.9,Seed,Shastra VC,2025,September
WeHouse,Real Estate Tech,Hyderabad,23.24,Series A,—,2025,September
EndureAir Systems,Advanced Hardware & Technology,Noida,23.24,—,Indian Angel Network,2025,September
Snap-E-Cabs,Travel Tech,Kolkata,20.75,—,Inflection Point Ventures,2025,September
Aurva,Enterprise Tech,New Delhi,18.26,Seed,Nexus Venture Partners,2025,September
BacAlt Biosciences,Health Tech,Bengaluru,16.6,Pre-Seed,Avaana Capital,2025,September
PeakAmp,Clean Tech,Gurugram,11.62,Seed,Caret Capital,2025,September
FarmDidi,Ecommerce,Mumbai,6.5819,Seed,Samved Ventures,2025,September
Prowrrap,Enterprise Services,Delhi,3.7599,Pre-Series A,"Calance Software; Amit Govil (chairman, Calance Corporation)",2025,September
Biokraft Foods,Clean Tech,Mumbai,1.8841,Seed,GVFL,2025,September
Misfits,Ecommerce,Gurugram,,Seed,Nu Ventures,2025,September
TraqCheck,AI,New Delhi,,—,"Alok Oberoi (chairman, Everstone Capital); Siddharth Mehta (founder, Bay Capital)",2025,September
CityMall,Ecommerce,Gurugram,390.1,Series D,Accel,2025,September
Seekho,Media & Entertainment,Bengaluru,232.4,Series B,Bessemer Venture Partners,2025,September
Blue Tokai Coffee Roasters,Ecommerce,Gurugram,207.5,–,-,2025,September
FirstClub,Consumer Services,Bengaluru,190.9,Series A,"Accel, RTP Global",2025,September
Colive,Real Estate Tech,Bengaluru,166.0,Series B,Bain Capital,2025,September
Offgrid Energy,Clean Tech,Gurugram,124.5,Series A,Archean Chemicals Industries,2025,September
Reveal Healthtech,AI,US,59.76,Series A,Leo Capital,2025,September
PlatinumRx,Health Tech,Bengaluru,49.8,Series A,Stellaris Venture Partners,2025,September
LeafyBus,Travel Tech,Delhi,34.029999999999994,Pre-Series A,Enetra India,2025,September
Tuco Kids,Ecommerce,Bengaluru,33.2,Series A,RTP Global,2025,September
FlexifyMe,Health Tech,Pune,19.09,Pre-Series A,IvyCap Ventures,2025,September
AutoDukan,Ecommerce,Pune,8.3,Pre-Series A,-,2025,September
House of Zelena,Ecommerce,New Delhi,6.5819,Seed,"Sprout Venture Partners, M Venture Partners",2025,September
Cuzor,Ecommerce,Bengaluru,4.6978,Seed,"Ramesh Kannan (MD, Kaynes Technology)",2025,September
RxMen,Health Tech,New Delhi,4.6978,Seed,Inflection Point Ventures,2025,September
QuantE Energy,Clean Tech,Noida,4.15,Seed,Trillion Dollar Venture Partners,2025,September
Dectrocel,Health Tech,Lucknow,3.7599,–,BioAngels (IAN Group),2025,September
Zanskar,Ecommerce,Bengaluru,2.6311,Seed,Zeropearl VC,2025,September
Waterscience,Ecommerce,Bengaluru,1.3197,–,Valar Ventures,2025,September
Edgehax,Advanced Hardware & Technology,Bengaluru,1.3114,Seed,Inflection Point Ventures,2025,September
TransBnk,Fintech,Mumbai,207.5,Series B,Bessemer Venture Partners,2025,August
Altum Credo,Fintech,Pune,161.02,–,British International Investment,2025,August
CredRight,Fintech,Bengaluru,83.0,Series B,Abler Nordic,2025,August
WizCommerce,Enteprise Tech,Bengaluru,66.4,Series A,Peak XV Partners,2025,August
Vutto,Ecommerce,Bengaluru,58.1,Series A,RTP Global,2025,August
Palmonas,Ecommerce,Pune,51.46,Series A,Vertex Ventures Southeast Asia & India,2025,August
Enmovil,Logistics,Hyderabad,49.8,Series A,Sorin Investments,2025,August
Peeko,Consumer Services,Bengaluru,26.56,Seed,Stellaris Venture Partners,2025,August
Matiks,Media & Entertainment,Haveri,25.73,Pre-Series A,Tanglin Ventures,2025,August
Wastelink,Cleantech,New Delhi,24.9,Series A,Avaana Capital,2025,August
Harajuku Tokyo Cafe,Fooddtech,New Delhi,16.6,Seed,Indian Angel Network,2025,August
Cumin Co,Ecommerce,Gurugram,12.45,–,Fireside Ventures,2025,August
Anmasa,Ecommerce,Gurugram,9.13,Pre-Seed,–,2025,August
Nugen,Artificial Intelligence,Ahmedabad,8.3,Pre-Seed,Antler,2025,August
Vaave,Enteprise Tech,Hyderabad,6.2084,–,VCMint,2025,August
Hexafun,Ecommerce,Delhi,4.233,Seed,Prajay Advisors,2025,August
Nuyug,Ecommerce,New Delhi,2.3489,Pre-Seed,AJVC,2025,August
BhaoBhao,Consumer Services,Mumbai,1.66,–,–,2025,August
R For Rabbit,Ecommerce,Ahmedabad,224.1,Series B,"Filter Capital, 3one4 Capital",2025,August
Kiwi,Fintech,Bengaluru,199.2,Series B,Vertex Ventures,2025,August
Beyond Appliances,Ecommerce,Bengaluru,33.2,Series A,Fireside Ventures,2025,August
House Of Biryani,Consumer Services,Mumbai,29.88,–,-,2025,August
Mitra,Ecommerce,Gurugram,13.28,–,Bestvantage Investments,2025,August
PeelON,Enterprise Services,Vishakhapatnam,8.3,Seed,growX ventures,2025,August
Hexafun,Ecommerce,Delhi,4.2496,Seed,Prajay Advisors,2025,August
Famyo,Ecommerce,Bengaluru,3.7931,Seed,I'n Angel Fund,2025,August
ZenZebra,Consumer Services,Delhi,,Seed,Rukam Capital,2025,August
Truemeds,Healthtech,Mumbai,539.5,Series C,—,2025,August
Zepto,Consumer Services,Bengaluru,379.31,—,Motilal Oswal Financial Services Ltd,2025,August
Darwinbox,Enterprise Tech,Hyderabad,332.0,—,Ontario Teachers’ Pension Plan,2025,August
Ultraviolette,Cleantech,Bengaluru,174.3,—,TDK Ventures,2025,August
Arintra,Enterprise Tech,US,174.3,Series A,Peak XV Partners,2025,August
Dashverse,Media & Entertainment,Bengaluru,107.9,Series A,Peak XV Partners,2025,August
Lifelong Online,Ecommerce,New Delhi,107.9,—,—,2025,August
Pronto,Consumer Services,Gurugram,91.3,Series A,"General Catalyst, Glade Brook Capital",2025,August
Elivaas,Travel Tech,Gurugram,83.0,Series B,Vertex Ventures,2025,August
Graas.ai,Artificial Intelligence (AI),Singapore,74.7,Series B,Tin Men Capital,2025,August
Refold AI,Artificial Intelligence (AI),Bengaluru,53.95,Seed,"Eniac Ventures, Tidal Ventures",2025,August
Olee Space,Advanced Hardware & IoT,Pune,24.9,Seed,—,2025,August
Holiday Tribe,Travel Tech,Gurugram,24.9,Pre-Series A,Powerhouse Ventures,2025,August
Fairdeal.Market,Ecommerce,Gurugram,24.9,Pre-Series A,Incubate Fund Asia,2025,August
Manastu Space Technologies,Advanced Hardware & IoT,Mumbai,24.9,Series A,Capital-A,2025,August
Comminent,Advanced Hardware & IoT,Bengaluru,16.6,—,Transition VC,2025,August
Spike AI,Artificial Intelligence (AI),Bengaluru,15.77,Pre-Seed,Sorin Investments,2025,August
Trackk,Fintech,New Delhi,8.3,Seed,—,2025,August
The Sleep Company,Ecommerce,Mumbai,453.18,Series D,—,2025,August
RENEE Cosmetics,Ecommerce,Ahmedabad,249.0,Series C,Playbook Partners,2025,August
Fibe,Fintech,Pune,207.5,Debt,Franklin Templeton Alternative Investments Fund,2025,August
SuperGaming,Media & Entertainment,Pune,124.5,Series A,"Skycatcher, Steadview Capital",2025,August
Jeh Aerospace,Advanced Hardware & Technology,Hyderabad,91.3,Series A,Elevation Capital,2025,August
Zype,Fintech,Mumbai,85.49,—,Unleash Capital Partners,2025,August
DPDPZero,Fintech,Bangalore,58.1,Series A,GMO Venture Partners,2025,August
TurboHire,Artificial intelligence (AI),Hyderabad,49.8,Series A,IvyCap Ventures,2025,August
Mitigata,Fintech,Delhi,48.97,Series A,Nexus Venture Partners,2025,August
TPlusA India,Ecommerce,Bangalore,48.14,Seed,Livspace,2025,August
Cautio,Advanced Hardware & Technology,Bangalore,24.9,Seed,—,2025,August
OUTZIDR,Ecommerce,Bangalore,24.9,Pre-Series A,RTP Global,2025,August
HYLENR,Clean Tech,Hyderabad,24.9,Pre-Series A,"Valour Capital, Chhattisgarh Investments",2025,August
Zepto,Consumer Services,Bangalore,24.07,—,MapmyIndia,2025,August
CodeKarma,Artificial intelligence (AI),Bangalore,20.75,Pre-Seed,"Prosus, Accel, Xeed Ventures",2025,August
Xovian Aerospace,Advanced Hardware & Technology,Bangalore,20.75,Pre-Seed,"Piper Serica, Turbostart",2025,August
Nuuk,Ecommerce,Gurugram,16.6,Series A,—,2025,August
DesignX,Enterprise Tech,Noida,16.6,—,—,2025,August
EON Space Labs,Advanced Hardware & Technology,Hyderabad,9.96,Pre-Series A,MGF Kavachh,2025,August
MangoPoint,Ecommerce,Chennai,8.3,Pre-Series A,Inflection Point Ventures,2025,August
Fraganote,Ecommerce,New Delhi,8.3,Pre-Series A,Rukam Capital,2025,August
Shotgun Games,Media & Entertainment,Mumbai,8.3,Seed,—,2025,August
Gladful,Ecommerce,Jaipur,7.5779,—,Eternal Capital,2025,August
Terafac,Advanced Hardware & Technology,Chandigarh,6.64,Pre-Seed,Inuka Capital,2025,August
Prozo,Logistics,Gurugram,,—,Ranbir Kapoor,2025,August
Safe Security,Enterprise Tech,New Delhi,581.0,Series C,Avataar Venture Partners,2025,July
Metaforms,AI,Bengaluru,74.7,Series A,Peak XV Partners,2025,July
STAN,Media & Entertainment,Chennai,70.55,Series A,-,2025,July
Arivihan,Edtech,Indore,34.86,Pre-Series A,"Prosus, Accel",2025,July
Sharpsell.ai,Enterprise Tech,Mumbai,28.22,Series A,Equentis Angel Fund,2025,July
Drizz,AI,Bengaluru,22.41,Seed,Stellaris Venture Partners,2025,July
Littlebox,Ecommerce,Noida,17.43,Seed,"Huddle Ventures, Prath Ventures",2025,July
Snooplay,Ecommerce,New Delhi,7.6028,Pre-Series A,Pravek Family Office,2025,July
Zepto,Consumer Services,Bengaluru,7.1131,–,Elcid Investments,2025,July
Heizen,Enterprise Services,New Delhi,4.15,Pre-Seed,Titan Capital,2025,July
Passport Trips,Travel Tech,Mumbai,4.15,Pre-Seed,Aroa Venture Partners,2025,July
ILine,Logistics,Noida,4.15,–,-,2025,July
Genexis Biotech,Health Tech,Vadodara,3.7931,Seed,GVFL,2025,July
Vahan.ai,AI,Bengaluru,,–,Temasek,2025,July
Gupshup,Enterprise Tech,Mumbai,498.0,–,-,2025,July
Netrasemi,Advanced Hardware & Technology,Thiruvananthapuram,102.92,Series A,Zoho Corporation,2025,July
SuperK,Consumer Services,Bengaluru,95.45,Series B,3STATE Ventures,2025,July
Kluisz.ai,Artificial Intelligence (AI),Bengaluru,79.68,Seed,RTP Global,2025,July
EduFund,Fintech,Ahmedabad,49.8,Series A,Cercano Management,2025,July
EVeez,Travel Tech,Gurugram,44.82,Series A,Michael & Susan Dell Foundation,2025,July
Enlite Research,Enterprise Tech,Mumbai,43.99,Series A,Avaana Capital,2025,July
iTuring.AI,Artificial Intelligence (AI),Bengaluru,41.5,Series A,"Dallas Venture Capital, Mela Ventures",2025,July
Sugar Cosmetics,Ecommerce,Mumbai,41.5,–,Anicut Capital,2025,July
Escape Plan,Ecommerce,Bengaluru,41.5,Seed,"Jungle Ventures, Fireside Ventures",2025,July
Hudle,Enterprise Tech,Delhi,20.75,Series A,Sky Impact Capital,2025,July
Grexa AI,Artificial Intelligence (AI),Thane,14.94,Seed,Utsav Somani,2025,July
ANNY,Ecommerce,Gurugram,9.96,Pre-Series A,Atomic Capital,2025,July
Ammunic Systems,Advanced Hardware & Technology,Bengaluru,9.13,Seed,"India Accelerator, Finvolve",2025,July
Inbound Aerospace,Advanced Hardware & Technology,Chennai,8.3,Pre-Seed,Speciale Invest,2025,July
Plenome Technologies,Enterprise Tech,Chennai,6.2416,Seed,Ovington Capital Partners,2025,July
Bharatsure,Fintech,Mumbai,5.7602,–,Inflection Point Ventures,2025,July
ApClub,Consumer Services,Bengaluru,1.9173,Pre-Seed,Curefit,2025,July
Coluxe,Ecommerce,New Delhi,,–,-,2025,July
Magma,Enterprise Services,Ahmedabad,,–,GVFL Limited,2025,July
Roast Foods,Ecommerce,Pune,,–,Pagariya Exports Pvt Ltd,2025,July
KlugKlug,Enterprise Services,New Delhi,,–,-,2025,July
QpiAI,Advanced Hardware & Technology,Bengaluru,265.6,Series A,"Avataar Ventures, National Quantum Mission",2025,July
Truemeds,Healthtech,Mumbai,166.0,Series C,Peak XV Partners,2025,July
Phi Commerce,Fintech,Pune,48.97,Series B,BEENEXT,2025,July
KNOT,Consumer Services,Bengaluru,24.9,Pre-Series A,Kae Capital,2025,July
Trupeer.AI,Artificial intelligence (AI),Bengaluru,24.9,Seed,RTP Global,2025,July
Omspace Rocket & Exploration,Advanced Hardware & Technology,Ahmedabad,24.9,Pre-Seed,-,2025,July
Vaaree,Ecommerce,Bengaluru,17.43,Pre-Series A,"PeerCapital, Peak XV Surge",2025,July
CureFit,Health Tech,Bengaluru,16.6,–,First Luxembourg SCA,2025,July
DCG Tech,Ecommerce,Gurugram,14.11,Pre-Series A,GVFL,2025,July
Zuppa,Advanced Hardware & Technology,Chennai,12.45,–,Rahul Dewan,2025,July
Deep Algorithm,Enterprise Tech,Hyderabad,10.79,–,Unicorn India Ventures,2025,July
Dial4242,Health Tech,Gurugram,9.13,Pre-Series A,IAN Group,2025,July
The Wedding Company,Consumer Services,Bengaluru,8.3,Pre-Seed,LVX,2025,July
Navana.ai,Artificial intelligence (AI),Mumbai,6.7396,Pre-Series A,Antler India,2025,July
Unibose,Advanced Hardware & Technology,Chennai,5.3037,Pre-Series A,O2 Angels,2025,July
Zulu Club,Consumer Services,Gurugram,2.075,Pre-Seed,TDV Partners,2025,July
Parkobot,Advanced Hardware & Technology,Kolkata,2.0169,Seed,Inflection Point Ventures,2025,July
Enercomp,Advanced Hardware & Technology,Ahmedabad,1.9256,–,-,2025,July
CosMoss,Ecommerce,Gurugram,,Seed,Malika Sadani,2025,July
Onetab.ai,Artificial intelligence (AI),Bengaluru,,–,"Hyperscope, Elrise",2025,July
Fire AI,Artificial intelligence (AI),Mumbai,,Pre-Seed,Venture Catalysts,2025,July
Infinity Fincorp,Fintech,Mumbai,581.0,-,Partners Group,2025,July
Varthana,Fintech,Bengaluru,154.38,Debt,-,2025,July
Khetika,Ecommerce,Bengaluru,149.4,Series B,"Narotam Sekhsaria Family Office, Anicut Capital",2025,July
InPrime Finserv,Fintech,Bengaluru,49.8,Series A,Pravega Ventures,2025,July
Chai Bisket,Media & Entertainment,Hyderabad,41.5,Seed,"InfoEdge Ventures, General Catalyst",2025,July
Belong,Fintech,Bengaluru,41.5,Seed,Elevation Capital,2025,July
Clean Fanatics,Consumer Services,Bengaluru,16.6,Seed,Inflection Point Ventures,2025,July
Cookd,Ecommerce,Chennai,16.6,Pre-Series A,Spring Marketing Capital,2025,July
Gramik,Agritech,Lucknow,16.6,-,-,2025,July
Green Aero,Advanced Hardware & Technology,New Delhi,13.28,Seed,pi Ventures,2025,July
AMAMA,Ecommerce,New Delhi,8.3,-,Mistry Ventures,2025,July
WiseLife,Ecommerce,Gurugram,7.7356,Seed,Rukam Capital,2025,July
Linkrunner,AI,Bengaluru,4.648,-,Titan Capital,2025,July
Divine Hindu,Ecommerce,Gurugram,1.5023,Seed,-,2025,July
Jeh Aerospace,Advanced Hardware & Technology,Hyderabad,,-,Indigo Ventures,2025,July
LdotR,Enterprise Services,New Delhi,,-,"Basil Moftah, Mark Garlinghouse",2025,July
Qoruz,Media & Entertainment,Bengaluru,,Pre-Series A,Chennai Angels,2025,July
Jumbotail,Ecommerce,Bengaluru,996.0,Series D,"SC Ventures, Artal Asia",2025,July
Infra.Market,Real Estate Tech,Thane,415.0,Debt,Mars Growth Capital,2025,July
InCred Finance,Fintech,Mumbai,388.44,Debt,"Morgan Stanley, Nippon Life India",2025,July
Eggoz,Ecommerce,Gurugram,166.0,Series C,"Gaja Capital, IvyCap Ventures, Rebright Partners, Avaana Capital, NABVENTURES, Merisis Opportunities Fund, Arvind Thakur, S Ramadorai, Artek Chemicals, Blue Dot Capital",2025,July
AppsForBharat,Consumer Services,Bengaluru,166.0,Series C,"Susquehanna Asia VC, Fundamentum, Elevation Capital, Peak XV Partners",2025,July
Aukera,Ecommerce,Bengaluru,124.5,Series B,"Peak XV Partners, Fireside Ventures, Sparrow Capital, Prath Ventures, Alteria Capital",2025,July
Bambrew,Enterprise Services,Bengaluru,87.15,Series B,"Ashok Goel, Enrission India Capital",2025,July
Eeki,Agritech,Kota,58.1,Series A,Sixth Sense Ventures,2025,July
Zango AI,Artificial Intelligence (AI),Indore,39.84,Seed,"Nexus Venture Partners, South Park Commons, Notion Capital, No Label Ventures, Start Ventures",2025,July
Maieutic Semiconductor,Advanced Hardware & Technology,Bengaluru,34.86,Seed,"Endiya Partners, Exfinity Venture Partners",2025,July
Luma Fertility,Health Tech,Mumbai,33.2,Seed,"Peak XV, Ameera Shah, Vijay Taparia",2025,July
GobbleCube,Artificial Intelligence (AI),Gurugram,29.05,Pre-Series A,"InfoEdge Ventures, Kae Capital",2025,July
Loopworm,Health Tech,Bengaluru,27.39,Pre-Series A,"WaterBridge Ventures, Enrission India Capital",2025,July
CIMware,Advanced Hardware & Technology,Bengaluru,19.09,Pre-Series A,Transition VC,2025,July
Sthyr Energy,Cleantech,Chennai,8.3,Seed,"Speciale Invest, Antares Ventures",2025,July
Astrophel Aerospace,Advanced Hardware & Technology,Pune,6.64,Pre-Seed,-,2025,July
Lamark Biotech,Health Tech,Bengaluru,6.3661,Pre-Series A,"IAN Alpha Fund, Vinayender Tulla, Nita Roy, Venkataraman KNK",2025,July
FitFeast,Ecommerce,New Delhi,5.3452,Seed,"Inflection Point Ventures, Raghav Singhal, Santosh Govindaraju, Abhishek Chopra, Aabhas Khanna",2025,July
Garaaz,Enteprise Tech,Jaipur,4.4073,Seed,GVFL,2025,July
FES Cafe,Foodtech,Gurugram,2.9133,Seed,Wolfpack Labs,2025,July
AjnaLens,Advanced Hardware & Technology,Thane,,-,Lenskart,2025,July
Raphe mPhibr,Advanced Hardware & Technology,Noida,830.0,-,"General Catalyst, Think Investments, Amal Parikh",2025,June
GIVA,Ecommerce,Bengaluru,514.6,-,"Creaegis, Premji Invest, Epiq Capital, Edelweiss Discovery Fund",2025,June
EKA Mobility,Cleantech,Pune,190.9,-,Enam Holdings,2025,June
ShopOS,Artificial Intelligence (AI),Ahmedabad,166.0,Seed Round,3STATE Ventures,2025,June
GoKwik,Fintech,New Delhi,107.9,-,"RTP Global, Z47, Peak XV Partners, Think Investments",2025,June
Sahi,Fintech,Mumbai,87.15,Series A,"Accel, Elevation Capital",2025,June
Fabheads,Advanced Hardware & Technology,Chennai,83.0,Series A,"Accel, Trifecta Capital",2025,June
Kazam,Cleantech,Bengaluru,51.46,Series B,"International Finance Corporation, Vertex Ventures SEA & India, Avaana Capital",2025,June
Flipspaces,Real Estate Tech,Mumbai,48.97,-,Asiana Fund,2025,June
StayVista,Travel Tech,Mumbai,41.5,Series B,"JSW Ventures, DSG Consumer Partners, Capri Global Family Office",2025,June
Rabitat,Ecommerce,New Delhi,38.18,Series A,"RPSG Capital, DSG Consumer Partners, Capital A, Accurize Syndicate, Flair Writing Family Office, Eagle Venture Fund, AG Ventures, Vedang Patel, Harsh Lal, Rohin Samtaney, Ramakant Sharma, Sourabh Jain, Ankit Nagori",2025,June
ZILO,Consumer Services,Mumbai,37.35,Seed Round,"Info Edge Ventures, Chiratae Ventures",2025,June
Evera Cabs,Travel Tech,New Delhi,33.2,Debt Round,Mufin Green Finance,2025,June
Coratia Technologies,Advanced Hardware & Technology,Rourkela,16.6,Pre-Series A,MGF-Kavachh,2025,June
Fantail,Enterprise Services,Surat,13.28,Seed Round,"Riverwalk Holdings, Incubate Fund Asia, All in Capital",2025,June
Armory,Advanced Hardware & Technology,Gurugram,12.45,-,"growX Ventures, Industrial 47, Antler, AC Ventures, Dexter Ventures",2025,June
Jobizo,Enterprise Tech,Gurugram,11.62,Pre-Series A,"Inflection Point Ventures, Alkemi Ventures",2025,June
Skippi,Ecommerce,Hyderabad,11.62,Pre-Series A,-,2025,June
AuraML,Artificial Intelligence (AI),Bengaluru,8.3,Pre-Seed,"Turbostart, DeVC, GSF Accelerator, Indian Angel Network",2025,June
Innovodigm,Health Tech,Kolkata,5.3369,Seed,IAN Group,2025,June
Truliv,Real Estate Tech,Chennai,,-,"Bennett, Coleman & Co",2025,June
WIOM,Consumer Services/ Enterprise Services,New Delhi,290.5,-,"Bertelsmann India Investments, Accel, Prosus, Promaft Partners, RTP global",2025,June
POP,Fintech,Bengaluru,249.0,-,Razorpay,2025,June
Oben Electric,Cleantech,Bengaluru,95.45,Series A,"Helios Holdings, Sharda family office, Kay family",2025,June
Techfino,Fintech,Bengaluru,62.25,-,"Stellaris Venture Partners, Saison Capital",2025,June
Saswat Finance,Fintech,Mumbai,21.58,Pre-Series A,"Ankur Capital, Incubate Fund Asia",2025,June
illumine,Enterprise Tech,Chennai,20.75,Seed,Prime Venture Partners,2025,June
Darwix AI,Artificial Intelligence,Gurugram,12.45,-,"Rebalance, IPV, JITO Incubation and Innovation Foundation, Growth Sense, Growth91, Ankit Nagori, Sanjay Suri, Amit Lakhotia, Mekin Maheshwari",2025,June
7 Ring,Ecommerce,Mumbai,3.8346,Pre-Series A,"Venture Catalysts, Anchorage Capital Partners, Sheth family office",2025,June
Nuvie,Ecommerce,Bengaluru,3.735,Pre-Seed,PedalStart,2025,June
Xportel,Logistics,Delhi,,Seed,"Rukam Sitara, Flipkart Ventures",2025,June
Decentro,Fintech,Bengaluru,30.0,Series B,InfoEdge Ventures,2025,June
Sanlayan Technologies,Defence Electronics,Bengaluru,186.0,Series A,"Gemba Capital, Singularity Ventures, and Shastra VC",2025,June
Roomstory.ai,AI,Gurugram,3.0,Pre-seed,Rukam Sitara Fund,2025,June
Vecmocon Technologies,Deep-tech,New Delhi,149.4,Series A,EIF,2025,June
CRED,Fintech,Bengaluru,617.0,Down Round,GIC’s Lathe Investment,2025,June
Flick TV,OTT platform,Noida,19.09,Seed round,Stellaris Venture Partners,2025,June
Kazam,Electric mobility,Bengaluru,49.8,Series B,Vertex Ventures,2025,June
Wow! Momo,QSR,Kolkata,85.0,Debt Round,Stride Ventures,2025,June
PowerUp Money,Wealthtech,Bengaluru,58.93,Seed round,Accel,2025,June
FlexiLoans,NBFC,Mumbai,375.0,Series C,BII,2025,June
Garuda Aerospace,Drone startup,Chennai,8.3,Funding round,Narotam Sekhsaria Family Office,2025,June
Piston,Digital payment,Chennai,50.63,Seed round,"Spark Capital, Pear VC and BOND",2025,June
Leumas,Deeptech,Bengaluru,18.26,Seed round,Capital 2B,2025,June
Machaxi,Sportstech,Bengaluru,12.45,Funding Round,"Rainmatter, Prakash Padukone",2025,June
Knest,Construction-tech,Pune,300.0,Funding Round,Lighthouse,2025,June
MetaShot,Gaming,Bengaluru,2.0,Covertible Debt,Karnataka Govt’s Venture Fund,2025,June
Repello AI,AI security,Bengaluru,9.96,Seed Funding,Venture Highway,2025,June
GIVA,D2C Jewellery,Bengaluru,450.0,Series C,Creaegis,2025,June
Kisah,Men’s ethnicwear,Kolkata,13.0,Funding Round,Wow Momo,2025,June
Iom Bioworks,Deep science,Bengaluru,4.0,Seed Funding,Inflection Point Ventures,2025,June
PlutoPe,Decentralized finance (DeFi),Gurugram,5.0,Pre-seed Round,Manit Gupta,2025,June
Spinny,Used car platform,Gurugram,249.0,Series F,WestBridge Capital,2025,June
Qubeats,Quantum Computing,Telangana,24.153,Grant (Prize Money),Corporate: iDEX,2025,June
Nxt Meal,Food Tech,Karnataka,6.225,Seed,-,2025,June
The Tarzan Way,Online Travel,Delhi,1.9339,Seed,Inflection Point Ventures,2025,June
LoanTap,Alternative Lending,Maharashtra,52.207,Series B,July Ventures,2025,June
LoanTap,Alternative Lending,Maharashtra,19.339,Venture Debt,-,2025,June
Plush,Personal Care Products,Tamil Nadu,38.678,Series B,Blume Ventures,2025,June
Naagin Sauce,Food & Beverage,Maharashtra,17.43,Seed,8i Ventures,2025,June
Khari Foods,Online Grocery,Delhi,2.905,Seed,Meri Punji,2025,June
Stride Green,Green SME Loans,Haryana,29.05,Seed,"Micelio Tech Fund, Incubate Fund India",2025,June
Handpickd,Online Grocery,Delhi,20.999,Seed,"Genesia Ventures, Beenext",2025,June
Gully Labs,Fashion Tech,Uttar Pradesh,1.0707,Venture Debt,Stride Ventures,2025,June
Manipal Group,"Education, Healthcare",Karnataka,4980.0,Conventional Debt,KKR,2025,June
GyanDhan,Higher Education Tech,Delhi,48.555,Series A,"Pravega Ventures, Gray Matters Capital",2025,June
Shapoorji Pallonji,Real Estate,Maharashtra,622.5,Conventional Debt,"Synergy, Cerberus Capital Management",2025,June
Udaan,B2B E-Commerce,Karnataka,946.2,Series G,"M&G, Samena Capital",2025,June
Pepperfry,Home Improvements,Maharashtra,41.998,Series F,Norwest Venture Partners,2025,June
Spense,Investment Tech,Karnataka,15.355,Seed,GrowthCap Ventures,2025,June
Samunnati,Agri-financing,Tamil Nadu,48.472,Conventional Debt,Elevar Equity,2025,June
Samunnati,Agri-financing,Tamil Nadu,50.0,Strategic Investment,-,2025,June
Farmako,HealthTech,Uttarakhand,,Seed,"Genesia Ventures, Y Combinator",2025,June
Snitch,D2C Menswear Brand,-,332.0,Growth,"360 One Asset, IvyCap, SWC Global, Ravi Modi Office",2025,June
Stable Money,FinTech,-,166.0,Series A,"Fundamentum, Aditya Birla Ventures, Lightspeed",2025,June
Decentro,API Banking / Fintech,-,30.0,Series B,"InfoEdge Ventures, Y Combinator",2025,June
Biopeak,Wellness & Longevity,-,24.9,Seed,"Claypond Capital, Rainmatter",2025,June
Kosmc AI,Social-Commerce Infrastructure,-,,Pre-Seed,-,2025,June
Atlanture Sports,Sports & Media,-,21.0,Strategic Investment,Rannvijay Singha,2025,June
True Diamond,Lab-Grown Diamond Jewellery,-,26.0,Pre-Series A,-,2025,June
Upurfit,Sports Wellness,-,,Strategic Investment,Jonty Rhodes (Angel Investor),2025,June
Stable Money,Wealthtech,Bengaluru,166.0,Series B,The Fundamentum Partnership Fund,2025,May
Mufin Green,EV Financier,New Delhi,149.4,Debt Funding,US-based institution,2025,May
Slikk,Fashion Delivery,Bengaluru,83.0,Series A,Nexus Venture Partners,2025,May
Citykart,Value fashion retailer,Gurugram,538.0,Series B,"TPG NewQuest, A91",2025,May
EUME,Premium Travel Luggage Brand,Mumbai,25.0,Series A,Ashish Kacholia,2025,May
Fleetx.io,SaaS,Gurugram,113.0,Series C,Indiamart Intermesh and BEENEXT’s Accelerate Fund,2025,May
Frinks AI,Manufacturing AI,Bengaluru,44.82,Pre-Series A,Prime Ventures Partners,2025,May
Contineu,Deeptech,US,9.96,Seed Funding,SenseAI Ventures,2025,May
Orbitt Space,Spacetech,Ahmedabad,8.3,Pre-seed funding,"Pi Ventures, IIMA Ventures",2025,May
Myntra,Fashion ecommerce,Bengaluru,1029.2,-,FK Myntra Holdings,2025,May
GROWiT,Agritech,Surat,24.9,Series A,GVFL,2025,May
Saarathi Finance,NBFC,Mumbai,475.0,Funding round,Equity Capital,2025,May
ILIOS 72 Alternative Capital,Wealth Management,Gurugram,1.0,Seed Funding,Group of family offices,2025,May
Snabbit,Quick service app,Mumbai,157.7,Series B,Lightspeed,2025,May
Simply Nam,Beauty brand,Mumbai,,-,Bhaane Group,2025,May
Cleevo,Home hygiene,Nashik,8.3,Seed Round,Eternal Capital,2025,May
Ziniosa,Luxury Fashion Brand,Bengaluru,,-,Inflection Point Ventures (IPV),2025,May
KhiladiPro,Sporttech,Bengaluru,8.3,Pre-seed,Shastra VC and,2025,May
Snitch,Fashion,Bengaluru,280.0,Series B,360 Asset Management Fund,2025,May
Unbound,Enterprise AI security and governance,Pune,33.2,Seed Funding,Race Capital,2025,May
Battery Smart,Battery swapping,New Delhi,240.7,Series B,Rising Tide Energy,2025,May
Euler Motors,EV,New Delhi,638.0,Series D,Hero MotoCorp,2025,May
Cloudsek,Cybersecurity,Bengaluru,157.7,Fresh Funding,Tenacity Ventures and Commvault,2025,May
CureBay,Healthtech,Bhubaneshwar,174.3,Series B,Series B,2025,May
Miraggio,Fashion,Gurugram,53.95,Institutional Round,RPSG Capital Ventures,2025,May
Tan90,Deep-tech,Chennai,20.0,Series A,NABVENTURES,2025,May
Misfits,Community Platform,Gurugram,5.0,Seed Round,Info Edge Ventures and Better Capital,2025,May
Mythik,Media Technology,Mumbai,124.5,Seed Round,Sakal Media Group,2025,May
Biostate AI,Biotech,US,99.6,Series A,Accel,2025,May
Data Sutram,Fintech,Mumbai,74.7,Series A,"B Capital, Lightspeed",2025,May
Zoca,Agentic AI,Gurugram,49.8,Funding Round,Accel,2025,May
Promethean Energy,Cleantech,Mumbai,16.6,Pre-Series A,Transition VC,2025,May
Shuru,Social media,Gurugram,,Series A,Krafton India,2025,May
ALT CARBON,Deeptech,Kolkata,99.6,Seed Round,Lachy Groom,2025,May
BlackCarrot,D2C dinnerware,Mumbai,,Pre-seed funding,Venture Catalysts,2025,May
OpenFX,FX infrastructure,US,190.9,Seed Round,Accel,2025,May
KSKT,Agri-commerce,Gurugram,10.79,Equity and Debt Round,Keiretsu Forum and Favcy’s 1stCheque Angel Network,2025,May
Farmley,Snacking,Noida,332.0,Series C,L Catterton,2025,May
Avammune Therapeutics,Healthtech,Bengaluru,99.6,Series A,Capital 2B,2025,May
Celebal Tech,IT services provider,Jaipur,124.5,Series B,"InCred Growth Partners Fund-I and Norwest Capital, LLC",2025,May
Citrus Freight,Shipping,Bengaluru,2.5,Bridge Round,"Caret Capital, Indigram Labs Foundation",2025,May
M1xchange,Supply Chain Financing,Gurugram,83.0,secondary deal,Filter Capital,2025,May
Hyperbots,AI,Mumbai,53.95,Seed Funding,Arkam Ventures and Athera Venture Partners,2025,May
Biryani Blues,QSR,Gurugram,41.5,Pre-series C,Yugadi Capital,2025,May
Be Clinical,Skincare,Mumbai,2.0,Seed Round,Titan Capital,2025,May
JSW One,B2B e-commerce,Mumbai,340.0,-,"Principal Asset Management, OneUp, JSW Steel",2025,May
TIEA Connectors,B2B ESDM (Electronic System Design and Manufacturing),Bengaluru,22.0,Funding Round,Jamwant Ventures And Valour Capital,2025,May
Flam,Mixed Reality Content,Bengaluru,116.2,Series A,RTP Global,2025,May
Adopt AI,Agentic AI,Bengaluru,49.8,Seed Round,Elevation Capital,2025,May
ReelSaga,Mobile-first entertainment,Mumbai,17.43,$2.1 Mn,Picus Capital,2025,May
BlueStone,Omnichannel jewellery,Bengaluru,40.0,Debt Funding,BlackSoil and Caspian Impact Investments,2025,May
VFlowTech,Vanadium redox flow battery,Kolkata,170.15,Funding Round,Granite Asia,2025,May
ContraVault AI,Tender and RFP management,Delhi,5.1,Seed Funding,Titan Capital,2025,May
Third Bracket,Hiring Platform,Bengaluru,5.0,Seed Round,HNIs,2025,May
LUZO,"Marketplace for salons, spas, and wellness clinics",Mumbai,4.565,Seed Funding,Enrission India Capital,2025,May
Complement1,Healthtech,US,132.8,Seed Funding,Owl Ventures and Blume Ventures,2025,May
Hocco,Ice Cream Brand,Ahmedabad,83.0,Series B,Chona family office and Sauce.vc,2025,May
NapTapGo,Pod Hotel,Noida,2.0,Pre-Seed Round,IPV,2025,May
MedVital,MedTech,New Delhi,8.4,Pre-seed funding,4point0 Health Ventures,2025,May
1-India Family Mart,Value retail chain,Delhi,99.6,Series D,Gulf Islamic Investments,2025,May
Zenergize,EV,Gurugram,16.6,Seed Funding,"Mohit Tandon, Himanshu Aggarwal",2025,May
Nobel Hygiene,Disposable hygiene,Mumbai,166.0,Funding Round,Neo Asset Management,2025,May
Fyn Mobility,EVaaS,Chennai,20.75,Funding Round,"Vijay Kedia, Lloyd Balajadia, Rahul Bothra",2025,May
Volt14,Battery Tech,Bengaluru,15.521,Pre-Series A,Blume Ventures,2025,May
Store My Goods,Storage Solutions,Noida,4.0,Growth Funding Round,JITO Incubation and Innovation Foundation (JIIF) and family offices,2025,May
Alt DRX,Digital Real Estate,Bengaluru,23.0,Funding Round,Qatar Development Bank,2025,May
Lifechart,Gut Wellness,Gurugram,2.988,Seed Funding,"Prajay Advisors, Prakash Mody, and Jayendra Shah",2025,May
Celcius Logistics,Cold chain aggregator,Mumbai,250.0,Series B,"Eurazeo, Omnivore",2025,May
91trucks,Commercial vehicle marketplace,Delhi,43.0,Funding Round,Arkam Ventures,2025,May
Troovy,Kids-focused nutrition food brand,Gurugram,20.0,Pre-Series A,Fireside Ventures,2025,May
Nawgati,Fuel aggregator,Noida,20.75,Pre-Series A,Ajay Upadhyaya,2025,May
KorinMi,Korean skin clinic,Gurugram,3.0,Pre-Seed,Vikas Agarwal,2025,May
The Good Bug,Gut health-focused,Mumbai,100.0,Series B,Susquehanna Asia,2025,May
InspeCity,Spacetech,Mumbai,46.48,Seed Funding,Lucky Investment Managers,2025,May
Insurance Samadhan,Insurance,Noida,8.5,Strategic Funding Round,Innovito Ventures,2025,May
Flipspaces,Interior design and contracting,Mumbai,290.5,Series C,Iron Pillar,2025,May
Routematic,Transport-as-a-service,Bengaluru,332.0,Series C,Fullerton Carbon Action Fund and Shift4Good,2025,May
Shiplog,Logistics-Tech,Gurugram,6.5,Seed Round,Deepak Bhagnani Family Office,2025,May
BlissClub,Women-focused direct-to-consumer,Bengaluru,33.0,Pre-Series B,Elevation Capital,2025,May
Posha,Kitchen Robotics,Posha,66.4,Series A,Accel,2025,May
PB Healthcare,Healthtech,Gurugram,1809.4,Equity funding round,"General Catalyst, PB Fintech",2025,May
Vaya,AI,New Delhi,12.45,Funding Round,"Accel, Arkam Ventures",2025,May
High Time Foods,Food-tech,Bengaluru,9.96,Funding Round,Avaana Capital,2025,May
Zebu,Defense Tech,Hyderabad,8.3,Pre-Series A,Bluehill VC,2025,May
Feline Spirits,Craft alcoholic beverage,New Delhi,5.2,Pre-Series A,IPV,2025,May
GoTrust,Privacy compliance,Noida,3.32,Pre-Seed,Aevitas Capital,2025,May
Footprints Preschool & Daycare,Early childhood education and daycare,Noida,62.25,Series A,Tanglin,2025,May
Porter,Logistics,Bengaluru,1660.0,Series F,Kedaara Capital and Wellington Management,2025,May
Uni Seoul,Lifestyle,Pune,5.0,Seed Funding,Sauce VC,2025,April
Malaki,Beverage,Mumbai,5.7,Seed Funding,Venture Catalysts,2025,April
Care.fi,Healthcare Fintech,Gurugram,6.0,Debt Round,RevX,2025,April
Metafin,NBFC,Mumbai,83.0,Series A,Vertex Ventures SEAI,2025,April
Mugafi,AI,Gurugram,24.9,Seed Round,StartupXseed,2025,April
CollegeDekho,Edtech,Gurugram,40.0,Debt Funding,Recur Club,2025,April
Primebook,Android Laptop,Delhi,16.6,Pre-Series A,Inflection Point Ventures,2025,April
Scandalous Foods,B2B Indian sweets,Nashik,2.0,Seed Round,New Age India Fund,2025,April
Kult,Beauty Tech,Mumbai,166.0,Series A,M3M Family Office,2025,April
Stimuler,Edtech,Bengaluru,31.125,Pre-Series A,"Lightspeed, SWC Global",2025,April
QNu,Cyber Security,Bengaluru,60.0,Series A,NQM,2025,April
Vividobots,Robotics,Chennai,1.47,Seed Round,Inflection Point Ventures,2025,April
HexaHealth,Healthtech,Gurugram,99.6,Series A,Orios Venture Partners and 3one4 Capital,2025,April
SatLeo Labs,Space Tech,Ahmedabad,27.39,Pre-seed Round,Merak Ventures,2025,April
Sadhav Offshore,Maritime Service,Mumbai,25.0,Equity Round,Negen Capital,2025,April
Anveshan,D2C Food,Gurugram,48.0,Series A,Wipro Consumer Care,2025,April
Salt Oral Care,Pre-Series A,Mumbai,8.3,Pre-Series A,Lotus Holdings,2025,April
Ivana Jewels,Lab-grown Diamonds,Surat,2.0,Seed Round,Avinya Ventures,2025,April
Fuze,Digital Assets Infrastructure,Abu Dhabi,101.26,Series A,Galaxy and e& Capital,2025,April
Kaleidofin,Fintech,Chennai,43.99,Funding Round,IDH Farmfit Fund,2025,April
Finodaya Capital,Non-banking financial company,Indore,20.75,Seed Funding,White Venture Capital,2025,April
Ivory,Healthcare,New Delhi,8.3,Funding Round,"IIM-A Ventures, Capital-A",2025,April
MatBook,Construction Tech,Gurugram,6.225,Pre-Seed Round,"Seedstars International Ventures, Fluent Ventures and Everywhere Ventures",2025,April
Rebel Foods,Cloud Kitchen,Mumbai,207.5,Series G,Qatar Investment Authority,2025,April
DevAssure,SaaS,Chennai,,Pre‑Seed Funding,Eximius Ventures,2025,April
Poshs Metal,Steel Processing,Pune,43.0,Funding Round,Aavishkaar Capital,2025,April
MyDesignation,D2C Fashion,Thiruvananthapuram,10.375,Seed Funding,Multiply Ventures,2025,April
Emversity,Edtech,Bengaluru,41.5,Pre-Series A Round,Z47 and Lightspeed,2025,April
Vayudh,Drone Startup,New Delhi,83.0,Funding Round,Dharana Capital,2025,April
BankBazaar,Loan Sourcing,Chennai,55.0,Funding Round,"Muthoot Fincorp, Walden International",2025,April
SaveIN,Fintech,New Delhi,37.0,Funding Round,"10X Founders, Oliver Jung, Leblon Capital, Stem AI",2025,April
Intellicar,Fabric,Bengaluru,112.05,Series A,Nuveen,2025,April
GreenGrahi,Agri-biotech,New Delhi,32.0,Funding Round,Avaana Capital,2025,April
Rimigo,Travel Tech,Bengaluru,4.565,Pre-Seed Round,Reazon Capital,2025,April
Optimized Electrotech,Deeptech,Ahmedabad,49.8,Series A,Blume Ventures and Mela Ventures,2025,April
V SAFE,IoT,Thanjavur,2.49,Seed Funding,Priya Parthasarathy,2025,April
SportsSkill,Sports Technology,Pune,,Pre-Seed Funding,Waimea Bay Investments,2025,April
Jupiter International,Solar solutions,Kolkata,500.0,-,ValueQuest SCALE Fund,2025,April
Cura Care,Oral Care,Bengaluru,5.0,Pre-Seed,Zeropearl VC,2025,April
Noto,Ice Cream Brand,Mumbai,21.0,Angel Fund,Equentis,2025,April
BeastLife,Nutrition Brand,Gurugram,1.9,-,Rinku Singh,2025,April
CENTA,Education,Bengaluru,20.0,Series A1,Colossa Ventures,2025,April
Jewelbox,D2C lab-grown diamond jewellery,Kolkata,26.56,pre-Series A,V3 Ventures,2025,April
Rio Innobev,Beverage Startup,Pune,10.0,Pre-Series A,Atomic Capital,2025,April
OfBusiness,B2B commerce,Gurugram,100.0,-,Cornerstone Ventures,2025,April
Nothing Before Coffee,QSR coffee chain,Jaipur,19.09,Pre-Series A,Prath Ventures,2025,April
Peppermint Robotics,Robotics,Pune,33.2,Series A,Indian Angel Network,2025,April
Garuda Aerospace,Aerospace,Chennai,100.0,Series B,Venture Catalysts,2025,April
Magma,B2B manufacturing,Ahmedabad,41.5,Series A,Capria Ventures,2025,April
IPEC,EV charging,Mumbai,24.9,-,Gruhas,2025,April
JetSynthesys,Digital entertainment and technology,Pune,,-,Krafton,2025,April
Easebuzz,B2B Fintech,Pune,249.0,Funding Round,Bessemer,2025,April
Asha Ventures,Venture Capitalist,Mumbai,83.0,Funding Round,British International Investment (BII),2025,April
Vimano,Nanotech,Bengaluru,25.0,Seed Round,Ankur Capital,2025,April
Innovist,Beauty Products,Gurugram,136.0,Series B,ICICI Venture,2025,April
CalligoTech,AI,Bengaluru,9.13,Pre-Series A,Seafund and Artha Venture Fund,2025,April
Juspay,Fintech,Bengaluru,498.0,Series D,Kedaara Capital,2025,April
Sadbhav Future Tech,Agri-Renewable,Gurugram,36.0,Pre-IPO Round,Chanakya Opportunities Fund,2025,April
SiglQ.ai,Edtech,-,78.85,Seed Round,The House Fund and GSV Ventures,2025,April
OUTZIDR,D2C Apparel,Bengaluru,30.0,Seed Round,Stellaris Venture Partners,2025,April
DaveAI,AI,Bengaluru,,Pre-Series A,Inflection Point Ventures,2025,April
Cautio,Visual Telematics,Bengaluru,11.0,Seed Round,"9Unicorns, Venture Catalysts, Antler India, Infinyte Club, Ministry of Electronics and IT (MeitY)",2025,April
AgroStar,Agritech,Pune,55.61,Funding Round,Accel India,2025,April
Eat Better,D2C Snacking,Jaipur,17.0,Pre-Series A,Prath Ventures and Spring Marketing Capital,2025,April
Amicco,B2B marketplace,Gurugram,8.3,Seed Funding,Eximius,2025,April
Let's Try,D2C Snack Brand,Delhi,20.75,Funding Round,SWC Global,2025,April
PARÉ Innovations,building material segment,Mumbai,70.55,Funding Round,Advenza Global Limited,2025,April
Bhagva,Digital Spirituality,Delhi,8.3,Pre-Series A,Pradeep Nain,2025,April
Noise,Wearables,Gurugram,166.0,Funding Round,Bose Corporation,2025,April
Xindus,Cross-border Logistics,Gurugram,83.0,Pre-Series A,3one4 Capital and Orios Venture Partners,2025,April
Eloelo,Live Social Entertainment,Bengaluru,112.05,Series B,Play Ventures,2025,April
AskMyGuru,Spiritual-tech,Bengaluru,9.96,Seed Round,Lumikai,2025,April
Bower,Edtech,Hyderabad,11.5,Seed Funding,High-Net-Worth Individuals (HNIs) and Astir Ventures,2025,April
Mosaic Wellness,Health and wellness,Mumbai,166.0,-,Think Investment,2025,April
GreenLine Mobility Solutions Ltd.,Green Logistics,Surat,166.0,-,Nikhil Kamath,2025,April
Koparo,D2C,New Delhi,14.11,Pre-Series A,Saama Capital,2025,April
Lehlah,Influencer Commerce,Mumbai,12.5,Seed Funding,Gruhas,2025,April
Spinny,Used-car sales,Gurugram,1087.3,Funding Round,Accel Leaders Fund,2025,April
Tvaster Genkalp,Healthtech,Chennai,10.375,Pre-Series A,Ideaspring Capital,2025,April
Evenflow,Multi-brand,Mumbai,41.5,Series A,"Venture Catalysts, Sunder Ramachandran",2025,April
Wendor,Smart Vending,Delhi,20.75,Seed Funding,Elanpro,2025,April
Stance Health,Healthtech,Bengaluru,8.3,Pre-Seed,General Catalyst,2025,April
The Bear House,D2C Menswear,Bengaluru,50.0,Series A,JM Financial Private Equity,2025,April
DeCharge,EV Charging Solutions,Hyderabad,20.75,Seed Funding,Lemniscap,2025,April
YatriKart,Transit Retail,Indore,,Series A,MMG Group,2025,April
Argos Watches,Luxury watch brand,Surat,6.5,Angel Funding Round,Group of high-net-worth Indian investors,2025,April
Better Nutrition,Biofortified food brand,Lucknow,10.0,Seed Funding,Family offices and high-net-worth individuals (HNIs),2025,April
InnerGize,D2C mental health tech,Mumbai,4.5,Pre-Seed,Antler,2025,April
Infinity Fincorp,NBFC,Mumbai,332.0,Series A,Beams Fintech Fund,2025,April
Fur Jaden,Luggage and lifestyle brand,Mumbai,9.13,Pre-Series A,Gruhas Collective Consumer Fund,2025,April
Flipkart Internet,Marketplace,Bengaluru,3249.0,-,Flipkart Marketplace Private Limited in Singapore,2025,April
Pratilipi,Storytelling App,Bengaluru,166.0,Series E Round,Jungle Ventures,2025,April
RapidClaims,AI Revenue Cycle Management,Akola,91.3,"Series A, Seed Round","Accel, Together Fund",2025,April
FurtherAI,AI Assistants,US,41.5,Funding Round,Nexus Venture Partners,2025,April
Sweet Karam Coffee,Foods and Beverages,Chennai,66.4,Series A,Peak XV Partners,2025,April
Scapia,Travel fintech,Bengaluru,332.0,Series B,Peak XV Partners,2025,April
Perkant Tech,Healthtech,Vishakhapatnam,6.6,Seed Funding,YourNest Venture Capital,2025,April
DriverShaab,B2B mobility solutions provider,Patna,2.8,Pre-Series A,Inflection Point Ventures,2025,April
Tonbo Imaging,Defence tech,Bengaluru,175.0,Series D pre-IPO funding round,"Florintree Advisors, Tenacity Ventures and the Export-Import Bank of India",2025,April
Aerem Solutions Private Limited,Solartech,Mumbai,100.0,Funding Round,UTEC,2025,April
Alienkind,Juice Brand,Bengaluru,9.96,Seed Funding,"Prakash Sikaria, Ravi Iyer, Arpan Sheth",2025,April
Nexthop AI,AI,US,913.0,Funding Round,Lightspeed Venture Partners,2025,March
Abound,Finance,US,116.2,Seed Funding,NEAR Foundation,2025,March
smallcase,Online investment platform,Bengaluru,415.0,Series D,Elev8,2025,March
Country Delight,Dairy products brand,Gurugram,207.5,Equity Round,"Temasek, V-Sciences Investments",2025,March
Apna Mart,FMCG Chain,Bengaluru,214.0,Equity and Funding Round,Accel and Fundamentum,2025,March
DCDC Kidney Care,Health Service,New Delhi,150.0,-,ABC Impact,2025,March
Curefoods,Cloud Kitchen,Bengaluru,54.78,-,"BlackSoil, Binny Bansal and Caspian Investments",2025,March
SHOEGR,Shoe care,Chandigarh,0.83,Pre-Seed Round,PedalStart,2025,March
Otipy,Agritech,Gurgaon,16.6,Venture Debt,Nuvama,2025,March
Slikk Club,Fashion Delivery,Bengaluru,26.56,Seed Round,Lightspeed,2025,March
Protectt.ai,Mobile App Security,Gurgaon,76.0,Series A,Bessemer Venture Partners,2025,March
Nivara Home Finance,Housing loan,Bengaluru,245.0,Series B,True North,2025,March
Pilgrim,D2C Beauty Brand,Bengaluru,200.0,Mix of Primary and Secondary Funding,NSFO,2025,March
Chai Kings,Chai Retail,Chennai,24.9,Series A,A.V. Thomas and Co,2025,March
Qila Games,Gaming,Bengaluru,8.3,Pre-seed Funding,Chimera VC,2025,March
Lighthouse PropTech,PropTech,Mumbai,20.75,Funding Round,Turbostart,2025,March
Iyaso,Speech Therapy,Pune,4.15,Pre-Seed Funding,Malpani Ventures,2025,March
My Pahadi Dukan,D2C Wellness,Jalandhar,,Pre-Seed Funding,Inflection Point Ventures,2025,March
Navadhan,Fintech,Mumbai,111.0,Series A,NabVentures,2025,March
Asper.ai,AI-powered supply chain,Bengaluru,166.0,-,Fractal,2025,March
Everhope Oncology,Healthcare,Delhi and Mumbai,83.0,Seed Funding,-,2025,March
Harvested Robotics,AI,Hyderabad,5.0,Seed Round,Arali Ventures,2025,March
Broadway,D2C,Mumbai,,Strategic Investment,Gruhas,2025,March
Nourish You,Plant-based Nutrition,Hyderabad,16.0,Series A,Sidbi Venture Capital,2025,March
iHub Robotics,Humanoid robotics,Ernakulam,4.3,Pre-Seed Funding,U.S. investors,2025,March
Hypergro.ai,AI,Bengaluru,7.0,Pre-Series A,Eternal Capital,2025,March
GoOAT,D2C nutrition,Gurugram,,Pre-Seed Round,Sirona,2025,March
Go Zero,Ice Cream,Mumbai,30.0,Series A,"DSG Consumer Partners, Saama Capital and V3 Ventures",2025,March
Yummy Bee,Café chain,Hyderabad,18.0,Funding,Mile Deep Capital,2025,March
Zolve,Cross-border NeoBank,Bengaluru,2083.3,Series B,"Creaegis, HSBC, SBI Investment, GMO Venture Partners",2025,March
Scimplify,Chemicals Startup,Bengaluru,332.0,Series B,"Accel, Bertelsmann India, UMI, Omnivore and 3one4 Capital",2025,March
Purple Style Labs,Omnichannel Luxury Fashion,Mumbai,332.0,Series E,"SageOne Flagship Growth OE Fund, Alchemy Long Term Ventures Fund, Bajaj Holdings and Investment, and Minerva Ventures Fund",2025,March
AmpereHour Energy,Energy Storage,Pune,41.5,Series A,Avaana Capital,2025,March
goSTOPS,Backpacker Hostel,New Delhi,34.86,Series A,Blume Ventures,2025,March
indē wild,Ayurvedic Skincare,Mumbai,41.5,Seed Round,"Unilever Ventures, SoGal Ventures, The Global Ventures",2025,March
Zuppa,Drone Manufacturing,Chennai,,Strategic Investment,Garuda Aerospace,2025,March
Swish,Food Delivery,Bengaluru,116.2,Series A,"Hara Global Capital, Accel India",2025,March
Gainhub.Ai,,Haryana,0.83,Pre-Series,Growth Strategy Ventures,2025,March
MapMyCrop,Agritech,Pune,15.7,Seed Funding,"YourNest Venture Capital, Eaglewings Venture",2025,March
MaxIQ (formerly Gyaan AI),AI,Bengaluru,64.74,Seed Funding,"Dell Technologies Capital, Intel Capital",2025,March
Phot.AI,AI,Gurugram,22.41,Seed Funding,"Info Edge Ventures, Together Fund, AC Ventures",2025,March
InsuranceDekho,Insurtech,Gurugram,581.0,Funding Round,"Beams Fintech Fund, Japan’s Mitsubishi UFJ Financial Group (MUFG), and insurer BNP Paribas Cardif",2025,March
Beacon.li,AI,San Fracisco,58.1,Series A,Sorin Investments,2025,March
Darwinbox,HR technology,Mumbai,1162.0,Undisclosed Round,Partners Group and KKR,2025,March
Nuuk,D2C home appliances,Gurugram,41.5,Series A,"Vertex Ventures SEAI, Good Capital",2025,March
Geniemode,B2B Cross-Border E-commerce,Gurugram,415.0,Series C,"Multiples Alternate Asset Management, Fundamentum, Paramark Ventures, Info Edge Ventures",2025,February
Bridgetown Research,SaaS - Research Analytics,Bengaluru,157.7,Funding Round,"Lightspeed, Accel",2025,February
Oxyzo,Fintech - NBFC Lending,Gurugram,100.0,Debt Funding,AK Capital Finance,2025,February
Quick Clean,Linen Management - SaaS,Gurugram,50.0,Series A + Debt Funding,"Alkemi Growth Capital, Blue Ashva Capital, Rs 10 crore ($1.15M) credit line from Venture Debt Cos",2025,February
Dr. Reddy’s Laboratories,Pharmaceutical Company,Hyderabad,30.0,Strategic Investment,Acquired a 0.32% stake by Go Digit (Insurtech - Investments),2025,February
FanTV,Content - Blockchain/Sui Network,Noida,24.9,Strategic Investment,"Mysten Labs, Cypher Capital, CoinSwitch Ventures, Illuminati Capital",2025,February
Vidyut,EV Full-Stack Platform,Bengaluru,20.75,Funding Round,Flourish Ventures,2025,February
HiWiPay,Fintech - Cross-border Payments,Mumbai,16.6,Seed Round,"Unicorn India Ventures, Dewang Neralla's Family Office, Jupiter Metaverse LLP, Ritesh Malik, Mitesh Shah, Nilesh Doshi",2025,February
Technodysis,IT - Cloud & DevOps Solutions,Bengaluru,10.0,Debt Funding,Recur Club,2025,February
Sisir Radar,Spacetech - SAR Satellite Imaging,Kolkata,12.45,Seed Round,"Shastra VC, Riverwalk Holdings, INVSTT",2025,February
Jobizo,HRTech - Healthcare Staffing Solutions,Gurugram,11.62,Pre-Series Funding,Alkemi Growth Capital,2025,February
Astrogate Labs,Spacetech - Satellite Communications,Bengaluru,10.79,Pre-Series Funding,Piper Serica Angel Fund,2025,February
Triple Tap Games,Gaming - Game Development,Mumbai,9.96,Pre-Seed Round,"Eximius Ventures, Kalaari Capital, Angel Investors from Entertainment & Gaming Community",2025,February
Dodo Payments,Fintech - Payments Infrastructure,Bengaluru,9.13,Pre-Seed Round,"Antler, 9Unicorns, Venture Catalysts, Nitin Gupta, Maninder Gulati, Raymond Russell, Preethi Kasireddy, Nishant Verman",2025,February
Ritualistic,Home Decor - D2C Brand,Gurugram,8.3,Secondary + Primary Funding,"Deep Bajaj, Mohit Bajaj",2025,February
Earthful,Plant-Based Nutrition - D2C Wellness,Hyderabad,5.0,Seed Round,Srinivasan Namala,2025,February
Pickkup,Logistics - Hyperlocal Deliveries,Gurugram,4.15,Seed Round,"We Founder Circle (WFC), Angel Investors",2025,February
Make in Box,Deeptech - Engineering Solutions,Gurugram,2.158,Pre-Series Funding,"Mile Deep Works, Mile Deep Capital",2025,February
Lightstorm,Cloud & Data Centre Networking,Gurugram,700.0,Funding Round,NIIF Infrastructure Finance Limited (NIIF IFL),2025,February
Udaan,B2B E-commerce,Bengaluru,622.5,Series G,Series G Equity Funding,2025,February
Waterfield Advisors,Wealth Advisory - Fintech,Mumbai,149.4,Funding Round,Jungle Ventures (Primary & Secondary Investment),2025,February
Spyne,AI-Powered Visual Merchandising - AutoTech,Gurugram,132.8,Series A,"Vertex Ventures, Accel, Storm Ventures, Alteria Capital",2025,February
The Whole Truth,Clean Label Health Food - D2C,Mumbai,124.5,Series C,"Sofina, Z47, Peak XV Partners, Sauce.VC",2025,February
Singulr AI,Enterprise AI Solutions,Bengaluru,83.0,Seed Round,"Nexus Venture Partners, Dell Technologies Capital",2025,February
Dogsee Chew,D2C Pet Treats,Bengaluru,66.4,Series B,"Ektha.com, Shivanssh Holdings, Poddar Family Office",2025,February
Rare Rabbit,Omnichannel Fashion Retailer,Bengaluru,50.0,Growth Funding,A91 Partners,2025,February
Ikonz Studios,Digital Avatars & Holography - AI/VR,Hyderabad,41.5,Pre-Series A,"Marc Jordan, Ramana Thummu, Madhusudan Kela, Akash Bhanshali",2025,February
Probus Smart Things,IoT & Data Analytics,Noida,41.5,Series A1,"Unicorn India Ventures, US-based & Indian Family Offices",2025,February
Swish Club,Devices-as-a-Service - DaaS,Bengaluru,37.35,Pre-Series A,"Powerhouse Ventures, Blume Ventures, Founders Fund, Touchstone Ventures, Eternal Capital, Atrium Ventures",2025,February
OneTab AI,Workplace SaaS - AI Solutions,Indore,27.39,Seed Round,"LIT Fund, Orbit, Singapore Family Office, SOSV, Sunil Kumar Singhvi, Founders",2025,February
Almonds Ai,Loyalty & Rewards Platform - SaaS,Gurugram,16.0,Seed Round,"Promoters of Haldiram’s, JITO Incubation & Innovation Foundation (JIIF), Venture Catalysts, Ever Grow Capital, Nine ALPS",2025,February
NOTO Ice Cream,D2C - Health Foods,Mumbai,15.0,Growth Funding,"Inflection Point Ventures (IPV), JITO Incubation & Innovation Foundation, LetsVenture",2025,February
Dynolt Technologies,Deeptech - AI & Analytics,Bengaluru,14.11,Seed Round,"Transition VC, Yashowardhan Shah",2025,February
You Care Lifestyle,Independent Verification - E-commerce,Mumbai,8.3,Funding Round,"Luke Coutinho, Narendra Firodia",2025,February
Healthfab,D2C - Reusable Period Panties,Bengaluru,8.3,Pre-Series A,"Mistry Ventures, BeyondSeed, Thrive Ventures, Anupam Mittal, Aman Gupta, Vineeta Singh, Peyush Bansal",2025,February
BYTES,AI-Powered ADAS for Two-Wheelers - MobilityTech,Pune,0.2,Grant,Nikhil Kamath’s WTFund (2024 Cohort),2025,February
EnCharge AI,AI Chips - Semiconductor,California,830.0,Series B,Tiger Global,2025,February
ToneTag,Digital Payments - Fintech,Bengaluru,647.4,Funding Round,"ValueQuest Scale Fund, Iron Pillar",2025,February
SpotDraft,Contract Lifecycle Management - CLM SaaS,Bengaluru,448.2,Series B,"Vertex Growth Singapore, Trident Partners, Xeed VC, Arkam Ventures, Prosus Ventures, Premji Invest",2025,February
Zeta,Banking Tech - Fintech SaaS,Hyderabad,415.0,Investment Round (Valued at $2B),Strategic Investor,2025,February
75F,Commercial HVAC Automation - IoT & AI,Bengaluru,373.5,Series B,"Accurant International's Net Zero Alliance, Carrier Global Corporation, Climate Investment, Breakthrough Energy Ventures, Next47, WIND Ventures",2025,February
Rapido,Mobility - Bike Taxi Services,Bengaluru,250.0,Series E,Prosus,2025,February
JQR,Affordable Footwear - D2C,Bahadurgarh,207.5,VC Funding (First Institutional),Venturi Partners,2025,February
Lucidity,Multi-Cloud Storage - SaaS,Bengaluru,174.3,Series A,"WestBridge Capital, Alpha Wave",2025,February
The Whole Truth,D2C Protein Bars - Foodtech,Mumbai,133.0,Series C,"Sofina Ventures, Peak XV Partners, Matrix Partners, Sauce.vc",2025,February
Nirmata,SaaS - Cloud Security,Bengaluru,79.68,Funding Round,"Peak XV’s Surge, Dallas Venture Capital, Dreamit, Z5 Capital, Uncorrelated Ventures",2025,February
BorderPlus,Global Workforce Mobility,Mumbai,58.1,Institutional Investment Round,Owl Ventures,2025,February
Bold Care,D2C Sexual Wellness - Healthtech,Mumbai,41.5,Series A,"Zerodha’s Rainmatter, Mithun Sacheti (CaratLane), Siddhartha Sacheti (Jaipur Diamond), Gruhas Collective Consumer Fund, Claris Capital",2025,February
CapGrid Solutions,B2B Manufacturing - Supply Chain SaaS,Gurugram,41.5,Funding Round,"Anicut Growth Fund, Nexus Venture Partners, Axilor Ventures",2025,February
Nivaan Care,Chronic Pain Management - Healthtech,Delhi,35.275,Seed Round,"Endiya Partners, W Health Ventures",2025,February
Toonsutra,Webtoon & Comics - MediaTech,Bengaluru,26.56,Seed Round,"Holtzbrinck Publishing Group, GMJP, T-Accelerate, Google, Graphic India",2025,February
Mysa,Unified Finance - Fintech SaaS,Bengaluru,23.24,Seed Round,"Blume Ventures, EMVC, Antler, Neon Fund, CIIIE, Sriharsha Majety (Swiggy), Mohit Kumar (Ultrahuman), Naiyaa Saagi (MyGlamm), Nitin Gupta (Uni)",2025,February
Eduvanz,Education Loan - Fintech,Mumbai,25.52,Bridge Funding Round,"Juvo Ventures, Capria Fund, Peak XV, Unitus Ventures",2025,February
ArthAlpha,Investment Tech - Wealthtech,Bengaluru,16.6,Seed Round,"DSP, Family Offices, Wealth Managers",2025,February
Anscer Robotics,Deeptech - Robotics,Bengaluru,16.6,Seed Round,Info Edge Ventures,2025,February
The Energy Company,EV Battery Solutions,Bengaluru,16.6,Pre-Series A,"Siana Capital, Callapina Capital, Z21 Ventures, 1Crowd, LetsVenture, other investors",2025,February
Future AGI,AI Infrastructure,Bengaluru,13.28,Pre-Seed Round,"Powerhouse Ventures, Snow Leopard Ventures, AngelList Quant Fund, Saka Ventures, Swadharma Source Ventures, 30+ industry stalwarts",2025,February
Cogniquest,Intelligent Document Processing - SaaS AI,Bengaluru,9.96,Seed Round,"Cedar IBSI Capital, Dexter Venture, AngelList, Congniphy US",2025,February
Raincheck Earth Co.,Alcoholic Beverage - D2C,Delhi,9.96,Pre-Series A,"Japanese Investors, AngelList India Syndicate",2025,February
Rupeeflo,Fintech - Lending Platform,Bengaluru,8.3,Pre-Seed Round,Piper Serica Angel Fund,2025,February
GoRally,Pickleball Chain - Sports,Bengaluru,6.6,Pre-Seed Round,"Sujeet Kumar, Mohit Kumar, Vatsal Singhal, Viren Singhvi, Kartik Kapoor, Abhishek Goyal, Deepak Singh, Arjun Vaidya, Bharat Founders Fund",2025,February
StepOut,Sports Tech - Performance Analysis,Bengaluru,,Seed Round,"Rainmatter (Nithin Kamath), IndigoEdge, Marwah Sports Group, Misfits Capital",2025,February
LegUp,Caregiving Tech - Family & Wellness,Washington,2.0,Pre-Seed Round,Bluebridge Capital Private Limited,2025,February
Croft Beverages,Sustainable Tea - AgriTech D2C,Coimbatore,1.0375,Pre-Seed Round,"Angel Investors from tea, sustainability, IT, biotech sectors",2025,February
Myntra,E-commerce - Fashion,Bengaluru,672.3,Capital Infusion,Flipkart (Parent Company),2025,February
Captain Fresh,Seafood Supply Chain,Bengaluru,250.0,Pre-IPO Funding Round,"Prosus Ventures, Accel, Tiger Global, family office of Sriharsha Majety (Swiggy), Sid Khanna, Sunjay Kapur, Shivalik Prints",2025,February
TrueFoundry,AI Deployment & Scaling,Bengaluru,157.7,Series A,"Intel Capital, Eniac Ventures, Peak XV’s Surge, Jump Capital, Gokul Rajaram, Mohit Aron, Cyan Banister, Fortune 1000 executives",2025,February
Cognida.ai,Enterprise AI Solutions,Hyderabad,124.5,Series A,Nexus Venture Partners,2025,February
HairOriginals,D2C Hair Extensions & Wigs,Gurugram,43.5,Series A,"Anicut Growth Fund, 12 Flags Consumer Holdings, Peyush Bansal (Lenskart)",2025,February
Nua,Women’s Wellness & Hygiene,Mumbai,35.0,Pre-Series C,"Mirabilis Investment Trust, Samir Singh (Colgate Palmolive), Shuchi Kothari (DSP Family Office)",2025,February
Scentials,D2C Wellness,Mumbai,34.6,Debt & Equity,"Indus Way Emerging Market Fund, TIW Private Equity",2025,February
Dreamfly Innovations,Battery Tech,Bengaluru,12.0,Seed Round,"Avaana Capital, Sunicon Ventures",2025,February
Mealawe,Foodtech,Pune,8.3,Funding Round,"Shark Tank founders, FDI, angel investors from Goldman Sachs, Oracle",2025,February
Fitspire,Health & Nutrition,Delhi,8.3,Bridge Round (Pre-Series A),"McDonald's India (North & East) Promoter Anant Agarwal, MM Agrawal Group (MMG), AKG financials",2025,February
Quicklend,Secured Lending,Bengaluru,6.75,Pre-Seed Round,"Inuka Capital, Eximius Ventures, Upsparks Capital, GrowX, strategic angel investors",2025,February
Babynama,Digital Pediatric Care,New Delhi,,Seed Round,"Good Capital, Amplify, Abhishek Gupta (Fashinza), Ankit Gupta (Bicycle Health), Akshay Saxena (Avanti), Dhruv Dhanraj Bahl (Ex-BharatPe)",2025,February
Presage Insights,IoT & AI Predictive Maintenance,Faridabad,5.6,Seed Round,YourNest Venture Capital (YourNest-SanchiConnect Velocity Program 2024),2025,February
PlaySuper,Gaming Commerce,Gurugram,4.15,Seed Round,"IAN Angel Fund, 100X.VC, angel investors (Uday Sodhi, KRS Jamwal, Pratham Mittal, Rajit Bhattacharya, Ankit Das)",2025,February
Origamis AI,GenAI Startup,Bengaluru,4.15,Seed Round,"Vikas Gautam, Naveen Agarwal",2025,February
Astra Security,Cybersecurity,New Delhi,22.41,Funding Round,"Emergent Ventures, The Neon Fund, Better Capital, Blume Ventures, PointOne Capital",2025,February
Vahan.ai,AI Hiring Platform,Bengaluru,,Strategic Investment,Persol Group (Asia-Pacific HR Services Provider),2025,February
BonV Aero,Drone Manufacturing,Bhubaneswar,,Funding Round,Unicorn India Ventures,2025,February
COLUXE,Lab-grown Diamonds - LGD Brand,New Delhi,,Angel Round,"Angel Round (Launched by Priyanka Gill, Venture Partner at Kalaari Capital, Co-founder of Good Glamm Group)",2025,February
Meesho,E-commerce,Bengaluru,4150.0,Funding Round,"Tiger Global, Think Investments, Mars Growth Global, Peak XV Partners, WestBridge Capital",2025,January
Leap,Edtech - Student Mobility,Bengaluru,539.5,Primary and Secondary Equity,"Apis Growth Markets Fund III, Apis Global Growth Fund III, Owl Ventures, Jungle Ventures, Peak XV Partners",2025,January
Atomicwork,B2B SaaS,Bengaluru,207.5,Series A,"Khosla Ventures, Z47 (formerly Matrix Partners India), Battery Ventures, Blume Ventures, Peak XV Partners",2025,January
SuperOps,IT Management SaaS,Chennai,207.5,Series C,"March Capital, Lee Fixel’s Addition, Z47",2025,January
Innov8,Coworking,New Delhi,110.0,Primary Funding Round,"Mankind Pharma, Gauri Khan, Rupa Group, Jagruti Dalmia",2025,January
Geri Care Health Services,Senior Healthcare,Chennai,110.0,Funding Round,InvAscent (India Life Sciences Fund IV),2025,January
Emiza,Logistics,Mumbai,100.0,Series C,"Evolvence India, Mirabilis Investment Trust",2025,January
VoltUp,EV Infrastructure,Pune,66.4,Seed Round,EM Impact Capital (UK-based impact investment firm),2025,January
Astrome Technologies,Telecom - E-band Solutions,Bengaluru,83.0,Funding Round,"Apollo Fund, IAN Group",2025,January
Ambak,Fintech,Gurugram,58.1,Seed & Pre-Series A,"Peak XV’s Surge, Advantedge VC, DeVC, angel investors",2025,January
GrowXCD Finance,NBFC - MSME Lending,Chennai,50.0,Equity Funding,"Lok Capital, UC Impower",2025,January
Whizzo,Materials Science Manufacturing,Bengaluru,34.86,Seed Round,"Lightspeed, BEENEXT",2025,January
Bizloan,NBFC - SME Lending,Gurugram,35.0,Series A,"Michael & Susan Dell Foundation, BLinC Invest",2025,January
Salad Days,D2C Food,Gurugram,30.0,Series A,"V3 Ventures, Client Associates Alternate Fund (CAAF)",2025,January
CHK,D2C Footwear,Bengaluru,20.75,Funding Round,"Accel, Bluestone, individual investors",2025,January
MetaShot,Gaming - Console,Bengaluru,11.0,Equity & Debt,"Sauce.vc, Sharrp Ventures, Panthera Peak Capital",2025,January
Sammmm,Teen Self-care Brand,Mumbai,10.0,Seed Round,"Fireside Ventures, Sauce VC, Nihir Parikh, Sachin Parikh, Shantanu & Nikhil Mehra",2025,January
Origin Fresh,Fresh Produce D2C,Bengaluru,8.3,Pre-Seed Round,"Aeravti Ventures, Ultra HNIs",2025,January
Shoppin,Fashion Search Engine,India,8.3,Funding Round,InfoEdge Ventures,2025,January
ThinkMetal,Deeptech - Manufacturing,Chennai,,Pre-Series A,"YourNest Venture Capital, Concept Communications, Sanchi Connect",2025,January
Utsav,Spiritual & Devotion Platform,Kolkata,6.35,Funding Round,Equanimity Investments,2025,January
MedMitra AI,Healthtech - AI-driven Solutions,Jaipur,3.0,Funding Round,"All In Capital, WEH Ventures",2025,January
Dressfolk,D2C Handloom Clothing,New Delhi,,Funding Round,"Eternal Capital, along with D2C founders Ghazal Alagh (founder, Mamaearth) and Dhruv Koli (founder, Boba Bhai), with participation from Nobody Ventures and Eagle Wings Ventures",2025,January
Infra.Market,Construction Materials,Mumbai,1004.3,Funding Round,Tiger Global,2025,January
Nazara Technologies,Gaming & Media,Mumbai,495.0,Funding Round,"Axana Estates LLP, Arpit Khandelwal, Mithun Sacheti",2025,January
Ati Motors,Industrial Robotics,Bengaluru,166.0,Series B,"Walden Catalyst Ventures, NGP Capital, True Ventures, Exfinity Venture Partners, Athera Venture Partners, Blume Ventures",2025,January
Aris Infra Solutions,Tech-enabled Procurement,Mumbai,80.0,Pre-IPO Round,Mukul Agrawal (Param Capital),2025,January
Deconstruct,D2C Skincare,Bengaluru,65.0,Funding Round,"BOLD (L’Oréal’s VC Fund), V3 Ventures, DSG Consumer Partners, Kalaari Capital, Beenext",2025,January
VuNet Systems,Business Observability,Bengaluru,60.0,Series B,"Pravega Ventures, Kotak Securities, Mela Ventures, Athera Venture Partners, Dallas Venture Capital, TVS Capital Funds",2025,January
Medusa Beverages,Beer Manufacturing,Delhi,56.0,Series A,"Amal N Parikh, Ashwin Kedia, Ramesh Damani, Nikhil Garg, Crest Opportunities, HNIs (Singapore, UK, UAE)",2025,January
Snabbit,Quick Service App,Bengaluru,45.65,Series A,"Elevation Capital, Nexus Venture Partners, Vidit Aatrey, Sanjeev Barnwal, Gaurav Munjal, Niraj Singh",2025,January
Landeed,Property Title Search Engine,Hyderabad,41.5,Series X,"10x Founders Fund, Oliver Jung, Paradigm Shift, Pioneer Fund, others",2025,January
KisanKonnect,D2C Food Brand,Mumbai,37.35,Series A,"Mistry Ventures, Brand Capital, Shilpa Shetty, VC-Grid, Vishwang Desai",2025,January
BPR Hub,Compliance for Manufacturers,California,21.58,Seed Round,"Accel, Kae Capital",2025,January
Pipeshift,AI Infrastructure,San Francisco,20.75,Seed Round,"Y Combinator, SenseAI Ventures, Arka Venture Labs, Good News Ventures, others",2025,January
Zeelab Pharmacy,Healthcare,Delhi,19.92,Maiden Funding Round,OTP Ventures,2025,January
ProcureYard,B2B Raw Materials,Haryana,14.276,Seed Round,"Powerhouse Ventures, Java Capital, 2am VC, angels including Abhishek Goyal and Rajesh Sawhney",2025,January
Workie,Office Space Management,Indore,13.0,Equity Round,"Sunil Singhania Family Office, NAV Capital, Raman Roy, others",2025,January
Cancrie,Nanocarbon Materials,Jaipur,9.96,Seed Round,"Roots Ventures, IIMA Ventures",2025,January
Raaz App,Healthcare,Bengaluru,8.3,Funding Round,"Fireside Ventures, Campus Fund, Better Capital",2025,January
Postudio,Post-Production SaaS,Mumbai,8.3,Pre-Seed Round,Audacity Venture Capital,2025,January
Chelvies Coffee,Coffee & Dining Brand,Noida,8.3,Pre-Series A,Endurance Capital,2025,January
Krvvy,D2C Lingerie & Shapewear,Noida,6.1,Pre-Seed Round,"Titan Capital, All In Capital, angels such as Nikita Gupta, Emmanuel Suraj, and others",2025,January
Prantae Solutions,Deep Tech,Bhubaneswar,5.0,Seed Round,"IAN Group, IAN Alpha Fund, Samir Kalia, Deepank Kumar, Nitin Zamre",2025,January
Exsure,Biotech,Bhubaneswar,3.0,Seed Round,Unicorn India Ventures,2025,January
Dream Aerospace,Aerospace & Defense,Chennai,3.0,Pre-Seed Round,Inflection Point Ventures,2025,January
SVASTEK,Medtech,New Delhi,2.0,Seed Round,IAN Angel Fund,2025,January
JoySpoon,Mouth Freshener,Ahmedabad,0.56,Seed Round,"Dishit Nathwani, Prateek Toshniwal, others",2025,January
Aragen,Contract R&D and Manufacturing,Hyderabad,830.0,Investment Round,Quadria Capital,2025,January
Netradyne,AI & Edge Computing SaaS,Bengaluru,747.0,Series D,"Point72 Private Investments, Qualcomm Ventures, Pavilion Capital",2025,January
WeWork India,Flexible Workspace,Bengaluru,500.0,Rights Issue,Rights Issue,2025,January
Foxtale,D2C Skincare,Mumbai,249.0,Funding Round,"Kose Corporation, Z47 (Matrix Partners India), Kae Capital, Panthera Growth Partners",2025,January
Ecozen,Climate-Focused Deeptech,Pune,190.9,Debt Round,"responsAbility Investments AG, Northern Arc Capital Limited, Maanaveeya Development & Finance Private Limited",2025,January
BGauss,Electric Two-Wheeler Manufacturing,Pune,161.0,Funding Round,Bharat Value Fund (BVF),2025,January
MicroMitti,Proptech,Indore,90.0,Funding Round,"Prominent HNIs, family offices, and business leaders",2025,January
Sarla Aviation,Aerospace & Electric Flying Taxis,Bengaluru,83.0,Funding Round,Accel,2025,January
Skor Technologies,Credit & Financial Services,Bengaluru,51.46,Pre-Series A,"Argor Capital, QED Investors, Saison Capital, Digital Currency Group",2025,January
AstroSure.ai,Astro-Tech,Chennai,49.8,Seed Round,"Pradeep Dadha, others",2025,January
Emiza Supply Chain Services,Logistics & Warehousing,Mumbai,50.0,Funding Round,"Evolvence India, Mirabilis Investment",2025,January
Eccentric,Automotive 3D Tech,Mumbai,41.5,Pre-Series A,"Exfinity Venture Partners, Arkam Ventures",2025,January
WeVOIS,Waste Management,Jaipur,36.0,Series A,"Negen Capital, Vyom Wealth, Venture Catalysts, SN Capital, Warmup Ventures, Marsshot Ventures, others",2025,January
Boba Bhai,QSR - Bubble Tea,Bengaluru,30.0,Funding Round,8i Ventures,2025,January
Constelli,Defense Tech,Hyderabad,24.9,Pre-Series A,Pravega Ventures,2025,January
Fambo,Foodtech,Noida,21.0,Pre-Series A,"EV2 Ventures, Rajesh Sawhney, UHNIs",2025,January
TyrePlex,B2B Tyre Marketplace,New Delhi,20.0,Funding Round,"PeerCapital, Titan Capital Winners Fund, Sattva Family Office, others",2025,January
Zerocircle,Biotech - Seaweed Alternatives,Pune,20.0,Funding Round,"Rainmatter, 1Crowd, VC Grid, 7th Gen Ventures, Trudie Styler",2025,January
KisaanSay,Food Brand,Gurugram,16.6,Pre-Seed Round,"Jungle Ventures (First Cheque@Jungle), senior food industry leaders",2025,January
ErlySign,Healthtech,Nagpur,16.0,Pre-Series A,Ashish Kacholia,2025,January
OrbitAID,Spacetech,Bengaluru,12.45,Pre-Seed Round,"Unicorn India Ventures, TANSIM (Tamil Nadu Government)",2025,January
GreenStitch,Climate Tech - Fashion,Bengaluru,9.96,Seed Round,"Equirus InnovateX Fund, Ivycap Ventures, Warmup Ventures, Zeca Ventures",2025,January
ParkMate,Parking Management,Noida,9.96,Funding Round,"Cactus Partners, Venture Catalysts, Marwah Group Family Office",2025,January
RePut.ai,Supply Chain Solutions,Bengaluru,8.3,Pre-Seed Funding,"GrowthCap Ventures, angel investors",2025,January
Quash,AI Startup,Delhi,,Pre-Seed Funding,"Arali Ventures, Java Capital, PeerCheque, DeVC (Matrix Partners), Tracxn Co-founder",2025,January
House of Chikankari,D2C Ethnic Wear,New Delhi,4.0,Seed Round,"Tudip Ventures, Peyush Bansal (Lenskart), Ankit Nagori, others",2025,January
Tractor Factory,Agritech,Hoshiarpur,4.0,Pre-Seed Round,"All In Capital, Bharat Founders Fund, Devc, family offices",2025,January
Sukoon Unlimited,Agetech,Bengaluru,,Pre-Seed Round,"Anchorage Capital Partners, Vinay Jain, Manish Dureja, others",2025,January
Indiyanet,Commercial Mobility,Bhubaneswar,,Pre-Seed Funding,"PointOne Capital, angel investors",2025,January
Innovaccer Inc.,Healthcare AI,Bengaluru,2282.5,Series F (Primary & Secondary),"B Capital Group, Banner Health, Danaher Ventures LLC, Generation Investment Management, Kaiser Permanente, M12",2025,January
Oyo,Hospitality,Gurugram,550.0,Funding Round,Redsprig Innovation Partners (Ritesh Agarwal’s affiliated entity),2025,January
Infinity Fincorp Solutions,NBFC,Mumbai,290.5,Funding Round,"Jungle Ventures, Archerman Capital, Magnifico",2025,January
Botanic Healthcare,Nutraceutical,Hyderabad,250.0,Equity Financing,"Stakeboat Capital, Abakkus Four2Eight Opportunities Fund, DS Group",2025,January
Waycool,B2B Food & Agritech,Chennai,110.0,Debt Round,Grand Anicut,2025,January
GrayQuest,Edtech/Fintech,Mumbai,80.0,Series B (Equity),"IIFL Fintech Fund, Claypond Capital (Ranjan Pai Family Office), Pravega Ventures",2025,January
Vehant Technologies,Security & Surveillance,Noida,75.0,Mezzanine Round,True North’s Private Credit Fund,2025,January
Mintoak,SaaS,Mumbai,71.0,Secondary Funding,Z3Partners,2025,January
Beyond Snack,Banana Chips Brand,Alappuzha,68.89000000000001,Series A,12 Flags Group,2025,January
Emo Energy,Energy Tech,Bengaluru,51.46,Equity Funding,"Subhkam Ventures, Microtek Group, SRK Family Office, Transition VC",2025,January
Oben Electric,EV Manufacturing,Bengaluru,50.0,Series A,"Ambis Holding US, Kuberan Ventures, Karimjee Group, Mission Vertical, Sanjeev Saraf Family Office, Pravek Kalp Family Office, others",2025,January
RAS,Luxury Skincare,Raipur,41.5,Series A,"Unilever Ventures, Amazon Smbhav Venture Fund",2025,January
BrainSight AI,Deep-tech Neuroscience,Bengaluru,41.5,Pre-Series A,"IAN Alpha Fund, IvyCap Ventures, Silver Needle",2025,January
hBits,Commercial Real Estate,Mumbai,40.0,Series A,Capricon Realty Private Limited (Thackersey Group),2025,January
Zoplar,Medical Equipment Procurement,Gurugram,28.22,Series A,"Blume Ventures, Beenext, Saison Capital, Atrium Angels, Finfirst, LogX",2025,January
Moonrider,Electric Tractor Tech,Bengaluru,18.26,Seed Round,"AdvantEdge Founders, Micelio Technology Fund, angel investors",2025,January
Consint.AI,Healthtech,Noida,5.0,Funding Round,"Equanimity Ventures, Seafund",2025,January
NapTapGo,Affordable Hospitality,Noida,1.0,Equity Funding,Balmer Lawrie & Co Ltd,2025,January
KIBI Sports,Sports Tech,Bengaluru,,Pre-Seed Funding,"Angel Investors including Saurabh Aggarwal, Arpit Bhardwaj, Vartika Joshi, others",2025,January
