Company_Cleaned,Sub_Sector,Headquarters,Amount_Cr,Funding_Round_Type,Lead_Investors,Year,Month,Sector,city,state,country
ecozen,Technology,Pune,49.8,Series A,Sathguru Catalyzer Advisors,2019,December,Enterprise / SaaS,Pune,Maharashtra,India
car dekho,Ecommerce,Gurgaon,581.0,Series D,Ping An Global Voyager Fund,2019,December,Ecommerce / Retail,Gurgaon,Haryana,India
dhruva space,Aerospace,Bangalore,415.0,Seed,"Mumbai Angels, Ravikanth Reddy",2019,December,SpaceTech,Bangalore,Karnataka,India
rivigo,Technology,Gurgaon,166.0,Series F,"Saif Partners, Spring Canter Investment Ltd.",2019,December,Enterprise / SaaS,Gurgaon,Haryana,India
healthians,B2Bfocused Foodtech,Bangalore,99.6,Series C,"Paytm, Nptk, Sabre Partners And Neoplux",2019,December,FoodTech,Bangalore,Karnataka,India
licious,Ecommerce,Bangalore,249.0,Series E,Vertex Growth Fund,2019,December,Ecommerce / Retail,Bangalore,Karnataka,India
incred,Fintech,Mumbai,48.97,Debt,Unknown,2019,December,FinTech,Mumbai,Maharashtra,India
trell,Video,Bangalore,16.6,Seed,Ruizheng Investment,2019,December,Media / Entertainment / Gaming,Bangalore,Karnataka,India
rein games,Gaming,Noida,415.0,Seed,Manipal Education And Medical Group (Memg),2019,December,Others,Noida,Uttar Pradesh,India
lenskartcom,Ecommerce,Faridabad,1917.3,Series G,SoftBank,2019,December,Ecommerce / Retail,Delhi,Haryana,India
freshworks,Software,San Francisco,1245.0,Series H,"Sequoia Capital, Capitalg, Accel",2019,November,Enterprise / SaaS,San Francisco,California,USA
misters,Healthcare,Gurgaon,4.03,Series B,"Sauce.Vc, Rainforest Ventures",2019,November,HealthTech,Gurgaon,Haryana,India
sunstone eduversity,Edtech,Gurgaon,12.45,Seed,"Prime Venture Partners, Letsventure, Ps1 Venture And Globallogic Counknownfounder Rajul Garg",2019,November,Enterprise / SaaS,Gurgaon,Haryana,India
healthians,Healthcare,Gurgaon,99.6,Series B,"Dg Daiwa Ventures, Dg Incubation",2019,November,HealthTech,Gurgaon,Haryana,India
ninjacart,B2B Marketing,Bangalore,215.8,Debt,Trifecta Capital Advisors,2019,November,Enterprise / SaaS,Bangalore,Karnataka,India
aye finance,Fintech,Gurgaon,144.51,Debt,Fintech,2019,November,FinTech,Gurgaon,Haryana,India
supergaming,Video Games,Pune,10.79,Seed,Dream Incubator,2019,November,Media / Entertainment / Gaming,Pune,Maharashtra,India
clumio,SaaS,San Jose,1120.5,Series C,"Altimeter Capital, Sutter Hill Ventures",2019,November,Enterprise / SaaS,San Jose,California,USA
ebikego,Last Mile Transportation,Amritsar,2.49,Seed,Startup Buddy,2019,November,Logistics / Supply Chain,Amritsar,Punjab,India
digital mall asia,Ecommerce,Delhi,1826.0,Seed,Amour Infrastructure,2019,November,Ecommerce / Retail,Delhi,Delhi,India
medikabazaar,Healthcare,Mumbai,131.14,Series B,"Ackermans, Van Haaren, Healthquad, Rebright Partners, Toppan Printing",2019,November,HealthTech,Mumbai,Maharashtra,India
vogo automotive,Last Mile Transportation,Kormangala,2348.9,Series B,"Matrix Partners, Stellaris Venture Partners, Kalaari Capital",2019,November,Logistics / Supply Chain,Bangalore,Karnataka,India
furtados school of music,Edtech,Tulangan,1660.0,Unknown,Ian Fund And Dsg Consumer Partners,2019,November,Enterprise / SaaS,,,
paytm,Fintech,Noida,8300.0,Unspecified Round,Vijay Shekhar Sharma,2019,November,FinTech,Noida,Uttar Pradesh,India
dunzo,Customer,Bangalore,373.5,Series D,Lightbox,2019,October,Others,Bangalore,Karnataka,India
udaan,B2B,Bangalore,4855.5,Series D,"Altimeter Capital, Dst Global",2019,October,Enterprise / SaaS,Bangalore,Karnataka,India
fpl,Fintech,Pune,37.35,Other,"Matrix Partners, Sequoia India",2019,September,FinTech,Pune,Maharashtra,India
cashflo,Fintech,Mumbai,27.39,Series A,Saif Partners,2019,September,FinTech,Mumbai,Maharashtra,India
digital f5,Advertising Marketing,Mumbai,49.8,Private Equity,Tiw Private Equity,2019,September,Marketing / AdTech,Mumbai,Maharashtra,India
3rdflix,SaaS,Hyderabad,41.5,Pre-Series A,Exfinity Venture Partners,2019,September,Enterprise / SaaS,Hyderabad,Telangana,India
75f,Iot,Burnsville,149.4,Series A,Breakthrough Energy Ventures,2019,September,Others,Burnsville,Minnesota,USA
myelin foundry,Information Technology,Bangalore,8.3,Seed,Endiya Partners,2019,September,Enterprise / SaaS,Bangalore,Karnataka,India
atomberg technology,Consumer Technology,Mumbai,83.0,Series A,A91 Partners,2019,September,Consumer Internet,Mumbai,Maharashtra,India
goqii,Healthcare,Menlo Park,3735.0,Series C,Bennett Coleman And Company Ltd (Bccl),2019,September,HealthTech,Menlo Park,California,USA
vyapar app,Accounting,Bangalore,41.5,Series A,"India Quotient, Axilor Ventures",2019,September,Others,Bangalore,Karnataka,India
car dekho,Ecommerce,Gurgaon,166.0,Series C,Sc Gg India Mobility Holdings Llc,2019,August,Ecommerce / Retail,Gurgaon,Haryana,India
progcap,Fintech,Delhi,41.5,Series A,Sequoia India,2019,August,FinTech,Delhi,Delhi,India
mypetrolpump,Retail,Bangalore,13.28,Seed,Unknown,2019,August,Ecommerce / Retail,Bangalore,Karnataka,India
alteria capital,Fintech,Mumbai,1162.0,Other,"Azim Premji, Binny Bansal",2019,August,FinTech,Mumbai,Maharashtra,India
pine labs,Information Technology,Noida,316.06,Other,Pine Labs Pte Ltd,2019,August,Enterprise / SaaS,Noida,Uttar Pradesh,India
meesho,Ecommerce,Bangalore,1037.5,Series D,Naspers,2019,August,Ecommerce / Retail,Bangalore,Karnataka,India
cars24,Ecommerce,Gurgaon,91.3,Series D,Ms Dhoni,2019,August,Ecommerce / Retail,Gurgaon,Haryana,India
uniphore,Customer,Palo Alto,423.3,Series C,March Capital Partners,2019,August,Others,Palo Alto,California,USA
zendrive,Automotive,San Francisco,307.1,Series B,Xl Innovate,2019,August,Mobility / Automotive / EV,San Francisco,California,USA
lo foods,Consumer Goods,Bangalore,4.15,Seed,"Rashmi Daga (Founder, Freshmenu), Raveen Sastry (Counknownfounder, Myntra) And Mitesh Shah (Fiunknownnce Chief, Bookmyshow)",2019,August,Consumer Internet,Bangalore,Karnataka,India
tala,Fintech,Santa Monica,913.0,Series D,Rps Ventures,2019,August,FinTech,Santa Monica,California,USA
indwealth,Fintech,Gurgaon,124.5,Venture,Tiger Global Maunknowngement,2019,August,FinTech,Gurgaon,Haryana,India
hungerbox,Food,Bangalore,54.7,Series C,One97 Communications Ltd.,2019,August,FoodTech,Bangalore,Karnataka,India
admitkard,Edtech,Noida,8.3,Seed,Growth Dna,2019,August,Enterprise / SaaS,Noida,Uttar Pradesh,India
grofers,Ecommerce,Gurgaon,581.0,Series F,SoftBank,2019,August,Ecommerce / Retail,Gurgaon,Haryana,India
rapido bike taxi,Transportation,Bangalore,0.27,Series B,Westbridge Capital,2019,August,Logistics / Supply Chain,Bangalore,Karnataka,India
renewbuy,Fintech,Gurgaon,157.7,Series B,"Lok Capital, Iifl Wealth",2019,July,FinTech,Gurgaon,Haryana,India
atlan,Information Technology,Singapore,20.75,Pre-Series A,Waterbridge Ventures,2019,July,Enterprise / SaaS,,,Singapore
wizcounsel,Compliance,Delhi,1.2,Angel,Kapil Dev,2019,July,Others,Delhi,Delhi,India
ola,Transport,Kormangala,8.3,Series J,"Dig Investment Ab, Deshe Holdings, Samih Toukan And Hussam Khoury",2019,July,Logistics / Supply Chain,Bangalore,Karnataka,India
uniphore,AI,Taramani,316.06,Series C,March Capital Partners,2019,July,Artificial Intelligence,Chennai,Tamil Nadu,India
daalchini,Food,Delhi,4.15,Seed,Artha Venture,2019,July,FoodTech,Delhi,Delhi,India
byjus,Edtech,Bangalore,1245.0,Private Equity,Qatar Investment Authority,2019,July,Enterprise / SaaS,Bangalore,Karnataka,India
moglix,Ecommerce,Singapore,498.0,Series D,"Composite Capital Maunknowngement, Sequoia Capital, Tiger Global Maunknowngement",2019,July,Ecommerce / Retail,,,Singapore
ezyhaul,Technology,Singapore,132.8,Series B,Unknown,2019,July,Enterprise / SaaS,,,Singapore
indus os,Technology,Andheri,47.73,Series B,Ventureast,2019,July,Enterprise / SaaS,Mumbai,Maharashtra,India
healthassure,Healthcare,Mumbai,20.75,Series A,Blume Ventures,2019,July,HealthTech,Mumbai,Maharashtra,India
house of msasaba,Luxury Label,Mumbai,8.3,Series A,Binny Bansal,2019,July,Others,Mumbai,Maharashtra,India
board infinity,Edtech,Chembur,2.65,Angel,Multiple Angel Investors,2019,July,Enterprise / SaaS,Mumbai,Maharashtra,India
nobroker,Ecommerce,Bangalore,423.3,Series C,General Atlantic,2019,June,Ecommerce / Retail,Bangalore,Karnataka,India
bira91,Food,Delhi,83.0,Debt,Anicut Capital,2019,June,FoodTech,Delhi,Delhi,India
fab hotels,Ecommerce,Gurgaon,40.59,Unknown,"Goldman Sachs, Accel Partners And Qualcomm",2019,June,Ecommerce / Retail,Gurgaon,Haryana,India
avail finance,Fintech,Bangalore,74.7,Series A,Matrix Partners,2019,June,FinTech,Bangalore,Karnataka,India
bharat pe,Fintech,Delhi,622.5,Series B,Insight Partners,2019,June,FinTech,Delhi,Delhi,India
recykal,Waste Management,Hyderabad,215.8,Pre-Series A,"Triton Investment Advisors, Pidilite Industries Director Ajay Parekh",2019,June,Others,Hyderabad,Telangana,India
agara labs,Deeptech,Bangalore,20.75,Pre-Series A,Blume Ventures And Rtp Global,2019,June,Enterprise / SaaS,Bangalore,Karnataka,India
sistemabio,Agritech,Nairobi,22.73,Unknown,"Shell Foundation, Dila Capital, Engie Rde Fund, Ecoenterprise Fund, Edfimc (Electrifi), Endeavor Catalyst Fund, Cocapital, Triodos, Alpha Mundi, And Lendahand",2019,June,AgriTech,Nairobi,,Kenya
chakr innovation,Energy,Delhi,215.8,Series A,Ian Fund,2019,June,Climate / CleanTech / Energy,Delhi,Delhi,India
pratilipi,Digital Media,Bangalore,125.41,Series B,Qiming Venture Partners,2019,June,HealthTech,Bangalore,Karnataka,India
bolo app,Digital Media,Bangalore,3.57,Seed,Nexus Venture Partners,2019,June,HealthTech,Bangalore,Karnataka,India
okcredit,Fintech,Haryana,128.65,Series A,Tiger Global Maunknowngement,2019,June,FinTech,,Haryana,India
biz2credit,Fintech,New York,431.6,Series B,Westbridge Capital,2019,June,FinTech,New York,New York,USA
vogo automotive,Transportation,Karnataka,29.75,Debt,Alteria Capital,2019,June,Logistics / Supply Chain,,Karnataka,India
leegality,Technology,Mumbai,28.22,Series A,Mumbai Angels,2019,June,Enterprise / SaaS,Mumbai,Maharashtra,India
saahas zero waste,Waste Management,Bangalore,7.21,Other,C4D Partners,2019,May,Others,Bangalore,Karnataka,India
black buck,Transport,Bangalore,1245.0,Series D,"Goldman Sachs Investment Partners And Silicon Valleyunknownbased Accel, Wellington, Sequoia Capital, B Capital, Lightstreet, Sands Capital And Interunknowntiounknownl Fiunknownnce Corporation",2019,May,Logistics / Supply Chain,Bangalore,Karnataka,India
zenoti,SaaS,Hyderabad,415.0,Series C,Tiger Global Maunknowngement,2019,May,Enterprise / SaaS,Hyderabad,Telangana,India
ather energy,Automobile,Bangalore,423.3,Series C,Sachin Bansal,2019,May,Mobility / Automotive / EV,Bangalore,Karnataka,India
freshvnf,Agtech,Mumbai,1162.0,Seed,Equanimity Ventures,2019,May,Enterprise / SaaS,Mumbai,Maharashtra,India
glowroad,Ecommerce,Bangalore,95.45,Series B,"Korea Investment Partners, Vertex Ventures",2019,May,Ecommerce / Retail,Bangalore,Karnataka,India
bira91,Food,Delhi,46.48,Series B,Sixth Sense Ventures,2019,May,FoodTech,Delhi,Delhi,India
kuvera,Fintech,Bangalore,373.5,Series A,Eight Roads,2019,April,FinTech,Bangalore,Karnataka,India
medlife,Ecommerce,Bangalore,141.1,Private Equity,Prasid Uno Family Trust,2019,April,Ecommerce / Retail,Bangalore,Karnataka,India
kabadiwala,Ecommerce,Bhopal,3.57,Private Equity,"Unilever, Beehive Capital Advisor, Abcom Investments, Parekh Marine Transport",2019,April,Ecommerce / Retail,Bhopal,Madhya Pradesh,India
tripoto,Social Media,Delhi,29.81,Series B,"Orchid India, Hornbill Orchid India Fund, Chiratae Ventures (Formerly Idg Ventures), 3One4 Capital, Lasmer Nv",2019,April,HealthTech,Delhi,Delhi,India
azah,Healthcare,Gurgaon,1.66,Seed,Ununknownmed Angel Investors,2019,April,HealthTech,Gurgaon,Haryana,India
setu,Fintech,Bangalore,29.05,Seed,Lightspeed,2019,April,FinTech,Bangalore,Karnataka,India
toppr,Edtech,Mumbai,52.46,Debt + Equity,Milestone,2019,April,Enterprise / SaaS,Mumbai,Maharashtra,India
craftsvilla,Ecommerce,Mumbai,20.28,Other,Supera Pte Ltd,2019,April,Ecommerce / Retail,Mumbai,Maharashtra,India
unacademy,Edtech,Bangalore,2.55,Other,Kalyan Krishunknownmurthy,2019,April,Enterprise / SaaS,Bangalore,Karnataka,India
clevertap,SaaS,Mumbai,215.8,Series B,"Sequoia India, Tiger Global Maunknowngement, Accel",2019,April,Enterprise / SaaS,Mumbai,Maharashtra,India
my healthcare,Ecommerce,Bengaluru And Gurugram,24.9,Series A,Sixth Sense Ventures,2019,April,Ecommerce / Retail,,,
krazybee,Ecommerce,Bangalore,119.04,Debt,"Bac Acquisitions, Unifi Aif, Brd Securities, Northern R Capital",2019,April,Ecommerce / Retail,Bangalore,Karnataka,India
shuttl,Transportation,Gurgaon,41.5,Venture,New Atlantic Ventures,2019,April,Logistics / Supply Chain,Gurgaon,Haryana,India
increff,Technology,Bangalore,24.9,Series A,"021 Capita, Binny Bansal",2019,April,Enterprise / SaaS,Bangalore,Karnataka,India
zilingo,Ecommerce,India,1875.8,Series D,"Sequoia Capital And Temasek Holdings, Edbi, Burda Principal Investments, And Sofiunknown",2019,February,Ecommerce / Retail,,,India
nanoclean global,Nanotechnology,Delhi,4.98,Series A,"Letsventure, Pitchright Venture, 91Springboard, Al Nour Interunknowntiounknownl Holdings And Mark V Investments",2019,February,Enterprise / SaaS,Delhi,Delhi,India
oyorooms,Hospitality,Gurgaon,830.0,Other,Didi Chuxing,2018,February,HealthTech,Gurgaon,Haryana,India
car dekho,Automobile,Jaipur,913.0,Series C,"Sequoia India, Hillhouse Capital, Alphabet\\Xe2\\X80\\X99S Growth Investment Arm Capital G And Axis Bank",2019,January,Mobility / Automotive / EV,Jaipur,Rajasthan,India
vyome therapeutics,Healthcare,India,182.6,Series D,"Iron Pillar, Perceptive Advisors, Romulus Capital And Kalaari Capital",2019,January,HealthTech,,,India
samunnati financial,Fintech,Chennai,41.5,Debt,"Massif, A Dutch Government Fund",2019,January,FinTech,Chennai,Tamil Nadu,India
manch,Social Media,Delhi,5.81,Seed,Stellaris Venture Partners,2018,December,HealthTech,Delhi,Delhi,India
urbanclap,Technology,Delhi,415.0,Series D,Steadview Capital And Vy Capital.,2018,December,Enterprise / SaaS,Delhi,Delhi,India
guiddoo,Travel,Mumbai,6.64,Pre-Series A,Individual Investors,2018,December,Travel / Hospitality,Mumbai,Maharashtra,India
career anna,Edtech,Gurgaon,4.75,Pre-Series A,Individual Investors,2018,December,Enterprise / SaaS,Gurgaon,Haryana,India
nagpur wholesale,Online,Nagpur,1.19,Seed,Omphalos Ventures India Llp,2018,December,Consumer Internet,Nagpur,Maharashtra,India
shop kirana,B2B,Indore,16.6,Seed,"Info Edge, Aet Fund, Akatsuki And Incubate Fund From Japan And Better Capital Angellist Syndicate.",2018,December,Enterprise / SaaS,Indore,Madhya Pradesh,India
buildsupply,SaaS,Gurgaon,29.05,Series A,"Venture Highway, Gree Ventures, Space Matrix, Individual Investors",2018,December,Enterprise / SaaS,Gurgaon,Haryana,India
godesi,Food,Bangalore,1.15,Other,Lead Angels Network,2018,November,FoodTech,Bangalore,Karnataka,India
veritas finance,Fintech,Chennai,230.73,Series D,"Norwest Venture Partners, Cdc Group, The Uk\\Xe2\\X80\\X99S Development Fiunknownnce Institution And P Surendra Pai",2018,November,FinTech,Chennai,Tamil Nadu,India
meesho,Ecommerce,Bangalore,415.0,Series C,"Shunwei Capital, Dst Partners And Rps Ventures",2018,November,Ecommerce / Retail,Bangalore,Karnataka,India
mobile premier league,Gaming,Bangalore,4.15,Series A,Unknown,2018,November,Others,Bangalore,Karnataka,India
ar bon vivants,Food,Jaipur,8.3,Other,"Rb Investments, Singapore",2018,November,FoodTech,Jaipur,Rajasthan,India
black buck,Food,New York,8.3,Series A,Tiger Global,2018,November,FoodTech,New York,New York,USA
milkbasket,Food,Delhi,10.79,Series B,Mayfield Fund,2018,November,FoodTech,Delhi,Delhi,India
driveu,Transport,Bangalore,8.3,Other,Stevens Creek Ventures,2018,November,Logistics / Supply Chain,Bangalore,Karnataka,India
cleansecar,Technology,Bangalore,4.15,Other,Venture Catalysts,2018,November,Enterprise / SaaS,Bangalore,Karnataka,India
automation anywhere,Automation,Usa,2490.0,Series B,SoftBank,2018,November,Mobility / Automotive / EV,,,USA
healthifyme,Healthcare,Bangalore,49.8,Other,"Sistema Asia Fund, Vc Samsung Next, Chiratae Ventures, Inventus Capital, Blume Ventures And Innoven Capital.",2018,November,HealthTech,Bangalore,Karnataka,India
genius corner,Edtech,Noida,2.31,Seed,Individual Investors,2018,November,Enterprise / SaaS,Noida,Uttar Pradesh,India
aavishkaarintellecap,Investment,Mumbai,257.3,Other,Teachers Insurance And Annuity Association (Tiaa),2018,November,FinTech,Mumbai,Maharashtra,India
signzy,Fintech,Mumbai,28.22,Series A,"Stellaris Venture Partners And Kalaari Capital, Rajan Aunknownndan From Google, Dilip Khandwelwal From Sap Labs India, And Amrish Rau From Payu India",2018,November,FinTech,Mumbai,Maharashtra,India
engineerai,Software,India,244.85,Series A,"Lakestar And Jungle Ventures, Softbank\\Xe2\\X80\\X99S Deepcore.",2018,November,Enterprise / SaaS,,,India
incred finance,Fintech,India,348.6,Private Equity,"Paragon Partners, Individual Investors",2018,November,FinTech,,,India
roposo,Social Media,Delhi,14.11,Series B,Bertelsmann India Investments,2018,November,HealthTech,Delhi,Delhi,India
origo commodities,Logistics,Hyderabad,91.3,Other,"Cooperative Oikocredit, Caspian And Hivosunknowntriodos Fund",2018,October,Logistics / Supply Chain,Hyderabad,Telangana,India
grover zampa,Food,Mumbai,68.06,Private Equity,Ravi Viswaunknownthan,2018,October,FoodTech,Mumbai,Maharashtra,India
droom,Automobile,Gurgaon,24.9,Series E,Zigexn,2018,October,Mobility / Automotive / EV,Gurgaon,Haryana,India
innov8,Real Estate,Delhi,33.2,Pre-Series A,Credence Family Office,2018,October,Real Estate / PropTech,Delhi,Delhi,India
black buck,Logistics,Bangalore,121.84,Other,Sequoia Capital,2018,October,Logistics / Supply Chain,Bangalore,Karnataka,India
letstransport,Logistics,Bangalore,99.6,Series C,Fosun Interunknowntiounknownl,2018,October,Logistics / Supply Chain,Bangalore,Karnataka,India
netmeds,Consumer Internet,Chennai,290.5,Private Equity,"Sistema Asia Fund, Sistema Jsfc And Tanncam Investment",2018,September,Consumer Internet,Chennai,Tamil Nadu,India
udaan,B2B,Bangalore,1867.5,Private Equity,Dst Global And Lightspeed Venture Partners\\Xe2\\X80\\X99 Global Fund.,2018,September,Enterprise / SaaS,Bangalore,Karnataka,India
daily hunt,Consumer Internet,Bangalore,53.04,Private Equity,Falcon Edge,2018,September,Consumer Internet,Bangalore,Karnataka,India
3hcare,Healthcare,Delhi,8.3,Other,Unknown,2018,September,HealthTech,Delhi,Delhi,India
nykaa,Consumer Internet,Mumbai,1304.76,Private Equity,Lighthouse,2018,September,Consumer Internet,Mumbai,Maharashtra,India
dream11,Consumer Internet,Mumbai,830.0,Private Equity,"Tencent, Kalaari Capital And Private Equity Firm Multiples Alterunknownte Asset Maunknowngement",2018,September,Consumer Internet,Mumbai,Maharashtra,India
mamaearth,Healthcare,Gurgaon,33.2,Private Equity,"Stellaris Ventures, Others",2018,September,HealthTech,Gurgaon,Haryana,India
autogrid,Technology,Bangalore,265.6,Private Equity,"Clp Holdings Group, Innogy, \\Xc3\\X98Rstead, And Teunknownska",2018,September,Enterprise / SaaS,Bangalore,Karnataka,India
pharmeasy,Consumer Internet,Mumbai,45.65,Debt,Innoven Capital,2018,September,Consumer Internet,Mumbai,Maharashtra,India
upwards,Fintech,Mumbai,41.5,Private Equity,"Shunwei Capital, Quotient, Mayfield, Others",2018,September,FinTech,Mumbai,Maharashtra,India
kissht,Fintech,Mumbai,249.0,Private Equity,"Vertex Ventures Southeast Asia (Sea) And India And Sistema Asia Fund, Fosun Rz Capital, Ventureast, And Endiya Partners.\\N\\N",2018,September,FinTech,Mumbai,Maharashtra,India
dishq,Food,Bangalore,3.32,Other,"Farm To Fork, Arts Alliance, The Syndicate Fund, Sven Hensen, Zeroth And Artesian Venture Partners",2018,August,FoodTech,Bangalore,Karnataka,India
samosa labs,Consumer Internet,Hyderabad,58.1,Private Equity,Xiaomi And Sequoia Capital India,2018,August,Consumer Internet,Hyderabad,Telangana,India
ziffyhomes,Consumer Internet,Gurgaon,1.0,Private Equity,Y Combiunknowntor,2018,August,Consumer Internet,Gurgaon,Haryana,India
my omnamo,Consumer Internet,Mumbai,8.3,Other,Unknown,2018,August,Consumer Internet,Mumbai,Maharashtra,India
shopx,Consumer Internet,Bangalore,290.5,Private Equity,Fung Strategic Holdings,2018,August,Consumer Internet,Bangalore,Karnataka,India
makemytrip,Consumer Internet,Gurgaon,83.0,Private Equity,Makemytrip Limited,2018,August,Consumer Internet,Gurgaon,Haryana,India
hansel io,Consumer Internet,Bangalore,33.2,Other,Vertex Ventures,2018,August,Consumer Internet,Bangalore,Karnataka,India
metro bikes,Consumer Internet,Bangalore,101.26,Private Equity,"Sequoia Capital India Advisors, Accel Partners And G Raghuunknownndan",2018,August,Consumer Internet,Bangalore,Karnataka,India
phone pe,Consumer Internet,Bangalore,547.8,Private Equity,Flipkart,2018,August,Consumer Internet,Bangalore,Karnataka,India
quizizz,Edtech,Bangalore,24.9,Other,"Nexus Venture Partners, Prime Venture Partners And Others",2018,August,Enterprise / SaaS,Bangalore,Karnataka,India
happy emi,Fintech,Bangalore,8.3,Other,Aj Ventures And Jain Interunknowntiounknownl Trade Organisation (Jito),2018,August,FinTech,Bangalore,Karnataka,India
inthree,Consumer Internet,Chennai,33.2,Other,"Ventureast, Orios Venture Partners And The Ian Fund",2018,August,Consumer Internet,Chennai,Tamil Nadu,India
observe ai,Technology,Bangalore,66.4,Private Equity,"Nexus Venture Partners, Mgv, Liquid 2 Ventures, Hack Vc, Emergent Ventures And Y Combiunknowntor",2018,August,Enterprise / SaaS,Bangalore,Karnataka,India
enakshi,Consumer Internet,Ahemadabad,0.95,Other,Unknown,2018,August,Consumer Internet,Ahmedabad,Gujarat,India
eazydiner,Consumer Internet,Gurgaon,48.55,Private Equity,Denlow Investment Trust And Beenext,2018,August,Consumer Internet,Gurgaon,Haryana,India
finzy,Fintech,Bangalore,8.3,Other,Unknown,2018,August,FinTech,Bangalore,Karnataka,India
rawpressery,Consumer Internet,Mumbai,39.84,Debt,Alteria Capital,2018,August,Consumer Internet,Mumbai,Maharashtra,India
pi ventures,Technology,Bangalore,49.8,Private Equity,Cdc Group Plc\\Xc2\\Xa0,2018,August,Enterprise / SaaS,Bangalore,Karnataka,India
revv,Consumer Internet,Gurgaon,118.44,Private Equity,"Hyundai, Edelweiss And Beenext, Dream Incubator, Sunjay Kapoor And Telama Investment",2018,August,Consumer Internet,Gurgaon,Haryana,India
zestmoney,Consumer Internet,Bangalore,111.22,Private Equity,"Xiaomi, Payu, Ribbit Capital And Omidyar Network",2018,August,Consumer Internet,Bangalore,Karnataka,India
shubh loans,Fintech,Bangalore,34.86,Private Equity,"Saama Capital, Sri Capital, Beenext, And Pravega Ventures",2018,August,FinTech,Bangalore,Karnataka,India
myupchar,Healthcare,Delhi,41.5,Private Equity,"Nexus Venture Partners, Omidyar Network And Shunwei Capital",2018,August,HealthTech,Delhi,Delhi,India
narvar,It,Bangalore,24.9,Private Equity,Accel (Formerly Known As Accel Partners),2018,August,Enterprise / SaaS,Bangalore,Karnataka,India
true north,Fintech,Mumbai,4980.0,Private Equity,Unknown,2018,August,FinTech,Mumbai,Maharashtra,India
biryani by kilo,Consumer Internet,Gurgaon,8.3,Other,Ajay Relan And Viunknowny Mittal,2018,July,Consumer Internet,Gurgaon,Haryana,India
anchanto,It,Pune,33.2,Private Equity,"Mdi Ventures, Telkom Indonesia",2018,July,Enterprise / SaaS,Pune,Maharashtra,India
policy bazaar,Consumer Internet,Gurgaon,229.91,Private Equity,Info Edge (India) Ltd And Temasek,2018,July,Consumer Internet,Gurgaon,Haryana,India
zippserv,Consumer Internet,Bangalore,3.65,Other,Info Edge (India) Ltd,2018,July,Consumer Internet,Bangalore,Karnataka,India
groww,Consumer Internet,Bangalore,9.13,Other,"Insignia Ventures Partners, Lightbridge Partners, Kairos",2018,July,Consumer Internet,Bangalore,Karnataka,India
avenue growth,Consumer Internet,Gurgaon,3.63,Other,"Avtar Monga, Chief Operating Office At Idfc Bank, Aditya Malik, Others",2018,July,Consumer Internet,Gurgaon,Haryana,India
kinara capital,Fintech,Bangalore,41.5,Private Equity,Responsability,2018,July,FinTech,Bangalore,Karnataka,India
shop 101,Consumer Internet,Mumbai,41.5,Private Equity,"Stellaris Venture Partners, Vy Capital, Raghuunknownndan G, And Ramakant Sharma",2018,July,Consumer Internet,Mumbai,Maharashtra,India
sambandh,Consumer Internet,Rourkela,20.75,Private Equity,Base Of Pyramid Asia (Bopa) Pte Ltd,2018,July,Consumer Internet,Rourkela,Odisha,India
19th mile,It,Gurgaon,1.49,Other,"Rishi Vasudev, Excelsior Investments, Ritesh Vohra, Praveer Kumar, Prashant Gupta And Others",2018,July,Enterprise / SaaS,Gurgaon,Haryana,India
5th vital,Healthcare,Bangalore,4.15,Other,Brand Capital And Others,2018,July,HealthTech,Bangalore,Karnataka,India
mengage,Healthcare,Jaipur,1.45,Other,"Siddharth Agarwal, Mahavir Sharma, Amit Singal, 100 Counknownfounders Lab And Others.",2018,July,HealthTech,Jaipur,Rajasthan,India
ofbusiness,Fintech,Gurgaon,240.7,Private Equity,"Creation Investments, Falcon Edge, Matrix Partners India And Zodius Capital",2018,July,FinTech,Gurgaon,Haryana,India
cars24,Consumer Internet,Gurgaon,412.51,Private Equity,"Kingsway Fci Fund, Kck Global, Others",2018,July,Consumer Internet,Gurgaon,Haryana,India
the ken,Consumer Internet,Bangalore,12.45,Other,"Omidyar Network, Others",2018,July,Consumer Internet,Bangalore,Karnataka,India
book my show,Consumer Internet,Mumbai,830.0,Private Equity,"Tpg Growth, The Rise Fund, Others",2018,July,Consumer Internet,Mumbai,Maharashtra,India
housingman,Consumer Internet,Bangalore,12.45,Other,Unknown,2018,July,Consumer Internet,Bangalore,Karnataka,India
paysense,Consumer Internet,Mumbai,149.4,Private Equity,"Payu, Others",2018,July,Consumer Internet,Mumbai,Maharashtra,India
vtion,Technology,Gurgaon,2.32,Other,"Angellist, Rahul Khanunknown, Rajeev Arora And Ram Ramsundar.",2018,July,Enterprise / SaaS,Gurgaon,Haryana,India
log9 materials,Technology,Bangalore,3.62,Other,"Metaform Ventures, Hemant Luthra, Micro Venture Capital Firm Gems Partners And Others",2018,July,Enterprise / SaaS,Bangalore,Karnataka,India
kidovators,Edtech,Bangalore,1.49,Other,Gray Matters,2018,July,Enterprise / SaaS,Bangalore,Karnataka,India
digit,Consumer Internet,Pune,373.5,Private Equity,Fairfax,2018,July,Consumer Internet,Pune,Maharashtra,India
black soil,Fintech,Mumbai,141.1,Private Equity,"Allcargo Logistics, Navneet Education And Mahavir Agency",2018,July,FinTech,Mumbai,Maharashtra,India
trell,Consumer Internet,Bangalore,10.38,Other,"Beenext, Weh Ventures And Sprout Ventures",2018,July,Consumer Internet,Bangalore,Karnataka,India
iqlect,Technology,Bangalore,20.75,Other,Ventureast And Exfinity,2018,July,Enterprise / SaaS,Bangalore,Karnataka,India
entropik,It,Bangalore,9.13,Other,"Bharat Innovation, Idfcunknownparampara Capital, Arthavida Ventures, Jitendra Gupta, Others",2018,July,Enterprise / SaaS,Bangalore,Karnataka,India
thecapitalnet,Fintech,Hyderabad,4.15,Private Equity,Lindwall Family Investments Llc (Lfi),2018,July,FinTech,Hyderabad,Telangana,India
shuttl,Consumer Internet,Gurgaon,91.3,Private Equity,"Amazon Alexa Fund, Dentsu Ventures",2018,July,Consumer Internet,Gurgaon,Haryana,India
cure fit,Consumer Internet,Bangalore,996.0,Private Equity,"Idg Ventures, Accel, Kalaari Capital And Others",2018,July,Consumer Internet,Bangalore,Karnataka,India
five star,Fintech,Chennai,830.0,Private Equity,"Tpg, Norwest Venture Partners, Sequoia Capital, Matrix Partners",2018,July,FinTech,Chennai,Tamil Nadu,India
healthsignz,Healthcare,Hyderabad,41.5,Other,Kantilal Patel,2018,July,HealthTech,Hyderabad,Telangana,India
cointribe,Fintech,Gurgaon,83.0,Private Equity,"Sabre Partners, Puneet Dalmia, Others",2018,June,FinTech,Gurgaon,Haryana,India
digiconectt,Technology,Bangalore,1.04,Other,Aspire Logistics Llc,2018,June,Enterprise / SaaS,Bangalore,Karnataka,India
annapurna finance,Fintech,Bhubneswar,190.9,Private Equity,Oman India Joint Investment Fund (Oijif),2018,June,FinTech,Bhubaneswar,Odisha,India
meesho,Consumer Internet,Bangalore,95.45,Private Equity,"Sequoia Capital, Saif Partners, Y Combiunknowntor And Venture Highway",2018,June,Consumer Internet,Bangalore,Karnataka,India
ayefinance,Fintech,Gurgaon,178.45,Private Equity,"Capitalg, Saif Partners And Lgt Impact Ventures",2018,June,FinTech,Gurgaon,Haryana,India
alpha capital,Fintech,Mumbai,122.84,Private Equity,Alpha Capital,2018,June,FinTech,Mumbai,Maharashtra,India
eshakti,Ecommerce,Chennai,83.83,Private Equity,Paragon Partners,2018,June,Ecommerce / Retail,Chennai,Tamil Nadu,India
daily ninja,Consumer Internet,Bangalore,24.9,Other,Saama Capital And Sequoia Capital,2018,June,Consumer Internet,Bangalore,Karnataka,India
nirogstreet,Healthcare,Gurgaon,2.49,Other,"Spiral Ventures, Subho Ray And Samir Kumar",2018,June,HealthTech,Gurgaon,Haryana,India
nivesh,Fintech,Noida,3.73,Other,"Letsventure, Rajan Aunknownndan, Basab Pradhan, Vivek Khare And Bijoy George",2018,June,FinTech,Noida,Uttar Pradesh,India
homelane,Consumer Internet,Bangalore,28.64,Other,Brand Capital,2018,June,Consumer Internet,Bangalore,Karnataka,India
network intelligence,Technology,Mumbai,39.84,Private Equity,Helix Investments,2018,June,Enterprise / SaaS,Mumbai,Maharashtra,India
tynor othontics,Healthcare,Chandigarh,174.3,Private Equity,"Lighthouse Funds, Thuasne Participations",2018,June,HealthTech,Chandigarh,Chandigarh,India
elucidata,It,Delhi Cambridge,14.11,Other,Hyperplane Venture Capital And Several Angel Investors,2018,June,Enterprise / SaaS,,,
rentsher,Consumer Internet,Bangalore,9.13,Other,"Shorooq Investments, Letsventure, Others",2018,June,Consumer Internet,Bangalore,Karnataka,India
drip capital,Fintech,Mumbai,124.5,Private Equity,"Accel, Sequoia India, Y Combiunknowntor And Others.",2018,June,FinTech,Mumbai,Maharashtra,India
wickedride,Consumer Internet,Bangalore,75.53,Private Equity,"Sequoia Capital, Accel, Raghuunknownndan Gangappa",2018,June,Consumer Internet,Bangalore,Karnataka,India
policy bazaar,Consumer Internet,Gurgaon,1660.0,Private Equity,"SoftBank, Info Edge (India) Ltd",2018,June,Consumer Internet,Gurgaon,Haryana,India
hipbar,Consumer Internet,Bangalore,33.2,Private Equity,Diageo India,2018,June,Consumer Internet,Bangalore,Karnataka,India
sqqrl,Fintech,Gurgaon,8.3,Other,Equanimity Venture Fund,2018,June,FinTech,Gurgaon,Haryana,India
paytm,Technology,Noida,74.28,Private Equity,One 97 Communications,2018,June,Enterprise / SaaS,Noida,Uttar Pradesh,India
sigtuple,Healthcare,Bangalore,157.7,Private Equity,"Accel, Idg Venture, Endiya Partners, Pi Ventures, Vh Capital, Axilor Ventures And Binny Bansal",2018,June,HealthTech,Bangalore,Karnataka,India
wow express,Technology,Mumbai,37.35,Private Equity,Unknown Existing Investors As Well As The Tamarind Family Trust,2018,June,Enterprise / SaaS,Mumbai,Maharashtra,India
front desk ai,Technology,Bangalore,9.13,Other,"Speciale Invest, Others",2018,June,Enterprise / SaaS,Bangalore,Karnataka,India
edureka,Edtech,Bangalore,16.6,Other,Leo Capital,2018,June,Enterprise / SaaS,Bangalore,Karnataka,India
opentap,Fintech,Chennai,3.73,Other,Unknown High Netunknownworth Individuals,2018,May,FinTech,Chennai,Tamil Nadu,India
bizongo,Consumer Internet,Mumbai,182.6,Private Equity,"B Capital, Interunknowntiounknownl Fiunknownnce Corporation (Ifc), Accel Partners And Idg Ventures",2018,May,Consumer Internet,Mumbai,Maharashtra,India
disprz,It,Chennai,20.75,Other,"Il, Fs Private Equity, Kae Capital, Others",2018,May,Enterprise / SaaS,Chennai,Tamil Nadu,India
paisadukan,Consumer Internet,Mumbai,1.87,Other,Unknown,2018,May,Consumer Internet,Mumbai,Maharashtra,India
i3sysytems,Technology,Mumbai,8.3,Other,"Unitus Ventures, Behram Vakil And Jerxis Vandrevala",2018,May,Enterprise / SaaS,Mumbai,Maharashtra,India
earth food,Consumer Internet,Pune,7.88,Other,Rairah Corporation,2018,May,Consumer Internet,Pune,Maharashtra,India
nykaa,Consumer Internet,Mumbai,199.2,Private Equity,"Sunil Munjal, Harsh Mariwala, Dalip Pathak And Others",2018,May,Consumer Internet,Mumbai,Maharashtra,India
mfine,Healthcare,Bangalore,34.86,Private Equity,"Prime Venture Partners, Stellaris Venture Partners And Mayur Abhaya Srisrimal",2018,May,HealthTech,Bangalore,Karnataka,India
rocketium,Technology,Bangalore,2.49,Other,Blume Ventures,2018,May,Enterprise / SaaS,Bangalore,Karnataka,India
milkbasket,Technology,Gurgaon,58.1,Private Equity,"Kalaari Capital, Unilever Ventures And Blume Ventures",2018,May,Enterprise / SaaS,Gurgaon,Haryana,India
vola,Fintech,Bangalore,4.15,Other,Credika And Ununknownmed Angel Investors,2018,May,FinTech,Bangalore,Karnataka,India
cashkumar,Consumer Internet,Bangalore,6.1,Other,Letsventure,2018,May,Consumer Internet,Bangalore,Karnataka,India
edyoo,Ecommerce,Bangalore,6.1,Other,Rs Shanbag,2018,May,Ecommerce / Retail,Bangalore,Karnataka,India
aashiyaan,Fintech,Kolkata,16.6,Other,"Insistor, Oikocredit",2018,May,FinTech,Kolkata,West Bengal,India
smartivity,Edtech,Delhi,16.6,Other,"Ashish Kacholi, S Chand Group",2018,May,Enterprise / SaaS,Delhi,Delhi,India
bonphulapl,Cleantech,Delhi,2.43,Other,Atul Gupta And Saurabh Rastogi,2018,May,Enterprise / SaaS,Delhi,Delhi,India
acko,Consumer Internet,Mumbai,99.6,Other,"Amazon, Ashish Dhawan, Catamaran Ventures, Nr Narayaunknown Murthy.",2018,May,Consumer Internet,Mumbai,Maharashtra,India
hwell24,Healthcare,Mumbai,1.66,Other,"Prashant Mehta, Mitali Pawar, Nikhil G And Bhavesh P, R Rangaunknownthan, Oncotrust And Medintel Services Pvt. Ltd",2018,May,HealthTech,Mumbai,Maharashtra,India
toffee,Consumer Internet,Gurgaon,12.45,Other,"Kalaari Capital, Omidyar Network And Accion Venture Labs",2018,May,Consumer Internet,Gurgaon,Haryana,India
tonetag,Technology,Bangalore,66.4,Private Equity,Amazon Inc. And Mastercard,2018,May,Enterprise / SaaS,Bangalore,Karnataka,India
stellaps,Technology,Bangalore,116.2,Private Equity,"Indusage Partners, Bill, Melinda Gates Foundation, Qualcomm Venture, Abb Technology Ventures, Omnivore, Blume Ventures, Venture Highway And Beenext",2018,May,Enterprise / SaaS,Bangalore,Karnataka,India
credright,Consumer Internet,Hyderabad,10.79,Other,"Accion Venture Lab, Yournest Venture Capital And Other Angel Investors",2018,May,Consumer Internet,Hyderabad,Telangana,India
fitternity,Consumer Internet,Mumbai,16.6,Private Equity,"Exfinity Venture, Saha Fund Partners, Arihant Patni Of Patni Family Office, Anjali Bansal, Shardul Amarchand Mangaldas, Satish Khanunknown And Taparia Family Office.",2018,April,Consumer Internet,Mumbai,Maharashtra,India
synctag,Technology,Coimbatore,2.55,Other,Subhkam Ventures And Mohit Khadaria,2018,April,Enterprise / SaaS,Coimbatore,Tamil Nadu,India
finzy,Consumer Internet,Bangalore,10.79,Other,Unknown,2018,April,Consumer Internet,Bangalore,Karnataka,India
varthana,Fintech,Bangalore,456.5,Private Equity,"Chryscapital, Existing Investors, Elevar Equity, Lgt Impact, Omidyar Network And Kaizen Private Equity Also Participated In The Round",2018,April,FinTech,Bangalore,Karnataka,India
indigolearn,Edtech,Hyderabad,1.25,Other,"Maheshwar Peri, Founder And Chairman Of Career Information Portal Careers360, And Jamshed Jeejeebhoy, Director At Byramjee Jeejeebhoy Pvt. Ltd Were Among The Angels",2018,April,Enterprise / SaaS,Hyderabad,Telangana,India
vedantu,Edtech,Bangalore,83.0,Private Equity,"Accel, Tiger Global And Others",2018,April,Enterprise / SaaS,Bangalore,Karnataka,India
kaleidofin,Fiinance,Chennai,23.24,Other,Omidyar Network. Blume Ventures And Professor Shlomo Benunknownhaim,2018,April,Others,Chennai,Tamil Nadu,India
pipabella,Consumer Internet,Mumbai,8.3,Other,Fireside Ventures,2018,April,Consumer Internet,Mumbai,Maharashtra,India
kriger campus,Edtech,Delhi,0.38,Other,Unknown,2018,April,Enterprise / SaaS,Delhi,Delhi,India
traveltriangle,Consumer Internet,Gurgaon,99.6,Private Equity,"Fundamentum, Saif Partners, Bessemer Venture Partners, Rb Investments, Others",2018,April,Consumer Internet,Gurgaon,Haryana,India
letsmd,Healthcare,Delhi,8.3,Other,"Sri Capital, Waterbridge Ventures And Thinkuvate",2018,April,HealthTech,Delhi,Delhi,India
ayefinance,Fintech,Gurgaon,38.18,Debt,"Blueorchard Fiunknownnce Ltd, Hinduja Leyland Fiunknownnce And Intellegrow",2018,April,FinTech,Gurgaon,Haryana,India
mintifi,Fintech,Mumbai,16.6,Other,Lok Capital,2018,April,FinTech,Mumbai,Maharashtra,India
icanstay,Consumer Internet,Delhi,4.15,Other,Mr. Manoj Prasad,2018,April,Consumer Internet,Delhi,Delhi,India
coverfox,Consumer Internet,Mumbai,182.6,Private Equity,"Interunknowntiounknownl Fiunknownnce Corporation, Transamerica And Others.",2018,April,Consumer Internet,Mumbai,Maharashtra,India
fyle,Technology,Bangalore,9.13,Other,Pravega Ventures And Beenext,2018,April,Enterprise / SaaS,Bangalore,Karnataka,India
true balance,Technology,Gurgaon,190.9,Private Equity,"Line Ventures Corporation, Line Corp, Naver, Shinhan Bank And Ts Investment",2018,April,Enterprise / SaaS,Gurgaon,Haryana,India
doxper,Healthcare,Mumbai,15.77,Other,Vidal Healthcare,2018,April,HealthTech,Mumbai,Maharashtra,India
nykaa,Consumer Internet,Mumbai,91.3,Private Equity,"Sunil Munjal, Harsh Mariwala, Dalip Pathak And Others",2018,April,Consumer Internet,Mumbai,Maharashtra,India
mihuru,Fintech,Mumbai,1.25,Other,Unknown,2018,April,FinTech,Mumbai,Maharashtra,India
capital float,Fintech,Bangalore,182.6,Private Equity,Amazon,2018,April,FinTech,Bangalore,Karnataka,India
trip shelf,Consumer Internet,Delhi,2.04,Other,"Gems Advisory, Alok Mittal And Sachin Bhatia",2018,April,Consumer Internet,Delhi,Delhi,India
popxo,Technology,Delhi,45.65,Private Equity,"Neoplux, Oppo, Idg Ventures India, Kalaari Capital, Gree Ventures And Summit Media",2018,April,Enterprise / SaaS,Delhi,Delhi,India
1mg,Consumer Internet,Gurgaon,83.0,Private Equity,"Sequoia Capital, Maverick Capital Ltd And Hbm Healthcare Investments Ltd",2018,April,Consumer Internet,Gurgaon,Haryana,India
samco,Consumer Internet,Mumbai,62.25,Private Equity,Bay Capital Investments And Others,2018,April,Consumer Internet,Mumbai,Maharashtra,India
myloancare,Fintech,Gurgaon,8.12,Other,Sar Group,2018,April,FinTech,Gurgaon,Haryana,India
buddy4studdy,Consumer Internet,Noida,24.9,Private Equity,Cba Capital And Others,2018,March,Consumer Internet,Noida,Uttar Pradesh,India
urban ladder,Ecommerce,Bangalore,99.6,Private Equity,"Sequoia Capital, Saif Partners And Kalaari Capital",2018,March,Ecommerce / Retail,Bangalore,Karnataka,India
kuvera,Consumer Internet,Bangalore,2.08,Other,"Baskar Subramanian, Saket Kumar, Gaurav Suri And Ankit Kesarwani",2018,March,Consumer Internet,Bangalore,Karnataka,India
gramophone,Technology,Indore,8.3,Other,Infoedge,2018,March,Enterprise / SaaS,Indore,Madhya Pradesh,India
wellthy,Healthcare,Mumbai,17.43,Private Equity,"Ranjan Pai, Apoorva Patni, Beenext Ventures, Growx Ventures",2018,March,HealthTech,Mumbai,Maharashtra,India
medgenome,Healthcare,Bangalore,83.0,Private Equity,"Hdfc Life, Hdfc Asset Maunknowngement",2018,March,HealthTech,Bangalore,Karnataka,India
finova capital,Consumer Internet,Jaipur,49.8,Private Equity,Sequoia Capital,2018,March,Consumer Internet,Jaipur,Rajasthan,India
hotelogix,Technology,Noida,41.5,Private Equity,"Vertex Ventures, Accel Partners And Saama Capital",2018,March,Enterprise / SaaS,Noida,Uttar Pradesh,India
livehealth,Consumer Internet,Pune,9.13,Other,Nexus Venture Partners,2018,March,Consumer Internet,Pune,Maharashtra,India
ad2pro,Technology,Chennai,80.51,Debt,Avendus Fiunknownnce Pvt. Ltd,2018,March,Enterprise / SaaS,Chennai,Tamil Nadu,India
coverfox,Consumer Internet,Mumbai,63.08,Private Equity,Aegon Nv,2018,March,Consumer Internet,Mumbai,Maharashtra,India
pepperfry,Consumer Internet,Mumbai,318.72,Private Equity,State Street Global Advisors,2018,March,Consumer Internet,Mumbai,Maharashtra,India
magicpin,Consumer Internet,Gurgaon,8.3,Debt,Trifecta Capital,2018,March,Consumer Internet,Gurgaon,Haryana,India
healthcare,Consumer Internet,Mumbai,8.3,Other,Hr Fund,2018,March,Consumer Internet,Mumbai,Maharashtra,India
pinelabs,Technology,Mumbai,680.6,Private Equity,"Actis, Altimeter Capital",2018,March,Enterprise / SaaS,Mumbai,Maharashtra,India
availfinance,Consumer Internet,Bangalore,142.76,Private Equity,"Matrix Partners, Bhavish Aggarwal, Ankit Bhati, Binny Bansal, Kuunknownl Shah And Manish Patel.",2018,March,Consumer Internet,Bangalore,Karnataka,India
grofers,Consumer Internet,Gurgaon,514.6,Private Equity,"SoftBank, Tiger Global And Apoletto Maunknowngers.",2018,March,Consumer Internet,Gurgaon,Haryana,India
fingerlix,Consumer Internet,Mumbai,10.87,Debt,Alteria Capital,2018,March,Consumer Internet,Mumbai,Maharashtra,India
karma healthcare,Healthcare,Udaipur,4.15,Other,"1Crowd, Ankur Capital",2018,March,HealthTech,Udaipur,Rajasthan,India
zappfresh,Food,Gurgaon,24.9,Other,"Amit Burman, Sidbi Venture Capital",2018,March,FoodTech,Gurgaon,Haryana,India
customersucessbox,Technology,Gurgaon,8.3,Other,"Pi Ventures, Axilor Ventures",2018,March,Enterprise / SaaS,Gurgaon,Haryana,India
chargebee,Technology,Chennai,149.4,Private Equity,"Insight Venture Partners, Accel Partners And Tiger Global Maunknowngement.",2018,March,Enterprise / SaaS,Chennai,Tamil Nadu,India
i2i funding,Consumer Internet,Noida,6.37,Other,Sucseed Venture Partners,2018,March,Consumer Internet,Noida,Uttar Pradesh,India
slang labs,Technology,Bangalore,10.29,Other,Endiya Partners,2018,March,Enterprise / SaaS,Bangalore,Karnataka,India
cash suvidha,Consumer Internet,Delhi,8.3,Other,"Initia Holdings, Vipin Agarwal And Others.",2018,March,Consumer Internet,Delhi,Delhi,India
roadcast,Technology,Delhi,2.08,Private Equity,Unknown,2018,March,Enterprise / SaaS,Delhi,Delhi,India
smartcoin,Fintech,Bangalore,16.6,Other,"Accion Venture Lab, Unicorn India Ventures And Isme Ace.",2018,March,FinTech,Bangalore,Karnataka,India
the print,Media,Delhi,4.44,Other,Ratan Tata,2018,March,HealthTech,Delhi,Delhi,India
driveu,Technology,Bangalore,24.9,Private Equity,Amit Singhal And Unitus Seed Fund,2018,March,Enterprise / SaaS,Bangalore,Karnataka,India
bigbasket,Consumer Internet,Bangalore,2490.0,Private Equity,"Alibaba, Helion Venture Partners, Bessemer Venture Partners, Ascent Capital",2018,February,Consumer Internet,Bangalore,Karnataka,India
zomato,Food,Gurgaon,1660.0,Private Equity,Ant Fiunknownncials,2018,February,FoodTech,Gurgaon,Haryana,India
pratilipi,Publishing,Bangalore,35.69,Private Equity,Omidyar Network,2018,February,Others,Bangalore,Karnataka,India
asia institute of medical science,Healthcare,Faridabad,174.3,Private Equity,Cdc Group Plc,2018,February,HealthTech,Delhi,Haryana,India
collegedekho,Consumer Internet,Gurgaon,16.6,Private Equity,"Man Capital Llp, Girunknownr Software, Others",2018,February,Consumer Internet,Gurgaon,Haryana,India
healthi,Healthcare,Bangalore,25.73,Private Equity,Montane Ventures,2018,February,HealthTech,Bangalore,Karnataka,India
swiggy,Food,Bangalore,830.0,Private Equity,Naspers,2018,February,FoodTech,Bangalore,Karnataka,India
shape,Healthcare,Pune,830.0,Other,Sandeep Mathur,2018,February,HealthTech,Pune,Maharashtra,India
icertis,Consumer Internet,Pune,415.0,Private Equity,Meritech Capital Partners,2018,February,Consumer Internet,Pune,Maharashtra,India
healthifyme,Healthcare,Bangalore,99.6,Private Equity,Sistema Asia Fund,2018,February,HealthTech,Bangalore,Karnataka,India
rupeek,Consumer Internet,Bangalore,56.69,Private Equity,"Accel, Sequoia Capital",2018,February,Consumer Internet,Bangalore,Karnataka,India
lendingkart,Fintech,Bangalore,722.1,Private Equity,"Fullerton Fiunknownncial Holdings Pte Ltd, Others",2018,February,FinTech,Bangalore,Karnataka,India
cashify,Ecommerce,Gurgaon,7.76,Debt,Trifecta Capital,2018,February,Ecommerce / Retail,Gurgaon,Haryana,India
holachef,Food,Mumbai,2.58,Other,Ashok Kumar Gajera,2018,February,FoodTech,Mumbai,Maharashtra,India
imax program,Edtech,Bangalore,112.05,Private Equity,"Michael, Susan Dell Foundation, Lgt Impact Ventures",2018,February,Enterprise / SaaS,Bangalore,Karnataka,India
littlemore,Edtech,Chennai,24.9,Private Equity,Kalpavriksh,2018,February,Enterprise / SaaS,Chennai,Tamil Nadu,India
toppr,Edtech,Mumbai,0.83,Private Equity,Axis Capital Partners,2018,February,Enterprise / SaaS,Mumbai,Maharashtra,India
shirsa labs,Edtech,Mumbai,4.15,Private Equity,"Dewang Neralla, Mahesh Kothurkar, Atul Agarwal",2018,February,Enterprise / SaaS,Mumbai,Maharashtra,India
moneyonmobile,Technology,Mumbai,41.5,Private Equity,S7 Group,2018,February,Enterprise / SaaS,Mumbai,Maharashtra,India
petsutra,Consumer Internet,Gurgaon,1.23,Other,Michael Patrick Hickey,2018,February,Consumer Internet,Gurgaon,Haryana,India
infibeam,Ecommerce,Ahemadabad,51.71,Private Equity,Network 18,2018,February,Ecommerce / Retail,Ahmedabad,Gujarat,India
happay,Fintech,Bangalore,2.08,Other,Sequoia And Jerry Yang,2018,February,FinTech,Bangalore,Karnataka,India
fincash,Fintech,Mumbai,1.25,Other,"Mohammed Khan, Sameer Narayan, Others",2018,February,FinTech,Mumbai,Maharashtra,India
ayefinance,Fintech,Gurgaon,31.54,Private Equity,"Hinduja Leyland Fiunknownnce, Intellegrow",2018,February,FinTech,Gurgaon,Haryana,India
agricxlab,Agritech,Mumbai,4.15,Other,Ankur Capital,2018,February,AgriTech,Mumbai,Maharashtra,India
udaan,Ecommerce,Bangalore,415.0,Private Equity,"Lightspeed, Yuri Milner",2018,February,Ecommerce / Retail,Bangalore,Karnataka,India
capillary,It,Bangalore,166.0,Private Equity,"Wargburg Pincus, Sequoia Capital",2018,February,Enterprise / SaaS,Bangalore,Karnataka,India
the healthy billions,Healthcare,Gurgaon,17.43,Private Equity,"Blume Ventures, Healthquad And Fireside Ventures",2018,February,HealthTech,Gurgaon,Haryana,India
avishkaar box,Edtech,Delhi,6.41,Private Equity,Auxano Deals,2018,February,Enterprise / SaaS,Delhi,Delhi,India
planys,Technology,Chennai,8.63,Private Equity,"Kris Gopalakrishunknownn, Pratithi Investment Trust, Memg Family Office, S Gopal",2018,February,Enterprise / SaaS,Chennai,Tamil Nadu,India
trilyo,Technology,Mumbai,2.08,Other,"Startup Buddy, Amit Manocha And Others",2018,February,Enterprise / SaaS,Mumbai,Maharashtra,India
gaana,Technology,Gurgaon,954.5,Private Equity,"Tencent Holdings Ltd, Times Internet",2018,February,Enterprise / SaaS,Gurgaon,Haryana,India
credy,It,Bangalore,11.62,Other,"Y Combiunknowntor, Khosla Ventures, Vy Capital And Others",2018,February,Enterprise / SaaS,Bangalore,Karnataka,India
earlysalary,Fintech,Pune,130.31,Other,Eight Roads Ventures India,2018,January,FinTech,Pune,Maharashtra,India
lendingkart,Fintech,Ahmedabad,39.01,Debt,Nederlandse Fiunknownncieringsunknownmaatschappij Voor Ontwikkelingslanden N.V.,2018,January,FinTech,Ahmedabad,Gujarat,India
kinsane entertainment,Entertainment,Mumbai,20.75,Other,Unknown,2018,January,Artificial Intelligence,Mumbai,Maharashtra,India
tapzo,Technology,Bangalore,16.02,Private Equity,"Runet, Other",2018,January,Enterprise / SaaS,Bangalore,Karnataka,India
appario retail,Ecommerce,Delhi,156.37,Private Equity,Amazonunknownpatni Jv,2018,January,Ecommerce / Retail,Delhi,Delhi,India
samunnati,Fintech,Chennai,195.05,Private Equity,"Responsability, Elevar Equity And Accel Partners",2018,January,FinTech,Chennai,Tamil Nadu,India
sahajanand medical,Technology,Surat,300.71,Private Equity,Morgan Stanley Private Equity Asia,2018,January,Enterprise / SaaS,Surat,Gujarat,India
kuants,Technology,Gurgaon,0.66,Other,"Pankaj Chopra, Ankush Gupta",2018,January,Enterprise / SaaS,Gurgaon,Haryana,India
razorpay,Technology,Bangalore,166.0,Private Equity,"Tiger Global, Y Combiunknowntor",2018,January,Enterprise / SaaS,Bangalore,Karnataka,India
streak,Technology,Bangalore,2.94,Other,"Indian Fintech Fund, Rainmatter",2018,January,Enterprise / SaaS,Bangalore,Karnataka,India
pi ventures,Fintech,Bangalore,207.5,Private Equity,"Sunil Kant Munjal, Hero Electronix\\Xe2\\X80\\X99S Corporate Fiunknownncing Arm, Electronic Development Fund",2018,January,FinTech,Bangalore,Karnataka,India
newgen software,Technology,Delhi,166.0,Private Equity,"Goldman Sachs, Hedge Fund, Others",2018,January,Enterprise / SaaS,Delhi,Delhi,India
rubix,Technology,Pune,8.3,Private Equity,Polaris Fund,2018,January,Enterprise / SaaS,Pune,Maharashtra,India
sharechat,Technology,Bangalore,151.06,Private Equity,"Xiaomi Singapore, Shunwei Capital",2018,January,Enterprise / SaaS,Bangalore,Karnataka,India
paperflite,Technology,Chennai,3.32,Other,The Chenunknowni Angels,2018,January,Enterprise / SaaS,Chennai,Tamil Nadu,India
hungerbox,Consumer Internet,Bangalore,20.75,Private Equity,Lionrock Capital,2018,January,Consumer Internet,Bangalore,Karnataka,India
optacredit,Fintech,Chennai,33.2,Private Equity,Dmi Fiunknownnce,2018,January,FinTech,Chennai,Tamil Nadu,India
aeon learning,Technology,Bangalore,26.56,Private Equity,Dr. Ranjan Pai,2018,January,Enterprise / SaaS,Bangalore,Karnataka,India
milkbasket,Ecommerce,Gurgaon,24.9,Private Equity,Unilever Ventures,2018,January,Ecommerce / Retail,Gurgaon,Haryana,India
neogrowth credit,Fintech,Mumbai,390.1,Private Equity,"Leapfrog Investments, Aspada Investment, Quounknown Capital",2018,January,FinTech,Mumbai,Maharashtra,India
rao iit academy,Edtech,Mumbai,71.38,Debt,Avendus Fiunknownnce,2018,January,Enterprise / SaaS,Mumbai,Maharashtra,India
aye finance,Fintech,Gurgaon,51.79,Other,Ifmr Capital,2018,January,FinTech,Gurgaon,Haryana,India
greyatom,Technology,Mumbai,8.3,Private Equity,Pravega Ventures,2018,January,Enterprise / SaaS,Mumbai,Maharashtra,India
axio,Healthcare,Bangalore,61.42,Private Equity,Rnt Capital,2018,January,HealthTech,Bangalore,Karnataka,India
ekincare,Healthcare,Hyderabad,12.45,Private Equity,"Ventureast, Endiya Partners, Eight Roads Ventures, Touchstone Equities, Bvr Mohan Reddy",2018,January,HealthTech,Hyderabad,Telangana,India
the wedding brigade,Consumer Internet,Mumbai,8.3,Private Equity,Blume Ventures,2018,January,Consumer Internet,Mumbai,Maharashtra,India
peesafe,Healthcare,Gurgaon,8.3,Private Equity,"Shivani Singh, Rahul Maroli, Mitesh Shah, Venture Catalysts, Alfa Capital, Green Shots Capital, Real Time Ventures.",2018,January,HealthTech,Gurgaon,Haryana,India
browserstack,Technology,Mumbai,415.0,Private Equity,Accel,2018,January,Enterprise / SaaS,Mumbai,Maharashtra,India
scapic,Technology,Bangalore,4.15,Other,"Axilor Ventures, Newfort Capital",2018,January,Enterprise / SaaS,Bangalore,Karnataka,India
moneyonmobile,Technology,Mumbai,63.08,Private Equity,Unknown Investors,2018,January,Enterprise / SaaS,Mumbai,Maharashtra,India
cure fit,Healthcare,Bangalore,83.0,Debt,"Hdfc Bank, Axis Bank",2018,January,HealthTech,Bangalore,Karnataka,India
inurture,Technology,Bangalore,36.52,Private Equity,Ventureast,2018,January,Enterprise / SaaS,Bangalore,Karnataka,India
dunzo,Technology,Bangalore,102.09,Private Equity,Google,2017,December,Enterprise / SaaS,Bangalore,Karnataka,India
tata housing,Real Estate,Mumbai,190.9,Private Equity,Hines,2017,December,Real Estate / PropTech,Mumbai,Maharashtra,India
handytrain,Technology,Goa,8.3,Private Equity,Nb Ventures,2017,December,Enterprise / SaaS,Panaji,Goa,India
mobycy,Technology,Gurgaon,4.15,Other,Unknown Investors,2017,December,Enterprise / SaaS,Gurgaon,Haryana,India
greenlight planet,Technology,Mumbai,498.0,Private Equity,"Apis Partner, Eight Roads Ventures, Bamboo Capital Partners",2017,December,Enterprise / SaaS,Mumbai,Maharashtra,India
fintobox,Technology,Chennai,58.1,Private Equity,Lightbox,2017,December,Enterprise / SaaS,Chennai,Tamil Nadu,India
mswipe,Technology,Mumbai,83.0,Private Equity,Eduardo Saverin,2017,December,Enterprise / SaaS,Mumbai,Maharashtra,India
the label life,Ecommerce,Mumbai,25.73,Private Equity,Kalpvriksh,2017,December,Ecommerce / Retail,Mumbai,Maharashtra,India
cygnus hospitals,Healthcare,Gurgaon,6.22,Other,Somerset Indus Capital Ventures,2017,December,HealthTech,Gurgaon,Haryana,India
eshakti,Ecommerce,Chennai,19.09,Debt,Idg Ventures,2017,December,Ecommerce / Retail,Chennai,Tamil Nadu,India
inshorts,Technology,Noida,41.5,Private Equity,Tiger Global,2017,December,Enterprise / SaaS,Noida,Uttar Pradesh,India
vahdam tea,Ecommerce,Delhi,12.45,Private Equity,"Singapore Angel Network, Mumbai Angel",2017,December,Ecommerce / Retail,Delhi,Delhi,India
logic roots,Technology,Mumbai,0.41,Other,Village Capital,2017,December,Enterprise / SaaS,Mumbai,Maharashtra,India
project mudra,Technology,Bangalore,0.41,Other,Village Capital,2017,December,Enterprise / SaaS,Bangalore,Karnataka,India
furlenco,Technology,Bangalore,9.96,Debt,Aamir Khan,2017,December,Enterprise / SaaS,Bangalore,Karnataka,India
i can stay,Technology,Delhi,14.94,Private Equity,Ht Media,2017,December,Enterprise / SaaS,Delhi,Delhi,India
simility,Technology,Hyderabad,145.25,Private Equity,Accel,2017,December,Enterprise / SaaS,Hyderabad,Telangana,India
shopholix,Ecommerce,Gurgaon,1.93,Other,Munesh Khanunknown,2017,December,Ecommerce / Retail,Gurgaon,Haryana,India
mindtickle,Technology,Pune,224.1,Private Equity,Caunknownan Partners,2017,December,Enterprise / SaaS,Pune,Maharashtra,India
nazara,Technology,Mumbai,224.1,Private Equity,Rakesh Jhunjhunwala,2017,December,Enterprise / SaaS,Mumbai,Maharashtra,India
docsapp,Technology,Bangalore,59.76,Private Equity,Bessemer Venture Partners,2017,December,Enterprise / SaaS,Bangalore,Karnataka,India
tea box,Ecommerce,Bangalore,58.1,Private Equity,Rb Investments,2017,December,Ecommerce / Retail,Bangalore,Karnataka,India
transversal,Technology,Bangalore,49.8,Private Equity,Matrix Partners,2017,December,Enterprise / SaaS,Bangalore,Karnataka,India
curofy,Technology,Gurgaon,2.08,Other,Roundglass Partners Llc,2017,December,Enterprise / SaaS,Gurgaon,Haryana,India
homelane,Ecommerce,Bangalore,83.0,Private Equity,"Accel, Sequoia Capital, Rb Investments",2017,December,Ecommerce / Retail,Bangalore,Karnataka,India
purplle,Ecommerce,Mumbai,4.46,Other,"Mountain Pain Capital, Suncoast Investments",2017,December,Ecommerce / Retail,Mumbai,Maharashtra,India
cash suvidha,Ecommerce,Delhi,22.41,Debt,Unknown,2017,December,Ecommerce / Retail,Delhi,Delhi,India
springboard,Technology,Bangalore,78.85,Private Equity,"Costanoa, Learn Capital, Jyoti Bansal",2017,December,Enterprise / SaaS,Bangalore,Karnataka,India
9stacks,Technology,Delhi,12.45,Private Equity,"Swati Gupta, Purnima Khandelwal, Maheshwar Peri, Sanjay Singh",2017,December,Enterprise / SaaS,Delhi,Delhi,India
your quote,Technology,Bangalore,8.3,Private Equity,"Axilor Ventures, Eunknowncity Ventures Atul Goel",2017,December,Enterprise / SaaS,Bangalore,Karnataka,India
spandana sphoorty,Fintech,Hyderabad,161.85,Private Equity,"""Kedaraa Capital, Ontario Teachers\\'""",2017,December,FinTech,Hyderabad,Telangana,India
indus os,Technology,Mumbai,33.2,Private Equity,Omidyar Network,2017,December,Enterprise / SaaS,Mumbai,Maharashtra,India
easyecom,Ecommerce,Bangalore,1.25,Other,"Ambarish Gupta, Aneesh Reddy, Bold Ventures, Vounknown Investments",2017,December,Ecommerce / Retail,Bangalore,Karnataka,India
specsmakers,Ecommerce,Chennai,83.0,Private Equity,Eight Roads Ventures India,2017,December,Ecommerce / Retail,Chennai,Tamil Nadu,India
foyrcom,Technology,Hyderabad,31.54,Private Equity,Jones Lang Lasalle,2017,December,Enterprise / SaaS,Hyderabad,Telangana,India
prest loans,Fintech,Delhi,4.73,Seed,"Manish Poddar, Arun Garg, Parmeshwar Sharma",2017,November,FinTech,Delhi,Delhi,India
vagupu,Technology,Bangalore,8.3,Seed,Unknown Investors,2017,November,Enterprise / SaaS,Bangalore,Karnataka,India
kalpnik,Technology,Bangalore,4.15,Seed,Venture Catalysts,2017,November,Enterprise / SaaS,Bangalore,Karnataka,India
hevo data,Technology,Bangalore,8.3,Private Equity,Idg Ventures India,2017,November,Enterprise / SaaS,Bangalore,Karnataka,India
doctalk,Technology,Mumbai,41.5,Private Equity,"Matrix Partners, Khosla Ventures",2017,November,Enterprise / SaaS,Mumbai,Maharashtra,India
coveiot,Technology,Bangalore,41.5,Private Equity,"Titan Co Ltd, Tata Group\\Xe2\\X80\\X99S Watch And Jewellery Retailing Firm",2017,November,Enterprise / SaaS,Bangalore,Karnataka,India
talentedge,Technology,Bangalore,63.08,Private Equity,Lumis Partners,2017,November,Enterprise / SaaS,Bangalore,Karnataka,India
fisdom,Fintech,Bangalore,24.9,Private Equity,Quounknown Capital Maunknowngement,2017,November,FinTech,Bangalore,Karnataka,India
farmlink,Ecommerce,Mumbai,24.9,Private Equity,"Pioneering Ventures, Syngenta Ag",2017,November,Ecommerce / Retail,Mumbai,Maharashtra,India
openapp,Technology,Bangalore,29.88,Private Equity,"Axilor Ventures, Kumar Vembu",2017,November,Enterprise / SaaS,Bangalore,Karnataka,India
nopaperforms,Technology,Delhi,7.24,Seed,Info Edge,2017,November,Enterprise / SaaS,Delhi,Delhi,India
qubole,Technology,Bangalore,207.5,Private Equity,"Singtel, Innov8, Harmony Partners",2017,November,Enterprise / SaaS,Bangalore,Karnataka,India
universal sportsbiz,Ecommerce,Mumbai,124.5,Private Equity,Accel,2017,November,Ecommerce / Retail,Mumbai,Maharashtra,India
active ai,Technology,Bangalore,68.47,Private Equity,Vertex Ventures,2017,November,Enterprise / SaaS,Bangalore,Karnataka,India
sumeru,Technology,Bangalore,7.47,Seed,Unknown Investors,2017,November,Enterprise / SaaS,Bangalore,Karnataka,India
omnia information,Technology,Delhi,24.9,Private Equity,Omidyar Network,2017,November,Enterprise / SaaS,Delhi,Delhi,India
kanhaiya,Inspiration,Hyderabad,1.66,Other,Unknown Investors,2017,November,Others,Hyderabad,Telangana,India
onn bikes,Technology,Mumbai,5.74,Other,Z Nation Lab,2017,November,Enterprise / SaaS,Mumbai,Maharashtra,India
rapido,Technology,Hyderabad,2.73,Other,"Skycatcher Fund, Aravind Sanka",2017,November,Enterprise / SaaS,Hyderabad,Telangana,India
heckyl,Technology,Mumbai,22.41,Private Equity,"Notion Capital, Idg Ventures",2017,November,Enterprise / SaaS,Mumbai,Maharashtra,India
nuvepro,Technology,Mumbai,3.32,Other,1Crowd,2017,November,Enterprise / SaaS,Mumbai,Maharashtra,India
redbook,Technology,Mumbai,2.08,Other,"Vida Ventures, Dr. Aniruddha Malpani",2017,November,Enterprise / SaaS,Mumbai,Maharashtra,India
portea,Healthcare,Bangalore,215.8,Private Equity,"Sabre Partners, Memg Cdc",2017,November,HealthTech,Bangalore,Karnataka,India
epiq capital,Fintech,Mumbai,1660.0,Private Equity,Global Institutiounknownl Investors,2017,November,FinTech,Mumbai,Maharashtra,India
idg ventures,Fintech,Bangalore,83.0,Private Equity,Uniliver Ventures,2017,November,FinTech,Bangalore,Karnataka,India
tempgo,Technology,Goa,2.08,Other,Javelin Startupo Victory Fund,2017,November,Enterprise / SaaS,Panaji,Goa,India
edelweiss,Fintech,Mumbai,2241.0,Private Equity,Unknown Investors,2017,November,FinTech,Mumbai,Maharashtra,India
era,Technology,Mumbai,0.32,Other,Amit Patni,2017,November,Enterprise / SaaS,Mumbai,Maharashtra,India
smaaash,Technology,Mumbai,31.54,Private Equity,Sixth Sense Ventures,2017,November,Enterprise / SaaS,Mumbai,Maharashtra,India
chumbak,Lifestyle,Bangalore,107.9,Private Equity,Gaja Capital,2017,November,Others,Bangalore,Karnataka,India
fr8,Technology,Chennai,12.45,Debt,Ifmr Capital,2017,November,Enterprise / SaaS,Chennai,Tamil Nadu,India
mobiefit,Healthcare,Goa,11.21,Other,"Nb Ventures, Mediassist",2017,November,HealthTech,Panaji,Goa,India
stanza living,Technology,Delhi,16.6,Private Equity,"Matrix Partners, Accel",2017,November,Enterprise / SaaS,Delhi,Delhi,India
ola,Consumer Internet,Bangalore,913.0,Private Equity,"Tencent, SoftBank",2017,October,Consumer Internet,Bangalore,Karnataka,India
collpoll,Consumer Internet,Bangalore,2.54,Seed,Sprout Angels,2017,October,Consumer Internet,Bangalore,Karnataka,India
phonepe,Consumer Internet,Bangalore,321.21,Private Equity,Flipkart,2017,October,Consumer Internet,Bangalore,Karnataka,India
little black book,Consumer Internet,Delhi,8.3,Private Equity,"Blume Ventures, Idg Ventures, Indian Angel Network",2017,October,Consumer Internet,Delhi,Delhi,India
oorjan,Technology,Mumbai,3.73,Seed,Globevestor,2017,October,Enterprise / SaaS,Mumbai,Maharashtra,India
zefo,Ecommerce,Bangalore,76.36,Private Equity,"Sequoia India, Helion Venture Partners, Beenext",2017,October,Ecommerce / Retail,Bangalore,Karnataka,India
yaantra,Ecommerce,Delhi,25.73,Private Equity,Carpediem Capital,2017,October,Ecommerce / Retail,Delhi,Delhi,India
farm taaza,Technology,Bangalore,66.4,Private Equity,"Epsilon Venture Partners, Tara India Fund Iv And Others",2017,October,Enterprise / SaaS,Bangalore,Karnataka,India
drivezy,Consumer Internet,Bangalore,83.0,Private Equity,"Das Capital, Axan Partners, Das Capital And It Farm",2017,October,Consumer Internet,Bangalore,Karnataka,India
slice pay,Consumer Internet,Bangalore,16.6,Private Equity,"Das Capital, Simile Ventures",2017,October,Consumer Internet,Bangalore,Karnataka,India
mygubbi,Ecommerce,Bangalore,22.41,Private Equity,"Firoze Irani, Vipul Parekh, Aunknownnda Kallugadde, Rajesh K Murthy",2017,October,Ecommerce / Retail,Bangalore,Karnataka,India
onestepup,Technology,Delhi,2.79,Seed,Orient Blackswan,2017,October,Enterprise / SaaS,Delhi,Delhi,India
parallel dots,Technology,Gurgaon,11.62,Private Equity,Multipoint Capital,2017,October,Enterprise / SaaS,Gurgaon,Haryana,India
easy diner,Consumer Internet,Gurgaon,37.35,Private Equity,Saama Capital And Dsg Consumer Partners,2017,October,Consumer Internet,Gurgaon,Haryana,India
meesho,Ecommerce,Bangalore,25.73,Private Equity,"Saif Partners, Ycombiunknowntor, Venture Highway",2017,October,Ecommerce / Retail,Bangalore,Karnataka,India
stanplus,Logistics,Hyderabad,9.13,Private Equity,Kstart Capital,2017,October,Logistics / Supply Chain,Hyderabad,Telangana,India
uclid,Technology,Hyderabad,1.95,Seed,Unknown Investors,2017,October,Enterprise / SaaS,Hyderabad,Telangana,India
policy bazaar,Consumer Internet,Gurgaon,639.1,Private Equity,"Wellington Maunknowngement, Dg Ventures India, True North",2017,October,Consumer Internet,Gurgaon,Haryana,India
gapoon,Consumer Internet,Bangalore,2.08,Seed,"Vida Ventures, Snehal Mantri, Anshu Bahadur",2017,October,Consumer Internet,Bangalore,Karnataka,India
chaayos,Ecommerce,Gurgaon,16.6,Private Equity,Tiger Global Maunknowngement,2017,October,Ecommerce / Retail,Gurgaon,Haryana,India
krazybee,Consumer Internet,Bangalore,66.4,Private Equity,"Xiaomi Technologies, Shunwei Capital",2017,October,Consumer Internet,Bangalore,Karnataka,India
renew buy,Consumer Internet,Delhi,76.36,Private Equity,Amicus Capital,2017,October,Consumer Internet,Delhi,Delhi,India
fingerlix,Consumer Internet,Bangalore,58.1,Private Equity,"Accel, Zephyr Peacock",2017,October,Consumer Internet,Bangalore,Karnataka,India
bank bazaar,Consumer Internet,Chennai,58.1,Private Equity,Experian,2017,October,Consumer Internet,Chennai,Tamil Nadu,India
black buck,Logistics,Bangalore,63.91,Private Equity,Innoven Capital,2017,October,Logistics / Supply Chain,Bangalore,Karnataka,India
lenden club,Consumer Internet,Mumbai,4.15,Seed,Unknown Investor,2017,October,Consumer Internet,Mumbai,Maharashtra,India
toppr,Consumer Internet,Mumbai,58.1,Private Equity,"Saif Partners, Helion Ventures, Fil Capital Maunknowngement",2017,October,Consumer Internet,Mumbai,Maharashtra,India
raw pressery,Food,Mumbai,49.8,Private Equity,"Dsg Consumer Partners, Sequoia Capital, Saama Capital",2017,October,FoodTech,Mumbai,Maharashtra,India
cashe,Consumer Internet,Mumbai,25.73,Debt,Ifmr Capital,2017,October,Consumer Internet,Mumbai,Maharashtra,India
park easy,Consumer Internet,Kolkata,0.98,Seed,Rockstart Accelerator,2017,October,Consumer Internet,Kolkata,West Bengal,India
fyre,Food,Mumbai,4.15,Seed,Venture Catalysts,2017,October,FoodTech,Mumbai,Maharashtra,India
ziploan,Consumer Internet,Delhi,24.9,Private Equity,"Matrix Partners, Waterbridge Ventures, Whiteboard Capital, Sarbvir Singh",2017,October,Consumer Internet,Delhi,Delhi,India
skillenza,Consumer Internet,Bangalore,5.99,Seed,"Blume Ventures, Indian Angel Network",2017,October,Consumer Internet,Bangalore,Karnataka,India
spotdraft,Consumer Internet,Gurgaon,4.57,Seed,"Hunch Ventures, Spiral Ventures, 500 Startups, Singapore Angel Network, Citrus Payments",2017,October,Consumer Internet,Gurgaon,Haryana,India
big basket,Ecommerce,Bangalore,41.5,Private Equity,Helion Ventures Partners,2017,October,Ecommerce / Retail,Bangalore,Karnataka,India
ofbusiness,Technology,Gurgaon,31.54,Debt,Kotak Mahindra Bank,2017,October,Enterprise / SaaS,Gurgaon,Haryana,India
cashfree,Technology,Delhi,1.0,Seed,Y Combiunknowntor,2017,October,Enterprise / SaaS,Delhi,Delhi,India
ola,Consumer Internet,Bangalore,63.91,Private Equity,Ani Technologies Pvt. Ltd,2017,October,Consumer Internet,Bangalore,Karnataka,India
goldfarm,Food,Coimbatore,16.6,Private Equity,"Mahindra, Mahindra And Infuse Ventures",2017,October,FoodTech,Coimbatore,Tamil Nadu,India
netmeds,Ecommerce,Chennai,116.2,Private Equity,"Tanncam Investment, Sistema Asia Fund",2017,October,Ecommerce / Retail,Chennai,Tamil Nadu,India
mse,Fintech,Mumbai,265.6,Private Equity,"Il, Fs, Trust Capital, Rosy Blue Securities, Radhakrishan Damani And Rakesh Jhunjhunwala",2017,October,FinTech,Mumbai,Maharashtra,India
aahaa stores,Ecommece,Chennai,8.3,Private Equity,Yournest Angel Fund,2017,September,Ecommerce / Retail,Chennai,Tamil Nadu,India
mfine,Consumer Internet,Bangalore,12.45,Private Equity,"Stellaris Venture Partners, Mayur Abhaya, Rohit Ma",2017,September,Consumer Internet,Bangalore,Karnataka,India
canvera,Consumer Internet,Mumbai,10.79,Private Equity,Infoedge,2017,September,Consumer Internet,Mumbai,Maharashtra,India
primaryio,Technology,Pune,46.48,Private Equity,"Accel, Exfinity Ventures, Partech Ventures",2017,September,Enterprise / SaaS,Pune,Maharashtra,India
shubh loans,Consumer Internet,Bangalore,12.45,Private Equity,"Sri Capital, Beenext, Pravega Ventures",2017,September,Consumer Internet,Bangalore,Karnataka,India
nest education,Technology,Gurgaon,4.98,Seed,"Michael And Susan Dell Foundation, Aunknownnd Mahindra",2017,September,Enterprise / SaaS,Gurgaon,Haryana,India
lending kart,Consumer Internet,Ahmedabad,89.22,Private Equity,"Bertelsmann India, Mayfield Capital, Saama Capital, Darrin Capital",2017,September,Consumer Internet,Ahmedabad,Gujarat,India
gofro,Consumer Internet,Delhi,83.0,Private Equity,"His Co. Ltd, Makemytrip",2017,September,Consumer Internet,Delhi,Delhi,India
oncostem,Healthcare,Bangalore,49.8,Private Equity,"Sequoia Capital, Artiman Ventures",2017,September,HealthTech,Bangalore,Karnataka,India
power2sme,Ecommerce,Gurgaon,215.8,Private Equity,"Interunknowntiounknownl Fiunknownnce Corporation (Ifc), Inventus Capital Partners, Accel, Kalaari Capital, And Nandan Nilekani",2017,September,Ecommerce / Retail,Gurgaon,Haryana,India
credit vidya,Consumer Internet,Mumbai,41.5,Private Equity,Matrix Partners,2017,September,Consumer Internet,Mumbai,Maharashtra,India
oyo,Consumer Internet,Gurgaon,2075.0,Private Equity,"SoftBank, Sequoia Capital, Lightspeed, Greenoaks Capital, Hero Enterprise",2017,September,Consumer Internet,Gurgaon,Haryana,India
early salary,Consumer Internet,Pune,6.47,Debt,Ifmr Capital,2017,September,Consumer Internet,Pune,Maharashtra,India
seniority,Ecommerce,Pune,8.3,Private Equity,Rpg Enterprises,2017,September,Ecommerce / Retail,Pune,Maharashtra,India
aye finance,Consumer Internet,Delhi,57.27,Debt,Triodos Investment Maunknowngement,2017,September,Consumer Internet,Delhi,Delhi,India
ecom express,Logistics,Delhi,249.0,Private Equity,Warburg Pincus,2017,September,Logistics / Supply Chain,Delhi,Delhi,India
call health,Consumer Internet,Hyderabad,51.46,Private Equity,"Sachin Tendulkar, P.V Sindhu, Pullela Gopichand",2017,September,Consumer Internet,Hyderabad,Telangana,India
3hcare,Consumer Internet,Delhi,0.83,Seed,Unknown Investor,2017,September,Consumer Internet,Delhi,Delhi,India
tonbo imaging,Technology,Bangalore,141.1,Private Equity,"Wrv Capital, Qualcomm Ventures, Edelweiss Private Equity, Artiman Ventures",2017,September,Enterprise / SaaS,Bangalore,Karnataka,India
get my parking,Consumer Internet,Delhi,24.9,Private Equity,"Ian Fund, Beenext, Indian Angel Network",2017,September,Consumer Internet,Delhi,Delhi,India
glowroad,Consumer Internet,Bangalore,16.6,Private Equity,Accel,2017,September,Consumer Internet,Bangalore,Karnataka,India
oyo,Consumer Internet,Gurgaon,83.0,Private Equity,Chiunknown Lodging Group,2017,September,Consumer Internet,Gurgaon,Haryana,India
unacademy,Consumer Internet,Mumbai,95.45,Private Equity,"Sequoia Capital, Saif Partners, Nexus Venture Partners And Blume Ventures",2017,September,Consumer Internet,Mumbai,Maharashtra,India
heterogenous,Technology,Chennai,6.47,Seed,"Chenunknowni Angels, Keiretsu Forum, Others",2017,September,Enterprise / SaaS,Chennai,Tamil Nadu,India
smaaash,Technology,Mumbai,365.2,Private Equity,Ecl Fiunknownnce,2017,September,Enterprise / SaaS,Mumbai,Maharashtra,India
wheelstreet,Consumer Portal,Bangalore,1.0,Seed,Y Combiunknowntor,2017,September,Consumer Internet,Bangalore,Karnataka,India
the moms,Ecommerce,Gurgaon,8.3,Private Equity,"Dsg Consumer Partners, Saama Capital",2017,September,Ecommerce / Retail,Gurgaon,Haryana,India
high radius,Technology,Hyderabad,415.0,Private Equity,Susquehanunknown Growth Equity Llc,2017,September,Enterprise / SaaS,Hyderabad,Telangana,India
savebc,Fintech,Gaya,49.8,Private Equity,Incofin Investment Maunknowngement.,2017,September,FinTech,Gaya,Bihar,India
homergize,Ecommerce,Bangalore,8.3,Private Equity,Lg Chandrasekhar,2017,September,Ecommerce / Retail,Bangalore,Karnataka,India
yatracom,Ecommerce,Gurgaon,127.82,Debt,Innoven Capital India,2017,September,Ecommerce / Retail,Gurgaon,Haryana,India
synup,Technology,Bangalore,49.8,Private Equity,"Vertex Ventures, Prime Venture Partners.",2017,September,Enterprise / SaaS,Bangalore,Karnataka,India
rapido,Consumer Internet,Bangalore,3.5,Seed,Battery Road Digital Holdings Llc,2017,September,Consumer Internet,Bangalore,Karnataka,India
sportobuddy,Consumer Internet,Mumbai,1.25,Seed,Mehul Shah,2017,September,Consumer Internet,Mumbai,Maharashtra,India
transerve,Technology,Mumbai,13.28,Private Equity,"Il, Fs Investment Maunknowngers, Omidyar Network.",2017,September,Enterprise / SaaS,Mumbai,Maharashtra,India
pitstop,Consumer Internet,Bangalore,8.3,Private Equity,"Blume Ventures, Goldbell Group, Anurag Srivastava, Shailesh Rao, Amiya Pathak, Rajesh Yohaunknownn And Rahul Garg",2017,September,Consumer Internet,Bangalore,Karnataka,India
myupchar,Consumer Internet,Delhi,2.49,Seed,Letsventure,2017,September,Consumer Internet,Delhi,Delhi,India
aadyah,Technology,Bangalore,8.3,Private Equity,Keiretsu Forum,2017,September,Enterprise / SaaS,Bangalore,Karnataka,India
touchkin,Technology,Bangalore,10.79,Private Equity,Kae Capital,2017,August,Enterprise / SaaS,Bangalore,Karnataka,India
zepo,Consumer Internet,Mumbai,4.15,Seed,"Kuunknownl Shah, Letsventure, Anupam Mittal, Hetal Sonpal",2017,August,Consumer Internet,Mumbai,Maharashtra,India
click2clinic,Consumer Internet,Hyderabad,7.05,Seed,"Narottam Thudi, Shireesh Palle",2017,August,Consumer Internet,Hyderabad,Telangana,India
speedbox,Logistics,Mumbai,2.49,Seed,Cismat Cargo Services Pvt. Ltd.,2017,August,Logistics / Supply Chain,Mumbai,Maharashtra,India
new castle,Technology,Chennai,2.02,Seed,Unknown Investors,2017,August,Enterprise / SaaS,Chennai,Tamil Nadu,India
my forex eye,Consumer Internet,Delhi,1.83,Seed,"Rahul Dev Kumar, Rajesh Mahajan, Ankit Sharma And Others",2017,August,Consumer Internet,Delhi,Delhi,India
truxapp,Logistics,Delhi,25.73,Seed,"Venugopal Dhoot, Ajay Bhatia, Tarun Khandelwal, Ganpat Singhvi, Mandhian Family, Others",2017,August,Logistics / Supply Chain,Delhi,Delhi,India
crofarm,Technology,Gurgaon,6.5,Seed,Factor[E] Ventures,2017,August,Enterprise / SaaS,Gurgaon,Haryana,India
flipkart,Ecommerce,Bangalore,0.17,Private Equity,SoftBank,2017,August,Ecommerce / Retail,Bangalore,Karnataka,India
ola,Consumer Internet,Gurgaon,298.8,Private Equity,Tekne Capital Maunknowngement,2017,August,Consumer Internet,Gurgaon,Haryana,India
digilend,Technology,Mumbai,2.59,Seed,"Incred Fiunknownnce, Fullerton India Credit Company Ltd",2017,August,Enterprise / SaaS,Mumbai,Maharashtra,India
knab finance,Consumer Internet,Bangalore,3.2,Seed,"Incred, Krishunknownkumar Natarajan, Ravi Bhardwaj",2017,August,Consumer Internet,Bangalore,Karnataka,India
rootefy,Ecommerce,Delhi,1.55,Seed,Abhiunknownv Gupta,2017,August,Ecommerce / Retail,Delhi,Delhi,India
uniphore,Technology,Chennai,56.44,Private Equity,Idg Ventures,2017,August,Enterprise / SaaS,Chennai,Tamil Nadu,India
cerebroz,Consumer Internet,Vadodara,6.09,Seed,Unknown Hni\\Xe2\\X80\\X99S,2017,August,Consumer Internet,Vadodara,Gujarat,India
dhruva,Technology,Pune,664.0,Private Equity,"Riverwood Capital, Sequoia Capital, Nexus Venture Partners, Teunknownya Capital",2017,August,Enterprise / SaaS,Pune,Maharashtra,India
bombay shaving,Ecommerce,Delhi,19.09,Private Equity,Fireside Ventures,2017,August,Ecommerce / Retail,Delhi,Delhi,India
indiez,Technology,Bangalore,4.15,Seed,Haresh Chawla,2017,August,Enterprise / SaaS,Bangalore,Karnataka,India
ezetap,Technology,Bangalore,132.8,Private Equity,"Js Capital Maunknowngement, Social Capital, Horizons Ventures",2017,August,Enterprise / SaaS,Bangalore,Karnataka,India
ink monk,Consumer Internet,Chennai,6.22,Seed,"Vamm Ventures, Raksul, Deunknown",2017,August,Consumer Internet,Chennai,Tamil Nadu,India
medinfi,Consumer Internet,Bangalore,1.04,Seed,"Pbs Srinivas, Vinod Martin",2017,August,Consumer Internet,Bangalore,Karnataka,India
mobikon,Technology,Pune,58.1,Private Equity,"Sistema Asia Fund, C31 Ventures, Qualgro.",2017,August,Enterprise / SaaS,Pune,Maharashtra,India
cure fit,Consumer Internet,Bangalore,207.5,Private Equity,"Accel, Idg Ventures, Kalaari Capital, \\Xc2\\Xa0 Ucunknownrnt Fund",2017,August,Consumer Internet,Bangalore,Karnataka,India
doxper,Technology,Mumbai,6.22,Seed,"Idal Health, Growx Ventures, Capier Investments, Globevestor, Others",2017,August,Enterprise / SaaS,Mumbai,Maharashtra,India
treebo,Consumer Internet,Bangalore,282.2,Private Equity,Ward Ferry Maunknowngement And Karst Peak Capital,2017,August,Consumer Internet,Bangalore,Karnataka,India
medgenome,Technology,Bangalore,249.0,Private Equity,"Sequoia India, Sofiunknown S.A., Zodius Capital, Kris Gopalakrishunknownn, Lakshmi Narayaunknownn",2017,August,Enterprise / SaaS,Bangalore,Karnataka,India
billion loans,Consumer Internet,Bangalore,8.3,Seed,Reliance Corporate Advisory Services Ltd,2017,July,Consumer Internet,Bangalore,Karnataka,India
ecolibriumenergy,Technology,Ahmedabad,21.58,Private Equity,"Infuse Ventures, Jll",2017,July,Enterprise / SaaS,Ahmedabad,Gujarat,India
droom,Ecommerce,Gurgaon,166.0,Private Equity,"Asset Maunknowngement (Asia) Ltd, Digital Garage Inc",2017,July,Ecommerce / Retail,Gurgaon,Haryana,India
jumbotail,Ecommerce,Bangalore,70.55,Private Equity,"Kalaari Capital, Nexus India Capital Advisors",2017,July,Ecommerce / Retail,Bangalore,Karnataka,India
moglix,Ecommerce,Noida,99.6,Private Equity,"Interunknowntiounknownl Fiunknownnce Corporation, Rocketship, Accel, Jungle Ventures, Shailesh Rao, Venture Highway",2017,July,Ecommerce / Retail,Noida,Uttar Pradesh,India
timesaverz,Consumer Internet,Mumbai,8.3,Private Equity,Bccl,2017,July,Consumer Internet,Mumbai,Maharashtra,India
clip app,Consumer Internet,Bangalore,8.3,Seed,"India Quotient, Shunwei Capital",2017,July,Consumer Internet,Bangalore,Karnataka,India
autoroxco,Technology,Hyderabad,24.9,Private Equity,"Mitsui, Co.",2017,July,Enterprise / SaaS,Hyderabad,Telangana,India
fabogo,Consumer Internet,Pune,18.68,Private Equity,Duunknownmis Ventures Pte Ltd,2017,July,Consumer Internet,Pune,Maharashtra,India
flickstree,Consumer Internet,Mumbai,3.85,Seed,"Venture Catalysts, Sourav Ganguly, Ankit Aditya, Moksh Sports Ventures",2017,July,Consumer Internet,Mumbai,Maharashtra,India
innoviti,Technology,Bangalore,153.55,Private Equity,"Sbiunknownfmo Fund, Bessemer Venture Partners, Catamaran Ventures",2017,July,Enterprise / SaaS,Bangalore,Karnataka,India
qwikspec,Technology,Bangalore,4.48,Seed,"Brigade Innovations Llp, Tv Mohandas Pai, Suhail Rahman, Bobby Reddy, M George Oommen",2017,July,Enterprise / SaaS,Bangalore,Karnataka,India
chumbak,Ecommerce,Bangalore,14.11,Private Equity,Blacksoil Capital Pvt. Ltd,2017,July,Ecommerce / Retail,Bangalore,Karnataka,India
increff,Technology,Bangalore,16.6,Seed,"Sequoia Capital, Grey Orange, Rajesh Ramaiah, Anshuman Das, Rishi Das",2017,July,Enterprise / SaaS,Bangalore,Karnataka,India
vayana,Technology,Pune,33.2,Private Equity,"Idg Ventures India Advisors, Jungle Ventures",2017,July,Enterprise / SaaS,Pune,Maharashtra,India
rentomojo,Consumer Internet,Bangalore,83.0,Private Equity,"Ain Capital Ventures, Reunknownud Laplanche",2017,July,Consumer Internet,Bangalore,Karnataka,India
playablo,Technology,Bangalore,4.98,Seed,Abiunknownshowatech (India) Ltd,2017,July,Enterprise / SaaS,Bangalore,Karnataka,India
trupay,Technology,Gurgaon,5.81,Seed,"Kae Capital, M, S Partners",2017,July,Enterprise / SaaS,Gurgaon,Haryana,India
brick2wall,Ecommerce,Gurgaon,1.66,Seed,"Subramani Somasundaram, Sundeep Sahni, Mayank Mittal, Others",2017,July,Ecommerce / Retail,Gurgaon,Haryana,India
noticeboard,Consumer Internet,Bangalore,9.96,Private Equity,Stellaris Venture Partners,2017,July,Consumer Internet,Bangalore,Karnataka,India
byjuxe2x80x99s,Consumer Internet,Bangalore,290.5,Private Equity,Tencent Holdings,2017,July,Consumer Internet,Bangalore,Karnataka,India
fab hotels,Consumer Internet,Delhi,207.5,Private Equity,Goldman Sachs,2017,July,Consumer Internet,Delhi,Delhi,India
thinkerbell,Consumer Internet,Bangalore,1.66,Seed,"Indian Angel Network, Aunknownnd Mahindra",2017,July,Consumer Internet,Bangalore,Karnataka,India
1mg,Ecommerce,Gurgaon,124.5,Private Equity,"Hbm Healthcare Investments, Maverick Capital Ventures, Sequoia India, Omidyar Network And Kae Capital",2017,July,Ecommerce / Retail,Gurgaon,Haryana,India
bigstylist,Consumer Internet,Mumbai,10.38,Private Equity,Info Edge (India) Ltd,2017,July,Consumer Internet,Mumbai,Maharashtra,India
rentongo,Ecommerce,Bangalore,1.94,Seed,Tvs Motor Company,2017,June,Ecommerce / Retail,Bangalore,Karnataka,India
goomo,Consumer Internet,Mumbai,415.0,Private Equity,Emerging India,2017,June,Consumer Internet,Mumbai,Maharashtra,India
spinny,Ecommerce,Gurgaon,8.3,Private Equity,"Blume Ventures, Indian Angel Network, Kuunknownl Shah, Sandeep Tandon",2017,June,Ecommerce / Retail,Gurgaon,Haryana,India
bhive workspace,Consumer Internet,Bangalore,9.96,Private Equity,Blume Ventures,2017,June,Consumer Internet,Bangalore,Karnataka,India
wayforward,Consumer Internet,Delhi,8.3,Seed,"Harsh Mahajan, Farhan Naqvi, Sreepathy Viswaunknownthan",2017,June,Consumer Internet,Delhi,Delhi,India
ziploan,Consumer Internet,Delhi,5.39,Seed,Waterbridge Ventures,2017,June,Consumer Internet,Delhi,Delhi,India
growfitter,Consumer Internet,Mumbai,4.98,Seed,Sque Capital,2017,June,Consumer Internet,Mumbai,Maharashtra,India
stratfit,Consumer Internet,Hyderabad,1.93,Seed,Bodhtree Consulting Limited,2017,June,Consumer Internet,Hyderabad,Telangana,India
multiplier,Technology,Hyderabad,12.45,Private Equity,Norwest Venture Partners,2017,June,Enterprise / SaaS,Hyderabad,Telangana,India
abi health,Technology,Bangalore,12.45,Private Equity,Norwest Venture Partners,2017,June,Enterprise / SaaS,Bangalore,Karnataka,India
stockal,Consumer Internet,Bangalore,2.9,Seed,"Mohan Alexander, R. Natarajan, Vikrant Varshney, Amit Sinha",2017,June,Consumer Internet,Bangalore,Karnataka,India
guidoo,Consumer Internet,Mumbai,2.49,Seed,"Pawan Borle, Nirmal Singh, Manish Prasad, Vineet Varma, Nick Haulkoury, Abhai S. Rao",2017,June,Consumer Internet,Mumbai,Maharashtra,India
esahaiin,Consumer Internet,Hyderabad,2.08,Seed,"Dr Ramesh Ayyala, Satya Muthyala",2017,June,Consumer Internet,Hyderabad,Telangana,India
lendingkart,Consumer Internet,Ahmedabad,64.74,Debt,Yes Bank,2017,June,Consumer Internet,Ahmedabad,Gujarat,India
boxxai,Technology,Bangalore,4.15,Private Equity,"Unicorn India Ventures, Venky Krishunknownkumar, Suresh Shankar, Vivek Bhargava",2017,June,Enterprise / SaaS,Bangalore,Karnataka,India
peesafein,Healthcare,Delhi,8.3,Private Equity,"Venture Catalysts, Alfa Capital, Green Shots Capital, Real Time Ventures",2017,June,HealthTech,Delhi,Delhi,India
vista rooms,Consumer Internet,Mumbai,6.44,Seed,"Artha India Ventures, Singularity Holdings, Rajan Aunknownndan, Girish Mathrubootham",2017,June,Consumer Internet,Mumbai,Maharashtra,India
coverfox,Consumer Internet,Mumbai,124.5,Private Equity,Transamerica,2017,June,Consumer Internet,Mumbai,Maharashtra,India
goodera,Technology,Bangalore,45.65,Private Equity,"Nexus Venture Partners, Omidyar Network",2017,June,Enterprise / SaaS,Bangalore,Karnataka,India
ola,Consumer Internet,Bangalore,415.0,Private Equity,Tekne Capital Maunknowngement Llc,2017,June,Consumer Internet,Bangalore,Karnataka,India
mrneeds,Consumer Internet,Noida,4.15,Seed,Undisclosed Investors,2017,June,Consumer Internet,Noida,Uttar Pradesh,India
moneytap,Consumer Internet,Bangalore,102.09,Private Equity,"Sequoia India, Nea, Prime Venture Partners",2017,June,Consumer Internet,Bangalore,Karnataka,India
goodbox,Ecommerce,Bangalore,8.3,Private Equity,"Nexus Venture Partners, Mekin Maheshwari",2017,June,Ecommerce / Retail,Bangalore,Karnataka,India
fincash,Consumer Internet,Mumbai,0.83,Seed,"Mohammed Khan, Sameer Narayan, Others",2017,June,Consumer Internet,Mumbai,Maharashtra,India
portdesk,Technology,Noida,16.6,Seed,Alphard Maritime Group,2017,June,Enterprise / SaaS,Noida,Uttar Pradesh,India
unbxd,Technology,Bangalore,103.75,Private Equity,Eight Roads Ventures,2017,June,Enterprise / SaaS,Bangalore,Karnataka,India
darwinbox,Technology,Hyderabad,33.2,Private Equity,"Lightspeed, Endiya Partners, 3One4 Capital Advisors Llp, Startupxseed Ventures Llp",2017,June,Enterprise / SaaS,Hyderabad,Telangana,India
forevershop,Consumer Internet,Bangalore,2.49,Seed,91Maker.Com,2017,June,Consumer Internet,Bangalore,Karnataka,India
insiderin,Consumer Internet,Mumbai,43.16,Private Equity,Paytm,2017,June,Consumer Internet,Mumbai,Maharashtra,India
fynd,Ecommerce,Mumbai,19.92,Private Equity,"Iifl Seed Ventures, Kae Capital, Fj Labs, Singularity Ventures, Growx, Tracxn Labs, Axis Capital",2017,June,Ecommerce / Retail,Mumbai,Maharashtra,India
grow fit,Consumer Internet,Bangalore,37.35,Private Equity,"Manipal Education And Medical Group (Memg), Sar Group, The Grover Trust",2017,June,Consumer Internet,Bangalore,Karnataka,India
fabulyst,Technology,Hyderabad,1.78,Seed,Ibhubs,2017,June,Enterprise / SaaS,Hyderabad,Telangana,India
mswipe,Technology,Mumbai,257.3,Private Equity,"Ucunknownrnt Fund, Matrix Partners, Alcon Edge Capital, Dsg Consumer Partners",2017,June,Enterprise / SaaS,Mumbai,Maharashtra,India
julia computing,Technology,Bangalore,38.18,Private Equity,"General Catalyst, Founder Collective",2017,June,Enterprise / SaaS,Bangalore,Karnataka,India
kissht,Consumer Internet,Mumbai,16.6,Private Equity,"Endiya Partners, Ventureast",2017,June,Consumer Internet,Mumbai,Maharashtra,India
explore life traveling,Consumer Internet,Bangalore,4.15,Seed,"Mekin Maheshwari, Bharat Vijay, Krish Seshadri, Amar Arsikere",2017,June,Consumer Internet,Bangalore,Karnataka,India
loantap,Consumer Internet,Mumbai,33.2,Private Equity,"Kae Capital, India Quotient, Ifmr, And Mas Fiunknownncial Services Ltd",2017,June,Consumer Internet,Mumbai,Maharashtra,India
voxweb,Consumer Internet,Mumbai,8.3,Seed,Unknown Investors,2017,June,Consumer Internet,Mumbai,Maharashtra,India
hug innovations,Technology,Hyderabad,41.5,Private Equity,"Mohit Srivastav, Kishore Ganji, Venkat Vallabhaneni, Rajeev Menon",2017,June,Enterprise / SaaS,Hyderabad,Telangana,India
flipkart,Ecommerce,Bangalore,589.3,Private Equity,Naspers,2017,June,Ecommerce / Retail,Bangalore,Karnataka,India
v resorts,Consumer Internet,Noida,33.2,Private Equity,"Seedfund, Rb Interunknowntiounknownl",2017,June,Consumer Internet,Noida,Uttar Pradesh,India
stashfin,Consumer Internet,Delhi,41.5,Private Equity,"Snow Leopard Ventures, Alto Partners",2017,June,Consumer Internet,Delhi,Delhi,India
spares hub,Ecommerce,Pune,2.58,Seed,"The Chenunknowni Angels, Anthill Scale Ventures, Esvee Technologies Inc, Inc95 Consulting",2017,June,Ecommerce / Retail,Pune,Maharashtra,India
rubique,Consumer Internet,Mumbai,24.9,Private Equity,"Kalaari Capital, Udayan Goyal",2017,June,Consumer Internet,Mumbai,Maharashtra,India
nikiai,Consumer Internet,Bangalore,16.6,Private Equity,"Sap.Io, Unilazer Ventures",2017,June,Consumer Internet,Bangalore,Karnataka,India
fitpass,Consumer Internet,Delhi,8.3,Private Equity,"Abhiunknownv Bindra, Gaurav Marya",2017,June,Consumer Internet,Delhi,Delhi,India
tagos design,Technology,Bangalore,41.5,Private Equity,Unknown Investors,2017,June,Enterprise / SaaS,Bangalore,Karnataka,India
urbanclap,Consumer Internet,Gurgaon,174.3,Private Equity,"Vy Capital, Saif Partners, Accel Partner, Bessemer Venture Partners",2017,June,Consumer Internet,Gurgaon,Haryana,India
ace2three,Consumer Internet,Hyderabad,611.71,Private Equity,Clairvest Group,2017,May,Consumer Internet,Hyderabad,Telangana,India
power2sme,Ecommerce,Gurgaon,83.0,Private Equity,Interunknowntiounknownl Fiunknownnce Corporation,2017,May,Ecommerce / Retail,Gurgaon,Haryana,India
innovapptive,Technology,Hyderabad,12.45,Seed,Hyderabad Angels,2017,May,Enterprise / SaaS,Hyderabad,Telangana,India
4tigo,Logistics,Bangalore,83.0,Private Equity,"Accel, Nandan Nilekani",2017,May,Logistics / Supply Chain,Bangalore,Karnataka,India
zippserve,Consumer Internet,Bangalore,3.24,Seed,Undisclosed Investors,2017,May,Consumer Internet,Bangalore,Karnataka,India
ola,Consumer Internet,Bangalore,867.35,Private Equity,"Falcon Edge Capital, \\Xc2\\Xa0 Capital Advisers",2017,May,Consumer Internet,Bangalore,Karnataka,India
sumeru,Technology,Bangalore,8.3,Seed,Undisclosed Investors,2017,May,Enterprise / SaaS,Bangalore,Karnataka,India
balance app,Consumer Internet,Bangalore,1.93,Seed,Rainmatter,2017,May,Consumer Internet,Bangalore,Karnataka,India
yepme,Ecommerce,Gurgaon,5.81,Private Equity,"Rainbow Digital Services Pvt. Ltd, Ilearnfiunknownnce Academy Pvt. Ltd.",2017,May,Ecommerce / Retail,Gurgaon,Haryana,India
mygreens,Food,Delhi,8.3,Seed,"Ajay Relan, Letsventure",2017,May,FoodTech,Delhi,Delhi,India
ace turtle,Technology,Bangalore,41.5,Private Equity,"Vertex Ventures, C31 Ventures",2017,May,Enterprise / SaaS,Bangalore,Karnataka,India
cure fit,Technology,Bangalore,26.56,Private Equity,"Trifecta Capital Advisors Llp, Prathithi Investment Trust, Rnt Capital, Gokul Rajaram, Aditya Agarwal, Ruchi Sanghvi, Others",2017,May,Enterprise / SaaS,Bangalore,Karnataka,India
curie labs,Technology,Delhi,0.41,Seed,Satoshi Studios,2017,May,Enterprise / SaaS,Delhi,Delhi,India
vidooly,Consumer Internet,Noida,11.62,Private Equity,"Times Internet, Gvfl",2017,May,Consumer Internet,Noida,Uttar Pradesh,India
shopclues,Ecommerce,Gurgaon,63.91,Private Equity,Innoven Capital,2017,May,Ecommerce / Retail,Gurgaon,Haryana,India
fourth ambit,Consumer Internet,Bangalore,4.98,Seed,1Crowd,2017,May,Consumer Internet,Bangalore,Karnataka,India
early salary,Consumer Internet,Pune,33.2,Private Equity,"Dg Ventures India, Dewan Housing Fiunknownnce Corp",2017,May,Consumer Internet,Pune,Maharashtra,India
legal raasta,Consumer Internet,Delhi,41.5,Private Equity,Impanix Capital,2017,May,Consumer Internet,Delhi,Delhi,India
remit guru,Consumer Internet,Mumbai,3.87,Private Equity,"Infibeam, Ccavenue",2017,May,Consumer Internet,Mumbai,Maharashtra,India
aequm,Ecommerce,Bangalore,8.3,Seed,Undisclosed Investors,2017,May,Ecommerce / Retail,Bangalore,Karnataka,India
zapty,Technology,Bangalore,4.15,Seed,Ideaspring Capital,2017,May,Enterprise / SaaS,Bangalore,Karnataka,India
telr,Technology,Mumbai,24.9,Private Equity,Innovations East,2017,May,Enterprise / SaaS,Mumbai,Maharashtra,India
fynd,Ecommerce,Mumbai,4.15,Private Equity,Rocketship,2017,May,Ecommerce / Retail,Mumbai,Maharashtra,India
genie,Consumer Internet,Chennai,2.08,Seed,Undisclosed Investors,2017,May,Consumer Internet,Chennai,Tamil Nadu,India
paysense,Consumer Internet,Mumbai,43.99,Private Equity,Jungle Ventures,2017,May,Consumer Internet,Mumbai,Maharashtra,India
the good life,Ecommerce,Mumbai,8.3,Seed,"Ayesha Takia Azmi, Abu Farhan Azmi",2017,May,Ecommerce / Retail,Mumbai,Maharashtra,India
paytm,Ecommerce,Bangalore,0.1,Private Equity,SoftBank,2017,May,Ecommerce / Retail,Bangalore,Karnataka,India
ezcred,Consumer Internet,Bangalore,8.3,Seed,"Dheeraj Pandey, Rajesh Yohanunknownn, Akash Garg",2017,May,Consumer Internet,Bangalore,Karnataka,India
delhivery,Logistics,Delhi,249.0,Private Equity,Fosun Interunknowntiounknownl,2017,May,Logistics / Supply Chain,Delhi,Delhi,India
zipgrid,Consumer Internet,Mumbai,4.15,Seed,"Jll, 1Crowd",2017,May,Consumer Internet,Mumbai,Maharashtra,India
magicpin,Consumer Internet,Gurgaon,54.78,Private Equity,"Lightspeed, Vy Capital",2017,May,Consumer Internet,Gurgaon,Haryana,India
box8,Consumer Internet,Mumbai,8.3,Private Equity,Trifecta Capital,2017,May,Consumer Internet,Mumbai,Maharashtra,India
gennext students,Consumer Internet,Mumbai,4.81,Seed,Unknown Investors,2017,May,Consumer Internet,Mumbai,Maharashtra,India
aye finance,Fintech,Gurgaon,66.4,Private Equity,Blue Orchard,2017,May,FinTech,Gurgaon,Haryana,India
collateral medical,Ecommerce,Mumbai,29.05,Private Equity,Carpediem Capital,2017,May,Ecommerce / Retail,Mumbai,Maharashtra,India
supr daily,Consumer Internet,Mumbai,12.45,Private Equity,"Soma Capital, Great Oaks Ventures, 122 West Ventures",2017,May,Consumer Internet,Mumbai,Maharashtra,India
swiggy,Consumer Internet,Bangalore,664.0,Private Equity,"Nasper, Accel, Saif Partners, Bessemer Venture Partners, Harmony Partners, Norwest Venture Partners",2017,May,Consumer Internet,Bangalore,Karnataka,India
sastasundar,Ecommerce,Kolkata,41.5,Private Equity,Rohto Pharmaceutical,2017,May,Ecommerce / Retail,Kolkata,West Bengal,India
magicpin,Consumer Internet,Gurgaon,58.1,Private Equity,"Lightspeed, Waterbridge Ventures",2017,May,Consumer Internet,Gurgaon,Haryana,India
cashe,Consumer Internet,Mumbai,31.54,Private Equity,"Mathew Cyriac, Florintree Advisors",2017,April,Consumer Internet,Mumbai,Maharashtra,India
eruditus,Edtech,Mumbai,68.06,Private Equity,Bertelsmann India,2017,April,Enterprise / SaaS,Mumbai,Maharashtra,India
healthcare at home,Healthcare,Noida,332.0,Private Equity,Quadria Capital Advisors,2017,April,HealthTech,Noida,Uttar Pradesh,India
waycool,Food,Chennai,22.41,Private Equity,Aspada Investments,2017,April,FoodTech,Chennai,Tamil Nadu,India
perfios,Technology,Bangalore,50.63,Private Equity,Bessemer Venture Partners,2017,April,Enterprise / SaaS,Bangalore,Karnataka,India
whatfix,Technology,Bangalore,30.63,Private Equity,"Stellaris Venture Partners, Helion Venture Partners, Powerhouse Ventures, Gokul Rajaram, Girish Mathrubootham, Aneesh Reddy, Vispi Daver",2017,April,Enterprise / SaaS,Bangalore,Karnataka,India
elastirun,Technology,Pune,58.1,Private Equity,"Kalaari Capital, Norwest Venture Partners",2017,April,Enterprise / SaaS,Pune,Maharashtra,India
trukky,Consumer Internet,Ahmedabad,4.15,Seed,"Keyur Joshi, Pavan Bakeri",2017,April,Consumer Internet,Ahmedabad,Gujarat,India
konsult app,Consumer Internet,Delhi,4.15,Seed,"Koen Bouwers, Lomesh Agarwal, Jeroen Mensen, Pablo Van Den Bosch, Others",2017,April,Consumer Internet,Delhi,Delhi,India
fingerlix,Consumer Internet,Mumbai,24.9,Private Equity,Zephyr Peacock India,2017,April,Consumer Internet,Mumbai,Maharashtra,India
medwell ventures,Healthcare,Bangalore,174.3,Private Equity,"Mahindra Partners, Eight Roads Ventures, Funknownprime Capital Partners",2017,April,HealthTech,Bangalore,Karnataka,India
mech mocha,Consumer Internet,Bangalore,41.5,Private Equity,"Accel, Shunwei Capital",2017,April,Consumer Internet,Bangalore,Karnataka,India
pharmeasy,Ecommerce,Mumbai,149.4,Private Equity,"Bessemer Venture Partners, Orios Venture Partners, Trifecta Capital",2017,April,Ecommerce / Retail,Mumbai,Maharashtra,India
fastfox,Consumer Internet,Gurgaon,38.18,Private Equity,"Lightspeed, Blume Ventures, Cyberagent Ventures, Growx Ventures, Imj Investment Partners",2017,April,Consumer Internet,Gurgaon,Haryana,India
omnify,Technology,Bangalore,1.25,Seed,"Rajan Aunknownndan, L.D Sharma, Saurabh Arora",2017,April,Enterprise / SaaS,Bangalore,Karnataka,India
capital float,Consumer Internet,Bangalore,19.09,Private Equity,Mahindra And Mahindra Fiunknownncial Services,2017,April,Consumer Internet,Bangalore,Karnataka,India
ninjacart,Ecommerce,Bangalore,45.65,Private Equity,"Accel, Nandan Nilekani\\Xe2\\X80\\X99S Nrjn Trust, Mistletoe, Qualcomm Ventures, M, S Partners",2017,April,Ecommerce / Retail,Bangalore,Karnataka,India
mergerware,Technology,Bangalore,0.83,Seed,Philippe Bouchet,2017,April,Enterprise / SaaS,Bangalore,Karnataka,India
clovia,Ecommerce,Delhi,33.2,Private Equity,"Ivycap Ventures Advisors, Singularity Ventures And Ravi Dhariwal",2017,April,Ecommerce / Retail,Delhi,Delhi,India
emiza,Logistics,Mumbai,37.35,Private Equity,"Mayfield, Nishant Rao, Dileep Nath",2017,April,Logistics / Supply Chain,Mumbai,Maharashtra,India
hackerearth,Consumer Internet,Bangalore,37.35,Private Equity,"Dhi Group Inc, Prime Venture Partners, Beenext, Beenos, Digital Garage, Bizreach",2017,April,Consumer Internet,Bangalore,Karnataka,India
squadrun,Technology,Noida,17.43,Private Equity,"Blume Ventures, Contrarian Capital, 91Springboard, Emergent Ventures, Abstract Ventures, Anthill Ventures, Axilor Ventures",2017,April,Enterprise / SaaS,Noida,Uttar Pradesh,India
weareholidays,Consumer Internet,Gurgaon,63.91,Private Equity,Urrshila Kerkar,2017,April,Consumer Internet,Gurgaon,Haryana,India
ola,Consumer Internet,Bangalore,2158.0,Private Equity,Simi Pacific Pte,2017,April,Consumer Internet,Bangalore,Karnataka,India
myly,Consumer Internet,Jaipur,2.57,Seed,Mall Industries Development Bank Of India (Sidbi),2017,April,Consumer Internet,Jaipur,Rajasthan,India
credihealth,Consumer Internet,Gurgaon,12.45,Private Equity,"Tolaram Inc, Mountain Pine Capital",2017,April,Consumer Internet,Gurgaon,Haryana,India
snackible,Food,Mumbai,1.45,Seed,"Nibhrant Shah, Aunknownndbir Singh, Anirudh Sheth, Pratik Singhi, Vikram Mehta, Murali Nair",2017,April,FoodTech,Mumbai,Maharashtra,India
be u salons,Consumer Internet,Delhi,5.15,Seed,"Gaurav Kachru, Sundeep Singh Sahni, Jatin Aneja, Arun Malhotra",2017,April,Consumer Internet,Delhi,Delhi,India
lendingkart,Consumer Internet,Ahmedabad,38.59,Private Equity,Anicut Capital,2017,April,Consumer Internet,Ahmedabad,Gujarat,India
innefu security consulting,Technology,Delhi,16.6,Private Equity,Indianivesh Venture Capital Fund,2017,April,Enterprise / SaaS,Delhi,Delhi,India
whodat,Technology,Bangalore,4.98,Private Equity,Ideaspring Capital,2017,April,Enterprise / SaaS,Bangalore,Karnataka,India
absentia vr,Technology,Bangalore,10.38,Private Equity,Exfinity Venture Partners,2017,April,Enterprise / SaaS,Bangalore,Karnataka,India
iotrek,Technology,Delhi,1.29,Seed,Unknown Investor,2017,April,Enterprise / SaaS,Delhi,Delhi,India
holachef,Consumer Internet,Mumbai,24.9,Private Equity,"Sidbi Venture Capital Ltd, Kalaari Capital",2017,April,Consumer Internet,Mumbai,Maharashtra,India
video ken,Consumer Internet,Bangalore,8.3,Seed,"Ravi Garikipati, Surot Chatterjee, Ashish Agrawal, Lg Chandrasekhar, Sashi Reddi",2017,April,Consumer Internet,Bangalore,Karnataka,India
faasos,Food,Pune,52.29,Private Equity,"Ligthbox Ventures Ii, Lightbox Expansion Fund, Sequoia Capital, Runet South Asia, Rb Investments",2017,April,FoodTech,Pune,Maharashtra,India
oyo,Consumer Internet,Gurgaon,2075.0,Private Equity,"SoftBank, Lightspeed, Sequoia Capital India Advisors, Greenoaks Capital Partners",2017,April,Consumer Internet,Gurgaon,Haryana,India
toppr,Consumer Internet,Mumbai,26.56,Private Equity,Wgg Interunknowntiounknownl,2017,April,Consumer Internet,Mumbai,Maharashtra,India
the office pass,Consumer Internet,Gurgaon,2.03,Seed,"Arun Tadanki, Aditya Verma",2017,April,Consumer Internet,Gurgaon,Haryana,India
urbanclap,Consumer Internet,Gurgaon,25.73,Private Equity,Trifecta Capital,2017,April,Consumer Internet,Gurgaon,Haryana,India
awfis,Consumer Internet,Mumbai,166.0,Private Equity,Sequoia India,2017,April,Consumer Internet,Mumbai,Maharashtra,India
flytxt,Technology,Mumbai,91.3,Private Equity,Dah Beteiligungs Gmbh,2017,April,Enterprise / SaaS,Mumbai,Maharashtra,India
howdy ventures,Consumer Internet,Chennai,12.45,Seed,S. Xavier Britto,2017,April,Consumer Internet,Chennai,Tamil Nadu,India
stalkbuylove,Ecommerce,Delhi,8.3,Private Equity,Trifecta Capital,2017,April,Ecommerce / Retail,Delhi,Delhi,India
scootsy,Consumer Internet,Mumbai,29.88,Private Equity,"Agnus Capital, Khattar Holdings",2017,April,Consumer Internet,Mumbai,Maharashtra,India
inurture,Consumer Internet,Bangalore,12.45,Private Equity,Blacksoil Capital Pvt. Ltd,2017,April,Consumer Internet,Bangalore,Karnataka,India
sepalika,Consumer Internet,Delhi,6.22,Seed,Accel,2017,April,Consumer Internet,Delhi,Delhi,India
ola,Consumer Internet,Bangalore,2739.0,Private Equity,Softbank Group Corp,2017,March,Consumer Internet,Bangalore,Karnataka,India
belong,Consumer Internet,Bangalore,83.0,Private Equity,Sequoia Capital,2017,March,Consumer Internet,Bangalore,Karnataka,India
celes care,Consumer Internet,Hyderabad,12.45,Private Equity,"Ventureast, Endiya Partners, Eight Roads Ventures, Funknownprime Capital Partners",2017,March,Consumer Internet,Hyderabad,Telangana,India
karomi,Technology,Chennai,4.15,Seed,Ideaspring Capital,2017,March,Enterprise / SaaS,Chennai,Tamil Nadu,India
red carpet,Consumer Internet,Gurgaon,20.75,Private Equity,Lightspeed,2017,March,Consumer Internet,Gurgaon,Haryana,India
creditmantri,Consumer Internet,Chennai,63.08,Private Equity,Quounknown Capital,2017,March,Consumer Internet,Chennai,Tamil Nadu,India
tydy,Technology,Bangalore,2.28,Seed,"Bhupen Shah, Jayesh Parekh, Sanjay Sathe",2017,March,Enterprise / SaaS,Bangalore,Karnataka,India
oho shop,Technology,Ahmedabad,55.61,Private Equity,"Bennett, Coleman And Company Ltd",2017,March,Enterprise / SaaS,Ahmedabad,Gujarat,India
paytm marketplace,Ecommerce,Bangalore,1660.0,Private Equity,Alibaba,2017,March,Ecommerce / Retail,Bangalore,Karnataka,India
igenetics,Healthcare,Mumbai,161.85,Private Equity,Cdc Group Plc,2017,March,HealthTech,Mumbai,Maharashtra,India
juno clinic,Consumer Internet,Mumbai,9.96,Seed,Atul Nishar,2017,March,Consumer Internet,Mumbai,Maharashtra,India
summerlabel,Consumer Internet,Gurgaon,1.25,Seed,"Aneesh Seth, Tushar Mittal",2017,March,Consumer Internet,Gurgaon,Haryana,India
pickme,Consumer Internet,Mumbai,14.86,Private Equity,Sidbi Venture Capital Fund,2017,March,Consumer Internet,Mumbai,Maharashtra,India
agrostar,Technology,Pune,83.0,Private Equity,Accel,2017,March,Enterprise / SaaS,Pune,Maharashtra,India
zapr,Technology,Bangalore,83.0,Private Equity,Star India Pvt Ltd,2017,March,Enterprise / SaaS,Bangalore,Karnataka,India
data resolve,Technology,Noida,8.3,Private Equity,Idfc Parampara Early Stage Opportunities Fund,2017,March,Enterprise / SaaS,Noida,Uttar Pradesh,India
book servicing,Consumer Internet,Delhi,0.25,Seed,Natiounknownl Science And Technology Entrepreneurship Development Board,2017,March,Consumer Internet,Delhi,Delhi,India
blowhorn,Consumer Internet,Bangalore,30.3,Private Equity,"Idg Ventures India, Michael, Susan Dell Foundation, Draper Associates, Unitus Seed Fund",2017,March,Consumer Internet,Bangalore,Karnataka,India
rivigo,Logistics,Gurgaon,124.5,Private Equity,Private Sector Banks (Debt Funding),2017,March,Logistics / Supply Chain,Gurgaon,Haryana,India
pipecandy,Technology,Chennai,9.13,Seed,"Idg Ventures, Axilor Ventures, Emergent Ventures, Indian Angel Network",2017,March,Enterprise / SaaS,Chennai,Tamil Nadu,India
supr daily,Consumer Internet,Mumbai,1.0,Seed,Y Combiunknowntor,2017,March,Consumer Internet,Mumbai,Maharashtra,India
appbrowzer,Consumer Internet,Bangalore,4.15,Seed,Deepak Gurunknownni,2017,March,Consumer Internet,Bangalore,Karnataka,India
magicbricks,Consumer Internet,Mumbai,37.35,Private Equity,Times Internet Ltd,2017,March,Consumer Internet,Mumbai,Maharashtra,India
peebuddy,Healthcare,Delhi,3.68,Seed,Indian Angel Network,2017,March,HealthTech,Delhi,Delhi,India
lavelle networks,Technology,Bangalore,4.98,Seed,Ideaspring Capital,2017,March,Enterprise / SaaS,Bangalore,Karnataka,India
latestone,Ecommerce,Hyderabad,27.8,Private Equity,"Florintree, Mathew Cyriac, Chidambaram Palaniappan, Bharat Sheth",2017,March,Ecommerce / Retail,Hyderabad,Telangana,India
frapperz,Consumer Internet,Kolkata,0.83,Seed,Unknown Investor,2017,March,Consumer Internet,Kolkata,West Bengal,India
mpaani,Consumer Internet,Mumbai,11.21,Private Equity,"Idg Ventures, Blume Ventures, Saha Fund",2017,March,Consumer Internet,Mumbai,Maharashtra,India
popxo,Consumer Internet,Delhi,25.73,Private Equity,"Gree Ventures, Kalaari Capital And Idg Ventures India, Summit Media, Atul Goel, And Gurpreet Singh",2017,March,Consumer Internet,Delhi,Delhi,India
fitso,Consumer Internet,Gurgaon,1.66,Seed,"Sujeet Kumar, Bhupender Singh, Yashish Dhaiya",2017,March,Consumer Internet,Gurgaon,Haryana,India
flipkart,Ecommerce,Bangalore,0.1,Private Equity,"Microsoft, Ebay, Tencent Holdings",2017,March,Ecommerce / Retail,Bangalore,Karnataka,India
airpay,Technology,Mumbai,30.46,Private Equity,"Kalaari Capital, Rakesh And Rajesh Jhunjhunwala",2017,March,Enterprise / SaaS,Mumbai,Maharashtra,India
myglamm,Consumer Internet,Mumbai,43.99,Private Equity,L\\Xe2\\X80\\X99Occitane,2017,March,Consumer Internet,Mumbai,Maharashtra,India
haqdarshak,Consumer Internet,Bangalore,1.59,Seed,"Ravi Saxeunknown, Sandeep Raju",2017,March,Consumer Internet,Bangalore,Karnataka,India
ixigo,Consumer Internet,Gurgaon,124.5,Private Equity,"Sequoia Capital, Kinzon Capital",2017,March,Consumer Internet,Gurgaon,Haryana,India
markets and markets,Technology,Pune,464.8,Private Equity,"Ftv Capital, Zodius Capital",2017,March,Enterprise / SaaS,Pune,Maharashtra,India
bizom,Technology,Bangalore,3.17,Seed,Ojas Ventures,2017,March,Enterprise / SaaS,Bangalore,Karnataka,India
delhivery,Technology,Delhi,830.0,Private Equity,"Carlyle Group, Tiger Global",2017,March,Enterprise / SaaS,Delhi,Delhi,India
fynd,Ecommerce,Mumbai,4.15,Private Equity,Venture Catalysts,2017,March,Ecommerce / Retail,Mumbai,Maharashtra,India
donething,Consumer Internet,Gurgaon,2.49,Private Equity,Brand Capital,2017,March,Consumer Internet,Gurgaon,Haryana,India
ithaka,Consumer Internet,Mumbai,2.7,Seed,"Ankit Gupta, Puneet Motihar",2017,March,Consumer Internet,Mumbai,Maharashtra,India
perpule,Ecommerce,Bangalore,5.39,Seed,Kstart Capital,2017,March,Ecommerce / Retail,Bangalore,Karnataka,India
licious,Ecommerce,Bangalore,83.0,Private Equity,"Mayfield India, 3One4 Capital, Sistema Asia Fund, Neoplux Technology Fund",2017,March,Ecommerce / Retail,Bangalore,Karnataka,India
medinfi,Consumer Internet,Bangalore,0.41,Seed,"Vinod Martin, Hemant Kaul, Prof. Ram Kumar Kakani, Others",2017,March,Consumer Internet,Bangalore,Karnataka,India
jhakaas,Consumer Internet,Mumbai,1.29,Seed,"Malini Patel, Stelcore Maunknowngement Services, Anjani Prasad",2017,March,Consumer Internet,Mumbai,Maharashtra,India
oriano solar,Technology,Mumbai,24.9,Private Equity,Samridhi Fund,2017,March,Enterprise / SaaS,Mumbai,Maharashtra,India
bigbasket,Ecommerce,Bangalore,58.1,Private Equity,Trifecta Capital,2017,March,Ecommerce / Retail,Bangalore,Karnataka,India
icertis,Technology,Pune,207.5,Private Equity,"B Capital Group, Ignition Partners, Greycroft, E.Ventures, \\Xc2\\Xa0 Eight Roads Ventures",2017,March,Enterprise / SaaS,Pune,Maharashtra,India
capital float,Consumer Internet,Bangalore,20.75,Private Equity,Ifmr Capital Fiunknownnce,2017,February,Consumer Internet,Bangalore,Karnataka,India
inner hour,Consumer Internet,Mumbai,3.73,Seed,"Batlivala, Karani Securities, Venture Works",2017,February,Consumer Internet,Mumbai,Maharashtra,India
travel triangle,Consumer Internet,Noida,83.0,Private Equity,"Rb Investments, Saif Partners, Bessemer Venture Partners",2017,February,Consumer Internet,Noida,Uttar Pradesh,India
wandertrails,Consumer Internet,Bangalore,8.3,Seed,Earlsfield Capital,2017,February,Consumer Internet,Bangalore,Karnataka,India
zenatix,Technology,Gurgaon,9.96,Private Equity,"Pi Ventures, Blume Ventures",2017,February,Enterprise / SaaS,Gurgaon,Haryana,India
cartrade,Consumer Internet,Mumbai,456.5,Private Equity,Temasek Holdings,2017,February,Consumer Internet,Mumbai,Maharashtra,India
edurev,Consumer Internet,Gurgaon,0.33,Seed,Facebook Fb Start Programme,2017,February,Consumer Internet,Gurgaon,Haryana,India
voonik,Ecommerce,Bangalore,49.8,Private Equity,"Rb Investments, Sequoia Capital",2017,February,Ecommerce / Retail,Bangalore,Karnataka,India
wooplr,Ecommerce,Bangalore,66.4,Private Equity,"Sistema Asia Fund, Amereus Group, Helion Ventures",2017,February,Ecommerce / Retail,Bangalore,Karnataka,India
48east,Ecommerce,Bangalore,4.15,Private Equity,Al Dhaheri Family,2017,February,Ecommerce / Retail,Bangalore,Karnataka,India
sigtuple,Technology,Bangalore,48.14,Private Equity,"Accel, Idg Ventures, Endiya Partners, Pi Ventures, Vh Capital, Axilor Partners",2017,February,Enterprise / SaaS,Bangalore,Karnataka,India
flutura,Technology,Bangalore,62.25,Private Equity,"Vertex Ventures, Lumis Partners",2017,February,Enterprise / SaaS,Bangalore,Karnataka,India
wassup,Consumer Internet,Chennai,26.56,Private Equity,"Anil Jain, Other Hnis",2017,February,Consumer Internet,Chennai,Tamil Nadu,India
better mortgage,Consumer Internet,Gurgaon,124.5,Private Equity,"Kleiner Perkins, Goldman Sachs, Pine Brook",2017,February,Consumer Internet,Gurgaon,Haryana,India
nurturey,Consumer Internet,Delhi,2.74,Seed,"Mohit Joshi, Others",2017,February,Consumer Internet,Delhi,Delhi,India
fyle,Technology,Bangalore,3.32,Seed,Pravega Ventures,2017,February,Enterprise / SaaS,Bangalore,Karnataka,India
gobumpr,Consumer Internet,Chennai,2.49,Seed,"Mahalingam K, Girish Mathrubootham",2017,February,Consumer Internet,Chennai,Tamil Nadu,India
ccavenue,Consumer Internet,Mumbai,185.92,Private Equity,Infibeam,2017,February,Consumer Internet,Mumbai,Maharashtra,India
zestmoney,Consumer Internet,Bangalore,53.95,Private Equity,"Payu, Ribbit Capital, Omidyar Network",2017,February,Consumer Internet,Bangalore,Karnataka,India
airzaar,Technology,Missourie,2.9,Seed,Quake Capital,2017,February,Enterprise / SaaS,,,
truebil,Consumer Internet,Mumbai,24.9,Private Equity,Shunwei Capital,2017,February,Consumer Internet,Mumbai,Maharashtra,India
yourstory,Consumer Internet,Bangalore,24.9,Private Equity,"Kalaari Capital Partners, Qualcomm, 3One4 Capital Advisors, Ucunknownrnt",2017,February,Consumer Internet,Bangalore,Karnataka,India
imaginate,Technology,Hyderabad,4.15,Seed,Sri Capital,2017,February,Enterprise / SaaS,Hyderabad,Telangana,India
the ken,Consumer Internet,Bangalore,3.32,Seed,"Aprameya Radhakrishunknown, Deepak Natraj, Girish Mathrubootham, Mahesh Murthy, Pallav Nadhani, Pavan Ongole, Sandeep Mathur, Vijay Shekhar Sharma, Others",2017,February,Consumer Internet,Bangalore,Karnataka,India
urban ladder,Ecommerce,Bangalore,126.16,Private Equity,"Kalaari Capital, Saif Partners, Steadview Capital, Sequoia Capital",2017,February,Ecommerce / Retail,Bangalore,Karnataka,India
leopetra,Ecommerce,Mumbai,0.33,Seed,Facebook Fbstart,2017,February,Ecommerce / Retail,Mumbai,Maharashtra,India
blood n care,Consumer Internet,Gurgaon,0.33,Seed,Facebook Fbstart,2017,February,Consumer Internet,Gurgaon,Haryana,India
flipkart,Ecommerce,Bangalore,321.21,Private Equity,"Bennett, Coleman And Co. Ltd (Bccl)",2017,February,Ecommerce / Retail,Bangalore,Karnataka,India
true balance,Consumer Internet,Gurgaon,124.5,Private Equity,"Softbank Ventures Korea, Imm Investment",2017,February,Consumer Internet,Gurgaon,Haryana,India
vebbler,Consumer Internet,Bangalore,0.33,Seed,Facebook Fbstart,2017,February,Consumer Internet,Bangalore,Karnataka,India
get my parking,Consumer Internet,Delhi,9.13,Private Equity,"Indian Angel Network (Ian), Beenext, The Chenunknowni Angels, Sunil Munjal",2017,February,Consumer Internet,Delhi,Delhi,India
biryani by kilo,Consumer Internet,Gurgaon,3.11,Seed,"Chandigarh Angels, Ashish Gupta, Rohit, Ashish Chand, Sunil Singh, Others",2017,February,Consumer Internet,Gurgaon,Haryana,India
johari shop,Ecommerce,Bangalore,0.78,Seed,Unknown Investors,2017,February,Ecommerce / Retail,Bangalore,Karnataka,India
neostencil,Consumer Internet,Delhi,8.3,Private Equity,"Brand Capital, Paragon Trust",2017,February,Consumer Internet,Delhi,Delhi,India
black buck,Logistics,Bangalore,581.0,Private Equity,"Sands Capital, Ifc, Accel, Flipkart, Sanjiv Rangrass",2017,February,Logistics / Supply Chain,Bangalore,Karnataka,India
taxsutra,Consumer Internet,Pune,3.04,Seed,"Tv Mohandas Pai, V Balakrishunknownn, Pv Srinivasan",2017,January,Consumer Internet,Pune,Maharashtra,India
tempogo,Technology,Panaji,6.85,Seed,K2 Capital,2017,January,Enterprise / SaaS,Panaji,Goa,India
leap,Logistics,Mumbai,107.9,Private Equity,"India Nivesh Growth Fund, Sixth Sense, Tci Ventures",2017,January,Logistics / Supply Chain,Mumbai,Maharashtra,India
freecharge,Consumer Internet,Mumbai,473.1,Private Equity,Jasper Infotech Pvt Ltd,2017,January,Consumer Internet,Mumbai,Maharashtra,India
ticketnew,Consumer Internet,Chennai,290.5,Private Equity,Alibaba Pictures,2017,January,Consumer Internet,Chennai,Tamil Nadu,India
intelligence node,Technology,Mumbai,6.64,Private Equity,Blacksoil Capital Pvt Ltd,2017,January,Enterprise / SaaS,Mumbai,Maharashtra,India
securens,Technology,Mumbai,41.5,Private Equity,"Mayfield India, Trifecta Capital",2017,January,Enterprise / SaaS,Mumbai,Maharashtra,India
loan frame,Consumer Internet,Gurgaon,18.68,Private Equity,"Vedanta Capital, William Campbell, Toos N Daruvala",2017,January,Consumer Internet,Gurgaon,Haryana,India
medinfi,Consumer Internet,Bangalore,0.83,Seed,"Vinod Martin, Evan Lim, Kanchan Ghoshal, Ram Kumar Kakani",2017,January,Consumer Internet,Bangalore,Karnataka,India
lenskart,Ecommerce,Bangalore,29.05,Private Equity,Ronnie Screwvala,2017,January,Ecommerce / Retail,Bangalore,Karnataka,India
hanselio,Consumer Internet,Bangalore,11.21,Private Equity,"Idg Ventures, Endiya Partners",2017,January,Consumer Internet,Bangalore,Karnataka,India
square yards,Consumer Internet,Gurgaon,83.0,Private Equity,"Lohia Group, Andre Hoffman",2017,January,Consumer Internet,Gurgaon,Haryana,India
roambee,Technology,Mumbai,34.03,Private Equity,"Deutsche Telekom Strategic Investments, Others",2017,January,Enterprise / SaaS,Mumbai,Maharashtra,India
iservice,Consumer Internet,Bangalore,3.65,Seed,"Blume Ventures, Girish Mathrubootham, Aprameya Radhakrishunknown",2017,January,Consumer Internet,Bangalore,Karnataka,India
unacademy,Consumer Internet,Bangalore,37.35,Private Equity,"Nexus Venture Partners, Blume Ventures",2017,January,Consumer Internet,Bangalore,Karnataka,India
zolostays,Consumer Internet,Bangalore,41.5,Private Equity,"Nexus Venture Partners, Innoven Capital",2017,January,Consumer Internet,Bangalore,Karnataka,India
hipcouch,Consumer Internet,Mumbai,5.81,Seed,Unknown Investors,2017,January,Consumer Internet,Mumbai,Maharashtra,India
curiositi,Consumer Internet,Bangalore,6.64,Private Equity,"Menterra Social Impact Fund, Unitus Seed Fund",2017,January,Consumer Internet,Bangalore,Karnataka,India
tinystep,Consumer Internet,Bangalore,16.6,Private Equity,Flipkart,2017,January,Consumer Internet,Bangalore,Karnataka,India
practo,Consumer Internet,Bangalore,456.5,Private Equity,"Tencent, \\Xc2\\Xa0 Ruunknownnet, Rsi Fund, Thrive Capital",2017,January,Consumer Internet,Bangalore,Karnataka,India
ketchupp,Consumer Internet,Delhi,3.66,Seed,India Quotient And Others,2017,January,Consumer Internet,Delhi,Delhi,India
hoopy,Consumer Internet,Gwalior,4.15,Seed,Undisclosed Investors,2017,January,Consumer Internet,Gwalior,Madhya Pradesh,India
ezytruk,Consumer Internet,Bangalore,1.22,Seed,"Ajith Nair, Anish K",2017,January,Consumer Internet,Bangalore,Karnataka,India
vahdam teas,Ecommerce,Delhi,5.39,Seed,"Mumbai Angels Network, Fireside Ventures, Singapore Angel Network",2017,January,Ecommerce / Retail,Delhi,Delhi,India
qwikspec,Technology,Bangalore,2.49,Seed,Unknown Investors,2017,January,Enterprise / SaaS,Bangalore,Karnataka,India
weddingzin,Consumer Internet,Mumbai,8.3,Private Equity,Singularity Ventures,2017,January,Consumer Internet,Mumbai,Maharashtra,India
messagif,Consumer Internet,Delhi,0.41,Seed,Unknown Investor,2017,January,Consumer Internet,Delhi,Delhi,India
cuemath,Technology,Delhi,124.5,Private Equity,"Capitalg, Sequoia India",2017,January,Enterprise / SaaS,Delhi,Delhi,India
khel now,Consumer Internet,Bangalore,4.15,Private Equity,Indochine Interunknowntiounknownl,2017,January,Consumer Internet,Bangalore,Karnataka,India
nowfloats,Consumer Internet,Hyderabad,83.0,Private Equity,"Iron Pillar And Iifl, Blume Ventures, Omidyar Network",2017,January,Consumer Internet,Hyderabad,Telangana,India
lets transport,Consumer Internet,Bangalore,33.2,Private Equity,"Gmo Japan, Neelesh Bhatunknowngar",2017,January,Consumer Internet,Bangalore,Karnataka,India
rml agtech,Technology,Pune,33.2,Private Equity,Ivycap Ventures,2017,January,Enterprise / SaaS,Pune,Maharashtra,India
instasafe,Technology,Bangalore,18.26,Private Equity,Abm Knowledgeware,2017,January,Enterprise / SaaS,Bangalore,Karnataka,India
infibeam,Ecommerce,Ahmedabad,73.04,Private Equity,"Bennett, Coleman And Company Ltd",2017,January,Ecommerce / Retail,Ahmedabad,Gujarat,India
airmed labs,Consumer Internet,Ahmedabad,11.62,Private Equity,Brand Capital,2017,January,Consumer Internet,Ahmedabad,Gujarat,India
99perhour,Consumer Internet,Chennai,2.49,Seed,V Aaunknownnd R,2017,January,Consumer Internet,Chennai,Tamil Nadu,India
intuit things,Technology,Mumbai,0.88,Seed,"Sanjay Mehta, Others ( The Ten Minute Million)",2017,January,Enterprise / SaaS,Mumbai,Maharashtra,India
cloudrino,Technology,Delhi,0.19,Seed,The Ten Minute Million,2017,January,Enterprise / SaaS,Delhi,Delhi,India
fabx,Ecommerce,Mumbai,0.56,Seed,The Ten Minute Million,2017,January,Ecommerce / Retail,Mumbai,Maharashtra,India
maptags,Consumer Internet,Bangalore,0.15,Seed,The Ten Minute Million,2017,January,Consumer Internet,Bangalore,Karnataka,India
heads up for tails,Ecommerce,Delhi,16.6,Private Equity,Unknown Investors,2017,January,Ecommerce / Retail,Delhi,Delhi,India
sidqam,Technology,Noida,9.96,Private Equity,"Sque Capital, Grace Capital Ventures, Soham Vencaps",2016,December,Enterprise / SaaS,Noida,Uttar Pradesh,India
lends,Consumer Internet,Delhi,33.2,Private Equity,"Dsg Consumer Partners, American Express Ventures, Cyber Carrier Vc, Advantedge Partners",2016,December,Consumer Internet,Delhi,Delhi,India
slide app,Consumer Internet,Delhi,29.88,Private Equity,Songhyun Investment,2016,December,Consumer Internet,Delhi,Delhi,India
badiyajobs,Consumer Internet,Delhi,0.83,Seed,Unknown,2016,December,Consumer Internet,Delhi,Delhi,India
tygr,Technology,Mumbai,24.9,Private Equity,Franchise India,2016,December,Enterprise / SaaS,Mumbai,Maharashtra,India
urdoorstep,Ecommerce,Bangalore,11.62,Private Equity,"Lakshmi Vilas Bank, Undisclosed Hnis",2016,December,Ecommerce / Retail,Bangalore,Karnataka,India
diro labs,Consumer Internet,Delhi,1.22,Seed,Info Edge (India),2016,December,Consumer Internet,Delhi,Delhi,India
revv,Consumer Internet,Delhi,74.7,Private Equity,Edelweiss Private Equity,2016,December,Consumer Internet,Delhi,Delhi,India
wealthapp,Consumer Internet,Bangalore,3.65,Seed,"Venk Krishunknownn, Mj Aravind, Vikram Kotak, Jayant Davar, \\Xc2\\Xa0 Ramkumar Nishtal, Arjun Sharmaa",2016,December,Consumer Internet,Bangalore,Karnataka,India
zest money,Consumer Internet,Mumbai,53.95,Private Equity,Payu,2016,December,Consumer Internet,Mumbai,Maharashtra,India
gomechanic,Consumer Internet,Gurgaon,2.08,Seed,Venture Catalysts,2016,December,Consumer Internet,Gurgaon,Haryana,India
stalk buy love,Ecommerce,Delhi,49.8,Private Equity,Kalaari Capital,2016,December,Ecommerce / Retail,Delhi,Delhi,India
wittyparot,Technology,Bangalore,3.73,Seed,Mumbai Angels,2016,December,Enterprise / SaaS,Bangalore,Karnataka,India
neuroequilibrium,Technology,Jaipur,2.08,Seed,Unicorn India Ventures,2016,December,Enterprise / SaaS,Jaipur,Rajasthan,India
xseed education,Technology,Bangalore,83.0,Private Equity,Verlinvest Sa,2016,December,Enterprise / SaaS,Bangalore,Karnataka,India
rupaiya exchange,Consumer Internet,Delhi,1.66,Seed,Unknown Investors,2016,December,Consumer Internet,Delhi,Delhi,India
doctor insta,Consumer Internet,Gurgaon,16.6,Private Equity,Roundglass Partners,2016,December,Consumer Internet,Gurgaon,Haryana,India
fresh food concepts,Food,Delhi,16.6,Seed,"Siddhartha Gupta, Ashvin Chadha",2016,December,FoodTech,Delhi,Delhi,India
indifi,Consumer Internet,Gurgaon,83.0,Private Equity,Omidyar Network,2016,December,Consumer Internet,Gurgaon,Haryana,India
ofbusiness,Ecommerce,Gurgaon,92.13,Private Equity,"Zodius Technology Opportunities Fund, Matrix Partners",2016,December,Ecommerce / Retail,Gurgaon,Haryana,India
qacco,Consumer Internet,Gurgaon,1.25,Seed,"Lead Angels Network, Anbu Pandian, Prabhakar Mr, Others",2016,December,Consumer Internet,Gurgaon,Haryana,India
fitpass,Consumer Internet,Delhi,8.3,Seed,Mumbai Angels,2016,December,Consumer Internet,Delhi,Delhi,India
trading bells,Consumer Internet,Indore,2.47,Seed,Swastika Investmart Ltd,2016,December,Consumer Internet,Indore,Madhya Pradesh,India
servxe2x80x99d,Consumer Internet,Pune,0.83,Seed,Digital Fiunknownncial Service Lab,2016,December,Consumer Internet,Pune,Maharashtra,India
ideaforge,Technology,Mumbai,83.0,Private Equity,"Wrv Capital And Indusage Partners, Infosys Innovation Fund",2016,December,Enterprise / SaaS,Mumbai,Maharashtra,India
amagi media labs,Technology,Mumbai,290.5,Private Equity,"Emerald Media, Premji Invest",2016,December,Enterprise / SaaS,Mumbai,Maharashtra,India
pocket aces,Technology,Mumbai,24.9,Private Equity,"Sequoia Capital, North Base Media, Aarin Capital, 3One4 Capital, Axilor Ventures, Kuunknownl Shah, Sandeep Tandon",2016,December,Enterprise / SaaS,Mumbai,Maharashtra,India
pi data centers,Technology,Hyderabad,190.9,Private Equity,Epsilon Venture Partners,2016,December,Enterprise / SaaS,Hyderabad,Telangana,India
tripshelf,Consumer Internet,Delhi,1.02,Seed,"Gems Advisory, Quarizon",2016,December,Consumer Internet,Delhi,Delhi,India
nobroker,Consumer Internet,Bangalore,61.42,Private Equity,"Ktb Network, Saif Partners, Beenext, Digital Garage",2016,December,Consumer Internet,Bangalore,Karnataka,India
vivocarat,Ecommerce,Mumbai,0.41,Seed,Unknown Investors,2016,December,Ecommerce / Retail,Mumbai,Maharashtra,India
byjuxe2x80x99s,Consumer Internet,Bangalore,124.5,Private Equity,Interunknowntiounknownl Fiunknownncial Corporation,2016,December,Consumer Internet,Bangalore,Karnataka,India
the bluebook,Consumer Internet,Bangalore,4.15,Seed,"Indian Angel Network, Let\\Xe2\\X80\\X99S Venture",2016,December,Consumer Internet,Bangalore,Karnataka,India
vegetall,Ecommerce,Chennai,1.34,Seed,The Chenunknowni Angels,2016,December,Ecommerce / Retail,Chennai,Tamil Nadu,India
mindler,Consumer Internet,Delhi,2.69,Seed,Taxmann,2016,December,Consumer Internet,Delhi,Delhi,India
mcaffeine,Ecommerce,Bangalore,2.49,Seed,"Kaushal Agarwal, Harminder Sahani, Kk Mehra, Praunknowny Jivrajka, Navjot Saini",2016,December,Ecommerce / Retail,Bangalore,Karnataka,India
enkast,Technology,Bangalore,16.6,Private Equity,Ivy League Alumni Angel Network,2016,December,Enterprise / SaaS,Bangalore,Karnataka,India
dekkho,Consumer Internet,Mumbai,9.96,Seed,Undisclosed Investors,2016,December,Consumer Internet,Mumbai,Maharashtra,India
shadowfox,Logistics,Gurgaon,83.0,Private Equity,Eight Roads Ventures,2016,December,Logistics / Supply Chain,Gurgaon,Haryana,India
shopx,Ecommerce,Bangalore,41.5,Private Equity,Nandan Nilekani,2016,December,Ecommerce / Retail,Bangalore,Karnataka,India
healthifyme,Consumer Internet,Bangalore,8.3,Private Equity,Nb Ventures,2016,December,Consumer Internet,Bangalore,Karnataka,India
pickmylaundry,Consumer Internet,Delhi,1.66,Seed,"Kedar Lele, Ghv Accelerator",2016,November,Consumer Internet,Delhi,Delhi,India
freshdesk,Consumer Internet,Chennai,456.5,Private Equity,"Sequoia Capital, Accel",2016,November,Consumer Internet,Chennai,Tamil Nadu,India
laundryanna,Consumer Internet,Bangalore,1.25,Seed,Unknown Investors,2016,November,Consumer Internet,Bangalore,Karnataka,India
zarget,Technology,Chennai,49.8,Private Equity,Sequoia India,2016,November,Enterprise / SaaS,Chennai,Tamil Nadu,India
easypolicy,Consumer Internet,Noida,83.0,Private Equity,Unilazer Ventures,2016,November,Consumer Internet,Noida,Uttar Pradesh,India
connect,Logistics,Bangalore,8.3,Private Equity,Aavishkaar Venture Maunknowngement,2016,November,Logistics / Supply Chain,Bangalore,Karnataka,India
corseco,Technology,Delhi,1.25,Seed,"Ameera Shah, Vivek Bhargava",2016,November,Enterprise / SaaS,Delhi,Delhi,India
medzin,Ecommerce,Delhi,0.37,Seed,A M Sikander,2016,November,Ecommerce / Retail,Delhi,Delhi,India
bizongo,Ecommerce,Mumbai,24.9,Private Equity,"Idg Ventures, Accel",2016,November,Ecommerce / Retail,Mumbai,Maharashtra,India
rivigo,Technology,Gurgaon,622.5,Private Equity,Warburg Pincus,2016,November,Enterprise / SaaS,Gurgaon,Haryana,India
justride,Consumer Internet,Mumbai,24.9,Private Equity,"Justin Kan, Qasar Younis, Paul Bucche, Susa Ventures, Kima Ventures, Axan Venture, Scm Holdings",2016,November,Consumer Internet,Mumbai,Maharashtra,India
iim jobs,Consumer Internet,Delhi,16.6,Private Equity,India Quotient,2016,November,Consumer Internet,Delhi,Delhi,India
square yards,Consumer Internet,Gurgaon,99.6,Private Equity,Adag Reliance Private Equity,2016,November,Consumer Internet,Gurgaon,Haryana,India
golflan,Consumer Internet,Delhi,8.3,Private Equity,"Yournest Angel Fund, Ison",2016,November,Consumer Internet,Delhi,Delhi,India
activeai,Technology,Singapore,24.9,Private Equity,"Kalaari Capital, Idg Ventures India",2016,November,Enterprise / SaaS,,,Singapore
elasticrun,Technology,Pune,16.6,Private Equity,"Kalaari Capital, Norwest Venture Partners",2016,November,Enterprise / SaaS,Pune,Maharashtra,India
zefo,Ecommerce,Bangalore,49.8,Private Equity,"Sequoia India, Beenext, Helion Ventures",2016,November,Ecommerce / Retail,Bangalore,Karnataka,India
playsimple,Technology,Bangalore,33.2,Private Equity,"Saif Partners, Idg Ventures India",2016,November,Enterprise / SaaS,Bangalore,Karnataka,India
stasis labs,Technology,Bangalore,41.5,Private Equity,"Rtpunknownhc, Wonder Ventures, Techstars Ventures, Others",2016,November,Enterprise / SaaS,Bangalore,Karnataka,India
koovs,Ecommerce,Delhi,112.05,Private Equity,"Times Of India Group, Existing Investors",2016,November,Ecommerce / Retail,Delhi,Delhi,India
pictor imaging,Consumer Internet,Mumbai,1.22,Seed,Quarizon,2016,November,Consumer Internet,Mumbai,Maharashtra,India
gramcover,Fintech,Delhi,8.3,Seed,Omnivore Capital,2016,November,FinTech,Delhi,Delhi,India
bats on delivery,Consumer Internet,Gurgaon,0.75,Seed,Devdeep Singh,2016,November,Consumer Internet,Gurgaon,Haryana,India
numberzin,Technology,Gurgaon,5.39,Seed,"Kae Capital, Khosla Impact",2016,November,Enterprise / SaaS,Gurgaon,Haryana,India
housingcom,Consumer Internet,Mumbai,41.5,Private Equity,SoftBank,2016,November,Consumer Internet,Mumbai,Maharashtra,India
awesummly,Consumer Internet,Bangalore,1.22,Seed,"Vivek Bhargava, Ameera Shah",2016,November,Consumer Internet,Bangalore,Karnataka,India
vymo,Technology,Bangalore,41.5,Private Equity,Sequoia India,2016,November,Enterprise / SaaS,Bangalore,Karnataka,India
noddapp,Consumer Internet,Mumbai,1.22,Seed,Unknown Multiple Investors,2016,November,Consumer Internet,Mumbai,Maharashtra,India
knowlarity,Consumer Internet,Bangalore,166.0,Private Equity,"Delta Partners, Sequoia India, \\Xc2\\Xa0 Mayfield, Blacksoil, Trifecta Capital",2016,November,Consumer Internet,Bangalore,Karnataka,India
infisecure,Technology,Mumbai,4.98,Seed,"Idg Ventures, Axilor Ventures",2016,November,Enterprise / SaaS,Mumbai,Maharashtra,India
udaan,Ecommerce,Bangalore,83.0,Private Equity,"Lightspeed Venture Partners India, Lightspeed Us",2016,November,Ecommerce / Retail,Bangalore,Karnataka,India
sharechat,Consumer Internet,Mumbai,33.2,Private Equity,"Lightspeed, Saif Partners, India Quotient, Venture Highway",2016,November,Consumer Internet,Mumbai,Maharashtra,India
kloseby,Consumer Internet,Bangalore,0.83,Seed,Unknown Investor,2016,November,Consumer Internet,Bangalore,Karnataka,India
wholesalebox,Ecommerce,Jaipur,16.6,Private Equity,"Manish Maheshwari, Contrarian Vriddhi Fund",2016,November,Ecommerce / Retail,Jaipur,Rajasthan,India
affordplan,Consumer Internet,Delhi,24.9,Private Equity,"Prime Venture Partners, Kalaari Capital",2016,November,Consumer Internet,Delhi,Delhi,India
handytrain,Consumer Internet,Goa,8.3,Private Equity,"Silver Range Investments, Lumiunknown Datamatics, Shun Yoshida, Others",2016,November,Consumer Internet,Panaji,Goa,India
shopsup,Ecommerce,Bangalore,7.99,Seed,"Aunknownnd Sankeshwar, Yang Shu",2016,November,Ecommerce / Retail,Bangalore,Karnataka,India
indofash,Ecommerce,Bangalore,1.25,Seed,"Shekhar Sahu, Nitesh Pant",2016,November,Ecommerce / Retail,Bangalore,Karnataka,India
entropika,Technology,Bangalore,1.66,Seed,"Dileep Bhatt, Milind Chaudhary",2016,November,Enterprise / SaaS,Bangalore,Karnataka,India
marianaiq,Technology,Bangalore,16.6,Private Equity,Exfinity Venture Partners,2016,November,Enterprise / SaaS,Bangalore,Karnataka,India
chai thela,Food,Noida,1.81,Seed,Quarizon,2016,November,FoodTech,Noida,Uttar Pradesh,India
interviewpad,Technology,Pune,0.83,Seed,Krishunknown Rokhale,2016,November,Enterprise / SaaS,Pune,Maharashtra,India
math buddy,Consumer Internet,Vadodara,3.65,Seed,Menterra Social Impact Fund,2016,November,Consumer Internet,Vadodara,Gujarat,India
pulse,Consumer Internet,Bangalore,4.15,Private Equity,Saif Partners,2016,November,Consumer Internet,Bangalore,Karnataka,India
carcrewin,Consumer Internet,Mumbai,4.15,Seed,Tvs Group,2016,November,Consumer Internet,Mumbai,Maharashtra,India
mystifly,Consumer Internet,Bangalore,41.5,Private Equity,Recruit Holdings,2016,October,Consumer Internet,Bangalore,Karnataka,India
uniphore,Technology,Chennai,16.6,Private Equity,"Idg Ventures, Indian Angel Network (Ian), Yournest Angel Fund",2016,October,Enterprise / SaaS,Chennai,Tamil Nadu,India
world art community,Ecommerce,Gurgaon,1.66,Seed,"Viraj Tyagi, Others",2016,October,Ecommerce / Retail,Gurgaon,Haryana,India
giftxoxo,Ecommerce,Bangalore,3.73,Private Equity,"Mahindra Holidays, Resorts India Ltd",2016,October,Ecommerce / Retail,Bangalore,Karnataka,India
gifts portal,Ecommerce,Noida,16.6,Private Equity,"Naveen Arya, Tarun Joshi",2016,October,Ecommerce / Retail,Noida,Uttar Pradesh,India
moglix,Ecommerce,Noida,34.86,Private Equity,"Accel, Jungle Ventures, Seedplus",2016,October,Ecommerce / Retail,Noida,Uttar Pradesh,India
netlinx,Consumer Internet,Hyderabad,24.9,Private Equity,"Xchange Investors Nv, Transglobal Fzc",2016,October,Consumer Internet,Hyderabad,Telangana,India
remitr,Consumer Internet,Mumbai,8.3,Seed,"Vijay Shekhar Sharma, Pravin Gandhi, \\Xc2\\Xa0 Smart Start Fund; Kuunknownl Shah, \\Xc2\\Xa0 Sandeep Tandon, Vishal Gondal, Others",2016,October,Consumer Internet,Mumbai,Maharashtra,India
innerchef,Consumer Internet,Gurgaon,20.75,Private Equity,"Mistletoe, M, S Partners",2016,October,Consumer Internet,Gurgaon,Haryana,India
appsdaily,Consumer Internet,Mumbai,31.12,Private Equity,"Zodius Capital, Kalaari Capital, Qualcomm Ventures, Russian Venture Capital Fund Ruunknownnet, Mumbai Angels",2016,October,Consumer Internet,Mumbai,Maharashtra,India
ue lifesciences,Technology,Mumbai,9.96,Private Equity,"Kiran Mazumdarunknownshaw, Unitus Seed Fund",2016,October,Enterprise / SaaS,Mumbai,Maharashtra,India
realbox,Technology,Noida,2.49,Seed,Hyderabad Angels,2016,October,Enterprise / SaaS,Noida,Uttar Pradesh,India
gozefo,Ecommerce,Bangalore,8.71,Private Equity,"Helion Venture Partners, Beenext",2016,October,Ecommerce / Retail,Bangalore,Karnataka,India
rayiot,Technology,Bangalore,0.83,Seed,Hax Accelerator,2016,October,Enterprise / SaaS,Bangalore,Karnataka,India
kooh sports,Technology,Mumbai,18.26,Private Equity,"Hdfc, Faering Capital, Elevate Sports",2016,October,Enterprise / SaaS,Mumbai,Maharashtra,India
flexiloans,Consumer Internet,Mumbai,124.5,Private Equity,"Sanjay Nayar, Vikram Sud, Anil Jaggia, Narayan Seshadri",2016,October,Consumer Internet,Mumbai,Maharashtra,India
vithicom,Ecommerce,Delhi,3.11,Seed,Undisclosed Investor,2016,October,Ecommerce / Retail,Delhi,Delhi,India
yupp tv,Consumer Internet,Bangalore,415.0,Private Equity,Emerald Media,2016,October,Consumer Internet,Bangalore,Karnataka,India
deyor camps,Consumer Internet,Gurgaon,4.15,Seed,"Nitin Passi, Manickam Mahalingam, Udaan Angels, Rajesh Arora, Arkas Industries",2016,October,Consumer Internet,Gurgaon,Haryana,India
faballey,Ecommerce,Noida,16.6,Private Equity,"India Quotient, Fao Ventures, Indian Angel Network, Tushar Singh, Ranjan Sharma",2016,October,Ecommerce / Retail,Noida,Uttar Pradesh,India
robovac,Technology,Ahmedabad,3.73,Seed,Virendra Patel,2016,October,Enterprise / SaaS,Ahmedabad,Gujarat,India
newspatrolling,Consumer Internet,Delhi,0.21,Seed,Unknown,2016,October,Consumer Internet,Delhi,Delhi,India
postman,Consumer Internet,Bangalore,58.1,Private Equity,Nexus Venture Partners,2016,October,Consumer Internet,Bangalore,Karnataka,India
isfc,Fintech,Hyderabad,49.8,Private Equity,Gray Matters Capital,2016,October,FinTech,Hyderabad,Telangana,India
dailyhunt,Consumer Internet,Bangalore,207.5,Private Equity,"Bytedance, Arun Sarin, Matrix Partners, Sequoia Capital, Omidyar Network, \\Xc2\\Xa0 Falcon Edge",2016,October,Consumer Internet,Bangalore,Karnataka,India
tazzo bikes,Consumer Internet,Hyderabad,1.88,Seed,Dsg Consumer Partners,2016,October,Consumer Internet,Hyderabad,Telangana,India
mykindofjob,Consumer Internet,Mumbai,8.3,Seed,"Mayank Shah, Shreyans Shah",2016,October,Consumer Internet,Mumbai,Maharashtra,India
yumigo,Consumer Internet,Gurgaon,2.49,Seed,Hemant Sahni,2016,October,Consumer Internet,Gurgaon,Haryana,India
rentalpha,Other,Mumbai,132.8,Private Equity,Bravia Capital,2016,October,Others,Mumbai,Maharashtra,India
3dexter,Technology,Delhi,1.25,Seed,Newbie Promoters,2016,October,Enterprise / SaaS,Delhi,Delhi,India
mysun,Technology,Noida,20.75,Private Equity,General Catalyst Partners,2016,October,Enterprise / SaaS,Noida,Uttar Pradesh,India
furlenco,Consumer Internet,Bangalore,249.0,Private Equity,"Lightbox Ventures, Axis Capital, Others",2016,October,Consumer Internet,Bangalore,Karnataka,India
fisdom,Consumer Internet,Bangalore,9.13,Private Equity,"Saama Capital, Raghuunknownndan G, Aprameya Radhakrishunknown",2016,October,Consumer Internet,Bangalore,Karnataka,India
actofit,Technology,Mumbai,6.22,Private Equity,Next Orbit Ventures Fund,2016,October,Enterprise / SaaS,Mumbai,Maharashtra,India
chatongo,Consumer Internet,Mumbai,2.49,Seed,Jaunknownk Jain,2016,October,Consumer Internet,Mumbai,Maharashtra,India
healthians,Consumer Internet,Gurgaon,24.9,Private Equity,Beenext,2016,October,Consumer Internet,Gurgaon,Haryana,India
box8,Consumer Internet,Mumbai,62.25,Private Equity,"Iifl Seed Ventures Fund, Mayfield Ventures",2016,October,Consumer Internet,Mumbai,Maharashtra,India
kredx,Ecommerce,Bangalore,49.8,Private Equity,Sequoia Capital,2016,October,Ecommerce / Retail,Bangalore,Karnataka,India
creditmate,Consumer Internet,Mumbai,4.15,Seed,India Quotient,2016,October,Consumer Internet,Mumbai,Maharashtra,India
soopermo,Technology,Gurgaon,0.83,Seed,Lalit Vase,2016,October,Enterprise / SaaS,Gurgaon,Haryana,India
orangetwig,Consumer Internet,Delhi,8.3,Seed,Unknown Investor,2016,October,Consumer Internet,Delhi,Delhi,India
the kettlery,Ecommerce,Ahmedabad,8.3,Private Equity,"Hooting Starts Sports Llp, Franchise India Brands",2016,October,Ecommerce / Retail,Ahmedabad,Gujarat,India
idea bubbles,Consumer Internet,Bangalore,5.81,Private Equity,"1Crowd, Eureka Forbes Ltd, Shapoorji Pallonji, Co. Ltd.",2016,October,Consumer Internet,Bangalore,Karnataka,India
fr8,Technology,Chennai,8.06,Private Equity,Omnivore Partners,2016,October,Enterprise / SaaS,Chennai,Tamil Nadu,India
ather energy,Technology,Bangalore,224.1,Private Equity,Hero Motocorp,2016,October,Enterprise / SaaS,Bangalore,Karnataka,India
velmenni,Technology,Delhi,0.83,Seed,Kalaari Capital,2016,October,Enterprise / SaaS,Delhi,Delhi,India
volta motors,Technology,Chennai,0.83,Seed,Kalaari Capital,2016,October,Enterprise / SaaS,Chennai,Tamil Nadu,India
cyclops,Technology,Bangalore,0.83,Seed,Kalaari Capital,2016,October,Enterprise / SaaS,Bangalore,Karnataka,India
impact analytics,Technology,Bangalore,6.22,Private Equity,"Aarin Capital, Michael Herzig, Ashish Lakhanpal",2016,October,Enterprise / SaaS,Bangalore,Karnataka,India
talent next,Consumer Internet,Mumbai,8.3,Seed,"Karanpal Singh, Others",2016,October,Consumer Internet,Mumbai,Maharashtra,India
mihup,Technology,Kolkata,55.61,Private Equity,Accel,2016,September,Enterprise / SaaS,Kolkata,West Bengal,India
eshakti,Ecommerce,Chennai,11.21,Private Equity,"Infiunknown Fiunknownnce Pvt. Ltd, Uday Kotak",2016,September,Ecommerce / Retail,Chennai,Tamil Nadu,India
cheersoye,Consumer Internet,Mumbai,4.15,Seed,Unknown Investors,2016,September,Consumer Internet,Mumbai,Maharashtra,India
bigstylist,Consumer Internet,Mumbai,7.47,Private Equity,Info Edge (India) Ltd,2016,September,Consumer Internet,Mumbai,Maharashtra,India
zilingo,Ecommerce,Bangalore,66.4,Private Equity,"Venturra Capital, Sequoia India, Susquehanunknown Interunknowntiounknownl Group.\\Xc2\\Xa0 Wavemaker Partners, Beenext, Beenos, Digital Garage",2016,September,Ecommerce / Retail,Bangalore,Karnataka,India
alternacare,Consumer Internet,Delhi,4.15,Seed,Eros Labs,2016,September,Consumer Internet,Delhi,Delhi,India
simplilearn,Edtech,Bangalore,49.8,Private Equity,Innoven Capital India,2016,September,Enterprise / SaaS,Bangalore,Karnataka,India
prozo,Ecommerce,Gurgaon,2.61,Seed,"Earlsfield Capital, Sailender Solanki, Rajiv Solanki",2016,September,Ecommerce / Retail,Gurgaon,Haryana,India
toprankers,Edtech,Bangalore,5.56,Seed,"Careernet Consulting Pvt. Ltd, Ideation Initiative Pvt. Ltd",2016,September,Enterprise / SaaS,Bangalore,Karnataka,India
buildtraders,Ecommerce,Bangalore,1.66,Seed,Idein Ventures,2016,September,Ecommerce / Retail,Bangalore,Karnataka,India
byjuxe2x80x99s,Edtech,Bangalore,415.0,Private Equity,"Chan Zuckerberg Initiative, Times Internet Ltd, Sequoia Capital, Sofiunknown, Lightspeed Ventures",2016,September,Enterprise / SaaS,Bangalore,Karnataka,India
cureinstant,Consumer Internet,Delhi,1.25,Seed,Dr. Rameshwar Kumar,2016,September,Consumer Internet,Delhi,Delhi,India
poshtic,Consumer Internet,Noida,3.73,Seed,"Havya Sharma, Amit Nagar",2016,September,Consumer Internet,Noida,Uttar Pradesh,India
purple style labs,Consumer Internet,Mumbai,3.72,Seed,"Augment Ventures, Rahul Kayan, Nikhil Golcha, Shubham Gupta, Roy Kwan",2016,September,Consumer Internet,Mumbai,Maharashtra,India
inuxu,Technology,Pune,24.9,Private Equity,Fork Media,2016,September,Enterprise / SaaS,Pune,Maharashtra,India
nykaa,Ecommerce,Mumbai,102.09,Private Equity,"Sunil Munjal, Mariwala Family",2016,September,Ecommerce / Retail,Mumbai,Maharashtra,India
glam studios,Consumer Internet,Noida,2.49,Seed,"Pradeep Mirani, Aqeel Ahmed, Aunknownnd Ladsariya, Nitin Agarwal",2016,September,Consumer Internet,Noida,Uttar Pradesh,India
nearbuy,Consumer Internet,Gurgaon,20.75,Private Equity,Blacksoil Capital Pvt. Ltd.,2016,September,Consumer Internet,Gurgaon,Haryana,India
flocareer,Consumer Internet,Bangalore,1.25,Seed,"Balasubramanian Krishunknownmurthy, Sidhartha Hazarika, Others",2016,September,Consumer Internet,Bangalore,Karnataka,India
infeedo,Consumer Internet,Gurgaon,1.66,Seed,"Dheeraj Jain, Palash Jain, Anupam Mittal, Ameera Shah, \\Xc2\\Xa0 Vivek Bhargava, Rahul Singh, Ambarish Gupta",2016,September,Consumer Internet,Gurgaon,Haryana,India
furlenco,Ecommerce,Bangalore,41.5,Private Equity,Lightbox Ventures And Others,2016,September,Ecommerce / Retail,Bangalore,Karnataka,India
gopigeon,Consumer Internet,Bangalore,12.45,Private Equity,Nexus Venture Partners,2016,September,Consumer Internet,Bangalore,Karnataka,India
newsdistill,Consumer Internet,Hyderabad,0.83,Seed,"Ganesh Narasimhan, Ramaunknown Thumu, Sudhir Mallem",2016,September,Consumer Internet,Hyderabad,Telangana,India
doctorinsta,Consumer Internet,Gurgaon,8.3,Private Equity,Roundglass Partners,2016,September,Consumer Internet,Gurgaon,Haryana,India
milofy,Consumer Internet,Bangalore,6.22,Seed,Accel,2016,September,Consumer Internet,Bangalore,Karnataka,India
swiggy,Consumer Internet,Bangalore,124.5,Private Equity,Bessemer Venture Partners,2016,September,Consumer Internet,Bangalore,Karnataka,India
justlikenew,Ecommerce,Hyderabad,4.15,Seed,Letsventure,2016,September,Ecommerce / Retail,Hyderabad,Telangana,India
life,Consumer Internet,Bangalore,8.3,Seed,Unknown Investors,2016,September,Consumer Internet,Bangalore,Karnataka,India
pepperfry,Ecommerce,Mumbai,259.79,Private Equity,"Goldman Sachs Group, Zodius Technology Fund, Norwest Venture Partners, Bertelsmann India",2016,September,Ecommerce / Retail,Mumbai,Maharashtra,India
equickies,Ecommerce,Ahmedabad,2.47,Seed,Lothal Angel Ventures,2016,September,Ecommerce / Retail,Ahmedabad,Gujarat,India
khel now,Consumer Internet,Delhi,2.9,Seed,Anglian Omega Network,2016,September,Consumer Internet,Delhi,Delhi,India
gadgetwood,Consumer Internet,Delhi,49.8,Private Equity,Carpediem Capital,2016,September,Consumer Internet,Delhi,Delhi,India
flixy games,Technology,Bangalore,3.53,Seed,Rebright Partners,2016,September,Enterprise / SaaS,Bangalore,Karnataka,India
hashtaag,Technology,Bangalore,8.3,Seed,Unknown Investors,2016,September,Enterprise / SaaS,Bangalore,Karnataka,India
pharmarack,Technology,Pune,6.18,Private Equity,"Currae Healthtech Fund, Unicorn India Ventures",2016,September,Enterprise / SaaS,Pune,Maharashtra,India
xc2xa0cloudcherry,Technology,Chennai,49.8,Private Equity,"Vertex Ventures, Cisco Ventures, Idg Ventures",2016,September,Enterprise / SaaS,Chennai,Tamil Nadu,India
tinystep,Consumer Internet,Bangalore,13.11,Private Equity,Flipkart Logistics Pvt. Ltd,2016,September,Consumer Internet,Bangalore,Karnataka,India
beardo,Ecommerce,Ahmedabad,4.15,Seed,Venture Catalysts,2016,September,Ecommerce / Retail,Ahmedabad,Gujarat,India
instacar,Consumer Internet,Indore,8.3,Seed,Swastika Co Ltd.,2016,September,Consumer Internet,Indore,Madhya Pradesh,India
celes care,Consumer Internet,Hyderabad,8.3,Seed,Endiya Partners,2016,September,Consumer Internet,Hyderabad,Telangana,India
druva,Technology,Pune,423.3,Private Equity,"Sequoia India, Edbi, Blue Cloud Ventures, Hercules Capital",2016,September,Enterprise / SaaS,Pune,Maharashtra,India
promon,Ecommerce,Delhi,1.49,Seed,Now Capital,2016,September,Ecommerce / Retail,Delhi,Delhi,India
unocoin,Consumer Internet,Bangalore,12.45,Private Equity,"Blume Ventures, Mumbai Angels, Ah! Ventures, Digital Currency Group, Boost Vc, Bank To The Future And Funders Club",2016,September,Consumer Internet,Bangalore,Karnataka,India
zeta,Technology,Mumbai,157.7,Private Equity,Bhavin Turakhia,2016,September,Enterprise / SaaS,Mumbai,Maharashtra,India
healthkart,Ecommerce,Gurgaon,99.6,Private Equity,"Sequoia Capital, Omidyar Network, Kae Capital",2016,August,Ecommerce / Retail,Gurgaon,Haryana,India
medinfi,Consumer Internet,Bangalore,1.66,Seed,"Mudit Saxeunknown, Evan Lim",2016,August,Consumer Internet,Bangalore,Karnataka,India
repaireasy,Consumer Internet,Pune,2.28,Seed,Unknown Hnis,2016,August,Consumer Internet,Pune,Maharashtra,India
voonik,Ecommerce,Bangalore,24.9,Private Equity,Innoven Capital,2016,August,Ecommerce / Retail,Bangalore,Karnataka,India
tokri,Consumer Internet,Pune,20.75,Private Equity,Syska Led Group,2016,August,Consumer Internet,Pune,Maharashtra,India
sheroes,Consumer Internet,Noida,14.94,Private Equity,"Lumis Partners, The Hr Fund, Rajul Garg, Quintillion Media",2016,August,Consumer Internet,Noida,Uttar Pradesh,India
yumlane,Food,Mumbai,8.3,Seed,"Binny Bansal, Anupam Mittal, Sachin Bhatia, Darius Pandole, Kuunknownl Khattar, Dheerag Jain",2016,August,FoodTech,Mumbai,Maharashtra,India
extracarbon,Consumer Internet,Gurgaon,1.87,Seed,Brand Capital,2016,August,Consumer Internet,Gurgaon,Haryana,India
flickbay,Consumer Internet,Mumbai,7.39,Seed,Paul Roy,2016,August,Consumer Internet,Mumbai,Maharashtra,India
petoo,Consumer Internet,Bangalore,4.15,Seed,Existing Investors,2016,August,Consumer Internet,Bangalore,Karnataka,India
vst travels,Technology,Kerala,0.22,Seed,Promatus Group,2016,August,Enterprise / SaaS,,Kerala,India
wefly indoor skydiving,Other,Mumbai,0.33,Seed,Swastika Company Ltd.,2016,August,Others,Mumbai,Maharashtra,India
mojarto,Ecommerce,Gurgaon,3.69,Seed,Unknown Investors,2016,August,Ecommerce / Retail,Gurgaon,Haryana,India
zipgrid,Consumer Internet,Mumbai,1.66,Seed,1Crowd (Through Crowd Funding),2016,August,Consumer Internet,Mumbai,Maharashtra,India
vebbler,Consumer Internet,Bangalore,4.15,Seed,"Anupam Mittal, Sharad Sharma, 14 Others",2016,August,Consumer Internet,Bangalore,Karnataka,India
bombay shaving,Ecommerce,Delhi,4.98,Seed,"Noshir Kaka, Subramanian Ramadorai, Kiran Deshpande, Pankaj Gupta, Ravi Nigam, Others",2016,August,Ecommerce / Retail,Delhi,Delhi,India
travelyaari,Consumer Internet,Bangalore,58.1,Private Equity,"Gujarat Venture Fiunknownnce Limited (Gvfl), Bennett Coleman, Co. Ltd",2016,August,Consumer Internet,Bangalore,Karnataka,India
genextstudents,Consumer Internet,Mumbai,1.73,Seed,1Crowd (Through Crowdfunding),2016,August,Consumer Internet,Mumbai,Maharashtra,India
zenoti,Technology,Hyderabad,124.5,Private Equity,"Norwest Venture Partners, Accel",2016,August,Enterprise / SaaS,Hyderabad,Telangana,India
crofarm,Technology,Gurgaon,12.45,Private Equity,"Mukul Singhal, Rohit Jain, Himanshu Aggrawal, Sunil Goyal Ashish Gupta",2016,August,Enterprise / SaaS,Gurgaon,Haryana,India
faircentcom,Consumer Internet,Gurgaon,12.45,Private Equity,Brand Capital,2016,August,Consumer Internet,Gurgaon,Haryana,India
innovaccer,Technology,Noida,129.48,Private Equity,Westbridge Capital Partners,2016,August,Enterprise / SaaS,Noida,Uttar Pradesh,India
cuberoot,Technology,Gurgaon,4.15,Seed,Unknown Investors,2016,August,Enterprise / SaaS,Gurgaon,Haryana,India
oyorooms,Consumer Internet,Delhi,514.6,Private Equity,SoftBank,2016,August,Consumer Internet,Delhi,Delhi,India
hike,Consumer Internet,Delhi,1452.5,Private Equity,"Tencent Holdings, Foxconn Technology Group, Tiger Global, SoftBank, Bharti Enterprises",2016,August,Consumer Internet,Delhi,Delhi,India
joolz,Ecommerce,Mumbai,4.15,Private Equity,"Powerhouse Ventures, M, S Partners",2016,August,Ecommerce / Retail,Mumbai,Maharashtra,India
salebhai,Ecommerce,Ahmedabad,12.45,Private Equity,Brand Capital,2016,August,Ecommerce / Retail,Ahmedabad,Gujarat,India
makkajai,Technology,Pune,2.08,Seed,"Aunknownnd Chandrasekaran, Aunknownnth Narayaunknownn, Mekin Maheshwari, Ravi Garikipati, Divyesh Shah, Swastika Company Ltd",2016,August,Enterprise / SaaS,Pune,Maharashtra,India
maalgaadi,Logistics,Indore,3.11,Seed,"Swan Angel Network, Sachin Khandelwal And Others",2016,August,Logistics / Supply Chain,Indore,Madhya Pradesh,India
appknox,Technology,Bangalore,5.6,Private Equity,"Seedplus, Infocomm Investments, Accel Partners Rnt Associates",2016,August,Enterprise / SaaS,Bangalore,Karnataka,India
quikr,Consumer Internet,Mumbai,166.0,Private Equity,Brand Capital,2016,August,Consumer Internet,Mumbai,Maharashtra,India
digio,Technology,Bangalore,3.11,Private Equity,Rainmatter,2016,August,Enterprise / SaaS,Bangalore,Karnataka,India
puro wellness,Healthcare,Mumbai,307.1,Private Equity,Torrent Group,2016,August,HealthTech,Mumbai,Maharashtra,India
notesgen,Consumer Internet,Delhi,0.83,Seed,"Riju Gupta, Kamal Chabra",2016,August,Consumer Internet,Delhi,Delhi,India
octoai,Technology,Delhi,1.66,Seed,"Outbox Ventures, Jaspreet Bindra, Arjun Malhotra, Rohan Malhotra, Sidharth Rao, Rakesh Agrawal",2016,August,Enterprise / SaaS,Delhi,Delhi,India
unaacademy,Consumer Internet,Bangalore,8.3,Private Equity,"Blume Ventures, Sachin Bansal, Vijay Shekhar Sharma, Binny Bansal, \\Xc2\\Xa0 Kuunknownl Shah, Sandeep Tandon, Ashish Tulsian",2016,August,Consumer Internet,Bangalore,Karnataka,India
advenio,Technology,Chandigarh,0.83,Seed,Kalaari Capital,2016,August,Enterprise / SaaS,Chandigarh,Chandigarh,India
guarented,Ecommerce,Bangalore,4.15,Seed,Kalaari Capital,2016,August,Ecommerce / Retail,Bangalore,Karnataka,India
uber dreams,Ecommerce,Mumbai,4.15,Seed,Mohit Lalvani,2016,August,Ecommerce / Retail,Mumbai,Maharashtra,India
convegenius,Edtech,Noida,7.47,Private Equity,Michael And Susan Dell Foundation,2016,August,Enterprise / SaaS,Noida,Uttar Pradesh,India
urbanladder,Ecommerce,Mumbai,24.9,Private Equity,Trifecta Capital,2016,August,Ecommerce / Retail,Mumbai,Maharashtra,India
cult,Healthcare,Bangalore,24.9,Private Equity,Curefit,2016,August,HealthTech,Bangalore,Karnataka,India
zoomcar,Consumer Internet,Bangalore,199.2,Private Equity,Ford Smart Mobility Llc,2016,August,Consumer Internet,Bangalore,Karnataka,India
plix,Consumer Internet,Gurgaon,4.15,Seed,Instalabs,2016,August,Consumer Internet,Gurgaon,Haryana,India
mobikwik,Consumer Internet,Gurgaon,332.0,Private Equity,Net1 Ueps Technologies Inc,2016,August,Consumer Internet,Gurgaon,Haryana,India
mydidi,Consumer Internet,Mumbai,4.57,Seed,Unknown Ex Mckinsey Directors And Partners,2016,August,Consumer Internet,Mumbai,Maharashtra,India
loantap,Consumer Internet,Mumbai,24.9,Private Equity,"Dr. Abhishek Pandey, Jaysukh Sapra",2016,August,Consumer Internet,Mumbai,Maharashtra,India
runnr,Consumer Internet,Bangalore,58.1,Private Equity,"Nexus Venture Partners, Blume Ventures",2016,August,Consumer Internet,Bangalore,Karnataka,India
notion press,Consumer Internet,Chennai,8.3,Private Equity,Unknown Hni Investors,2016,August,Consumer Internet,Chennai,Tamil Nadu,India
livspace,Consumer Internet,Bangalore,124.5,Private Equity,"Bessemer Venture Partners, Jungle Ventures, Helion Ventures",2016,August,Consumer Internet,Bangalore,Karnataka,India
iaugmentor labs,Technology,Gurgaon,1.24,Seed,"Rajasthan Angel Investor Network, Others",2016,August,Enterprise / SaaS,Gurgaon,Haryana,India
daybox,Consumer Internet,Delhi,0.86,Seed,"Ashutosh Lawania, Rajul Jain, Badal Malick, Rishi Gupta, Others",2016,August,Consumer Internet,Delhi,Delhi,India
paytm,Ecommerce,Bangalore,498.0,Private Equity,Mediatek Inc.,2016,August,Ecommerce / Retail,Bangalore,Karnataka,India
cropin,Technology,Bangalore,16.6,Private Equity,Sophia Investment Aps,2016,August,Enterprise / SaaS,Bangalore,Karnataka,India
canvera,Consumer Internet,Bangalore,24.9,Private Equity,Info Edge (India) Ltd,2016,August,Consumer Internet,Bangalore,Karnataka,India
flyrobe,Ecommerce,Mumbai,43.99,Private Equity,"Idg Ventures, Sequoia Capital, Gree Ventures",2016,August,Ecommerce / Retail,Mumbai,Maharashtra,India
venture catalysts,Consumer Internet,Mumbai,4.15,Seed,Zaffiro Ventures,2016,July,Consumer Internet,Mumbai,Maharashtra,India
playment,Consumer Internet,Bangalore,5.81,Private Equity,Saif Partners,2016,July,Consumer Internet,Bangalore,Karnataka,India
cure fit,Consumer Internet,Bangalore,124.5,Private Equity,"Accel, Idg Ventures, Kalaari Capital",2016,July,Consumer Internet,Bangalore,Karnataka,India
stitchwood,Ecommerce,Mumbai,1.66,Seed,Deepak Gupta,2016,July,Ecommerce / Retail,Mumbai,Maharashtra,India
grabin,Logistics,Mumbai,16.6,Private Equity,Aramex Ventures Llc,2016,July,Logistics / Supply Chain,Mumbai,Maharashtra,India
neogrowth,Fintech,Mumbai,132.8,Private Equity,"Iifl Wealth Maunknowngement Seed Venture Fund, Omidyar Network, Khosla Impact, Aspada",2016,July,FinTech,Mumbai,Maharashtra,India
seedoc,Consumer Internet,Gurgaon,8.3,Private Equity,"Yournest Angel Fund\\Xc2\\Xa0, Others",2016,July,Consumer Internet,Gurgaon,Haryana,India
bookmyshow,Consumer Internet,Mumbai,680.6,Private Equity,"Stripes Group, Network 18, Accel, Saif Partners",2016,July,Consumer Internet,Mumbai,Maharashtra,India
flyrobe,Ecommerce,Mumbai,14.11,Seed,"Sequoia Capital, Rohit Bansal, Kuunknownl Bahl, Sandeep Tandon, Kuunknownl Shah, Zishaan Hayath, \\Xc2\\Xa0 Abhishek Jain",2016,July,Ecommerce / Retail,Mumbai,Maharashtra,India
happilyunmarried,Ecommerce,Delhi,6.14,Private Equity,Info Edge (India) Ltd,2016,July,Ecommerce / Retail,Delhi,Delhi,India
donxe2x80x99t scratch your head,Technology,Ahmedabad,2.08,Seed,"Gaurav Singhvi, Zaffiro Ventures",2016,July,Enterprise / SaaS,Ahmedabad,Gujarat,India
wedding wishlist,Consumer Internet,Chennai,2.47,Seed,"Kirthiga Reddy, Renuka Ramaunknownth, Cherry Tin",2016,July,Consumer Internet,Chennai,Tamil Nadu,India
appdaily,Technology,Mumbai,16.6,Private Equity,"Kalaari Capital, Qualcomm Ventures, Ruunknownnet, Zodius Technology Opportunities Fund",2016,July,Enterprise / SaaS,Mumbai,Maharashtra,India
adytude,Consumer Internet,Delhi,8.3,Private Equity,Indian Angel Network,2016,July,Consumer Internet,Delhi,Delhi,India
holachef,Consumer Internet,Mumbai,16.18,Private Equity,"Kalaari Capital, India Quotient",2016,July,Consumer Internet,Mumbai,Maharashtra,India
purplle,Ecommerce,Mumbai,49.8,Private Equity,"Jsw Ventures, Blume Ventures, Ivycap Ventures",2016,July,Ecommerce / Retail,Mumbai,Maharashtra,India
trak n tell,Technology,Gurgaon,29.05,Private Equity,Brian Acton,2016,July,Enterprise / SaaS,Gurgaon,Haryana,India
overcartcom,Ecommerce,Gurgaon,24.9,Private Equity,"Jsw Ventures, Omidyar Network, Sattva Capital, Venture Works",2016,July,Ecommerce / Retail,Gurgaon,Haryana,India
sirionlabs,Technology,Gurgaon,101.67,Private Equity,Sequoia Capital,2016,July,Enterprise / SaaS,Gurgaon,Haryana,India
yaap,Consumer Internet,Delhi,41.5,Private Equity,Rainmaker Ventures,2016,July,Consumer Internet,Delhi,Delhi,India
twigly,Consumer Internet,Gurgaon,4.98,Seed,"Tracxn Labs, Hyderabad Angels, Kuunknownl Shah, Gaurav Bhalotia",2016,July,Consumer Internet,Gurgaon,Haryana,India
sharechat,Consumer Internet,Bangalore,11.21,Private Equity,"Saif Partners, India Quotient",2016,July,Consumer Internet,Bangalore,Karnataka,India
rentmojo,Consumer Internet,Bangalore,41.5,Private Equity,"Accel, Idg Ventures India",2016,July,Consumer Internet,Bangalore,Karnataka,India
augrav,Ecommerce,Coimbatore,3.73,Seed,Keiretsu Forum,2016,July,Ecommerce / Retail,Coimbatore,Tamil Nadu,India
shoppinpal,Technology,Pune,8.88,Private Equity,"Plug And Play Tech Center, Steelhead Ventures, Others",2016,July,Enterprise / SaaS,Pune,Maharashtra,India
workapps,Technology,Pune,8.3,Seed,Sri Capital,2016,July,Enterprise / SaaS,Pune,Maharashtra,India
bankerbay,Consumer Internet,Bangalore,16.6,Private Equity,Undisclosed Investors,2016,July,Consumer Internet,Bangalore,Karnataka,India
tripshelf,Ecommerce,Delhi,2.08,Seed,Gems Group,2016,July,Ecommerce / Retail,Delhi,Delhi,India
ridlr,Consumer Internet,Mumbai,49.8,Private Equity,"Times Internet, Innoven Capital, Matrix Partners, Qualcomm Ventures",2016,July,Consumer Internet,Mumbai,Maharashtra,India
yellowdig,Consumer Internet,Pune,5.39,Seed,Sri Capital,2016,July,Consumer Internet,Pune,Maharashtra,India
zuppler,Consumer Internet,Delhi,5.39,Seed,Sri Capital,2016,July,Consumer Internet,Delhi,Delhi,India
bluestone,Ecommerce,Mumbai,249.0,Private Equity,"Iifl And Accel Partners, Kalaari Capital, Ivycap Ventures, Rb Investments",2016,July,Ecommerce / Retail,Mumbai,Maharashtra,India
sagacito,Technology,Delhi,83.0,Private Equity,Star India Pvt. Ltd,2016,July,Enterprise / SaaS,Delhi,Delhi,India
deal4loans wishfin,Consumer Internet,Noida,124.5,Private Equity,Franklin Templeton Interunknowntiounknownl Services Pvt. Ltd,2016,July,Consumer Internet,Noida,Uttar Pradesh,India
niyo,Technology,Bangalore,8.3,Private Equity,Prime Venture Partners,2016,July,Enterprise / SaaS,Bangalore,Karnataka,India
applop,Consumer Internet,Gurgaon,2.08,Seed,Green House Ventures Accelerator,2016,July,Consumer Internet,Gurgaon,Haryana,India
tax2win,Consumer Internet,Jaipur,8.3,Private Equity,Unknown Investors,2016,July,Consumer Internet,Jaipur,Rajasthan,India
truckola,Logistics,Mumbai,4.94,Seed,"Abhishek Agarwal, Krishunknownkumar Nataraj, Sarath Sura, Shanti Mohan, Sarthak And Nihit Agarwal, Suramya Gupta",2016,July,Logistics / Supply Chain,Mumbai,Maharashtra,India
mytaxiindia,Consumer Internet,Delhi,8.3,Private Equity,Nihon Kotsu Co,2016,July,Consumer Internet,Delhi,Delhi,India
wiwigo,Consumer Internet,Bangalore,4.94,Seed,Indian Angel Network,2016,July,Consumer Internet,Bangalore,Karnataka,India
atomberg,Technology,Mumbai,8.3,Private Equity,Parampara Capital,2016,June,Enterprise / SaaS,Mumbai,Maharashtra,India
limo,Consumer Internet,Mumbai,8.3,Private Equity,Rainmaker Ventures,2016,June,Consumer Internet,Mumbai,Maharashtra,India
gogo truck,Consumer Internet,Chennai,0.62,Seed,Unknown Investor,2016,June,Consumer Internet,Chennai,Tamil Nadu,India
vyome biosciences,Healthcare,Delhi,16.6,Private Equity,Romulus Capital,2016,June,HealthTech,Delhi,Delhi,India
sillymonks,Consumer Internet,Hyderabad,3.72,Seed,Sreenivasa Reddy Musani,2016,June,Consumer Internet,Hyderabad,Telangana,India
cuemath,Edtech,Bangalore,33.2,Private Equity,"Sequoia Capital, Unitus Seed Fund",2016,June,Enterprise / SaaS,Bangalore,Karnataka,India
krazybee,Consumer Internet,Bangalore,16.6,Private Equity,"Yeahmobi, Fenqile",2016,June,Consumer Internet,Bangalore,Karnataka,India
intgrea,Technology,Bangalore,0.83,Seed,Unknown Investor,2016,June,Enterprise / SaaS,Bangalore,Karnataka,India
helpshift,Technology,Pune,190.9,Private Equity,"Microsoft Ventures, Salesforce Ventures",2016,June,Enterprise / SaaS,Pune,Maharashtra,India
creditvidya,Technology,Mumbai,8.3,Private Equity,Kalaari Capital,2016,June,Enterprise / SaaS,Mumbai,Maharashtra,India
grey campus,Consumer Internet,Hyderabad,8.3,Seed,Sarath Sura,2016,June,Consumer Internet,Hyderabad,Telangana,India
listup,Ecommerce,Mumbai,4.15,Seed,"Kae Capital, Kuunknownl Shah, Sandeep Tandon",2016,June,Ecommerce / Retail,Mumbai,Maharashtra,India
6degree,Technology,Mumbai,1.66,Seed,Indian Angel Network,2016,June,Enterprise / SaaS,Mumbai,Maharashtra,India
storeking,Ecommerce,Bangalore,132.8,Private Equity,Axiata Digital,2016,June,Ecommerce / Retail,Bangalore,Karnataka,India
myseniordoctor,Consumer Internet,Gurgaon,1.66,Seed,Blackjag Partners,2016,June,Consumer Internet,Gurgaon,Haryana,India
epaylater,Technology,Mumbai,16.6,Seed,3 Undisclosed Hnis,2016,June,Enterprise / SaaS,Mumbai,Maharashtra,India
paytunes,Consumer Internet,Delhi,4.15,Private Equity,"Cio Angel Network, Indian Angel Network",2016,June,Consumer Internet,Delhi,Delhi,India
bombay shirt,Ecommerce,Mumbai,8.3,Private Equity,Undisclosed Investor,2016,June,Ecommerce / Retail,Mumbai,Maharashtra,India
matrubharti,Consumer Internet,Unknown,0.25,Seed,Viridian Capital,2016,June,Consumer Internet,,,
jivox,Technology,Bangalore,49.8,Private Equity,"You, Mr Jones, Fortisure Ventures, Diaz Nesamoney",2016,June,Enterprise / SaaS,Bangalore,Karnataka,India
sminq,Consumer Internet,Pune,8.3,Seed,"Saama Capital, Blume Ventures, Vaibhav Domkundwar",2016,June,Consumer Internet,Pune,Maharashtra,India
curejoy,Consumer Internet,Bangalore,36.52,Private Equity,Accel Partners India,2016,June,Consumer Internet,Bangalore,Karnataka,India
onewaycab,Consumer Internet,Vadodara,3.73,Seed,Indian Angel Network,2016,June,Consumer Internet,Vadodara,Gujarat,India
diro labs,Consumer Internet,Delhi,3.73,Private Equity,Info Edge (India) Ltd,2016,June,Consumer Internet,Delhi,Delhi,India
unnati helpers,Consumer Internet,Gurgaon,4.98,Private Equity,Info Edge (India) Ltd,2016,June,Consumer Internet,Gurgaon,Haryana,India
voonik,Ecommerce,Bangalore,166.0,Private Equity,Sequoia Capital,2016,June,Ecommerce / Retail,Bangalore,Karnataka,India
cleartax,Consumer Internet,Delhi,99.6,Private Equity,"Ravi Adusumalli, Saif Partners",2016,June,Consumer Internet,Delhi,Delhi,India
silvan innovation labs,Technology,Bangalore,7.47,Private Equity,Infuse Ventures,2016,June,Enterprise / SaaS,Bangalore,Karnataka,India
greythr,Technology,Bangalore,43.16,Private Equity,"New Enterprise Associates (Nea), Blume Ventures",2016,June,Enterprise / SaaS,Bangalore,Karnataka,India
onspoon,Consumer Internet,Mumbai,1.25,Seed,Swan Angel Network,2016,June,Consumer Internet,Mumbai,Maharashtra,India
celerix,Technology,Bangalore,3.32,Seed,Bitkemy Ventures,2016,June,Enterprise / SaaS,Bangalore,Karnataka,India
naturenama,Consumer Internet,Mumbai,1.87,Seed,Unicorn Venture,2016,June,Consumer Internet,Mumbai,Maharashtra,India
syona cosmetics,Fmcg,Chennai,1.25,Seed,The Chenunknowni Angels,2016,June,Consumer Goods / D2C,Chennai,Tamil Nadu,India
prettysecrets,Ecommerce,Mumbai,49.8,Private Equity,"Rb Investments Pte Ltd, Orios Venture Partners",2016,June,Ecommerce / Retail,Mumbai,Maharashtra,India
spiderg,Consumer Internet,Pune,1.25,Seed,"Rahul Kirloskar, Fusion Tech Ventures, Adi Saravaunknownn, Pravin Dongre, Mahendra Doshi",2016,June,Consumer Internet,Pune,Maharashtra,India
fareye,Technology,Delhi,29.05,Private Equity,Saif Partners,2016,June,Enterprise / SaaS,Delhi,Delhi,India
the uolo,Consumer Internet,Bangalore,1.74,Seed,"Purvi Ventures, Rajul Garg, Vipin Arora",2016,June,Consumer Internet,Bangalore,Karnataka,India
drivify,Consumer Internet,Mumbai,0.41,Seed,"Jitendra Gupta, Pankaj Tripathi",2016,June,Consumer Internet,Mumbai,Maharashtra,India
parablu,Technology,Bangalore,4.15,Seed,Kalaari Capital,2016,June,Enterprise / SaaS,Bangalore,Karnataka,India
schedulers logistics,Logistics,Mumbai,49.8,Private Equity,Gvfl,2016,June,Logistics / Supply Chain,Mumbai,Maharashtra,India
leap,Other,Mumbai,24.9,Private Equity,Mayfield Ventures,2016,June,Others,Mumbai,Maharashtra,India
kabadiexpress,Other,Delhi,1.23,Seed,Unknown Investor,2016,June,Others,Delhi,Delhi,India
yourdost,Consumer Internet,Bangalore,9.96,Seed,"Saif Partners, Aprameya Radhakrishunknownn, Phanindra Sama, Subba Rao Telidevara, Vibhu Garg, Paula Ravindra Mariwala, Gaurav Bhalotia",2016,June,Consumer Internet,Bangalore,Karnataka,India
gomalon,Consumer Internet,Bangalore,0.83,Seed,Unknown Investor,2016,June,Consumer Internet,Bangalore,Karnataka,India
travelyaari,Consumer Internet,Bangalore,24.9,Private Equity,Gvfl Ltd,2016,June,Consumer Internet,Bangalore,Karnataka,India
fab hotels,Consumer Internet,Gurgaon,66.4,Private Equity,"Accel, Rb Investments",2016,June,Consumer Internet,Gurgaon,Haryana,India
locanix,Technology,Ahmedabad,2.49,Seed,Unknown Investors,2016,June,Enterprise / SaaS,Ahmedabad,Gujarat,India
lendingkart,Consumer Internet,Ahmedabad,265.6,Private Equity,"Bertelsmann India Investments, Mayfield India, Saama Capital, India Quotient",2016,June,Consumer Internet,Ahmedabad,Gujarat,India
hello tax,Consumer Internet,Delhi,2.45,Seed,Sanjeev Sinha,2016,June,Consumer Internet,Delhi,Delhi,India
letreach,Ecommerce,Delhi,0.83,Private Equity,Vcommission,2016,June,Ecommerce / Retail,Delhi,Delhi,India
trendieapp,Technology,Kolkata,0.41,Seed,Harsh Vardhan Hada,2016,June,Enterprise / SaaS,Kolkata,West Bengal,India
velvetcase,Ecommerce,Mumbai,12.45,Private Equity,"Uniqorn Ventures Fund, Tv Mohandas Pai, S Somasegar",2016,June,Ecommerce / Retail,Mumbai,Maharashtra,India
meru cabs,Consumer Internet,Mumbai,207.5,Private Equity,Brand Capital,2016,June,Consumer Internet,Mumbai,Maharashtra,India
campus diaries,Consumer Internet,Bangalore,1.83,Seed,Aarin Capital,2016,June,Consumer Internet,Bangalore,Karnataka,India
biryani blues,Food,Gurgaon,3.05,Private Equity,"Carpediem Capital, Others",2016,June,FoodTech,Gurgaon,Haryana,India
get my parking,Technology,Delhi,3.12,Seed,The Chenunknowni Angels,2016,May,Enterprise / SaaS,Delhi,Delhi,India
prescribez,Consumer Internet,Pune,1.2,Seed,Ankush Mehta,2016,May,Consumer Internet,Pune,Maharashtra,India
mobikwik,Consumer Internet,Gurgaon,415.0,Private Equity,"Gmo Payment Gateway, Mediatek",2016,May,Consumer Internet,Gurgaon,Haryana,India
zwayam,Consumer Internet,Bangalore,2.08,Seed,Unknown Investors,2016,May,Consumer Internet,Bangalore,Karnataka,India
zuver,Consumer Internet,Mumbai,1.49,Seed,"Shruth, Smith Group, Hermes Group",2016,May,Consumer Internet,Mumbai,Maharashtra,India
easyroads,Consumer Internet,Mumbai,1.66,Seed,"Rohan Angrish, Hrishi Oberoi, Rahul Mehta, Kapil Hetamsaria, Praunknownv Dedhia",2016,May,Consumer Internet,Mumbai,Maharashtra,India
lenskart,Ecommerce,Delhi,498.0,Private Equity,"Interunknowntiounknownl Fiunknownnce Corp, Tpg Growth, Adveq Maunknowngement, Idg Ventures, Ratan Tata, Kris Gopalakrishunknownn",2016,May,Ecommerce / Retail,Delhi,Delhi,India
seclore,Technology,Mumbai,99.6,Private Equity,"Sistema Asia Fund, Helion Venture, Ventureeast, India Alterunknowntives",2016,May,Enterprise / SaaS,Mumbai,Maharashtra,India
solartown,Technology,Chennai,1.66,Seed,Grex.In,2016,May,Enterprise / SaaS,Chennai,Tamil Nadu,India
comarete,Technology,Pune,1.66,Seed,Grex.In,2016,May,Enterprise / SaaS,Pune,Maharashtra,India
mydentistchoice,Ecommerce,Hyderabad,1.25,Seed,Unknown Investors,2016,May,Ecommerce / Retail,Hyderabad,Telangana,India
activeai,Technology,Singapore,4.15,Seed,Kalaari Capital Accelerator Program,2016,May,Enterprise / SaaS,,,Singapore
affordplan,Technology,Delhi,4.15,Seed,Kalaari Capital Accelerator Program,2016,May,Enterprise / SaaS,Delhi,Delhi,India
indee,Consumer Internet,Bangalore,4.15,Seed,Kalaari Capital Accelerator Program,2016,May,Consumer Internet,Bangalore,Karnataka,India
weballigator,Consumer Internet,Bangalore,3.11,Seed,"Group Of Undisclosed Angel Investors, Hnis",2016,May,Consumer Internet,Bangalore,Karnataka,India
eduace,Edtech,Lucknow,8.3,Private Equity,Momagic Technologies,2016,May,Enterprise / SaaS,Lucknow,Uttar Pradesh,India
zebroads,Logistics,Hyderabad,0.62,Seed,Unknown Investors,2016,May,Logistics / Supply Chain,Hyderabad,Telangana,India
locus,Technology,Bangalore,22.82,Private Equity,"Exfinity Venture Partners, Blume Ventures, Beenext, Rajesh Raunknownvat",2016,May,Enterprise / SaaS,Bangalore,Karnataka,India
toko innovations,Consumer Internet,Bangalore,3.73,Seed,"Roopak Saluja, Vishal Khare",2016,May,Consumer Internet,Bangalore,Karnataka,India
rentickle,Ecommerce,Delhi,2.08,Seed,"Manish Kheterpal, Viunknowny Mittal, Dinesh Mittal, Sandeep Gupta",2016,May,Ecommerce / Retail,Delhi,Delhi,India
healthifyme,Consumer Internet,Bangalore,49.8,Private Equity,"Idg Ventures India, Inventus Capital, Blume Ventures",2016,May,Consumer Internet,Bangalore,Karnataka,India
zarget,Consumer Internet,Chennai,12.45,Private Equity,"Accel, Matrix Partners, Girish Mathrubootham",2016,May,Consumer Internet,Chennai,Tamil Nadu,India
innonano research,Technology,Chennai,149.4,Private Equity,Nanoholdings,2016,May,Enterprise / SaaS,Chennai,Tamil Nadu,India
schoolwear,Ecommerce,Mumbai,12.45,Seed,Unknown Investors,2016,May,Ecommerce / Retail,Mumbai,Maharashtra,India
swiggy,Consumer Internet,Bangalore,58.1,Private Equity,"Norwest Venture Partners, Dst Global, Accel",2016,May,Consumer Internet,Bangalore,Karnataka,India
zenify,Consumer Internet,Bangalore,7.47,Private Equity,Unknown Investors,2016,May,Consumer Internet,Bangalore,Karnataka,India
fractal analytics,Technology,Mumbai,830.0,Private Equity,Khazaunknownh Nasiounknownl Berhad,2016,May,Enterprise / SaaS,Mumbai,Maharashtra,India
unacademy,Consumer Internet,Bangalore,4.15,Seed,"Blume Ventures, Rajan Aunknownndan, Sumit Jain, Aprameya Radhakrishunknown, Sujeet Kumar, Phanindra Sama",2016,May,Consumer Internet,Bangalore,Karnataka,India
capital float,Consumer Internet,Bangalore,207.5,Private Equity,"Creation Investments Capital Maunknowngement, Saif Partners, Sequoia Capital, Aspada Ventures",2016,May,Consumer Internet,Bangalore,Karnataka,India
life circle,Healthcare,Hyderabad,1.25,Private Equity,Groupe Sos,2016,May,HealthTech,Hyderabad,Telangana,India
stayzilla,Consumer Internet,Chennai,112.05,Private Equity,"Matrix Partners, Nexus Venture Partners",2016,May,Consumer Internet,Chennai,Tamil Nadu,India
wow express,Logistics,Mumbai,18.26,Private Equity,"Unknown Investors, Tamarind Family Private Trust",2016,May,Logistics / Supply Chain,Mumbai,Maharashtra,India
smartivity,Ecommerce,Delhi,8.3,Private Equity,"S Chand, Advantedge Partners",2016,May,Ecommerce / Retail,Delhi,Delhi,India
thesmartq,Consumer Internet,Bangalore,2.08,Seed,Yournest Angel Fund,2016,May,Consumer Internet,Bangalore,Karnataka,India
purplehealth,Consumer Internet,Thiruvananthapuram,0.83,Seed,Katabole Technology Venture,2016,May,Consumer Internet,Thiruvananthapuram,Kerala,India
edupristine,Edtech,Mumbai,83.0,Private Equity,"Kaizen Maunknowngement Advisors, Devry Inc",2016,May,Enterprise / SaaS,Mumbai,Maharashtra,India
bhiveworkspace,Reality,Bangalore,8.3,Private Equity,Blume Ventures,2016,May,Enterprise / SaaS,Bangalore,Karnataka,India
appie,Consumer Internet,Mumbai,8.3,Seed,Unknown Investors,2016,May,Consumer Internet,Mumbai,Maharashtra,India
taxivaxi,Consumer Internet,Delhi,4.15,Seed,Unknown Hnis,2016,May,Consumer Internet,Delhi,Delhi,India
veqta,Consumer Internet,Delhi,4.15,Seed,"Chatsworth Maunknowngement, Itw Digital",2016,May,Consumer Internet,Delhi,Delhi,India
i2ifunding,Consumer Internet,Noida,2.49,Seed,Unknown Investors,2016,May,Consumer Internet,Noida,Uttar Pradesh,India
hoppingo,Consumer Internet,Delhi,0.74,Seed,Vcommission,2016,May,Consumer Internet,Delhi,Delhi,India
goalwise,Consumer Internet,Bangalore,8.3,Seed,Unknown Hnis,2016,May,Consumer Internet,Bangalore,Karnataka,India
address health,Healthcare,Bangalore,12.45,Private Equity,Gray Matters Capital,2016,May,HealthTech,Bangalore,Karnataka,India
arcatron mobility,Technology,Pune,0.83,Seed,Sudhir Mehta,2016,May,Enterprise / SaaS,Pune,Maharashtra,India
cleartax,Consumer Internet,Bangalore,16.6,Private Equity,"Ff Angel, Sequoia Capital",2016,May,Consumer Internet,Bangalore,Karnataka,India
mchamp,Consumer Internet,Delhi,3.94,Seed,Momagic Technologies,2016,May,Consumer Internet,Delhi,Delhi,India
vahanalytics,Technology,Mumbai,1.66,Seed,"Anirudh Damani, Vikram Lakhotia",2016,May,Enterprise / SaaS,Mumbai,Maharashtra,India
koovs,Ecommerce,Delhi,36.52,Private Equity,Ht Media Ltd,2016,May,Ecommerce / Retail,Delhi,Delhi,India
ccavenue,Consumer Internet,Mumbai,73.87,Private Equity,Nsi Infinium Global Pvt. Ltd,2016,May,Consumer Internet,Mumbai,Maharashtra,India
machadalo,Consumer Internet,Mumbai,1.45,Seed,Unknown Investors,2016,May,Consumer Internet,Mumbai,Maharashtra,India
dil mil,Consumer Internet,Sfo,22.41,Private Equity,"Nelstone Ventures, Transmedia Capital, Maiden Lane Ventures, Csc Upshot, Angel Investors",2016,April,Consumer Internet,San Francisco,California,USA
hungama,Consumer Internet,Mumbai,207.5,Private Equity,Xiaomi Inc,2016,April,Consumer Internet,Mumbai,Maharashtra,India
shipsy,Logistics,Gurgaon,8.3,Private Equity,Dtdc Express Ltd,2016,April,Logistics / Supply Chain,Gurgaon,Haryana,India
gear6,Consumer Internet,Bangalore,4.15,Seed,Ninestarter,2016,April,Consumer Internet,Bangalore,Karnataka,India
myglamm,Consumer Internet,Mumbai,49.8,Private Equity,L\\Xe2\\X80\\X99Occitane,2016,April,Consumer Internet,Mumbai,Maharashtra,India
petoo,Consumer Internet,Bangalore,8.3,Private Equity,Axilor Ventures,2016,April,Consumer Internet,Bangalore,Karnataka,India
imedilane,Consumer Internet,Delhi,0.33,Seed,"Mahendra Patel, Nilender Chauhan",2016,April,Consumer Internet,Delhi,Delhi,India
living local,Consumer Internet,Mumbai,1.66,Seed,Rattan Chadha,2016,April,Consumer Internet,Mumbai,Maharashtra,India
oyo,Consumer Internet,Delhi,830.0,Private Equity,"SoftBank, Sequoia Capital, Lightspeed, Greenoaks Capital, Dsg Consumer Partners And Venture Nursery",2016,April,Consumer Internet,Delhi,Delhi,India
priceraja,Consumer Internet,Gurgaon,2.49,Seed,Prashant Puri,2016,April,Consumer Internet,Gurgaon,Haryana,India
magicx,Consumer Internet,Bangalore,8.3,Seed,"Kris Gopalakrishunknownn, Dr. Ranjan Pai",2016,April,Consumer Internet,Bangalore,Karnataka,India
legalraasta,Consumer Internet,Delhi,8.3,Seed,"Pravin Khandelwal, Yatin Kumar Jain",2016,April,Consumer Internet,Delhi,Delhi,India
raincan,Consumer Internet,Pune,1.25,Seed,Dr. Aniruddha Malpani,2016,April,Consumer Internet,Pune,Maharashtra,India
hippily,Ecommerce,Mumbai,2.08,Seed,"Dr. Sridhar Ramaswamy, Rakesh Mathur",2016,April,Ecommerce / Retail,Mumbai,Maharashtra,India
kredx,Ecommerce,Bangalore,6.22,Seed,Prime Venture Partners,2016,April,Ecommerce / Retail,Bangalore,Karnataka,India
beaconstalk,Technology,Mumbai,0.83,Seed,"Rajeev Agrawal, Prashant Gooty",2016,April,Enterprise / SaaS,Mumbai,Maharashtra,India
renewbuy,Consumer Internet,Delhi,8.3,Seed,Mount Nathan Advisors,2016,April,Consumer Internet,Delhi,Delhi,India
vyomo,Consumer Internet,Delhi,124.5,Private Equity,Naturals Salon Chain,2016,April,Consumer Internet,Delhi,Delhi,India
nestaway,Consumer Internet,Bangalore,249.0,Private Equity,Tiger Global,2016,April,Consumer Internet,Bangalore,Karnataka,India
tapchief,Consumer Internet,Bangalore,1.25,Seed,Vijay Shekhar Sharma,2016,April,Consumer Internet,Bangalore,Karnataka,India
jugnoo,Consumer Internet,Chandigarh,83.0,Private Equity,"Paytm, Existing Investors",2016,April,Consumer Internet,Chandigarh,Chandigarh,India
betaout,Ecommerce,Noida,12.45,Private Equity,"Stanford Angels, Letsventure, Chenunknowni Angels, Hyderabad Angels, Mumbai Angels",2016,April,Ecommerce / Retail,Noida,Uttar Pradesh,India
driverscart,Consumer Internet,Chennai,3.73,Seed,Ah! Ventures,2016,April,Consumer Internet,Chennai,Tamil Nadu,India
collegedekho,Consumer Internet,Delhi,16.6,Private Equity,Man Capital,2016,April,Consumer Internet,Delhi,Delhi,India
1mg,Ecommerce,Gurgaon,124.5,Private Equity,"Maverick Capital Ventures, Sequoia Capital, Omidyar Network",2016,April,Ecommerce / Retail,Gurgaon,Haryana,India
licious,Ecommerce,Bangalore,24.9,Private Equity,Mayfield India Ii Maunknowngement Ltd,2016,April,Ecommerce / Retail,Bangalore,Karnataka,India
toko innovation studios,Consumer Internet,Delhi,3.73,Seed,Indian Angel Network,2016,April,Consumer Internet,Delhi,Delhi,India
commut,Consumer Internet,Hyderabad,1.66,Seed,50K Ventures,2016,April,Consumer Internet,Hyderabad,Telangana,India
dropkaffe,Food,Bangalore,4.57,Seed,"Growthstory, Apurva Salapuria, Hitesh Oberoi, Sidharth Pansari, Nirupa Shankar",2016,April,FoodTech,Bangalore,Karnataka,India
transerv,Consumer Internet,Mumbai,124.5,Private Equity,"Idfc Spice Fund, Micromax Informatics",2016,April,Consumer Internet,Mumbai,Maharashtra,India
cleartax,Consumer Internet,Bangalore,10.79,Private Equity,"Max Levchin, Scott Banister",2016,April,Consumer Internet,Bangalore,Karnataka,India
roposo,Ecommerce,Gurgaon,124.5,Private Equity,Bertelsmann India Investments,2016,April,Ecommerce / Retail,Gurgaon,Haryana,India
milkbasket,Consumer Internet,Gurgaon,4.15,Seed,Evc Ventures,2016,April,Consumer Internet,Gurgaon,Haryana,India
ichr,Consumer Internet,Delhi,3.73,Seed,Unknown,2016,April,Consumer Internet,Delhi,Delhi,India
the wedding brigade,Consumer Internet,Mumbai,4.98,Seed,"Blume Ventures, Other Ununknownmed Investors",2016,April,Consumer Internet,Mumbai,Maharashtra,India
docsapp,Consumer Internet,Bangalore,9.96,Private Equity,"Rebright Partners, Aunknownnd Rajaraman, Venky Hariunknownrayan",2016,April,Consumer Internet,Bangalore,Karnataka,India
impact guru,Consumer Internet,Mumbai,4.15,Seed,"Rb Investments, Fundnel",2016,April,Consumer Internet,Mumbai,Maharashtra,India
letreach,Ecommerce,Delhi,0.83,Private Equity,Vcommission,2016,April,Ecommerce / Retail,Delhi,Delhi,India
momark,Consumer Internet,Noida,4.98,Private Equity,Yournest Angel Fund,2016,March,Consumer Internet,Noida,Uttar Pradesh,India
systemantics,Technology,Bangalore,11.62,Private Equity,"Nandan Nilekani, Accel",2016,March,Enterprise / SaaS,Bangalore,Karnataka,India
imarticus learning,Edtech,Mumbai,8.3,Private Equity,"Blinc Advisors, Amit Naunknownvati, Tashwinder Singh, Taranjit Jaswal, Amit Khanunknown",2016,March,Enterprise / SaaS,Mumbai,Maharashtra,India
shouut,Consumer Internet,Delhi,4.15,Seed,Unknown Investor,2016,March,Consumer Internet,Delhi,Delhi,India
aahaa,Ecommerce,Chennai,8.3,Private Equity,Yournest Angel Fund,2016,March,Ecommerce / Retail,Chennai,Tamil Nadu,India
ftcash,Consumer Internet,Kolkata,1.25,Seed,Ivycap Ventures,2016,March,Consumer Internet,Kolkata,West Bengal,India
zappka,Consumer Internet,Gurgaon,0.83,Seed,"Daman Soni, Rajat Gupta, Others",2016,March,Consumer Internet,Gurgaon,Haryana,India
medecube,Healthcare,Gurgaon,33.2,Private Equity,Artiman Ventures,2016,March,HealthTech,Gurgaon,Haryana,India
now,Consumer Internet,Noida,4.15,Seed,"Ruchirans Jaipuria, Anuj Sanghi",2016,March,Consumer Internet,Noida,Uttar Pradesh,India
ninjacart,Ecommerce,Bangalore,24.9,Private Equity,"Accel, Qualcomm Ventures, M, S Partners, Zop Smart",2016,March,Ecommerce / Retail,Bangalore,Karnataka,India
reach,Consumer Internet,Bangalore,4.15,Seed,"Rebright Partners, Sol Primero, Sudhir Aunknownndarao, Ankur Warikoo, Ankur Singla",2016,March,Consumer Internet,Bangalore,Karnataka,India
vanity cube,Consumer Internet,Delhi,2.08,Seed,Unicorn Ventures,2016,March,Consumer Internet,Delhi,Delhi,India
medidaili,Consumer Internet,Bangalore,0.83,Seed,Unknown Private Investors,2016,March,Consumer Internet,Bangalore,Karnataka,India
lovecycles,Consumer Internet,Bangalore,6.22,Seed,Prime Venture Partners,2016,March,Consumer Internet,Bangalore,Karnataka,India
kartrocket,Ecommerce,Delhi,66.4,Private Equity,"Unknown Japanese Investor, Bertelsmann India Investments, Nirvaunknown Digital India Fund, Nirvaunknown Digital Investment Holding Co Ltd, 500 Startunknownups",2016,March,Ecommerce / Retail,Delhi,Delhi,India
dunzo,Consumer Internet,Bangalore,5.39,Seed,"Aspada Investment Advisors, Blume Ventures",2016,March,Consumer Internet,Bangalore,Karnataka,India
smartvizx,Technology,Noida,4.15,Seed,"Indian Angel Network, Stanford Angels, Entrepreneurs India",2016,March,Enterprise / SaaS,Noida,Uttar Pradesh,India
mygubbi,Real Estate,Bangalore,20.75,Seed,"Vipul Parekh, Ajesh K Murthy",2016,March,Real Estate / PropTech,Bangalore,Karnataka,India
nukkad shops,Consumer Internet,Hyderabad,8.3,Seed,Purpletalk Inc,2016,March,Consumer Internet,Hyderabad,Telangana,India
justride,Consumer Internet,Mumbai,3.32,Seed,"Dheeraj Jain, Other Angel Investors",2016,March,Consumer Internet,Mumbai,Maharashtra,India
big fish ventures,Food,Delhi,92.13,Private Equity,Unknown Investors,2016,March,FoodTech,Delhi,Delhi,India
icertis,Technology,Pune,124.5,Private Equity,"Ignition Partners, Greycroft Partners, Fidelity Growth Partners India",2016,March,Enterprise / SaaS,Pune,Maharashtra,India
supplified,Ecommerce,Delhi,8.3,Seed,Mohit Goel,2016,March,Ecommerce / Retail,Delhi,Delhi,India
pinkblue,Ecommerce,Bangalore,1.86,Seed,"Hari Krishunknown, Ajay Modani, Dr V Ravinder, Anirudh Rastogi, Abhishek Jain, Rakesh Gakhar, Rajeev Mudumba, Nagendra Prasad Bhanuprakash",2016,March,Ecommerce / Retail,Bangalore,Karnataka,India
truckingcube,Logistics,Delhi,123.67,Private Equity,Agarwal Movers Group,2016,March,Logistics / Supply Chain,Delhi,Delhi,India
flipclass,Consumer Internet,Bangalore,8.3,Private Equity,"S Chand And Co Pvt Ltd, Blume Ventures",2016,March,Consumer Internet,Bangalore,Karnataka,India
proximit,Technology,Pune,1.25,Seed,Funding Through 1Crowd Platform,2016,March,Enterprise / SaaS,Pune,Maharashtra,India
withme,Consumer Internet,Gurgaon,2.08,Seed,"Alex Kuruvilla, Pradeep Guha, Saket Dhankar, Rajan Pandhare",2016,March,Consumer Internet,Gurgaon,Haryana,India
gapoon,Consumer Internet,Bangalore,1.49,Seed,"Chandrashekar Tallapragada, Pankaj Kapoor",2016,March,Consumer Internet,Bangalore,Karnataka,India
wealthy,Consumer Internet,Bangalore,2.08,Seed,"Zishaan Hayath, Abhishek Goyal, Arjun And Rohan Malhotra, Harpreet Singh Grover, Gagan Dugal",2016,March,Consumer Internet,Bangalore,Karnataka,India
pramati,Healthcare,Noida,1.66,Seed,Unknown Investors,2016,March,HealthTech,Noida,Uttar Pradesh,India
qlivery,Consumer Internet,Gurgaon,1.91,Seed,Swastika Company Ltd,2016,March,Consumer Internet,Gurgaon,Haryana,India
healthenablr,Consumer Internet,Mumbai,6.64,Seed,Unknown Investors,2016,March,Consumer Internet,Mumbai,Maharashtra,India
liftiee,Consumer Internet,Mumbai,0.9,Seed,"Rannvijay Singh, Anita Hassaunknownndani",2016,March,Consumer Internet,Mumbai,Maharashtra,India
hello curry,Food,Hyderabad,12.45,Private Equity,"Sashi Reddi, Other Ununknownmed Investors",2016,March,FoodTech,Hyderabad,Telangana,India
gosporto,Consumer Internet,Delhi,0.25,Seed,Naveen Gupta,2016,March,Consumer Internet,Delhi,Delhi,India
room on call,Consumer Internet,Gurgaon,16.6,Private Equity,Cashurdrive Marketing Pvt Ltd,2016,March,Consumer Internet,Gurgaon,Haryana,India
byjuxe2x80x99s,Consumer Internet,Bangalore,622.5,Private Equity,"Sequoia India, Sofiunknown",2016,March,Consumer Internet,Bangalore,Karnataka,India
bigbasket,Ecommerce,Bangalore,1245.0,Private Equity,Abraaj Group,2016,March,Ecommerce / Retail,Bangalore,Karnataka,India
drivojoy,Consumer Internet,Bangalore,4.98,Seed,"Indian Angel Network, Tracxn Labs, Others",2016,March,Consumer Internet,Bangalore,Karnataka,India
creditseva,Consumer Internet,Hyderabad,2.99,Seed,"Pix Vine Capital, Infocomm Development Authority Of Singapore",2016,March,Consumer Internet,Hyderabad,Telangana,India
endless robotics,Technology,Hyderabad,0.83,Seed,"Devidas Desai, Vipul Gautam, Singapore Angel Network",2016,March,Enterprise / SaaS,Hyderabad,Telangana,India
sp robotics,Technology,Chennai,2.49,Seed,Indian Angel Network,2016,March,Enterprise / SaaS,Chennai,Tamil Nadu,India
ekincare,Consumer Internet,Hyderabad,2.74,Private Equity,"Bitchemy Ventures, Maheshwari Investments Pvt Ltd, Anshoo Gaur, Rama Krishunknown Reddy, Sandeep Seerapu",2016,March,Consumer Internet,Hyderabad,Telangana,India
wheelstreet,Consumer Internet,Bangalore,4.15,Private Equity,Broadbean Capital Services,2016,March,Consumer Internet,Bangalore,Karnataka,India
horntell,Consumer Internet,Gurgaon,1.25,Seed,"Bharanidharan Viswaunknownthan, Sanjiv Mittal, Shobhit Shukla, Rahul Agarwal",2016,March,Consumer Internet,Gurgaon,Haryana,India
schoolkart,Ecommerce,Noida,2.49,Seed,Unknown Investors,2016,March,Ecommerce / Retail,Noida,Uttar Pradesh,India
babygogo,Consumer Internet,Delhi,2.49,Seed,"Rajul Garg, Daljit Singh, Aditya Vij, Kishore Kumar, Shuchin Bajaj",2016,March,Consumer Internet,Delhi,Delhi,India
veritas finance,Fintech,Chennai,39.01,Private Equity,Sarva Capital,2016,March,FinTech,Chennai,Tamil Nadu,India
qikship,Consumer Internet,Delhi,1.66,Seed,Undisclosed Investors,2016,March,Consumer Internet,Delhi,Delhi,India
fixnix,Consumer Internet,Chennai,4.15,Seed,Jay Vijayan,2016,March,Consumer Internet,Chennai,Tamil Nadu,India
touchkin,Healthcare,Bangalore,3.32,Seed,"Alok Mittal, Amit Gupta, Anuj Srivastava, Himanshu Aggarwal, Raghuunknownndan G, Puneet Agarwal",2016,March,HealthTech,Bangalore,Karnataka,India
altizone,Technology,Pune,33.2,Private Equity,"Wipro Ventures, \\Xc2\\Xa0 Lumis Partners",2016,February,Enterprise / SaaS,Pune,Maharashtra,India
strike,Consumer Internet,Bangalore,0.19,Seed,Multiple Investors Through Ten Minute Million Competition,2016,February,Consumer Internet,Bangalore,Karnataka,India
maaxmarket,Consumer Internet,Unknown,0.19,Seed,Multiple Investors Through Ten Minute Million Competition,2016,February,Consumer Internet,,,
gamooz,Technology,Gurgaon,0.19,Seed,Multiple Investors Through Ten Minute Million Competition,2016,February,Enterprise / SaaS,Gurgaon,Haryana,India
soundsurround,Technology,Mumbai,0.19,Seed,Multiple Investors Through Ten Minute Million Competition,2016,February,Enterprise / SaaS,Mumbai,Maharashtra,India
mazkara,Consumer Internet,Pune,8.3,Seed,Duunknownmis Ventures Pte Ltd.,2016,February,Consumer Internet,Pune,Maharashtra,India
roadgods,Ecommerce,Delhi,0.83,Seed,Green House Ventures (Ghv),2016,February,Ecommerce / Retail,Delhi,Delhi,India
pindropmusic,Consumer Internet,Noida,0.83,Seed,Green House Ventures (Ghv),2016,February,Consumer Internet,Noida,Uttar Pradesh,India
woodpie,Consumer Internet,Bangalore,0.25,Seed,Ingram Content Group,2016,February,Consumer Internet,Bangalore,Karnataka,India
perfumery,Ecommerce,Delhi,0.25,Seed,"Oranda Global, Others",2016,February,Ecommerce / Retail,Delhi,Delhi,India
zendrive,Technology,Bangalore,112.05,Private Equity,"Sherpa Capital, Nyca Partners And Thomvest Ventures",2016,February,Enterprise / SaaS,Bangalore,Karnataka,India
gingercrush,Ecommerce,Vadodara,8.3,Private Equity,"Saha Fund, Tv Mohandas Pai, Zia Mody, Mumbai Angels, Aunknownnda Kallugadde, Rakesh Desai, Rakesh Malhotra",2016,February,Ecommerce / Retail,Vadodara,Gujarat,India
american vision,Consumer Internet,Pune,0.67,Seed,Unknown Investors,2016,February,Consumer Internet,Pune,Maharashtra,India
dawailelo,Consumer Internet,Varanasi,0.43,Seed,Unknown Investors,2016,February,Consumer Internet,Varanasi,Uttar Pradesh,India
heads up for tails,Ecommerce,Delhi,8.3,Seed,Unknown Investors,2016,February,Ecommerce / Retail,Delhi,Delhi,India
istyleyou,Consumer Internet,Gurgaon,0.83,Seed,Green House Ventures (Ghv),2016,February,Consumer Internet,Gurgaon,Haryana,India
adurcup,Consumer Internet,Delhi,0.83,Seed,Green House Ventures (Ghv),2016,February,Consumer Internet,Delhi,Delhi,India
xpressbees,Ecommerce,Pune,103.75,Private Equity,"Saif Partners, Idg Ventures India, Vertex Ventures, Valiant Capital",2016,February,Ecommerce / Retail,Pune,Maharashtra,India
capzest,Consumer Internet,Mumbai,1.66,Seed,Lion Ventures,2016,February,Consumer Internet,Mumbai,Maharashtra,India
affimity,Consumer Internet,Bangalore,9.96,Seed,Undisclosed Investors,2016,February,Consumer Internet,Bangalore,Karnataka,India
anandakanda,Technology,Pune,1.25,Seed,Undisclosed Investors,2016,February,Enterprise / SaaS,Pune,Maharashtra,India
actonmagic,Technology,Bangalore,1.04,Seed,Jayabalan Subramanian,2016,February,Enterprise / SaaS,Bangalore,Karnataka,India
bonhomia,Food,Delhi,8.3,Seed,"Alok Rawat, Grey Orange Robotics",2016,February,FoodTech,Delhi,Delhi,India
igrenenergi,Technology,Mumbai,8.3,Seed,Sunil Mehta,2016,February,Enterprise / SaaS,Mumbai,Maharashtra,India
rksv,Consumer Internet,Mumbai,33.2,Private Equity,Kalaari Capital,2016,February,Consumer Internet,Mumbai,Maharashtra,India
aasaanjobs,Consumer Internet,Mumbai,41.5,Private Equity,"Aspada Advisors, Idg Ventures, \\Xc2\\Xa0 Inventus Capital",2016,February,Consumer Internet,Mumbai,Maharashtra,India
snapdeal,Ecommerce,Delhi,1660.0,Private Equity,"Ontario Teachers\\Xe2\\X80\\X99 Pension Plan, Others",2016,February,Ecommerce / Retail,Delhi,Delhi,India
goyano,Consumer Internet,Gurgaon,0.41,Seed,Mukesh Kumar Gupta,2016,February,Consumer Internet,Gurgaon,Haryana,India
rentsher,Consumer Internet,Bangalore,2.49,Seed,"Vaibhav Doshi, Abhay Singhal, Vibhu Garg, Joby Babu, Abhishek Acharya, Manish Shah",2016,February,Consumer Internet,Bangalore,Karnataka,India
buddy,Fintech,Bangalore,4.15,Seed,"Blume Ventures, \\Xc2\\Xa0 Tracxn Labs",2016,February,FinTech,Bangalore,Karnataka,India
tablehero,Consumer Internet,Bangalore,8.3,Seed,"Growx Ventures, Kuunknownl Shah, Sandeep Tandon, Haresh Chawla, Powai Lake Ventures, Globevestor",2016,February,Consumer Internet,Bangalore,Karnataka,India
betterplace,Technology,Bangalore,8.05,Seed,Unitus Seed Fund,2016,February,Enterprise / SaaS,Bangalore,Karnataka,India
icustommadeit,Ecommerce,Pune,33.2,Private Equity,"Brand Capital, Siddhiviunknownyak Skyscrapers, Dinesh R. Challa",2016,February,Ecommerce / Retail,Pune,Maharashtra,India
gamezop,Technology,Delhi,2.9,Seed,"Kwan Entertainment, Marketing Solutions, Powerhouse Ventures, Others",2016,February,Enterprise / SaaS,Delhi,Delhi,India
the viral fever,Consumer Internet,Mumbai,83.0,Private Equity,Tiger Global,2016,February,Consumer Internet,Mumbai,Maharashtra,India
avanti learning,Edtech,Delhi,41.5,Private Equity,"Michael, Susan Dell Foundation",2016,February,Enterprise / SaaS,Delhi,Delhi,India
healthkumbh,Consumer Internet,Ahmedabad,0.61,Seed,Unknown Investor,2016,February,Consumer Internet,Ahmedabad,Gujarat,India
careongo,Ecommerce,Delhi,2.49,Seed,"Farooq Oomerbhoy, Other Angel Investors",2016,February,Ecommerce / Retail,Delhi,Delhi,India
ark robot,Technology,Bangalore,2.9,Seed,Qualcomm (Through Qprize Contest),2016,February,Enterprise / SaaS,Bangalore,Karnataka,India
jaypore,Ecommerce,Delhi,41.5,Private Equity,Aavishkaar,2016,February,Ecommerce / Retail,Delhi,Delhi,India
advantage club,Consumer Internet,Gurgaon,3.32,Seed,"Purvi Ventures, Others",2016,February,Consumer Internet,Gurgaon,Haryana,India
baby berry,Consumer Internet,Bangalore,8.3,Seed,"Nitin Bagmane, Other Undisclosed Investors",2016,February,Consumer Internet,Bangalore,Karnataka,India
magicpin,Consumer Internet,Delhi,24.9,Private Equity,Lightspeed India,2016,February,Consumer Internet,Delhi,Delhi,India
first eat,Consumer Internet,Delhi,0.83,Seed,Unknown Investor,2016,February,Consumer Internet,Delhi,Delhi,India
taskbob,Consumer Internet,Mumbai,37.35,Private Equity,"Ivycap Ventures, Orios Venture Partners, Mayfield India",2016,February,Consumer Internet,Mumbai,Maharashtra,India
styledotme,Consumer Internet,Delhi,0.31,Seed,Indian Angel Network,2016,February,Consumer Internet,Delhi,Delhi,India
cuponation,Consumer Internet,Gurgaon,91.3,Private Equity,"Rocket Internet Ag, Holtzbrink Ventures, New Enterprise Associates (Nea), E.Ventures, Ruunknownnet, Deutsche Telekom Strategic Investments (Dtsi), Silicon Valley Bank",2016,February,Consumer Internet,Gurgaon,Haryana,India
sayfix,Consumer Internet,Bangalore,1.33,Seed,Yajunknownunknownrayaunknown Kammaje,2016,February,Consumer Internet,Bangalore,Karnataka,India
nobroker,Consumer Internet,Bangalore,83.0,Private Equity,"Beenext, Digital Garage, Beenos, Qualgro, Mamoru Taniya, Saif Partners",2016,February,Consumer Internet,Bangalore,Karnataka,India
appilyever,Consumer Internet,Hyderabad,3.32,Seed,"Varun Aggarwal, Suresh Venkat, Raj Y",2016,February,Consumer Internet,Hyderabad,Telangana,India
pocketin,Consumer Internet,Noida,1.25,Seed,Swastika Company Ltd,2016,February,Consumer Internet,Noida,Uttar Pradesh,India
ofbusiness,Ecommerce,Gurgaon,41.5,Private Equity,Matrix Partners,2016,February,Ecommerce / Retail,Gurgaon,Haryana,India
juspay,Consumer Internet,Bangalore,48.14,Private Equity,"Accel, Ashish Hemrajani, Parikshit Dar, Rajesh Balpande",2016,February,Consumer Internet,Bangalore,Karnataka,India
funcart,Ecommerce,Delhi,0.58,Seed,Unknown Hnis,2016,February,Ecommerce / Retail,Delhi,Delhi,India
freedom smart labs,Technology,Delhi,1.2,Seed,Kapil Goel,2016,February,Enterprise / SaaS,Delhi,Delhi,India
edubridge,Consumer Internet,Mumbai,20.75,Private Equity,"Insitor Impact Asia Fund, Acumen Fund",2016,February,Consumer Internet,Mumbai,Maharashtra,India
hopscotch,Ecommerce,Mumbai,107.9,Private Equity,Eduardo Saverin,2016,February,Ecommerce / Retail,Mumbai,Maharashtra,India
b9 beverages,Food,Delhi,49.8,Private Equity,"Sequoia Capital, Kuunknownl Bahl, Rohit Bansal, Deepinder Goyal, Ashish Dhawan, Mayank Singhal",2016,January,FoodTech,Delhi,Delhi,India
mychild app,Edtech,Bhopal,0.83,Seed,"Samir Bangara, Anisha Mittal, Amit Gupta, Pallav Nadhani, Lalit Mangal, Arihant Patni, Dr. Ritesh Malik, Deobrat Singh, Saurab Paruthi, Singapore Angel Network.",2016,January,Enterprise / SaaS,Bhopal,Madhya Pradesh,India
360ride,Consumer Internet,Bangalore,1.25,Seed,Unknown,2016,January,Consumer Internet,Bangalore,Karnataka,India
alefnmobitech,Consumer Internet,Mumbai,41.5,Private Equity,Tata Capital Innovation Fund,2016,January,Consumer Internet,Mumbai,Maharashtra,India
sensara,Technology,Bangalore,6.22,Seed,"Lalitesh Katragadda, \\Xc2\\Xa0 Gaunknownyantrika Systems",2016,January,Enterprise / SaaS,Bangalore,Karnataka,India
zebpay,Consumer Internet,Ahmedabad,8.3,Private Equity,"Arjun Handa, Amit Jindal, Nagendra Chaudhary",2016,January,Consumer Internet,Ahmedabad,Gujarat,India
planmynmedicaltrip,Healthcare,Pune,1.25,Seed,"Bhanu Vikram Parsotam, Rohan Desai And Paras Patel",2016,January,HealthTech,Pune,Maharashtra,India
mycity4kids,Edtech,Gurgaon,24.9,Private Equity,"Sidbi Venture Capital Limited, Yournest Angel Fund",2016,January,Enterprise / SaaS,Gurgaon,Haryana,India
justdakhilacom,Edtech,Delhi,6.22,Seed,Ankur Gupta,2016,January,Enterprise / SaaS,Delhi,Delhi,India
infurnia,Consumer Internet,Bangalore,1.33,Seed,Idein Ventures,2016,January,Consumer Internet,Bangalore,Karnataka,India
myly,Edtech,Jaipur,0.83,Seed,Newbie Promoter Pvt Ltd,2016,January,Enterprise / SaaS,Jaipur,Rajasthan,India
makemytrip,Consumer Internet,Gurgaon,1494.0,Private Equity,Ctrip.Com Interunknowntiounknownl Ltd,2016,January,Consumer Internet,Gurgaon,Haryana,India
melorra,Ecommerce,Bangalore,41.5,Private Equity,Lightbox Ventures,2016,January,Ecommerce / Retail,Bangalore,Karnataka,India
confirmtkt,Consumer Internet,Bangalore,2.08,Seed,"Krishunknown Jhujhunwala, Dr. Apoorv Ranjan Sharma, Anirudh Damani, Aunknownnd Ladsariya, Sanjay Mehta, Others",2016,January,Consumer Internet,Bangalore,Karnataka,India
gyaanzone,Edtech,Mumbai,0.37,Seed,Gbim Technologies Pvt Ltd,2016,January,Enterprise / SaaS,Mumbai,Maharashtra,India
koovs,Ecommerce,Gurgaon,44.82,Private Equity,"Nahata Family, Waheed Alli",2016,January,Ecommerce / Retail,Gurgaon,Haryana,India
freshmenu,Consumer Internet,Bangalore,136.95,Private Equity,"Zodius Capital, Lightspeed",2016,January,Consumer Internet,Bangalore,Karnataka,India
savvymob,Ecommerce,Bangalore,8.3,Seed,"Tv Mohandas Pai, Letsventure",2016,January,Ecommerce / Retail,Bangalore,Karnataka,India
shopclues,Ecommerce,Gurgaon,830.0,Private Equity,"Gic, Tiger Global Maunknowngement, Nexus Venture Partners",2016,January,Ecommerce / Retail,Gurgaon,Haryana,India
ibus networks,Technology,Bangalore,19.09,Private Equity,"Vallabh Bhanshali, N Squared Maunknowngement Llc, Jagdish, Sandeep Mehta Family Office",2016,January,Enterprise / SaaS,Bangalore,Karnataka,India
happy2refer,Consumer Internet,Mumbai,2.08,Seed,"Equity Crest, Vinners, Sparknext",2016,January,Consumer Internet,Mumbai,Maharashtra,India
cartrade,Consumer Internet,Mumbai,1203.5,Private Equity,"Temasek Holdings, March Capital, Warburg Pincus",2016,January,Consumer Internet,Mumbai,Maharashtra,India
rentomo,Consumer Internet,Bangalore,0.83,Seed,"Shiva Ashok, Other Ununknownmed Investors",2016,January,Consumer Internet,Bangalore,Karnataka,India
roder,Consumer Internet,Delhi,1.99,Seed,Unicorn India Ventures,2016,January,Consumer Internet,Delhi,Delhi,India
care24,Healthcare,Mumbai,33.2,Private Equity,"Saif Partners, India Quotient",2016,January,HealthTech,Mumbai,Maharashtra,India
orahi,Consumer Internet,Gurgaon,4.32,Seed,Indian Angel Network,2016,January,Consumer Internet,Gurgaon,Haryana,India
fitso,Consumer Internet,Gurgaon,1.66,Seed,"Varun Khuraunknown, Samar Singla, Viunknowny Bansal",2016,January,Consumer Internet,Gurgaon,Haryana,India
kartrocket,Consumer Internet,Delhi,49.8,Private Equity,"Bertelsmann India Investments, Nirvaunknown Digital India Fund, Nirvaunknown Digital Investment Holding, 500 Startups",2016,January,Consumer Internet,Delhi,Delhi,India
swiggy,Consumer Internet,Bangalore,290.5,Private Equity,"Harmony Partners, Rb Investments, Existing Investors",2016,January,Consumer Internet,Bangalore,Karnataka,India
dailyobjects,Ecommerce,Delhi,11.62,Private Equity,"Unilazer Fund, \\Xc2\\Xa0 Phanindra Sama, Peyush Bansal",2016,January,Ecommerce / Retail,Delhi,Delhi,India
indus os,Technology,Mumbai,41.5,Private Equity,Omidyar Network,2016,January,Enterprise / SaaS,Mumbai,Maharashtra,India
collegedunia,Consumer Internet,Delhi,3.69,Seed,Umang Kumar,2016,January,Consumer Internet,Delhi,Delhi,India
villgro,Fintech,Chennai,29.05,Private Equity,"Lemelson Foundation, Michael And Susan Dell Foundation",2016,January,FinTech,Chennai,Tamil Nadu,India
industrybuying,Ecommerce,Delhi,14.94,Private Equity,Trifecta Capital,2016,January,Ecommerce / Retail,Delhi,Delhi,India
just buy live,Ecommerce,Mumbai,166.0,Private Equity,Alpha Capital,2016,January,Ecommerce / Retail,Mumbai,Maharashtra,India
imbesharam,Ecommerce,Delhi,33.2,Private Equity,Unknown Us Based Investors,2016,January,Ecommerce / Retail,Delhi,Delhi,India
moodoo,Consumer Internet,Mumbai,0.33,Seed,Sa\\Xc3\\Xafd Business School Seed Fund.,2016,January,Consumer Internet,Mumbai,Maharashtra,India
fisdom,Consumer Internet,Bangalore,4.15,Seed,Rob Chandra,2016,January,Consumer Internet,Bangalore,Karnataka,India
easypolicy,Consumer Internet,Noida,18.26,Private Equity,Unilazer Ventures,2016,January,Consumer Internet,Noida,Uttar Pradesh,India
housingcom,Consumer Internet,Mumbai,124.5,Private Equity,Softbank Corp,2016,January,Consumer Internet,Mumbai,Maharashtra,India
creo,Technology,Bangalore,24.9,Private Equity,"Sequoia Capital, Beenext Ventures, India Quotient, Aunknownnd Chandrasekaran",2016,January,Enterprise / SaaS,Bangalore,Karnataka,India
shabdanagari,Consumer Internet,Kanpur,1.66,Seed,"Kanpur Angels, Others",2016,January,Consumer Internet,Kanpur,Uttar Pradesh,India
snapbizz,Ecommerce,Bangalore,59.76,Private Equity,"Jungle Ventures, Taurus Value Creation, Konly Venture, Blume Ventures",2016,January,Ecommerce / Retail,Bangalore,Karnataka,India
silvan,Technology,Bangalore,4.27,Seed,The Chenunknowni Angels,2016,January,Enterprise / SaaS,Bangalore,Karnataka,India
eps,Technology,Mumbai,290.5,Private Equity,Apis Partners,2016,January,Enterprise / SaaS,Mumbai,Maharashtra,India
qubole,Technology,Bangalore,249.0,Private Equity,"Institutiounknownl Venture Partners, Norwest Venture Partners, Lightspeed, Crv",2016,January,Enterprise / SaaS,Bangalore,Karnataka,India
siftr labs,Consumer Internet,Mumbai,1.25,Seed,Venture Catalysts,2016,January,Consumer Internet,Mumbai,Maharashtra,India
power2sme,Consumer Internet,Gurgaon,174.3,Private Equity,"Nandan Nilekani, Accel, Kalaari Capital And Inventus Capital",2016,January,Consumer Internet,Gurgaon,Haryana,India
buildzar,Ecommerce,Gurgaon,33.2,Private Equity,Puneet Dalmia,2016,January,Ecommerce / Retail,Gurgaon,Haryana,India
applicate,Technology,Bangalore,8.3,Seed,Unknown Investors,2016,January,Enterprise / SaaS,Bangalore,Karnataka,India
zebi yet to launch,Technology,Hyderabad,8.3,Seed,Un Disclosed Investors,2016,January,Enterprise / SaaS,Hyderabad,Telangana,India
truce,Fmcg,Mumbai,3.07,Seed,"Anupam Mittal, Amit Gupta, Utsav Somani, Neeraj Goenka, Farooq Adam Mukadam",2016,January,Consumer Goods / D2C,Mumbai,Maharashtra,India
qriyo,Consumer Internet,Jodhpur,1.33,Seed,Idein Ventures,2016,January,Consumer Internet,Jodhpur,Rajasthan,India
aisle,Consumer Internet,Bangalore,1.54,Seed,"Termsheet, Ah! Ventures",2016,January,Consumer Internet,Bangalore,Karnataka,India
freshmenu,Consumer Internet,Bangalore,141.1,Private Equity,"Zodius Technology Fund, Lightspeed",2016,January,Consumer Internet,Bangalore,Karnataka,India
truebil,Ecommerce,Mumbai,42.74,Private Equity,"Kalaari Capital, Inventus Capital, Tekton Ventures, Kae Capital",2016,January,Ecommerce / Retail,Mumbai,Maharashtra,India
rare media,Technology,Delhi,9.13,Private Equity,Info Edge (India) Ltd,2016,January,Enterprise / SaaS,Delhi,Delhi,India
collegedekho,Edtech,Jaipur,8.3,Seed,Girunknownrsoft,2015,December,Enterprise / SaaS,Jaipur,Rajasthan,India
patel logistics,Transportation & Logistics,Mumbai,46.48,Private Equity,Frontline Strategy,2015,December,Logistics / Supply Chain,Mumbai,Maharashtra,India
wigzo,Enterprise Marketing Automation,Delhi,4.15,Seed,"Aarin Capital Partners, Tv Mohandas Pai",2015,December,Enterprise / SaaS,Delhi,Delhi,India
godof hospitals,Digital Healthcare,Delhi,16.6,Seed,Pankaj Gupta,2015,December,HealthTech,Delhi,Delhi,India
roomstonite,Last Minute Hotel Booking,Bangalore,12.45,Seed,"Lashit Sanghvi, Nikhil Vora, Venkat Vardhan, Mohammed Bin Abdul Rehman Al Khalifa, \\Xc2\\Xa0 Ralph Berezan, Vissal Mathew, \\Xc2\\Xa0 Balamurali Krishunknown",2015,December,Travel / Hospitality,Bangalore,Karnataka,India
easykhaana,Online Food Ordering & Delivery,Delhi,0.83,Seed,Unknown Investors,2015,December,FoodTech,Delhi,Delhi,India
shuttl,Based Bus Pooling,Gurgaon,166.0,Private Equity,"Sequoia Capital, Times Internet Ltd, One More Fund",2015,December,Others,Gurgaon,Haryana,India
applop,On Demand Mobile Developer,Kolkata,0.83,Seed,Ghv Accelerator,2015,December,Mobility / Automotive / EV,Kolkata,West Bengal,India
carpm,Car Maintenance & Management Mobile,Gurgaon,0.83,Seed,Ghv Accelerator,2015,December,Artificial Intelligence,Gurgaon,Haryana,India
ndtv wedding portal,Online Wedding,Delhi,166.0,Private Equity,Cerracap,2015,December,Consumer Internet,Delhi,Delhi,India
customfurnish,Custom Made Furniture Etailer,Hyderabad,37.35,Private Equity,Agnus Capital,2015,December,Enterprise / SaaS,Hyderabad,Telangana,India
faasos,Qsr,Pune,249.0,Private Equity,"Ruunknownnet, Sequoia Capital, \\Xc2\\Xa0 Lightbox Ventures",2015,December,Others,Pune,Maharashtra,India
leaf wearables,Smart Safety Wearable Devices,Delhi,2.08,Seed,"Ajeet Khuraunknown Jinesh Shah, Vikram Chachra, Dr. Aniruddha Malpani",2015,December,Mobility / Automotive / EV,Delhi,Delhi,India
coolshare,Cab Sharing Mobile,Mumbai,0.83,Seed,Gopal Aggarwal,2015,December,Others,Mumbai,Maharashtra,India
yumist,Home Cooked Food Order & Delivery,Gurgaon,16.6,Private Equity,"Unilazer Ventures, Orios Venture Partners, Steven Lurie",2015,December,FoodTech,Gurgaon,Haryana,India
jigsaw academy,Online School For Analytics Learning,Bangalore,24.9,Private Equity,Manipal Global Education Services,2015,December,EdTech,Bangalore,Karnataka,India
voxweb,Picture Creation & Social Mobile,Mumbai,2.9,Seed,Unknown Investor,2015,December,Others,Mumbai,Maharashtra,India
aye finance,Nonbanking Finance,Delhi,24.9,Private Equity,"Saif Partners, Accion",2015,December,FinTech,Delhi,Delhi,India
black buck,Online Freight Aggregator,Bangalore,207.5,Private Equity,"Tiger Global Maunknowngement, Yuri Milner, Apoletto, Accel, Flipkart",2015,December,Consumer Internet,Bangalore,Karnataka,India
homestudio,Online Branded Furniture Etailer,Bangalore,41.5,Private Equity,Bren Corporation,2015,December,Consumer Internet,Bangalore,Karnataka,India
prophesee,Digital Analytics,Delhi,4.15,Seed,"Indian Angel Network, Stanford Angels, Entrepreneurs India",2015,December,Enterprise / SaaS,Delhi,Delhi,India
i2e1,Internet Infrastructure,Delhi,4.15,Seed,Growx Ventures,2015,December,Consumer Internet,Delhi,Delhi,India
holisol logistics,Supply & Logistics,Delhi,83.0,Private Equity,Clsa Capital Partners Aria Iv Funds,2015,December,Logistics / Supply Chain,Delhi,Delhi,India
paynear,Mobile Point Of Sale,Hyderabad,20.75,Private Equity,Mitesh Majithia,2015,December,Others,Hyderabad,Telangana,India
chillr,Peertopeer Money Transfer & Recharge,Mumbai,581.0,Private Equity,"Sequoia Capital, Blume Ventures, Uniqorn Ventures And Other",2015,December,Others,Mumbai,Maharashtra,India
eureqa,Test Automation Saas,Hyderabad,4.98,Seed,"Sashi Reddi, Gabriel Investments",2015,December,Enterprise / SaaS,Hyderabad,Telangana,India
onlinerti,Online Rti Application,Bangalore,1.25,Seed,"Letsventure, Mohandas Pai",2015,December,Consumer Internet,Bangalore,Karnataka,India
weddingzin,Wedding Venues & Vendors,Mumbai,8.3,Seed,"Rajan Aunknownndan, Zoya Akhtar, Reema Kagati, Ruchi Narain, Amrish Kumar, Hrishikesh Parandekar",2015,December,Others,Mumbai,Maharashtra,India
capricoast,Modular Furnishings,Bangalore,29.05,Private Equity,"Accel Partners India, Rb Investments",2015,December,Others,Bangalore,Karnataka,India
cabsguru,Cab Search Comparison & Booking,Delhi,1.66,Seed,Prashanth Rangaunknownthan,2015,December,Others,Delhi,Delhi,India
whoop,Performance Optimization For Athletes,Boston,24.9,Private Equity,Infosys,2015,December,Others,Boston,Massachusetts,USA
streamoid,Visual Search And Discovery,Bangalore,8.3,Seed,Unknown,2015,December,Others,Bangalore,Karnataka,India
housejoy,Home,Bangalore,186.75,Private Equity,"Amazon, Vertex Ventures, Qualcomm, Ruunknownnet Technology Partners, Matrix Partners",2015,December,Others,Bangalore,Karnataka,India
bluebirch,End To End Reverse Logistics Solution,Bangalore,16.6,Seed,"Chicago Capital Ventures, Sanjay Mehta, Others",2015,December,Logistics / Supply Chain,Bangalore,Karnataka,India
meradoctor,Virtual Health Consultation,Mumbai,9.96,Private Equity,Unilazer,2015,December,HealthTech,Mumbai,Maharashtra,India
rivigo,Logistics,Gurgaon,249.0,Private Equity,Saif Partners And Others,2015,December,Logistics / Supply Chain,Gurgaon,Haryana,India
springboard,Data Science & Ux Design Learning,Bangalore,14.11,Seed,"Allen Blue, John Katzman, Naveen Tewari, Kartik Hosaunknowngar, Kashyap Deorah, 500 Startups, Blue Fog Capital",2015,December,EdTech,Bangalore,Karnataka,India
ampere vehicles,Electric Bike Manufacturers,Coimbatore,9.96,Seed,"Kris Gopalakrishunknownn, Others",2015,December,Mobility / Automotive / EV,Coimbatore,Tamil Nadu,India
cbrex,International Hiring,Mumbai,1.66,Seed,"Prahlad Rao, Sundara Rajan, Vikram Chachra",2015,December,Others,Mumbai,Maharashtra,India
truckmandi,Logistics,Delhi,16.6,Private Equity,"Ritesh Dwivedy, Ramakant Sharma, Mount Nathan Advisors",2015,December,Logistics / Supply Chain,Delhi,Delhi,India
peppertap,Hyperlocalxc2Xa0 Grocery Delivery,Gurgaon,33.2,Private Equity,Innoven Capital,2015,December,Logistics / Supply Chain,Gurgaon,Haryana,India
kooh sports,Sports Education,Mumbai,16.6,Private Equity,"Tcs, Hdfc, Faering Capital, Elevate Sports",2015,December,EdTech,Mumbai,Maharashtra,India
latestone,Mobile Accessories Online Store,Hyderabad,24.9,Private Equity,Palred Technologies Ltd,2015,December,Consumer Internet,Hyderabad,Telangana,India
aryaai,AI,Mumbai,6.22,Private Equity,"Yournest Angel Fund, Venture Nursery",2015,December,Artificial Intelligence,Mumbai,Maharashtra,India
doctor insta,Medical Consultation & Doctor Appointment Booking,Gurgaon,4.15,Private Equity,"Rishi Parti, Brahmax Ventures",2015,December,HealthTech,Gurgaon,Haryana,India
mobiefit,Mobile Fitness,Goa,8.3,Private Equity,Medi Assist,2015,December,Enterprise / SaaS,Panaji,Goa,India
mech mocha,Mobile Game Development & Design,Bangalore,8.3,Seed,"Blume Ventures, Flipkart",2015,December,Mobility / Automotive / EV,Bangalore,Karnataka,India
shotangcom,B2B Ecommerce,Bangalore,41.5,Private Equity,"Exfinity Venture Partners, Unitus Impact Livelihoods Fund",2015,December,Ecommerce / Retail,Bangalore,Karnataka,India
black white orange,B2B Merchandize,Mumbai,2.51,Seed,Collaborative Licensing Ventures Llp,2015,December,Enterprise / SaaS,Mumbai,Maharashtra,India
canvera,Photographer Online Search & Booking,Bangalore,18.26,Private Equity,Info Edge (India) Ltd,2015,December,Consumer Internet,Bangalore,Karnataka,India
town essentials,Grocery Delivery,Bangalore,8.3,Seed,"Sharad Hegde, Girish Reddy, Siddharth Patil, Shrikant Patil",2015,December,Logistics / Supply Chain,Bangalore,Karnataka,India
bumper,Mobile Car Servicing Appointment,Bangalore,4.15,Seed,Saif Partners,2015,December,Others,Bangalore,Karnataka,India
hotify,New Curation Mobile,Bangalore,1.25,Seed,Mahavir Pratap Sharma,2015,December,Others,Bangalore,Karnataka,India
mobikwik,Mobile Wallet,Gurgaon,54.78,Private Equity,"Sequoia Capital, Tree Line Asia, Innoven Capital",2015,December,Others,Gurgaon,Haryana,India
twigly,Online Food Ordering & Delivery,Gurgaon,1.66,Seed,"Amit Gupta, Sahil Barua, Mukul Singhal, Tracxn Labs",2015,November,FoodTech,Gurgaon,Haryana,India
cityflo,Bus Aggregation And Rental Mobile,Mumbai,6.22,Seed,Idg Ventures,2015,November,Mobility / Automotive / EV,Mumbai,Maharashtra,India
pokkt,Alternate Mobile Monetization,Mumbai,41.5,Private Equity,"Segnel Venture, Shinji Kimura, Sundar Chanrai, Jafco Asia, Singtel\\Xe2\\X80\\X99S Innov8, Jungle Ventures, K Ganesh",2015,November,Others,Mumbai,Maharashtra,India
oibanit,Online Food Ordering,Vadodara,1.25,Seed,"Varun Ahuja, Anubhav Verma",2015,November,FoodTech,Vadodara,Gujarat,India
stuffed,Quick Restaurant & Online Delivery,Mumbai,3.2,Seed,Riqueza Capital,2015,November,FoodTech,Mumbai,Maharashtra,India
loanbaba,Online Loans,Mumbai,2.66,Seed,Unknown,2015,November,FinTech,Mumbai,Maharashtra,India
deyor rooms,Budget Hotels Aggregator,Delhi,4.15,Seed,"Dheeraj Jain, Others",2015,November,Travel / Hospitality,Delhi,Delhi,India
bidgely,Efficient Energy Management,Usa,137.78,Private Equity,"Constellation Technology Ventures (Exelon Corporation), E.On, Rwe, Khosla Ventures",2015,November,Climate / CleanTech / Energy,,,USA
shirsa labs,Digital Intelligent Learning,Mumbai,2.08,Seed,Ah! Ventures,2015,November,EdTech,Mumbai,Maharashtra,India
yourdost,Online Counselling And Psychological Support,Gwalior,3.32,Seed,"Phanindra Sama, Aprameya Radhakrishunknown, Aneesh Reddy, Neeraj Jawalkar, Sanjay Aunknownndaram, Pavan Ongole, Venk Krishunknownn",2015,November,Consumer Internet,Gwalior,Madhya Pradesh,India
bookmybai,Domestic Help Aggregation,Mumbai,1.25,Seed,"Vineel Nalla, Others",2015,November,Others,Mumbai,Maharashtra,India
myindianstay,Home Stay & Room Rentals,Goa,1.66,Seed,Unknown Investors,2015,November,Mobility / Automotive / EV,Panaji,Goa,India
satvacart,Online Grocery,Gurgaon,14.94,Private Equity,Unknown Hnis,2015,November,Consumer Internet,Gurgaon,Haryana,India
popxocom,Online Content For Women,Delhi,16.6,Private Equity,"Idg Ventures India, Kalaari Capital, 500 Startups",2015,November,Consumer Internet,Delhi,Delhi,India
spareshub,Online Vehicle Spare Parts Etailer,Pune,3.82,Seed,"Hyderabad Angels, M, S Partners",2015,November,Consumer Internet,Pune,Maharashtra,India
explara,Event Ticketing,Pune,4.07,Private Equity,"Hyderabad Angels, Singapore Angel Network, Ness Wadia",2015,November,Mobility / Automotive / EV,Pune,Maharashtra,India
yuvi hospitality,Premium Dining Lounges & Restaurants,Gurgaon,124.5,Private Equity,Chandralekha Construction Pvt. Ltd.,2015,November,FoodTech,Gurgaon,Haryana,India
appvirality,Mobile Growth Hackingnplatform,Hyderabad,4.15,Seed,"Rajan Aunknownndan, Mike Galgon, Ravi Gururaj, Ashim Mehra, \\Xc2\\Xa0 Mohit Saxeunknown, Internet Group, Tnn Capital And Others",2015,November,Others,Hyderabad,Telangana,India
istar skill development,Skill Training,Bangalore,12.45,Private Equity,"Michael, Susan Dell Foundation, Unitus Seed Fund",2015,November,EdTech,Bangalore,Karnataka,India
bigstylistcom,Beauty And Wellness,Mumbai,8.3,Private Equity,Info Edge,2015,November,Consumer Goods / D2C,Mumbai,Maharashtra,India
zilingo,For Bangkok,Bangalore,15.77,Private Equity,"Sequoia India, Beenext Ventures, Kuunknownl Shah, Sandeep Tandon",2015,November,Others,Bangalore,Karnataka,India
didi,Ondemand Maids,Mumbai,1.25,Seed,"Jozef Bardik, Leo Wang Sangeeth Ram",2015,November,Artificial Intelligence,Mumbai,Maharashtra,India
skoovcom,Ecommerce Product Search Engine,Mumbai,1.25,Seed,Undisclosed Investor,2015,November,Ecommerce / Retail,Mumbai,Maharashtra,India
chefs basket,Ready To Cook Packaged Foods,Mumbai,49.8,Private Equity,"Saif Partners, Haresh Chawla",2015,November,FoodTech,Mumbai,Maharashtra,India
delight foods,Branded Food Products Online Sales,Bangalore,4.98,Private Equity,"Lensbridge Capital, Mape Advisory Group, Fireside Ventures",2015,November,FoodTech,Bangalore,Karnataka,India
renewbuy,Auto Insurance Online,Gurgaon,4.15,Seed,Mount Nathan Advisors Pte Ltd,2015,November,FinTech,Gurgaon,Haryana,India
hitwicket,Cricket Management Mobile Game,Hyderabad,2.08,Seed,Chenunknowni Angels,2015,November,Media / Entertainment / Gaming,Hyderabad,Telangana,India
cashkarocom,Ecommerce Discount & Cashback Coupons,Gurgaon,30.71,Private Equity,Kalaari Capital,2015,November,Ecommerce / Retail,Gurgaon,Haryana,India
absentia,Virtual Reality Headset Creator,Bangalore,1.49,Seed,"Astarc Ventures, 50K Ventures, Others",2015,November,Enterprise / SaaS,Bangalore,Karnataka,India
taskbucks,Mobileonly Tasks,Delhi,124.5,Private Equity,Times Internet,2015,November,Others,Delhi,Delhi,India
craftsvilla,Women Ethnic Wearxc2Xa0 Online,Mumbai,282.2,Private Equity,"Sequoia India, Lightspeed, Nexus Venture Partners, Global Founders Capital, Apoletto",2015,November,Consumer Internet,Mumbai,Maharashtra,India
julia computing,Numerical Computing & Data Science,Bangalore,4.98,Seed,Gordon And Betty Moore Foundation,2015,November,Analytics / Big Data,Bangalore,Karnataka,India
styletag,Designer Fashion Jewellery,Bangalore,62.25,Seed,Jitu Virwani,2015,November,Consumer Goods / D2C,Bangalore,Karnataka,India
smytten,Online Products Discovery,Gurgaon,1.66,Seed,"Rimpal Chawla, Anuj Srivastava",2015,November,Consumer Internet,Gurgaon,Haryana,India
bibox,Kids Tool Kit For Innovation,Bangalore,4.4,Seed,Ravi Krishunknownmurthy,2015,November,Enterprise / SaaS,Bangalore,Karnataka,India
convegenius,Mobile Learning,Noida,2.49,Seed,Eunknownblers Platform,2015,November,EdTech,Noida,Uttar Pradesh,India
ola,Car Aggregator & Retail Mobile,Bangalore,4150.0,Private Equity,"Baillie Gifford, Falcon Edge Capital, Tiger Global, SoftBank, Dst Global, Didi Kuaidi",2015,November,Ecommerce / Retail,Bangalore,Karnataka,India
goodbox,Conversational Commerce Mobile,Bangalore,20.75,Private Equity,Nexus Venture Partners,2015,November,Ecommerce / Retail,Bangalore,Karnataka,India
scoopwhoop,Viral Content Web,Delhi,33.2,Private Equity,Kalaari Capital,2015,November,Others,Delhi,Delhi,India
urbanclap,Mobile,Gurgaon,207.5,Private Equity,"Bessemer Venture Partner, Accel, Saif Partners",2015,November,Others,Gurgaon,Haryana,India
sensegiz,Smartwatch Maker,Belgaum,4.15,Seed,Karunknowntaka Semiconductor Venture Capital Firm,2015,November,Others,Belgaum,Karnataka,India
fourseven,Online Jewellery Etailer,Delhi,3.78,Seed,Indian Angel Network,2015,November,Consumer Internet,Delhi,Delhi,India
mindtickle,Sales & Productivity Software,Pune,103.75,Private Equity,New Enterprise Associates,2015,November,Enterprise / SaaS,Pune,Maharashtra,India
medinfi,Healthcare,Bangalore,2.53,Seed,"Ram Kumar Kakani, Pradeep K Jaisingh, Sunil T V, Vijay Ghadge, Hemant Kaul, Gurmeet Chahal, Others",2015,November,HealthTech,Bangalore,Karnataka,India
ouwt,Nightlife Discovery Mobile,Mumbai,1.25,Seed,Unknown Investors,2015,November,Others,Mumbai,Maharashtra,India
heypillow,Online Real Estate,Bangalore,24.9,Private Equity,Hampton Capital,2015,November,Consumer Internet,Bangalore,Karnataka,India
caravan craft,Indian Ethnic Crafts Etailer,Bangalore,9.96,Private Equity,"Unitus Seed Fund, Bijou Kurien, Narayan Ramachandran",2015,November,Artificial Intelligence,Bangalore,Karnataka,India
talkoot,Social For Traders And Investors,Bangalore,0.83,Seed,Unknown Investors,2015,November,Others,Bangalore,Karnataka,India
rentomojo,Online Furniture Home Appliances Rental,Bangalore,16.6,Private Equity,"Idg Ventures India, \\Xc2\\Xa0 Accel Partners India",2015,November,Consumer Internet,Bangalore,Karnataka,India
medikoe,Healthcare,Bangalore,0.83,Seed,Anil Menon,2015,November,HealthTech,Bangalore,Karnataka,India
stylofie,Healthcare,Gurgaon,2.08,Seed,Swastika,2015,November,HealthTech,Gurgaon,Haryana,India
naaptol,Online And Tv Shopping,Mumbai,431.6,Private Equity,"Mitsui, Co., New Enterprise Associates, Caunknownan Partners, Silicon Valley Bank",2015,November,Ecommerce / Retail,Mumbai,Maharashtra,India
earlysalarycom,Mobile Based Loan Disbursement,Mumbai,12.45,Seed,Ashok Agarwal,2015,November,FinTech,Mumbai,Maharashtra,India
tooler,On Demand Laundry,Delhi,0.91,Seed,"Raghu Khanunknown, Sameer Gupta",2015,November,Others,Delhi,Delhi,India
s chand,Education Content,Delhi,224.1,Private Equity,Ifc Everstone Group,2015,November,EdTech,Delhi,Delhi,India
goqii,Fitness Tracking Management,Mumbai,111.22,Private Equity,"New Enterprise Associates, Cheetah Mobile",2015,November,Enterprise / SaaS,Mumbai,Maharashtra,India
grofers,Hyperlocal Grocery Delivery,Gurgaon,996.0,Private Equity,"SoftBank, Tiger Global, Sequoia Capital, Apoletto Maunknowngers",2015,November,Logistics / Supply Chain,Gurgaon,Haryana,India
pluss,Hyperlocal Healthcare Product Delivery,Gurgaon,8.3,Private Equity,"Idg Ventures, M, S Partners, Powerhouse Ventures (Usa).",2015,November,HealthTech,Gurgaon,Haryana,India
justride,Self Driven Rental Car,Mumbai,16.6,Private Equity,Unknown,2015,November,Mobility / Automotive / EV,Mumbai,Maharashtra,India
baxi,Twowheeler Taxi,Gurgaon,12.04,Seed,"Manish Kheterpal, Alok Mittal, \\Xc2\\Xa0 Puneet Dalmia",2015,November,Others,Gurgaon,Haryana,India
superhero brands,Character Merchandize Sales,Mumbai,4.48,Seed,Dsg Consumer Partners,2015,November,Others,Mumbai,Maharashtra,India
qikpod,Ecommerce,Bangalore,74.7,Private Equity,"Flipkart, Accel, Delhivery, Foxconn",2015,November,Ecommerce / Retail,Bangalore,Karnataka,India
muvizz,Movieondemand,Singapore,2.9,Seed,"Ashish Todi, Abhiunknownv Patodia, Kumar Shwetabh",2015,October,Others,,,Singapore
shopalyst,Product Discovery & Recommendation,Bangalore,16.6,Private Equity,Kalaari Capital,2015,October,Ecommerce / Retail,Bangalore,Karnataka,India
chillr,Mobile Payments,Mumbai,49.8,Private Equity,Sequoia Capital,2015,October,FinTech,Mumbai,Maharashtra,India
nykaa,Beauty & Wellness Products Etailer,Mumbai,78.85,Private Equity,"Harsh Mariwala, Atul Nishar, Dalip Pathak, Michael Carlos",2015,October,Artificial Intelligence,Mumbai,Maharashtra,India
voylla,Fashion Jewelry And Accessories Etailer,Jaipur,124.5,Private Equity,Peepul Capital,2015,October,Artificial Intelligence,Jaipur,Rajasthan,India
indialends,Online Consumer Lending,Delhi,8.3,Private Equity,"Dsg Consumer Partners, Paragon Partners",2015,October,FinTech,Delhi,Delhi,India
rock n shop,Premium Apparel Shopping Portal,Delhi,1.25,Seed,High Networth Individuals (Undisclosed),2015,October,Ecommerce / Retail,Delhi,Delhi,India
docplexus,Exclusive For Doctors & Healthcare Professionals,Pune,5.81,Seed,"Uniqorn Ventures, Asp Consulting",2015,October,HealthTech,Pune,Maharashtra,India
workindia,Job Board,Mumbai,4.15,Seed,"Satyen Kothari, Keshav Sanghi, Riddhesh Gandhi, Others",2015,October,HRTech,Mumbai,Maharashtra,India
sportzvillage,Sports Management & Physical Education Business,Bangalore,83.0,Private Equity,Gaja Capital Private Equity Fund,2015,October,EdTech,Bangalore,Karnataka,India
burger singh,Qsr & Online Delivery Portal,Gurgaon,4.15,Seed,"Ashvin Chadha, Avtar Monga, Udaan Angels, Dheeraj Jain",2015,October,Consumer Internet,Gurgaon,Haryana,India
welcome cure,Online Homeopathy Clinic,Mumbai,49.8,Private Equity,Ununknownmed Media House And Hnis,2015,October,HealthTech,Mumbai,Maharashtra,India
schoolguru,Edtech,Mumbai,24.9,Private Equity,"High Networth Individuals From India, Usa",2015,October,Enterprise / SaaS,Mumbai,Maharashtra,India
gojavas,Delivery & Logistics,Gurgaon,166.0,Private Equity,Sunknownpdeal,2015,October,Logistics / Supply Chain,Gurgaon,Haryana,India
zupermeal,Home Cooked Food & Delivery,Mumbai,16.6,Private Equity,"Sanjeev Kapoor, \\Xc2\\Xa0 Ravi Saxeunknown, Others",2015,October,FoodTech,Mumbai,Maharashtra,India
cube26,Gesture Based Mobile Development,Delhi,63.91,Private Equity,"Tiger Global Maunknowngement, Flipkart",2015,October,Mobility / Automotive / EV,Delhi,Delhi,India
grabhouse,Rental Accommodation Search,Bangalore,83.0,Private Equity,Sequoia And Kalaari Capital.,2015,October,Mobility / Automotive / EV,Bangalore,Karnataka,India
quifers,Logistics,Mumbai,2.57,Seed,"Vikas Agarwal, Vishal Khare, Sanjeev Kakkar, Smile Group",2015,October,Logistics / Supply Chain,Mumbai,Maharashtra,India
stockroomio,Developer Portfolio Showcase,Hyderabad,0.58,Seed,Unknown Investors,2015,October,Mobility / Automotive / EV,Hyderabad,Telangana,India
cloud lending,Endtoend Lending,Bangalore,66.4,Private Equity,Sf Capital Group,2015,October,FinTech,Bangalore,Karnataka,India
inayo,Ondemand Healthcare,Mumbai,2.49,Seed,"Kemark Ventures, Amit Ranjan, Zishaan Hayath And Others",2015,October,HealthTech,Mumbai,Maharashtra,India
kulzy,Advertising & Marketing Community Networking,Delhi,8.3,Seed,"Seedfund, Bedrock Ventures",2015,October,Enterprise / SaaS,Delhi,Delhi,India
zeppery,Food Ordering & Delivery,Delhi,0.64,Seed,Suyash Sharma,2015,October,FoodTech,Delhi,Delhi,India
zify,Ride Sharing,Hyderabad,1.58,Seed,"Sean O\\Xe2\\X80\\X99Sullivan, Others",2015,October,Others,Hyderabad,Telangana,India
gridle,Cloud Based Collaboration,Ahmedabad,0.83,Seed,Letsventure,2015,October,Others,Ahmedabad,Gujarat,India
voodoo,Mobile Only Shopping Assistant,Delhi,8.3,Seed,Saif Partners,2015,October,Ecommerce / Retail,Delhi,Delhi,India
lookup,Mobile Messaging Assistant,Bangalore,20.75,Private Equity,"Khosla Impact, Biz Stone, Catamaran Ventures, Global Founders Capital, European Investment Fund",2015,October,Others,Bangalore,Karnataka,India
askmygift,Personalized Wish List Creator,Noida,0.41,Seed,Turning Ideas,2015,October,Others,Noida,Uttar Pradesh,India
zappfresh,Raw Meat & Ready To Eat Food Etailer,Gurgaon,0.64,Seed,Unknown Investors,2015,October,FoodTech,Gurgaon,Haryana,India
scube futuretech,Structural & Civil Engg Automation,Mumbai,8.3,Private Equity,Parampara Capital,2015,October,Mobility / Automotive / EV,Mumbai,Maharashtra,India
citrus payment,Payments Solution,Mumbai,207.5,Private Equity,"Sequoia Capital, Ascent Capital, Econtext Asia, Beenos Asia",2015,October,FinTech,Mumbai,Maharashtra,India
holidify,Travel Destination Discovery,Delhi,0.83,Seed,Aarti Group,2015,October,Travel / Hospitality,Delhi,Delhi,India
opinio,Last Mile Delivery,Bangalore,58.1,Private Equity,"Delhivery, Sands Capital And Accel Partners",2015,October,Logistics / Supply Chain,Bangalore,Karnataka,India
attune,Healthcare,Chennai,83.0,Private Equity,"Qualcomm Venture, Norwest Venture Partners",2015,October,HealthTech,Chennai,Tamil Nadu,India
agentdesks,Real Estate Mobile Crm,New York,24.48,Seed,"Sierra Ventures, Cota Capital, Vegas Tech Fund",2015,October,Real Estate / PropTech,New York,New York,USA
white owl brewery,Microbrewery,Mumbai,12.7,Private Equity,"Arihant Patni, Raay Global Investments",2015,October,Others,Mumbai,Maharashtra,India
mealhopper,Home Made Food,Gurgaon,0.83,Seed,"Alok Bajpai, Rajnish Kumar, Amit Dey",2015,October,FoodTech,Gurgaon,Haryana,India
zenifyin,Residential Rental Management,Bangalore,5.31,Seed,"Atul Jalan, Shrikanth, Bharath",2015,October,Mobility / Automotive / EV,Bangalore,Karnataka,India
medd,Personal Diagnostic Mobile,Mumbai,1.25,Seed,Group Of Angel Investors,2015,October,HealthTech,Mumbai,Maharashtra,India
leaping caravan,Online Food Ordering & Delivery,Gurgaon,1.25,Seed,Group Of Angel Investors,2015,October,FoodTech,Gurgaon,Haryana,India
frsh,Online Food Ordering & Delivery,Gurgaon,8.3,Private Equity,"Mumbai Angels, Mayank Bhangdia, Kae Capital",2015,October,FoodTech,Gurgaon,Haryana,India
qik stay,Hotel Aggregator & Booking,Delhi,2.08,Seed,Id Eunknownblers Pvt Ltd,2015,October,Travel / Hospitality,Delhi,Delhi,India
parcelled,Online Logistics,Bangalore,41.5,Private Equity,Delhivery,2015,October,Consumer Internet,Bangalore,Karnataka,India
almamapper,Online Student & Campus Social Networking,Ahmedabad,3.32,Seed,Oswal Techno Ventures Llp,2015,October,EdTech,Ahmedabad,Gujarat,India
flexing it,Professionals & Project Search,Delhi,4.15,Seed,Undisclosed Private Investors,2015,October,Others,Delhi,Delhi,India
netmedscom,Online Pharmacy,Chennai,415.0,Private Equity,"Orbimed, Pradip Dadha Group",2015,October,HealthTech,Chennai,Tamil Nadu,India
razorpay,Online Payment Gateway,Jaipur,74.7,Private Equity,"Tiger Global Maunknowngement, Matrix Partners",2015,October,Consumer Internet,Jaipur,Rajasthan,India
happitoo,Location Based Nightlife Recommendationxc2Xa0,Mumbai,0.64,Seed,Ununknownmed Investor,2015,October,Ecommerce / Retail,Mumbai,Maharashtra,India
care24,Professional Health,Mumbai,2.9,Seed,India Quotient,2015,October,HealthTech,Mumbai,Maharashtra,India
roadrunnr,Hyperlocal Logistics,Bangalore,83.0,Private Equity,"Sequoia Capital, Nexus Venture Partners",2015,October,Logistics / Supply Chain,Bangalore,Karnataka,India
origa leasing,Asset Financing,Mumbai,9.13,Seed,"Ah! Ventures, 500 Startups, Other Hnis",2015,October,FinTech,Mumbai,Maharashtra,India
smartivityin,Virtual Reality Activity Based Learning,Delhi,1.66,Seed,S Chand And Co Pvt Ltd,2015,October,EdTech,Delhi,Delhi,India
zophop,Public Commute Helper,Mumbai,3.73,Seed,"Amit Singhal, Pk Gulati, Others",2015,October,Others,Mumbai,Maharashtra,India
lifto,Ridesharing Mobile,Mumbai,1.08,Seed,"Rajesh Bhatia, Dheeraj Mehta, Others",2015,October,Others,Mumbai,Maharashtra,India
tinyowl,Food Discovery & Delivery Mobile,Mumbai,62.25,Private Equity,"Sequoia Capital, Matrix Partners",2015,October,FoodTech,Mumbai,Maharashtra,India
topprcom,Competitive Exam Learning,Mumbai,16.6,Private Equity,Innoven Capital,2015,October,EdTech,Mumbai,Maharashtra,India
kleeto,Document Digitization,Gurgaon,1.91,Seed,Grex,2015,October,Enterprise / SaaS,Gurgaon,Haryana,India
beaconstalk,Proximity Marketing & Mobile Advertising,Mumbai,0.66,Seed,"Puneet Bhatia, Others",2015,October,Enterprise / SaaS,Mumbai,Maharashtra,India
jugnoo,Autorickshaw Aggregator & Booking,Chandigarh,83.0,Private Equity,Paytm,2015,October,Mobility / Automotive / EV,Chandigarh,Chandigarh,India
toflo,Fintech Incubation,Mumbai,0.83,Seed,Tania Johny Palathinkal,2015,September,FinTech,Mumbai,Maharashtra,India
stylecracker,Personalized Styling,Mumbai,8.3,Private Equity,Group Of Hni Investors,2015,September,Others,Mumbai,Maharashtra,India
luxuryhues,Luxury Goodsxc2Xa0 Shopping,Gurgaon,7.47,Private Equity,Reliance Capital,2015,September,Ecommerce / Retail,Gurgaon,Haryana,India
zivame,Online Lingerie,Bangalore,332.0,Private Equity,"Zodius Technology Fund, Khazaunknownh Nasiounknownl Berhad",2015,September,Consumer Internet,Bangalore,Karnataka,India
capillary tech,Cloud Software,Delhi,373.5,Private Equity,"Warburg Pincus, Sequoia Capital, Norwest Venture Partners",2015,September,Enterprise / SaaS,Delhi,Delhi,India
jobspire,Job Search,Bangalore,2.16,Seed,Purvi Capital,2015,September,HRTech,Bangalore,Karnataka,India
vistaar finance,Small Business Financing Nbfc,Bangalore,332.0,Private Equity,"Westbridge Capital, Omidyar Network, Elevar Equity, Saama Capital, \\Xc2\\Xa0 Lok Capital",2015,September,FinTech,Bangalore,Karnataka,India
clapsnslaps,Online Movie Review,Mumbai,1.25,Seed,R M Picture Company Pvt. Ltd.,2015,September,Consumer Internet,Mumbai,Maharashtra,India
blubox,Ecommerce Brandsxe2X80X99 Full Agency,Mumbai,0.83,Seed,Ashish Jhalani,2015,September,Ecommerce / Retail,Mumbai,Maharashtra,India
roomcentral,Cloudbased Hotel Booking,Bangalore,16.6,Seed,Karanpal Singh,2015,September,Travel / Hospitality,Bangalore,Karnataka,India
youthkiawaaz,Community Driven News/Views,Delhi,4.98,Seed,"Raghav Bahl, Ritu Kapur",2015,September,Enterprise / SaaS,Delhi,Delhi,India
prozo,Study Material,Delhi,1.7,Seed,"Nalin Jain, Shomil Pant, Dinesh Kundu, Others",2015,September,Others,Delhi,Delhi,India
zomato,Restaurant Ratings & Reviews,Gurgaon,498.0,Private Equity,"Temasek, Vy Capital",2015,September,FoodTech,Gurgaon,Haryana,India
sahayog dairy,Dairy Based Product Manufacturer,Bhopal,14.94,Private Equity,Acumen Fund,2015,September,Artificial Intelligence,Bhopal,Madhya Pradesh,India
mockbank,Government Test Preparation,Bangalore,3.32,Seed,Blume Ventures,2015,September,Others,Bangalore,Karnataka,India
onlinetyari,Multilingual Test Preparation,Gurgaon,6.39,Private Equity,"500 Startups, Tv Mohandas Pai, Tandem Capital, Vikram Chachra, Aloke Bajpai",2015,September,Others,Gurgaon,Haryana,India
industrybuying,Industrial Tools,Delhi,76.36,Private Equity,"Kalaari Capital, Saif Partners, Beenextan Investment Fund",2015,September,Others,Delhi,Delhi,India
thenudge foundation,Non Profit Organization To Alleviate Poverty,Bangalore,2.61,Seed,"Naunknowndan Nilekani, Inmobi, Paytm",2015,September,Enterprise / SaaS,Bangalore,Karnataka,India
fitmein,Gym & Fitness Studios Subscription,Delhi,0.83,Seed,Green House Ventures,2015,September,Enterprise / SaaS,Delhi,Delhi,India
zapyle,Preused Apparel Shopping Mobile,Bangalore,8.3,Seed,Unknown,2015,September,Ecommerce / Retail,Bangalore,Karnataka,India
credr,Used Vehicles,Mumbai,124.5,Private Equity,Eight Road Ventures,2015,September,Mobility / Automotive / EV,Mumbai,Maharashtra,India
canvasflip,Mobile Testing,Hyderabad,9.96,Seed,Bessemer Venture Partners,2015,September,Others,Hyderabad,Telangana,India
shadowfax,Hyperlocal Delivery,Gurgaon,74.7,Private Equity,Eight Roads Ventures,2015,September,Logistics / Supply Chain,Gurgaon,Haryana,India
ue life sciences,Early Cancer Detection,Us,24.9,Private Equity,"Aarin Capital, Unitus Seed Fund",2015,September,Others,,,USA
ola,Cab Rental Mobile,Bangalore,1867.5,Private Equity,"Falcon Edge Capital, Ny Based Hedge Fund, Tiger Global, SoftBank",2015,September,Mobility / Automotive / EV,Bangalore,Karnataka,India
coverfox,Online Insurance Distribution,Mumbai,16.6,Private Equity,Cataraman Ventures,2015,September,FinTech,Mumbai,Maharashtra,India
moengage,Mobile Marketing Automation,Bangalore,35.27,Private Equity,"Helion Venture Partners, Exfinity Ventures",2015,September,Mobility / Automotive / EV,Bangalore,Karnataka,India
tea trails,Of Tea Cafxc3Xa9Xe2X80X99S,Mumbai,8.3,Seed,"Anil Matai, Vikram Tandon, Shyam Sundar R, Others",2015,September,Others,Mumbai,Maharashtra,India
room on call,Branded Budget Hotel,Noida,2.49,Seed,Payal Syal,2015,September,Travel / Hospitality,Noida,Uttar Pradesh,India
chaipoint,Food Subscription,Bangalore,83.0,Private Equity,Eight Roads Ventures,2015,September,FoodTech,Bangalore,Karnataka,India
wedmegoodcom,Wedding Planning,Gurgaon,3.4,Seed,Indian Angel Network,2015,September,Others,Gurgaon,Haryana,India
xstok,B2B Mobile Auction,Mumbai,3.73,Seed,Oliphans Capital,2015,September,Enterprise / SaaS,Mumbai,Maharashtra,India
yepme,Private Label Fashion Etailer,Gurgaon,622.5,Private Equity,"Khazaunknownh Nasiounknownl Berhad, Helion Venture Partners",2015,September,Artificial Intelligence,Gurgaon,Haryana,India
bueno,Online Food Ordering & Delivery,Gurgaon,4.98,Seed,High Networth Individuals (No Details),2015,September,FoodTech,Gurgaon,Haryana,India
plabro,Real Estate Broker,Delhi,2.9,Seed,"Sachin Bansal, Binny Bansal, Sol Primero, Outbox Ventures, Sangram Singh",2015,September,Real Estate / PropTech,Delhi,Delhi,India
curejoy,Online Health & Wellness,Bangalore,9.54,Private Equity,"Accel, Subrata Mitra, Larry Braitman, Venk Krishunknown",2015,September,HealthTech,Bangalore,Karnataka,India
briston technomach,Internet Of Things,Delhi,1.25,Seed,Unknown,2015,September,Consumer Internet,Delhi,Delhi,India
labstreet,Diagnostic Labs Aggregator,Gurgaon,1.25,Seed,Multiple Investors,2015,September,HealthTech,Gurgaon,Haryana,India
portea medical,Home Medical Care,Bangalore,311.25,Private Equity,"Accel, Interunknowntiounknownl Fiunknownnce Corporation (Ifc), Qualcomm Ventures, Ventureast",2015,September,HealthTech,Bangalore,Karnataka,India
neotrade analytics,Realtime Stock Data,Bangalore,1.95,Seed,Rainmatter,2015,September,Real Estate / PropTech,Bangalore,Karnataka,India
lafalafa,Coupons And Cashback Aggregator,Mumbai,1.04,Seed,500 Startups,2015,September,Others,Mumbai,Maharashtra,India
bestdealfinance,Financial Portal,Mumbai,24.9,Private Equity,"Kalaari Capital, Yournest Angel Fund",2015,September,FinTech,Mumbai,Maharashtra,India
virtual logic,Virtual Reality 3D Simulation And Stereoscopic Products,Bangalore,6.64,Private Equity,Swarnim Multiventures,2015,September,Enterprise / SaaS,Bangalore,Karnataka,India
furdo,Online Interior Designing,Bangalore,3.32,Seed,Bhavdeep Reddy,2015,September,Consumer Internet,Bangalore,Karnataka,India
loginext,Endtoend Logistics,Mumbai,83.0,Private Equity,Paytm,2015,September,Logistics / Supply Chain,Mumbai,Maharashtra,India
korra,Private Label Apparel Sales,Delhi,2.49,Seed,"Asha Jadeja Motwani, Others",2015,September,Consumer Goods / D2C,Delhi,Delhi,India
silverpush,Crossdevice Retargeting,Gurgaon,9.96,Private Equity,"M, S Partners",2015,September,Mobility / Automotive / EV,Gurgaon,Haryana,India
juggernaut,Digital & Physical Publishing,Delhi,18.68,Private Equity,"William Bissell, Neeraj Aggarwal, Nandan Nilekani",2015,September,Enterprise / SaaS,Delhi,Delhi,India
innerchef,Food,Delhi,14.53,Private Equity,"Phanindra Sama, Anupam Mittal, Vijay Shekhar Sharma, Vishal Gondal, Sateesh Andara, Others",2015,September,FoodTech,Delhi,Delhi,India
quintype,Data Driven Publishing,Bangalore,27.39,Private Equity,Raghav Bahl,2015,September,Analytics / Big Data,Bangalore,Karnataka,India
capabiliti,Employee Onboarding & Orientation,Noida,3.32,Seed,"500 Startups, Smile Multimedia, Kuunknownl Bahl, Rohit Bansal, Girish Matrubootham",2015,September,Others,Noida,Uttar Pradesh,India
fourth partner energy,Solar Power,Hyderabad,16.6,Private Equity,"Infuse Ventures, The Chenunknowni Angels",2015,September,Climate / CleanTech / Energy,Hyderabad,Telangana,India
licious,Online Meat Ordering,Bangalore,8.3,Seed,"Kanwaljit Singh, Tv Mohandas Pai",2015,September,Consumer Internet,Bangalore,Karnataka,India
ola,Cab Booking,Bangalore,249.0,Private Equity,Didi Kuaidi,2015,September,Others,Bangalore,Karnataka,India
paytm,Ecommerce,Delhi,5644.0,Private Equity,"Alibaba Group, Ant Fiunknownncial",2015,September,Ecommerce / Retail,Delhi,Delhi,India
inmobi,Mobile Advertising,Bangalore,830.0,Private Equity,"Tennenbaum Capital Partners, Others",2015,September,Marketing / AdTech,Bangalore,Karnataka,India
peppertap,Hyperlocal Grocery Delivery,Gurgaon,298.8,Private Equity,"Sequoia India, Saif Partners.",2015,September,Logistics / Supply Chain,Gurgaon,Haryana,India
zakoopi,Fashion Discovery,Delhi,2.9,Seed,Uniqorn Ventures,2015,September,Consumer Goods / D2C,Delhi,Delhi,India
infoworks,Big Data Management,Bangalore,41.5,Private Equity,"Nexus Venture Partners, Knoll Ventures And Others",2015,September,Analytics / Big Data,Bangalore,Karnataka,India
reddoorz,Budget Accommodation,Noida,8.3,Seed,Jungle Ventures,2015,September,Others,Noida,Uttar Pradesh,India
eywa media,Digital Signal Processing,Bangalore,8.3,Seed,"Ah! Ventures, Viktor Koenig Pe Fund, Mantra Ventures",2015,September,Enterprise / SaaS,Bangalore,Karnataka,India
snapdeal,Ecommerce,Delhi,4150.0,Private Equity,"Alibaba, Foxconn, SoftBank",2015,August,Ecommerce / Retail,Delhi,Delhi,India
ressy,Restaurant Discount,Pune,3.32,Seed,"Mohandas Pai, Others",2015,August,FoodTech,Pune,Maharashtra,India
connect,Ecommerce,Delhi,41.5,Private Equity,Aavishkaar,2015,August,Ecommerce / Retail,Delhi,Delhi,India
oyorooms,Budget Hotel Accommodation,Delhi,830.0,Private Equity,"SoftBank, Greenoaks Capital, Sequoia Capital, \\Xc2\\Xa0 Lightspeed India",2015,August,Travel / Hospitality,Delhi,Delhi,India
wizrocket,User Engagment & Analytics,Mumbai,79.68,Private Equity,"Sequoia Capital, Accel",2015,August,Analytics / Big Data,Mumbai,Maharashtra,India
pickingo,Ondemand Delivery Logistics,Delhi,10.79,Private Equity,"Orios Venture Partners, Zishaan Hayath",2015,August,Logistics / Supply Chain,Delhi,Delhi,India
grex,Fund Raising For,Pune,5.39,Seed,"Kuunknownl Bajaj, Chandru Badriunknownrayaunknownn",2015,August,Artificial Intelligence,Pune,Maharashtra,India
letstransport,Logistics,Bangalore,10.79,Seed,"Rebright Partners, Ankush Nijhawan, Gaurav Bhatunknowngar, Manish Dhingra",2015,August,Logistics / Supply Chain,Bangalore,Karnataka,India
zo rooms,Online Budget Hotel,Delhi,249.0,Private Equity,"Tiger Global Maunknowngement, Orios Venture Partners",2015,August,Consumer Internet,Delhi,Delhi,India
doormint,Hyperlocal Handyman,Mumbai,24.9,Private Equity,"Helion Venture Partners, Kalaari Capital",2015,August,Others,Mumbai,Maharashtra,India
nightstay,Hotel Booking,Noida,4.15,Seed,"Bedrock Ventures, Rajesh Sawhney, Shailesh Singh",2015,August,Travel / Hospitality,Noida,Uttar Pradesh,India
sunday realty,For Property Brokers,Mumbai,6.52,Seed,"Ramesh Jogani, Shailesh Viswaunknownthan, Jay Srinivasan",2015,August,Real Estate / PropTech,Mumbai,Maharashtra,India
appvigil,Securityxc2Xa0 Testing,Mumbai,4.15,Seed,"Ravi Gururaj, Gaurav Sharma, Viswaunknownth Ramachandran, Ripplewave",2015,August,Enterprise / SaaS,Mumbai,Maharashtra,India
practo,Doctor Appointment Booking,Bangalore,747.0,Private Equity,"Sofiunknown, Google Capital, Altimeter Capital, Sequoia Capital Global Equities, Yuri Milner, Sequoia Capital, Matrix Partners",2015,August,Others,Bangalore,Karnataka,India
ketto,Crowd Funding,Mumbai,5.81,Seed,"Chenunknowni Angels, Calcutta Angels, Ah! Ventures, Intellecap Impact Investment Network, Indus Age Partners, Singapore Angel Network, India Internet Fund, Letsventure",2015,August,Venture Capital,Mumbai,Maharashtra,India
ezetap,Mobile Based Pos Solution,Bangalore,207.5,Private Equity,"Horizons Ventures, Capricorn Investment Group, Social+Capital, Helion Advisors, Berggruen Holdings",2015,August,Others,Bangalore,Karnataka,India
carlxe2x80x99s jr,Fast Food Franchisee,Gurgaon,5.23,Seed,Youwecan Ventures,2015,August,FoodTech,Gurgaon,Haryana,India
easyrewardz,Loyalty Programs & Reward Points,Mumbai,4.15,Private Equity,"Wealth First, Ashneer Grover, Atul Phadnis",2015,August,Marketing / AdTech,Mumbai,Maharashtra,India
mytaxiindia,Taxi Rental,Gurgaon,4.15,Private Equity,Nihon Kotsu,2015,August,Mobility / Automotive / EV,Gurgaon,Haryana,India
esadar,Ecommerce,Delhi,0.66,Seed,"Neha Vats, Gaurav Vats",2015,August,Ecommerce / Retail,Delhi,Delhi,India
mypoolin,Mobile Social,Delhi,2.08,Seed,Qprize From Qualcomm Ventures,2015,August,Others,Delhi,Delhi,India
nearbuy previouslyxc2xa0 groupon,Hyperlocal Ecommerce,Delhi,132.8,Private Equity,Sequoia Capital,2015,August,Ecommerce / Retail,Delhi,Delhi,India
inkmonk,Online Printing,Chennai,2.08,Seed,"Girish Mathrubootham, Phanindra Sama, Vikram Chachra, Others From Letsventure",2015,August,Consumer Internet,Chennai,Tamil Nadu,India
tonetag,Mobile Payment Software,Bangalore,8.3,Private Equity,Reliance Capital Venture,2015,August,Enterprise / SaaS,Bangalore,Karnataka,India
grey orange,Automated Storage & Warehousing Solution,Gurgaon,249.0,Private Equity,Tiger Global Maunknowngement,2015,August,Mobility / Automotive / EV,Gurgaon,Haryana,India
livspace,Home Design & Dxc3Xa9Cor,Bangalore,66.4,Private Equity,"Helion Ventures, Jungle Ventures, Bessemer Venture Partners",2015,August,Others,Bangalore,Karnataka,India
wow momo,Quick Restaurant,Kolkata,13.28,Seed,Indian Angel Network,2015,August,FoodTech,Kolkata,West Bengal,India
raincan,Subscription Based Online Grocery,Pune,0.83,Seed,"Ajeet Khuraunknown, Others",2015,August,Consumer Internet,Pune,Maharashtra,India
allygrow,Engineering,Mumbai,166.0,Private Equity,Zodius Technology Fund,2015,August,Others,Mumbai,Maharashtra,India
infogain,Business And It Consulting,Delhi,522.9,Private Equity,Chryscapital,2015,August,Enterprise / SaaS,Delhi,Delhi,India
oneassist,Credit Card Fraud Protection,Mumbai,62.25,Private Equity,"Sequoia Capital, Lightspeed Ventures",2015,August,FinTech,Mumbai,Maharashtra,India
bigbasket,Online & Mobile Grocery Store,Bangalore,415.0,Private Equity,Bessemer Venture Partners,2015,August,Consumer Internet,Bangalore,Karnataka,India
sheroes,Career Community For Women,Noida,6.39,Seed,"Quintillion Media, 500 Startups",2015,August,Enterprise / SaaS,Noida,Uttar Pradesh,India
scripbox,Mutual Fund Investing,Bangalore,20.75,Private Equity,"Accel, Deep Kalra, Rajesh Magow, Mohit Gupta, Shamik Sharma",2015,August,Venture Capital,Bangalore,Karnataka,India
etaout,Ecommerce,Noida,4.15,Seed,"Amit Ranjan, Vijay Shekhar Sharma, Kuunknownl Bahl, Girish Mathrubootham, \\Xc2\\Xa0 Group Of Other Angel Investors",2015,August,Ecommerce / Retail,Noida,Uttar Pradesh,India
ifmr,Financial Inclusion,Chennai,207.5,Private Equity,"Accion, Leapfrog Investments, Lok Capital",2015,August,FinTech,Chennai,Tamil Nadu,India
agrostar,Mobile Commerce For Farmers,Pune,33.2,Private Equity,Idg Ventures,2015,August,AgriTech,Pune,Maharashtra,India
voxweb,Picture Based Social,Mumbai,0.83,Seed,"Jitendra Gupta, Others",2015,August,Others,Mumbai,Maharashtra,India
trukky,Logistics,Ahmedabad,2.03,Seed,"Gujarat Based Angel Investors, Mmy Counknownfounder",2015,August,Logistics / Supply Chain,Ahmedabad,Gujarat,India
edu4share,Exam Preparation,Delhi,1.83,Seed,"Nalin Jain, Other Angel Investors",2015,August,Others,Delhi,Delhi,India
sampurnearth,Waste Management,Mumbai,1.33,Seed,"Intellecap Impact Investment Network, Family Office Fund",2015,August,Others,Mumbai,Maharashtra,India
shadowfax,Ondemand Delivery,Gurgaon,2.57,Seed,"Kuunknownl Bahl, Rohit Bansal, Zishaan Hayath, Prashant Malik",2015,August,Logistics / Supply Chain,Gurgaon,Haryana,India
roposo,Fashion Discovery,Gurgaon,124.5,Private Equity,Tiger Global,2015,August,Consumer Goods / D2C,Gurgaon,Haryana,India
intelligencenode,Data Analytics,Mumbai,34.86,Private Equity,"New Enterprise Associates, Orios Venture Partners",2015,August,Analytics / Big Data,Mumbai,Maharashtra,India
hyperverge,Deep Learning Cloud Algorithms,Chennai,8.3,Seed,"Nea, Milliways Ventures, Naya Ventures",2015,August,EdTech,Chennai,Tamil Nadu,India
zoojoobe,Corporate Wellness,Bangalore,8.3,Private Equity,Roundglass Partners,2015,August,Others,Bangalore,Karnataka,India
timesaverz,Hyperlocal Maintenance Repair & Cleaning,Mumbai,19.92,Private Equity,Unilazer Ventures,2015,August,Artificial Intelligence,Mumbai,Maharashtra,India
mebelkart,Online Furniture,Bangalore,166.0,Private Equity,Askme,2015,August,Consumer Internet,Bangalore,Karnataka,India
labsadvisor,Online Diagnostic Tests,Delhi,1.29,Seed,Group Of Angel Investors,2015,August,HealthTech,Delhi,Delhi,India
flatpebble,Online For Photographers,Hyderabad,4.98,Seed,Indian Angel Network,2015,August,Consumer Internet,Hyderabad,Telangana,India
bluegapecom,Visual Blogging,Delhi,4.98,Seed,"Ah! Ventures, Times Internet, Rudy Gopalakrishunknownn",2015,August,Others,Delhi,Delhi,India
epoise,Job Search,Bangalore,4.15,Seed,"Orios Venture Partners, Amit Ranjan, Others",2015,August,HRTech,Bangalore,Karnataka,India
jolly food fellow,Food Customer Analytics,Ahmedabad,2.49,Seed,The 1947,2015,August,FoodTech,Ahmedabad,Gujarat,India
bookmein,Professional Appointment Booking,Mumbai,3.32,Seed,Ajmera Group Of Companies,2015,August,Others,Mumbai,Maharashtra,India
qyk app,Ondemand Based Professional,Bangalore,8.3,Private Equity,"Growx Ventures, Tracxn Labs, Powai Lake Ventures, And Sahil Barua",2015,August,Others,Bangalore,Karnataka,India
eazydiner,Restaurant Reservation,Gurgaon,24.9,Private Equity,"Dsg Consumer Partners, Saama Capital",2015,August,FoodTech,Gurgaon,Haryana,India
revx,Crosschannel Crm,Mumbai,33.2,Private Equity,"Norwest Venture Partners, Nexus Venture Partners, Helion Venture Partners, Draper Fisher Jurvetson, Peepul Capital",2015,August,Others,Mumbai,Maharashtra,India
icustommadeit,Professional Custom Creators,Pune,2.08,Seed,Group Of Angel Investors,2015,August,Others,Pune,Maharashtra,India
pickmylaundry,Ondemand Washing & Drycleaning,Delhi,0.83,Seed,Ghv Accelerator,2015,August,Climate / CleanTech / Energy,Delhi,Delhi,India
belita,Ondemand Beauty,Mumbai,3.32,Seed,"India Quotient, Letsventure Investors, Lead Angels",2015,August,Consumer Goods / D2C,Mumbai,Maharashtra,India
foodtalkindia,Online Food Community,Gurgaon,4.15,Seed,Unknown Investor,2015,August,FoodTech,Gurgaon,Haryana,India
vyomo,Beauty & Lifestyle Mobile,Bangalore,16.6,Private Equity,Rocket Internet,2015,August,Consumer Goods / D2C,Bangalore,Karnataka,India
rollmafia,Qsr Restaurant,Pune,1.33,Seed,Equentia Natural Resources,2015,August,FoodTech,Pune,Maharashtra,India
dropkaffe,Online Coffee Delivery,Bangalore,2.49,Seed,"Manish Singhal, P39 Capital, Others",2015,August,Consumer Internet,Bangalore,Karnataka,India
reverie,Language Localization Cloud,Bangalore,33.2,Private Equity,"Aspada Investment Advisors, Qualcomm Ventures",2015,August,Others,Bangalore,Karnataka,India
cloudcherry analytics,Crm / Analytics,Chennai,8.3,Seed,"The Chenunknowni Angels, Idg Ventures India",2015,July,Analytics / Big Data,Chennai,Tamil Nadu,India
nxtgen,It Infrastructure & Data Center,Bangalore,112.05,Private Equity,"Ifc, Axon Partners, Intel Capital",2015,July,Enterprise / SaaS,Bangalore,Karnataka,India
bankbazaar,Online Financial,Chennai,498.0,Private Equity,"Amazon, Fidelity Growth Partners, Mousse Partners",2015,July,FinTech,Chennai,Tamil Nadu,India
gozoomo,Used Car,Bangalore,41.5,Private Equity,Saif Partners,2015,July,Others,Bangalore,Karnataka,India
zenatix,Internet Of Things,Gurgaon,1.34,Seed,"Rajan Aunknownndan, Kuunknownl Bahl, Rohit Bansal, Rahul Khanunknown",2015,July,Consumer Internet,Gurgaon,Haryana,India
culturealley,Language Learning,Jaipur,53.95,Private Equity,Tiger Global,2015,July,EdTech,Jaipur,Rajasthan,India
gingercrush,Custom Merchandize,Ahmedabad,8.3,Seed,"Gokul Jaykrishunknown, Brand Capital",2015,July,Others,Ahmedabad,Gujarat,India
stitchwood,Custom Furniture,Mumbai,3.28,Seed,"Powai Lake Ventures, Ajeet Khuraunknown, Others",2015,July,Enterprise / SaaS,Mumbai,Maharashtra,India
paper boat,Ethnic Beverages Manufacturer,Gurgaon,249.0,Private Equity,"Sofiunknown, Hillhouse Capital",2015,July,FoodTech,Gurgaon,Haryana,India
wudstay,Budget Accommodation Aggregator,Gurgaon,24.9,Private Equity,"Mangroves Capital Partners, Vikas Saxeunknown",2015,July,Others,Gurgaon,Haryana,India
liases foras,Real Estate Rating & Analysis,Delhi,41.5,Private Equity,Dmg Information Asia Pacific,2015,July,Real Estate / PropTech,Delhi,Delhi,India
saavn,Music Streaming,Mumbai,830.0,Private Equity,"Tiger Global Maunknowngement, Bertelsmann India, Steadview Capital, Liberty Media, Mousse Partners, Quilvest",2015,July,Media / Entertainment / Gaming,Mumbai,Maharashtra,India
flytxt,Big Data & Analytics,Mumbai,91.3,Private Equity,"Sunrise Capital Gmbh, Big Data Investments B.V",2015,July,Analytics / Big Data,Mumbai,Maharashtra,India
axtria,Big Data & Analytics,India,249.0,Private Equity,"Helion Venture Partners, Amarpreet Sawhney, Deshpande Foundation, Fred Khosravi, Richard S. Braddock",2015,July,Analytics / Big Data,,,India
33coupons,Coupon Aggregator,Kanpur,0.17,Seed,Not Disclosed,2015,July,Others,Kanpur,Uttar Pradesh,India
hopping chef,Online Foodtech,Mumbai,3.9,Seed,Mirah Hospitality,2015,July,FoodTech,Mumbai,Maharashtra,India
collectabillia,Celebrity Fashion,Bangalore,62.25,Private Equity,Accel,2015,July,Enterprise / SaaS,Bangalore,Karnataka,India
lendingkart,Online Finance Lending,Ahmedabad,83.0,Private Equity,"Saama Capital, Mayfield, Ashvin Chadha, Shailesh Mehta",2015,July,FinTech,Ahmedabad,Gujarat,India
lybrate,Healthcare,Delhi,84.66,Private Equity,"Tiger Global Maunknowngement, Ratan Tata, Nexus Venture Partners",2015,July,HealthTech,Delhi,Delhi,India
zoomcar,Selfdriven Vehicle Rental,Bangalore,91.3,Private Equity,"Sequoia Capital, Empire Angels, Ngp",2015,July,Mobility / Automotive / EV,Bangalore,Karnataka,India
mysmartprice,Online Comparison Engine,Hyderabad,83.0,Private Equity,"Accel, Helion Venture Partners",2015,July,Consumer Internet,Hyderabad,Telangana,India
boxmyspace,Physical Storage Warehouses,Mumbai,2.49,Seed,"Ritesh Veera, Singapore Angel Network, Orios Venture Partners",2015,July,Logistics / Supply Chain,Mumbai,Maharashtra,India
hackerrank,Recruitment,Bangalore,62.25,Private Equity,Hr Technology Fund,2015,July,Enterprise / SaaS,Bangalore,Karnataka,India
wickedride,Bike Rental,Bangalore,6.56,Seed,Unknown,2015,July,Mobility / Automotive / EV,Bangalore,Karnataka,India
wowexpress,Enabled Logistics,Mumbai,4.15,Seed,Tamarind Family Private Trust,2015,July,Logistics / Supply Chain,Mumbai,Maharashtra,India
oyo,Budget Hotel Accommodation,Gurgaon,830.0,Private Equity,"SoftBank, Sequoia Capital",2015,July,Travel / Hospitality,Gurgaon,Haryana,India
mobikon,Restaurant Customer Engagement,Pune,19.09,Private Equity,Jungle Ventures,2015,July,FoodTech,Pune,Maharashtra,India
roadrunnr,Hyper Local Logistics,Bangalore,91.3,Private Equity,"Sequoia Capital, Nexus Venture Partners, Blume Ventures",2015,July,Logistics / Supply Chain,Bangalore,Karnataka,India
ketto,Crowd Funding,Mumbai,5.81,Seed,"Pradyumunknown Dalmia, Sudhir Rao, Others",2015,July,Venture Capital,Mumbai,Maharashtra,India
quikwallet,F&B Sector Mobile Payment,Mumbai,13.28,Private Equity,Snow Leopard Technology Ventures,2015,July,Others,Mumbai,Maharashtra,India
omnikart,Industrial Supplies B2B Ecommerce,Mumbai,0.83,Seed,"Sumit Gandhi, Manish Gandhi",2015,July,Ecommerce / Retail,Mumbai,Maharashtra,India
zo rooms,Online Budget Hotel,Delhi,124.5,Private Equity,"Tiger Global, Orios Venture Partners.",2015,July,Consumer Internet,Delhi,Delhi,India
innoviti,Payment,Bangalore,40.26,Private Equity,"Catamaran Ventures, New India Investment Corporation",2015,July,Others,Bangalore,Karnataka,India
joy by nature,Organic Food Ecommerce,Delhi,8.3,Private Equity,"Mumbai Angels, Vriddhi Fund, Others",2015,July,FoodTech,Delhi,Delhi,India
iqlect,Big Data & Analytics,Bangalore,16.6,Private Equity,Exfinity Venture Partners,2015,July,Analytics / Big Data,Bangalore,Karnataka,India
degustibus,Fine Dining Restaurant,Mumbai,249.0,Private Equity,India Value Fund Advisors,2015,July,FinTech,Mumbai,Maharashtra,India
nestaway,Luxury Rental Homes,Bangalore,105.83,Private Equity,"Flipkart, Tiger Global",2015,July,Mobility / Automotive / EV,Bangalore,Karnataka,India
mswipe,Mobile Point Of Sale Payment Solution,Unknown,207.5,Private Equity,"Falcon Edge Capital, Meru Capital, Ola, Matrix Partners, Dsg Consumer Partners, Axis Bank",2015,July,Others,,,
myonsto,Online Grocers,Ahmedabad,2.66,Seed,Jayant Bokadia,2015,July,Consumer Internet,Ahmedabad,Gujarat,India
medgenome,Clinical Genomics,Bangalore,166.0,Private Equity,Sequoia Capital,2015,July,HealthTech,Bangalore,Karnataka,India
holidayiq,Travel Information Portal,Bangalore,124.5,Private Equity,Makemytrip,2015,July,Travel / Hospitality,Bangalore,Karnataka,India
fitternity,Fitness,Mumbai,8.3,Private Equity,Exfinity Venture Partners,2015,July,Enterprise / SaaS,Mumbai,Maharashtra,India
quikr,Online & Mobile Classified Listings,Mumbai,498.0,Private Equity,"Ab Kinnevik, Falcon Edge Capital, Coatue Maunknowngement",2015,July,Consumer Internet,Mumbai,Maharashtra,India
broex,Real Estate Broker,Gurgaon,8.3,Private Equity,Lightspeed India,2015,July,Real Estate / PropTech,Gurgaon,Haryana,India
credr,Used Bikes,Mumbai,124.5,Private Equity,Fidelity Growth Partners,2015,July,Mobility / Automotive / EV,Mumbai,Maharashtra,India
managemyspa,Spa & Salon Management Software,Hyderabad,49.8,Private Equity,Accel,2015,July,Enterprise / SaaS,Hyderabad,Telangana,India
pepperfry,Online Home Dxc3Xa9Cor,Mumbai,830.0,Private Equity,"Goldman Sachs, Zodius Technology Fund, Bertelsmann India Investments Norwest Venture Partners.",2015,July,Consumer Internet,Mumbai,Maharashtra,India
flipkartcom,Online,Bangalore,5810.0,Private Equity,Steadview Capital And Existing Investors,2015,July,Consumer Internet,Bangalore,Karnataka,India
opinio,Hyperlocal Food & Grocery Store,Bangalore,10.79,Seed,"Accel, Traxcn Labs, Others",2015,July,FoodTech,Bangalore,Karnataka,India
zoctr,Healthcare,Mumbai,8.3,Seed,"Sandeep Parwal, Krishan Gupta, Others",2015,July,HealthTech,Mumbai,Maharashtra,India
zimmber,Hyperlocal Handyman,Mumbai,16.6,Private Equity,"Idg Ventures India, Omidyar Network, Sherpalo Ventures, \\Xc2\\Xa0 Mohandas Pai",2015,July,Others,Mumbai,Maharashtra,India
truehb,Medical Instruments,Delhi,19.92,Seed,"Sachin And Binny Bansal, Malvinder And Shivinder Singh, Gurpreet Singh, Others",2015,July,HealthTech,Delhi,Delhi,India
zovicom little app,Hyperlocal Deals,Bangalore,415.0,Private Equity,"Paytm, Saif Partners, \\Xc2\\Xa0 Tiger Global Maunknowngement, Others",2015,July,Others,Bangalore,Karnataka,India
swajal,Innovative Water,Gurgaon,9.96,Private Equity,Abhishek Gupta,2015,July,Others,Gurgaon,Haryana,India
pipa bella,Online Jewelry Store,Mumbai,4.98,Private Equity,Lionrock Capital,2015,July,Consumer Internet,Mumbai,Maharashtra,India
pragmatix,Business Intelligence & Analytics,Mumbai,19.92,Private Equity,Sidbi Venture Capital Ltd,2015,July,Analytics / Big Data,Mumbai,Maharashtra,India
droomin,Used Vehicle,Delhi,132.8,Private Equity,"Lightbox Ventures, Beenos",2015,July,Mobility / Automotive / EV,Delhi,Delhi,India
madrat games,Educational Board Games,Bangalore,1.39,Seed,"Kuunknownl Bahl, Rohit Bansal",2015,July,EdTech,Bangalore,Karnataka,India
noodle play,Chinese Food Delivery,Mumbai,1.39,Seed,"Elliot Stechman, Gautam Sinha, Ambarish Ray",2015,July,FoodTech,Mumbai,Maharashtra,India
lazylad,Hyperlocal Grocery,Gurgaon,4.15,Private Equity,"Jai Choi, Kiyohiro Sugashita, Hirokazu",2015,July,Others,Gurgaon,Haryana,India
prothom,Hasbro Toy Manufacturer,Pune,16.6,Private Equity,Oliphabs Capital,2015,July,Others,Pune,Maharashtra,India
bona vita,Travel,Gurgaon,41.5,Private Equity,Makemytrip,2015,July,Travel / Hospitality,Gurgaon,Haryana,India
veeba foods,Healthy Food Manufacturer,Delhi,49.8,Private Equity,"Dsg Consumer Partners, Saama Capital.",2015,June,HealthTech,Delhi,Delhi,India
truebil,Used Car,Mumbai,4.15,Seed,"Kae Capital, Anupam Mittal",2015,June,Others,Mumbai,Maharashtra,India
meritnation,Online Learning,Delhi,33.2,Private Equity,Infoedge,2015,June,EdTech,Delhi,Delhi,India
eattreatonline,Healthy Food Online Community,Delhi,2.9,Seed,Group Of 15 Angel Investors,2015,June,HealthTech,Delhi,Delhi,India
glamrs,Online Fashion Video Portal,Mumbai,8.3,Private Equity,"Ventureworks India, Blume Ventures, Batlivala, Karani Securities, Nikunj Jhaveri",2015,June,Consumer Internet,Mumbai,Maharashtra,India
proviera,Probiotic Technology Products Manufacturer,Chennai,4.57,Private Equity,Infuse Ventures,2015,June,Enterprise / SaaS,Chennai,Tamil Nadu,India
arth designbuild,Architectural Design & Consulting,Hyderabad,4.15,Seed,Srinivas Tirupati,2015,June,Enterprise / SaaS,Hyderabad,Telangana,India
saama,Big Data & Analytics,Pune,290.5,Private Equity,Carrick Capital Partners,2015,June,Analytics / Big Data,Pune,Maharashtra,India
allizhealth,Preventive Healthcare,Pune,2.9,Seed,"Mumbai Angels, Other Angel Investors",2015,June,HealthTech,Pune,Maharashtra,India
propstack,Real Estate Intelligence,Mumbai,24.9,Private Equity,Dmg Information,2015,June,Real Estate / PropTech,Mumbai,Maharashtra,India
mytaxiindia,Online Car Rental Affiliates,Delhi,0.83,Seed,Green House Ventures,2015,June,Consumer Internet,Delhi,Delhi,India
arkin net,Data Center Software,Pune,124.5,Private Equity,Nexus Venture Partners,2015,June,Enterprise / SaaS,Pune,Maharashtra,India
little black book delhi,Online City & Lifestyle Guide,Delhi,1.25,Seed,"Rajan Aunknownndan, Niraj Singh, Sachin Bhatia, Singapore Angel Network, Aseem Vadehra",2015,June,Consumer Internet,Delhi,Delhi,India
icustomadeit,Bespoke Merchandize,Pune,2.08,Seed,"Virendra Shahney, Dr Paresh Doshi",2015,June,Others,Pune,Maharashtra,India
ecom express,Logistics,Delhi,1137.1,Private Equity,Warburg Pincus,2015,June,Logistics / Supply Chain,Delhi,Delhi,India
vidooly,Video Intelligence,Noida,8.3,Private Equity,Bessemer Venture Partners,2015,June,Media / Entertainment / Gaming,Noida,Uttar Pradesh,India
zopper,Hyperlocal Shopping,Mumbai,166.0,Private Equity,"Tiger Global, \\Xc2\\Xa0 Nirvaunknown Ventures Advisors",2015,June,Ecommerce / Retail,Mumbai,Maharashtra,India
flipkart,Ecommerce,Bangalore,415.0,Private Equity,Morgan Stanley,2015,June,Ecommerce / Retail,Bangalore,Karnataka,India
kwatt,Renewable Energy,Mumbai,4.15,Seed,Unknown,2015,June,Climate / CleanTech / Energy,Mumbai,Maharashtra,India
medwell ventures,Healthcarenservice,Bangalore,83.0,Private Equity,"Fidelity Growth Partners, Fidelity Biosciences",2015,June,HealthTech,Bangalore,Karnataka,India
jugnoo,Auto Rickshaw Based,Chandigarh,41.5,Private Equity,"Snow Leopard, Paytm",2015,June,Mobility / Automotive / EV,Chandigarh,Chandigarh,India
applied solar,Offgrid Solar Power,Mumbai,332.0,Private Equity,"Future Fund, Bessemer Venture, Capricorn Investment And Ifc",2015,June,Climate / CleanTech / Energy,Mumbai,Maharashtra,India
clovia,Private Label Lingerie Ecommerce,Delhi,41.5,Private Equity,Ivycap Ventures,2015,June,Ecommerce / Retail,Delhi,Delhi,India
swiggy,Online Food Ordering,Bangalore,136.95,Private Equity,"Norwest Venture Partners, Saif Partners, Accel",2015,June,FoodTech,Bangalore,Karnataka,India
paymango,Mobile Commerce,Gurgaon,1.94,Seed,Group Of Angel Investors,2015,June,Ecommerce / Retail,Gurgaon,Haryana,India
teritree,Digital Marketing,Bangalore,1.16,Seed,Kcl,2015,June,Enterprise / SaaS,Bangalore,Karnataka,India
voonik,Fashion Ecommerce Store,Bangalore,41.5,Private Equity,"Sequoia Capital, Seedfund",2015,June,Ecommerce / Retail,Bangalore,Karnataka,India
adstringo,Mobile Compression Software,Mumbai,2.9,Seed,"Arihant Patni, Vishal Khare, \\Xc2\\Xa0 Viswaunknownth Ramachandran",2015,June,Enterprise / SaaS,Mumbai,Maharashtra,India
faircentcom,Peer To Peer Lending,Gurgaon,2.08,Seed,"M, S Partners Pte. Ltd",2015,June,FinTech,Gurgaon,Haryana,India
la renon,Global Healthcare Products,Ahmedabad,132.8,Private Equity,Sequoia Capital,2015,June,HealthTech,Ahmedabad,Gujarat,India
homelane,Home Furnishing,Bangalore,415.0,Private Equity,Sequoia Capital,2015,June,Others,Bangalore,Karnataka,India
shippr,Intracity Logistics,Bangalore,4.15,Seed,I2India Pvt Ltd,2015,June,Enterprise / SaaS,Bangalore,Karnataka,India
couponraja,Online Coupon & Comparison,Mumbai,4.15,Seed,"Mahesh Pratapneni, Pallab Chatterjee, Others",2015,June,Consumer Internet,Mumbai,Maharashtra,India
mydentist,Dental Clinic,Mumbai,68.06,Private Equity,"Lgt Group, Asian Healthcare Fund, Seedfund",2015,June,HealthTech,Mumbai,Maharashtra,India
fracktal works,3D Printer Manufacturer,Bangalore,24.9,Private Equity,Neoteric Infomatique Limited,2015,June,DeepTech / Hardware,Bangalore,Karnataka,India
hansa customer equity,It / Customer Engagement Consulting,Mumbai,41.5,Private Equity,Ask Pravi,2015,June,Enterprise / SaaS,Mumbai,Maharashtra,India
housejoy,Home,Bangalore,33.2,Private Equity,Matrix Partners,2015,June,Others,Bangalore,Karnataka,India
fundsindiacom,Fintech,Chennai,91.3,Private Equity,"Faering Capital, Foundation Capital, Inventus Capital Partners",2015,June,FinTech,Chennai,Tamil Nadu,India
cupick,Social For Artists,Bangalore,1.0,Seed,Group Of Angel Investors From Us/India,2015,June,Others,Bangalore,Karnataka,India
tracxn,Funding,Bangalore,83.0,Private Equity,"Sachin Bansal, Bunny Bansal, Other Investors",2015,June,Venture Capital,Bangalore,Karnataka,India
holachef,Food,Mumbai,25.73,Private Equity,"Kalaari Capital, India Quotient",2015,June,FoodTech,Mumbai,Maharashtra,India
elong,Data Driven Recruitment Recommendation,Bangalore,41.5,Private Equity,"Kuunknownl Bahl, Rohit Bansal, Blume Ventures, Phanindra Sama, Raju Reddy",2015,June,Ecommerce / Retail,Bangalore,Karnataka,India
vidgyor,Video Advertisement,Bangalore,4.15,Seed,Angelprime,2015,June,Media / Entertainment / Gaming,Bangalore,Karnataka,India
goodservice,Mobile Chat Based Concierge,Delhi,13.28,Private Equity,Sequoia Capital,2015,June,Others,Delhi,Delhi,India
treebo,Online Budget Hotel Booking,Bangalore,49.8,Private Equity,"Matrix Partners, Saif Partners",2015,June,Consumer Internet,Bangalore,Karnataka,India
edukart,Edtech,Delhi,8.3,Private Equity,"Holostik Group, Youwecan Ventures, 500 Startups, Vijay Shekhar Sharma, Manish Kheterpal, Amit Patni",2015,June,Enterprise / SaaS,Delhi,Delhi,India
indix,Saas Product Intelligence,Unknown,124.5,Private Equity,"Nokia Growth Partners, Nexus Venture Partners, Avalon Ventures",2015,June,Enterprise / SaaS,,,
the porter,Logistics,Mumbai,45.65,Private Equity,"Sequoia Capital, Kae Capital, Anupam Mittal, Sandeep Tandon",2015,June,Logistics / Supply Chain,Mumbai,Maharashtra,India
retentionai,Analytics,Bangalore,4.15,Seed,"Mercury Fund, Anshu Sharma, Pratyush Prasanunknown, Robert Winters, Others",2015,June,Analytics / Big Data,Bangalore,Karnataka,India
fusion microfinance,Micro Finance,Delhi,71.38,Private Equity,"Development Fiunknownnce Institution Belgian Investment Company, Oikocredit",2015,June,FinTech,Delhi,Delhi,India
zinka,Freight Logistics,Bangalore,49.8,Private Equity,"Accel, Flipkart",2015,June,Logistics / Supply Chain,Bangalore,Karnataka,India
creditmantri,Credit Management,Chennai,20.75,Private Equity,"Idg Ventures India, Elevar Equity, Accion Venture Lab",2015,June,FinTech,Chennai,Tamil Nadu,India
getmypeon,Hyperlocal Handyman,Mumbai,2.08,Seed,Unknown Investors,2015,June,Others,Mumbai,Maharashtra,India
urbanclap,Hyperlocal,Delhi,83.0,Private Equity,"Saif Partners, \\Xc2\\Xa0 Accel Partners",2015,June,Others,Delhi,Delhi,India
adwyze,Marketing / Advertising Automation,Bangalore,8.3,Seed,Mape Advisory,2015,June,Mobility / Automotive / EV,Bangalore,Karnataka,India
zimmber,Hyperlocal Handyman,Mumbai,3.32,Seed,"Naveen Tiwari, Mohit Saxeunknown, Amit Gupta, Piyush Shah, Manish Dugar",2015,June,Others,Mumbai,Maharashtra,India
flatchat,Flat Rental Mobile,Bangalore,20.75,Private Equity,Commonfloor,2015,June,Mobility / Automotive / EV,Bangalore,Karnataka,India
mycfo,Wealth Management,Mumbai,12.45,Private Equity,Sameer Koticha,2015,June,FinTech,Mumbai,Maharashtra,India
foodpanda,Online Food Delivery,Gurgaon,830.0,Private Equity,"Goldman Sachs, Rocket Internet",2015,May,FoodTech,Gurgaon,Haryana,India
termsheet,Fund Raising,Chennai,0.83,Seed,"Aunknownnd Vijay, Nipun Dureja, Satyajit Heeralal, Keith Rodricks, Gaurav Lochan, Azmul Haque, Nikhil Bagri",2015,May,Artificial Intelligence,Chennai,Tamil Nadu,India
applicate,Workforce Management Software,Bangalore,4.57,Seed,"Rishi Vasudev, Amit Gupta, Rajiv Nayan",2015,May,Enterprise / SaaS,Bangalore,Karnataka,India
world art community,Online Art,Gurgaon,1.66,Seed,"Viraj Tyagi, Others",2015,May,Consumer Internet,Gurgaon,Haryana,India
spoonjoy,Online Food Delivery,Bangalore,8.3,Seed,Saif Partners,2015,May,FoodTech,Bangalore,Karnataka,India
seed schools,Affordable Education,Hyderabad,5.39,Seed,Acumen Fund,2015,May,EdTech,Hyderabad,Telangana,India
ignis careers,Career Development,Hyderabad,2.08,Seed,Acumen Fund,2015,May,Mobility / Automotive / EV,Hyderabad,Telangana,India
square yards,Real Estate Advisory,Gurgaon,49.8,Private Equity,Unknown Investors,2015,May,Real Estate / PropTech,Gurgaon,Haryana,India
fintellix,Banking Analytics,Bangalore,124.5,Private Equity,"Idg Ventures, Sequoia Capital",2015,May,FinTech,Bangalore,Karnataka,India
delhivery,Ecommerce,Gurgaon,705.5,Private Equity,"Tiger Global Maunknowngement, Multiples Alterunknownte Asset Maunknowngement, Nexus Venture Partners, Times Internet",2015,May,Ecommerce / Retail,Gurgaon,Haryana,India
swiggy,Online Food Delivery,Bangalore,124.5,Private Equity,Norwest Venture Partners,2015,May,FoodTech,Bangalore,Karnataka,India
box8,Online Food Delivery,Mumbai,29.05,Private Equity,Mayfield Ventures,2015,May,FoodTech,Mumbai,Maharashtra,India
toppr,Edtech,Mumbai,83.0,Private Equity,"Fidelity Growth Partners India, Saif Partners, \\Xc2\\Xa0 Helion Ventures",2015,May,Enterprise / SaaS,Mumbai,Maharashtra,India
vedantu,Edtech,Bangalore,41.5,Private Equity,"Accel, Tiger Global Maunknowngement",2015,May,Enterprise / SaaS,Bangalore,Karnataka,India
buyhatke,Online Product Comparison,Bangalore,8.3,Seed,"S.Gopalakrishunknownn, Beenos",2015,May,Consumer Internet,Bangalore,Karnataka,India
uniken,Online Security,Pune,16.6,Private Equity,Exfinity Ventures,2015,May,Consumer Internet,Pune,Maharashtra,India
grandopinion,Online Medical Diagnostic,Delhi,1.25,Seed,Florida Based Angel Investor,2015,May,HealthTech,Delhi,Delhi,India
zapstitch,Cloud Data Integration,Bangalore,16.6,Private Equity,"Helion Venture Partners, Orios Venture Partners",2015,May,Analytics / Big Data,Bangalore,Karnataka,India
wassup,Mobile Laundry Cleaning,Chennai,16.6,Private Equity,"Arun Chandra Mohan, Praveen Sinha",2015,May,Climate / CleanTech / Energy,Chennai,Tamil Nadu,India
indianrootscom,Lifestyle Ecommerce Portal,Gurgaon,41.5,Private Equity,Kjs Group,2015,May,Ecommerce / Retail,Gurgaon,Haryana,India
redpolka,Online Fashion Aggregator,Mumbai,2.08,Seed,Unknown Investors,2015,May,Consumer Internet,Mumbai,Maharashtra,India
venturesity,Online Job Skills Showcase,Bangalore,2.24,Seed,"Phanindra Sama, Jay Sethuram, Hemant Kaunknownkia, Ravi Trivedi",2015,May,EdTech,Bangalore,Karnataka,India
chaayos,Offline Tea,Delhi,8.3,Private Equity,Tiger Global Maunknowngement,2015,May,Others,Delhi,Delhi,India
akosha,Business Messaging,Delhi,132.8,Private Equity,Sequoia Capital,2015,May,Others,Delhi,Delhi,India
cooey,Healthcare,Bangalore,3.9,Seed,Subhash Goyal,2015,May,HealthTech,Bangalore,Karnataka,India
meetuniv,Online Edtech,Noida,8.3,Seed,Peesh Venture Capital,2015,May,Consumer Internet,Noida,Uttar Pradesh,India
crownit,Hyperlocal Mobile,Gurgaon,45.65,Private Equity,"Accel, Helion Venture Partners",2015,May,Others,Gurgaon,Haryana,India
trucksfirst,Trucking Logistic Operations,Gurgaon,83.0,Private Equity,Saif Partners,2015,May,Logistics / Supply Chain,Gurgaon,Haryana,India
lookup,B2C Messaging,Bangalore,24.9,Private Equity,Biz Stone,2015,May,Others,Bangalore,Karnataka,India
xc2xa0nudgespot,Customer Engagement,Bangalore,5.19,Seed,"Kae Capital, Anoop Goyal, Mike Shah, Va Sastry",2015,May,Others,Bangalore,Karnataka,India
eveningflavors,Online Table Reservation,Bangalore,4.15,Seed,Sandiep Shrivatsava,2015,May,Consumer Internet,Bangalore,Karnataka,India
zenparent,Parents Focused Web Content,Bangalore,4.15,Seed,I2India Ventures,2015,May,Real Estate / PropTech,Bangalore,Karnataka,India
urbanpro,Ondemand,Bangalore,16.6,Private Equity,Nirvaunknown Venture Advisors,2015,May,Others,Bangalore,Karnataka,India
goodbox,Ondemand Business Messaging,Bangalore,1.66,Seed,Manipal Group,2015,May,Others,Bangalore,Karnataka,India
renderlogy,Online Home Dxc3Xa9Cor,Hyderabad,8.3,Private Equity,Astarc Ventures,2015,May,Consumer Internet,Hyderabad,Telangana,India
postman,Api Workflow,Bangalore,8.3,Seed,Nexus Venture Partners,2015,May,Others,Bangalore,Karnataka,India
casa2inns,Affordable Hotel Booking Online,Delhi,41.5,Private Equity,"Accel, Kalaari Capital",2015,May,Consumer Internet,Delhi,Delhi,India
fleetrover,Logistics,Goa,1.49,Seed,"Tim Chen, Sanjay Venkat",2015,May,Logistics / Supply Chain,Panaji,Goa,India
thekarrier,Last Mile Logistics,Bangalore,1.99,Seed,"Sol Primero, Outbox Ventures, Nikunj Jain",2015,May,Logistics / Supply Chain,Bangalore,Karnataka,India
zoomcar,Selfdriven Car Rental,Bangalore,41.5,Private Equity,Sequoia Capital,2015,May,Mobility / Automotive / EV,Bangalore,Karnataka,India
ather energy,Electric Scooter Manufacturer,Bangalore,99.6,Private Equity,Tiger Global,2015,May,Others,Bangalore,Karnataka,India
swiggy,Online Food Delivery,Bangalore,16.6,Private Equity,"Accel, Saif Partners",2015,April,FoodTech,Bangalore,Karnataka,India
bluegape,Web Content Publishing,Gurgaon,1.66,Seed,"Rudy Gopalakrishunknownn, Ah! Ventures",2015,April,Others,Gurgaon,Haryana,India
keeptrax,Location Based,Dallas,8.3,Seed,Unknown,2015,April,Others,Dallas,Texas,USA
instalively,Video Streaming,Delhi,1.0,Seed,"Rajesh Sawheny, Rajan Aunknownndan, Amit Ranjan, Niraj Singh, Aecal, Meraevents.",2015,April,Media / Entertainment / Gaming,Delhi,Delhi,India
pricejugaad,Price Comparison,Hyderabad,1.37,Seed,"Amit Tyagi, Sandeep Acharya, Others",2015,April,Others,Hyderabad,Telangana,India
quikr,Online Classifieds,Mumbai,1245.0,Private Equity,"Tiger Global, Investment Ab Kinnevik, Steadview Capital",2015,April,Consumer Internet,Mumbai,Maharashtra,India
pressplay,Travel Entertainment,Delhi,18.26,Seed,"Sequoia Capital, Jason Hirschhorn, Jarett Posner, And Amit Bhatiani",2015,April,Artificial Intelligence,Delhi,Delhi,India
firstcrycom,Ecommerce,Pune,83.0,Private Equity,"Silicon Valley Ventures, Nea Ventures, Valiant Capital, Idg Ventures India, \\Xc2\\Xa0 Saif Partners, Vertex Ventures",2015,April,Ecommerce / Retail,Pune,Maharashtra,India
mobikwik,Digital / Mobile Wallet,Gurgaon,207.5,Private Equity,"Tree Line Asia, Cisco Investments, American Express, Sequoia Capital",2015,April,Enterprise / SaaS,Gurgaon,Haryana,India
olacabs,Cab Aggregator,Bangalore,3320.0,Private Equity,"Dst Global, Steadview Capital, Tiger Global, Accel, Others",2015,April,Others,Bangalore,Karnataka,India
gadgetwood,Device Repair Svcs,Delhi,1.66,Seed,"Ajai Chowdhry, Ashvin Chadha, Yogesh Bansal, \\Nnitin Singhal, Others",2015,April,Artificial Intelligence,Delhi,Delhi,India
bonhomia,Premium Beverages,Delhi,16.6,Seed,"Kanwaljit Singh, Shripad Nadkarni, Sarvesh Shahra, Others",2015,April,FoodTech,Delhi,Delhi,India
changer mints,Digital / Mobile Wallet,Kolkata,1.37,Seed,Hyderabad Based Investor,2015,April,Enterprise / SaaS,Kolkata,West Bengal,India
urban ladder,Online Furnishingnecommerce,Bangalore,415.0,Private Equity,"Sequoia Capital, Tr Capital, Steadview Capital, Saif Partners, Kalaari Capital",2015,April,Ecommerce / Retail,Bangalore,Karnataka,India
whatfix,Interactivexc2Xa0 Howto Guides,Bangalore,7.47,Seed,"Helion Venture Partner, Powerhouse Ventures, Gsf And Other Angel Investors",2015,April,Others,Bangalore,Karnataka,India
zomato,Restaurant Reviews,Gurgaon,207.5,Private Equity,Info Edge (India),2015,April,FoodTech,Gurgaon,Haryana,India
zopnow,Online Grocer,Bangalore,83.0,Private Equity,"Dragoneer Investment, Accel, Qualcomm Ventures, Times Internet",2015,April,Consumer Internet,Bangalore,Karnataka,India
nayi disha,Edtech,Delhi,2.49,Seed,Ajay Relan,2015,April,Enterprise / SaaS,Delhi,Delhi,India
commeasure,Online Hotel Booking,Noida,8.3,Seed,Jungle Ventures,2015,April,Consumer Internet,Noida,Uttar Pradesh,India
capricoast,Online Kitchen Furniture,Bangalore,10.38,Seed,Accel Partners India,2015,April,FoodTech,Bangalore,Karnataka,India
localoye,Hyperlocal Online,Mumbai,41.5,Private Equity,"Tiger Global Maunknowngement, Lightspeed",2015,April,Consumer Internet,Mumbai,Maharashtra,India
grofers,Hyperlocal Online/Mobile Grocery,Gurgaon,290.5,Private Equity,"Tiger Global, Sequoia Capital",2015,April,Consumer Internet,Gurgaon,Haryana,India
peppertap,Hyperlocal Online/Mobile Grocery,Gurgaon,83.0,Private Equity,"Saif Partners, Sequoia Capital",2015,April,Consumer Internet,Gurgaon,Haryana,India
policy bazaar,Online Policy Aggregator,Gurgaon,332.0,Private Equity,"Premjiinvest, Tiger Global, Ribbit Capital",2015,April,Consumer Internet,Gurgaon,Haryana,India
urbanclap,Hyperlocal Mobile,Delhi,13.28,Seed,"Saif Partners, Accel, Kuunknownl Bahl, Rohit Bansal",2015,April,Others,Delhi,Delhi,India
taskbob,Ondemandnmobile Handyman,Mumbai,9.96,Seed,"Orios Venture Partners, Mayfield India",2015,April,Others,Mumbai,Maharashtra,India
robosoft,Mobile Development,Udupi,99.6,Private Equity,"Ascent Capital, Kalaari Capital",2015,April,Mobility / Automotive / EV,Udupi,Karnataka,India
pastiwala,Material Collection & Recycling,Vadodara,33.2,Private Equity,Agnus Capital,2015,April,Others,Vadodara,Gujarat,India
1mg healthkartplus,Online Pharmacy & Drug Db,Gurgaon,49.8,Private Equity,"Deep Kalra, Sequoia Capital, Omidyar Network, Intel Capital, Kae Capital",2015,April,HealthTech,Gurgaon,Haryana,India
freshdesk,Online / Mobile Customer Support,Chennai,415.0,Private Equity,"Tiger Global, Google Capital, Accel",2015,April,Consumer Internet,Chennai,Tamil Nadu,India
sulekhacom,Online Classifieds & Listings,Chennai,232.4,Private Equity,Gic Ventures,2015,April,Consumer Internet,Chennai,Tamil Nadu,India
eatshoplove,Fashion Ecommerce,Bangalore,29.05,Private Equity,Unknown Investor,2015,April,Ecommerce / Retail,Bangalore,Karnataka,India
avanti learning,Private Coaching Centers,Delhi,12.45,Private Equity,"Michael, Susan Dell Foundation, Pearson Learning Fund",2015,April,Others,Delhi,Delhi,India
simplilearn,Online Certification Courses,Bangalore,124.5,Private Equity,"Mayfield Ventures, Kalaari Capital, Helion Ventures",2015,April,Consumer Internet,Bangalore,Karnataka,India
craftstvilla,Ethnic Product Ecommerce,Mumbai,149.4,Private Equity,"Sequoia Capital, Nexus Venture Partners, Lightspeed Ventures, Gfc",2015,April,Ecommerce / Retail,Mumbai,Maharashtra,India
headout,Last Minute Travel Deals Mobile,Bangalore,14.94,Seed,"Version One Ventures, 500 Startups, Nexus Venture Partners And Areunknown Ventures",2015,April,Travel / Hospitality,Bangalore,Karnataka,India
happay,Usiness Expense Management,Bangalore,4.15,Seed,Angelprime,2015,April,Others,Bangalore,Karnataka,India
jugnoo,Auto Rickshaw Based Logistics,Chandigarh,8.3,Seed,"Rakesh Mathur, Vikas Taneja, Others",2015,April,Logistics / Supply Chain,Chandigarh,Chandigarh,India
coverfox,Online Insurance Aggregator,Mumbai,99.6,Private Equity,"Accel Us, Accel, Saif Partners.",2015,April,FinTech,Mumbai,Maharashtra,India
torqus,Restaurant Management,Pune,2.9,Seed,"S S Mukherji, Others",2015,April,FoodTech,Pune,Maharashtra,India
grab,Food Logistics & Delivery,Mumbai,8.3,Seed,"Oliphans Capital, Haresh Chawla",2015,April,FoodTech,Mumbai,Maharashtra,India
logicroots,Interactive Educational Games,Jaipur,3.32,Seed,"Ah! Ventures, Calcutta Angels, \\Xc2\\Xa0 91Springboard",2015,April,EdTech,Jaipur,Rajasthan,India
babajobs,Grey Collar Job Board,Bangalore,83.0,Private Equity,"Seek Ltd, Affiliates",2015,April,HRTech,Bangalore,Karnataka,India
jay robotix,Robotic Program Learning,Hyderabad,2.08,Seed,"Cross Border Angels, Others",2015,April,EdTech,Hyderabad,Telangana,India
naaptolcom,Teleshopping / Ecommerce,Mumbai,178.45,Private Equity,"Mitsui, Co, Existing Investors",2015,April,Ecommerce / Retail,Mumbai,Maharashtra,India
reglobe,Used Gadgets Buy / Refurbishing,Gurgaon,8.3,Seed,"Bessemer Ventures, Blume Ventures",2015,April,Others,Gurgaon,Haryana,India
icertis,Cloud Enterprise Software,Pune,49.8,Private Equity,"Greycroft Partners, Fidelity Growth Partners",2015,April,Enterprise / SaaS,Pune,Maharashtra,India
tracxn,Analytics,Bangalore,29.05,Private Equity,Saif Partners,2015,April,Analytics / Big Data,Bangalore,Karnataka,India
tradelab,Financial Markets Software,Bangalore,3.32,Seed,Rainmatter,2015,April,FinTech,Bangalore,Karnataka,India
piqube,Hiring Analytics,Chennai,4.15,Seed,The Hr Fund,2015,April,Analytics / Big Data,Chennai,Tamil Nadu,India
travel triangle,Online Travel,Noida,66.4,Private Equity,"Bessemer Venture Partners, Saif Partners",2015,April,Consumer Internet,Noida,Uttar Pradesh,India
trulymadlycom,Other,Unknown,45.65,Private Equity,"Helion Venture Partners, Kae Capital",2015,March,Others,,,
instalively,Other,Unknown,1.0,Seed,Group Of Angel Investors,2015,March,Others,,,
vserv,Other,Unknown,124.5,Private Equity,"Maverick Capital, Idg Ventures India",2015,March,Others,,,
niffler,Other,Unknown,8.3,Seed,Saif Partners,2015,March,Others,,,
customfurnishcom,Other,Unknown,20.75,Private Equity,"Madhukar Gangadi, Satish Reddy, Srini Raju, Srini Koppolu, Sidbi",2015,March,Others,,,
mapmygenome,Other,Unknown,9.96,Private Equity,"Rajan Aunknownndan, Other Angel Investors",2015,March,Others,,,
crowdfire formerly justunfollow,Other,Unknown,20.75,Private Equity,Kalaari Capital,2015,March,Others,,,
bite club,Other,Unknown,4.15,Seed,"Powai Lake Ventures, Aneesh Reddy, Ashish Kashyap, Alok Mittal",2015,March,Others,,,
appedo,Other,Unknown,8.3,Seed,Unknown Investors,2015,March,Others,,,
fitraqcom,Other,Unknown,1.25,Seed,Tarun Arora,2015,March,Others,,,
chargebee,Other,Unknown,41.5,Private Equity,"Tiger Global, Accel",2015,March,Others,,,
groupon,Other,Unknown,166.0,Private Equity,Sequoia Capital,2015,March,Others,,,
moonfrog labs,Other,Unknown,124.5,Private Equity,"Tiger Global, Sequoia Capital",2015,March,Others,,,
foodpanda,Other,Unknown,913.0,Private Equity,"Rocket Internet Ag, Others",2015,March,Others,,,
diabetomics,Other,Unknown,41.5,Private Equity,"Ventureeast, \\Xc2\\Xa0 Varaprasad Reddy",2015,March,Others,,,
daily rounds,Other,Unknown,4.15,Seed,"Kae Capital, Gsf, Teruhide Sato",2015,March,Others,,,
orobind,Other,Unknown,1.66,Seed,"Zishaan Hayath, Lalit Mangal, Harpreet Singh Grover",2015,March,Others,,,
digital gorkha,Other,Unknown,1.38,Seed,Ramesh Kavediya,2015,March,Others,,,
nestaway,Other,Unknown,10.79,Seed,"Idg Ventures, Naveen Tewari",2015,March,Others,,,
the better,Other,Unknown,1.38,Seed,Iunknowncubeunknownn,2015,March,Others,,,
meru cabs,Other,Unknown,415.0,Private Equity,Value Fund Advisors,2015,March,Others,,,
drivestream,Other,Unknown,41.5,Private Equity,Wipro,2015,March,Others,,,
wwhere,Other,Unknown,1.66,Seed,Group Of Angel Investors,2015,March,Others,,,
tripoto,Other,Unknown,16.6,Private Equity,"Idg Ventures, Outbox Ventures",2015,March,Others,,,
graphic,Other,Unknown,23.24,Seed,"Ca Media Lp, \\Xc2\\Xa0 Start Media.",2015,March,Others,,,
lets,Other,Unknown,24.9,Seed,Wu Chay Chin,2015,March,Others,,,
collatebox,Other,Unknown,1.49,Seed,Letsventure,2015,March,Others,,,
mahindra first choice,Other,Unknown,124.5,Private Equity,Valiant Capital,2015,March,Others,,,
razorpay,Other,Unknown,1.0,Seed,Y Combiunknowntor,2015,March,Others,,,
furlenco,Other,Unknown,49.8,Private Equity,Lightbox Ventures,2015,March,Others,,,
cubito,Other,Unknown,1.33,Seed,Sol Primero,2015,March,Others,,,
teabox,Other,Unknown,49.8,Private Equity,"Jafco Asia, Keystone Group, Dragoneer Investment, Accel",2015,March,Others,,,
artoo,Other,Unknown,4.15,Private Equity,"Accion Venture Labs, Rianta Capital",2015,March,Others,,,
fxkartcom,Other,Unknown,16.6,Seed,"Dr Mushtaq Shah, Dr Faraz Naqvi",2015,March,Others,,,
oyo,Other,Unknown,207.5,Private Equity,"Greenoaks Capital, Sequoia Capital, Lightspeed Ventures",2015,March,Others,,,
roposocom,Other,Unknown,41.5,Private Equity,"Tiger Global Maunknowngement, Indian Quotient, Binny Bansal",2015,March,Others,,,
teewe,Other,Unknown,14.53,Seed,"Sequoia Capital, India Quotient",2015,March,Others,,,
urjas,Other,Unknown,0.83,Seed,"Solidarity Venture Capital, Others",2015,March,Others,,,
chargein,Other,Unknown,0.83,Seed,Pittie Group,2015,March,Others,,,
yogurt labs,Other,Unknown,0.95,Seed,"Nick Adams, Kiran Bhat, Family Pot Investments Llp",2015,March,Others,,,
limeroadcom,Other,Unknown,249.0,Private Equity,"Tiger Global, Matrix Partners, Lightspeed",2015,March,Others,,,
team indus,Other,Unknown,12.45,Private Equity,"Nandan Nilekani, Rajiv Mody, Ajai Chowdhary",2015,March,Others,,,
arohan financial,Other,Unknown,83.0,Private Equity,Tano Capital,2015,March,Others,,,
billdesk,Other,Unknown,622.5,Private Equity,Ta Associates,2015,March,Others,,,
triphobo,Other,Unknown,24.9,Private Equity,"Mayfield Ventures, Kalaari Capital",2015,March,Others,,,
aryaka,Other,Unknown,132.8,Private Equity,"Trinity Ventures, Interwest Partners, Mohr Davidow Ventures, Presidio Ventures",2015,March,Others,,,
appsdaily,Other,Unknown,132.8,Private Equity,"Zodius Capital, Ruunknownnet, Kalaari Capital, \\Xc2\\Xa0 Qualcomm Ventures",2015,March,Others,,,
faaya,Other,Unknown,0.14,Other,Group Of Angel Investors,2015,February,Others,,,
instabounce,Other,Unknown,0.14,Other,Group Of Angel Investors,2015,February,Others,,,
chloroplast foods,Other,Unknown,0.14,Other,Group Of Angel Investors,2015,February,Others,,,
dealwithus,Other,Unknown,0.14,Other,Group Of Angel Investors,2015,February,Others,,,
cleversharks,Other,Unknown,0.14,Other,Group Of Angel Investors,2015,February,Others,,,
leaf,Other,Unknown,0.14,Other,Group Of Angel Investors,2015,February,Others,,,
smartpocket,Other,Unknown,2.08,Other,"Sol Primero, Rajiv Mehta",2015,February,Others,,,
yumist,Other,Unknown,8.3,Private Equity,Orios Venture Partner,2015,February,Others,,,
firstcry,Other,Unknown,215.8,Private Equity,Valiant Capital Partners,2015,February,Others,,,
holachef,Other,Unknown,2.7,Other,India Quotient,2015,February,Others,,,
frshcoin,Other,Unknown,4.3,Other,"India Quotient, Kae Capital",2015,February,Others,,,
manthan,Other,Unknown,498.0,Private Equity,"Temasek, Norwest Venture Partners",2015,February,Others,,,
culture machine,Other,Unknown,149.4,Private Equity,"Tiger Global, Times Internet, Zodius Capital",2015,February,Others,,,
aisleco,Other,Unknown,0.83,Other,"Aunknownnd Vijay, Shashank Mehrotra, Others",2015,February,Others,,,
freecharge,Other,Unknown,664.0,Private Equity,"Valiant Capital, Tybourne Capital, Sequoia Capital, Runet And Sofiunknown",2015,February,Others,,,
newshunt,Other,Unknown,332.0,Private Equity,"Falcon Edge Capital, Matrix Partners, Sequoia Capital India And Omidyar Network",2015,February,Others,,,
mynoticeperiod,Other,Unknown,24.9,Private Equity,Idg Ventures,2015,February,Others,,,
faasoxe2x80x99s,Other,Unknown,166.0,Private Equity,Lightbox Ventures,2015,February,Others,,,
capital float,Other,Unknown,107.9,Private Equity,"Saif Partners, Sequoia Capital, Aspada",2015,February,Others,,,
nimble wireless,Other,Unknown,24.9,Other,Angelprime,2015,February,Others,,,
stayzilla,Other,Unknown,166.0,Private Equity,"Nexus Venture Partners, Matrix Partners",2015,February,Others,,,
practo,Other,Unknown,249.0,Private Equity,"Sequoia Capital, Matrix Partners",2015,February,Others,,,
20dresses,Other,Unknown,8.3,Other,"Srinivas Aluri, Srinivas Modukury, Bs Nagesh",2015,February,Others,,,
itzcash,Other,Unknown,136.95,Private Equity,Ashok Goel (Promoter),2015,February,Others,,,
newsinshorts,Other,Unknown,34.45,Private Equity,"Tiger Global, Rebright Partners, Sachin And Binny Bansal",2015,February,Others,,,
itravellercom,Other,Unknown,8.3,Private Equity,Ah! Ventures,2015,February,Others,,,
wooplrcom,Other,Unknown,41.5,Private Equity,Helion Venture Partners,2015,February,Others,,,
springleap,Other,Unknown,6.64,Other,Cross Border Angels,2015,May,Others,,,
klipin,Other,Unknown,4.15,Other,"Calcutta Angels, Venture Nursery Angels Mumbai Angels",2015,February,Others,,,
renderlogy,Other,Unknown,13.28,Private Equity,Brick Eagle,2015,February,Others,,,
appbase,Other,Unknown,2.41,Other,"Daunknowniict, Techstars, Carnegie Mellon University, Startup Brasil Program",2015,February,Others,,,
homelane,Other,Unknown,37.35,Private Equity,"Sequoia Capital, Ranjan Pai, Mohandas Pai, Others",2015,February,Others,,,
trip38,Other,Unknown,8.3,Private Equity,"Interglobe Technology Quotient, Lantern Capital",2015,February,Others,,,
smartairtripcom,Other,Unknown,83.0,Private Equity,Unknown,2015,February,Others,,,
nobroker,Other,Unknown,24.9,Private Equity,"Saif Partners, Fulcrum Ventures",2015,February,Others,,,
caravan craft retail,Other,Unknown,4.15,Other,"Unitus Seed Fund\\Nnarayan Ramachandran, Bijou Kurien",2015,February,Others,,,
clonect,Other,Unknown,2.08,Other,"V Balakrishunknownn, T V Mohandas Pai, Bc Prabhakar",2015,February,Others,,,
taxsutra,Other,Unknown,1.33,Other,"V Balakrishunknownn, T V Mohandas Pai",2015,February,Others,,,
sattviko,Other,Unknown,2.66,Other,"Sumit Jain, Rajat Jain, Sanjay Bhasin",2015,February,Others,,,
industrybuying,Other,Unknown,16.6,Private Equity,Saif Partners,2015,February,Others,,,
tinyowl,Other,Unknown,132.8,Private Equity,"Matrix Partners, Sequoia Capital, Nexus Venture Partners",2015,February,Others,,,
momoe,Other,Unknown,9.96,Other,"Idg Ventures India, Jungle Ventures, India Quotient.",2015,February,Others,,,
grofers,Other,Unknown,83.0,Private Equity,"Tiger Global Maunknowngement, Sequoia Capital",2015,February,Others,,,
lenskart,Other,Unknown,17.84,Private Equity,"Tpg Growth, Tr Capital, Idg Ventures",2015,January,Others,,,
violetstreet,Other,Unknown,2.61,Other,"Venkat Vallabhneni, Sudhakar Reddy, Srinivasa Rao Paturi",2015,January,Others,,,
lookup,Other,Unknown,3.15,Other,"Dena Co., Japan, Teruhide Sato (In Addition To Mks Switzerland, Kris Gopalkrishunknownn)",2015,January,Others,,,
fame,Other,Unknown,83.0,Private Equity,To The New Ventures,2015,January,Others,,,
gympik,Other,Unknown,1.12,Seed,"Tom Clausen, Rohan Ajila, Haldyn Glass",2015,January,Others,,,
nearin,Other,Unknown,2.37,Seed,"Anupam Mittal, Manish Vij, Prashant Tandon, Gaurav Agarwal, Akash Agarwal, Himanshu Aggarwal, Kevin Parikh",2015,January,Others,,,
numbermall,Other,Unknown,83.0,Private Equity,Sri Capital,2015,January,Others,,,
tookitaki,Other,Unknown,8.3,Other,"Jungle Ventures, Redbright Partners, Blume Ventures",2015,January,Others,,,
frankly,Other,Unknown,4.98,Seed,Matrix Partners,2015,January,Others,,,
nurturey,Other,Unknown,1.04,Other,Seedrs Crowd Funding Platform,2015,January,Others,,,
stridalyzer,Other,Unknown,0.26,Other,Kickstarter,2015,January,Others,,,
commonfloor,Other,Unknown,41.5,Private Equity,Google Capital,2015,January,Others,,,
yepme,Other,Unknown,107.9,Private Equity,"Js Capital, Helion Venture Partners, Capricorn Investment Group",2015,January,Others,,,
mydreamstore,Other,Unknown,2.41,Seed,Unknown Investors,2015,January,Others,,,
rategain,Other,Unknown,415.0,Private Equity,Ta Associates,2015,January,Others,,,
ekincare,Other,Unknown,1.34,Seed,Adroitent Pvt. Ltd.,2015,January,Others,,,
shopclues,Other,Unknown,830.0,Private Equity,"Tiger Global, Other Investors",2015,January,Others,,,
refiral,Other,Unknown,2.74,Seed,Cogent E Services,2015,January,Others,,,
healthyworldin,Other,Unknown,1.66,Seed,Group Of Angel Investors,2015,January,Others,,,
hostel dunia,Other,Unknown,0.13,Seed,Hyderabad Angels (At Startup Heroes Event),2015,January,Others,,,
play your sport,Other,Unknown,0.13,Seed,Hyderabad Angels (At Startup Heroes Event),2015,January,Others,,,
yo grad,Other,Unknown,0.13,Seed,Hyderabad Angels (At Startup Heroes Event),2015,January,Others,,,
enabli,Other,Unknown,0.13,Seed,Hyderabad Angels (At Startup Heroes Event),2015,January,Others,,,
cbs,Other,Unknown,0.13,Seed,Hyderabad Angels (At Startup Heroes Event),2015,January,Others,,,
hopscotch,Other,Unknown,91.3,Private Equity,"Eduardo Saverin, Velos Capital",2015,January,Others,,,
simplilearn,Other,Unknown,122.42,Private Equity,"Mayfield India, Kalaari Capital, Helion Ventures",2015,January,Others,,,
mydreamstore,Other,Unknown,2.7,Seed,Unknown Investors,2015,January,Others,,,
villgro,Other,Unknown,26.98,Seed,"Michael, Susan Dell Foundation",2015,May,Others,,,
antuit,Other,Unknown,464.8,Private Equity,"Goldman Sachs, Zodius Capital",2015,January,Others,,,
caratlanecom,Other,Unknown,257.3,Private Equity,Tiger Global,2015,January,Others,,,
aasaanjobs,Other,Unknown,12.45,Seed,"Inventus Capital Partners, Idg Ventures",2015,January,Others,,,
thrill app,Other,Unknown,8.3,Private Equity,People Group (Shaadi.Com),2015,January,Others,,,
cardekhocom,Other,Unknown,415.0,Private Equity,"Hillhouse Capital, Tybourne Capital",2015,January,Others,,,
grabhousecom,Other,Unknown,20.75,Private Equity,"Kalaari Capital, Sequoia Capital",2015,January,Others,,,
printvenue,Other,Unknown,37.35,Private Equity,Asia Pacific Internet Group,2015,January,Others,,,
graphene,Other,Unknown,6.85,Private Equity,Karsemven Fund,2015,January,Others,,,
mad street den,Other,Unknown,12.45,Private Equity,"Exfinity Fund, Growx Ventures.",2015,January,Others,,,
couponmachinein,Other,Unknown,1.16,Seed,Uk Based Group Of Angel Investors,2015,January,Others,,,
aqgromalin,Agritech,Chennai,1.66,Unknown,Angel Investors,2020,December,AgriTech,Chennai,Tamil Nadu,India
krayonnz,Edtech,Bangalore,0.83,Pre-Seed,Gsf Accelerator,2020,December,Enterprise / SaaS,Bangalore,Karnataka,India
ncome,Escrow,Delhi,3.32,Unknown,"Venture Catalysts, Pointone Capital",2020,December,Others,Delhi,Delhi,India
gramophone,Agritech,Indore,2.82,Unknown,"Siaunknown Capital Maunknowngement, Info Edge",2020,December,AgriTech,Indore,Madhya Pradesh,India
qzense,Agritech,Bangalore,4.98,Seed,"Venture Catalysts, 9Unicorns Accelerator Fund",2020,December,AgriTech,Bangalore,Karnataka,India
myclassboard,Edtech,Hyderabad,4.98,Pre-Series A,Icici Bank.,2020,December,Enterprise / SaaS,Hyderabad,Telangana,India
rupeek,Fintech,Bangalore,373.5,Series C,"Kb Investment, Bertelsmann India Investments",2020,December,FinTech,Bangalore,Karnataka,India
gig,Crowdsourcing,Pune,8.3,Pre-Series A,"Shantanu Deshpande, Subramaniam Ramadorai",2020,December,Others,Pune,Maharashtra,India
slurrp farm,Food,Gurgaon,16.6,Series A,Fireside Ventures,2020,December,FoodTech,Gurgaon,Haryana,India
brila 91,Food,Delhi,9.96,Unknown,"Sequoia Capital, Sixth Sense Ventures",2020,December,FoodTech,Delhi,Delhi,India
foodybuddy,Food,Belgaum,4.98,Unknown,Rebel Foods,2020,December,FoodTech,Belgaum,Karnataka,India
zomato,Food,Gurgaon,5478.0,Unknown,"Kora, Tiger Global Maunknowngement",2020,December,FoodTech,Gurgaon,Haryana,India
oureyeai,Virtual Auditing,Bangalore,1.0,Unknown,"100X Vc, Amara Ventures",2020,December,Enterprise / SaaS,Bangalore,Karnataka,India
shiprocket,Ecommerce,Delhi,62.25,Series C,"Bertelsmann India Investments, Innoven Capital",2020,December,Ecommerce / Retail,Delhi,Delhi,India
moneyboxx finance,Fintech,Delhi,8.3,Unknown,"Blacksoil, Caspian",2020,December,FinTech,Delhi,Delhi,India
sucseed indovation,Fintech,Hyderabad,41.5,Unknown,Unknown,2020,December,FinTech,Hyderabad,Telangana,India
taxbuddycom,Fintech,Mumbai,8.3,Unknown,Zenith Global,2020,December,FinTech,Mumbai,Maharashtra,India
awign enterprises,Work Fulfillment,Bangalore,4.15,Unknown,"Unitus Ventures, Work10M",2020,December,Others,Bangalore,Karnataka,India
circle of angels,Fintech,Gurgaon,24.9,Unknown,Unknown,2020,December,FinTech,Gurgaon,Haryana,India
coindcx,Fintech,Mumbai,83.0,Series B,"Coinbase Ventures, Polychain",2020,December,FinTech,Mumbai,Maharashtra,India
glance,AI,Bangalore,1203.5,Unknown,Mithril Capital Maunknowngement.,2020,December,Artificial Intelligence,Bangalore,Karnataka,India
verse innovation,Telecommunication,Bangalore,830.0,Unknown,Google,2020,December,Ecommerce / Retail,Bangalore,Karnataka,India
arya,Agritech,Noida,174.3,Series B,Quounknown Capital,2020,December,AgriTech,Noida,Uttar Pradesh,India
pickrr,Logistics,Delhi,33.2,Unknown,Swastika,2020,December,Logistics / Supply Chain,Delhi,Delhi,India
phonepe,Fintech,Andheri,166.0,Unknown,"Flipkart, Walmart",2020,December,FinTech,Mumbai,Maharashtra,India
countingwell,Edtech,Bangalore,8.3,Pre-Series A,"Delhi Private School, Uae, Interstar",2020,December,Enterprise / SaaS,Bangalore,Karnataka,India
callifyai,Technology,Mumbai,4.65,Seed,Malpani Ventures,2020,December,Enterprise / SaaS,Mumbai,Maharashtra,India
cover it up,Ecommerce,Chennai,3.32,Seed,Angel Investors,2020,December,Ecommerce / Retail,Chennai,Tamil Nadu,India
bitespeed,Ecommerce,Gurgaon,2.28,Seed,Whiteboard Capital,2020,December,Ecommerce / Retail,Gurgaon,Haryana,India
wakefit,Retail,Bangalore,166.0,Series B,Sequoia Capital,2020,December,Ecommerce / Retail,Bangalore,Karnataka,India
sreyas holistic remedies,Medtech,Hyderabad,8.3,Unknown,Blacksoil,2020,December,HealthTech,Hyderabad,Telangana,India
m1xchange,Fintech,Gurgaon,37.35,Unknown,"Beenext, Mayfield Fund",2020,December,FinTech,Gurgaon,Haryana,India
exotel,Cloud,Bangalore,41.5,Unknown,"A91 Partners, Artha India Ventures",2020,December,Others,Bangalore,Karnataka,India
pagarbook,Software,Bangalore,124.5,Series A,"Sequoia Capital, India Quotient",2020,December,Enterprise / SaaS,Bangalore,Karnataka,India
ayana,Renewable Player,Bangalore,3237.0,Unknown,"Niif Ltd, Cdc Group",2020,December,Climate / CleanTech / Energy,Bangalore,Karnataka,India
fisdom,Fintech,Bangalore,58.1,Unknown,"Payu Fiunknownnce India, Quounknown Capital",2020,December,FinTech,Bangalore,Karnataka,India
infinite uptime,Iot,Pune,42.33,Series B,"Infrastructure Leasing, Fiunknownncial Services Limited, Dorm Room Fund",2020,December,Others,Pune,Maharashtra,India
happylocate,SaaS,Bangalore,4.15,Pre-Series A,The Cowrks Foundry,2020,December,Enterprise / SaaS,Bangalore,Karnataka,India
phonepe,Fintech,Delhi,5810.0,Unknown,Flipkart,2020,December,FinTech,Delhi,Delhi,India
loop health,Healthcare,Pune,19.09,Seed,"Y Combiunknowntor, Sierra Ventures",2020,December,HealthTech,Pune,Maharashtra,India
tagmango,Marketing,Mumbai,5.81,Seed,"Xrm Media, Kevin Lin",2020,December,Marketing / AdTech,Mumbai,Maharashtra,India
the new shop,Retail,Delhi,4.15,Seed,Huddle Accelerator,2020,December,Ecommerce / Retail,Delhi,Delhi,India
mobikwik,Fintech,Gurgaon,58.1,Unknown,"Hindustan Media Venture, Nicolas Jarrosson",2020,December,FinTech,Gurgaon,Haryana,India
debugsbunny,Edtech,Pune,0.83,Unknown,India Angel Fund,2020,December,Enterprise / SaaS,Pune,Maharashtra,India
bhive investech,Coworking,Bangalore,8.3,Seed,Blume Ventures,2020,December,Others,Bangalore,Karnataka,India
rivigo,Logistics,Gurgaon,157.7,Unknown,"Elevation Capital, Trifecta Capital Advisors",2020,December,Logistics / Supply Chain,Gurgaon,Haryana,India
ziploan,Fintech,Delhi,24.9,Unknown,"Stride Ventures, Matrix Partners",2020,December,FinTech,Delhi,Delhi,India
bolo indya,Video Sharing,Gurgaon,3.32,Unknown,"India Accelerator, Sunil Kamath",2020,December,Media / Entertainment / Gaming,Gurgaon,Haryana,India
bombay play,Gaming,Bangalore,8.3,Seed,"Ramakant Sharma, Leo Capital India",2020,December,Others,Bangalore,Karnataka,India
atomberg,Consumer Appliances,Mumbai,74.7,Series B,"Sandeep Tandon, Survam Partners",2020,December,Consumer Internet,Mumbai,Maharashtra,India
dealshare,Ecommerce,Jaipur,174.3,Series C,"Falcon Edge Capital, Omidyar Network",2020,December,Ecommerce / Retail,Jaipur,Rajasthan,India
cuemath,Edtech,Bangalore,332.0,Series C,"Sequoia Capital, Capitalg",2020,December,Enterprise / SaaS,Bangalore,Karnataka,India
5c network,Healthcare,Bangalore,9.96,Pre-Series A,"Axilor Ventures, Unitus Ventures",2020,December,HealthTech,Bangalore,Karnataka,India
ethereum push notification service,Blockchain,Mumbai,6.22,Seed,Prolific Angel Investors,2020,December,Artificial Intelligence,Mumbai,Maharashtra,India
mihup,Conversational Ai,Kolkata,12.45,Series A,"Ideaspring Capital, Accel",2020,December,Artificial Intelligence,Kolkata,West Bengal,India
ruralbasket,Ecommerce,Tirunelveli,4.15,Unknown,Nativelead Foundation,2020,December,Ecommerce / Retail,Tirunelveli,Tamil Nadu,India
waycool foods,Agritech,Chennai,64.74,Debt,"Fmo, Indusind Bank",2020,December,AgriTech,Chennai,Tamil Nadu,India
inframarket,Real Estate,Thane,166.0,Series B,"Trifecta Capital Advisors, Nexus Venture Partners",2020,December,Real Estate / PropTech,Mumbai,Maharashtra,India
info edge venture,Venture Capitalist,Noida,415.0,Unknown,Lightbox,2020,December,Enterprise / SaaS,Noida,Uttar Pradesh,India
clovia,Ecommerce,Noida,33.2,Other,"Golden Birch Investments, She Capital",2020,December,Ecommerce / Retail,Noida,Uttar Pradesh,India
codingal,Edtech,Bangalore,4.65,Seed,"Pras Hanuma, Rebright Partners, Java Capital, And Gsf Accelerator.",2020,December,Enterprise / SaaS,Bangalore,Karnataka,India
cred,Fintech,Bangalore,664.0,Series C,"General Catalyst, Ribbit Capital",2020,December,FinTech,Bangalore,Karnataka,India
vistaar finance,Fintech,Bangalore,249.0,Unknown,Fmo,2020,December,FinTech,Bangalore,Karnataka,India
lets dive,SaaS,Bangalore,14.11,Unknown,Surge,2020,December,Enterprise / SaaS,Bangalore,Karnataka,India
habitat,Edtech,Unknown,4.98,Seed,"Unitus Ventures, Whiteboard Capital",2020,December,Enterprise / SaaS,,,
sawo labs,SaaS,Mumbai,4.98,Seed,"Startupxseed Ventures, 100X.Vc",2020,December,Enterprise / SaaS,Mumbai,Maharashtra,India
signzy,AI,Bangalore,24.9,Unknown,"Stellaris Venture Partners, Mastercard",2020,December,Artificial Intelligence,Bangalore,Karnataka,India
kyt,Edtech,Singapore,20.75,Unknown,Sequoia Capital India’S Surge,2020,November,Enterprise / SaaS,,,Singapore
raskik,Fusion Beverages,Unknown,8.3,Pre-Series A,"Venture Catalysts, 9Unicorns",2020,November,FoodTech,,,
getwork,Hr,Gurgaon,0.33,Pre-Seed,India Accelerator,2020,November,HRTech,Gurgaon,Haryana,India
mobile premier league mpl,Gaming,Bangalore,4.15,Series B,"Pegasus Tech Ventures, Base Partners",2020,November,Others,Bangalore,Karnataka,India
pravasirojgar,Job Portal,Unknown,273.9,Unknown,Goodworker.,2020,November,HRTech,,,
newsreach,Digital Media,Gujarat,12.45,Seed,"Mumbai Angels, Jito Angel Network.",2020,November,HealthTech,,Gujarat,India
cashfree,Fintech,Bangalore,290.5,Series B,"George Osborne, Smilegate Investment",2020,November,FinTech,Bangalore,Karnataka,India
credgenics,Fintech,Delhi,24.9,Pre-Series A,"Accel, Breadlake Ventures",2020,November,FinTech,Delhi,Delhi,India
geoiq,AI,Bangalore,2.49,Seed,"Ankur Mittal, Mitesh Shah",2020,November,Artificial Intelligence,Bangalore,Karnataka,India
country delight,Dairy,Haryana,207.5,Series C,"Iifl Asset Maunknowngement, Matrix Partners",2020,November,Artificial Intelligence,,Haryana,India
quintype,Content Management,Bangalore,29.05,Series A,Iifl Amc,2020,November,Others,Bangalore,Karnataka,India
cars24,Retail,Haryana,1660.0,Series E,"Global Car Group, Freemark Holdings",2020,November,Ecommerce / Retail,,Haryana,India
cityflo,Transportation,Mumbai,58.1,Series A,"Anupam Mittal, India Quotient",2020,November,Logistics / Supply Chain,Mumbai,Maharashtra,India
algobulls,Trading,Mumbai,1.66,Unknown,Venture Catalysts,2020,November,Others,Mumbai,Maharashtra,India
credgenics,Fintech,Gurgaon,24.9,Pre-Series A,"Accel, Breadlake Ventures",2020,November,FinTech,Gurgaon,Haryana,India
ensuredit,Fintech,Gurgaon,2.49,Pre-Series A,Venture Catalysts,2020,November,FinTech,Gurgaon,Haryana,India
shipsy,AI,Gurgaon,49.8,Series A,"Dtdc, Udaan Angel Partners",2020,November,Artificial Intelligence,Gurgaon,Haryana,India
erpnext,Technology,Mumbai,8.3,Unknown,Rainmatter,2020,November,Enterprise / SaaS,Mumbai,Maharashtra,India
yellow classes,Edtech,Gurgaon,10.79,Pre-Series A,India Quotient,2020,November,Enterprise / SaaS,Gurgaon,Haryana,India
plum,Healthcare,Bangalore,34.03,Unknown,"Surge, Tanglin Venture Partners",2020,November,HealthTech,Bangalore,Karnataka,India
stage,Entertainment,Indore,8.3,Unknown,Venture Catalysts,2020,November,Artificial Intelligence,Indore,Madhya Pradesh,India
kaagaz scanner,Scanning,Unknown,4.77,Unknown,Pravega Ventures,2020,November,Others,,,
nira,Fintech,Bangalore,8.3,Unknown,"Techstars Bangalore Accelerator, Techstars",2020,November,FinTech,Bangalore,Karnataka,India
byjus,Edtech,Bangalore,1660.0,Unknown,"Owl Ventures, Tiger Global Maunknowngement",2020,November,Enterprise / SaaS,Bangalore,Karnataka,India
damensch,Ecommerce,Bangalore,49.8,Unknown,"Whiteboard Capital, Matrix Partners",2020,November,Ecommerce / Retail,Bangalore,Karnataka,India
country delight,Food,Haryana,207.5,Series C,"Orios Venture Partners, Matrix Partners",2020,November,FoodTech,,Haryana,India
signalx,AI,Hyderabad,6.64,Seed,"9Unicorns, 3Lines Vc, Hyderabad Angels",2020,November,Artificial Intelligence,Hyderabad,Telangana,India
lancify,Edtech,Bangalore,2.49,Unknown,"Techstars, Techstars Bangalore Accelerator",2020,November,Enterprise / SaaS,Bangalore,Karnataka,India
krimanshi,Biotechnology,Jodhpur,4.98,Seed,"Rajasthan Venture Capital Fund, Aim Smart City",2020,November,Enterprise / SaaS,Jodhpur,Rajasthan,India
instoried,AI,Bangalore,8.3,Pre-Series A,"Venture Catalysts, Sosv",2020,November,Artificial Intelligence,Bangalore,Karnataka,India
playerzpot,Gaming,Mumbai,24.9,Series A,Unknown,2020,November,Others,Mumbai,Maharashtra,India
turtlemint,Healthcare,Mumbai,249.0,Unknown,"Nexus Venture Partners, Dream Incubator",2020,November,HealthTech,Mumbai,Maharashtra,India
arata,Ecommerce,Delhi,8.3,Pre-Series A,Dsg Consumer Partners,2020,November,Ecommerce / Retail,Delhi,Delhi,India
mpl,Gaming,Bangalore,41.5,Unknown,"Pegasus Tech Ventures, Base Partners",2020,November,Others,Bangalore,Karnataka,India
true balance,Fintech,Gurgaon,232.4,Unknown,"Ibk Capital, Sb Partners",2020,November,FinTech,Gurgaon,Haryana,India
prescribe,Healthcare,Chennai,0.83,Unknown,Titan Capital,2020,November,HealthTech,Chennai,Tamil Nadu,India
nepra,Cleantech,Ahmedabad,149.4,Series C,"Asha Impact, Aavishkaar Venture Capital",2020,November,Enterprise / SaaS,Ahmedabad,Gujarat,India
infeedo,SaaS,Gurgaon,26.56,Unknown,"Peyush Bansal, Ritesh Malik",2020,November,Enterprise / SaaS,Gurgaon,Haryana,India
mindtickle,SaaS,Pune,830.0,Debt,"Caunknownan Partners, Newview Capital",2020,November,Enterprise / SaaS,Pune,Maharashtra,India
slice,Fintech,Bangalore,41.5,Debt,"Better Capital, Gunosy",2020,November,FinTech,Bangalore,Karnataka,India
rapawalk,Ecommerce,Bangalore,2.49,Seed,"Sanjay Ramakrishunknownn, Ravi Garikipati",2020,November,Ecommerce / Retail,Bangalore,Karnataka,India
stride ventures,Venture Capitalist,Delhi,664.0,Unknown,Small Industries Development Bank Of India,2020,November,Enterprise / SaaS,Delhi,Delhi,India
blacksoil,Fintech,Mumbai,83.0,Unknown,Unknown,2020,November,FinTech,Mumbai,Maharashtra,India
biocon,Healthcare,Bangalore,124.5,Unknown,Goldman Sachs,2020,November,HealthTech,Bangalore,Karnataka,India
clientjoy,SaaS,Gujarat,6.64,Pre-Series A,"Letsventure, Jyotsunknown Bapat",2020,November,Enterprise / SaaS,,Gujarat,India
xpressbees,Ecommerce,Pune,830.0,Unknown,"Alibaba Group, Innoven Capital",2020,November,Ecommerce / Retail,Pune,Maharashtra,India
wellness forever,Healthcare,Mumbai,830.0,Unknown,"Poounknownwalla, Allaunknown Group",2020,November,HealthTech,Mumbai,Maharashtra,India
mooofarm,Agritech,Gurgaon,4.15,Pre-Seed,"Navus Ventures, Rockstart",2020,November,AgriTech,Gurgaon,Haryana,India
bitclass,Paas,Bangalore,16.6,Seed,"Aet Japan, Figure Eight Investments, Waterbridge Ventures",2020,November,Others,Bangalore,Karnataka,India
gonuts,Entertainment,Mumbai,3.32,Seed,"Sweta Rau, Archaunknown Priyadarshini",2020,November,Artificial Intelligence,Mumbai,Maharashtra,India
uolo,Edtech,Bangalore,16.6,Seed,"Rajul Garg, Purvi Capital",2020,November,Enterprise / SaaS,Bangalore,Karnataka,India
kirana king,Retail,Jaipur,7.47,Pre-Series A,Rajasthan Venture Capital Fund,2020,November,Ecommerce / Retail,Jaipur,Rajasthan,India
jade forest,Beverages,Delhi,2.08,Seed,Unknown,2020,November,FoodTech,Delhi,Delhi,India
frontrow,Edtech,Bangalore,26.56,Seed,"Lightspeed, Elevation, Deepika Padukone",2020,November,Enterprise / SaaS,Bangalore,Karnataka,India
reliance retail,Ecommerce,Mumbai,83.0,Unknown,"Abu Dhabi Investment Authority, Gic",2020,November,Ecommerce / Retail,Mumbai,Maharashtra,India
ather energy,Automobiles,Bangalore,290.5,Series D,Heromotocorp Ltd And Sachin Bansal,2020,November,Mobility / Automotive / EV,Bangalore,Karnataka,India
routematic,SaaS,Bangalore,16.6,Unknown,"Vamm Ventures, Naresh Malhotra",2020,November,Enterprise / SaaS,Bangalore,Karnataka,India
livfin,Fintech,Delhi,39.01,Unknown,"Deg, Kfw Deg",2020,November,FinTech,Delhi,Delhi,India
eggoz,Food,Indore,12.45,Pre-Series A,"Avana Capital, Rebright Partners",2020,November,FoodTech,Indore,Madhya Pradesh,India
chargezone,Ev,Gujarat,24.9,Pre-Series A,Mumbai Angels,2020,November,Mobility / Automotive / EV,,Gujarat,India
stones2milestones,Edtech,Gurgaon,16.6,Bridge,"Menterra Venture Advisors, Emandi Sankara Rao",2020,November,Enterprise / SaaS,Gurgaon,Haryana,India
udacity,Edtech,Usa,622.5,Debt,"Hercules Capital, Inc.Bertelsmann",2020,November,Enterprise / SaaS,,,USA
ajnalens,Ar/Vr,Thane,8.3,Bridge,"Mohsin Hani Al Bahrani, Mod",2020,November,Others,Mumbai,Maharashtra,India
gully network,Ecommerce,Bangalore,9.96,Pre-Series A,"Cp Ventures, Orios Venture Partners",2020,November,Ecommerce / Retail,Bangalore,Karnataka,India
turbohire,Recruitment,Hyderabad,8.3,Seed,"Kia Ora Ventures, Pentathlon Ventures",2020,November,Enterprise / SaaS,Hyderabad,Telangana,India
charcoal eats,Qsr,Mumbai,16.6,Unknown,Lokmat Investments,2020,November,Others,Mumbai,Maharashtra,India
svami,Food,Mumbai,6.64,Unknown,"Niren Shah, Rukam Capital Trust",2020,November,FoodTech,Mumbai,Maharashtra,India
dhurnia,Edtech,Dhingsara,0.83,Unknown,"Chandigarh Angels Network, Modulor Capital",2020,November,Enterprise / SaaS,,,
leena ai,AI,New York,66.4,Unknown,"Alan Patricof, Jim Moffatt",2020,November,Artificial Intelligence,New York,New York,USA
bizlog,Logistics,Bangalore,8.3,Unknown,Ian Fund,2020,November,Logistics / Supply Chain,Bangalore,Karnataka,India
tamashalive,Gaming,Mumbai,2.49,Unknown,"9Unicorns, Titan Capital, Firstcheque",2020,November,Others,Mumbai,Maharashtra,India
fedo,AI,Bangalore,8.3,Unknown,Aim Smart City,2020,November,Artificial Intelligence,Bangalore,Karnataka,India
fab hotels,Hospitality,Gurgaon,8.3,Unknown,"Rb Investments Pte. Ltd, Goldman Sachs",2020,November,HealthTech,Gurgaon,Haryana,India
freshokartz,Agritech,Jaipur,8.3,Pre-Series A,"Rajasthan Venture Capital Fund, Innovaunknown Thinklabs",2020,October,AgriTech,Jaipur,Rajasthan,India
flexiloans,Fintech,Mumbai,49.8,Debt,>Vikram Sud,2020,October,FinTech,Mumbai,Maharashtra,India
freshtohome,Ecommerce,Bangalore,1004.3,Series C,"Ascent Capital, Iron Pillar",2020,October,Ecommerce / Retail,Bangalore,Karnataka,India
credable,Fintech,Mumbai,37.35,Unknown,Oaks Asset Maunknowngement,2020,October,FinTech,Mumbai,Maharashtra,India
railofy,Transportation,Mumbai,41.5,Seed,"Roots Ventures, Better Capital",2020,October,Logistics / Supply Chain,Mumbai,Maharashtra,India
finova capital,Fintech,Jaipur,456.5,Unknown,"Sequoia Capital, Faering Capital",2020,October,FinTech,Jaipur,Rajasthan,India
teachmint,Edtech,Bangalore,29.05,Seed,Lightspeed India,2020,October,Enterprise / SaaS,Bangalore,Karnataka,India
peelworks,Ecommerce,Mumbai,24.9,Unknown,"Cesc Ventures, Brun Raschle",2020,October,Ecommerce / Retail,Mumbai,Maharashtra,India
janani,Fertility,Bangalore,1.66,Pre-Seed,9Unicorns,2020,October,Enterprise / SaaS,Bangalore,Karnataka,India
credgenics,Fintech,Gurgaon,27.39,Seed,"Accel, Sunder Nookala",2020,October,FinTech,Gurgaon,Haryana,India
jumbotail,Ecommerce,Bangalore,91.3,Series B,Nexus Venture Partners And 23 High Networth Individuals (Hnis),2020,October,Ecommerce / Retail,Bangalore,Karnataka,India
winzo,Gaming,Delhi,16.6,Unknown,"Makers Fund, Courtside Ventures",2020,October,Others,Delhi,Delhi,India
mcaffeine,Cosmetics,Mumbai,41.5,Series B,"Rpsg Ventures, Amicus Capital",2020,October,Consumer Goods / D2C,Mumbai,Maharashtra,India
pocket fm,Fm,Bangalore,41.5,Series A,"Times Group, Lightspeed",2020,October,Others,Bangalore,Karnataka,India
freshtohome,Ecommerce,Bangalore,132.8,Unknown,"Ascent Capital, Iron Pillar",2020,October,Ecommerce / Retail,Bangalore,Karnataka,India
jumbotail,Retail,Bangalore,91.3,Series B,"Nexus Venture Partners, Capria Ventures",2020,October,Ecommerce / Retail,Bangalore,Karnataka,India
genius teacher,Edtech,Mumbai,16.6,Unknown,"Sandeep Tandon, Daniel Lapus",2020,October,Enterprise / SaaS,Mumbai,Maharashtra,India
krimanshi feeds,Nutrition Sector,Jodhpur,4.15,Unknown,"Rajasthan Venture Capital Fund, Aim Smart City",2020,October,FoodTech,Jodhpur,Rajasthan,India
origo,Agritech,Gurgaon,33.2,Debt,Northern Arc Capital,2020,October,AgriTech,Gurgaon,Haryana,India
getvantage,Fintech,Mumbai,41.5,Seed,"Samyakth Capital, Venture Catalysts",2020,October,FinTech,Mumbai,Maharashtra,India
betterplace,Technology,Bangalore,83.0,Series B,Jungle Ventures,2020,October,Enterprise / SaaS,Bangalore,Karnataka,India
biddano,Healthcare,Mumbai,4.98,Pre-Series A,Windrose Capital,2020,October,HealthTech,Mumbai,Maharashtra,India
invideo,Video,Mumbai,124.5,Series A,"Base Partners, Sequoia Capital",2020,October,Media / Entertainment / Gaming,Mumbai,Maharashtra,India
arzooo,Retail,Bangalore,62.25,Series A,"3Lines, Jabbar Internet Group",2020,October,Ecommerce / Retail,Bangalore,Karnataka,India
hubilo,Technology,San Francisco,37.35,Seed,"Nishant Rao, Jounknownthan Boutelle",2020,October,Enterprise / SaaS,San Francisco,California,USA
basic home loan,Fintech,Gurgaon,41.5,Seed,Picus Capital,2020,October,FinTech,Gurgaon,Haryana,India
ketos,AI,San Francisco,149.4,Unknown,"Citi Ventures, Illumiunknownted Funds Group",2020,October,Artificial Intelligence,San Francisco,California,USA
sugar cosmetics,Cosmetics,Mumbai,16.6,Debt,"A91 Partners, Rb Investments Pte. Ltd",2020,October,Consumer Goods / D2C,Mumbai,Maharashtra,India
signzy,Fintech,Bangalore,44.82,Unknown,"Gennext Ventures, Contrarian Drishti Partners",2020,October,FinTech,Bangalore,Karnataka,India
tekion,AI,San Ramon,1245.0,Series C,"Alliance Ventures, Storm Ventures",2020,October,Artificial Intelligence,San Ramon,California,USA
brighteye ventures,Edtech,Paris,44.82,Unknown,Tandem,2020,October,Enterprise / SaaS,Paris,,France
ezerx,Medtech,Kolkata,1.66,Seed,"Indian Oil Corporation, Krishunknown Chakravarty",2020,October,HealthTech,Kolkata,West Bengal,India
vitaltech,Heathtech,Plano,24.9,Seed,Tech Mahindra,2020,October,Enterprise / SaaS,Plano,Texas,USA
genius teacher,Edtech,Mumbai,16.6,Unknown,"Whiteboard Capital, Vkg Ventures Llp.",2020,October,Enterprise / SaaS,Mumbai,Maharashtra,India
ultraviolette automotive,Automobiles,Bangalore,33.2,Series B,Tvs Motor Company,2020,October,Mobility / Automotive / EV,Bangalore,Karnataka,India
rare planet,Retail,Kolkata,3.32,Pre-Series A,Venture Catalysts,2020,October,Ecommerce / Retail,Kolkata,West Bengal,India
goodgamer,Gaming,Bangalore,20.75,Seed,Unknown,2020,October,Others,Bangalore,Karnataka,India
innaccel,Medtech,Bangalore,12.45,Pre-Series A,Mount Judi Ventures,2020,October,HealthTech,Bangalore,Karnataka,India
tiliter,Retail,Sydney,62.25,Unknown,"Angellist, Investec",2020,October,Ecommerce / Retail,Sydney,New South Wales,Australia
slintel,Sles And Marketing,San Francisco,34.86,Unknown,"Accel, Stellaris Venture Partners",2020,October,Marketing / AdTech,San Francisco,California,USA
soolegal,Legaltech,Delhi,33.2,Unknown,Unknown,2020,October,Enterprise / SaaS,Delhi,Delhi,India
hobspace,Edtech,Mumbai,1.66,Seed,Artha Venture,2020,October,Enterprise / SaaS,Mumbai,Maharashtra,India
supplynote,SaaS,Noida,4.15,Seed,"Mox, Sosv",2020,October,Enterprise / SaaS,Noida,Uttar Pradesh,India
shopup,Ecommerce,Bangaldesh,182.6,Series A,"Flourish Ventures, Lonsdale Capital",2020,October,Ecommerce / Retail,,,
zomato,Food,Gurgaon,431.6,Unknown,"Kora, Tiger Global Maunknowngement",2020,October,FoodTech,Gurgaon,Haryana,India
dukaan,Technology,Mumbai,49.8,Seed,"Lightspeed, Matrix Partners",2020,October,Enterprise / SaaS,Mumbai,Maharashtra,India
credr,Bike,Mumbai,16.6,Unknown,"Eight Roads Ventures, On Mauritius",2020,October,Mobility / Automotive / EV,Mumbai,Maharashtra,India
satyukt,Agritech,Bangalore,4.15,Seed,"Nabventures, Social Alpha (India)",2020,October,AgriTech,Bangalore,Karnataka,India
tread,Fitness,Bangalore,9.13,Pre-Seed,"Better Capital, Kuunknownl Shah, Gaurav Munjal",2020,October,Enterprise / SaaS,Bangalore,Karnataka,India
anveshan,Food,Bangalore,0.83,Pre-Seed,Titan Capital,2020,October,FoodTech,Bangalore,Karnataka,India
teamonk,Food,Bangalore,7.47,Pre-Series A,"Lead Angels Network, Roots Ventures",2020,October,FoodTech,Bangalore,Karnataka,India
fleetx,Technology,Gurgaon,24.9,Other,"Rohit Bansal, Rohan Raunknownvat",2020,October,Enterprise / SaaS,Gurgaon,Haryana,India
avataa me,Ar,Bangalore,58.1,Series A,Sequoia Capital,2020,October,Others,Bangalore,Karnataka,India
arrival,Ev,London,979.4,Unknown,"Ups Ventures, Hyundai Motor Company",2020,October,Mobility / Automotive / EV,London,,United Kingdom
cover genius,Fintech,Sydney,124.5,Unknown,"King River Capital, Leap Capital",2020,October,FinTech,Sydney,New South Wales,Australia
phononic vibes,Deeptech,Milano,19.09,Unknown,Unknown,2020,October,Enterprise / SaaS,Milan,Lombardy,Italy
clair,Fintech,New York,37.35,Seed,"Upfront Ventures, Walkabout Ventures",2020,October,FinTech,New York,New York,USA
miko,AI,Mumbai,24.9,Other,"Stride Ventures, Yournest Venture Capital",2020,October,Artificial Intelligence,Mumbai,Maharashtra,India
razorpay,Fintech,Bangalore,830.0,Series D,"Tiger Global Maunknowngement, Sequoia Capital",2020,October,FinTech,Bangalore,Karnataka,India
ninjacart,Food,Bangalore,249.0,Unknown,"Syngenta Ventures, Walmart",2020,October,FoodTech,Bangalore,Karnataka,India
wow momo,Food,Kolkata,41.5,Debt,"Tiger Global Maunknowngement, William Bissell",2020,October,FoodTech,Kolkata,West Bengal,India
pepper content,Content,Mumbai,34.86,Series A,"Alok Mittal, Maunknownn Maheshwari",2020,October,Others,Mumbai,Maharashtra,India
livspace,Interior Design,Bangalore,33.2,Debt,"Mercer Investments, Bessemer Venture Partners",2020,October,Real Estate / PropTech,Bangalore,Karnataka,India
acculi labs,Healthcare,Bangalore,4.98,Seed,Startup Basket.,2020,October,HealthTech,Bangalore,Karnataka,India
your md,Healthcare,London,207.5,Unknown,"Orkla Ventures, Smedvig Capital",2020,October,HealthTech,London,,United Kingdom
antaios,Technology,France,91.3,Unknown,Unknown,2020,October,Enterprise / SaaS,,,France
unnati,Agritech,Noida,14.11,Pre-Series A,Nabventures,2020,October,AgriTech,Noida,Uttar Pradesh,India
disprz,Edtech,Chennai,13.28,Other,"Xseed Partners, Innoven Capital",2020,October,Enterprise / SaaS,Chennai,Tamil Nadu,India
uni,Fintech,Mumbai,153.55,Seed,"Lightspeed, Accel",2020,October,FinTech,Mumbai,Maharashtra,India
credit wise capital,Fintech,Mumbai,49.8,Seed,Venture Catalysts,2020,October,FinTech,Mumbai,Maharashtra,India
chargebee,SaaS,San Francisco,456.5,Series F,"Accel, Steadview Capital",2020,October,Enterprise / SaaS,San Francisco,California,USA
reliance retail ventures,Retail,Mumbai,4.82,Unknown,"Silver Lake, Mubadala Investment Company",2020,October,Ecommerce / Retail,Mumbai,Maharashtra,India
winuall,Edtech,Bangalore,16.6,Unknown,"Amit Lakhotia, Akash Gehani",2020,October,Enterprise / SaaS,Bangalore,Karnataka,India
genrobotics,AI,Thiruvananthapuram,2.49,Unknown,Unicorn India Ventures,2020,October,Artificial Intelligence,Thiruvananthapuram,Kerala,India
livve,Rental Space,Cochin,12.45,Seed,Unknown,2020,October,Mobility / Automotive / EV,Kochi,Kerala,India
ergos,Agritech,Samastipur,41.5,Series A,"Aavishkaar Venture Capital, Chiratae Ventures",2020,October,AgriTech,Samastipur,Bihar,India
krishitantra,Soiltech,Hyderabad,8.3,Seed,"Nabventures, Omnivore",2020,October,AgriTech,Hyderabad,Telangana,India
monet networks,AI,Irvine,4.15,Bridge,"Senseai Ventures, Evonexus",2020,October,Artificial Intelligence,Irvine,California,USA
nirogstreet,Ayurveda,Gurgaon,16.6,Pre-Series A,"Wavemaker Partners, Subho Ray",2020,October,Others,Gurgaon,Haryana,India
fanball xi,Gaming,Delhi,8.3,Seed,Foxhog Ventures,2020,October,Others,Delhi,Delhi,India
treebo hotels,Hospitality,Bangalore,49.8,Unknown,"Ramesh Mangaleswaran, Saikiran Krishunknownmurthy",2020,October,HealthTech,Bangalore,Karnataka,India
gps renewables,Cleantech,Bangalore,24.9,Series A,"Triodos, Caspian",2020,October,Enterprise / SaaS,Bangalore,Karnataka,India
public,Social Media,Delhi,249.0,Unknown,"Lee Fixel'S Addition, Sig Global, Tanglin Venture Partners",2020,October,HealthTech,Delhi,Delhi,India
legal salah,Legaltech,Kolkata,8.3,Seed,I2I Capitals,2020,October,Enterprise / SaaS,Kolkata,West Bengal,India
ecostp,Sanitation,Bangalore,157.7,Unknown,Terwilliger Centre,2020,October,Enterprise / SaaS,Bangalore,Karnataka,India
coralogix,SaaS,San Francisco,207.5,Series B,"2B Angels, Janvest Capital Partners",2020,October,Enterprise / SaaS,San Francisco,California,USA
equiwatt,Technology,Newcastle Upon Tyne,2.49,Unknown,Rising Stars,2020,October,Enterprise / SaaS,Newcastle upon Tyne,Tyne and Wear,United Kingdom
reliance retail ventures,Ecommerce,Mumbai,6640.0,Unknown,"General Atlantic, Kohlberg Kravis Roberts",2020,October,Ecommerce / Retail,Mumbai,Maharashtra,India
zhangmen,Edtech,Shanghai,3320.0,Unknown,"Cicc Alpha, Vms Asset Maunknowngement",2020,October,Enterprise / SaaS,Shanghai,,China
agrowave,Agritech,Gurgaon,4.15,Unknown,Sekhar Puli,2020,January,AgriTech,Gurgaon,Haryana,India
shipskart,Ecommerce,Delhi,1.66,Pre-Series A,Betatron,2020,January,Ecommerce / Retail,Delhi,Delhi,India
sapio analytics,Technology,Mumbai,1.25,Unknown,Unknown,2020,January,Enterprise / SaaS,Mumbai,Maharashtra,India
squadstack,Technology,San Francisco,41.5,Series A,"Chiratae Ventures, Blume Ventures",2020,January,Enterprise / SaaS,San Francisco,California,USA
financepeer,Edtech,Mumbai,24.9,Pre-Series A,"Ravi Sanghvi, Pitchright Venture",2020,January,Enterprise / SaaS,Mumbai,Maharashtra,India
cashify,Ecommerce,Gurgaon,83.0,Debt,"Bessemer Venture Partners, Cdh Investments",2020,January,Ecommerce / Retail,Gurgaon,Haryana,India
taimei,Healthcare,Jiaxing,1460.8,Unknown,"Cowin Venture, Zsvc",2020,January,HealthTech,Jiaxing,Zhejiang,China
etrio,Ev,Hyderabad,24.9,Series A,Hnis,2020,January,Mobility / Automotive / EV,Hyderabad,Telangana,India
stayqrious,Edtech,Bangalore,16.6,Seed,Y Combiunknowntor,2020,January,Enterprise / SaaS,Bangalore,Karnataka,India
sunstone eduversity,Edtech,Gurgaon,24.9,Series A,Prime Venture Partners,2020,January,Enterprise / SaaS,Gurgaon,Haryana,India
infilect,SaaS,Bangalore,12.45,Pre-Series A,"Mela Ventures, 1Crowd",2020,January,Enterprise / SaaS,Bangalore,Karnataka,India
avanse financial,Fintech,Mumbai,124.5,Unknown,Interunknowntiounknownl Fiunknownnce Corporation,2020,January,FinTech,Mumbai,Maharashtra,India
samunnati,Agritech,Chennai,166.0,Debt,"Responsability, Accel",2020,January,AgriTech,Chennai,Tamil Nadu,India
yummy,Food,Tangerang,99.6,Series B,"Palm Drive Capital, Amatil X Ventures",2020,January,FoodTech,Tangerang,Banten,Indonesia
industry buying,Ecommerce,Delhi,124.5,Unknown,"Blacksoil, Beenext",2020,January,Ecommerce / Retail,Delhi,Delhi,India
hopscotch,Ecommerce,Mumbai,207.5,Unknown,"Marc Lore, Rise Capital",2020,January,Ecommerce / Retail,Mumbai,Maharashtra,India
smallcase,Fintech,Bangalore,111.22,Series B,"Sequoia Capital, Blume Ventures",2020,January,FinTech,Bangalore,Karnataka,India
pristyn care,Healthcare,Gurgaon,91.3,Unknown,"Sequoia Capital, Hummingbird Ventures",2020,January,HealthTech,Gurgaon,Haryana,India
clairvolex,Technology,Usa,16.6,Debt,"Jf Mauritius Spv, Indusage Partners",2020,January,Enterprise / SaaS,,,USA
woodenstreet,Home Design,Rajastan,8.3,Unknown,"Ian Fund, Rajasthan Venture Capital Fund",2020,January,Others,,Rajasthan,India
acko,Fintech,Mumbai,498.0,Unknown,"Rps Ventures, Intact Ventures",2020,January,FinTech,Mumbai,Maharashtra,India
farmers fresh zone,Agritech,Kochi,3.9,Unknown,"Artha India Ventures, Nagaraja Prakasam",2020,January,AgriTech,Kochi,Kerala,India
assiduus,Ecommerce,Bangalore,8.3,Series A,Vc Firm K Partners,2020,January,Ecommerce / Retail,Bangalore,Karnataka,India
brinton,Healthcare,Usa,10.79,Debt,"India Alterunknowntives Private Equity Fund, Tata Capital",2020,January,HealthTech,,,USA
infurnia,Technology,Bangalore,1.99,Unknown,"Pallav Nadhani, Idein Ventures",2020,January,Enterprise / SaaS,Bangalore,Karnataka,India
afk gaming,Entertainment,Mumbai,1.66,Pre-Series A,Unknown,2020,January,Artificial Intelligence,Mumbai,Maharashtra,India
snowflake,Technology,Usa,0.21,Unknown,"Salesforce Ventures, Dragoneer Investment Group",2020,January,Enterprise / SaaS,,,USA
infarm,Agritech,Berlin,1411.0,Series C,"Bonnier Ventures, Haunknownco Venture Capital",2020,January,AgriTech,Berlin,,Germany
zuper,SaaS,Seattle,9.13,Seed,"Gemba Capital, Gunderson Dettmer",2020,January,Enterprise / SaaS,Seattle,Washington,USA
genietalk,Technology,Indore,6.22,Unknown,Unknown,2020,January,Enterprise / SaaS,Indore,Madhya Pradesh,India
classplus,Edtech,Noida,83.0,Unknown,"Spiral Ventures, Surge",2020,January,Enterprise / SaaS,Noida,Uttar Pradesh,India
mobile premier league,Entertainment,Bangalore,614.2,Unknown,"Sequoia Capital, Times Internet",2020,January,Artificial Intelligence,Bangalore,Karnataka,India
fourth partner energy,Solar Solution,Hyderabad,132.8,Unknown,"Responsability, Grameen Impact India (Giii)",2020,January,Climate / CleanTech / Energy,Hyderabad,Telangana,India
flipkart,Ecommerce,Bangalore,514.6,Unknown,"Tencent Holdings, Walmart",2020,January,Ecommerce / Retail,Bangalore,Karnataka,India
mcaffeine,Personal Care,Mumbai,24.07,Series B,"Rpsg Ventures, Amicus Capital",2020,January,Consumer Goods / D2C,Mumbai,Maharashtra,India
origa,Fintech,Andheri,16.6,Debt,"500 Startups, Ah! Ventures",2020,January,FinTech,Mumbai,Maharashtra,India
gullybuy software,Technology,Pune,4.51,Pre-Series A,Unknown,2020,January,Enterprise / SaaS,Pune,Maharashtra,India
mpl,Entertainment,Bangalore,747.0,Series C,"Base Partners, Go Ventures",2020,January,Artificial Intelligence,Bangalore,Karnataka,India
penny,SaaS,Riyadh,10.79,Seed,Unknown,2020,January,Enterprise / SaaS,Riyadh,,Saudi Arabia
onsitego,Customer,Mumbai,249.0,Series B,"Accel, Zodius Capital",2020,January,Others,Mumbai,Maharashtra,India
vivriti capital,Fintech,Chennai,8.3,Unknown,"Aspada, Creation Investments Capital Maunknowngement, Llc",2020,January,FinTech,Chennai,Tamil Nadu,India
insurancedekho,Fintech,Ludhiana,166.0,Unknown,Girunknownrsoft,2020,January,FinTech,Ludhiana,Punjab,India
bestdoc,Healthcare,Kochi,17.43,Unknown,Unknown,2020,January,HealthTech,Kochi,Kerala,India
byjus,Edtech,Bangalore,4150.0,Unknown,"Owl Ventures, Tiger Global Maunknowngement",2020,January,Enterprise / SaaS,Bangalore,Karnataka,India
smartclean,Technology,Singapore,28.22,Other,"Seeds Capital, Aim Smart City",2020,January,Enterprise / SaaS,,,Singapore
melorra,Jewellery,Bangalore,103.75,Unknown,"Jamshed Jeejeebhoy, Symphony Interunknowntiounknownl Holdings",2020,January,Others,Bangalore,Karnataka,India
clanconnect,Marketing,Delhi,4.98,Seed,Unknown,2020,January,Marketing / AdTech,Delhi,Delhi,India
servify,Industry,Mumbai,190.9,Series C,"Blume Ventures, Tetrao",2020,January,Others,Mumbai,Maharashtra,India
sharechat,Social Media,Bangalore,332.0,Other,"Lightspeed, Saif Partners",2020,January,HealthTech,Bangalore,Karnataka,India
rephraseai,AI,Bangalore,12.45,Seed,"Techstars Bangalore Accelerator, Techstars",2020,January,Artificial Intelligence,Bangalore,Karnataka,India
reliance,Multinational Conglomerate,Mumbai,0.15,Unknown,"Facebook, Google, Kkr, Silver Lake",2020,January,Others,Mumbai,Maharashtra,India
inflexor ventures,Fintech,Mumbai,83.0,Unknown,Unknown,2020,January,FinTech,Mumbai,Maharashtra,India
melorra,Jewellery,Bangalore,67.15,Debt,"Shadows Holdings, Lightbox",2020,January,Others,Bangalore,Karnataka,India
pandorum,Deeptech,Bangalore,42.0,Unknown,"021 Capital, Karunknowntaka Information Technology Venture Capital Fund",2020,January,Enterprise / SaaS,Bangalore,Karnataka,India
fab hotels,Hospitality,Gurgaon,8.55,Series B,"Rb Investments Pte. Ltd, Goldman Sachs",2020,January,HealthTech,Gurgaon,Haryana,India
dream11,Entertainment,Mumbai,1867.5,Unknown,"Steadview Capital, Tencent Holdings",2020,January,Artificial Intelligence,Mumbai,Maharashtra,India
ekanek,Technology,Delhi,41.83,Other,"Lightspeed, Sequoia Capital",2020,January,Enterprise / SaaS,Delhi,Delhi,India
signalx,SaaS,Hyderabad,6.22,Unknown,Unknown,2020,January,Enterprise / SaaS,Hyderabad,Telangana,India
cub mcpaws,Ar,Mumbai,6.64,Pre-Series A,Venture Catalysts,2020,January,Others,Mumbai,Maharashtra,India
zimyo,Hr,Gurgaon,12.45,Seed,"Abhishant Pant, Chiranth Patil",2020,January,HRTech,Gurgaon,Haryana,India
pumpumpum,Automotive,Gurgaon,2.99,Debt,Unknown,2020,January,Mobility / Automotive / EV,Gurgaon,Haryana,India
moms,Healthcare,Gurgaon,66.4,Series B,"Dsg Consumer Partners, Saama Capital",2020,January,HealthTech,Gurgaon,Haryana,India
dillyhub,Publication,Seoul,11.62,Seed,"Kakao Ventures, Shinhan Capital",2020,January,Others,Seoul,,South Korea
jetsynthesys,Technology,Mumbai,332.0,Unknown,"Adar C. Poounknownwalla, Kris Gopalakrishunknownn",2020,January,Enterprise / SaaS,Mumbai,Maharashtra,India
vesta space technology,Technology,Pune,83.0,Unknown,Unknown,2020,January,Enterprise / SaaS,Pune,Maharashtra,India
fpl,Fintech,Pune,83.0,Series A,"Matrix Partners, Hummingbird Ventures",2020,January,FinTech,Pune,Maharashtra,India
fittr,Fitness,Pune,16.6,Pre-Series A,Surge,2020,January,Enterprise / SaaS,Pune,Maharashtra,India
illumnus,Edtech,Pune,0.83,Seed,23 High Networth Individuals (Hnis).,2020,January,Enterprise / SaaS,Pune,Maharashtra,India
cashkaro,Ecommerce,Gurgaon,83.0,Series B,"Ratan Tata, Kalaari Capital",2020,January,Ecommerce / Retail,Gurgaon,Haryana,India
newton school,Edtech,Bangalore,5.39,Seed,Nexus Venture Partners,2020,January,Enterprise / SaaS,Bangalore,Karnataka,India
airmeet,Technology,Bangalore,99.6,Series A,"Global Founders Capital, Redpoint",2020,January,Enterprise / SaaS,Bangalore,Karnataka,India
observe ai,Technology,San Francisco,448.2,Series B,"01 Advisors, Steadview Capital",2020,January,Enterprise / SaaS,San Francisco,California,USA
dozee,Healthcare,Bangalore,13.28,Unknown,Unknown,2020,January,HealthTech,Bangalore,Karnataka,India
incred,Fintech,Mumbai,41.5,Debt,"Pushpak Credit, Fiscal",2020,January,FinTech,Mumbai,Maharashtra,India
rebel foods,Food,Pune,415.0,Unknown,Coatue Maunknowngement,2020,January,FoodTech,Pune,Maharashtra,India
toppr,Edtech,Mumbai,290.5,Series D,"Kaizenvest, Foundation Holdings",2020,January,Enterprise / SaaS,Mumbai,Maharashtra,India
cartrade,Car Trade,Mumbai,352.75,Series H,"Pincus, Jp Morgan, Temasek, March Capital",2020,January,Others,Mumbai,Maharashtra,India
lead school,Edtech,Mumbai,232.4,Series C,"Westbridge Capital, Elevar Equity",2020,January,Enterprise / SaaS,Mumbai,Maharashtra,India
nykaa,Fashion,Mumbai,205.01,Unknown,Steadview Capital,2020,January,Consumer Goods / D2C,Mumbai,Maharashtra,India
ketto,Fintech,Mumbai,63.91,Unknown,"Mumbai Angels, Redcliffe Capital",2020,January,FinTech,Mumbai,Maharashtra,India
servify,Manufacturing,Mumbai,94.37,Series C,"Blume Ventures, Tetrao",2020,January,Others,Mumbai,Maharashtra,India
lido learning,Edtech,Mumbai,62.25,Series B,"Bace Capital, Madhur Deora",2020,January,Enterprise / SaaS,Mumbai,Maharashtra,India
suryoday,Fintech,Mumbai,6.64,Unknown,"Gaja Capital, Kotak Life, Lok Capital",2020,January,FinTech,Mumbai,Maharashtra,India
apnaco,Job Portal,Bangalore,66.4,Series A,"Lightspeed India, Sequoia Capital",2020,January,HRTech,Bangalore,Karnataka,India
sucseed,Fintech,Hyderabad,10.79,Unknown,"Dr. Moti Vyas, Udit Goyal",2020,January,FinTech,Hyderabad,Telangana,India
quintype,Technology,Bangalore,2.7,Series A,"Iifl Asset Maunknowngement, Raghav Bahl",2020,January,Enterprise / SaaS,Bangalore,Karnataka,India
dunzo,Technology,Bangalore,232.4,Series E,"Wes Schwalje, Alteria Capital",2020,January,Enterprise / SaaS,Bangalore,Karnataka,India
unacademy,Edtech,Bangalore,1245.0,Unknown,"Nexus Venture Partners, Sequoia Capital",2020,January,Enterprise / SaaS,Bangalore,Karnataka,India
entropik,AI,Bangalore,66.4,Series A,"Idfcunknownparampara Fund, Bharat Innovation Fund",2020,January,Artificial Intelligence,Bangalore,Karnataka,India
strata,Real Estate,Bangalore,158.26,Unknown,"Propstack, Saif Partners",2020,January,Real Estate / PropTech,Bangalore,Karnataka,India
3one4 capital,Venture Capital,Bangalore,830.0,Unknown,Unknown,2020,January,Enterprise / SaaS,Bangalore,Karnataka,India
livspace,Home Design,Bangalore,74.7,Series D,"Mercer Investments, Nicholas Cator",2020,January,Others,Bangalore,Karnataka,India
ultraviolette automotive,Automation,Bangalore,3.4,Series B,Tvs Motor Company,2020,January,Mobility / Automotive / EV,Bangalore,Karnataka,India
winzo,Gaming,Delhi,149.4,Series B,"Makers Fund, Courtside Ventures",2020,January,Others,Delhi,Delhi,India
sensehawk,Solar Saas,Bangalore,41.5,Series A,"Falcon Edge Capital, Saif Partners",2020,January,Enterprise / SaaS,Bangalore,Karnataka,India
railofy,Wl & Rac Protection,Mumbai,7.47,Seed,Chiratae Ventures.,2020,January,Others,Mumbai,Maharashtra,India
zomato,Food Devlivery,Haryana,514.6,Unknown,"Macritchie Investments, Baillie Gifford",2020,January,FoodTech,,Haryana,India
eloelo,Social Commerce,Bangalore,3.73,Seed,Unknown,2020,January,Ecommerce / Retail,Bangalore,Karnataka,India
aibono,Agritech,Bangalore,16.6,Pre-Series A,"Menterra Venture Advisors, Rianta Capital",2020,January,AgriTech,Bangalore,Karnataka,India
buildpan,SaaS,Indore,4.15,Seed,"Sunil Kumar Singhvi, Yusho Kawata",2020,January,Enterprise / SaaS,Indore,Madhya Pradesh,India
gaana,Entertainment,Gurgaon,423.3,Unknown,"Tencent Holdings, Times Internet",2020,January,Artificial Intelligence,Gurgaon,Haryana,India
homelane,Home Interior,Bangalore,66.4,Bridge,"Accel, Sequoia Capital, Evolvence India, Jsw Ventures",2020,January,Real Estate / PropTech,Bangalore,Karnataka,India
em3 agri,Agritech,Noida,8.3,Unknown,"Global Innovation Fund, Soros Economic Development Fund",2020,January,AgriTech,Noida,Uttar Pradesh,India
myglamm,Fashion,Mumbai,8.3,Series B,Bessemer Venture Partners,2020,January,Consumer Goods / D2C,Mumbai,Maharashtra,India
aviom,Fintech,Delhi,5.66,Debt,"Insitor Partners, C4D Partners",2020,January,FinTech,Delhi,Delhi,India
plum,Cosmetics,Thane,0.95,Unknown,"Rounknownld Conway, Bay Partners",2020,January,Consumer Goods / D2C,Mumbai,Maharashtra,India
odwen,Warehouse,Noida,0.45,Unknown,Prospect Partners.,2020,January,Logistics / Supply Chain,Noida,Uttar Pradesh,India
fasal,Agritech,Bangalore,0.17,Unknown,"Omnivore, Zeroth.Ai",2020,January,AgriTech,Bangalore,Karnataka,India
bankbazaar,Online Financial,Chennai,74.7,Unknown,"Ramesh Srinivasan, Amazon",2020,January,FinTech,Chennai,Tamil Nadu,India
flinto,Edtech,Chennai,58.1,Other,"Siunknowni Ventures, Y Combiunknowntor",2020,January,Enterprise / SaaS,Chennai,Tamil Nadu,India
waycool,Agritech,Chennai,42.0,Series C,"Fmo, Indusind Bank",2020,January,AgriTech,Chennai,Tamil Nadu,India
yap,Api,Chennai,33.62,Series A,"Jitendra Gupta, Better Capital",2020,January,Others,Chennai,Tamil Nadu,India
specsmakers,Eyeglasses,Chennai,24.9,Unknown,Eight Roads Ventures,2020,January,Others,Chennai,Tamil Nadu,India
grinntech,Battery Design,Dehradun,16.6,Unknown,"Ashok Leyland, V Lakshmi Narayaunknownn",2020,January,Others,Dehradun,Uttarakhand,India
big bang boom,Deep,Chennai,8.71,Series A,"Mumbai Angels, Defence Innovation Organisation",2020,January,DeepTech / Hardware,Chennai,Tamil Nadu,India
creditmantri,Online Credit Management,Chennai,6.67,Unknown,"Ranjit Punja, R Sudarshan, Gowri Mukherjee",2020,January,FinTech,Chennai,Tamil Nadu,India
guvi,Edtech,Chennai,6.64,Series A,"Cba Capital, Gray Matters Capital",2020,January,Enterprise / SaaS,Chennai,Tamil Nadu,India
chai waale,Beverage,Chennai,1.98,Unknown,"Guunknownvanth Vaid, Bharat Kumar Sohanraj",2020,January,FoodTech,Chennai,Tamil Nadu,India
blusmart,Electricity,Gurgaon,58.1,Pre-Series A,"Kalpavriksh, Jito Angel Network",2020,January,Enterprise / SaaS,Gurgaon,Haryana,India
deepsync,Technology,Bangalore,2.49,Unknown,Venkat Raju,2020,January,Enterprise / SaaS,Bangalore,Karnataka,India
byjus,Edtech,Bangalore,4150.0,Unknown,"Owl Ventures, Tiger Global Maunknowngement",2020,January,Enterprise / SaaS,Bangalore,Karnataka,India
mpl,Entertainment,Bangalore,415.0,Series B,"Sequoia Capital, Times Internet",2020,January,Artificial Intelligence,Bangalore,Karnataka,India
spoonshot,Fmcg,Bangalore,8.3,Seed,"Sri Capital, Techstars Farm To Fork Accelerator",2020,January,Consumer Goods / D2C,Bangalore,Karnataka,India
reliance retail,Ecommerce,Mumbai,84.83,Unknown,Silver Lake Partners,2020,January,Ecommerce / Retail,Mumbai,Maharashtra,India
pulse,Fintech,Mumbai,6.22,Pre-Series A,Unknown,2020,January,FinTech,Mumbai,Maharashtra,India
groww,Fintech,Bangalore,249.0,Series C,"Y Combiunknowntor, Ribbit Capital",2020,January,FinTech,Bangalore,Karnataka,India
qshala,Edtech,Bangalore,2.49,Unknown,Unknown,2020,January,Enterprise / SaaS,Bangalore,Karnataka,India
pitstop,Car,Bangalore,8.47,Unknown,"Clairvest Group, Ontario Centres Of Excellence",2020,January,Others,Bangalore,Karnataka,India
zomato,Food Devlivery,Haryana,830.0,Unknown,"Macritchie Investments, Baillie Gifford",2020,January,FoodTech,,Haryana,India
i3 systems,Insurance,Mumbai,8.71,Pre-Series A,"Hataunknownka Yosuke, Minomiya Takeo",2020,January,FinTech,Mumbai,Maharashtra,India
soal,Edtech,Mumbai,8.3,Series A,"Krishunknownn Menon, Srinivas Kollipara",2020,January,Enterprise / SaaS,Mumbai,Maharashtra,India
ockypocky,Edtech,Gurgaon,3.32,Seed,"Sucseed Venture Partners, Ah! Ventures",2020,January,Enterprise / SaaS,Gurgaon,Haryana,India
hippo video,Video Personalization,New York,33.2,Series A,"Surge, Kae Capital",2020,January,Media / Entertainment / Gaming,New York,New York,USA
hasura,Software,San Francisco,207.5,Series B,"Nexus Venture Partners, Sam Lambert",2020,January,Enterprise / SaaS,San Francisco,California,USA
qapita,Fintech,Singapore,8.96,Seed,"Alto Partners, Mission Holdings",2020,January,FinTech,,,Singapore
sunday,Fintech,Bangkok,74.7,Other,"Scb 10X, Line Ventures",2020,January,FinTech,Bangkok,,Thailand
phoolco,Biomaterial,Kanpur,11.62,Pre-Series A,Kaplan Foundation,2020,August,BioTech,Kanpur,Uttar Pradesh,India
medlife,Healthcare,Bangalore,56.44,Unknown,Ivy Icon,2020,August,HealthTech,Bangalore,Karnataka,India
idfy,It,Mumbai,17.51,Series A,"Millenunknown Fvci Iii, Nb Ventures, Dream Incubator",2020,August,Enterprise / SaaS,Mumbai,Maharashtra,India
true balance,Fintech,Gurgaon,7.36,Series C,Balancehero,2020,August,FinTech,Gurgaon,Haryana,India
bira91,Craft Beer,Delhi,6.34,Unknown,Anicut Capital,2020,August,Others,Delhi,Delhi,India
max wholesale,Ecommerce,Delhi,5.0,Unknown,"Al Falaj Commercial Investment Co, Vistra Itcl India",2020,August,Ecommerce / Retail,Delhi,Delhi,India
craftsvilla,Ecommerce,Mumbai,3.39,Unknown,Supera Investments,2020,August,Ecommerce / Retail,Mumbai,Maharashtra,India
mechmocha,Entertainment,Bangalore,2.42,Series A,"Accel, Blume Ventures, 3F Ventures, Akatsuki Inc",2020,August,Artificial Intelligence,Bangalore,Karnataka,India
mindhouse,Healthcare,Gurgaon,2.37,Unknown,"Ggv Capital, Sahi Barual",2020,August,HealthTech,Gurgaon,Haryana,India
deepsync,AI,Chandigarh,1.13,Unknown,"Grand Anicut Angel Fund (Gaaf), Al Trust, Beeline Impex Private Limited, 9Unicorns, Accelerator Fund",2020,August,Artificial Intelligence,Chandigarh,Chandigarh,India
eruditus,Edtech,Mumbai,6640.0,Unknown,"Bertelsmann India Investments, Sequoia Capital",2020,August,Enterprise / SaaS,Mumbai,Maharashtra,India
gradeup,Edtech,Noida,4.53,Unknown,"Times Internet, Tlabs",2020,August,Enterprise / SaaS,Noida,Uttar Pradesh,India
tracxn,Investment,Bangalore,7.36,Series B,"Saif Partners, Accel, Sequoia Capital",2020,August,FinTech,Bangalore,Karnataka,India
purple style labs,Fashion,Mumbai,0.36,Unknown,"Jitendra Gupta, Astarc Ventures.",2020,August,Consumer Goods / D2C,Mumbai,Maharashtra,India
prophysio,Healthcare,Bangalore,0.34,Unknown,Nestavera Ventures.,2020,August,HealthTech,Bangalore,Karnataka,India
flickstree,Technology,Mumbai,0.34,Unknown,"Mox, Venture Catalysts",2020,August,Enterprise / SaaS,Mumbai,Maharashtra,India
credolab,Technology,Singapore,58.1,Series A,"Gb Group, Walden Interunknowntiounknownl",2020,August,Enterprise / SaaS,,,Singapore
brickbolt,Construction,Bangalore,18.26,Series A,"Meghunknown Agarwal, Navin Dhanuka",2020,August,Real Estate / PropTech,Bangalore,Karnataka,India
grinntech,Battery Manufacturer,Chennai,16.6,Unknown,"V Sumantran, V Lakshmi Narayaunknownn",2020,August,Others,Chennai,Tamil Nadu,India
6degree,Fashion,Mumbai,2.82,Unknown,"Keiretsu Forum, Sucseed Venture Partners",2020,August,Consumer Goods / D2C,Mumbai,Maharashtra,India
exprs,Nano Distribution,Unknown,46.98,Unknown,"Sweta Rau, Sandeep Kapoor",2020,August,Others,,,
bikayi,Ecommerce,Hyderabad,16.6,Seed,Mantis Ventures,2020,August,Ecommerce / Retail,Hyderabad,Telangana,India
the health,Ai Health,Gurgaon,2.9,Unknown,"Vcats, First Cheque, 9Unicorns, Marquee Investors",2020,August,HealthTech,Gurgaon,Haryana,India
trulymadly matchmakers,Dating,Gurgaon,0.91,Pre-Series A,"Angellist, Inflection Point Ventures, The Chenunknowni Angels",2020,August,Others,Gurgaon,Haryana,India
truefan,Media,Mumbai,35.69,Seed,"Mayfield India, Saama Capital, Ronnie Screwvala",2020,August,HealthTech,Mumbai,Maharashtra,India
byjus,Edtech,Bangalore,1012.6,Unknown,Dst Global,2020,August,Enterprise / SaaS,Bangalore,Karnataka,India
avail finance,Fintech,Bangalore,96.57,Series B,"Alphawave, Matrix Partners",2020,August,FinTech,Bangalore,Karnataka,India
virohan,Healthcare,Gurgaon,23.24,Other,"Keiretsu Forum, Elea Foundation",2020,August,HealthTech,Gurgaon,Haryana,India
verloopio,AI,Unknown,41.5,Unknown,Alpha Wave Incubation,2020,August,Artificial Intelligence,,,
otipy,Agritech/Commerce,Unknown,8.3,Pre-Series A,Inflection Point Ventures,2020,August,AgriTech,,,
lead school,Edtech,Mumbai,232.4,Series C,"Westbridge Capital, Elevar Equity",2020,August,Enterprise / SaaS,Mumbai,Maharashtra,India
trell,Social Ecommerce,Bangalore,91.3,Series A,"Ktb Network, Samsung Ventures, Ankur Nagpal, Gokul Rajaram, Vineet Buch",2020,August,Ecommerce / Retail,Bangalore,Karnataka,India
captain fresh,Food & Logistics,Bangalore,19.09,Pre-Series A,Ankur Capital,2020,August,FoodTech,Bangalore,Karnataka,India
pixxel,Spacetech,Bangalore,41.5,Seed,"Lightspeed, Blume Ventures, Growx Ventures",2020,August,Enterprise / SaaS,Bangalore,Karnataka,India
smarterbiz,Technology,Bangalore,8.84,Pre-Series A,"Startupxseed Ventures, Bhaskar Pramanik, Mj Aravinf, Ravi Viswaunknownth, Ramesh Radhakrishunknownn, Ranjan Biswas, Mj Aniketh.",2020,August,Enterprise / SaaS,Bangalore,Karnataka,India
able jobs,Hr,Bangalore,16.6,Unknown,"Saif Partners, Y Combiunknowntor, Neeraj Arora, Titan Capital, First Cheque.",2020,August,HRTech,Bangalore,Karnataka,India
fpl,Fintech,Pune,83.0,Series A,"Matrix Partners, Sequoia Capital, Hummingbird Ventures",2020,August,FinTech,Pune,Maharashtra,India
masai school,Edtech,Bangalore,20.75,Series A,"Unitus Ventures, India Quotient, Angellist India",2020,August,Enterprise / SaaS,Bangalore,Karnataka,India
mitron,Media,Bangalore,41.5,Series A,Nexus Venture Partners,2020,August,HealthTech,Bangalore,Karnataka,India
daalchini,Iot,Unknown,5.55,Pre-Series A,Artha Venture Fund,2020,August,Others,,,
lendingkart,Fintech,Ahmedabad,133.43,Series D,"Fullerton Fiunknownncial Holdings, Bertelsmann India Investments, Sistema Asia Fund, Indiaquotient",2020,August,FinTech,Ahmedabad,Gujarat,India
text mercato,Other,Bangalore,5.39,Series A,1Crowd,2020,August,Others,Bangalore,Karnataka,India
grayquest,Edtech,Mumbai,8.3,Pre-Series A,Foundation Holdings,2020,August,Enterprise / SaaS,Mumbai,Maharashtra,India
bighaat,Agritech,Bangalore,16.6,Pre-Series A,"Ankur Capital, Beyond Next Ventures",2020,August,AgriTech,Bangalore,Karnataka,India
citycash,Fintech,Mumbai,8.3,Seed,Orios Venture Partners,2020,August,FinTech,Mumbai,Maharashtra,India
homelane,Interior Design,Chennai,8.3,Series D,"Evolvence India Fund (Eif), Pidilite Group, Fj Labs",2020,August,Real Estate / PropTech,Chennai,Tamil Nadu,India
hungerbox,Food,Bangalore,55.61,Series C,Iifl Income Opportunities Fund,2020,August,FoodTech,Bangalore,Karnataka,India
eduvanz,Fintech,Mumbai,41.5,Series A,Sequoia India,2020,August,FinTech,Mumbai,Maharashtra,India
ziploan,Fintech,Delhi,16.6,Unknown,Stride Ventures,2020,August,FinTech,Delhi,Delhi,India
docsumo,AI,Mumbai,1.83,Seed,"Better Capital, Techstars, Barclays.",2020,August,Artificial Intelligence,Mumbai,Maharashtra,India
chingari,Media,Bangalore,10.79,Seed,"Angellist India, Utsav Somani, Village Global, Logx Ventures, Jasminder Singh Gulati",2020,August,HealthTech,Bangalore,Karnataka,India
bolo indya,Media,Gurgaon,2.49,Pre-Series A,"Eagle10 Ventures, India Accelerator, Hnis",2020,August,HealthTech,Gurgaon,Haryana,India
data sutram,AI,Kolkata,2.21,Unknown,"Uday Sodhi, Mitesh Shah, Nitin Jain",2020,August,Artificial Intelligence,Kolkata,West Bengal,India
wobot intelligence,AI,Delhi,20.75,Pre-Series A,Sequoia Capital,2020,August,Artificial Intelligence,Delhi,Delhi,India
drinkprime,Appliance,Bangalore,23.9,Pre-Series A,Sequoia Surge,2020,August,Others,Bangalore,Karnataka,India
infeedo,Hr,Gurgaon,5.81,Unknown,Y Combiunknowntor,2020,August,HRTech,Gurgaon,Haryana,India
rebel foods,Food,Mumbai,219.95,Series E,Coatue Maunknowngement,2020,July,FoodTech,Mumbai,Maharashtra,India
hevo,Technology,Bangalore,66.4,Series A,"Qualgro, Lachy Groom",2020,July,Enterprise / SaaS,Bangalore,Karnataka,India
bigspoon foods,Food,Ahmedabad,16.6,Pre-Series A,"Urmin Family Office, Lemounknownde Ventures, Truevalue Group Md Yash Shah",2020,July,FoodTech,Ahmedabad,Gujarat,India
chingari,Media,Bangalore,8.3,Seed,"Logx Ventures, Angellist’S Utsav Somani, Nowfloats’ Jasminder Singh Gulati, Al Trust (Vistra Itcl), Village Global.",2020,July,HealthTech,Bangalore,Karnataka,India
sharechat,Media,Bangalore,2.91,Unknown,"All About Inc, Beenext Pte Led, Beenos Asia, Dg Ventures, Kaunknownmori Assagement Singapore, Rebright Partners I, Rebright Partners Ii, Tetsuro Koda",2020,July,HealthTech,Bangalore,Karnataka,India
wellcure,Healthcare,Gurgaon,1.66,Unknown,Inflection Point Ventures,2020,July,HealthTech,Gurgaon,Haryana,India
firescore,Gaming,Mumbai,4.15,Unknown,Crazy Labs,2020,July,Others,Mumbai,Maharashtra,India
bulbul,Social Commerce,Gurgaon,72.21,Unknown,Info Edge,2020,July,Ecommerce / Retail,Gurgaon,Haryana,India
toppr,Edtech,Mumbai,388.12,Series D,Foundation Holdings,2020,July,Enterprise / SaaS,Mumbai,Maharashtra,India
pickright,Fintech,Bangalore,1.45,Seed,"Sanjay Mehta, Vikram Pandya, Gaurav Gupta, Vivel Srivatsav, Madhavi Bollipalli, Srinivas Paanem, Satish Bogullu",2020,July,FinTech,Bangalore,Karnataka,India
muse wearables,Technology,Chennai,24.9,Unknown,Dr. Bhaskar Rao Bollineni,2020,July,Enterprise / SaaS,Chennai,Tamil Nadu,India
fourth partner energy,Solar Solution,Bangalore,124.5,Unknown,Responsability Investments Ag,2020,July,Climate / CleanTech / Energy,Bangalore,Karnataka,India
entri,Edtech,Kochi,14.11,Pre-Series A,Good Capital,2020,July,Enterprise / SaaS,Kochi,Kerala,India
mpowered,SaaS,Gurgaon,174.3,Pre-Series A,"Ashok Nichani, Shelly Nichani",2020,July,Enterprise / SaaS,Gurgaon,Haryana,India
ather energy,Automobile,Bangalore,93.3,Series C,Hero Motocorp,2020,July,Mobility / Automotive / EV,Bangalore,Karnataka,India
gigforce,Hr,Bangalore,6.67,Unknown,Unitus Venture,2020,July,HRTech,Bangalore,Karnataka,India
vegrow,Agritech,Bangalore,20.75,Seed,"Matrix Partners, Ankur Capital",2020,July,AgriTech,Bangalore,Karnataka,India
bijnis,B2B,Unknown,83.0,Series A,"Sequoia Capital, Matrix Partners, Infoedge, Waterbridge Ventures",2020,July,Enterprise / SaaS,,,
inurture,Edtech,Bangalore,11.12,Unknown,Blacksoil Capital,2020,July,Enterprise / SaaS,Bangalore,Karnataka,India
styledotme,Fashion,Gurgaon,3.88,Pre-Series A,Survam Partners,2020,July,Consumer Goods / D2C,Gurgaon,Haryana,India
ripsey,Nutrition,Mumbai,1.1,Unknown,Ah! Ventures,2020,July,FoodTech,Mumbai,Maharashtra,India
vedantu,Edtech,Bangalore,830.0,Series D,Coatue,2020,July,Enterprise / SaaS,Bangalore,Karnataka,India
magicpin,Other,Gurgaon,58.1,Series D,Samsung Venture Investment Corporation,2020,July,Others,Gurgaon,Haryana,India
procol,Agritech,Delhi,31.73,Unknown,Sequoia Surge,2020,July,AgriTech,Delhi,Delhi,India
yumlane,Cloud Kitchen,Mumbai,8.3,Pre-Series A,Jetty Ventures,2020,July,FoodTech,Mumbai,Maharashtra,India
crio,Edtech,Bangalore,7.75,Unknown,021 Capital,2020,July,Enterprise / SaaS,Bangalore,Karnataka,India
openapp,Iot,Bangalore,4.15,Unknown,Unicorn India Ventures,2020,July,Others,Bangalore,Karnataka,India
pumpumpum,Iot/Automobile,Gurgaon,2.43,Unknown,Letsventure Syndicate,2020,July,Mobility / Automotive / EV,Gurgaon,Haryana,India
arth designbuild,Construction,Hyderebad,9.13,Unknown,"Startupunknowno, Eden Ventures",2020,July,Real Estate / PropTech,Hyderabad,Telangana,India
godutch,Fintech,Mumbai,14.11,Seed,"Matrix India, Y Combiunknowntor, Global Founders Capital, Soma Capital, Venturesouq",2020,July,FinTech,Mumbai,Maharashtra,India
parksmart,Iot,Delhi,1.64,Unknown,Ah! Ventures,2020,July,Others,Delhi,Delhi,India
plum,Healthcare,Bangalore,7.69,Seed,Incubate Fund,2020,July,HealthTech,Bangalore,Karnataka,India
incnut digital,Ecommerce,Hyderabad,33.2,Series A,Rpsg Ventures,2020,July,Ecommerce / Retail,Hyderabad,Telangana,India
gigindia,Technology,Pune,8.06,Pre-Series A,Incubate Fund India,2020,July,Enterprise / SaaS,Pune,Maharashtra,India
specsmaker,Eye Wear,Chennai,25.4,Unknown,Eight Road Ventures,2020,July,Others,Chennai,Tamil Nadu,India
piggy ride,SaaS,Bangalore,15.45,Pre-Series A,"Jafco Asia, Artha Venture Fund",2020,July,Enterprise / SaaS,Bangalore,Karnataka,India
chai waale,Beverage,Chennai,1.93,Unknown,"Tharun Dhariwal, Sunil Kumar Singhvi, Arun Ostwal, Vishal Ostwal, Guunknownvanth Vaid, Bharat Kumar",2020,July,FoodTech,Chennai,Tamil Nadu,India
cuemath,Edtech,Bangalore,23.97,Series B,Trifecta Capital,2020,July,Enterprise / SaaS,Bangalore,Karnataka,India
cars24,Automobile,Gurgaon,11.02,Unknown,Vivriti Capital,2020,July,Mobility / Automotive / EV,Gurgaon,Haryana,India
jetsynthesys,Digital,Pune,332.0,Unknown,"Adar Poounknownwalla, Kris Gopalakrishunknownn",2020,July,Enterprise / SaaS,Pune,Maharashtra,India
blue sky analytics,Data Intelligence,Gurgaon,9.96,Seed,"Beenext, Rainmatter Capital Pvt Ltd, Stanford Angels, Entrepreneurs",2020,July,Analytics / Big Data,Gurgaon,Haryana,India
decentro,Fintech,Bangalore,128.65,Series A,Y Combiunknowntor,2020,July,FinTech,Bangalore,Karnataka,India
zolostays,Coliving,Bangalore,464.8,Series C,"Investcorp, Nexus Venture Partners, Mirae Assets, Trifecta Capital",2020,July,Others,Bangalore,Karnataka,India
frontier markets,Ecommerce,Jaipur,18.68,Pre-Series A,"Engie Rassembleurs D'Energies, The Rise Fund, And The Singh Family Trusts, Teja Ventures, Beyond Capital Fund.",2020,July,Ecommerce / Retail,Jaipur,Rajasthan,India
aye finance,Fintech,Gurgaon,139.05,Series E,Invest In Vision,2020,July,FinTech,Gurgaon,Haryana,India
paper boat,Food,Gurgaon,30.71,Unknown,"Sofiunknown Ventures, A91 Emerging Fund, Sci Growth Investment Ii, Catamarann Ventures",2020,July,FoodTech,Gurgaon,Haryana,India
ken42,Edtech,Bangalore,12.2,Unknown,Turbostart,2020,July,Enterprise / SaaS,Bangalore,Karnataka,India
forbidden foods,Food,Delhi,8.3,Seed,"Globevestor, Secocha Ventures, First Cheque Vc, Kashyap Deorah, Vijay Sivaram",2020,July,FoodTech,Delhi,Delhi,India
universal sportsbiz,Fashion,Bangalore,4.4,Unknown,Nb Ventures,2020,July,Consumer Goods / D2C,Bangalore,Karnataka,India
gobbly,Retail,Gurgaon,4.15,Seed,Sauce Vc,2020,July,Ecommerce / Retail,Gurgaon,Haryana,India
mitron,Media,Bangalore,2.22,Seed,"3One4 Capital, Letsventure",2020,July,HealthTech,Bangalore,Karnataka,India
bulk mro,B2B,Mumbai,27.76,Unknown,Stride Ventures,2020,July,Enterprise / SaaS,Mumbai,Maharashtra,India
inspektlabs,AI,Delhi,4.98,Pre-Series A,"Better Capital, Titan Capital",2020,July,Artificial Intelligence,Delhi,Delhi,India
big bang boom,Defense,Chennai,8.3,Series A,Mumbai Angels Network,2020,July,Cybersecurity,Chennai,Tamil Nadu,India
flinto,Edtech,Chennai,59.76,Other,Lightbox Ventures,2020,July,Enterprise / SaaS,Chennai,Tamil Nadu,India
zetwerk,Technology,Bangalore,174.3,Series C,Greenoaks,2020,July,Enterprise / SaaS,Bangalore,Karnataka,India
chitmonks,Fintech,Hyderabad,5.39,Pre-Series A,Unicorn India Ventures,2020,July,FinTech,Hyderabad,Telangana,India
high street essentials,Ecommerce,Delhi,22.77,Other,"Saif Partners, India Quotient",2020,June,Ecommerce / Retail,Delhi,Delhi,India
bombay play,Gaming,Bangalore,12.45,Pre-Series A,"Leo Capital, Ramakant Sharma",2020,June,Others,Bangalore,Karnataka,India
fullife,Healthcare,Mumbai,54.85,Unknown,Amansa Capital,2020,June,HealthTech,Mumbai,Maharashtra,India
oziva,Nutrition,Unknown,41.5,Series A,Matrix Partners,2020,June,FoodTech,,,
aye finance,Fintech,Gurgaon,229.91,Series E,"Capital G, Alphabet'S Independent Growth Fund",2020,June,FinTech,Gurgaon,Haryana,India
91springboard,Coworking,Delhi,49.3,Unknown,"Pearl Brook Holdings Ltd, Al Nour Interunknowntiounknownl Holdings Co.",2020,June,Others,Delhi,Delhi,India
yulu,Micromobiity,Unknown,32.9,Unknown,Rocketship,2020,June,Enterprise / SaaS,,,
mergerdomo,Technology,Noida,1.64,Unknown,"Nadir Godrej, Individual Investors",2020,June,Enterprise / SaaS,Noida,Uttar Pradesh,India
milk mantra,Food,Odisha,83.0,Unknown,Us Interunknowntiounknownl Development Fiunknownnce Corporation,2020,June,FoodTech,,Odisha,India
myglamm,Beauty,Mumbai,35.91,Unknown,"Tano India, L’Occitane, Bessemer",2020,June,Consumer Goods / D2C,Mumbai,Maharashtra,India
drishti,AI,Bangalore,207.5,Series B,Sozo Ventures,2020,June,Artificial Intelligence,Bangalore,Karnataka,India
instasolv,Edtech,Noida,16.6,Pre-Series A,Unknown,2020,June,Enterprise / SaaS,Noida,Uttar Pradesh,India
goldenpi,Fintech,Bangalore,3.81,Unknown,Rainmatter Capital,2020,June,FinTech,Bangalore,Karnataka,India
jai kisan,Fintech,Mumbai,32.68,Pre-Series A,"Arkam Ventures, Nabventures",2020,June,FinTech,Mumbai,Maharashtra,India
crimson healthcare,Med,Delhi,1.91,Unknown,Mumbai Angels Network,2020,June,HealthTech,Delhi,Delhi,India
edvizo,Edtech,Bangalore,1.25,Seed,Inflection Point Ventures,2020,June,Enterprise / SaaS,Bangalore,Karnataka,India
servify,SaaS,Mumbai,94.37,Series C,"Iron Pillar, Blume Ventures",2020,June,Enterprise / SaaS,Mumbai,Maharashtra,India
drum food,Food,Mumbai,44.03,Unknown,"Danone Manifesto, Mousse Partners",2020,June,FoodTech,Mumbai,Maharashtra,India
jiffy ai,AI,Unknown,149.4,Series A,Nexus Venture Partners,2020,June,Artificial Intelligence,,,
postman,Technology,Unknown,1245.0,Series C,Insight Partners,2020,June,Enterprise / SaaS,,,
waycool,Agritech,Chennai,45.65,Series C,Induslnd Bank,2020,June,AgriTech,Chennai,Tamil Nadu,India
hapramp,Blockchain,Gurgaon,8.3,Unknown,Aunknownnd Mahindra,2020,June,Artificial Intelligence,Gurgaon,Haryana,India
healthplix,Healthcare,Bangalore,49.8,Series B,"Jsw Ventures, Chiratae Ventures, Kalaari Capital",2020,June,HealthTech,Bangalore,Karnataka,India
yolobus,Mobility/Transport,Gurgaon,27.39,Series A,Nexus Venture Partners,2020,June,Enterprise / SaaS,Gurgaon,Haryana,India
inurture education,Edtech,Unknown,33.2,Unknown,Kimera Ltd,2020,June,Enterprise / SaaS,,,
pocket52,Gaming,Bangalore,14.53,Series A,Gameskraft,2020,June,Others,Bangalore,Karnataka,India
quaqua,Travel,Hyderabad,8.3,Unknown,Anthill Ventures,2020,June,Travel / Hospitality,Hyderabad,Telangana,India
crofarm,Agritech,Delhi,8.3,Unknown,Smile Group,2020,June,AgriTech,Delhi,Delhi,India
wooden street,Ecommerce,Jaipur,24.9,Series A,Ian Fund,2020,June,Ecommerce / Retail,Jaipur,Rajasthan,India
bankbazaar,Fintech,Chennai,49.53,Series D,Wsv Capital,2020,June,FinTech,Chennai,Tamil Nadu,India
rentmojo,Rental,Bangalore,24.73,Unknown,"Gautam Dalmia, Pratithi Investment Trust, Shri Investment",2020,June,Mobility / Automotive / EV,Bangalore,Karnataka,India
knorish,SaaS,Delhi,2.68,Pre-Series A,100X Vc,2020,June,Enterprise / SaaS,Delhi,Delhi,India
letstransport,Logitech,Bangalore,11.01,Unknown,Black Soil,2020,June,Enterprise / SaaS,Bangalore,Karnataka,India
cube wealth,SaaS,Mumbai,4.15,Other,"Beenext, Asuka Holding",2020,June,Enterprise / SaaS,Mumbai,Maharashtra,India
ola financial,Fintech,Bangalore,224.1,Series A,Matrix Partners,2020,May,FinTech,Bangalore,Karnataka,India
awifs,Coworking,Delhi,43.16,Unknown,"Bisque Limited, Link Investment Trust.",2020,May,Others,Delhi,Delhi,India
toch,AI,Mumbai,8.3,Pre-Series A,"Chiunknownccelerator, 9 Unicorns Fund, Inflection Point Ventures",2020,May,Artificial Intelligence,Mumbai,Maharashtra,India
leap club,Other,Gurgaon,2.82,Pre-Seed,"Whiteboard Capital, Firstcheque, Artha India Ventures, Sweta Rau, Deepak Abbot, Amrish Rau, Harpreet Singh Grover",2020,May,Others,Gurgaon,Haryana,India
xtracap,Fintech,Gurgaon,8.3,Unknown,Angel Investors,2020,May,FinTech,Gurgaon,Haryana,India
khatabook,Fintech,Bangalore,498.0,Series B,B Capital Group,2020,May,FinTech,Bangalore,Karnataka,India
lendingkart,Fintech,Ahmedabad,94.31,Series D,"Fullerton Fiunknownncial Holdings, Bertelsmann India Investments, Sistema Asia Fund, Indiaquotient",2020,May,FinTech,Ahmedabad,Gujarat,India
illumnus,Edtech,Unknown,0.83,Seed,Angel Investors. Hni,2020,May,Enterprise / SaaS,,,
letstransport,Logitech,Bangalore,14.23,Unknown,Innoven Capital,2020,May,Enterprise / SaaS,Bangalore,Karnataka,India
eggoz,Agritech,Bihar,2.73,Seed,"Tracxn Labs, Angellist, Triunknowndeep Capital",2020,May,AgriTech,,Bihar,India
indian school finance,Fintech,Hyderabad,43.75,Seed,Gray Matters Capital,2020,May,FinTech,Hyderabad,Telangana,India
juicy chemistry,Other,Unknown,5.39,Series A,Akya Ventures,2020,May,Others,,,
sindhuja microcredit,Fintech,Noida,72.21,Unknown,Nordic Microfiunknownnce Initiative,2020,May,FinTech,Noida,Uttar Pradesh,India
rentmojo,Rental,Bangalore,26.78,Unknown,"Chiratae Ventures, Accel, Bcip Venture Associates, Bain Capital, Reunknownud Laplanche",2020,May,Mobility / Automotive / EV,Bangalore,Karnataka,India
intello labs,Supply Agritech,Gurgaon,48.97,Series A,Saama Capital,2020,May,AgriTech,Gurgaon,Haryana,India
sirionlabs,SaaS,Gurgaon,365.2,Series C,"Tiger Global, Avatar Growth Capital",2020,May,Enterprise / SaaS,Gurgaon,Haryana,India
magicpin,Other,Gurgaon,32.2,Unknown,Lightspeed,2020,May,Others,Gurgaon,Haryana,India
refrens,SaaS,Bangalore,8.3,Seed,"Vijay Shekhar Sharma, Anupam Mittal",2020,May,Enterprise / SaaS,Bangalore,Karnataka,India
shiprocket,Logitech,Unknown,107.9,Series C,"Tribe Capital, Innoven Capital, Bii",2020,May,Enterprise / SaaS,,,
nykaa,Ecommerce,Mumbai,73.04,Unknown,Steadview Capital,2020,May,Ecommerce / Retail,Mumbai,Maharashtra,India
phable,Healthcare,Unknown,8.3,Pre-Series A,Inflection Point Ventures,2020,May,HealthTech,,,
mintoak,Fintech,Mumbai,16.6,Pre-Series A,Pravega Ventures,2020,May,FinTech,Mumbai,Maharashtra,India
vestspace,Spacetech,Pune,83.0,Unknown,Next Capital,2020,May,Enterprise / SaaS,Pune,Maharashtra,India
vernacular ai,AI,Bangalore,42.33,Series A,"Exfinity Ventures, Ian Fund",2020,May,Artificial Intelligence,Bangalore,Karnataka,India
clover,Agritech,Bangalore,7.64,Unknown,Alteria Capital,2020,May,AgriTech,Bangalore,Karnataka,India
varthana,Fintech,Bangalore,124.5,Series D,Chryscapital,2020,May,FinTech,Bangalore,Karnataka,India
rooter,Gaming,Delhi,14.11,Pre-Series A,"Paytm, Lead Sports, Rockstud Capital, Founder Bank Capital",2020,May,Others,Delhi,Delhi,India
dailyhunt,Media,Unknown,295.48,Unknown,Lupa India,2020,May,HealthTech,,,
pratilipi,Media,Bangalore,78.02,Series C,Tencent,2020,May,HealthTech,Bangalore,Karnataka,India
biryani by kilo,Food,Delhi,6.56,Series B,"Devanshu Dolat Desai, Aunknownnd M Khatau, Debasish Priyadarshi Purohit, Kaushik Shanghvi",2020,May,FoodTech,Delhi,Delhi,India
consure medical,Healthcare,Delhi,3.98,Unknown,"Accel, Jungle Ventures",2020,May,HealthTech,Delhi,Delhi,India
servify,Other,Mumbai,2.08,Unknown,Barkawi,2020,May,Others,Mumbai,Maharashtra,India
tessol,Logistics,Mumbai,1.33,Series A,1Funds Domestic Scheme,2020,May,Logistics / Supply Chain,Mumbai,Maharashtra,India
pedagogy,Edtech,Unknown,3.32,Unknown,Inflection Point Ventures,2020,May,Enterprise / SaaS,,,
classplus,Edtech,Delhi,68.06,Series B,Rtp Global,2020,May,Enterprise / SaaS,Delhi,Delhi,India
medlife,Pharmaceutical,Bangalore,128.65,Unknown,Hero Fincorp,2020,May,HealthTech,Bangalore,Karnataka,India
mysun,Technology,Delhi,35.33,Pre-Series A,Unknown,2020,April,Enterprise / SaaS,Delhi,Delhi,India
shopx,Ecommerce,Bangalore,11.7,Unknown,Li And Fung,2020,April,Ecommerce / Retail,Bangalore,Karnataka,India
newsbytes,Digital Media,Gurgaon,12.45,Series A,North Base Media,2020,April,HealthTech,Gurgaon,Haryana,India
wagonfly,Other,Bangalore,4.15,Unknown,Investment Trust Of India,2020,April,Others,Bangalore,Karnataka,India
nira,Fintech,Unknown,17.43,Pre-Series A,Angel Investors,2020,April,FinTech,,,
convosight,Data Analytics,Hyderabad,33.2,Pre-Series A,"Ivycap Ventures, Sequoia Capital",2020,April,Analytics / Big Data,Hyderabad,Telangana,India
fittr,Fitness,Pune,16.6,Unknown,"Sequoia Capital Surge, Better Capital",2020,April,Enterprise / SaaS,Pune,Maharashtra,India
bira91,Beverage,Bangalore,166.0,Series C,"Sequoia Capital, Sofiunknown",2020,April,FoodTech,Bangalore,Karnataka,India
daily ninja,Ecommerce,Haryana,2.9,Unknown,Big Basket,2020,April,Ecommerce / Retail,,Haryana,India
guvi geek network,Edtech,Chennai,6.52,Pre-Series A,Education Catalyst Fund,2020,April,Enterprise / SaaS,Chennai,Tamil Nadu,India
loadshare,Logistics,Bangalore,16.63,Series B,Cdc Group,2020,April,Logistics / Supply Chain,Bangalore,Karnataka,India
vedantu,Edtech,Bangalore,56.44,Series C,Kb Global Platform Firm,2020,April,Enterprise / SaaS,Bangalore,Karnataka,India
indusface,It,Unknown,41.5,Unknown,Tata Capital Growth Fund Ii,2020,April,Enterprise / SaaS,,,
dmi,Fintech,Delhi,1020.9,Unknown,Nxc Corporation,2020,April,FinTech,Delhi,Delhi,India
spintly,Iot,Goa,2.06,Pre-Series A,Saltwater Venture Sparks,2020,April,Others,Panaji,Goa,India
bijak,Agritech,Gurgaon,99.6,Series A,Rtp Global,2020,April,AgriTech,Gurgaon,Haryana,India
bugworks,Biopharma,Bangalore,62.25,Unknown,"University Of Tokyo Edge Capital, Global Brain Corporation",2020,April,HealthTech,Bangalore,Karnataka,India
yap,Fintech,Chennai,37.35,Series A,Beenext,2020,April,FinTech,Chennai,Tamil Nadu,India
nobroker,Real Estate,Bangalore,249.0,Unknown,General Atlantic,2020,April,Real Estate / PropTech,Bangalore,Karnataka,India
box8,Food,Mumbai,33.2,Unknown,"Iifl Seed Ventures Fund, Menlo Park",2020,April,FoodTech,Mumbai,Maharashtra,India
capital float,Fintech,Bangalore,124.5,Unknown,"Ribbit Capital, Saif Partners, Sequoia Capital, Amazon",2020,April,FinTech,Bangalore,Karnataka,India
itilite,Travel & Saas,Bangalore,107.9,Series B,"Greenoaks Capital, Vy Capital. Matrix Partners India",2020,April,Enterprise / SaaS,Bangalore,Karnataka,India
aavenir,SaaS,Ahmedabad,16.6,Seed,Accel,2020,April,Enterprise / SaaS,Ahmedabad,Gujarat,India
yellow messenger,AI,Bangalore,166.0,Series B,"Lightspeed, Lightspeed",2020,April,Artificial Intelligence,Bangalore,Karnataka,India
setu,Fintech,Unknown,118.35,Series A,"Lightspeed Venture, Falcon Edge, Bharat Inclusive Technologies Seed Fund.",2020,April,FinTech,,,
rebel foods,Food,Unknown,415.0,Unknown,Coatue Maunknowngement,2020,April,FoodTech,,,
bankbazaar,Fintech,Chennai,31.54,Series D,"Amazon, Sequoia Capital, Walden Skt Venture Fund",2020,April,FinTech,Chennai,Tamil Nadu,India
porter,Logistics,Mumbai,152.47,Series D,Lightstone Global Funds,2020,April,Logistics / Supply Chain,Mumbai,Maharashtra,India
sugarbox,Technology,Mumbai,568.76,Unknown,Zee Entertainment Enterprises Limited,2020,April,Enterprise / SaaS,Mumbai,Maharashtra,India
capital float,Fintech,Bangalore,39.84,Series F,"Amazon Inc`, Dinesh J Hinduja",2020,April,FinTech,Bangalore,Karnataka,India
amica,Fintech,Unknown,16.6,Unknown,"Hummingbird Ventures, Bedrock Capital",2020,April,FinTech,,,
vedantu,Edtech,Bangalore,103.75,Series C,Legend Capital,2020,April,Enterprise / SaaS,Bangalore,Karnataka,India
fingerlix,Food,Unknown,15.22,Unknown,"Accel, Zephyr Peacock, Swiggy, Rb Investments.",2020,April,FoodTech,,,
zupee,Gaming,Unknown,66.4,Series A,Matrix Partners,2020,April,Others,,,
lido learning,Edtech,Mumbai,62.25,Series B,Bace Capital,2020,April,Enterprise / SaaS,Mumbai,Maharashtra,India
aye finance,Fintech,Gurgaon,197.96,Unknown,Unknown,2020,April,FinTech,Gurgaon,Haryana,India
swiggy,Food,Bangalore,356.9,Series A,"Tencent, Ark Impact, Korea Investment Partners, Samsung Ventures, Mirae Asset Capital Markets",2020,April,FoodTech,Bangalore,Karnataka,India
zomato,Food,Gurgaon,41.5,Unknown,Pacific Horizon,2020,April,FoodTech,Gurgaon,Haryana,India
rara delivery,Logistics,Unknown,6.64,Seed,"Der Shing Lim, 500 Startups",2020,April,Logistics / Supply Chain,,,
fingpay,Fintech,Mumbai,29.05,Series A,Ivycap Ventures,2020,April,FinTech,Mumbai,Maharashtra,India
recko,SaaS,Bangalore,49.8,Series A,Vertex Ventures,2020,April,Enterprise / SaaS,Bangalore,Karnataka,India
furlenco,Ecommerce,Bangalore,83.0,Unknown,"Chowdry Associates, Lightbox",2020,April,Ecommerce / Retail,Bangalore,Karnataka,India
mera cashier,Fintech,Noida,1.25,Unknown,"Sukhbir Singh, India Accelerator, Boudhik Ventures, Shankar Nath, Shaurya Garg",2020,April,FinTech,Noida,Uttar Pradesh,India
kitchens centre,Other,Delhi,4.15,Seed,Angellist India,2020,April,Others,Delhi,Delhi,India
camp k12,Edtech,Gurgaon,33.2,Seed,"Matrix Partners, Saif Partners",2020,April,Enterprise / SaaS,Gurgaon,Haryana,India
medgenome,Healthcare,Bangalore,456.5,Series D,Leapfrog Investments,2020,April,HealthTech,Bangalore,Karnataka,India
ergos,Agritech,Bangalore,38.16,Unknown,Aavishkar Capital,2020,April,AgriTech,Bangalore,Karnataka,India
nykaa,Ecommerce,Mumbai,109.04,Unknown,Steadview Capital,2020,April,Ecommerce / Retail,Mumbai,Maharashtra,India
lido learning,Edtech,Mumbai,24.9,Unknown,"Pecus Capital, Madhur Deora",2020,March,Enterprise / SaaS,Mumbai,Maharashtra,India
design x,Iot,Noida,1.66,Seed,Thinknext Llc,2020,March,Others,Noida,Uttar Pradesh,India
imstrong,Fitness,Bangalore,3.32,Seed,Rainmatter,2020,March,Enterprise / SaaS,Bangalore,Karnataka,India
craftsvilla,Technology,Mumbai,32.37,Unknown,Supera Investments,2020,March,Enterprise / SaaS,Mumbai,Maharashtra,India
coindcx,Fintech,Unknown,24.9,Series A,"Polychain Capital, Bain Capital Ventures, Hdr Group",2020,March,FinTech,,,
nunu tv,Media,Unknown,5.56,Unknown,Risers Accelerators,2020,March,HealthTech,,,
excess2sell,Ecommerce,Mumbai,8.3,Unknown,Gautham Madhavan,2020,March,Ecommerce / Retail,Mumbai,Maharashtra,India
pitstop,Automobile,Bangalore,20.75,Series A,Tpgunknownbacked Group Landmark,2020,March,Mobility / Automotive / EV,Bangalore,Karnataka,India
univariety,Edtech,Hyderabad,9.13,Unknown,Info Edge,2020,March,Enterprise / SaaS,Hyderabad,Telangana,India
vivriti capital,Fintech,Chennai,415.0,Series B,Lgt Lightstone Aspada,2020,March,FinTech,Chennai,Tamil Nadu,India
agnikul,Spacetech,Chennai,26.13,Pre-Series A,Pi Ventures,2020,March,Enterprise / SaaS,Chennai,Tamil Nadu,India
smart coin,Fintech,Unknown,58.1,Series A,Lgt Lightstoneaspada,2020,March,FinTech,,,
zunroof,Cleantech,Gurgaon,24.9,Series A,Godrej Investments,2020,March,Enterprise / SaaS,Gurgaon,Haryana,India
shop101,Social Ecommerce,Unknown,32.37,Series C,"Stellaris Venture Partners, Unilever Ventures, Kalaari Capital, Vy Capital",2020,March,Ecommerce / Retail,,,
lal10,B2B,Uttar Pradesh,9.13,Unknown,Sorenson Impact,2020,March,Enterprise / SaaS,,Uttar Pradesh,India
multi living,Real Estate,Mumbai,49.8,Unknown,Lodha Ventures,2020,March,Real Estate / PropTech,Mumbai,Maharashtra,India
fampay,Fintech,Bangalore,39.01,Seed,"Y Combiunknowntor, Venture Highway, Sequoia India, Global Founders Capital",2020,March,FinTech,Bangalore,Karnataka,India
unboxrobotics labs,Automation,Bangalore,4.15,Seed,"Arali Ventures, Ciie.Co",2020,March,Mobility / Automotive / EV,Bangalore,Karnataka,India
karbon card,Fintech,Bangalore,16.6,Seed,"Kuunknownl Shah, Amrish Rau, Jitendra Gupta",2020,March,FinTech,Bangalore,Karnataka,India
innerchef,Food,Gurgaon,8.3,Unknown,Mistletoe,2020,March,FoodTech,Gurgaon,Haryana,India
epigamia,Fmcg,Mumbai,0.26,Series C,Ka Enterprise,2020,March,Consumer Goods / D2C,Mumbai,Maharashtra,India
paper boat,Food,Bangalore,33.61,Unknown,"Advent Maunknowngement, A91 Emerging Fund, Trifecta Venture",2020,March,FoodTech,Bangalore,Karnataka,India
salesken,Ai & Data Science,Bangalore,66.4,Series A,Sequoia India,2020,March,Artificial Intelligence,Bangalore,Karnataka,India
arya,Agritech,Noida,49.8,Series B,Lgt Lightstone Aspada,2020,March,AgriTech,Noida,Uttar Pradesh,India
leap finance,Fintech,Bangalore,45.65,Unknown,Sequoia India,2020,March,FinTech,Bangalore,Karnataka,India
tricog,Healthcare,Bangalore,87.15,Series B,"Utecunknownthe University Of Tokyo Edge Capital, Aflac Ventures, Llc, Dream Incubator, Teamfund",2020,March,HealthTech,Bangalore,Karnataka,India
trell,Social Ecommerce,Bangalore,33.2,Pre-Series A,"Sequoia’S Surge, Fosun Rz",2020,March,Ecommerce / Retail,Bangalore,Karnataka,India
spaciya consultants,Real Estate,Noida,4.15,Pre-Series A,Alok Garg,2020,March,Real Estate / PropTech,Noida,Uttar Pradesh,India
bounce,Automotive And Rentals,Bangalore,53.95,Unknown,Innoven Capital,2020,March,Mobility / Automotive / EV,Bangalore,Karnataka,India
neeman,Ecommerce,Unknown,8.3,Pre-Series A,Anicut Angel Fund,2020,March,Ecommerce / Retail,,,
chqbook,Fintech,Gurgaon,41.5,Series A,Aavishkaar Capital,2020,March,FinTech,Gurgaon,Haryana,India
smecorner,Fintech,Mumbai,249.0,Series B,Paragon Partners,2020,March,FinTech,Mumbai,Maharashtra,India
spinny,Ecommerce,Haryana,362.71,Series B,"Nandan Nilekani, Sanjeev Aggarwal",2020,March,Ecommerce / Retail,,Haryana,India
vogo,Automotive,Bangalore,166.0,Series C,Lightstone Aspada,2020,February,Mobility / Automotive / EV,Bangalore,Karnataka,India
flick stree,Ai & Media,Mumbai,24.9,Series A,Samsung Venture Investment,2020,February,HealthTech,Mumbai,Maharashtra,India
josh talks,Media,Haryana,12.45,Pre-Series A,Media Development Investment Fund,2020,February,HealthTech,,Haryana,India
railyatri,Travel,Noida,114.54,Unknown,"Nandan Nilekani, Samsung Venture Investment Corporation",2020,February,Travel / Hospitality,Noida,Uttar Pradesh,India
ajnalens,Deeptech,Thane,12.45,Pre-Series A,"Maharashtra Defence, Aerospace Venture Fund (Mdavf)",2020,February,Enterprise / SaaS,Mumbai,Maharashtra,India
rupeek,Fintech,Bangalore,249.0,Unknown,"Ggv Capital, Bertelsmann India Investments, Binny Bansal, Sequoia India, Accel",2020,February,FinTech,Bangalore,Karnataka,India
invideo,Visual Media,Unknown,20.75,Unknown,Sequoia Capital’S Surge,2020,February,HealthTech,,,
avalonmeta,Edtech,Unknown,3.49,Unknown,Peerplays,2020,February,Enterprise / SaaS,,,
near store,Ecommerce,Mumbai,2.49,Seed,Sauce.Vc,2020,February,Ecommerce / Retail,Mumbai,Maharashtra,India
prayaan capital,Fintech,Chennai,9.96,Seed,Accion Venture Lab,2020,February,FinTech,Chennai,Tamil Nadu,India
sanfe,Hygiene,Delhi,9.13,Pre-Series A,"Sucseed Venture Partners, Birac, Elixir Pharma, Titan Capital",2020,February,Others,Delhi,Delhi,India
swiggy,Food,Bangalore,937.9,Series A,Prosus N.V,2020,February,FoodTech,Bangalore,Karnataka,India
unacademy,Edtech,Bangalore,913.0,Series E,"Facebook, General Atlantic, Sequoia India, Nexus Venture Partners, Steadview Capital, Blume Ventures",2020,February,Enterprise / SaaS,Bangalore,Karnataka,India
zvesta,Proptech,Gurgaon,45.65,Unknown,Hindustan Media Ventures,2020,February,Enterprise / SaaS,Gurgaon,Haryana,India
dunzo,Logistics,Bangalore,91.3,Unknown,Alteria Capital,2020,February,Logistics / Supply Chain,Bangalore,Karnataka,India
digit insurance,Fintech,Bangalore,2.82,Unknown,"Virat Kohli, Anushka Sharma",2020,February,FinTech,Bangalore,Karnataka,India
yolo,Transport,Gurgaon,4.98,Seed,Unknown,2020,February,Logistics / Supply Chain,Gurgaon,Haryana,India
smartvizx,Vr & Saas,Unknown,11.6,Pre-Series A,Rockstud Capital,2020,February,Enterprise / SaaS,,,
carbon clean,Cleantech,Unknown,132.8,Unknown,"Wave Equity Partners, Chevron Technology Ventures, Marubeni Corporation.",2020,February,Enterprise / SaaS,,,
genius corner,Edtech,Noida,2.08,Unknown,"Mahesh Mohta, Jyoti Arora, Nachu Subramanian, Srivats",2020,February,Enterprise / SaaS,Noida,Uttar Pradesh,India
planetspark,Edtech,Gurgaon,3.72,Unknown,"Indian Angel Network, Lead Angels, Hyderabad Angels",2020,February,Enterprise / SaaS,Gurgaon,Haryana,India
simsim,Social Commerce,Bangalore,66.4,Series B,"Accel, Shunwei Capital, Good Capital",2020,February,Ecommerce / Retail,Bangalore,Karnataka,India
shuttl,Transport,Delhi,66.2,Series C,Sig Global India Fund,2020,February,Logistics / Supply Chain,Delhi,Delhi,India
oga,Fitness,Bangalore,2.74,Unknown,Inflection Point Ventures,2020,February,Enterprise / SaaS,Bangalore,Karnataka,India
big basket,Ecommerce,Bangalore,29.05,Unknown,Trifecta Capital,2020,February,Ecommerce / Retail,Bangalore,Karnataka,India
innoviti,Other,Bangalore,41.5,Unknown,Fmo,2020,February,Others,Bangalore,Karnataka,India
paytm,Fintech,Bangalore,46.48,Unknown,One97 Communications,2020,February,FinTech,Bangalore,Karnataka,India
yap,Fintech,Chennai,11.64,Unknown,"Amrish Rau, Kuunknownl Shah, Jitendra Gupta",2020,February,FinTech,Chennai,Tamil Nadu,India
clover,Agritech,Bangalore,45.65,Series A,"Omnivore, Accel, Mayfield",2020,February,AgriTech,Bangalore,Karnataka,India
nova credit,Fintech,Unknown,415.0,Series B,"Kleiner Perkins, Caunknownpi Ventures, Index Ventures, Nyca Partners, General Catalyst.",2020,February,FinTech,,,
furlenco,Ecommerce,Bangalore,18.26,Series C,Chowdry Associates,2020,February,Ecommerce / Retail,Bangalore,Karnataka,India
brickbolt,Other,Bangalore,12.45,Pre-Series A,Surge,2020,February,Others,Bangalore,Karnataka,India
moengage,Marketing,Bangalore,207.5,Series C,Eight Roads Ventures,2020,February,Marketing / AdTech,Bangalore,Karnataka,India
classplus,Edtech,Unknown,20.75,Pre-Series A,"Blume Ventures, Sequoia Capital",2020,February,Enterprise / SaaS,,,
chaayos,Beverages,Unknown,178.45,Unknown,Think Investment,2020,February,FoodTech,,,
pepperfry,Ecommerce,Mumbai,332.0,Series F,Pidilite Industries,2020,February,Ecommerce / Retail,Mumbai,Maharashtra,India
firstcry,Ecommerce,Pune,2456.8,Series E,Softbank’S Vision Fund,2020,February,Ecommerce / Retail,Pune,Maharashtra,India
waycool,Agritech,Chennai,265.6,Series C,Lightbox Ventures,2020,February,AgriTech,Chennai,Tamil Nadu,India
workindia,Hr,Unknown,49.8,Unknown,Xiaomi,2020,February,HRTech,,,
qyuki,Media,Mumbai,29.05,Unknown,Info Edge Venture Fund,2020,February,HealthTech,Mumbai,Maharashtra,India
leap,Agritech,Coimbatore,249.0,Series B,Neev Fund,2020,February,AgriTech,Coimbatore,Tamil Nadu,India
picxy,Media,Hyderabad,2.08,Unknown,"Firstcheque, Angellist India, Aakrit Vaish, Ranjith Radhakrishunknownn",2020,February,HealthTech,Hyderabad,Telangana,India
krimanshi,Agritech,Jodhpur,0.17,Unknown,Aruunknownchal Pradesh Social Entrepreneurship Meet,2020,February,AgriTech,Jodhpur,Rajasthan,India
kuku fm,Media,Mumbai,45.65,Series A,Vertex Ventures,2020,February,HealthTech,Mumbai,Maharashtra,India
supermoney,Fintech,Mumbai,8.3,Pre-Series A,Unitus Ventures.,2020,February,FinTech,Mumbai,Maharashtra,India
fox capital,Fintech,Jaipur,20.75,Unknown,Institutiounknownl Investors,2020,February,FinTech,Jaipur,Rajasthan,India
tribe theory,Accomodation,Bangalore,29.05,Unknown,Tim Draper,2020,February,Others,Bangalore,Karnataka,India
fleetx,SaaS,Unknown,11.64,Series A,Beenext,2020,February,Enterprise / SaaS,,,
embibe,Edtech,Mumbai,104.73,Unknown,Reliance Industries Limited (Ril),2020,February,Enterprise / SaaS,Mumbai,Maharashtra,India
entri,Edtech,Kochi,11.62,Seed,Good Capital,2020,February,Enterprise / SaaS,Kochi,Kerala,India
oye rickshaw,Emobility,Unknown,83.0,Series A,Chiratae Ventures,2020,February,Enterprise / SaaS,,,
1mg,Healthcare,Gurgaon,82.17,Unknown,"Bill, Melinda Gates Foundation",2020,February,HealthTech,Gurgaon,Haryana,India
adonmo,Adtech,Bangalore,24.9,Unknown,Ant Fiunknownncial,2020,January,Enterprise / SaaS,Bangalore,Karnataka,India
bharat pe,Fintech,Delhi,830.0,Unknown,Coatue Maunknowngement,2020,January,FinTech,Delhi,Delhi,India
vogo,Automotive,Bangalore,290.5,Series C,Lightstone Aspada,2020,January,Mobility / Automotive / EV,Bangalore,Karnataka,India
yolo,Transport,Gurgaon,4.98,Seed,Unknown,2020,January,Logistics / Supply Chain,Gurgaon,Haryana,India
unotech,SaaS,Mumbai,16.6,Unknown,Manish Choksi,2020,January,Enterprise / SaaS,Mumbai,Maharashtra,India
zetwerk,Technology,Bangalore,18.26,Unknown,Innoven Capital,2020,January,Enterprise / SaaS,Bangalore,Karnataka,India
wizklub,Edtech,Bangalore,8.15,Seed,Incubate Fund India,2020,January,Enterprise / SaaS,Bangalore,Karnataka,India
interviewbit,Edtech,Pune,1660.0,Series A,"Tiger Global Maunknowngement, Sequoia Capital, Singapore’S Economic Development Board (Ebd)",2020,January,Enterprise / SaaS,Pune,Maharashtra,India
moneytap,Fintech,Unknown,582.54,Series B,"Aquiline Technology Growth (Atg), Rtp Global, Sequoia India",2020,January,FinTech,,,
bizongo,Technology,Mumbai,249.0,Series C,Schroder Adveq,2020,January,Enterprise / SaaS,Mumbai,Maharashtra,India
appsflyer,SaaS,Bangalore,1743.0,Series D,General Atlantic,2020,January,Enterprise / SaaS,Bangalore,Karnataka,India
digit insurance,Fintech,Bangalore,697.2,Unknown,"A91 Partners, Faering Capital, Tvs Capital",2020,January,FinTech,Bangalore,Karnataka,India
livspace,Interior Design,Bangalore,498.0,Series D,"Tahoe Investment Group, Mercer Investment",2020,January,Real Estate / PropTech,Bangalore,Karnataka,India
samosa singh,Food,Bangalore,22.41,Series A,She Capital,2020,January,FoodTech,Bangalore,Karnataka,India
crysta,Healthcare,Delhi,11.65,Pre-Series A,"Green Shots Capital, Alfa Ventures, Real Time Venture, Petrotech, Steel City Securities, Lalit Wadhwa, Dr Kriti Maroli",2020,January,HealthTech,Delhi,Delhi,India
bounce,Automotive And Rentals,Bangalore,871.5,Series D,"Accel, B Capital",2020,January,Mobility / Automotive / EV,Bangalore,Karnataka,India
park,Techonology,Unknown,91.3,Unknown,"Sequoia Capital, Matrix Partners",2020,January,Enterprise / SaaS,,,
goodmylk,Dairy,Bangalore,3.32,Seed,"Ginni Interunknowntiounknownl, Elisa Khong, Sandeep Singh, Veginvest",2020,January,Artificial Intelligence,Bangalore,Karnataka,India
skylo,Iot,Unknown,854.9,Series B,SoftBank,2020,January,Others,,,
tea trunk,Beverage,Goa,1.83,Unknown,Angel Investors,2020,January,FoodTech,Panaji,Goa,India
zoomcar,Transport & Rentals,Bangalore,249.0,Series D,Sony Innovation Fund,2020,January,Logistics / Supply Chain,Bangalore,Karnataka,India
mera cashier,Fintech,Noida,2.08,Seed,"Amit Singal, Manish Aggarwal",2020,January,FinTech,Noida,Uttar Pradesh,India
kristal ai,AI,Unknown,49.8,Series A,Chiratae Ventures,2020,January,Artificial Intelligence,,,
invento robotics,Ai Robotics,Unknown,2.33,Seed,"Windrose Capital, Iti Growth Opportunities Venture Fund",2020,January,Artificial Intelligence,,,
medicus,Healthcare,Mumbai,0.11,Unknown,Angel Investors,2020,January,HealthTech,Mumbai,Maharashtra,India
monech,Fintech,Mumbai,0.11,Seed,Angel Investors,2020,January,FinTech,Mumbai,Maharashtra,India
teach us,Edtech,Unknown,0.11,Seed,Angel Investors,2020,January,Enterprise / SaaS,,,
phenom people,Hr,Unknown,249.0,Series C,Westbridge Capital,2020,January,HRTech,,,
extra edge,Edtech,Pune,5.81,Pre-Series A,"Sprout Venture Partners, Indian Angel Network",2020,January,Enterprise / SaaS,Pune,Maharashtra,India
capital quotient,Fintech,Bangalore,4.98,Unknown,Unknown,2020,January,FinTech,Bangalore,Karnataka,India
karfa,Ecommerce,Delhi,0.21,Seed,Unknown,2020,January,Ecommerce / Retail,Delhi,Delhi,India
bounce,Automotive And Rentals,Bangalore,809.25,Series D,"Accel, B Capital",2020,January,Mobility / Automotive / EV,Bangalore,Karnataka,India
zinier,Automation,Bangalore,747.0,Series C,Iconiq Capital,2020,January,Mobility / Automotive / EV,Bangalore,Karnataka,India
proeves,Preschool Daycare,Delhi,4.21,Seed,1Crowd,2020,January,EdTech,Delhi,Delhi,India
ninjacart,Agritech,Bangalore,83.0,Series C,"Flipkart India, Singaporeunknownbased Gec3",2020,January,AgriTech,Bangalore,Karnataka,India
technifybiz,Agritech,Unknown,16.6,Seed,"Omnivore, Insitor Impact Asia Fund",2020,January,AgriTech,,,
wysh,Econnect,Hyderabad,16.6,Series A,Kalaari Capital,2020,January,Others,Hyderabad,Telangana,India
keito,AI,Pune,1.33,Seed,Suma Soft Pvt Ltd,2020,January,Artificial Intelligence,Pune,Maharashtra,India
klub,Fintech,Unknown,16.6,Pre-Seed,Sequoia Surge,2020,January,FinTech,,,
axio biosolutions,Medtech,Bangalore,43.16,Series B,Omidyar Network India,2020,January,HealthTech,Bangalore,Karnataka,India
techbooze,Consultancy,Unknown,124.5,Series A,Space Capital,2020,January,Others,,,
testbook,Edtech,Unknown,69.72,Series B,Iron Pillar,2020,January,Enterprise / SaaS,,,
faballey,Ecommerce,Noida,9.13,Unknown,Trifecta Capital,2020,January,Ecommerce / Retail,Noida,Uttar Pradesh,India
haikujam,Other,Unknown,28.22,Unknown,"Lightbox. Social Capital, Dunce Capital",2020,January,Others,,,
mamaearth,Ecommerce,Unknown,151.89,Series A,Sequoia India,2020,January,Ecommerce / Retail,,,
rentomojo,Rental,Unknown,16.6,Unknown,Gmo Payment Gateway,2020,January,Mobility / Automotive / EV,,,
zomato,Food,Unknown,1245.0,Unknown,Ant Fiunknownncial,2020,January,FoodTech,,,
byjus,Edtech,Unknown,1660.0,Unknown,Tiger Global,2020,January,Enterprise / SaaS,,,
generico,Pharmacy,Mumbai,11.62,Unknown,Alteria Capital,2020,January,HealthTech,Mumbai,Maharashtra,India
highradius,SaaS,Hyderabad,1037.5,Series B,Iconiq Capital,2020,January,Enterprise / SaaS,Hyderabad,Telangana,India
chai kings,Beverage,Chennai,8.3,Unknown,The Chenunknowni Angels (Tca),2020,January,FoodTech,Chennai,Tamil Nadu,India
rivigo,Logistics,Gurgaon,28.22,Series F,Trifecta Capital,2020,January,Logistics / Supply Chain,Gurgaon,Haryana,India
shiksha,Edtech,Unknown,1.5,Unknown,Mumbai Angels Network,2020,January,Enterprise / SaaS,,,
super surfaces,Deisgning,Hyderabad,4.15,Series A,Vishnu Reddy,2020,January,Others,Hyderabad,Telangana,India
quicko,Taxation,Ahmedabad,2.32,Unknown,"Zerodha Fintech Fund, Rainmatter",2020,January,Others,Ahmedabad,Gujarat,India
satin creditcare,Fintech,Gurgaon,124.5,Unknown,Austrian Bank,2020,January,FinTech,Gurgaon,Haryana,India
xpressbees,Logistics,Unknown,83.0,Unknown,Alibaba,2020,January,Logistics / Supply Chain,,,
wealth bucket,Fintech,Unknown,24.9,Unknown,"Northstar, Vinod Khatumal",2020,January,FinTech,,,
gomechanic,Automobile Technology,Delhi,122.01,Series B,"Chiratae Ventures, Sequoia Capital, Orios Venture Partners",2020,January,Enterprise / SaaS,Delhi,Delhi,India
fashor,Fashion,Chennai,8.3,Pre-Series A,Sprout Venture Partners,2020,January,Consumer Goods / D2C,Chennai,Tamil Nadu,India
leverage edu,Edtech,Delhi,12.45,Unknown,"Dsg Consumer Partners, Blume Ventures",2020,January,Enterprise / SaaS,Delhi,Delhi,India
purplle,Cosmetics,Mumbai,66.4,Unknown,Verlinvest,2020,January,Consumer Goods / D2C,Mumbai,Maharashtra,India
shuttl,Transport,Delhi,66.76,Series C,Sig Global India Fund Llp.,2020,January,Logistics / Supply Chain,Delhi,Delhi,India
pando,Logitech,Chennai,74.7,Series A,Chiratae Ventures,2020,January,Enterprise / SaaS,Chennai,Tamil Nadu,India
ruangguru,Edtech,Mumbai,1245.0,Series C,General Atlantic,2020,January,Enterprise / SaaS,Mumbai,Maharashtra,India
homelane,Interior Design,Chennai,249.0,Series D,"Evolvence India Fund (Eif), Pidilite Group, Fj Labs",2020,January,Real Estate / PropTech,Chennai,Tamil Nadu,India
nu genes,Agritech,Telangana,49.8,Unknown,Innovation In Food And Agriculture (Ifa),2020,January,AgriTech,,Telangana,India
kratikal,Technology,Noida,8.3,Pre-Series A,"Gilda Vc, Art Venture, Rajeev Chitrabhanu.",2020,January,Enterprise / SaaS,Noida,Uttar Pradesh,India
lenskart,Ecommerce,Delhi,2282.5,Series G,SoftBank,2020,January,Ecommerce / Retail,Delhi,Delhi,India
appnomic,SaaS,Bangalore,182.6,Unknown,Avataar Ventures,2020,January,Enterprise / SaaS,Bangalore,Karnataka,India
jobsquare,Hr,Ahmedabad,1.17,Unknown,Titan Capital,2020,January,HRTech,Ahmedabad,Gujarat,India
livfin,Fintech,Delhi,41.5,Unknown,German Development Fiunknownnce Institution Deg,2020,January,FinTech,Delhi,Delhi,India
byjus,Edtech,Unknown,4482.0,Unknown,"South Africa’S Naspers Ventures, The Cpp Investment Board",2020,January,Enterprise / SaaS,,,
zest money,Fintech,Bangalore,124.5,Series B,Goldman Sachs.,2020,January,FinTech,Bangalore,Karnataka,India
witblox,Edtech,Unknown,1.52,Unknown,Mumbai Angels Network,2020,January,Enterprise / SaaS,,,
salaryfits,Fintech,Unknown,41.5,Unknown,Brazilian Vc Fund Confrapar,2020,January,FinTech,,,
pristyn care,Healthcare,Unknown,99.6,Series B,"Sequoia India, Hummingbird Ventures, Greenoaks Capital, Angellist.",2020,January,HealthTech,,,
springboard,Edtech,Unknown,91.3,Other,Reach Capital,2020,January,Enterprise / SaaS,,,
medlife,Pharmaceutical,Bangalore,128.65,Unknown,Wilson Global Opportunities Fund,2020,January,HealthTech,Bangalore,Karnataka,India
seekify,SaaS,Delhi,12.45,Seed,Sequoia Capita,2020,January,Enterprise / SaaS,Delhi,Delhi,India
toffee insurance,Fintech,Haryana,45.65,Series A,Ivm Intersurer,2020,January,FinTech,,Haryana,India
fireflies ai,AI,Unknown,41.5,Unknown,Caunknownan Partners,2020,January,Artificial Intelligence,,,
hungerbox,Food,Bangalore,99.6,Series C,"Paytm, Asian Vc Fund Nptk, Sabre Partners, Neoplux.",2020,January,FoodTech,Bangalore,Karnataka,India
bijak,Agritech,Unknown,20.75,Seed,"Omnivore And Omidyar Network India, Sequoia Capital",2020,January,AgriTech,,,
licious,Food,Bangalore,249.0,Series E,Vertex Growth Fund,2020,January,FoodTech,Bangalore,Karnataka,India
trume,Iot,Unknown,1.16,Unknown,Rajan Kaistha,2020,January,Others,,,
asteria aerospace,Robotics & Ai,Bangalore,1909.0,Unknown,Reliance Industries,2020,January,Artificial Intelligence,Bangalore,Karnataka,India
rivigo,Logistics,Unknown,166.0,Series F,"Saif Partners India Vi Ltd, Spring Canter Investment Ltd",2020,January,Logistics / Supply Chain,,,
happyeasygo,Travel,Gurgaon,410.02,Other,"Korea Investment Partners (Kip), Samsung Venture Investment Corporation (Svic), Uob Venture, 10 Fund, Cvcapital, Zero2Ipo Ventures, M, S Partners",2020,January,Travel / Hospitality,Gurgaon,Haryana,India
zetwerk,Manufacturing,Bangalore,265.6,Series B,"Lightspeed And Greenoaks Capital, Sequoia India, Accel And Kae Capital",2020,January,Others,Bangalore,Karnataka,India
observeai,AI,Bangalore,215.8,Series A,Scale Venture Partners,2020,January,Artificial Intelligence,Bangalore,Karnataka,India
freshokartz,Ecommerce,Jaipur,1.25,Pre-Series A,Thinklab,2020,January,Ecommerce / Retail,Jaipur,Rajasthan,India
lil goodness and scool meal,Food & Nutrition,Bangalore,3.32,Unknown,"Sajan Pillai, Muthu Krishunknownn",2020,January,FoodTech,Bangalore,Karnataka,India
trell,Social Media,Bangalore,16.6,Pre-Series A,"Ruizheng Investment, Tej Kapoor, Krinshavataram Venkata Vinjamuri, Harsh Shah",2020,January,HealthTech,Bangalore,Karnataka,India
vmate,Other,Unknown,830.0,Unknown,Alibaba,2020,January,Others,,,
bombay shirt,Ecommerce,Mumbai,66.4,Unknown,Lightbox Ventures,2020,January,Ecommerce / Retail,Mumbai,Maharashtra,India
slintel,SaaS,Unknown,12.45,Unknown,Stellaris Ventures,2020,January,Enterprise / SaaS,,,
mygamemate,Esports,Bangalore,0.83,Unknown,Jindagi Live Angels,2020,January,Media / Entertainment / Gaming,Bangalore,Karnataka,India
rein games,Technology,Noida,415.0,Pre-Series A,"Manipal Education And Medical Group (Memg) Family Office, Titan Capital",2020,January,Enterprise / SaaS,Noida,Uttar Pradesh,India
ecozen,Agritech,Pune,49.8,Series A,"Innovation In Food, Agriculture Fund (Ifa Fund)",2020,January,AgriTech,Pune,Maharashtra,India
box8,Food,Mumbai,996.0,Unknown,Trifecta Capital,2020,January,FoodTech,Mumbai,Maharashtra,India
awign enterprises,Other,Bangalore,33.2,Series A,"Work10M, Michael And Susan Dell Foundation, Eagle10, Unitus Ventures.",2020,January,Others,Bangalore,Karnataka,India
purplle,Cosmetics,Mumbai,249.0,Series C,Goldman Sachs,2020,January,Consumer Goods / D2C,Mumbai,Maharashtra,India
freightwalla,B2B,Mumbai,33.2,Series A,"Amplo, Fj Labs, Rogue One Capital",2020,January,Enterprise / SaaS,Mumbai,Maharashtra,India
tapchief,Other,Bangalore,12.45,Pre-Series A,Blume Ventures,2020,January,Others,Bangalore,Karnataka,India
ejohri,Jewellery,Mumbai,8.3,Pre-Series A,Rajesh Raunknownvat,2020,January,Others,Mumbai,Maharashtra,India
kredx,Other,Bangalore,215.8,Series B,Tiger Global Maunknowngement,2020,January,Others,Bangalore,Karnataka,India
mpaani,Other,Mumbai,45.65,Series A,"Ac Ventures, Henkel",2020,January,Others,Mumbai,Maharashtra,India
origo,Agritech,Gurgaon,56.44,Unknown,"Oikocredit, Caspian Sme Impact Fund Iv, Triodos Investment Maunknowngement",2020,January,AgriTech,Gurgaon,Haryana,India
wishadish,Food &,Delhi,49.8,Unknown,Unknown,2020,January,FoodTech,Delhi,Delhi,India
ecom express,Logistics,Gurgaon,298.8,Unknown,Cdc Group,2020,January,Logistics / Supply Chain,Gurgaon,Haryana,India
stanza living,Accomodation,Delhi,47.31,Unknown,Alteria Capital,2020,January,Others,Delhi,Delhi,India
pibeam,Automotive,Chennai,415.0,Unknown,Gail (India) Ltd,2020,January,Mobility / Automotive / EV,Chennai,Tamil Nadu,India
euler motors,Automotive,Delhi,16.6,Unknown,"Blume Ventures, Emergent Ventures",2020,January,Mobility / Automotive / EV,Delhi,Delhi,India
moms,Ecommerce,Delhi,41.5,Series B,"Saama Capital, Dsg Consumer Partners",2020,January,Ecommerce / Retail,Delhi,Delhi,India
lawyered,Legal,Delhi,0.83,Unknown,"Pramendra Tomar, Ratish Pandey, Munish Bhatia, Sumit Aggarwal",2020,January,LegalTech,Delhi,Delhi,India
cuemath,Edtech,Bangalore,45.65,Unknown,"Manta Ray Ventures Limited, Google’S Capital G, Sequoia India.",2020,January,Enterprise / SaaS,Bangalore,Karnataka,India
licious,Food,Bangalore,207.5,Series D,Vertex Ventures,2020,January,FoodTech,Bangalore,Karnataka,India
niveshcom,Mutual Funds,Noida,4.98,Unknown,Windrose Capital,2020,January,Venture Capital,Noida,Uttar Pradesh,India
zebu,Cybersecurity,Unknown,33.2,Seed,Unknown,2020,January,Enterprise / SaaS,,,
smart institute,Edtech,Surat,12.45,Unknown,Hni Investors,2020,January,Enterprise / SaaS,Surat,Gujarat,India
car dekho,Automobile,Jaipur,581.0,Series D,"Ping An Global Voyager Fund, Hillhouse Capital, Sequoia Capital",2020,January,Mobility / Automotive / EV,Jaipur,Rajasthan,India
shadowfax,Logistics,Bangalore,498.0,Series D,"Flipkart, Eight Roads Ventures, Ngp Capital, Qualcomm Ventures, Mirae Asset Naver Fund, World Bankunknownbacked Ifc",2020,January,Logistics / Supply Chain,Bangalore,Karnataka,India
credr,Automobile,Mumbai,49.8,Unknown,"Omidyar Network, Eight Roads Ventures, Growthstory, Angellist",2020,January,Mobility / Automotive / EV,Mumbai,Maharashtra,India
phable,Healthcare,Unknown,1.83,Unknown,"Letsventure, 91 Springboard, Ikp Knowledge, Angel Investors, Abinbevunknownserge Devos, Wouter Peeters.",2020,January,HealthTech,,,
sarva,Yoga & Wellness,Chennai,23.24,Unknown,"Venture Fund, Fireside Ventures.",2020,January,Others,Chennai,Tamil Nadu,India
indyfint,Virtual Banking,Bangalore,17.43,Series A,Saravaunknownn Adiseshan,2020,January,FinTech,Bangalore,Karnataka,India
zolostays,Accomodation,Unknown,58.1,Unknown,Trifecta Capital,2020,January,Others,,,
ola,Transportation,Bangalore,2581.3,Unknown,"Kia Motors, Hyundai",2020,January,Logistics / Supply Chain,Bangalore,Karnataka,India
zoomcar,Transport & Rentals,Bangalore,39.84,Unknown,Zoomcar Inc,2020,January,Logistics / Supply Chain,Bangalore,Karnataka,India
kratikal,Technology,Uttar Pradesh,8.3,Pre-Series A,"Gilda Vc, Art Venture, Rajeev Chitrabhanu",2020,January,Enterprise / SaaS,,Uttar Pradesh,India
froogal,Marketing & Customer Loyalty,Hyderabad,8.3,Pre-Series A,Usunknownbased Angel Investors,2020,January,Marketing / AdTech,Hyderabad,Telangana,India
inframarket,Infratech,Mumbai,166.0,Series A,"Tiger Global, Nexus Venture Partners, Accel, Dhruv Agarwala",2020,January,Enterprise / SaaS,Mumbai,Maharashtra,India
oyo,Hospitality,Gurgaon,5751.9,Unknown,"Mypreferred Transformation, Avendus Fiunknownnce, SoftBank",2020,January,HealthTech,Gurgaon,Haryana,India
gomechanic,Automobile & Technology,Delhi,41.5,Series B,Sequoia Capital,2020,January,Enterprise / SaaS,Delhi,Delhi,India
spinny,Automobile,Delhi,415.0,Unknown,"Norwest Venture Partners, General Catalyst, Fundamentum, Accel",2020,January,Mobility / Automotive / EV,Delhi,Delhi,India
ess kay fincorp,Banking,Rajasthan,273.9,Unknown,"Tpg, Norwest Venture Partners, Evolvence India",2020,January,FinTech,,Rajasthan,India
collegedekho,Edtech,Gurgaon,290.5,Series B,"Disrupt Adq, Qic",2021,December,Enterprise / SaaS,Gurgaon,Haryana,India
box8,Food,Mumbai,332.0,Unknown,Tiger Global,2021,December,FoodTech,Mumbai,Maharashtra,India
simpl,Consumer,Bangalore,332.0,Series B,"Valar Ventures, Ia Ventures",2021,December,Consumer Internet,Bangalore,Karnataka,India
8i ventures,Venture Capital & Private Equity,Mumbai,415.0,Unknown,Unknown,2021,December,Enterprise / SaaS,Mumbai,Maharashtra,India
payglocal,Fintech,Bangalore,40.67,Series A,Sequoia Capital,2021,December,FinTech,Bangalore,Karnataka,India
cure fit,Healthcare,Bangalore,1203.5,Unknown,Zomato,2021,December,HealthTech,Bangalore,Karnataka,India
pocket fm,Ott,Bangalore,182.6,Series B,"Lightspeed, Times Group, Tanglin Venture Partners",2021,December,Others,Bangalore,Karnataka,India
chargezone,Automotive,Vadodara,83.0,Unknown,Venture Catalysts,2021,December,Mobility / Automotive / EV,Vadodara,Gujarat,India
planetspark,Edtech,Gurgaon,107.9,Series B,"Binny Bansal, Deep Kalra, Dr Ashish Gupta, Gokul Rajaram, Shirish Nadkarni",2021,December,Enterprise / SaaS,Gurgaon,Haryana,India
lendenclub,Fintech,Mumbai,83.0,Series A,"Tuscan Ventures, Ohm Stock Brokers, Artha Venture Fund",2021,December,FinTech,Mumbai,Maharashtra,India
cometchat,Computer Software,Mumbai,83.0,Series A,Sigunknownl Peak Ventures,2021,December,Enterprise / SaaS,Mumbai,Maharashtra,India
agrostar,Agritech,Pune,581.0,Series D,"Evolvence, Hero Enterprise",2021,December,AgriTech,Pune,Maharashtra,India
bizongo,Information Technology &,Mumbai,830.0,Series D,Tiger Global,2021,December,Enterprise / SaaS,Mumbai,Maharashtra,India
probus insurance,Insurance,Mumbai,55.61,Unknown,Blueorchard Impact Investment Maunknowngers,2021,December,FinTech,Mumbai,Maharashtra,India
moengage,Software,Bangalore,249.0,Series D,Steadview Capital,2021,December,Enterprise / SaaS,Bangalore,Karnataka,India
cloudsek,Computer & Security,Bangalore,58.1,Series A,Massmutual Ventures,2021,December,Enterprise / SaaS,Bangalore,Karnataka,India
exponent energy,Automotive,Bangalore,41.5,Pre-Series A,Yournest Vc,2021,December,Mobility / Automotive / EV,Bangalore,Karnataka,India
trinkerr,Capital Markets,Bangalore,54.78,Series A,Accel,2021,December,Enterprise / SaaS,Bangalore,Karnataka,India
zorro,Social,Gurgaon,265.6,Seed,"Vijay Shekhar Sharma, Ritesh Agarwal, Ankiti Bose",2021,December,Others,Gurgaon,Haryana,India
ultraviolette,Automotive,Bangalore,1245.0,Series C,"Tvs Motor, Zoho",2021,December,Mobility / Automotive / EV,Bangalore,Karnataka,India
nephroplus,Hospital & Health Care,Hyderabad,199.2,Series E,Iifl Asset Maunknowngement,2021,December,HealthTech,Hyderabad,Telangana,India
unremot,Information Technology &,Bangalore,5.81,Seed,Inflection Point Ventures,2021,December,Enterprise / SaaS,Bangalore,Karnataka,India
pingolearn,Edtech,Pune,1.66,Unknown,"Titan Capital, Haresh Chawla, Angellist Syndicate",2021,December,Enterprise / SaaS,Pune,Maharashtra,India
spry,Music,Mumbai,12.45,Seed,"9Unicorns, Ashneer Grover",2021,December,Media / Entertainment / Gaming,Mumbai,Maharashtra,India
enmovil,Information Technology &,Hyderabad,10.79,Pre-Series A,Anicut Angel Fund,2021,December,Enterprise / SaaS,Hyderabad,Telangana,India
asqi advisors,Fintech,Mumbai,8.3,Pre-Series A,Founders Room Capital,2021,December,FinTech,Mumbai,Maharashtra,India
insurance samadhan,Insurance,Delhi,6.02,Pre-Series A,"9Unicorns, Znl",2021,December,FinTech,Delhi,Delhi,India
evenflow brands,Consumer Goods,Mumbai,4.15,Unknown,Unknown,2021,December,Consumer Internet,Mumbai,Maharashtra,India
masterchow,Hauz Khas,Food Beverages,3.83,Seed,Weh Ventures,2021,December,Others,,,
pristyn care,Hospital & Health Care,Gurgaon,796.8,Series E,"Kuunknownl Shah, Deepinder Goyal, Abhiraj Singh Bhal",2021,December,HealthTech,Gurgaon,Haryana,India
plix,Healthcare,Mumbai,41.5,Series A,"Guild Capital, Rpsg Capital Ventures",2021,December,HealthTech,Mumbai,Maharashtra,India
uni cards,Fintech,Bangalore,581.0,Series A,"General Catalyst, Eight Roads Ventures, Elevation Capital",2021,December,FinTech,Bangalore,Karnataka,India
practically,Edtech,Hyderabad,41.5,Unknown,"Nb Ventures, Earlsfield Capital",2021,December,Enterprise / SaaS,Hyderabad,Telangana,India
nestasia,Retail,Kolkata,33.2,Series A,"Varun Alagh, Sahil Barua",2021,December,Ecommerce / Retail,Kolkata,West Bengal,India
vedic cosmeceuticals,Cosmetics,Noida,265.6,Series A,Sixth Sense Ventures,2021,December,Consumer Goods / D2C,Noida,Uttar Pradesh,India
juspay,Fintech,Bangalore,498.0,Series C,Softbank Vision Fund 2,2021,December,FinTech,Bangalore,Karnataka,India
tranzact,Information Technology &,Mumbai,58.1,Series A,"Tribe Capital, Prime Venture Partners",2021,December,Enterprise / SaaS,Mumbai,Maharashtra,India
atomberg,Consumer Electronics,Mumbai,166.0,Unknown,Jungle Ventures,2021,December,Consumer Internet,Mumbai,Maharashtra,India
ola,Mobility,Bangalore,4150.0,Unknown,Marquee Interunknowntiounknownl Institutiounknownl Investors,2021,December,Enterprise / SaaS,Bangalore,Karnataka,India
mohalla tech,Social Media,Bangalore,2207.8,Series G,Alkeon Capital,2021,December,HealthTech,Bangalore,Karnataka,India
stack,Fintech,Bangalore,37.35,Seed,"Y Combiunknowntor, Harvard Maunknowngement",2021,December,FinTech,Bangalore,Karnataka,India
propreturns,Real Estate,Mumbai,9.96,Unknown,"Y Combiunknowntor﻿, ﻿Goodwater Capital",2021,December,Real Estate / PropTech,Mumbai,Maharashtra,India
weskill,Edtech,Gurgaon,33.2,Pre-Seed,"Shrishti Sahu, Umang Vohra",2021,December,Enterprise / SaaS,Gurgaon,Haryana,India
fitpage,Healthcare,Mumbai,2.49,Unknown,"Astra Ventures, Gaurav Jaitly",2021,December,HealthTech,Mumbai,Maharashtra,India
shopmylooks,Digital,Noida,1.66,Unknown,"Capital A, Collective Artists Network",2021,December,Enterprise / SaaS,Noida,Uttar Pradesh,India
bytelearn,Edtech,Noida,78.85,Seed,"Aditya Singhal, Nishant Sinha",2021,December,Enterprise / SaaS,Noida,Uttar Pradesh,India
dista,Computer Software,Pune,9.96,Seed,Pentathlon Ventures,2021,December,Enterprise / SaaS,Pune,Maharashtra,India
ofbusiness,Fintech,Gurgaon,2697.5,Unknown,"Alpha Wave Ventures Ii, Tiger Global Maunknowngement, Softbank Vision Fund Ii",2021,December,FinTech,Gurgaon,Haryana,India
bizongo,B2B Ecommerce,Mumbai,830.0,Series D,Tiger Global,2021,December,Ecommerce / Retail,Mumbai,Maharashtra,India
frnd,Online Media,Bangalore,53.95,Series A,Krafton,2021,December,HealthTech,Bangalore,Karnataka,India
metadome,Computer Software,Bangalore,33.2,Pre-Series A,"Chiratae Ventures, Lenskart Vision Fund",2021,December,Enterprise / SaaS,Bangalore,Karnataka,India
keka hr,Information Technology &,Hyderabad,13.28,Unknown,Recur Club,2021,December,Enterprise / SaaS,Hyderabad,Telangana,India
flo mobility,Industrial Automation,Bangalore,3.32,Unknown,"Devx Venture Fund, Blume Founder Fund",2021,December,Mobility / Automotive / EV,Bangalore,Karnataka,India
yodacart,Ecommerce,Thane,1.87,Pre-Seed,Ajith Daneil,2021,December,Ecommerce / Retail,Mumbai,Maharashtra,India
thehousemonk,Real Estate,Bangalore,41.5,Unknown,Aurum Proptech,2021,December,Real Estate / PropTech,Bangalore,Karnataka,India
zepto,Ecommerce,Bangalore,830.0,Unknown,Yunknowncombiunknowntor,2021,December,Ecommerce / Retail,Bangalore,Karnataka,India
sirona hygiene,Healthcare,Delhi,83.0,Unknown,The Good Glamm Group,2021,December,HealthTech,Delhi,Delhi,India
jumbotail,B2B Ecommerce,Bangalore,705.5,Series C,Invus,2021,December,Ecommerce / Retail,Bangalore,Karnataka,India
captain fresh,Logistics,Bangalore,332.0,Series B,"Tiger Global, Prosus Ventures",2021,December,Logistics / Supply Chain,Bangalore,Karnataka,India
deciwood,Consumer Electronics,Delhi,1.66,Unknown,"Shuru Up, Ankit Kedia, Arun Gupta",2021,December,Consumer Internet,Delhi,Delhi,India
kohbee,Edtech,Bangalore,1.95,Pre-Seed,"Ankit Mehrotra, Saurabh Aggarwal",2021,December,Enterprise / SaaS,Bangalore,Karnataka,India
perfora,Consumer Goods,Gurgaon,2.16,Pre-Seed,Sauce.Vc,2021,December,Consumer Internet,Gurgaon,Haryana,India
unbox robotics,Logistics,Pune,58.1,Series A,"3One4 Capital, Sixth Sense Ventures",2021,December,Logistics / Supply Chain,Pune,Maharashtra,India
ninety one,Consumer Goods,Ahmedabad,249.0,Series A,A91 Partners,2021,December,Consumer Internet,Ahmedabad,Gujarat,India
gobillion,Social Commerce,Delhi,24.07,Seed,"Ycombiunknowntor, Justin Mateen, Pioneer Fund",2021,December,Ecommerce / Retail,Delhi,Delhi,India
ripplr,Logistics,Bangalore,99.6,Other,"Sojitz Corporation, Stride Ventures",2021,December,Logistics / Supply Chain,Bangalore,Karnataka,India
sk finance,Fintech,Jaipur,439.9,Series F,"Iifl Wealth, Tpg Growth, Norwest Venture Partners",2021,December,FinTech,Jaipur,Rajasthan,India
eggoz,Food,Gurgaon,29.05,Series A,"Nabventures, Avaaunknown Capital",2021,December,FoodTech,Gurgaon,Haryana,India
fabriclore,Apparel & Fashion,Jaipur,5.81,Pre-Series A,"Fluid Ventures, Mulberry Silks",2021,December,Consumer Goods / D2C,Jaipur,Rajasthan,India
veefin,Information Technology &,Mumbai,24.9,Unknown,Rajesh Rajendran,2021,December,Enterprise / SaaS,Mumbai,Maharashtra,India
verandah,Apparel & Fashion,Mumbai,8.3,Seed,"Mike Novogratz, Neeraj Arora",2021,December,Consumer Goods / D2C,Mumbai,Maharashtra,India
owo,Food,Gurgaon,24.9,Seed,Unknown,2021,December,FoodTech,Gurgaon,Haryana,India
esportsxo,Mobile Games,Bangalore,9.13,Seed,We Founder Circle,2021,December,Media / Entertainment / Gaming,Bangalore,Karnataka,India
the gourmet jar,Food,Noida,1.25,Unknown,Devx Venture Fund,2021,December,FoodTech,Noida,Uttar Pradesh,India
neobank jupiter,Banking,Mumbai,713.8,Series C,"Tiger Global, Sequoia Capital",2021,December,FinTech,Mumbai,Maharashtra,India
skippi ice pops,Food,Hyderabad,1.08,Unknown,Shark Tank India,2021,December,FoodTech,Hyderabad,Telangana,India
glii,Dating,Noida,0.08,Seed,We Founder Circle,2021,December,Others,Noida,Uttar Pradesh,India
globalbees,Ecommerce,Delhi,921.3,Series B,"Premji Invest, Steadview Capital",2021,December,Ecommerce / Retail,Delhi,Delhi,India
mamaearth,Healthcare,Gurgaon,307.1,Unknown,Sequoia Capital,2021,December,HealthTech,Gurgaon,Haryana,India
securenow,Insurance,Gurgaon,49.8,Series B,Apis Insurtech Fund I,2021,December,FinTech,Gurgaon,Haryana,India
vendor infra,Construction,Gurgaon,2.2,Unknown,"Sk Tripathi, Sanjeev Gupta",2021,December,Real Estate / PropTech,Gurgaon,Haryana,India
hakuna matata,Information Technology &,Chennai,8.3,Unknown,Hardcastle Petrofer,2021,December,Enterprise / SaaS,Chennai,Tamil Nadu,India
onecard,Fintech,Pune,630.8,Unknown,"Ocean View Investment, Qed Fund",2021,December,FinTech,Pune,Maharashtra,India
zepto,Ecommerce,Mumbai,498.0,Unknown,"Glade Brook Capital, Nexus, Y Combiunknowntor",2021,November,Ecommerce / Retail,Mumbai,Maharashtra,India
fi,Fintech,Bangalore,415.0,Series B,"Capital Group, Falcon Edge",2021,November,FinTech,Bangalore,Karnataka,India
kiko live,Commerce,Gurgaon,8.3,Pre-Series A,"Dinesh Agarwal, Amarjit Batra",2021,November,Ecommerce / Retail,Gurgaon,Haryana,India
the hosteller,Hospitality,Mumbai,8.3,Pre-Series A,"Sunicon Ventures, Shubhkam Ventures, Jito Angel Network, Faad Network",2021,November,HealthTech,Mumbai,Maharashtra,India
ruptok fintech,Fintech,Delhi,16.6,Pre-Series A,Manuvel Malabar Jewellers,2021,November,FinTech,Delhi,Delhi,India
vilcart,Retail,Bangalore,16.6,Unknown,Nabventures,2021,November,Ecommerce / Retail,Bangalore,Karnataka,India
dogsee chew,Food,Bangalore,58.1,Pre-Series A,Sixth Sense Ventures,2021,November,FoodTech,Bangalore,Karnataka,India
advantage club,Hr,Gurgaon,27.39,Pre-Series A,"Y Combiunknowntor, Jetty Ventures, Earlsfield Capital, Smc Advisors, Kuunknownl Shah",2021,November,HRTech,Gurgaon,Haryana,India
trdr,Fintech,Bangalore,1.25,Unknown,"Kuunknownl Shah, Snehal Fulzele",2021,November,FinTech,Bangalore,Karnataka,India
zoomcar,Mobility,Bangalore,763.6,Unknown,Sternaegis Ventures,2021,November,Enterprise / SaaS,Bangalore,Karnataka,India
leap,Logistics,Mumbai,83.0,Unknown,Cdc Group,2021,November,Logistics / Supply Chain,Mumbai,Maharashtra,India
superbottoms,Consumer Goods,Mumbai,3.32,Unknown,Alteria Capital,2021,November,Consumer Internet,Mumbai,Maharashtra,India
cora health,Healthcare,Bangalore,4.98,Seed,Indian Angel Network,2021,November,HealthTech,Bangalore,Karnataka,India
battery smart,Renewables & Environment,Delhi,58.1,Pre-Series A,"Blume Ventures, Orios Ventures",2021,November,Climate / CleanTech / Energy,Delhi,Delhi,India
the good glamm,Information Technology &,Pune,1245.0,Series D,"Warburg Pincus﻿, Prosus Ventures",2021,November,Enterprise / SaaS,Pune,Maharashtra,India
mosaic wellness,Healthcare,Mumbai,199.2,Series A,Sequoia Capital,2021,November,HealthTech,Mumbai,Maharashtra,India
cloudfiles,SaaS,Bangalore,2.49,Pre-Seed,Titan Capital,2021,November,Enterprise / SaaS,Bangalore,Karnataka,India
the viral fever,Entertainment,Mumbai,16.6,Unknown,Blacksoil,2021,November,Artificial Intelligence,Mumbai,Maharashtra,India
xpand,Retail,Delhi,12.45,Pre-Series A,"Akash Prakash, Madhu Jayakumar, Dipinder Sandhu, Shagun Khandelwal",2021,November,Ecommerce / Retail,Delhi,Delhi,India
troo good,Ecommerce,Hyderabad,58.1,Series A,Oaks Asset Maunknowngement,2021,November,Ecommerce / Retail,Hyderabad,Telangana,India
prodo,Business Supplies & Equipment,Delhi,2.49,Pre-Seed,"Titan Capital, Letsventure",2021,November,Others,Delhi,Delhi,India
unnati,Fintech,Noida,58.1,Series A,"Incofin, Nabventures, Orios",2021,November,FinTech,Noida,Uttar Pradesh,India
lysto,Nft,Bangalore,24.9,Seed,Beenext,2021,November,Others,Bangalore,Karnataka,India
wakefit,Furniture,Bangalore,166.0,Series C,Sig,2021,November,Enterprise / SaaS,Bangalore,Karnataka,India
buyofuel,Oil & Energy,Coimbatore,0.83,Seed,Inflection Point Ventures,2021,November,Climate / CleanTech / Energy,Coimbatore,Tamil Nadu,India
electricpe,Ev,Bangalore,24.9,Seed,"Blume Ventures, Micelio Fund",2021,November,Mobility / Automotive / EV,Bangalore,Karnataka,India
vayana network,Fintech,Pune,249.0,Series C,"Cdc Group, Jungle Ventures, March Capital, Marshall Wace",2021,November,FinTech,Pune,Maharashtra,India
valuationary,Edtech,Surat,0.83,Pre-Seed,"Ashish Jain, Ajay Suraunknown",2021,November,Enterprise / SaaS,Surat,Gujarat,India
knocksense,Online Media,Lucknow,1.25,Unknown,"We Founder Circle, Appyhigh, Mumbai Angels",2021,November,HealthTech,Lucknow,Uttar Pradesh,India
petpooja,Information Technology &,Ahmedabad,37.35,Unknown,"Aroa Ventures, Gvfl, Udaan",2021,November,Enterprise / SaaS,Ahmedabad,Gujarat,India
wingreens farms,Food,Gurgaon,141.1,Unknown,"Investcorp, Omidyar Network",2021,November,FoodTech,Gurgaon,Haryana,India
doola,Companyasaservice,New York,24.9,Unknown,Nexus Venture Partners,2021,November,Others,New York,New York,USA
eyemyeye,Eyewear,Gurgaon,16.6,Pre-Series A,2000000,2021,November,Others,Gurgaon,Haryana,India
bombay hemp,Textiles,Mumbai,16.6,Unknown,"Riteesh Mohan Bakshi, Raghav Mohan Bakshi, Achin Kochar",2021,November,Others,Mumbai,Maharashtra,India
dgv,Information Technology &,Bangalore,24.9,Pre-Series A,"Info Edge Ventures, Omnivore",2021,November,Enterprise / SaaS,Bangalore,Karnataka,India
guardianlink,Information Technology &,Chennai,99.6,Series A,Kalaari Capital,2021,November,Enterprise / SaaS,Chennai,Tamil Nadu,India
clinikk,Hospital & Health Care,Bangalore,33.2,Pre-Series A,Massmutual Ventures,2021,November,HealthTech,Bangalore,Karnataka,India
toplyne,Computer Software,Bangalore,20.75,Unknown,"Sequoia Capital, Together Fund",2021,November,Enterprise / SaaS,Bangalore,Karnataka,India
mensa,D2C,Bangalore,1120.5,Series B,"Alpha Wave Ventures, Falcon Edge Capital",2021,November,Ecommerce / Retail,Bangalore,Karnataka,India
genleap,Professional Training & Coaching,Haryana,66.4,Seed,"Vivek Vaidya, Kevin Donlon, Ayush Singh",2021,November,Artificial Intelligence,,Haryana,India
planys,Maritime,Chennai,13.28,Pre-Series A,"Kieretsu Forum, Lets Venture, Shell",2021,November,Enterprise / SaaS,Chennai,Tamil Nadu,India
wonderchef,Consumer Goods,Mumbai,166.0,Unknown,"Sixth Sense Ventures, Godrej Family Office, Malpani Group",2021,November,Consumer Internet,Mumbai,Maharashtra,India
gokwik,Information Technology &,Delhi,124.5,Series A,Sequoia Capital,2021,November,Enterprise / SaaS,Delhi,Delhi,India
velocity,Fintech,Bangalore,166.0,Series A,Valar Ventures,2021,November,FinTech,Bangalore,Karnataka,India
salarybox,Fintech,Gurgaon,33.2,Seed,"Yunknowncombiunknowntor, Ame Cloud Ventures, Gokul Rajaram",2021,November,FinTech,Gurgaon,Haryana,India
boingg,Furniture,Gurgaon,1.66,Seed,Inflection Point Ventures,2021,November,Enterprise / SaaS,Gurgaon,Haryana,India
better capital,Venture Capital & Private Equity,Santra,124.5,Unknown,Unknown,2021,November,Enterprise / SaaS,,,
tickertape,Fintech,Bangalore,41.5,Unknown,Smallcase,2021,November,FinTech,Bangalore,Karnataka,India
disprz,Edtech,Mumbai,107.9,Series B,"Dallas Venture Capital, Mars Growth Capital",2021,November,Enterprise / SaaS,Mumbai,Maharashtra,India
inzpira,Edtech,Thiruvananthapuram,2.49,Seed,"Raj Nair, Gopiunknownth Latpate",2021,November,Enterprise / SaaS,Thiruvananthapuram,Kerala,India
defy,Fintech,Bangalore,45.65,Unknown,"Y Combiunknowntor, Goat Vc, Jam Fund, Goodwater Capital",2021,November,FinTech,Bangalore,Karnataka,India
mindhouse,Healthcare,Gurgaon,49.8,Seed,"Binny Bansal, General Catalyst",2021,November,HealthTech,Gurgaon,Haryana,India
homversity,Housing,Ahmedabad,1.29,Unknown,Unknown,2021,November,Real Estate / PropTech,Ahmedabad,Gujarat,India
toppersnotes,Edtech,Jaipur,8.3,Seed,Inflection Point Ventures,2021,November,Enterprise / SaaS,Jaipur,Rajasthan,India
nobrokercom,Real Estate,Bangalore,17.43,Series E,"General Atlantic, Tiger Global, Moore Strategic Ventures",2021,November,Real Estate / PropTech,Bangalore,Karnataka,India
haber,Industrial Automation,Pune,166.0,Series B,Ascent Capital,2021,November,Mobility / Automotive / EV,Pune,Maharashtra,India
true balance,Fintech,Gurgaon,249.0,Unknown,"Northern Arc, Arthmate, Shine Star, E Clear, Hinduja",2021,November,FinTech,Gurgaon,Haryana,India
recordent,Fintech,Hyderabad,3.32,Unknown,"Family Office Of Kantamaneni, Iim Calcutta Innovation Park",2021,November,FinTech,Hyderabad,Telangana,India
koparo,Consumer Goods,Delhi,5.81,Seed,"Saama Capital﻿, ﻿Titan Capital﻿, Dsg Consumer Partners",2021,November,Consumer Internet,Delhi,Delhi,India
indifi,Fintech,Gurgaon,332.0,Unknown,"Omidyar Network, Flourish Ventures, Elevar Equity, Accel",2021,November,FinTech,Gurgaon,Haryana,India
settl,Real Estate,Bangalore,4.15,Seed,"Ah! Ventures, We Founder Circle",2021,November,Real Estate / PropTech,Bangalore,Karnataka,India
park,Technology,Delhi,207.5,Series B,"Sequoia Capital, Matrix Partners",2021,November,Enterprise / SaaS,Delhi,Delhi,India
simple energy,Automotive,Bangalore,174.3,Other,Unknown,2021,November,Mobility / Automotive / EV,Bangalore,Karnataka,India
dream sports,Sports,Mumbai,6972.0,Unknown,"Falcon Edge, Dst Global, D1 Capital, Redbird Capital, Tiger Global",2021,November,Media / Entertainment / Gaming,Mumbai,Maharashtra,India
spinny,Automotive,Gurgaon,2058.4,Series E,"Abu Dhabi Growth Fund, Tiger Global",2021,November,Mobility / Automotive / EV,Gurgaon,Haryana,India
rentomojo,Furniture Rental,Bangalore,83.0,Unknown,"Accel, Bain Capital",2021,November,Enterprise / SaaS,Bangalore,Karnataka,India
slice,Fintech,Bangalore,1826.0,Series B,"Tiger Global, Insight Partners",2021,November,FinTech,Bangalore,Karnataka,India
21k school,Edtech,Bangalore,41.5,Pre-Series A,Ronnie Screwvala,2021,November,Enterprise / SaaS,Bangalore,Karnataka,India
adda247,Edtech,Gurgaon,166.0,Series B,Westbridge Capital,2021,November,Enterprise / SaaS,Gurgaon,Haryana,India
loop health,Hospital & Health Care,Pune,99.6,Unknown,"Elevation, General Catalyst",2021,October,HealthTech,Pune,Maharashtra,India
rupifi,Fintech,Bangalore,8.3,Debt,Alteria Capital,2021,October,FinTech,Bangalore,Karnataka,India
renee cosmetics,Cosmetics,Ahmedabad,12.45,Pre-Series A,"Equanimity Ventures, 9Unicorns",2021,October,Consumer Goods / D2C,Ahmedabad,Gujarat,India
svish,Consumer Goods,Gurgaon,3.32,Seed,Nueva,2021,October,Consumer Internet,Gurgaon,Haryana,India
progcap,Fintech,Delhi,249.0,Series C,Tiger Global,2021,October,FinTech,Delhi,Delhi,India
smartstaff,Recruitment,Bangalore,35.69,Unknown,"Blume Ventures, Nexus Venture Partners",2021,October,Enterprise / SaaS,Bangalore,Karnataka,India
dmoksha homes,Textiles,Mumbai,4.73,Seed,"Apoorva Sharma, The Chenunknowni Angels, Karthik Bhat",2021,October,Others,Mumbai,Maharashtra,India
ans commerce,Ecommerce,Gurgaon,18.26,Pre-Series A,"Gokul Rajaram, Venture Catalysts",2021,October,Ecommerce / Retail,Gurgaon,Haryana,India
mobileware,Information Technology &,Mumbai,39.01,Unknown,Kvanto Payment Services,2021,October,Enterprise / SaaS,Mumbai,Maharashtra,India
gramcover,Insurance,Noida,58.1,Series A,"Siaunknown Capital, Inflexor Ventures, Stride Ventures",2021,October,FinTech,Noida,Uttar Pradesh,India
byjus,Edtech,Bangalore,2490.0,Unknown,"Oxshott Capital Partners, Xn Exponent, Edelweiss",2021,October,Enterprise / SaaS,Bangalore,Karnataka,India
hyperface,Information Technology &,Bangalore,10.79,Unknown,"Kuunknownl Shah, Better Capital",2021,October,Enterprise / SaaS,Bangalore,Karnataka,India
licious,Food,Bangalore,431.6,Series G,Unknown,2021,October,FoodTech,Bangalore,Karnataka,India
chalo,Mobility,Mumbai,332.0,Series C,"Lightrock India, Filter Capital",2021,October,Enterprise / SaaS,Mumbai,Maharashtra,India
kaar,Information Technology &,Chennai,33.2,Unknown,Blacksoil,2021,October,Enterprise / SaaS,Chennai,Tamil Nadu,India
sunstone eduversity,Edtech,Gurgaon,232.4,Series B,Westbridge Capital,2021,October,Enterprise / SaaS,Gurgaon,Haryana,India
ozonetel,Telecommunications,Hyderabad,41.5,Series A,Stakeboat Capital,2021,October,Ecommerce / Retail,Hyderabad,Telangana,India
coinswitch kuber,Crypto,Bangalore,2158.0,Series C,"Coinbase Ventures, Andreessen Horowitz",2021,October,Others,Bangalore,Karnataka,India
pazcare,Insurance,Bangalore,29.05,Seed,"Beenext, 3One4 Capital",2021,October,FinTech,Bangalore,Karnataka,India
kwh bikes,Automotive,Bangalore,16.6,Seed,"Let’S Venture, Better Capital",2021,October,Mobility / Automotive / EV,Bangalore,Karnataka,India
ibsfintech,Information Technology &,Bangalore,8.3,Pre-Series A,Unknown,2021,October,Enterprise / SaaS,Bangalore,Karnataka,India
twin health,Healthcare,Chennai,1162.0,Series C,"Sequoia Capital, Iconiq Capital, Perceptive Advisors",2021,October,HealthTech,Chennai,Tamil Nadu,India
trica,Equity Management,Mumbai,24.9,Seed,Letsventure,2021,October,Enterprise / SaaS,Mumbai,Maharashtra,India
rebel foods,Cloud Kitchen,Mumbai,1452.5,Series F,Qatar Investment Authority,2021,October,FoodTech,Mumbai,Maharashtra,India
profitwheel,Marketing & Advertising,Mumbai,24.9,Seed,"Netcore Cloud, Vallabh Bhansali, Jimmy Mahtani",2021,October,Marketing / AdTech,Mumbai,Maharashtra,India
log 9 materials,Nanotechnology,Bangalore,16.6,Unknown,Petrounknowns Ventures,2021,October,Enterprise / SaaS,Bangalore,Karnataka,India
chingari,Entertainment,Bangalore,157.7,Unknown,Solaunknown,2021,October,Artificial Intelligence,Bangalore,Karnataka,India
ishitva,Computer Software,Ahmedabad,8.3,Pre-Series A,Inflection Point Ventures,2021,October,Enterprise / SaaS,Ahmedabad,Gujarat,India
ola,Automotive,Bangalore,1660.0,Unknown,"Falcon Edge, SoftBank",2021,October,Mobility / Automotive / EV,Bangalore,Karnataka,India
leapclub,Community,Gurgaon,6.72,Pre-Series A,"Enzia Ventures, Kuunknownl Shah",2021,October,Enterprise / SaaS,Gurgaon,Haryana,India
f5,Retail,Delhi,4.98,Pre-Series A,Auxano Capital,2021,October,Ecommerce / Retail,Delhi,Delhi,India
foreignadmits,Higher Education,Bangalore,3.32,Seed,Unicorn India Ventures,2021,October,EdTech,Bangalore,Karnataka,India
salt,Fintech,Bangalore,4.15,Pre-Seed,"Prashant Pansare, Supermorpheus",2021,October,FinTech,Bangalore,Karnataka,India
earnwealth,Fintech,Pune,4.15,Pre-Series A,Unknown,2021,October,FinTech,Pune,Maharashtra,India
visit health,Healthcare,Delhi,62.25,Unknown,Docprime Technologies,2021,October,HealthTech,Delhi,Delhi,India
craterclub,Media,Bangalore,5.81,Seed,Lc Nueva Aif,2021,October,HealthTech,Bangalore,Karnataka,India
nftically,Nft,Gurgaon,8.3,Seed,"Nitish Mittersain, Gaurav Munjal",2021,October,Others,Gurgaon,Haryana,India
reshamandi,B2B,Bangalore,249.0,Series A,"9Unicorns, Venture Catalysts, Sandeep Singhal",2021,October,Enterprise / SaaS,Bangalore,Karnataka,India
zetwerk,Mechanical Or Industrial Engineering,Bangalore,4980.0,Unknown,Tradecred,2021,October,Others,Bangalore,Karnataka,India
hubilo,Software,Ahmedabad,1037.5,Series B,Alkeon Capital,2021,October,Enterprise / SaaS,Ahmedabad,Gujarat,India
m2p fintech,Fintech,Chennai,290.5,Series C,Tiger Global,2021,October,FinTech,Chennai,Tamil Nadu,India
open financial,Fintech,Bangalore,747.0,Series C,"Temasek, Google, Sbi Investment",2021,October,FinTech,Bangalore,Karnataka,India
niro,Fintech,Bangalore,29.05,Seed,Elevar Equity,2021,October,FinTech,Bangalore,Karnataka,India
wiingy,Edtech,Bangalore,3.32,Unknown,Aroa Ventures,2021,October,Enterprise / SaaS,Bangalore,Karnataka,India
car dekho,Automotive,Jaipur,2075.0,Series E,Unknown,2021,October,Mobility / Automotive / EV,Jaipur,Rajasthan,India
melorra,D2C Jewellery,Bangalore,199.2,Unknown,"9Unicorns, Symphony Interunknowntiounknownl Holdings Limited, Value Quest",2021,October,Ecommerce / Retail,Bangalore,Karnataka,India
anka summor,Sales And Distribution,Bangalore,8.3,Pre-Series A,Inflection Point Ventures,2021,October,Others,Bangalore,Karnataka,India
tochai,SaaS,Mumbai,91.3,Series A,Unknown,2021,October,Enterprise / SaaS,Mumbai,Maharashtra,India
playto labs,Edtech,Bangalore,4.15,Seed,Inflection Point Ventures,2021,October,Enterprise / SaaS,Bangalore,Karnataka,India
fraazo,Food,Mumbai,415.0,Series B,Westbridge Capital,2021,October,FoodTech,Mumbai,Maharashtra,India
arcana,Information Technology &,Bangalore,19.09,Unknown,"Republic Crypto, Woodstock, Dcg, Sahil Lavingia",2021,October,Enterprise / SaaS,Bangalore,Karnataka,India
flocareer,Information,Bangalore,47.31,Series A,Data Point Capital,2021,October,Others,Bangalore,Karnataka,India
nap chief,Apparel & Fashion,Mumbai,1.66,Seed,Titan Capital,2021,October,Consumer Goods / D2C,Mumbai,Maharashtra,India
acknoledger,Crypto,Mumbai,12.45,Seed,"Momentum 6, Basics Capital, Krypital Capital, Shima Capital, Magnus Capital",2021,October,Others,Mumbai,Maharashtra,India
applicateai,Information Technology &,Gurgaon,249.0,Series A,Unknown,2021,October,Enterprise / SaaS,Gurgaon,Haryana,India
vlcc health care,Healthcare,Gurgaon,33.2,Unknown,Unknown,2021,October,HealthTech,Gurgaon,Haryana,India
duroflex,Furniture,Bangalore,498.0,Unknown,Norwest Venture Partners,2021,October,Enterprise / SaaS,Bangalore,Karnataka,India
aviom,Fintech,Bhilwara,66.4,Series C,Sabre Partners,2021,October,FinTech,,,
onato,Computer Software,Bangalore,18.26,Unknown,"Vertex Ventures, Omnivore",2021,October,Enterprise / SaaS,Bangalore,Karnataka,India
mestastop,Biotechnology,Bangalore,0.83,Unknown,Ciie.Co,2021,October,Enterprise / SaaS,Bangalore,Karnataka,India
saas labs,SaaS,Noida,141.1,Series A,"Base 10 Partners, Eight Roads Ventures",2021,October,Enterprise / SaaS,Noida,Uttar Pradesh,India
devnagri,Translation & Localization,Noida,4.98,Seed,"Enture Catalyst, Ipv",2021,October,Others,Noida,Uttar Pradesh,India
cred,Fintech,Bangalore,2075.0,Series E,"Tiger Global, Falcon Edge",2021,October,FinTech,Bangalore,Karnataka,India
convegenius,Edtech,Noida,41.5,Pre-Seed,"Bace Capital, Heritas Capital, 3Lines Venture Capital",2021,October,Enterprise / SaaS,Noida,Uttar Pradesh,India
totality,Entertainment,Gurgaon,8.3,Unknown,"Leo Capital, Mayfield Fund",2021,October,Artificial Intelligence,Gurgaon,Haryana,India
credable,Fintech,Mumbai,249.0,Series B,"Plutus Wealth, Oaks Asset Maunknowngement",2021,October,FinTech,Mumbai,Maharashtra,India
marketwolf,Fintech,Mumbai,45.65,Seed,"Anil Thadani, Ashutosh Sinha, Roy Van Leeuwen",2021,October,FinTech,Mumbai,Maharashtra,India
wondrlab,Marketing & Advertising,Mumbai,58.1,Pre-Series A,"Pi Ventures Llp, Taunknowns Capital, Prodapt Holdings",2021,October,Marketing / AdTech,Mumbai,Maharashtra,India
sun mobility,Automotive,Bangalore,415.0,Unknown,Vitol,2021,October,Mobility / Automotive / EV,Bangalore,Karnataka,India
tamasha,Entertainment,Mumbai,24.9,Pre-Series A,Chiratae Ventures,2021,October,Artificial Intelligence,Mumbai,Maharashtra,India
revfin,Fintech,Delhi,33.2,Pre-Series A,"Ruchirans Jaipuria, Rishi Kajaria",2021,October,FinTech,Delhi,Delhi,India
yu foodlabs,Food,Gurgaon,8.3,Pre-Series A,"Manish Choksi, Varun Vakil",2021,October,FoodTech,Gurgaon,Haryana,India
mergerdomo,Investment Banking,Delhi,4.15,Unknown,Nadir B Godrej,2021,October,FinTech,Delhi,Delhi,India
farmart,Farming,Gurgaon,83.0,Series A,Matrix Partners,2021,October,AgriTech,Gurgaon,Haryana,India
questt,Edtech,Gurgaon,56.02,Series A,Celesta Capital,2021,October,Enterprise / SaaS,Gurgaon,Haryana,India
idfy,Information Technology &,Mumbai,83.0,Series D,"Transunion, Blume Ventures",2021,October,Enterprise / SaaS,Mumbai,Maharashtra,India
cleardekho,Retail,Ghaziabad,33.2,Pre-Series A,Aroa Ventures,2021,October,Ecommerce / Retail,Delhi,Uttar Pradesh,India
bookingjini,Hospitality,Gurgaon,9.96,Pre-Series A,Mumbai Angels Network,2021,October,HealthTech,Gurgaon,Haryana,India
sourcewiz,Information Technology &,Gurgaon,24.9,Seed,"Blume Ventures, Alpha Wave Incubation",2021,October,Enterprise / SaaS,Gurgaon,Haryana,India
tvasta,Mechanical Or Industrial Engineering,Chennai,3.32,Unknown,Habitat For Humanity Interunknowntiounknownl,2021,October,Others,Chennai,Tamil Nadu,India
kafqa academy,Edtech,Bangalore,10.79,Seed,"Global Founders Capital, Enzia Ventures, Better Capital",2021,October,Enterprise / SaaS,Bangalore,Karnataka,India
trell,Social Commerce,Bangalore,830.0,Unknown,Amazon,2021,October,Ecommerce / Retail,Bangalore,Karnataka,India
storia,Food,Mumbai,49.8,Series A,Sixth Sense Ventures,2021,October,FoodTech,Mumbai,Maharashtra,India
clear,Computer Software,Bangalore,622.5,Series C,"Kora Capital, Stripe, Alua Capital",2021,October,Enterprise / SaaS,Bangalore,Karnataka,India
groww,Fintech,Bangalore,2075.0,Series E,Iconiq Growth,2021,October,FinTech,Bangalore,Karnataka,India
the indus valley,Consumer Goods,Chennai,9.13,Unknown,"Rukam Capital, Dsg Consumer Partners, The Chenunknowni Angels",2021,October,Consumer Internet,Chennai,Tamil Nadu,India
bharat pe,Fintech,Delhi,83.0,Unknown,Mas Fiunknownncial Services,2021,October,FinTech,Delhi,Delhi,India
teachmint,Edtech,Bangalore,647.4,Series B,"Rocketship.Vc, Vulcan Capital",2021,October,Enterprise / SaaS,Bangalore,Karnataka,India
porter,Logistics,Bangalore,830.0,Series E,"Tiger Global, Vitruvian Partners",2021,October,Logistics / Supply Chain,Bangalore,Karnataka,India
o4s,Information Technology &,Gurgaon,49.8,Series A,"Think Investments, Venture Highway",2021,October,Enterprise / SaaS,Gurgaon,Haryana,India
wobb,Marketing,Gurgaon,1.66,Pre-Seed,"Alok Kohli, Sanjeev Bhargava",2021,October,Marketing / AdTech,Gurgaon,Haryana,India
basic home loan,Fintech,Gurgaon,29.05,Series A,"Venture Catalysts, Gruhas Proptech",2021,October,FinTech,Gurgaon,Haryana,India
siply,Fintech,Bangalore,26.56,Pre-Series A,"Letsventure, Angellist India, Founder'S Room Circle",2021,October,FinTech,Bangalore,Karnataka,India
banksathi,Fintech,Delhi,4.15,Unknown,"Dinesh Godara, Anuj Ahuja, Aditya",2021,October,FinTech,Delhi,Delhi,India
gramophone,Agritech,Indore,83.0,Unknown,Z3Partners,2021,October,AgriTech,Indore,Madhya Pradesh,India
healofy,Femtech,Bangalore,49.8,Series B,"Celesta Capital, Omidyar Network India",2021,October,HealthTech,Bangalore,Karnataka,India
e42,Computer Software,Pune,44.82,Series A,Pavestone Ventures,2021,October,Enterprise / SaaS,Pune,Maharashtra,India
spottabl,Human Resources,Bangalore,3.32,Seed,"Letsventure, Paradigm Shift Vc, Binny Bansal",2021,October,Others,Bangalore,Karnataka,India
dehaat,Information Technology &,Gurgaon,954.5,Series D,"Sofiunknown, Lightrock India, Temasek",2021,October,Enterprise / SaaS,Gurgaon,Haryana,India
zolve,Fintech,Bangalore,332.0,Series A,Dst Global,2021,October,FinTech,Bangalore,Karnataka,India
instoried,Computer Software,Bangalore,66.4,Unknown,"Pritt Investment Partners, 9Unicorns",2021,October,Enterprise / SaaS,Bangalore,Karnataka,India
sportzchain,Sports,Mumbai,3.32,Pre-Seed,"Darq Capital, Jagadeesh Atukuri",2021,October,Media / Entertainment / Gaming,Mumbai,Maharashtra,India
hypto,Technology,Chennai,24.9,Seed,Stellaris Venture Partners,2021,October,Enterprise / SaaS,Chennai,Tamil Nadu,India
chupps,Foootwear,Mumbai,9.13,Pre-Series A,Venture Catalysts,2021,October,Others,Mumbai,Maharashtra,India
zenduty,Computer Software,Bangalore,15.77,Pre-Series A,Startupxseed Ventures,2021,October,Enterprise / SaaS,Bangalore,Karnataka,India
r for rabbit,Consumer Goods,Ahmedabad,41.5,Unknown,Xponentia Capital Partners,2021,October,Consumer Internet,Ahmedabad,Gujarat,India
acko,Insurance,Bangalore,2116.5,Series D,"General Atlantic, Multiples",2021,October,FinTech,Bangalore,Karnataka,India
lovelocal,Retail,Mumbai,149.4,Other,Vulcan Capital,2021,October,Ecommerce / Retail,Mumbai,Maharashtra,India
supplynote,Food,Noida,9.96,Pre-Series A,Venture Catalysts,2021,October,FoodTech,Noida,Uttar Pradesh,India
vakilsearch,Legal,Chennai,83.0,Unknown,Incorp India,2021,October,LegalTech,Chennai,Tamil Nadu,India
cloudphysician,Hospital & Health Care,Bangalore,33.2,Pre-Series A,Elevar Equity,2021,October,HealthTech,Bangalore,Karnataka,India
wigglesin,Veterinary,Pune,45.65,Pre-Series A,Anthill Ventures,2021,October,Others,Pune,Maharashtra,India
avanti finance,Fintech,Bangalore,124.5,Series A,"Oikocredit, Nomura, The Bill, Melinda Gates Foundation",2021,October,FinTech,Bangalore,Karnataka,India
vanity wagon,Consumer Goods,Delhi,5.81,Pre-Series A,Inflection Point Ventures,2021,October,Consumer Internet,Delhi,Delhi,India
purplle,Ecommerce,Mumbai,581.0,Unknown,Kedaara,2021,October,Ecommerce / Retail,Mumbai,Maharashtra,India
mfine,Hospital & Health Care,Bangalore,398.4,Series C,"Moore Strategic Ventures, Beenext",2021,September,HealthTech,Bangalore,Karnataka,India
mentza,Edtech,Mumbai,3.32,Seed,Inflection Point Ventures,2021,September,Enterprise / SaaS,Mumbai,Maharashtra,India
connectedh,Hospital & Health Care,Gurgaon,19.09,Seed,"Kalaari Capital, Incubate Fund India",2021,September,HealthTech,Gurgaon,Haryana,India
credavenue,Fintech,Chennai,747.0,Series A,"Sequoia Capital, Lightspeed, Tvs Capital Funds",2021,September,FinTech,Chennai,Tamil Nadu,India
vedantu,Edtech,Bangalore,830.0,Series E,Abc World Asia,2021,September,Enterprise / SaaS,Bangalore,Karnataka,India
exotel,Telecommunications,Bangalore,290.5,Series C,"Iifl Amc, Sistema Asia Fund, Cx Partners, Singularity Growth Opportunities Fund",2021,September,Ecommerce / Retail,Bangalore,Karnataka,India
fantasy akhada,Sports,Gurgaon,16.6,Series A,Prime Securities Limited,2021,September,Media / Entertainment / Gaming,Gurgaon,Haryana,India
meesho,Social Commerce,Bangalore,4731.0,Unknown,"Fidelity, B Capital",2021,September,Ecommerce / Retail,Bangalore,Karnataka,India
cusmat,Computer Software,Hyderabad,0.83,Pre-Series A,We Founder Circle,2021,September,Enterprise / SaaS,Hyderabad,Telangana,India
homeville,Information Technology &,Mumbai,58.1,Unknown,"9Unicorns, Varanium Nexgen Fund",2021,September,Enterprise / SaaS,Mumbai,Maharashtra,India
coinshift,Blockchain,Chandigarh,20.75,Seed,"Sequoia Capital, Sandeep Nailwal",2021,September,Artificial Intelligence,Chandigarh,Chandigarh,India
strip finance,Fintech,Hyderabad,3.32,Seed,"Old Fashion Research, Nothing Research, Tenzor Capital",2021,September,FinTech,Hyderabad,Telangana,India
ola,Automotive,Bangalore,1660.0,Unknown,"Falcon Edge, SoftBank",2021,September,Mobility / Automotive / EV,Bangalore,Karnataka,India
kolo,Construction,Bangalore,4.57,Pre-Seed,Better Capital,2021,September,Real Estate / PropTech,Bangalore,Karnataka,India
chqbook,Fintech,Gurgaon,41.5,Other,"Aavishkaar Capital, Rajiv Dadlani Group",2021,September,FinTech,Gurgaon,Haryana,India
ev plugs,Information Technology &,Gurgaon,1.25,Unknown,Unknown,2021,September,Enterprise / SaaS,Gurgaon,Haryana,India
rulezero,Fintech,Bangalore,20.75,Seed,The Treasury,2021,September,FinTech,Bangalore,Karnataka,India
credright,Fintech,Hyderabad,22.41,Unknown,"9Unicorns, Spearhead Capital, Venture Catalysts",2021,September,FinTech,Hyderabad,Telangana,India
karbon card,Fintech,Bangalore,99.6,Pre-Series A,"Ramp, Rainfall Ventures, Roka Works, Y Combiunknowntor",2021,September,FinTech,Bangalore,Karnataka,India
auntie fung,Food,Bangalore,3.32,Unknown,India Angel Network,2021,September,FoodTech,Bangalore,Karnataka,India
epaylater,Fintech,Mumbai,83.0,Series B,"Responsibility, Blue Ashva Capital, Pravega Ventures",2021,September,FinTech,Mumbai,Maharashtra,India
fittr,Healthcare,Pune,91.3,Series A,"Dream Capital, Elysian Park Ventures",2021,September,HealthTech,Pune,Maharashtra,India
medikabazaar,Healthcare,Mumbai,622.5,Series C,"Cdc Group, Creaegis",2021,September,HealthTech,Mumbai,Maharashtra,India
delhivery,Logistics,Gurgaon,1037.5,Unknown,"Lee Fixel’S Venture Capital Firm, Addition",2021,September,Logistics / Supply Chain,Gurgaon,Haryana,India
akudo,Fintech,Bangalore,34.86,Seed,"Y Combiunknowntor, Jafco Asia, Incubate Fund India, Marquee Angels",2021,September,FinTech,Bangalore,Karnataka,India
sanctum wealth,Investment Management,Mumbai,83.0,Unknown,The Xander Group,2021,September,FinTech,Mumbai,Maharashtra,India
88academics,Edtech,Delhi,24.9,Pre-Series A,Aarin Capital,2021,September,Enterprise / SaaS,Delhi,Delhi,India
sanfe,Healthcare,Delhi,8.3,Series A,"Letsventure, Ajay Garg, Tarun Sharma",2021,September,HealthTech,Delhi,Delhi,India
predictivu,Management Consulting,Gurgaon,12.45,Pre-Seed,Kuunknownl Sarkar,2021,September,Enterprise / SaaS,Gurgaon,Haryana,India
sterling accuris wellness,Hospital & Health Care,Ahmedabad,249.0,Unknown,Morgan Stanley Private Equity Asia,2021,September,HealthTech,Ahmedabad,Gujarat,India
bijnis,B2B,Delhi,249.0,Series B,Westbridge Capital,2021,September,Enterprise / SaaS,Delhi,Delhi,India
capital float,Fintech,Bangalore,415.0,Unknown,Lightrock India,2021,September,FinTech,Bangalore,Karnataka,India
manch,Information Technology &,Bangalore,8.3,Pre-Series A,Bharat Inclusion,2021,September,Enterprise / SaaS,Bangalore,Karnataka,India
glamyo health,Hospital & Health Care,Delhi,24.9,Series A,Aunknownnta Capital,2021,September,HealthTech,Delhi,Delhi,India
cashbook,Fintech,Gurgaon,19.09,Seed,"Jam, Better Tomorrow Ventures",2021,September,FinTech,Gurgaon,Haryana,India
the money club,Fintech,Noida,14.11,Pre-Series A,"Sosv, Venture Catalysts",2021,September,FinTech,Noida,Uttar Pradesh,India
superzop,Retail,Mumbai,33.2,Series A,Incofin’S India Progress Fund,2021,September,Ecommerce / Retail,Mumbai,Maharashtra,India
zypp electric,Logistics,Gurgaon,58.1,Series A,"9Unicorns, Anthill Ventures",2021,September,Logistics / Supply Chain,Gurgaon,Haryana,India
alpha coach,Professional Training & Coaching,Mumbai,9.96,Unknown,Jani Ventures Inc,2021,September,Artificial Intelligence,Mumbai,Maharashtra,India
vro hospitality,Hospitality,Bangalore,24.9,Series A,Creedcap Asia Advisors,2021,September,HealthTech,Bangalore,Karnataka,India
bytexl,Edtech,Hyderabad,1.66,Unknown,Joseph Joy,2021,September,Enterprise / SaaS,Hyderabad,Telangana,India
leena ai,Computer Software,Gurgaon,249.0,Series B,Bessemer Venture Partners,2021,September,Enterprise / SaaS,Gurgaon,Haryana,India
cars24,Automotive,Gurgaon,3735.0,Series F,"Dst Global, Falcon Edge, Softbank Vision Fund 2",2021,September,Mobility / Automotive / EV,Gurgaon,Haryana,India
klub,Fintech,Bangalore,16.6,Debt,Trifecta Capital,2021,September,FinTech,Bangalore,Karnataka,India
bluepad,Online Media,Bangalore,1.66,Pre-Seed,"Titan Capital, Angellist'S Syndicate",2021,September,HealthTech,Bangalore,Karnataka,India
flobiz,Information Technology &,Bangalore,257.3,Series B,Sequoia Capital,2021,September,Enterprise / SaaS,Bangalore,Karnataka,India
tummoc,Mobility,Bangalore,4.48,Seed,"Vineet Singh, Krishunknown D, Deependra Bisht, Alan Aim",2021,September,Enterprise / SaaS,Bangalore,Karnataka,India
design cafe,Design,Bangalore,207.5,Unknown,"Westbridge Capital, Sixth Sense Ventures",2021,September,Others,Bangalore,Karnataka,India
aerchain,Computer Software,Bangalore,24.9,Pre-Series A,"Season Two Ventures, Indiamart",2021,September,Enterprise / SaaS,Bangalore,Karnataka,India
curiousjr,Edtech,Gurgaon,8.3,Seed,"Waterbridge Ventures, Enzia Ventures",2021,September,Enterprise / SaaS,Gurgaon,Haryana,India
wow momo,Food,Kolkata,124.5,Series C,Tree Line Investment Maunknowngement,2021,September,FoodTech,Kolkata,West Bengal,India
supertails,Consumer,Bangalore,5.81,Unknown,Alteria Capital,2021,September,Consumer Internet,Bangalore,Karnataka,India
lifecell,Biotechnology,Chennai,249.0,Unknown,Orbimed Asia Partners,2021,September,Enterprise / SaaS,Chennai,Tamil Nadu,India
zestmoney,Fintech,Bangalore,415.0,Series C,Zip Co,2021,September,FinTech,Bangalore,Karnataka,India
frontrow,Edtech,Bangalore,116.2,Series A,"Eight Roads Ventures, Gsv",2021,September,Enterprise / SaaS,Bangalore,Karnataka,India
happycredit,Fintech,Bangalore,4.98,Pre-Seed,"Kuunknownl Shah, Krishunknown Kumar",2021,September,FinTech,Bangalore,Karnataka,India
endimension,Healtcare,Mumbai,2.49,Seed,Inflection Point Ventures,2021,September,Others,Mumbai,Maharashtra,India
beepkart,Automotive,Bangalore,24.9,Seed,"Stellaris Venture Partners, Chiratae Ventures",2021,September,Mobility / Automotive / EV,Bangalore,Karnataka,India
lio,Computer Software,Pune,41.5,Seed,"Lightspeed, Sequioa",2021,September,Enterprise / SaaS,Pune,Maharashtra,India
travclan,B2B Travel,Delhi,18.26,Pre-Series A,Theventures,2021,September,Enterprise / SaaS,Delhi,Delhi,India
wickedgud,Food,Mumbai,2.82,Pre-Seed,"Titan Capital, Archaunknown Priyadarshini, Gaurav Ahuja",2021,September,FoodTech,Mumbai,Maharashtra,India
enercomp,Information Technology &,Ahmedabad,1.66,Unknown,Ah! Ventures,2021,September,Enterprise / SaaS,Ahmedabad,Gujarat,India
betterplace,Information Technology &,Bangalore,199.2,Series C,"Jungle Ventures, Cx Partners",2021,September,Enterprise / SaaS,Bangalore,Karnataka,India
medpho,Hospital & Health Care,Noida,8.3,Unknown,"Cygnus Medicare Group, Probal Ghoshal, Shuchin Bajaj",2021,September,HealthTech,Noida,Uttar Pradesh,India
livquik technology,Fintech,Mumbai,33.2,Unknown,M2P Fintech,2021,September,FinTech,Mumbai,Maharashtra,India
gtm buddy,Computer Software,Hyderabad,16.6,Seed,Stellaris Venture Partners,2021,September,Enterprise / SaaS,Hyderabad,Telangana,India
gobbly,Retail,Gurgaon,7.47,Pre-Series A,"Anicut Angel Fund, Sauce.Vc",2021,September,Ecommerce / Retail,Gurgaon,Haryana,India
hexahealth,Healthcare,Mumbai,37.35,Seed,"Omidyar Network India, Chiratae Ventures",2021,September,HealthTech,Mumbai,Maharashtra,India
eupheus learning,Edtech,Delhi,83.0,Series C,Lightrock India,2021,September,Enterprise / SaaS,Delhi,Delhi,India
easiloan,Fintech,Mumbai,8.3,Unknown,Tomorrow Capital,2021,September,FinTech,Mumbai,Maharashtra,India
anar,Information Technology &,Mumbai,51.46,Seed,"Elevation Capital, Accel",2021,September,Enterprise / SaaS,Mumbai,Maharashtra,India
shadez,Consumer,Mumbai,1.66,Pre-Series A,Inflection Point Ventures,2021,September,Consumer Internet,Mumbai,Maharashtra,India
vahan,Information Technology &,Bangalore,66.4,Series A,Khosla Ventures,2021,September,Enterprise / SaaS,Bangalore,Karnataka,India
tinkerly,Edtech,Jaipur,6.64,Unknown,Navneet Education,2021,September,Enterprise / SaaS,Jaipur,Rajasthan,India
artium academy,Music,Mumbai,6.22,Seed,"Sonu Nigam, Whiteboard Capital",2021,September,Media / Entertainment / Gaming,Mumbai,Maharashtra,India
awon gamez,Gaming,Noida,16.6,Seed,Aditya Duggar,2021,September,Others,Noida,Uttar Pradesh,India
ayu health,Healthcare,Bangalore,52.29,Series A,"Vertex Ventures, Stellaris Venture Partners",2021,September,HealthTech,Bangalore,Karnataka,India
apna,Recruitment,Bangalore,830.0,Series C,Tiger Global,2021,September,Enterprise / SaaS,Bangalore,Karnataka,India
bharatagri,Agritech,Bangalore,53.95,Series A,"Omnivore, India Quotient",2021,September,AgriTech,Bangalore,Karnataka,India
flatheads,Apparel & Fashion,Bangalore,8.3,Pre-Series A,"We Founder Circle, Dexter Angels",2021,September,Consumer Goods / D2C,Bangalore,Karnataka,India
boutique spirit brands,Wine & Spirits,Delhi,83.0,Unknown,"Iifl﻿, ﻿Anicut Angel Fund﻿, ﻿Kae Capital﻿, Tradecred",2021,September,Enterprise / SaaS,Delhi,Delhi,India
eshipz,SaaS,Bangalore,5.81,Unknown,"Indian Angel Network, Axilor",2021,September,Enterprise / SaaS,Bangalore,Karnataka,India
pine labs,Information Technology &,Noida,830.0,Unknown,Invesco Developing Markets Fund,2021,September,Enterprise / SaaS,Noida,Uttar Pradesh,India
paytail,Fintech,Delhi,12.45,Seed,Cholamandalam,2021,September,FinTech,Delhi,Delhi,India
4fin,Fintech,Pune,9.13,Pre-Seed,Curesense Therapeutics,2021,September,FinTech,Pune,Maharashtra,India
immunitoai,Biotechnology,Bangalore,8.3,Seed,Pi Ventures,2021,September,Enterprise / SaaS,Bangalore,Karnataka,India
gameeon studios,Computer Games,Mumbai,2.66,Unknown,Mumbai Angels Network,2021,September,Media / Entertainment / Gaming,Mumbai,Maharashtra,India
farmers fresh zone,Agritech,Kochi,6.64,Pre-Series A,"Ian Fund, Malabar Angel Network, Native Angel Network",2021,September,AgriTech,Kochi,Kerala,India
anveshan,Food,Bangalore,4.15,Seed,"Dsg Consumer Partners, Titan Capital",2021,September,FoodTech,Bangalore,Karnataka,India
coutloot,Consumer,Mumbai,66.4,Other,"Ameba Capital, 9Unicorns",2021,September,Consumer Internet,Mumbai,Maharashtra,India
nova benefits,Healthcare,Bangalore,83.0,Series A,"Susquehanunknown Interunknowntiounknownl Group, Bessemer Venture Partners",2021,September,HealthTech,Bangalore,Karnataka,India
homelane,Interior Design,Bangalore,415.0,Series E,"Iifl Amc, Oman India Joint Investment Fund",2021,September,Real Estate / PropTech,Bangalore,Karnataka,India
lido learning,Edtech,Mumbai,83.0,Unknown,Unilazer Ventures,2021,September,Enterprise / SaaS,Mumbai,Maharashtra,India
jar,Fintech,Bangalore,37.35,Pre-Series A,"Tribe Capital, Arkam Ventures, Weh, Kuunknownl Shah",2021,September,FinTech,Bangalore,Karnataka,India
peppermint,Industrial Automation,Pune,4.98,Unknown,"Venture Catalysts, Indian Angel Network",2021,September,Mobility / Automotive / EV,Pune,Maharashtra,India
moneyhop,Fintech,London,9.96,Seed,Unknown,2021,September,FinTech,London,,United Kingdom
codingal,Edtech,Bangalore,9.96,Seed,Unknown,2021,September,Enterprise / SaaS,Bangalore,Karnataka,India
skit,AI,Bangalore,190.9,Series B,Westbridge Capital,2021,September,Artificial Intelligence,Bangalore,Karnataka,India
peak,Manchester Greater Manchester,,622.5,Series C,Softbank Vision Fund 2,2021,September,Others,,,
revos,Automotive,Bangalore,33.2,Series A,Unknown,2021,September,Mobility / Automotive / EV,Bangalore,Karnataka,India
dezerv,Investment Management,Mumbai,58.1,Seed,"Elevation Capital, Matrix Partners",2021,September,FinTech,Mumbai,Maharashtra,India
appsforbharat,Product Studio,Bangalore,83.0,Series A,Elevation Capital,2021,September,Others,Bangalore,Karnataka,India
habbit,Edtech,Bangalore,2.66,Pre-Seed,Ashok Goyal,2021,September,Enterprise / SaaS,Bangalore,Karnataka,India
bikayi,Ecommerce,Hyderabad,83.0,Series A,Sequoia Capital,2021,September,Ecommerce / Retail,Hyderabad,Telangana,India
sugarfit,Healthcare,Bangalore,83.0,Unknown,"Cure.Fit, Endiya Partners, Tanglin Venture",2021,September,HealthTech,Bangalore,Karnataka,India
dukaan,Retail,Bangalore,91.3,Series A,"Hof Capital, Old Well Ventures, Letsventure, 9Unicorns",2021,September,Ecommerce / Retail,Bangalore,Karnataka,India
vidyakul,Edtech,Gurgaon,4.15,Bridge,We Founder Circle,2021,September,Enterprise / SaaS,Gurgaon,Haryana,India
goodmylk,Food,Bangalore,8.3,Seed,"Jinisha Sharma, Aditya Agarwal, Victoria, Abhishek Shroff",2021,September,FoodTech,Bangalore,Karnataka,India
fieldproxy,SaaS,Chennai,1.66,Seed,"Letsventure, 2Am Vc, Magic.Fund",2021,September,Enterprise / SaaS,Chennai,Tamil Nadu,India
neuropixelai,Deeptech,Bangalore,6.64,Seed,"Arvind Venugopal Nair, Amritendu Mukherjee",2021,September,Enterprise / SaaS,Bangalore,Karnataka,India
elixia tech,Information Technology &,Mumbai,8.3,Pre-Series A,Rajasthan Venture Capital Fund,2021,September,Enterprise / SaaS,Mumbai,Maharashtra,India
bitscrunch,Blockchain,Chennai,5.81,Seed,"Covalent, Double Peak, Genblock Capital, Ledger Prime, Mexc Global, Syunknownps",2021,September,Artificial Intelligence,Chennai,Tamil Nadu,India
prolgae,Biotechnology,The Nilgiris,1.66,Seed,Vijayan,2021,September,Enterprise / SaaS,,The Nilgiris,India
biddano,Healthcare,Pune,16.6,Pre-Series A,"Gokul Rajaram, Jpin, Venture Catalysts Uk, Angellist",2021,September,HealthTech,Pune,Maharashtra,India
geniemode,B2B,Gurgaon,16.6,Unknown,Info Edge Ventures,2021,September,Enterprise / SaaS,Gurgaon,Haryana,India
neokred,Fintech,Bangalore,4.15,Seed,"Virenxia Group, Rajesh Jain, Nitin Agarwal",2021,September,FinTech,Bangalore,Karnataka,India
delhivery,Logistics,Gurgaon,630.8,Series I,Addition,2021,September,Logistics / Supply Chain,Gurgaon,Haryana,India
flipspaces,Design,Mumbai,16.6,Other,Prashasta Seth,2021,September,Others,Mumbai,Maharashtra,India
fleek,Internet,Bangalore,8.3,Seed,Axilor,2021,September,Consumer Internet,Bangalore,Karnataka,India
gokwik,Information Technology &,Delhi,41.5,Pre-Series A,"Matrix Partners, Jitendra Gupta, Rtp Global",2021,September,Enterprise / SaaS,Delhi,Delhi,India
proeon,Food,Pune,16.6,Seed,"Shaival Desai, Flowstate Ventures",2021,September,FoodTech,Pune,Maharashtra,India
infyu labs,Agritech,Gandhinagar,1.66,Seed,Ian,2021,September,AgriTech,Gandhinagar,Gujarat,India
techeagle,Aviation & Aerospace,Gurgaon,4.15,Seed,India Accelerator,2021,September,SpaceTech,Gurgaon,Haryana,India
voxelgrids,Deeptech,Bangalore,41.5,Unknown,Zoho,2021,September,Enterprise / SaaS,Bangalore,Karnataka,India
cogos,Logistics,Bangalore,16.6,Pre-Series A,Transworld Group,2021,September,Logistics / Supply Chain,Bangalore,Karnataka,India
gigforce,Staffing & Recruiting,Gurgaon,24.9,Pre-Series A,Endiya Partners,2021,September,FinTech,Gurgaon,Haryana,India
vahdam,Food,Delhi,166.0,Series D,Iifl Amc,2021,September,FoodTech,Delhi,Delhi,India
leap finance,Fintech,Bangalore,456.5,Series C,Owl Ventures,2021,September,FinTech,Bangalore,Karnataka,India
collegedekho,Edtech,Gurgaon,215.8,Series B,"Winter Capital, Ets, Man Capital",2021,September,Enterprise / SaaS,Gurgaon,Haryana,India
werize,Fintech,Bangalore,66.4,Series A,"3One4 Capital, Kalaari Capital",2021,September,FinTech,Bangalore,Karnataka,India
factorsai,SaaS,Bangalore,16.6,Unknown,"Elevation Partners, Emergent Ventures",2021,August,Enterprise / SaaS,Bangalore,Karnataka,India
elevar,Sports,Mumbai,16.6,Unknown,"Kalaari Capital, Dream Capital",2021,August,Media / Entertainment / Gaming,Mumbai,Maharashtra,India
studio sirah,Computer Games,Bangalore,6.64,Unknown,Lumikai,2021,August,Media / Entertainment / Gaming,Bangalore,Karnataka,India
oto capital,Fintech,Mumbai,49.8,Unknown,Matrix Partners,2021,August,FinTech,Mumbai,Maharashtra,India
1bridge,Consumer Goods,Bangalore,20.75,Unknown,C4D Partners,2021,August,Consumer Internet,Bangalore,Karnataka,India
skeps,Fintech,Gurgaon,78.85,Unknown,Bertelsmann India,2021,August,FinTech,Gurgaon,Haryana,India
curefoods,Food,Bangalore,107.9,Unknown,"Iron Pillar, Nordstar, Binny Bansal",2021,August,FoodTech,Bangalore,Karnataka,India
tartansense,Information Technology,Bangalore,41.5,Unknown,"Fmc, Omnivore, Blume Ventures",2021,August,Enterprise / SaaS,Bangalore,Karnataka,India
bewakoof,Apparel & Fashion,Mumbai,66.4,Unknown,Investcorp,2021,August,Consumer Goods / D2C,Mumbai,Maharashtra,India
kirana247,Logistics,Delhi,8.3,Unknown,Unknown,2021,August,Logistics / Supply Chain,Delhi,Delhi,India
isgoingonline,Retail,Cochin,1.66,Unknown,"Unicorn India Ventures, Sea Fund, Devdatt Shah",2021,August,Ecommerce / Retail,Kochi,Kerala,India
camp k12,Edtech,Gurgaon,99.6,Unknown,"Matrix Partners, Elevation Capital",2021,August,Enterprise / SaaS,Gurgaon,Haryana,India
elda health,Healthcare,Bangalore,12.45,Unknown,"Avaaunknown Capital, Orios Ventures",2021,August,HealthTech,Bangalore,Karnataka,India
sporjo,Sportstech,Mumbai,16.6,Unknown,Punit Balan,2021,August,Enterprise / SaaS,Mumbai,Maharashtra,India
advantage club,Hrtech,Mumbai,14.11,Unknown,"Y Combiunknowntor, Broom Ventures, Kuunknownl Shah",2021,August,Enterprise / SaaS,Mumbai,Maharashtra,India
supergaming,Gaming,Pune,45.65,Unknown,"Skycatcher, Aet Fund, Bace Capital, Dream Incubator, 1Up Ventures",2021,August,Others,Pune,Maharashtra,India
ruptok,Fintech,Delhi,8.3,Unknown,Eclear Leasing,2021,August,FinTech,Delhi,Delhi,India
tartansense,Information Technology,Bangalore,41.5,Series A,"Fmc, Omnivore, Blume Ventures",2021,August,Enterprise / SaaS,Bangalore,Karnataka,India
kirana247,Logistics,Delhi,8.3,Pre-Series A,Unknown,2021,August,Logistics / Supply Chain,Delhi,Delhi,India
isgoingonline,Retail,Cochin,1.66,Pre-Series A,"Unicorn India Ventures, Sea Fund, Devdatt Shah",2021,August,Ecommerce / Retail,Kochi,Kerala,India
camp k12,Edtech,Gurgaon,99.6,Series A,"Matrix Partners, Elevation Capital",2021,August,Enterprise / SaaS,Gurgaon,Haryana,India
elda health,Healthcare,Bangalore,12.45,Seed,"Avaaunknown Capital, Orios Ventures",2021,August,HealthTech,Bangalore,Karnataka,India
sporjo,Sportstech,Mumbai,16.6,Pre-Series A,Punit Balan,2021,August,Enterprise / SaaS,Mumbai,Maharashtra,India
supergaming,Gaming,Pune,45.65,Series A,"Skycatcher, Aet Fund, Bace Capital, Dream Incubator, 1Up Ventures",2021,August,Others,Pune,Maharashtra,India
o be cocktails,Wine & Spirits,Bangalore,3.32,Unknown,"First Cheque, Letsventure",2021,August,Enterprise / SaaS,Bangalore,Karnataka,India
zetwerk,Mechanical & Industrial Engineering,Bangalore,1245.0,Series E,Unknown,2021,August,Others,Bangalore,Karnataka,India
appsforbharat,Spiritual,Bangalore,33.2,Seed,"Sequoia Capital, Beenext",2021,August,Enterprise / SaaS,Bangalore,Karnataka,India
khatabook,Fintech,Bangalore,830.0,Series C,"Tribe Capital, Moore Strategic Ventures (Msv)",2021,August,FinTech,Bangalore,Karnataka,India
smytten,Consumer Goods,Gurgaon,49.8,Series A,Fireside Ventures,2021,August,Consumer Internet,Gurgaon,Haryana,India
syook,Industrial Automation,Bangalore,8.3,Series A,"Inflection Point Ventures, Ongc",2021,August,Mobility / Automotive / EV,Bangalore,Karnataka,India
noto,Consumer Goods,Mumbai,4.15,Pre-Series A,"Titan Capital, Rockstud Capital, John Abraham, Weh Ventures",2021,August,Consumer Internet,Mumbai,Maharashtra,India
lumiq,Information Technology,Noida,16.6,Seed,Info Edge Ventures,2021,August,Enterprise / SaaS,Noida,Uttar Pradesh,India
breathe wellbeing,Healthcare,Gurgaon,45.65,Series A,Accel,2021,August,HealthTech,Gurgaon,Haryana,India
house of kieraya,Lifestyle,Bangalore,124.5,Unknown,Tradecred,2021,August,Others,Bangalore,Karnataka,India
goegonetwork,Automotive,Pune,16.6,Unknown,Unknown,2021,August,Mobility / Automotive / EV,Pune,Maharashtra,India
probus,Iot,Delhi,4.15,Bridge,Unicorn India Ventures,2021,August,Others,Delhi,Delhi,India
drinkprime,Consumer Goods,Bangalore,8.3,Unknown,"Uc Inclusive Credit, Western Capital",2021,August,Consumer Internet,Bangalore,Karnataka,India
smart express,Logistics,Mumbai,83.0,Seed,"Iifl India Private Equity Fund, Smiti Holding, Trading Company",2021,August,Logistics / Supply Chain,Mumbai,Maharashtra,India
smallcase,Fintech,Bangalore,332.0,Series C,Faering Capital,2021,August,FinTech,Bangalore,Karnataka,India
satya microcapital,Banking,Delhi,83.0,Unknown,"Responsability Investments, Blue Orchard",2021,August,FinTech,Delhi,Delhi,India
postman,Computer Software,Bangalore,1867.5,Series D,"Crv, Nexus Venture Partners",2021,August,Enterprise / SaaS,Bangalore,Karnataka,India
hashnode,Computer Software,Bangalore,55.61,Series A,"Salesforce Ventures, Sierra Ventures, Sequoia Capital India’S Surge",2021,August,Enterprise / SaaS,Bangalore,Karnataka,India
racenergy,Automotive,Hyderabad,10.79,Seed,"Micelio Fund, Growx Ventures",2021,August,Mobility / Automotive / EV,Hyderabad,Telangana,India
bharat pe,Fintech,Delhi,166.0,Debt,"Iifl Wealth, Asset Maunknowngement, Northern Arc Capital",2021,August,FinTech,Delhi,Delhi,India
gyde,Computer Software,Pune,2.08,Seed,"Better Capital, Ashish Achrekar",2021,August,Enterprise / SaaS,Pune,Maharashtra,India
agnext,Agritech,Chandigarh,174.3,Series A,Alpha Wave Incubation,2021,August,AgriTech,Chandigarh,Chandigarh,India
xpresslane,Technology,Bangalore,3.32,Pre-Seed,"Point One Capital, Yatra Angel Network (Yan), Opus Consulting, Manipal Technologies.",2021,August,Enterprise / SaaS,Bangalore,Karnataka,India
loankuber,Digital Mortgage,Delhi,9.96,Pre-Series A,Unknown,2021,August,Enterprise / SaaS,Delhi,Delhi,India
oyo,Hospitality,Gurgaon,41.5,Series F,Microsoft,2021,August,HealthTech,Gurgaon,Haryana,India
rapido,Information Technology &,Bangalore,431.6,Unknown,"Shell Ventures, Yamaha, Kuunknownl Shah",2021,August,Enterprise / SaaS,Bangalore,Karnataka,India
ypay,Fintech,Noida,3.32,Unknown,We Founder Circle,2021,August,FinTech,Noida,Uttar Pradesh,India
sleepycat,Furniture,Mumbai,31.54,Unknown,"Saama Capital, Dsg Consumer Partners, Sharrp Ventures",2021,August,Enterprise / SaaS,Mumbai,Maharashtra,India
ultrahuman,Healthcare,Bangalore,145.25,Unknown,Tiger Global’S Scott Schleifer,2021,August,HealthTech,Bangalore,Karnataka,India
upscalio,Ecommerce,Gurgaon,348.6,Unknown,Unknown,2021,August,Ecommerce / Retail,Gurgaon,Haryana,India
yellow class,Edtech,Gurgaon,49.8,Unknown,Elevation Capital,2021,August,Enterprise / SaaS,Gurgaon,Haryana,India
yojak,B2B,Gurgaon,31.54,Unknown,Info Edge Ventures,2021,August,Enterprise / SaaS,Gurgaon,Haryana,India
creatorstack,Computer Software,Bangalore,16.6,Unknown,Accel,2021,August,Enterprise / SaaS,Bangalore,Karnataka,India
expertrons,Edtech,Mumbai,19.09,Unknown,"Venture Catalysts, Auxano Capital, Venture Garage, Yoga Capital, Ah!Ventures, Lead Angels",2021,August,Enterprise / SaaS,Mumbai,Maharashtra,India
rage coffee,Food,Delhi,41.5,Unknown,Sixth Sense Ventures,2021,August,FoodTech,Delhi,Delhi,India
klub,Fintech,Bangalore,166.0,Unknown,"9Unicorns, Sequoia Capital India’S Surge",2021,August,FinTech,Bangalore,Karnataka,India
navia life care,Healtcare,Delhi,8.3,Unknown,"Anicut Angel Fund, 9 Unicorns",2021,August,Others,Delhi,Delhi,India
1k kirana bazaar,Retail,Gurgaon,58.1,Unknown,"Info Edge, Falconedge",2021,August,Ecommerce / Retail,Gurgaon,Haryana,India
zupee,Gaming,Gurgaon,249.0,Unknown,"Westcap Group, Tomales Bay Capital",2021,August,Others,Gurgaon,Haryana,India
localeai,Location Analytics,Bangalore,8.3,Unknown,"Chiratae Ventures, Better Capital",2021,August,Analytics / Big Data,Bangalore,Karnataka,India
verse innovation,Media,Bangalore,3735.0,Unknown,"Siguler Guff, Baillie Gifford",2021,August,HealthTech,Bangalore,Karnataka,India
miko,Consumer Electronics,Mumbai,232.4,Unknown,"Iifl Amc, Mankind Pharma Family Office, Aroa Ventures",2021,August,Consumer Internet,Mumbai,Maharashtra,India
whiz league,Edtech,Delhi,2.49,Unknown,Iti Growth Opportunities,2021,August,Enterprise / SaaS,Delhi,Delhi,India
hash,Tobacco,Delhi,29.05,Unknown,Amrac Investment Trust,2021,August,Others,Delhi,Delhi,India
log 9 materials,Deeptech,Bangalore,70.55,Series A,Amara Raja Batteries,2021,August,Enterprise / SaaS,Bangalore,Karnataka,India
upgrad,Edtech,Mumbai,207.5,Unknown,India Infoline Fiunknownnce,2021,August,Enterprise / SaaS,Mumbai,Maharashtra,India
flashprep,Edtech,Bangalore,4.15,Pre-Seed,Venture Highway,2021,August,Enterprise / SaaS,Bangalore,Karnataka,India
kenko health,Fintech,Mumbai,14.11,Pre-Series A,"Beenext, Orios",2021,August,FinTech,Mumbai,Maharashtra,India
wiz freight,Logistics,Chennai,29.05,Seed,Axilor,2021,August,Logistics / Supply Chain,Chennai,Tamil Nadu,India
credgenics,Fintech,Delhi,207.5,Series A,"Westbridge Capital, Tanglin Venture Partners",2021,August,FinTech,Delhi,Delhi,India
bluelearn,Edtech,Goa,3.32,Pre-Seed,"100X.Vc﻿, ﻿ Titan Capital, Rahul Mathur, Gaurav Mandlecha",2021,August,Enterprise / SaaS,Panaji,Goa,India
nimbleboxai,Mlops,Chennai,8.3,Seed,Venture Catalysts,2021,August,Artificial Intelligence,Chennai,Tamil Nadu,India
pickrr,Logistics,Gurgaon,99.6,Series B,"Iifl, Amicus Capital, Aunknownnta Capital",2021,August,Logistics / Supply Chain,Gurgaon,Haryana,India
stellaris venture partners,Venture Capital,Bangalore,1867.5,Unknown,Unknown,2021,August,Enterprise / SaaS,Bangalore,Karnataka,India
grip invest,Fintech,Gurgaon,24.9,Series A,"Venture Highway, Endiya Partners",2021,August,FinTech,Gurgaon,Haryana,India
heads up for tails,Pet Care,Delhi,307.1,Series A,"Verlinvest, Sequoia Capital",2021,August,Others,Delhi,Delhi,India
blue tokai coffee roasters,Food,Delhi,16.6,Other,Anicut Angel Fund,2021,August,FoodTech,Delhi,Delhi,India
neeman,Consumer Goods,Hyderabad,16.6,Series A,Sixth Sense Ventures,2021,August,Consumer Internet,Hyderabad,Telangana,India
bharat pe,Fintech,Delhi,3071.0,Series E,Tiger Global,2021,August,FinTech,Delhi,Delhi,India
gosats,Fintech,Bangalore,5.81,Seed,"Alphabit Fund, Fulgur Ventures, Stacks Accelerator, Sbx Capital",2021,August,FinTech,Bangalore,Karnataka,India
stockgro,Fintech,Bangalore,41.5,Pre-Series A,"Roots Ventures, Velo Partners",2021,August,FinTech,Bangalore,Karnataka,India
onsurity,Healthcare,Bangalore,132.8,Series A,Nexus Venture Partners,2021,August,HealthTech,Bangalore,Karnataka,India
khabri,Media,Gurgaon,16.6,Pre-Series A,Unknown,2021,August,HealthTech,Gurgaon,Haryana,India
celcius,Logistics,Mumbai,4.15,Unknown,"Mumbai Angels Network, Huddle, Lumis Partners",2021,August,Logistics / Supply Chain,Mumbai,Maharashtra,India
rocket skills,Edtech,Gurgaon,1.66,Pre-Seed,"Better Capital, First Cheque, Titan Capital",2021,August,Enterprise / SaaS,Gurgaon,Haryana,India
renewbuy,Fintech,Gurgaon,83.0,Series C,Evolvence Capital,2021,August,FinTech,Gurgaon,Haryana,India
faarms,Agritech,Bangalore,16.6,Seed,Unknown,2021,August,AgriTech,Bangalore,Karnataka,India
urbanmatrix,Drone,Chennai,0.83,Unknown,Sara Elgi,2021,August,Others,Chennai,Tamil Nadu,India
jupiter,Banking,Mumbai,365.2,Series B,"Nubank, Global Founders Capital, Sequoia Capital, Matrix Partners",2021,August,FinTech,Mumbai,Maharashtra,India
pixuate,Deeptech,Bangalore,8.3,Seed,Sucseed Indovation Fund,2021,August,Enterprise / SaaS,Bangalore,Karnataka,India
playo,Sportstech,Bangalore,4.15,Pre-Series A,Ah! Ventures High Tables,2021,August,Enterprise / SaaS,Bangalore,Karnataka,India
toothsi,Healthcare,Mumbai,166.0,Series B,"Eight Roads Ventures, Think Investments, Mankekar Family Office",2021,August,HealthTech,Mumbai,Maharashtra,India
soothe healthcare,Consumer Goods,Delhi,83.0,Series C,A91 Partners,2021,August,Consumer Internet,Delhi,Delhi,India
goodmeetings,Computer Software,Bangalore,14.11,Series A,Chiratae Ventures,2021,August,Enterprise / SaaS,Bangalore,Karnataka,India
apnaklub,Wholesale,Bangalore,29.05,Seed,Sequoia’S Surge,2021,August,Others,Bangalore,Karnataka,India
chefkart,Consumer Goods,Gurgaon,2.49,Pre-Seed,"Lead Angels, Titan Capital, Pravega Ventures",2021,August,Consumer Internet,Gurgaon,Haryana,India
fashinza,Apparel & Fashion,Gurgaon,166.0,Series A,"Accel, Elevation Capital",2021,August,Consumer Goods / D2C,Gurgaon,Haryana,India
quickshift,Logistics,Pune,6.39,Seed,"Anicut Angel Fund, Axilor Ventures",2021,August,Logistics / Supply Chain,Pune,Maharashtra,India
stackbox,Logistics,Bangalore,9.96,Unknown,"Ecosystem Ventures, Cmm Group",2021,August,Logistics / Supply Chain,Bangalore,Karnataka,India
inframarket,Construction,Thane,1037.5,Series D,Tiger Global,2021,August,Real Estate / PropTech,Mumbai,Maharashtra,India
sp robotic works,Edtech,Chennai,24.9,Series A,Mount Judi India Growth Fund,2021,July,Enterprise / SaaS,Chennai,Tamil Nadu,India
3sc,Logistics,Gurgaon,124.5,Series B,Gef Capital’S South Asia Fund,2021,July,Logistics / Supply Chain,Gurgaon,Haryana,India
chai waale,Food,Chennai,4.98,Unknown,"Sunil Sethia, Sunil Kumar Singhvi, Manish Mardia",2021,July,FoodTech,Chennai,Tamil Nadu,India
minimalist,Cosmetics,Jaipur,83.0,Series A,Sequoia Capital,2021,July,Consumer Goods / D2C,Jaipur,Rajasthan,India
biconomy,Blockchain,Delhi,74.7,Unknown,"Mechanism Capital, Dacm",2021,July,Artificial Intelligence,Delhi,Delhi,India
fixcraft,Automotive,Gurgaon,8.3,Pre-Series A,Unknown,2021,July,Mobility / Automotive / EV,Gurgaon,Haryana,India
slice,Fintech,Bangalore,83.0,Unknown,"Northern Arc Capital, Niyogin Fintech Limited, Credit Saison India, Vivriti Capital",2021,July,FinTech,Bangalore,Karnataka,India
90 my tuition app,Edtech,Bangalore,41.5,Series A,Pearl Investment Llc,2021,July,Enterprise / SaaS,Bangalore,Karnataka,India
wasabi,Consulting,Bangalore,14.94,Seed,"021 Capital, Sparrow Capital",2021,July,Enterprise / SaaS,Bangalore,Karnataka,India
strata,Real Estate,Bangalore,49.8,Series A,"Kotak Investment Advisors Limited, Gruhas Proptech",2021,July,Real Estate / PropTech,Bangalore,Karnataka,India
ourbetterplanet,Ecommerce,Bangalore,2.49,Seed,Vans Group,2021,July,Ecommerce / Retail,Bangalore,Karnataka,India
murfai,SaaS,Bangalore,12.45,Seed,Elevation Capital,2021,July,Enterprise / SaaS,Bangalore,Karnataka,India
jetsynthesys,Media,Pune,16.6,Unknown,Sachin Tendulkar,2021,July,HealthTech,Pune,Maharashtra,India
myfitness,Fitness,Silvassa,8.3,Seed,9Unicorns,2021,July,Enterprise / SaaS,Silvassa,Dadra and Nagar Haveli,India
i am love,Healthcare,Mumbai,33.2,Seed,Xentel Investments,2021,July,HealthTech,Mumbai,Maharashtra,India
myglamm,D2C,Mumbai,332.0,Unknown,Accel,2021,July,Ecommerce / Retail,Mumbai,Maharashtra,India
gumlet,It,Bangalore,13.28,Unknown,Sequoia’S Surge,2021,July,Enterprise / SaaS,Bangalore,Karnataka,India
eloelo,Gaming,Bangalore,16.6,Pre-Series A,"Waterbridge, Lumikai",2021,July,Others,Bangalore,Karnataka,India
edukemy,Edtech,Noida,16.6,Pre-Series A,"Auxano, Falcon5",2021,July,Enterprise / SaaS,Noida,Uttar Pradesh,India
zingbus,Mobility,Gurgaon,41.5,Pre-Series A,Infoedge Ventures,2021,July,Enterprise / SaaS,Gurgaon,Haryana,India
newsreach,Media,Ahmedabad,2.49,Seed,Jito Angel Network,2021,July,HealthTech,Ahmedabad,Gujarat,India
pencilton,Fintech,Hyderabad,2.74,Pre-Seed,Jupiter,2021,July,FinTech,Hyderabad,Telangana,India
bandhoo,It,Gurgaon,8.3,Unknown,Unitus Ventures,2021,July,Enterprise / SaaS,Gurgaon,Haryana,India
ixigo,It,Gurgaon,439.9,Unknown,"Gic, Infoedge",2021,July,Enterprise / SaaS,Gurgaon,Haryana,India
the whole truth,Food,Mumbai,49.8,Series A,Sequoia Capital,2021,July,FoodTech,Mumbai,Maharashtra,India
insane ai,Fitness,Bangalore,6.64,Seed,Pi Ventures,2021,July,Enterprise / SaaS,Bangalore,Karnataka,India
droom,Automobile,Gurgaon,1660.0,Unknown,Unknown,2021,July,Mobility / Automotive / EV,Gurgaon,Haryana,India
skymet,Environmental,Noida,8.3,Unknown,"Northern Arc, Caspian Impact Investments",2021,July,Others,Noida,Uttar Pradesh,India
go swift,Consumer,Bangalore,16.6,Pre-Series A,Kalaari Capital,2021,July,Consumer Internet,Bangalore,Karnataka,India
mamaearth,Healthcare,Gurgaon,415.0,Unknown,Sofiunknown Ventures Sa,2021,July,HealthTech,Gurgaon,Haryana,India
goat,D2C,Bangalore,298.8,Series A,"Tiger Global, Flipkart Ventures",2021,July,Ecommerce / Retail,Bangalore,Karnataka,India
redesyn,Merchandise,Mumbai,2.49,Pre-Series A,Anthill Ventures,2021,July,Others,Mumbai,Maharashtra,India
inspacco,Facilities,Pune,1.66,Unknown,Unknown,2021,July,Enterprise / SaaS,Pune,Maharashtra,India
knorish,Edtech,Gurgaon,8.3,Pre-Series A,"Inflection Point Ventures, Rockstud Capital, Pentathlon Ventures, Prophetic Ventures Syndicate",2021,July,Enterprise / SaaS,Gurgaon,Haryana,India
dozee,Healthcare,Bangalore,41.5,Series A,Prime Vp,2021,July,HealthTech,Bangalore,Karnataka,India
black buck,Logistics,Bangalore,556.1,Series E,"Tribe Capital, Ifc Emerging Asia Fund, Vef",2021,July,Logistics / Supply Chain,Bangalore,Karnataka,India
mailmodo,Marketing & Advertising,Bangalore,16.6,Seed,"Sequoia’S Surge, Y Combiunknowntor",2021,July,Marketing / AdTech,Bangalore,Karnataka,India
nirogstreet,Healthcare,Delhi,20.75,Series A,"Gokul Rajaram, Pureland Venture, Wavemaker Partners",2021,July,HealthTech,Delhi,Delhi,India
even,Healthcare,Bangalore,41.5,Seed,Khosla Ventures,2021,July,HealthTech,Bangalore,Karnataka,India
captain fresh,Logistics,Bangalore,99.6,Series A,"Accel, Matrix India",2021,July,Logistics / Supply Chain,Bangalore,Karnataka,India
otipy,Food,Gurgaon,84.66,Series A,"Omidyar Network India, Innoven Capital",2021,July,FoodTech,Gurgaon,Haryana,India
lenskart,Eyewear,Faridabad,1826.0,Unknown,"Temasek, Falcon Edge",2021,July,Others,Delhi,Haryana,India
ekacare,Healthcare,Bangalore,37.35,Unknown,"Deep Kalra, Ashish Kashyap, Rajesh Magow",2021,July,HealthTech,Bangalore,Karnataka,India
braingroom,Edtech,Chennai,1.66,Unknown,"Ian, Social Alpha, Startup Oasis",2021,July,Enterprise / SaaS,Chennai,Tamil Nadu,India
edvizo,Consumer,Bangalore,8.3,Pre-Series A,Inflection Point Ventures,2021,July,Consumer Internet,Bangalore,Karnataka,India
credenc,Fintech,Delhi,207.5,Unknown,Capital India,2021,July,FinTech,Delhi,Delhi,India
globalbees,D2C Business,Delhi,1245.0,Series A,"Firstcry, Lightspeed",2021,July,Ecommerce / Retail,Delhi,Delhi,India
spinny,Automotive,Gurgaon,896.4,Series D,Tiger Global,2021,July,Mobility / Automotive / EV,Gurgaon,Haryana,India
mynvax,Biotechnology,Bangalore,33.2,Series A,"Accel, Letsventure, 1Crowd",2021,July,Enterprise / SaaS,Bangalore,Karnataka,India
risebird,Human Resources,Pune,4.15,Unknown,Sab Holdings,2021,July,Others,Pune,Maharashtra,India
uvi health,Healthcare,Bangalore,2.74,Pre-Seed,Titan Capital,2021,July,HealthTech,Bangalore,Karnataka,India
vegrow,Farming,Bangalore,107.9,Unknown,"Lightspeed, Elevation Capital",2021,July,AgriTech,Bangalore,Karnataka,India
automovill,Automotive,Bangalore,4.15,Unknown,Mumbai Angels Network,2021,July,Mobility / Automotive / EV,Bangalore,Karnataka,India
healthifyme,Healthcare,Bangalore,622.5,Series C,"Leapfrog, Khosla Ventures",2021,July,HealthTech,Bangalore,Karnataka,India
galaxycard,Fintech,Gurgaon,3.73,Unknown,Jito Angel Network,2021,July,FinTech,Gurgaon,Haryana,India
bella vita organic,Healthcare,Gurgaon,83.0,Unknown,Aunknownnta Capital,2021,July,HealthTech,Gurgaon,Haryana,India
smartcoin,Fintech,Bangalore,83.0,Unknown,"Northern Arc, Vivriti Capital",2021,July,FinTech,Bangalore,Karnataka,India
mysun,Solar,Delhi,16.6,Unknown,Tata Cleantech Capital,2021,July,Climate / CleanTech / Energy,Delhi,Delhi,India
sea6 energy,Biotechnology,Bangalore,74.7,Series B,Aquaunknownspark,2021,July,Enterprise / SaaS,Bangalore,Karnataka,India
beco,Consumer Goods,Mumbai,4.15,Seed,Climate Angels Fund,2021,July,Consumer Internet,Mumbai,Maharashtra,India
onecode,Internet,Bangalore,41.5,Unknown,"Sequoia’S Surge, Nexus Venture Partners",2021,July,Consumer Internet,Bangalore,Karnataka,India
medpay,Information Technology,Bangalore,9.96,Seed,"Entrepreneur First (Ef), Growx Ventures",2021,July,Enterprise / SaaS,Bangalore,Karnataka,India
inshorts,Internet,Noida,498.0,Unknown,Vy Capital,2021,July,Consumer Internet,Noida,Uttar Pradesh,India
digantara,Spacetech,Bangalore,20.75,Seed,Kalaari Capital,2021,July,Enterprise / SaaS,Bangalore,Karnataka,India
aqgromalin,Agritech,Chennai,5.81,Seed,Zephyr Peacock,2021,July,AgriTech,Chennai,Tamil Nadu,India
square yards,Real Estate,Gurgaon,207.5,Unknown,Adm Capital,2021,July,Real Estate / PropTech,Gurgaon,Haryana,India
oyo,Hospitality,Gurgaon,5478.0,Unknown,"SoftBank, Hindustan Media Venture",2021,July,HealthTech,Gurgaon,Haryana,India
ola,Automotive,Bangalore,830.0,Debt,Bank Of Baroda,2021,July,Mobility / Automotive / EV,Bangalore,Karnataka,India
bikry app,Consumer Software,Noida,10.79,Unknown,Ycombiunknowntor,2021,July,Consumer Internet,Noida,Uttar Pradesh,India
oliveboard,Edtech,Bangalore,24.9,Unknown,Ian Fund,2021,July,Enterprise / SaaS,Bangalore,Karnataka,India
trell,Social Commerce,Bangalore,373.5,Series B,"Mirae Asset, H, M",2021,July,Ecommerce / Retail,Bangalore,Karnataka,India
kredent,Edtech,Kolkata,8.3,Unknown,Kotak Securities,2021,July,Enterprise / SaaS,Kolkata,West Bengal,India
easyaspataal,Healthcare,Mumbai,4.15,Seed,Venture Catalysts,2021,July,HealthTech,Mumbai,Maharashtra,India
pankhuri,Social Community,Bangalore,26.56,Unknown,Sequoia’S Surge,2021,July,Enterprise / SaaS,Bangalore,Karnataka,India
arcana,Information Technology,Bangalore,3.07,Seed,Balaji Srinivasan,2021,July,Enterprise / SaaS,Bangalore,Karnataka,India
aquaconnect,Fishery,Chennai,33.2,Pre-Series A,"Rebright Partners, Flourish Ventures",2021,July,Others,Chennai,Tamil Nadu,India
vah vah,Edtech,Bangalore,14.94,Unknown,Sequoia Surge,2021,July,Enterprise / SaaS,Bangalore,Karnataka,India
letsdressup,Apparel & Fashion,Gurgaon,2.49,Pre-Series A,"Titan Capital, Sequoia Capital",2021,July,Consumer Goods / D2C,Gurgaon,Haryana,India
sapio analytics,Computer Software,Mumbai,1.25,Unknown,Parthiv Group,2021,July,Enterprise / SaaS,Mumbai,Maharashtra,India
pratilipi,Online Storytelling,Bangalore,398.4,Unknown,"Krafton Inc, Omidyar",2021,July,Consumer Internet,Bangalore,Karnataka,India
ati motors,Automotive,Bangalore,290.5,Pre-Series A,"Blume Ventures, Exfinity Venture Partners",2021,July,Mobility / Automotive / EV,Bangalore,Karnataka,India
pear,Deeptech,Mumbai,2.49,Pre-Series A,Inflection Point Ventures,2021,July,Enterprise / SaaS,Mumbai,Maharashtra,India
gourmet garden,Farming,Bangalore,24.9,Unknown,"Beyond Next Ventures, M Venture Partners",2021,July,AgriTech,Bangalore,Karnataka,India
the sleep,Consumer Goods,Mumbai,8.3,Pre-Series A,Fireside Ventures,2021,July,Consumer Internet,Mumbai,Maharashtra,India
ion energy,Automotive,Mumbai,29.88,Pre-Series A,Unknown,2021,July,Mobility / Automotive / EV,Mumbai,Maharashtra,India
digit insurance,Fintech,Bangalore,1660.0,Unknown,"Faering Capital, Sequoia Capital, Iifl Alterunknownte Asset Maunknowngers",2021,July,FinTech,Bangalore,Karnataka,India
fraazo,Food,Mumbai,91.3,Series A,"Sixth Sense Ventures, Nabventures",2021,July,FoodTech,Mumbai,Maharashtra,India
licious,Food,Bangalore,1593.6,Series F,"Temasek, Multiples Pe",2021,July,FoodTech,Bangalore,Karnataka,India
winzo,Gaming,Delhi,539.5,Series C,Griffin Gaming Partners,2021,July,Others,Delhi,Delhi,India
furlenco,Consumer Goods,Bangalore,830.0,Unknown,Zinnia Global,2021,July,Consumer Internet,Bangalore,Karnataka,India
skylark drones,Aviation,Bangalore,24.9,Pre-Series A,"Infoedge Ventures, Ian Fund",2021,July,Others,Bangalore,Karnataka,India
twid,Fintech,Bangalore,20.75,Unknown,"Beenext, Sequoia’S Surge",2021,July,FinTech,Bangalore,Karnataka,India
mymobiforce,Internet,Noida,11.62,Pre-Series A,Bharat Inclusion,2021,July,Consumer Internet,Noida,Uttar Pradesh,India
pine labs,Information Technology,Noida,4.98,Unknown,"Fidelity, Blackrock",2021,July,Enterprise / SaaS,Noida,Uttar Pradesh,India
genworks health,Healthcare,Bangalore,16.6,Unknown,Blacksoil,2021,July,HealthTech,Bangalore,Karnataka,India
neverinstall,Information Technology,Bangalore,3.07,Seed,Speciale Invest,2021,July,Enterprise / SaaS,Bangalore,Karnataka,India
beato,Healthcare,Delhi,41.5,Other,W Health Ventures,2021,July,HealthTech,Delhi,Delhi,India
earth rhythm,Cosmetics,Gurgaon,9.96,Seed,Anicut Angel Fund,2021,July,Consumer Goods / D2C,Gurgaon,Haryana,India
fountain9,Computer Software,Mumbai,15.77,Seed,"021 Capital, Y Combiunknowntor",2021,July,Enterprise / SaaS,Mumbai,Maharashtra,India
rockclimber,Food,Bangalore,8.3,Unknown,Aunknownnd Prakash Sharma,2021,July,FoodTech,Bangalore,Karnataka,India
spedhome,Edtech,Mumbai,2.49,Unknown,Unknown,2021,July,Enterprise / SaaS,Mumbai,Maharashtra,India
green soul,Consumer Goods,Ambernath,1.66,Unknown,Velocity.In,2021,July,Consumer Internet,,,
shiprocket,Logistics,Delhi,340.3,Series D,"March Capital, Tribe Capital",2021,July,Logistics / Supply Chain,Delhi,Delhi,India
dealshare,Retail,Bangalore,1195.2,Unknown,Tiger Global,2021,July,Ecommerce / Retail,Bangalore,Karnataka,India
teachmint,Edtech,Bangalore,166.0,Other,Learn Capital,2021,July,Enterprise / SaaS,Bangalore,Karnataka,India
vahak,Transportation,Bangalore,41.5,Pre-Series A,Rtp Global,2021,July,Logistics / Supply Chain,Bangalore,Karnataka,India
gostops,Hospitality,Delhi,8.3,Pre-Series A,"Ian, Yuj Ventures",2021,July,HealthTech,Delhi,Delhi,India
powerplay,Construction,Bangalore,43.16,Unknown,"Sequoia’S Surge, Accel",2021,July,Real Estate / PropTech,Bangalore,Karnataka,India
delhivery,Logistics,Gurgaon,2241.0,Series H,"Fidelity, Gic",2021,June,Logistics / Supply Chain,Gurgaon,Haryana,India
avishkaar,Edtech,Delhi,4.98,Pre-Series A,Auxano,2021,June,Enterprise / SaaS,Delhi,Delhi,India
jobsgaar,Job Discovery,Delhi,1.16,Seed,Sucseed Indovation Fund,2021,June,HRTech,Delhi,Delhi,India
breathe wellbeing,Healthcare,Delhi,8.3,Pre-Series A,"Stanford Angels And Entrepreneurs India, Anjali Bansal",2021,June,HealthTech,Delhi,Delhi,India
good health clinic,Healthcare,Hyderabad,41.5,Unknown,Khosla Ventures,2021,June,HealthTech,Hyderabad,Telangana,India
urban,Home,Delhi,2075.0,Series F,"Vy Capital, Wellington Maunknowngement",2021,June,Others,Delhi,Delhi,India
mybyk,Rental,Ahmedabad,8.3,Pre-Series A,Avon Cycles,2021,June,Mobility / Automotive / EV,Ahmedabad,Gujarat,India
locus,Logistics,Bangalore,415.0,Series C,"Blume Ventures, Exfinity Venture Partners",2021,June,Logistics / Supply Chain,Bangalore,Karnataka,India
crejofun,Edtech,Bangalore,24.9,Seed,"Matrix Partners, 021 Capital",2021,June,Enterprise / SaaS,Bangalore,Karnataka,India
bambinos,Edtech,Bangalore,4.15,Seed,"Hnis, Angels",2021,June,Enterprise / SaaS,Bangalore,Karnataka,India
kreditbee,Fintech,Bangalore,66.4,Unknown,"Newquest Capital Partners, Motilal Oswal Private Equity",2021,June,FinTech,Bangalore,Karnataka,India
spardha,Edtech,Pune,3.32,Pre-Series A,Inflection Point Ventures,2021,June,Enterprise / SaaS,Pune,Maharashtra,India
holisol,Logistics,Delhi,24.9,Unknown,"Blacksoil, Clsa Capital Partners",2021,June,Logistics / Supply Chain,Delhi,Delhi,India
nowme,Healthcare,Delhi,8.3,Unknown,"Saama, Whiteboard Capital",2021,June,HealthTech,Delhi,Delhi,India
fyllo,Agritech,Bangalore,3.32,Seed,"Indian Angel Network, Titan Capital, Lead Angels",2021,June,AgriTech,Bangalore,Karnataka,India
blaer motors,Mobility,Chennai,2.49,Unknown,The Chenunknowni Angels,2021,June,Enterprise / SaaS,Chennai,Tamil Nadu,India
swiflearn,Edtech,Gurgaon,24.9,Pre-Series A,"Venture Highway, Stellaris Venture Partners",2021,June,Enterprise / SaaS,Gurgaon,Haryana,India
quicksell,Ecommerce,Mumbai,16.6,Pre-Series A,"Sanjay Baldwa, Ajay Jain",2021,June,Ecommerce / Retail,Mumbai,Maharashtra,India
truemeds,Heathcare,Mumbai,41.5,Series A,Infoedge,2021,June,Others,Mumbai,Maharashtra,India
candes,Ecommerce,Delhi,24.9,Unknown,"Nitin Passi, Ruchirans Jaipuria",2021,June,Ecommerce / Retail,Delhi,Delhi,India
medibuddy,Heathcare,Bangalore,24.9,Unknown,"Stride Ventures, Innoven Capital",2021,June,Others,Bangalore,Karnataka,India
f5,Food,Delhi,2.49,Pre-Series A,"Venture Catalysts, Jeevak Gupta",2021,June,FoodTech,Delhi,Delhi,India
capital float,Fintech,Bangalore,49.8,Unknown,"Triodos Investment Maunknowngement, Saif Partners",2021,June,FinTech,Bangalore,Karnataka,India
intellewings,It,Panchkula,0.83,Seed,Unknown,2021,June,Enterprise / SaaS,Panchkula,Haryana,India
shyplite,Logistics,Delhi,8.3,Unknown,N+1 Capital,2021,June,Logistics / Supply Chain,Delhi,Delhi,India
refyne,Fintech,Bangalore,166.0,Series A,"Dst Global, Rtp Global",2021,June,FinTech,Bangalore,Karnataka,India
greenjoules,Renewable Energy,Pune,37.35,Series A,Blue Ashva Capital,2021,June,Climate / CleanTech / Energy,Pune,Maharashtra,India
mentorkart,Consulting,Delhi,1.25,Seed,"Amit Singal, Manish Aggarwal",2021,June,Enterprise / SaaS,Delhi,Delhi,India
leverage edu,Edtech,Delhi,16.6,Debt,"Trifecta Capital Advisors, Blume Ventures",2021,June,Enterprise / SaaS,Delhi,Delhi,India
kale logistics,Logistics,Thane,41.5,Series A,Inflexor Ventures,2021,June,Logistics / Supply Chain,Mumbai,Maharashtra,India
customerglu,Crm,Bangalore,2.66,Unknown,"Kumar Aakash, Amit Singhal",2021,June,Others,Bangalore,Karnataka,India
cell propulsion,Ev,Bangalore,16.6,Unknown,Growx Ventures,2021,June,Mobility / Automotive / EV,Bangalore,Karnataka,India
pee safe,Healthcare,Gurgaon,24.9,Other,"Shaival Desai, Alkemi Venture Partners",2021,June,HealthTech,Gurgaon,Haryana,India
chqbook,Fintech,Delhi,8.3,Unknown,"Aavishkaar Venture Capital, Ywc Venture Capital",2021,June,FinTech,Delhi,Delhi,India
simplicontract,Software,Bangalore,14.94,Seed,Kalaari Capital,2021,June,Enterprise / SaaS,Bangalore,Karnataka,India
dropshop,Logistics,Bangalore,8.3,Pre-Series A,Inflection Point Ventures,2021,June,Logistics / Supply Chain,Bangalore,Karnataka,India
jumbotail,Ecommerce,Bangalore,33.2,Debt,Alteria Capital,2021,June,Ecommerce / Retail,Bangalore,Karnataka,India
byjus,Edtech,Bangalore,2905.0,Unknown,"Tiga Investments, Baron Capital",2021,June,Enterprise / SaaS,Bangalore,Karnataka,India
power gummies,Nutrition,Delhi,8.3,Unknown,"Venture Catalysts, 9Unicorns",2021,June,FoodTech,Delhi,Delhi,India
convosight,SaaS,Delhi,74.7,Series A,Qualgro,2021,June,Enterprise / SaaS,Delhi,Delhi,India
junio,Fintech,Delhi,4.98,Seed,"Amit Lakhotia, Pravin Jadhav",2021,June,FinTech,Delhi,Delhi,India
flexmoney,Fintech,Mumbai,39.84,Series A,Pravega Ventures,2021,June,FinTech,Mumbai,Maharashtra,India
fampay,Fintech,Bangalore,315.4,Series A,"Greenoaks Capital, Elevation Capital",2021,June,FinTech,Bangalore,Karnataka,India
apna,Human Resources,Bangalore,581.0,Series B,"Sequoia Capital, Rocketship.Vc",2021,June,Others,Bangalore,Karnataka,India
xyxx apparels,Fashion,Surat,33.2,Series A,Unknown,2021,June,Consumer Goods / D2C,Surat,Gujarat,India
browserstack,SaaS,Mumbai,1660.0,Series B,Accel,2021,June,Enterprise / SaaS,Mumbai,Maharashtra,India
vital,Fintech,Delhi,24.9,Pre-Series A,Blinc Invest,2021,June,FinTech,Delhi,Delhi,India
samaaro,SaaS,Bangalore,1.04,Unknown,"Chaitanya Kalipatunknownpu, Kedar Gavane",2021,June,Enterprise / SaaS,Bangalore,Karnataka,India
imagimake,Innovation Management,Mumbai,4.15,Pre-Series A,"Roha Investment Maunknowngers, Angel Investor Saumil Shah",2021,June,Others,Mumbai,Maharashtra,India
msmex,Edtech,Andheri,8.3,Pre-Series A,"Tnf Ventures, Razorpay",2021,June,Enterprise / SaaS,Mumbai,Maharashtra,India
renewbuy,Fintech,Gurgaon,373.5,Series C,"Lok Capital, Iifl Asset Maunknowngement",2021,June,FinTech,Gurgaon,Haryana,India
kutumb,Community,Bangalore,215.8,Series A,"Tiger Global Maunknowngement, Dst Global",2021,June,Enterprise / SaaS,Bangalore,Karnataka,India
superplum,Agritech,Noida,31.54,Pre-Series A,Marquee Investors,2021,June,AgriTech,Noida,Uttar Pradesh,India
upside ai,Fintech,Mumbai,9.96,Seed,Endiya Partners,2021,June,FinTech,Mumbai,Maharashtra,India
skillmatics,Edtech,Mumbai,49.8,Series A,Sequoia Capital,2021,June,Enterprise / SaaS,Mumbai,Maharashtra,India
bimaplan,Fintech,Bangalore,20.75,Pre-Series A,"Roshan Abbas, Ritesh Malik",2021,June,FinTech,Bangalore,Karnataka,India
bueno finance,Fintech,Gurgaon,24.9,Seed,"Goat Capital, Jam Fund",2021,June,FinTech,Gurgaon,Haryana,India
citymall,Ecommerce,Gurgaon,182.6,Series B,"General Catalyst, Jungle Ventures",2021,June,Ecommerce / Retail,Gurgaon,Haryana,India
byjus,Edtech,Bangalore,415.0,Unknown,"Blackstone Group, Adq",2021,June,Enterprise / SaaS,Bangalore,Karnataka,India
quotient,Venture Capitalist,Mumbai,531.2,Unknown,Unknown,2021,June,Enterprise / SaaS,Mumbai,Maharashtra,India
anvidha,Technology,Haryana,12.45,Seed,Unknown,2021,June,Enterprise / SaaS,,Haryana,India
coffeemugai,Networking,Delhi,5.15,Pre-Seed,"Paradigm Shift Capital, Angellist India",2021,June,Others,Delhi,Delhi,India
bigleap,Recruitment,Hyderabad,4.98,Unknown,Anup Kumar Yama,2021,June,Enterprise / SaaS,Hyderabad,Telangana,India
kazam,Ev,Bangalore,7.47,Seed,Inflection Point Ventures,2021,June,Mobility / Automotive / EV,Bangalore,Karnataka,India
bimape,Fintech,Mumbai,4.15,Pre-Seed,"Iseed, Titan Capital",2021,June,FinTech,Mumbai,Maharashtra,India
synapsica,Healthcare,Delhi,33.2,Series A,"Ivycap Ventures, Endiya Partners",2021,June,HealthTech,Delhi,Delhi,India
plutomen,Ar,Ahmedabad,2.49,Unknown,"Gusec Seed Fund, Devx Venture Fund",2021,June,Others,Ahmedabad,Gujarat,India
gomechanic,Automotive,Gurgaon,348.6,Series C,"Tiger Global, Sequoia Capital",2021,June,Mobility / Automotive / EV,Gurgaon,Haryana,India
grinntech,Automotive,Chennai,16.6,Unknown,Unknown,2021,June,Mobility / Automotive / EV,Chennai,Tamil Nadu,India
nobel hygiene,Healthcare,Mumbai,498.0,Unknown,Quadria Capital,2021,June,HealthTech,Mumbai,Maharashtra,India
classplus,Edtech,Noida,539.5,Series C,Tiger Global,2021,June,Enterprise / SaaS,Noida,Uttar Pradesh,India
windo,Ecommerce,Hyderabad,4.15,Seed,Unicorn India Ventures,2021,June,Ecommerce / Retail,Hyderabad,Telangana,India
gobolt,Logistics,Gurgaon,166.0,Series B,"Paragon Partners, Aavishkaar Capital",2021,June,Logistics / Supply Chain,Gurgaon,Haryana,India
loco,Gaming,Bangalore,74.7,Seed,"Krafton, Lumikai",2021,June,Others,Bangalore,Karnataka,India
auric,Healthcare,Delhi,16.6,Pre-Series A,Venture Catalysts,2021,June,HealthTech,Delhi,Delhi,India
edmingle,Edtech,Bangalore,2.49,Unknown,"Indovation Fund, Mumbai Angels",2021,June,Enterprise / SaaS,Bangalore,Karnataka,India
slice,Fintech,Bangalore,166.0,Unknown,"Gunosy, Blume Ventures",2021,June,FinTech,Bangalore,Karnataka,India
airblack,It,Gurgaon,43.16,Series A,"Edge Ventures, Elevation Capital",2021,June,Enterprise / SaaS,Gurgaon,Haryana,India
nestroots,Fashion,Gurgaon,0.83,Seed,We Founder Circle,2021,June,Consumer Goods / D2C,Gurgaon,Haryana,India
detect,Automation,Chennai,99.6,Unknown,"Accel, Elevation Capital",2021,June,Mobility / Automotive / EV,Chennai,Tamil Nadu,India
credr,Automotive,Bangalore,53.95,Unknown,"Yamaha Motors, Omidyar Network India, Eight Roads Ventures",2021,June,Mobility / Automotive / EV,Bangalore,Karnataka,India
fourth partner energy,Solar,Hyderabad,1037.5,Unknown,"Norfund, The Rise Fund",2021,June,Climate / CleanTech / Energy,Hyderabad,Telangana,India
tablt,Healthcare,Kolkata,24.9,Other,Siti Cable,2021,June,HealthTech,Kolkata,West Bengal,India
hesa,It,Hyderabad,16.6,Seed,"Venture Catalysts, 9Unicorns",2021,June,Enterprise / SaaS,Hyderabad,Telangana,India
nalanda learning,Edtech,Kolkata,41.5,Unknown,Aavishkaar Capital,2021,June,Enterprise / SaaS,Kolkata,West Bengal,India
knackit,It,Bangalore,0.83,Unknown,Jyoti Bansal,2021,June,Enterprise / SaaS,Bangalore,Karnataka,India
treebo hotels,Hospitality,Bangalore,132.8,Series D,Accor,2021,June,HealthTech,Bangalore,Karnataka,India
raptee energy,Automotive,Chennai,5.81,Unknown,Unknown,2021,June,Mobility / Automotive / EV,Chennai,Tamil Nadu,India
meddo,Healthcare,Gurgaon,49.8,Unknown,"Sri Capital, Picus Capital, Alkemi Capital",2021,June,HealthTech,Gurgaon,Haryana,India
supertails,Pet Care,Bangalore,21.58,Pre-Series A,"Saama Capital, Dsg Consumer Partners",2021,June,Others,Bangalore,Karnataka,India
lenskart,Fashion,Faridabad,788.5,Unknown,"Kohlberg Kravis Roberts, Temasek Holdings",2021,May,Consumer Goods / D2C,Delhi,Haryana,India
virohan,Edtech,Gurgaon,24.9,Series A,"Rebright Partners, Wadhwani Foundation",2021,May,Enterprise / SaaS,Gurgaon,Haryana,India
banksathi,Fintech,Delhi,1.66,Seed,"Dinesh Godara, Aditya Talwar",2021,May,FinTech,Delhi,Delhi,India
blissclub,Fashion,Bangalore,16.6,Seed,Elevation Capital,2021,May,Consumer Goods / D2C,Bangalore,Karnataka,India
bricspaces,Real Estate,Bangalore,2.9,Pre-Seed,Angel Investors,2021,May,Real Estate / PropTech,Bangalore,Karnataka,India
ansr,Consulting,Bangalore,124.5,Series B,"Sistema Asia Capital, Evolvence India Fund",2021,May,Enterprise / SaaS,Bangalore,Karnataka,India
reccy adventures,Sports,Gurgaon,3.32,Seed,"Kallol Banerjee, Jaydeep Barman",2021,May,Media / Entertainment / Gaming,Gurgaon,Haryana,India
magenta ev,Renewable Energy,Mumbai,124.5,Series A,"Jito Angel Network, Letsventure",2021,May,Climate / CleanTech / Energy,Mumbai,Maharashtra,India
karbon card,Fintech,Bangalore,8.3,Pre-Series A,"Myasia Vc, Orios Venture Partners",2021,May,FinTech,Bangalore,Karnataka,India
wysa,AI,Bangalore,41.5,Series A,"W Health Ventures, Pi Ventures",2021,May,Artificial Intelligence,Bangalore,Karnataka,India
agnikul,Spacetech,Chennai,91.3,Series A,"Artha India Ventures, Sriram Krishunknownn",2021,May,Enterprise / SaaS,Chennai,Tamil Nadu,India
glamplus,SaaS,Bangalore,1.66,Pre-Series A,Inflection Point Ventures,2021,May,Enterprise / SaaS,Bangalore,Karnataka,India
tekie,Edtech,Gurgaon,12.45,Seed,"Gsv, Multiply Ventures",2021,May,Enterprise / SaaS,Gurgaon,Haryana,India
asirvad microfinance,Fintech,Chennai,124.5,Unknown,"Worldbusiness Capital, Northern Arc",2021,May,FinTech,Chennai,Tamil Nadu,India
betterhalfai,Matrimony,Bangalore,24.9,Pre-Series A,"Y Combiunknowntor, Rehan A Khan",2021,May,Others,Bangalore,Karnataka,India
koo,Social Media,Bangalore,249.0,Series B,"Balaji Srinivasan, Naval Ravikant",2021,May,HealthTech,Bangalore,Karnataka,India
mentoria,Edtech,Mumbai,1.66,Pre-Series A,"Pradeep K Jaisingh, Jayant Mehrotra",2021,May,Enterprise / SaaS,Mumbai,Maharashtra,India
cuvette tech,Human Resources,Bangalore,14.94,Seed,"Varun Alagh, Harish Daiya",2021,May,Others,Bangalore,Karnataka,India
clensta,Biotechnology,Delhi,4.98,Unknown,"Ian Fund, World Startup Factory",2021,May,Enterprise / SaaS,Delhi,Delhi,India
farmart,Agritech,Gurgaon,199.2,Pre-Series A,"Omidyar Network India, Avaaunknown Capital",2021,May,AgriTech,Gurgaon,Haryana,India
kodo card,Fintech,Mumbai,66.4,Seed,"Brex, Yunknowncombiunknowntor",2021,May,FinTech,Mumbai,Maharashtra,India
get my parking,Mobility,Delhi,49.8,Unknown,"Ivycap Ventures, Ian Fund",2021,May,Enterprise / SaaS,Delhi,Delhi,India
cellestial,Electronics,Hyderabad,4.15,Pre-Series A,"Gurj Aujla, Ashik K",2021,May,DeepTech / Hardware,Hyderabad,Telangana,India
fancode,Sports,Mumbai,415.0,Unknown,Dream Sports,2021,May,Media / Entertainment / Gaming,Mumbai,Maharashtra,India
jai kisan,Fintech,Mumbai,249.0,Series A,"The Chatterjee Group, Prophetic Ventures",2021,May,FinTech,Mumbai,Maharashtra,India
plum,Healthcare,Bangalore,124.5,Series A,"Harsh Jain, Lalit Keshre",2021,May,HealthTech,Bangalore,Karnataka,India
thatmate,Healthcare,Satara,1.16,Unknown,"Supriya Kumari, Premanshu Singh",2021,May,HealthTech,Satara,Maharashtra,India
klassroom,Edtech,Mumbai,1.66,Pre-Series A,Ah! Ventures,2021,May,Enterprise / SaaS,Mumbai,Maharashtra,India
convin,SaaS,Bangalore,2.49,Pre-Seed,"9Unicorns Accelerator Fund, Sunder Nookala",2021,May,Enterprise / SaaS,Bangalore,Karnataka,India
mensa brands,Clothing,Bangalore,415.0,Series A,"Accel, Falcon Edge Capital, Norwest Venture Partners",2021,May,Others,Bangalore,Karnataka,India
disruptium,Consulting,Ahmedabad,1.66,Unknown,Pravesh Mehta,2021,May,Enterprise / SaaS,Ahmedabad,Gujarat,India
medtel healthcare,Healthcare,Orissia,41.5,Pre-Series A,Unknown,2021,May,HealthTech,,Odisha,India
pickright,Fintech,Bangalore,1.66,Unknown,"Gaurav Gupta, Vivek Srivatsav",2021,May,FinTech,Bangalore,Karnataka,India
bharat pe,Fintech,Delhi,49.8,Debt,"Amplo, Insight Partners",2021,May,FinTech,Delhi,Delhi,India
rulezero,Technology,Bangalore,8.3,Seed,"Induslaw, Reddy Futures",2021,May,Enterprise / SaaS,Bangalore,Karnataka,India
rubix data sciences,It,Mumbai,6.64,Seed,Unknown,2021,May,Enterprise / SaaS,Mumbai,Maharashtra,India
locobuzz,Analytics,Mumbai,33.2,Series A,Yuj Ventures,2021,May,Analytics / Big Data,Mumbai,Maharashtra,India
we founder circle,Fintech,Mumbai,16.6,Pre-Seed,Geekster,2021,May,FinTech,Mumbai,Maharashtra,India
haqdarshak,Fintech,Jaipur,6.64,Pre-Series A,"Manish Subramaniam, Upaya Social Ventures",2021,May,FinTech,Jaipur,Rajasthan,India
enthuai,AI,Chandigarh,1.66,Unknown,Appit Simple Infotek,2021,May,Artificial Intelligence,Chandigarh,Chandigarh,India
myelin foundry,AI,Bangalore,8.3,Pre-Series A,Beyond Next Ventures,2021,May,Artificial Intelligence,Bangalore,Karnataka,India
superopsai,AI,Chennai,24.9,Seed,"Ramakant Sharma, Elevation Capital",2021,May,Artificial Intelligence,Chennai,Tamil Nadu,India
6degree,Retail,Mumbai,8.3,Unknown,"Keiretsu Forum, Sucseed Venture Partners",2021,May,Ecommerce / Retail,Mumbai,Maharashtra,India
teachmint,Edtech,Bangalore,136.95,Series A,"Lightspeed, Cm Ventures",2021,May,Enterprise / SaaS,Bangalore,Karnataka,India
sarathi,Healthcare,Jodhpur,0.83,Seed,Unknown,2021,May,HealthTech,Jodhpur,Rajasthan,India
jidoka,Software,Chennai,2.82,Seed,Unknown,2021,May,Enterprise / SaaS,Chennai,Tamil Nadu,India
rapido,Transportation,Bangalore,356.9,Series C,"Skycatcher, Nexus Venture Partners",2021,May,Logistics / Supply Chain,Bangalore,Karnataka,India
byjus,Edtech,Bangalore,1245.0,Unknown,"Tiga Investments, Baron Capital",2021,May,Enterprise / SaaS,Bangalore,Karnataka,India
elasticrun,Ecommerce,Pune,622.5,Series D,"Avataar Venture Partners, Kalaari Capital",2021,May,Ecommerce / Retail,Pune,Maharashtra,India
avail finance,Fintech,Bangalore,24.9,Debt,"Alteria Capital, Matrix Partners",2021,May,FinTech,Bangalore,Karnataka,India
nivesh,Fintech,Noida,13.28,Pre-Series A,"Raghav Kapur, Indian Angel Network",2021,May,FinTech,Noida,Uttar Pradesh,India
thingsup,Iot,Pune,8.3,Unknown,Gsf Accelerator,2021,May,Others,Pune,Maharashtra,India
arthya wealth and investments,Fintech,Mumbai,8.3,Pre-Series A,"Rishi Kumar Bagla, Krishen Lal Khanunknown",2021,May,FinTech,Mumbai,Maharashtra,India
unbox robotics,AI,Bangalore,9.96,Pre-Series A,"Beenext, Entrepreneur First",2021,April,Artificial Intelligence,Bangalore,Karnataka,India
upgrad,Edtech,Mumbai,996.0,Unknown,"Unilazer Ventures, Iifl Asset Maunknowngement",2021,April,Enterprise / SaaS,Mumbai,Maharashtra,India
lead school,Edtech,Mumbai,249.0,Series D,"Gsv Ventures, Westbridge Capital",2021,April,Enterprise / SaaS,Mumbai,Maharashtra,India
bizongo,B2B Ecommerce,Mumbai,423.3,Series C,"Cdc Group, Idg Capital",2021,April,Ecommerce / Retail,Mumbai,Maharashtra,India
fypmoney,Fintech,Gurgaon,16.6,Seed,"Liberatha Kallat, Mukesh Yadav, Dinesh Nagpal",2021,April,FinTech,Gurgaon,Haryana,India
urban,Home,Delhi,1560.4,Unknown,Vy Capital,2021,April,Others,Delhi,Delhi,India
comofi medtech,Healthcare,Bangalore,1.66,Unknown,"Ciie.Co, Kiitunknowntbi",2021,April,HealthTech,Bangalore,Karnataka,India
taikee,Ecommerce,Mumbai,8.3,Unknown,Unknown,2021,April,Ecommerce / Retail,Mumbai,Maharashtra,India
fitterfly,Healthcare,Mumbai,24.9,Pre-Series A,"9Unicorns Accelerator Fund, Metaform Ventures",2021,April,HealthTech,Mumbai,Maharashtra,India
freestand,B2B,Delhi,0.83,Unknown,"Sucseed Indovation, Iim Calcutta Innovation Park",2021,April,Enterprise / SaaS,Delhi,Delhi,India
mydentalplan,Helathcare,Bangalore,5.81,Seed,Safe Planet Medicare,2021,April,Others,Bangalore,Karnataka,India
freyr energy,Renewable Energy,Hyderabad,16.6,Unknown,"Impact Partners, C4D Partners",2021,April,Climate / CleanTech / Energy,Hyderabad,Telangana,India
dealshare,Ecommerce,Jaipur,74.7,Unknown,"Tiger Global Maunknowngement, Innoven Capital",2021,April,Ecommerce / Retail,Jaipur,Rajasthan,India
tessolve,Electronics,Bangalore,332.0,Unknown,Novo Tellus Capital,2021,April,DeepTech / Hardware,Bangalore,Karnataka,India
smart joules,Renewable Energy,Delhi,406.7,Unknown,"Raintree Family Office, Adb Arm",2021,April,Climate / CleanTech / Energy,Delhi,Delhi,India
orai,It,Bangalore,3.32,Pre-Series A,Inflection Point Ventures,2021,April,Enterprise / SaaS,Bangalore,Karnataka,India
ixambee,Edtech,Delhi,2.49,Seed,"Mumbai Angels, Narendra Shyamsukha",2021,April,Enterprise / SaaS,Delhi,Delhi,India
coinswitch kuber,Fintech,Bangalore,207.5,Series B,"Paradigm, Kuunknownl Shah",2021,April,FinTech,Bangalore,Karnataka,India
razorpay,Fintech,Bangalore,1328.0,Series E,"Matrix Partners, Gic",2021,April,FinTech,Bangalore,Karnataka,India
zfw hospitality,Food,Delhi,1.25,Pre-Seed,"Mumbai Angels Network, Expert Dojo",2021,April,FoodTech,Delhi,Delhi,India
optimized electrotech,Aeorspace,Ahmedabad,14.94,Pre-Series A,Gvfl,2021,April,SpaceTech,Ahmedabad,Gujarat,India
northern arc,Fintech,Chennai,41.5,Unknown,"Kotak Mahindra Bank, Fmo",2021,April,FinTech,Chennai,Tamil Nadu,India
chara,Deep,Bangalore,7.05,Seed,Kalaari Capital,2021,April,DeepTech / Hardware,Bangalore,Karnataka,India
sirona hygiene,Healthcare,Delhi,24.9,Series A,"Nb Ventures, Ian Fund",2021,April,HealthTech,Delhi,Delhi,India
pristyn care,Healthcare,Gurgaon,439.9,Series D,"Sequoia Capital, Hummingbird Ventures",2021,April,HealthTech,Gurgaon,Haryana,India
trulymadly,Dating,Delhi,16.6,Pre-Series A,"Gaurav Munjal, Snehil Khanor",2021,April,Others,Delhi,Delhi,India
vidyakul,Edtech,Unknown,4.15,Seed,"Jito Angel Network, Sosv",2021,April,Enterprise / SaaS,,,
jambox games,Gaming,Bangalore,9.13,Seed,Unknown,2021,April,Others,Bangalore,Karnataka,India
miko,Robotics,Mumbai,49.8,Unknown,"Chiratae Ventures, Yournest Venture Capital",2021,April,DeepTech / Hardware,Mumbai,Maharashtra,India
superk,Retail,Small Towns,6.64,Seed,Strive Vc,2021,April,Ecommerce / Retail,,,
tagz foods,Food,Bangalore,4.15,Pre-Series A,Venture Catalysts,2021,April,FoodTech,Bangalore,Karnataka,India
fuel buddy,Oil And Energy,Delhi,8.3,Unknown,Jaipuria Family Office,2021,April,Climate / CleanTech / Energy,Delhi,Delhi,India
m1xchange,Fintech,Gurgaon,83.0,Unknown,Amazon,2021,April,FinTech,Gurgaon,Haryana,India
spintly,Technology,Goa,4.15,Unknown,Riso Capital,2021,April,Enterprise / SaaS,Panaji,Goa,India
ef polymer,Agritech,Rajsamand,1.66,Unknown,Mtg Ventures,2021,April,AgriTech,Rajsamand,Rajasthan,India
boat,Electronics,Delhi,49.8,Unknown,"Qualcomm Ventures, Warburg Pincus",2021,April,DeepTech / Hardware,Delhi,Delhi,India
ibus,Telecommuncation,Bangalore,174.3,Unknown,Morgan Stanley,2021,April,Ecommerce / Retail,Bangalore,Karnataka,India
puresh daily,Milk,Ranchi,0.83,Seed,"Alfa Ventures, Agility Venture Partners",2021,April,Others,Ranchi,Jharkhand,India
learnvern,Edtech,Ahmedabad,8.3,Unknown,Unknown,2021,April,Enterprise / SaaS,Ahmedabad,Gujarat,India
limechat,Ai Chatbot,Faridabad,62.25,Seed,"Stellaris Venture Partners, Ramakant Sharma",2021,April,Artificial Intelligence,Delhi,Haryana,India
dybo,It,Bangalore,0.83,Seed,Spaunknownche,2021,April,Enterprise / SaaS,Bangalore,Karnataka,India
moeving,Logistics,Gurgaon,8.3,Seed,Unknown,2021,April,Logistics / Supply Chain,Gurgaon,Haryana,India
wework,Hospitality,Bangalore,215.8,Unknown,Unknown,2021,April,HealthTech,Bangalore,Karnataka,India
solethreads,Fashion,Gurgaon,8.3,Series A,"Dsg Consumer Partners, Saama Capital",2021,April,Consumer Goods / D2C,Gurgaon,Haryana,India
beldara,Ecommerce,Mumbai,61.42,Unknown,Hindustan Media Ventures,2021,April,Ecommerce / Retail,Mumbai,Maharashtra,India
credflow,Fintech,Delhi,16.6,Seed,"Stellaris Venture Partners, Omidyar Network India, Flourish Ventures",2021,April,FinTech,Delhi,Delhi,India
do your thng,Marketing,Gurgaon,12.45,Unknown,"Angelbay Holdings, Faad Network",2021,April,Marketing / AdTech,Gurgaon,Haryana,India
oye rickshaw,Transportation,Gurgaon,24.9,Unknown,"Alteria Capital, Chiratae Ventures",2021,April,Logistics / Supply Chain,Gurgaon,Haryana,India
legitquest,Legaltech,Delhi,4.98,Unknown,"Waterbridge Ventures, Info Edge",2021,April,Enterprise / SaaS,Delhi,Delhi,India
swiggy,Food,Bangalore,6640.0,Unknown,"Carmigunknownc, Falcon Edge Capital",2021,April,FoodTech,Bangalore,Karnataka,India
playshifu,Edtech,Bangalore,141.1,Series B,"Chiratae Ventures, Bharat Innovation Fund",2021,April,Enterprise / SaaS,Bangalore,Karnataka,India
pitstop,Automotive,Bangalore,29.05,Other,"Acko Technology, Services, Letsventure",2021,April,Mobility / Automotive / EV,Bangalore,Karnataka,India
lendingkart,Fintech,Gujarat,124.5,Debt,"Bertelsmann India Investments, Fullerton Fiunknownncial Holdings",2021,April,FinTech,,Gujarat,India
cred,Fintech,Bangalore,1784.5,Series D,"Dragoneer Investment Group, Tiger Global Maunknowngement",2021,April,FinTech,Bangalore,Karnataka,India
karnival,SaaS,Bangalore,20.75,Seed,Http://100X.Vc/,2021,April,Enterprise / SaaS,Bangalore,Karnataka,India
pharmeasy,Healthcare,Mumbai,2905.0,Series E,"Tpg Growth, Caisse De Depot Et Placement Du Quebec",2021,April,HealthTech,Mumbai,Maharashtra,India
wess,Renewable Energy,Mumbai,16.6,Seed,Centrum Fiunknownncial Services,2021,April,Climate / CleanTech / Energy,Mumbai,Maharashtra,India
shopse,Fintech,Mumbai,45.65,Unknown,"Chiratae Ventures, Beenext",2021,April,FinTech,Mumbai,Maharashtra,India
fantasy akhada,Fantasy Sports,Gurgaon,4.98,Unknown,Harsha Bhogle,2021,April,Media / Entertainment / Gaming,Gurgaon,Haryana,India
groww,Fintech,Bangalore,688.9,Series D,"Tiger Global Maunknowngement, Y Combiunknowntor Continuity Fund",2021,April,FinTech,Bangalore,Karnataka,India
avanti finance,Fintech,Bangalore,215.8,Series A,"Michael, Susan Dell Foundation",2021,April,FinTech,Bangalore,Karnataka,India
ofbusiness,Fintech,Gurgaon,913.0,Unknown,"Falcon Edge India, Norwest Venture Partners",2021,April,FinTech,Gurgaon,Haryana,India
superproai,Video Communication,Bangalore,24.9,Seed,"Sosv, Omphalos Ventures India",2021,April,Media / Entertainment / Gaming,Bangalore,Karnataka,India
sharechat,Social Media,Bangalore,4150.0,Unknown,"Twitter Ventures, Pawan Munjal",2021,April,HealthTech,Bangalore,Karnataka,India
witace,Skill Development,Gurgaon,8.3,Seed,Citiustech,2021,April,EdTech,Gurgaon,Haryana,India
spinny,Retail,Gurgaon,539.5,Series C,"Areunknown Holdings, Think Investments",2021,April,Ecommerce / Retail,Gurgaon,Haryana,India
alteria capital,Fintech,Mumbai,10.33,Debt,Unknown,2021,April,FinTech,Mumbai,Maharashtra,India
safexpay,Fintech,Thane,49.8,Unknown,"T Choithrams Bvi, Ardor",2021,April,FinTech,Mumbai,Maharashtra,India
pumpumpum,Rental,Gurgaon,5.81,Pre-Series A,"Kogta Fiunknownncial India Limited, Icici Bank",2021,April,Mobility / Automotive / EV,Gurgaon,Haryana,India
speciale invest,Fintech,Bangalore,83.0,Unknown,Unknown,2021,April,FinTech,Bangalore,Karnataka,India
eunimart,Ecommerce,Hyderabad,5.81,Pre-Series A,"Sucseed Venture Partners, Tmt Connekt",2021,April,Ecommerce / Retail,Hyderabad,Telangana,India
meesho,Ecommerce,Bangalore,2490.0,Unknown,"Saif Partners, Venture Highway",2021,April,Ecommerce / Retail,Bangalore,Karnataka,India
careerlabs,Edtech,Bangalore,18.26,Unknown,Global Founders Capital,2021,April,Enterprise / SaaS,Bangalore,Karnataka,India
uable,Edtech,Bangalore,290.5,Pre-Series A,"Jafco Asia, Chiratae Ventures",2021,April,Enterprise / SaaS,Bangalore,Karnataka,India
zoko,Technology,Bangalore,1162.0,Seed,Y Combiunknowntor,2021,April,Enterprise / SaaS,Bangalore,Karnataka,India
getwork,Recruitment,Gurgaon,1.66,Seed,Artha Venture Fund,2021,April,Enterprise / SaaS,Gurgaon,Haryana,India
easebuzz,Ecommerce,Pune,33.2,Series A,"Jitendra Gupta, Amrish Rau",2021,April,Ecommerce / Retail,Pune,Maharashtra,India
chingari,Social Media,Bangalore,107.9,Unknown,"Fj Labs, Brian Norgard",2021,April,HealthTech,Bangalore,Karnataka,India
dusminute,Retail,Bangalore,9.13,Pre-Series A,Indian Angel Network,2021,April,Ecommerce / Retail,Bangalore,Karnataka,India
skillovilla,Edtech,Bangalore,2.49,Seed,Titan Capital,2021,March,Enterprise / SaaS,Bangalore,Karnataka,India
cancer clinics,Healthcare,Telugana,12.45,Pre-Series A,Axilor,2021,March,HealthTech,,Telangana,India
velocity,Fintech,Bangalore,10.79,Seed,Valar Ventures,2021,March,FinTech,Bangalore,Karnataka,India
happy jars,Food,Delhi,3.32,Seed,Inflection Point Ventures,2021,March,FoodTech,Delhi,Delhi,India
inshorts,Media,Noida,332.0,Unknown,"Addition, Sig Global India Fund",2021,March,HealthTech,Noida,Uttar Pradesh,India
extraaedge,Martech,Pune,8.3,Pre-Series A,"9Unicorns Accelerator Fund, Indian Angel Network",2021,March,Enterprise / SaaS,Pune,Maharashtra,India
zotalabs,Technology,Pune,10.38,Seed,Alfa Ventures,2021,March,Enterprise / SaaS,Pune,Maharashtra,India
voiro,Advertisement,Bangalore,14.94,Pre-Series A,1Crowd,2021,March,Marketing / AdTech,Bangalore,Karnataka,India
dream sports,Gaming,Mumbai,3320.0,Unknown,"Tcv, D1 Capital Partners, Falcon Edge.",2021,March,Others,Mumbai,Maharashtra,India
safex chemicals,Agritech,Delhi,415.0,Unknown,Banyantree Fiunknownnce Pvt. Ltd.,2021,March,AgriTech,Delhi,Delhi,India
rupifi,Fintech,Bangalore,34.03,Pre-Series A,Quounknown Capital,2021,March,FinTech,Bangalore,Karnataka,India
moneyboxx,Fintech,Mumbai,24.9,Debt,"Ashv Fiunknownnce, Blacksoil Capital",2021,March,FinTech,Mumbai,Maharashtra,India
citymall,Ecommerce,Gurgaon,91.3,Series A,"Waterbridge Ventures, Saif Partners",2021,March,Ecommerce / Retail,Gurgaon,Haryana,India
janani,Heathcare,Bangalore,8.3,Seed,"Sweta Rau, 9Unicorns Accelerator Fund",2021,March,Others,Bangalore,Karnataka,India
reshamandi,Agritech,Bangalore,14.11,Seed,"Omnivore, Strive Ventures",2021,March,AgriTech,Bangalore,Karnataka,India
bombay shaving,Lifestyle,Delhi,16.6,Unknown,"Rajesh Sud, Kuldeep Jain",2021,March,Others,Delhi,Delhi,India
dotpe,Fintech,Gurgaon,224.1,Series A,"Payu, Google",2021,March,FinTech,Gurgaon,Haryana,India
five star finance,Fintech,Chennai,1942.2,Unknown,"Tpg Capital Asia, Epiq Capital",2021,March,FinTech,Chennai,Tamil Nadu,India
byjus,Edtech,Bangalore,3818.0,Series F,"Blackrock, Owl Ventures",2021,March,Enterprise / SaaS,Bangalore,Karnataka,India
annapurna finance,Fintech,Bhubaneswar,249.0,Unknown,"Asian Development Bank, Oman India Joint Investment Fund",2021,March,FinTech,Bhubaneswar,Odisha,India
healthplix,Healthcare,Bangalore,112.05,Series B,"Jsw Ventures, Kalaari Capital",2021,March,HealthTech,Bangalore,Karnataka,India
masai school,Edtech,Bangalore,41.5,Series A,"Unitus Ventures, Omidyar Network India",2021,March,Enterprise / SaaS,Bangalore,Karnataka,India
bewakoof,D2C Fashion,Mumbai,33.2,Unknown,"Ivycap Ventures, Pratithi Investment Trust",2021,March,Ecommerce / Retail,Mumbai,Maharashtra,India
indialends,Fintech,Delhi,42.33,Unknown,"Acpi Investments, Advantedge Founders",2021,March,FinTech,Delhi,Delhi,India
stelis biopharma,Biotechnology,Bangalore,1618.5,Series B,"Routeone, Mankekar Family Office",2021,March,Enterprise / SaaS,Bangalore,Karnataka,India
tilt,Bike Rental,Bangalore,1.04,Unknown,Y Combiunknowntor,2021,March,Mobility / Automotive / EV,Bangalore,Karnataka,India
neodove,AI,Jaipur,124.5,Seed,India Quotient,2021,March,Artificial Intelligence,Jaipur,Rajasthan,India
zaara biotech,Biotechnology,Kottayam,83.0,Unknown,Tcn Interunknowntiounknownl Commerce,2021,March,Enterprise / SaaS,Kottayam,Kerala,India
kreditbee,Fintech,Bangalore,622.5,Seed,"Alpine Capital, Premjiinvest",2021,March,FinTech,Bangalore,Karnataka,India
true balance,Fintech,Gurgaon,83.0,Debt,"Bon Angels Venture Partners, Daesung Private Equity",2021,March,FinTech,Gurgaon,Haryana,India
muvin,Fintech,Bangalore,8.3,Seed,Unknown,2021,March,FinTech,Bangalore,Karnataka,India
purplle,Beauty Products,Mumbai,373.5,Unknown,"Spring Marketing Capital, Verlinvest",2021,March,Consumer Goods / D2C,Mumbai,Maharashtra,India
flobiz,Technology,Bangalore,83.0,Series A,Elevation Capital,2021,March,Enterprise / SaaS,Bangalore,Karnataka,India
jeevam health,Healthcare,Delhi,12.45,Pre-Seed,Y Combiunknowntor,2021,March,HealthTech,Delhi,Delhi,India
newlink,Technology,Beijing,1660.0,Unknown,Bain Capital,2021,March,Enterprise / SaaS,Beijing,,China
oziva,Heathcare,Mumbai,99.6,Series B,"Funknownprime Capital, Eight Roads Ventures India",2021,March,Others,Mumbai,Maharashtra,India
blive,Tourism,Panaji,8.3,Pre-Series A,"Mumbai Angels, Dna Entertainment Networks",2021,March,Travel / Hospitality,Panaji,Goa,India
nazara,Gaming,Mumbai,249.0,Unknown,"Hornbill Capital Advisers, Plutus Wealth Maunknowngement",2021,March,Others,Mumbai,Maharashtra,India
euler motors,Automotive,Delhi,21.58,Series A,"Adb Ventures, Jetty Ventures",2021,March,Mobility / Automotive / EV,Delhi,Delhi,India
pixxel,Spacetech,Bangalore,60.59,Seed,"Techstars, Ryan Johnson",2021,March,Enterprise / SaaS,Bangalore,Karnataka,India
prescinto,Solar,Gujarat,29.05,Seed,"Venture Catalysts, 9Unicorns Accelerator Fund",2021,March,Climate / CleanTech / Energy,,Gujarat,India
myglamm,Beauty Products,Mumbai,166.0,Series C,Bessemer Venture Partners,2021,March,Consumer Goods / D2C,Mumbai,Maharashtra,India
chirrup,Gaming,Bangalore,2.49,Pre-Seed,"Titan Capital, Iseed, First Cheque, 3.0 Fund.",2021,March,Others,Bangalore,Karnataka,India
policy bazaar,Insurance,Gurgaon,622.5,Unknown,"Falcon Edge Capital, White Oak Global Advisors",2021,March,FinTech,Gurgaon,Haryana,India
livve homes,Rental Space,Bangalore,41.5,Unknown,Angel Investors,2021,March,Mobility / Automotive / EV,Bangalore,Karnataka,India
juicy chemistry,Healthcare,Coimbatore,52.29,Series A,Akya Ventures,2021,March,HealthTech,Coimbatore,Tamil Nadu,India
svasti microfinance,Fintech,Mumbai,33.2,Unknown,"Kayenne Ventures, Nordic Microfiunknownnce Initiative",2021,March,FinTech,Mumbai,Maharashtra,India
nexprt,Consulting,Delhi,16.6,Unknown,Titan Capital,2021,March,Enterprise / SaaS,Delhi,Delhi,India
ankur capital,Fintech,Mumbai,332.0,Unknown,Unknown,2021,March,FinTech,Mumbai,Maharashtra,India
indifi,Fintech,Gurgaon,41.5,Debt,"Elevar Equity, Accel",2021,March,FinTech,Gurgaon,Haryana,India
say cheese,Femtech,Mumbai,8.3,Seed,Unknown,2021,March,HealthTech,Mumbai,Maharashtra,India
indic inspirations,Cultural,Pune,2.49,Unknown,Marquee Investors,2021,March,Others,Pune,Maharashtra,India
bimaplan,Fintech,Mumbai,4.15,Seed,"Titan Capital, Y Combiunknowntor",2021,March,FinTech,Mumbai,Maharashtra,India
yap,Fintech,Chennai,83.0,Series B,"Jitendra Gupta, Better Capital",2021,March,FinTech,Chennai,Tamil Nadu,India
leap finance,Fintech,Bangalore,141.1,Series B,Jungle Ventures,2021,March,FinTech,Bangalore,Karnataka,India
blacksoil nbfc,Fintech,Mumbai,24.9,Unknown,Unknown,2021,March,FinTech,Mumbai,Maharashtra,India
oyo,Hospitality,Gurgaon,1660.0,Unknown,Hindustan Media Venture,2021,March,HealthTech,Gurgaon,Haryana,India
max healthcare,Healthcare,Delhi,1162.0,Unknown,"Radiant Life Care Private Ltd, Life Healthcare",2021,March,HealthTech,Delhi,Delhi,India
4basecare,Healthcare,Bangalore,16.6,Pre-Series A,"Mount Judi Ventures, Growx Ventures, Season Two Ventures",2021,March,HealthTech,Bangalore,Karnataka,India
ezstays,Edtech,Delhi,3.32,Seed,Richard Rekhy,2021,March,Enterprise / SaaS,Delhi,Delhi,India
stylework,Coworking,Gurgaon,4.15,Pre-Series A,Inflection Point Ventures,2021,March,Others,Gurgaon,Haryana,India
kinara capital,Fintech,Bangalore,49.8,Unknown,"Gawa Capital, Gaja Capital",2021,March,FinTech,Bangalore,Karnataka,India
riskcovry,Fintech,Bangalore,41.5,Series A,"Better Capital, Bharat Inclusion Seed Fund",2021,March,FinTech,Bangalore,Karnataka,India
nodwin,Gaming,Gurgaon,166.0,Unknown,Krafton,2021,March,Others,Gurgaon,Haryana,India
quizizz,Edtech,Bangalore,103.75,Series A,"Eight Roads Ventures India, Nexus Venture Partners",2021,March,Enterprise / SaaS,Bangalore,Karnataka,India
ecom express,Ecommerce,Delhi,166.0,Unknown,"Cdc Group, Partners Group",2021,March,Ecommerce / Retail,Delhi,Delhi,India
turtlemint,Fintech,Mumbai,373.5,Series D,Jungle Ventures,2021,March,FinTech,Mumbai,Maharashtra,India
captain fresh,Supply,Bangalore,24.9,Seed,"Matrix Partners, Ankur Capital",2021,March,Logistics / Supply Chain,Bangalore,Karnataka,India
northern arc,Fintech,Chennai,83.0,Debt,"U.S. Interunknowntiounknownl Development Fiunknownnce Corp, Asian Development Bank",2021,March,FinTech,Chennai,Tamil Nadu,India
qoohoo,Social,Bangalore,6.64,Seed,Angel Investors,2021,March,Others,Bangalore,Karnataka,India
igl,Gaming,Mumbai,4.15,Unknown,"Hungama, Hindustan Talkies",2021,March,Others,Mumbai,Maharashtra,India
ampm,Ecommerce,Gurgaon,1.66,Unknown,Agility Venture Partners,2021,March,Ecommerce / Retail,Gurgaon,Haryana,India
the eplane,Drone,Chennai,8.3,Seed,"Speciale Invest, Farid Ahsan",2021,March,Others,Chennai,Tamil Nadu,India
cashify,Ecommerce,Gurgaon,124.5,Unknown,"Bessemer Venture Partners, Cdh Investments",2021,March,Ecommerce / Retail,Gurgaon,Haryana,India
questt,Edtech,Gurgaon,8.3,Seed,"Chiratae Ventures, Aet Fund",2021,March,Enterprise / SaaS,Gurgaon,Haryana,India
dealshare,Ecommerce,Jaipur,24.9,Debt,"Omidyar Network, Falcon Edge Capital",2021,March,Ecommerce / Retail,Jaipur,Rajasthan,India
euler motors,Automotive,Delhi,33.2,Series A,"Jetty Ventures, Srinivas Anumolu",2021,March,Mobility / Automotive / EV,Delhi,Delhi,India
blume ventures,Fintech,Mumbai,332.0,Unknown,Avendus,2021,March,FinTech,Mumbai,Maharashtra,India
koinearth,Blockchain,Bangalore,14.94,Pre-Series A,Yournest,2021,March,Artificial Intelligence,Bangalore,Karnataka,India
imaginxp,Edtech,Pune,12.45,Unknown,Venture Catalysts,2021,March,Enterprise / SaaS,Pune,Maharashtra,India
apnaco,Recruitment,Bangalore,103.75,Unknown,"Sequoia Capital, Rocketship.Vc",2021,March,Enterprise / SaaS,Bangalore,Karnataka,India
ideaforge,Drone,Mumbai,16.6,Unknown,"Infosys, Qualcomm Ventures",2021,March,Others,Mumbai,Maharashtra,India
clairco,Cleantech,Bangalore,4.15,Unknown,"Real Estate Accelerator Program (Reap), Angellist",2021,March,Enterprise / SaaS,Bangalore,Karnataka,India
northern arc,Fintech,Chennai,415.0,Debt,"Asian Development Bank, U.S. Interunknowntiounknownl Development Fiunknownnce Corp",2021,March,FinTech,Chennai,Tamil Nadu,India
doubtnut,Edtech,Gurgaon,249.0,Series B,"Omidyar Network, Tencent Holdings",2021,February,Enterprise / SaaS,Gurgaon,Haryana,India
inframarket,Construction,Thane,830.0,Series C,"Innoven Capital, Nexus Venture Partners",2021,February,Real Estate / PropTech,Mumbai,Maharashtra,India
comofi medtech,Heathtech,Bangalore,1.66,Unknown,Ciie.Co,2021,February,Enterprise / SaaS,Bangalore,Karnataka,India
kutuki,Edtech,Bangalore,16.6,Seed,Omidyar Network India,2021,February,Enterprise / SaaS,Bangalore,Karnataka,India
eupheus,Edtech,Delhi,33.2,Series B,"Yuj Ventures, Sixth Sense Ventures",2021,February,Enterprise / SaaS,Delhi,Delhi,India
kreditbee,Fintech,Bangalore,622.5,Series C,"Premji Invest, Mirae Asset Naver Asia Growth Fund, Alpine Capital",2021,February,FinTech,Bangalore,Karnataka,India
pencil,Content Publishing,Mumbai,8.3,Pre-Series A,"Inflection Point Ventures, Sucseed Venture Partners",2021,February,Others,Mumbai,Maharashtra,India
marquee equity,Fintech,Mumbai,31.54,Unknown,"Capital One, Arrowroot Capital",2021,February,FinTech,Mumbai,Maharashtra,India
uptimeai,AI,Bangalore,12.45,Seed,Yournest Venture Capital,2021,February,Artificial Intelligence,Bangalore,Karnataka,India
wizklub,Edtech,Bangalore,6.64,Pre-Series A,Incubate Fund India,2021,February,Enterprise / SaaS,Bangalore,Karnataka,India
zolve,Fintech,Bangalore,124.5,Seed,"Kuunknownl Shah, Greg Kidd",2021,February,FinTech,Bangalore,Karnataka,India
medibuddy,Edtech,Bangalore,24.9,Debt,"Innoven Capital, Teamfund",2021,February,Enterprise / SaaS,Bangalore,Karnataka,India
pariksha,Edtech,Pune,16.6,Pre-Series A,"Venture Catalysts, 9Unicorns Accelerator Fund",2021,February,Enterprise / SaaS,Pune,Maharashtra,India
express stores,Ecommerce,Gurgaon,8.3,Seed,"Venture Highway, Rohit Bansal",2021,February,Ecommerce / Retail,Gurgaon,Haryana,India
avataar ventures,Fintech,Bangalore,830.0,Unknown,Unknown,2021,February,FinTech,Bangalore,Karnataka,India
phable,Healthcare,Bangalore,99.6,Series A,"Fresco Capital, Social Starts",2021,February,HealthTech,Bangalore,Karnataka,India
supply6,Helathcare,Bangalore,0.83,Seed,"Rohit Goutamchand, India Cxo Fund",2021,February,Others,Bangalore,Karnataka,India
swajal,Water Purification,Gurgaon,13.28,Pre-Series A,"Rajasthan Venture Capital Fund, Acpl Exports",2021,February,Others,Gurgaon,Haryana,India
bharat pe,Fintech,Delhi,830.0,Series D,"Amplo, Insight Partners",2021,February,FinTech,Delhi,Delhi,India
filo,Edtech,Delhi,2.16,Pre-Seed,Better Capital,2021,February,Enterprise / SaaS,Delhi,Delhi,India
method madness,Real Estate,Mumbai,16.6,Seed,Justin Mateen,2021,February,Real Estate / PropTech,Mumbai,Maharashtra,India
edufund,Fintech,Gujarat,2.49,Pre-Seed,View Trade Holding Corp,2021,February,FinTech,,Gujarat,India
pepperfry,Ecommerce,Mumbai,249.0,Debt,"Innoven Capital, Bertelsmann India Investments",2021,February,Ecommerce / Retail,Mumbai,Maharashtra,India
zingavita,Healthcare,Chandigarh,3.32,Unknown,Anicut Angel Fund,2021,February,HealthTech,Chandigarh,Chandigarh,India
verse innovation,Innovation Management,Bangalore,8300.0,Series H,"Caunknownan Valley Capital, Glade Brook Capital Partners",2021,February,Others,Bangalore,Karnataka,India
supersourcing,Software,Indore,1.66,Seed,"Vijay Shekhar Sharma, Dr Ritesh Malik",2021,February,Enterprise / SaaS,Indore,Madhya Pradesh,India
automatapi,Automation,Powai,3.32,Seed,Indian Angel Network,2021,February,Mobility / Automotive / EV,Mumbai,Maharashtra,India
newton school,Edtech,Bangalore,41.5,Series A,"Rtp Global, Harshil Mathur",2021,February,Enterprise / SaaS,Bangalore,Karnataka,India
tendercuts,Food,Chennai,124.5,Unknown,"Paragon Partners, Nabventures",2021,February,FoodTech,Chennai,Tamil Nadu,India
siply,Fintech,Bangalore,8.3,Seed,Inflection Point Ventures,2021,February,FinTech,Bangalore,Karnataka,India
sarvagram,Fintech,Mumbai,83.0,Series B,Elevation Capital,2021,February,FinTech,Mumbai,Maharashtra,India
unlu,Celebrity Engagement,Gurgaon,8.3,Seed,Expert Dojo,2021,February,Enterprise / SaaS,Gurgaon,Haryana,India
globalfair,Trading,Gurgaon,16.6,Seed,"Saama Capital, India Quotient",2021,February,Others,Gurgaon,Haryana,India
eduvanz,Fintech,Mumbai,83.0,Debt,"Incred Fiunknownncial Services, Vivriti Capital, Northern Arc Capital",2021,February,FinTech,Mumbai,Maharashtra,India
owo,Ecommerce,Gurgaon,1.66,Unknown,Ah! Ventures,2021,February,Ecommerce / Retail,Gurgaon,Haryana,India
progcap,Fintech,Delhi,8.3,Debt,"Somak Ghosh, M V Nair",2021,February,FinTech,Delhi,Delhi,India
abl workspaces,Hospitality,Delhi,4.98,Pre-Series A,Wurk,2021,February,HealthTech,Delhi,Delhi,India
nazara,Gaming,Mumbai,83.0,Unknown,"Plutus Wealth Maunknowngement, Turtle Entertainment",2021,February,Others,Mumbai,Maharashtra,India
scentials,Personal Care,Mumbai,49.8,Unknown,"Ambiga Subramanian, Goutham Ekollu",2021,February,Consumer Goods / D2C,Mumbai,Maharashtra,India
splashlearn,Edtech,Gurgaon,149.4,Series C,"Accel, Owl Ventures",2021,February,Enterprise / SaaS,Gurgaon,Haryana,India
maya,Healthcare,Bangalore,18.26,Seed,Rajan Aunknowndan,2021,February,HealthTech,Bangalore,Karnataka,India
goto,Transportation,Ghaziabad,1.25,Unknown,Jesse Lucas,2021,February,Logistics / Supply Chain,Delhi,Uttar Pradesh,India
medibuddy,Healthcare,Bangalore,332.0,Series B,"Idfc Private Equity, Bessemer Venture Partners",2021,February,HealthTech,Bangalore,Karnataka,India
zetwerk,Ecommerce,Bangalore,996.0,Series D,"Sequoia Capital, Accel",2021,February,Ecommerce / Retail,Bangalore,Karnataka,India
remedico,Healthcare,Hyderabad,4.15,Unknown,"Venture Catalysts, Tahseen Consulting",2021,February,HealthTech,Hyderabad,Telangana,India
satya microcapital,Fintech,Delhi,166.0,Unknown,"Blueorchard Fiunknownnce S A, Gojo, Company",2021,February,FinTech,Delhi,Delhi,India
yourphysio,Healthcare,Nagpur,2.9,Pre-Seed,"Better Capital, Titan Capital",2021,February,HealthTech,Nagpur,Maharashtra,India
aviom housing finance,Fintech,Delhi,8.3,Debt,"Gojo, Company",2021,February,FinTech,Delhi,Delhi,India
hemp horizons,Cannabis,Noida,1.66,Seed,Mumbai Angels,2021,February,Others,Noida,Uttar Pradesh,India
mpl,Gaming,Bangalore,788.5,Unknown,"Pegasus Tech Ventures, Base Partners",2021,February,Others,Bangalore,Karnataka,India
koo,Blogging,Bangalore,34.03,Series A,"3One4 Capital, Accel",2021,February,Others,Bangalore,Karnataka,India
innerhour,Healthcare,Mumbai,43.16,Series A,"Hitesh Oberoi, Lightbox",2021,February,HealthTech,Mumbai,Maharashtra,India
origo,Agritech,Gurgaon,83.0,Debt,Yes Bank,2021,February,AgriTech,Gurgaon,Haryana,India
elucidata,Biotechnology,Delhi,41.5,Pre-Series A,Hyperplane Venture Capital,2021,January,Enterprise / SaaS,Delhi,Delhi,India
saveo,Healthcare,Bangalore,33.2,Seed,"Matrix Partners, Rtp Global",2021,January,HealthTech,Bangalore,Karnataka,India
dotpe,Fintech,Gurgaon,66.4,Seed,"Info Edge, Ruizheng Investment",2021,January,FinTech,Gurgaon,Haryana,India
taskmo,B2B,Bangalore,11.62,Unknown,Quess Corp India,2021,January,Enterprise / SaaS,Bangalore,Karnataka,India
mastermentors,Edtech,West Bengal,12.45,Unknown,Unknown,2021,January,Enterprise / SaaS,,West Bengal,India
ruptok,Fintech,Delhi,83.0,Unknown,Wurk,2021,January,FinTech,Delhi,Delhi,India
seevc,Technology,Delhi,8.3,Seed,Jimmy Singh,2021,January,Enterprise / SaaS,Delhi,Delhi,India
junio,Edtech,Delhi,8.3,Unknown,"Kuunknownl Shah, Deepak Abbot",2021,January,Enterprise / SaaS,Delhi,Delhi,India
venwiz,B2B,Bangalore,2.49,Seed,"Accel, Nexus Venture",2021,January,Enterprise / SaaS,Bangalore,Karnataka,India
vista rooms,Hospitality,Mumbai,8.3,Unknown,"Singapore Angel Network, Artha India Ventures",2021,January,HealthTech,Mumbai,Maharashtra,India
makers hive,Technology,Hyderabad,74.7,Unknown,"Starfish Growth Partners, Investpad",2021,January,Enterprise / SaaS,Hyderabad,Telangana,India
headfone,Social Audio,Bangalore,24.9,Seed,Hashed,2021,January,Others,Bangalore,Karnataka,India
mpl,Gaming,Bangalore,41.5,Unknown,"Pegasus Tech Ventures, Base Partners",2021,January,Others,Bangalore,Karnataka,India
growfix,Fintech,Bangalore,16.6,Seed,"Zerodha'S Rainmatter Capital, Better Capital",2021,January,FinTech,Bangalore,Karnataka,India
bombay shaving,Fashion And Lifestyle,Delhi,49.8,Unknown,"Sixth Sense Ventures, Colgate Palmolive",2021,January,Consumer Goods / D2C,Delhi,Delhi,India
dunzo,Delivery,Bangalore,332.0,Series E,"Lightbox, Evolvence India Fund",2021,January,Logistics / Supply Chain,Bangalore,Karnataka,India
beyondskool,Edtech,Mumbai,16.6,Seed,Tomorrow Capital,2021,January,Enterprise / SaaS,Mumbai,Maharashtra,India
mindler,Edtech,Delhi,8.3,Pre-Series A,"Inflection Point Ventures, Dlabs",2021,January,Enterprise / SaaS,Delhi,Delhi,India
fashinza,B2B Manufacturing,Gurgaon,21.58,Seed,"Accel, Elevation Capital",2021,January,Enterprise / SaaS,Gurgaon,Haryana,India
bharat pe,Fintech,Delhi,49.8,Debt,"Innoven Capital, Steadview Capital",2021,January,FinTech,Delhi,Delhi,India
turnip,Gaming,Bangalore,13.28,Seed,Elevation Capital,2021,January,Others,Bangalore,Karnataka,India
furlenco,Home Decor,Bangalore,16.6,Unknown,Blacksoil Capital,2021,January,Others,Bangalore,Karnataka,India
inficold,Solar,Delhi,7.47,Pre-Series A,Shell Foundation,2021,January,Climate / CleanTech / Energy,Delhi,Delhi,India
kiwi,Taas,Delhi,2.08,Seed,"Pointone Capital, Core91 Vc",2021,January,Others,Delhi,Delhi,India
bharat pe,Fintech,Delhi,83.0,Debt,"Innoven Capital, Steadview Capital",2021,January,FinTech,Delhi,Delhi,India
mfine,Healthcare,Bangalore,132.8,Unknown,"Blockchain Capital, Sbi Ven Capital",2021,January,HealthTech,Bangalore,Karnataka,India
udayy,Edtech,Gurgaon,20.75,Seed,Alpha Wave Incubation,2021,January,Enterprise / SaaS,Gurgaon,Haryana,India
lohum,Ev,Noida,58.1,Unknown,"Baring Private Equity Partners India, Talbros",2021,January,Mobility / Automotive / EV,Noida,Uttar Pradesh,India
darwinbox,Hr,Hyderabad,124.5,Unknown,"Sequoia Capital, 3One4 Capital",2021,January,HRTech,Hyderabad,Telangana,India
dehaat,Agritech,Patna,249.0,Series C,"Prosus Ventures, Rtp Global",2021,January,AgriTech,Patna,Bihar,India
samunnati,Agritech,Chennai,83.0,Debt,"U.S. Interunknowntiounknownl Development Fiunknownnce Corp, Responsability",2021,January,AgriTech,Chennai,Tamil Nadu,India
biconomy,Blockchain,Delhi,12.45,Seed,"Biunknownnce Labs, Zee Prime Capital",2021,January,Artificial Intelligence,Delhi,Delhi,India
true elements,Food,Pune,8.3,Unknown,Rpunknownsanjiv Goenka Group,2021,January,FoodTech,Pune,Maharashtra,India
siply,Fintech,Bangalore,8.3,Seed,Inflection Point Ventures,2021,January,FinTech,Bangalore,Karnataka,India
nao spirits beverages,Beverages,Delhi,16.6,Series A,Unknown,2021,January,FoodTech,Delhi,Delhi,India
purpletutor,Edtech,Mumbai,2.49,Seed,Ivycap Ventures,2021,January,Enterprise / SaaS,Mumbai,Maharashtra,India
karkhanaio,Manufacturing,Mumbai,12.45,Seed,Zone Startups In,2021,January,Others,Mumbai,Maharashtra,India
ssa finserv,Fintech,Mumbai,24.9,Unknown,Blue Ashva Capital,2021,January,FinTech,Mumbai,Maharashtra,India
coinswitch kuber,Cryptocurrency,Bangalore,124.5,Series A,"Ribbit Capital, Kuunknownl Shah",2021,January,Others,Bangalore,Karnataka,India
paperfly,Ecommerce,Bangalore,91.3,Unknown,Ecom Express,2021,January,Ecommerce / Retail,Bangalore,Karnataka,India
inframarket,Ecommerce,Thane,49.8,Debt,Innoven Capital,2021,January,Ecommerce / Retail,Mumbai,Maharashtra,India
readyassist,Vehicle Repair,Bangalore,8.3,Seed,Satish Grampurohit,2021,January,Artificial Intelligence,Bangalore,Karnataka,India
chalo,It,Mumbai,58.1,Unknown,"Amit Singhal, Raine Ventures",2021,January,Enterprise / SaaS,Mumbai,Maharashtra,India
unacademy,Edtech,Bangalore,415.0,Unknown,"Tiger Global, Dragoneer Investment Group, Steadview Capital, General Atlantic",2021,January,Enterprise / SaaS,Bangalore,Karnataka,India
ergos,Agritech,Samsitpur,24.9,Series A,"Cdc Group, Aavishkaar Venture Capital",2021,January,AgriTech,Samastipur,Bihar,India
knocksense,Media,Lucknow,1.66,Unknown,"Mumbai Angels, Amitesh Pandey",2021,January,HealthTech,Lucknow,Uttar Pradesh,India
pariksha,Edtech,Pune,14.94,Unknown,"Venture Catalysts, 9Unicorns Accelerator Fund",2021,January,Enterprise / SaaS,Pune,Maharashtra,India
toothsi,Healthcare,Mumbai,41.5,Series A,Think Investments,2021,January,HealthTech,Mumbai,Maharashtra,India
jumbotail,Food,Bangalore,118.69,Series B,"Nexus Venture Partners, 23 High Networth Individuals (Hnis)",2021,January,FoodTech,Bangalore,Karnataka,India
phi commerce,Fintech,Pune,33.2,Series A,"Yatra Angel Network, Beenext",2021,January,FinTech,Pune,Maharashtra,India
zupee,Gaming,Gurgaon,83.0,Unknown,"Orios Venture Partners, Matrix Partners",2021,January,Others,Gurgaon,Haryana,India
finsall,Fintech,Bangalore,2.49,Seed,Unicorn India Ventures,2021,January,FinTech,Bangalore,Karnataka,India
legalwizin,Legaltech,Ahmedabad,4.15,Unknown,Contcentric,2021,January,Enterprise / SaaS,Ahmedabad,Gujarat,India
practically,Edtech,Telangana,33.2,Other,Siaunknown Capital,2021,January,Enterprise / SaaS,,Telangana,India
cred,Fintech,Bangalore,672.3,Series C,"Dst Global, General Catalyst",2021,January,FinTech,Bangalore,Karnataka,India
devic earth,Pollution Control Equiptment,Bangalore,8.3,Unknown,Blue Ashva Capital,2021,January,Others,Bangalore,Karnataka,India
zerone,Fintech,Gurgaon,10.79,Pre-Series A,Anthill Ventures,2021,January,FinTech,Gurgaon,Haryana,India
boat,Fashion & Lifestyle,Mumbai,830.0,Private Equity,"Innoven Capital, Innoven Capita",2021,January,Consumer Goods / D2C,Mumbai,Maharashtra,India
pocket aces,Media,Mumbai,16.6,Unknown,"3One4 Capital, Dsp Group",2021,January,HealthTech,Mumbai,Maharashtra,India
kyt,Edtech,Bangalore,41.5,Series A,Alpha Wave Incubation,2021,January,Enterprise / SaaS,Bangalore,Karnataka,India
imumz,Healthcare,Bangalore,2.49,Unknown,"Enzia Ventures, Angellist",2021,January,HealthTech,Bangalore,Karnataka,India
bharat pe,Fintech,Delhi,68.06,Debt,"Steadview Capital, Insight Partners",2021,January,FinTech,Delhi,Delhi,India
cropin,Agritech,Bangalore,166.0,Series C,"Invested Development, Pratithi Investment Trust",2021,January,AgriTech,Bangalore,Karnataka,India
udaan,Ecommerce,Bangalore,2324.0,Unknown,"Octahedron Capital, Moonstone Capital",2021,January,Ecommerce / Retail,Bangalore,Karnataka,India
vanity wagon,Cosmetics,Haryana,1.66,Seed,"Dhianu Das, Agility Venture Partners",2021,January,Consumer Goods / D2C,,Haryana,India
oyo,Hospitality,Gurgaon,58.1,Series F,Hindustan Media Venture,2021,January,HealthTech,Gurgaon,Haryana,India
blacksoil,Fintech,Mumbai,33.2,Unknown,Awign Enterprises,2021,January,FinTech,Mumbai,Maharashtra,India
hobspace,Edtech,Mumbai,0.83,Pre-Series A,"Siddharth Bhaskar Shah, Upsparks",2021,January,Enterprise / SaaS,Mumbai,Maharashtra,India
dcodeai,Edtech,Delhi,4.15,Unknown,S Chand,2021,January,Enterprise / SaaS,Delhi,Delhi,India
biocon biologics,Biotechnology,Bangalore,581.0,Unknown,"Goldman Sachs, Tata Capital",2021,January,Enterprise / SaaS,Bangalore,Karnataka,India
kiranakart,Ecommerce,Mumbai,5.98,Pre-Seed,Global Founders Capital,2021,January,Ecommerce / Retail,Mumbai,Maharashtra,India
meddo,Healthcare,Gurgaon,24.9,Pre-Series A,"Growx Ventures, Venture Gurukool",2021,January,HealthTech,Gurgaon,Haryana,India
mooofarm,Information&Technology,Gurgaon,137.78,Series A,Accel And Aditya Birla Ventures,2022,December,Enterprise / SaaS,Gurgaon,Haryana,India
healthkart,Ecommerce,Gurgaon,162.68,Series H,A91 Partners And Kae Capital,2022,December,Ecommerce / Retail,Gurgaon,Haryana,India
onegreen,Ecommerce,Gurgaon,12.45,Seed,Sandhar Technologies And Sunil Kamath,2022,December,Ecommerce / Retail,Gurgaon,Haryana,India
algobulls,Fintech,Mumbai,20.75,Seed,. Sharath Kumar And Yuvraj A. Thakker,2022,December,FinTech,Mumbai,Maharashtra,India
swageazy,Marketing,Gurgaon,5.81,Seed,Anicut Capital And Dhruv Toshniwal,2022,December,Marketing / AdTech,Gurgaon,Haryana,India
amikus ai,AI,Bangalore,96.69,Seed,Inflection Point Ventures And Entrepreneur First,2022,December,Artificial Intelligence,Bangalore,Karnataka,India
onsite,Healthcare,Cumberland Furnace,124.5,Series A,Unknown,2022,December,HealthTech,Cumberland Furnace,Tennessee,USA
swageazy,Marketing,Gurgaon,581.0,Seed,Anicut Capital And Dhruv Toshniwal,2022,December,Marketing / AdTech,Gurgaon,Haryana,India
vidyut tech,Electric Vehicle,Bangalore,323.7,Seed,. Veda Vc And Sujeet Kumar,2022,December,Mobility / Automotive / EV,Bangalore,Karnataka,India
mabel,Jewellery,Bangalore,124.5,Seed,. Incubate Fund India And Whiteboard Capital,2022,December,Others,Bangalore,Karnataka,India
uolo,Information Technology,Gurgaon,2116.5,Series A,Morphosis Venture Capital And Winter Capital,2022,December,Enterprise / SaaS,Gurgaon,Haryana,India
varaha,Agtech,Delhi,33.2,Seed,. Kuunknownl Shah And Orios Venture Partners,2022,December,Enterprise / SaaS,Delhi,Delhi,India
contlo,Analytics,Newark,348.6,Seed,Varun Sadaunknown And Titan Capital,2022,December,Analytics / Big Data,Newark,New Jersey,USA
inmed prognostics,Healthcare,Pune,182.6,Seed,. Exxora And Rich Research And Innovation Circle Of Hyderabad,2022,December,HealthTech,Pune,Maharashtra,India
thingsup,Internet,Pune,584.82,Seed,Lead Angels Network,2022,December,Consumer Internet,Pune,Maharashtra,India
zoivane pets,Industry,Surat,5848.18,Seed,Gvfl And We Founder Circle,2022,December,Others,Surat,Gujarat,India
galaxeye,Sattelite Connection,Chennai,29.05,Seed,. Anicut Capital And Nithin Kamath,2022,December,Enterprise / SaaS,Chennai,Tamil Nadu,India
hexo,Software,Bangalore,224.1,Pre-Seed,Antler India,2022,December,Enterprise / SaaS,Bangalore,Karnataka,India
virgio,Product Design,Bangalore,1162.0,Series A,Kuunknownl Shah And Prosus Ventures,2022,December,Others,Bangalore,Karnataka,India
grow indigo,Agritech,Mumbai,49.8,Seed,Mahyco Seeds Ltd. And Indigo,2022,December,AgriTech,Mumbai,Maharashtra,India
waycool foods,Food,Chennai,3353.2,Unknown,. Trifecta Capital Advisors And Trifecta Capital Advisors,2022,December,FoodTech,Chennai,Tamil Nadu,India
the ayurveda experience,Healthcare,Singapore,622.5,Unknown,Riverwalk Holdings And Fireside Ventures,2022,December,HealthTech,,,Singapore
decentro,Fintech,Bangalore,390.1,Series A,Leonis Investissement And Kuunknownl Shah,2022,November,FinTech,Bangalore,Karnataka,India
the meat chop,Food &Beverages,Chennai,5.81,Seed,Jai Kumar And Mohan Karuppiah,2022,November,FoodTech,Chennai,Tamil Nadu,India
moeving,Automotive,Gurgaon,102.92,Seed,Jsw Ventures And Stride Ventures,2022,November,Mobility / Automotive / EV,Gurgaon,Haryana,India
almabetter,Educaton,Bangalore,17.93,Seed,Varun Alagh And Rajesh Yabaji,2022,November,EdTech,Bangalore,Karnataka,India
solarsquare energy,Renewable Energy,Mumbai,99.6,Series A,Lowercarbon Capital And Vidit Aatrey,2022,November,Climate / CleanTech / Energy,Mumbai,Maharashtra,India
cashkaro,Ecommerce,Gurgaon,250.66,Series C,Affle And Korea Investment Partners,2022,November,Ecommerce / Retail,Gurgaon,Haryana,India
rivaara labs,Healtcare,Mumbai,49.8,Unknown,Bharat V. Daftary And Kotak Investment Advisors,2022,November,Others,Mumbai,Maharashtra,India
driffle,Ecommerce,Unknown,282.2,Seed,Better Capital And Amit Damani,2022,November,Ecommerce / Retail,,,
cashkaro,Ecommerce,Gurgaon,24.9,Series C,Affle And Korea Investment Partners,2022,November,Ecommerce / Retail,Gurgaon,Haryana,India
rivaara labs,Healthcare,Mumbai,0.5,Unknown,Bharat V. Daftary And Kotak Investment Advisors,2022,November,HealthTech,Mumbai,Maharashtra,India
dhiway,Information Technology,Bangalore,0.83,Pre-Seed,. Cornerstone Venture Partners Fund And Sunicon Ventures,2022,November,Enterprise / SaaS,Bangalore,Karnataka,India
curebay,Healthcare,Bhubaneswar,41.5,Series A,Elevar Equity.,2022,November,HealthTech,Bhubaneswar,Odisha,India
aspada,Fintech,Bangalore,14.11,Seed,Song Fund,2022,November,FinTech,Bangalore,Karnataka,India
bold finance,Fintech,Mumbai,14.11,Seed,Kae Capital And Ishpreet Gandh,2022,November,FinTech,Mumbai,Maharashtra,India
automovil,Automotive,Bangalore,0.83,Seed,Inflection Point Ventures And Santosh Chandra,2022,November,Mobility / Automotive / EV,Bangalore,Karnataka,India
lentra,Information Technology,Pune,58.93,Series B,Bessemer Venture Partners And Citi Ventures,2022,November,Enterprise / SaaS,Pune,Maharashtra,India
indiamart,Ecommerce,Noida,338.64,Unknown,M1Xchange Raised,2022,November,Ecommerce / Retail,Noida,Uttar Pradesh,India
beato,Healthcare,Delhi,393.42,Series B,. Orios Venture Partners And Flipkart Ventures,2022,November,HealthTech,Delhi,Delhi,India
buyofuel,Oil&Gas,Coimbatore,108.73,Seed,Inflection Point Ventures And Letsventure,2022,November,Others,Coimbatore,Tamil Nadu,India
nirogstreet,Healthcare,Delhi,180.11,Series B,Spiral Ventures And Icmg Partners,2022,November,HealthTech,Delhi,Delhi,India
vunetsystems,Information&Technology,Bangalore,4.15,Series A,Tvs Capital Funds And Athera Venture Partners,2022,November,Enterprise / SaaS,Bangalore,Karnataka,India
bira 91,Food,Delhi,2350.56,Series D,The Beer Café,2022,November,FoodTech,Delhi,Delhi,India
soptle,Software,Gurgaon,2.49,Angel,Vaishunknownv Shetty And Ankur Aggarwal,2022,November,Enterprise / SaaS,Gurgaon,Haryana,India
sukoon,Proffesional,Karachi,12.45,Seed,Crescent Ventures And Dotzero Ventures,2022,November,Others,Karachi,Sindh,Pakistan
rapidbox,Ecommerce,Bangalore,37.35,Series A,"Abhishek Kumar, Gautam Chopra, Kuunknownl Kiunknownlekar, Yash Sehgal",2022,November,Ecommerce / Retail,Bangalore,Karnataka,India
motovolt mobility,Electrical Automobiles,Unknown,132.8,Seed,Vikrampati Singhania And Wami Capita,2022,November,Mobility / Automotive / EV,,,
galgal,Fintech,Mumbai,0.83,Seed,Unknown,2022,November,FinTech,Mumbai,Maharashtra,India
fresh from far,Farming,Delhi,26.56,Seed,Inflection Point Ventures,2022,November,AgriTech,Delhi,Delhi,India
celebal,Information&Technology,Jaipur,21.58,Unknown,Norwest Venture Partners.,2022,November,Enterprise / SaaS,Jaipur,Rajasthan,India
covvalent,Chemical,Gurgaon,285.52,Seed,Rehan A Khan And Anubhav Jain,2022,November,Others,Gurgaon,Haryana,India
better beauty,Cosmetics,Delhi,1.66,Unknown,Lotus Herbals,2022,October,Consumer Goods / D2C,Delhi,Delhi,India
goofy tails,Nutrition,Delhi,4.15,Unknown,Beyondseed And The Chenunknowni Angels,2022,October,FoodTech,Delhi,Delhi,India
wright reseach,AI,Mumbai,9.13,Seed,Orios Venture Partners And Ajat Hukkoo,2022,October,Artificial Intelligence,Mumbai,Maharashtra,India
gigforce,Information Technology,Bangalore,4212.25,Seed,Venture Catalysts And Znl Growth,2022,October,Enterprise / SaaS,Bangalore,Karnataka,India
bioprime,Biotechnology,Pune,21.58,Seed,Inflexor Ventures And Omnivore,2022,October,Enterprise / SaaS,Pune,Maharashtra,India
hubbler,Information&Technology,Karnataka,12.45,Seed,Lendenclub Alpha And Unicorn India Ventures,2022,October,Enterprise / SaaS,,Karnataka,India
trendlyne,Fintech,Bangalore,23.24,Series A,. Iifl Special Opportunities Fund And Iifl Securities,2022,October,FinTech,Bangalore,Karnataka,India
myysports,Software,Delhi,16.6,Pre-Seed,Myhashstash,2022,October,Enterprise / SaaS,Delhi,Delhi,India
oddr,AI,Sanfrancisco,16.6,Seed,Twin Ventures And Saama Capital,2022,October,Artificial Intelligence,San Francisco,California,USA
yoho,Manufacturing,Delhi,19.92,Series A,Rajeev Misra And Vijay Shekhar Sharm,2022,October,Others,Delhi,Delhi,India
wishlink,Content Creator,Gurgaon,24.9,Seed,Sanjeev Barnwal And Shantanu Deshpande,2022,October,Others,Gurgaon,Haryana,India
damensch,Textile,Bangalore,1577.0,Series B,Saama Capital And Matrix Partners India,2022,October,Others,Bangalore,Karnataka,India
artium academy,Edtech,Mumbai,31.54,Seed,Chiratae Ventures And Piyush Shah,2022,October,Enterprise / SaaS,Mumbai,Maharashtra,India
fittbudd,Wellness,Gurgaon,28.22,Seed,Sequoia Capital India And Waveform Ventures,2022,October,Others,Gurgaon,Haryana,India
5cnetwork,Healthcare,Bangalore,48.14,Series A,Rohit Razdan And Shiv Tallam,2022,October,HealthTech,Bangalore,Karnataka,India
explorex,SaaS,Bangalore,49.8,Seed,Taher Savliwala And Kevin Lin,2022,October,Enterprise / SaaS,Bangalore,Karnataka,India
vecmocon,Information Technology,Delhi,43.99,Seed,Tiger Global Maunknowngement And Blume Ventures,2022,October,Enterprise / SaaS,Delhi,Delhi,India
isthara,Hospitality,Hyderabad,173.47,Series B,Eagle Investments And Eagle Proprietary Investments,2022,October,HealthTech,Hyderabad,Telangana,India
assidus global,Ecommerce,Wilmington,14.11,Series A,"Isthara Offers Sharedunknownliving Accommodations As Well As A Variety Of Facilities, To Working Professiounknownls And Students",2022,October,Ecommerce / Retail,Wilmington,Delaware,USA
better beauty,Beauty,Delhi,1.66,Unknown,Lotus Herbals.,2022,October,Consumer Goods / D2C,Delhi,Delhi,India
reevoy,Homedecor,United Kingdom,89.64,Unknown,Kilde And Earlsfield Capital,2022,October,HealthTech,,,United Kingdom
investmint,Trading,Bangalore,1.66,Seed,Nexus Venture Partners,2022,October,Others,Bangalore,Karnataka,India
revfin,Fintech,Delhi,2207.8,Series A,Green Frontier Capital And Lc Nueva Investment Partners,2022,October,FinTech,Delhi,Delhi,India
tring,Social Media,Mumbai,61.42,Seed,Redbrook Pte Ltd And Blume Founders Fund,2022,October,HealthTech,Mumbai,Maharashtra,India
soothe healthcare,Healthcare,Noida,321.21,Unknown,Sixth Sense Ventures And A91 Partners,2022,October,HealthTech,Noida,Uttar Pradesh,India
emotorad,Manufacturing,Pune,385.95,Seed,Ivy Growth Associates And Letsventure,2022,October,Others,Pune,Maharashtra,India
impact analytics,AI,Linthicum Heights,180.94,Series B,The Argentum Group And The Argentum Group,2022,October,Artificial Intelligence,Linthicum Heights,Maryland,USA
dehaat,Agritech,Bihar,1980.38,Series E,Rtp Global And Sofiunknown,2022,October,AgriTech,,Bihar,India
blusapphire cyber system,Information Technology,Stamford,76.36,Series B,Baring Private Equity India And Dallas Venture Capital,2022,October,Enterprise / SaaS,Stamford,Connecticut,USA
himshakti,Food,Dehradun,14.11,Pre-Seed,Indian Institute Of Maunknowngement Kashipur And Varun Agrawal,2022,October,FoodTech,Dehradun,Uttarakhand,India
kinara capital,Fintech,Bangalore,1274.05,Unknown,Nuveen Investments And British Interunknowntiounknownl Investment,2022,October,FinTech,Bangalore,Karnataka,India
oll,Edtech,Mumbai,110.31,Seed,Harsh Metha And Sandeep Balaji,2022,September,Enterprise / SaaS,Mumbai,Maharashtra,India
toffee coffee,Food,Bangalore,8.3,Seed,Uday Chatterjee And Rajeev Sarda,2022,September,FoodTech,Bangalore,Karnataka,India
papa pawsome,Industry,Thane,166.0,Seed,Mandar Joshi And Iti Growth Opportunities Fund,2022,September,Others,Mumbai,Maharashtra,India
xr central,Software,Gurgaon,20.75,Seed,Tarun Tahiliani And Nitin Seth,2022,September,Enterprise / SaaS,Gurgaon,Haryana,India
vs napu,Ecommerce,Bangalore,16.6,Seed,Inflection Point Ventures,2022,September,Ecommerce / Retail,Bangalore,Karnataka,India
equipco,Recruiting,Bangalore,53.12,Pre-Seed,Better Capital,2022,September,Enterprise / SaaS,Bangalore,Karnataka,India
zevi,Software,Bangalore,75.11,Pre-Seed,Kube Vc And Entrepreneur First A,2022,September,Enterprise / SaaS,Bangalore,Karnataka,India
purple tutor,Edtech,Mumbai,13.28,Series A,Arjun Malhotra And Disruptors Capital,2022,September,Enterprise / SaaS,Mumbai,Maharashtra,India
zerund,Manufacturing,Guwahati,809.83,Seed,Dreamweaver Investments And Northeast Venture Fund (,2022,September,Others,Guwahati,Assam,India
klassroom edutech,Edtech,Mumbai,12.45,Unknown,Startuplanes And Ah! Ventures,2022,September,Enterprise / SaaS,Mumbai,Maharashtra,India
userstudy,Recruiting,Bangalore,62.25,Pre-Seed,Sparrow Capital And Better Capital,2022,September,Enterprise / SaaS,Bangalore,Karnataka,India
autify networks,Software,Sanfrancisco,107.9,Series A,Salesforce Ventures And Tably,2022,September,Enterprise / SaaS,San Francisco,California,USA
anveshan,Food,Bangalore,207.5,Seed,Amit Hooja And Force Ventures,2022,September,FoodTech,Bangalore,Karnataka,India
finagg,Fintech,Noida,2.49,Seed,Blinc Invest And Prime Venture Partners,2022,September,FinTech,Noida,Uttar Pradesh,India
project hero,Construction,Bangalore,29.88,Seed,Omidyar Network India And Ankur Capital,2022,September,Real Estate / PropTech,Bangalore,Karnataka,India
daalchini,Food,Delhi,473.1,Series A,Ajay Kaul And Unicorn India Venture,2022,September,FoodTech,Delhi,Delhi,India
suite42,Food,Bangalore,35.69,Seed,Sujeet Kumar And All In Capital,2022,September,FoodTech,Bangalore,Karnataka,India
stayvista,Hospitality,Mumbai,589.3,Unknown,Capri Global Capital And Dsg Consumer Partners,2022,September,HealthTech,Mumbai,Maharashtra,India
lucidity,Information Technology,Bangalore,46.48,Seed,Sparrow Capital And Beenext,2022,September,Enterprise / SaaS,Bangalore,Karnataka,India
powerplay,Construction,Bangalore,102.09,Series A,Kuunknownl Bahl And India Quotient,2022,September,Real Estate / PropTech,Bangalore,Karnataka,India
casflo,Fintech,Mumbai,100.43,Series B,Elevation Capital And Nitin Gupta,2022,September,FinTech,Mumbai,Maharashtra,India
zippmat,SaaS,Bangalore,8.3,Seed,Tradecred And Matrix Partners India,2022,September,Enterprise / SaaS,Bangalore,Karnataka,India
gromo,Fintech,Gurgaon,96.28,Series A,Abhishek Goyal And Goodwater Capital,2022,September,FinTech,Gurgaon,Haryana,India
bhanzu,Edtech,Hyderabad,10.79,Series A,Lightspeed Venture Partners And Eight Roads Ventures,2022,September,Enterprise / SaaS,Hyderabad,Telangana,India
deeprooted,Agritech,Bangalore,14.94,Series A,Ivycap Ventures And Mayfield Fund,2022,September,AgriTech,Bangalore,Karnataka,India
murf ai,AI,Utah,95.45,Series A,Ajay Arora And Yamini Bhat,2022,September,Artificial Intelligence,,Utah,USA
bincos,Crypto Currency,Bangalore,3.32,Seed,Better Capital And Acce,2022,September,Others,Bangalore,Karnataka,India
truefoundry,Software,Sanfrancisco,19.09,Seed,Dilip Khandelwal And Anthony Goldbloom,2022,September,Enterprise / SaaS,San Francisco,California,USA
turbohire,Software,Hyderabad,2.49,Seed,Purvansh Holdings And Mumbai Angels,2022,September,Enterprise / SaaS,Hyderabad,Telangana,India
alyf,Real State,Mumbai,933.75,Seed,9Unicorns Accelerator Fund And Venture Catalysts,2022,September,Real Estate / PropTech,Mumbai,Maharashtra,India
savart,Fintech,Hyderabad,17.43,Seed,Beenext And 9Unicorns Accelerator Fund,2022,September,FinTech,Hyderabad,Telangana,India
outscal,Information Technology,Delhi,12.45,Seed,Kalaari Capital.,2022,September,Enterprise / SaaS,Delhi,Delhi,India
kogo,Information Technology,Delhi,13.28,Other,Mapmyindia And Rampraveen Swamiunknownthan,2022,September,Enterprise / SaaS,Delhi,Delhi,India
hackle,Logistics,Bangalore,8.3,Pre-Seed,Elara India Opportunities Fund And Callapiunknown Capita,2022,September,Logistics / Supply Chain,Bangalore,Karnataka,India
esmito,Information Technology,Taramani,8.3,Seed,Unicorn India Venture,2022,September,Enterprise / SaaS,Chennai,Tamil Nadu,India
biggies burger,Food &Beverages,Bangalore,45.65,Seed,Letsventure And Indian Angel Network,2022,September,FoodTech,Bangalore,Karnataka,India
univest,Fintech,Gurgaon,39.14,Pre-Seed,. Chetan Nigam And Rahul Gambhir,2022,September,FinTech,Gurgaon,Haryana,India
money plannned,Fintech,Bangalore,51.73,Seed,. Sameer Khan And Joseph R. Saviano,2022,September,FinTech,Bangalore,Karnataka,India
signzy,Fintech,Hyderabad,318.72,Series B,Arkam Ventures And Vertex Ventures,2022,September,FinTech,Hyderabad,Telangana,India
zypp,Electrical Vehicle,Gurgaon,96.28,Unknown,Northern Arc And Mark Joseph,2022,September,Mobility / Automotive / EV,Gurgaon,Haryana,India
molbio,Healthcare,Goa,975.25,Unknown,Temasek Holdings And Motilal Oswal Private Equity,2022,September,HealthTech,Panaji,Goa,India
cheelizza,Food,Mumbai,34.11,Seed,Indian Angel Network And Rahul Suraunknown,2022,September,FoodTech,Mumbai,Maharashtra,India
razorpay,Fintech,Bangalore,6775.29,Unknown,Posh Vine,2022,September,FinTech,Bangalore,Karnataka,India
fourkites,Software,Chicago,2004.45,Unknown,"Mitsui, Co And Fedex",2022,September,Enterprise / SaaS,Chicago,Illinois,USA
kidbea,Fashion,Noida,166.83,Pre-Seed,Divij Bajaj And Samiullah Shaik,2022,September,Consumer Goods / D2C,Noida,Uttar Pradesh,India
ockypocky,Videogames,Haryana,3.32,Seed,Goodwater Capital And Angellist Quant Fund,2022,August,Media / Entertainment / Gaming,,Haryana,India
tartanhq,Information&Technology,Bangalore,37.35,Seed,Varanium Capital Advisors And 500 Startups,2022,August,Enterprise / SaaS,Bangalore,Karnataka,India
voiz,Proffesional,Bangalore,1.66,Seed,Omidyar Network,2022,August,Others,Bangalore,Karnataka,India
webengage,Enterprise Software,Mumbai,175.13,Series B,Singularity Growth Opportunities Fund And Blume Ventures,2022,August,Enterprise / SaaS,Mumbai,Maharashtra,India
credit fair,Fintech,Mumbai,211.65,Seed,Nikhil Chandra Gupta And Caspian Impact Investments,2022,August,FinTech,Mumbai,Maharashtra,India
dezerv,Fintech,Mumbai,229.91,Series A,Gtm Ventures And Whiteboard Capital,2022,August,FinTech,Mumbai,Maharashtra,India
bizongo,Packaging,Mumbai,2201.99,Unknown,Debt Fiunknownncing,2022,August,Others,Mumbai,Maharashtra,India
credable,Fintech,Mumbai,488.04,Unknown,Axis Bank And Oaks Asset Maunknowngemen,2022,August,FinTech,Mumbai,Maharashtra,India
cultures to love,Food,Mumbai,63.91,Series A,Insitor Partners And Alkemi Venture Partners,2022,August,FoodTech,Mumbai,Maharashtra,India
nykaa,Beauty,Mumbai,1232.55,Unknown,Little Black Book,2022,August,Consumer Goods / D2C,Mumbai,Maharashtra,India
eyestem,Biotechnology,Bangalore,53.12,Series A,Natco Pharma And Kotak Private Equity,2022,August,Enterprise / SaaS,Bangalore,Karnataka,India
scripbox,Fintech,Bangalore,45.65,Series D,Wealth Maunknowngers,2022,August,FinTech,Bangalore,Karnataka,India
lysto,Fintech,Bangalore,9.96,Seed,. Better Capital And Beenext,2022,August,FinTech,Bangalore,Karnataka,India
produze,Food,Bangalore,21.58,Seed,Thirukumaran Nagarajan And All In Capital,2022,August,FoodTech,Bangalore,Karnataka,India
sunstone,Vacational Education,Gurgaon,565.23,Series C,Alteria Capital And Westbridge Capital,2022,August,EdTech,Gurgaon,Haryana,India
enguru,Edtech,Bangalore,34.86,Seed,Letsventure And Arihant Patni,2022,August,Enterprise / SaaS,Bangalore,Karnataka,India
mojocare,Healthcare,Bangalore,14.94,Series A,B Capital Group And Surge,2022,August,HealthTech,Bangalore,Karnataka,India
winuall,Edtech,Bangalore,340.3,Series A,Ankit Bhati And Inflection Point Ventures,2022,August,Enterprise / SaaS,Bangalore,Karnataka,India
merlinwand,Ecommerce,Hyderabad,8.3,Seed,Unknown,2022,August,Ecommerce / Retail,Hyderabad,Telangana,India
zlade,Healthcare,Pune,0.91,Unknown,Corporate Round From Velocity,2022,August,HealthTech,Pune,Maharashtra,India
redeminds,Edtech,Bangalore,18.26,Unknown,Surfboard Ventures And Nishant Patel,2022,August,Enterprise / SaaS,Bangalore,Karnataka,India
the health factory,Food,Mumbai,16.6,Seed,Venture Garage And Vikas D Nahar,2022,August,FoodTech,Mumbai,Maharashtra,India
renkube,Solar,Bangalore,19.92,Seed,K4 Forum Mumbai Network And Halliburton Labs,2022,August,Climate / CleanTech / Energy,Bangalore,Karnataka,India
yostra labs,Healthcare,Bangalore,61.25,Seed,Villgro Usa And Indian Angel Network,2022,August,HealthTech,Bangalore,Karnataka,India
coffeee,Information Technology,Gurgaon,39.01,Pre-Seed,Rameez Menon And Renu Satti,2022,August,Enterprise / SaaS,Gurgaon,Haryana,India
autonxtautomation,Automation,Thane,0.83,Seed,Virya Mobility 5.0 And Keiretsu Forum,2022,August,Mobility / Automotive / EV,Mumbai,Maharashtra,India
naagin,Food,Mumbai,62.25,Seed,8I Ventures And Abhishek Bachchan,2022,August,FoodTech,Mumbai,Maharashtra,India
buyeazzy,Fashion,Delhi,10.79,Seed,Superb Capital And M Venture Partners (Mvp,2022,August,Consumer Goods / D2C,Delhi,Delhi,India
sunday design,Manufacturing,Delhi,23.24,Seed,Qrg Investments And Holdings And Kc/Llc,2022,August,Others,Delhi,Delhi,India
zedaio,Information&Technology,Bangalore,28.22,Seed,Beenext And Radiant Sfo,2022,August,Enterprise / SaaS,Bangalore,Karnataka,India
prolance,SaaS,Bangalore,16.6,Seed,Force Ventures And Foundamental,2022,August,Enterprise / SaaS,Bangalore,Karnataka,India
eyemyeye,Internet,Gurgaon,4970.04,Series A,Letsventure And Lc Nueva Investment Partners,2022,August,Consumer Internet,Gurgaon,Haryana,India
ruskmedia,Digital Media,Delhi,98.77,Series A,Audacity Venture Capital And Mistry Ventures,2022,August,HealthTech,Delhi,Delhi,India
exponent energy,Electronics,Bengaluri,147.74,Series A,Lightspeed India Partners And Yournest Venture Capital,2022,August,DeepTech / Hardware,Bangalore,Karnataka,India
phyllo,Software,Sanfrancisco,147.74,Series A,Sima Gandhi And Nexus Venture Partners,2022,August,Enterprise / SaaS,San Francisco,California,USA
liquide,Trading,Bangalore,18.26,Seed,Ruchi Kalra And Sandeep Singh,2022,August,Others,Bangalore,Karnataka,India
servify,Consumer Software,Mumbai,949.52,Series D,Singularity Growth Opportunities Fund And Beenext,2022,August,Consumer Internet,Mumbai,Maharashtra,India
awign,Ecommerce,Bangalore,170.15,Series B,"Amicus Capital Partners And Michael, Susan Dell Foundation",2022,August,Ecommerce / Retail,Bangalore,Karnataka,India
xyxx apparels,Fashion,Surat,29.05,Unknown,Sauce.Vc And Dsg Consumer Partners,2022,August,Consumer Goods / D2C,Surat,Gujarat,India
kedara capital,Fintech,Mumbai,33.2,Unknown,Oasis Fertility,2022,August,FinTech,Mumbai,Maharashtra,India
easy salary,Fintech,Pune,1081.49,Series D,Tpg Growth And Norwest Venture Partners,2022,August,FinTech,Pune,Maharashtra,India
ensuredit,AI,Bangalore,40.67,Seed,. Venture Catalysts And 9Unicorns Accelerator Fund,2022,July,Artificial Intelligence,Bangalore,Karnataka,India
zyla health,Healthcare,Delhi,0.83,Seed,Supermorpheus And Vivek Shah,2022,July,HealthTech,Delhi,Delhi,India
antwalk,Edtech,Bangalore,73.04,Series A,Y Combiunknowntor And Matrix Partners India,2022,July,Enterprise / SaaS,Bangalore,Karnataka,India
snooplay,Technology,Delhi,4.44,Seed,Amogh Kmar Gupta,2022,July,Enterprise / SaaS,Delhi,Delhi,India
acefour accesoeies,Travel,Mumbai,70.55,Seed,Sixth Sense Ventures And Volrado Ventures,2022,July,Travel / Hospitality,Mumbai,Maharashtra,India
buildnext,Construction,Kochi,3.32,Seed,Vineet Kumar And Deep Gupta,2022,July,Real Estate / PropTech,Kochi,Kerala,India
vegrow,Agritech,Bangalore,335.32,Series B,Prosus Ventures And Ankur Capita,2022,July,AgriTech,Bangalore,Karnataka,India
mokobara,Ecommerce,Bangalore,56.44,Series A,Ashish Goel And Alteria Capital,2022,July,Ecommerce / Retail,Bangalore,Karnataka,India
wheelocity,Warehousing,Chennai,9.96,Series A,Lightspeed India Partners And Anicut Capital,2022,July,Real Estate / PropTech,Chennai,Tamil Nadu,India
conscent,Information&Technology,Delhi,1432.58,Unknown,Pitchright Venture And Vijay Sivaram,2022,July,Enterprise / SaaS,Delhi,Delhi,India
hyperface,Fintech,Bangalore,85.49,Seed,Global Founders Capital And Flipkart,2022,July,FinTech,Bangalore,Karnataka,India
faarms,Agritech,Bangalore,9.96,Seed,Boon Hwee Koh And Dr. Cornelius Boersch,2022,July,AgriTech,Bangalore,Karnataka,India
detect,Atificial Intelligence,Chennai,359.39,Series B,Bluehill Asset Maunknowngement And Elevation Capital,2022,July,Others,Chennai,Tamil Nadu,India
shri chyawan,Retail,Raipur,126.99,Seed,Vibhor Kanodia And Dhaval Shah,2022,July,Ecommerce / Retail,Raipur,Chhattisgarh,India
bugbase,National Security,Bangalore,0.41,Pre-Seed,Anoop Mathur And Kushal Khandwala,2022,July,Enterprise / SaaS,Bangalore,Karnataka,India
growcoms,Food,Cochin,0.83,Seed,Info Edge,2022,July,FoodTech,Kochi,Kerala,India
trainman,Travel,Gurgaon,78.85,Seed,Goodwater Capital And Hem Angels,2022,July,Travel / Hospitality,Gurgaon,Haryana,India
elevatehq,Software,Sanfrancisco,9.13,Pre-Seed,Pointone Capital And Leo Capital,2022,July,Enterprise / SaaS,San Francisco,California,USA
veg route,Supply Management,Chennai,10.79,Seed,Abhishek Pandey And Jai Kumar,2022,July,Logistics / Supply Chain,Chennai,Tamil Nadu,India
xq,Edtech,Mumbai,927.94,Seed,Joseph Radhik,2022,July,Enterprise / SaaS,Mumbai,Maharashtra,India
liberate foods,Food,Bangalore,1.66,Seed,Blue Horizon Corporation And Panthera Peak,2022,July,FoodTech,Bangalore,Karnataka,India
jar,Fintech,Bangalore,739.53,Series A,Paramark Ventures And Folius Ventures,2022,July,FinTech,Bangalore,Karnataka,India
burger singh,Food,Gurgaon,42.33,Series A,Vm Salgaocar Family Office And Rb Investments Pte. Ltd.,2022,July,FoodTech,Gurgaon,Haryana,India
plaeto,Fashion,Bangalore,3.32,Series A,Florinetree Advisors,2022,July,Consumer Goods / D2C,Bangalore,Karnataka,India
eka care,Healthcare,Bangalore,161.85,Series A,Mirae Asset Global Investments And Verlinvest,2022,July,HealthTech,Bangalore,Karnataka,India
evelabs,Healthcare,Thiruvananthapuram,1.66,Pre-Seed,Jito Angel N Etwork,2022,July,HealthTech,Thiruvananthapuram,Kerala,India
upgrad,Edtech,Mumbai,5244.77,Unknown,Kaizenvest And Ets Global,2022,July,Enterprise / SaaS,Mumbai,Maharashtra,India
hesa,Consumer,Secundrabad,51.46,Seed,We Founder Circle And Venture Catalysts,2022,July,Consumer Internet,Secunderabad,Telangana,India
better opinions,Fintech,Gurgaon,228.25,Seed,Tremis Capital And Goodwater Capital,2022,July,FinTech,Gurgaon,Haryana,India
crypso,Crypto Currency,Bangalore,199.2,Seed,Better Capital And Jaynti Kaunknownni,2022,July,Others,Bangalore,Karnataka,India
threado,SaaS,Bangalore,25.73,Seed,Archaunknown Priyadarshini And Vertex Ventures Southeast,2022,July,Enterprise / SaaS,Bangalore,Karnataka,India
chattybao,Ecommerce,Delhi,4.15,Seed,". Info Edge Ventures And Vertex Ventures Southeast Asia, India",2022,July,Ecommerce / Retail,Delhi,Delhi,India
getsupp,Food,Bangalore,78.85,Seed,Ankit Nagori And Kuunknownl Shah,2022,July,FoodTech,Bangalore,Karnataka,India
jai kisan,Agritech,Mumbai,793.48,Series B,Gmo Venturepartners And Snow Leopard Technology Ventures,2022,July,AgriTech,Mumbai,Maharashtra,India
pricelabs,Healthcare,Chicago,24.9,Series A,Summit Partners,2022,July,HealthTech,Chicago,Illinois,USA
spare8,Fintech,Mumbai,49.8,Pre-Seed,Ajay Adiseshann And Magic Fun,2022,July,FinTech,Mumbai,Maharashtra,India
bellatrix aerospace,Aerospace Manufacturing,Coimbatore,9.13,Series A,Survam Partners And Inflexor Ventures,2022,June,SpaceTech,Coimbatore,Tamil Nadu,India
orange health,Healthcare,Bangalore,289.67,Series B,Y Combiunknowntor And Accel,2022,June,HealthTech,Bangalore,Karnataka,India
cuemath,Edtech,Bangalore,1008.45,Unknown,Sequoia Capital India And Unitus Ventures,2022,June,Enterprise / SaaS,Bangalore,Karnataka,India
curefood,Food,Bangalore,1521.39,Series C,Potential Ventures And Nb Venture,2022,June,FoodTech,Bangalore,Karnataka,India
thegamingproject,Software,Delhi,415.0,Seed,Upsparks And Black Kite Capital,2022,June,Enterprise / SaaS,Delhi,Delhi,India
text mercato,Information&Technology,Bangalore,29.88,Seed,Tremis Capital And 1Crowd,2022,June,Enterprise / SaaS,Bangalore,Karnataka,India
ivy homes,Information &,Bangalore,58.93,Seed,Khosla Ventures And Better Capital,2022,June,Others,Bangalore,Karnataka,India
money boxx,Fintech,Mumbai,5824.94,Unknown,Uc Inclusive Credit And Hinduja Leyland Fiunknownnce,2022,June,FinTech,Mumbai,Maharashtra,India
cred,Fintech,Bangalore,6652.45,Series F,Tiger Global Maunknowngement And Sofiunknown,2022,June,FinTech,Bangalore,Karnataka,India
arth,Micro Lending,Lucknow,20.75,Seed,Mit Alumni Angels And Kfw Deg,2022,June,FinTech,Lucknow,Uttar Pradesh,India
physics wallah,Edtech,Noida,83.0,Series A,Westbridge Capital And Gsv Ventures,2022,June,Enterprise / SaaS,Noida,Uttar Pradesh,India
flexiloans,Fintech,Mumbai,1611.86,Series B,Sanjay Nayar And Yogesh Mahansaria,2022,June,FinTech,Mumbai,Maharashtra,India
pepper content,Media&Entertainment,Mumbai,155.21,Series A,Bessemer Venture Partners And Gtmfund,2022,June,HealthTech,Mumbai,Maharashtra,India
jiraaf,Fintech,Bangalore,478.91,Series A,. Anuj Jhaveri And Aspire Family Office,2022,June,FinTech,Bangalore,Karnataka,India
samudai,Information & Technology,Singapore,20.75,Pre-Seed,Sino Global Capital And Devfolio,2022,June,Enterprise / SaaS,,,Singapore
kissht,Sales Automation,Mumbai,1182.75,Unknown,Brunei Investment Agency And Endiya Partners,2022,June,Mobility / Automotive / EV,Mumbai,Maharashtra,India
purplle,Beauty,Mumbai,2459.29,Series E,Kedaara Capital And Paramark Ventures,2022,June,Consumer Goods / D2C,Mumbai,Maharashtra,India
solar square,Cleantech,Mumbai,255.64,Seed,Akhil Gupta And Lowercarbon Capital,2022,June,Enterprise / SaaS,Mumbai,Maharashtra,India
edugorilla,Edtech,Lucknow,29.05,Unknown,Village Capital And Aspen Network Of Development Entrepreneurs,2022,June,Enterprise / SaaS,Lucknow,Uttar Pradesh,India
way2news,News,Hyderabad,0.09,Series A,Westbridge Capital And Sashi Reddi,2022,June,Others,Hyderabad,Telangana,India
lenskart,Eyewear,Faridabad,7698.25,Series I,Schroder Adveq And Temasek Holdings,2022,June,Others,Delhi,Haryana,India
hostbooks,Information&Technology,Gurgaon,2.49,Series A,Razorpay,2022,June,Enterprise / SaaS,Gurgaon,Haryana,India
exprto,Edtech,Gurgaon,5308.68,Seed,Angellist Talent And Sahil Mahaldar,2022,June,Enterprise / SaaS,Gurgaon,Haryana,India
queue buster,Software,Noida,525.39,Series A,Dmi Alterunknowntive Investment Fund And Omidyar Network India,2022,June,Enterprise / SaaS,Noida,Uttar Pradesh,India
newtrace,Cleantech,Bangalore,63.91,Pre-Seed,Micelio Fund And Speciale Invest,2022,June,Enterprise / SaaS,Bangalore,Karnataka,India
vtion,Media&Entertainment,Gurgaon,17.43,Seed,Yournest Venture Capital And Netcore Cloud,2022,June,HealthTech,Gurgaon,Haryana,India
dpd zero,Fintech,Bangalore,32.37,Pre-Seed,Abhishek Kothari And Ramaunknownthan Rv,2022,June,FinTech,Bangalore,Karnataka,India
tessol,Logistics,Mumbai,7977.13,Unknown,1Crowd And 1Fund,2022,June,Logistics / Supply Chain,Mumbai,Maharashtra,India
rooba finance,Fintech,Gurgaon,1.0,Seed,Endurance Capital And Inflection Point Ventures,2022,June,FinTech,Gurgaon,Haryana,India
microgo,Biotechnology,Chennai,49.8,Seed,Angel Investors,2022,June,Enterprise / SaaS,Chennai,Tamil Nadu,India
gullak,Fintech,Noida,10.79,Unknown,Stellaris Ventures,2022,June,FinTech,Noida,Uttar Pradesh,India
koovers,Autonomous Vehicle,Bangalore,20.75,Seed,Canbank Venture Capital Fund And Jpin,2022,June,Mobility / Automotive / EV,Bangalore,Karnataka,India
vahak,Logistics,Bangalore,151.89,Series A,Rtp Global And Iseed,2022,June,Logistics / Supply Chain,Bangalore,Karnataka,India
finbox,AI,Bangalore,1.48,Series A,Aditya Birla Sun Life Amc,2022,June,Artificial Intelligence,Bangalore,Karnataka,India
castler,Other,Delhi,11.62,Seed,Venture Catalysts And 9Unicorns Accelerator Fund,2022,June,Others,Delhi,Delhi,India
chaayos,Food,Delhi,709.65,Series C,Think Investments And Elevation Capital,2022,June,FoodTech,Delhi,Delhi,India
statiq,Automotive,Gurgaon,234.06,Series A,Shell Ventures And Y Combiunknowntor,2022,June,Mobility / Automotive / EV,Gurgaon,Haryana,India
annapurna finance,Fintech,Bhubaneswar,1357.05,Series A,Proparco And Encourage Capital,2022,June,FinTech,Bhubaneswar,Odisha,India
perfora,Retail,Gurgaon,9.96,Seed,Ashutosh Valani And Lotus Herbals,2022,June,Ecommerce / Retail,Gurgaon,Haryana,India
progcap,Fintech,Delhi,84.66,Series C,"Tiger Global Maunknowngement And Creation Investments Capital Maunknowngement, Llc",2022,June,FinTech,Delhi,Delhi,India
open secret,Food,Mumbai,0.12,Series B,Gautam Kumra And Sixth Sense Ventures,2022,June,FoodTech,Mumbai,Maharashtra,India
sourcewiz,Software,Gurgaon,0.55,Unknown,Matrix Partners India And Wami Capital,2022,June,Enterprise / SaaS,Gurgaon,Haryana,India
turno,Fintech,Bangalore,25.73,Unknown,Matilde Giglio And Avaaunknown Capital,2022,June,FinTech,Bangalore,Karnataka,India
kiarx,Mining,Ahmedabad,124.5,Seed,Shuru Up Ventures,2022,May,Others,Ahmedabad,Gujarat,India
revoh,Automobile Manufacturing,Chennai,124.5,Seed,Vel Kanniappan And Ravi Rengaunknownthan,2022,May,Mobility / Automotive / EV,Chennai,Tamil Nadu,India
flexifyme,Healthcare,Pune,249.0,Seed,Sachin Aunknownnd And Dipen Shah,2022,May,HealthTech,Pune,Maharashtra,India
red basil,Food,Gurgaon,20.75,Seed,Planb Capital And Sat Industries,2022,May,FoodTech,Gurgaon,Haryana,India
foreignadmits,Career Planning,Bangalore,561.08,Seed,Beerud Sheth And Sea Fund,2022,May,Others,Bangalore,Karnataka,India
sploot,Consumer Applications,Gurgaon,415.0,Seed,Redstart Labs,2022,May,Consumer Internet,Gurgaon,Haryana,India
fanztar,Software,Gurgaon,41.5,Seed,India Quotient And Farid Ahsan,2022,May,Enterprise / SaaS,Gurgaon,Haryana,India
humpy farms,Agritech,Mumbai,41.5,Angel,Anushka Iyer And Prattyush Shahane,2022,May,AgriTech,Mumbai,Maharashtra,India
nutritap,Food,Gurgaon,99.6,Seed,Ik Capital And Venture Catalysts,2022,May,FoodTech,Gurgaon,Haryana,India
fyllo,Enterprise Software,Chicago,81.34,Series C,Sol Global Investments And Jw Asset Maunknowngement,2022,May,Enterprise / SaaS,Chicago,Illinois,USA
goldenpi,Fintech,Bangalore,1.66,Seed,Rainmatter Capital And Rainmatter Technology,2022,May,FinTech,Bangalore,Karnataka,India
super bottoms,Other,Thane,45.65,Series A,Dsg Consumer Partners And Saama Capital,2022,May,Others,Mumbai,Maharashtra,India
bytebeam,Internet,Unknown,27.39,Seed,Vijay Pravin Maharajan And Tanmai Gopal,2022,May,Consumer Internet,,,
multipl,Fintech,Bangalore,2.49,Seed,Growx Ventures And Iifl Fiunknownnce,2022,May,FinTech,Bangalore,Karnataka,India
josh talks,Broadcasting,Haryana,4.15,Series A,Ritesh Agarwal And Vijay Shekhar Sharma,2022,May,Others,,Haryana,India
assetplus,Fintech,Chennai,232.4,Series A,Kedar Kulkarni And Nithin Kamath,2022,May,FinTech,Chennai,Tamil Nadu,India
kolo,Construction,Singapore,38.18,Seed,Better Capital And Rtp Globa,2022,May,Real Estate / PropTech,,,Singapore
bharatx,Fintech,Bangalore,39.84,Seed,Ankur Aggarwal And Vikas Choudhury,2022,May,FinTech,Bangalore,Karnataka,India
hono,Software,Haryana,323.7,Series A,Harsh Gupta And Amit Khanunknown,2022,May,Enterprise / SaaS,,Haryana,India
moeving,Electric Vehicle,Gurgaon,8.3,Seed,Stride Ventures And Tradecred,2022,May,Mobility / Automotive / EV,Gurgaon,Haryana,India
apnaklub,Wholesale,Bangalore,110.39,Unknown,Tiger Global Maunknowngement And Google For Startups,2022,May,Others,Bangalore,Karnataka,India
kandee factory,Organic Food,Chennai,12.45,Unknown,Keiretsu Forum And Ah! Ventures,2022,May,FoodTech,Chennai,Tamil Nadu,India
docplix,Healthcare,Lucknow,12.45,Unknown,Pankaj Pandey And Gurpreet Singh,2022,May,HealthTech,Lucknow,Uttar Pradesh,India
zorp,Enterprise Software,Lewes,498.0,Unknown,Ashish Goel,2022,May,Enterprise / SaaS,,,
homi lab,Edtech,Delhi,41.5,Unknown,Inflection Point Ventures,2022,May,Enterprise / SaaS,Delhi,Delhi,India
decimal,Fintech,Indianapolis,76.36,Unknown,Service Provider Capital And Arthur Ventures,2022,May,FinTech,Indianapolis,Indiana,USA
revamp moto,Electric Vehicle,Nashik,0.83,Unknown,Venture Catalysts And Idbi Capital Market Services,2022,May,Mobility / Automotive / EV,Nashik,Maharashtra,India
vendakin,Information Technology,Dover,9.13,Unknown,Better Capital And Cp Gurunknownni,2022,May,Enterprise / SaaS,Dover,Delaware,USA
revidd,Information Technology,Visakhapatnam,1.1,Unknown,Ciie.Co And Inovnis Sa,2022,May,Enterprise / SaaS,Visakhapatnam,Andhra Pradesh,India
zfw dark stores,Logistics,Delhi,13.28,Unknown,Amanpreet Bajaj And Sea Fund,2022,May,Logistics / Supply Chain,Delhi,Delhi,India
fitelo,Fitness&Healhcare,Mohali,12.45,Unknown,Guild Capital And Pareto Capital,2022,May,Enterprise / SaaS,Mohali,Punjab,India
dvara edairy,Fintech,Chennai,1.66,Unknown,Dvara Holdings And Axilor Ventures,2022,May,FinTech,Chennai,Tamil Nadu,India
pumpumpum,Automotive,Gurgaon,27.39,Unknown,Letsventure And Founder'S Room Capital,2022,May,Mobility / Automotive / EV,Gurgaon,Haryana,India
hesa,Consumer,Secundrabad,51.46,Unknown,We Founder Circle And Venture Catalyst,2022,May,Consumer Internet,Secunderabad,Telangana,India
gosats,Crypto Currency,Bangalore,39.01,Unknown,Draper Dragon And Dragon Capital Group,2022,May,Others,Bangalore,Karnataka,India
bellatrix aerospace,Manufacturing,Coimbatore,9.13,Unknown,Survam Partners And Inflexor Ventures,2022,May,Others,Coimbatore,Tamil Nadu,India
eloelo,Retailecommerce,Bangalore,1.1,Other,"Akshay Dubey, Saurabh Pandey",2022,May,Ecommerce / Retail,Bangalore,Karnataka,India
o2 nails,Beauty,Noida,553.61,Unknown,Nitin Gupta And Amit Singhal,2022,May,Consumer Goods / D2C,Noida,Uttar Pradesh,India
sust vest,Renewable Energy,Gurgaon,1.33,Unknown,Unknown,2022,May,Climate / CleanTech / Energy,Gurgaon,Haryana,India
qwikskills,Edtech,Delhi,319.55,Unknown,Manish Sinha And Indian Angel Network,2022,May,Enterprise / SaaS,Delhi,Delhi,India
monrow,Retail,Bangalore,0.83,Unknown,Playbook Fund And Letsventure,2022,May,Ecommerce / Retail,Bangalore,Karnataka,India
happylocate,Logistics,Bangalore,14.11,Unknown,Vm Ventures And Rmz Corp,2022,May,Logistics / Supply Chain,Bangalore,Karnataka,India
masterchow,Food,Delhi,14.94,Unknown,Fluid Ventures And Anicut Capital,2022,May,FoodTech,Delhi,Delhi,India
speedlabs,Edtech,Mumbai,1187.73,Unknown,Mumbai Angels And Ecosystem Ventures,2022,May,Enterprise / SaaS,Mumbai,Maharashtra,India
geoiq,Retail Technology,Bangalore,38.18,Unknown,Rohit Bansal And 9Unicorns Accelerator Fund,2022,May,Ecommerce / Retail,Bangalore,Karnataka,India
hobspace,Edtech,Mumbai,40.67,Unknown,Dharmil Sheth And Siddharth Bhaskar Shah,2022,May,Enterprise / SaaS,Mumbai,Maharashtra,India
inflectionio,Software,Seatlle,52.29,Unknown,Brewster Stanislaw And Arjun Pillai,2022,May,Enterprise / SaaS,Seattle,Washington,USA
repos energy,Ecommerce,Pune,59.76,Unknown,Ratan Tata,2022,May,Ecommerce / Retail,Pune,Maharashtra,India
blissclub,Fashion,Bangalore,143.59,Unknown,Sumer Juneja And Eight Roads Ventures,2022,May,Consumer Goods / D2C,Bangalore,Karnataka,India
coinshift,Crypto Currency,Wyoming,145.25,Unknown,Volt Capital And Polygon Studios,2022,May,Others,,Wyoming,USA
wint wealth,Fintech,Nashik,136.12,Unknown,Jj Beshara Angel And 3One4 Capital,2022,May,FinTech,Nashik,Maharashtra,India
neso brands,Eyewear,Singapore,83.0,Unknown,Kohlberg Kravis Roberts Japan And Alpha Wave Global,2022,May,Others,,,Singapore
nutrifresh,Food,Pune,4.15,Unknown,Florintree Advisors And Archer Investment,2022,May,FoodTech,Pune,Maharashtra,India
liminal,Information Technology,Singapore,299.63,Unknown,Nexus Ventures And Vauld,2022,May,Enterprise / SaaS,,,Singapore
dyte,It And It Consulting,Bangalore,36.1,Unknown,Multiples,2022,April,Enterprise / SaaS,Bangalore,Karnataka,India
kirana bazaar,Oline Grocery,Gurgaon,15.3,Unknown,Multiples,2022,April,Others,Gurgaon,Haryana,India
phool,Enviromental Engineering,Kanpur,32.8,Unknown,Multiples,2022,April,Others,Kanpur,Uttar Pradesh,India
doceree,Information Technology &,Parsippany,99.6,Unknown,Multiples,2022,April,Enterprise / SaaS,Parsippany,New Jersey,USA
acko,Healthcare,Mumbai,3801.4,Unknown,Multiples,2022,April,HealthTech,Mumbai,Maharashtra,India
firstcry,Online Shopping,Pune,0.01,Unknown,Multiples,2022,April,Ecommerce / Retail,Pune,Maharashtra,India
meesho,Online Shopping,Bangalore,9130.0,Unknown,Multiples,2022,April,Ecommerce / Retail,Bangalore,Karnataka,India
nobroker,Housing Rent,Bangalore,3535.8,Unknown,Multiples,2022,April,Real Estate / PropTech,Bangalore,Karnataka,India
paytm,Fintech,Noida,9960.0,Unknown,Multiples,2022,April,FinTech,Noida,Uttar Pradesh,India
sharechat,Social Networking,Bangalore,0.1,Unknown,Multiples,2022,April,Others,Bangalore,Karnataka,India
spinny,Fintech,Unknown,1400.0,Unknown,Multiples,2022,April,FinTech,,,
swiggy,Food,Bangalore,513.5,Unknown,Unknown,2022,April,FoodTech,Bangalore,Karnataka,India
unacademy,Edtech,Bangalore,6959.55,Unknown,Multiples,2022,April,Enterprise / SaaS,Bangalore,Karnataka,India
urban,Ecommerce,Gurgaon,3700.97,Unknown,Multiples,2022,April,Ecommerce / Retail,Gurgaon,Haryana,India
xpressbees,Ecommerce,Pune,4794.08,Unknown,Multiples,2022,April,Ecommerce / Retail,Pune,Maharashtra,India
accel,Fintech,Palo Alto,577.6,Unknown,Multiples,2022,April,FinTech,Palo Alto,California,USA
mtr foods,Food,Bangalore,15.0,Unknown,Multiples,2022,April,FoodTech,Bangalore,Karnataka,India
oyo,Travel Arrangements,Gurgaon,4565.0,Unknown,Multiples,2022,April,Travel / Hospitality,Gurgaon,Haryana,India
eruditus,Edtech,Bangalore,550.0,Unknown,Multiples,2022,April,Enterprise / SaaS,Bangalore,Karnataka,India
ola,Travel Arrangements,Kormangala,0.34,Unknown,Unknown,2022,April,Travel / Hospitality,Bangalore,Karnataka,India
dailyhunt,Media,Bangalore,5000.0,Unknown,Unknown,2022,April,HealthTech,Bangalore,Karnataka,India
cars24,Automobile,Gurgaon,2.2,Unknown,Multiples,2022,April,Mobility / Automotive / EV,Gurgaon,Haryana,India
pine labs,Information Technology &,Noida,1300.0,Unknown,Unknown,2022,April,Enterprise / SaaS,Noida,Uttar Pradesh,India
bharat pe,Fintech,Delhi,0.01,Unknown,Multiples,2022,April,FinTech,Delhi,Delhi,India
black buck,Information,Bangalore,3021.2,Unknown,Multiples,2022,April,Others,Bangalore,Karnataka,India
droom,Automotive,Haryana,2763.9,Unknown,Multiples,2022,April,Mobility / Automotive / EV,,Haryana,India
mindtickle,Software,San Francisco,2332.3,Unknown,Multiples,2022,April,Enterprise / SaaS,San Francisco,California,USA
vedantu,Edtech,Bangalore,2431.07,Unknown,Multiples,2022,April,Enterprise / SaaS,Bangalore,Karnataka,India
coindcx,Currency Exchange,Mumbai,904.7,Unknown,Multiples,2022,April,Others,Mumbai,Maharashtra,India
razorpay,Fintech,Bangalore,6155.28,Unknown,Multiples,2022,April,FinTech,Bangalore,Karnataka,India
licious,Food,Bangalore,4056.21,Unknown,Multiples,2022,April,FoodTech,Bangalore,Karnataka,India
coinswitch kuber,Fintech,Bangalore,2494.98,Unknown,Multiples,2022,April,FinTech,Bangalore,Karnataka,India
zeta,Fintech,San Francisco,249.0,Unknown,Multiples,2022,April,FinTech,San Francisco,California,USA
rebel foods,Online Food,Pune,120.35,Unknown,Unknown,2022,April,FoodTech,Pune,Maharashtra,India
gupshup,Technology,San Francisco,1992.0,Unknown,Unknown,2022,April,Enterprise / SaaS,San Francisco,California,USA
indiqube,Design,Bangalore,249.0,Unknown,Ashish Gupta,2022,April,Others,Bangalore,Karnataka,India
verse innovation,Internet Publishing,Bangalore,30.0,Unknown,Multiples,2022,April,Consumer Internet,Bangalore,Karnataka,India
lenskart,Ecommerce,Faridabad,7464.19,Unknown,Multiples,2022,April,Ecommerce / Retail,Delhi,Haryana,India
upstox,Fintech,Mumbai,240.7,Unknown,Tiger Global Maunknowngement And Gvk Davix Technologies,2022,April,FinTech,Mumbai,Maharashtra,India
appsforbharat,Information Technology,Bangalore,29.0,Unknown,Mirae Asset Global Investments And Msa Novo,2022,April,Enterprise / SaaS,Bangalore,Karnataka,India
okcredit,Fintech,Faridabad,23.7,Unknown,Google For Startups And Lightspeed India Partners,2022,April,FinTech,Delhi,Haryana,India
livspace,Ecommerce,Bangalore,84.2,Series F,Jungle Ventures And Peugeot Sa,2022,April,Ecommerce / Retail,Bangalore,Karnataka,India
rigi,Tourism,Vitznau,431.6,Unknown,Content Creator Platform Rigi.Club,2022,April,Travel / Hospitality,Vitznau,Lucerne,Switzerland
amagi media labs,Media Andentertainment,Newyork,165.5,Unknown,Avataar Venture Partners,2022,April,HealthTech,New York,New York,USA
myntra,Ecommerce,Bangalore,240.2,Unknown,"Fk Myntra Holdings, Quickroutes Interunknowntiounknownl",2022,April,Ecommerce / Retail,Bangalore,Karnataka,India
moengage,Information Technology,San Francisco,13.3,Unknown,"Eight Roads Ventures, Matrix Partners Ind",2022,April,Enterprise / SaaS,San Francisco,California,USA
mahindra logistics,Logistics,Mumbai,0.17,Unknown,Birla Sun Life Insurance And Hdfc Trustee,2022,April,Logistics / Supply Chain,Mumbai,Maharashtra,India
enphase energy,Solar,Petaluma,962.8,Unknown,T.J. Rodgers And John Doerr,2022,April,Climate / CleanTech / Energy,Petaluma,California,USA
allegis,Human Resources,Maryland,498.0,Series C,Vouch Insurance,2022,April,Others,,Maryland,USA
slice,Food,Newyork,1037.5,Series D,Kohlberg Kravis Roberts And Dick Costolo,2022,April,FoodTech,New York,New York,USA
tata digital,Internet,Mumbai,415.0,Unknown,Temasek Holdings And Softbank Capital,2022,April,Consumer Internet,Mumbai,Maharashtra,India
upgrad,Edtech,Mumbai,1668.3,Unknown,Iifl Fiunknownnce And Interunknowntiounknownl Fiunknownnce Corporation,2022,April,Enterprise / SaaS,Mumbai,Maharashtra,India
hitachi,Industrial Manufacturing,Tokyo,201.0,Unknown,Mountain View Data,2022,April,Others,Tokyo,,Japan
fivetran,Analytics,Oakland,0.01,Other,General Catalyst And Iconiq Capital,2022,April,Analytics / Big Data,Oakland,California,USA
euler,Fintech,London,728.1,Series A,Danilo S. Carlucci And Cmt Digital Ventures,2022,April,FinTech,London,,United Kingdom
wooden street,Home Decor,Jaipur,0.485,Series B,Westbridge Capital And Ian Fund,2022,April,Others,Jaipur,Rajasthan,India
chalo,Information Technology,Mumbai,506.3,Unknown,Matrix Partners And Lightrock,2022,April,Enterprise / SaaS,Mumbai,Maharashtra,India
freshmenu,Food,Bangalore,61.0,Series C,Florintree Advisors And Srinivas Anumolu,2022,April,FoodTech,Bangalore,Karnataka,India
nykaa,Beautyfashion,Mumbai,32.4,Unknown,Fidelity Maunknowngement And Research Company And Alia Bhatt,2022,April,Consumer Goods / D2C,Mumbai,Maharashtra,India
classplus,Edtech,Noida,148.5,Series D,Alpha Wave Ventures And Chimera Investm,2022,April,Enterprise / SaaS,Noida,Uttar Pradesh,India
skillmatics,Edtech,Mumbai,129.5,Series B,Sequoia Capital India And Sofiunknown,2022,April,Enterprise / SaaS,Mumbai,Maharashtra,India
mamaearth,Healthcare,Gurgaon,23.0,Unknown,Evolvence India Fund And Sofiunknown,2022,April,HealthTech,Gurgaon,Haryana,India
digits,Accounting,San Francisco,809.25,Series C,Benchmark And Gv,2022,April,Others,San Francisco,California,USA
dealshare,Ecommerce,Bangalore,0.01,Series E,Abu Dhabi Investment Authority And Twenty Nine Capital Partners,2022,April,Ecommerce / Retail,Bangalore,Karnataka,India
mylab discovery,Healthcare,Lonavala,624.8,Unknown,Abhijit Pawar And Adar C. Poounknownwalla,2022,April,HealthTech,Lonavala,Maharashtra,India
doubtnut,Edtech,Gurgaon,11.7,Series B,Sequoia Capital India And Lupa Systems,2022,April,Enterprise / SaaS,Gurgaon,Haryana,India
whitehar jr,Information Technology,Maharastra,49.9,Unknown,Bossanova Investimentos And Omidyar Network,2022,April,Enterprise / SaaS,,Maharashtra,India
frigate,Manufacturing,Tiruchirappall,145.25,Unknown,Abhishek Pandey And Sriunknownth Ramakkrushunknownn,2022,April,Others,Tiruchirappalli,Tamil Nadu,India
leaf round,Fintech,Bangalore,2.49,Pre-Seed,Super Capital,2022,April,FinTech,Bangalore,Karnataka,India
wildermart,Food,Bangalore,199.2,Unknown,Abhiunknownv Mathur And 17 Other Investors,2022,April,FoodTech,Bangalore,Karnataka,India
myraah,Web Design,Pune,2.9,Pre-Seed,Arun Balakrishunknownn And Xcelerator Venture Partners,2022,April,Others,Pune,Maharashtra,India
growit,Manufacturing,Surat,249.0,Unknown,Mukul Goyal And Coppermine Capita,2022,April,Others,Surat,Gujarat,India
lauriko,Healthcare,Hyderabad,307.1,Unknown,Lakshmikant Pb And Murthy Aradhi,2022,April,HealthTech,Hyderabad,Telangana,India
hbox,Healthcare,Massachusetts,37.0,Unknown,Unknown,2022,April,HealthTech,,Massachusetts,USA
itribe,Fintech,Bangalore,8.3,Unknown,Eximius Ventures And Planbcapital,2022,April,FinTech,Bangalore,Karnataka,India
zipy,Ecommerce,Israel,1.0,Unknown,Unknown,2022,April,Ecommerce / Retail,,,Israel
pratech brands,Internet,Mumbai,24.9,Unknown,Unknown,2022,April,Consumer Internet,Mumbai,Maharashtra,India
glip,Software,Delaware,24.9,Seed,Better Capita,2022,April,Enterprise / SaaS,,Delaware,USA
hubble,Commercial Real State,London,102.09,Unknown,Pi Labs And Upscale,2022,April,Real Estate / PropTech,London,,United Kingdom
eximpe,Arjun Zacharia,Eximpe Is Managing Sellers,12.3,Unknown,Seed,2022,April,Others,,,
limechat,Software,Faridabad,41.5,Seed,Pi Ventures And Stellaris Venture Partners,2022,April,Enterprise / SaaS,Delhi,Haryana,India
medisage,Healthcare,Mumbai,4399.0,Unknown,Bessemer Venture Partners And Siddharth Sikchi,2022,April,HealthTech,Mumbai,Maharashtra,India
spyne,Software,Gurgaon,58.1,Series A,Pentathlon Ventures And Core91 Fund,2022,April,Enterprise / SaaS,Gurgaon,Haryana,India
stockal,Fintech,Newyork,122.84,Series A,Hashed And A'Z Angels,2022,April,FinTech,New York,New York,USA
youkraft,Publishing,Bangalore,7.6,Seed,Goel Family Office,2022,April,Others,Bangalore,Karnataka,India
epns,Harsh Rajat Richa Joshi,,76.0,Unknown,Seed,2022,April,Others,,,
securden,AI,Delaware,97.11,Series A,Accel And Tiger Global Maunknowngement,2022,April,Artificial Intelligence,,Delaware,USA
mesh,Enterprise Software,San Jose,133.63,Series A,Ankit Nagori And Sumon Sadhu,2022,April,Enterprise / SaaS,San Jose,California,USA
last9,Software,Santa Clara,107.9,Series A,Better Capital And Sequoia Capital India,2022,April,Enterprise / SaaS,Santa Clara,California,USA
locofast,Textiles,Delhi,124.5,Series A,"Chiratae, Stellaris",2022,March,Others,Delhi,Delhi,India
snapmint,Fintech,Mumbai,74.7,Series A,"Negen Capital, Ramakant Sharma, Usama Fayyad",2022,March,FinTech,Mumbai,Maharashtra,India
kuhoo,Fintech,Mumbai,166.0,Seed,West Bridge,2022,March,FinTech,Mumbai,Maharashtra,India
rupeeredee,Fintech,Gurgaon,9.13,Series B,Digital Fiunknownnce Interunknowntiounknownl,2022,March,FinTech,Gurgaon,Haryana,India
strawcture eco,Building Materials,Delhi,3.11,Seed,"Social Alpha, Villgro Innovations Foundations, Brigade Reap",2022,March,DeepTech / Hardware,Delhi,Delhi,India
wyld,Consumer,Mumbai,2.9,Pre-Seed,Better Capital,2022,March,Consumer Internet,Mumbai,Maharashtra,India
bebe burp,Food,Surat,2.32,Seed,"Mapro Foods, Ivy Growth Associates, Shreeji Brothers, Dholakia Ventures",2022,March,FoodTech,Surat,Gujarat,India
prozo,Logistics,Noida,83.0,Series A,Sixth Sense Ventures,2022,March,Logistics / Supply Chain,Noida,Uttar Pradesh,India
pocketly,Fintech,Bangalore,24.9,Pre-Series A,Dholakia Ventures,2022,March,FinTech,Bangalore,Karnataka,India
zapkey,Real Estate,Mumbai,0.2,Seed,"Gruhas Proptech, Dlf Family Office",2022,March,Real Estate / PropTech,Mumbai,Maharashtra,India
black bow,Wine & Spirits,Delhi,6.64,Pre-Series A,"Supermorpheus, Eagle10 Ventures",2022,March,Enterprise / SaaS,Delhi,Delhi,India
lobb,Transportation/Trucking/Railroad,Bangalore,9.13,Pre-Series A,"3One4 Capital, Sriunknownth Ramakkrushunknownn",2022,March,Artificial Intelligence,Bangalore,Karnataka,India
beatoven ai,Computer Software,Bangalore,8.3,Seed,Redstart Labs,2022,March,Enterprise / SaaS,Bangalore,Karnataka,India
ensologic,International Trade & Development,Delhi,4.32,Seed,"Indian Angel Network (Ian), Hyderabad Angels",2022,March,Mobility / Automotive / EV,Delhi,Delhi,India
eat better ventures,Food,Jaipur,5.81,Seed,"Java Capital, Mumbai Angels",2022,March,FoodTech,Jaipur,Rajasthan,India
ajnalens,Computer Hardware,Thane,12.45,Unknown,"Let'S Venture Angel Fund, Jito Angel Network",2022,March,DeepTech / Hardware,Mumbai,Maharashtra,India
just dogs,Ahmedabad,Retail,58.1,Unknown,Sixth Sense Ventures,2022,March,HealthTech,,,
filo,Edtech,Haryana,190.9,Series A,Anthos Capital,2022,March,Enterprise / SaaS,,Haryana,India
pocket fm,Audio Ott,Bangalore,539.5,Series C,"Goodwater Capital, Naver",2022,March,Others,Bangalore,Karnataka,India
tabps pets,Food,Coimbatore,4.15,Seed,Unknown,2022,March,FoodTech,Coimbatore,Tamil Nadu,India
qpe,Ecommerce,Delhi,0.5,Seed,Daniel Keloha,2022,March,Ecommerce / Retail,Delhi,Delhi,India
junio,Fintech,Delhi,49.8,Pre-Series A,Nb Ventures,2022,March,FinTech,Delhi,Delhi,India
credavenue,Fintech,Chennai,1137.1,Series B,"Insight Partners, B Capital Group, Dragoneer Investment Group",2022,March,FinTech,Chennai,Tamil Nadu,India
captain fresh,Logistics,Bangalore,415.0,Series C,"Prosus Ventures, Tiger Global",2022,March,Logistics / Supply Chain,Bangalore,Karnataka,India
otipy,Agritech,Haryana,3.2,Series B,Westbridge Capital,2022,March,AgriTech,,Haryana,India
cureskin,Healthcare,Bangalore,41.5,Series A,Jsw Ventures,2022,March,HealthTech,Bangalore,Karnataka,India
hiver,Computer Software,Bangalore,182.6,Series B,"Kalaari Capital, Kae Capital",2022,March,Enterprise / SaaS,Bangalore,Karnataka,India
gamerji,Sports,Ahmedabad,8.3,Pre-Series A,Unicorn India Ventures,2022,March,Media / Entertainment / Gaming,Ahmedabad,Gujarat,India
pensionbox,Fintech,Bangalore,1.33,Unknown,"Kishore Ganji, Keynote India",2022,March,FinTech,Bangalore,Karnataka,India
adyaway,Consumer Goods,Gurgaon,0.16,Unknown,Ah! Ventures,2022,March,Consumer Internet,Gurgaon,Haryana,India
perfios,Fintech,Bangalore,564.4,Unknown,"Bessemer Venture Partners, Warburg Pincus",2022,March,FinTech,Bangalore,Karnataka,India
emeritus,Edtech,Mumbai,2905.0,Unknown,Cpp Investments,2022,March,Enterprise / SaaS,Mumbai,Maharashtra,India
propdial,Real Estate,Gurgaon,0.83,Unknown,Unknown,2022,March,Real Estate / PropTech,Gurgaon,Haryana,India
oorjaa,Logistics,Mumbai,8.3,Unknown,Inflection Point Ventures,2022,March,Logistics / Supply Chain,Mumbai,Maharashtra,India
blue tokai,Food,Delhi,1.0,Other,"Negen Capital, Mauryan Capital",2022,March,FoodTech,Delhi,Delhi,India
money view,Fintech,Bangalore,622.5,Series D,"Tiger Global, Winter Capital, Evolvence India, Accel",2022,March,FinTech,Bangalore,Karnataka,India
credopay,Fintech,Chennai,0.5,Pre-Series A,"Ezswype Llc, Zent Interunknowntiounknownl Limited",2022,March,FinTech,Chennai,Tamil Nadu,India
loco,Entertainment,Bangalore,4.0,Series A,Hashed,2022,March,Artificial Intelligence,Bangalore,Karnataka,India
kuku fm,Entertainment,Mumbai,2.0,Series B,Krafton,2022,March,Artificial Intelligence,Mumbai,Maharashtra,India
metasky,Information Technology &,Bangalore,0.2,Pre-Seed,"Sequoia Capital, Woodstock Fund",2022,March,Enterprise / SaaS,Bangalore,Karnataka,India
mentor match,Edtech,Chennai,0.1,Pre-Seed,Sapient Fund,2022,March,Enterprise / SaaS,Chennai,Tamil Nadu,India
nutrify today,International Trade & Development,Bangalore,4.15,Seed,Aunknownnd Swaroop,2022,March,Mobility / Automotive / EV,Bangalore,Karnataka,India
data science wizards,Information Technology &,Mumbai,0.5,Unknown,Clover Infotech,2022,March,Enterprise / SaaS,Mumbai,Maharashtra,India
birdeye,Computer Software,Gurgaon,498.0,Series C,Accelunknownkkr,2022,March,Enterprise / SaaS,Gurgaon,Haryana,India
ferns n petals,Retail,Delhi,224.1,Unknown,Lighthouse,2022,March,Ecommerce / Retail,Delhi,Delhi,India
infeedo,Human Resources,Gurgaon,99.6,Series A,"Jungle Ventures, Tiger Global",2022,March,Others,Gurgaon,Haryana,India
licious,Food,Bangalore,1245.0,Series F,"Amansa Capital, Kotak Pe, Axis Growth Avenues Aif",2022,March,FoodTech,Bangalore,Karnataka,India
bluestone,Luxury Goods & Jewelry,Bangalore,249.0,Unknown,Hero Enterprise,2022,March,Consumer Goods / D2C,Bangalore,Karnataka,India
lila games,Entertainment,Bangalore,83.0,Series A,Rainfall Ventures,2022,March,Artificial Intelligence,Bangalore,Karnataka,India
excellent publicity,Marketing & Advertising,Ahmedabad,4.15,Unknown,Unknown,2022,March,Marketing / AdTech,Ahmedabad,Gujarat,India
growfitter,Healthcare,Mumbai,8.3,Pre-Series A,Inflection Point Ventures,2022,March,HealthTech,Mumbai,Maharashtra,India
gps renewables,Renewables & Environment,Bangalore,1.0,Series B,Neev Fund Ii,2022,March,Climate / CleanTech / Energy,Bangalore,Karnataka,India
cosmofeed,Content Monetisation,Gurgaon,12.45,Seed,"Growx Ventures, Waveform Ventures",2022,March,Others,Gurgaon,Haryana,India
shipskart,Maritime,Delhi,22.41,Series A,"Trail Mix Ventures, Hermes Offshore",2022,March,Enterprise / SaaS,Delhi,Delhi,India
we360ai,Information Technology &,Bhopal,4.15,Unknown,"Campus Fund, Gsf, Sucseed Ventures",2022,March,Enterprise / SaaS,Bhopal,Madhya Pradesh,India
amagi,Broadcast Media,Bangalore,788.5,Unknown,"Accel, Norwest, Avataar",2022,March,HealthTech,Bangalore,Karnataka,India
ekincare,Healthcare,Hyderabad,124.5,Series B,"Healthquad, Sabre Partners",2022,March,HealthTech,Hyderabad,Telangana,India
logically,Information Technology &,Mysore,199.2,Unknown,Vitruvian Partners,2022,March,Enterprise / SaaS,Mysore,Karnataka,India
commerceiq,Software Development,Bangalore,954.5,Series D,"Softbank Vision Fund 2, Insight Partners, Trinity Ventures",2022,March,Enterprise / SaaS,Bangalore,Karnataka,India
leverage edu,Higher Education,Delhi,182.6,Series B,"Kaizenvest Private Equity, Dsp Mutual Fund Group, Artha Ventures",2022,March,EdTech,Delhi,Delhi,India
aquaconnect,Fisheries,Chennai,58.1,Unknown,Trifecta Capital,2022,March,Others,Chennai,Tamil Nadu,India
ohi,Internet Publishing,Jaipur,2.49,Seed,"Dst'S Maunknownging Partner, Rahul Mehta, Angellist Us",2022,March,Consumer Internet,Jaipur,Rajasthan,India
oxyzo,Fintech,Gurgaon,1660.0,Series A,"Tiger Global, Alpha Wave",2022,March,FinTech,Gurgaon,Haryana,India
stack finance,Fintech,Bangalore,200.0,Unknown,"Sucseed Indovation Fund, Kuunknownl Shah",2022,March,FinTech,Bangalore,Karnataka,India
plum,Skincare,Mumbai,290.5,Series C,A91 Partners,2022,March,Others,Mumbai,Maharashtra,India
stanza living,Hospiitality,Delhi,473.1,Unknown,"Kotak Mahindra Bank, Rbl Bank",2022,March,Enterprise / SaaS,Delhi,Delhi,India
sidbi venture capital,Venture Capital And Private Equity Principals,Mumbai,498.0,Unknown,Ubharte Sitaare Fund,2022,March,Enterprise / SaaS,Mumbai,Maharashtra,India
aye finance,Fintech,Gurgaon,74.7,Unknown,"Triple Jump, Northern Arc",2022,March,FinTech,Gurgaon,Haryana,India
medisimvr,Hospitals And Health Care,Chennai,3.32,Pre-Series A,Inflection Point Ventures,2022,March,HealthTech,Chennai,Tamil Nadu,India
pickyourtrail,Travel Arrangements,Chennai,0.4,Unknown,"Kuunknownl Shah, Adit Parekh",2022,March,Travel / Hospitality,Chennai,Tamil Nadu,India
the ayurveda,Manufacturing,Gurgaon,24.9,Unknown,Wipro,2022,March,Others,Gurgaon,Haryana,India
vivriti capital,Fintech,Chennai,456.5,Series C,"Lightstone India, Creation Investments",2022,March,FinTech,Chennai,Tamil Nadu,India
pixxel,Defense And Space Manufacturing,Bangalore,207.5,Series A,Radical Ventures,2022,March,Cybersecurity,Bangalore,Karnataka,India
edgegrid,Software Development,Hyderabad,49.8,Seed,Lightrock India,2022,March,Enterprise / SaaS,Hyderabad,Telangana,India
classplus,Edtech,Noida,581.0,Series D,"Tiger Global, Alpha Wave Global",2022,March,Enterprise / SaaS,Noida,Uttar Pradesh,India
pep,D2C,Mumbai,249.0,Series C,Paragon Partners,2022,March,Ecommerce / Retail,Mumbai,Maharashtra,India
qureai,Medical Equipment Manufacturing,Mumbai,332.0,Unknown,"Novo Holdings, Healthquad",2022,March,HealthTech,Mumbai,Maharashtra,India
hackerrank,Software Development,Bangalore,498.0,Series D,Susquehanunknown Growth Equity,2022,March,Enterprise / SaaS,Bangalore,Karnataka,India
citymall,Manufacturing,Gurgaon,622.5,Series C,Norwest Venture Partners,2022,March,Others,Gurgaon,Haryana,India
pine labs,It And It Consulting,Noida,415.0,Unknown,Vitruvian Partners,2022,March,Enterprise / SaaS,Noida,Uttar Pradesh,India
oslash,Software Development,Bangalore,41.5,Seed,"Kuunknownl Shah, Christian Oestlien",2022,March,Enterprise / SaaS,Bangalore,Karnataka,India
superk,Retail,Small Towns,45.65,Pre-Series A,021 Capital,2022,March,Ecommerce / Retail,,,
card91,Fintech,Bangalore,107.9,Pre-Series A,"Infinity Ventures, Point72 Ventures, Sabre Partners",2022,March,FinTech,Bangalore,Karnataka,India
farmart,Farming,Gurgaon,265.6,Series B,General Catalyst,2022,March,AgriTech,Gurgaon,Haryana,India
pi beam electric,Motor Vehicle Manufacturing,Chennai,14.11,Pre-Series A,Inflection Point Ventures,2022,March,Mobility / Automotive / EV,Chennai,Tamil Nadu,India
seekhoai,Edtech,Gurgaon,24.9,Pre-Series A,"Letsventure, Trica, Super Morpheus",2022,March,Enterprise / SaaS,Gurgaon,Haryana,India
upcred,Internet Publishing,Bangalore,3.32,Pre-Seed,"Syed Firdous Hussain, Gayatri Nikkam",2022,March,Consumer Internet,Bangalore,Karnataka,India
trustcheckr,It And It Consulting,Bangalore,0.4,Unknown,Iifl Fintech Fund,2022,March,Enterprise / SaaS,Bangalore,Karnataka,India
games24x7,Internet Publishing,Mumbai,622.5,Unknown,Malabar Investment,2022,March,Consumer Internet,Mumbai,Maharashtra,India
finova capital,Fintech,Jaipur,539.5,Unknown,"Norwest Venture Partners, Maj Invest",2022,March,FinTech,Jaipur,Rajasthan,India
healthquad,Venture Capital And Private Equity Principals,Delhi,1328.0,Unknown,"Msd, The Global Biopharmaceutical Company",2022,March,Enterprise / SaaS,Delhi,Delhi,India
wiz freight,Transportation Logistics And Storage,Chennai,298.8,Series A,Tiger Global,2022,March,Logistics / Supply Chain,Chennai,Tamil Nadu,India
onecode,Fintech,Bangalore,107.9,Series A,General Catalyst,2022,March,FinTech,Bangalore,Karnataka,India
kogta financial,Fintech,Jaipur,921.3,Series D,Multiples,2022,March,FinTech,Jaipur,Rajasthan,India
loadshare,Logistics,Bangalore,332.0,Series C,Tiger Global,2022,February,Logistics / Supply Chain,Bangalore,Karnataka,India
scaler,Edtech,Bangalore,456.5,Unknown,Lightrock India,2022,February,Enterprise / SaaS,Bangalore,Karnataka,India
chargebee,Fintech,Chennai,2075.0,Unknown,"Tiger Global, Sequoia Capital",2022,February,FinTech,Chennai,Tamil Nadu,India
nautilus mobile,Computer Games,Pune,44.82,Unknown,Krafton,2022,February,Media / Entertainment / Gaming,Pune,Maharashtra,India
waterfield advisors,Fintech,Mumbai,49.8,Series B,Unknown,2022,February,FinTech,Mumbai,Maharashtra,India
oneto11,Sports,Noida,20.75,Seed,"Maximus Capital, Gda Capital, Magnus Capital, Nft Technologies",2022,February,Media / Entertainment / Gaming,Noida,Uttar Pradesh,India
scrut automation,Information Technology &,Bangalore,24.9,Unknown,"Lightspeed, Endiya Partners",2022,February,Enterprise / SaaS,Bangalore,Karnataka,India
the renal project,Hospital & Health Care,Mumbai,3.0,Unknown,"Emcure Pharmaceuticals, Aman Gupta, Sameer Mehta",2022,February,HealthTech,Mumbai,Maharashtra,India
jar,Fintech,Bangalore,265.6,Series A,Tiger Global,2022,February,FinTech,Bangalore,Karnataka,India
bombay shaving,Consumer Goods,Delhi,49.8,Unknown,Gulf Islamic Investments,2022,February,Consumer Internet,Delhi,Delhi,India
logibricks,Computer Software,Pune,12.45,Unknown,Shiprocket,2022,February,Enterprise / SaaS,Pune,Maharashtra,India
pillow,Fintech,Bangalore,24.9,Seed,Elevation Capital,2022,February,FinTech,Bangalore,Karnataka,India
satsure,Defense & Space,Bangalore,41.5,Pre-Series A,"Baring Pe India, Adb Ventures",2022,February,Cybersecurity,Bangalore,Karnataka,India
trifecta capital,Venture Capital & Private Equity,Gurgaon,1660.0,Unknown,Unknown,2022,February,Enterprise / SaaS,Gurgaon,Haryana,India
kritsnam,Information Technology &,Hyderabad,6.64,Pre-Series A,"Ashish Gupta, Kuunknownl Shah, Vikram Karuunknownkaram",2022,February,Enterprise / SaaS,Hyderabad,Telangana,India
dvara smartgold,Fintech,Mumbai,16.6,Pre-Series A,"Axilor, Dvara Holdings",2022,February,FinTech,Mumbai,Maharashtra,India
goalteller,Information Technology &,Bangalore,4.15,Pre-Series A,"Dr Ranjan Pai, Pankaj Fitkariwala, Himanshu Bhagat",2022,February,Enterprise / SaaS,Bangalore,Karnataka,India
goldsetu,SaaS,Bangalore,9.96,Seed,"Village Global, Better Capital, Titan Capital, Iseed",2022,February,Enterprise / SaaS,Bangalore,Karnataka,India
meraqui,Human Resources,Pune,8.3,Seed,Unknown,2022,February,Others,Pune,Maharashtra,India
elever,Fintech,Bangalore,6.22,Unknown,"Massimo Vita, Udaya Kumar",2022,February,FinTech,Bangalore,Karnataka,India
hero fincorp,Fintech,Delhi,2216.1,Unknown,"Apollo, Hero Motocorp",2022,February,FinTech,Delhi,Delhi,India
livspace,Home Interior,Bangalore,1494.0,Series F,"Ingka Group Investments, Jungle Ventures, Venturi Partners, Peugeot Investments",2022,February,Real Estate / PropTech,Bangalore,Karnataka,India
elasticrun,B2B Ecommerce,Pune,2490.0,Series E,"SoftBank, Goldman Sachs",2022,February,Ecommerce / Retail,Pune,Maharashtra,India
mintifi,Fintech,Mumbai,300.0,Other,Automating Your Receivables Maunknowngement,2022,February,FinTech,Mumbai,Maharashtra,India
anveya living,Consumer Goods,Bangalore,8.3,Seed,Rukam Capital,2022,February,Consumer Internet,Bangalore,Karnataka,India
kofluence,Marketing & Advertising,Bangalore,33.2,Pre-Series A,"Kuunknownl Shah, Apoorva Mehta",2022,February,Marketing / AdTech,Bangalore,Karnataka,India
mango point,Food,Chennai,1.66,Unknown,"The Chenunknowni Angels, Native Angel Network, Keiretsu Chenunknowni",2022,February,FoodTech,Chennai,Tamil Nadu,India
indiap2p,Investment Management,Mumbai,0.2,Seed,Antler India,2022,February,FinTech,Mumbai,Maharashtra,India
sprinto,Computer Software,Bangalore,83.0,Series A,Elevation Capital,2022,February,Enterprise / SaaS,Bangalore,Karnataka,India
xpressbees,Logistics,Pune,2490.0,Series F,"Blackstone Growth, Tpg Growth, Chryscapital",2022,February,Logistics / Supply Chain,Pune,Maharashtra,India
wealthyin,Fintech,Bangalore,62.25,Series A,Alpha Wave Incubation,2022,February,FinTech,Bangalore,Karnataka,India
xto10x,Information Technology &,Bangalore,207.5,Series A,Unknown,2022,February,Enterprise / SaaS,Bangalore,Karnataka,India
karbon card,Fintech,Bangalore,124.5,Series A,"Olive Tree Capital, Harmony, Avenir Growth Capital",2022,February,FinTech,Bangalore,Karnataka,India
oloid,Computer Software,Bangalore,99.6,Series A,Dell Technologies Capital,2022,February,Enterprise / SaaS,Bangalore,Karnataka,India
bugworks,Biotechnology,Bangalore,149.4,Series B,Lightrock India,2022,February,Enterprise / SaaS,Bangalore,Karnataka,India
peakperformer,Professional Training & Coaching,Bangalore,24.9,Seed,"Antler India, Blume Founders Fund",2022,February,Artificial Intelligence,Bangalore,Karnataka,India
carbanio,B2B,Hyderabad,10.79,Seed,Quantico Group Usa,2022,February,Enterprise / SaaS,Hyderabad,Telangana,India
life pursuits,Healthcare,Noida,4.15,Unknown,"Pankaj Agrawal, Supermorpheus And Eagle10 Ventures",2022,February,HealthTech,Noida,Uttar Pradesh,India
cercle x,Environmental,Coimbatore,2.08,Seed,Inflection Point Ventures,2022,February,Others,Coimbatore,Tamil Nadu,India
spacejoy,Design,Bangalore,33.2,Pre-Series A,Accel,2022,February,Others,Bangalore,Karnataka,India
better opinions,Fintech,Gurgaon,8.3,Seed,"Java Capital, Soma Capital",2022,February,FinTech,Gurgaon,Haryana,India
prolance,Furniture,Bangalore,4.15,Pre-Series A,"Srini Anumolu, Karthik Bhat",2022,February,Enterprise / SaaS,Bangalore,Karnataka,India
runo,Computer Software,Secunderabad,4.15,Pre-Series A,Unicorn India Ventures,2022,February,Enterprise / SaaS,Secunderabad,Telangana,India
renee cosmetics,Cosmetics,Ahmedabad,8.3,Series A,Mensa Brands,2022,February,Consumer Goods / D2C,Ahmedabad,Gujarat,India
altigreen,Automotive,Bangalore,332.0,Series A,Unknown,2022,February,Mobility / Automotive / EV,Bangalore,Karnataka,India
inmobis glance,Software,Bangalore,1660.0,Unknown,Jio Platforms,2022,February,Enterprise / SaaS,Bangalore,Karnataka,India
kenko health,Hospital & Health Care,Mumbai,99.6,Series A,Sequoia Capital,2022,February,HealthTech,Mumbai,Maharashtra,India
aulerth,Luxury Goods & Jewelry,Gurgaon,9.13,Seed,"Tarun Tahilian, M Venture Partners",2022,February,Consumer Goods / D2C,Gurgaon,Haryana,India
altuni,Edtech,Mumbai,4.15,Unknown,"Amit Gupta, Mukesh Maniar, Rahul Gupta, Gautam Gurunknownni",2022,February,Enterprise / SaaS,Mumbai,Maharashtra,India
greenpod labs,Biotechnology,Chennai,4.15,Pre-Seed,Indian Angel Network,2022,February,Enterprise / SaaS,Chennai,Tamil Nadu,India
rapipay,Fintech,Delhi,124.5,Unknown,Varun Jaipuria,2022,February,FinTech,Delhi,Delhi,India
entriapp,Edtech,Kochin,58.1,Series A,"Omidyar Network India, Innospark Ventures",2022,February,Enterprise / SaaS,Kochi,Kerala,India
goqii,Healthcare,Mumbai,415.0,Series C,Sumeru Ventures,2022,February,HealthTech,Mumbai,Maharashtra,India
proactive for her,Healthcare,Bangalore,45.65,Series A,"Vertex Ventures, Nexus Venture Partners",2022,February,HealthTech,Bangalore,Karnataka,India
actyvai,Computer Software,Bangalore,41.5,Pre-Series A,1Digi Investment Maunknowngement,2022,February,Enterprise / SaaS,Bangalore,Karnataka,India
lummo,SaaS,Bangalore,664.0,Series C,Jeff Bezos,2022,February,Enterprise / SaaS,Bangalore,Karnataka,India
uniphore,Computer Software,Chennai,3320.0,Series E,March Capital,2022,February,Enterprise / SaaS,Chennai,Tamil Nadu,India
join ventures,Venture Capital & Private Equity,Mumbai,8.3,Series A,"Dsg Consumer Partners, Rajiv Dadlani Group, 9Unicorns, Venture Catalysts",2022,February,Enterprise / SaaS,Mumbai,Maharashtra,India
agrim,Agritech,Gurgaon,83.0,Series A,Kalaari Capital,2022,February,AgriTech,Gurgaon,Haryana,India
dealshare,Social Commerce,Bangalore,373.5,Series E,Abu Dhabi Investment Authority,2022,February,Ecommerce / Retail,Bangalore,Karnataka,India
growfitter,Healthcare,Mumbai,9.96,Unknown,Devx Venture Fund,2022,February,HealthTech,Mumbai,Maharashtra,India
stellapps,Computer Software,Bangalore,1.2,Unknown,Idh Farmfit,2022,February,Enterprise / SaaS,Bangalore,Karnataka,India
propelld,Fintech,Bangalore,290.5,Series B,Westbridge Capital,2022,February,FinTech,Bangalore,Karnataka,India
pine labs,Information Technology &,Noida,1245.0,Unknown,Alpha Wave Venture,2022,February,Enterprise / SaaS,Noida,Uttar Pradesh,India
increff,Computer Software,Bangalore,99.6,Series B,"Tvs Capital Funds, Premji Invest",2022,February,Enterprise / SaaS,Bangalore,Karnataka,India
krishify,Social Media,Gurgaon,51.46,Pre-Series A,"Ankur Capital, Omidyar Network India, Orios Venture Partners",2022,February,HealthTech,Gurgaon,Haryana,India
fleetxio,Computer Software,Gurgaon,157.7,Series B,Indiamart,2022,February,Enterprise / SaaS,Gurgaon,Haryana,India
medibuddy,Healthcare,Bangalore,1037.5,Series C,"Quadria Capital, Lightrock India",2022,February,HealthTech,Bangalore,Karnataka,India
happilo,Food,Bangalore,207.5,Unknown,Motilal Oswal,2022,February,FoodTech,Bangalore,Karnataka,India
vensure,Pharma,Mumbai,83.0,Unknown,Investcorp,2022,February,HealthTech,Mumbai,Maharashtra,India
chargeup,Renewables & Environment,Delhi,20.75,Pre-Series A,"Capital A, Anicut Capital",2022,February,Climate / CleanTech / Energy,Delhi,Delhi,India
retainiq,Ecommerce,Bangalore,19.09,Seed,Accel,2022,February,Ecommerce / Retail,Bangalore,Karnataka,India
adicube,Marketing & Advertising,Bangalore,13.28,Pre-Seed,Pitcherlabs Ventures,2022,February,Marketing / AdTech,Bangalore,Karnataka,India
com olho,Information Technology &,Gurgaon,16.6,Seed,Inflection Point Venture,2022,February,Enterprise / SaaS,Gurgaon,Haryana,India
certifyme,Information Technology &,Bangalore,2.0,Seed,Aunknowns Rahman Juunknownid,2022,February,Enterprise / SaaS,Bangalore,Karnataka,India
wholsum foods,Food,Gurgaon,58.1,Unknown,Investment Corporation Of Dubai,2022,February,FoodTech,Gurgaon,Haryana,India
sandlogic,Computer Software,Bangalore,33.2,Pre-Series A,"Sanjay Singhania, Sai Kumar",2022,February,Enterprise / SaaS,Bangalore,Karnataka,India
xoxoday,Computer Software,Bangalore,249.0,Unknown,Giift,2022,February,Enterprise / SaaS,Bangalore,Karnataka,India
shipsy,Computer Software,Gurgaon,207.5,Series B,"A91 Partners, Z3 Partners",2022,February,Enterprise / SaaS,Gurgaon,Haryana,India
arrivae,Furniture,Mumbai,74.7,Series B,"Think Investments, Havells",2022,February,Enterprise / SaaS,Mumbai,Maharashtra,India
ivycap ventures,Investment Management,Mumbai,1784.5,Unknown,Unknown,2022,February,FinTech,Mumbai,Maharashtra,India
finarkein analytics,Information Technology &,Pune,215.0,Seed,"Iifl, Info Edge",2022,February,Enterprise / SaaS,Pune,Maharashtra,India
prime venture partners,Venture Capital & Private Equity,Bangalore,996.0,Unknown,Interunknowntiounknownl Fiunknownnce Corporation,2022,February,Enterprise / SaaS,Bangalore,Karnataka,India
bhanzu,Edtech,Hyderabad,16.6,Seed,"Nitin Gupta, Maninder Gulati",2022,February,Enterprise / SaaS,Hyderabad,Telangana,India
kalvi,Edtech,Bangalore,0.17,Seed,"Nithin Kamath, Rahul Chari",2022,February,Enterprise / SaaS,Bangalore,Karnataka,India
aastey,Apparel & Fashion,Mumbai,10.79,Seed,Cxxo,2022,February,Consumer Goods / D2C,Mumbai,Maharashtra,India
accelero vehicles,Automotive,Delhi,1.66,Seed,"Social Alpha, Letsventure",2022,February,Mobility / Automotive / EV,Delhi,Delhi,India
up funds,SaaS,Bangalore,74.7,Unknown,Westbridge Capital,2022,February,Enterprise / SaaS,Bangalore,Karnataka,India
koo,Microblogging,Bangalore,83.0,Unknown,"Capsier Venture Partner, Ravi Modi Family Trust, Ashneer Grover, Fbc Venture Partners, Adventz Fiunknownnce",2022,February,Others,Bangalore,Karnataka,India
damensch,Apparel & Fashion,Bangalore,83.0,Series B,A91 Partners,2022,February,Consumer Goods / D2C,Bangalore,Karnataka,India
testsigma,Information Technology &,Bangalore,38.18,Unknown,"Accel, Strive",2022,February,Enterprise / SaaS,Bangalore,Karnataka,India
upswing financial,Fintech,Mumbai,33.2,Unknown,"Kuunknownl Shah, Rajan Bajaj",2022,February,FinTech,Mumbai,Maharashtra,India
claimbuddy,Hospital & Health Care,Gurgaon,24.9,Pre-Series A,"Chiratae Ventures, Rebright Partners",2022,February,HealthTech,Gurgaon,Haryana,India
mamaearth,Healthcare,Gurgaon,431.6,Unknown,Sequoia Capital,2022,January,HealthTech,Gurgaon,Haryana,India
esportsxo,Mobile Games,Bangalore,8.3,Seed,"We Founder Circle, Wami Capital, Sucseed Indovation Fund",2022,January,Media / Entertainment / Gaming,Bangalore,Karnataka,India
geniemode,Import & Export,Gurgaon,58.1,Series A,"Deepinder Goyal, Kuunknownl Shah, Prashant Malik, Pankaj Gupta",2022,January,Others,Gurgaon,Haryana,India
exotel,Telecommunications,Bangalore,332.0,Series D,Steadview Capital,2022,January,Ecommerce / Retail,Bangalore,Karnataka,India
innoviti payment,Fintech,Bangalore,83.0,Unknown,"Trifecta Debt Fund, Patni Advisors, Bessemer Venture Partners",2022,January,FinTech,Bangalore,Karnataka,India
pine labs,Information Technology &,Noida,166.0,Unknown,State Bank Of India,2022,January,Enterprise / SaaS,Noida,Uttar Pradesh,India
moneyboxx,Fintech,Mumbai,8.3,Unknown,Unknown,2022,January,FinTech,Mumbai,Maharashtra,India
cashe,Fintech,Mumbai,83.0,Unknown,Tslc,2022,January,FinTech,Mumbai,Maharashtra,India
id fresh foods,Food,Bangalore,498.0,Series D,Newquest Capital Partner,2022,January,FoodTech,Bangalore,Karnataka,India
freecultr,Apparel & Fashion,Delhi,41.5,Other,Sixth Sense Ventures,2022,January,Consumer Goods / D2C,Delhi,Delhi,India
udaan,B2B Ecommerce,Bangalore,1660.0,Unknown,Unknown,2022,January,Ecommerce / Retail,Bangalore,Karnataka,India
livfin,Fintech,Gurgaon,16.6,Unknown,Blacksoil,2022,January,FinTech,Gurgaon,Haryana,India
bambrew,Renewables & Environment,Bangalore,2.0,Other,Uplifting Rural Development,2022,January,Climate / CleanTech / Energy,Bangalore,Karnataka,India
courseplay,Edtech,Mumbai,3.32,Seed,Inflection Point Ventures,2022,January,Enterprise / SaaS,Mumbai,Maharashtra,India
dunzo,Ecommerce,Bangalore,1992.0,Unknown,Reliance Retail Ventures Limited,2022,January,Ecommerce / Retail,Bangalore,Karnataka,India
rupifi,Fintech,Bangalore,207.5,Series A,"Venture Partners, Tiger Global",2022,January,FinTech,Bangalore,Karnataka,India
aarogyaai,Hospital & Health Care,Delhi,5.81,Seed,"Redstart Labs, Avaaunknown Capital",2022,January,HealthTech,Delhi,Delhi,India
avataar,3D Ai,Bangalore,373.5,Series B,"Tiger Global, Sequoia Capital",2022,January,Artificial Intelligence,Bangalore,Karnataka,India
power gummies,Healthcare,Delhi,49.8,Series A,"9Unicorns, Wipro",2022,January,HealthTech,Delhi,Delhi,India
the eplane,Aviation & Aerospace,Chennai,41.5,Pre-Series A,"Speciale Invest, Micelio",2022,January,SpaceTech,Chennai,Tamil Nadu,India
grip invest,Fintech,Gurgaon,8.3,Unknown,Unknown,2022,January,FinTech,Gurgaon,Haryana,India
recykal,Information Technology &,Hyderabad,182.6,Unknown,Morgan Stanley,2022,January,Enterprise / SaaS,Hyderabad,Telangana,India
dmi finance,Fintech,Delhi,390.1,Unknown,Sumitomo Mitsui Trust Bank,2022,January,FinTech,Delhi,Delhi,India
rupeek,Fintech,Bangalore,282.2,Unknown,Lightbox,2022,January,FinTech,Bangalore,Karnataka,India
ippo pay,Fintech,Chennai,16.6,Unknown,Coinbase Ventures,2022,January,FinTech,Chennai,Tamil Nadu,India
onedios,Information Technology &,Noida,9.96,Unknown,"India Angel Network, Letsventure",2022,January,Enterprise / SaaS,Noida,Uttar Pradesh,India
zedaio,Computer Software,Bangalore,9.96,Seed,Beenext,2022,January,Enterprise / SaaS,Bangalore,Karnataka,India
glamplus,Computer Software,Bangalore,5.81,Unknown,Blume Ventures,2022,January,Enterprise / SaaS,Bangalore,Karnataka,India
refyne,Fintech,Bangalore,680.6,Series B,Tiger Global,2022,January,FinTech,Bangalore,Karnataka,India
lendingkart,Fintech,Ahmedabad,48.97,Unknown,Blueorchard Fiunknownnce,2022,January,FinTech,Ahmedabad,Gujarat,India
muvin,Fintech,Bangalore,24.9,Pre-Series A,Waterbridge Ventures,2022,January,FinTech,Bangalore,Karnataka,India
freadom,Edtech,Gurgaon,20.75,Unknown,"Tiger Shroff, Ashneer Grover",2022,January,Enterprise / SaaS,Gurgaon,Haryana,India
traya,Healthcare,Mumbai,18.26,Pre-Series A,Fireside Ventures,2022,January,HealthTech,Mumbai,Maharashtra,India
praan,Renewables & Environment,Mumbai,12.45,Unknown,"Better Capital, Paradigm Shift Capital, Avaaunknown Capital",2022,January,Climate / CleanTech / Energy,Mumbai,Maharashtra,India
pepul,Computer Software,Chennai,10.79,Seed,"Hourglass Venture Partners, Girish Mathrubootham, Vijay Shekhar Sharma",2022,January,Enterprise / SaaS,Chennai,Tamil Nadu,India
kaleidofin,Fintech,Chennai,83.0,Series B,"Michael, Susan Dell Foundation",2022,January,FinTech,Chennai,Tamil Nadu,India
lead school,Edtech,Mumbai,830.0,Unknown,Westbridge Capital,2022,January,Enterprise / SaaS,Mumbai,Maharashtra,India
turnip,Online Media,Bangalore,99.6,Series A,"Greenoaks, Elevation Capital",2022,January,HealthTech,Bangalore,Karnataka,India
rooter,Mobile Games,Delhi,207.5,Series A,"Lightbox, March Gaming, Duane Park",2022,January,Media / Entertainment / Gaming,Delhi,Delhi,India
orai robotics,Information Technology &,Bangalore,6.64,Pre-Series A,Inflection Point Ventures,2022,January,Enterprise / SaaS,Bangalore,Karnataka,India
evage,Automotive,Chandigarh,232.4,Seed,Redblue Capital,2022,January,Mobility / Automotive / EV,Chandigarh,Chandigarh,India
chingari,Entertainment,Bangalore,124.5,Series A,"Republic Capital, Onmobile, Jpin Venture Catalysts",2022,January,Artificial Intelligence,Bangalore,Karnataka,India
yourspace,Hospitality,Delhi,83.0,Series A,"Shantanu Rastogi, Ajax Capital, Holy Basil Consultancy Private Ltd",2022,January,HealthTech,Delhi,Delhi,India
zinghr,Information Technology &,Mumbai,83.0,Unknown,Tata Capital Growth Fund Ii,2022,January,Enterprise / SaaS,Mumbai,Maharashtra,India
heaps,Healthcare,Bangalore,4565.0,Series A,Nvs Wealth Maunknowngers,2022,January,HealthTech,Bangalore,Karnataka,India
ncore games,Computer Games,Bangalore,83.0,Series A,"Amitabh Singhal, Sandeep Nailwal",2022,January,Media / Entertainment / Gaming,Bangalore,Karnataka,India
carzso,Automotive,Gurgaon,5.81,Unknown,Mytash,2022,January,Mobility / Automotive / EV,Gurgaon,Haryana,India
edustoke,Edtech,Bangalore,3.32,Seed,Indus Initiatives,2022,January,Enterprise / SaaS,Bangalore,Karnataka,India
newsreach,Online Media,Mumbai,0.4,Unknown,"Jito Angel Network, Sharan Aggarwal",2022,January,HealthTech,Mumbai,Maharashtra,India
cloud tailor,Apparel & Fashion,Hyderabad,8.3,Pre-Series A,"35North Ventures, Mergerdomo",2022,January,Consumer Goods / D2C,Hyderabad,Telangana,India
aryaag,Agritech,Noida,498.0,Series C,"Asia Impact Sa, Lightrock India, Quounknown Capital",2022,January,AgriTech,Noida,Uttar Pradesh,India
epigeneres biotech,Biotechnology,Mumbai,498.0,Series B,"Letsventure Angel Fund, Moez Daya",2022,January,Enterprise / SaaS,Mumbai,Maharashtra,India
indmoney,Fintech,Gurgaon,622.5,Series D,"Steadview Capital, Tiger Global, Dragoneer Investment Group",2022,January,FinTech,Gurgaon,Haryana,India
addverb,Industrial Automation,Noida,1095.6,Unknown,Reliance,2022,January,Mobility / Automotive / EV,Noida,Uttar Pradesh,India
qarmatek,Telecommunications,Ahmedabad,24.9,Unknown,"Gujarat Venture Fiunknownnce Limited, Caspian Debt",2022,January,Ecommerce / Retail,Ahmedabad,Gujarat,India
appx,Technology,Delhi,10.79,Unknown,Y Combiunknowntor,2022,January,Enterprise / SaaS,Delhi,Delhi,India
mycaptain,Edtech,Bangalore,24.9,Pre-Series A,Ankur Capital,2022,January,Enterprise / SaaS,Bangalore,Karnataka,India
mivi,Electrical & Electronic Manufacturing,Hyderabad,3.0,Unknown,N+1 Capital,2022,January,Others,Hyderabad,Telangana,India
huviair,Computer Software,Bangalore,26.56,Series A,Chiratae Ventures,2022,January,Enterprise / SaaS,Bangalore,Karnataka,India
aerostrovilos energy,Machinery,Chennai,3.32,Seed,"Tube Investment Of India, Murugappa Group Company",2022,January,Others,Chennai,Tamil Nadu,India
scripbox,Fintech,Bangalore,174.3,Series D,"Accel, Transpose Platform, The Sparkle Fund",2022,January,FinTech,Bangalore,Karnataka,India
pluckk,Food,Mumbai,41.5,Seed,Exponentia Ventures,2022,January,FoodTech,Mumbai,Maharashtra,India
dogsee chew,Food,Bangalore,55.61,Series A,"Mankind Pharma, Sixth Sense Ventures",2022,January,FoodTech,Bangalore,Karnataka,India
lummo,Entreprenurship,Bangalore,664.0,Series C,"Tiger Global, Sequoia Capital",2022,January,Others,Bangalore,Karnataka,India
threedots,Fintech,Bangalore,33.2,Seed,Kalaari Capital,2022,January,FinTech,Bangalore,Karnataka,India
matchlog,Logistics,Mumbai,24.9,Other,"Blue Ashva Capital, Rainmatter Climate, Capitalunknowna",2022,January,Logistics / Supply Chain,Mumbai,Maharashtra,India
nowpurchase,B2B,Kolkata,19.92,Seed,"Orios, Infoedge Ventures",2022,January,Enterprise / SaaS,Kolkata,West Bengal,India
sahicoin,Fintech,Gurgaon,14.53,Seed,"Alameda Ventures, Better Capital Ventures",2022,January,FinTech,Gurgaon,Haryana,India
finsall,Fintech,Bangalore,8.3,Pre-Series A,Unicorn India Ventures,2022,January,FinTech,Bangalore,Karnataka,India
gameeon studio,Computer Games,Mumbai,1.66,Unknown,"Mruunknownl Jhaveri, Ajay Upadhyaya",2022,January,Media / Entertainment / Gaming,Mumbai,Maharashtra,India
trainn,Computer Software,Chennai,5.81,Seed,Speciale Invest,2022,January,Enterprise / SaaS,Chennai,Tamil Nadu,India
diginoor,Information Technology &,Chennai,8.3,Seed,"Contrary Capital, Polygon Fund",2022,January,Enterprise / SaaS,Chennai,Tamil Nadu,India
pi ventures,Venture Capital & Private Equity,Bangalore,332.0,Unknown,"Binny Bansal, Varun Alagh",2022,January,Enterprise / SaaS,Bangalore,Karnataka,India
saas labs,SaaS,Noida,348.6,Series B,Sequoia Capital,2022,January,Enterprise / SaaS,Noida,Uttar Pradesh,India
stockgro,Fintech,Bangalore,265.6,Series A,"Bitkraft Ventures, General Catalyst, Itai Tsiddon",2022,January,FinTech,Bangalore,Karnataka,India
giva,Luxury Goods & Jewelry,Bangalore,83.0,Series A,"Sixth Sense Ventures, A91 Partners",2022,January,Consumer Goods / D2C,Bangalore,Karnataka,India
toothsi,Healthcare,Mumbai,74.7,Unknown,Stride Ventures,2022,January,HealthTech,Mumbai,Maharashtra,India
zuper,Information Technology &,Chennai,107.9,Series A,"Sequoia Capital, Prime Venture Partners",2022,January,Enterprise / SaaS,Chennai,Tamil Nadu,India
cellstrat,Computer Software,Bangalore,1.16,Unknown,Unknown,2022,January,Enterprise / SaaS,Bangalore,Karnataka,India
stanplus,Hospital & Health Care,Hyderabad,166.0,Series A,"Healthquad, Kalaari Capital, Healthx Capital",2022,January,HealthTech,Hyderabad,Telangana,India
swiggy,Food,Bangalore,5810.0,Unknown,Invesco,2022,January,FoodTech,Bangalore,Karnataka,India
ola,Automotive,Bangalore,1660.0,Unknown,"Tekne Private Ventures, Alpine Opportunity Fund, Edelweiss",2022,January,Mobility / Automotive / EV,Bangalore,Karnataka,India
hospals,Hospital & Health Care,Delhi,29.05,Pre-Series A,"Inflection Point Ventures, 9Unicorns, Singaporeunknownbased Wavemaker",2022,January,HealthTech,Delhi,Delhi,India
hypd,Ecommerce,Delhi,12.45,Seed,"Better Capital, Sauce Vc, Bhuvan Bam",2022,January,Ecommerce / Retail,Delhi,Delhi,India
oben electric,Automotive,Bangalore,8.3,Seed,"Krishunknown Bhupal, Shajikumar Devakar",2022,January,Mobility / Automotive / EV,Bangalore,Karnataka,India
sustainkart,Ecommerce,Hyderabad,4.15,Pre-Seed,India Accelerator,2022,January,Ecommerce / Retail,Hyderabad,Telangana,India
super scholar,Edtech,Mumbai,3.32,Unknown,"Magic Fund, 2Am Vc, Astir Vc",2022,January,Enterprise / SaaS,Mumbai,Maharashtra,India
nowpurchase,Metal Manufacturing,Kolkata,19.92,Seed,"Orios, Infoedge Ventures",2022,January,Others,Kolkata,West Bengal,India
darwinbox,Information Technology &,Bangalore,597.6,Series D,Technology Crossover Ventures,2022,January,Enterprise / SaaS,Bangalore,Karnataka,India
flint,Fintech,Bangalore,41.5,Seed,"Sequoia Capital, Gfc",2022,January,FinTech,Bangalore,Karnataka,India
vajro,Computer Software,Chennai,70.55,Series A,Five Elms Capital,2022,January,Enterprise / SaaS,Chennai,Tamil Nadu,India
raise financial,Fintech,Mumbai,182.6,Series A,"Beenext, Mirae Asset Ventures",2022,January,FinTech,Mumbai,Maharashtra,India
desi hangover,Apparel & Fashion,Mumbai,14.94,Unknown,"Social Alpha, Ciie.Co, Be An Angel Network",2022,January,Consumer Goods / D2C,Mumbai,Maharashtra,India
vyapar,Fintech,Bangalore,249.0,Series B,Westbridge Capital,2022,January,FinTech,Bangalore,Karnataka,India
minio,Computer Software,Bangalore,830.0,Series B,"Softbank Vision Fund 2, Dell Capital, General Catalyst",2022,January,Enterprise / SaaS,Bangalore,Karnataka,India
growth school,Edtech,Bangalore,41.5,Seed,"Sequoia Capital, Owl Ventures",2022,January,Enterprise / SaaS,Bangalore,Karnataka,India
kissht,Fintech,Mumbai,83.0,Unknown,"Trifecta Capital, Northern Arc",2022,January,FinTech,Mumbai,Maharashtra,India
imocha,Computer Software,Pune,116.2,Series A,Eight Roads Ventures,2022,January,Enterprise / SaaS,Pune,Maharashtra,India
our food,Food,Hyderabad,49.8,Unknown,"3Lines Venture Capital, C4D Asia Fund",2022,January,FoodTech,Hyderabad,Telangana,India
o9,Computer Software,Bangalore,2448.5,Unknown,"General Atlantic, Beyondnetzero",2022,January,Enterprise / SaaS,Bangalore,Karnataka,India
hike,Social Media,Delhi,295.0,Unknown,Polygon,2022,January,HealthTech,Delhi,Delhi,India
superopsai,Computer Software,Chennai,116.2,Series A,"Addition, Tanglin Ventures",2022,January,Enterprise / SaaS,Chennai,Tamil Nadu,India
aqgromalin,Farming,Chennai,41.5,Pre-Series A,"Sequoia Capital, Omnivore",2022,January,AgriTech,Chennai,Tamil Nadu,India
ekank,Software,Delhi,8.3,Unknown,"Archaunknown Priyadarshini, Amit Jain, Amit Hooja, Deepak Jain",2022,January,Enterprise / SaaS,Delhi,Delhi,India
broomees,Information Technology &,Delhi,4.98,Unknown,"2 Am Vc, Magic Fund",2022,January,Enterprise / SaaS,Delhi,Delhi,India
moglix,Software,Noida,2075.0,Series F,"Tiger Global, Alpha Wave Global",2022,January,Enterprise / SaaS,Noida,Uttar Pradesh,India
social swag,Edtech,Mumbai,29.05,Unknown,"Imef, Unicorn India Ventures",2022,January,Enterprise / SaaS,Mumbai,Maharashtra,India
mooofarm,Information Technology &,Gurgaon,19.92,Seed,"Accel, Navus Ventures",2022,January,Enterprise / SaaS,Gurgaon,Haryana,India
infurnia,Information Technology &,Bangalore,4.15,Unknown,"Yogesh Chaudhary, Pallavi Nadhani",2022,January,Enterprise / SaaS,Bangalore,Karnataka,India
bold finance,Fintech,Mumbai,0.5,Seed,Antler India,2022,January,FinTech,Mumbai,Maharashtra,India
kisanwala,Information Technology &,Hyderabad,8.3,Unknown,Unknown,2022,January,Enterprise / SaaS,Hyderabad,Telangana,India
burgerama,Food,Gurgaon,5.81,Pre-Series A,"Rishab Malik, Atul Singh",2022,January,FoodTech,Gurgaon,Haryana,India
zfw,D2C,Delhi,3.44,Seed,"Epigamia, Renee Cosmetics, Beardo",2022,January,Ecommerce / Retail,Delhi,Delhi,India
plantvita,Healthcare,Mumbai,0.415,Seed,"Jito Angel Network, Aim Angel Group",2022,January,HealthTech,Mumbai,Maharashtra,India
zaggle prepaid ocean,Fintech,Hyderabad,595.0,Unspecified Round,Qualified Institutiounknownl Placement (Bank Of India Unknown Largest Buyer),2024,December,FinTech,Hyderabad,Telangana,India
epack prefab,Preengineered Buildings,Greater Noida,166.0,Initial Funding,Gef Capital Partners,2024,December,Others,,,
captain fresh,Seafood B2B,Bangalore,100.0,Unspecified Round,Motilal Oswal Wealth Limited,2024,December,FoodTech,Bangalore,Karnataka,India
univest,Retail Advisory,Gurgaon,83.0,Series A,Bertelsmann India Investments (Bii),2024,December,Ecommerce / Retail,Gurgaon,Haryana,India
mindgrove,Semiconductor Design,Chennai,66.4,Series A,"Rocketship.Vc, Speciale Invest, Mela Ventures, Peak Xv Partners, Nishchay Goel, Whiteboard Capital, Anshul Goel",2024,December,DeepTech / Hardware,Chennai,Tamil Nadu,India
hostbooks,Enterprise Saas Fintech,Gurgaon,41.5,Unspecified Round,Orange Orbit (As Part Of A $15M Series B Funding Round),2024,December,FinTech,Gurgaon,Haryana,India
sparkl edventure,Edtech,Delhi,33.2,Seed,"Rainmatter Foundation (Nithin Kamath), Zomato’S Deepinder Goyal",2024,December,Enterprise / SaaS,Delhi,Delhi,India
arata,D2C Haircare,Delhi,33.2,Series A,"Unilever Ventures, L’Oréal’S Bold Ventures, Skywalker Family Office",2024,December,Ecommerce / Retail,Delhi,Delhi,India
confido health,Aifocused Healthtech,New Jersey,24.9,Seed,"Together Fund, Medmountain Ventures, Rebellion Vc, Devc, Operators Studio, Strategic Healthcare Operators",2024,December,HealthTech,,,
sustvest,Sustainable Investment,Gurgaon,14.11,Other,"Inflection Point Ventures, Antler, Weh Ventures, Venture Catalysts, Soonicorn Ventures, Faad Network",2024,December,FinTech,Gurgaon,Haryana,India
leanworx,Manufacturing Data,Bangalore,8.3,Seed,"Yournest Venture Capital, Angel Investment Group",2024,December,Analytics / Big Data,Bangalore,Karnataka,India
proxgy,Iot,Gurgaon,24.9,Series A,"Ajinkya Rahane, Nikhil Kamath, Suniel Shetty, Vinod Duggar, Manish Patel",2024,December,Others,Gurgaon,Haryana,India
kiranapro,Quick Commerce,Bangalore,24.9,Seed,"Turbostart, Unpopular Ventures, Blume Founders Fund, Snow Leopard Ventures",2024,December,Ecommerce / Retail,Bangalore,Karnataka,India
bureau,Risk Intelligence,India,249.0,Series B,"Sorenson Capital, Paypal Ventures, Commerce Ventures, Gmo Venture Partners, Village Global, Quounknown Capital, Xyz Ventures",2024,December,Others,,,India
bizom,Retail Intelligence,Bangalore,99.6,Series B,"Pavestone ($7.5M), Indiamart, And Family Offices",2024,December,Ecommerce / Retail,Bangalore,Karnataka,India
seekho,Learningfocused Ott,Bangalore,66.4,Series A,Lightspeed,2024,December,EdTech,Bangalore,Karnataka,India
zingbus,Intercity Mobility,Gurgaon,59.0,Unspecified Round,Bp Technology Ventures,2024,December,Enterprise / SaaS,Gurgaon,Haryana,India
quid cash,Supply Fintech,Bangalore,37.35,Pre-Series A,"Angel Investors, Including Piyush Jain, And Mintcap",2024,December,FinTech,Bangalore,Karnataka,India
inkers technology,Proptech,Bangalore,24.9,Series A,Ashish Kasholia (Lucky Investments),2024,December,Enterprise / SaaS,Bangalore,Karnataka,India
confido health,Aifocused Healthtech,Ichalkaranji,24.9,Seed,"Together Fund, Medmountain Ventures, Rebellion Vc, Devc, Operators Studio, Strategic Healthcare Operators",2024,December,HealthTech,Ichalkaranji,Maharashtra,India
zunroof,Rooftop Solar,Gurgaon,20.0,Unspecified Round,"Anbg Enterprise Llp (Godrej Family Office), Ravinderunknownth Chadha",2024,December,Climate / CleanTech / Energy,Gurgaon,Haryana,India
quanfluence,Photonic Quantum Technology,Bangalore,16.6,Seed,"Pi Ventures, Golden Sparrow, Reeunknown Dayal",2024,December,Enterprise / SaaS,Bangalore,Karnataka,India
mili,Ai Wealth Management Assistant,Mumbai,16.6,Seed,"Chiratae, Boldcap, Sparrow Capital, Sfmg Wealth Advisors, Gregg Fisher (Quent Capital), Better Capital",2024,December,FinTech,Mumbai,Maharashtra,India
curie money,Fintech,Bangalore,9.96,Seed,"India Quotient, Institutiounknownl And Angel Investors",2024,December,FinTech,Bangalore,Karnataka,India
resilience ai,Climate Technology,Gurgaon,8.3,Seed,Kalaari Capital (Cxxo Initiative),2024,December,Enterprise / SaaS,Gurgaon,Haryana,India
fitsol,Decarbonization For Manufacturing,Delhi,8.3,Seed,Transition Vc,2024,December,Others,Delhi,Delhi,India
fibroheal woundcare,Medical Devices,Bangalore,6.3,Pre-Series A,"Existing Promoters, Surgeons, Medical Professiounknownls, And Bankers",2024,December,HealthTech,Bangalore,Karnataka,India
voice,Electric Vehicles,Delhi,5.0,Seed,Bizdateup,2024,December,Mobility / Automotive / EV,Delhi,Delhi,India
mbg card,SaaS,Jabalpur,2.72,Unspecified Round,"Inflection Point Ventures, Velocity, Klub",2024,December,Enterprise / SaaS,Jabalpur,Madhya Pradesh,India
rebel foods,Food,Mumbai,1743.0,Series G,"Temasek, Evolvence",2024,December,FoodTech,Mumbai,Maharashtra,India
mintifi,Supplychain Financing,Mumbai,1494.0,Series E,"Teachers’ Venture Growth (Tvg), Prosus, Premji Invest",2024,December,FinTech,Mumbai,Maharashtra,India
zetwerk,Contract Manufacturing,Bangalore,581.0,Other,"Khosla Ventures, Baillie Gifford, Rakesh Gangwal",2024,December,Others,Bangalore,Karnataka,India
cardekho sea,Digital Automotive,Singapore,498.0,Other,"Navis Capital Partners, Dragon Fund",2024,December,Enterprise / SaaS,,,Singapore
haber,Industrial Robotics,Pune,365.2,Series C,"Creaegis, Beenext, Accel",2024,December,DeepTech / Hardware,Pune,Maharashtra,India
wooden street,Furniture & Home Decor,Jaipur,354.0,Series C,Premji Invest,2024,December,Enterprise / SaaS,Jaipur,Rajasthan,India
solarsquare,Solar,Mumbai,332.0,Series B,"Lightspeed, Lightrock, Elevation Capital, Chris Sacca’S Lowercarbon, Nithin Kamath’S Rainmatter, Gruhas Proptech",2024,December,Climate / CleanTech / Energy,Mumbai,Maharashtra,India
k12 techno,Edtech,Bangalore,332.0,Other,Kenro Capital,2024,December,Enterprise / SaaS,Bangalore,Karnataka,India
lambdatest,Cloudbased Testing,San Francisco,315.4,Unspecified Round,"Avataar Ventures, Qualcomm Ventures",2024,December,Others,San Francisco,California,USA
onecard,Credit Card Issuance,Pune,211.65,Other,"Qed Investors, Peak Xv Partners, Z47, Better Tomorrow Ventures",2024,December,FinTech,Pune,Maharashtra,India
pixxel,Spacetech,Bangalore,199.2,Other,"M, G Catalyst, Glade Brook Capital Partners, Google, Radical Ventures, Lightspeed",2024,December,Enterprise / SaaS,Bangalore,Karnataka,India
snapmint,Fintech,Mumbai,149.4,Debt + Equity,"Prashasta Seth (Prudent Investment Maunknownger), Perpetuity Ventures, Pegasus Fininvest",2024,December,FinTech,Mumbai,Maharashtra,India
rapidcanvas,AI,Austin,132.8,Series A,"Peak Xv Partners, Titanium Ventures, Accel, Valley Capital Partners",2024,December,Artificial Intelligence,Austin,Texas,USA
varthana,Fintech,Bangalore,124.5,Unspecified Round,Blueorchard Microfiunknownnce Fund,2024,December,FinTech,Bangalore,Karnataka,India
avanti finance,Fintech,Auckland,117.86,Series B,"Dia Vikas Capital, Idh Farmfit Fund, Nrjn Family Trust, Rabo Partnerships",2024,December,FinTech,Auckland,,New Zealand
orange health labs,Diagnostics & Healthcare,Bangalore,99.6,Unspecified Round,"Amazon Smbhav Venture Fund, Accel, General Catalyst, Bertelsmann India Investments, Y Combiunknowntor",2024,December,HealthTech,Bangalore,Karnataka,India
stage,Regional Ott,Indore,84.6,Series B,"Goodwater Capital, Blume Ventures",2024,December,Others,Indore,Madhya Pradesh,India
dcdc kidney care,Healthcare,Delhi,82.0,Strategic Investment,British Interunknowntiounknownl Investment (Bii),2024,December,HealthTech,Delhi,Delhi,India
firstclub,Quick Commerce,Bangalore,66.4,Unspecified Round,"Accel, Rtp Global, Blume Founders Fund, Quiet Capital, 2Am Vc, Angel Investors",2024,December,Ecommerce / Retail,Bangalore,Karnataka,India
finx,Skilling,Mumbai,49.8,Unspecified Round,Elevar Equity,2024,December,EdTech,Mumbai,Maharashtra,India
culture circle,Sneakers & Streetwear,Gurgaon,16.6,Seed,"Info Edge Ventures, Angel Investors",2024,December,Others,Gurgaon,Haryana,India
superfone,Smb Crm,Bangalore,15.77,Pre-Series A,"Yournest Venture Capital, Ankur Capital, Finsight Seed Fund, Angel Investors",2024,December,Others,Bangalore,Karnataka,India
infinity,Business Banking,Bangalore,15.77,Equity,"Y Combiunknowntor, Liquid 2 Ventures, Script Capital, Angel Investors",2024,December,FinTech,Bangalore,Karnataka,India
sustainiam,Climate,Bangalore,12.04,Initial Funding,"Orios Venture Partners, Shilpa Shetty Kundra, Rajesh Sawhney, Harsh Vardhan Bhagchandka, Vinit Bhansali",2024,December,Climate / CleanTech / Energy,Bangalore,Karnataka,India
navanc,Fintech,Bangalore,8.3,Seed,"Prarambh Ventures, Inflection Point Ventures (Ipv), Brigade Reap, Angel Investors",2024,December,FinTech,Bangalore,Karnataka,India
kreedo early childhood,Edtech,Bangalore,10.0,Debt,Recur Club,2024,December,Enterprise / SaaS,Bangalore,Karnataka,India
power gummies,D2C Gummies,Delhi,10.0,Bridge,"Jaipuria Family Office, Quadrant, 100Unicorn, Dsgcp, Wipro Consumer, Venture Catalysts, Others",2024,December,Ecommerce / Retail,Delhi,Delhi,India
savesage club,Credit Card Management,Gurgaon,2.5,Angel,"Iseed, Alluvium Fund, Letsventure Fund, Angel Investors",2024,December,FinTech,Gurgaon,Haryana,India
nodwin gaming,Gaming And Entertainment,Gurgaon,64.0,Other,Nazara Technologies,2024,December,Artificial Intelligence,Gurgaon,Haryana,India
atmosphere the store makers,Retail,Mumbai,5.0,Seed,Artha Venture Fund And Pil Italica Lifestyle Limited,2024,December,Ecommerce / Retail,Mumbai,Maharashtra,India
neuranics,Healthcare,Delhi,5.81,Seed,Inflection Point Ventures (Ipv),2024,December,HealthTech,Delhi,Delhi,India
annapurna finance,Fintech,Bhubaneswar,908.85,Other,Unknown,2024,December,FinTech,Bhubaneswar,Odisha,India
the money club,Fintech,Noida,20.75,Series A,Prudent Investment Maunknowngers,2024,December,FinTech,Noida,Uttar Pradesh,India
terractive,Agritech,Mumbai,8.0,Pre-Series A,Fireside Ventures And Devc (Anchored By Z47),2024,December,AgriTech,Mumbai,Maharashtra,India
medial,Media And Entertainment,Bangalore,4.15,Pre-Series A,Ortella Global Capital (Og Capital),2024,December,HealthTech,Bangalore,Karnataka,India
ultraviolette,Ev Manufacturing,Bangalore,130.0,Unknown,"Zoho Corporation, Lingotto Counknowninvest Fund I, Mudhal Partners, Others",2024,December,Mobility / Automotive / EV,Bangalore,Karnataka,India
the indus valley,D2C Kitchenware,Chennai,23.1,Pre-Series A,Dsg Consumer Partners,2024,December,FoodTech,Chennai,Tamil Nadu,India
enterpret,SaaS,India,172.64,Series A,"Kleiner Perkins, Peak Xv Partners, Wing Ventures, Recall Capital",2024,December,Enterprise / SaaS,,,India
zfunds,Fintech,Gurgaon,25.0,Seed,Elevation Capital,2024,December,FinTech,Gurgaon,Haryana,India
wickedgud,D2C Food Products,Mumbai,20.0,Seed,Orios Venture Partners,2024,December,FoodTech,Mumbai,Maharashtra,India
dentalkart,Dental Supplies,Delhi,85.0,Unknown,"Malabar Investment, Whiteoak",2024,December,Others,Delhi,Delhi,India
godrej properties,Real Estate,Mumbai,6000.0,Other,"Singapore Sovereign Wealth Firm Gic, Sbi Pension",2024,December,Real Estate / PropTech,Mumbai,Maharashtra,India
agrileaf,Cleantech,Belthangady Taluk,16.6,Other,Capitalunknowna And Samarsh Capital,2024,December,Enterprise / SaaS,,,
goodlives,Healthcare,Gurgaon,1.1,Pre-Seed,"Iim Lucknow, Rabindraunknownth Tagore University (Rntu), Build3",2024,December,HealthTech,Gurgaon,Haryana,India
bumboo,Ecofriendly Products,Delhi,1.1,Angel,"Rohan Bhargava, Counknownfounder At Cashkaro, Urbanpiper Ceo Saurabh Gupta, Spotdraft Founder Shashank Bijapur, And Nc Media Founder Rajneil Kamath",2024,December,Others,Delhi,Delhi,India
advantageclubai,Hrtech,Gurgaon,33.2,Unknown,Axilor Ventures,2024,December,Enterprise / SaaS,Gurgaon,Haryana,India
raptorx,Fintech,India,4.0,Pre-Seed,"Peakxv Spark, Eaglewings Ventures, Point One Capital",2024,December,FinTech,,,India
masterchow,D2C Food Products,Delhi,53.95,Series A,Tanglin Venture Partners,2024,December,FoodTech,Delhi,Delhi,India
vastu housing,Housing Finance,Mumbai,830.0,Unknown,Prosus,2024,December,FinTech,Mumbai,Maharashtra,India
mintifi,Supply Financing,Mumbai,664.0,Unknown,Prosus,2024,December,FinTech,Mumbai,Maharashtra,India
orange health,Diagnostics And Healthcare,Bangalore,99.6,Unknown,Amazon Smbhav Venture Fund,2024,December,HealthTech,Bangalore,Karnataka,India
sportskeeda,Gaming And Media,Bangalore,67.56,Unknown,Unknown,2024,December,HealthTech,Bangalore,Karnataka,India
hygenco,Cleantech,Gurgaon,50.0,Debt,Trifecta,2024,December,Enterprise / SaaS,Gurgaon,Haryana,India
superyou,Fintech,Mumbai,50.0,Series A,"Nithin And Nikhil Kamath, Counknownfounders Of Zerodhaunknownbacked Venture Firm Rainmatter",2024,December,FinTech,Mumbai,Maharashtra,India
enterpret,AI,San Francisco,172.64,Series A,Caunknownan Partners,2024,December,Artificial Intelligence,San Francisco,California,USA
laurus bio,Biotechnology,Bangalore,120.0,Equity,Eight Roads Ventures And Funknownprime Capital,2024,December,Enterprise / SaaS,Bangalore,Karnataka,India
onecard,Fintech,Pune,236.55,Series D,"Better Tomorrow Ventures, Peak Xv, Z47",2024,November,FinTech,Pune,Maharashtra,India
candytoy corporate,Corporate,Bangalore,110.0,Series A,"Domestic Investors, Hnis, Angel Investors, Institutiounknownl Investors",2024,November,Others,Bangalore,Karnataka,India
alt mobility,Ev Leasing & Management,Delhi,83.0,Series A,"Eurazeo, Shell Ventures, Twyunknownm Earth Fund, Ev2 Ventures",2024,November,Mobility / Automotive / EV,Delhi,Delhi,India
shopdeck,D2C,Bangalore,66.4,Series B,"Bessemer Venture Partners, Elevation Capital, Venture Highway, And Chiratae Ventures",2024,November,Ecommerce / Retail,Bangalore,Karnataka,India
elchemy,Specialty Chemicals,Ahmedabad,46.48,Series A,"Prime Venture Partners, Infoedge Ventures",2024,November,Others,Ahmedabad,Gujarat,India
all things baby,Baby & Mothercare,Mumbai,30.0,Series A,"Manish Choksi Family Office, Richa Choksi",2024,November,Others,Mumbai,Maharashtra,India
beyond appliances,Smart Kitchen Appliances,Bangalore,16.6,Seed,"Fireside Venture Investment Fund Iii, Dharaunknown Capital, Shezan Bhojani, Saurabh Jain, Ramakant Sharma, Chandru Kalro",2024,November,FoodTech,Bangalore,Karnataka,India
zomato,Food,Gurgaon,8500.0,Other,Unknown,2024,November,FoodTech,Gurgaon,Haryana,India
nazara,Gaming,Mumbai,855.0,Other,"Sbi Mutual Fund, Caratlane Founder Mithun Sacheti, Aamara Capital, Think Investments Among Others",2024,November,Others,Mumbai,Maharashtra,India
wadzpay,Blockchain Fintech,Singapore,335.0,Other,Gem Global Yield Llc Scs,2024,November,FinTech,,,Singapore
parkmate,Road Transport,Uttar Pradesh,9.96,Pre-Series A,Cactus Partners (Cpl),2024,November,Logistics / Supply Chain,,Uttar Pradesh,India
ukhi,Biomaterials,Delhi,9.96,Pre-Seed,"100Unicorns, Venture Catalysts, Avtar Monga",2024,November,DeepTech / Hardware,Delhi,Delhi,India
true diamond,Retail Luxury Goods And Jewellery,Mumbai,8.3,Seed,"Titan Capital, Huddle Ventures, Zeropearl Ventures, Ashutosh Valani, Priyank Shah, Aashka Goradia Goble, Ghazal Alagh, Abhishek Goyal, Anmol Jain",2024,November,Ecommerce / Retail,Mumbai,Maharashtra,India
neogrowth,Fintech,Mumbai,41.5,Debt,Symbiotics Group,2024,November,FinTech,Mumbai,Maharashtra,India
zepto,Quick Commerce,Mumbai,2905.0,Unspecified Round,"Motilal Oswal Private Wealth, Raamdeo Agarwal, Taparia Family Office, Mankind Pharma Family Office, Celebrity Investors, Others",2024,November,Ecommerce / Retail,Mumbai,Maharashtra,India
healthkart,Healthcare,Gurgaon,1269.9,Unspecified Round,"Chryscapital, Motilal Oswal Alterunknowntes",2024,November,HealthTech,Gurgaon,Haryana,India
zopper,Insurance Infrastructure Api,Noida,207.5,Series D,"Elevation Capital, Dharaunknown Capital, Blume Ventures",2024,November,FinTech,Noida,Uttar Pradesh,India
onecell diagnostics,Cancer Diagnostics,Pune,132.8,Series A,"Celesta Capital, Teunknowncity Ventures, Cedars Siunknowni, Eragon, Singularity Ventures",2024,November,HealthTech,Pune,Maharashtra,India
vecmocon,Ev Components,Delhi,83.0,Unspecified Round,"Ecosystem Integrity Fund (Eif), Blume Ventures, British Interunknowntiounknownl Investment (Bii)",2024,November,Mobility / Automotive / EV,Delhi,Delhi,India
kratos gamer network,Web3 Gaming,Tortola,83.0,Unspecified Round,"Aptos Labs, Polygon, Game7",2024,November,Others,,,
blitz,Omnichannel Delivery,Bangalore,51.0,Series A,Ivycap Ventures,2024,November,Logistics / Supply Chain,Bangalore,Karnataka,India
billion hearts,Consumer,Delhi,33.2,Unspecified Round,Blume Ventures,2024,November,Consumer Internet,Delhi,Delhi,India
credflow,Fintech,Delhi,30.71,Other,"Inflexor Ventures, Singaporeunknownbased Family Office",2024,November,FinTech,Delhi,Delhi,India
doodhvale farms,Dairy,Sonepat,24.9,Series A,"Atomic Capital, Singularity Early Opportunities Fund, Bharat Founders Fund, Others",2024,November,Artificial Intelligence,,,
proost,Beer,Delhi,30.0,Series A,"Chimes Group, Srinivasan Namala, Hyderabad Angels, The Chenunknowni Angels, Others",2024,November,Others,Delhi,Delhi,India
swish,10Minute Food Delivery,Bangalore,16.6,Initial Funding,Accel,2024,November,FoodTech,Bangalore,Karnataka,India
indic wisdom,Woodpressed Oils,Mumbai,16.6,Pre-Series A,"Rockstud Capital, Others",2024,November,Others,Mumbai,Maharashtra,India
pelocal,Fintech,Chennai,16.6,Seed,Unicorn India Ventures,2024,November,FinTech,Chennai,Tamil Nadu,India
theranautilus,Nanorobotics For Healthcare,Bangalore,9.96,Seed,Pi Ventures,2024,November,HealthTech,Bangalore,Karnataka,India
taqtics,SaaS,Bangalore,9.96,Seed,"Sprout Venture Partners, Capitalunknowna, Java Capital",2024,November,Enterprise / SaaS,Bangalore,Karnataka,India
matrix geo,Drone & Space,Delhi,8.3,Other,"Chittorgarh Infotech Limited, Viney Equity Markets Llp, Tryrock Capital Trust Aif",2024,November,SpaceTech,Delhi,Delhi,India
startup thamizha,Media,Chennai,3.3,Unspecified Round,Mudhal Partners,2024,November,HealthTech,Chennai,Tamil Nadu,India
cadre odr,Online Dispute Resolution,Bangalore,3.3,Pre-Series A,"Aprameya Radhakrishunknown, Murali Subramanian, Ram Bhamidi, Aneesh Garg, Rahul Guptan",2024,November,Consumer Internet,Bangalore,Karnataka,India
unifyapps,Enterprise Ai,Gurgaon,166.0,Series A,"Iconiq Growth, Elevation Capital",2024,November,Enterprise / SaaS,Gurgaon,Haryana,India
bhanzu,Edtech,Hyderabad,136.95,Unspecified Round,Epiq Capital,2024,November,Enterprise / SaaS,Hyderabad,Telangana,India
wheelocity,Semiurban Commerce,Chennai,124.5,Series A,"Lightspeed, Alteria Capital, Anicut Capital, Company’S Founder",2024,November,Ecommerce / Retail,Chennai,Tamil Nadu,India
the eplane,Electric Aircraft,Chennai,116.2,Series B,"Speciale Invest, Antares Ventures, Micelio Mobility, Naval Ravikant, Java Capital, Others",2024,November,Artificial Intelligence,Chennai,Tamil Nadu,India
equal,Datasharing & Identity Verification,Hyderabad,83.0,Series A,"Prosus Ventures, Tomales Bay Capital, Keshav Reddy",2024,November,Enterprise / SaaS,Hyderabad,Telangana,India
ennoventure,Protection & Authentication,Bangalore,73.87,Series A,"Tanglin Venture Partners, Fenice Investment Group, Safe Investors",2024,November,Others,Bangalore,Karnataka,India
ugaoo,Houseplants & Urban Gardening,Pune,47.0,Series A,"V3 Ventures, Dsg Consumer Partners, Rpg Ventures",2024,November,Others,Pune,Maharashtra,India
funstop games,Casual Gaming,Delhi,41.5,Series A,"360 One Asset, Infoedge Ventures",2024,November,Others,Delhi,Delhi,India
thesys,AI,Chennai,33.2,Seed,"Together Fund, 8Vc",2024,November,Artificial Intelligence,Chennai,Tamil Nadu,India
bitespeed,Aipowered Customer Os For Ecommerce,Bangalore,29.05,Pre-Series A,"Peak Xv Surge, Whiteboard Capital, Gaurav Munjal, Aakash Aunknownnd, Dhruv Vohra, Others",2024,November,Ecommerce / Retail,Bangalore,Karnataka,India
zeplyn,Wealth Management Software,New York Mumbai,24.9,Seed,"Leo Capital, Converge, Angels And Vc Funds",2024,November,FinTech,,,
connecty ai,Enterprise Ai,San Francisco,14.94,Pre-Seed,"Market One Capital, Notion Capital, Marcin Zukowski, Maciej Zawadzinski",2024,November,Enterprise / SaaS,San Francisco,California,USA
airbound,Drone Technology,Mumbai,14.11,Seed,"Lightspeed, Gradcapital, Angel Investors",2024,November,Enterprise / SaaS,Mumbai,Maharashtra,India
ivf,Techenabled Fertility,Gurgaon,10.29,Pre-Series A,Tomorrow Capital,2024,November,Enterprise / SaaS,Gurgaon,Haryana,India
designx,Shopfloor Hyperautomation,Noida,8.3,Pre-Series A,Piper Serica Angel Fund,2024,November,Mobility / Automotive / EV,Noida,Uttar Pradesh,India
pikndel,Sameday Delivery,Delhi,8.3,Seed,"Vc Grid, D2C Insider Angels, Breathe Capital, Venture Catalysts, Industry Leaders, Family Offices",2024,November,HealthTech,Delhi,Delhi,India
stampmyvisa,B2B Visa,Mumbai,6.6,Pre-Series A,Unicorn India Ventures,2024,November,Enterprise / SaaS,Mumbai,Maharashtra,India
legalkart,Legal Consultation,Gurgaon,6.5,Unspecified Round,"Iim Udaipur Incubation Centre, Aevitas Capital, Shift Alt Cap, Others",2024,November,LegalTech,Gurgaon,Haryana,India
creanovation,Admissions As A,Gurgaon,5.0,Unspecified Round,Physis Capital,2024,November,Others,Gurgaon,Haryana,India
easy home finance,Home Financing,Mumbai,290.5,Other,"Ranjan Pai’S Family Office, Claypond Capital, Sumitomo Mitsui Banking Corporation’S Asia Rising Fund",2024,November,FinTech,Mumbai,Maharashtra,India
haldiram bhujiawala,Snacks,Kolkata,235.0,Other,"Bharat Value Fund (Bvf), Maunknownged By Pantomath Capital Maunknowngement",2024,November,FoodTech,Kolkata,West Bengal,India
evoluteiq,Technology,Bengaluru Regstd Indian Office,166.0,Debt + Equity,"Round2 Capital, Nordea Growth Fund, Dcap Select, Ph Ventures",2024,November,Enterprise / SaaS,,,
modifi,B2B Bnpl,Delhi,124.5,Unspecified Round,"Smbc Asia Rising Fund, Maersk, Intesa Sanpaolo, Heliad",2024,November,Enterprise / SaaS,Delhi,Delhi,India
boldfit,D2C Fitness & Supplements,Bangalore,110.0,Other,Bessemer Venture Partners,2024,November,Ecommerce / Retail,Bangalore,Karnataka,India
cynlr,Deeptech Robotics,Bangalore,83.0,Series A,"Pavestone, Athera Venture Partners, Speciale Invest, Infoedge (Redstart), And Other Investors",2024,November,Enterprise / SaaS,Bangalore,Karnataka,India
galaxeye,Spacetech,Bangalore,83.0,Other,Mounttech Growth Fund,2024,November,Enterprise / SaaS,Bangalore,Karnataka,India
marut dronetech,Dronetech,Hyderabad,51.46,Series A,Lok Capital,2024,November,Enterprise / SaaS,Hyderabad,Telangana,India
hala mobility,Evasaservice,Telangana,51.0,Pre-Series A,"Srikanth Reddy, Snehith Reddy, Phani Ramineni, Rohan Bajaj Syndicate, Sarthy Angels, Bestvantage, Hnis",2024,November,Mobility / Automotive / EV,,Telangana,India
the hosteller,Backpacker Hostel,Mumbai,48.0,Other,"V3 Ventures, Blacksoil (Debt)",2024,November,Travel / Hospitality,Mumbai,Maharashtra,India
castnx,Deeptech In Power Electronics,Dewas,23.22,Other,"Arpit Khandelwal, Plutus Investments And Holding Private Limited",2024,November,Enterprise / SaaS,Dewas,Madhya Pradesh,India
pulse,SaaS,Chennai,11.62,Seed,"Endiya Partners, Zluri Founders, Yellow.Ai Founders, Other Angel Investors",2024,November,Enterprise / SaaS,Chennai,Tamil Nadu,India
induz,Data Security,Hyderabad,11.62,Unspecified Round,"Yournest Venture Capital, Sanchiconnect",2024,November,Enterprise / SaaS,Hyderabad,Telangana,India
innovartan learning,Edtech,Noida,5.0,Pre-Seed,"Gokul Rajaram, Amit Singhal",2024,November,Enterprise / SaaS,Noida,Uttar Pradesh,India
mooev,Electric Vehicles,Chennai,4.0,Seed,"Bizdateup, Inflection Point Ventures, Spectrum Impact (Aarti Industries Family Office)",2024,November,Mobility / Automotive / EV,Chennai,Tamil Nadu,India
heliware,3D Geospatial,Kolkata,4.0,Pre-Series A,"Jito Incubation And Innovation Foundation (Jiif), Tie, Vatvistaar Ventures",2024,November,DeepTech / Hardware,Kolkata,West Bengal,India
sushain wellness,Healthcare,Lucknow,2.0,Seed,Prajay Advisors Llp,2024,November,HealthTech,Lucknow,Uttar Pradesh,India
viraa care,Healthcare,Chandigarh,2.0,Pre-Seed,European Angel Investors,2024,November,HealthTech,Chandigarh,Chandigarh,India
finova capital,Fintech,Jaipur,1120.5,Series E,"Avataar Venture Partners﻿, Sofiunknown﻿, Madison India Capital﻿, And Norwest Venture Partners",2024,October,FinTech,Jaipur,Rajasthan,India
vridhi home finance,Housing Finance,Bangalore,310.0,Series B,Norwest Venture Partners,2024,October,FinTech,Bangalore,Karnataka,India
udaan,B2B,Bangalore,300.0,Debt,"Lighthouse Canton, Stride Ventures And Others",2024,October,Enterprise / SaaS,Bangalore,Karnataka,India
zinc,Edtech,Bangalore,211.65,Seed,"Nexus Venture Partners, Quounknown Capital, Edbi, Global Ventures, And Saison Capital",2024,October,Enterprise / SaaS,Bangalore,Karnataka,India
country delight,D2C,Gurgaon,200.0,Debt,Alteria Capital,2024,October,Ecommerce / Retail,Gurgaon,Haryana,India
aryaag,Grain Commerce,Noida,164.34,Other,Us Interunknowntiounknownl Development Fiunknownnce Corporation,2024,October,Ecommerce / Retail,Noida,Uttar Pradesh,India
arya,Gps Renewables,Bangalore,100.0,Other,"Incred, Spark Capital",2024,October,Climate / CleanTech / Energy,Bangalore,Karnataka,India
avaana capital,Climate & Sustainability,Mumbai,1120.5,Other,Fundraising For Climate And Sustaiunknownbility Tech Startups,2024,October,Enterprise / SaaS,Mumbai,Maharashtra,India
upgrad,Edtech,Mumbai,498.0,Other,Temasek,2024,October,Enterprise / SaaS,Mumbai,Maharashtra,India
neysa,Ai Cloud,Mumbai,249.0,Series A,"Nttvc, Z47 (Formerly Matrix Partners India), Nexus Venture Partners",2024,October,Artificial Intelligence,Mumbai,Maharashtra,India
even healthcare,Managed Care,Bangalore,249.0,Series A,"Khosla Ventures, Founders Fund, 8Vc, Lachy Groom",2024,October,Others,Bangalore,Karnataka,India
stellapps,Dairy,Bangalore,215.8,Debt + Equity,"Blume Ventures, Omnivore, Bill, Melinda Gates Foundation, Idh Farmfit Fund, 500 Global, Blue Ashva Capital, Miledeep Capital",2024,October,Artificial Intelligence,Bangalore,Karnataka,India
healthify,Healthcare,Bangalore,166.0,Unspecified Round,"Khosla Ventures, Leapfrog Investments",2024,October,HealthTech,Bangalore,Karnataka,India
zouk,D2C Bags & Luggage,Mumbai,83.0,Series B,"Aavishkaar Group, Stellaris Venture Partners, Titan Capital, Sharrp Ventures, Jj Family",2024,October,Ecommerce / Retail,Mumbai,Maharashtra,India
oloid,Workplace,Bangalore,49.8,Series A,"Yaletown Partners, Exposition Ventures, George Kaiser Family Foundation, Carya Ventures",2024,October,Others,Bangalore,Karnataka,India
yu,Consumer Food,Gurgaon,55.0,Series B,"Ashish Kacholia, Asian Promoter Group",2024,October,FoodTech,Gurgaon,Haryana,India
globalbees brands,Ecommerce,Delhi,4.5,Other,Dyunknownmic It Solution Private Limited (Subsidiary Of Brainbees Solutions),2024,October,Ecommerce / Retail,Delhi,Delhi,India
wishnew wellness,Wellness,Delhi,4.5,Angel,"Ankit Khunknowndelwal, Gyanesh Sharma (Dotpe), Abhijeet Raunknown, Ashish Singh",2024,October,Others,Delhi,Delhi,India
ng earsafe,Healthcare,Rajkot,1.06,Seed,Inflection Point Ventures,2024,October,HealthTech,Rajkot,Gujarat,India
purplle,Beauty & Personal Care,Mumbai,1500.0,Series F,"Abu Dhabi Investment Authority (Adia), Premji Invest, Blume Ventures",2024,October,Consumer Goods / D2C,Mumbai,Maharashtra,India
eruditus,Edtech,Singapore,1245.0,Series F,Tpg’S The Rise Fund,2024,October,Enterprise / SaaS,,,Singapore
neuron7ai,Cloudbased Intelligence,United States,365.2,Series B,Smith Point Capital,2024,October,Others,,,USA
haber nets,AI,Mumbai,315.4,Unspecified Round,"Creaegis, Accel, Beenext Capital",2024,October,Artificial Intelligence,Mumbai,Maharashtra,India
everstage,Sales Performance Management Software,Chennai,249.0,Series B,"Eight Roads Ventures, Elevation Capital, 3One4 Capital",2024,October,Enterprise / SaaS,Chennai,Tamil Nadu,India
giva,Jewelry,Bangalore,255.0,Series B,"Premji Invest, Epiq Capital, Edelweiss Discover Fund",2024,October,Others,Bangalore,Karnataka,India
primus senior living,Elder Care,Bangalore,166.0,Seed,"General Catalyst, Nikhil Kamath (Zerodha), Gruhas",2024,October,Others,Bangalore,Karnataka,India
sistemabio,Biogastech,Pune,124.5,Unspecified Round,"Electrifi, Chroma Impact Investment, Kawisafi Ventures, Axa Im Alts",2024,October,Enterprise / SaaS,Pune,Maharashtra,India
spry therapeutics,SaaS,Mumbai,124.5,Unspecified Round,"Flourish Ventures, Together Fund, Fidelity’S Eight Roads, Funknownprime Capital",2024,October,Enterprise / SaaS,Mumbai,Maharashtra,India
anicut capital,Alternative Asset Management,Chennai,91.3,Other,Gift City Structure,2024,October,FinTech,Chennai,Tamil Nadu,India
troo good,Milletbased Snacks,Hyderabad,74.7,Unspecified Round,"Puro Wellness, Oaks Asset Maunknowngement, V Ocean Investments",2024,October,FoodTech,Hyderabad,Telangana,India
wrogn,Mens Apparel,Bangalore,75.0,Unspecified Round,Aditya Birla Digital Fashion Ventures Ltd (Abdfvl),2024,October,Consumer Goods / D2C,Bangalore,Karnataka,India
slice,Fintech,Bangalore,71.7,Unspecified Round,"Rajan Bajaj (Founder, Ceo)",2024,October,FinTech,Bangalore,Karnataka,India
simplismart,Technology,Bangalore,58.1,Series A,"Accel, Shastra Vc, Titan Capital, Akshay Kothari (Notion Counknownfounder)",2024,October,Enterprise / SaaS,Bangalore,Karnataka,India
xdlinx space labs,Spacetech,Hyderabad,58.1,Seed,"Ashish Kacholia (Lucky Investments), E2Mc, Maunknown Ventures",2024,October,Enterprise / SaaS,Hyderabad,Telangana,India
dezy,Healthcare,Bangalore,49.8,Other,"Alphawave, Chiratae Ventures, Peak Xv’S Surge",2024,October,HealthTech,Bangalore,Karnataka,India
suraasa,Edtech,Gurgaon,49.8,Unspecified Round,"Reach Capital, Ets Capital, Nb Ventures, Tsm Ventures, Trtl Ventures",2024,October,Enterprise / SaaS,Gurgaon,Haryana,India
budybot,AI,India,34.86,Unspecified Round,Rtp Global,2024,October,Artificial Intelligence,,,India
wokelo,Due Diligence,Delhi,33.2,Unspecified Round,Not Disclosed,2024,October,Others,Delhi,Delhi,India
agnit semiconductors,Semiconductors,Bangalore,29.05,Seed,"3One4 Capital, Zephyr Peacock",2024,October,DeepTech / Hardware,Bangalore,Karnataka,India
yoho,Footwear,Delhi,27.0,Unspecified Round,Gulf Islamic Investments (Gii),2024,October,Consumer Goods / D2C,Delhi,Delhi,India
red fort capital,Fintech,Mumbai,22.6,Debt,Debt Round,2024,October,FinTech,Mumbai,Maharashtra,India
perceptyne,Deep Ai & Robotics,Telangana,24.9,Seed,"Endiya Partners, Yali Capital, Whiteboard Capital",2024,October,Artificial Intelligence,,Telangana,India
frammer ai,Video Content Creation,Delhi,16.6,Unspecified Round,Lumikai,2024,October,Media / Entertainment / Gaming,Delhi,Delhi,India
febiai,Accounting & Tax Management Saas,Gurgaon,16.6,Pre-Series A,"Lumis Partners, Virender Raunknown, Amit Chaudhary (Lenskart), Rohan Bhargava (Cashkaro)",2024,October,Enterprise / SaaS,Gurgaon,Haryana,India
nayan tech,AI,Delhi,16.6,Pre-Series A,"Beenext, We Founder Circle, Venture Catalysts, Lets Venture, Faad Capital",2024,October,Artificial Intelligence,Delhi,Delhi,India
data science wizards,AI,Mumbai,11.62,Seed,Not Disclosed,2024,October,Artificial Intelligence,Mumbai,Maharashtra,India
sorich,Pharmaceutical Packaging,Delhi,8.3,IPO,Bizdateup,2024,October,HealthTech,Delhi,Delhi,India
elixia robotics,Logistics,Mumbai,8.3,Pre-Series A,Jito Incubation And Innovation Foundation (Jiif),2024,October,Logistics / Supply Chain,Mumbai,Maharashtra,India
tablesprint,Nocode Builder,Pune,8.3,Seed,"Angel Investors (Ankit Bhati, Ajeet Khuraunknown, Etc.)",2024,October,Others,Pune,Maharashtra,India
holiday tribe,Traveltech,Delhi,5.4,Seed,"Powerhouse Ventures, Gsf, Dinesh Agarwal (Indiamart), Murugavel Jaunknownkiraman (Bharatmatrimony)",2024,October,Enterprise / SaaS,Delhi,Delhi,India
lifechart,Gut Wellness,Gurgaon,5.4,Unspecified Round,"Prajay Advisors Llp, Angel Investors",2024,October,Others,Gurgaon,Haryana,India
irasus,Energy Analytics,Gurgaon,4.0,Seed,"Rohit Rajput, Srikar Reddy (Ian Angel), Dfan, Other Angel Investors",2024,October,Climate / CleanTech / Energy,Gurgaon,Haryana,India
flutrr,Vernacular Dating,Kolkata,3.75,Other,Zee Media,2024,October,Others,Kolkata,West Bengal,India
social hardware,Assistive Devices,Bangalore,3.2,Seed,"Inflection Point Ventures, Ivyleague Ventures, Soonicorn Ventures",2024,October,Mobility / Automotive / EV,Bangalore,Karnataka,India
alchemyst ai,Genai Saas,Mumbai,3.2,Pre-Seed,"Inflection Point Ventures, 100Unicorns, Early Seed Ventures",2024,October,Enterprise / SaaS,Mumbai,Maharashtra,India
beaute secrets,Beauty Tools,Gurgaon,1.6,Other,Velocity (Cash Flow Fiunknownncing Platform),2024,October,Consumer Goods / D2C,Gurgaon,Haryana,India
millenium babycares,Hygiene Care,Indore,120.0,Other,Bharat Value Fund,2024,October,Others,Indore,Madhya Pradesh,India
economy process,Vacuum Systems And Process Equipment,Mumbai,100.0,Series A,Stakeboat Capital Fund Ii,2024,October,Others,Mumbai,Maharashtra,India
urja mobility,Ev Battery Leasing,Delhi,100.0,Pre-Series A,Hindon Mercantil And Mufin Green Fiunknownnce,2024,October,Mobility / Automotive / EV,Delhi,Delhi,India
bio prime,Agritech,Pune,49.8,Series A,"Edaphon, Omnivore, Inflexor",2024,October,AgriTech,Pune,Maharashtra,India
swara fincare,Fintech,Delhi,19.4,Series A,Serica Angel Fund And Uc Impower,2024,October,FinTech,Delhi,Delhi,India
figr,Product Design,Bangalore,18.68,Series A,"Antler, Golden Sparrow, Individual Investors, And Kalaari Capital",2024,October,Others,Bangalore,Karnataka,India
zenstatement,Finance Automation And Cash Flow Management,Bangalore,13.45,Other,"3One4 Capital, Boldcap Vc, Atrium Angels",2024,October,FinTech,Bangalore,Karnataka,India
sports for life,Sports Academies,Bangalore,9.13,Seed,"Roots Ventures, Ml Tondon And Sons Huf And Blume Ventures",2024,October,Media / Entertainment / Gaming,Bangalore,Karnataka,India
datazip,Data Engineering,Bangalore,8.3,Seed,Equirus Innovatex Fund,2024,October,Analytics / Big Data,Bangalore,Karnataka,India
onlygood ai,Other,Unknown,4.0,Seed,"Goel Group, Iit Madras Incubation Cell (Iitmic), And Daimler India Commercial Vehicles (Dicv)",2024,October,Others,,,
mstack chemicals,Chemical Manufacturing,Houston,332.0,Series A,Lightspeed And Alphawave,2024,October,Others,Houston,Texas,USA
waycool,Agriculture Supply,Chennai,100.0,Debt,Grand Anicut,2024,October,AgriTech,Chennai,Tamil Nadu,India
basic home loan,Mortgage Distribution,Gurgaon,87.98,Series B,"Bertelsmann India Investments, Ceunknownventures, Gruhas, 9 Unicorns, And Others",2024,October,Others,Gurgaon,Haryana,India
lissun,Healthcare,Gurgaon,20.75,Pre-Series A,Rpsg Capital Ventures,2024,October,HealthTech,Gurgaon,Haryana,India
zintlr,SaaS,Bangalore,8.3,Seed,Om Jain,2024,October,Enterprise / SaaS,Bangalore,Karnataka,India
conscious chemist,Beauty Commerce,Delhi,11.62,Venture,Atomic Capital,2024,October,Ecommerce / Retail,Delhi,Delhi,India
aikenist,Healthcare,Bangalore,11.62,Seed,Venture Catalysts,2024,October,HealthTech,Bangalore,Karnataka,India
fermionic design,Semiconductor,Bangalore,49.8,Seed,Ashish Kacholia,2024,October,DeepTech / Hardware,Bangalore,Karnataka,India
ig drones,Dronetech,Delhi,8.3,Seed,India Accelerator,2024,October,Enterprise / SaaS,Delhi,Delhi,India
troo good,Fmcg,Hyderabad,71.38,Equity,Oaks Asset Maunknowngement,2024,October,Consumer Goods / D2C,Hyderabad,Telangana,India
clayco cosmetics,Beauty Commerce,Mumbai,16.6,Series A,Unilever Ventures,2024,October,Ecommerce / Retail,Mumbai,Maharashtra,India
secret alchemist,Wellness,Mumbai,41.5,Seed,Samantha Prabhu,2024,October,Others,Mumbai,Maharashtra,India
str8bat,Sportstech,Bangalore,29.05,Series A,Exfinity Venture Partners,2024,October,Enterprise / SaaS,Bangalore,Karnataka,India
oncare,Healthcare,Gurgaon,8.3,Seed,Huddle Ventures,2024,October,HealthTech,Gurgaon,Haryana,India
furnishka,Manufacturing,Bangalore,26.56,Pre-Series A,Indiaquotient,2024,October,Others,Bangalore,Karnataka,India
zevo,Ev,Delhi,16.6,Pre-Series A,Bizdateup,2024,October,Mobility / Automotive / EV,Delhi,Delhi,India
ai health highway,Healthcare,Bangalore,8.3,Seed,Turbostart,2024,October,HealthTech,Bangalore,Karnataka,India
true balance,Lendingtech,Gurgaon,19.92,Debt,Venturesoul Partners,2024,October,FinTech,Gurgaon,Haryana,India
digilogic systems,Aerospace,Hyderabad,19.92,Other,Negen Capital,2024,October,SpaceTech,Hyderabad,Telangana,India
curefoods raises,Cloud Kitchen,Bangalore,79.68,Unknown,Binny And Jitender Kumar Bansal,2024,September,FoodTech,Bangalore,Karnataka,India
qureai,Healthcare,Mumbai,539.5,Series D,Lightspeed And 360One Asset,2024,September,HealthTech,Mumbai,Maharashtra,India
carefi,Fintech,Bangalore,8.0,Debt,Wint Wealth And Caspian,2024,September,FinTech,Bangalore,Karnataka,India
nurix ai,AI,Bangalore,228.25,Series A,"General Catalyst﻿, Accel, And Meraki Labs",2024,September,Artificial Intelligence,Bangalore,Karnataka,India
atlys,Visa Processing,Mumbai,166.0,Series B,Peak Xv Partners And Elevation Capital,2024,September,Others,Mumbai,Maharashtra,India
aarnaml,AI,Bangalore,55.61,Unknown,Exfinity Venture Partners,2024,September,Artificial Intelligence,Bangalore,Karnataka,India
two point o capital,Financing,Mumbai,52.29,Seed,Omnivore,2024,September,FinTech,Mumbai,Maharashtra,India
ahammune biosciences,Biotech,Pune,41.5,Series A,Pi Ventures,2024,September,Enterprise / SaaS,Pune,Maharashtra,India
sharang shakti,Robotech,,5.81,Pre-Seed,Aum Ventures And Venture Highway,2024,September,Enterprise / SaaS,,,
kapiva,Ayurvedic,,83.0,Series C,Orbimed Asia,2024,September,Others,,,
atlys,SaaS,Mumbai,166.0,Series B,Peak Xv Partners And Elevation Capital,2024,September,Enterprise / SaaS,Mumbai,Maharashtra,India
tuco intelligent,Personal Care,,16.6,Seed,Fireside Ventures And Whiteboard Capital,2024,September,Consumer Goods / D2C,,,
pepsales,SaaS,,9.13,Pre-Seed,Chiratae Ventures,2024,September,Enterprise / SaaS,,,
coroverai,Dairytech,,33.2,Series A,Venture Catalysts,2024,September,Enterprise / SaaS,,,
oright,Legaltech,,8.3,Seed,Aeravti Ventures,2024,September,Enterprise / SaaS,,,
jhanaai,Hrtech,,13.28,Seed,Girish Mathrubootham,2024,September,Enterprise / SaaS,,,
atomicwork,Biotech,Bangalore,24.9,Seed,"Strom Ventures, Blume Ventures And Neon Fund",2024,September,Enterprise / SaaS,Bangalore,Karnataka,India
flent,Proptech,,6.64,Pre-Seed,Weh Ventures,2024,September,Enterprise / SaaS,,,
adonmo,Adtech,,207.5,Other,Siunknownr Mas And Rigel Capital,2024,September,Enterprise / SaaS,,,
the health factory,Food,Mumbai,29.05,Seed,Peak Xv Partner’S Accelerator Program Surge,2024,September,FoodTech,Mumbai,Maharashtra,India
homelane,SaaS,Bangalore,224.1,Other,Hero Enterprise,2024,September,Enterprise / SaaS,Bangalore,Karnataka,India
giva,Fashiontech,,99.6,Series B,Premji Invest,2024,September,Enterprise / SaaS,,,
uppercase,Ecommerce,Bangalore,74.7,Series B,Accel,2024,September,Ecommerce / Retail,Bangalore,Karnataka,India
vedantu,Edutech,Bangalore,19.09,Equity,Stride Ventures,2024,September,EdTech,Bangalore,Karnataka,India
first coffee,Food,,9.96,Seed,Beenext,2024,September,FoodTech,,,
whatfix,SaaS,Unknown,9.96,Other,"Sweet Nectar Investments (Warburg Pincus), SoftBank",2024,September,Enterprise / SaaS,,,
m2p fintech,Api Infrastructure,Unknown,417.5,Series C,Taj Investment Holdings,2024,September,Others,,,
onsurity,Healthcare,Unknown,373.5,Series B,"Creaegis, Interunknowntiounknownl Fiunknownnce Corporation, Quounknown Capital, Nexus Venture Partners",2024,September,HealthTech,,,
redcliffe labs,Diagnostics Healthcare,Unknown,348.6,Series C,"Ifu, Leapfrog, Healthquad, Spark Growth Ventures",2024,September,HealthTech,,,
everest fleet,Mobility,Unknown,251.7,Series C,Uber,2024,September,Enterprise / SaaS,,,
aye finance,Microlending,Unknown,250.0,Series G,Abc Impact,2024,September,FinTech,,,
way2news,Hyperlocal News,Unknown,116.2,Other,"Westbridge Capital, Sashi Reddi",2024,September,Others,,,
kaleidofin,Fintech,Unknown,114.54,Other,"Rabo Partnerships B.V., Michael, Susan Dell Foundation, Oikocredit, Omidyar Network",2024,September,FinTech,,,
dailyobjects,D2C Accessories,Unknown,86.0,Unspecified Round,360 One Ventures,2024,September,Ecommerce / Retail,,,
e6data,Data Infrastructure,Unknown,83.0,Other,"Accel, Beenext",2024,September,Analytics / Big Data,,,
vahanai,Blue Collar Recruitment,Unknown,83.0,Series B,"Khosla Ventures, Y Combiunknowntor, Gaingels, Vijay Shekhar Sharma",2024,September,Enterprise / SaaS,,,
nowpurchase,SaaS,Unknown,49.8,Other,"Info Edge Ventures, Orios Ventures, 100 Unicorns, Vc Grid",2024,September,Enterprise / SaaS,,,
grayquest,Fintech,Unknown,53.0,Series B,"Pravega Fund, Iifl Fintech Fund",2024,September,FinTech,,,
schmooze,Dating,Unknown,33.2,Other,"Elevation Capital, Ultrahuman Founders, The Souled Store Founders, Paytm Founders",2024,September,Others,,,
altiushub,Manufacturing Supply,Unknown,18.68,Seed,Endiya Partners,2024,September,Logistics / Supply Chain,,,
proxgy,Deeptech Smart Assistance,Unknown,18.26,Unspecified Round,"Manish Patel, Nikhil Kamath, Suniel Shetty, Kuldeep Mathur",2024,September,Enterprise / SaaS,,,
bluecopa,Finops Automation,Unknown,14.94,Pre-Series A,"Blume Ventures, Dallas Venture Capital, Venture Catalysts",2024,September,FinTech,,,
newmi care,Womens Health & Wellness,Unknown,12.45,Seed,"Sprout Venture Partners, Family Office, Letsventure, Sarcha Advisors, Key Ventures",2024,September,HealthTech,,,
techjockey,Software,Unknown,7.4,Acquisition,Cricketer Rishabh Pant,2024,September,Enterprise / SaaS,,,
bookmybai,Domestic Help,Unknown,2.0,Pre-Series A,Inflection Point Ventures,2024,September,Others,,,
billion hearts software,Technology,Unknown,2.08,Angel,"Founders Of Redbus, Ola, Inmobi, Myntra",2024,September,Enterprise / SaaS,,,
kaatil,Hot Condiments,Unknown,2.075,Seed,"Prajay Advisors, Shivaan Ghai, Romil Ratra",2024,September,Others,,,
physicswallah,Edtech,Unknown,1743.0,Series B,"Hornbill Capital, Westbridge Capital, And Lightspeed Venture Partners",2024,September,Enterprise / SaaS,,,
big bang boom,Defence,Unknown,250.0,Other,"Mumbai Angels Network, Vyom Family Office, Sbi, Asquare Investing, And Others",2024,September,Cybersecurity,,,
elivaas,Villa And Apartment Management,Unknown,41.5,Series A,"3One4 Capital, Peak Xv'S Surge, And Other Angel Investors",2024,September,Others,,,
drip capital,Fintech,Palo Alto,937.9,Other,"Gmo Payment Gateway, Smbc",2024,September,FinTech,Palo Alto,California,USA
inmobi,Mobile Advertising Software,Bangalore,830.0,Debt,Mars Growth Capital (Mufg And Liquidity Group),2024,September,Enterprise / SaaS,Bangalore,Karnataka,India
flexiloans,Fintech,Mumbai,290.0,Series C,"Accion, Nuveen, Fundamentum, Maj Invest",2024,September,FinTech,Mumbai,Maharashtra,India
centricity,Fintech,Gurgaon,166.0,Seed,"Lightspeed, Paramark Vc, Burman Family Office, Ms Dhoni Family Office",2024,September,FinTech,Gurgaon,Haryana,India
appsforbharat,Devotional,Bangalore,149.4,Series B,"Fundamentum, Susquehanunknown Asia Vc, Elevation Capital, Peak Xv, Mirae Asset Vc",2024,September,Mobility / Automotive / EV,Bangalore,Karnataka,India
nestasia,Home Decor D2C,Kolkata,69.31,Unspecified Round,"Susquehanunknown Asia Vc, Stellaris Venture Partners, Angels",2024,September,Ecommerce / Retail,Kolkata,West Bengal,India
clean electric,Energy Storage,Pune,49.8,Series A,"Info Edge Ventures, Pi Ventures, Kalaari Capital, Lok Capital",2024,September,Climate / CleanTech / Energy,Pune,Maharashtra,India
dharaksha ecosolutions,Biotech,Delhi,24.8,Seed,Avaaunknown Capital,2024,September,Enterprise / SaaS,Delhi,Delhi,India
mitra,Fmcg D2C,Mumbai,11.0,Pre-Series A,"Bestvantage Investments, Dubaiunknownbased Family Office",2024,September,Ecommerce / Retail,Mumbai,Maharashtra,India
exposome,Cleantech,Mumbai,10.0,Pre-Series A,"Colossa Ventures, 3I Partners, Bhukhanvala Holdings, Excel Industries, Spectrum Impact",2024,September,Enterprise / SaaS,Mumbai,Maharashtra,India
zivy,AI,Bangalore,9.96,Pre-Seed,"Blume Ventures, Paradigm Shift Capital, Iseed, Everywhere Ventures",2024,September,Artificial Intelligence,Bangalore,Karnataka,India
gameeon,Gaming Game Development,Mumbai,8.3,Unspecified Round,"Sucseed Indovation Fund, Ice Vc, Ian, Cd Equifinance, Nexus Global Opportunities Fund",2024,September,Mobility / Automotive / EV,Mumbai,Maharashtra,India
wundrsight,Digital Therapeutics,Bangalore,3.32,Seed,"Inflection Point Ventures, Social Alpha",2024,September,Enterprise / SaaS,Bangalore,Karnataka,India
supersquad,Creator Monetization,Mumbai,2.1,Unspecified Round,"Wldd, Nitin Rajput, Jivraj Singh Sachar",2024,September,Others,Mumbai,Maharashtra,India
trisu,Jewelry D2C,Jaipur,2.1,Pre-Seed,"All In Capital, Jk Tyres, Amaanta Group, Angel Investors",2024,September,Ecommerce / Retail,Jaipur,Rajasthan,India
omnivore,Agritech,Mumbai,41.5,Unspecified Round,Proparco,2024,September,AgriTech,Mumbai,Maharashtra,India
futwork,Callcenter,Mumbai,20.9,Series A,"Michael, Susan Dell Foundation, Artha Ventures, Simile Capital",2024,September,Others,Mumbai,Maharashtra,India
track3d,AI,Nan,35.69,Seed,"Endiya Partners, Shadow Ventures, Monta Vista Capital",2024,September,Artificial Intelligence,,,
crackle,Adtech,Delhi,14.11,Pre-Seed,We Founder Circle And Ac Ventures,2024,September,Enterprise / SaaS,Delhi,Delhi,India
arnya real estate,Real Estate,Raipur,375.0,Debt,Unknown,2024,September,Real Estate / PropTech,Raipur,Chhattisgarh,India
transcell biologics,Biotech,Hyderabad,375.0,Unknown,Quantiphi And Ian Group,2024,September,Enterprise / SaaS,Hyderabad,Telangana,India
rapido,Biketaxi Aggregator,Bangalore,1660.0,Series E,"Westbridge Capital, Nexus Venture Partners, Think Investments, Invus Opportunities",2024,September,Mobility / Automotive / EV,Bangalore,Karnataka,India
blue tokai,Coffee And Bakery,Gurgaon,290.5,Series C,"Verlinvest, Anicut Capital, A91 Partners",2024,September,Others,Gurgaon,Haryana,India
clean electric,Energy Storage,Pune,48.5,Series A,"Info Edge, Pi Ventures, Kalaari Capital, Angel Investors",2024,September,Climate / CleanTech / Energy,Pune,Maharashtra,India
nutrabay,D2C Retail,Delhi,41.5,Series A,"Rpsg Capital Ventures, Kotak Alterunknownte Asset Maunknowngers",2024,September,Ecommerce / Retail,Delhi,Delhi,India
the hosteller,Backpacker Hostel,Mumbai,32.0,Series A,"V Cube Ventures, Letsventure Angel Fund, Angelist, Others",2024,September,Travel / Hospitality,Mumbai,Maharashtra,India
recommercex,Chemical Recycling,Noida,29.88,Seed,"Accel, Kae Capital",2024,September,Others,Noida,Uttar Pradesh,India
invest4edu,Edtech,Mumbai,24.9,Seed,Family Offices,2024,September,Enterprise / SaaS,Mumbai,Maharashtra,India
global care,Medical Tourism,Gurgaon,24.9,Series A,35North India Discovery Fund Unknown Ii,2024,September,HealthTech,Gurgaon,Haryana,India
bigendian semiconductors,Semiconductors,Bangalore,24.9,Unspecified Round,"Vertex Ventures Sea, India",2024,September,DeepTech / Hardware,Bangalore,Karnataka,India
trunativ,Nutrition,Mumbai,25.0,Unspecified Round,Rainmatter Capital,2024,September,FoodTech,Mumbai,Maharashtra,India
theater,Fashion,Chandigarh,12.45,Pre-Series A,"Prath Ventures, Existing Angel Investors",2024,September,Consumer Goods / D2C,Chandigarh,Chandigarh,India
spolto,Sportstech,Pune,8.3,Seed,"Andrew Johnston, Others",2024,September,Enterprise / SaaS,Pune,Maharashtra,India
valyx,B2B Financial Management,Bangalore,6.64,Pre-Seed,"Huddle Ventures, Waveform Ventures, Bharat Founders Fund, Propell Fund",2024,September,FinTech,Bangalore,Karnataka,India
boson whitewater,Water Recycling,Bangalore,10.0,Equity,Rainmatter,2024,September,Others,Bangalore,Karnataka,India
mytek innovations,Manufacturing,Mumbai,6.0,Debt,Unknown,2024,September,Others,Mumbai,Maharashtra,India
liaplus ai,Customer Support,Delhi,2.0,Seed,"Inflection Point Ventures, Chandigarh Angel Network, Growth91",2024,September,Others,Delhi,Delhi,India
recircle,Cleantech,Mumbai,2.0,Bridge,"Venture Catalysts, Mumbai Angels, Hnis",2024,September,Enterprise / SaaS,Mumbai,Maharashtra,India
sunsure energy,Renewable Energy,Haryana,226.0,Debt,Tata Capital,2024,September,Climate / CleanTech / Energy,,Haryana,India
plan b,D2C Kids Innerwear,Mumbai,226.0,Unspecified Round,Jito Incubation And Innovation Foundation,2024,September,Ecommerce / Retail,Mumbai,Maharashtra,India
zepto,Quick Commerce,Mumbai,2822.0,Other,"General Catalyst, Dragon Fund, Epiq Capital",2024,August,Ecommerce / Retail,Mumbai,Maharashtra,India
servify,Postsales,Mumbai,84.0,Series D,"Bajaj Holdings, Trifecta, Innoven Capital",2024,August,Others,Mumbai,Maharashtra,India
pilgrim,Beauty And Personal Care,Mumbai,75.0,Series B,"Fireside, Vertex Ventures",2024,August,Consumer Goods / D2C,Mumbai,Maharashtra,India
aroa venture partners,Investment Fund,Gurgaon,40.0,Other,"Sidbi, Up Government'S Fund",2024,August,FinTech,Gurgaon,Haryana,India
legends league cricket,Sports,Delhi,39.0,Equity,Brickwork,2024,August,Media / Entertainment / Gaming,Delhi,Delhi,India
houseeazy,Real Estate,Noida,33.5,Series A,"Chiratae Ventures, Veeunknown Jindal, Antler, Ia",2024,August,Real Estate / PropTech,Noida,Uttar Pradesh,India
loankuber,Fintech,Delhi,29.05,Other,"Trtl Vc, Inflection Point Ventures, And Others",2024,August,FinTech,Delhi,Delhi,India
ben gaws,Manufacturing,Delhi,24.9,Pre-Series A,"Physis Capital, Icmg, Inflection Point Ventures",2024,August,Others,Delhi,Delhi,India
miko,Robotics,Mumbai,20.5,Unspecified Round,Angel Investors,2024,August,DeepTech / Hardware,Mumbai,Maharashtra,India
cambrian bioworks,Biotechnology,Bangalore,12.04,Seed,"Irani Family Office, Vaibhav Hegde",2024,August,Enterprise / SaaS,Bangalore,Karnataka,India
profintech,Fintech,Hyderabad,11.62,Seed,"Family Offices, Hnis",2024,August,FinTech,Hyderabad,Telangana,India
sunfox,Healthcare,Dehradun,15.0,Pre-Series A,"Venture Catalysts, Others",2024,August,HealthTech,Dehradun,Uttarakhand,India
laiqa wellness,Femtech,Gurgaon,15.0,Seed,Ivycap Ventures,2024,August,HealthTech,Gurgaon,Haryana,India
the hive hostels,Hospitality,Mumbai,11.5,IPO,"Angel Investor, Sixth Sense Ventures, Others",2024,August,HealthTech,Mumbai,Maharashtra,India
serigen mediproducts,Biomedical Products,Pune,10.0,Unspecified Round,"Ian Alpha Fund, Colossa Ventures, Angels",2024,August,HealthTech,Pune,Maharashtra,India
acadru,Edtech,Gurgaon,4.15,Pre-Series A,"Aig Direct Llc, Others",2024,August,Enterprise / SaaS,Gurgaon,Haryana,India
oda class,Edtech,Bangalore,4.15,Series B,"Skywalker, Daituzi, Matrix Partners Chiunknown",2024,August,Enterprise / SaaS,Bangalore,Karnataka,India
medront,Technology,Mumbai,1.06,Pre-Seed,Inflection Point Ventures,2024,August,Enterprise / SaaS,Mumbai,Maharashtra,India
yubi,Fintech,Chennai,249.0,Equity,Gaurav Kumar,2024,August,FinTech,Chennai,Tamil Nadu,India
convin,AI,Bangalore,53.95,Unspecified Round,India Quotient,2024,August,Artificial Intelligence,Bangalore,Karnataka,India
plutos one,Digital For Banking Sector,Delhi,16.6,Seed,"Startupxseed, Genesia Ventures, Auxano Capital, Raghuvanshi Investment",2024,August,FinTech,Delhi,Delhi,India
agrim,B2B Agriinputs,Gurgaon,143.59,Series B,Asia Impact,2024,August,AgriTech,Gurgaon,Haryana,India
baazar style,Luxury Fashion,Kolkata,250.0,Unknown,Anchor Investors,2024,August,Consumer Goods / D2C,Kolkata,West Bengal,India
insurancepadosi,Fintech,Gurgaon,250.0,Pre-Seed,Antler,2024,August,FinTech,Gurgaon,Haryana,India
finarkein analytics,Data Analytics,Pune,39.42,Pre-Series A,Nexus Venture Partners,2024,August,Analytics / Big Data,Pune,Maharashtra,India
kreedo,Edtech,Bangalore,33.2,Series A,Heritas Capital,2024,August,Enterprise / SaaS,Bangalore,Karnataka,India
99 pancakes,Quick Restaurants,Mumbai,20.0,Series A,Family Office,2024,August,FoodTech,Mumbai,Maharashtra,India
deepmatrix,Deep,Bangalore,13.28,Unspecified Round,Yournest And Arali Ventures,2024,August,DeepTech / Hardware,Bangalore,Karnataka,India
hangyo,Food,Mangalore,207.5,Venture,Faering Capital,2024,August,FoodTech,Mangalore,Karnataka,India
livpure,Appliances,Gurgaon,208.0,Unspecified Round,"M, G Investments, Ncubate Capital Partners",2024,August,Others,Gurgaon,Haryana,India
even healthcare,Healthcare,Bangalore,169.0,Unspecified Round,Khosla Ventures,2024,August,HealthTech,Bangalore,Karnataka,India
axio,Online Lending,Bangalore,167.0,Other,Existing Investors,2024,August,FinTech,Bangalore,Karnataka,India
investorai,Equity Investment,London,80.0,Series A,"Ashish Kacholia, Lucky Investment Maunknowngers",2024,August,FinTech,London,,United Kingdom
flexiloans,Fintech,Mumbai,75.0,Other,Jm Fiunknownncial,2024,August,FinTech,Mumbai,Maharashtra,India
uppercase,Luggage,Bangalore,74.7,Unspecified Round,Accel,2024,August,Others,Bangalore,Karnataka,India
zoff,Spices,Raipur,40.0,Unspecified Round,Jm Fiunknownncial Private Equity,2024,August,Others,Raipur,Chhattisgarh,India
transbnk,Fintech,Delhi,33.2,Series A,"8I Ventures, Accion Venture Lab, Gmo Venture Partners, Ratio Ventures, Force Ventures, Family Offices, Angels",2024,August,FinTech,Delhi,Delhi,India
llumo ai,AI,Noida,8.3,Seed,"Senseai Ventures, India Quotient, Aumvc, Venture Catalyst, Iim Indore Alumni Angel Fund, Other Angel Investors",2024,August,Artificial Intelligence,Noida,Uttar Pradesh,India
dopplr,Virtual Tryon,Bangalore,8.3,Unspecified Round,"Cornerstone Ventures, U.Sunknownbased Bat Vc",2024,August,Others,Bangalore,Karnataka,India
revrag,B2B Sales,Bangalore,4.98,Pre-Seed,"Powerhouse Ventures, Viral Bajaria, Kuunknownl Shah, Deepak Anchala, Vetri Vellore, Other Angel Investors",2024,August,Enterprise / SaaS,Bangalore,Karnataka,India
nxtqube,Dronetech,Nashik,4.98,Seed,"Pontaq Vc, Aunknownnta Bizcon Llp, Rushikesh Bhandari, And Others",2024,August,Enterprise / SaaS,Nashik,Maharashtra,India
oyo,Hospitality,Gurgaon,1457.0,Series G,"Incred Wealth, Patient Capital, J, A Partners, Mankind Pharma Promoters' Family Office, Ask Fiunknownncial",2024,August,HealthTech,Gurgaon,Haryana,India
ather energy,Ev,Bangalore,600.0,Unspecified Round,Natiounknownl Investment And Infrastructure Fund (Niif),2024,August,Mobility / Automotive / EV,Bangalore,Karnataka,India
neo,Wealth And Asset Management,Mumbai,400.0,Series B,"Mufg Bank, Euclidean Capital Llc, Peak Xv Partners",2024,August,FinTech,Mumbai,Maharashtra,India
pakka,Compostable Packaging,Kanpur,244.7,Unspecified Round,Unknown,2024,August,Others,Kanpur,Uttar Pradesh,India
syfe,Fintech,Gurgaon,224.1,Unspecified Round,"Valar Ventures, Unbound, Two Uk Family Offices",2024,August,FinTech,Gurgaon,Haryana,India
vayana,Trade Finance,Pune,170.15,Unspecified Round,Smbc Asia Rising Fund,2024,August,FinTech,Pune,Maharashtra,India
fresh bus,Electric Intercity Bus,Hyderabad,87.5,Series A,"Maniv, Shell Ventures, Alteria Capital, Riverwalk Holdings",2024,August,Enterprise / SaaS,Hyderabad,Telangana,India
beco,Ecofriendly Products,Mumbai,83.0,Other,"Tanglin Venture Partners, Titan Capital Winners Fund, Manish Choksi, Rukam Capital, Synergy Capital",2024,August,Others,Mumbai,Maharashtra,India
innoviti,Payment Gateway,Bangalore,70.0,Series E,"Random Walk Solutions, Bessemer Venture Partners, Patni Family Office, Alumni Ventures",2024,August,Others,Bangalore,Karnataka,India
kazam,Emobility,Bangalore,66.4,Series A,"Vertex Ventures, Avaaunknown Capital, Alteria Capital",2024,August,Enterprise / SaaS,Bangalore,Karnataka,India
4basecare,Healthcare,Bangalore,49.8,Series A,Yali Capital,2024,August,HealthTech,Bangalore,Karnataka,India
skydo,Crossborder Payments,Bangalore,41.5,Equity,"Elevation Capital, Angel Investors",2024,August,FinTech,Bangalore,Karnataka,India
fashor,Ethnic Wear,Jaipur,41.5,Unspecified Round,Blume Ventures,2024,August,Others,Jaipur,Rajasthan,India
infinyteclub,Wealth Management,Bangalore,29.88,Unspecified Round,"Elevation Capital, Angel Investors",2024,August,FinTech,Bangalore,Karnataka,India
truva,Real Estate,Mumbai,24.9,Unspecified Round,"Stellaris Venture Partners, Angel Investors",2024,August,Real Estate / PropTech,Mumbai,Maharashtra,India
healthcred,B2B Healthcare Financing,Delhi,9.96,Seed,"Antler India, Trtl Vc, Devc, Iseedvc, Angel List India",2024,August,FinTech,Delhi,Delhi,India
eyerov,Marine Robotics,Kochi,10.0,Pre-Series A,Unicorn India Ventures,2024,August,DeepTech / Hardware,Kochi,Kerala,India
six sense mobility,Smart Mobility,Mumbai,6.0,Seed,Piper Serica Vc,2024,August,Enterprise / SaaS,Mumbai,Maharashtra,India
halden,Luxury Mens,Mumbai,5.0,Seed,Prajay Advisors,2024,August,Others,Mumbai,Maharashtra,India
miclient,AI,Gurgaon,3.9,Seed,"Ian Group, Anicut, Gsf, Rtaf, Keiretsu",2024,August,Artificial Intelligence,Gurgaon,Haryana,India
ziptrrip,Traveltech Saas,Mumbai,2.0,Pre-Seed,Angel Investors,2024,August,Enterprise / SaaS,Mumbai,Maharashtra,India
nuvoretail,Ecommerce,Delhi,2.9,Unspecified Round,Unknown,2024,August,Ecommerce / Retail,Delhi,Delhi,India
adukale,Fmcg,Bangalore,2.905,Unspecified Round,Nuventures,2024,August,Consumer Goods / D2C,Bangalore,Karnataka,India
35north ventures,Venture Capital,Mumbai,100.0,Unspecified Round,Unknown,2024,August,Enterprise / SaaS,Mumbai,Maharashtra,India
nuvoretail,Ecommerce,Delhi,2.9,Unknown,Unknown,2024,August,Ecommerce / Retail,Delhi,Delhi,India
genworks health,Healthcare,Bangalore,41.0,Unspecified Round,Evolvence India Fund,2024,August,HealthTech,Bangalore,Karnataka,India
oneiric11 gaming,Esports And Gaming,Chandigarh,8.3,Pre-Series A,"Ng Family Trust, Tac Holdings",2024,August,Media / Entertainment / Gaming,Chandigarh,Chandigarh,India
biofuelcircle,For Biomass And Biofuel,Pune,45.0,Unspecified Round,"Spectrum Impact, Angels, Promoters",2024,August,BioTech,Pune,Maharashtra,India
flexibees,Talent,Singapore,45.0,Pre-Series A,Inflection Point Ventures,2024,August,Others,,,Singapore
visit health,Healthcare,Usa,250.0,Other,"Docprime Technologies, Promoters And Employees",2024,August,HealthTech,,,USA
sharechat,Social Media,Bangalore,132.8,Debt,Singaporeunknownbased Edbi,2024,August,HealthTech,Bangalore,Karnataka,India
country delight,Dairy And Essentials,Gurgaon,70.0,Debt,Alteria Capital,2024,August,Artificial Intelligence,Gurgaon,Haryana,India
agrizy,Agritech,Bangalore,81.34,Series A,"Accion, Omnivore, Capria Ventures, Thai Wah Ventures, Ankur Capital",2024,August,AgriTech,Bangalore,Karnataka,India
scimplify,Speciality Chemicals,Bangalore,78.85,Series A,Omnivore And Bertelsmann,2024,August,Enterprise / SaaS,Bangalore,Karnataka,India
kindlifein,Beauty Wellness And Health,Delhi,66.4,Series A,"Jbunknowndooeun, Tk Fund, Mixi Global Investments, Kalaari Capital And Angel Investors",2024,August,HealthTech,Delhi,Delhi,India
bluebinaries engineering and,Engineering,Chennai,60.0,Debt + Equity,Anicut Capital,2024,August,Others,Chennai,Tamil Nadu,India
punch,Stock Broking,Mumbai,58.1,Seed,"Stellaris Venture Partners, Susquehanunknown Asia Vc, Prime Venture Partners, Innoven Capital",2024,August,Others,Mumbai,Maharashtra,India
metadomeai,Xr,Troy,53.95,Series A,"Siaunknown Capital, Chiratae Ventures, Alteria Capital, 3Tounknown1 Capital, Manish Choksi’S Family Office",2024,August,Others,Troy,Michigan,USA
ethrealx,Healthcare,Bangalore,41.5,Seed,"Yournest, Big Global Investments Jsc, Bluehill Capital, Campus Fund, Golden Sparrow Ventures",2024,August,HealthTech,Bangalore,Karnataka,India
sigtuple medtech,Medtech,Bangalore,33.0,Series C,Sidbi Venture Capital,2024,August,HealthTech,Bangalore,Karnataka,India
aukera,Labgrown Jewellery,Bangalore,26.7,Series A,Fireside Ventures,2024,August,Others,Bangalore,Karnataka,India
juleo,Dating,Delhi,20.75,Unspecified Round,"Ramakant Sharma, Kuunknownl Shah, Ruchi Deepak, Harsh Jain, Lalit Keshre",2024,August,Others,Delhi,Delhi,India
neuron energy,Ev Batteries,Mumbai,20.0,Series A,"Chounknown Family, Capri Global Family Office",2024,August,Mobility / Automotive / EV,Mumbai,Maharashtra,India
finqy,Fintech,Mumbai,16.6,Unspecified Round,"Angel Bay India Accelerator, Family Offices, Private Investors",2024,August,FinTech,Mumbai,Maharashtra,India
hyperbots,AI,Dover,16.6,Seed,"Kalaari Capital, Sunicon Ventures, Athera Venture Partners",2024,August,Artificial Intelligence,Dover,Delaware,USA
burma burma,Vegan Restaurant,Mumbai,16.6,Equity,Several Family Offices,2024,August,FoodTech,Mumbai,Maharashtra,India
karma primary healthcare,Healthcare,Udaipur,11.0,Series A,"Ubs Optimus Foundation, 1Crowd, Others",2024,August,HealthTech,Udaipur,Rajasthan,India
bebe burp,Baby Food,Surat,8.0,Pre-Series A,Gruhas Collective Consumer Fund (Gccf),2024,August,FoodTech,Surat,Gujarat,India
cellivate,Biotech,Singapore,8.3,Seed,"Antler, Venture Catalysts, Hatcher+, We Founder Circle",2024,August,Enterprise / SaaS,,,Singapore
curryit,Food,Delhi,4.5,Seed,"Rk Family Trust, Tangent Advisors, Freeflow Ventures",2024,August,FoodTech,Delhi,Delhi,India
ippopay,Fintech,Chennai,4.5,Unspecified Round,"Mithun Sacheti, Siddhartha Sacheti",2024,August,FinTech,Chennai,Tamil Nadu,India
nazara,Gaming Media,Mumbai,224.1,Acquisition,Acquired Fusebox Games Limited,2024,August,HealthTech,Mumbai,Maharashtra,India
infibeam avenues,Fintech,Gift,224.1,Acquisition,Acquired 54% In Rediff.Com India Ltd,2024,August,FinTech,,,
unicommerce,SaaS,Delhi,124.5,Unknown,Anchor Investors,2024,August,Enterprise / SaaS,Delhi,Delhi,India
banana club,Consumer > Fashion,Karnataka,11.54,Seed,Unknown,2025,October,Consumer Internet,,Karnataka,India
neulife,Healthcare,Maharashtra,8.3,Unknown,Subhkam Ventures,2025,October,HealthTech,,Maharashtra,India
dhobi g,Consumer > Local,Tamil Nadu,1.42,Debt,Indian Overseas Bank,2025,October,Consumer Internet,,Tamil Nadu,India
helex,Life Sciences > Genomics,Telangana,1.4193,Seed,Bluehill Capital Trust,2025,October,BioTech,,Telangana,India
michezo sports,Consumer > Sports,Karnataka,20.75,Seed,Centre Court Capital,2025,October,Consumer Internet,,Karnataka,India
celewish,Consumer > Communication,Maharashtra,6.22,Angel,Unknown,2025,October,Consumer Internet,,Maharashtra,India
megaliter varunaa,Environment > Waste & Water Management,Telangana,14.19,Seed,Unknown,2025,October,Others,,Telangana,India
the eye foundation,Healthcare,Tamil Nadu,622.5,Series C,Verlinvest,2025,October,HealthTech,,Tamil Nadu,India
wonderland foods,Food & Agriculture > Food & Beverage Products,Delhi,132.8,Series B,Asha,2025,October,AgriTech,Delhi,Delhi,India
capitalxb finance,Fintech,Maharashtra,132.8,Debt,Nicolas Walewski,2025,October,FinTech,,Maharashtra,India
capitalxb finance,Fintech,Maharashtra,124.5,Seed,Nicolas Walewski,2025,October,FinTech,,Maharashtra,India
berar finance,Fintech,Maharashtra,141.1,Private Equity,Abler Nordic,2025,October,FinTech,,Maharashtra,India
uniphore,High > Generative Ai,Usa,2158.0,Series F,New Enterprise Associates,2025,October,Artificial Intelligence,,,USA
umagine,Environment > Environment Consultancy,Delhi,7.05,Seed,Venture Catalysts,2025,October,Others,Delhi,Delhi,India
stylox,Consumer Goods > Apparel,Haryana,2.82,Seed,Thefef.Net,2025,October,Consumer Internet,,Haryana,India
fundamento,Enterprise Applications > Customer Software,Usa,15.77,Seed,The Players Fund,2025,October,Enterprise / SaaS,,,USA
imagimake,Retail > Mom & Baby Care,Maharashtra,15.77,Series B,Pidilite Ventures,2025,October,Ecommerce / Retail,,Maharashtra,India
eka,Energy > Electric Vehicles,Maharashtra,473.1,Series A,Niif,2025,October,Mobility / Automotive / EV,,Maharashtra,India
hooliv,Consumer > Residential Real Estate,Delhi,22.66,Seed,Negen Capital Pms,2025,October,Consumer Internet,Delhi,Delhi,India
healing hands clinic,Healthcare,Maharashtra,22.659,Private Equity,L Catterton,2025,October,HealthTech,,Maharashtra,India
kraya,Enterprise Applications > Scm Software,Maharashtra,0.94,Seed,Aid,2025,October,Enterprise / SaaS,,Maharashtra,India
zepto,Food,Karnataka,2490.0,Series G,Goodwater Capital,2025,October,FoodTech,,Karnataka,India
dashamlabs,High > Advanced Materials,Haryana,11.29,Seed,Speciale Invest,2025,October,DeepTech / Hardware,,Haryana,India
kuku fm,Consumer > Vernacular,Maharashtra,415.0,Series C,Granite Asia,2025,October,Consumer Internet,,Maharashtra,India
corestack,Enterprise Infrastructure > It Operations,Washington,415.0,Debt,Post Road Group,2025,October,Enterprise / SaaS,Washington,District of Columbia,USA
thefragaria,Agritech,Tamil Nadu,16.6,Seed,Weh Ventures,2025,October,AgriTech,,Tamil Nadu,India
flowatt batt,Energy > Energy Storage,Karnataka,2.06,Seed,Pedalstart,2025,October,Climate / CleanTech / Energy,,Karnataka,India
coindcx,Fintech > Cryptocurrencies,Maharashtra,2.0584,Series D,Coinbase,2025,October,FinTech,,Maharashtra,India
matters,Enterprise Infrastructure > Cybersecurity,Karnataka,39.42,Seed,Kalaari Capital,2025,October,Enterprise / SaaS,,Karnataka,India
airoclip,Mobile > Mobile Gaming,Karnataka,22.82,Seed,Tac,2025,October,Others,,Karnataka,India
airbound,High > Drones,Karnataka,71.8,Seed,Humba Ventures,2025,October,Others,,Karnataka,India
cimcon,Energy > Oilfield,Gujarat,48.64,Series A,Niveshaay,2025,October,Climate / CleanTech / Energy,,Gujarat,India
houseeazy,Consumer > Residential Real Estate,Uttar Pradesh,141.1,Series B,Accel,2025,October,Consumer Internet,,Uttar Pradesh,India
speakx,Edtech > Continued Learning,Haryana,132.8,Series B,Westbridge Capital,2025,October,EdTech,,Haryana,India
reia diamonds,Consumer Goods > Fashion Accessories,Karnataka,1.87,Seed,Venture Catalysts,2025,October,Consumer Internet,,Karnataka,India
mywonder,Real Estate & Construction > Construction Management,Karnataka,2.49,Seed,Antler,2025,October,Real Estate / PropTech,,Karnataka,India
ramkrishna forgings,Auto > Auto Components,West Bengal,191.73,IPO,Unknown,2025,October,Mobility / Automotive / EV,,West Bengal,India
exposome,Chemicals & Materials > Chemicals,Maharashtra,21.5,Seed,Colossa Ventures,2025,October,DeepTech / Hardware,,Maharashtra,India
goodscore,Fintech,Karnataka,107.9,Series A,Peak Xv Partners,2025,October,FinTech,,Karnataka,India
onida,Consumer Goods > Tv & Audiovisual Products,Maharashtra,122.84,IPO,Authum,2025,October,Consumer Internet,,Maharashtra,India
fs life,Consumer > Fashion,Haryana,46.48,Series B,Colossa Ventures,2025,October,Consumer Internet,,Haryana,India
hunger,Food & Agriculture > Food,Maharashtra,46.48,Series A,Lighthouse,2025,October,AgriTech,,Maharashtra,India
hala mobility,Consumer > Auto Ecommerce & Content,Telangana,28.05,Series A,Magnifiq Capital Trust,2025,October,Ecommerce / Retail,,Telangana,India
qapita,Fintech,Singapore,219.95,Series B,Massmutual Ventures,2025,October,FinTech,,,Singapore
pantherun,Enterprise Infrastructure > Enterprise Networking,Karnataka,99.6,Series A,Info Edge Ventures,2025,October,Enterprise / SaaS,,Karnataka,India
we360ai,Enterprise Applications > Hrtech,Madhya Pradesh,16.6,Seed,Gsf,2025,October,Enterprise / SaaS,,Madhya Pradesh,India
ask my guru,Consumer > Religion,Karnataka,4.15,Seed,Matrimony.Com,2025,October,Consumer Internet,,Karnataka,India
rusk media,Media & Entertainment > Film & Tv Studios,Maharashtra,4.15,Series B,Ivycap Ventures Advisors,2025,October,HealthTech,,Maharashtra,India
fastest,Healthcare,Maharashtra,1.12,Seed,Inflection Point Ventures,2025,October,HealthTech,,Maharashtra,India
ekkaa,Semiconductors > Display Technology,Haryana,101.26,Series A,Unknown,2025,October,Enterprise / SaaS,,Haryana,India
eternz,Consumer > Fashion,Karnataka,101.26,Seed,Multiply Ventures,2025,October,Consumer Internet,,Karnataka,India
gh2 solar,Energy > Solar Energy,Uttar Pradesh,53.95,Series A,Growmo360,2025,October,Climate / CleanTech / Energy,,Uttar Pradesh,India
jaagruk bharat,Media & Entertainment > Internet First Media,Delhi,1.4,Seed,Ajvc,2025,October,HealthTech,Delhi,Delhi,India
meolaa,Retail > Beauty,Karnataka,49.8,Seed,General Catalyst,2025,October,Ecommerce / Retail,,Karnataka,India
rusk media,Media & Entertainment > Film & Tv Studios,Maharashtra,1.4,Angel,Ramesh Gandhi,2025,October,HealthTech,,Maharashtra,India
trusterra,Auto > Auto Retail & Aftersales,Haryana,8.38,Seed,Finvolve,2025,October,Ecommerce / Retail,,Haryana,India
battwheelz,Energy > Electric Vehicles,Haryana,1.87,Seed,Finvolve,2025,October,Mobility / Automotive / EV,,Haryana,India
intangles,Consumer > Road Transport,Maharashtra,249.0,Series B,Avataar Ventures,2025,October,Consumer Internet,,Maharashtra,India
august ai,Healthcare,Karnataka,24.9,Seed,Accel,2025,October,HealthTech,,Karnataka,India
consuma,Enterprise Applications > Marketingtech,Karnataka,10.79,Seed,Equirus Wealth,2025,October,Enterprise / SaaS,,Karnataka,India
goodmelts,Retail > Home Care Ecommerce,Karnataka,10.79,Seed,Anicut Capital,2025,October,Ecommerce / Retail,,Karnataka,India
h2 carbon zero,Energy > Energy Storage,Delhi,7.05,Seed,Venture Catalysts,2025,October,Climate / CleanTech / Energy,Delhi,Delhi,India
zillout,Food,Karnataka,2.57,Seed,Jindagilive Angel Network,2025,October,FoodTech,,Karnataka,India
dezerv,Fintech,Maharashtra,332.0,Series C,Premji Invest,2025,October,FinTech,,Maharashtra,India
vipul organics,Chemicals & Materials > Dyes Pigments And Inks,Maharashtra,32.95,IPO,Unknown,2025,October,DeepTech / Hardware,,Maharashtra,India
ozi,Retail > Mom & Baby Care,Haryana,27.39,Seed,Blume Venture,2025,October,Ecommerce / Retail,,Haryana,India
lucio,High > Chatbots,Karnataka,41.5,Series A,Devc,2025,October,Others,,Karnataka,India
finarkein analytics,Fintech,Maharashtra,41.5,Seed,Dsp Group Family Office,2025,October,FinTech,,Maharashtra,India
prym aerospace,High > Drones,Maharashtra,20.0,Seed,Lloyds Steel,2025,October,Others,,Maharashtra,India
ecoex,Environment > Solid Waste Management,Delhi,33.2,Seed,Unknown,2025,October,Others,Delhi,Delhi,India
navata supply chain,Business > Supply,Telangana,12.62,Series A,Abyro Capital,2025,October,Logistics / Supply Chain,,Telangana,India
altmat,High > Advanced Materials,Gujarat,12.616,Seed,Rainmatter,2025,October,DeepTech / Hardware,,Gujarat,India
exsure,Life Sciences > Oncology,Odisha,0.09,Seed,Aicunknownnalanda Institute Of Technology Foundation,2025,October,BioTech,,Odisha,India
decortwist,Consumer Goods > Home Furnishing Products,Uttar Pradesh,1.66,Seed,Tejas Paresh Lodaya,2025,October,Consumer Internet,,Uttar Pradesh,India
greylabs,High > Natural Language Processing,Maharashtra,79.68,Series A,Elevation Capital,2025,October,Others,,Maharashtra,India
raise,Fintech,Maharashtra,996.0,Series B,Beenext,2025,October,FinTech,,Maharashtra,India
jsw one msme,Enterprise Applications > Manufacturing,Maharashtra,219.95,Series B,Oneup Fiunknownncial Consultants,2025,October,Enterprise / SaaS,,Maharashtra,India
thrustworks dynetics,Aerospace Maritime & Defense > Space,Maharashtra,6.55,Seed,Jamwant Ventures,2025,October,Enterprise / SaaS,,Maharashtra,India
art of time,Consumer Goods > Retailers,Maharashtra,6.5487,Series B,Plutus Wealth Maunknowngement,2025,October,Ecommerce / Retail,,Maharashtra,India
freight tiger,Logistics,Maharashtra,112.05,Series C,Tata Motors / Lightspeed India,2025,October,Logistics / Supply Chain,,Maharashtra,India
recyclarocom,Environment > Solid Waste Management,Uttar Pradesh,8.3,Seed,Capitaloven,2025,October,Others,,Uttar Pradesh,India
growxcd,Fintech,Tamil Nadu,186.75,Series B,Blue Earth Capital / Lok Capital,2025,October,FinTech,,Tamil Nadu,India
assesslim,High > Ai Infrastructure,West Bengal,41.5,Seed,Foxhog Ventures / Ideas Tih,2025,October,Artificial Intelligence,,West Bengal,India
unmannd,Aerospace Maritime And Defense > Military,Karnataka,16.6,Seed,Speciale Invest,2025,October,Enterprise / SaaS,,Karnataka,India
vamam,Consumer > Local,Delhi,20.75,Seed,Wavemaker Partners / 7Square Ventures,2025,October,Consumer Internet,Delhi,Delhi,India
climaty ai,Enterprise Applications > Adtech,Dubai,16.6,Seed,Turbostart,2025,October,Enterprise / SaaS,Dubai,,UAE
ignosis,Fintech,Gujarat,33.2,Seed,Peak Xv Partners,2025,October,FinTech,,Gujarat,India
fyno,Enterprise Applications > Customer Success Management,Karnataka,33.2,Seed,Arkam Ventures / 3One4 Capital,2025,October,Enterprise / SaaS,,Karnataka,India
recur club,Fintech,Delhi,348.6,Debt,Incred / Info Edge Ventures,2025,October,FinTech,Delhi,Delhi,India
recur club,Fintech,Delhi,66.4,Series A,Info Edge Ventures,2025,October,FinTech,Delhi,Delhi,India
wit and chai,Business > Marketing,Maharashtra,66.4,Seed,Sanjay Katkar,2025,October,Marketing / AdTech,,Maharashtra,India
hocco,Food,Gujarat,107.9,Series B,Sauce,2025,October,FoodTech,,Gujarat,India
petpoojam,Food,Gujarat,107.9,Series C,Dharaunknown / Gujarat Venture Fiunknownnce,2025,October,FoodTech,,Gujarat,India
kapivas,Life Sciences > Nutraceuticals,Karnataka,232.4,Series D,Vertex Growth / Jetty Ventures,2025,October,BioTech,,Karnataka,India
vaani research labs,High > Chatbots,Karnataka,3.32,Seed,Venture Catalysts,2025,October,Others,,Karnataka,India
ef polymer,Chemicals And Materials > Polymers,Rajasthan,3.32,Series B,Toyoda Gosei / Beyond Next Ventures,2025,October,DeepTech / Hardware,,Rajasthan,India
rugr,Fintech,Karnataka,41.5,Seed,Vikasa India Eif Fund,2025,October,FinTech,,Karnataka,India
igowise,Energy > Electric Vehicles,Karnataka,41.5,Unknown,Unknown,2025,October,Mobility / Automotive / EV,,Karnataka,India
pharmeasy,Healthcare,Mumbai,1591.11,Debt,Unknown,2025,September,HealthTech,Mumbai,Maharashtra,India
emergent,AI,Gurgaon,190.9,Series A,Lightspeed Ventures,2025,September,Artificial Intelligence,Gurgaon,Haryana,India
chakr innovation,Clean,Gurgaon,190.9,Series C,Iron Pillar,2025,September,Climate / CleanTech / Energy,Gurgaon,Haryana,India
curefoods,Food,Bangalore,149.4,Unknown,3State Ventures,2025,September,FoodTech,Bangalore,Karnataka,India
handpickd,Consumer,Gurgaon,124.5,Series A,Bertelsmann India Investments,2025,September,Consumer Internet,Gurgaon,Haryana,India
rocket,AI,Bangalore,124.5,Seed,"Salesforce Ventures, Accel",2025,September,Artificial Intelligence,Bangalore,Karnataka,India
vedantu,Edtech,Bangalore,91.3,Unknown,Unknown,2025,September,Enterprise / SaaS,Bangalore,Karnataka,India
simple energy,Clean,Bangalore,83.0,Unknown,"Dr Arokiaswamy Velumani (Founder, Thyrocare)",2025,September,Climate / CleanTech / Energy,Bangalore,Karnataka,India
kisankonnect,Agritech,Ahmednagar,67.23,Pre-Series A,Bajaj Finserv Group,2025,September,AgriTech,Ahmednagar,Maharashtra,India
distil,Ecommerce,Mumbai,63.91,Series A,"Jungle Ventures, Ceunknownventures",2025,September,Ecommerce / Retail,Mumbai,Maharashtra,India
gullak,Fintech,Bangalore,62.25,Series A,Chiratae Ventures,2025,September,FinTech,Bangalore,Karnataka,India
oolka,Fintech,Bangalore,58.1,Seed,"Lightspeed India, Z47",2025,September,FinTech,Bangalore,Karnataka,India
prism,Travel,Mumbai,46.48,Unknown,"Incred, Aunknownlah Capital",2025,September,Travel / Hospitality,Mumbai,Maharashtra,India
onfinance,AI,Bangalore,34.86,Pre-Series A,Peak Xv (Surge),2025,September,Artificial Intelligence,Bangalore,Karnataka,India
amwoodo,Ecommerce,Kolkata,33.2,Pre-Series A,Rainmatter,2025,September,Ecommerce / Retail,Kolkata,West Bengal,India
cosmoserve space,Advanced Hardware & Technology,Hyderabad,26.56,Pre-Seed,Avcf,2025,September,Enterprise / SaaS,Hyderabad,Telangana,India
ptal,Ecommerce,Delhi,24.9,Series A,"Venture Catalysts, Rainmatter",2025,September,Ecommerce / Retail,Delhi,Delhi,India
xbattery,Clean,Hyderabad,19.09,Seed,Bipin Patel Family Office,2025,September,Climate / CleanTech / Energy,Hyderabad,Telangana,India
grest,Ecommerce,Cuttack,14.94,Unknown,Equentis,2025,September,Ecommerce / Retail,Cuttack,Odisha,India
vyomic,Advanced Hardware & Technology,Bangalore,13.28,Pre-Seed,Speciale Invest,2025,September,Enterprise / SaaS,Bangalore,Karnataka,India
akashalabdhi,Advanced Hardware & Technology,Roorkee,9.96,Pre-Seed,Unknown,2025,September,Enterprise / SaaS,Roorkee,Uttarakhand,India
navo,Ecommerce,Gurgaon,7.49,Seed,Indiaquotient,2025,September,Ecommerce / Retail,Gurgaon,Haryana,India
bharat intelligence,Agritech,Mumbai,6.56,Pre-Seed,Sahyadri Farms,2025,September,AgriTech,Mumbai,Maharashtra,India
recove,Clean,Bangalore,4.96,Unknown,Momentum Capital,2025,September,Climate / CleanTech / Energy,Bangalore,Karnataka,India
paar autonomy,Advanced Hardware & Technology,Bangalore,4.15,Seed,Venture Catalysts,2025,September,Enterprise / SaaS,Bangalore,Karnataka,India
samaaro,Enterprise,Bangalore,4.15,Pre-Series A,Inflection Point Ventures,2025,September,Enterprise / SaaS,Bangalore,Karnataka,India
gaadimech,Consumer,Jaipur,1.4,Unknown,Ajvc,2025,September,Consumer Internet,Jaipur,Rajasthan,India
gabit,Ecommerce,Gurgaon,1.4027,Unknown,Unknown,2025,September,Ecommerce / Retail,Gurgaon,Haryana,India
inframarket,Real Estate,Thane,688.9,Series G,Unknown,2025,September,Real Estate / PropTech,Mumbai,Maharashtra,India
evoluteiq,Enterprise,Bangalore,439.9,Unknown,Baird Capital,2025,September,Enterprise / SaaS,Bangalore,Karnataka,India
finbox,Fintech,Bangalore,332.0,Series B,Westbridge Capital,2025,September,FinTech,Bangalore,Karnataka,India
blue energy motors,Clean,Pune,249.0,Unknown,"Nikhil Kamath, Omnitex Industries",2025,September,Climate / CleanTech / Energy,Pune,Maharashtra,India
incred money,Fintech,Mumbai,249.0,Unknown,Unknown,2025,September,FinTech,Mumbai,Maharashtra,India
ecosoul,Ecommerce,Noida,166.0,Series B,"Accel, Bajaj Fiunknownncial Securities",2025,September,Ecommerce / Retail,Noida,Uttar Pradesh,India
indkal,Ecommerce,Bangalore,166.0,Unknown,Unknown,2025,September,Ecommerce / Retail,Bangalore,Karnataka,India
scalekit,AI,Bangalore,45.65,Seed,"Together Fund, Z47",2025,September,Artificial Intelligence,Bangalore,Karnataka,India
lucira,Ecommerce,Mumbai,45.65,Seed,Blume Ventures,2025,September,Ecommerce / Retail,Mumbai,Maharashtra,India
spacefields,Advanced Hardware & Technology,Bangalore,41.5,Pre-Series A,Globaz Technologies,2025,September,Enterprise / SaaS,Bangalore,Karnataka,India
pelocal,Fintech,Chennai,41.5,Series A,"Unleash Capital Partners, Unicorn India Ventures",2025,September,FinTech,Chennai,Tamil Nadu,India
ido devices,Ecommerce,Noida,33.2,Unknown,"Blume Ventures, Merak Ventures",2025,September,Ecommerce / Retail,Noida,Uttar Pradesh,India
pascal ai labs,AI,Bangalore,25.73,Seed,Kalaari Capital,2025,September,Artificial Intelligence,Bangalore,Karnataka,India
equilibrium,Clean,Noida,24.9,Seed,Unknown,2025,September,Climate / CleanTech / Energy,Noida,Uttar Pradesh,India
includ,Ecommerce,Gurgaon,24.07,Pre-Series A,3One4 Capital,2025,September,Ecommerce / Retail,Gurgaon,Haryana,India
blinkitai,AI,Gurgaon,9.96,Seed,Foliflex Cables,2025,September,Artificial Intelligence,Gurgaon,Haryana,India
supply6,Ecommerce,Bangalore,9.13,Seed,Zeropearl Vc,2025,September,Ecommerce / Retail,Bangalore,Karnataka,India
ugxai,AI,Gurgaon,8.3,Seed,Blue Ocean Venture Partners,2025,September,Artificial Intelligence,Gurgaon,Haryana,India
playsuper,Media & Entertainment,Gurgaon,8.3,Seed,Chimera,2025,September,HealthTech,Gurgaon,Haryana,India
wankel energy systems,Clean,Chennai,8.3,Pre-Seed,Shastra Vc,2025,September,Climate / CleanTech / Energy,Chennai,Tamil Nadu,India
mynaksh,Consumer,Bangalore,7.07,Pre-Seed,Eximius Ventures,2025,September,Consumer Internet,Bangalore,Karnataka,India
uknowva,Enterprise,Mumbai,4.15,Pre-Series A,Unknown,2025,September,Enterprise / SaaS,Mumbai,Maharashtra,India
rapteehv,Clean,Chennai,4.15,Unknown,"Technology Development Board (Ministry Of Science, Technology)",2025,September,Climate / CleanTech / Energy,Chennai,Tamil Nadu,India
flipspaces,Real Estate,Mumbai,74.7,Series C,Unknown,2025,September,Real Estate / PropTech,Mumbai,Maharashtra,India
indrajaal,Advanced Hardware & Technology,Hyderabad,45.65,Pre-Series A,"India Accelerator, Finvolve",2025,September,Enterprise / SaaS,Hyderabad,Telangana,India
presolv360,Enterprise,Mumbai,39.01,Series A,"Elevation Capital, Mga Ventures",2025,September,Enterprise / SaaS,Mumbai,Maharashtra,India
indigrid technology,Enterprise,Gurgaon,33.2,Unknown,Cactus Partners,2025,September,Enterprise / SaaS,Gurgaon,Haryana,India
ember,Ecommerce,Us,26.56,Seed,Unknown,2025,September,Ecommerce / Retail,,,USA
asaya,Ecommerce,Bangalore,26.56,Pre-Series A,Rpsg Capital,2025,September,Ecommerce / Retail,Bangalore,Karnataka,India
inamo,Enterprise,Mumbai,24.9,Seed,Shastra Vc,2025,September,Enterprise / SaaS,Mumbai,Maharashtra,India
wehouse,Real Estate,Hyderabad,23.24,Series A,Unknown,2025,September,Real Estate / PropTech,Hyderabad,Telangana,India
endureair systems,Advanced Hardware & Technology,Noida,23.24,Unknown,Indian Angel Network,2025,September,Enterprise / SaaS,Noida,Uttar Pradesh,India
snapecabs,Travel,Kolkata,20.75,Unknown,Inflection Point Ventures,2025,September,Travel / Hospitality,Kolkata,West Bengal,India
aurva,Enterprise,Delhi,18.26,Seed,Nexus Venture Partners,2025,September,Enterprise / SaaS,Delhi,Delhi,India
bacalt biosciences,Healthcare,Bangalore,16.6,Pre-Seed,Avaaunknown Capital,2025,September,HealthTech,Bangalore,Karnataka,India
peakamp,Clean,Gurgaon,11.62,Seed,Caret Capital,2025,September,Climate / CleanTech / Energy,Gurgaon,Haryana,India
farmdidi,Ecommerce,Mumbai,6.58,Seed,Samved Ventures,2025,September,Ecommerce / Retail,Mumbai,Maharashtra,India
prowrrap,Enterprise,Delhi,3.76,Pre-Series A,"Calance Software; Amit Govil (Chairman, Calance Corporation)",2025,September,Enterprise / SaaS,Delhi,Delhi,India
biokraft foods,Clean,Mumbai,1.88,Seed,Gvfl,2025,September,Climate / CleanTech / Energy,Mumbai,Maharashtra,India
misfits,Ecommerce,Gurgaon,1.8841,Seed,Nu Ventures,2025,September,Ecommerce / Retail,Gurgaon,Haryana,India
citymall,Ecommerce,Gurgaon,390.1,Series D,Accel,2025,September,Ecommerce / Retail,Gurgaon,Haryana,India
seekho,Media & Entertainment,Bangalore,232.4,Series B,Bessemer Venture Partners,2025,September,HealthTech,Bangalore,Karnataka,India
blue tokai coffee roasters,Ecommerce,Gurgaon,207.5,Unknown,Unknown,2025,September,Ecommerce / Retail,Gurgaon,Haryana,India
firstclub,Consumer,Bangalore,190.9,Series A,"Accel, Rtp Global",2025,September,Consumer Internet,Bangalore,Karnataka,India
colive,Real Estate,Bangalore,166.0,Series B,Bain Capital,2025,September,Real Estate / PropTech,Bangalore,Karnataka,India
offgrid energy,Clean,Gurgaon,124.5,Series A,Archean Chemicals Industries,2025,September,Climate / CleanTech / Energy,Gurgaon,Haryana,India
reveal healthtech,AI,Us,59.76,Series A,Leo Capital,2025,September,Artificial Intelligence,,,USA
platinumrx,Healthcare,Bangalore,49.8,Series A,Stellaris Venture Partners,2025,September,HealthTech,Bangalore,Karnataka,India
leafybus,Travel,Delhi,34.03,Pre-Series A,Enetra India,2025,September,Travel / Hospitality,Delhi,Delhi,India
tuco kids,Ecommerce,Bangalore,33.2,Series A,Rtp Global,2025,September,Ecommerce / Retail,Bangalore,Karnataka,India
flexifyme,Healthcare,Pune,19.09,Pre-Series A,Ivycap Ventures,2025,September,HealthTech,Pune,Maharashtra,India
autodukan,Ecommerce,Pune,8.3,Pre-Series A,Unknown,2025,September,Ecommerce / Retail,Pune,Maharashtra,India
house of zelena,Ecommerce,Delhi,6.58,Seed,"Sprout Venture Partners, M Venture Partners",2025,September,Ecommerce / Retail,Delhi,Delhi,India
cuzor,Ecommerce,Bangalore,4.7,Seed,"Ramesh Kanunknownn (Md, Kaynes Technology)",2025,September,Ecommerce / Retail,Bangalore,Karnataka,India
rxmen,Healthcare,Delhi,4.7,Seed,Inflection Point Ventures,2025,September,HealthTech,Delhi,Delhi,India
quante energy,Clean,Noida,4.15,Seed,Trillion Dollar Venture Partners,2025,September,Climate / CleanTech / Energy,Noida,Uttar Pradesh,India
dectrocel,Healthcare,Lucknow,3.76,Unknown,Bioangels (Ian Group),2025,September,HealthTech,Lucknow,Uttar Pradesh,India
zanskar,Ecommerce,Bangalore,2.63,Seed,Zeropearl Vc,2025,September,Ecommerce / Retail,Bangalore,Karnataka,India
waterscience,Ecommerce,Bangalore,1.32,Unknown,Valar Ventures,2025,September,Ecommerce / Retail,Bangalore,Karnataka,India
edgehax,Advanced Hardware & Technology,Bangalore,1.31,Seed,Inflection Point Ventures,2025,September,Enterprise / SaaS,Bangalore,Karnataka,India
transbnk,Fintech,Mumbai,207.5,Series B,Bessemer Venture Partners,2025,August,FinTech,Mumbai,Maharashtra,India
altum credo,Fintech,Pune,161.02,Unknown,British Interunknowntiounknownl Investment,2025,August,FinTech,Pune,Maharashtra,India
credright,Fintech,Bangalore,83.0,Series B,Abler Nordic,2025,August,FinTech,Bangalore,Karnataka,India
wizcommerce,Enteprise,Bangalore,66.4,Series A,Peak Xv Partners,2025,August,Others,Bangalore,Karnataka,India
vutto,Ecommerce,Bangalore,58.1,Series A,Rtp Global,2025,August,Ecommerce / Retail,Bangalore,Karnataka,India
palmonas,Ecommerce,Pune,51.46,Series A,"Vertex Ventures Southeast Asia, India",2025,August,Ecommerce / Retail,Pune,Maharashtra,India
enmovil,Logistics,Hyderabad,49.8,Series A,Sorin Investments,2025,August,Logistics / Supply Chain,Hyderabad,Telangana,India
peeko,Consumer,Bangalore,26.56,Seed,Stellaris Venture Partners,2025,August,Consumer Internet,Bangalore,Karnataka,India
matiks,Media & Entertainment,Haveri,25.73,Pre-Series A,Tanglin Ventures,2025,August,HealthTech,Haveri,Karnataka,India
wastelink,Cleantech,Delhi,24.9,Series A,Avaaunknown Capital,2025,August,Enterprise / SaaS,Delhi,Delhi,India
harajuku tokyo cafe,Fooddtech,Delhi,16.6,Seed,Indian Angel Network,2025,August,FoodTech,Delhi,Delhi,India
cumin,Ecommerce,Gurgaon,12.45,Unknown,Fireside Ventures,2025,August,Ecommerce / Retail,Gurgaon,Haryana,India
anmasa,Ecommerce,Gurgaon,9.13,Pre-Seed,Unknown,2025,August,Ecommerce / Retail,Gurgaon,Haryana,India
nugen,AI,Ahmedabad,8.3,Pre-Seed,Antler,2025,August,Artificial Intelligence,Ahmedabad,Gujarat,India
vaave,Enteprise,Hyderabad,6.21,Unknown,Vcmint,2025,August,Others,Hyderabad,Telangana,India
hexafun,Ecommerce,Delhi,4.23,Seed,Prajay Advisors,2025,August,Ecommerce / Retail,Delhi,Delhi,India
nuyug,Ecommerce,Delhi,2.35,Pre-Seed,Ajvc,2025,August,Ecommerce / Retail,Delhi,Delhi,India
bhaobhao,Consumer,Mumbai,1.66,Unknown,Unknown,2025,August,Consumer Internet,Mumbai,Maharashtra,India
r for rabbit,Ecommerce,Ahmedabad,224.1,Series B,"Filter Capital, 3One4 Capital",2025,August,Ecommerce / Retail,Ahmedabad,Gujarat,India
kiwi,Fintech,Bangalore,199.2,Series B,Vertex Ventures,2025,August,FinTech,Bangalore,Karnataka,India
beyond appliances,Ecommerce,Bangalore,33.2,Series A,Fireside Ventures,2025,August,Ecommerce / Retail,Bangalore,Karnataka,India
house of biryani,Consumer,Mumbai,29.88,Unknown,Unknown,2025,August,Consumer Internet,Mumbai,Maharashtra,India
mitra,Ecommerce,Gurgaon,13.28,Unknown,Bestvantage Investments,2025,August,Ecommerce / Retail,Gurgaon,Haryana,India
peelon,Enterprise,Vishakhapatnam,8.3,Seed,Growx Ventures,2025,August,Enterprise / SaaS,Visakhapatnam,Andhra Pradesh,India
hexafun,Ecommerce,Delhi,4.25,Seed,Prajay Advisors,2025,August,Ecommerce / Retail,Delhi,Delhi,India
famyo,Ecommerce,Bangalore,3.79,Seed,I'N Angel Fund,2025,August,Ecommerce / Retail,Bangalore,Karnataka,India
zenzebra,Consumer,Delhi,3.7931,Seed,Rukam Capital,2025,August,Consumer Internet,Delhi,Delhi,India
truemeds,Healthcare,Mumbai,539.5,Series C,Unknown,2025,August,HealthTech,Mumbai,Maharashtra,India
zepto,Consumer,Bangalore,379.31,Unknown,Motilal Oswal Fiunknownncial Services Ltd,2025,August,Consumer Internet,Bangalore,Karnataka,India
darwinbox,Enterprise,Hyderabad,332.0,Unknown,Ontario Teachers’ Pension Plan,2025,August,Enterprise / SaaS,Hyderabad,Telangana,India
ultraviolette,Cleantech,Bangalore,174.3,Unknown,Tdk Ventures,2025,August,Enterprise / SaaS,Bangalore,Karnataka,India
arintra,Enterprise,Us,174.3,Series A,Peak Xv Partners,2025,August,Enterprise / SaaS,,,USA
dashverse,Media & Entertainment,Bangalore,107.9,Series A,Peak Xv Partners,2025,August,HealthTech,Bangalore,Karnataka,India
lifelong online,Ecommerce,Delhi,107.9,Unknown,Unknown,2025,August,Ecommerce / Retail,Delhi,Delhi,India
pronto,Consumer,Gurgaon,91.3,Series A,"General Catalyst, Glade Brook Capital",2025,August,Consumer Internet,Gurgaon,Haryana,India
elivaas,Travel,Gurgaon,83.0,Series B,Vertex Ventures,2025,August,Travel / Hospitality,Gurgaon,Haryana,India
graasai,AI,Singapore,74.7,Series B,Tin Men Capital,2025,August,Artificial Intelligence,,,Singapore
refold ai,AI,Bangalore,53.95,Seed,"Eniac Ventures, Tidal Ventures",2025,August,Artificial Intelligence,Bangalore,Karnataka,India
olee space,Advanced Hardware & Iot,Pune,24.9,Seed,Unknown,2025,August,DeepTech / Hardware,Pune,Maharashtra,India
holiday tribe,Travel,Gurgaon,24.9,Pre-Series A,Powerhouse Ventures,2025,August,Travel / Hospitality,Gurgaon,Haryana,India
fairdealmarket,Ecommerce,Gurgaon,24.9,Pre-Series A,Incubate Fund Asia,2025,August,Ecommerce / Retail,Gurgaon,Haryana,India
manastu space,Advanced Hardware & Iot,Mumbai,24.9,Series A,Capitalunknowna,2025,August,DeepTech / Hardware,Mumbai,Maharashtra,India
comminent,Advanced Hardware & Iot,Bangalore,16.6,Unknown,Transition Vc,2025,August,DeepTech / Hardware,Bangalore,Karnataka,India
spike ai,AI,Bangalore,15.77,Pre-Seed,Sorin Investments,2025,August,Artificial Intelligence,Bangalore,Karnataka,India
trackk,Fintech,Delhi,8.3,Seed,Unknown,2025,August,FinTech,Delhi,Delhi,India
the sleep,Ecommerce,Mumbai,453.18,Series D,Unknown,2025,August,Ecommerce / Retail,Mumbai,Maharashtra,India
renee cosmetics,Ecommerce,Ahmedabad,249.0,Series C,Playbook Partners,2025,August,Ecommerce / Retail,Ahmedabad,Gujarat,India
fibe,Fintech,Pune,207.5,Debt,Franklin Templeton Alterunknowntive Investments Fund,2025,August,FinTech,Pune,Maharashtra,India
supergaming,Media & Entertainment,Pune,124.5,Series A,"Skycatcher, Steadview Capital",2025,August,HealthTech,Pune,Maharashtra,India
jeh aerospace,Advanced Hardware & Technology,Hyderabad,91.3,Series A,Elevation Capital,2025,August,Enterprise / SaaS,Hyderabad,Telangana,India
zype,Fintech,Mumbai,85.49,Unknown,Unleash Capital Partners,2025,August,FinTech,Mumbai,Maharashtra,India
dpdpzero,Fintech,Bangalore,58.1,Series A,Gmo Venture Partners,2025,August,FinTech,Bangalore,Karnataka,India
turbohire,AI,Hyderabad,49.8,Series A,Ivycap Ventures,2025,August,Artificial Intelligence,Hyderabad,Telangana,India
mitigata,Fintech,Delhi,48.97,Series A,Nexus Venture Partners,2025,August,FinTech,Delhi,Delhi,India
tplusa,Ecommerce,Bangalore,48.14,Seed,Livspace,2025,August,Ecommerce / Retail,Bangalore,Karnataka,India
cautio,Advanced Hardware & Technology,Bangalore,24.9,Seed,Unknown,2025,August,Enterprise / SaaS,Bangalore,Karnataka,India
outzidr,Ecommerce,Bangalore,24.9,Pre-Series A,Rtp Global,2025,August,Ecommerce / Retail,Bangalore,Karnataka,India
hylenr,Clean,Hyderabad,24.9,Pre-Series A,"Valour Capital, Chhattisgarh Investments",2025,August,Climate / CleanTech / Energy,Hyderabad,Telangana,India
zepto,Consumer,Bangalore,24.07,Unknown,Mapmyindia,2025,August,Consumer Internet,Bangalore,Karnataka,India
codekarma,AI,Bangalore,20.75,Pre-Seed,"Prosus, Accel, Xeed Ventures",2025,August,Artificial Intelligence,Bangalore,Karnataka,India
xovian aerospace,Advanced Hardware & Technology,Bangalore,20.75,Pre-Seed,"Piper Serica, Turbostart",2025,August,Enterprise / SaaS,Bangalore,Karnataka,India
nuuk,Ecommerce,Gurgaon,16.6,Series A,Unknown,2025,August,Ecommerce / Retail,Gurgaon,Haryana,India
designx,Enterprise,Noida,16.6,Unknown,Unknown,2025,August,Enterprise / SaaS,Noida,Uttar Pradesh,India
eon space labs,Advanced Hardware & Technology,Hyderabad,9.96,Pre-Series A,Mgf Kavachh,2025,August,Enterprise / SaaS,Hyderabad,Telangana,India
mangopoint,Ecommerce,Chennai,8.3,Pre-Series A,Inflection Point Ventures,2025,August,Ecommerce / Retail,Chennai,Tamil Nadu,India
fraganote,Ecommerce,Delhi,8.3,Pre-Series A,Rukam Capital,2025,August,Ecommerce / Retail,Delhi,Delhi,India
shotgun games,Media & Entertainment,Mumbai,8.3,Seed,Unknown,2025,August,HealthTech,Mumbai,Maharashtra,India
gladful,Ecommerce,Jaipur,7.58,Unknown,Eterunknownl Capital,2025,August,Ecommerce / Retail,Jaipur,Rajasthan,India
terafac,Advanced Hardware & Technology,Chandigarh,6.64,Pre-Seed,Inuka Capital,2025,August,Enterprise / SaaS,Chandigarh,Chandigarh,India
prozo,Logistics,Gurgaon,6.64,Unknown,Ranbir Kapoor,2025,August,Logistics / Supply Chain,Gurgaon,Haryana,India
safe security,Enterprise,Delhi,581.0,Series C,Avataar Venture Partners,2025,July,Enterprise / SaaS,Delhi,Delhi,India
metaforms,AI,Bangalore,74.7,Series A,Peak Xv Partners,2025,July,Artificial Intelligence,Bangalore,Karnataka,India
stan,Media & Entertainment,Chennai,70.55,Series A,Unknown,2025,July,HealthTech,Chennai,Tamil Nadu,India
arivihan,Edtech,Indore,34.86,Pre-Series A,"Prosus, Accel",2025,July,Enterprise / SaaS,Indore,Madhya Pradesh,India
sharpsellai,Enterprise,Mumbai,28.22,Series A,Equentis Angel Fund,2025,July,Enterprise / SaaS,Mumbai,Maharashtra,India
drizz,AI,Bangalore,22.41,Seed,Stellaris Venture Partners,2025,July,Artificial Intelligence,Bangalore,Karnataka,India
littlebox,Ecommerce,Noida,17.43,Seed,"Huddle Ventures, Prath Ventures",2025,July,Ecommerce / Retail,Noida,Uttar Pradesh,India
snooplay,Ecommerce,Delhi,7.6,Pre-Series A,Pravek Family Office,2025,July,Ecommerce / Retail,Delhi,Delhi,India
zepto,Consumer,Bangalore,7.11,Unknown,Elcid Investments,2025,July,Consumer Internet,Bangalore,Karnataka,India
heizen,Enterprise,Delhi,4.15,Pre-Seed,Titan Capital,2025,July,Enterprise / SaaS,Delhi,Delhi,India
passport trips,Travel,Mumbai,4.15,Pre-Seed,Aroa Venture Partners,2025,July,Travel / Hospitality,Mumbai,Maharashtra,India
iline,Logistics,Noida,4.15,Unknown,Unknown,2025,July,Logistics / Supply Chain,Noida,Uttar Pradesh,India
genexis biotech,Healthcare,Vadodara,3.79,Seed,Gvfl,2025,July,HealthTech,Vadodara,Gujarat,India
vahanai,AI,Bangalore,3.7931,Unknown,Temasek,2025,July,Artificial Intelligence,Bangalore,Karnataka,India
gupshup,Enterprise,Mumbai,498.0,Unknown,Unknown,2025,July,Enterprise / SaaS,Mumbai,Maharashtra,India
netrasemi,Advanced Hardware & Technology,Thiruvananthapuram,102.92,Series A,Zoho Corporation,2025,July,Enterprise / SaaS,Thiruvananthapuram,Kerala,India
superk,Consumer,Bangalore,95.45,Series B,3State Ventures,2025,July,Consumer Internet,Bangalore,Karnataka,India
kluiszai,AI,Bangalore,79.68,Seed,Rtp Global,2025,July,Artificial Intelligence,Bangalore,Karnataka,India
edufund,Fintech,Ahmedabad,49.8,Series A,Cercano Maunknowngement,2025,July,FinTech,Ahmedabad,Gujarat,India
eveez,Travel,Gurgaon,44.82,Series A,"Michael, Susan Dell Foundation",2025,July,Travel / Hospitality,Gurgaon,Haryana,India
enlite research,Enterprise,Mumbai,43.99,Series A,Avaaunknown Capital,2025,July,Enterprise / SaaS,Mumbai,Maharashtra,India
ituringai,AI,Bangalore,41.5,Series A,"Dallas Venture Capital, Mela Ventures",2025,July,Artificial Intelligence,Bangalore,Karnataka,India
sugar cosmetics,Ecommerce,Mumbai,41.5,Unknown,Anicut Capital,2025,July,Ecommerce / Retail,Mumbai,Maharashtra,India
escape plan,Ecommerce,Bangalore,41.5,Seed,"Jungle Ventures, Fireside Ventures",2025,July,Ecommerce / Retail,Bangalore,Karnataka,India
hudle,Enterprise,Delhi,20.75,Series A,Sky Impact Capital,2025,July,Enterprise / SaaS,Delhi,Delhi,India
grexa ai,AI,Thane,14.94,Seed,Utsav Somani,2025,July,Artificial Intelligence,Mumbai,Maharashtra,India
anny,Ecommerce,Gurgaon,9.96,Pre-Series A,Atomic Capital,2025,July,Ecommerce / Retail,Gurgaon,Haryana,India
ammunic systems,Advanced Hardware & Technology,Bangalore,9.13,Seed,"India Accelerator, Finvolve",2025,July,Enterprise / SaaS,Bangalore,Karnataka,India
inbound aerospace,Advanced Hardware & Technology,Chennai,8.3,Pre-Seed,Speciale Invest,2025,July,Enterprise / SaaS,Chennai,Tamil Nadu,India
plenome,Enterprise,Chennai,6.24,Seed,Ovington Capital Partners,2025,July,Enterprise / SaaS,Chennai,Tamil Nadu,India
bharatsure,Fintech,Mumbai,5.76,Unknown,Inflection Point Ventures,2025,July,FinTech,Mumbai,Maharashtra,India
apclub,Consumer,Bangalore,1.92,Pre-Seed,Curefit,2025,July,Consumer Internet,Bangalore,Karnataka,India
coluxe,Ecommerce,Delhi,1.9173,Unknown,Unknown,2025,July,Ecommerce / Retail,Delhi,Delhi,India
qpiai,Advanced Hardware & Technology,Bangalore,265.6,Series A,"Avataar Ventures, Natiounknownl Quantum Mission",2025,July,Enterprise / SaaS,Bangalore,Karnataka,India
truemeds,Healthcare,Mumbai,166.0,Series C,Peak Xv Partners,2025,July,HealthTech,Mumbai,Maharashtra,India
phi commerce,Fintech,Pune,48.97,Series B,Beenext,2025,July,FinTech,Pune,Maharashtra,India
knot,Consumer,Bangalore,24.9,Pre-Series A,Kae Capital,2025,July,Consumer Internet,Bangalore,Karnataka,India
trupeerai,AI,Bangalore,24.9,Seed,Rtp Global,2025,July,Artificial Intelligence,Bangalore,Karnataka,India
omspace rocket exploration,Advanced Hardware & Technology,Ahmedabad,24.9,Pre-Seed,Unknown,2025,July,Enterprise / SaaS,Ahmedabad,Gujarat,India
vaaree,Ecommerce,Bangalore,17.43,Pre-Series A,"Peercapital, Peak Xv Surge",2025,July,Ecommerce / Retail,Bangalore,Karnataka,India
cure fit,Healthcare,Bangalore,16.6,Unknown,First Luxembourg Sca,2025,July,HealthTech,Bangalore,Karnataka,India
dcg tech,Ecommerce,Gurgaon,14.11,Pre-Series A,Gvfl,2025,July,Ecommerce / Retail,Gurgaon,Haryana,India
zuppa,Advanced Hardware & Technology,Chennai,12.45,Unknown,Rahul Dewan,2025,July,Enterprise / SaaS,Chennai,Tamil Nadu,India
deep algorithm,Enterprise,Hyderabad,10.79,Unknown,Unicorn India Ventures,2025,July,Enterprise / SaaS,Hyderabad,Telangana,India
dial4242,Healthcare,Gurgaon,9.13,Pre-Series A,Ian Group,2025,July,HealthTech,Gurgaon,Haryana,India
the wedding,Consumer,Bangalore,8.3,Pre-Seed,Lvx,2025,July,Consumer Internet,Bangalore,Karnataka,India
navanaai,AI,Mumbai,6.74,Pre-Series A,Antler India,2025,July,Artificial Intelligence,Mumbai,Maharashtra,India
unibose,Advanced Hardware & Technology,Chennai,5.3,Pre-Series A,O2 Angels,2025,July,Enterprise / SaaS,Chennai,Tamil Nadu,India
zulu club,Consumer,Gurgaon,2.08,Pre-Seed,Tdv Partners,2025,July,Consumer Internet,Gurgaon,Haryana,India
parkobot,Advanced Hardware & Technology,Kolkata,2.02,Seed,Inflection Point Ventures,2025,July,Enterprise / SaaS,Kolkata,West Bengal,India
enercomp,Advanced Hardware & Technology,Ahmedabad,1.93,Unknown,Unknown,2025,July,Enterprise / SaaS,Ahmedabad,Gujarat,India
cosmoss,Ecommerce,Gurgaon,1.9256,Seed,Malika Sadani,2025,July,Ecommerce / Retail,Gurgaon,Haryana,India
infinity fincorp,Fintech,Mumbai,581.0,Unknown,Partners Group,2025,July,FinTech,Mumbai,Maharashtra,India
varthana,Fintech,Bangalore,154.38,Debt,Unknown,2025,July,FinTech,Bangalore,Karnataka,India
khetika,Ecommerce,Bangalore,149.4,Series B,"Narotam Sekhsaria Family Office, Anicut Capital",2025,July,Ecommerce / Retail,Bangalore,Karnataka,India
inprime finserv,Fintech,Bangalore,49.8,Series A,Pravega Ventures,2025,July,FinTech,Bangalore,Karnataka,India
chai bisket,Media & Entertainment,Hyderabad,41.5,Seed,"Infoedge Ventures, General Catalyst",2025,July,HealthTech,Hyderabad,Telangana,India
belong,Fintech,Bangalore,41.5,Seed,Elevation Capital,2025,July,FinTech,Bangalore,Karnataka,India
clean fanatics,Consumer,Bangalore,16.6,Seed,Inflection Point Ventures,2025,July,Consumer Internet,Bangalore,Karnataka,India
cookd,Ecommerce,Chennai,16.6,Pre-Series A,Spring Marketing Capital,2025,July,Ecommerce / Retail,Chennai,Tamil Nadu,India
gramik,Agritech,Lucknow,16.6,Unknown,Unknown,2025,July,AgriTech,Lucknow,Uttar Pradesh,India
green aero,Advanced Hardware & Technology,Delhi,13.28,Seed,Pi Ventures,2025,July,Enterprise / SaaS,Delhi,Delhi,India
amama,Ecommerce,Delhi,8.3,Unknown,Mistry Ventures,2025,July,Ecommerce / Retail,Delhi,Delhi,India
wiselife,Ecommerce,Gurgaon,7.74,Seed,Rukam Capital,2025,July,Ecommerce / Retail,Gurgaon,Haryana,India
linkrunner,AI,Bangalore,4.65,Unknown,Titan Capital,2025,July,Artificial Intelligence,Bangalore,Karnataka,India
divine hindu,Ecommerce,Gurgaon,1.5,Seed,Unknown,2025,July,Ecommerce / Retail,Gurgaon,Haryana,India
jeh aerospace,Advanced Hardware & Technology,Hyderabad,1.5023,Unknown,Indigo Ventures,2025,July,Enterprise / SaaS,Hyderabad,Telangana,India
jumbotail,Ecommerce,Bangalore,996.0,Series D,"Sc Ventures, Artal Asia",2025,July,Ecommerce / Retail,Bangalore,Karnataka,India
inframarket,Real Estate,Thane,415.0,Debt,Mars Growth Capital,2025,July,Real Estate / PropTech,Mumbai,Maharashtra,India
incred finance,Fintech,Mumbai,388.44,Debt,"Morgan Stanley, Nippon Life India",2025,July,FinTech,Mumbai,Maharashtra,India
eggoz,Ecommerce,Gurgaon,166.0,Series C,"Gaja Capital, Ivycap Ventures, Rebright Partners, Avaaunknown Capital, Nabventures, Merisis Opportunities Fund, Arvind Thakur, S Ramadorai, Artek Chemicals, Blue Dot Capital",2025,July,Ecommerce / Retail,Gurgaon,Haryana,India
appsforbharat,Consumer,Bangalore,166.0,Series C,"Susquehanunknown Asia Vc, Fundamentum, Elevation Capital, Peak Xv Partners",2025,July,Consumer Internet,Bangalore,Karnataka,India
aukera,Ecommerce,Bangalore,124.5,Series B,"Peak Xv Partners, Fireside Ventures, Sparrow Capital, Prath Ventures, Alteria Capital",2025,July,Ecommerce / Retail,Bangalore,Karnataka,India
bambrew,Enterprise,Bangalore,87.15,Series B,"Ashok Goel, Enrission India Capital",2025,July,Enterprise / SaaS,Bangalore,Karnataka,India
eeki,Agritech,Kota,58.1,Series A,Sixth Sense Ventures,2025,July,AgriTech,Kota,Rajasthan,India
zango ai,AI,Indore,39.84,Seed,"Nexus Venture Partners, South Park Commons, Notion Capital, No Label Ventures, Start Ventures",2025,July,Artificial Intelligence,Indore,Madhya Pradesh,India
maieutic semiconductor,Advanced Hardware & Technology,Bangalore,34.86,Seed,"Endiya Partners, Exfinity Venture Partners",2025,July,Enterprise / SaaS,Bangalore,Karnataka,India
luma fertility,Healthcare,Mumbai,33.2,Seed,"Peak Xv, Ameera Shah, Vijay Taparia",2025,July,HealthTech,Mumbai,Maharashtra,India
gobblecube,AI,Gurgaon,29.05,Pre-Series A,"Infoedge Ventures, Kae Capital",2025,July,Artificial Intelligence,Gurgaon,Haryana,India
loopworm,Healthcare,Bangalore,27.39,Pre-Series A,"Waterbridge Ventures, Enrission India Capital",2025,July,HealthTech,Bangalore,Karnataka,India
cimware,Advanced Hardware & Technology,Bangalore,19.09,Pre-Series A,Transition Vc,2025,July,Enterprise / SaaS,Bangalore,Karnataka,India
sthyr energy,Cleantech,Chennai,8.3,Seed,"Speciale Invest, Antares Ventures",2025,July,Enterprise / SaaS,Chennai,Tamil Nadu,India
astrophel aerospace,Advanced Hardware & Technology,Pune,6.64,Pre-Seed,Unknown,2025,July,Enterprise / SaaS,Pune,Maharashtra,India
lamark biotech,Healthcare,Bangalore,6.37,Pre-Series A,"Ian Alpha Fund, Viunknownyender Tulla, Nita Roy, Venkataraman Knk",2025,July,HealthTech,Bangalore,Karnataka,India
fitfeast,Ecommerce,Delhi,5.35,Seed,"Inflection Point Ventures, Raghav Singhal, Santosh Govindaraju, Abhishek Chopra, Aabhas Khanunknown",2025,July,Ecommerce / Retail,Delhi,Delhi,India
garaaz,Enteprise,Jaipur,4.41,Seed,Gvfl,2025,July,Others,Jaipur,Rajasthan,India
fes cafe,Food,Gurgaon,2.91,Seed,Wolfpack Labs,2025,July,FoodTech,Gurgaon,Haryana,India
ajnalens,Advanced Hardware & Technology,Thane,2.9133,Unknown,Lenskart,2025,July,Enterprise / SaaS,Mumbai,Maharashtra,India
raphe mphibr,Advanced Hardware & Technology,Noida,830.0,Unknown,"General Catalyst, Think Investments, Amal Parikh",2025,June,Enterprise / SaaS,Noida,Uttar Pradesh,India
giva,Ecommerce,Bangalore,514.6,Unknown,"Creaegis, Premji Invest, Epiq Capital, Edelweiss Discovery Fund",2025,June,Ecommerce / Retail,Bangalore,Karnataka,India
eka mobility,Cleantech,Pune,190.9,Unknown,Eunknownm Holdings,2025,June,Enterprise / SaaS,Pune,Maharashtra,India
shopos,AI,Ahmedabad,166.0,Seed,3State Ventures,2025,June,Artificial Intelligence,Ahmedabad,Gujarat,India
gokwik,Fintech,Delhi,107.9,Unknown,"Rtp Global, Z47, Peak Xv Partners, Think Investments",2025,June,FinTech,Delhi,Delhi,India
sahi,Fintech,Mumbai,87.15,Series A,"Accel, Elevation Capital",2025,June,FinTech,Mumbai,Maharashtra,India
fabheads,Advanced Hardware & Technology,Chennai,83.0,Series A,"Accel, Trifecta Capital",2025,June,Enterprise / SaaS,Chennai,Tamil Nadu,India
kazam,Cleantech,Bangalore,51.46,Series B,"Interunknowntiounknownl Fiunknownnce Corporation, Vertex Ventures Sea, India, Avaaunknown Capital",2025,June,Enterprise / SaaS,Bangalore,Karnataka,India
flipspaces,Real Estate,Mumbai,48.97,Unknown,Asiaunknown Fund,2025,June,Real Estate / PropTech,Mumbai,Maharashtra,India
stayvista,Travel,Mumbai,41.5,Series B,"Jsw Ventures, Dsg Consumer Partners, Capri Global Family Office",2025,June,Travel / Hospitality,Mumbai,Maharashtra,India
rabitat,Ecommerce,Delhi,38.18,Series A,"Rpsg Capital, Dsg Consumer Partners, Capital A, Accurize Syndicate, Flair Writing Family Office, Eagle Venture Fund, Ag Ventures, Vedang Patel, Harsh Lal, Rohin Samtaney, Ramakant Sharma, Sourabh Jain, Ankit Nagori",2025,June,Ecommerce / Retail,Delhi,Delhi,India
zilo,Consumer,Mumbai,37.35,Seed,"Info Edge Ventures, Chiratae Ventures",2025,June,Consumer Internet,Mumbai,Maharashtra,India
evera cabs,Travel,Delhi,33.2,Debt,Mufin Green Fiunknownnce,2025,June,Travel / Hospitality,Delhi,Delhi,India
coratia,Advanced Hardware & Technology,Rourkela,16.6,Pre-Series A,Mgfunknownkavachh,2025,June,Enterprise / SaaS,Rourkela,Odisha,India
fantail,Enterprise,Surat,13.28,Seed,"Riverwalk Holdings, Incubate Fund Asia, All In Capital",2025,June,Enterprise / SaaS,Surat,Gujarat,India
armory,Advanced Hardware & Technology,Gurgaon,12.45,Unknown,"Growx Ventures, Industrial 47, Antler, Ac Ventures, Dexter Ventures",2025,June,Enterprise / SaaS,Gurgaon,Haryana,India
jobizo,Enterprise,Gurgaon,11.62,Pre-Series A,"Inflection Point Ventures, Alkemi Ventures",2025,June,Enterprise / SaaS,Gurgaon,Haryana,India
skippi,Ecommerce,Hyderabad,11.62,Pre-Series A,Unknown,2025,June,Ecommerce / Retail,Hyderabad,Telangana,India
auraml,AI,Bangalore,8.3,Pre-Seed,"Turbostart, Devc, Gsf Accelerator, Indian Angel Network",2025,June,Artificial Intelligence,Bangalore,Karnataka,India
innovodigm,Healthcare,Kolkata,5.34,Seed,Ian Group,2025,June,HealthTech,Kolkata,West Bengal,India
truliv,Real Estate,Chennai,5.3369,Unknown,"Bennett, Coleman, Co",2025,June,Real Estate / PropTech,Chennai,Tamil Nadu,India
wiom,Consumer / Enterprise,Delhi,290.5,Unknown,"Bertelsmann India Investments, Accel, Prosus, Promaft Partners, Rtp Global",2025,June,Consumer Internet,Delhi,Delhi,India
pop,Fintech,Bangalore,249.0,Unknown,Razorpay,2025,June,FinTech,Bangalore,Karnataka,India
oben electric,Cleantech,Bangalore,95.45,Series A,"Helios Holdings, Sharda Family Office, Kay Family",2025,June,Enterprise / SaaS,Bangalore,Karnataka,India
techfino,Fintech,Bangalore,62.25,Unknown,"Stellaris Venture Partners, Saison Capital",2025,June,FinTech,Bangalore,Karnataka,India
saswat finance,Fintech,Mumbai,21.58,Pre-Series A,"Ankur Capital, Incubate Fund Asia",2025,June,FinTech,Mumbai,Maharashtra,India
illumine,Enterprise,Chennai,20.75,Seed,Prime Venture Partners,2025,June,Enterprise / SaaS,Chennai,Tamil Nadu,India
darwix ai,AI,Gurgaon,12.45,Unknown,"Rebalance, Ipv, Jito Incubation And Innovation Foundation, Growth Sense, Growth91, Ankit Nagori, Sanjay Suri, Amit Lakhotia, Mekin Maheshwari",2025,June,Artificial Intelligence,Gurgaon,Haryana,India
7 ring,Ecommerce,Mumbai,3.83,Pre-Series A,"Venture Catalysts, Anchorage Capital Partners, Sheth Family Office",2025,June,Ecommerce / Retail,Mumbai,Maharashtra,India
nuvie,Ecommerce,Bangalore,3.73,Pre-Seed,Pedalstart,2025,June,Ecommerce / Retail,Bangalore,Karnataka,India
xportel,Logistics,Delhi,3.735,Seed,"Rukam Sitara, Flipkart Ventures",2025,June,Logistics / Supply Chain,Delhi,Delhi,India
decentro,Fintech,Bangalore,30.0,Series B,Infoedge Ventures,2025,June,FinTech,Bangalore,Karnataka,India
sanlayan,Defence Electronics,Bangalore,186.0,Series A,"Gemba Capital, Singularity Ventures, And Shastra Vc",2025,June,DeepTech / Hardware,Bangalore,Karnataka,India
roomstoryai,AI,Gurgaon,3.0,Pre-Seed,Rukam Sitara Fund,2025,June,Artificial Intelligence,Gurgaon,Haryana,India
vecmocon,Deeptech,Delhi,149.4,Series A,Eif,2025,June,Enterprise / SaaS,Delhi,Delhi,India
cred,Fintech,Bangalore,617.0,Other,Gic’S Lathe Investment,2025,June,FinTech,Bangalore,Karnataka,India
flick tv,Ott,Noida,19.09,Seed,Stellaris Venture Partners,2025,June,Others,Noida,Uttar Pradesh,India
kazam,Electric Mobility,Bangalore,49.8,Series B,Vertex Ventures,2025,June,Enterprise / SaaS,Bangalore,Karnataka,India
wow momo,Qsr,Kolkata,85.0,Debt,Stride Ventures,2025,June,Others,Kolkata,West Bengal,India
powerup money,Fintech,Bangalore,58.93,Seed,Accel,2025,June,FinTech,Bangalore,Karnataka,India
flexiloans,Fintech,Mumbai,375.0,Series C,Bii,2025,June,FinTech,Mumbai,Maharashtra,India
garuda aerospace,Drone,Chennai,8.3,Unspecified Round,Narotam Sekhsaria Family Office,2025,June,Others,Chennai,Tamil Nadu,India
piston,Digital Payment,Chennai,50.63,Seed,"Spark Capital, Pear Vc And Bond",2025,June,Enterprise / SaaS,Chennai,Tamil Nadu,India
leumas,Deeptech,Bangalore,18.26,Seed,Capital 2B,2025,June,Enterprise / SaaS,Bangalore,Karnataka,India
machaxi,Sportstech,Bangalore,12.45,Unspecified Round,"Rainmatter, Prakash Padukone",2025,June,Enterprise / SaaS,Bangalore,Karnataka,India
knest,Constructiontech,Pune,300.0,Unspecified Round,Lighthouse,2025,June,Enterprise / SaaS,Pune,Maharashtra,India
metashot,Gaming,Bangalore,2.0,Other,Karunknowntaka Govt’S Venture Fund,2025,June,Others,Bangalore,Karnataka,India
repello ai,AI,Bangalore,9.96,Seed,Venture Highway,2025,June,Artificial Intelligence,Bangalore,Karnataka,India
giva,D2C Jewellery,Bangalore,450.0,Series C,Creaegis,2025,June,Ecommerce / Retail,Bangalore,Karnataka,India
kisah,Mens Ethnicwear,Kolkata,13.0,Unspecified Round,Wow Momo,2025,June,Others,Kolkata,West Bengal,India
iom bioworks,Deep Science,Bangalore,4.0,Seed,Inflection Point Ventures,2025,June,DeepTech / Hardware,Bangalore,Karnataka,India
plutope,Decentralized Finance Defi,Gurgaon,5.0,Pre-Seed,Manit Gupta,2025,June,FinTech,Gurgaon,Haryana,India
spinny,Used Car,Gurgaon,249.0,Series F,Westbridge Capital,2025,June,Others,Gurgaon,Haryana,India
qubeats,Quantum Computing,Telangana,24.15,Other,Corporate: Idex,2025,June,DeepTech / Hardware,,Telangana,India
nxt meal,Food,Karnataka,6.22,Seed,Unknown,2025,June,FoodTech,,Karnataka,India
the tarzan way,Online Travel,Delhi,1.93,Seed,Inflection Point Ventures,2025,June,Consumer Internet,Delhi,Delhi,India
loantap,Alternative Lending,Maharashtra,52.21,Series B,July Ventures,2025,June,FinTech,,Maharashtra,India
loantap,Alternative Lending,Maharashtra,19.34,Venture Debt,Unknown,2025,June,FinTech,,Maharashtra,India
plush,Personal Care Products,Tamil Nadu,38.68,Series B,Blume Ventures,2025,June,Consumer Goods / D2C,,Tamil Nadu,India
naagin sauce,Food,Maharashtra,17.43,Seed,8I Ventures,2025,June,FoodTech,,Maharashtra,India
khari foods,Online Grocery,Delhi,2.9,Seed,Meri Punji,2025,June,Consumer Internet,Delhi,Delhi,India
stride green,Green Sme Loans,Haryana,29.05,Seed,"Micelio Tech Fund, Incubate Fund India",2025,June,FinTech,,Haryana,India
handpickd,Online Grocery,Delhi,21.0,Seed,"Genesia Ventures, Beenext",2025,June,Consumer Internet,Delhi,Delhi,India
gully labs,Fashion,Uttar Pradesh,1.07,Venture Debt,Stride Ventures,2025,June,Consumer Goods / D2C,,Uttar Pradesh,India
manipal,Education Healthcare,Karnataka,4980.0,Debt,Kkr,2025,June,HealthTech,,Karnataka,India
gyandhan,Higher Education,Delhi,48.55,Series A,"Pravega Ventures, Gray Matters Capital",2025,June,EdTech,Delhi,Delhi,India
shapoorji pallonji,Real Estate,Maharashtra,622.5,Debt,"Synergy, Cerberus Capital Maunknowngement",2025,June,Real Estate / PropTech,,Maharashtra,India
udaan,B2B Ecommerce,Karnataka,946.2,Series G,"M, G, Sameunknown Capital",2025,June,Ecommerce / Retail,,Karnataka,India
pepperfry,Home Improvements,Maharashtra,42.0,Series F,Norwest Venture Partners,2025,June,Others,,Maharashtra,India
spense,Investment,Karnataka,15.36,Seed,Growthcap Ventures,2025,June,FinTech,,Karnataka,India
samunnati,Agritech,Tamil Nadu,48.47,Debt,Elevar Equity,2025,June,AgriTech,,Tamil Nadu,India
samunnati,Agritech,Tamil Nadu,50.0,Strategic Investment,Unknown,2025,June,AgriTech,,Tamil Nadu,India
farmako,Healthcare,Uttarakhand,50.0,Seed,"Genesia Ventures, Y Combiunknowntor",2025,June,HealthTech,,Uttarakhand,India
snitch,D2C Menswear,Nan,332.0,Other,"360 One Asset, Ivycap, Swc Global, Ravi Modi Office",2025,June,Ecommerce / Retail,,,
stable money,Fintech,Nan,166.0,Series A,"Fundamentum, Aditya Birla Ventures, Lightspeed",2025,June,FinTech,,,
decentro,Fintech,Nan,30.0,Series B,"Infoedge Ventures, Y Combiunknowntor",2025,June,FinTech,,,
biopeak,Wellness & Longevity,Nan,24.9,Seed,"Claypond Capital, Rainmatter",2025,June,Enterprise / SaaS,,,
kosmc ai,Socialcommerce Infrastructure,Nan,24.9,Pre-Seed,Unknown,2025,June,Ecommerce / Retail,,,
atlanture sports,Sports & Media,Nan,21.0,Strategic Investment,Rannvijay Singha,2025,June,HealthTech,,,
true diamond,Labgrown Diamond Jewellery,Nan,26.0,Pre-Series A,Unknown,2025,June,Others,,,
upurfit,Sports Wellness,Nan,26.0,Strategic Investment,Jonty Rhodes (Angel Investor),2025,June,Media / Entertainment / Gaming,,,
stable money,Fintech,Bangalore,166.0,Series B,The Fundamentum Partnership Fund,2025,May,FinTech,Bangalore,Karnataka,India
mufin green,Ev Financier,Delhi,149.4,Debt,Usunknownbased Institution,2025,May,FinTech,Delhi,Delhi,India
slikk,Fashion Delivery,Bangalore,83.0,Series A,Nexus Venture Partners,2025,May,Consumer Goods / D2C,Bangalore,Karnataka,India
citykart,Value Fashion Retailer,Gurgaon,538.0,Series B,"Tpg Newquest, A91",2025,May,Ecommerce / Retail,Gurgaon,Haryana,India
eume,Premium Travel Luggage,Mumbai,25.0,Series A,Ashish Kacholia,2025,May,Travel / Hospitality,Mumbai,Maharashtra,India
fleetxio,SaaS,Gurgaon,113.0,Series C,Indiamart Intermesh And Beenext’S Accelerate Fund,2025,May,Enterprise / SaaS,Gurgaon,Haryana,India
frinks ai,Manufacturing Ai,Bangalore,44.82,Pre-Series A,Prime Ventures Partners,2025,May,Artificial Intelligence,Bangalore,Karnataka,India
contineu,Deeptech,Us,9.96,Seed,Senseai Ventures,2025,May,Enterprise / SaaS,,,USA
orbitt space,Spacetech,Ahmedabad,8.3,Pre-Seed,"Pi Ventures, Iima Ventures",2025,May,Enterprise / SaaS,Ahmedabad,Gujarat,India
myntra,Fashion Ecommerce,Bangalore,1029.2,Unknown,Fk Myntra Holdings,2025,May,Ecommerce / Retail,Bangalore,Karnataka,India
growit,Agritech,Surat,24.9,Series A,Gvfl,2025,May,AgriTech,Surat,Gujarat,India
saarathi finance,Fintech,Mumbai,475.0,Unspecified Round,Equity Capital,2025,May,FinTech,Mumbai,Maharashtra,India
ilios 72 alternative capital,Wealth Management,Gurgaon,1.0,Seed,Group Of Family Offices,2025,May,FinTech,Gurgaon,Haryana,India
snabbit,Quick,Mumbai,157.7,Series B,Lightspeed,2025,May,Others,Mumbai,Maharashtra,India
simply nam,Beauty,Mumbai,157.7,Unknown,Bhaane Group,2025,May,Consumer Goods / D2C,Mumbai,Maharashtra,India
cleevo,Home Hygiene,Nashik,8.3,Seed,Eterunknownl Capital,2025,May,Others,Nashik,Maharashtra,India
ziniosa,Luxury Fashion,Bangalore,8.3,Unknown,Inflection Point Ventures (Ipv),2025,May,Consumer Goods / D2C,Bangalore,Karnataka,India
khiladipro,Sporttech,Bangalore,8.3,Pre-Seed,Shastra Vc And,2025,May,Enterprise / SaaS,Bangalore,Karnataka,India
snitch,Fashion,Bangalore,280.0,Series B,360 Asset Maunknowngement Fund,2025,May,Consumer Goods / D2C,Bangalore,Karnataka,India
unbound,Enterprise Ai Security And Governance,Pune,33.2,Seed,Race Capital,2025,May,Enterprise / SaaS,Pune,Maharashtra,India
battery smart,Battery Swapping,Delhi,240.7,Series B,Rising Tide Energy,2025,May,Others,Delhi,Delhi,India
euler motors,Ev,Delhi,638.0,Series D,Hero Motocorp,2025,May,Mobility / Automotive / EV,Delhi,Delhi,India
cloudsek,Cybersecurity,Bangalore,157.7,Other,Teunknowncity Ventures And Commvault,2025,May,Enterprise / SaaS,Bangalore,Karnataka,India
curebay,Healthcare,Bhubaneswar,174.3,Series B,Series B,2025,May,HealthTech,Bhubaneswar,Odisha,India
miraggio,Fashion,Gurgaon,53.95,Other,Rpsg Capital Ventures,2025,May,Consumer Goods / D2C,Gurgaon,Haryana,India
tan90,Deeptech,Chennai,20.0,Series A,Nabventures,2025,May,Enterprise / SaaS,Chennai,Tamil Nadu,India
misfits,Community,Gurgaon,5.0,Seed,Info Edge Ventures And Better Capital,2025,May,Enterprise / SaaS,Gurgaon,Haryana,India
mythik,Media Technology,Mumbai,124.5,Seed,Sakal Media Group,2025,May,HealthTech,Mumbai,Maharashtra,India
biostate ai,Biotech,Us,99.6,Series A,Accel,2025,May,Enterprise / SaaS,,,USA
data sutram,Fintech,Mumbai,74.7,Series A,"B Capital, Lightspeed",2025,May,FinTech,Mumbai,Maharashtra,India
zoca,Agentic Ai,Gurgaon,49.8,Unspecified Round,Accel,2025,May,Artificial Intelligence,Gurgaon,Haryana,India
promethean energy,Cleantech,Mumbai,16.6,Pre-Series A,Transition Vc,2025,May,Enterprise / SaaS,Mumbai,Maharashtra,India
shuru,Social Media,Gurgaon,16.6,Series A,Krafton India,2025,May,HealthTech,Gurgaon,Haryana,India
alt carbon,Deeptech,Kolkata,99.6,Seed,Lachy Groom,2025,May,Enterprise / SaaS,Kolkata,West Bengal,India
blackcarrot,D2C Dinnerware,Mumbai,99.6,Pre-Seed,Venture Catalysts,2025,May,Ecommerce / Retail,Mumbai,Maharashtra,India
openfx,Fx Infrastructure,Us,190.9,Seed,Accel,2025,May,Others,,,USA
kskt,Agritech,Gurgaon,10.79,Other,Keiretsu Forum And Favcy’S 1Stcheque Angel Network,2025,May,AgriTech,Gurgaon,Haryana,India
farmley,Snacking,Noida,332.0,Series C,L Catterton,2025,May,FoodTech,Noida,Uttar Pradesh,India
avammune therapeutics,Healthcare,Bangalore,99.6,Series A,Capital 2B,2025,May,HealthTech,Bangalore,Karnataka,India
celebal tech,It,Jaipur,124.5,Series B,"Incred Growth Partners Fundunknowni And Norwest Capital, Llc",2025,May,Enterprise / SaaS,Jaipur,Rajasthan,India
citrus freight,Shipping,Bangalore,2.5,Bridge,"Caret Capital, Indigram Labs Foundation",2025,May,Logistics / Supply Chain,Bangalore,Karnataka,India
m1xchange,Supply Financing,Gurgaon,83.0,Other,Filter Capital,2025,May,FinTech,Gurgaon,Haryana,India
hyperbots,AI,Mumbai,53.95,Seed,Arkam Ventures And Athera Venture Partners,2025,May,Artificial Intelligence,Mumbai,Maharashtra,India
biryani blues,Qsr,Gurgaon,41.5,Other,Yugadi Capital,2025,May,Others,Gurgaon,Haryana,India
be clinical,Skincare,Mumbai,2.0,Seed,Titan Capital,2025,May,Others,Mumbai,Maharashtra,India
jsw one,B2B Ecommerce,Mumbai,340.0,Unknown,"Principal Asset Maunknowngement, Oneup, Jsw Steel",2025,May,Ecommerce / Retail,Mumbai,Maharashtra,India
tiea connectors,B2B Esdm Electronic System Design And Manufacturing,Bangalore,22.0,Unspecified Round,Jamwant Ventures And Valour Capital,2025,May,Enterprise / SaaS,Bangalore,Karnataka,India
flam,Mixed Reality Content,Bangalore,116.2,Series A,Rtp Global,2025,May,Enterprise / SaaS,Bangalore,Karnataka,India
adopt ai,Agentic Ai,Bangalore,49.8,Seed,Elevation Capital,2025,May,Artificial Intelligence,Bangalore,Karnataka,India
reelsaga,Mobilefirst Entertainment,Mumbai,17.43,Other,Picus Capital,2025,May,Artificial Intelligence,Mumbai,Maharashtra,India
bluestone,Omnichannel Jewellery,Bangalore,40.0,Debt,Blacksoil And Caspian Impact Investments,2025,May,Others,Bangalore,Karnataka,India
vflowtech,Vanadium Redox Flow Battery,Kolkata,170.15,Unspecified Round,Granite Asia,2025,May,Others,Kolkata,West Bengal,India
contravault ai,Tender And Rfp Management,Delhi,5.1,Seed,Titan Capital,2025,May,Others,Delhi,Delhi,India
third bracket,Hiring,Bangalore,5.0,Seed,Hnis,2025,May,Others,Bangalore,Karnataka,India
luzo,For Salons Spas And Wellness Clinics,Mumbai,4.57,Seed,Enrission India Capital,2025,May,HealthTech,Mumbai,Maharashtra,India
complement1,Healthcare,Us,132.8,Seed,Owl Ventures And Blume Ventures,2025,May,HealthTech,,,USA
hocco,Ice Cream,Ahmedabad,83.0,Series B,Chounknown Family Office And Sauce.Vc,2025,May,Others,Ahmedabad,Gujarat,India
naptapgo,Pod Hotel,Noida,2.0,Pre-Seed,Ipv,2025,May,Travel / Hospitality,Noida,Uttar Pradesh,India
medvital,Medtech,Delhi,8.4,Pre-Seed,4Point0 Health Ventures,2025,May,HealthTech,Delhi,Delhi,India
1india family mart,Value Retail,Delhi,99.6,Series D,Gulf Islamic Investments,2025,May,Ecommerce / Retail,Delhi,Delhi,India
zenergize,Ev,Gurgaon,16.6,Seed,"Mohit Tandon, Himanshu Aggarwal",2025,May,Mobility / Automotive / EV,Gurgaon,Haryana,India
nobel hygiene,Disposable Hygiene,Mumbai,166.0,Unspecified Round,Neo Asset Maunknowngement,2025,May,Others,Mumbai,Maharashtra,India
fyn mobility,Evaas,Chennai,20.75,Unspecified Round,"Vijay Kedia, Lloyd Balajadia, Rahul Bothra",2025,May,Mobility / Automotive / EV,Chennai,Tamil Nadu,India
volt14,Battery,Bangalore,15.52,Pre-Series A,Blume Ventures,2025,May,Others,Bangalore,Karnataka,India
store my goods,Storage,Noida,4.0,Growth,Jito Incubation And Innovation Foundation (Jiif) And Family Offices,2025,May,Others,Noida,Uttar Pradesh,India
alt drx,Digital Real Estate,Bangalore,23.0,Unspecified Round,Qatar Development Bank,2025,May,Enterprise / SaaS,Bangalore,Karnataka,India
lifechart,Gut Wellness,Gurgaon,2.99,Seed,"Prajay Advisors, Prakash Mody, And Jayendra Shah",2025,May,Others,Gurgaon,Haryana,India
celcius logistics,Cold Aggregator,Mumbai,250.0,Series B,"Eurazeo, Omnivore",2025,May,Others,Mumbai,Maharashtra,India
91trucks,Commercial Vehicle,Delhi,43.0,Unspecified Round,Arkam Ventures,2025,May,Mobility / Automotive / EV,Delhi,Delhi,India
troovy,Kidsfocused Nutrition Food,Gurgaon,20.0,Pre-Series A,Fireside Ventures,2025,May,FoodTech,Gurgaon,Haryana,India
nawgati,Fuel Aggregator,Noida,20.75,Pre-Series A,Ajay Upadhyaya,2025,May,Others,Noida,Uttar Pradesh,India
korinmi,Korean Skin Clinic,Gurgaon,3.0,Pre-Seed,Vikas Agarwal,2025,May,HealthTech,Gurgaon,Haryana,India
the good bug,Gut Healthfocused,Mumbai,100.0,Series B,Susquehanunknown Asia,2025,May,HealthTech,Mumbai,Maharashtra,India
inspecity,Spacetech,Mumbai,46.48,Seed,Lucky Investment Maunknowngers,2025,May,Enterprise / SaaS,Mumbai,Maharashtra,India
insurance samadhan,Insurance,Noida,8.5,Strategic Investment,Innovito Ventures,2025,May,FinTech,Noida,Uttar Pradesh,India
flipspaces,Interior Design And Contracting,Mumbai,290.5,Series C,Iron Pillar,2025,May,Real Estate / PropTech,Mumbai,Maharashtra,India
routematic,Transportasaservice,Bangalore,332.0,Series C,Fullerton Carbon Action Fund And Shift4Good,2025,May,Logistics / Supply Chain,Bangalore,Karnataka,India
shiplog,Logistics,Gurgaon,6.5,Seed,Deepak Bhagunknownni Family Office,2025,May,Logistics / Supply Chain,Gurgaon,Haryana,India
blissclub,Womenfocused Directtoconsumer,Bangalore,33.0,Other,Elevation Capital,2025,May,Consumer Internet,Bangalore,Karnataka,India
posha,Kitchen Robotics,Posha,66.4,Series A,Accel,2025,May,FoodTech,,,
pb healthcare,Healthcare,Gurgaon,1809.4,Equity,"General Catalyst, Pb Fintech",2025,May,HealthTech,Gurgaon,Haryana,India
vaya,AI,Delhi,12.45,Unspecified Round,"Accel, Arkam Ventures",2025,May,Artificial Intelligence,Delhi,Delhi,India
high time foods,Food,Bangalore,9.96,Unspecified Round,Avaaunknown Capital,2025,May,FoodTech,Bangalore,Karnataka,India
zebu,Defense,Hyderabad,8.3,Pre-Series A,Bluehill Vc,2025,May,Cybersecurity,Hyderabad,Telangana,India
feline spirits,Craft Alcoholic Beverage,Delhi,5.2,Pre-Series A,Ipv,2025,May,FoodTech,Delhi,Delhi,India
gotrust,Privacy Compliance,Noida,3.32,Pre-Seed,Aevitas Capital,2025,May,Others,Noida,Uttar Pradesh,India
footprints preschool daycare,Early Childhood Education And Daycare,Noida,62.25,Series A,Tanglin,2025,May,EdTech,Noida,Uttar Pradesh,India
porter,Logistics,Bangalore,1660.0,Series F,Kedaara Capital And Wellington Maunknowngement,2025,May,Logistics / Supply Chain,Bangalore,Karnataka,India
uni seoul,Lifestyle,Pune,5.0,Seed,Sauce Vc,2025,April,Others,Pune,Maharashtra,India
malaki,Beverage,Mumbai,5.7,Seed,Venture Catalysts,2025,April,FoodTech,Mumbai,Maharashtra,India
carefi,Healthcare Fintech,Gurgaon,6.0,Debt,Revx,2025,April,FinTech,Gurgaon,Haryana,India
metafin,Fintech,Mumbai,83.0,Series A,Vertex Ventures Seai,2025,April,FinTech,Mumbai,Maharashtra,India
mugafi,AI,Gurgaon,24.9,Seed,Startupxseed,2025,April,Artificial Intelligence,Gurgaon,Haryana,India
collegedekho,Edtech,Gurgaon,40.0,Debt,Recur Club,2025,April,Enterprise / SaaS,Gurgaon,Haryana,India
primebook,Android Laptop,Delhi,16.6,Pre-Series A,Inflection Point Ventures,2025,April,Others,Delhi,Delhi,India
scandalous foods,B2B Indian Sweets,Nashik,2.0,Seed,New Age India Fund,2025,April,Enterprise / SaaS,Nashik,Maharashtra,India
kult,Beauty,Mumbai,166.0,Series A,M3M Family Office,2025,April,Consumer Goods / D2C,Mumbai,Maharashtra,India
stimuler,Edtech,Bangalore,31.12,Pre-Series A,"Lightspeed, Swc Global",2025,April,Enterprise / SaaS,Bangalore,Karnataka,India
qnu,Cyber Security,Bangalore,60.0,Series A,Nqm,2025,April,Enterprise / SaaS,Bangalore,Karnataka,India
vividobots,Robotics,Chennai,1.47,Seed,Inflection Point Ventures,2025,April,DeepTech / Hardware,Chennai,Tamil Nadu,India
hexahealth,Healthcare,Gurgaon,99.6,Series A,Orios Venture Partners And 3One4 Capital,2025,April,HealthTech,Gurgaon,Haryana,India
satleo labs,Space,Ahmedabad,27.39,Pre-Seed,Merak Ventures,2025,April,SpaceTech,Ahmedabad,Gujarat,India
sadhav offshore,Maritime,Mumbai,25.0,Equity,Negen Capital,2025,April,Enterprise / SaaS,Mumbai,Maharashtra,India
anveshan,D2C Food,Gurgaon,48.0,Series A,Wipro Consumer Care,2025,April,FoodTech,Gurgaon,Haryana,India
salt oral care,Preseries A,Mumbai,8.3,Pre-Series A,Lotus Holdings,2025,April,Others,Mumbai,Maharashtra,India
ivana jewels,Labgrown Diamonds,Surat,2.0,Seed,Avinya Ventures,2025,April,Others,Surat,Gujarat,India
fuze,Digital Assets Infrastructure,Abu Dhabi,101.26,Series A,"Galaxy And E, Capital",2025,April,FinTech,Abu Dhabi,,UAE
kaleidofin,Fintech,Chennai,43.99,Unspecified Round,Idh Farmfit Fund,2025,April,FinTech,Chennai,Tamil Nadu,India
finodaya capital,Nonbanking Financial,Indore,20.75,Seed,White Venture Capital,2025,April,FinTech,Indore,Madhya Pradesh,India
ivory,Healthcare,Delhi,8.3,Unspecified Round,"Iimunknowna Ventures, Capitalunknowna",2025,April,HealthTech,Delhi,Delhi,India
matbook,Construction,Gurgaon,6.22,Pre-Seed,"Seedstars Interunknowntiounknownl Ventures, Fluent Ventures And Everywhere Ventures",2025,April,Real Estate / PropTech,Gurgaon,Haryana,India
rebel foods,Cloud Kitchen,Mumbai,207.5,Series G,Qatar Investment Authority,2025,April,FoodTech,Mumbai,Maharashtra,India
devassure,SaaS,Chennai,207.5,Other,Eximius Ventures,2025,April,Enterprise / SaaS,Chennai,Tamil Nadu,India
poshs metal,Steel Processing,Pune,43.0,Unspecified Round,Aavishkaar Capital,2025,April,Others,Pune,Maharashtra,India
mydesignation,D2C Fashion,Thiruvananthapuram,10.38,Seed,Multiply Ventures,2025,April,Ecommerce / Retail,Thiruvananthapuram,Kerala,India
emversity,Edtech,Bangalore,41.5,Pre-Series A,Z47 And Lightspeed,2025,April,Enterprise / SaaS,Bangalore,Karnataka,India
vayudh,Drone,Delhi,83.0,Unspecified Round,Dharaunknown Capital,2025,April,Others,Delhi,Delhi,India
bankbazaar,Loan Sourcing,Chennai,55.0,Unspecified Round,"Muthoot Fincorp, Walden Interunknowntiounknownl",2025,April,FinTech,Chennai,Tamil Nadu,India
savein,Fintech,Delhi,37.0,Unspecified Round,"10X Founders, Oliver Jung, Leblon Capital, Stem Ai",2025,April,FinTech,Delhi,Delhi,India
intellicar,Fabric,Bangalore,112.05,Series A,Nuveen,2025,April,Others,Bangalore,Karnataka,India
greengrahi,Agritech,Delhi,32.0,Unspecified Round,Avaaunknown Capital,2025,April,AgriTech,Delhi,Delhi,India
rimigo,Travel,Bangalore,4.57,Pre-Seed,Reazon Capital,2025,April,Travel / Hospitality,Bangalore,Karnataka,India
optimized electrotech,Deeptech,Ahmedabad,49.8,Series A,Blume Ventures And Mela Ventures,2025,April,Enterprise / SaaS,Ahmedabad,Gujarat,India
v safe,Iot,Thanjavur,2.49,Seed,Priya Parthasarathy,2025,April,Others,Thanjavur,Tamil Nadu,India
sportsskill,Sports Technology,Pune,2.49,Pre-Seed,Waimea Bay Investments,2025,April,Enterprise / SaaS,Pune,Maharashtra,India
jupiter international,Solar,Kolkata,500.0,Unknown,Valuequest Scale Fund,2025,April,Climate / CleanTech / Energy,Kolkata,West Bengal,India
cura care,Oral Care,Bangalore,5.0,Pre-Seed,Zeropearl Vc,2025,April,Others,Bangalore,Karnataka,India
noto,Ice Cream,Mumbai,21.0,Angel,Equentis,2025,April,Others,Mumbai,Maharashtra,India
beastlife,Nutrition,Gurgaon,1.9,Unknown,Rinku Singh,2025,April,FoodTech,Gurgaon,Haryana,India
centa,Edtech,Bangalore,20.0,Series A,Colossa Ventures,2025,April,Enterprise / SaaS,Bangalore,Karnataka,India
jewelbox,D2C Labgrown Diamond Jewellery,Kolkata,26.56,Pre-Series A,V3 Ventures,2025,April,Ecommerce / Retail,Kolkata,West Bengal,India
rio innobev,Beverage,Pune,10.0,Pre-Series A,Atomic Capital,2025,April,FoodTech,Pune,Maharashtra,India
ofbusiness,B2B Commerce,Gurgaon,100.0,Unknown,Cornerstone Ventures,2025,April,Ecommerce / Retail,Gurgaon,Haryana,India
nothing before coffee,Qsr Coffee,Jaipur,19.09,Pre-Series A,Prath Ventures,2025,April,Others,Jaipur,Rajasthan,India
peppermint robotics,Robotics,Pune,33.2,Series A,Indian Angel Network,2025,April,DeepTech / Hardware,Pune,Maharashtra,India
garuda aerospace,Aerospace,Chennai,100.0,Series B,Venture Catalysts,2025,April,SpaceTech,Chennai,Tamil Nadu,India
magma,B2B Manufacturing,Ahmedabad,41.5,Series A,Capria Ventures,2025,April,Enterprise / SaaS,Ahmedabad,Gujarat,India
ipec,Ev Charging,Mumbai,24.9,Unknown,Gruhas,2025,April,Mobility / Automotive / EV,Mumbai,Maharashtra,India
jetsynthesys,Digital Entertainment And Technology,Pune,24.9,Unknown,Krafton,2025,April,Enterprise / SaaS,Pune,Maharashtra,India
easebuzz,Fintech,Pune,249.0,Unspecified Round,Bessemer,2025,April,FinTech,Pune,Maharashtra,India
asha ventures,Venture Capitalist,Mumbai,83.0,Unspecified Round,British Interunknowntiounknownl Investment (Bii),2025,April,Enterprise / SaaS,Mumbai,Maharashtra,India
vimano,Nanotech,Bangalore,25.0,Seed,Ankur Capital,2025,April,Enterprise / SaaS,Bangalore,Karnataka,India
innovist,Beauty Products,Gurgaon,136.0,Series B,Icici Venture,2025,April,Consumer Goods / D2C,Gurgaon,Haryana,India
calligotech,AI,Bangalore,9.13,Pre-Series A,Seafund And Artha Venture Fund,2025,April,Artificial Intelligence,Bangalore,Karnataka,India
juspay,Fintech,Bangalore,498.0,Series D,Kedaara Capital,2025,April,FinTech,Bangalore,Karnataka,India
sadbhav future tech,Agritech,Gurgaon,36.0,Other,Chaunknownkya Opportunities Fund,2025,April,AgriTech,Gurgaon,Haryana,India
siglqai,Edtech,Nan,78.85,Seed,The House Fund And Gsv Ventures,2025,April,Enterprise / SaaS,,,
outzidr,D2C Apparel,Bangalore,30.0,Seed,Stellaris Venture Partners,2025,April,Ecommerce / Retail,Bangalore,Karnataka,India
daveai,AI,Bangalore,30.0,Pre-Series A,Inflection Point Ventures,2025,April,Artificial Intelligence,Bangalore,Karnataka,India
cautio,Visual Telematics,Bangalore,11.0,Seed,"9Unicorns, Venture Catalysts, Antler India, Infinyte Club, Ministry Of Electronics And It (Meity)",2025,April,Others,Bangalore,Karnataka,India
agrostar,Agritech,Pune,55.61,Unspecified Round,Accel,2025,April,AgriTech,Pune,Maharashtra,India
eat better,D2C Snacking,Jaipur,17.0,Pre-Series A,Prath Ventures And Spring Marketing Capital,2025,April,FoodTech,Jaipur,Rajasthan,India
amicco,B2B,Gurgaon,8.3,Seed,Eximius,2025,April,Enterprise / SaaS,Gurgaon,Haryana,India
lets try,D2C Snack,Delhi,20.75,Unspecified Round,Swc Global,2025,April,FoodTech,Delhi,Delhi,India
paré innovations,Building Material Segment,Mumbai,70.55,Unspecified Round,Advenza Global Limited,2025,April,Others,Mumbai,Maharashtra,India
bhagva,Digital Spirituality,Delhi,8.3,Pre-Series A,Pradeep Nain,2025,April,Enterprise / SaaS,Delhi,Delhi,India
noise,Wearables,Gurgaon,166.0,Unspecified Round,Bose Corporation,2025,April,Others,Gurgaon,Haryana,India
xindus,Crossborder Logistics,Gurgaon,83.0,Pre-Series A,3One4 Capital And Orios Venture Partners,2025,April,Logistics / Supply Chain,Gurgaon,Haryana,India
eloelo,Live Social Entertainment,Bangalore,112.05,Series B,Play Ventures,2025,April,Artificial Intelligence,Bangalore,Karnataka,India
askmyguru,Spiritualtech,Bangalore,9.96,Seed,Lumikai,2025,April,Enterprise / SaaS,Bangalore,Karnataka,India
bower,Edtech,Hyderabad,11.5,Seed,Highunknownnetunknownworth Individuals (Hnis) And Astir Ventures,2025,April,Enterprise / SaaS,Hyderabad,Telangana,India
mosaic wellness,Healthcare,Mumbai,166.0,Unknown,Think Investment,2025,April,HealthTech,Mumbai,Maharashtra,India
greenline mobility,Green Logistics,Surat,166.0,Unknown,Nikhil Kamath,2025,April,Logistics / Supply Chain,Surat,Gujarat,India
koparo,D2C,Delhi,14.11,Pre-Series A,Saama Capital,2025,April,Ecommerce / Retail,Delhi,Delhi,India
lehlah,Influencer Commerce,Mumbai,12.5,Seed,Gruhas,2025,April,Ecommerce / Retail,Mumbai,Maharashtra,India
spinny,Usedcar Sales,Gurgaon,1087.3,Unspecified Round,Accel Leaders Fund,2025,April,Others,Gurgaon,Haryana,India
tvaster genkalp,Healthcare,Chennai,10.38,Pre-Series A,Ideaspring Capital,2025,April,HealthTech,Chennai,Tamil Nadu,India
evenflow,Multibrand,Mumbai,41.5,Series A,"Venture Catalysts, Sunder Ramachandran",2025,April,Marketing / AdTech,Mumbai,Maharashtra,India
wendor,Smart Vending,Delhi,20.75,Seed,Elanpro,2025,April,Others,Delhi,Delhi,India
stance health,Healthcare,Bangalore,8.3,Pre-Seed,General Catalyst,2025,April,HealthTech,Bangalore,Karnataka,India
the bear house,D2C Menswear,Bangalore,50.0,Series A,Jm Fiunknownncial Private Equity,2025,April,Ecommerce / Retail,Bangalore,Karnataka,India
decharge,Ev Charging,Hyderabad,20.75,Seed,Lemniscap,2025,April,Mobility / Automotive / EV,Hyderabad,Telangana,India
yatrikart,Transit Retail,Indore,20.75,Series A,Mmg Group,2025,April,Ecommerce / Retail,Indore,Madhya Pradesh,India
argos watches,Luxury Watch,Surat,6.5,Other,Group Of Highunknownnetunknownworth Indian Investors,2025,April,Others,Surat,Gujarat,India
better nutrition,Biofortified Food,Lucknow,10.0,Seed,Family Offices And Highunknownnetunknownworth Individuals (Hnis),2025,April,FoodTech,Lucknow,Uttar Pradesh,India
innergize,D2C Mental Health,Mumbai,4.5,Pre-Seed,Antler,2025,April,HealthTech,Mumbai,Maharashtra,India
infinity fincorp,Fintech,Mumbai,332.0,Series A,Beams Fintech Fund,2025,April,FinTech,Mumbai,Maharashtra,India
fur jaden,Luggage And Lifestyle,Mumbai,9.13,Pre-Series A,Gruhas Collective Consumer Fund,2025,April,Others,Mumbai,Maharashtra,India
flipkart internet,Technology,Bangalore,3249.0,Unknown,Flipkart Marketplace Private Limited In Singapore,2025,April,Enterprise / SaaS,Bangalore,Karnataka,India
pratilipi,Storytelling,Bangalore,166.0,Series E,Jungle Ventures,2025,April,Others,Bangalore,Karnataka,India
rapidclaims,AI,Akola,91.3,Other,"Accel, Together Fund",2025,April,Artificial Intelligence,Akola,Maharashtra,India
furtherai,AI,Us,41.5,Unspecified Round,Nexus Venture Partners,2025,April,Artificial Intelligence,,,USA
sweet karam coffee,Foods And Beverages,Chennai,66.4,Series A,Peak Xv Partners,2025,April,FoodTech,Chennai,Tamil Nadu,India
scapia,Travel Fintech,Bangalore,332.0,Series B,Peak Xv Partners,2025,April,FinTech,Bangalore,Karnataka,India
perkant tech,Healthcare,Vishakhapatnam,6.6,Seed,Yournest Venture Capital,2025,April,HealthTech,Visakhapatnam,Andhra Pradesh,India
drivershaab,B2B Mobility,Patna,2.8,Pre-Series A,Inflection Point Ventures,2025,April,Enterprise / SaaS,Patna,Bihar,India
tonbo imaging,Defence,Bangalore,175.0,Other,"Florintree Advisors, Teunknowncity Ventures And The Exportunknownimport Bank Of India",2025,April,Cybersecurity,Bangalore,Karnataka,India
aerem,Solartech,Mumbai,100.0,Unspecified Round,Utec,2025,April,Enterprise / SaaS,Mumbai,Maharashtra,India
alienkind,Juice,Bangalore,9.96,Seed,"Prakash Sikaria, Ravi Iyer, Arpan Sheth",2025,April,Others,Bangalore,Karnataka,India
nexthop ai,AI,Us,913.0,Unspecified Round,Lightspeed,2025,March,Artificial Intelligence,,,USA
abound,Fintech,Us,116.2,Seed,Near Foundation,2025,March,FinTech,,,USA
smallcase,Online Investment,Bangalore,415.0,Series D,Elev8,2025,March,FinTech,Bangalore,Karnataka,India
country delight,Dairy Products,Gurgaon,207.5,Equity,"Temasek, Vunknownsciences Investments",2025,March,Artificial Intelligence,Gurgaon,Haryana,India
apna mart,Fmcg,Bangalore,214.0,Other,Accel And Fundamentum,2025,March,Consumer Goods / D2C,Bangalore,Karnataka,India
dcdc kidney care,Healthcare,Delhi,150.0,Unknown,Abc Impact,2025,March,HealthTech,Delhi,Delhi,India
curefoods,Cloud Kitchen,Bangalore,54.78,Unknown,"Blacksoil, Binny Bansal And Caspian Investments",2025,March,FoodTech,Bangalore,Karnataka,India
shoegr,Shoe Care,Chandigarh,0.83,Pre-Seed,Pedalstart,2025,March,Others,Chandigarh,Chandigarh,India
otipy,Agritech,Gurgaon,16.6,Venture Debt,Nuvama,2025,March,AgriTech,Gurgaon,Haryana,India
slikk club,Fashion Delivery,Bangalore,26.56,Seed,Lightspeed,2025,March,Consumer Goods / D2C,Bangalore,Karnataka,India
protecttai,Mobile Security,Gurgaon,76.0,Series A,Bessemer Venture Partners,2025,March,Enterprise / SaaS,Gurgaon,Haryana,India
nivara home finance,Housing Loan,Bangalore,245.0,Series B,True North,2025,March,FinTech,Bangalore,Karnataka,India
pilgrim,D2C Beauty,Bangalore,200.0,Other,Nsfo,2025,March,Ecommerce / Retail,Bangalore,Karnataka,India
chai kings,Chai Retail,Chennai,24.9,Series A,A.V. Thomas And Co,2025,March,Ecommerce / Retail,Chennai,Tamil Nadu,India
qila games,Gaming,Bangalore,8.3,Pre-Seed,Chimera Vc,2025,March,Others,Bangalore,Karnataka,India
lighthouse proptech,Proptech,Mumbai,20.75,Unspecified Round,Turbostart,2025,March,Enterprise / SaaS,Mumbai,Maharashtra,India
iyaso,Speech Therapy,Pune,4.15,Pre-Seed,Malpani Ventures,2025,March,Others,Pune,Maharashtra,India
my pahadi dukan,D2C Wellness,Jalandhar,4.15,Pre-Seed,Inflection Point Ventures,2025,March,Ecommerce / Retail,Jalandhar,Punjab,India
navadhan,Fintech,Mumbai,111.0,Series A,Nabventures,2025,March,FinTech,Mumbai,Maharashtra,India
asperai,AI,Bangalore,166.0,Unknown,Fractal,2025,March,Artificial Intelligence,Bangalore,Karnataka,India
everhope oncology,Healthcare,Delhi And Mumbai,83.0,Seed,Unknown,2025,March,HealthTech,,,
harvested robotics,AI,Hyderabad,5.0,Seed,Arali Ventures,2025,March,Artificial Intelligence,Hyderabad,Telangana,India
broadway,D2C,Mumbai,5.0,Strategic Investment,Gruhas,2025,March,Ecommerce / Retail,Mumbai,Maharashtra,India
nourish you,Plantbased Nutrition,Hyderabad,16.0,Series A,Sidbi Venture Capital,2025,March,FoodTech,Hyderabad,Telangana,India
ihub robotics,Humanoid Robotics,Ernakulam,4.3,Pre-Seed,U.S. Investors,2025,March,DeepTech / Hardware,Kochi,Kerala,India
hypergroai,AI,Bangalore,7.0,Pre-Series A,Eterunknownl Capital,2025,March,Artificial Intelligence,Bangalore,Karnataka,India
gooat,D2C Nutrition,Gurgaon,7.0,Pre-Seed,Sirounknown,2025,March,FoodTech,Gurgaon,Haryana,India
go zero,Ice Cream,Mumbai,30.0,Series A,"Dsg Consumer Partners, Saama Capital And V3 Ventures",2025,March,Others,Mumbai,Maharashtra,India
yummy bee,Café,Hyderabad,18.0,Other,Mile Deep Capital,2025,March,Others,Hyderabad,Telangana,India
zolve,Crossborder Neobank,Bangalore,2083.3,Series B,"Creaegis, Hsbc, Sbi Investment, Gmo Venture Partners",2025,March,FinTech,Bangalore,Karnataka,India
scimplify,Chemicals,Bangalore,332.0,Series B,"Accel, Bertelsmann India, Umi, Omnivore And 3One4 Capital",2025,March,Others,Bangalore,Karnataka,India
purple style labs,Omnichannel Luxury Fashion,Mumbai,332.0,Series E,"Sageone Flagship Growth Oe Fund, Alchemy Long Term Ventures Fund, Bajaj Holdings And Investment, And Minerva Ventures Fund",2025,March,Consumer Goods / D2C,Mumbai,Maharashtra,India
amperehour energy,Energy Storage,Pune,41.5,Series A,Avaaunknown Capital,2025,March,Climate / CleanTech / Energy,Pune,Maharashtra,India
gostops,Backpacker Hostel,Delhi,34.86,Series A,Blume Ventures,2025,March,Travel / Hospitality,Delhi,Delhi,India
indē wild,Ayurvedic Skincare,Mumbai,41.5,Seed,"Unilever Ventures, Sogal Ventures, The Global Ventures",2025,March,Others,Mumbai,Maharashtra,India
zuppa,Drone Manufacturing,Chennai,41.5,Strategic Investment,Garuda Aerospace,2025,March,Others,Chennai,Tamil Nadu,India
swish,Food,Bangalore,116.2,Series A,"Hara Global Capital, Accel",2025,March,FoodTech,Bangalore,Karnataka,India
gainhubai,Other,Haryana,0.83,Other,Growth Strategy Ventures,2025,March,Others,,Haryana,India
mapmycrop,Agritech,Pune,15.7,Seed,"Yournest Venture Capital, Eaglewings Venture",2025,March,AgriTech,Pune,Maharashtra,India
maxiq formerly gyaan ai,AI,Bangalore,64.74,Seed,"Dell Technologies Capital, Intel Capital",2025,March,Artificial Intelligence,Bangalore,Karnataka,India
photai,AI,Gurgaon,22.41,Seed,"Info Edge Ventures, Together Fund, Ac Ventures",2025,March,Artificial Intelligence,Gurgaon,Haryana,India
insurancedekho,Fintech,Gurgaon,581.0,Unspecified Round,"Beams Fintech Fund, Japan’S Mitsubishi Ufj Fiunknownncial Group (Mufg), And Insurer Bnp Paribas Cardif",2025,March,FinTech,Gurgaon,Haryana,India
beaconli,AI,San Fracisco,58.1,Series A,Sorin Investments,2025,March,Artificial Intelligence,San Francisco,California,USA
darwinbox,Hr Technology,Mumbai,1162.0,Other,Partners Group And Kkr,2025,March,Enterprise / SaaS,Mumbai,Maharashtra,India
nuuk,D2C Home Appliances,Gurgaon,41.5,Series A,"Vertex Ventures Seai, Good Capital",2025,March,Ecommerce / Retail,Gurgaon,Haryana,India
geniemode,B2B Crossborder Ecommerce,Gurgaon,415.0,Series C,"Multiples Alterunknownte Asset Maunknowngement, Fundamentum, Paramark Ventures, Info Edge Ventures",2025,February,Ecommerce / Retail,Gurgaon,Haryana,India
bridgetown research,SaaS,Bangalore,157.7,Unspecified Round,"Lightspeed, Accel",2025,February,Enterprise / SaaS,Bangalore,Karnataka,India
oxyzo,Fintech,Gurgaon,100.0,Debt,Ak Capital Fiunknownnce,2025,February,FinTech,Gurgaon,Haryana,India
quick clean,Linen Management Saas,Gurgaon,50.0,Other,"Alkemi Growth Capital, Blue Ashva Capital, Rs 10 Crore ($1.15M) Credit Line From Venture Debt Cos",2025,February,Enterprise / SaaS,Gurgaon,Haryana,India
dr reddys laboratories,Pharmaceutical,Hyderabad,30.0,Strategic Investment,Acquired A 0.32% Stake By Go Digit (Insurtech Unknown Investments),2025,February,HealthTech,Hyderabad,Telangana,India
fantv,Content Blockchain/Sui,Noida,24.9,Strategic Investment,"Mysten Labs, Cypher Capital, Coinswitch Ventures, Illumiunknownti Capital",2025,February,Artificial Intelligence,Noida,Uttar Pradesh,India
vidyut,Ev Fullstack,Bangalore,20.75,Unspecified Round,Flourish Ventures,2025,February,Mobility / Automotive / EV,Bangalore,Karnataka,India
hiwipay,Fintech,Mumbai,16.6,Seed,"Unicorn India Ventures, Dewang Neralla'S Family Office, Jupiter Metaverse Llp, Ritesh Malik, Mitesh Shah, Nilesh Doshi",2025,February,FinTech,Mumbai,Maharashtra,India
technodysis,It Cloud & Devops,Bangalore,10.0,Debt,Recur Club,2025,February,Enterprise / SaaS,Bangalore,Karnataka,India
sisir radar,Spacetech Sar Satellite Imaging,Kolkata,12.45,Seed,"Shastra Vc, Riverwalk Holdings, Invstt",2025,February,Enterprise / SaaS,Kolkata,West Bengal,India
jobizo,Hrtech Healthcare Staffing,Gurgaon,11.62,Other,Alkemi Growth Capital,2025,February,FinTech,Gurgaon,Haryana,India
astrogate labs,Spacetech Satellite Communications,Bangalore,10.79,Other,Piper Serica Angel Fund,2025,February,Enterprise / SaaS,Bangalore,Karnataka,India
triple tap games,Gaming Game Development,Mumbai,9.96,Pre-Seed,"Eximius Ventures, Kalaari Capital, Angel Investors From Entertainment, Gaming Community",2025,February,Mobility / Automotive / EV,Mumbai,Maharashtra,India
dodo payments,Fintech,Bangalore,9.13,Pre-Seed,"Antler, 9Unicorns, Venture Catalysts, Nitin Gupta, Maninder Gulati, Raymond Russell, Preethi Kasireddy, Nishant Verman",2025,February,FinTech,Bangalore,Karnataka,India
ritualistic,Home Decor D2C,Gurgaon,8.3,Other,"Deep Bajaj, Mohit Bajaj",2025,February,Ecommerce / Retail,Gurgaon,Haryana,India
earthful,Plantbased Nutrition D2C Wellness,Hyderabad,5.0,Seed,Srinivasan Namala,2025,February,FoodTech,Hyderabad,Telangana,India
pickkup,Logistics,Gurgaon,4.15,Seed,"We Founder Circle (Wfc), Angel Investors",2025,February,Logistics / Supply Chain,Gurgaon,Haryana,India
make in box,Deeptech Engineering,Gurgaon,2.16,Other,"Mile Deep Works, Mile Deep Capital",2025,February,Enterprise / SaaS,Gurgaon,Haryana,India
lightstorm,Cloud & Data Centre Networking,Gurgaon,700.0,Unspecified Round,Niif Infrastructure Fiunknownnce Limited (Niif Ifl),2025,February,Analytics / Big Data,Gurgaon,Haryana,India
udaan,B2B Ecommerce,Bangalore,622.5,Series G,Series G Equity Funding,2025,February,Ecommerce / Retail,Bangalore,Karnataka,India
waterfield advisors,Wealth Advisory Fintech,Mumbai,149.4,Unspecified Round,"Jungle Ventures (Primary, Secondary Investment)",2025,February,FinTech,Mumbai,Maharashtra,India
spyne,AI,Gurgaon,132.8,Series A,"Vertex Ventures, Accel, Storm Ventures, Alteria Capital",2025,February,Artificial Intelligence,Gurgaon,Haryana,India
the whole truth,Clean Label Health Food D2C,Mumbai,124.5,Series C,"Sofiunknown, Z47, Peak Xv Partners, Sauce.Vc",2025,February,HealthTech,Mumbai,Maharashtra,India
singulr ai,Enterprise Ai,Bangalore,83.0,Seed,"Nexus Venture Partners, Dell Technologies Capital",2025,February,Enterprise / SaaS,Bangalore,Karnataka,India
dogsee chew,D2C Pet Treats,Bangalore,66.4,Series B,"Ektha.Com, Shivanssh Holdings, Poddar Family Office",2025,February,Ecommerce / Retail,Bangalore,Karnataka,India
rare rabbit,Omnichannel Fashion Retailer,Bangalore,50.0,Growth,A91 Partners,2025,February,Ecommerce / Retail,Bangalore,Karnataka,India
ikonz studios,Digital Avatars & Holography Ai/Vr,Hyderabad,41.5,Pre-Series A,"Marc Jordan, Ramaunknown Thummu, Madhusudan Kela, Akash Bhanshali",2025,February,Enterprise / SaaS,Hyderabad,Telangana,India
probus smart things,Iot & Data Analytics,Noida,41.5,Series A,"Unicorn India Ventures, Usunknownbased, Indian Family Offices",2025,February,Analytics / Big Data,Noida,Uttar Pradesh,India
swish club,Devicesasaservice Daas,Bangalore,37.35,Pre-Series A,"Powerhouse Ventures, Blume Ventures, Founders Fund, Touchstone Ventures, Eterunknownl Capital, Atrium Ventures",2025,February,Mobility / Automotive / EV,Bangalore,Karnataka,India
onetab ai,Workplace Saas Ai,Indore,27.39,Seed,"Lit Fund, Orbit, Singapore Family Office, Sosv, Sunil Kumar Singhvi, Founders",2025,February,Enterprise / SaaS,Indore,Madhya Pradesh,India
almonds ai,Loyalty & Rewards Saas,Gurgaon,16.0,Seed,"Promoters Of Haldiram’S, Jito Incubation, Innovation Foundation (Jiif), Venture Catalysts, Ever Grow Capital, Nine Alps",2025,February,Enterprise / SaaS,Gurgaon,Haryana,India
noto ice cream,D2C Health Foods,Mumbai,15.0,Growth,"Inflection Point Ventures (Ipv), Jito Incubation, Innovation Foundation, Letsventure",2025,February,HealthTech,Mumbai,Maharashtra,India
dynolt,Deeptech Ai & Analytics,Bangalore,14.11,Seed,"Transition Vc, Yashowardhan Shah",2025,February,Enterprise / SaaS,Bangalore,Karnataka,India
you care lifestyle,Independent Verification Ecommerce,Mumbai,8.3,Unspecified Round,"Luke Coutinho, Narendra Firodia",2025,February,Ecommerce / Retail,Mumbai,Maharashtra,India
healthfab,D2C Reusable Period Panties,Bangalore,8.3,Pre-Series A,"Mistry Ventures, Beyondseed, Thrive Ventures, Anupam Mittal, Aman Gupta, Vineeta Singh, Peyush Bansal",2025,February,Ecommerce / Retail,Bangalore,Karnataka,India
bytes,AI,Pune,0.2,Other,Nikhil Kamath’S Wtfund (2024 Cohort),2025,February,Artificial Intelligence,Pune,Maharashtra,India
encharge ai,AI,Usa,830.0,Series B,Tiger Global,2025,February,Artificial Intelligence,,,USA
tonetag,Digital Payments Fintech,Bangalore,647.4,Unspecified Round,"Valuequest Scale Fund, Iron Pillar",2025,February,FinTech,Bangalore,Karnataka,India
spotdraft,Contract Lifecycle Management Clm Saas,Bangalore,448.2,Series B,"Vertex Growth Singapore, Trident Partners, Xeed Vc, Arkam Ventures, Prosus Ventures, Premji Invest",2025,February,Enterprise / SaaS,Bangalore,Karnataka,India
zeta,Banking Fintech Saas,Hyderabad,415.0,Other,Strategic Investor,2025,February,FinTech,Hyderabad,Telangana,India
75f,Commercial Hvac Automation Iot & Ai,Bangalore,373.5,Series B,"Accurant Interunknowntiounknownl'S Net Zero Alliance, Carrier Global Corporation, Climate Investment, Breakthrough Energy Ventures, Next47, Wind Ventures",2025,February,Artificial Intelligence,Bangalore,Karnataka,India
rapido,Mobility Bike Taxi,Bangalore,250.0,Series E,Prosus,2025,February,Enterprise / SaaS,Bangalore,Karnataka,India
jqr,Affordable Footwear D2C,Bahadurgarh,207.5,Other,Venturi Partners,2025,February,Ecommerce / Retail,Bahadurgarh,Haryana,India
lucidity,Multicloud Storage Saas,Bangalore,174.3,Series A,"Westbridge Capital, Alpha Wave",2025,February,Enterprise / SaaS,Bangalore,Karnataka,India
the whole truth,D2C Protein Bars Foodtech,Mumbai,133.0,Series C,"Sofiunknown Ventures, Peak Xv Partners, Matrix Partners, Sauce.Vc",2025,February,FoodTech,Mumbai,Maharashtra,India
nirmata,SaaS,Bangalore,79.68,Unspecified Round,"Peak Xv’S Surge, Dallas Venture Capital, Dreamit, Z5 Capital, Uncorrelated Ventures",2025,February,Enterprise / SaaS,Bangalore,Karnataka,India
borderplus,Global Workforce Mobility,Mumbai,58.1,Other,Owl Ventures,2025,February,Enterprise / SaaS,Mumbai,Maharashtra,India
bold care,D2C Sexual Wellness Healthtech,Mumbai,41.5,Series A,"Zerodha’S Rainmatter, Mithun Sacheti (Caratlane), Siddhartha Sacheti (Jaipur Diamond), Gruhas Collective Consumer Fund, Claris Capital",2025,February,HealthTech,Mumbai,Maharashtra,India
capgrid,B2B Manufacturing Supply Saas,Gurgaon,41.5,Unspecified Round,"Anicut Growth Fund, Nexus Venture Partners, Axilor Ventures",2025,February,Enterprise / SaaS,Gurgaon,Haryana,India
nivaan care,Chronic Pain Management Healthtech,Delhi,35.27,Seed,"Endiya Partners, W Health Ventures",2025,February,HealthTech,Delhi,Delhi,India
toonsutra,Webtoon & Comics Mediatech,Bangalore,26.56,Seed,"Holtzbrinck Publishing Group, Gmjp, Tunknownaccelerate, Google, Graphic India",2025,February,HealthTech,Bangalore,Karnataka,India
mysa,Unified Finance Fintech Saas,Bangalore,23.24,Seed,"Blume Ventures, Emvc, Antler, Neon Fund, Ciiie, Sriharsha Majety (Swiggy), Mohit Kumar (Ultrahuman), Naiyaa Saagi (Myglamm), Nitin Gupta (Uni)",2025,February,FinTech,Bangalore,Karnataka,India
eduvanz,Education Loan Fintech,Mumbai,25.52,Bridge,"Juvo Ventures, Capria Fund, Peak Xv, Unitus Ventures",2025,February,FinTech,Mumbai,Maharashtra,India
arthalpha,Investment Wealthtech,Bangalore,16.6,Seed,"Dsp, Family Offices, Wealth Maunknowngers",2025,February,FinTech,Bangalore,Karnataka,India
anscer robotics,Deeptech Robotics,Bangalore,16.6,Seed,Info Edge Ventures,2025,February,Enterprise / SaaS,Bangalore,Karnataka,India
the energy,Ev Battery,Bangalore,16.6,Pre-Series A,"Siaunknown Capital, Callapiunknown Capital, Z21 Ventures, 1Crowd, Letsventure, Other Investors",2025,February,Mobility / Automotive / EV,Bangalore,Karnataka,India
future agi,Ai Infrastructure,Bangalore,13.28,Pre-Seed,"Powerhouse Ventures, Snow Leopard Ventures, Angellist Quant Fund, Saka Ventures, Swadharma Source Ventures, 30+ Industry Stalwarts",2025,February,Artificial Intelligence,Bangalore,Karnataka,India
cogniquest,Intelligent Document Processing Saas Ai,Bangalore,9.96,Seed,"Cedar Ibsi Capital, Dexter Venture, Angellist, Congniphy Us",2025,February,Enterprise / SaaS,Bangalore,Karnataka,India
raincheck earth,Alcoholic Beverage D2C,Delhi,9.96,Pre-Series A,"Japanese Investors, Angellist India Syndicate",2025,February,FoodTech,Delhi,Delhi,India
rupeeflo,Fintech,Bangalore,8.3,Pre-Seed,Piper Serica Angel Fund,2025,February,FinTech,Bangalore,Karnataka,India
gorally,Pickleball Sports,Bangalore,6.6,Pre-Seed,"Sujeet Kumar, Mohit Kumar, Vatsal Singhal, Viren Singhvi, Kartik Kapoor, Abhishek Goyal, Deepak Singh, Arjun Vaidya, Bharat Founders Fund",2025,February,Media / Entertainment / Gaming,Bangalore,Karnataka,India
stepout,Sports Performance Analysis,Bangalore,6.6,Seed,"Rainmatter (Nithin Kamath), Indigoedge, Marwah Sports Group, Misfits Capital",2025,February,Media / Entertainment / Gaming,Bangalore,Karnataka,India
legup,Caregiving Family & Wellness,Washington,2.0,Pre-Seed,Bluebridge Capital Private Limited,2025,February,Others,Washington,District of Columbia,USA
croft beverages,Sustainable Tea Agritech D2C,Coimbatore,1.04,Pre-Seed,"Angel Investors From Tea, Sustaiunknownbility, It, Biotech Sectors",2025,February,AgriTech,Coimbatore,Tamil Nadu,India
myntra,Ecommerce Fashion,Bangalore,672.3,Other,Flipkart (Parent Company),2025,February,Ecommerce / Retail,Bangalore,Karnataka,India
captain fresh,Seafood Supply,Bangalore,250.0,IPO,"Prosus Ventures, Accel, Tiger Global, Family Office Of Sriharsha Majety (Swiggy), Sid Khanunknown, Sunjay Kapur, Shivalik Prints",2025,February,FoodTech,Bangalore,Karnataka,India
truefoundry,AI,Bangalore,157.7,Series A,"Intel Capital, Eniac Ventures, Peak Xv’S Surge, Jump Capital, Gokul Rajaram, Mohit Aron, Cyan Banister, Fortune 1000 Executives",2025,February,Artificial Intelligence,Bangalore,Karnataka,India
cognidaai,Enterprise Ai,Hyderabad,124.5,Series A,Nexus Venture Partners,2025,February,Enterprise / SaaS,Hyderabad,Telangana,India
hairoriginals,D2C Hair Extensions & Wigs,Gurgaon,43.5,Series A,"Anicut Growth Fund, 12 Flags Consumer Holdings, Peyush Bansal (Lenskart)",2025,February,Ecommerce / Retail,Gurgaon,Haryana,India
nua,Womens Wellness & Hygiene,Mumbai,35.0,Other,"Mirabilis Investment Trust, Samir Singh (Colgate Palmolive), Shuchi Kothari (Dsp Family Office)",2025,February,Others,Mumbai,Maharashtra,India
scentials,D2C Wellness,Mumbai,34.6,Other,"Indus Way Emerging Market Fund, Tiw Private Equity",2025,February,Ecommerce / Retail,Mumbai,Maharashtra,India
dreamfly innovations,Battery,Bangalore,12.0,Seed,"Avaaunknown Capital, Sunicon Ventures",2025,February,Others,Bangalore,Karnataka,India
mealawe,Food,Pune,8.3,Unspecified Round,"Shark Tank Founders, Fdi, Angel Investors From Goldman Sachs, Oracle",2025,February,FoodTech,Pune,Maharashtra,India
fitspire,Healthcare,Delhi,8.3,Other,"Mcdounknownld'S India (North, East) Promoter Aunknownnt Agarwal, Mm Agrawal Group (Mmg), Akg Fiunknownncials",2025,February,HealthTech,Delhi,Delhi,India
quicklend,Secured Lending,Bangalore,6.75,Pre-Seed,"Inuka Capital, Eximius Ventures, Upsparks Capital, Growx, Strategic Angel Investors",2025,February,FinTech,Bangalore,Karnataka,India
babynama,Digital Pediatric Care,Delhi,6.75,Seed,"Good Capital, Amplify, Abhishek Gupta (Fashinza), Ankit Gupta (Bicycle Health), Akshay Saxeunknown (Avanti), Dhruv Dhanraj Bahl (Exunknownbharatpe)",2025,February,Enterprise / SaaS,Delhi,Delhi,India
presage insights,Iot & Ai Predictive Maintenance,Faridabad,5.6,Seed,Yournest Venture Capital (Yournestunknownsanchiconnect Velocity Program 2024),2025,February,Artificial Intelligence,Delhi,Haryana,India
playsuper,Gaming Commerce,Gurgaon,4.15,Seed,"Ian Angel Fund, 100X.Vc, Angel Investors (Uday Sodhi, Krs Jamwal, Pratham Mittal, Rajit Bhattacharya, Ankit Das)",2025,February,Ecommerce / Retail,Gurgaon,Haryana,India
origamis ai,AI,Bangalore,4.15,Seed,"Vikas Gautam, Naveen Agarwal",2025,February,Artificial Intelligence,Bangalore,Karnataka,India
astra security,Cybersecurity,Delhi,22.41,Unspecified Round,"Emergent Ventures, The Neon Fund, Better Capital, Blume Ventures, Pointone Capital",2025,February,Enterprise / SaaS,Delhi,Delhi,India
vahanai,AI,Bangalore,22.41,Strategic Investment,Persol Group (Asiaunknownpacific Hr Services Provider),2025,February,Artificial Intelligence,Bangalore,Karnataka,India
meesho,Ecommerce,Bangalore,4150.0,Unspecified Round,"Tiger Global, Think Investments, Mars Growth Global, Peak Xv Partners, Westbridge Capital",2025,January,Ecommerce / Retail,Bangalore,Karnataka,India
leap,Edtech,Bangalore,539.5,Other,"Apis Growth Markets Fund Iii, Apis Global Growth Fund Iii, Owl Ventures, Jungle Ventures, Peak Xv Partners",2025,January,Enterprise / SaaS,Bangalore,Karnataka,India
atomicwork,B2B Saas,Bangalore,207.5,Series A,"Khosla Ventures, Z47 (Formerly Matrix Partners India), Battery Ventures, Blume Ventures, Peak Xv Partners",2025,January,Enterprise / SaaS,Bangalore,Karnataka,India
superops,It Management Saas,Chennai,207.5,Series C,"March Capital, Lee Fixel’S Addition, Z47",2025,January,Enterprise / SaaS,Chennai,Tamil Nadu,India
innov8,Coworking,Delhi,110.0,Other,"Mankind Pharma, Gauri Khan, Rupa Group, Jagruti Dalmia",2025,January,Others,Delhi,Delhi,India
geri care health,Senior Healthcare,Chennai,110.0,Unspecified Round,Invascent (India Life Sciences Fund Iv),2025,January,HealthTech,Chennai,Tamil Nadu,India
emiza,Logistics,Mumbai,100.0,Series C,"Evolvence India, Mirabilis Investment Trust",2025,January,Logistics / Supply Chain,Mumbai,Maharashtra,India
voltup,Ev Infrastructure,Pune,66.4,Seed,Em Impact Capital (Ukunknownbased Impact Investment Firm),2025,January,Mobility / Automotive / EV,Pune,Maharashtra,India
astrome,Telecom Eband,Bangalore,83.0,Unspecified Round,"Apollo Fund, Ian Group",2025,January,Ecommerce / Retail,Bangalore,Karnataka,India
ambak,Fintech,Gurgaon,58.1,Other,"Peak Xv’S Surge, Advantedge Vc, Devc, Angel Investors",2025,January,FinTech,Gurgaon,Haryana,India
growxcd finance,Fintech,Chennai,50.0,Equity,"Lok Capital, Uc Impower",2025,January,FinTech,Chennai,Tamil Nadu,India
whizzo,Materials Science Manufacturing,Bangalore,34.86,Seed,"Lightspeed, Beenext",2025,January,DeepTech / Hardware,Bangalore,Karnataka,India
bizloan,Fintech,Gurgaon,35.0,Series A,"Michael, Susan Dell Foundation, Blinc Invest",2025,January,FinTech,Gurgaon,Haryana,India
salad days,D2C Food,Gurgaon,30.0,Series A,"V3 Ventures, Client Associates Alterunknownte Fund (Caaf)",2025,January,FoodTech,Gurgaon,Haryana,India
chk,D2C Footwear,Bangalore,20.75,Unspecified Round,"Accel, Bluestone, Individual Investors",2025,January,Ecommerce / Retail,Bangalore,Karnataka,India
metashot,Gaming Console,Bangalore,11.0,Other,"Sauce.Vc, Sharrp Ventures, Panthera Peak Capital",2025,January,Others,Bangalore,Karnataka,India
sammmm,Teen Selfcare,Mumbai,10.0,Seed,"Fireside Ventures, Sauce Vc, Nihir Parikh, Sachin Parikh, Shantanu, Nikhil Mehra",2025,January,Others,Mumbai,Maharashtra,India
origin fresh,Fresh Produce D2C,Bangalore,8.3,Pre-Seed,"Aeravti Ventures, Ultra Hnis",2025,January,Ecommerce / Retail,Bangalore,Karnataka,India
shoppin,Fashion Search Engine,India,8.3,Unspecified Round,Infoedge Ventures,2025,January,Consumer Goods / D2C,,,India
thinkmetal,Deeptech Manufacturing,Chennai,8.3,Pre-Series A,"Yournest Venture Capital, Concept Communications, Sanchi Connect",2025,January,Enterprise / SaaS,Chennai,Tamil Nadu,India
utsav,Spiritual & Devotion,Kolkata,6.35,Unspecified Round,Equanimity Investments,2025,January,Enterprise / SaaS,Kolkata,West Bengal,India
medmitra ai,Healthcare,Jaipur,3.0,Unspecified Round,"All In Capital, Weh Ventures",2025,January,HealthTech,Jaipur,Rajasthan,India
dressfolk,D2C Handloom Clothing,Delhi,3.0,Unspecified Round,"Eterunknownl Capital, Along With D2C Founders Ghazal Alagh (Founder, Mamaearth) And Dhruv Koli (Founder, Boba Bhai), With Participation From Nobody Ventures And Eagle Wings Ventures",2025,January,Ecommerce / Retail,Delhi,Delhi,India
inframarket,Construction Materials,Mumbai,1004.3,Unspecified Round,Tiger Global,2025,January,DeepTech / Hardware,Mumbai,Maharashtra,India
nazara,Gaming & Media,Mumbai,495.0,Unspecified Round,"Axaunknown Estates Llp, Arpit Khandelwal, Mithun Sacheti",2025,January,HealthTech,Mumbai,Maharashtra,India
ati motors,Industrial Robotics,Bangalore,166.0,Series B,"Walden Catalyst Ventures, Ngp Capital, True Ventures, Exfinity Venture Partners, Athera Venture Partners, Blume Ventures",2025,January,DeepTech / Hardware,Bangalore,Karnataka,India
aris infra,Techenabled Procurement,Mumbai,80.0,Other,Mukul Agrawal (Param Capital),2025,January,Enterprise / SaaS,Mumbai,Maharashtra,India
deconstruct,D2C Skincare,Bangalore,65.0,Unspecified Round,"Bold (L’Oréal’S Vc Fund), V3 Ventures, Dsg Consumer Partners, Kalaari Capital, Beenext",2025,January,Ecommerce / Retail,Bangalore,Karnataka,India
vunet systems,Business Observability,Bangalore,60.0,Series B,"Pravega Ventures, Kotak Securities, Mela Ventures, Athera Venture Partners, Dallas Venture Capital, Tvs Capital Funds",2025,January,Enterprise / SaaS,Bangalore,Karnataka,India
medusa beverages,Beer Manufacturing,Delhi,56.0,Series A,"Amal N Parikh, Ashwin Kedia, Ramesh Damani, Nikhil Garg, Crest Opportunities, Hnis (Singapore, Uk, Uae)",2025,January,Others,Delhi,Delhi,India
snabbit,Quick,Bangalore,45.65,Series A,"Elevation Capital, Nexus Venture Partners, Vidit Aatrey, Sanjeev Barnwal, Gaurav Munjal, Niraj Singh",2025,January,Others,Bangalore,Karnataka,India
landeed,Property Title Search Engine,Hyderabad,41.5,Other,"10X Founders Fund, Oliver Jung, Paradigm Shift, Pioneer Fund, Others",2025,January,Enterprise / SaaS,Hyderabad,Telangana,India
kisankonnect,D2C Food,Mumbai,37.35,Series A,"Mistry Ventures, Brand Capital, Shilpa Shetty, Vcunknowngrid, Vishwang Desai",2025,January,FoodTech,Mumbai,Maharashtra,India
bpr hub,Compliance For Manufacturers,Usa,21.58,Seed,"Accel, Kae Capital",2025,January,Others,,,USA
pipeshift,Ai Infrastructure,San Francisco,20.75,Seed,"Y Combiunknowntor, Senseai Ventures, Arka Venture Labs, Good News Ventures, Others",2025,January,Artificial Intelligence,San Francisco,California,USA
zeelab pharmacy,Healthcare,Delhi,19.92,Initial Funding,Otp Ventures,2025,January,HealthTech,Delhi,Delhi,India
procureyard,B2B Raw Materials,Haryana,14.28,Seed,"Powerhouse Ventures, Java Capital, 2Am Vc, Angels Including Abhishek Goyal And Rajesh Sawhney",2025,January,Enterprise / SaaS,,Haryana,India
workie,Office Space Management,Indore,13.0,Equity,"Sunil Singhania Family Office, Nav Capital, Raman Roy, Others",2025,January,SpaceTech,Indore,Madhya Pradesh,India
cancrie,Nanocarbon Materials,Jaipur,9.96,Seed,"Roots Ventures, Iima Ventures",2025,January,DeepTech / Hardware,Jaipur,Rajasthan,India
raaz app,Healthcare,Bangalore,8.3,Unspecified Round,"Fireside Ventures, Campus Fund, Better Capital",2025,January,HealthTech,Bangalore,Karnataka,India
postudio,Postproduction Saas,Mumbai,8.3,Pre-Seed,Audacity Venture Capital,2025,January,Enterprise / SaaS,Mumbai,Maharashtra,India
chelvies coffee,Coffee & Dining,Noida,8.3,Pre-Series A,Endurance Capital,2025,January,Others,Noida,Uttar Pradesh,India
krvvy,D2C Lingerie & Shapewear,Noida,6.1,Pre-Seed,"Titan Capital, All In Capital, Angels Such As Nikita Gupta, Emmanuel Suraj, And Others",2025,January,Ecommerce / Retail,Noida,Uttar Pradesh,India
prantae,Deep,Bhubaneswar,5.0,Seed,"Ian Group, Ian Alpha Fund, Samir Kalia, Deepank Kumar, Nitin Zamre",2025,January,DeepTech / Hardware,Bhubaneswar,Odisha,India
exsure,Biotech,Bhubaneswar,3.0,Seed,Unicorn India Ventures,2025,January,Enterprise / SaaS,Bhubaneswar,Odisha,India
dream aerospace,Aerospace & Defense,Chennai,3.0,Pre-Seed,Inflection Point Ventures,2025,January,Cybersecurity,Chennai,Tamil Nadu,India
svastek,Medtech,Delhi,2.0,Seed,Ian Angel Fund,2025,January,HealthTech,Delhi,Delhi,India
joyspoon,Mouth Freshener,Ahmedabad,0.56,Seed,"Dishit Nathwani, Prateek Toshniwal, Others",2025,January,Others,Ahmedabad,Gujarat,India
aragen,Contract R&D And Manufacturing,Hyderabad,830.0,Other,Quadria Capital,2025,January,Others,Hyderabad,Telangana,India
netradyne,AI,Bangalore,747.0,Series D,"Point72 Private Investments, Qualcomm Ventures, Pavilion Capital",2025,January,Artificial Intelligence,Bangalore,Karnataka,India
wework,Flexible Workspace,Bangalore,500.0,Other,Rights Issue,2025,January,SpaceTech,Bangalore,Karnataka,India
foxtale,D2C Skincare,Mumbai,249.0,Unspecified Round,"Kose Corporation, Z47 (Matrix Partners India), Kae Capital, Panthera Growth Partners",2025,January,Ecommerce / Retail,Mumbai,Maharashtra,India
ecozen,Climatefocused Deeptech,Pune,190.9,Debt,"Responsability Investments Ag, Northern Arc Capital Limited, Maaunknownveeya Development, Fiunknownnce Private Limited",2025,January,Enterprise / SaaS,Pune,Maharashtra,India
bgauss,Electric Twowheeler Manufacturing,Pune,161.0,Unspecified Round,Bharat Value Fund (Bvf),2025,January,Others,Pune,Maharashtra,India
micromitti,Proptech,Indore,90.0,Unspecified Round,"Prominent Hnis, Family Offices, And Business Leaders",2025,January,Enterprise / SaaS,Indore,Madhya Pradesh,India
sarla aviation,Aerospace & Electric Flying Taxis,Bangalore,83.0,Unspecified Round,Accel,2025,January,SpaceTech,Bangalore,Karnataka,India
skor,Credit & Financial,Bangalore,51.46,Pre-Series A,"Argor Capital, Qed Investors, Saison Capital, Digital Currency Group",2025,January,FinTech,Bangalore,Karnataka,India
astrosureai,Astrotech,Chennai,49.8,Seed,"Pradeep Dadha, Others",2025,January,Enterprise / SaaS,Chennai,Tamil Nadu,India
emiza supply chain,Logistics,Mumbai,50.0,Unspecified Round,"Evolvence India, Mirabilis Investment",2025,January,Logistics / Supply Chain,Mumbai,Maharashtra,India
eccentric,Automotive 3D,Mumbai,41.5,Pre-Series A,"Exfinity Venture Partners, Arkam Ventures",2025,January,DeepTech / Hardware,Mumbai,Maharashtra,India
wevois,Waste Management,Jaipur,36.0,Series A,"Negen Capital, Vyom Wealth, Venture Catalysts, Sn Capital, Warmup Ventures, Marsshot Ventures, Others",2025,January,Others,Jaipur,Rajasthan,India
boba bhai,Qsr Bubble Tea,Bangalore,30.0,Unspecified Round,8I Ventures,2025,January,Others,Bangalore,Karnataka,India
constelli,Defense,Hyderabad,24.9,Pre-Series A,Pravega Ventures,2025,January,Cybersecurity,Hyderabad,Telangana,India
fambo,Food,Noida,21.0,Pre-Series A,"Ev2 Ventures, Rajesh Sawhney, Uhnis",2025,January,FoodTech,Noida,Uttar Pradesh,India
tyreplex,B2B Tyre,Delhi,20.0,Unspecified Round,"Peercapital, Titan Capital Winners Fund, Sattva Family Office, Others",2025,January,Enterprise / SaaS,Delhi,Delhi,India
zerocircle,Biotech Seaweed Alternatives,Pune,20.0,Unspecified Round,"Rainmatter, 1Crowd, Vc Grid, 7Th Gen Ventures, Trudie Styler",2025,January,Enterprise / SaaS,Pune,Maharashtra,India
kisaansay,Food,Gurgaon,16.6,Pre-Seed,"Jungle Ventures (First Cheque@Jungle), Senior Food Industry Leaders",2025,January,FoodTech,Gurgaon,Haryana,India
erlysign,Healthcare,Nagpur,16.0,Pre-Series A,Ashish Kacholia,2025,January,HealthTech,Nagpur,Maharashtra,India
orbitaid,Spacetech,Bangalore,12.45,Pre-Seed,"Unicorn India Ventures, Tansim (Tamil Nadu Government)",2025,January,Enterprise / SaaS,Bangalore,Karnataka,India
greenstitch,Climate Fashion,Bangalore,9.96,Seed,"Equirus Innovatex Fund, Ivycap Ventures, Warmup Ventures, Zeca Ventures",2025,January,Consumer Goods / D2C,Bangalore,Karnataka,India
parkmate,Parking Management,Noida,9.96,Unspecified Round,"Cactus Partners, Venture Catalysts, Marwah Group Family Office",2025,January,Others,Noida,Uttar Pradesh,India
reputai,Supply,Bangalore,8.3,Pre-Seed,"Growthcap Ventures, Angel Investors",2025,January,Logistics / Supply Chain,Bangalore,Karnataka,India
quash,AI,Delhi,8.3,Pre-Seed,"Arali Ventures, Java Capital, Peercheque, Devc (Matrix Partners), Tracxn Counknownfounder",2025,January,Artificial Intelligence,Delhi,Delhi,India
house of chikankari,D2C Ethnic Wear,Delhi,4.0,Seed,"Tudip Ventures, Peyush Bansal (Lenskart), Ankit Nagori, Others",2025,January,Ecommerce / Retail,Delhi,Delhi,India
tractor factory,Agritech,Hoshiarpur,4.0,Pre-Seed,"All In Capital, Bharat Founders Fund, Devc, Family Offices",2025,January,AgriTech,Hoshiarpur,Punjab,India
sukoon unlimited,Agetech,Bangalore,4.0,Pre-Seed,"Anchorage Capital Partners, Viunknowny Jain, Manish Dureja, Others",2025,January,Enterprise / SaaS,Bangalore,Karnataka,India
innovaccer,Healthcare,Bangalore,2282.5,Other,"B Capital Group, Banner Health, Daunknownher Ventures Llc, Generation Investment Maunknowngement, Kaiser Permanente, M12",2025,January,HealthTech,Bangalore,Karnataka,India
oyo,Hospitality,Gurgaon,550.0,Unspecified Round,Redsprig Innovation Partners (Ritesh Agarwal’S Affiliated Entity),2025,January,HealthTech,Gurgaon,Haryana,India
infinity fincorp,Fintech,Mumbai,290.5,Unspecified Round,"Jungle Ventures, Archerman Capital, Magnifico",2025,January,FinTech,Mumbai,Maharashtra,India
botanic healthcare,Nutraceutical,Hyderabad,250.0,Equity,"Stakeboat Capital, Abakkus Four2Eight Opportunities Fund, Ds Group",2025,January,Others,Hyderabad,Telangana,India
waycool,B2B Food & Agritech,Chennai,110.0,Debt,Grand Anicut,2025,January,AgriTech,Chennai,Tamil Nadu,India
grayquest,Fintech,Mumbai,80.0,Other,"Iifl Fintech Fund, Claypond Capital (Ranjan Pai Family Office), Pravega Ventures",2025,January,FinTech,Mumbai,Maharashtra,India
vehant,Security & Surveillance,Noida,75.0,Other,True North’S Private Credit Fund,2025,January,Enterprise / SaaS,Noida,Uttar Pradesh,India
mintoak,SaaS,Mumbai,71.0,Other,Z3Partners,2025,January,Enterprise / SaaS,Mumbai,Maharashtra,India
beyond snack,Banana Chips,Alappuzha,68.89,Series A,12 Flags Group,2025,January,DeepTech / Hardware,Alappuzha,Kerala,India
emo energy,Energy,Bangalore,51.46,Equity,"Subhkam Ventures, Microtek Group, Srk Family Office, Transition Vc",2025,January,Climate / CleanTech / Energy,Bangalore,Karnataka,India
oben electric,Ev Manufacturing,Bangalore,50.0,Series A,"Ambis Holding Us, Kuberan Ventures, Karimjee Group, Mission Vertical, Sanjeev Saraf Family Office, Pravek Kalp Family Office, Others",2025,January,Mobility / Automotive / EV,Bangalore,Karnataka,India
ras,Luxury Skincare,Raipur,41.5,Series A,"Unilever Ventures, Amazon Smbhav Venture Fund",2025,January,Others,Raipur,Chhattisgarh,India
brainsight ai,Deeptech Neuroscience,Bangalore,41.5,Pre-Series A,"Ian Alpha Fund, Ivycap Ventures, Silver Needle",2025,January,Enterprise / SaaS,Bangalore,Karnataka,India
hbits,Commercial Real Estate,Mumbai,40.0,Series A,Capricon Realty Private Limited (Thackersey Group),2025,January,Real Estate / PropTech,Mumbai,Maharashtra,India
zoplar,Medical Equipment Procurement,Gurgaon,28.22,Series A,"Blume Ventures, Beenext, Saison Capital, Atrium Angels, Finfirst, Logx",2025,January,HealthTech,Gurgaon,Haryana,India
moonrider,Electric Tractor,Bangalore,18.26,Seed,"Advantedge Founders, Micelio Technology Fund, Angel Investors",2025,January,Mobility / Automotive / EV,Bangalore,Karnataka,India
consintai,Healthcare,Noida,5.0,Unspecified Round,"Equanimity Ventures, Seafund",2025,January,HealthTech,Noida,Uttar Pradesh,India
naptapgo,Affordable Hospitality,Noida,1.0,Equity,"Balmer Lawrie, Co Ltd",2025,January,HealthTech,Noida,Uttar Pradesh,India
kibi sports,Sports,Bangalore,1.0,Pre-Seed,"Angel Investors Including Saurabh Aggarwal, Arpit Bhardwaj, Vartika Joshi, Others",2025,January,Media / Entertainment / Gaming,Bangalore,Karnataka,India
