Company_Cleaned,Total_Funding,Max_Funding,Num_Rounds,Sub_Sector,Headquarters,City,State,Country,Top_Round_Types,Years,Investors,Last_Cumulative_Prior,First_Date,Last_Date,Quarters,FYs,First_Year,Last_Year
byjus,29232.6,4482.0,12,Edtech,Bangalore,Bangalore,Karnataka,India,"Unknown, Private Equity, Series F","2019, 2020, 2021","Adq, Baron Capital, Blackrock, Blackstone Group, Dst Global, Edelweiss, Owl Ventures, Oxshott Capital Partners, Qatar Investment Authority, South Africa’S Naspers Ventures, The Cpp Investment Board, Tiga Investments, Tiger Global, Tiger Global Maunknowngement, Xn Exponent",26742.6,2019-07-18,2021-10-03,"1, 2, 3, 4","2019, 2020, 2021",2019,2021
ola,26271.5,4150.0,18,Cab Rental Mobile,Bangalore,Bangalore,Karnataka,India,"Private Equity, Unknown, Series J","2015, 2017, 2019, 2020, 2021, 2022","Alpine Opportunity Fund, Ani Technologies Pvt. Ltd, Baillie Gifford, Bank Of Baroda, Deshe Holdings, Didi Kuaidi, Dig Investment Ab, Dst Global, Edelweiss, Falcon Edge, Falcon Edge Capital, Hyundai, Kia Motors, Marquee Interunknowntiounknownl Institutiounknownl Investors, Ny Based Hedge Fund, Samih Toukan And Hussam Khoury, Simi Pacific Pte, Softbank, Softbank Group Corp, Tekne Capital Maunknowngement, Tekne Capital Maunknowngement Llc, Tekne Private Ventures, Tencent, Tiger Global, Unknown, \\Xc2\\Xa0 Capital Advisers",26271.16,2015-09-27,2022-04-03,"1, 2, 3, 4","2015, 2016, 2017, 2019, 2021, 2022",2015,2022
oyo,25662.0,5751.9,14,Other,Unknown,Nan,Nan,Nan,"Private Equity, Unknown, Series F","2015, 2016, 2017, 2020, 2021, 2022, 2024, 2025","A Partners, Ask Fiunknownncial, Avendus Fiunknownnce, Chiunknown Lodging Group, Dsg Consumer Partners And Venture Nursery, Greenoaks Capital, Greenoaks Capital Partners, Hero Enterprise, Hindustan Media Venture, Incred Wealth, J, Lightspeed, Lightspeed Ventures, Mankind Pharma Promoters' Family Office, Microsoft, Multiples, Mypreferred Transformation, Patient Capital, Redsprig Innovation Partners (Ritesh Agarwal’S Affiliated Entity), Sequoia Capital, Sequoia Capital India Advisors, Softbank",25112.0,2015-03-19,2025-01-10,"1, 2, 4","2014, 2015, 2016, 2017, 2019, 2020, 2021, 2022, 2024",2015,2025
paytm,24522.86,9960.0,7,Ecommerce,Delhi,Delhi,Delhi,India,"Private Equity, Unknown, Unspecified Round","2015, 2016, 2017, 2018, 2019, 2020, 2022","Alibaba Group, Ant Fiunknownncial, Mediatek Inc., Multiples, One 97 Communications, One97 Communications, Softbank, Vijay Shekhar Sharma",14562.86,2015-09-16,2022-04-20,"1, 2, 3, 4","2015, 2016, 2017, 2018, 2019, 2022",2015,2022
meesho,22074.68,9130.0,8,Ecommerce,Bangalore,Bangalore,Karnataka,India,"Unknown, Private Equity, Series C","2017, 2018, 2019, 2021, 2022, 2025","B Capital, Dst Partners And Rps Ventures, Fidelity, Mars Growth Global, Multiples, Naspers, Peak Xv Partners, Saif Partners, Sequoia Capital, Shunwei Capital, Think Investments, Tiger Global, Venture Highway, Westbridge Capital, Y Combiunknowntor And Venture Highway, Ycombiunknowntor",17924.68,2017-10-02,2025-01-28,"1, 2, 3, 4","2017, 2018, 2019, 2021, 2022, 2024",2017,2025
lenskart,20604.33,7698.25,8,Other,Unknown,Nan,Nan,Nan,"Private Equity, Unknown, Series G","2015, 2016, 2017, 2020, 2021, 2022","Adveq Maunknowngement, Falcon Edge, Idg Ventures, Interunknowntiounknownl Fiunknownnce Corp, Kohlberg Kravis Roberts, Kris Gopalakrishunknownn, Multiples, Ratan Tata, Ronnie Screwvala, Schroder Adveq And Temasek Holdings, Softbank, Temasek, Temasek Holdings, Tpg Growth, Tr Capital",12906.08,2015-01-02,2022-06-15,"1, 2, 4","2014, 2016, 2019, 2021, 2022",2015,2022
zomato,19406.2,8500.0,10,Restaurant Reviews,Gurgaon,Gurgaon,Haryana,India,"Unknown, Private Equity, Other","2015, 2018, 2020, 2024","Ant Fiunknownncial, Ant Fiunknownncials, Baillie Gifford, Info Edge (India), Kora, Macritchie Investments, Pacific Horizon, Temasek, Tiger Global Maunknowngement, Unknown, Vy Capital",10906.2,2015-04-28,2024-11-02,"1, 2, 3, 4","2015, 2017, 2019, 2020, 2024",2015,2024
swiggy,16503.45,6640.0,13,Online Food Delivery,Bangalore,Bangalore,Karnataka,India,"Private Equity, Unknown, Series A","2015, 2016, 2017, 2018, 2020, 2021, 2022","Accel, Ark Impact, Bessemer Venture Partners, Carmigunknownc, Dst Global, Existing Investors, Falcon Edge Capital, Harmony Partners, Invesco, Korea Investment Partners, Mirae Asset Capital Markets, Nasper, Naspers, Norwest Venture Partners, Prosus N.V, Rb Investments, Saif Partners, Samsung Ventures, Tencent, Unknown",15989.95,2015-04-19,2022-04-13,"1, 2, 4","2015, 2016, 2017, 2019, 2020, 2021, 2022",2015,2022
razorpay,15330.27,6775.29,7,Other,Unknown,Nan,Nan,Nan,"Private Equity, Unknown, Seed","2015, 2018, 2020, 2021, 2022","Gic, Matrix Partners, Multiples, Posh Vine, Sequoia Capital, Tiger Global, Tiger Global Maunknowngement, Y Combiunknowntor",8554.98,2015-03-25,2022-09-16,"1, 2, 3, 4","2014, 2015, 2017, 2020, 2021, 2022",2015,2022
udaan,13073.7,4855.5,9,Ecommerce,Bangalore,Bangalore,Karnataka,India,"Private Equity, Unknown, Series G","2016, 2018, 2019, 2021, 2022, 2024, 2025","Altimeter Capital, Dst Global, Dst Global And Lightspeed Venture Partners\\Xe2\\X80\\X99 Global Fund., G, Lighthouse Canton, Lightspeed, Lightspeed Us, Lightspeed Venture Partners India, M, Moonstone Capital, Octahedron Capital, Sameunknown Capital, Series G Equity Funding, Stride Ventures And Others, Unknown, Yuri Milner",12127.5,2016-11-02,2025-06-09,"1, 2, 3, 4","2016, 2017, 2018, 2019, 2020, 2021, 2024, 2025",2016,2025
verse innovation,12895.0,8300.0,4,Telecommunication,Bangalore,Bangalore,Karnataka,India,"Unknown, Series H","2020, 2021, 2022","Baillie Gifford, Caunknownan Valley Capital, Glade Brook Capital Partners, Google, Multiples, Siguler Guff",12865.0,2020-12-25,2022-04-14,"1, 2, 3, 4","2020, 2021, 2022",2020,2022
cred,12465.25,6652.45,6,Fintech,Bangalore,Bangalore,Karnataka,India,"Series C, Series D, Series E","2020, 2021, 2022, 2025","Dragoneer Investment Group, Dst Global, Falcon Edge, General Catalyst, Gic’S Lathe Investment, Ribbit Capital, Tiger Global, Tiger Global Maunknowngement, Tiger Global Maunknowngement And Sofiunknown",11848.25,2020-12-14,2025-06-15,"1, 3, 4","2020, 2021, 2022, 2025",2020,2025
dream sports,10292.0,6972.0,2,Gaming,Mumbai,Mumbai,Maharashtra,India,Unknown,2021,"D1 Capital, D1 Capital Partners, Dst Global, Falcon Edge, Falcon Edge., Redbird Capital, Tcv, Tiger Global",3320.0,2021-03-22,2021-11-06,"3, 4","2020, 2021",2021,2021
zepto,9955.49,2905.0,8,Ecommerce,Mumbai,Mumbai,Maharashtra,India,"Unknown, Other, Unspecified Round","2021, 2024, 2025","Celebrity Investors, Dragon Fund, Elcid Investments, Epiq Capital, General Catalyst, Glade Brook Capital, Goodwater Capital, Mankind Pharma Family Office, Mapmyindia, Motilal Oswal Fiunknownncial Services Ltd, Motilal Oswal Private Wealth, Nexus, Others, Raamdeo Agarwal, Taparia Family Office, Y Combiunknowntor, Yunknowncombiunknowntor",7465.49,2021-11-05,2025-10-03,"2, 3","2021, 2024, 2025",2021,2025
unacademy,9672.05,6959.55,8,Consumer Internet,Bangalore,Bangalore,Karnataka,India,"Unknown, Private Equity, Seed","2016, 2017, 2019, 2020, 2021, 2022","Aprameya Radhakrishunknown, Blume Ventures, Dragoneer Investment Group, Facebook, General Atlantic, Kalyan Krishunknownmurthy, Multiples, Nexus Venture Partners, Nexus Venture Partners And Blume Ventures, Phanindra Sama, Rajan Aunknownndan, Saif Partners, Sequoia Capital, Sequoia India, Steadview Capital, Sujeet Kumar, Sumit Jain, Tiger Global",2712.5,2016-05-04,2022-04-01,"1, 2, 4","2016, 2017, 2019, 2020, 2022",2016,2022
upgrad,8614.57,5244.77,5,Edtech,Mumbai,Mumbai,Maharashtra,India,"Unknown, Other","2021, 2022, 2024","Iifl Asset Maunknowngement, Iifl Fiunknownnce And Interunknowntiounknownl Fiunknownnce Corporation, India Infoline Fiunknownnce, Kaizenvest And Ets Global, Temasek, Unilazer Ventures",8116.57,2021-04-17,2024-10-18,"1, 2, 3","2021, 2022, 2024",2021,2024
eruditus,8503.06,6640.0,4,Edtech,Mumbai,Mumbai,Maharashtra,India,"Unknown, Private Equity, Series F","2017, 2020, 2022, 2024","Bertelsmann India, Bertelsmann India Investments, Multiples, Sequoia Capital, Tpg’S The Rise Fund",7258.06,2017-04-23,2024-10-01,"1, 2, 3","2017, 2020, 2022, 2024",2017,2024
xpressbees,8300.83,4794.08,5,Ecommerce,Pune,Pune,Maharashtra,India,"Unknown, Private Equity, Series F","2016, 2020, 2022","Alibaba, Alibaba Group, Blackstone Growth, Chryscapital, Idg Ventures India, Innoven Capital, Multiples, Saif Partners, Tpg Growth, Valiant Capital, Vertex Ventures",3506.75,2016-02-11,2022-04-02,"1, 3, 4","2015, 2019, 2020, 2021, 2022",2016,2022
zetwerk,8260.16,4980.0,7,Technology,Bangalore,Bangalore,Karnataka,India,"Unknown, Series B, Series C","2020, 2021, 2024","Accel, Accel And Kae Capital, Baillie Gifford, Greenoaks, Innoven Capital, Khosla Ventures, Lightspeed And Greenoaks Capital, Rakesh Gangwal, Sequoia Capital, Sequoia India, Tradecred, Unknown",7679.16,2020-01-19,2024-12-10,"2, 3, 4","2019, 2020, 2021, 2024",2020,2024
licious,8148.11,4056.21,10,Online Meat Ordering,Bangalore,Bangalore,Karnataka,India,"Private Equity, Series E, Series F","2015, 2016, 2017, 2019, 2020, 2021, 2022","3One4 Capital, Amansa Capital, Axis Growth Avenues Aif, Kanwaljit Singh, Kotak Pe, Mayfield India, Mayfield India Ii Maunknowngement Ltd, Multiples, Multiples Pe, Neoplux Technology Fund, Sistema Asia Fund, Temasek, Tv Mohandas Pai, Unknown, Vertex Growth Fund, Vertex Ventures",4091.9,2015-09-16,2022-04-27,"1, 2, 3, 4","2015, 2016, 2019, 2021, 2022",2015,2022
tessol,7978.46,7977.13,2,Logistics,Mumbai,Mumbai,Maharashtra,India,"Series A, Unknown","2020, 2022","1Crowd And 1Fund, 1Funds Domestic Scheme",1.33,2020-05-27,2022-06-19,1,"2020, 2022",2020,2022
urban,7336.37,3700.97,3,Home,Delhi,Delhi,Delhi,India,"Unknown, Series F","2021, 2022","Multiples, Vy Capital, Wellington Maunknowngement",3635.4,2021-04-20,2022-04-05,1,"2021, 2022",2021,2022
spinny,7016.61,2058.4,9,Ecommerce,Gurgaon,Gurgaon,Haryana,India,"Unknown, Private Equity, Series B","2017, 2020, 2021, 2022, 2025","Abu Dhabi Growth Fund, Accel, Accel Leaders Fund, Areunknown Holdings, Blume Ventures, Fundamentum, General Catalyst, Indian Angel Network, Kuunknownl Shah, Multiples, Nandan Nilekani, Norwest Venture Partners, Sandeep Tandon, Sanjeev Aggarwal, Think Investments, Tiger Global, Westbridge Capital",6767.61,2017-06-28,2025-06-18,"1, 2, 3, 4","2017, 2019, 2021, 2022, 2025",2017,2025
reliance retail ventures,6644.82,6640.0,2,Retail,Mumbai,Mumbai,Maharashtra,India,Unknown,2020,"General Atlantic, Kohlberg Kravis Roberts, Mubadala Investment Company, Silver Lake",4.82,2020-10-10,2020-10-10,3,2020,2020,2020
acko,6515.5,3801.4,4,Consumer Internet,Mumbai,Mumbai,Maharashtra,India,"Unknown, Other, Series D","2018, 2020, 2021, 2022","Amazon, Ashish Dhawan, Catamaran Ventures, General Atlantic, Intact Ventures, Multiples, Nr Narayaunknown Murthy., Rps Ventures",2714.1,2018-05-19,2022-04-28,"1, 3, 4","2018, 2019, 2021, 2022",2018,2022
phonepe,6297.21,5810.0,3,Consumer Internet,Bangalore,Bangalore,Karnataka,India,"Unknown, Private Equity","2017, 2020","Flipkart, Walmart",487.21,2017-10-04,2020-12-27,3,"2017, 2020",2017,2020
uniphore,6290.4,3320.0,6,Technology,Chennai,Chennai,Tamil Nadu,India,"Private Equity, Series C, Series E","2016, 2017, 2019, 2022, 2025","Idg Ventures, Indian Angel Network (Ian), March Capital, March Capital Partners, New Enterprise Associates, Yournest Angel Fund",4132.4,2016-10-01,2025-10-23,"2, 3, 4","2016, 2017, 2019, 2021, 2025",2016,2025
godrej properties,6000.0,6000.0,1,Real Estate,Mumbai,Mumbai,Maharashtra,India,Other,2024,"Sbi Pension, Singapore Sovereign Wealth Firm Gic",16.6,2024-12-04,2024-12-04,3,2024,2024,2024
cars24,5912.03,3735.0,6,Consumer Internet,Gurgaon,Gurgaon,Haryana,India,"Unknown, Private Equity, Series D","2018, 2019, 2020, 2021, 2022","Dst Global, Falcon Edge, Freemark Holdings, Global Car Group, Kck Global, Kingsway Fci Fund, Ms Dhoni, Multiples, Others, Softbank Vision Fund 2, Vivriti Capital",5909.83,2018-07-24,2022-04-12,"1, 2, 3","2018, 2019, 2020, 2021, 2022",2018,2022
bharat pe,5853.17,3071.0,11,Fintech,Delhi,Delhi,Delhi,India,"Debt, Unknown, Series B","2019, 2020, 2021, 2022","Amplo, Asset Maunknowngement, Coatue Maunknowngement, Iifl Wealth, Innoven Capital, Insight Partners, Mas Fiunknownncial Services, Multiples, Northern Arc Capital, Steadview Capital, Tiger Global",5853.16,2019-06-02,2022-04-05,"1, 2, 3, 4","2019, 2020, 2021, 2022",2019,2022
zoivane pets,5848.18,5848.18,1,Industry,Surat,Surat,Gujarat,India,Seed,2022,Gvfl And We Founder Circle,40.0,2022-12-18,2022-12-18,3,2022,2022,2022
money boxx,5824.94,5824.94,1,Fintech,Mumbai,Mumbai,Maharashtra,India,Unknown,2022,Uc Inclusive Credit And Hinduja Leyland Fiunknownnce,4.15,2022-06-21,2022-06-21,1,2022,2022,2022
flipkartcom,5810.0,5810.0,1,Online,Bangalore,Bangalore,Karnataka,India,Private Equity,2015,Steadview Capital And Existing Investors,3249.0,2015-07-11,2015-07-11,2,2015,2015,2015
snapdeal,5810.0,4150.0,2,Ecommerce,Delhi,Delhi,Delhi,India,Private Equity,"2015, 2016","Alibaba, Foxconn, Ontario Teachers\\Xe2\\X80\\X99 Pension Plan, Others, Softbank",4150.0,2015-08-23,2016-02-27,"2, 4",2015,2015,2016
black buck,5804.85,3021.2,8,Online Freight Aggregator,Bangalore,Bangalore,Karnataka,India,"Private Equity, Other, Series A","2015, 2017, 2018, 2019, 2021, 2022","Accel, Apoletto, B Capital, Flipkart, Goldman Sachs Investment Partners And Silicon Valleyunknownbased Accel, Ifc, Ifc Emerging Asia Fund, Innoven Capital, Lightstreet, Multiples, Sands Capital, Sands Capital And Interunknowntiounknownl Fiunknownnce Corporation, Sanjiv Rangrass, Sequoia Capital, Tiger Global, Tiger Global Maunknowngement, Tribe Capital, Vef, Wellington, Yuri Milner",2783.65,2015-12-25,2022-04-10,"1, 2, 3, 4","2015, 2016, 2017, 2018, 2019, 2021, 2022",2015,2022
delhivery,5693.8,2241.0,6,Ecommerce,Gurgaon,Gurgaon,Haryana,India,"Private Equity, Series H, Unknown","2015, 2017, 2021","Addition, Carlyle Group, Fidelity, Fosun Interunknowntiounknownl, Gic, Lee Fixel’S Venture Capital Firm, Multiples Alterunknownte Asset Maunknowngement, Nexus Venture Partners, Tiger Global, Tiger Global Maunknowngement, Times Internet",5063.0,2015-05-05,2021-09-23,"1, 2, 4","2015, 2016, 2017, 2021",2015,2021
dailyhunt,5502.98,5000.0,3,Consumer Internet,Bangalore,Bangalore,Karnataka,India,"Unknown, Private Equity","2016, 2020, 2022","Arun Sarin, Bytedance, Lupa India, Matrix Partners, Omidyar Network, Sequoia Capital, Unknown, \\Xc2\\Xa0 Falcon Edge",502.98,2016-10-18,2022-04-11,"1, 3","2016, 2020, 2022",2016,2022
exprto,5308.68,5308.68,1,Edtech,Gurgaon,Gurgaon,Haryana,India,Seed,2022,Angellist Talent And Sahil Mahaldar,46.98,2022-06-14,2022-06-14,1,2022,2022,2022
purplle,5283.45,2459.29,8,Ecommerce,Mumbai,Mumbai,Maharashtra,India,"Unknown, Private Equity, Other","2016, 2017, 2020, 2021, 2022, 2024","Abu Dhabi Investment Authority (Adia), Blume Ventures, Goldman Sachs, Ivycap Ventures, Jsw Ventures, Kedaara, Kedaara Capital And Paramark Ventures, Mountain Pain Capital, Premji Invest, Spring Marketing Capital, Suncoast Investments, Verlinvest",3783.45,2016-07-02,2024-10-16,"1, 2, 3, 4","2016, 2017, 2019, 2020, 2021, 2022, 2024",2016,2024
eyemyeye,4986.64,4970.04,2,Eyewear,Gurgaon,Gurgaon,Haryana,India,"Pre-Series A, Series A","2021, 2022","2000000, Letsventure And Lc Nueva Investment Partners",16.6,2021-11-02,2022-08-23,"2, 3","2021, 2022",2021,2022
coinswitch kuber,4984.98,2494.98,4,Cryptocurrency,Bangalore,Bangalore,Karnataka,India,"Series A, Series B, Series C","2021, 2022","Andreessen Horowitz, Coinbase Ventures, Kuunknownl Shah, Multiples, Paradigm, Ribbit Capital",2490.0,2021-01-05,2022-04-16,"1, 3, 4","2020, 2021, 2022",2021,2022
true north,4980.0,4980.0,1,Fintech,Mumbai,Mumbai,Maharashtra,India,Private Equity,2018,Unknown,8.3,2018-08-16,2018-08-16,2,2018,2018,2018
manipal,4980.0,4980.0,1,Education Healthcare,Karnataka,Nan,Karnataka,India,Debt,2025,Kkr,8.3,2025-06-08,2025-06-08,1,2025,2025,2025
sharechat,4813.28,4150.0,8,Consumer Internet,Bangalore,Bangalore,Karnataka,India,"Private Equity, Unknown, Other","2016, 2018, 2020, 2021, 2022, 2024","All About Inc, Beenext Pte Led, Beenos Asia, Dg Ventures, India Quotient, Kaunknownmori Assagement Singapore, Lightspeed, Multiples, Pawan Munjal, Rebright Partners I, Rebright Partners Ii, Saif Partners, Shunwei Capital, Singaporeunknownbased Edbi, Tetsuro Koda, Twitter Ventures, Venture Highway, Xiaomi Singapore",4680.48,2016-07-10,2024-08-25,"1, 2, 3, 4","2016, 2017, 2019, 2020, 2021, 2022, 2024",2016,2024
bizongo,4741.79,2201.99,7,Ecommerce,Mumbai,Mumbai,Maharashtra,India,"Private Equity, Series C, Series D","2016, 2018, 2020, 2021, 2022","Accel, Accel Partners And Idg Ventures, B Capital, Cdc Group, Debt Fiunknownncing, Idg Capital, Idg Ventures, Interunknowntiounknownl Fiunknownnce Corporation (Ifc), Schroder Adveq, Tiger Global",2539.8,2016-11-15,2022-08-10,"1, 2, 3, 4","2016, 2018, 2019, 2021, 2022",2016,2022
pharmeasy,4691.16,2905.0,4,Ecommerce,Mumbai,Mumbai,Maharashtra,India,"Debt, Private Equity, Series E","2017, 2018, 2021, 2025","Bessemer Venture Partners, Caisse De Depot Et Placement Du Quebec, Innoven Capital, Orios Venture Partners, Tpg Growth, Trifecta Capital, Unknown",3100.05,2017-04-21,2025-09-16,"1, 2","2017, 2018, 2021, 2025",2017,2025
droom,4614.8,2763.9,4,Ecommerce,Gurgaon,Gurgaon,Haryana,India,"Unknown, Private Equity, Series E","2017, 2018, 2021, 2022","Asset Maunknowngement (Asia) Ltd, Digital Garage Inc, Multiples, Unknown, Zigexn",1850.9,2017-07-23,2022-04-14,"1, 2, 3","2017, 2018, 2021, 2022",2017,2022
rebel foods,4573.3,1743.0,7,Food,Pune,Pune,Maharashtra,India,"Unknown, Series G, Series E","2020, 2021, 2022, 2024, 2025","Coatue Maunknowngement, Evolvence, Qatar Investment Authority, Temasek, Unknown",4365.8,2020-01-27,2025-04-04,"1, 2, 3, 4","2019, 2020, 2021, 2022, 2024, 2025",2020,2025
heaps,4565.0,4565.0,1,Healthcare,Bangalore,Bangalore,Karnataka,India,Series A,2022,Nvs Wealth Maunknowngers,1.66,2022-01-14,2022-01-14,4,2021,2022,2022
vedantu,4486.15,2431.07,9,Edtech,Bangalore,Bangalore,Karnataka,India,"Private Equity, Series C, Unknown","2015, 2018, 2020, 2021, 2022, 2024, 2025","Abc World Asia, Accel, Coatue, Kb Global Platform Firm, Legend Capital, Multiples, Stride Ventures, Tiger Global And Others, Tiger Global Maunknowngement, Unknown",4394.85,2015-05-07,2025-09-01,"1, 2","2015, 2018, 2020, 2021, 2022, 2024, 2025",2015,2025
medisage,4399.0,4399.0,1,Healthcare,Mumbai,Mumbai,Maharashtra,India,Unknown,2022,Bessemer Venture Partners And Siddharth Sikchi,6.47,2022-04-08,2022-04-08,1,2022,2022,2022
nobroker,4377.42,3535.8,6,Other,Unknown,Nan,Nan,Nan,"Private Equity, Unknown, Series C","2015, 2016, 2019, 2020, 2022","Beenext, Beenos, Digital Garage, Fulcrum Ventures, General Atlantic, Ktb Network, Mamoru Taniya, Multiples, Qualgro, Saif Partners",841.62,2015-02-05,2022-04-01,"1, 3, 4","2014, 2015, 2016, 2019, 2020, 2022",2015,2022
inframarket,4357.5,1037.5,8,Infratech,Mumbai,Mumbai,Maharashtra,India,"Debt, Series A, Series B","2020, 2021, 2025","Accel, Dhruv Agarwala, Innoven Capital, Mars Growth Capital, Nexus Venture Partners, Tiger Global, Trifecta Capital Advisors, Unknown",3668.6,2020-01-17,2025-09-19,"2, 3, 4","2019, 2020, 2021, 2024, 2025",2020,2025
car dekho,4316.0,2075.0,5,Automobile,Jaipur,Jaipur,Rajasthan,India,"Series C, Series D, Series E","2019, 2020, 2021","Alphabet\\Xe2\\X80\\X99S Growth Investment Arm Capital G And Axis Bank, Hillhouse Capital, Ping An Global Voyager Fund, Sc Gg India Mobility Holdings Llc, Sequoia Capital, Sequoia India, Unknown",2241.0,2019-01-14,2021-10-15,"2, 3, 4","2018, 2019, 2021",2019,2021
pine labs,4277.04,1300.0,7,Information Technology,Noida,Noida,Uttar Pradesh,India,"Unknown, Other","2019, 2021, 2022","Alpha Wave Venture, Blackrock, Fidelity, Invesco Developing Markets Fund, Pine Labs Pte Ltd, State Bank Of India, Unknown, Vitruvian Partners",2977.04,2019-08-04,2022-04-28,"1, 2, 4","2019, 2021, 2022",2019,2022
goqii,4261.22,3735.0,3,Fitness Tracking Management,Mumbai,Mumbai,Maharashtra,India,"Series C, Private Equity","2015, 2019, 2022","Bennett Coleman And Company Ltd (Bccl), Cheetah Mobile, New Enterprise Associates, Sumeru Ventures",3846.22,2015-11-09,2022-02-14,"2, 3, 4","2015, 2019, 2021",2015,2022
gigforce,4243.82,4212.25,3,Hr,Bangalore,Bangalore,Karnataka,India,"Unknown, Pre-Series A, Seed","2020, 2021, 2022","Endiya Partners, Unitus Venture, Venture Catalysts And Znl Growth",31.57,2020-07-06,2022-10-16,"2, 3","2020, 2021, 2022",2020,2022
bigbasket,4208.1,2490.0,4,Online & Mobile Grocery Store,Bangalore,Bangalore,Karnataka,India,Private Equity,"2015, 2016, 2017, 2018","Abraaj Group, Alibaba, Ascent Capital, Bessemer Venture Partners, Helion Venture Partners, Trifecta Capital",1718.1,2015-08-21,2018-02-08,"2, 4","2015, 2016, 2017",2015,2018
ofbusiness,4116.37,2697.5,7,Ecommerce,Gurgaon,Gurgaon,Haryana,India,"Private Equity, Unknown, Debt","2016, 2017, 2018, 2021, 2025","Alpha Wave Ventures Ii, Cornerstone Ventures, Creation Investments, Falcon Edge, Falcon Edge India, Kotak Mahindra Bank, Matrix Partners, Matrix Partners India And Zodius Capital, Norwest Venture Partners, Softbank Vision Fund Ii, Tiger Global Maunknowngement, Zodius Technology Opportunities Fund",4016.37,2016-02-25,2025-04-21,"1, 2, 3, 4","2015, 2016, 2017, 2018, 2021, 2025",2016,2025
mindtickle,3490.15,2332.3,4,Sales & Productivity Software,Pune,Pune,Maharashtra,India,"Private Equity, Debt, Unknown","2015, 2017, 2020, 2022","Caunknownan Partners, Multiples, New Enterprise Associates, Newview Capital",1157.85,2015-11-25,2022-04-08,"1, 3","2015, 2017, 2020, 2022",2015,2022
policy bazaar,3483.51,1660.0,5,Online Policy Aggregator,Gurgaon,Gurgaon,Haryana,India,"Private Equity, Unknown","2015, 2017, 2018, 2021","Dg Ventures India, Falcon Edge Capital, Info Edge (India) Ltd, Info Edge (India) Ltd And Temasek, Premjiinvest, Ribbit Capital, Softbank, Tiger Global, True North, Wellington Maunknowngement, White Oak Global Advisors",2861.01,2015-04-07,2021-03-06,"1, 2, 3, 4","2015, 2017, 2018, 2020",2015,2021
nykaa,3428.24,1304.76,10,Beauty & Wellness Products Etailer,Mumbai,Mumbai,Maharashtra,India,"Private Equity, Unknown","2015, 2016, 2018, 2020, 2022","Atul Nishar, Dalip Pathak, Dalip Pathak And Others, Fidelity Maunknowngement And Research Company And Alia Bhatt, Harsh Mariwala, Lighthouse, Little Black Book, Mariwala Family, Michael Carlos, Steadview Capital, Sunil Munjal",2195.69,2015-10-06,2022-08-25,"1, 2, 3, 4","2015, 2016, 2018, 2019, 2020, 2022",2015,2022
waycool foods,3417.94,3353.2,2,Agritech,Chennai,Chennai,Tamil Nadu,India,"Debt, Unknown","2020, 2022",". Trifecta Capital Advisors And Trifecta Capital Advisors, Fmo, Indusind Bank",64.74,2020-12-21,2022-12-25,3,"2020, 2022",2020,2022
zhangmen,3320.0,3320.0,1,Edtech,Shanghai,Shanghai,Nan,China,Unknown,2020,"Cicc Alpha, Vms Asset Maunknowngement",1.25,2020-10-03,2020-10-03,3,2020,2020,2020
olacabs,3320.0,3320.0,1,Cab Aggregator,Bangalore,Bangalore,Karnataka,India,Private Equity,2015,"Accel, Dst Global, Others, Steadview Capital, Tiger Global",224.1,2015-04-21,2015-04-21,1,2015,2015,2015
flipkart internet,3249.0,3249.0,1,Technology,Bangalore,Bangalore,Karnataka,India,Unknown,2025,Flipkart Marketplace Private Limited In Singapore,1840.38,2025-04-01,2025-04-01,1,2025,2025,2025
ayana,3237.0,3237.0,1,Renewable Player,Bangalore,Bangalore,Karnataka,India,Unknown,2020,"Cdc Group, Niif Ltd",249.0,2020-12-21,2020-12-21,3,2020,2020,2020
slice,3225.7,1826.0,6,Fintech,Bangalore,Bangalore,Karnataka,India,"Unknown, Debt, Series B","2020, 2021, 2022, 2024","Better Capital, Blume Ventures, Ceo), Credit Saison India, Gunosy, Insight Partners, Kohlberg Kravis Roberts And Dick Costolo, Niyogin Fintech Limited, Northern Arc Capital, Rajan Bajaj (Founder, Tiger Global, Vivriti Capital",3154.0,2020-11-10,2024-10-24,"1, 2, 3","2020, 2021, 2022, 2024",2020,2024
dehaat,3183.88,1980.38,3,Agritech,Patna,Patna,Bihar,India,"Series C, Series D, Series E","2021, 2022","Lightrock India, Prosus Ventures, Rtp Global, Rtp Global And Sofiunknown, Sofiunknown, Temasek",1203.5,2021-01-26,2022-10-14,"3, 4","2020, 2021, 2022",2021,2022
postman,3178.9,1867.5,4,Api Workflow,Bangalore,Bangalore,Karnataka,India,"Seed, Private Equity, Series C","2015, 2016, 2020, 2021","Crv, Insight Partners, Nexus Venture Partners",1311.4,2015-05-04,2021-08-24,"1, 2, 3","2015, 2016, 2020, 2021",2015,2021
elasticrun,3129.1,2490.0,3,Technology,Pune,Pune,Maharashtra,India,"Private Equity, Series D, Series E","2016, 2021, 2022","Avataar Venture Partners, Goldman Sachs, Kalaari Capital, Norwest Venture Partners, Softbank",639.1,2016-11-17,2022-02-01,"1, 3, 4","2016, 2021",2016,2022
dunzo,3128.68,1992.0,7,Consumer Internet,Bangalore,Bangalore,Karnataka,India,"Series E, Unknown, Seed","2016, 2017, 2019, 2020, 2021, 2022","Alteria Capital, Aspada Investment Advisors, Blume Ventures, Evolvence India Fund, Google, Lightbox, Reliance Retail Ventures Limited, Wes Schwalje",1136.68,2016-03-11,2022-01-08,"3, 4","2015, 2017, 2019, 2020, 2021",2016,2022
groww,3022.03,2075.0,4,Consumer Internet,Bangalore,Bangalore,Karnataka,India,"Other, Series C, Series D","2018, 2020, 2021","Iconiq Growth, Insignia Ventures Partners, Kairos, Lightbridge Partners, Ribbit Capital, Tiger Global Maunknowngement, Y Combiunknowntor, Y Combiunknowntor Continuity Fund",947.03,2018-07-25,2021-10-19,"1, 2, 3, 4","2018, 2019, 2021",2018,2021
emeritus,2905.0,2905.0,1,Edtech,Mumbai,Mumbai,Maharashtra,India,Unknown,2022,Cpp Investments,190.9,2022-03-05,2022-03-05,4,2021,2022,2022
chargebee,2722.4,2075.0,4,Other,Unknown,Nan,Nan,Nan,"Private Equity, Series F, Unknown","2015, 2018, 2020, 2022","Accel, Accel Partners And Tiger Global Maunknowngement., Insight Venture Partners, Sequoia Capital, Steadview Capital, Tiger Global",647.4,2015-03-25,2022-02-21,"3, 4","2014, 2017, 2020, 2021",2015,2022
moglix,2707.46,2075.0,4,Ecommerce,Noida,Noida,Uttar Pradesh,India,"Private Equity, Series D, Series F","2016, 2017, 2019, 2022","Accel, Alpha Wave Global, Composite Capital Maunknowngement, Interunknowntiounknownl Fiunknownnce Corporation, Jungle Ventures, Rocketship, Seedplus, Sequoia Capital, Shailesh Rao, Tiger Global, Tiger Global Maunknowngement, Venture Highway",632.46,2016-10-11,2022-01-25,"2, 3, 4","2016, 2017, 2019, 2021",2016,2022
annapurna finance,2705.8,1357.05,4,Fintech,Bhubneswar,Bhubaneswar,Odisha,India,"Private Equity, Unknown, Series A","2018, 2021, 2022, 2024","Asian Development Bank, Oman India Joint Investment Fund, Oman India Joint Investment Fund (Oijif), Proparco And Encourage Capital, Unknown",1796.95,2018-06-15,2024-12-11,"1, 3, 4","2018, 2020, 2022, 2024",2018,2024
rapido,2704.73,1660.0,6,Consumer Internet,Bangalore,Bangalore,Karnataka,India,"Series E, Seed, Other","2017, 2021, 2024, 2025","Aravind Sanka, Battery Road Digital Holdings Llc, Invus Opportunities, Kuunknownl Shah, Nexus Venture Partners, Prosus, Shell Ventures, Skycatcher, Skycatcher Fund, Think Investments, Westbridge Capital, Yamaha",2454.73,2017-09-12,2025-02-14,"1, 2, 3, 4","2017, 2021, 2024",2017,2025
dream11,2697.5,1867.5,2,Consumer Internet,Mumbai,Mumbai,Maharashtra,India,"Private Equity, Unknown","2018, 2020","Kalaari Capital And Private Equity Firm Multiples Alterunknownte Asset Maunknowngement, Steadview Capital, Tencent, Tencent Holdings",830.0,2018-09-02,2020-01-21,"2, 4","2018, 2019",2018,2020
firstcry,2672.61,2456.8,3,Other,Unknown,Nan,Nan,Nan,"Private Equity, Series E, Unknown","2015, 2020, 2022","Multiples, Softbank’S Vision Fund, Valiant Capital Partners",2672.6,2015-02-21,2022-04-28,"1, 4","2014, 2019, 2022",2015,2022
cure fit,2657.66,1203.5,7,Consumer Internet,Bangalore,Bangalore,Karnataka,India,"Private Equity, Unknown, Debt","2016, 2017, 2018, 2021, 2025","Accel, Aditya Agarwal, Axis Bank, First Luxembourg Sca, Gokul Rajaram, Hdfc Bank, Idg Ventures, Kalaari Capital, Kalaari Capital And Others, Others, Prathithi Investment Trust, Rnt Capital, Ruchi Sanghvi, Trifecta Capital Advisors Llp, Zomato, \\Xc2\\Xa0 Ucunknownrnt Fund",2641.06,2016-07-17,2025-07-14,"1, 2, 3, 4","2016, 2017, 2018, 2021, 2025",2016,2025
porter,2642.47,1660.0,3,Logistics,Mumbai,Mumbai,Maharashtra,India,"Series D, Series E, Series F","2020, 2021, 2025","Kedaara Capital And Wellington Maunknowngement, Lightstone Global Funds, Tiger Global, Vitruvian Partners",982.47,2020-04-16,2025-05-15,"1, 3","2020, 2021, 2025",2020,2025
zolve,2539.8,2083.3,3,Fintech,Bangalore,Bangalore,Karnataka,India,"Seed, Series A, Series B","2021, 2025","Creaegis, Dst Global, Gmo Venture Partners, Greg Kidd, Hsbc, Kuunknownl Shah, Sbi Investment",456.5,2021-02-20,2025-03-17,"3, 4","2020, 2021, 2024",2021,2025
flexiloans,2526.16,1611.86,6,Consumer Internet,Mumbai,Mumbai,Maharashtra,India,"Series C, Private Equity, Debt","2016, 2020, 2022, 2024, 2025",">Vikram Sud, Accion, Anil Jaggia, Bii, Fundamentum, Jm Fiunknownncial, Maj Invest, Narayan Seshadri, Nuveen, Sanjay Nayar, Sanjay Nayar And Yogesh Mahansaria, Vikram Sud",2151.16,2016-10-25,2025-06-04,"1, 2, 3","2016, 2020, 2022, 2024, 2025",2016,2025
automation anywhere,2490.0,2490.0,1,Automation,Usa,Nan,Nan,Usa,Series B,2018,Softbank,3.32,2018-11-12,2018-11-12,3,2018,2018,2018
gupshup,2490.0,1992.0,2,Technology,San Francisco,San Francisco,California,Usa,Unknown,"2022, 2025",Unknown,1992.0,2022-04-22,2025-07-25,"1, 2","2022, 2025",2022,2025
mintifi,2474.6,1494.0,4,Fintech,Mumbai,Mumbai,Maharashtra,India,"Other, Series E, Unknown","2018, 2022, 2024","Automating Your Receivables Maunknowngement, Lok Capital, Premji Invest, Prosus, Teachers’ Venture Growth (Tvg)",1810.6,2018-04-25,2024-12-06,"1, 3, 4","2018, 2021, 2024",2018,2024
grofers,2465.1,996.0,5,Other,Unknown,Nan,Nan,Nan,"Private Equity, Series F","2015, 2018, 2019","Apoletto Maunknowngers, Sequoia Capital, Softbank, Tiger Global, Tiger Global And Apoletto Maunknowngers., Tiger Global Maunknowngement",1884.1,2015-02-20,2019-08-01,"1, 2, 3, 4","2014, 2015, 2017, 2019",2015,2019
o9,2448.5,2448.5,1,Computer Software,Bangalore,Bangalore,Karnataka,India,Unknown,2022,"Beyondnetzero, General Atlantic",49.8,2022-01-15,2022-01-15,4,2021,2022,2022
innovaccer,2411.98,2282.5,2,Technology,Noida,Noida,Uttar Pradesh,India,"Private Equity, Other","2016, 2025","B Capital Group, Banner Health, Daunknownher Ventures Llc, Generation Investment Maunknowngement, Kaiser Permanente, M12, Westbridge Capital Partners",129.48,2016-08-27,2025-01-19,"2, 4","2016, 2024",2016,2025
vogo automotive,2378.65,2348.9,2,Transportation,Karnataka,Nan,Karnataka,India,"Debt, Series B",2019,"Alteria Capital, Kalaari Capital, Matrix Partners, Stellaris Venture Partners",29.75,2019-06-04,2019-11-01,"1, 3",2019,2019,2019
livspace,2375.0,1494.0,7,Home Design & Dxc3Xa9Cor,Bangalore,Bangalore,Karnataka,India,"Private Equity, Series D, Series F","2015, 2016, 2020, 2022","Bessemer Venture Partners, Helion Ventures, Ingka Group Investments, Jungle Ventures, Jungle Ventures And Peugeot Sa, Mercer Investment, Mercer Investments, Nicholas Cator, Peugeot Investments, Tahoe Investment Group, Venturi Partners",2290.8,2015-08-10,2022-04-18,"1, 2, 3, 4","2015, 2016, 2019, 2020, 2021, 2022",2015,2022
digit insurance,2360.02,1660.0,3,Fintech,Bangalore,Bangalore,Karnataka,India,Unknown,"2020, 2021","A91 Partners, Anushka Sharma, Faering Capital, Iifl Alterunknownte Asset Maunknowngers, Sequoia Capital, Tvs Capital, Virat Kohli",700.02,2020-01-09,2021-07-18,"2, 4","2019, 2021",2020,2021
bira 91,2350.56,2350.56,1,Food,Delhi,Delhi,Delhi,India,Series D,2022,The Beer Café,99.6,2022-11-06,2022-11-06,3,2022,2022,2022
darwinbox,2249.3,1162.0,5,Technology,Hyderabad,Hyderabad,Telangana,India,"Unknown, Private Equity, Series D","2017, 2021, 2022, 2025","3One4 Capital, 3One4 Capital Advisors Llp, Endiya Partners, Lightspeed, Ontario Teachers’ Pension Plan, Partners Group And Kkr, Sequoia Capital, Startupxseed Ventures Llp, Technology Crossover Ventures",1917.3,2017-06-01,2025-08-15,"1, 2, 4","2017, 2020, 2021, 2024, 2025",2017,2025
revfin,2241.0,2207.8,2,Fintech,Delhi,Delhi,Delhi,India,"Pre-Series A, Series A","2021, 2022","Green Frontier Capital And Lc Nueva Investment Partners, Rishi Kajaria, Ruchirans Jaipuria",33.2,2021-10-14,2022-10-06,3,"2021, 2022",2021,2022
edelweiss,2241.0,2241.0,1,Fintech,Mumbai,Mumbai,Maharashtra,India,Private Equity,2017,Unknown Investors,290.5,2017-11-21,2017-11-21,3,2017,2017,2017
hero fincorp,2216.1,2216.1,1,Fintech,Delhi,Delhi,Delhi,India,Unknown,2022,"Apollo, Hero Motocorp",1.66,2022-02-28,2022-02-28,4,2021,2022,2022
mohalla tech,2207.8,2207.8,1,Social Media,Bangalore,Bangalore,Karnataka,India,Series G,2021,Alkeon Capital,2707.46,2021-12-07,2021-12-07,3,2021,2021,2021
oyorooms,2174.6,830.0,3,Budget Hotel Accommodation,Delhi,Delhi,Delhi,India,"Private Equity, Other","2015, 2016, 2018","Didi Chuxing, Greenoaks Capital, Sequoia Capital, Softbank, \\Xc2\\Xa0 Lightspeed India",1344.6,2015-08-03,2018-02-16,"2, 4","2015, 2016, 2017",2015,2018
finova capital,2166.3,1120.5,4,Consumer Internet,Jaipur,Jaipur,Rajasthan,India,"Unknown, Private Equity, Series E","2018, 2020, 2022, 2024","And Norwest Venture Partners, Avataar Venture Partners﻿, Faering Capital, Madison India Capital﻿, Maj Invest, Norwest Venture Partners, Sequoia Capital, Sofiunknown﻿",1045.8,2018-03-20,2024-10-06,"3, 4","2017, 2020, 2021, 2024",2018,2024
globalbees,2166.3,1245.0,2,D2C Business,Delhi,Delhi,Delhi,India,"Series A, Series B",2021,"Firstcry, Lightspeed, Premji Invest, Steadview Capital",1245.0,2021-07-23,2021-12-27,"2, 3",2021,2021,2021
uolo,2133.1,2116.5,2,Edtech,Bangalore,Bangalore,Karnataka,India,"Seed, Series A","2020, 2022","Morphosis Venture Capital And Winter Capital, Purvi Capital, Rajul Garg",16.6,2020-11-13,2022-12-19,3,"2020, 2022",2020,2022
nazara,2130.2,855.0,6,Technology,Mumbai,Mumbai,Maharashtra,India,"Unknown, Private Equity, Acquisition","2017, 2021, 2024, 2025","Aamara Capital, Acquired Fusebox Games Limited, Arpit Khandelwal, Axaunknown Estates Llp, Caratlane Founder Mithun Sacheti, Hornbill Capital Advisers, Mithun Sacheti, Plutus Wealth Maunknowngement, Rakesh Jhunjhunwala, Sbi Mutual Fund, Think Investments Among Others, Turtle Entertainment",1635.2,2017-12-01,2025-01-12,"2, 3, 4","2017, 2020, 2024",2017,2025
jumbotail,2106.54,996.0,7,Ecommerce,Bangalore,Bangalore,Karnataka,India,"Series B, Private Equity, Debt","2017, 2020, 2021, 2025","23 High Networth Individuals (Hnis), Alteria Capital, Artal Asia, Capria Ventures, Invus, Kalaari Capital, Nexus India Capital Advisors, Nexus Venture Partners, Nexus Venture Partners And 23 High Networth Individuals (Hnis), Sc Ventures",1110.54,2017-07-01,2025-07-18,"1, 2, 3, 4","2017, 2020, 2021, 2025",2017,2025
browserstack,2075.0,1660.0,2,Technology,Mumbai,Mumbai,Maharashtra,India,"Private Equity, Series B","2018, 2021",Accel,415.0,2018-01-03,2021-06-08,"1, 4","2017, 2021",2018,2021
mpl,2033.5,788.5,5,Entertainment,Bangalore,Bangalore,Karnataka,India,"Unknown, Series C, Series B","2020, 2021","Base Partners, Go Ventures, Pegasus Tech Ventures, Sequoia Capital, Times Internet",1245.0,2020-01-10,2021-02-15,"3, 4","2019, 2020",2020,2021
pepperfry,2031.51,830.0,6,Online Home Dxc3Xa9Cor,Mumbai,Mumbai,Maharashtra,India,"Private Equity, Series F, Debt","2015, 2016, 2018, 2020, 2021, 2025","Bertelsmann India, Bertelsmann India Investments, Bertelsmann India Investments Norwest Venture Partners., Goldman Sachs, Goldman Sachs Group, Innoven Capital, Norwest Venture Partners, Pidilite Industries, State Street Global Advisors, Zodius Technology Fund",1989.51,2015-07-13,2025-06-16,"1, 2, 4","2015, 2016, 2017, 2019, 2020, 2025",2015,2025
cartrade,2012.75,1203.5,3,Consumer Internet,Mumbai,Mumbai,Maharashtra,India,"Private Equity, Series H","2016, 2017, 2020","Jp Morgan, March Capital, Pincus, Temasek, Temasek Holdings, Warburg Pincus",1660.0,2016-01-08,2020-01-06,4,"2015, 2016, 2019",2016,2020
fourkites,2004.45,2004.45,1,Software,Chicago,Chicago,Illinois,Usa,Unknown,2022,"Co And Fedex, Mitsui",15.77,2022-09-25,2022-09-25,2,2022,2022,2022
zilingo,1957.97,1875.8,3,For Bangkok,Bangalore,Bangalore,Karnataka,India,"Private Equity, Series D","2015, 2016, 2019","And Sofiunknown, Beenext, Beenext Ventures, Beenos, Burda Principal Investments, Digital Garage, Edbi, Kuunknownl Shah, Sandeep Tandon, Sequoia Capital And Temasek Holdings, Sequoia India, Susquehanunknown Interunknowntiounknownl Group.\\Xc2\\Xa0 Wavemaker Partners, Venturra Capital",82.17,2015-11-13,2019-02-21,"2, 3, 4","2015, 2016, 2018",2015,2019
five star finance,1942.2,1942.2,1,Fintech,Chennai,Chennai,Tamil Nadu,India,Unknown,2021,"Epiq Capital, Tpg Capital Asia",830.0,2021-03-28,2021-03-28,4,2020,2021,2021
myntra,1941.7,1029.2,3,Ecommerce,Bangalore,Bangalore,Karnataka,India,"Unknown, Other","2022, 2025","Fk Myntra Holdings, Flipkart (Parent Company), Quickroutes Interunknowntiounknownl",912.5,2022-04-25,2025-05-07,"1, 4","2022, 2024, 2025",2022,2025
lenskartcom,1917.3,1917.3,1,Ecommerce,Faridabad,Delhi,Haryana,India,Series G,2019,Softbank,20604.33,2019-12-07,2019-12-07,3,2019,2019,2019
asteria aerospace,1909.0,1909.0,1,Robotics & Ai,Bangalore,Bangalore,Karnataka,India,Unknown,2020,Reliance Industries,8.3,2020-01-12,2020-01-12,4,2019,2020,2020
quikr,1909.0,1245.0,3,Online Classifieds,Mumbai,Mumbai,Maharashtra,India,Private Equity,"2015, 2016","Ab Kinnevik, Brand Capital, Coatue Maunknowngement, Falcon Edge Capital, Investment Ab Kinnevik, Steadview Capital, Tiger Global",1743.0,2015-04-01,2016-08-25,"1, 2","2015, 2016",2015,2016
credavenue,1884.1,1137.1,2,Fintech,Chennai,Chennai,Tamil Nadu,India,"Series A, Series B","2021, 2022","B Capital Group, Dragoneer Investment Group, Insight Partners, Lightspeed, Sequoia Capital, Tvs Capital Funds",747.0,2021-09-01,2022-03-03,"2, 4",2021,2021,2022
stellaris venture partners,1867.5,1867.5,1,Venture Capital,Bangalore,Bangalore,Karnataka,India,Unknown,2021,Unknown,116.2,2021-08-05,2021-08-05,2,2021,2021,2021
ecom express,1850.9,1137.1,4,Logistics,Delhi,Delhi,Delhi,India,"Private Equity, Unknown","2015, 2017, 2020, 2021","Cdc Group, Partners Group, Warburg Pincus",1684.9,2015-06-13,2021-03-18,"1, 2, 4","2015, 2017, 2019, 2020",2015,2021
dealshare,1842.61,1195.2,6,Ecommerce,Jaipur,Jaipur,Rajasthan,India,"Unknown, Series E, Series C","2020, 2021, 2022","Abu Dhabi Investment Authority, Abu Dhabi Investment Authority And Twenty Nine Capital Partners, Falcon Edge Capital, Innoven Capital, Omidyar Network, Tiger Global, Tiger Global Maunknowngement",1842.6,2020-12-12,2022-04-28,"1, 2, 3, 4","2020, 2021, 2022",2020,2022
flipkart,1840.38,589.3,6,Ecommerce,Bangalore,Bangalore,Karnataka,India,"Private Equity, Unknown","2015, 2017, 2020","Bennett, Coleman And Co. Ltd (Bccl), Ebay, Microsoft, Morgan Stanley, Naspers, Softbank, Tencent Holdings, Walmart",1325.78,2015-06-08,2020-01-10,"1, 2, 4","2015, 2016, 2017, 2019",2015,2020
digital mall asia,1826.0,1826.0,1,Ecommerce,Delhi,Delhi,Delhi,India,Seed,2019,Amour Infrastructure,1.38,2019-11-23,2019-11-23,3,2019,2019,2019
pb healthcare,1809.4,1809.4,1,Healthcare,Gurgaon,Gurgaon,Haryana,India,Equity,2025,"General Catalyst, Pb Fintech",29.05,2025-05-10,2025-05-10,1,2025,2025,2025
ivycap ventures,1784.5,1784.5,1,Investment Management,Mumbai,Mumbai,Maharashtra,India,Unknown,2022,Unknown,58.93,2022-02-11,2022-02-11,4,2021,2022,2022
oxyzo,1760.0,1660.0,2,Fintech,Gurgaon,Gurgaon,Haryana,India,"Series A, Debt","2022, 2025","Ak Capital Fiunknownnce, Alpha Wave, Tiger Global",1660.0,2022-03-22,2025-02-03,4,"2021, 2024",2022,2025
hike,1747.5,1452.5,2,Consumer Internet,Delhi,Delhi,Delhi,India,"Private Equity, Unknown","2016, 2022","Bharti Enterprises, Foxconn Technology Group, Polygon, Softbank, Tencent Holdings, Tiger Global",1452.5,2016-08-27,2022-01-14,"2, 4","2016, 2021",2016,2022
physicswallah,1743.0,1743.0,1,Edtech,Unknown,Nan,Nan,Nan,Series B,2024,"And Lightspeed Venture Partners, Hornbill Capital, Westbridge Capital",83.0,2024-09-25,2024-09-25,2,2024,2024,2024
appsflyer,1743.0,1743.0,1,Saas,Bangalore,Bangalore,Karnataka,India,Series D,2020,General Atlantic,163.92,2020-01-20,2020-01-20,4,2019,2020,2020
foodpanda,1743.0,913.0,2,Other,Unknown,Nan,Nan,Nan,Private Equity,2015,"Goldman Sachs, Others, Rocket Internet, Rocket Internet Ag",913.0,2015-03-19,2015-05-05,"1, 4","2014, 2015",2015,2015
bounce,1734.7,871.5,3,Automotive And Rentals,Bangalore,Bangalore,Karnataka,India,"Series D, Unknown",2020,"Accel, B Capital, Innoven Capital",1680.75,2020-01-06,2020-03-22,4,2019,2020,2020
ather energy,1730.8,600.0,6,Electric Scooter Manufacturer,Bangalore,Bangalore,Karnataka,India,"Private Equity, Series C, Series D","2015, 2016, 2019, 2020, 2024","Hero Motocorp, Heromotocorp Ltd And Sachin Bansal, Natiounknownl Investment And Infrastructure Fund (Niif), Sachin Bansal, Tiger Global",1130.8,2015-05-16,2024-08-12,"1, 2, 3","2015, 2016, 2019, 2020, 2024",2015,2024
shopclues,1723.91,830.0,3,Other,Unknown,Nan,Nan,Nan,Private Equity,"2015, 2016, 2017","Gic, Innoven Capital, Nexus Venture Partners, Other Investors, Tiger Global, Tiger Global Maunknowngement",1660.0,2015-01-13,2017-05-26,"1, 4","2014, 2015, 2017",2015,2017
damensch,1709.8,1577.0,3,Ecommerce,Bangalore,Bangalore,Karnataka,India,"Series B, Unknown","2020, 2022","A91 Partners, Matrix Partners, Saama Capital And Matrix Partners India, Whiteboard Capital",132.8,2020-11-11,2022-10-06,"3, 4","2020, 2021, 2022",2020,2022
interviewbit,1660.0,1660.0,1,Edtech,Pune,Pune,Maharashtra,India,Series A,2020,"Sequoia Capital, Singapore’S Economic Development Board (Ebd), Tiger Global Maunknowngement",48.97,2020-01-16,2020-01-16,4,2019,2020,2020
trifecta capital,1660.0,1660.0,1,Venture Capital & Private Equity,Gurgaon,Gurgaon,Haryana,India,Unknown,2022,Unknown,87.15,2022-02-07,2022-02-07,4,2021,2022,2022
furtados school of music,1660.0,1660.0,1,Edtech,Tulangan,Nan,Nan,Nan,Unknown,2019,Ian Fund And Dsg Consumer Partners,26.56,2019-11-08,2019-11-08,3,2019,2019,2019
newlink,1660.0,1660.0,1,Technology,Beijing,Beijing,Nan,China,Unknown,2021,Bain Capital,166.0,2021-03-15,2021-03-15,4,2020,2021,2021
inmobis glance,1660.0,1660.0,1,Software,Bangalore,Bangalore,Karnataka,India,Unknown,2022,Jio Platforms,1660.0,2022-02-28,2022-02-28,4,2021,2022,2022
inmobi,1660.0,830.0,2,Mobile Advertising,Bangalore,Bangalore,Karnataka,India,"Private Equity, Debt","2015, 2024","Mars Growth Capital (Mufg And Liquidity Group), Others, Tennenbaum Capital Partners",830.0,2015-09-14,2024-09-10,2,"2015, 2024",2015,2024
epiq capital,1660.0,1660.0,1,Fintech,Mumbai,Mumbai,Maharashtra,India,Private Equity,2017,Global Institutiounknownl Investors,498.0,2017-11-16,2017-11-16,3,2017,2017,2017
paytm marketplace,1660.0,1660.0,1,Ecommerce,Bangalore,Bangalore,Karnataka,India,Private Equity,2017,Alibaba,24522.86,2017-03-23,2017-03-23,4,2016,2017,2017
stelis biopharma,1618.5,1618.5,1,Biotechnology,Bangalore,Bangalore,Karnataka,India,Series B,2021,"Mankekar Family Office, Routeone",278.05,2021-03-14,2021-03-14,4,2020,2021,2021
lendingkart,1614.25,722.1,10,Online Finance Lending,Ahmedabad,Ahmedabad,Gujarat,India,"Private Equity, Debt, Series D","2015, 2016, 2017, 2018, 2020, 2021, 2022","Anicut Capital, Ashvin Chadha, Bertelsmann India Investments, Blueorchard Fiunknownnce, Fullerton Fiunknownncial Holdings, Fullerton Fiunknownncial Holdings Pte Ltd, India Quotient, Indiaquotient, Mayfield, Mayfield India, Nederlandse Fiunknownncieringsunknownmaatschappij Voor Ontwikkelingslanden N.V., Others, Saama Capital, Shailesh Mehta, Sistema Asia Fund, Yes Bank",1565.28,2015-07-24,2022-01-12,"1, 2, 4","2015, 2016, 2017, 2020, 2021",2015,2022
makemytrip,1577.0,1494.0,2,Consumer Internet,Gurgaon,Gurgaon,Haryana,India,Private Equity,"2016, 2018","Ctrip.Com Interunknowntiounknownl Ltd, Makemytrip Limited",1494.0,2016-01-11,2018-08-24,"2, 4","2015, 2018",2016,2018
cuemath,1567.77,1008.45,6,Edtech,Bangalore,Bangalore,Karnataka,India,"Private Equity, Unknown, Series B","2016, 2017, 2020, 2022","Capitalg, Google’S Capital G, Manta Ray Ventures Limited, Sequoia Capital, Sequoia Capital India And Unitus Ventures, Sequoia India, Sequoia India., Trifecta Capital, Unitus Seed Fund",559.32,2016-06-24,2022-06-08,"1, 2, 3, 4","2016, 2019, 2020, 2022",2016,2022
ultraviolette,1549.3,1245.0,3,Automotive,Bangalore,Bangalore,Karnataka,India,"Unknown, Series C","2021, 2024, 2025","Lingotto Counknowninvest Fund I, Mudhal Partners, Others, Tdk Ventures, Tvs Motor, Zoho, Zoho Corporation",1375.0,2021-12-02,2025-08-02,"2, 3","2021, 2024, 2025",2021,2025
lead school,1543.8,830.0,4,Edtech,Mumbai,Mumbai,Maharashtra,India,"Series C, Series D, Unknown","2020, 2021, 2022","Elevar Equity, Gsv Ventures, Westbridge Capital",713.8,2020-01-15,2022-01-24,"1, 2, 4","2019, 2020, 2021",2020,2022
healthkart,1532.18,1269.9,3,Ecommerce,Gurgaon,Gurgaon,Haryana,India,"Private Equity, Series H, Unspecified Round","2016, 2022, 2024","A91 Partners And Kae Capital, Chryscapital, Kae Capital, Motilal Oswal Alterunknowntes, Omidyar Network, Sequoia Capital",262.28,2016-08-20,2024-11-24,"2, 3","2016, 2022, 2024",2016,2024
kissht,1531.35,1182.75,4,Consumer Internet,Mumbai,Mumbai,Maharashtra,India,"Private Equity, Unknown","2017, 2018, 2022","And Endiya Partners.\\N\\N, Brunei Investment Agency And Endiya Partners, Endiya Partners, Fosun Rz Capital, Northern Arc, Trifecta Capital, Ventureast, Vertex Ventures Southeast Asia (Sea) And India And Sistema Asia Fund",348.6,2017-06-19,2022-06-21,"1, 2, 4","2017, 2018, 2021, 2022",2017,2022
homelane,1526.79,415.0,9,Other,Unknown,Nan,Nan,Nan,"Private Equity, Other, Series D","2015, 2017, 2018, 2020, 2021, 2024","Accel, Brand Capital, Evolvence India, Evolvence India Fund (Eif), Fj Labs, Hero Enterprise, Iifl Amc, Jsw Ventures, Mohandas Pai, Oman India Joint Investment Fund, Others, Pidilite Group, Ranjan Pai, Rb Investments, Sequoia Capital",1302.69,2015-02-13,2024-09-26,"1, 2, 3, 4","2014, 2015, 2017, 2018, 2019, 2020, 2021, 2024",2015,2024
curefood,1521.39,1521.39,1,Food,Bangalore,Bangalore,Karnataka,India,Series C,2022,Potential Ventures And Nb Venture,215.8,2022-06-07,2022-06-07,1,2022,2022,2022
rivigo,1513.92,622.5,7,Logistics,Gurgaon,Gurgaon,Haryana,India,"Private Equity, Series F, Unknown","2015, 2016, 2017, 2019, 2020","Elevation Capital, Private Sector Banks (Debt Funding), Saif Partners, Saif Partners And Others, Saif Partners India Vi Ltd, Spring Canter Investment Ltd, Spring Canter Investment Ltd., Trifecta Capital, Trifecta Capital Advisors, Warburg Pincus",1356.22,2015-12-07,2020-12-12,"3, 4","2015, 2016, 2019, 2020",2015,2020
taimei,1460.8,1460.8,1,Healthcare,Jiaxing,Jiaxing,Zhejiang,China,Unknown,2020,"Cowin Venture, Zsvc",8.3,2020-01-02,2020-01-02,4,2019,2020,2020
box8,1460.8,996.0,6,Online Food Delivery,Mumbai,Mumbai,Maharashtra,India,"Private Equity, Unknown","2015, 2016, 2017, 2020, 2021","Iifl Seed Ventures Fund, Mayfield Ventures, Menlo Park, Tiger Global, Trifecta Capital",1128.8,2015-05-17,2021-12-09,"1, 3, 4","2015, 2016, 2017, 2019, 2020, 2021",2015,2021
practo,1452.5,747.0,3,Other,Unknown,Nan,Nan,Nan,Private Equity,"2015, 2017","Altimeter Capital, Google Capital, Matrix Partners, Rsi Fund, Sequoia Capital, Sequoia Capital Global Equities, Sofiunknown, Tencent, Thrive Capital, Yuri Milner, \\Xc2\\Xa0 Ruunknownnet",996.0,2015-02-08,2017-01-04,"2, 4","2014, 2015, 2016",2015,2017
byjuxe2x80x99s,1452.5,622.5,4,Consumer Internet,Bangalore,Bangalore,Karnataka,India,Private Equity,"2016, 2017","Chan Zuckerberg Initiative, Interunknowntiounknownl Fiunknownncial Corporation, Lightspeed Ventures, Sequoia Capital, Sequoia India, Sofiunknown, Tencent Holdings, Times Internet Ltd",1162.0,2016-03-02,2017-07-24,"2, 3, 4","2015, 2016, 2017",2016,2017
classplus,1440.81,581.0,6,Edtech,Noida,Noida,Uttar Pradesh,India,"Series D, Unknown, Pre-Series A","2020, 2021, 2022","Alpha Wave Global, Alpha Wave Ventures And Chimera Investm, Blume Ventures, Rtp Global, Sequoia Capital, Spiral Ventures, Surge, Tiger Global",1292.31,2020-01-21,2022-04-15,"1, 4","2019, 2020, 2021, 2022",2020,2022
conscent,1432.58,1432.58,1,Information&Technology,Delhi,Delhi,Delhi,India,Unknown,2022,Pitchright Venture And Vijay Sivaram,14.94,2022-07-16,2022-07-16,2,2022,2022,2022
pristyn care,1427.6,796.8,4,Healthcare,Gurgaon,Gurgaon,Haryana,India,"Unknown, Series B, Series D","2020, 2021","Abhiraj Singh Bhal, Angellist., Deepinder Goyal, Greenoaks Capital, Hummingbird Ventures, Kuunknownl Shah, Sequoia Capital, Sequoia India",630.8,2020-01-16,2021-12-20,"1, 3, 4","2019, 2021",2020,2021
medibuddy,1419.3,1037.5,4,Edtech,Bangalore,Bangalore,Karnataka,India,"Debt, Series B, Unknown","2021, 2022","Bessemer Venture Partners, Idfc Private Equity, Innoven Capital, Lightrock India, Quadria Capital, Stride Ventures, Teamfund",381.8,2021-02-16,2022-02-09,"1, 4","2020, 2021",2021,2022
servify,1415.24,949.52,6,Industry,Mumbai,Mumbai,Maharashtra,India,"Series C, Series D, Unknown","2020, 2022, 2024","Bajaj Holdings, Barkawi, Blume Ventures, Innoven Capital, Iron Pillar, Singularity Growth Opportunities Fund And Beenext, Tetrao, Trifecta",1331.24,2020-01-02,2024-08-26,"1, 2, 4","2019, 2020, 2022, 2024",2020,2024
infarm,1411.0,1411.0,1,Agritech,Berlin,Berlin,Nan,Germany,Series C,2020,"Bonnier Ventures, Haunknownco Venture Capital",41.5,2020-01-28,2020-01-28,4,2019,2020,2020
apna,1411.0,830.0,2,Human Resources,Bangalore,Bangalore,Karnataka,India,"Series B, Series C",2021,"Rocketship.Vc, Sequoia Capital, Tiger Global",581.0,2021-06-20,2021-09-24,"1, 2",2021,2021,2021
giva,1402.2,514.6,5,Luxury Goods & Jewelry,Bangalore,Bangalore,Karnataka,India,"Series B, Series A, Unknown","2022, 2024, 2025","A91 Partners, Creaegis, Edelweiss Discover Fund, Edelweiss Discovery Fund, Epiq Capital, Premji Invest, Sixth Sense Ventures",952.2,2022-01-18,2025-06-13,"1, 2, 3, 4","2021, 2024, 2025",2022,2025
zoomcar,1384.44,763.6,6,Selfdriven Car Rental,Bangalore,Bangalore,Karnataka,India,"Private Equity, Unknown, Series D","2015, 2016, 2020, 2021","Empire Angels, Ford Smart Mobility Llc, Ngp, Sequoia Capital, Sony Innovation Fund, Sternaegis Ventures, Zoomcar Inc",620.84,2015-05-11,2021-11-02,"1, 2, 3, 4","2015, 2016, 2019, 2021",2015,2021
gaana,1377.8,954.5,2,Technology,Gurgaon,Gurgaon,Haryana,India,"Private Equity, Unknown","2018, 2020","Tencent Holdings, Tencent Holdings Ltd, Times Internet",954.5,2018-02-09,2020-01-09,4,"2017, 2019",2018,2020
trell,1371.58,830.0,7,Consumer Internet,Bangalore,Bangalore,Karnataka,India,"Pre-Series A, Other, Seed","2018, 2019, 2020, 2021","Amazon, Ankur Nagpal, Beenext, Fosun Rz, Gokul Rajaram, H, Harsh Shah, Krinshavataram Venkata Vinjamuri, Ktb Network, M, Mirae Asset, Ruizheng Investment, Samsung Ventures, Sequoia’S Surge, Tej Kapoor, Vineet Buch, Weh Ventures And Sprout Ventures",541.58,2018-07-14,2021-10-16,"2, 3, 4","2018, 2019, 2020, 2021",2018,2021
kinara capital,1365.35,1274.05,3,Fintech,Bangalore,Bangalore,Karnataka,India,"Unknown, Private Equity","2018, 2021, 2022","Gaja Capital, Gawa Capital, Nuveen Investments And British Interunknowntiounknownl Investment, Responsability",91.3,2018-07-13,2022-10-08,"2, 3, 4","2018, 2020, 2022",2018,2022
mamaearth,1361.79,431.6,6,Healthcare,Gurgaon,Gurgaon,Haryana,India,"Unknown, Private Equity, Series A","2018, 2020, 2021, 2022","Evolvence India Fund And Sofiunknown, Others, Sequoia Capital, Sequoia India, Sofiunknown Ventures Sa, Stellaris Ventures",1338.79,2018-09-28,2022-04-13,"1, 2, 3, 4","2018, 2019, 2021, 2022",2018,2022
healthquad,1328.0,1328.0,1,Venture Capital And Private Equity Principals,Delhi,Delhi,Delhi,India,Unknown,2022,"Msd, The Global Biopharmaceutical Company",161.85,2022-03-24,2022-03-24,4,2021,2022,2022
lummo,1328.0,664.0,2,Entreprenurship,Bangalore,Bangalore,Karnataka,India,Series C,2022,"Jeff Bezos, Sequoia Capital, Tiger Global",664.0,2022-01-14,2022-02-23,4,2021,2022,2022
khatabook,1328.0,830.0,2,Fintech,Bangalore,Bangalore,Karnataka,India,"Series B, Series C","2020, 2021","B Capital Group, Moore Strategic Ventures (Msv), Tribe Capital",498.0,2020-05-14,2021-08-12,"1, 2","2020, 2021",2020,2021
kreditbee,1311.4,622.5,3,Fintech,Bangalore,Bangalore,Karnataka,India,"Series C, Seed, Unknown",2021,"Alpine Capital, Mirae Asset Naver Asia Growth Fund, Motilal Oswal Private Equity, Newquest Capital Partners, Premji Invest, Premjiinvest",1245.0,2021-02-03,2021-06-17,"1, 4","2020, 2021",2021,2021
fourth partner energy,1311.4,1037.5,4,Solar Power,Hyderabad,Hyderabad,Telangana,India,"Unknown, Private Equity","2015, 2020, 2021","Grameen Impact India (Giii), Infuse Ventures, Norfund, Responsability, Responsability Investments Ag, The Chenunknowni Angels, The Rise Fund",273.9,2015-09-08,2021-06-19,"1, 2, 4","2015, 2019, 2020, 2021",2015,2021
furlenco,1298.12,830.0,8,Other,Unknown,Nan,Nan,Nan,"Private Equity, Unknown, Debt","2015, 2016, 2017, 2020, 2021","Aamir Khan, Axis Capital, Blacksoil Capital, Chowdry Associates, Lightbox, Lightbox Ventures, Lightbox Ventures And Others, Others, Zinnia Global",468.12,2015-03-13,2021-07-27,"1, 2, 3, 4","2014, 2016, 2017, 2019, 2020, 2021",2015,2021
citymall,1286.5,622.5,4,Ecommerce,Gurgaon,Gurgaon,Haryana,India,"Series A, Series B, Series C","2021, 2022, 2025","Accel, General Catalyst, Jungle Ventures, Norwest Venture Partners, Saif Partners, Waterbridge Ventures",896.4,2021-03-03,2025-09-06,"1, 2, 4","2020, 2021, 2025",2021,2025
ruangguru,1245.0,1245.0,1,Edtech,Mumbai,Mumbai,Maharashtra,India,Series C,2020,General Atlantic,348.6,2020-01-10,2020-01-10,4,2019,2020,2020
freshworks,1245.0,1245.0,1,Software,San Francisco,San Francisco,California,Usa,Series H,2019,"Accel, Capitalg, Sequoia Capital",1162.0,2019-11-23,2019-11-23,3,2019,2019,2019
tekion,1245.0,1245.0,1,Ai,San Ramon,San Ramon,California,Usa,Series C,2020,"Alliance Ventures, Storm Ventures",12.45,2020-10-01,2020-10-01,3,2020,2020,2020
the good glamm,1245.0,1245.0,1,Information Technology &,Pune,Pune,Maharashtra,India,Series D,2021,"Prosus Ventures, Warburg Pincus﻿",100.0,2021-11-10,2021-11-10,3,2021,2021,2021
captain fresh,1240.59,415.0,7,Food & Logistics,Bangalore,Bangalore,Karnataka,India,"Pre-Series A, Seed, Series A","2020, 2021, 2022, 2024, 2025","Accel, Ankur Capital, Family Office Of Sriharsha Majety (Swiggy), Matrix India, Matrix Partners, Motilal Oswal Wealth Limited, Prosus Ventures, Shivalik Prints, Sid Khanunknown, Sunjay Kapur, Tiger Global",990.59,2020-08-26,2025-02-24,"2, 3, 4","2020, 2021, 2024",2020,2025
aye finance,1236.49,250.0,10,Nonbanking Finance,Delhi,Delhi,Delhi,India,"Private Equity, Debt, Unknown","2015, 2017, 2018, 2019, 2020, 2022, 2024","Abc Impact, Accion, Alphabet'S Independent Growth Fund, Blue Orchard, Capital G, Fintech, Ifmr Capital, Invest In Vision, Northern Arc, Saif Partners, Triodos Investment Maunknowngement, Triple Jump, Unknown",986.49,2015-12-15,2024-09-09,"1, 2, 3, 4","2015, 2017, 2019, 2020, 2021, 2024",2015,2024
glance,1203.5,1203.5,1,Ai,Bangalore,Bangalore,Karnataka,India,Unknown,2020,Mithril Capital Maunknowngement.,24.9,2020-12-17,2020-12-17,3,2020,2020,2020
infinity fincorp,1203.5,581.0,3,Fintech,Mumbai,Mumbai,Maharashtra,India,"Unspecified Round, Series A, Unknown",2025,"Archerman Capital, Beams Fintech Fund, Jungle Ventures, Magnifico, Partners Group",622.5,2025-01-05,2025-07-04,"1, 2, 4","2024, 2025",2025,2025
speedlabs,1187.73,1187.73,1,Edtech,Mumbai,Mumbai,Maharashtra,India,Unknown,2022,Mumbai Angels And Ecosystem Ventures,2.49,2022-05-08,2022-05-08,1,2022,2022,2022
alteria capital,1172.33,1162.0,2,Fintech,Mumbai,Mumbai,Maharashtra,India,"Other, Debt","2019, 2021","Azim Premji, Binny Bansal, Unknown",1162.0,2019-08-25,2021-04-06,"1, 2","2019, 2021",2019,2021
capital float,1166.98,415.0,9,Other,Unknown,Nan,Nan,Nan,"Private Equity, Unknown, Series F","2015, 2016, 2017, 2018, 2020, 2021","Amazon, Amazon Inc`, Aspada, Aspada Ventures, Creation Investments Capital Maunknowngement, Dinesh J Hinduja, Ifmr Capital Fiunknownnce, Lightrock India, Mahindra And Mahindra Fiunknownncial Services, Ribbit Capital, Saif Partners, Sequoia Capital, Triodos Investment Maunknowngement",751.98,2015-02-07,2021-09-21,"1, 2, 4","2014, 2016, 2017, 2018, 2020, 2021",2015,2021
zoko,1162.0,1162.0,1,Technology,Bangalore,Bangalore,Karnataka,India,Seed,2021,Y Combiunknowntor,5848.18,2021-04-15,2021-04-15,1,2021,2021,2021
twin health,1162.0,1162.0,1,Healthcare,Chennai,Chennai,Tamil Nadu,India,Series C,2021,"Iconiq Capital, Perceptive Advisors, Sequoia Capital",6.64,2021-10-13,2021-10-13,3,2021,2021,2021
virgio,1162.0,1162.0,1,Product Design,Bangalore,Bangalore,Karnataka,India,Series A,2022,Kuunknownl Shah And Prosus Ventures,2.0,2022-12-22,2022-12-22,3,2022,2022,2022
max healthcare,1162.0,1162.0,1,Healthcare,Delhi,Delhi,Delhi,India,Unknown,2021,"Life Healthcare, Radiant Life Care Private Ltd",39.42,2021-03-27,2021-03-27,4,2020,2021,2021
freshvnf,1162.0,1162.0,1,Agtech,Mumbai,Mumbai,Maharashtra,India,Seed,2019,Equanimity Ventures,1137.1,2019-05-17,2019-05-17,1,2019,2019,2019
freecharge,1137.1,664.0,2,Other,Unknown,Nan,Nan,Nan,Private Equity,"2015, 2017","Jasper Infotech Pvt Ltd, Runet And Sofiunknown, Sequoia Capital, Tybourne Capital, Valiant Capital",664.0,2015-02-18,2017-01-08,4,"2014, 2016",2015,2017
freshtohome,1137.1,1004.3,2,Ecommerce,Bangalore,Bangalore,Karnataka,India,"Series C, Unknown",2020,"Ascent Capital, Iron Pillar",1004.3,2020-10-16,2020-10-16,3,2020,2020,2020
mensa,1120.5,1120.5,1,D2C,Bangalore,Bangalore,Karnataka,India,Series B,2021,"Alpha Wave Ventures, Falcon Edge Capital",1.45,2021-11-25,2021-11-25,3,2021,2021,2021
clumio,1120.5,1120.5,1,Saas,San Jose,San Jose,California,Usa,Series C,2019,"Altimeter Capital, Sutter Hill Ventures",107.9,2019-11-27,2019-11-27,3,2019,2019,2019
avaana capital,1120.5,1120.5,1,Climate & Sustainability,Mumbai,Mumbai,Maharashtra,India,Other,2024,Fundraising For Climate And Sustaiunknownbility Tech Startups,24.9,2024-10-12,2024-10-12,3,2024,2024,2024
addverb,1095.6,1095.6,1,Industrial Automation,Noida,Noida,Uttar Pradesh,India,Unknown,2022,Reliance,12.45,2022-01-23,2022-01-23,4,2021,2022,2022
easy salary,1081.49,1081.49,1,Fintech,Pune,Pune,Maharashtra,India,Series D,2022,Tpg Growth And Norwest Venture Partners,290.5,2022-08-13,2022-08-13,2,2022,2022,2022
onecard,1079.0,630.8,3,Fintech,Pune,Pune,Maharashtra,India,"Unknown, Series D, Other","2021, 2024","Better Tomorrow Ventures, Ocean View Investment, Peak Xv, Peak Xv Partners, Qed Fund, Qed Investors, Z47",867.35,2021-12-08,2024-12-09,3,"2021, 2024",2021,2024
jai kisan,1075.16,793.48,3,Fintech,Mumbai,Mumbai,Maharashtra,India,"Pre-Series A, Series A, Series B","2020, 2021, 2022","Arkam Ventures, Gmo Venturepartners And Snow Leopard Technology Ventures, Nabventures, Prophetic Ventures, The Chatterjee Group",281.68,2020-06-18,2022-07-23,"1, 2","2020, 2021, 2022",2020,2022
hubilo,1074.85,1037.5,2,Technology,San Francisco,San Francisco,California,Usa,"Seed, Series B","2020, 2021","Alkeon Capital, Jounknownthan Boutelle, Nishant Rao",37.35,2020-10-05,2021-10-19,3,"2020, 2021",2020,2021
mobikwik,1067.38,415.0,5,Digital / Mobile Wallet,Gurgaon,Gurgaon,Haryana,India,"Private Equity, Unknown","2015, 2016, 2020","American Express, Cisco Investments, Gmo Payment Gateway, Hindustan Media Venture, Innoven Capital, Mediatek, Net1 Ueps Technologies Inc, Nicolas Jarrosson, Sequoia Capital, Tree Line Asia",1009.28,2015-04-08,2020-12-19,"1, 2, 3","2015, 2016, 2020",2015,2020
drip capital,1062.4,937.9,2,Fintech,Mumbai,Mumbai,Maharashtra,India,"Private Equity, Other","2018, 2024","Accel, Gmo Payment Gateway, Sequoia India, Smbc, Y Combiunknowntor And Others.",124.5,2018-06-28,2024-09-25,"1, 2","2018, 2024",2018,2024
juspay,1044.14,498.0,3,Consumer Internet,Bangalore,Bangalore,Karnataka,India,"Private Equity, Series C, Series D","2016, 2021, 2025","Accel, Ashish Hemrajani, Kedaara Capital, Parikshit Dar, Rajesh Balpande, Softbank Vision Fund 2",546.14,2016-02-05,2025-04-18,"1, 3, 4","2015, 2021, 2025",2016,2025
jar,1042.48,739.53,3,Fintech,Bangalore,Bangalore,Karnataka,India,"Series A, Pre-Series A","2021, 2022","Arkam Ventures, Kuunknownl Shah, Paramark Ventures And Folius Ventures, Tiger Global, Tribe Capital, Weh",302.95,2021-09-26,2022-07-12,"2, 4","2021, 2022",2021,2022
highradius,1037.5,1037.5,1,Saas,Hyderabad,Hyderabad,Telangana,India,Series B,2020,Iconiq Capital,9.96,2020-01-26,2020-01-26,4,2019,2020,2020
dmi,1020.9,1020.9,1,Fintech,Delhi,Delhi,Delhi,India,Unknown,2020,Nxc Corporation,1.5,2020-04-02,2020-04-02,1,2020,2020,2020
coindcx,1014.66,904.7,4,Fintech,Unknown,Nan,Nan,Nan,"Series A, Series B, Unknown","2020, 2022, 2025","Bain Capital Ventures, Coinbase, Coinbase Ventures, Hdr Group, Multiples, Polychain, Polychain Capital",1012.6,2020-03-20,2025-10-16,"1, 3, 4","2019, 2020, 2022, 2025",2020,2025
leap,1004.3,539.5,5,Other,Mumbai,Mumbai,Maharashtra,India,"Private Equity, Series B, Unknown","2016, 2017, 2020, 2021, 2025","Apis Global Growth Fund Iii, Apis Growth Markets Fund Iii, Cdc Group, India Nivesh Growth Fund, Jungle Ventures, Mayfield Ventures, Neev Fund, Owl Ventures, Peak Xv Partners, Sixth Sense, Tci Ventures",464.8,2016-06-18,2025-01-20,"1, 3, 4","2016, 2019, 2021, 2024",2016,2025
raise,996.0,996.0,1,Fintech,Maharashtra,Nan,Maharashtra,India,Series B,2025,Beenext,9.96,2025-10-24,2025-10-24,3,2025,2025,2025
prime venture partners,996.0,996.0,1,Venture Capital & Private Equity,Bangalore,Bangalore,Karnataka,India,Unknown,2022,Interunknowntiounknownl Fiunknownnce Corporation,46.48,2022-02-05,2022-02-05,4,2021,2022,2022
teachmint,979.4,647.4,4,Edtech,Bangalore,Bangalore,Karnataka,India,"Seed, Series A, Other","2020, 2021","Cm Ventures, Learn Capital, Lightspeed, Lightspeed India, Rocketship.Vc, Vulcan Capital",332.0,2020-10-21,2021-10-25,"1, 2, 3","2020, 2021",2020,2021
arrival,979.4,979.4,1,Ev,London,London,Nan,United Kingdom,Unknown,2020,"Hyundai Motor Company, Ups Ventures",74.7,2020-10-19,2020-10-19,3,2020,2020,2020
molbio,975.25,975.25,1,Healthcare,Goa,Panaji,Goa,India,Unknown,2022,Temasek Holdings And Motilal Oswal Private Equity,56.44,2022-09-08,2022-09-08,2,2022,2022,2022
enphase energy,962.8,962.8,1,Solar,Petaluma,Petaluma,California,Usa,Unknown,2022,T.J. Rodgers And John Doerr,73.87,2022-04-17,2022-04-17,1,2022,2022,2022
rupeek,961.39,373.5,4,Consumer Internet,Bangalore,Bangalore,Karnataka,India,"Unknown, Private Equity, Series C","2018, 2020, 2022","Accel, Bertelsmann India Investments, Binny Bansal, Ggv Capital, Kb Investment, Lightbox, Sequoia Capital, Sequoia India",679.19,2018-02-13,2022-01-02,"3, 4","2017, 2019, 2020, 2021",2018,2022
medgenome,954.5,456.5,4,Clinical Genomics,Bangalore,Bangalore,Karnataka,India,"Private Equity, Series D","2015, 2017, 2018, 2020","Hdfc Asset Maunknowngement, Hdfc Life, Kris Gopalakrishunknownn, Lakshmi Narayaunknownn, Leapfrog Investments, Sequoia Capital, Sequoia India, Sofiunknown S.A., Zodius Capital",498.0,2015-07-20,2020-04-12,"1, 2, 4","2015, 2017, 2020",2015,2020
commerceiq,954.5,954.5,1,Software Development,Bangalore,Bangalore,Karnataka,India,Series D,2022,"Insight Partners, Softbank Vision Fund 2, Trinity Ventures",8.3,2022-03-23,2022-03-23,4,2021,2022,2022
alyf,933.75,933.75,1,Real State,Mumbai,Mumbai,Maharashtra,India,Seed,2022,9Unicorns Accelerator Fund And Venture Catalysts,4.15,2022-09-02,2022-09-02,2,2022,2022,2022
xq,927.94,927.94,1,Edtech,Mumbai,Mumbai,Maharashtra,India,Seed,2022,Joseph Radhik,3.32,2022-07-20,2022-07-20,2,2022,2022,2022
kogta financial,921.3,921.3,1,Fintech,Jaipur,Jaipur,Rajasthan,India,Series D,2022,Multiples,13.28,2022-03-05,2022-03-05,4,2021,2022,2022
urbanclap,918.81,415.0,6,Hyperlocal Mobile,Delhi,Delhi,Delhi,India,"Private Equity, Seed, Series D","2015, 2017, 2018","Accel, Accel Partner, Bessemer Venture Partner, Bessemer Venture Partners, Kuunknownl Bahl, Rohit Bansal, Saif Partners, Steadview Capital And Vy Capital., Trifecta Capital, Vy Capital, \\Xc2\\Xa0 Accel Partners",503.81,2015-04-12,2018-12-08,"1, 3","2015, 2017, 2018",2015,2018
tala,913.0,913.0,1,Fintech,Santa Monica,Santa Monica,California,Usa,Series D,2019,Rps Ventures,1460.8,2019-08-13,2019-08-13,2,2019,2019,2019
chaayos,913.0,709.65,4,Offline Tea,Delhi,Delhi,Delhi,India,"Private Equity, Unknown, Series C","2015, 2017, 2020, 2022","Think Investment, Think Investments And Elevation Capital, Tiger Global Maunknowngement",203.35,2015-05-26,2022-06-12,"1, 3, 4","2015, 2017, 2019, 2022",2015,2022
nexthop ai,913.0,913.0,1,Ai,Us,Nan,Nan,Usa,Unspecified Round,2025,Lightspeed,16.6,2025-03-27,2025-03-27,4,2024,2025,2025
true balance,907.08,249.0,7,Consumer Internet,Gurgaon,Gurgaon,Haryana,India,"Private Equity, Unknown, Debt","2017, 2018, 2020, 2021, 2024","Arthmate, Balancehero, Bon Angels Venture Partners, Daesung Private Equity, E Clear, Hinduja, Ibk Capital, Imm Investment, Line Corp, Line Ventures Corporation, Naver, Northern Arc, Sb Partners, Shine Star, Shinhan Bank And Ts Investment, Softbank Ventures Korea, Venturesoul Partners",887.16,2017-02-23,2024-10-16,"1, 2, 3, 4","2016, 2018, 2020, 2021, 2024",2017,2024
toppr,899.57,388.12,7,Edtech,Mumbai,Mumbai,Maharashtra,India,"Private Equity, Series D, Debt + Equity","2015, 2017, 2018, 2019, 2020","Axis Capital Partners, Fidelity Growth Partners India, Fil Capital Maunknowngement, Foundation Holdings, Helion Ventures, Kaizenvest, Milestone, Saif Partners, Wgg Interunknowntiounknownl, \\Xc2\\Xa0 Helion Ventures",511.45,2015-05-15,2020-07-28,"1, 2, 3, 4","2015, 2017, 2019, 2020",2015,2020
chalo,896.4,506.3,3,It,Mumbai,Mumbai,Maharashtra,India,"Unknown, Series C","2021, 2022","Amit Singhal, Filter Capital, Lightrock India, Matrix Partners And Lightrock, Raine Ventures",390.1,2021-01-17,2022-04-10,"1, 3, 4","2020, 2021, 2022",2021,2022
country delight,892.5,207.5,5,Dairy,Haryana,Nan,Haryana,India,"Series C, Debt, Equity","2020, 2024, 2025","Alteria Capital, Iifl Asset Maunknowngement, Matrix Partners, Orios Venture Partners, Temasek, Vunknownsciences Investments",685.0,2020-11-22,2025-03-15,"2, 3, 4","2020, 2024",2020,2025
vivriti capital,879.8,456.5,3,Fintech,Chennai,Chennai,Tamil Nadu,India,"Unknown, Series B, Series C","2020, 2022","Aspada, Creation Investments, Creation Investments Capital Maunknowngement, Lgt Lightstone Aspada, Lightstone India, Llc",423.3,2020-01-01,2022-03-06,4,"2019, 2021",2020,2022
boat,879.8,830.0,2,Fashion & Lifestyle,Mumbai,Mumbai,Maharashtra,India,"Private Equity, Unknown",2021,"Innoven Capita, Innoven Capital, Qualcomm Ventures, Warburg Pincus",830.0,2021-01-27,2021-04-26,"1, 4","2020, 2021",2021,2021
freshdesk,871.5,456.5,2,Online / Mobile Customer Support,Chennai,Chennai,Tamil Nadu,India,Private Equity,"2015, 2016","Accel, Google Capital, Sequoia Capital, Tiger Global",415.0,2015-04-27,2016-11-16,"1, 3","2015, 2016",2015,2016
inshorts,871.5,498.0,3,Technology,Noida,Noida,Uttar Pradesh,India,"Unknown, Private Equity","2017, 2021","Addition, Sig Global India Fund, Tiger Global, Vy Capital",373.5,2017-12-22,2021-07-22,"2, 3, 4","2017, 2020, 2021",2017,2021
qureai,871.5,539.5,2,Medical Equipment Manufacturing,Mumbai,Mumbai,Maharashtra,India,"Unknown, Series D","2022, 2024","Healthquad, Lightspeed And 360One Asset, Novo Holdings",332.0,2022-03-26,2024-09-02,"2, 4","2021, 2024",2022,2024
varthana,859.88,456.5,4,Fintech,Bangalore,Bangalore,Karnataka,India,"Private Equity, Series D, Unspecified Round","2018, 2020, 2024, 2025","Blueorchard Microfiunknownnce Fund, Chryscapital, Elevar Equity, Existing Investors, Lgt Impact, Omidyar Network And Kaizen Private Equity Also Participated In The Round, Unknown",705.5,2018-04-26,2025-07-21,"1, 2, 3","2018, 2020, 2024, 2025",2018,2025
smallcase,858.22,415.0,3,Fintech,Bangalore,Bangalore,Karnataka,India,"Series B, Series C, Series D","2020, 2021, 2025","Blume Ventures, Elev8, Faering Capital, Sequoia Capital",443.22,2020-01-15,2025-03-12,"2, 4","2019, 2021, 2024",2020,2025
skylo,854.9,854.9,1,Iot,Unknown,Nan,Nan,Nan,Series B,2020,Softbank,24.9,2020-01-03,2020-01-03,4,2019,2020,2020
refyne,846.6,680.6,2,Fintech,Bangalore,Bangalore,Karnataka,India,"Series A, Series B","2021, 2022","Dst Global, Rtp Global, Tiger Global",166.0,2021-06-05,2022-01-26,"1, 4",2021,2021,2022
encharge ai,830.0,830.0,1,Ai,Usa,Nan,Nan,Usa,Series B,2025,Tiger Global,0.95,2025-02-11,2025-02-11,4,2024,2025,2025
avataar ventures,830.0,830.0,1,Fintech,Bangalore,Bangalore,Karnataka,India,Unknown,2021,Unknown,373.5,2021-02-02,2021-02-02,4,2020,2021,2021
fractal analytics,830.0,830.0,1,Technology,Mumbai,Mumbai,Maharashtra,India,Private Equity,2016,Khazaunknownh Nasiounknownl Berhad,24.9,2016-05-12,2016-05-12,1,2016,2016,2016
five star,830.0,830.0,1,Fintech,Chennai,Chennai,Tamil Nadu,India,Private Equity,2018,"Matrix Partners, Norwest Venture Partners, Sequoia Capital, Tpg",124.5,2018-07-24,2018-07-24,2,2018,2018,2018
book my show,830.0,830.0,1,Consumer Internet,Mumbai,Mumbai,Maharashtra,India,Private Equity,2018,"Others, The Rise Fund, Tpg Growth",2.43,2018-07-21,2018-07-21,2,2018,2018,2018
wellness forever,830.0,830.0,1,Healthcare,Mumbai,Mumbai,Maharashtra,India,Unknown,2020,"Allaunknown Group, Poounknownwalla",1.66,2020-11-06,2020-11-06,3,2020,2020,2020
minio,830.0,830.0,1,Computer Software,Bangalore,Bangalore,Karnataka,India,Series B,2022,"Dell Capital, General Catalyst, Softbank Vision Fund 2",83.0,2022-01-10,2022-01-10,4,2021,2022,2022
vastu housing,830.0,830.0,1,Housing Finance,Mumbai,Mumbai,Maharashtra,India,Unknown,2024,Prosus,859.88,2024-12-24,2024-12-24,3,2024,2024,2024
aragen,830.0,830.0,1,Contract R&D And Manufacturing,Hyderabad,Hyderabad,Telangana,India,Other,2025,Quadria Capital,8.3,2025-01-02,2025-01-02,4,2024,2025,2025
shape,830.0,830.0,1,Healthcare,Pune,Pune,Maharashtra,India,Other,2018,Sandeep Mathur,83.0,2018-02-27,2018-02-27,4,2017,2018,2018
saavn,830.0,830.0,1,Music Streaming,Mumbai,Mumbai,Maharashtra,India,Private Equity,2015,"Bertelsmann India, Liberty Media, Mousse Partners, Quilvest, Steadview Capital, Tiger Global Maunknowngement",489.7,2015-07-22,2015-07-22,2,2015,2015,2015
healthifyme,830.0,622.5,5,Consumer Internet,Bangalore,Bangalore,Karnataka,India,"Private Equity, Other, Series C","2016, 2018, 2021","Blume Ventures, Blume Ventures And Innoven Capital., Chiratae Ventures, Idg Ventures India, Inventus Capital, Khosla Ventures, Leapfrog, Nb Ventures, Sistema Asia Fund, Vc Samsung Next",207.5,2016-05-18,2021-07-19,"1, 2, 3, 4","2016, 2017, 2018, 2021",2016,2021
rein games,830.0,415.0,2,Gaming,Noida,Noida,Uttar Pradesh,India,"Seed, Pre-Series A","2019, 2020","Manipal Education And Medical Group (Memg), Manipal Education And Medical Group (Memg) Family Office, Titan Capital",415.0,2019-12-25,2020-01-10,"3, 4",2019,2019,2020
raphe mphibr,830.0,830.0,1,Advanced Hardware & Technology,Noida,Noida,Uttar Pradesh,India,Unknown,2025,"Amal Parikh, General Catalyst, Think Investments",2.49,2025-06-20,2025-06-20,1,2025,2025,2025
vmate,830.0,830.0,1,Other,Unknown,Nan,Nan,Nan,Unknown,2020,Alibaba,33.2,2020-01-21,2020-01-21,4,2019,2020,2020
3one4 capital,830.0,830.0,1,Venture Capital,Bangalore,Bangalore,Karnataka,India,Unknown,2020,Unknown,9.13,2020-01-27,2020-01-27,4,2019,2020,2020
zeta,821.7,415.0,3,Technology,Mumbai,Mumbai,Maharashtra,India,"Private Equity, Unknown, Other","2016, 2022, 2025","Bhavin Turakhia, Multiples, Strategic Investor",406.7,2016-09-19,2025-02-14,"1, 2, 4","2016, 2022, 2024",2016,2025
zerund,809.83,809.83,1,Manufacturing,Guwahati,Guwahati,Assam,India,Seed,2022,Dreamweaver Investments And Northeast Venture Fund (,10.79,2022-09-05,2022-09-05,2,2022,2022,2022
digits,809.25,809.25,1,Accounting,San Francisco,San Francisco,California,Usa,Series C,2022,Benchmark And Gv,1826.0,2022-04-23,2022-04-23,1,2022,2022,2022
pratilipi,803.52,398.4,5,Publishing,Bangalore,Bangalore,Karnataka,India,"Private Equity, Series B, Series C","2018, 2019, 2020, 2021, 2025","Jungle Ventures, Krafton Inc, Omidyar, Omidyar Network, Qiming Venture Partners, Tencent",637.52,2018-02-05,2025-04-14,"1, 2, 4","2017, 2019, 2020, 2021, 2025",2018,2025
icertis,796.8,415.0,4,Cloud Enterprise Software,Pune,Pune,Maharashtra,India,Private Equity,"2015, 2016, 2017, 2018","B Capital Group, E.Ventures, Fidelity Growth Partners, Fidelity Growth Partners India, Greycroft, Greycroft Partners, Ignition Partners, Meritech Capital Partners, \\Xc2\\Xa0 Eight Roads Ventures",381.8,2015-04-12,2018-02-27,"1, 4","2015, 2016, 2017",2015,2018
amagi,788.5,788.5,1,Broadcast Media,Bangalore,Bangalore,Karnataka,India,Unknown,2022,"Accel, Avataar, Norwest",933.75,2022-03-20,2022-03-20,4,2021,2022,2022
credable,774.39,488.04,3,Fintech,Mumbai,Mumbai,Maharashtra,India,"Unknown, Series B","2020, 2021, 2022","Axis Bank And Oaks Asset Maunknowngemen, Oaks Asset Maunknowngement, Plutus Wealth",286.35,2020-10-19,2022-08-07,"2, 3","2020, 2021, 2022",2020,2022
pocket fm,763.6,539.5,3,Fm,Bangalore,Bangalore,Karnataka,India,"Series A, Series B, Series C","2020, 2021, 2022","Goodwater Capital, Lightspeed, Naver, Tanglin Venture Partners, Times Group",224.1,2020-10-22,2022-03-03,"3, 4","2020, 2021",2020,2022
medikabazaar,753.64,622.5,2,Healthcare,Mumbai,Mumbai,Maharashtra,India,"Series B, Series C","2019, 2021","Ackermans, Cdc Group, Creaegis, Healthquad, Rebright Partners, Toppan Printing, Van Haaren",131.14,2019-11-16,2021-09-01,"2, 3","2019, 2021",2019,2021
agrostar,752.81,581.0,4,Mobile Commerce For Farmers,Pune,Pune,Maharashtra,India,"Private Equity, Series D, Unspecified Round","2015, 2017, 2021, 2025","Accel, Evolvence, Hero Enterprise, Idg Ventures",697.2,2015-08-03,2025-04-01,"1, 2, 3, 4","2015, 2016, 2021, 2025",2015,2025
truemeds,747.0,539.5,3,Heathcare,Mumbai,Mumbai,Maharashtra,India,"Series C, Series A","2021, 2025","Infoedge, Peak Xv Partners, Unknown",207.5,2021-06-20,2025-08-27,"1, 2","2021, 2025",2021,2025
netradyne,747.0,747.0,1,Ai,Bangalore,Bangalore,Karnataka,India,Series D,2025,"Pavilion Capital, Point72 Private Investments, Qualcomm Ventures",415.0,2025-01-24,2025-01-24,4,2024,2025,2025
open financial,747.0,747.0,1,Fintech,Bangalore,Bangalore,Karnataka,India,Series C,2021,"Google, Sbi Investment, Temasek",3.73,2021-10-15,2021-10-15,3,2021,2021,2021
insurancedekho,747.0,581.0,2,Fintech,Ludhiana,Ludhiana,Punjab,India,"Unknown, Unspecified Round","2020, 2025","And Insurer Bnp Paribas Cardif, Beams Fintech Fund, Girunknownrsoft, Japan’S Mitsubishi Ufj Fiunknownncial Group (Mufg)",166.0,2020-01-02,2025-03-20,4,"2019, 2024",2020,2025
zinier,747.0,747.0,1,Automation,Bangalore,Bangalore,Karnataka,India,Series C,2020,Iconiq Capital,83.0,2020-01-02,2020-01-02,4,2019,2020,2020
incred finance,737.04,388.44,2,Fintech,India,Nan,Nan,India,"Private Equity, Debt","2018, 2025","Individual Investors, Morgan Stanley, Nippon Life India, Paragon Partners",348.6,2018-11-12,2025-07-18,"2, 3","2018, 2025",2018,2025
yepme,736.21,622.5,3,Other,Unknown,Nan,Nan,Nan,Private Equity,"2015, 2017","Capricorn Investment Group, Helion Venture Partners, Ilearnfiunknownnce Academy Pvt. Ltd., Js Capital, Khazaunknownh Nasiounknownl Berhad, Rainbow Digital Services Pvt. Ltd",730.4,2015-01-09,2017-05-04,"1, 2, 4","2014, 2015, 2017",2015,2017
euler,728.1,728.1,1,Fintech,London,London,Nan,United Kingdom,Series A,2022,Danilo S. Carlucci And Cmt Digital Ventures,24.9,2022-04-28,2022-04-28,1,2022,2022,2022
tonetag,722.1,647.4,3,Mobile Payment Software,Bangalore,Bangalore,Karnataka,India,"Private Equity, Unspecified Round","2015, 2018, 2025","Amazon Inc. And Mastercard, Iron Pillar, Reliance Capital Venture, Valuequest Scale Fund",74.7,2015-08-08,2025-02-18,"1, 2, 4","2015, 2018, 2024",2015,2025
wework,715.8,500.0,2,Hospitality,Bangalore,Bangalore,Karnataka,India,"Unknown, Other","2021, 2025","Rights Issue, Unknown",215.8,2021-04-24,2025-01-09,"1, 4","2021, 2024",2021,2025
neobank jupiter,713.8,713.8,1,Banking,Mumbai,Mumbai,Maharashtra,India,Series C,2021,"Sequoia Capital, Tiger Global",400.0,2021-12-15,2021-12-15,3,2021,2021,2021
euler motors,709.38,638.0,4,Automotive,Delhi,Delhi,Delhi,India,"Series A, Unknown, Series D","2020, 2021, 2025","Adb Ventures, Blume Ventures, Emergent Ventures, Hero Motocorp, Jetty Ventures, Srinivas Anumolu",71.38,2020-01-26,2025-05-19,"1, 4","2019, 2020, 2025",2020,2025
bankbazaar,708.77,498.0,5,Online Financial,Chennai,Chennai,Tamil Nadu,India,"Series D, Private Equity, Unknown","2015, 2020, 2025","Amazon, Fidelity Growth Partners, Mousse Partners, Muthoot Fincorp, Ramesh Srinivasan, Sequoia Capital, Walden Interunknowntiounknownl, Walden Skt Venture Fund, Wsv Capital",653.77,2015-07-20,2025-04-17,"1, 2, 4","2015, 2019, 2020, 2025",2015,2025
m2p fintech,708.0,417.5,2,Fintech,Chennai,Chennai,Tamil Nadu,India,Series C,"2021, 2024","Taj Investment Holdings, Tiger Global",290.5,2021-10-22,2024-09-21,"2, 3","2021, 2024",2021,2024
winzo,705.5,539.5,3,Gaming,Delhi,Delhi,Delhi,India,"Series B, Unknown, Series C","2020, 2021","Courtside Ventures, Griffin Gaming Partners, Makers Fund",166.0,2020-01-25,2021-07-18,"2, 3, 4","2019, 2020, 2021",2020,2021
jetsynthesys,705.5,332.0,4,Technology,Mumbai,Mumbai,Maharashtra,India,Unknown,"2020, 2021, 2025","Adar C. Poounknownwalla, Adar Poounknownwalla, Krafton, Kris Gopalakrishunknownn, Sachin Tendulkar",680.6,2020-01-24,2025-04-23,"1, 2, 4","2019, 2020, 2021, 2025",2020,2025
lightstorm,700.0,700.0,1,Cloud & Data Centre Networking,Gurgaon,Gurgaon,Haryana,India,Unspecified Round,2025,Niif Infrastructure Fiunknownnce Limited (Niif Ifl),20.75,2025-02-24,2025-02-24,4,2024,2025,2025
moneytap,684.63,582.54,2,Consumer Internet,Bangalore,Bangalore,Karnataka,India,"Private Equity, Series B","2017, 2020","Aquiline Technology Growth (Atg), Nea, Prime Venture Partners, Rtp Global, Sequoia India",102.09,2017-06-17,2020-01-26,"1, 4","2017, 2019",2017,2020
pinelabs,680.6,680.6,1,Technology,Mumbai,Mumbai,Maharashtra,India,Private Equity,2018,"Actis, Altimeter Capital",4277.04,2018-03-12,2018-03-12,4,2017,2018,2018
bookmyshow,680.6,680.6,1,Consumer Internet,Mumbai,Mumbai,Maharashtra,India,Private Equity,2016,"Accel, Network 18, Saif Partners, Stripes Group",3.25,2016-07-15,2016-07-15,2,2016,2016,2016
nobel hygiene,664.0,498.0,2,Healthcare,Mumbai,Mumbai,Maharashtra,India,"Unknown, Unspecified Round","2021, 2025","Neo Asset Maunknowngement, Quadria Capital",498.0,2021-06-03,2025-05-19,1,"2021, 2025",2021,2025
dhruva,664.0,664.0,1,Technology,Pune,Pune,Maharashtra,India,Private Equity,2017,"Nexus Venture Partners, Riverwood Capital, Sequoia Capital, Teunknownya Capital",1.42,2017-08-03,2017-08-03,2,2017,2017,2017
stride ventures,664.0,664.0,1,Venture Capitalist,Delhi,Delhi,Delhi,India,Unknown,2020,Small Industries Development Bank Of India,29.05,2020-11-12,2020-11-12,3,2020,2020,2020
exotel,664.0,332.0,3,Cloud,Bangalore,Bangalore,Karnataka,India,"Unknown, Series C, Series D","2020, 2021, 2022","A91 Partners, Artha India Ventures, Cx Partners, Iifl Amc, Singularity Growth Opportunities Fund, Sistema Asia Fund, Steadview Capital",332.0,2020-12-06,2022-01-27,"2, 3, 4","2020, 2021",2020,2022
aryaag,662.34,498.0,2,Agritech,Noida,Noida,Uttar Pradesh,India,"Series C, Other","2022, 2024","Asia Impact Sa, Lightrock India, Quounknown Capital, Us Interunknowntiounknownl Development Fiunknownnce Corporation",498.0,2022-01-04,2024-10-04,"3, 4","2021, 2024",2022,2024
leap finance,643.25,456.5,3,Fintech,Bangalore,Bangalore,Karnataka,India,"Unknown, Series B, Series C","2020, 2021","Jungle Ventures, Owl Ventures, Sequoia India",186.75,2020-03-04,2021-09-21,"2, 4","2019, 2020, 2021",2020,2021
urban ladder,640.76,415.0,3,Online Furnishingnecommerce,Bangalore,Bangalore,Karnataka,India,Private Equity,"2015, 2017, 2018","Kalaari Capital, Saif Partners, Saif Partners And Kalaari Capital, Sequoia Capital, Steadview Capital, Tr Capital",541.16,2015-04-21,2018-03-05,"1, 4","2015, 2016, 2017",2015,2018
myglamm,636.0,332.0,6,Consumer Internet,Mumbai,Mumbai,Maharashtra,India,"Private Equity, Unknown, Series B","2016, 2017, 2020, 2021","Accel, Bessemer, Bessemer Venture Partners, L\\Xe2\\X80\\X99Occitane, L’Occitane, Tano India",304.0,2016-04-21,2021-07-09,"1, 2, 4","2016, 2019, 2020, 2021",2016,2021
stayvista,630.8,589.3,2,Hospitality,Mumbai,Mumbai,Maharashtra,India,"Unknown, Series B","2022, 2025","Capri Global Capital And Dsg Consumer Partners, Capri Global Family Office, Dsg Consumer Partners, Jsw Ventures",589.3,2022-09-14,2025-06-10,"1, 2","2022, 2025",2022,2025
chillr,630.8,581.0,2,Mobile Payments,Mumbai,Mumbai,Maharashtra,India,Private Equity,2015,"Blume Ventures, Sequoia Capital, Uniqorn Ventures And Other",49.8,2015-10-04,2015-12-23,3,2015,2015,2015
renewbuy,626.65,373.5,5,Auto Insurance Online,Gurgaon,Gurgaon,Haryana,India,"Seed, Series C, Series B","2015, 2016, 2019, 2021","Evolvence Capital, Iifl Asset Maunknowngement, Iifl Wealth, Lok Capital, Mount Nathan Advisors, Mount Nathan Advisors Pte Ltd",543.65,2015-11-02,2021-08-28,"1, 2, 3","2015, 2016, 2019, 2021",2015,2021
mylab discovery,624.8,624.8,1,Healthcare,Lonavala,Lonavala,Maharashtra,India,Unknown,2022,Abhijit Pawar And Adar C. Poounknownwalla,8.3,2022-04-20,2022-04-20,1,2022,2022,2022
shapoorji pallonji,622.5,622.5,1,Real Estate,Maharashtra,Nan,Maharashtra,India,Debt,2025,"Cerberus Capital Maunknowngement, Synergy",830.0,2025-06-28,2025-06-28,1,2025,2025,2025
the eye foundation,622.5,622.5,1,Healthcare,Tamil Nadu,Nan,Tamil Nadu,India,Series C,2025,Verlinvest,166.0,2025-10-18,2025-10-18,3,2025,2025,2025
the ayurveda experience,622.5,622.5,1,Healthcare,Singapore,Nan,Nan,Singapore,Unknown,2022,Riverwalk Holdings And Fireside Ventures,24.9,2022-12-20,2022-12-20,3,2022,2022,2022
meru cabs,622.5,415.0,2,Other,Unknown,Nan,Nan,Nan,Private Equity,"2015, 2016","Brand Capital, Value Fund Advisors",415.0,2015-03-21,2016-06-05,"1, 4","2014, 2016",2015,2016
peak,622.5,622.5,1,Manchester Greater Manchester,Nan,Nan,Nan,Nan,Series C,2021,Softbank Vision Fund 2,1809.4,2021-09-07,2021-09-07,2,2021,2021,2021
indmoney,622.5,622.5,1,Fintech,Gurgaon,Gurgaon,Haryana,India,Series D,2022,"Dragoneer Investment Group, Steadview Capital, Tiger Global",166.0,2022-01-22,2022-01-22,4,2021,2022,2022
turtlemint,622.5,373.5,2,Healthcare,Mumbai,Mumbai,Maharashtra,India,"Unknown, Series D","2020, 2021","Dream Incubator, Jungle Ventures, Nexus Venture Partners",249.0,2020-11-12,2021-03-14,"3, 4",2020,2020,2021
clear,622.5,622.5,1,Computer Software,Bangalore,Bangalore,Karnataka,India,Series C,2021,"Alua Capital, Kora Capital, Stripe",4.15,2021-10-05,2021-10-05,3,2021,2021,2021
udacity,622.5,622.5,1,Edtech,Usa,Nan,Nan,Usa,Debt,2020,"Hercules Capital, Inc.Bertelsmann",13073.7,2020-11-04,2020-11-04,3,2020,2020,2020
money view,622.5,622.5,1,Fintech,Bangalore,Bangalore,Karnataka,India,Series D,2022,"Accel, Evolvence India, Tiger Global, Winter Capital",51.73,2022-03-18,2022-03-18,4,2021,2022,2022
billdesk,622.5,622.5,1,Other,Unknown,Nan,Nan,Nan,Private Equity,2015,Ta Associates,10.79,2015-03-19,2015-03-19,4,2014,2015,2015
games24x7,622.5,622.5,1,Internet Publishing,Mumbai,Mumbai,Maharashtra,India,Unknown,2022,Malabar Investment,8.3,2022-03-25,2022-03-25,4,2021,2022,2022
dezerv,620.01,332.0,3,Investment Management,Mumbai,Mumbai,Maharashtra,India,"Seed, Series A, Series C","2021, 2022, 2025","Elevation Capital, Gtm Ventures And Whiteboard Capital, Matrix Partners, Premji Invest",288.01,2021-09-09,2025-10-20,"2, 3","2021, 2022, 2025",2021,2025
ninjacart,618.35,249.0,5,Ecommerce,Bangalore,Bangalore,Karnataka,India,"Private Equity, Debt, Series C","2016, 2017, 2019, 2020","Accel, Flipkart India, M, Mistletoe, Nandan Nilekani\\Xe2\\X80\\X99S Nrjn Trust, Qualcomm Ventures, S Partners, Singaporeunknownbased Gec3, Syngenta Ventures, Trifecta Capital Advisors, Walmart, Zop Smart",369.35,2016-03-14,2020-10-14,"1, 3, 4","2015, 2017, 2019, 2020",2016,2020
mobile premier league,618.35,614.2,2,Gaming,Bangalore,Bangalore,Karnataka,India,"Series A, Unknown","2018, 2020","Sequoia Capital, Times Internet, Unknown",4.15,2018-11-19,2020-01-07,"3, 4","2018, 2019",2018,2020
perfios,615.03,564.4,2,Technology,Bangalore,Bangalore,Karnataka,India,"Private Equity, Unknown","2017, 2022","Bessemer Venture Partners, Warburg Pincus",50.63,2017-04-02,2022-03-05,"1, 4","2017, 2021",2017,2022
snitch,612.0,332.0,2,Fashion,Bangalore,Bangalore,Karnataka,India,"Series B, Other",2025,"360 Asset Maunknowngement Fund, 360 One Asset, Ivycap, Ravi Modi Office, Swc Global",280.0,2025-05-06,2025-06-17,1,2025,2025,2025
ace2three,611.71,611.71,1,Consumer Internet,Hyderabad,Hyderabad,Telangana,India,Private Equity,2017,Clairvest Group,41.5,2017-05-24,2017-05-24,1,2017,2017,2017
evoluteiq,605.9,439.9,2,Technology,Bengaluru Regstd Indian Office,Nan,Nan,Nan,"Debt + Equity, Unknown","2024, 2025","Baird Capital, Dcap Select, Nordea Growth Fund, Ph Ventures, Round2 Capital",166.0,2024-11-10,2025-09-06,"2, 3","2024, 2025",2024,2025
zaggle prepaid ocean,595.0,595.0,1,Fintech,Hyderabad,Hyderabad,Telangana,India,Unspecified Round,2024,Qualified Institutiounknownl Placement (Bank Of India Unknown Largest Buyer),83.0,2024-12-21,2024-12-21,3,2024,2024,2024
thingsup,593.12,584.82,2,Iot,Pune,Pune,Maharashtra,India,"Unknown, Seed","2021, 2022","Gsf Accelerator, Lead Angels Network",8.3,2021-05-08,2022-12-25,"1, 3","2021, 2022",2021,2022
pi ventures,589.3,332.0,3,Fintech,Bangalore,Bangalore,Karnataka,India,"Private Equity, Unknown","2018, 2022","Binny Bansal, Cdc Group Plc\\Xc2\\Xa0, Electronic Development Fund, Hero Electronix\\Xe2\\X80\\X99S Corporate Fiunknownncing Arm, Sunil Kant Munjal, Varun Alagh",257.3,2018-01-25,2022-01-21,"2, 4","2017, 2018, 2021",2018,2022
collegedekho,587.8,290.5,6,Edtech,Jaipur,Jaipur,Rajasthan,India,"Private Equity, Series B, Seed","2015, 2016, 2018, 2021, 2025","Disrupt Adq, Ets, Girunknownr Software, Girunknownrsoft, Man Capital, Man Capital Llp, Others, Qic, Recur Club, Winter Capital",547.8,2015-12-11,2025-04-24,"1, 2, 3, 4","2015, 2016, 2017, 2021, 2025",2015,2025
swageazy,586.81,581.0,2,Marketing,Gurgaon,Gurgaon,Haryana,India,Seed,2022,Anicut Capital And Dhruv Toshniwal,5.81,2022-12-20,2022-12-20,3,2022,2022,2022
waycool,585.66,265.6,6,Food,Chennai,Chennai,Tamil Nadu,India,"Series C, Debt, Private Equity","2017, 2020, 2024, 2025","Aspada Investments, Fmo, Grand Anicut, Indusind Bank, Induslnd Bank, Lightbox Ventures",475.66,2017-04-04,2025-01-05,"1, 3, 4","2017, 2019, 2020, 2024",2017,2025
biocon biologics,581.0,581.0,1,Biotechnology,Bangalore,Bangalore,Karnataka,India,Unknown,2021,"Goldman Sachs, Tata Capital",124.5,2021-01-06,2021-01-06,4,2020,2021,2021
safe security,581.0,581.0,1,Enterprise,Delhi,Delhi,Delhi,India,Series C,2025,Avataar Venture Partners,25.0,2025-07-04,2025-07-04,2,2025,2025,2025
vistaar finance,581.0,332.0,2,Small Business Financing Nbfc,Bangalore,Bangalore,Karnataka,India,"Private Equity, Unknown","2015, 2020","Elevar Equity, Fmo, Omidyar Network, Saama Capital, Westbridge Capital, \\Xc2\\Xa0 Lok Capital",332.0,2015-09-14,2020-12-27,"2, 3","2015, 2020",2015,2020
uni cards,581.0,581.0,1,Fintech,Bangalore,Bangalore,Karnataka,India,Series A,2021,"Eight Roads Ventures, Elevation Capital, General Catalyst",153.55,2021-12-05,2021-12-05,3,2021,2021,2021
zestmoney,580.17,415.0,3,Consumer Internet,Bangalore,Bangalore,Karnataka,India,"Private Equity, Series C","2017, 2018, 2021","Omidyar Network, Payu, Ribbit Capital, Ribbit Capital And Omidyar Network, Xiaomi, Zip Co",165.17,2017-02-11,2021-09-15,"2, 4","2016, 2018, 2021",2017,2021
decentro,578.75,390.1,4,Fintech,Bangalore,Bangalore,Karnataka,India,"Series A, Series B","2020, 2022, 2025","Infoedge Ventures, Leonis Investissement And Kuunknownl Shah, Y Combiunknowntor",548.75,2020-07-27,2025-06-09,"1, 2, 3","2020, 2022, 2025",2020,2025
mfine,578.51,398.4,4,Consumer Internet,Bangalore,Bangalore,Karnataka,India,"Private Equity, Unknown, Series C","2017, 2018, 2021","Beenext, Blockchain Capital, Mayur Abhaya, Moore Strategic Ventures, Prime Venture Partners, Rohit Ma, Sbi Ven Capital, Stellaris Venture Partners, Stellaris Venture Partners And Mayur Abhaya Srisrimal",180.11,2017-09-25,2021-09-09,"1, 2, 4","2017, 2018, 2020, 2021",2017,2021
accel,577.6,577.6,1,Fintech,Palo Alto,Palo Alto,California,Usa,Unknown,2022,Multiples,4.15,2022-04-24,2022-04-24,1,2022,2022,2022
shadowfax,575.27,498.0,3,Ondemand Delivery,Gurgaon,Gurgaon,Haryana,India,"Seed, Private Equity, Series D","2015, 2020","Eight Roads Ventures, Flipkart, Kuunknownl Bahl, Mirae Asset Naver Fund, Ngp Capital, Prashant Malik, Qualcomm Ventures, Rohit Bansal, World Bankunknownbacked Ifc, Zishaan Hayath",77.27,2015-08-05,2020-01-09,"2, 4","2015, 2019",2015,2020
sugarbox,568.76,568.76,1,Technology,Mumbai,Mumbai,Maharashtra,India,Unknown,2020,Zee Entertainment Enterprises Limited,58.1,2020-04-20,2020-04-20,1,2020,2020,2020
sunstone,565.23,565.23,1,Vacational Education,Gurgaon,Gurgaon,Haryana,India,Series C,2022,Alteria Capital And Westbridge Capital,15.0,2022-08-12,2022-08-12,2,2022,2022,2022
foreignadmits,564.4,561.08,2,Higher Education,Bangalore,Bangalore,Karnataka,India,Seed,"2021, 2022","Beerud Sheth And Sea Fund, Unicorn India Ventures",3.32,2021-10-01,2022-05-06,"1, 3","2021, 2022",2021,2022
zolostays,564.4,464.8,3,Consumer Internet,Bangalore,Bangalore,Karnataka,India,"Private Equity, Unknown, Series C","2017, 2020","Innoven Capital, Investcorp, Mirae Assets, Nexus Venture Partners, Trifecta Capital",99.6,2017-01-14,2020-07-25,"2, 4","2016, 2019, 2020",2017,2020
ixigo,564.4,439.9,2,Consumer Internet,Gurgaon,Gurgaon,Haryana,India,"Private Equity, Unknown","2017, 2021","Gic, Infoedge, Kinzon Capital, Sequoia Capital",124.5,2017-03-14,2021-07-10,"2, 4","2016, 2021",2017,2021
hackerrank,560.25,498.0,2,Recruitment,Bangalore,Bangalore,Karnataka,India,"Private Equity, Series D","2015, 2022","Hr Technology Fund, Susquehanunknown Growth Equity",62.25,2015-07-21,2022-03-15,"2, 4","2015, 2021",2015,2022
o2 nails,553.61,553.61,1,Beauty,Noida,Noida,Uttar Pradesh,India,Unknown,2022,Nitin Gupta And Amit Singhal,3.32,2022-05-01,2022-05-01,1,2022,2022,2022
phone pe,547.8,547.8,1,Consumer Internet,Bangalore,Bangalore,Karnataka,India,Private Equity,2018,Flipkart,82.17,2018-08-15,2018-08-15,2,2018,2018,2018
farmart,547.8,265.6,3,Agritech,Gurgaon,Gurgaon,Haryana,India,"Pre-Series A, Series A, Series B","2021, 2022","Avaaunknown Capital, General Catalyst, Matrix Partners, Omidyar Network India",282.2,2021-05-09,2022-03-16,"1, 3, 4",2021,2021,2022
mswipe,547.8,257.3,3,Mobile Point Of Sale Payment Solution,Unknown,Nan,Nan,Nan,Private Equity,"2015, 2017","Alcon Edge Capital, Axis Bank, Dsg Consumer Partners, Eduardo Saverin, Falcon Edge Capital, Matrix Partners, Meru Capital, Ola, Ucunknownrnt Fund",464.8,2015-07-11,2017-12-24,"1, 2, 3","2015, 2017",2015,2017
samunnati,542.52,195.05,5,Fintech,Chennai,Chennai,Tamil Nadu,India,"Debt, Private Equity, Strategic Investment","2018, 2020, 2021, 2025","Accel, Elevar Equity, Elevar Equity And Accel Partners, Responsability, U.S. Interunknowntiounknownl Development Fiunknownnce Corp, Unknown",492.52,2018-01-17,2025-06-13,"1, 4","2017, 2019, 2020, 2025",2018,2025
northern arc,539.5,415.0,3,Fintech,Chennai,Chennai,Tamil Nadu,India,"Debt, Unknown",2021,"Asian Development Bank, Fmo, Kotak Mahindra Bank, U.S. Interunknowntiounknownl Development Fiunknownnce Corp",498.0,2021-03-21,2021-04-20,"1, 4","2020, 2021",2021,2021
zenoti,539.5,415.0,2,Technology,Hyderabad,Hyderabad,Telangana,India,"Private Equity, Series C","2016, 2019","Accel, Norwest Venture Partners, Tiger Global Maunknowngement",124.5,2016-08-25,2019-05-14,"1, 2","2016, 2019",2016,2019
citykart,538.0,538.0,1,Value Fashion Retailer,Gurgaon,Gurgaon,Haryana,India,Series B,2025,"A91, Tpg Newquest",64.32,2025-05-19,2025-05-19,1,2025,2025,2025
bluestone,538.0,249.0,3,Ecommerce,Mumbai,Mumbai,Maharashtra,India,"Private Equity, Unknown, Debt","2016, 2022, 2025","Blacksoil And Caspian Impact Investments, Hero Enterprise, Iifl And Accel Partners, Ivycap Ventures, Kalaari Capital, Rb Investments",498.0,2016-07-01,2025-05-06,"1, 2, 4","2016, 2021, 2025",2016,2025
stanza living,537.01,473.1,3,Technology,Delhi,Delhi,Delhi,India,"Unknown, Private Equity","2017, 2020, 2022","Accel, Alteria Capital, Kotak Mahindra Bank, Matrix Partners, Rbl Bank",63.91,2017-11-19,2022-03-26,"3, 4","2017, 2019, 2021",2017,2022
quotient,531.2,531.2,1,Venture Capitalist,Mumbai,Mumbai,Maharashtra,India,Unknown,2021,Unknown,128.65,2021-06-18,2021-06-18,1,2021,2021,2021
haber,531.2,365.2,2,Industrial Automation,Pune,Pune,Maharashtra,India,"Series B, Series C","2021, 2024","Accel, Ascent Capital, Beenext, Creaegis",166.0,2021-11-25,2024-12-28,3,"2021, 2024",2021,2024
queue buster,525.39,525.39,1,Software,Noida,Noida,Uttar Pradesh,India,Series A,2022,Dmi Alterunknowntive Investment Fund And Omidyar Network India,64.32,2022-06-10,2022-06-10,1,2022,2022,2022
infogain,522.9,522.9,1,Business And It Consulting,Delhi,Delhi,Delhi,India,Private Equity,2015,Chryscapital,415.0,2015-08-15,2015-08-15,2,2015,2015,2015
75f,522.9,373.5,2,Iot,Burnsville,Burnsville,Minnesota,Usa,"Series A, Series B","2019, 2025","Accurant Interunknowntiounknownl'S Net Zero Alliance, Breakthrough Energy Ventures, Carrier Global Corporation, Climate Investment, Next47, Wind Ventures",149.4,2019-09-03,2025-02-06,"2, 4","2019, 2024",2019,2025
observe ai,514.6,448.2,2,Technology,Bangalore,Bangalore,Karnataka,India,"Private Equity, Series B","2018, 2020","01 Advisors, Emergent Ventures And Y Combiunknowntor, Hack Vc, Liquid 2 Ventures, Mgv, Nexus Venture Partners, Steadview Capital",66.4,2018-08-13,2020-01-01,"2, 4","2018, 2019",2018,2020
gomechanic,514.19,348.6,4,Consumer Internet,Gurgaon,Gurgaon,Haryana,India,"Series B, Seed, Series C","2016, 2020, 2021","Chiratae Ventures, Orios Venture Partners, Sequoia Capital, Tiger Global, Venture Catalysts",165.59,2016-12-01,2021-06-05,"1, 3, 4","2016, 2019, 2021",2016,2021
shiprocket,510.45,340.3,3,Logitech,Unknown,Nan,Nan,Nan,"Series C, Series D","2020, 2021","Bertelsmann India Investments, Bii, Innoven Capital, March Capital, Tribe Capital",170.15,2020-05-09,2021-07-19,"1, 2, 3","2020, 2021",2020,2021
pixxel,508.79,207.5,4,Spacetech,Bangalore,Bangalore,Karnataka,India,"Seed, Series A, Other","2020, 2021, 2022, 2024","Blume Ventures, G Catalyst, Glade Brook Capital Partners, Google, Growx Ventures, Lightspeed, M, Radical Ventures, Ryan Johnson, Techstars",309.59,2020-08-24,2024-12-22,"2, 3, 4","2020, 2021, 2024",2020,2024
onsurity,506.3,373.5,2,Healthcare,Bangalore,Bangalore,Karnataka,India,"Series A, Series B","2021, 2024","Creaegis, Interunknowntiounknownl Fiunknownnce Corporation, Nexus Venture Partners, Quounknown Capital",132.8,2021-08-26,2024-09-26,2,"2021, 2024",2021,2024
fraazo,506.3,415.0,2,Food,Mumbai,Mumbai,Maharashtra,India,"Series A, Series B",2021,"Nabventures, Sixth Sense Ventures, Westbridge Capital",91.3,2021-07-13,2021-10-15,"2, 3",2021,2021,2021
moengage,505.07,249.0,4,Mobile Marketing Automation,Bangalore,Bangalore,Karnataka,India,"Private Equity, Series C, Series D","2015, 2020, 2021, 2022","Eight Roads Ventures, Exfinity Ventures, Helion Venture Partners, Matrix Partners Ind, Steadview Capital",491.77,2015-09-11,2022-04-26,"1, 2, 3, 4","2015, 2019, 2021, 2022",2015,2022
jupiter international,500.0,500.0,1,Solar,Kolkata,Kolkata,West Bengal,India,Unknown,2025,Valuequest Scale Fund,365.2,2025-04-06,2025-04-06,1,2025,2025,2025
zorp,498.0,498.0,1,Enterprise Software,Lewes,Nan,Nan,Nan,Unknown,2022,Ashish Goel,373.5,2022-05-04,2022-05-04,1,2022,2022,2022
greenlight planet,498.0,498.0,1,Technology,Mumbai,Mumbai,Maharashtra,India,Private Equity,2017,"Apis Partner, Bamboo Capital Partners, Eight Roads Ventures",37.35,2017-12-09,2017-12-09,3,2017,2017,2017
epigeneres biotech,498.0,498.0,1,Biotechnology,Mumbai,Mumbai,Maharashtra,India,Series B,2022,"Letsventure Angel Fund, Moez Daya",0.26,2022-01-06,2022-01-06,4,2021,2022,2022
duroflex,498.0,498.0,1,Furniture,Bangalore,Bangalore,Karnataka,India,Unknown,2021,Norwest Venture Partners,3128.68,2021-10-28,2021-10-28,3,2021,2021,2021
cardekho sea,498.0,498.0,1,Digital Automotive,Singapore,Nan,Nan,Singapore,Other,2024,"Dragon Fund, Navis Capital Partners",107.9,2024-12-19,2024-12-19,3,2024,2024,2024
birdeye,498.0,498.0,1,Computer Software,Gurgaon,Gurgaon,Haryana,India,Series C,2022,Accelunknownkkr,301.82,2022-03-10,2022-03-10,4,2021,2022,2022
allegis,498.0,498.0,1,Human Resources,Maryland,Nan,Maryland,Usa,Series C,2022,Vouch Insurance,30.0,2022-04-06,2022-04-06,1,2022,2022,2022
sidbi venture capital,498.0,498.0,1,Venture Capital And Private Equity Principals,Mumbai,Mumbai,Maharashtra,India,Unknown,2022,Ubharte Sitaare Fund,8.3,2022-03-27,2022-03-27,4,2021,2022,2022
id fresh foods,498.0,498.0,1,Food,Bangalore,Bangalore,Karnataka,India,Series D,2022,Newquest Capital Partner,35.28,2022-01-03,2022-01-03,4,2021,2022,2022
manthan,498.0,498.0,1,Other,Unknown,Nan,Nan,Nan,Private Equity,2015,"Norwest Venture Partners, Temasek",4980.0,2015-02-11,2015-02-11,4,2014,2015,2015
geniemode,489.7,415.0,3,B2B,Gurgaon,Gurgaon,Haryana,India,"Unknown, Series A, Series C","2021, 2022, 2025","Deepinder Goyal, Fundamentum, Info Edge Ventures, Kuunknownl Shah, Multiples Alterunknownte Asset Maunknowngement, Pankaj Gupta, Paramark Ventures, Prashant Malik",74.7,2021-09-19,2025-02-01,"2, 4","2021, 2024",2021,2025
saas labs,489.7,348.6,2,Saas,Noida,Noida,Uttar Pradesh,India,"Series A, Series B","2021, 2022","Base 10 Partners, Eight Roads Ventures, Sequoia Capital",141.1,2021-10-14,2022-01-27,"3, 4",2021,2021,2022
coverfox,486.38,182.6,5,Online Insurance Aggregator,Mumbai,Mumbai,Maharashtra,India,Private Equity,"2015, 2017, 2018","Accel, Accel Us, Aegon Nv, Cataraman Ventures, Interunknowntiounknownl Fiunknownnce Corporation, Saif Partners., Transamerica, Transamerica And Others.",303.78,2015-04-02,2018-04-07,"1, 2, 4","2015, 2017, 2018",2015,2018
daalchini,482.8,473.1,3,Food,Delhi,Delhi,Delhi,India,"Seed, Pre-Series A, Series A","2019, 2020, 2022","Ajay Kaul And Unicorn India Venture, Artha Venture, Artha Venture Fund",9.7,2019-07-22,2022-09-27,2,"2019, 2020, 2022",2019,2022
jiraaf,478.91,478.91,1,Fintech,Bangalore,Bangalore,Karnataka,India,Series A,2022,. Anuj Jhaveri And Aspire Family Office,24.9,2022-06-05,2022-06-05,1,2022,2022,2022
saarathi finance,475.0,475.0,1,Fintech,Mumbai,Mumbai,Maharashtra,India,Unspecified Round,2025,Equity Capital,290.5,2025-05-08,2025-05-08,1,2025,2025,2025
eka,473.1,473.1,1,Energy > Electric Vehicles,Maharashtra,Nan,Maharashtra,India,Series A,2025,Niif,8.3,2025-10-20,2025-10-20,3,2025,2025,2025
power2sme,473.1,215.8,3,Consumer Internet,Gurgaon,Gurgaon,Haryana,India,Private Equity,"2016, 2017","Accel, And Nandan Nilekani, Interunknowntiounknownl Fiunknownnce Corporation, Interunknowntiounknownl Fiunknownnce Corporation (Ifc), Inventus Capital Partners, Kalaari Capital, Kalaari Capital And Inventus Capital, Nandan Nilekani",257.3,2016-01-13,2017-09-02,"1, 2, 4","2015, 2017",2016,2017
sirionlabs,466.87,365.2,2,Technology,Gurgaon,Gurgaon,Haryana,India,"Private Equity, Series C","2016, 2020","Avatar Growth Capital, Sequoia Capital, Tiger Global",101.67,2016-07-28,2020-05-13,"1, 2","2016, 2020",2016,2020
antuit,464.8,464.8,1,Other,Unknown,Nan,Nan,Nan,Private Equity,2015,"Goldman Sachs, Zodius Capital",91.3,2015-01-15,2015-01-15,4,2014,2015,2015
markets and markets,464.8,464.8,1,Technology,Pune,Pune,Maharashtra,India,Private Equity,2017,"Ftv Capital, Zodius Capital",16.6,2017-03-19,2017-03-19,4,2016,2017,2017
vegrow,463.97,335.32,3,Agritech,Bangalore,Bangalore,Karnataka,India,"Seed, Unknown, Series B","2020, 2021, 2022","Ankur Capital, Elevation Capital, Lightspeed, Matrix Partners, Prosus Ventures And Ankur Capita",128.65,2020-07-28,2022-07-24,2,"2020, 2021, 2022",2020,2022
kuku fm,462.65,415.0,3,Media,Mumbai,Mumbai,Maharashtra,India,"Series A, Series B, Series C","2020, 2022, 2025","Granite Asia, Krafton, Vertex Ventures",47.65,2020-02-21,2025-10-11,"3, 4","2019, 2021, 2025",2020,2025
the sleep,461.48,453.18,2,Consumer Goods,Mumbai,Mumbai,Maharashtra,India,"Pre-Series A, Series D","2021, 2025","Fireside Ventures, Unknown",8.3,2021-07-06,2025-08-22,2,"2021, 2025",2021,2025
appsforbharat,460.6,166.0,5,Spiritual,Bangalore,Bangalore,Karnataka,India,"Seed, Series A, Unknown","2021, 2022, 2024, 2025","Beenext, Elevation Capital, Fundamentum, Mirae Asset Global Investments And Msa Novo, Mirae Asset Vc, Peak Xv, Peak Xv Partners, Sequoia Capital, Susquehanunknown Asia Vc",294.6,2021-08-02,2025-07-14,"1, 2","2021, 2022, 2024, 2025",2021,2025
detect,458.99,359.39,2,Automation,Chennai,Chennai,Tamil Nadu,India,"Unknown, Series B","2021, 2022","Accel, Bluehill Asset Maunknowngement And Elevation Capital, Elevation Capital",99.6,2021-06-26,2022-07-04,"1, 2","2021, 2022",2021,2022
avanti finance,458.16,215.8,3,Fintech,Bangalore,Bangalore,Karnataka,India,"Series A, Series B","2021, 2024","Dia Vikas Capital, Idh Farmfit Fund, Melinda Gates Foundation, Michael, Nomura, Nrjn Family Trust, Oikocredit, Rabo Partnerships, Susan Dell Foundation, The Bill",340.3,2021-04-11,2024-12-23,"1, 3","2021, 2024",2021,2024
plum,457.67,290.5,5,Cosmetics,Thane,Mumbai,Maharashtra,India,"Unknown, Seed, Series A","2020, 2021, 2022","A91 Partners, Bay Partners, Harsh Jain, Incubate Fund, Lalit Keshre, Rounknownld Conway, Surge, Tanglin Venture Partners",167.17,2020-01-27,2022-03-22,"1, 2, 3, 4","2019, 2020, 2021",2020,2022
ati motors,456.5,290.5,2,Automotive,Bangalore,Bangalore,Karnataka,India,"Pre-Series A, Series B","2021, 2025","Athera Venture Partners, Blume Ventures, Exfinity Venture Partners, Ngp Capital, True Ventures, Walden Catalyst Ventures",290.5,2021-07-20,2025-01-12,"2, 4","2021, 2024",2021,2025
scaler,456.5,456.5,1,Edtech,Bangalore,Bangalore,Karnataka,India,Unknown,2022,Lightrock India,45.65,2022-02-07,2022-02-07,4,2021,2022,2022
indifi,456.5,332.0,3,Consumer Internet,Gurgaon,Gurgaon,Haryana,India,"Private Equity, Debt, Unknown","2016, 2021","Accel, Elevar Equity, Flourish Ventures, Omidyar Network",124.5,2016-12-05,2021-11-21,"3, 4","2016, 2020, 2021",2016,2021
qubole,456.5,249.0,2,Technology,Bangalore,Bangalore,Karnataka,India,Private Equity,"2016, 2017","Crv, Harmony Partners, Innov8, Institutiounknownl Venture Partners, Lightspeed, Norwest Venture Partners, Singtel",249.0,2016-01-20,2017-11-15,"3, 4","2015, 2017",2016,2017
vogo,456.5,290.5,2,Automotive,Bangalore,Bangalore,Karnataka,India,Series C,2020,Lightstone Aspada,290.5,2020-01-09,2020-02-26,4,2019,2020,2020
amagi media labs,456.0,290.5,2,Technology,Mumbai,Mumbai,Maharashtra,India,"Private Equity, Unknown","2016, 2022","Avataar Venture Partners, Emerald Media, Premji Invest",290.5,2016-12-24,2022-04-08,"1, 3","2016, 2022",2016,2022
medlife,454.84,141.1,4,Ecommerce,Bangalore,Bangalore,Karnataka,India,"Unknown, Private Equity","2019, 2020","Hero Fincorp, Ivy Icon, Prasid Uno Family Trust, Wilson Global Opportunities Fund",398.4,2019-04-11,2020-08-26,"1, 2, 4","2019, 2020",2019,2020
spotdraft,452.77,448.2,2,Consumer Internet,Gurgaon,Gurgaon,Haryana,India,"Seed, Series B","2017, 2025","500 Startups, Arkam Ventures, Citrus Payments, Hunch Ventures, Premji Invest, Prosus Ventures, Singapore Angel Network, Spiral Ventures, Trident Partners, Vertex Growth Singapore, Xeed Vc",4.57,2017-10-21,2025-02-17,"3, 4","2017, 2024",2017,2025
square yards,439.9,207.5,4,Real Estate Advisory,Gurgaon,Gurgaon,Haryana,India,"Private Equity, Unknown","2015, 2016, 2017, 2021","Adag Reliance Private Equity, Adm Capital, Andre Hoffman, Lohia Group, Unknown Investors",232.4,2015-05-04,2021-07-26,"1, 2, 3, 4","2015, 2016, 2021",2015,2021
sk finance,439.9,439.9,1,Fintech,Jaipur,Jaipur,Rajasthan,India,Series F,2021,"Iifl Wealth, Norwest Venture Partners, Tpg Growth",6.0,2021-12-04,2021-12-04,3,2021,2021,2021
locus,437.82,415.0,2,Technology,Bangalore,Bangalore,Karnataka,India,"Private Equity, Series C","2016, 2021","Beenext, Blume Ventures, Exfinity Venture Partners, Rajesh Raunknownvat",22.82,2016-05-14,2021-06-24,1,"2016, 2021",2016,2021
beato,434.92,393.42,2,Healthcare,Delhi,Delhi,Delhi,India,"Other, Series B","2021, 2022",". Orios Venture Partners And Flipkart Ventures, W Health Ventures",41.5,2021-07-18,2022-11-16,"2, 3","2021, 2022",2021,2022
shuttl,431.76,166.0,5,Based Bus Pooling,Gurgaon,Gurgaon,Haryana,India,"Private Equity, Series C, Venture","2015, 2018, 2019, 2020","Amazon Alexa Fund, Dentsu Ventures, New Atlantic Ventures, One More Fund, Sequoia Capital, Sig Global India Fund, Sig Global India Fund Llp., Times Internet Ltd",365.56,2015-12-19,2020-02-08,"1, 2, 3, 4","2015, 2018, 2019",2015,2020
naaptol,431.6,431.6,1,Online And Tv Shopping,Mumbai,Mumbai,Maharashtra,India,Private Equity,2015,"Caunknownan Partners, Co., Mitsui, New Enterprise Associates, Silicon Valley Bank",17.43,2015-11-27,2015-11-27,3,2015,2015,2015
biz2credit,431.6,431.6,1,Fintech,New York,New York,New York,Usa,Series B,2019,Westbridge Capital,5.81,2019-06-14,2019-06-14,1,2019,2019,2019
rigi,431.6,431.6,1,Tourism,Vitznau,Vitznau,Lucerne,Switzerland,Unknown,2022,Content Creator Platform Rigi.Club,49.8,2022-04-07,2022-04-07,1,2022,2022,2022
flipspaces,430.77,290.5,4,Design,Mumbai,Mumbai,Maharashtra,India,"Series C, Other, Unknown","2021, 2025","Asiaunknown Fund, Iron Pillar, Prashasta Seth, Unknown",356.07,2021-09-05,2025-09-22,"1, 2","2021, 2025",2021,2025
druva,423.3,423.3,1,Technology,Pune,Pune,Maharashtra,India,Private Equity,2016,"Blue Cloud Ventures, Edbi, Hercules Capital, Sequoia India",44.03,2016-09-15,2016-09-15,2,2016,2016,2016
zendrive,419.15,307.1,2,Technology,Bangalore,Bangalore,Karnataka,India,"Private Equity, Series B","2016, 2019","Nyca Partners And Thomvest Ventures, Sherpa Capital, Xl Innovate",112.05,2016-02-14,2019-08-16,"2, 4","2015, 2019",2016,2019
even healthcare,418.0,249.0,2,Healthcare,Bangalore,Bangalore,Karnataka,India,"Unspecified Round, Series A",2024,"8Vc, Founders Fund, Khosla Ventures, Lachy Groom",169.0,2024-08-23,2024-10-23,"2, 3",2024,2024,2024
signzy,416.66,318.72,4,Fintech,Mumbai,Mumbai,Maharashtra,India,"Unknown, Series A, Series B","2018, 2020, 2022","And Amrish Rau From Payu India, Arkam Ventures And Vertex Ventures, Contrarian Drishti Partners, Dilip Khandwelwal From Sap Labs India, Gennext Ventures, Mastercard, Rajan Aunknownndan From Google, Stellaris Venture Partners, Stellaris Venture Partners And Kalaari Capital",97.94,2018-11-04,2022-09-19,"2, 3","2018, 2020, 2022",2018,2022
dhruva space,415.0,415.0,1,Aerospace,Bangalore,Bangalore,Karnataka,India,Seed,2019,"Mumbai Angels, Ravikanth Reddy",664.0,2019-12-14,2019-12-14,3,2019,2019,2019
thegamingproject,415.0,415.0,1,Software,Delhi,Delhi,Delhi,India,Seed,2022,Upsparks And Black Kite Capital,16.6,2022-06-28,2022-06-28,1,2022,2022,2022
zovicom little app,415.0,415.0,1,Hyperlocal Deals,Bangalore,Bangalore,Karnataka,India,Private Equity,2015,"Others, Paytm, Saif Partners, \\Xc2\\Xa0 Tiger Global Maunknowngement",83.0,2015-07-05,2015-07-05,2,2015,2015,2015
fi,415.0,415.0,1,Fintech,Bangalore,Bangalore,Karnataka,India,Series B,2021,"Capital Group, Falcon Edge",2.91,2021-11-27,2021-11-27,3,2021,2021,2021
yupp tv,415.0,415.0,1,Consumer Internet,Bangalore,Bangalore,Karnataka,India,Private Equity,2016,Emerald Media,18.0,2016-10-26,2016-10-26,3,2016,2016,2016
high radius,415.0,415.0,1,Technology,Hyderabad,Hyderabad,Telangana,India,Private Equity,2017,Susquehanunknown Growth Equity Llc,24.9,2017-09-11,2017-09-11,2,2017,2017,2017
netmedscom,415.0,415.0,1,Online Pharmacy,Chennai,Chennai,Tamil Nadu,India,Private Equity,2015,"Orbimed, Pradip Dadha Group",406.7,2015-10-21,2015-10-21,3,2015,2015,2015
nova credit,415.0,415.0,1,Fintech,Unknown,Nan,Nan,Nan,Series B,2020,"Caunknownpi Ventures, General Catalyst., Index Ventures, Kleiner Perkins, Nyca Partners",83.0,2020-02-16,2020-02-16,4,2019,2020,2020
sun mobility,415.0,415.0,1,Automotive,Bangalore,Bangalore,Karnataka,India,Unknown,2021,Vitol,1.25,2021-10-20,2021-10-20,3,2021,2021,2021
tata digital,415.0,415.0,1,Internet,Mumbai,Mumbai,Maharashtra,India,Unknown,2022,Temasek Holdings And Softbank Capital,11.62,2022-04-26,2022-04-26,1,2022,2022,2022
corestack,415.0,415.0,1,Enterprise Infrastructure > It Operations,Washington,Washington,District Of Columbia,Usa,Debt,2025,Post Road Group,16.6,2025-10-22,2025-10-22,3,2025,2025,2025
recur club,415.0,348.6,2,Fintech,Delhi,Delhi,Delhi,India,"Debt, Series A",2025,"Incred / Info Edge Ventures, Info Edge Ventures",348.6,2025-10-11,2025-10-11,3,2025,2025,2025
cardekhocom,415.0,415.0,1,Other,Unknown,Nan,Nan,Nan,Private Equity,2015,"Hillhouse Capital, Tybourne Capital",498.0,2015-01-20,2015-01-20,4,2014,2015,2015
pibeam,415.0,415.0,1,Automotive,Chennai,Chennai,Tamil Nadu,India,Unknown,2020,Gail (India) Ltd,589.3,2020-01-13,2020-01-13,4,2019,2020,2020
sploot,415.0,415.0,1,Consumer Applications,Gurgaon,Gurgaon,Haryana,India,Seed,2022,Redstart Labs,149.4,2022-05-22,2022-05-22,1,2022,2022,2022
rategain,415.0,415.0,1,Other,Unknown,Nan,Nan,Nan,Private Equity,2015,Ta Associates,8.3,2015-01-04,2015-01-04,4,2014,2015,2015
8i ventures,415.0,415.0,1,Venture Capital & Private Equity,Mumbai,Mumbai,Maharashtra,India,Unknown,2021,Unknown,24.9,2021-12-12,2021-12-12,3,2021,2021,2021
mensa brands,415.0,415.0,1,Clothing,Bangalore,Bangalore,Karnataka,India,Series A,2021,"Accel, Falcon Edge Capital, Norwest Venture Partners",1120.5,2021-05-22,2021-05-22,1,2021,2021,2021
safex chemicals,415.0,415.0,1,Agritech,Delhi,Delhi,Delhi,India,Unknown,2021,Banyantree Fiunknownnce Pvt. Ltd.,581.0,2021-03-05,2021-03-05,4,2020,2021,2021
goomo,415.0,415.0,1,Consumer Internet,Mumbai,Mumbai,Maharashtra,India,Private Equity,2017,Emerging India,4.15,2017-06-24,2017-06-24,1,2017,2017,2017
fancode,415.0,415.0,1,Sports,Mumbai,Mumbai,Maharashtra,India,Unknown,2021,Dream Sports,8.3,2021-05-16,2021-05-16,1,2021,2021,2021
info edge venture,415.0,415.0,1,Venture Capitalist,Noida,Noida,Uttar Pradesh,India,Unknown,2020,Lightbox,83.0,2020-12-22,2020-12-22,3,2020,2020,2020
peppertap,415.0,298.8,3,Hyperlocal Online/Mobile Grocery,Gurgaon,Gurgaon,Haryana,India,Private Equity,2015,"Innoven Capital, Saif Partners, Saif Partners., Sequoia Capital, Sequoia India",381.8,2015-04-21,2015-12-04,"1, 2, 3",2015,2015,2015
1mg,414.17,124.5,4,Ecommerce,Gurgaon,Gurgaon,Haryana,India,"Private Equity, Unknown","2016, 2017, 2018, 2020","Bill, Hbm Healthcare Investments, Maverick Capital Ltd And Hbm Healthcare Investments Ltd, Maverick Capital Ventures, Melinda Gates Foundation, Omidyar Network, Omidyar Network And Kae Capital, Sequoia Capital, Sequoia India",332.0,2016-04-16,2020-02-05,"1, 2, 4","2016, 2017, 2018, 2019",2016,2020
melorra,411.6,199.2,4,Ecommerce,Bangalore,Bangalore,Karnataka,India,"Unknown, Private Equity, Debt","2016, 2020, 2021","9Unicorns, Jamshed Jeejeebhoy, Lightbox, Lightbox Ventures, Shadows Holdings, Symphony Interunknowntiounknownl Holdings, Symphony Interunknowntiounknownl Holdings Limited, Value Quest",212.4,2016-01-22,2021-10-25,"3, 4","2015, 2019, 2021",2016,2021
scimplify,410.85,332.0,2,Speciality Chemicals,Bangalore,Bangalore,Karnataka,India,"Series A, Series B","2024, 2025","Accel, Bertelsmann India, Omnivore And 3One4 Capital, Omnivore And Bertelsmann, Umi",78.85,2024-08-03,2025-03-21,"2, 4",2024,2024,2025
happyeasygo,410.02,410.02,1,Travel,Gurgaon,Gurgaon,Haryana,India,Other,2020,"10 Fund, Cvcapital, Korea Investment Partners (Kip), M, S Partners, Samsung Venture Investment Corporation (Svic), Uob Venture, Zero2Ipo Ventures",4.98,2020-01-20,2020-01-20,4,2019,2020,2020
chingari,409.19,157.7,5,Media,Bangalore,Bangalore,Karnataka,India,"Seed, Unknown, Series A","2020, 2021, 2022","Al Trust (Vistra Itcl), Angellist India, Angellist’S Utsav Somani, Brian Norgard, Fj Labs, Jasminder Singh Gulati, Jpin Venture Catalysts, Logx Ventures, Nowfloats’ Jasminder Singh Gulati, Onmobile, Republic Capital, Solaunknown, Utsav Somani, Village Global, Village Global.",284.69,2020-07-25,2022-01-18,"1, 2, 3, 4","2020, 2021",2020,2022
smart joules,406.7,406.7,1,Renewable Energy,Delhi,Delhi,Delhi,India,Unknown,2021,"Adb Arm, Raintree Family Office",12.45,2021-04-14,2021-04-14,1,2021,2021,2021
netmeds,406.7,290.5,2,Ecommerce,Chennai,Chennai,Tamil Nadu,India,Private Equity,"2017, 2018","Sistema Asia Fund, Sistema Jsfc And Tanncam Investment, Tanncam Investment",116.2,2017-10-01,2018-09-21,"2, 3","2017, 2018",2017,2018
hopscotch,406.7,207.5,3,Other,Unknown,Nan,Nan,Nan,"Private Equity, Unknown","2015, 2016, 2020","Eduardo Saverin, Marc Lore, Rise Capital, Velos Capital",199.2,2015-01-05,2020-01-18,4,"2014, 2015, 2019",2015,2020
chakr innovation,406.7,215.8,2,Energy,Delhi,Delhi,Delhi,India,"Series A, Series C","2019, 2025","Ian Fund, Iron Pillar",215.8,2019-06-16,2025-09-01,"1, 2","2019, 2025",2019,2025
soothe healthcare,404.21,321.21,2,Consumer Goods,Delhi,Delhi,Delhi,India,"Series C, Unknown","2021, 2022","A91 Partners, Sixth Sense Ventures And A91 Partners",83.0,2021-08-10,2022-10-22,"2, 3","2021, 2022",2021,2022
neo,400.0,400.0,1,Wealth And Asset Management,Mumbai,Mumbai,Maharashtra,India,Series B,2024,"Euclidean Capital Llc, Mufg Bank, Peak Xv Partners",24.9,2024-08-22,2024-08-22,2,2024,2024,2024
zupee,398.4,249.0,3,Gaming,Unknown,Nan,Nan,Nan,"Unknown, Series A","2020, 2021","Matrix Partners, Orios Venture Partners, Tomales Bay Capital, Westcap Group",149.4,2020-04-15,2021-08-03,"1, 2, 4","2020, 2021",2020,2021
recykal,398.4,215.8,2,Waste Management,Hyderabad,Hyderabad,Telangana,India,"Pre-Series A, Unknown","2019, 2022","Morgan Stanley, Pidilite Industries Director Ajay Parekh, Triton Investment Advisors",215.8,2019-06-20,2022-01-15,"1, 4","2019, 2021",2019,2022
smaaash,396.74,365.2,2,Technology,Mumbai,Mumbai,Maharashtra,India,Private Equity,2017,"Ecl Fiunknownnce, Sixth Sense Ventures",365.2,2017-09-18,2017-11-21,"2, 3",2017,2017,2017
dmi finance,390.1,390.1,1,Fintech,Delhi,Delhi,Delhi,India,Unknown,2022,Sumitomo Mitsui Trust Bank,1020.9,2022-01-11,2022-01-11,4,2021,2022,2022
neogrowth credit,390.1,390.1,1,Fintech,Mumbai,Mumbai,Maharashtra,India,Private Equity,2018,"Aspada Investment, Leapfrog Investments, Quounknown Capital",174.3,2018-01-11,2018-01-11,4,2017,2018,2018
orange health,389.27,289.67,2,Healthcare,Bangalore,Bangalore,Karnataka,India,"Series B, Unknown","2022, 2024","Amazon Smbhav Venture Fund, Y Combiunknowntor And Accel",289.67,2022-06-09,2024-12-28,"1, 3","2022, 2024",2022,2024
emotorad,385.95,385.95,1,Manufacturing,Pune,Pune,Maharashtra,India,Seed,2022,Ivy Growth Associates And Letsventure,51.46,2022-10-10,2022-10-10,3,2022,2022,2022
progcap,383.46,249.0,4,Fintech,Delhi,Delhi,Delhi,India,"Series C, Series A, Debt","2019, 2021, 2022","Llc, M V Nair, Sequoia India, Somak Ghosh, Tiger Global, Tiger Global Maunknowngement And Creation Investments Capital Maunknowngement",298.8,2019-08-07,2022-06-16,"1, 2, 3, 4","2019, 2020, 2021, 2022",2019,2022
wooden street,379.38,354.0,3,Ecommerce,Jaipur,Jaipur,Rajasthan,India,"Series A, Series B, Series C","2020, 2022, 2024","Ian Fund, Premji Invest, Westbridge Capital And Ian Fund",25.38,2020-06-18,2024-12-17,"1, 3","2020, 2022, 2024",2020,2024
kuvera,375.58,373.5,2,Consumer Internet,Bangalore,Bangalore,Karnataka,India,"Other, Series A","2018, 2019","Baskar Subramanian, Eight Roads, Gaurav Suri And Ankit Kesarwani, Saket Kumar",2.08,2018-03-16,2019-04-08,"1, 4","2017, 2019",2018,2019
arnya real estate,375.0,375.0,1,Real Estate,Raipur,Raipur,Chhattisgarh,India,Debt,2024,Unknown,12.45,2024-09-18,2024-09-18,2,2024,2024,2024
transcell biologics,375.0,375.0,1,Biotech,Hyderabad,Hyderabad,Telangana,India,Unknown,2024,Quantiphi And Ian Group,240.7,2024-09-28,2024-09-28,2,2024,2024,2024
capillary tech,373.5,373.5,1,Cloud Software,Delhi,Delhi,Delhi,India,Private Equity,2015,"Norwest Venture Partners, Sequoia Capital, Warburg Pincus",166.0,2015-09-24,2015-09-24,2,2015,2015,2015
digit,373.5,373.5,1,Consumer Internet,Pune,Pune,Maharashtra,India,Private Equity,2018,Fairfax,3.11,2018-07-19,2018-07-19,2,2018,2018,2018
zo rooms,373.5,249.0,2,Online Budget Hotel,Delhi,Delhi,Delhi,India,Private Equity,2015,"Orios Venture Partners, Orios Venture Partners., Tiger Global, Tiger Global Maunknowngement",124.5,2015-07-23,2015-08-15,2,2015,2015,2015
zopper,373.5,207.5,2,Hyperlocal Shopping,Mumbai,Mumbai,Maharashtra,India,"Private Equity, Series D","2015, 2024","Blume Ventures, Dharaunknown Capital, Elevation Capital, Tiger Global, \\Xc2\\Xa0 Nirvaunknown Ventures Advisors",166.0,2015-06-25,2024-11-11,"1, 3","2015, 2024",2015,2024
avataar,373.5,373.5,1,3D Ai,Bangalore,Bangalore,Karnataka,India,Series B,2022,"Sequoia Capital, Tiger Global",58.1,2022-01-16,2022-01-16,4,2021,2022,2022
credr,369.35,124.5,5,Used Bikes,Mumbai,Mumbai,Maharashtra,India,"Unknown, Private Equity","2015, 2020, 2021","Angellist, Eight Road Ventures, Eight Roads Ventures, Fidelity Growth Partners, Growthstory, Omidyar Network, Omidyar Network India, On Mauritius, Yamaha Motors",315.4,2015-07-10,2021-06-12,"1, 2, 3, 4","2015, 2019, 2020, 2021",2015,2021
koo,366.03,249.0,3,Blogging,Bangalore,Bangalore,Karnataka,India,"Series A, Series B, Unknown","2021, 2022","3One4 Capital, Accel, Adventz Fiunknownnce, Ashneer Grover, Balaji Srinivasan, Capsier Venture Partner, Fbc Venture Partners, Naval Ravikant, Ravi Modi Family Trust",283.03,2021-02-13,2022-02-03,"1, 4","2020, 2021",2021,2022
nestaway,365.62,249.0,3,Other,Unknown,Nan,Nan,Nan,"Private Equity, Seed","2015, 2016","Flipkart, Idg Ventures, Naveen Tewari, Tiger Global",116.62,2015-03-27,2016-04-09,"1, 2, 4","2014, 2015, 2016",2015,2016
neuron7ai,365.2,365.2,1,Cloudbased Intelligence,United States,Nan,Nan,Usa,Series B,2024,Smith Point Capital,20.0,2024-10-17,2024-10-17,3,2024,2024,2024
jupiter,365.2,365.2,1,Banking,Mumbai,Mumbai,Maharashtra,India,Series B,2021,"Global Founders Capital, Matrix Partners, Nubank, Sequoia Capital",9.96,2021-08-15,2021-08-15,2,2021,2021,2021
mosaic wellness,365.2,199.2,2,Healthcare,Mumbai,Mumbai,Maharashtra,India,"Series A, Unknown","2021, 2025","Sequoia Capital, Think Investment",199.2,2021-11-25,2025-04-01,"1, 3","2021, 2025",2021,2025
cashkaro,358.56,250.66,3,Ecommerce,Gurgaon,Gurgaon,Haryana,India,"Series C, Series B","2020, 2022","Affle And Korea Investment Partners, Kalaari Capital, Ratan Tata",333.66,2020-01-20,2022-11-16,"3, 4","2019, 2022",2020,2022
winuall,356.9,340.3,2,Edtech,Bangalore,Bangalore,Karnataka,India,"Unknown, Series A","2020, 2022","Akash Gehani, Amit Lakhotia, Ankit Bhati And Inflection Point Ventures",16.6,2020-10-26,2022-08-19,"2, 3","2020, 2022",2020,2022
fampay,354.41,315.4,2,Fintech,Bangalore,Bangalore,Karnataka,India,"Seed, Series A","2020, 2021","Elevation Capital, Global Founders Capital, Greenoaks Capital, Sequoia India, Venture Highway, Y Combiunknowntor",39.01,2020-03-01,2021-06-26,"1, 4","2019, 2021",2020,2021
loadshare,348.63,332.0,2,Logistics,Bangalore,Bangalore,Karnataka,India,"Series B, Series C","2020, 2022","Cdc Group, Tiger Global",16.63,2020-04-28,2022-02-14,"1, 4","2020, 2021",2020,2022
redcliffe labs,348.6,348.6,1,Diagnostics Healthcare,Unknown,Nan,Nan,Nan,Series C,2024,"Healthquad, Ifu, Leapfrog, Spark Growth Ventures",2.08,2024-09-15,2024-09-15,2,2024,2024,2024
contlo,348.6,348.6,1,Analytics,Newark,Newark,New Jersey,Usa,Seed,2022,Varun Sadaunknown And Titan Capital,9.96,2022-12-16,2022-12-16,3,2022,2022,2022
upscalio,348.6,348.6,1,Ecommerce,Gurgaon,Gurgaon,Haryana,India,Unknown,2021,Unknown,149.4,2021-08-17,2021-08-17,2,2021,2021,2021
routematic,348.6,332.0,2,Saas,Bangalore,Bangalore,Karnataka,India,"Unknown, Series C","2020, 2025","Fullerton Carbon Action Fund And Shift4Good, Naresh Malhotra, Vamm Ventures",16.6,2020-11-14,2025-05-14,"1, 3","2020, 2025",2020,2025
enterpret,345.28,172.64,2,Saas,India,Nan,Nan,India,Series A,2024,"Caunknownan Partners, Kleiner Perkins, Peak Xv Partners, Recall Capital, Wing Ventures",172.64,2024-12-22,2024-12-22,3,2024,2024,2024
shopx,343.7,290.5,3,Ecommerce,Bangalore,Bangalore,Karnataka,India,"Private Equity, Unknown","2016, 2018, 2020","Fung Strategic Holdings, Li And Fung, Nandan Nilekani",332.0,2016-12-14,2020-04-19,"1, 2, 3","2016, 2018, 2020",2016,2020
ezetap,340.3,207.5,2,Mobile Based Pos Solution,Bangalore,Bangalore,Karnataka,India,Private Equity,"2015, 2017","Berggruen Holdings, Capricorn Investment Group, Helion Advisors, Horizons Ventures, Js Capital Maunknowngement, Social Capital, Social+Capital",207.5,2015-08-23,2017-08-05,2,"2015, 2017",2015,2017
flobiz,340.3,257.3,2,Technology,Bangalore,Bangalore,Karnataka,India,"Series A, Series B",2021,"Elevation Capital, Sequoia Capital",83.0,2021-03-04,2021-09-24,"2, 4","2020, 2021",2021,2021
jsw one,340.0,340.0,1,B2B Ecommerce,Mumbai,Mumbai,Maharashtra,India,Unknown,2025,"Jsw Steel, Oneup, Principal Asset Maunknowngement",207.5,2025-05-19,2025-05-19,1,2025,2025,2025
freshmenu,339.05,141.1,3,Consumer Internet,Bangalore,Bangalore,Karnataka,India,"Private Equity, Series C","2016, 2022","Florintree Advisors And Srinivas Anumolu, Lightspeed, Zodius Capital, Zodius Technology Fund",278.05,2016-01-07,2022-04-19,"1, 4","2015, 2022",2016,2022
indiamart,338.64,338.64,1,Ecommerce,Noida,Noida,Uttar Pradesh,India,Unknown,2022,M1Xchange Raised,50.63,2022-11-24,2022-11-24,3,2022,2022,2022
craftsvilla,338.24,282.2,4,Women Ethnic Wearxc2Xa0 Online,Mumbai,Mumbai,Maharashtra,India,"Unknown, Private Equity, Other","2015, 2019, 2020","Apoletto, Global Founders Capital, Lightspeed, Nexus Venture Partners, Sequoia India, Supera Investments, Supera Pte Ltd",334.85,2015-11-01,2020-08-13,"1, 2, 3, 4","2015, 2019, 2020",2015,2020
purple style labs,336.08,332.0,3,Consumer Internet,Mumbai,Mumbai,Maharashtra,India,"Seed, Unknown, Series E","2016, 2020, 2025","Alchemy Long Term Ventures Fund, And Minerva Ventures Fund, Astarc Ventures., Augment Ventures, Bajaj Holdings And Investment, Jitendra Gupta, Nikhil Golcha, Rahul Kayan, Roy Kwan, Sageone Flagship Growth Oe Fund, Shubham Gupta",4.08,2016-09-05,2025-03-14,"2, 4","2016, 2020, 2024",2016,2025
wadzpay,335.0,335.0,1,Blockchain Fintech,Singapore,Nan,Nan,Singapore,Other,2024,Gem Global Yield Llc Scs,141.1,2024-11-13,2024-11-13,3,2024,2024,2024
finbox,333.48,332.0,2,Ai,Bangalore,Bangalore,Karnataka,India,"Series A, Series B","2022, 2025","Aditya Birla Sun Life Amc, Westbridge Capital",1.48,2022-06-10,2025-09-09,"1, 2","2022, 2025",2022,2025
stable money,332.0,166.0,2,Fintech,Bangalore,Bangalore,Karnataka,India,"Series B, Series A",2025,"Aditya Birla Ventures, Fundamentum, Lightspeed, The Fundamentum Partnership Fund",166.0,2025-05-07,2025-06-23,1,2025,2025,2025
k12 techno,332.0,332.0,1,Edtech,Bangalore,Bangalore,Karnataka,India,Other,2024,Kenro Capital,44.82,2024-12-14,2024-12-14,3,2024,2024,2024
ankur capital,332.0,332.0,1,Fintech,Mumbai,Mumbai,Maharashtra,India,Unknown,2021,Unknown,8.3,2021-03-13,2021-03-13,4,2020,2021,2021
altigreen,332.0,332.0,1,Automotive,Bangalore,Bangalore,Karnataka,India,Series A,2022,Unknown,4.15,2022-02-08,2022-02-08,4,2021,2022,2022
healthcare at home,332.0,332.0,1,Healthcare,Noida,Noida,Uttar Pradesh,India,Private Equity,2017,Quadria Capital Advisors,8.3,2017-04-08,2017-04-08,1,2017,2017,2017
zivame,332.0,332.0,1,Online Lingerie,Bangalore,Bangalore,Karnataka,India,Private Equity,2015,"Khazaunknownh Nasiounknownl Berhad, Zodius Technology Fund",1.0,2015-09-16,2015-09-16,2,2015,2015,2015
tessolve,332.0,332.0,1,Electronics,Bangalore,Bangalore,Karnataka,India,Unknown,2021,Novo Tellus Capital,7978.46,2021-04-15,2021-04-15,1,2021,2021,2021
simpl,332.0,332.0,1,Consumer,Bangalore,Bangalore,Karnataka,India,Series B,2021,"Ia Ventures, Valar Ventures",145.25,2021-12-11,2021-12-11,3,2021,2021,2021
treebo,332.0,282.2,2,Online Budget Hotel Booking,Bangalore,Bangalore,Karnataka,India,Private Equity,"2015, 2017","Matrix Partners, Saif Partners, Ward Ferry Maunknowngement And Karst Peak Capital",49.8,2015-06-24,2017-08-12,"1, 2","2015, 2017",2015,2017
scapia,332.0,332.0,1,Travel Fintech,Bangalore,Bangalore,Karnataka,India,Series B,2025,Peak Xv Partners,2.0,2025-04-01,2025-04-01,1,2025,2025,2025
bijnis,332.0,249.0,2,B2B,Unknown,Nan,Nan,Nan,"Series A, Series B","2020, 2021","Infoedge, Matrix Partners, Sequoia Capital, Waterbridge Ventures, Westbridge Capital",83.0,2020-07-07,2021-09-09,2,"2020, 2021",2020,2021
atlys,332.0,166.0,2,Visa Processing,Mumbai,Mumbai,Maharashtra,India,Series B,2024,Peak Xv Partners And Elevation Capital,166.0,2024-09-26,2024-09-26,2,2024,2024,2024
solarsquare,332.0,332.0,1,Solar,Mumbai,Mumbai,Maharashtra,India,Series B,2024,"Chris Sacca’S Lowercarbon, Elevation Capital, Gruhas Proptech, Lightrock, Lightspeed, Nithin Kamath’S Rainmatter",255.64,2024-12-12,2024-12-12,3,2024,2024,2024
wakefit,332.0,166.0,2,Retail,Bangalore,Bangalore,Karnataka,India,"Series B, Series C","2020, 2021","Sequoia Capital, Sig",166.0,2020-12-16,2021-11-12,3,"2020, 2021",2020,2021
farmley,332.0,332.0,1,Snacking,Noida,Noida,Uttar Pradesh,India,Series C,2025,L Catterton,10.54,2025-05-09,2025-05-09,1,2025,2025,2025
blume ventures,332.0,332.0,1,Fintech,Mumbai,Mumbai,Maharashtra,India,Unknown,2021,Avendus,538.0,2021-03-04,2021-03-04,4,2020,2021,2021
newshunt,332.0,332.0,1,Other,Unknown,Nan,Nan,Nan,Private Equity,2015,"Falcon Edge Capital, Matrix Partners, Sequoia Capital India And Omidyar Network",0.83,2015-02-13,2015-02-13,4,2014,2015,2015
mstack chemicals,332.0,332.0,1,Chemical Manufacturing,Houston,Houston,Texas,Usa,Series A,2024,Lightspeed And Alphawave,8.3,2024-10-06,2024-10-06,3,2024,2024,2024
heads up for tails,332.0,307.1,3,Ecommerce,Delhi,Delhi,Delhi,India,"Seed, Private Equity, Series A","2016, 2017, 2021","Sequoia Capital, Unknown Investors, Verlinvest",24.9,2016-02-12,2021-08-28,"2, 4","2015, 2016, 2021",2016,2021
applied solar,332.0,332.0,1,Offgrid Solar Power,Mumbai,Mumbai,Maharashtra,India,Private Equity,2015,"Bessemer Venture, Capricorn Investment And Ifc, Future Fund",249.0,2015-06-11,2015-06-11,1,2015,2015,2015
fab hotels,331.34,207.5,5,Consumer Internet,Gurgaon,Gurgaon,Haryana,India,"Private Equity, Unknown, Series B","2016, 2017, 2019, 2020","Accel, Accel Partners And Qualcomm, Goldman Sachs, Rb Investments, Rb Investments Pte. Ltd",323.04,2016-06-09,2020-11-20,"1, 2, 3, 4","2016, 2017, 2019, 2020",2016,2020
wiz freight,327.85,298.8,2,Logistics,Chennai,Chennai,Tamil Nadu,India,"Seed, Series A","2021, 2022","Axilor, Tiger Global",29.05,2021-08-22,2022-03-01,"2, 4",2021,2021,2022
miko,327.6,232.4,4,Ai,Mumbai,Mumbai,Maharashtra,India,"Unknown, Other, Unspecified Round","2020, 2021, 2024","Angel Investors, Aroa Ventures, Chiratae Ventures, Iifl Amc, Mankind Pharma Family Office, Stride Ventures, Yournest Venture Capital",307.1,2020-10-11,2024-08-05,"1, 2, 3","2020, 2021, 2024",2020,2024
arya,324.1,174.3,3,Agritech,Noida,Noida,Uttar Pradesh,India,"Series B, Other","2020, 2024","Incred, Lgt Lightstone Aspada, Quounknown Capital, Spark Capital",224.1,2020-03-05,2024-10-07,"3, 4","2019, 2020, 2024",2020,2024
vidyut tech,323.7,323.7,1,Electric Vehicle,Bangalore,Bangalore,Karnataka,India,Seed,2022,. Veda Vc And Sujeet Kumar,20.75,2022-12-26,2022-12-26,3,2022,2022,2022
hono,323.7,323.7,1,Software,Haryana,Nan,Haryana,India,Series A,2022,Harsh Gupta And Amit Khanunknown,1.29,2022-05-18,2022-05-18,1,2022,2022,2022
qwikskills,319.55,319.55,1,Edtech,Delhi,Delhi,Delhi,India,Unknown,2022,Manish Sinha And Indian Angel Network,871.5,2022-05-28,2022-05-28,1,2022,2022,2022
tonbo imaging,316.1,175.0,2,Technology,Bangalore,Bangalore,Karnataka,India,"Private Equity, Other","2017, 2025","Artiman Ventures, Edelweiss Private Equity, Florintree Advisors, Qualcomm Ventures, Teunknowncity Ventures And The Exportunknownimport Bank Of India, Wrv Capital",141.1,2017-09-02,2025-04-06,"1, 2","2017, 2025",2017,2025
haber nets,315.4,315.4,1,Ai,Mumbai,Mumbai,Maharashtra,India,Unspecified Round,2024,"Accel, Beenext Capital, Creaegis",531.2,2024-10-25,2024-10-25,3,2024,2024,2024
leena ai,315.4,249.0,2,Ai,New York,New York,New York,Usa,"Unknown, Series B","2020, 2021","Alan Patricof, Bessemer Venture Partners, Jim Moffatt",66.4,2020-11-05,2021-09-08,"2, 3","2020, 2021",2020,2021
lambdatest,315.4,315.4,1,Cloudbased Testing,San Francisco,San Francisco,California,Usa,Unspecified Round,2024,"Avataar Ventures, Qualcomm Ventures",6.37,2024-12-05,2024-12-05,3,2024,2024,2024
paper boat,313.32,249.0,3,Ethnic Beverages Manufacturer,Gurgaon,Gurgaon,Haryana,India,"Unknown, Private Equity","2015, 2020","A91 Emerging Fund, Advent Maunknowngement, Catamarann Ventures, Hillhouse Capital, Sci Growth Investment Ii, Sofiunknown, Sofiunknown Ventures, Trifecta Venture",282.61,2015-07-25,2020-07-13,"2, 4","2015, 2019, 2020",2015,2020
visit health,312.25,250.0,2,Healthcare,Delhi,Delhi,Delhi,India,"Unknown, Other","2021, 2024","Docprime Technologies, Promoters And Employees",62.25,2021-10-19,2024-08-08,"2, 3","2021, 2024",2021,2024
curefoods,312.08,149.4,3,Food,Bangalore,Bangalore,Karnataka,India,Unknown,"2021, 2025","3State Ventures, Binny Bansal, Binny Bansal And Caspian Investments, Blacksoil, Iron Pillar, Nordstar",162.68,2021-08-22,2025-09-10,"2, 4","2021, 2024, 2025",2021,2025
portea medical,311.25,311.25,1,Home Medical Care,Bangalore,Bangalore,Karnataka,India,Private Equity,2015,"Accel, Interunknowntiounknownl Fiunknownnce Corporation (Ifc), Qualcomm Ventures, Ventureast",215.8,2015-09-07,2015-09-07,2,2015,2015,2015
vridhi home finance,310.0,310.0,1,Housing Finance,Bangalore,Bangalore,Karnataka,India,Series B,2024,Norwest Venture Partners,124.5,2024-10-06,2024-10-06,3,2024,2024,2024
the whole truth,307.3,133.0,3,Food,Mumbai,Mumbai,Maharashtra,India,"Series C, Series A","2021, 2025","Matrix Partners, Peak Xv Partners, Sauce.Vc, Sequoia Capital, Sofiunknown, Sofiunknown Ventures, Z47",174.3,2021-07-14,2025-02-16,"2, 4","2021, 2024",2021,2025
lauriko,307.1,307.1,1,Healthcare,Hyderabad,Hyderabad,Telangana,India,Unknown,2022,Lakshmikant Pb And Murthy Aradhi,1.25,2022-04-13,2022-04-13,1,2022,2022,2022
stockgro,307.1,265.6,2,Fintech,Bangalore,Bangalore,Karnataka,India,"Pre-Series A, Series A","2021, 2022","Bitkraft Ventures, General Catalyst, Itai Tsiddon, Roots Ventures, Velo Partners",41.5,2021-08-06,2022-01-16,"2, 4",2021,2021,2022
puro wellness,307.1,307.1,1,Healthcare,Mumbai,Mumbai,Maharashtra,India,Private Equity,2016,Torrent Group,0.83,2016-08-22,2016-08-22,2,2016,2016,2016
innoviti,305.31,153.55,4,Payment,Bangalore,Bangalore,Karnataka,India,"Private Equity, Unknown, Series E","2015, 2017, 2020, 2024","Alumni Ventures, Bessemer Venture Partners, Catamaran Ventures, Fmo, New India Investment Corporation, Patni Family Office, Random Walk Solutions, Sbiunknownfmo Fund",235.31,2015-07-12,2024-08-13,"2, 4","2015, 2017, 2019, 2024",2015,2024
bira91,301.82,166.0,4,Food,Delhi,Delhi,Delhi,India,"Series B, Debt, Series C","2019, 2020","Anicut Capital, Sequoia Capital, Sixth Sense Ventures, Sofiunknown",295.48,2019-05-09,2020-08-08,"1, 2","2019, 2020",2019,2020
faasos,301.29,249.0,2,Qsr,Pune,Pune,Maharashtra,India,Private Equity,"2015, 2017","Lightbox Expansion Fund, Ligthbox Ventures Ii, Rb Investments, Runet South Asia, Ruunknownnet, Sequoia Capital, \\Xc2\\Xa0 Lightbox Ventures",249.0,2015-12-16,2017-04-23,"1, 3","2015, 2017",2015,2017
sahajanand medical,300.71,300.71,1,Technology,Surat,Surat,Gujarat,India,Private Equity,2018,Morgan Stanley Private Equity Asia,83.0,2018-01-06,2018-01-06,4,2017,2018,2018
knest,300.0,300.0,1,Constructiontech,Pune,Pune,Maharashtra,India,Unspecified Round,2025,Lighthouse,0.83,2025-06-02,2025-06-02,1,2025,2025,2025
liminal,299.63,299.63,1,Information Technology,Singapore,Nan,Nan,Singapore,Unknown,2022,Nexus Ventures And Vauld,249.0,2022-05-23,2022-05-23,1,2022,2022,2022
seekho,298.8,232.4,2,Learningfocused Ott,Bangalore,Bangalore,Karnataka,India,"Series A, Series B","2024, 2025","Bessemer Venture Partners, Lightspeed",66.4,2024-12-23,2025-09-12,"2, 3","2024, 2025",2024,2025
park,298.8,207.5,2,Techonology,Unknown,Nan,Nan,Nan,"Unknown, Series B","2020, 2021","Matrix Partners, Sequoia Capital",91.3,2020-01-09,2021-11-21,"3, 4","2019, 2021",2020,2021
goat,298.8,298.8,1,D2C,Bangalore,Bangalore,Karnataka,India,Series A,2021,"Flipkart Ventures, Tiger Global",8.3,2021-07-20,2021-07-20,2,2021,2021,2021
battery smart,298.8,240.7,2,Renewables & Environment,Delhi,Delhi,Delhi,India,"Pre-Series A, Series B","2021, 2025","Blume Ventures, Orios Ventures, Rising Tide Energy",58.1,2021-11-10,2025-05-15,"1, 3","2021, 2025",2021,2025
simplilearn,296.72,124.5,3,Other,Unknown,Nan,Nan,Nan,Private Equity,"2015, 2016","Helion Ventures, Innoven Capital India, Kalaari Capital, Mayfield India, Mayfield Ventures",246.92,2015-01-25,2016-09-02,"1, 2, 4","2014, 2015, 2016",2015,2016
finarkein analytics,295.92,215.0,3,Information Technology &,Pune,Pune,Maharashtra,India,"Seed, Pre-Series A","2022, 2024, 2025","Dsp Group Family Office, Iifl, Info Edge, Nexus Venture Partners",254.42,2022-02-16,2025-10-24,"2, 3, 4","2021, 2024, 2025",2022,2025
blue tokai,291.5,290.5,2,Food,Delhi,Delhi,Delhi,India,"Other, Series C","2022, 2024","A91 Partners, Anicut Capital, Mauryan Capital, Negen Capital, Verlinvest",1.0,2022-03-15,2024-09-05,"2, 4","2021, 2024",2022,2024
cashfree,291.5,290.5,2,Technology,Delhi,Delhi,Delhi,India,"Seed, Series B","2017, 2020","George Osborne, Smilegate Investment, Y Combiunknowntor",1.0,2017-10-08,2020-11-05,3,"2017, 2020",2017,2020
eps,290.5,290.5,1,Technology,Mumbai,Mumbai,Maharashtra,India,Private Equity,2016,Apis Partners,4.15,2016-01-23,2016-01-23,4,2015,2016,2016
propelld,290.5,290.5,1,Fintech,Bangalore,Bangalore,Karnataka,India,Series B,2022,Westbridge Capital,0.83,2022-02-26,2022-02-26,4,2021,2022,2022
ticketnew,290.5,290.5,1,Consumer Internet,Chennai,Chennai,Tamil Nadu,India,Private Equity,2017,Alibaba Pictures,41.5,2017-01-08,2017-01-08,4,2016,2017,2017
wiom,290.5,290.5,1,Consumer / Enterprise,Delhi,Delhi,Delhi,India,Unknown,2025,"Accel, Bertelsmann India Investments, Promaft Partners, Prosus, Rtp Global",705.5,2025-06-16,2025-06-16,1,2025,2025,2025
uable,290.5,290.5,1,Edtech,Bangalore,Bangalore,Karnataka,India,Pre-Series A,2021,"Chiratae Ventures, Jafco Asia",20.0,2021-04-08,2021-04-08,1,2021,2021,2021
ecozen,290.5,190.9,3,Technology,Pune,Pune,Maharashtra,India,"Series A, Debt","2019, 2020, 2025","Agriculture Fund (Ifa Fund), Fiunknownnce Private Limited, Innovation In Food, Maaunknownveeya Development, Northern Arc Capital Limited, Responsability Investments Ag, Sathguru Catalyzer Advisors",99.6,2019-12-10,2025-01-22,"3, 4","2019, 2024",2019,2025
dotpe,290.5,224.1,2,Fintech,Gurgaon,Gurgaon,Haryana,India,"Seed, Series A",2021,"Google, Info Edge, Payu, Ruizheng Investment",66.4,2021-01-27,2021-03-28,4,2020,2021,2021
saama,290.5,290.5,1,Big Data & Analytics,Pune,Pune,Maharashtra,India,Private Equity,2015,Carrick Capital Partners,7.21,2015-06-23,2015-06-23,1,2015,2015,2015
easy home finance,290.5,290.5,1,Home Financing,Mumbai,Mumbai,Maharashtra,India,Other,2024,"Claypond Capital, Ranjan Pai’S Family Office, Sumitomo Mitsui Banking Corporation’S Asia Rising Fund",37.35,2024-11-23,2024-11-23,3,2024,2024,2024
betterplace,290.25,199.2,3,Technology,Bangalore,Bangalore,Karnataka,India,"Seed, Series B, Series C","2016, 2020, 2021","Cx Partners, Jungle Ventures, Unitus Seed Fund",91.05,2016-02-16,2021-09-15,"2, 3, 4","2015, 2020, 2021",2016,2021
covvalent,285.52,285.52,1,Chemical,Gurgaon,Gurgaon,Haryana,India,Seed,2022,Rehan A Khan And Anubhav Jain,486.38,2022-11-27,2022-11-27,3,2022,2022,2022
credgenics,284.69,207.5,4,Fintech,Gurgaon,Gurgaon,Haryana,India,"Pre-Series A, Seed, Series A","2020, 2021","Accel, Breadlake Ventures, Sunder Nookala, Tanglin Venture Partners, Westbridge Capital",77.19,2020-10-28,2021-08-28,"2, 3","2020, 2021",2020,2021
driffle,282.2,282.2,1,Ecommerce,Unknown,Nan,Nan,Nan,Seed,2022,Better Capital And Amit Damani,3.0,2022-11-18,2022-11-18,3,2022,2022,2022
voonik,282.2,166.0,4,Fashion Ecommerce Store,Bangalore,Bangalore,Karnataka,India,Private Equity,"2015, 2016, 2017","Innoven Capital, Rb Investments, Seedfund, Sequoia Capital",232.4,2015-06-28,2017-02-23,"1, 2, 4","2015, 2016",2015,2017
easebuzz,282.2,249.0,2,Ecommerce,Pune,Pune,Maharashtra,India,"Series A, Unspecified Round","2021, 2025","Amrish Rau, Bessemer, Jitendra Gupta",33.2,2021-04-16,2025-04-06,1,"2021, 2025",2021,2025
toothsi,282.2,166.0,3,Healthcare,Mumbai,Mumbai,Maharashtra,India,"Series A, Series B, Unknown","2021, 2022","Eight Roads Ventures, Mankekar Family Office, Stride Ventures, Think Investments",207.5,2021-01-16,2022-01-09,"2, 4","2020, 2021",2021,2022
stayzilla,278.05,166.0,2,Other,Unknown,Nan,Nan,Nan,Private Equity,"2015, 2016","Matrix Partners, Nexus Venture Partners",166.0,2015-02-03,2016-05-06,"1, 4","2014, 2016",2015,2016
vecmocon,276.39,149.4,3,Information Technology,Delhi,Delhi,Delhi,India,"Seed, Unspecified Round, Series A","2022, 2024, 2025","Blume Ventures, British Interunknowntiounknownl Investment (Bii), Ecosystem Integrity Fund (Eif), Eif, Tiger Global Maunknowngement And Blume Ventures",126.99,2022-10-08,2025-06-10,"1, 3","2022, 2024, 2025",2022,2025
pilgrim,275.0,200.0,2,Beauty And Personal Care,Mumbai,Mumbai,Maharashtra,India,"Series B, Other","2024, 2025","Fireside, Nsfo, Vertex Ventures",75.0,2024-08-14,2025-03-28,"2, 4",2024,2024,2025
gokwik,273.9,124.5,3,Information Technology &,Delhi,Delhi,Delhi,India,"Pre-Series A, Series A, Unknown","2021, 2025","Jitendra Gupta, Matrix Partners, Peak Xv Partners, Rtp Global, Sequoia Capital, Think Investments, Z47",166.0,2021-09-07,2025-06-22,"1, 2, 3","2021, 2025",2021,2025
growit,273.9,249.0,2,Manufacturing,Surat,Surat,Gujarat,India,"Unknown, Series A","2022, 2025","Gvfl, Mukul Goyal And Coppermine Capita",249.0,2022-04-21,2025-05-14,1,"2022, 2025",2022,2025
ess kay fincorp,273.9,273.9,1,Banking,Rajasthan,Nan,Rajasthan,India,Unknown,2020,"Evolvence India, Norwest Venture Partners, Tpg",17.43,2020-01-10,2020-01-10,4,2019,2020,2020
pravasirojgar,273.9,273.9,1,Job Portal,Unknown,Nan,Nan,Nan,Unknown,2020,Goodworker.,803.52,2020-11-19,2020-11-19,3,2020,2020,2020
kredx,271.82,215.8,3,Ecommerce,Bangalore,Bangalore,Karnataka,India,"Seed, Private Equity, Series B","2016, 2020","Prime Venture Partners, Sequoia Capital, Tiger Global Maunknowngement",56.02,2016-04-07,2020-01-24,"1, 3, 4","2016, 2019",2016,2020
fleetxio,270.7,157.7,2,Computer Software,Gurgaon,Gurgaon,Haryana,India,"Series B, Series C","2022, 2025","Indiamart, Indiamart Intermesh And Beenext’S Accelerate Fund",157.7,2022-02-23,2025-05-08,"1, 4","2021, 2025",2022,2025
sunstone eduversity,269.75,232.4,3,Edtech,Gurgaon,Gurgaon,Haryana,India,"Seed, Series A, Series B","2019, 2020, 2021","Letsventure, Prime Venture Partners, Ps1 Venture And Globallogic Counknownfounder Rajul Garg, Westbridge Capital",37.35,2019-11-20,2021-10-07,"3, 4","2019, 2021",2019,2021
renee cosmetics,269.75,249.0,3,Cosmetics,Ahmedabad,Ahmedabad,Gujarat,India,"Pre-Series A, Series A, Series C","2021, 2022, 2025","9Unicorns, Equanimity Ventures, Mensa Brands, Playbook Partners",20.75,2021-10-14,2025-08-22,"2, 3, 4","2021, 2025",2021,2025
veritas finance,269.74,230.73,2,Fintech,Chennai,Chennai,Tamil Nadu,India,"Private Equity, Series D","2016, 2018","Cdc Group, Norwest Venture Partners, Sarva Capital, The Uk\\Xe2\\X80\\X99S Development Fiunknownnce Institution And P Surendra Pai",39.01,2016-03-15,2018-11-12,"3, 4","2015, 2018",2016,2018
flexifyme,268.09,249.0,2,Healthcare,Pune,Pune,Maharashtra,India,"Seed, Pre-Series A","2022, 2025","Ivycap Ventures, Sachin Aunknownnd And Dipen Shah",249.0,2022-05-23,2025-09-27,"1, 2","2022, 2025",2022,2025
big bang boom,267.01,250.0,3,Deep,Chennai,Chennai,Tamil Nadu,India,"Series A, Other","2020, 2024","And Others, Asquare Investing, Defence Innovation Organisation, Mumbai Angels, Mumbai Angels Network, Sbi, Vyom Family Office",17.01,2020-01-22,2024-09-01,"2, 4","2019, 2020, 2024",2020,2024
vedic cosmeceuticals,265.6,265.6,1,Cosmetics,Noida,Noida,Uttar Pradesh,India,Series A,2021,Sixth Sense Ventures,4486.15,2021-12-06,2021-12-06,3,2021,2021,2021
autogrid,265.6,265.6,1,Technology,Bangalore,Bangalore,Karnataka,India,Private Equity,2018,"And Teunknownska, Clp Holdings Group, Innogy, \\Xc3\\X98Rstead",8.3,2018-09-18,2018-09-18,2,2018,2018,2018
zorro,265.6,265.6,1,Social,Gurgaon,Gurgaon,Haryana,India,Seed,2021,"Ankiti Bose, Ritesh Agarwal, Vijay Shekhar Sharma",498.0,2021-12-27,2021-12-27,3,2021,2021,2021
r for rabbit,265.6,224.1,2,Consumer Goods,Ahmedabad,Ahmedabad,Gujarat,India,"Unknown, Series B","2021, 2025","3One4 Capital, Filter Capital, Xponentia Capital Partners",41.5,2021-10-19,2025-08-20,"2, 3","2021, 2025",2021,2025
shipsy,265.6,207.5,3,Logistics,Gurgaon,Gurgaon,Haryana,India,"Private Equity, Series A, Series B","2016, 2020, 2022","A91 Partners, Dtdc, Dtdc Express Ltd, Udaan Angel Partners, Z3 Partners",58.1,2016-04-07,2022-02-11,"1, 3, 4","2016, 2020, 2021",2016,2022
mse,265.6,265.6,1,Fintech,Mumbai,Mumbai,Maharashtra,India,Private Equity,2017,"Fs, Il, Radhakrishan Damani And Rakesh Jhunjhunwala, Rosy Blue Securities, Trust Capital",4.15,2017-10-27,2017-10-27,3,2017,2017,2017
qpiai,265.6,265.6,1,Advanced Hardware & Technology,Bangalore,Bangalore,Karnataka,India,Series A,2025,"Avataar Ventures, Natiounknownl Quantum Mission",0.5,2025-07-03,2025-07-03,2,2025,2025,2025
kaleidofin,264.77,114.54,4,Fiinance,Chennai,Chennai,Tamil Nadu,India,"Other, Series B, Unspecified Round","2018, 2022, 2024, 2025","Idh Farmfit Fund, Michael, Oikocredit, Omidyar Network, Omidyar Network. Blume Ventures And Professor Shlomo Benunknownhaim, Rabo Partnerships B.V., Susan Dell Foundation",220.78,2018-04-11,2025-04-24,"1, 2, 4","2018, 2021, 2024, 2025",2018,2025
wow momo,264.28,124.5,4,Quick Restaurant,Kolkata,Kolkata,West Bengal,India,"Debt, Seed, Series C","2015, 2020, 2021, 2025","Indian Angel Network, Stride Ventures, Tiger Global Maunknowngement, Tree Line Investment Maunknowngement, William Bissell",179.28,2015-08-21,2025-06-03,"1, 2, 3","2015, 2020, 2021, 2025",2015,2025
reshamandi,263.11,249.0,2,Agritech,Bangalore,Bangalore,Karnataka,India,"Seed, Series A",2021,"9Unicorns, Omnivore, Sandeep Singhal, Strive Ventures, Venture Catalysts",14.11,2021-03-22,2021-10-01,"3, 4","2020, 2021",2021,2021
roposo,263.11,124.5,3,Fashion Discovery,Gurgaon,Gurgaon,Haryana,India,"Private Equity, Series B","2015, 2016, 2018","Bertelsmann India Investments, Tiger Global",249.0,2015-08-21,2018-11-26,"1, 2, 3","2015, 2016, 2018",2015,2018
doubtnut,260.7,249.0,2,Edtech,Gurgaon,Gurgaon,Haryana,India,Series B,"2021, 2022","Omidyar Network, Sequoia Capital India And Lupa Systems, Tencent Holdings",249.0,2021-02-10,2022-04-19,"1, 4","2020, 2022",2021,2022
anveshan,260.48,207.5,4,Food,Bangalore,Bangalore,Karnataka,India,"Seed, Pre-Seed, Series A","2020, 2021, 2022, 2025","Amit Hooja And Force Ventures, Dsg Consumer Partners, Titan Capital, Wipro Consumer Care",212.48,2020-10-27,2025-04-19,"1, 2, 3","2020, 2021, 2022, 2025",2020,2025
ccavenue,259.79,185.92,2,Consumer Internet,Mumbai,Mumbai,Maharashtra,India,Private Equity,"2016, 2017","Infibeam, Nsi Infinium Global Pvt. Ltd",73.87,2016-05-11,2017-02-10,"1, 4",2016,2016,2017
simple energy,257.3,174.3,2,Automotive,Bangalore,Bangalore,Karnataka,India,"Other, Unknown","2021, 2025","Dr Arokiaswamy Velumani (Founder, Thyrocare), Unknown",174.3,2021-11-23,2025-09-24,"2, 3","2021, 2025",2021,2025
firstclub,257.3,190.9,2,Quick Commerce,Bangalore,Bangalore,Karnataka,India,"Unspecified Round, Series A","2024, 2025","2Am Vc, Accel, Angel Investors, Blume Founders Fund, Quiet Capital, Rtp Global",66.4,2024-12-03,2025-09-27,"2, 3","2024, 2025",2024,2025
caratlanecom,257.3,257.3,1,Other,Unknown,Nan,Nan,Nan,Private Equity,2015,Tiger Global,4316.0,2015-01-20,2015-01-20,4,2014,2015,2015
aavishkaarintellecap,257.3,257.3,1,Investment,Mumbai,Mumbai,Maharashtra,India,Other,2018,Teachers Insurance And Annuity Association (Tiaa),16.6,2018-11-21,2018-11-21,3,2018,2018,2018
medwell ventures,257.3,174.3,2,Healthcarenservice,Bangalore,Bangalore,Karnataka,India,Private Equity,"2015, 2017","Eight Roads Ventures, Fidelity Biosciences, Fidelity Growth Partners, Funknownprime Capital Partners, Mahindra Partners",83.0,2015-06-16,2017-04-16,1,"2015, 2017",2015,2017
capitalxb finance,257.3,132.8,2,Fintech,Maharashtra,Nan,Maharashtra,India,"Debt, Seed",2025,Nicolas Walewski,132.8,2025-10-13,2025-10-13,3,2025,2025,2025
solar square,255.64,255.64,1,Cleantech,Mumbai,Mumbai,Maharashtra,India,Seed,2022,Akhil Gupta And Lowercarbon Capital,29.05,2022-06-09,2022-06-09,1,2022,2022,2022
everest fleet,251.7,251.7,1,Mobility,Unknown,Nan,Nan,Nan,Series C,2024,Uber,33.2,2024-09-07,2024-09-07,2,2024,2024,2024
botanic healthcare,250.0,250.0,1,Nutraceutical,Hyderabad,Hyderabad,Telangana,India,Equity,2025,"Abakkus Four2Eight Opportunities Fund, Ds Group, Stakeboat Capital",10.0,2025-01-24,2025-01-24,4,2024,2025,2025
celcius logistics,250.0,250.0,1,Cold Aggregator,Mumbai,Mumbai,Maharashtra,India,Series B,2025,"Eurazeo, Omnivore",4.15,2025-05-10,2025-05-10,1,2025,2025,2025
insurancepadosi,250.0,250.0,1,Fintech,Gurgaon,Gurgaon,Haryana,India,Pre-Seed,2024,Antler,747.0,2024-08-07,2024-08-07,2,2024,2024,2024
baazar style,250.0,250.0,1,Luxury Fashion,Kolkata,Kolkata,West Bengal,India,Unknown,2024,Anchor Investors,49.8,2024-08-22,2024-08-22,2,2024,2024,2024
rupifi,249.83,207.5,3,Fintech,Bangalore,Bangalore,Karnataka,India,"Pre-Series A, Debt, Series A","2021, 2022","Alteria Capital, Quounknown Capital, Tiger Global, Venture Partners",42.33,2021-03-18,2022-01-20,"3, 4","2020, 2021",2021,2022
limeroadcom,249.0,249.0,1,Other,Unknown,Nan,Nan,Nan,Private Equity,2015,"Lightspeed, Matrix Partners, Tiger Global",103.75,2015-03-22,2015-03-22,4,2014,2015,2015
pep,249.0,249.0,1,D2C,Mumbai,Mumbai,Maharashtra,India,Series C,2022,Paragon Partners,1.33,2022-03-01,2022-03-01,4,2021,2022,2022
vyapar,249.0,249.0,1,Fintech,Bangalore,Bangalore,Karnataka,India,Series B,2022,Westbridge Capital,58.1,2022-01-24,2022-01-24,4,2021,2022,2022
intangles,249.0,249.0,1,Consumer > Road Transport,Maharashtra,Nan,Maharashtra,India,Series B,2025,Avataar Ventures,250.0,2025-10-08,2025-10-08,3,2025,2025,2025
phenom people,249.0,249.0,1,Hr,Unknown,Nan,Nan,Nan,Series C,2020,Westbridge Capital,4691.16,2020-01-12,2020-01-12,4,2019,2020,2020
xoxoday,249.0,249.0,1,Computer Software,Bangalore,Bangalore,Karnataka,India,Unknown,2022,Giift,20.75,2022-02-26,2022-02-26,4,2021,2022,2022
blue energy motors,249.0,249.0,1,Clean,Pune,Pune,Maharashtra,India,Unknown,2025,"Nikhil Kamath, Omnitex Industries",0.83,2025-09-13,2025-09-13,2,2025,2025,2025
lifecell,249.0,249.0,1,Biotechnology,Chennai,Chennai,Tamil Nadu,India,Unknown,2021,Orbimed Asia Partners,4.15,2021-09-26,2021-09-26,2,2021,2021,2021
degustibus,249.0,249.0,1,Fine Dining Restaurant,Mumbai,Mumbai,Maharashtra,India,Private Equity,2015,India Value Fund Advisors,45.65,2015-07-14,2015-07-14,2,2015,2015,2015
vayana network,249.0,249.0,1,Fintech,Pune,Pune,Maharashtra,India,Series C,2021,"Cdc Group, Jungle Ventures, March Capital, Marshall Wace",203.35,2021-11-25,2021-11-25,3,2021,2021,2021
bureau,249.0,249.0,1,Risk Intelligence,India,Nan,Nan,India,Series B,2024,"Commerce Ventures, Gmo Venture Partners, Paypal Ventures, Quounknown Capital, Sorenson Capital, Village Global, Xyz Ventures",4.15,2024-12-18,2024-12-18,3,2024,2024,2024
axtria,249.0,249.0,1,Big Data & Analytics,India,Nan,Nan,India,Private Equity,2015,"Amarpreet Sawhney, Deshpande Foundation, Fred Khosravi, Helion Venture Partners, Richard S. Braddock",43.16,2015-07-15,2015-07-15,2,2015,2015,2015
atomberg,249.0,166.0,3,Technology,Mumbai,Mumbai,Maharashtra,India,"Private Equity, Series B, Unknown","2016, 2020, 2021","Jungle Ventures, Parampara Capital, Sandeep Tandon, Survam Partners",83.0,2016-06-18,2021-12-01,"1, 3","2016, 2020, 2021",2016,2021
grey orange,249.0,249.0,1,Automated Storage & Warehousing Solution,Gurgaon,Gurgaon,Haryana,India,Private Equity,2015,Tiger Global Maunknowngement,8.3,2015-08-16,2015-08-16,2,2015,2015,2015
incred money,249.0,249.0,1,Fintech,Mumbai,Mumbai,Maharashtra,India,Unknown,2025,Unknown,737.04,2025-09-19,2025-09-19,2,2025,2025,2025
pop,249.0,249.0,1,Fintech,Bangalore,Bangalore,Karnataka,India,Unknown,2025,Razorpay,3483.51,2025-06-04,2025-06-04,1,2025,2025,2025
onsitego,249.0,249.0,1,Customer,Mumbai,Mumbai,Maharashtra,India,Series B,2020,"Accel, Zodius Capital",124.5,2020-01-19,2020-01-19,4,2019,2020,2020
ninety one,249.0,249.0,1,Consumer Goods,Ahmedabad,Ahmedabad,Gujarat,India,Series A,2021,A91 Partners,8.3,2021-12-01,2021-12-01,3,2021,2021,2021
satya microcapital,249.0,166.0,2,Fintech,Delhi,Delhi,Delhi,India,Unknown,2021,"Blue Orchard, Blueorchard Fiunknownnce S A, Company, Gojo, Responsability Investments",166.0,2021-02-04,2021-08-03,"2, 4","2020, 2021",2021,2021
yubi,249.0,249.0,1,Fintech,Chennai,Chennai,Tamil Nadu,India,Equity,2024,Gaurav Kumar,8.3,2024-08-23,2024-08-23,2,2024,2024,2024
neysa,249.0,249.0,1,Ai Cloud,Mumbai,Mumbai,Maharashtra,India,Series A,2024,"Nexus Venture Partners, Nttvc, Z47 (Formerly Matrix Partners India)",913.0,2024-10-08,2024-10-08,3,2024,2024,2024
applicateai,249.0,249.0,1,Information Technology &,Gurgaon,Gurgaon,Haryana,India,Series A,2021,Unknown,12.87,2021-10-25,2021-10-25,3,2021,2021,2021
karbon card,249.0,124.5,4,Fintech,Bangalore,Bangalore,Karnataka,India,"Pre-Series A, Seed, Series A","2020, 2021, 2022","Amrish Rau, Avenir Growth Capital, Harmony, Jitendra Gupta, Kuunknownl Shah, Myasia Vc, Olive Tree Capital, Orios Venture Partners, Rainfall Ventures, Ramp, Roka Works, Y Combiunknowntor",124.5,2020-03-02,2022-02-13,"1, 2, 4","2019, 2021",2020,2022
public,249.0,249.0,1,Social Media,Delhi,Delhi,Delhi,India,Unknown,2020,"Lee Fixel'S Addition, Sig Global, Tanglin Venture Partners",24.9,2020-10-04,2020-10-04,3,2020,2020,2020
indiqube,249.0,249.0,1,Design,Bangalore,Bangalore,Karnataka,India,Unknown,2022,Ashish Gupta,33.2,2022-04-26,2022-04-26,1,2022,2022,2022
smecorner,249.0,249.0,1,Fintech,Mumbai,Mumbai,Maharashtra,India,Series B,2020,Paragon Partners,15.75,2020-03-16,2020-03-16,4,2019,2020,2020
sterling accuris wellness,249.0,249.0,1,Hospital & Health Care,Ahmedabad,Ahmedabad,Gujarat,India,Unknown,2021,Morgan Stanley Private Equity Asia,6.6,2021-09-08,2021-09-08,2,2021,2021,2021
everstage,249.0,249.0,1,Sales Performance Management Software,Chennai,Chennai,Tamil Nadu,India,Series B,2024,"3One4 Capital, Eight Roads Ventures, Elevation Capital",83.0,2024-10-04,2024-10-04,3,2024,2024,2024
foxtale,249.0,249.0,1,D2C Skincare,Mumbai,Mumbai,Maharashtra,India,Unspecified Round,2025,"Kae Capital, Kose Corporation, Panthera Growth Partners, Z47 (Matrix Partners India)",20.75,2025-01-28,2025-01-28,4,2024,2025,2025
ayefinance,248.17,178.45,3,Fintech,Gurgaon,Gurgaon,Haryana,India,"Private Equity, Debt",2018,"Blueorchard Fiunknownnce Ltd, Capitalg, Hinduja Leyland Fiunknownnce, Hinduja Leyland Fiunknownnce And Intellegrow, Intellegrow, Saif Partners And Lgt Impact Ventures",69.72,2018-02-02,2018-06-11,"1, 4","2017, 2018",2018,2018
nivara home finance,245.0,245.0,1,Housing Loan,Bangalore,Bangalore,Karnataka,India,Series B,2025,True North,35.27,2025-03-17,2025-03-17,4,2024,2025,2025
engineerai,244.85,244.85,1,Software,India,Nan,Nan,India,Series A,2018,"Lakestar And Jungle Ventures, Softbank\\Xe2\\X80\\X99S Deepcore.",3.59,2018-11-09,2018-11-09,3,2018,2018,2018
pakka,244.7,244.7,1,Compostable Packaging,Kanpur,Kanpur,Uttar Pradesh,India,Unspecified Round,2024,Unknown,1.87,2024-08-14,2024-08-14,2,2024,2024,2024
transbnk,240.7,207.5,2,Fintech,Delhi,Delhi,Delhi,India,"Series A, Series B","2024, 2025","8I Ventures, Accion Venture Lab, Angels, Bessemer Venture Partners, Family Offices, Force Ventures, Gmo Venture Partners, Ratio Ventures",33.2,2024-08-02,2025-08-20,2,"2024, 2025",2024,2025
scripbox,240.7,174.3,3,Mutual Fund Investing,Bangalore,Bangalore,Karnataka,India,"Series D, Private Equity","2015, 2022","Accel, Deep Kalra, Mohit Gupta, Rajesh Magow, Shamik Sharma, The Sparkle Fund, Transpose Platform, Wealth Maunknowngers",195.05,2015-08-06,2022-08-02,"2, 4","2015, 2021, 2022",2015,2022
upstox,240.7,240.7,1,Fintech,Mumbai,Mumbai,Maharashtra,India,Unknown,2022,Tiger Global Maunknowngement And Gvk Davix Technologies,9.96,2022-04-19,2022-04-19,1,2022,2022,2022
better opinions,236.55,228.25,2,Fintech,Gurgaon,Gurgaon,Haryana,India,Seed,2022,"Java Capital, Soma Capital, Tremis Capital And Goodwater Capital",8.3,2022-02-08,2022-07-10,"2, 4","2021, 2022",2022,2022
magicpin,236.38,58.1,6,Consumer Internet,Delhi,Delhi,Delhi,India,"Private Equity, Debt, Unknown","2016, 2017, 2018, 2020","Lightspeed, Lightspeed India, Samsung Venture Investment Corporation, Trifecta Capital, Vy Capital, Waterbridge Ventures",178.28,2016-02-15,2020-07-07,"1, 2, 4","2015, 2017, 2020",2016,2020
haldiram bhujiawala,235.0,235.0,1,Snacks,Kolkata,Kolkata,West Bengal,India,Other,2024,"Bharat Value Fund (Bvf), Maunknownged By Pantomath Capital Maunknowngement",5.0,2024-11-26,2024-11-26,3,2024,2024,2024
statiq,234.06,234.06,1,Automotive,Gurgaon,Gurgaon,Haryana,India,Series A,2022,Shell Ventures And Y Combiunknowntor,41.5,2022-06-05,2022-06-05,1,2022,2022,2022
lido learning,232.4,83.0,4,Edtech,Mumbai,Mumbai,Maharashtra,India,"Series B, Unknown","2020, 2021","Bace Capital, Madhur Deora, Pecus Capital, Unilazer Ventures",149.4,2020-01-05,2021-09-23,"1, 2, 4","2019, 2020, 2021",2020,2021
sulekhacom,232.4,232.4,1,Online Classifieds & Listings,Chennai,Chennai,Tamil Nadu,India,Private Equity,2015,Gic Ventures,4.0,2015-04-07,2015-04-07,1,2015,2015,2015
atomicwork,232.4,207.5,2,Biotech,Bangalore,Bangalore,Karnataka,India,"Seed, Series A","2024, 2025","Battery Ventures, Blume Ventures, Blume Ventures And Neon Fund, Khosla Ventures, Peak Xv Partners, Strom Ventures, Z47 (Formerly Matrix Partners India)",24.9,2024-09-13,2025-01-20,"2, 4",2024,2024,2025
camp k12,232.4,99.6,3,Edtech,Gurgaon,Gurgaon,Haryana,India,"Seed, Unknown, Series A","2020, 2021","Elevation Capital, Matrix Partners, Saif Partners",132.8,2020-04-02,2021-08-24,"1, 2","2020, 2021",2020,2021
kapivas,232.4,232.4,1,Life Sciences > Nutraceuticals,Karnataka,Nan,Karnataka,India,Series D,2025,Vertex Growth / Jetty Ventures,83.0,2025-10-09,2025-10-09,3,2025,2025,2025
assetplus,232.4,232.4,1,Fintech,Chennai,Chennai,Tamil Nadu,India,Series A,2022,Kedar Kulkarni And Nithin Kamath,41.5,2022-05-14,2022-05-14,1,2022,2022,2022
evage,232.4,232.4,1,Automotive,Chandigarh,Chandigarh,Chandigarh,India,Seed,2022,Redblue Capital,1.25,2022-01-09,2022-01-09,4,2021,2022,2022
adonmo,232.4,207.5,2,Adtech,Bangalore,Bangalore,Karnataka,India,"Unknown, Other","2020, 2024","Ant Fiunknownncial, Siunknownr Mas And Rigel Capital",24.9,2020-01-19,2024-09-12,"2, 4","2019, 2024",2020,2024
dcdc kidney care,232.0,150.0,2,Healthcare,Delhi,Delhi,Delhi,India,"Strategic Investment, Unknown","2024, 2025","Abc Impact, British Interunknowntiounknownl Investment (Bii)",82.0,2024-12-01,2025-03-15,"3, 4",2024,2024,2025
hungerbox,230.66,99.6,4,Consumer Internet,Bangalore,Bangalore,Karnataka,India,"Series C, Private Equity","2018, 2019, 2020","Asian Vc Fund Nptk, Iifl Income Opportunities Fund, Lionrock Capital, Neoplux., One97 Communications Ltd., Paytm, Sabre Partners",175.05,2018-01-28,2020-08-13,"2, 4","2017, 2019, 2020",2018,2020
qapita,228.91,219.95,2,Fintech,Singapore,Nan,Nan,Singapore,"Seed, Series B","2020, 2025","Alto Partners, Massmutual Ventures, Mission Holdings",8.96,2020-01-02,2025-10-08,"3, 4","2019, 2025",2020,2025
axio,228.42,167.0,2,Healthcare,Bangalore,Bangalore,Karnataka,India,"Private Equity, Other","2018, 2024","Existing Investors, Rnt Capital",61.42,2018-01-05,2024-08-11,"2, 4","2017, 2024",2018,2024
nurix ai,228.25,228.25,1,Ai,Bangalore,Bangalore,Karnataka,India,Series A,2024,"Accel, And Meraki Labs, General Catalyst﻿",5.56,2024-09-25,2024-09-25,2,2024,2024,2024
supergaming,226.59,124.5,4,Video Games,Pune,Pune,Maharashtra,India,"Series A, Seed, Unknown","2019, 2021, 2025","1Up Ventures, Aet Fund, Bace Capital, Dream Incubator, Skycatcher, Steadview Capital",102.09,2019-11-16,2025-08-02,"2, 3","2019, 2021, 2025",2019,2025
agrim,226.59,143.59,2,Agritech,Gurgaon,Gurgaon,Haryana,India,"Series A, Series B","2022, 2024","Asia Impact, Kalaari Capital",83.0,2022-02-03,2024-08-21,"2, 4","2021, 2024",2022,2024
sunsure energy,226.0,226.0,1,Renewable Energy,Haryana,Nan,Haryana,India,Debt,2024,Tata Capital,269.75,2024-09-12,2024-09-12,2,2024,2024,2024
plan b,226.0,226.0,1,D2C Kids Innerwear,Mumbai,Mumbai,Maharashtra,India,Unspecified Round,2024,Jito Incubation And Innovation Foundation,3.32,2024-09-03,2024-09-03,2,2024,2024,2024
s chand,224.1,224.1,1,Education Content,Delhi,Delhi,Delhi,India,Private Equity,2015,Ifc Everstone Group,4.7,2015-11-14,2015-11-14,3,2015,2015,2015
ferns n petals,224.1,224.1,1,Retail,Delhi,Delhi,Delhi,India,Unknown,2022,Lighthouse,49.8,2022-03-06,2022-03-06,4,2021,2022,2022
hexo,224.1,224.1,1,Software,Bangalore,Bangalore,Karnataka,India,Pre-Seed,2022,Antler India,136.95,2022-12-07,2022-12-07,3,2022,2022,2022
snapmint,224.1,149.4,2,Fintech,Mumbai,Mumbai,Maharashtra,India,"Series A, Debt + Equity","2022, 2024","Negen Capital, Pegasus Fininvest, Perpetuity Ventures, Prashasta Seth (Prudent Investment Maunknownger), Ramakant Sharma, Usama Fayyad",74.7,2022-03-15,2024-12-24,"3, 4","2021, 2024",2022,2024
blue tokai coffee roasters,224.1,207.5,2,Food,Delhi,Delhi,Delhi,India,"Other, Unknown","2021, 2025","Anicut Angel Fund, Unknown",16.6,2021-08-16,2025-09-18,2,"2021, 2025",2021,2025
healthians,224.1,99.6,3,Consumer Internet,Gurgaon,Gurgaon,Haryana,India,"Private Equity, Series B, Series C","2016, 2019","Beenext, Dg Daiwa Ventures, Dg Incubation, Nptk, Paytm, Sabre Partners And Neoplux",124.5,2016-10-22,2019-12-21,3,"2016, 2019",2016,2019
infibeam avenues,224.1,224.1,1,Fintech,Gift,Nan,Nan,Nan,Acquisition,2024,Acquired 54% In Rediff.Com India Ltd,124.75,2024-08-23,2024-08-23,2,2024,2024,2024
ola financial,224.1,224.1,1,Fintech,Bangalore,Bangalore,Karnataka,India,Series A,2020,Matrix Partners,26271.5,2020-05-18,2020-05-18,1,2020,2020,2020
syfe,224.1,224.1,1,Fintech,Gurgaon,Gurgaon,Haryana,India,Unspecified Round,2024,"Two Uk Family Offices, Unbound, Valar Ventures",37.35,2024-08-13,2024-08-13,2,2024,2024,2024
rooter,221.61,207.5,2,Gaming,Delhi,Delhi,Delhi,India,"Pre-Series A, Series A","2020, 2022","Duane Park, Founder Bank Capital, Lead Sports, Lightbox, March Gaming, Paytm, Rockstud Capital",14.11,2020-05-02,2022-01-20,"1, 4","2020, 2021",2020,2022
lucidity,220.78,174.3,2,Information Technology,Bangalore,Bangalore,Karnataka,India,"Seed, Series A","2022, 2025","Alpha Wave, Sparrow Capital And Beenext, Westbridge Capital",46.48,2022-09-23,2025-02-04,"2, 4","2022, 2024",2022,2025
housejoy,219.95,186.75,2,Home,Bangalore,Bangalore,Karnataka,India,Private Equity,2015,"Amazon, Matrix Partners, Qualcomm, Ruunknownnet Technology Partners, Vertex Ventures",33.2,2015-06-12,2015-12-16,"1, 3",2015,2015,2015
nirogstreet,219.95,180.11,4,Healthcare,Gurgaon,Gurgaon,Haryana,India,"Other, Pre-Series A, Series A","2018, 2020, 2021, 2022","Gokul Rajaram, Pureland Venture, Spiral Ventures, Spiral Ventures And Icmg Partners, Subho Ray, Subho Ray And Samir Kumar, Wavemaker Partners",39.84,2018-06-03,2022-11-22,"1, 2, 3","2018, 2020, 2021, 2022",2018,2022
jsw one msme,219.95,219.95,1,Enterprise Applications > Manufacturing,Maharashtra,Nan,Maharashtra,India,Series B,2025,Oneup Fiunknownncial Consultants,340.0,2025-10-16,2025-10-16,3,2025,2025,2025
stellapps,217.0,215.8,2,Computer Software,Bangalore,Bangalore,Karnataka,India,"Unknown, Debt + Equity","2022, 2024","500 Global, Bill, Blue Ashva Capital, Blume Ventures, Idh Farmfit, Idh Farmfit Fund, Melinda Gates Foundation, Miledeep Capital, Omnivore",1.2,2022-02-22,2024-10-13,"3, 4","2021, 2024",2022,2024
observeai,215.8,215.8,1,Ai,Bangalore,Bangalore,Karnataka,India,Series A,2020,Scale Venture Partners,514.6,2020-01-02,2020-01-02,4,2019,2020,2020
kutumb,215.8,215.8,1,Community,Bangalore,Bangalore,Karnataka,India,Series A,2021,"Dst Global, Tiger Global Maunknowngement",16.6,2021-06-01,2021-06-01,1,2021,2021,2021
curebay,215.8,174.3,2,Healthcare,Bhubaneswar,Bhubaneswar,Odisha,India,"Series A, Series B","2022, 2025","Elevar Equity., Series B",41.5,2022-11-25,2025-05-26,"1, 3","2022, 2025",2022,2025
cloudsek,215.8,157.7,2,Computer & Security,Bangalore,Bangalore,Karnataka,India,"Series A, Other","2021, 2025","Massmutual Ventures, Teunknowncity Ventures And Commvault",58.1,2021-12-01,2025-05-25,"1, 3","2021, 2025",2021,2025
portea,215.8,215.8,1,Healthcare,Bangalore,Bangalore,Karnataka,India,Private Equity,2017,"Memg Cdc, Sabre Partners",16.6,2017-11-24,2017-11-24,3,2017,2017,2017
jugnoo,215.8,83.0,4,Auto Rickshaw Based Logistics,Chandigarh,Chandigarh,Chandigarh,India,"Private Equity, Seed","2015, 2016","Existing Investors, Others, Paytm, Rakesh Mathur, Snow Leopard, Vikas Taneja",132.8,2015-04-15,2016-04-03,"1, 3","2015, 2016",2015,2016
clevertap,215.8,215.8,1,Saas,Mumbai,Mumbai,Maharashtra,India,Series B,2019,"Accel, Sequoia India, Tiger Global Maunknowngement",0.14,2019-04-02,2019-04-02,1,2019,2019,2019
cashify,215.26,124.5,3,Ecommerce,Gurgaon,Gurgaon,Haryana,India,"Debt, Unknown","2018, 2020, 2021","Bessemer Venture Partners, Cdh Investments, Trifecta Capital",90.76,2018-02-19,2021-03-24,4,"2017, 2019, 2020",2018,2021
apna mart,214.0,214.0,1,Fmcg,Bangalore,Bangalore,Karnataka,India,Other,2025,Accel And Fundamentum,1411.0,2025-03-22,2025-03-22,4,2024,2025,2025
bugworks,211.65,149.4,2,Biopharma,Bangalore,Bangalore,Karnataka,India,"Unknown, Series B","2020, 2022","Global Brain Corporation, Lightrock India, University Of Tokyo Edge Capital",62.25,2020-04-26,2022-02-01,"1, 4","2020, 2021",2020,2022
zinc,211.65,211.65,1,Edtech,Bangalore,Bangalore,Karnataka,India,Seed,2024,"And Saison Capital, Edbi, Global Ventures, Nexus Venture Partners, Quounknown Capital",12.45,2024-10-02,2024-10-02,3,2024,2024,2024
leverage edu,211.65,182.6,3,Edtech,Delhi,Delhi,Delhi,India,"Unknown, Debt, Series B","2020, 2021, 2022","Artha Ventures, Blume Ventures, Dsg Consumer Partners, Dsp Mutual Fund Group, Kaizenvest Private Equity, Trifecta Capital Advisors",29.05,2020-01-23,2022-03-17,"1, 4","2019, 2021",2020,2022
credit fair,211.65,211.65,1,Fintech,Mumbai,Mumbai,Maharashtra,India,Seed,2022,Nikhil Chandra Gupta And Caspian Impact Investments,12.45,2022-08-15,2022-08-15,2,2022,2022,2022
eggoz,210.23,166.0,4,Agritech,Bihar,Nan,Bihar,India,"Seed, Pre-Series A, Series A","2020, 2021, 2025","Angellist, Artek Chemicals, Arvind Thakur, Avaaunknown Capital, Avana Capital, Blue Dot Capital, Gaja Capital, Ivycap Ventures, Merisis Opportunities Fund, Nabventures, Rebright Partners, S Ramadorai, Tracxn Labs, Triunknowndeep Capital",44.23,2020-05-28,2025-07-13,"1, 2, 3","2020, 2021, 2025",2020,2025
strata,208.06,158.26,2,Real Estate,Bangalore,Bangalore,Karnataka,India,"Unknown, Series A","2020, 2021","Gruhas Proptech, Kotak Investment Advisors Limited, Propstack, Saif Partners",158.26,2020-01-26,2021-07-20,"2, 4","2019, 2021",2020,2021
livpure,208.0,208.0,1,Appliances,Gurgaon,Gurgaon,Haryana,India,Unspecified Round,2024,"G Investments, M, Ncubate Capital Partners",1.66,2024-08-21,2024-08-21,2,2024,2024,2024
credenc,207.5,207.5,1,Fintech,Delhi,Delhi,Delhi,India,Unknown,2021,Capital India,1884.1,2021-07-16,2021-07-16,2,2021,2021,2021
superops,207.5,207.5,1,It Management Saas,Chennai,Chennai,Tamil Nadu,India,Series C,2025,"Lee Fixel’S Addition, March Capital, Z47",8.3,2025-01-01,2025-01-01,4,2024,2025,2025
hangyo,207.5,207.5,1,Food,Mangalore,Mangalore,Karnataka,India,Venture,2024,Faering Capital,16.6,2024-08-02,2024-08-02,2,2024,2024,2024
hungama,207.5,207.5,1,Consumer Internet,Mumbai,Mumbai,Maharashtra,India,Private Equity,2016,Xiaomi Inc,41.5,2016-04-24,2016-04-24,1,2016,2016,2016
happilo,207.5,207.5,1,Food,Bangalore,Bangalore,Karnataka,India,Unknown,2022,Motilal Oswal,6.23,2022-02-24,2022-02-24,4,2021,2022,2022
devassure,207.5,207.5,1,Saas,Chennai,Chennai,Tamil Nadu,India,Other,2025,Eximius Ventures,458.99,2025-04-27,2025-04-27,1,2025,2025,2025
jqr,207.5,207.5,1,Affordable Footwear D2C,Bahadurgarh,Bahadurgarh,Haryana,India,Other,2025,Venturi Partners,0.56,2025-02-23,2025-02-23,4,2024,2025,2025
design cafe,207.5,207.5,1,Design,Bangalore,Bangalore,Karnataka,India,Unknown,2021,"Sixth Sense Ventures, Westbridge Capital",14.94,2021-09-22,2021-09-22,2,2021,2021,2021
xto10x,207.5,207.5,1,Information Technology &,Bangalore,Bangalore,Karnataka,India,Series A,2022,Unknown,3.73,2022-02-19,2022-02-19,4,2021,2022,2022
citrus payment,207.5,207.5,1,Payments Solution,Mumbai,Mumbai,Maharashtra,India,Private Equity,2015,"Ascent Capital, Beenos Asia, Econtext Asia, Sequoia Capital",2.5,2015-10-10,2015-10-10,3,2015,2015,2015
drishti,207.5,207.5,1,Ai,Bangalore,Bangalore,Karnataka,India,Series B,2020,Sozo Ventures,1062.4,2020-06-13,2020-06-13,1,2020,2020,2020
ifmr,207.5,207.5,1,Financial Inclusion,Chennai,Chennai,Tamil Nadu,India,Private Equity,2015,"Accion, Leapfrog Investments, Lok Capital",33.2,2015-08-10,2015-08-10,2,2015,2015,2015
coralogix,207.5,207.5,1,Saas,San Francisco,San Francisco,California,Usa,Series B,2020,"2B Angels, Janvest Capital Partners",4.98,2020-10-28,2020-10-28,3,2020,2020,2020
hasura,207.5,207.5,1,Software,San Francisco,San Francisco,California,Usa,Series B,2020,"Nexus Venture Partners, Sam Lambert",8.3,2020-01-20,2020-01-20,4,2019,2020,2020
fibe,207.5,207.5,1,Fintech,Pune,Pune,Maharashtra,India,Debt,2025,Franklin Templeton Alterunknowntive Investments Fund,415.0,2025-08-25,2025-08-25,2,2025,2025,2025
your md,207.5,207.5,1,Healthcare,London,London,Nan,United Kingdom,Unknown,2020,"Orkla Ventures, Smedvig Capital",7.6,2020-10-23,2020-10-23,3,2020,2020,2020
sigtuple,205.84,157.7,2,Technology,Bangalore,Bangalore,Karnataka,India,Private Equity,"2017, 2018","Accel, Axilor Partners, Axilor Ventures And Binny Bansal, Endiya Partners, Idg Venture, Idg Ventures, Pi Ventures, Vh Capital",48.14,2017-02-28,2018-06-02,"1, 4","2016, 2018",2017,2018
troo good,204.18,74.7,3,Ecommerce,Hyderabad,Hyderabad,Telangana,India,"Series A, Unspecified Round, Equity","2021, 2024","Oaks Asset Maunknowngement, Puro Wellness, V Ocean Investments",132.8,2021-11-07,2024-10-05,3,"2021, 2024",2021,2024
snabbit,203.35,157.7,2,Quick,Bangalore,Bangalore,Karnataka,India,"Series A, Series B",2025,"Elevation Capital, Gaurav Munjal, Lightspeed, Nexus Venture Partners, Niraj Singh, Sanjeev Barnwal, Vidit Aatrey",45.65,2025-01-11,2025-05-02,"1, 4","2024, 2025",2025,2025
m1xchange,203.35,83.0,3,Fintech,Gurgaon,Gurgaon,Haryana,India,"Unknown, Other","2020, 2021, 2025","Amazon, Beenext, Filter Capital, Mayfield Fund",120.35,2020-12-03,2025-05-14,"1, 3","2020, 2021, 2025",2020,2025
fpl,203.35,83.0,3,Fintech,Pune,Pune,Maharashtra,India,"Series A, Other","2019, 2020","Hummingbird Ventures, Matrix Partners, Sequoia Capital, Sequoia India",120.35,2019-09-02,2020-08-02,"2, 4","2019, 2020",2019,2020
vayana,203.35,170.15,2,Technology,Pune,Pune,Maharashtra,India,"Private Equity, Unspecified Round","2017, 2024","Idg Ventures India Advisors, Jungle Ventures, Smbc Asia Rising Fund",33.2,2017-07-16,2024-08-07,2,"2017, 2024",2017,2024
krazybee,202.04,119.04,3,Consumer Internet,Bangalore,Bangalore,Karnataka,India,"Private Equity, Debt","2016, 2017, 2019","Bac Acquisitions, Brd Securities, Fenqile, Northern R Capital, Shunwei Capital, Unifi Aif, Xiaomi Technologies, Yeahmobi",83.0,2016-06-09,2019-04-22,"1, 3","2016, 2017, 2019",2016,2019
kiwi,201.28,199.2,2,Taas,Delhi,Delhi,Delhi,India,"Seed, Series B","2021, 2025","Core91 Vc, Pointone Capital, Vertex Ventures",2.08,2021-01-10,2025-08-24,"2, 4","2020, 2025",2021,2025
hitachi,201.0,201.0,1,Industrial Manufacturing,Tokyo,Tokyo,Nan,Japan,Unknown,2022,Mountain View Data,33.2,2022-04-13,2022-04-13,1,2022,2022,2022
stack finance,200.0,200.0,1,Fintech,Bangalore,Bangalore,Karnataka,India,Unknown,2022,"Kuunknownl Shah, Sucseed Indovation Fund",37.35,2022-03-02,2022-03-02,4,2021,2022,2022
rentomojo,199.2,83.0,4,Online Furniture Home Appliances Rental,Bangalore,Bangalore,Karnataka,India,"Private Equity, Unknown","2015, 2017, 2020, 2021","Accel, Ain Capital Ventures, Bain Capital, Gmo Payment Gateway, Idg Ventures India, Reunknownud Laplanche, \\Xc2\\Xa0 Accel Partners India",116.2,2015-11-18,2021-11-21,"2, 3, 4","2015, 2017, 2019, 2021",2015,2021
wildermart,199.2,199.2,1,Food,Bangalore,Bangalore,Karnataka,India,Unknown,2022,Abhiunknownv Mathur And 17 Other Investors,3.32,2022-04-05,2022-04-05,1,2022,2022,2022
logically,199.2,199.2,1,Information Technology &,Mysore,Mysore,Karnataka,India,Unknown,2022,Vitruvian Partners,0.41,2022-03-14,2022-03-14,4,2021,2022,2022
crypso,199.2,199.2,1,Crypto Currency,Bangalore,Bangalore,Karnataka,India,Seed,2022,Better Capital And Jaynti Kaunknownni,45.65,2022-07-13,2022-07-13,2,2022,2022,2022
nephroplus,199.2,199.2,1,Hospital & Health Care,Hyderabad,Hyderabad,Telangana,India,Series E,2021,Iifl Asset Maunknowngement,1.95,2021-12-22,2021-12-22,3,2021,2021,2021
waterfield advisors,199.2,149.4,2,Fintech,Mumbai,Mumbai,Maharashtra,India,"Series B, Unspecified Round","2022, 2025","Jungle Ventures (Primary, Secondary Investment), Unknown",49.8,2022-02-06,2025-02-18,4,"2021, 2024",2022,2025
klub,199.2,166.0,3,Fintech,Unknown,Nan,Nan,Nan,"Pre-Seed, Unknown, Debt","2020, 2021","9Unicorns, Sequoia Capital India’S Surge, Sequoia Surge, Trifecta Capital",182.6,2020-01-19,2021-09-24,"2, 4","2019, 2021",2020,2021
avail finance,196.17,96.57,3,Fintech,Bangalore,Bangalore,Karnataka,India,"Series A, Series B, Debt","2019, 2020, 2021","Alphawave, Alteria Capital, Matrix Partners",171.27,2019-06-06,2021-05-14,"1, 2","2019, 2020, 2021",2019,2021
tinyowl,195.05,132.8,2,Other,Unknown,Nan,Nan,Nan,Private Equity,2015,"Matrix Partners, Nexus Venture Partners, Sequoia Capital",132.8,2015-02-16,2015-10-24,"3, 4","2014, 2015",2015,2015
vahak,193.39,151.89,2,Transportation,Bangalore,Bangalore,Karnataka,India,"Pre-Series A, Series A","2021, 2022","Rtp Global, Rtp Global And Iseed",41.5,2021-07-20,2022-06-20,"1, 2","2021, 2022",2021,2022
koovs,193.39,112.05,3,Ecommerce,Gurgaon,Gurgaon,Haryana,India,Private Equity,2016,"Existing Investors, Ht Media Ltd, Nahata Family, Times Of India Group, Waheed Alli",81.34,2016-01-14,2016-11-17,"1, 3, 4","2015, 2016",2016,2016
paysense,193.39,149.4,2,Consumer Internet,Mumbai,Mumbai,Maharashtra,India,Private Equity,"2017, 2018","Jungle Ventures, Others, Payu",43.99,2017-05-23,2018-07-23,"1, 2","2017, 2018",2017,2018
blissclub,193.19,143.59,3,Fashion,Bangalore,Bangalore,Karnataka,India,"Seed, Unknown, Other","2021, 2022, 2025","Elevation Capital, Sumer Juneja And Eight Roads Ventures",160.19,2021-05-14,2025-05-26,1,"2021, 2022, 2025",2021,2025
revv,193.14,118.44,2,Consumer Internet,Delhi,Delhi,Delhi,India,Private Equity,"2016, 2018","Dream Incubator, Edelweiss And Beenext, Edelweiss Private Equity, Hyundai, Sunjay Kapoor And Telama Investment",74.7,2016-12-12,2018-08-13,"2, 3","2016, 2018",2016,2018
filo,193.06,190.9,2,Edtech,Delhi,Delhi,Delhi,India,"Pre-Seed, Series A","2021, 2022","Anthos Capital, Better Capital",2.16,2021-02-28,2022-03-16,4,"2020, 2021",2021,2022
ramkrishna forgings,191.73,191.73,1,Auto > Auto Components,West Bengal,Nan,West Bengal,India,Ipo,2025,Unknown,182.6,2025-10-08,2025-10-08,3,2025,2025,2025
pi data centers,190.9,190.9,1,Technology,Hyderabad,Hyderabad,Telangana,India,Private Equity,2016,Epsilon Venture Partners,14.11,2016-12-11,2016-12-11,3,2016,2016,2016
hocco,190.9,107.9,2,Ice Cream,Ahmedabad,Ahmedabad,Gujarat,India,Series B,2025,"Chounknown Family Office And Sauce.Vc, Sauce",83.0,2025-05-10,2025-10-15,"1, 3",2025,2025,2025
helpshift,190.9,190.9,1,Technology,Pune,Pune,Maharashtra,India,Private Equity,2016,"Microsoft Ventures, Salesforce Ventures",2.45,2016-06-17,2016-06-17,1,2016,2016,2016
spyne,190.9,132.8,2,Software,Gurgaon,Gurgaon,Haryana,India,Series A,"2022, 2025","Accel, Alteria Capital, Pentathlon Ventures And Core91 Fund, Storm Ventures, Vertex Ventures",58.1,2022-04-22,2025-02-05,"1, 4","2022, 2024",2022,2025
eka mobility,190.9,190.9,1,Cleantech,Pune,Pune,Maharashtra,India,Unknown,2025,Eunknownm Holdings,161.85,2025-06-11,2025-06-11,1,2025,2025,2025
openfx,190.9,190.9,1,Fx Infrastructure,Us,Nan,Nan,Usa,Seed,2025,Accel,34.03,2025-05-11,2025-05-11,1,2025,2025,2025
skit,190.9,190.9,1,Ai,Bangalore,Bangalore,Karnataka,India,Series B,2021,Westbridge Capital,1.08,2021-09-25,2021-09-25,2,2021,2021,2021
emergent,190.9,190.9,1,Ai,Gurgaon,Gurgaon,Haryana,India,Series A,2025,Lightspeed Ventures,104.73,2025-09-04,2025-09-04,2,2025,2025,2025
tata housing,190.9,190.9,1,Real Estate,Mumbai,Mumbai,Maharashtra,India,Private Equity,2017,Hines,415.0,2017-12-06,2017-12-06,3,2017,2017,2017
pepper content,190.07,155.21,2,Content,Mumbai,Mumbai,Maharashtra,India,Series A,"2020, 2022","Alok Mittal, Bessemer Venture Partners And Gtmfund, Maunknownn Maheshwari",34.86,2020-10-10,2022-06-14,"1, 3","2020, 2022",2020,2022
exponent energy,189.24,147.74,2,Automotive,Bangalore,Bangalore,Karnataka,India,"Pre-Series A, Series A","2021, 2022","Lightspeed India Partners And Yournest Venture Capital, Yournest Vc",41.5,2021-12-04,2022-08-18,"2, 3","2021, 2022",2021,2022
fashinza,187.58,166.0,2,B2B Manufacturing,Gurgaon,Gurgaon,Haryana,India,"Seed, Series A",2021,"Accel, Elevation Capital",21.58,2021-01-01,2021-08-11,"2, 4","2020, 2021",2021,2021
impact analytics,187.16,180.94,2,Technology,Bangalore,Bangalore,Karnataka,India,"Private Equity, Series B","2016, 2022","Aarin Capital, Ashish Lakhanpal, Michael Herzig, The Argentum Group And The Argentum Group",6.22,2016-10-01,2022-10-11,3,"2016, 2022",2016,2022
growxcd,186.75,186.75,1,Fintech,Tamil Nadu,Nan,Tamil Nadu,India,Series B,2025,Blue Earth Capital / Lok Capital,3022.03,2025-10-22,2025-10-22,3,2025,2025,2025
sanlayan,186.0,186.0,1,Defence Electronics,Bangalore,Bangalore,Karnataka,India,Series A,2025,"And Shastra Vc, Gemba Capital, Singularity Ventures",17.43,2025-06-15,2025-06-15,1,2025,2025,2025
springboard,184.26,91.3,3,Data Science & Ux Design Learning,Bangalore,Bangalore,Karnataka,India,"Seed, Private Equity, Other","2015, 2017, 2020","500 Startups, Allen Blue, Blue Fog Capital, Costanoa, John Katzman, Jyoti Bansal, Kartik Hosaunknowngar, Kashyap Deorah, Learn Capital, Naveen Tewari, Reach Capital",92.96,2015-12-11,2020-01-11,"3, 4","2015, 2017, 2019",2015,2020
treebo hotels,182.6,132.8,2,Hospitality,Bangalore,Bangalore,Karnataka,India,"Unknown, Series D","2020, 2021","Accor, Ramesh Mangaleswaran, Saikiran Krishunknownmurthy",49.8,2020-10-03,2021-06-04,"1, 3","2020, 2021",2020,2021
inmed prognostics,182.6,182.6,1,Healthcare,Pune,Pune,Maharashtra,India,Seed,2022,. Exxora And Rich Research And Innovation Circle Of Hyderabad,2.08,2022-12-13,2022-12-13,3,2022,2022,2022
hiver,182.6,182.6,1,Computer Software,Bangalore,Bangalore,Karnataka,India,Series B,2022,"Kae Capital, Kalaari Capital",2.08,2022-03-23,2022-03-23,4,2021,2022,2022
flytxt,182.6,91.3,2,Big Data & Analytics,Mumbai,Mumbai,Maharashtra,India,Private Equity,"2015, 2017","Big Data Investments B.V, Dah Beteiligungs Gmbh, Sunrise Capital Gmbh",91.3,2015-07-18,2017-04-10,"1, 2","2015, 2017",2015,2017
cropin,182.6,166.0,2,Technology,Bangalore,Bangalore,Karnataka,India,"Private Equity, Series C","2016, 2021","Invested Development, Pratithi Investment Trust, Sophia Investment Aps",16.6,2016-08-26,2021-01-17,"2, 4","2016, 2020",2016,2021
vyome therapeutics,182.6,182.6,1,Healthcare,India,Nan,Nan,India,Series D,2019,"Iron Pillar, Perceptive Advisors, Romulus Capital And Kalaari Capital",16.6,2019-01-18,2019-01-18,4,2018,2019,2019
raise financial,182.6,182.6,1,Fintech,Mumbai,Mumbai,Maharashtra,India,Series A,2022,"Beenext, Mirae Asset Ventures",996.0,2022-01-25,2022-01-25,4,2021,2022,2022
shopup,182.6,182.6,1,Ecommerce,Bangaldesh,Nan,Nan,Nan,Series A,2020,"Flourish Ventures, Lonsdale Capital",7.99,2020-10-23,2020-10-23,3,2020,2020,2020
appnomic,182.6,182.6,1,Saas,Bangalore,Bangalore,Karnataka,India,Unknown,2020,Avataar Ventures,2.91,2020-01-28,2020-01-28,4,2019,2020,2020
dogsee chew,180.11,66.4,3,Food,Bangalore,Bangalore,Karnataka,India,"Pre-Series A, Series A, Series B","2021, 2022, 2025","Ektha.Com, Mankind Pharma, Poddar Family Office, Shivanssh Holdings, Sixth Sense Ventures",113.71,2021-11-17,2025-02-18,"3, 4","2021, 2024",2021,2025
skillmatics,179.3,129.5,2,Edtech,Mumbai,Mumbai,Maharashtra,India,"Series A, Series B","2021, 2022","Sequoia Capital, Sequoia Capital India And Sofiunknown",49.8,2021-06-25,2022-04-26,1,"2021, 2022",2021,2022
zest money,178.45,124.5,2,Consumer Internet,Mumbai,Mumbai,Maharashtra,India,"Private Equity, Series B","2016, 2020","Goldman Sachs., Payu",53.95,2016-12-20,2020-01-12,"3, 4","2016, 2019",2016,2020
naaptolcom,178.45,178.45,1,Teleshopping / Ecommerce,Mumbai,Mumbai,Maharashtra,India,Private Equity,2015,"Co, Existing Investors, Mitsui",431.6,2015-04-11,2015-04-11,1,2015,2015,2015
velocity,176.79,166.0,2,Fintech,Bangalore,Bangalore,Karnataka,India,"Seed, Series A",2021,Valar Ventures,10.79,2021-03-02,2021-11-16,"3, 4","2020, 2021",2021,2021
truefoundry,176.79,157.7,2,Software,Sanfrancisco,San Francisco,California,Usa,"Seed, Series A","2022, 2025","Cyan Banister, Dilip Khandelwal And Anthony Goldbloom, Eniac Ventures, Fortune 1000 Executives, Gokul Rajaram, Intel Capital, Jump Capital, Mohit Aron, Peak Xv’S Surge",19.09,2022-09-02,2025-02-17,"2, 4","2022, 2024",2022,2025
kazam,175.13,66.4,4,Ev,Bangalore,Bangalore,Karnataka,India,"Series B, Seed, Series A","2021, 2024, 2025","Alteria Capital, Avaaunknown Capital, India, Inflection Point Ventures, Interunknowntiounknownl Fiunknownnce Corporation, Vertex Ventures, Vertex Ventures Sea",125.33,2021-06-21,2025-06-26,"1, 2","2021, 2024, 2025",2021,2025
stanplus,175.13,166.0,2,Logistics,Hyderabad,Hyderabad,Telangana,India,"Private Equity, Series A","2017, 2022","Healthquad, Healthx Capital, Kalaari Capital, Kstart Capital",9.13,2017-10-20,2022-01-01,"3, 4","2017, 2021",2017,2022
webengage,175.13,175.13,1,Enterprise Software,Mumbai,Mumbai,Maharashtra,India,Series B,2022,Singularity Growth Opportunities Fund And Blume Ventures,3.11,2022-08-10,2022-08-10,2,2022,2022,2022
houseeazy,174.6,141.1,2,Real Estate,Noida,Noida,Uttar Pradesh,India,"Series A, Series B","2024, 2025","Accel, Antler, Chiratae Ventures, Ia, Veeunknown Jindal",33.5,2024-08-01,2025-10-07,"2, 3","2024, 2025",2024,2025
roadrunnr,174.3,91.3,2,Hyper Local Logistics,Bangalore,Bangalore,Karnataka,India,Private Equity,2015,"Blume Ventures, Nexus Venture Partners, Sequoia Capital",91.3,2015-07-08,2015-10-18,"2, 3",2015,2015,2015
arintra,174.3,174.3,1,Enterprise,Us,Nan,Nan,Usa,Series A,2025,Peak Xv Partners,6.5,2025-08-20,2025-08-20,2,2025,2025,2025
ibus,174.3,174.3,1,Telecommuncation,Bangalore,Bangalore,Karnataka,India,Unknown,2021,Morgan Stanley,8.3,2021-04-08,2021-04-08,1,2021,2021,2021
neogrowth,174.3,132.8,2,Fintech,Mumbai,Mumbai,Maharashtra,India,"Private Equity, Debt","2016, 2024","Aspada, Iifl Wealth Maunknowngement Seed Venture Fund, Khosla Impact, Omidyar Network, Symbiotics Group",132.8,2016-07-28,2024-11-10,"2, 3","2016, 2024",2016,2024
agnext,174.3,174.3,1,Agritech,Chandigarh,Chandigarh,Chandigarh,India,Series A,2021,Alpha Wave Incubation,24.48,2021-08-04,2021-08-04,2,2021,2021,2021
mpowered,174.3,174.3,1,Saas,Gurgaon,Gurgaon,Haryana,India,Pre-Series A,2020,"Ashok Nichani, Shelly Nichani",2033.5,2020-07-11,2020-07-11,2,2020,2020,2020
asia institute of medical science,174.3,174.3,1,Healthcare,Faridabad,Delhi,Haryana,India,Private Equity,2018,Cdc Group Plc,83.0,2018-02-08,2018-02-08,4,2017,2018,2018
tynor othontics,174.3,174.3,1,Healthcare,Chandigarh,Chandigarh,Chandigarh,India,Private Equity,2018,"Lighthouse Funds, Thuasne Participations",24.9,2018-06-14,2018-06-14,1,2018,2018,2018
isthara,173.47,173.47,1,Hospitality,Hyderabad,Hyderabad,Telangana,India,Series B,2022,Eagle Investments And Eagle Proprietary Investments,12.45,2022-10-04,2022-10-04,3,2022,2022,2022
origo,172.64,83.0,3,Agritech,Gurgaon,Gurgaon,Haryana,India,"Debt, Unknown","2020, 2021","Caspian Sme Impact Fund Iv, Northern Arc Capital, Oikocredit, Triodos Investment Maunknowngement, Yes Bank",89.64,2020-01-25,2021-02-03,"3, 4","2019, 2020",2020,2021
vflowtech,170.15,170.15,1,Vanadium Redox Flow Battery,Kolkata,Kolkata,West Bengal,India,Unspecified Round,2025,Granite Asia,83.0,2025-05-08,2025-05-08,1,2025,2025,2025
apnaco,170.15,103.75,2,Job Portal,Bangalore,Bangalore,Karnataka,India,"Series A, Unknown","2020, 2021","Lightspeed India, Rocketship.Vc, Sequoia Capital",66.4,2020-01-07,2021-03-10,4,"2019, 2020",2020,2021
awign,170.15,170.15,1,Ecommerce,Bangalore,Bangalore,Karnataka,India,Series B,2022,"Amicus Capital Partners And Michael, Susan Dell Foundation",43.16,2022-08-22,2022-08-22,2,2022,2022,2022
reliance retail,167.83,84.83,2,Ecommerce,Mumbai,Mumbai,Maharashtra,India,Unknown,2020,"Abu Dhabi Investment Authority, Gic, Silver Lake Partners",84.83,2020-01-10,2020-11-17,"3, 4","2019, 2020",2020,2020
kidbea,166.83,166.83,1,Fashion,Noida,Noida,Uttar Pradesh,India,Pre-Seed,2022,Divij Bajaj And Samiullah Shaik,1.0,2022-09-26,2022-09-26,2,2022,2022,2022
ecosoul,166.0,166.0,1,Ecommerce,Noida,Noida,Uttar Pradesh,India,Series B,2025,"Accel, Bajaj Fiunknownncial Securities",100.0,2025-09-15,2025-09-15,2,2025,2025,2025
papa pawsome,166.0,166.0,1,Industry,Thane,Mumbai,Maharashtra,India,Seed,2022,Mandar Joshi And Iti Growth Opportunities Fund,99.6,2022-09-07,2022-09-07,2,2022,2022,2022
knowlarity,166.0,166.0,1,Consumer Internet,Bangalore,Bangalore,Karnataka,India,Private Equity,2016,"Blacksoil, Delta Partners, Sequoia India, Trifecta Capital, \\Xc2\\Xa0 Mayfield",24.9,2016-11-07,2016-11-07,3,2016,2016,2016
indkal,166.0,166.0,1,Ecommerce,Bangalore,Bangalore,Karnataka,India,Unknown,2025,Unknown,124.5,2025-09-13,2025-09-13,2,2025,2025,2025
yellow messenger,166.0,166.0,1,Ai,Bangalore,Bangalore,Karnataka,India,Series B,2020,Lightspeed,10.79,2020-04-04,2020-04-04,1,2020,2020,2020
gobolt,166.0,166.0,1,Logistics,Gurgaon,Gurgaon,Haryana,India,Series B,2021,"Aavishkaar Capital, Paragon Partners",24.07,2021-06-11,2021-06-11,1,2021,2021,2021
healthify,166.0,166.0,1,Healthcare,Bangalore,Bangalore,Karnataka,India,Unspecified Round,2024,"Khosla Ventures, Leapfrog Investments",224.1,2024-10-19,2024-10-19,3,2024,2024,2024
ndtv wedding portal,166.0,166.0,1,Online Wedding,Delhi,Delhi,Delhi,India,Private Equity,2015,Cerracap,83.0,2015-12-04,2015-12-04,3,2015,2015,2015
faasoxe2x80x99s,166.0,166.0,1,Other,Unknown,Nan,Nan,Nan,Private Equity,2015,Lightbox Ventures,301.29,2015-02-08,2015-02-08,4,2014,2015,2015
gojavas,166.0,166.0,1,Delivery & Logistics,Gurgaon,Gurgaon,Haryana,India,Private Equity,2015,Sunknownpdeal,0.62,2015-10-02,2015-10-02,3,2015,2015,2015
wonderchef,166.0,166.0,1,Consumer Goods,Mumbai,Mumbai,Maharashtra,India,Unknown,2021,"Godrej Family Office, Malpani Group, Sixth Sense Ventures",33.2,2021-11-14,2021-11-14,3,2021,2021,2021
unifyapps,166.0,166.0,1,Enterprise Ai,Gurgaon,Gurgaon,Haryana,India,Series A,2024,"Elevation Capital, Iconiq Growth",124.5,2024-11-09,2024-11-09,3,2024,2024,2024
primus senior living,166.0,166.0,1,Elder Care,Bangalore,Bangalore,Karnataka,India,Seed,2024,"General Catalyst, Gruhas, Nikhil Kamath (Zerodha)",16.6,2024-10-05,2024-10-05,3,2024,2024,2024
shopos,166.0,166.0,1,Ai,Ahmedabad,Ahmedabad,Gujarat,India,Seed,2025,3State Ventures,1.66,2025-06-27,2025-06-27,1,2025,2025,2025
kuhoo,166.0,166.0,1,Fintech,Mumbai,Mumbai,Maharashtra,India,Seed,2022,West Bridge,0.66,2022-03-08,2022-03-08,4,2021,2022,2022
mebelkart,166.0,166.0,1,Online Furniture,Bangalore,Bangalore,Karnataka,India,Private Equity,2015,Askme,0.83,2015-08-20,2015-08-20,2,2015,2015,2015
the eplane,166.0,116.2,3,Drone,Chennai,Chennai,Tamil Nadu,India,"Seed, Pre-Series A, Series B","2021, 2022, 2024","Antares Ventures, Farid Ahsan, Java Capital, Micelio, Micelio Mobility, Naval Ravikant, Others, Speciale Invest",49.8,2021-03-21,2024-11-20,"3, 4","2020, 2021, 2024",2021,2024
noise,166.0,166.0,1,Wearables,Gurgaon,Gurgaon,Haryana,India,Unspecified Round,2025,Bose Corporation,64.0,2025-04-10,2025-04-10,1,2025,2025,2025
greenline mobility,166.0,166.0,1,Green Logistics,Surat,Surat,Gujarat,India,Unknown,2025,Nikhil Kamath,498.0,2025-04-14,2025-04-14,1,2025,2025,2025
just buy live,166.0,166.0,1,Ecommerce,Mumbai,Mumbai,Maharashtra,India,Private Equity,2016,Alpha Capital,1044.14,2016-01-12,2016-01-12,4,2015,2016,2016
nodwin,166.0,166.0,1,Gaming,Gurgaon,Gurgaon,Haryana,India,Unknown,2021,Krafton,1.22,2021-03-02,2021-03-02,4,2020,2021,2021
groupon,166.0,166.0,1,Other,Unknown,Nan,Nan,Nan,Private Equity,2015,Sequoia Capital,96.28,2015-03-03,2015-03-03,4,2014,2015,2015
adda247,166.0,166.0,1,Edtech,Gurgaon,Gurgaon,Haryana,India,Series B,2021,Westbridge Capital,80.51,2021-11-09,2021-11-09,3,2021,2021,2021
awfis,166.0,166.0,1,Consumer Internet,Mumbai,Mumbai,Maharashtra,India,Private Equity,2017,Sequoia India,1.22,2017-04-22,2017-04-22,1,2017,2017,2017
vahdam,166.0,166.0,1,Food,Delhi,Delhi,Delhi,India,Series D,2021,Iifl Amc,1.66,2021-09-14,2021-09-14,2,2021,2021,2021
housingcom,166.0,124.5,2,Consumer Internet,Mumbai,Mumbai,Maharashtra,India,Private Equity,2016,"Softbank, Softbank Corp",124.5,2016-01-02,2016-11-26,"3, 4","2015, 2016",2016,2016
epack prefab,166.0,166.0,1,Preengineered Buildings,Greater Noida,Nan,Nan,Nan,Initial Funding,2024,Gef Capital Partners,9.96,2024-12-13,2024-12-13,3,2024,2024,2024
colive,166.0,166.0,1,Real Estate,Bangalore,Bangalore,Karnataka,India,Series B,2025,Bain Capital,83.0,2025-09-25,2025-09-25,2,2025,2025,2025
kult,166.0,166.0,1,Beauty,Mumbai,Mumbai,Maharashtra,India,Series A,2025,M3M Family Office,462.65,2025-04-16,2025-04-16,1,2025,2025,2025
centricity,166.0,166.0,1,Fintech,Gurgaon,Gurgaon,Haryana,India,Seed,2024,"Burman Family Office, Lightspeed, Ms Dhoni Family Office, Paramark Vc",20.0,2024-09-10,2024-09-10,2,2024,2024,2024
newgen software,166.0,166.0,1,Technology,Delhi,Delhi,Delhi,India,Private Equity,2018,"Goldman Sachs, Hedge Fund, Others",2.02,2018-01-09,2018-01-09,4,2017,2018,2018
coinshift,166.0,145.25,2,Blockchain,Chandigarh,Chandigarh,Chandigarh,India,"Seed, Unknown","2021, 2022","Sandeep Nailwal, Sequoia Capital, Volt Capital And Polygon Studios",20.75,2021-09-02,2022-05-27,"1, 2","2021, 2022",2021,2022
capillary,166.0,166.0,1,It,Bangalore,Bangalore,Karnataka,India,Private Equity,2018,"Sequoia Capital, Wargburg Pincus",41.5,2018-02-02,2018-02-02,4,2017,2018,2018
allygrow,166.0,166.0,1,Engineering,Mumbai,Mumbai,Maharashtra,India,Private Equity,2015,Zodius Technology Fund,2.9,2015-08-24,2015-08-24,2,2015,2015,2015
asperai,166.0,166.0,1,Ai,Bangalore,Bangalore,Karnataka,India,Unknown,2025,Fractal,14.11,2025-03-26,2025-03-26,4,2024,2025,2025
yap,165.61,83.0,4,Api,Chennai,Chennai,Tamil Nadu,India,"Series A, Unknown, Series B","2020, 2021","Amrish Rau, Beenext, Better Capital, Jitendra Gupta, Kuunknownl Shah",82.61,2020-01-09,2021-03-25,"1, 4","2019, 2020",2020,2021
bhanzu,164.34,136.95,3,Edtech,Hyderabad,Hyderabad,Telangana,India,"Seed, Series A, Unspecified Round","2022, 2024","Epiq Capital, Lightspeed Venture Partners And Eight Roads Ventures, Maninder Gulati, Nitin Gupta",27.39,2022-02-28,2024-11-15,"2, 3, 4","2021, 2022, 2024",2022,2024
appsdaily,163.92,132.8,2,Other,Unknown,Nan,Nan,Nan,Private Equity,"2015, 2016","Kalaari Capital, Mumbai Angels, Qualcomm Ventures, Russian Venture Capital Fund Ruunknownnet, Ruunknownnet, Zodius Capital, \\Xc2\\Xa0 Qualcomm Ventures",132.8,2015-03-08,2016-10-14,"3, 4","2014, 2016",2015,2016
eka care,161.85,161.85,1,Healthcare,Bangalore,Bangalore,Karnataka,India,Series A,2022,Mirae Asset Global Investments And Verlinvest,473.1,2022-07-13,2022-07-13,2,2022,2022,2022
spandana sphoorty,161.85,161.85,1,Fintech,Hyderabad,Hyderabad,Telangana,India,Private Equity,2017,"""Kedaraa Capital, Ontario Teachers\\'""",4.15,2017-12-21,2017-12-21,3,2017,2017,2017
healthplix,161.85,112.05,2,Healthcare,Bangalore,Bangalore,Karnataka,India,Series B,"2020, 2021","Chiratae Ventures, Jsw Ventures, Kalaari Capital",49.8,2020-06-02,2021-03-28,"1, 4",2020,2020,2021
mooofarm,161.85,137.78,3,Agritech,Gurgaon,Gurgaon,Haryana,India,"Pre-Seed, Seed, Series A","2020, 2022","Accel, Accel And Aditya Birla Ventures, Navus Ventures, Rockstart",24.07,2020-11-14,2022-12-07,"3, 4","2020, 2021, 2022",2020,2022
igenetics,161.85,161.85,1,Healthcare,Mumbai,Mumbai,Maharashtra,India,Private Equity,2017,Cdc Group Plc,8.3,2017-03-04,2017-03-04,4,2016,2017,2017
altum credo,161.02,161.02,1,Fintech,Pune,Pune,Maharashtra,India,Unknown,2025,British Interunknowntiounknownl Investment,12.62,2025-08-08,2025-08-08,2,2025,2025,2025
bgauss,161.0,161.0,1,Electric Twowheeler Manufacturing,Pune,Pune,Maharashtra,India,Unspecified Round,2025,Bharat Value Fund (Bvf),16.6,2025-01-06,2025-01-06,4,2024,2025,2025
basic home loan,158.53,87.98,3,Fintech,Gurgaon,Gurgaon,Haryana,India,"Seed, Series A, Series B","2020, 2021, 2024","9 Unicorns, And Others, Bertelsmann India Investments, Ceunknownventures, Gruhas, Gruhas Proptech, Picus Capital, Venture Catalysts",70.55,2020-10-20,2024-10-24,3,"2020, 2021, 2024",2020,2024
bridgetown research,157.7,157.7,1,Saas,Bangalore,Bangalore,Karnataka,India,Unspecified Round,2025,"Accel, Lightspeed",2.9,2025-02-27,2025-02-27,4,2024,2025,2025
simply nam,157.7,157.7,1,Beauty,Mumbai,Mumbai,Maharashtra,India,Unknown,2025,Bhaane Group,58.1,2025-05-04,2025-05-04,1,2025,2025,2025
ecostp,157.7,157.7,1,Sanitation,Bangalore,Bangalore,Karnataka,India,Unknown,2020,Terwilliger Centre,166.0,2020-10-20,2020-10-20,3,2020,2020,2020
appario retail,156.37,156.37,1,Ecommerce,Delhi,Delhi,Delhi,India,Private Equity,2018,Amazonunknownpatni Jv,139.44,2018-01-12,2018-01-12,4,2017,2018,2018
oben electric,153.75,95.45,3,Automotive,Bangalore,Bangalore,Karnataka,India,"Series A, Seed","2022, 2025","Ambis Holding Us, Helios Holdings, Karimjee Group, Kay Family, Krishunknown Bhupal, Kuberan Ventures, Mission Vertical, Others, Pravek Kalp Family Office, Sanjeev Saraf Family Office, Shajikumar Devakar, Sharda Family Office",58.3,2022-01-08,2025-06-10,"1, 4","2021, 2024, 2025",2022,2025
uni,153.55,153.55,1,Fintech,Mumbai,Mumbai,Maharashtra,India,Seed,2020,"Accel, Lightspeed",103.75,2020-10-19,2020-10-19,3,2020,2020,2020
okcredit,152.35,128.65,2,Fintech,Haryana,Nan,Haryana,India,"Series A, Unknown","2019, 2022","Google For Startups And Lightspeed India Partners, Tiger Global Maunknowngement",128.65,2019-06-24,2022-04-13,1,"2019, 2022",2019,2022
aukera,151.2,124.5,2,Labgrown Jewellery,Bangalore,Bangalore,Karnataka,India,"Series A, Series B","2024, 2025","Alteria Capital, Fireside Ventures, Peak Xv Partners, Prath Ventures, Sparrow Capital",26.7,2024-08-12,2025-07-14,2,"2024, 2025",2024,2025
eduvanz,150.02,83.0,3,Fintech,Mumbai,Mumbai,Maharashtra,India,"Series A, Debt, Bridge","2020, 2021, 2025","Capria Fund, Incred Fiunknownncial Services, Juvo Ventures, Northern Arc Capital, Peak Xv, Sequoia India, Unitus Ventures, Vivriti Capital",124.5,2020-08-02,2025-02-09,"2, 4","2020, 2024",2020,2025
oloid,149.4,99.6,2,Computer Software,Bangalore,Bangalore,Karnataka,India,Series A,"2022, 2024","Carya Ventures, Dell Technologies Capital, Exposition Ventures, George Kaiser Family Foundation, Yaletown Partners",99.6,2022-02-07,2024-10-06,"3, 4","2021, 2024",2022,2024
craftstvilla,149.4,149.4,1,Ethnic Product Ecommerce,Mumbai,Mumbai,Maharashtra,India,Private Equity,2015,"Gfc, Lightspeed Ventures, Nexus Venture Partners, Sequoia Capital",14.11,2015-04-28,2015-04-28,1,2015,2015,2015
onecode,149.4,107.9,2,Internet,Bangalore,Bangalore,Karnataka,India,"Unknown, Series A","2021, 2022","General Catalyst, Nexus Venture Partners, Sequoia’S Surge",41.5,2021-07-24,2022-03-04,"2, 4",2021,2021,2022
lovelocal,149.4,149.4,1,Retail,Mumbai,Mumbai,Maharashtra,India,Other,2021,Vulcan Capital,6.22,2021-10-14,2021-10-14,3,2021,2021,2021
innonano research,149.4,149.4,1,Technology,Chennai,Chennai,Tamil Nadu,India,Private Equity,2016,Nanoholdings,43.16,2016-05-16,2016-05-16,1,2016,2016,2016
travel triangle,149.4,83.0,2,Online Travel,Noida,Noida,Uttar Pradesh,India,Private Equity,"2015, 2017","Bessemer Venture Partners, Rb Investments, Saif Partners",66.4,2015-04-12,2017-02-03,"1, 4","2015, 2016",2015,2017
jiffy ai,149.4,149.4,1,Ai,Unknown,Nan,Nan,Nan,Series A,2020,Nexus Venture Partners,2.82,2020-06-06,2020-06-06,1,2020,2020,2020
nepra,149.4,149.4,1,Cleantech,Ahmedabad,Ahmedabad,Gujarat,India,Series C,2020,"Aavishkaar Venture Capital, Asha Impact",199.2,2020-11-04,2020-11-04,3,2020,2020,2020
ketos,149.4,149.4,1,Ai,San Francisco,San Francisco,California,Usa,Unknown,2020,"Citi Ventures, Illumiunknownted Funds Group",3.66,2020-10-22,2020-10-22,3,2020,2020,2020
culture machine,149.4,149.4,1,Other,Unknown,Nan,Nan,Nan,Private Equity,2015,"Tiger Global, Times Internet, Zodius Capital",16.6,2015-02-17,2015-02-17,4,2014,2015,2015
mufin green,149.4,149.4,1,Ev Financier,Delhi,Delhi,Delhi,India,Debt,2025,Usunknownbased Institution,15.0,2025-05-22,2025-05-22,1,2025,2025,2025
splashlearn,149.4,149.4,1,Edtech,Gurgaon,Gurgaon,Haryana,India,Series C,2021,"Accel, Owl Ventures",6.21,2021-02-01,2021-02-01,4,2020,2021,2021
khetika,149.4,149.4,1,Ecommerce,Bangalore,Bangalore,Karnataka,India,Series B,2025,"Anicut Capital, Narotam Sekhsaria Family Office",7.05,2025-07-23,2025-07-23,2,2025,2025,2025
uppercase,149.4,74.7,2,Luggage,Bangalore,Bangalore,Karnataka,India,"Unspecified Round, Series B",2024,Accel,74.7,2024-08-25,2024-09-14,2,2024,2024,2024
superk,147.74,95.45,3,Retail,Small Towns,Nan,Nan,Nan,"Seed, Pre-Series A, Series B","2021, 2022, 2025","021 Capital, 3State Ventures, Strive Vc",52.29,2021-04-17,2025-07-15,"1, 2, 4","2021, 2025",2021,2025
phyllo,147.74,147.74,1,Software,Sanfrancisco,San Francisco,California,Usa,Series A,2022,Sima Gandhi And Nexus Venture Partners,22.41,2022-08-10,2022-08-10,2,2022,2022,2022
setu,147.4,118.35,2,Fintech,Bangalore,Bangalore,Karnataka,India,"Seed, Series A","2019, 2020","Bharat Inclusive Technologies Seed Fund., Falcon Edge, Lightspeed, Lightspeed Venture",29.05,2019-04-14,2020-04-22,1,"2019, 2020",2019,2020
sistemabio,147.23,124.5,2,Agritech,Nairobi,Nairobi,Nan,Kenya,"Unknown, Unspecified Round","2019, 2024","Alpha Mundi, And Lendahand, Axa Im Alts, Chroma Impact Investment, Cocapital, Dila Capital, Ecoenterprise Fund, Edfimc (Electrifi), Electrifi, Endeavor Catalyst Fund, Engie Rde Fund, Kawisafi Ventures, Shell Foundation, Triodos",22.73,2019-06-12,2024-10-26,"1, 3","2019, 2024",2019,2024
handpickd,145.5,124.5,2,Online Grocery,Delhi,Delhi,Delhi,India,"Seed, Series A",2025,"Beenext, Bertelsmann India Investments, Genesia Ventures",21.0,2025-06-25,2025-09-12,"1, 2",2025,2025,2025
ultrahuman,145.25,145.25,1,Healthcare,Bangalore,Bangalore,Karnataka,India,Unknown,2021,Tiger Global’S Scott Schleifer,4.15,2021-08-01,2021-08-01,2,2021,2021,2021
powerplay,145.25,102.09,2,Construction,Bangalore,Bangalore,Karnataka,India,"Unknown, Series A","2021, 2022","Accel, Kuunknownl Bahl And India Quotient, Sequoia’S Surge",43.16,2021-07-24,2022-09-16,2,"2021, 2022",2021,2022
invideo,145.25,124.5,2,Visual Media,Unknown,Nan,Nan,Nan,"Unknown, Series A",2020,"Base Partners, Sequoia Capital, Sequoia Capital’S Surge",20.75,2020-02-20,2020-10-18,"3, 4","2019, 2020",2020,2020
frigate,145.25,145.25,1,Manufacturing,Tiruchirappall,Tiruchirappalli,Tamil Nadu,India,Unknown,2022,Abhishek Pandey And Sriunknownth Ramakkrushunknownn,16.6,2022-04-07,2022-04-07,1,2022,2022,2022
simility,145.25,145.25,1,Technology,Hyderabad,Hyderabad,Telangana,India,Private Equity,2017,Accel,9.96,2017-12-03,2017-12-03,3,2017,2017,2017
innov8,143.2,110.0,2,Real Estate,Delhi,Delhi,Delhi,India,"Pre-Series A, Other","2018, 2025","Credence Family Office, Gauri Khan, Jagruti Dalmia, Mankind Pharma, Rupa Group",33.2,2018-10-01,2025-01-12,"3, 4","2018, 2024",2018,2025
frontrow,142.76,116.2,2,Edtech,Bangalore,Bangalore,Karnataka,India,"Seed, Series A","2020, 2021","Deepika Padukone, Eight Roads Ventures, Elevation, Gsv, Lightspeed",26.56,2020-11-14,2021-09-12,"2, 3","2020, 2021",2020,2021
availfinance,142.76,142.76,1,Consumer Internet,Bangalore,Bangalore,Karnataka,India,Private Equity,2018,"Ankit Bhati, Bhavish Aggarwal, Binny Bansal, Kuunknownl Shah And Manish Patel., Matrix Partners",196.17,2018-03-15,2018-03-15,4,2017,2018,2018
disprz,141.93,107.9,3,It,Chennai,Chennai,Tamil Nadu,India,"Other, Series B","2018, 2020, 2021","Dallas Venture Capital, Fs Private Equity, Il, Innoven Capital, Kae Capital, Mars Growth Capital, Others, Xseed Partners",34.03,2018-05-15,2021-11-09,"1, 3","2018, 2020, 2021",2018,2021
grayquest,141.3,80.0,3,Edtech,Mumbai,Mumbai,Maharashtra,India,"Pre-Series A, Series B, Other","2020, 2024, 2025","Claypond Capital (Ranjan Pai Family Office), Foundation Holdings, Iifl Fintech Fund, Pravega Fund, Pravega Ventures",61.3,2020-08-11,2025-01-14,"2, 4","2020, 2024",2020,2025
dukaan,141.1,91.3,2,Technology,Mumbai,Mumbai,Maharashtra,India,"Seed, Series A","2020, 2021","9Unicorns, Hof Capital, Letsventure, Lightspeed, Matrix Partners, Old Well Ventures",49.8,2020-10-27,2021-09-25,"2, 3","2020, 2021",2020,2021
wingreens farms,141.1,141.1,1,Food,Gurgaon,Gurgaon,Haryana,India,Unknown,2021,"Investcorp, Omidyar Network",4.15,2021-11-20,2021-11-20,3,2021,2021,2021
berar finance,141.1,141.1,1,Fintech,Maharashtra,Nan,Maharashtra,India,Private Equity,2025,Abler Nordic,24.9,2025-10-21,2025-10-21,3,2025,2025,2025
playshifu,141.1,141.1,1,Edtech,Bangalore,Bangalore,Karnataka,India,Series B,2021,"Bharat Innovation Fund, Chiratae Ventures",4.15,2021-04-24,2021-04-24,1,2021,2021,2021
black soil,141.1,141.1,1,Fintech,Mumbai,Mumbai,Maharashtra,India,Private Equity,2018,"Allcargo Logistics, Navneet Education And Mahavir Agency",5804.85,2018-07-15,2018-07-15,2,2018,2018,2018
superopsai,141.1,116.2,2,Ai,Chennai,Chennai,Tamil Nadu,India,"Seed, Series A","2021, 2022","Addition, Elevation Capital, Ramakant Sharma, Tanglin Ventures",24.9,2021-05-14,2022-01-09,"1, 4",2021,2021,2022
vyomo,141.1,124.5,2,Beauty & Lifestyle Mobile,Bangalore,Bangalore,Karnataka,India,Private Equity,"2015, 2016","Naturals Salon Chain, Rocket Internet",16.6,2015-08-19,2016-04-04,"1, 2","2015, 2016",2015,2016
oziva,141.1,99.6,2,Nutrition,Unknown,Nan,Nan,Nan,"Series A, Series B","2020, 2021","Eight Roads Ventures India, Funknownprime Capital, Matrix Partners",41.5,2020-06-10,2021-03-21,"1, 4",2020,2020,2021
increff,141.1,99.6,3,Technology,Bangalore,Bangalore,Karnataka,India,"Seed, Series A, Series B","2017, 2019, 2022","021 Capita, Anshuman Das, Binny Bansal, Grey Orange, Premji Invest, Rajesh Ramaiah, Rishi Das, Sequoia Capital, Tvs Capital Funds",41.5,2017-07-18,2022-02-01,"1, 2, 4","2017, 2019, 2021",2017,2022
ekincare,141.03,124.5,4,Other,Unknown,Nan,Nan,Nan,"Private Equity, Seed, Series B","2015, 2016, 2018, 2022","Adroitent Pvt. Ltd., Anshoo Gaur, Bitchemy Ventures, Bvr Mohan Reddy, Eight Roads Ventures, Endiya Partners, Healthquad, Maheshwari Investments Pvt Ltd, Rama Krishunknown Reddy, Sabre Partners, Sandeep Seerapu, Touchstone Equities, Ventureast",16.53,2015-01-23,2022-03-05,4,"2014, 2015, 2017, 2021",2015,2022
cashe,140.27,83.0,3,Consumer Internet,Mumbai,Mumbai,Maharashtra,India,"Private Equity, Debt, Unknown","2017, 2022","Florintree Advisors, Ifmr Capital, Mathew Cyriac, Tslc",57.27,2017-04-12,2022-01-21,"1, 3, 4","2017, 2021",2017,2022
bombay shaving,140.27,49.8,5,Ecommerce,Delhi,Delhi,Delhi,India,"Unknown, Seed, Private Equity","2016, 2017, 2021, 2022","Colgate Palmolive, Fireside Ventures, Gulf Islamic Investments, Kiran Deshpande, Kuldeep Jain, Noshir Kaka, Others, Pankaj Gupta, Rajesh Sud, Ravi Nigam, Sixth Sense Ventures, Subramanian Ramadorai",90.47,2016-08-21,2022-02-03,"2, 4","2016, 2017, 2020, 2021",2016,2022
apnaklub,139.44,110.39,2,Wholesale,Bangalore,Bangalore,Karnataka,India,"Seed, Unknown","2021, 2022","Sequoia’S Surge, Tiger Global Maunknowngement And Google For Startups",29.05,2021-08-10,2022-05-10,"1, 2","2021, 2022",2021,2022
bidgely,137.78,137.78,1,Efficient Energy Management,Usa,Nan,Nan,Usa,Private Equity,2015,"Constellation Technology Ventures (Exelon Corporation), E.On, Khosla Ventures, Rwe",21.58,2015-11-18,2015-11-18,3,2015,2015,2015
emiza,137.35,100.0,2,Logistics,Mumbai,Mumbai,Maharashtra,India,"Private Equity, Series C","2017, 2025","Dileep Nath, Evolvence India, Mayfield, Mirabilis Investment Trust, Nishant Rao",37.35,2017-04-17,2025-01-07,"1, 4","2017, 2024",2017,2025
hexahealth,136.95,99.6,2,Healthcare,Mumbai,Mumbai,Maharashtra,India,"Seed, Series A","2021, 2025","Chiratae Ventures, Omidyar Network India, Orios Venture Partners And 3One4 Capital",37.35,2021-09-05,2025-04-27,"1, 2","2021, 2025",2021,2025
itzcash,136.95,136.95,1,Other,Unknown,Nan,Nan,Nan,Private Equity,2015,Ashok Goel (Promoter),41.5,2015-02-09,2015-02-09,4,2014,2015,2015
wint wealth,136.12,136.12,1,Fintech,Nashik,Nashik,Maharashtra,India,Unknown,2022,Jj Beshara Angel And 3One4 Capital,141.1,2022-05-15,2022-05-15,1,2022,2022,2022
innovist,136.0,136.0,1,Beauty Products,Gurgaon,Gurgaon,Haryana,India,Series B,2025,Icici Venture,5.0,2025-04-08,2025-04-08,1,2025,2025,2025
letstransport,135.63,99.6,4,Logistics,Bangalore,Bangalore,Karnataka,India,"Unknown, Seed, Series C","2015, 2018, 2020","Ankush Nijhawan, Black Soil, Fosun Interunknowntiounknownl, Gaurav Bhatunknowngar, Innoven Capital, Manish Dhingra, Rebright Partners",124.62,2015-08-12,2020-06-23,"1, 2, 3","2015, 2018, 2020",2015,2020
wheelocity,134.46,124.5,2,Warehousing,Chennai,Chennai,Tamil Nadu,India,Series A,"2022, 2024","Alteria Capital, Anicut Capital, Company’S Founder, Lightspeed, Lightspeed India Partners And Anicut Capital",9.96,2022-07-16,2024-11-02,"2, 3","2022, 2024",2022,2024
infeedo,133.63,99.6,4,Consumer Internet,Gurgaon,Gurgaon,Haryana,India,"Unknown, Seed, Series A","2016, 2020, 2022","Ambarish Gupta, Ameera Shah, Anupam Mittal, Dheeraj Jain, Jungle Ventures, Palash Jain, Peyush Bansal, Rahul Singh, Ritesh Malik, Tiger Global, Y Combiunknowntor, \\Xc2\\Xa0 Vivek Bhargava",34.03,2016-09-21,2022-03-27,"2, 3, 4","2016, 2020, 2021",2016,2022
mesh,133.63,133.63,1,Enterprise Software,San Jose,San Jose,California,Usa,Series A,2022,Ankit Nagori And Sumon Sadhu,622.5,2022-04-19,2022-04-19,1,2022,2022,2022
eloelo,133.48,112.05,4,Social Commerce,Bangalore,Bangalore,Karnataka,India,"Seed, Pre-Series A, Other","2020, 2021, 2022, 2025","Akshay Dubey, Lumikai, Play Ventures, Saurabh Pandey, Unknown, Waterbridge",21.43,2020-01-05,2025-04-03,"1, 2, 4","2019, 2021, 2022, 2025",2020,2025
droomin,132.8,132.8,1,Used Vehicle,Delhi,Delhi,Delhi,India,Private Equity,2015,"Beenos, Lightbox Ventures",4614.8,2015-07-09,2015-07-09,2,2015,2015,2015
pickrr,132.8,99.6,2,Logistics,Delhi,Delhi,Delhi,India,"Unknown, Series B","2020, 2021","Amicus Capital, Aunknownnta Capital, Iifl, Swastika",33.2,2020-12-27,2021-08-09,"2, 3","2020, 2021",2020,2021
onecell diagnostics,132.8,132.8,1,Cancer Diagnostics,Pune,Pune,Maharashtra,India,Series A,2024,"Cedars Siunknowni, Celesta Capital, Eragon, Singularity Ventures, Teunknowncity Ventures",1079.0,2024-11-20,2024-11-20,3,2024,2024,2024
la renon,132.8,132.8,1,Global Healthcare Products,Ahmedabad,Ahmedabad,Gujarat,India,Private Equity,2015,Sequoia Capital,62.25,2015-06-25,2015-06-25,1,2015,2015,2015
nearbuy previouslyxc2xa0 groupon,132.8,132.8,1,Hyperlocal Ecommerce,Delhi,Delhi,Delhi,India,Private Equity,2015,Sequoia Capital,20.75,2015-08-10,2015-08-10,2,2015,2015,2015
motovolt mobility,132.8,132.8,1,Electrical Automobiles,Unknown,Nan,Nan,Nan,Seed,2022,Vikrampati Singhania And Wami Capita,365.2,2022-11-24,2022-11-24,3,2022,2022,2022
rapidcanvas,132.8,132.8,1,Ai,Austin,Austin,Texas,Usa,Series A,2024,"Accel, Peak Xv Partners, Titanium Ventures, Valley Capital Partners",37.35,2024-12-14,2024-12-14,3,2024,2024,2024
ezyhaul,132.8,132.8,1,Technology,Singapore,Nan,Nan,Singapore,Series B,2019,Unknown,3.32,2019-07-11,2019-07-11,2,2019,2019,2019
rentalpha,132.8,132.8,1,Other,Mumbai,Mumbai,Maharashtra,India,Private Equity,2016,Bravia Capital,19.92,2016-10-18,2016-10-18,3,2016,2016,2016
aryaka,132.8,132.8,1,Other,Unknown,Nan,Nan,Nan,Private Equity,2015,"Interwest Partners, Mohr Davidow Ventures, Presidio Ventures, Trinity Ventures",6.22,2015-03-03,2015-03-03,4,2014,2015,2015
akosha,132.8,132.8,1,Business Messaging,Delhi,Delhi,Delhi,India,Private Equity,2015,Sequoia Capital,9.96,2015-05-13,2015-05-13,1,2015,2015,2015
swish,132.8,116.2,2,10Minute Food Delivery,Bangalore,Bangalore,Karnataka,India,"Initial Funding, Series A","2024, 2025","Accel, Hara Global Capital",16.6,2024-11-13,2025-03-04,"3, 4",2024,2024,2025
carbon clean,132.8,132.8,1,Cleantech,Unknown,Nan,Nan,Nan,Unknown,2020,"Chevron Technology Ventures, Marubeni Corporation., Wave Equity Partners",10.79,2020-02-20,2020-02-20,4,2019,2020,2020
storeking,132.8,132.8,1,Ecommerce,Bangalore,Bangalore,Karnataka,India,Private Equity,2016,Axiata Digital,4.0,2016-06-24,2016-06-24,1,2016,2016,2016
complement1,132.8,132.8,1,Healthcare,Us,Nan,Nan,Usa,Seed,2025,Owl Ventures And Blume Ventures,3.32,2025-05-10,2025-05-10,1,2025,2025,2025
speakx,132.8,132.8,1,Edtech > Continued Learning,Haryana,Nan,Haryana,India,Series B,2025,Westbridge Capital,33.2,2025-10-12,2025-10-12,3,2025,2025,2025
wonderland foods,132.8,132.8,1,Food & Agriculture > Food & Beverage Products,Delhi,Delhi,Delhi,India,Series B,2025,Asha,166.0,2025-10-04,2025-10-04,3,2025,2025,2025
earlysalary,130.31,130.31,1,Fintech,Pune,Pune,Maharashtra,India,Other,2018,Eight Roads Ventures India,39.67,2018-01-26,2018-01-26,4,2017,2018,2018
loantap,129.65,52.21,4,Consumer Internet,Mumbai,Mumbai,Maharashtra,India,"Private Equity, Series B, Venture Debt","2016, 2017, 2025","And Mas Fiunknownncial Services Ltd, Dr. Abhishek Pandey, Ifmr, India Quotient, Jaysukh Sapra, July Ventures, Kae Capital, Unknown",110.31,2016-08-05,2025-06-04,"1, 2","2016, 2017, 2025",2016,2025
universal sportsbiz,128.9,124.5,2,Ecommerce,Mumbai,Mumbai,Maharashtra,India,"Private Equity, Unknown","2017, 2020","Accel, Nb Ventures",124.5,2017-11-18,2020-07-28,"2, 3","2017, 2020",2017,2020
quizizz,128.65,103.75,2,Edtech,Bangalore,Bangalore,Karnataka,India,"Other, Series A","2018, 2021","Eight Roads Ventures India, Nexus Venture Partners, Prime Venture Partners And Others",24.9,2018-08-18,2021-03-13,"2, 4","2018, 2020",2018,2021
yatracom,127.82,127.82,1,Ecommerce,Gurgaon,Gurgaon,Haryana,India,Debt,2017,Innoven Capital India,165.61,2017-09-24,2017-09-24,2,2017,2017,2017
cleartax,126.99,99.6,3,Consumer Internet,Bangalore,Bangalore,Karnataka,India,Private Equity,2016,"Ff Angel, Max Levchin, Ravi Adusumalli, Saif Partners, Scott Banister, Sequoia Capital",27.39,2016-04-23,2016-06-21,1,2016,2016,2016
shri chyawan,126.99,126.99,1,Retail,Raipur,Raipur,Chhattisgarh,India,Seed,2022,Vibhor Kanodia And Dhaval Shah,4.15,2022-07-16,2022-07-16,2,2022,2022,2022
zefo,126.16,76.36,2,Ecommerce,Bangalore,Bangalore,Karnataka,India,Private Equity,"2016, 2017","Beenext, Helion Venture Partners, Helion Ventures, Sequoia India",49.8,2016-11-13,2017-10-10,3,"2016, 2017",2016,2017
stockal,125.74,122.84,2,Consumer Internet,Bangalore,Bangalore,Karnataka,India,"Seed, Series A","2017, 2022","Amit Sinha, Hashed And A'Z Angels, Mohan Alexander, R. Natarajan, Vikrant Varshney",2.9,2017-06-21,2022-04-07,1,"2017, 2022",2017,2022
infibeam,124.75,73.04,2,Ecommerce,Ahmedabad,Ahmedabad,Gujarat,India,Private Equity,"2017, 2018","Bennett, Coleman And Company Ltd, Network 18",73.04,2017-01-10,2018-02-19,4,"2016, 2017",2017,2018
fittr,124.5,91.3,3,Fitness,Pune,Pune,Maharashtra,India,"Pre-Series A, Unknown, Series A","2020, 2021","Better Capital, Dream Capital, Elysian Park Ventures, Sequoia Capital Surge, Surge",33.2,2020-01-18,2021-09-18,"1, 2, 4","2019, 2020, 2021",2020,2021
tendercuts,124.5,124.5,1,Food,Chennai,Chennai,Tamil Nadu,India,Unknown,2021,"Nabventures, Paragon Partners",6.85,2021-02-16,2021-02-16,4,2020,2021,2021
techbooze,124.5,124.5,1,Consultancy,Unknown,Nan,Nan,Nan,Series A,2020,Space Capital,7.47,2020-01-14,2020-01-14,4,2019,2020,2020
satin creditcare,124.5,124.5,1,Fintech,Gurgaon,Gurgaon,Haryana,India,Unknown,2020,Austrian Bank,21.58,2020-01-04,2020-01-04,4,2019,2020,2020
taskbucks,124.5,124.5,1,Mobileonly Tasks,Delhi,Delhi,Delhi,India,Private Equity,2015,Times Internet,47.31,2015-11-03,2015-11-03,3,2015,2015,2015
offgrid energy,124.5,124.5,1,Clean,Gurgaon,Gurgaon,Haryana,India,Series A,2025,Archean Chemicals Industries,4116.37,2025-09-19,2025-09-19,2,2025,2025,2025
elivaas,124.5,83.0,2,Villa And Apartment Management,Unknown,Nan,Nan,Nan,"Series A, Series B","2024, 2025","3One4 Capital, And Other Angel Investors, Peak Xv'S Surge, Vertex Ventures",41.5,2024-09-15,2025-08-06,2,"2024, 2025",2024,2025
cover genius,124.5,124.5,1,Fintech,Sydney,Sydney,New South Wales,Australia,Unknown,2020,"King River Capital, Leap Capital",41.5,2020-10-14,2020-10-14,3,2020,2020,2020
onsite,124.5,124.5,1,Healthcare,Cumberland Furnace,Cumberland Furnace,Tennessee,Usa,Series A,2022,Unknown,5.74,2022-12-06,2022-12-06,3,2022,2022,2022
fintellix,124.5,124.5,1,Banking Analytics,Bangalore,Bangalore,Karnataka,India,Private Equity,2015,"Idg Ventures, Sequoia Capital",10.79,2015-05-17,2015-05-17,1,2015,2015,2015
celebal tech,124.5,124.5,1,It,Jaipur,Jaipur,Rajasthan,India,Series B,2025,"Incred Growth Partners Fundunknowni And Norwest Capital, Llc",21.58,2025-05-09,2025-05-09,1,2025,2025,2025
mythik,124.5,124.5,1,Media Technology,Mumbai,Mumbai,Maharashtra,India,Seed,2025,Sakal Media Group,6.0,2025-05-27,2025-05-27,1,2025,2025,2025
pagarbook,124.5,124.5,1,Software,Bangalore,Bangalore,Karnataka,India,Series A,2020,"India Quotient, Sequoia Capital",4.15,2020-12-12,2020-12-12,3,2020,2020,2020
spry therapeutics,124.5,124.5,1,Saas,Mumbai,Mumbai,Maharashtra,India,Unspecified Round,2024,"Fidelity’S Eight Roads, Flourish Ventures, Funknownprime Capital, Together Fund",12.45,2024-10-20,2024-10-20,3,2024,2024,2024
cognidaai,124.5,124.5,1,Enterprise Ai,Hyderabad,Hyderabad,Telangana,India,Series A,2025,Nexus Venture Partners,5.15,2025-02-11,2025-02-11,4,2024,2025,2025
transerv,124.5,124.5,1,Consumer Internet,Mumbai,Mumbai,Maharashtra,India,Private Equity,2016,"Idfc Spice Fund, Micromax Informatics",375.0,2016-04-01,2016-04-01,1,2016,2016,2016
revoh,124.5,124.5,1,Automobile Manufacturing,Chennai,Chennai,Tamil Nadu,India,Seed,2022,Vel Kanniappan And Ravi Rengaunknownthan,1.1,2022-05-18,2022-05-18,1,2022,2022,2022
biocon,124.5,124.5,1,Healthcare,Bangalore,Bangalore,Karnataka,India,Unknown,2020,Goldman Sachs,49.8,2020-11-05,2020-11-05,3,2020,2020,2020
vserv,124.5,124.5,1,Other,Unknown,Nan,Nan,Nan,Private Equity,2015,"Idg Ventures India, Maverick Capital",16.6,2015-03-28,2015-03-28,4,2014,2015,2015
3sc,124.5,124.5,1,Logistics,Gurgaon,Gurgaon,Haryana,India,Series B,2021,Gef Capital’S South Asia Fund,41.5,2021-07-04,2021-07-04,2,2021,2021,2021
indwealth,124.5,124.5,1,Fintech,Gurgaon,Gurgaon,Haryana,India,Venture,2019,Tiger Global Maunknowngement,11.62,2019-08-09,2019-08-09,2,2019,2019,2019
industry buying,124.5,124.5,1,Ecommerce,Delhi,Delhi,Delhi,India,Unknown,2020,"Beenext, Blacksoil",41.5,2020-01-14,2020-01-14,4,2019,2020,2020
indix,124.5,124.5,1,Saas Product Intelligence,Unknown,Nan,Nan,Nan,Private Equity,2015,"Avalon Ventures, Nexus Venture Partners, Nokia Growth Partners",249.0,2015-06-02,2015-06-02,1,2015,2015,2015
yuvi hospitality,124.5,124.5,1,Premium Dining Lounges & Restaurants,Gurgaon,Gurgaon,Haryana,India,Private Equity,2015,Chandralekha Construction Pvt. Ltd.,415.0,2015-11-13,2015-11-13,3,2015,2015,2015
kiarx,124.5,124.5,1,Mining,Ahmedabad,Ahmedabad,Gujarat,India,Seed,2022,Shuru Up Ventures,8.3,2022-05-04,2022-05-04,1,2022,2022,2022
house of kieraya,124.5,124.5,1,Lifestyle,Bangalore,Bangalore,Karnataka,India,Unknown,2021,Tradecred,4.0,2021-08-20,2021-08-20,2,2021,2021,2021
holidayiq,124.5,124.5,1,Travel Information Portal,Bangalore,Bangalore,Karnataka,India,Private Equity,2015,Makemytrip,30.3,2015-07-03,2015-07-03,2,2015,2015,2015
ansr,124.5,124.5,1,Consulting,Bangalore,Bangalore,Karnataka,India,Series B,2021,"Evolvence India Fund, Sistema Asia Capital",16.6,2021-05-13,2021-05-13,1,2021,2021,2021
arkin net,124.5,124.5,1,Data Center Software,Pune,Pune,Maharashtra,India,Private Equity,2015,Nexus Venture Partners,2.9,2015-06-26,2015-06-26,1,2015,2015,2015
asirvad microfinance,124.5,124.5,1,Fintech,Chennai,Chennai,Tamil Nadu,India,Unknown,2021,"Northern Arc, Worldbusiness Capital",174.3,2021-05-12,2021-05-12,1,2021,2021,2021
moonfrog labs,124.5,124.5,1,Other,Unknown,Nan,Nan,Nan,Private Equity,2015,"Sequoia Capital, Tiger Global",4.0,2015-03-04,2015-03-04,4,2014,2015,2015
locofast,124.5,124.5,1,Textiles,Delhi,Delhi,Delhi,India,Series A,2022,"Chiratae, Stellaris",33.2,2022-03-20,2022-03-20,4,2021,2022,2022
voylla,124.5,124.5,1,Fashion Jewelry And Accessories Etailer,Jaipur,Jaipur,Rajasthan,India,Private Equity,2015,Peepul Capital,12.03,2015-10-16,2015-10-16,3,2015,2015,2015
mabel,124.5,124.5,1,Jewellery,Bangalore,Bangalore,Karnataka,India,Seed,2022,. Incubate Fund India And Whiteboard Capital,0.19,2022-12-28,2022-12-28,3,2022,2022,2022
magenta ev,124.5,124.5,1,Renewable Energy,Mumbai,Mumbai,Maharashtra,India,Series A,2021,"Jito Angel Network, Letsventure",1.39,2021-05-22,2021-05-22,1,2021,2021,2021
mahindra first choice,124.5,124.5,1,Other,Unknown,Nan,Nan,Nan,Private Equity,2015,Valiant Capital,41.5,2015-03-02,2015-03-02,4,2014,2015,2015
avanse financial,124.5,124.5,1,Fintech,Mumbai,Mumbai,Maharashtra,India,Unknown,2020,Interunknowntiounknownl Fiunknownnce Corporation,99.6,2020-01-28,2020-01-28,4,2019,2020,2020
belong,124.5,83.0,2,Consumer Internet,Bangalore,Bangalore,Karnataka,India,"Private Equity, Seed","2017, 2025","Elevation Capital, Sequoia Capital",83.0,2017-03-12,2025-07-21,"2, 4","2016, 2025",2017,2025
unicommerce,124.5,124.5,1,Saas,Delhi,Delhi,Delhi,India,Unknown,2024,Anchor Investors,5.3,2024-08-02,2024-08-02,2,2024,2024,2024
better mortgage,124.5,124.5,1,Consumer Internet,Gurgaon,Gurgaon,Haryana,India,Private Equity,2017,"Goldman Sachs, Kleiner Perkins, Pine Brook",124.5,2017-02-14,2017-02-14,4,2016,2017,2017
modifi,124.5,124.5,1,B2B Bnpl,Delhi,Delhi,Delhi,India,Unspecified Round,2024,"Heliad, Intesa Sanpaolo, Maersk, Smbc Asia Rising Fund",3.32,2024-11-14,2024-11-14,3,2024,2024,2024
better capital,124.5,124.5,1,Venture Capital & Private Equity,Santra,Nan,Nan,Nan,Unknown,2021,Unknown,3.32,2021-11-04,2021-11-04,3,2021,2021,2021
neodove,124.5,124.5,1,Ai,Jaipur,Jaipur,Rajasthan,India,Seed,2021,India Quotient,713.8,2021-03-19,2021-03-19,4,2020,2021,2021
rapipay,124.5,124.5,1,Fintech,Delhi,Delhi,Delhi,India,Unknown,2022,Varun Jaipuria,0.27,2022-02-19,2022-02-19,4,2021,2022,2022
rocket,124.5,124.5,1,Ai,Bangalore,Bangalore,Karnataka,India,Seed,2025,"Accel, Salesforce Ventures",8.3,2025-09-27,2025-09-27,2,2025,2025,2025
deal4loans wishfin,124.5,124.5,1,Consumer Internet,Noida,Noida,Uttar Pradesh,India,Private Equity,2016,Franklin Templeton Interunknowntiounknownl Services Pvt. Ltd,4.15,2016-07-09,2016-07-09,2,2016,2016,2016
truckingcube,123.67,123.67,1,Logistics,Delhi,Delhi,Delhi,India,Private Equity,2016,Agarwal Movers Group,3.07,2016-03-28,2016-03-28,4,2015,2016,2016
alpha capital,122.84,122.84,1,Fintech,Mumbai,Mumbai,Maharashtra,India,Private Equity,2018,Alpha Capital,16.0,2018-06-03,2018-06-03,1,2018,2018,2018
onida,122.84,122.84,1,Consumer Goods > Tv & Audiovisual Products,Maharashtra,Nan,Maharashtra,India,Ipo,2025,Authum,34.86,2025-10-15,2025-10-15,3,2025,2025,2025
indus os,122.43,47.73,3,Technology,Mumbai,Mumbai,Maharashtra,India,"Private Equity, Series B","2016, 2017, 2019","Omidyar Network, Ventureast",74.7,2016-01-13,2019-07-03,"2, 3, 4","2015, 2017, 2019",2016,2019
univest,122.14,83.0,2,Fintech,Gurgaon,Gurgaon,Haryana,India,"Pre-Seed, Series A","2022, 2024",". Chetan Nigam And Rahul Gambhir, Bertelsmann India Investments (Bii)",39.14,2022-09-23,2024-12-15,"2, 3","2022, 2024",2022,2024
chumbak,122.01,107.9,2,Ecommerce,Bangalore,Bangalore,Karnataka,India,Private Equity,2017,"Blacksoil Capital Pvt. Ltd, Gaja Capital",14.11,2017-07-01,2017-11-18,"2, 3",2017,2017,2017
bijak,120.35,99.6,2,Agritech,Unknown,Nan,Nan,Nan,"Seed, Series A",2020,"Omnivore And Omidyar Network India, Rtp Global, Sequoia Capital",20.75,2020-01-13,2020-04-17,"1, 4","2019, 2020",2020,2020
millenium babycares,120.0,120.0,1,Hygiene Care,Indore,Indore,Madhya Pradesh,India,Other,2024,Bharat Value Fund,97.94,2024-10-16,2024-10-16,3,2024,2024,2024
laurus bio,120.0,120.0,1,Biotechnology,Bangalore,Bangalore,Karnataka,India,Equity,2024,Eight Roads Ventures And Funknownprime Capital,307.1,2024-12-23,2024-12-23,3,2024,2024,2024
hesa,119.52,51.46,3,It,Hyderabad,Hyderabad,Telangana,India,"Seed, Unknown","2021, 2022","9Unicorns, Venture Catalysts, We Founder Circle And Venture Catalyst, We Founder Circle And Venture Catalysts",68.06,2021-06-15,2022-07-02,"1, 2","2021, 2022",2021,2022
moeving,119.52,102.92,3,Logistics,Gurgaon,Gurgaon,Haryana,India,Seed,"2021, 2022","Jsw Ventures And Stride Ventures, Stride Ventures And Tradecred, Unknown",16.6,2021-04-24,2022-11-20,"1, 3","2021, 2022",2021,2022
tracxn,119.41,83.0,3,Analytics,Bangalore,Bangalore,Karnataka,India,"Private Equity, Series B","2015, 2020","Accel, Bunny Bansal, Other Investors, Sachin Bansal, Saif Partners, Sequoia Capital",112.05,2015-04-24,2020-08-24,"1, 2","2015, 2020",2015,2020
loop health,118.69,99.6,2,Healthcare,Pune,Pune,Maharashtra,India,"Seed, Unknown","2020, 2021","Elevation, General Catalyst, Sierra Ventures, Y Combiunknowntor",19.09,2020-12-20,2021-10-17,3,"2020, 2021",2020,2021
flinto,117.86,59.76,2,Edtech,Chennai,Chennai,Tamil Nadu,India,Other,2020,"Lightbox Ventures, Siunknowni Ventures, Y Combiunknowntor",58.1,2020-01-08,2020-07-17,"2, 4","2019, 2020",2020,2020
agnikul,117.43,91.3,2,Spacetech,Chennai,Chennai,Tamil Nadu,India,"Pre-Series A, Series A","2020, 2021","Artha India Ventures, Pi Ventures, Sriram Krishunknownn",26.13,2020-03-04,2021-05-28,"1, 4","2019, 2021",2020,2021
zuper,117.03,107.9,2,Saas,Seattle,Seattle,Washington,Usa,"Seed, Series A","2020, 2022","Gemba Capital, Gunderson Dettmer, Prime Venture Partners, Sequoia Capital",9.13,2020-01-16,2022-01-21,4,"2019, 2021",2020,2022
way2news,116.29,116.2,2,News,Hyderabad,Hyderabad,Telangana,India,"Series A, Other","2022, 2024","Sashi Reddi, Westbridge Capital, Westbridge Capital And Sashi Reddi",0.09,2022-06-12,2024-09-13,"1, 2","2022, 2024",2022,2024
blacksoil,116.2,83.0,2,Fintech,Mumbai,Mumbai,Maharashtra,India,Unknown,"2020, 2021","Awign Enterprises, Unknown",83.0,2020-11-10,2021-01-18,"3, 4",2020,2020,2021
kartrocket,116.2,66.4,2,Consumer Internet,Delhi,Delhi,Delhi,India,Private Equity,2016,"500 Startunknownups, 500 Startups, Bertelsmann India Investments, Nirvaunknown Digital India Fund, Nirvaunknown Digital Investment Holding, Nirvaunknown Digital Investment Holding Co Ltd, Unknown Japanese Investor",49.8,2016-01-24,2016-03-10,4,2015,2016,2016
abound,116.2,116.2,1,Fintech,Us,Nan,Nan,Usa,Seed,2025,Near Foundation,16.6,2025-03-25,2025-03-25,4,2024,2025,2025
imocha,116.2,116.2,1,Computer Software,Pune,Pune,Maharashtra,India,Series A,2022,Eight Roads Ventures,8.3,2022-01-05,2022-01-05,4,2021,2022,2022
flam,116.2,116.2,1,Mixed Reality Content,Bangalore,Bangalore,Karnataka,India,Series A,2025,Rtp Global,4.15,2025-05-16,2025-05-16,1,2025,2025,2025
stellaps,116.2,116.2,1,Technology,Bangalore,Bangalore,Karnataka,India,Private Equity,2018,"Abb Technology Ventures, Bill, Blume Ventures, Indusage Partners, Melinda Gates Foundation, Omnivore, Qualcomm Venture, Venture Highway And Beenext",217.0,2018-05-16,2018-05-16,1,2018,2018,2018
credright,116.2,83.0,3,Consumer Internet,Hyderabad,Hyderabad,Telangana,India,"Other, Unknown, Series B","2018, 2021, 2025","9Unicorns, Abler Nordic, Accion Venture Lab, Spearhead Capital, Venture Catalysts, Yournest Venture Capital And Other Angel Investors",33.2,2018-05-12,2025-08-22,"1, 2","2018, 2021, 2025",2018,2025
railyatri,114.54,114.54,1,Travel,Noida,Noida,Uttar Pradesh,India,Unknown,2020,"Nandan Nilekani, Samsung Venture Investment Corporation",48.97,2020-02-25,2020-02-25,4,2019,2020,2020
eshakti,114.13,83.83,3,Ecommerce,Chennai,Chennai,Tamil Nadu,India,"Private Equity, Debt","2016, 2017, 2018","Idg Ventures, Infiunknown Fiunknownnce Pvt. Ltd, Paragon Partners, Uday Kotak",30.3,2016-09-26,2018-06-16,"1, 2, 3","2016, 2017, 2018",2016,2018
kenko health,113.71,99.6,2,Fintech,Mumbai,Mumbai,Maharashtra,India,"Pre-Series A, Series A","2021, 2022","Beenext, Orios, Sequoia Capital",14.11,2021-08-21,2022-02-22,"2, 4",2021,2021,2022
turnip,112.88,99.6,2,Gaming,Bangalore,Bangalore,Karnataka,India,"Seed, Series A","2021, 2022","Elevation Capital, Greenoaks",13.28,2021-01-28,2022-01-07,4,"2020, 2021",2021,2022
otipy,112.76,84.66,4,Agritech/Commerce,Unknown,Nan,Nan,Nan,"Pre-Series A, Series A, Series B","2020, 2021, 2022, 2025","Inflection Point Ventures, Innoven Capital, Nuvama, Omidyar Network India, Westbridge Capital",96.16,2020-08-09,2025-03-11,"2, 4","2020, 2021, 2024",2020,2025
nxtgen,112.05,112.05,1,It Infrastructure & Data Center,Bangalore,Bangalore,Karnataka,India,Private Equity,2015,"Axon Partners, Ifc, Intel Capital",6.22,2015-07-12,2015-07-12,2,2015,2015,2015
glowroad,112.05,95.45,2,Consumer Internet,Bangalore,Bangalore,Karnataka,India,"Private Equity, Series B","2017, 2019","Accel, Korea Investment Partners, Vertex Ventures",16.6,2017-09-01,2019-05-13,"1, 2","2017, 2019",2017,2019
imax program,112.05,112.05,1,Edtech,Bangalore,Bangalore,Karnataka,India,Private Equity,2018,"Lgt Impact Ventures, Michael, Susan Dell Foundation",8.3,2018-02-21,2018-02-21,4,2017,2018,2018
galaxeye,112.05,83.0,2,Sattelite Connection,Chennai,Chennai,Tamil Nadu,India,"Seed, Other","2022, 2024",". Anicut Capital And Nithin Kamath, Mounttech Growth Fund",29.05,2022-12-13,2024-11-18,3,"2022, 2024",2022,2024
freight tiger,112.05,112.05,1,Logistics,Maharashtra,Nan,Maharashtra,India,Series C,2025,Tata Motors / Lightspeed India,0.83,2025-10-10,2025-10-10,3,2025,2025,2025
intellicar,112.05,112.05,1,Fabric,Bangalore,Bangalore,Karnataka,India,Series A,2025,Nuveen,0.83,2025-04-22,2025-04-22,1,2025,2025,2025
planetspark,111.62,107.9,2,Edtech,Gurgaon,Gurgaon,Haryana,India,"Unknown, Series B","2020, 2021","Binny Bansal, Deep Kalra, Dr Ashish Gupta, Gokul Rajaram, Hyderabad Angels, Indian Angel Network, Lead Angels, Shirish Nadkarni",3.72,2020-02-19,2021-12-05,"3, 4","2019, 2021",2020,2021
navadhan,111.0,111.0,1,Fintech,Mumbai,Mumbai,Maharashtra,India,Series A,2025,Nabventures,44.82,2025-03-25,2025-03-25,4,2024,2025,2025
oll,110.31,110.31,1,Edtech,Mumbai,Mumbai,Maharashtra,India,Seed,2022,Harsh Metha And Sandeep Balaji,24.9,2022-09-14,2022-09-14,2,2022,2022,2022
candytoy corporate,110.0,110.0,1,Corporate,Bangalore,Bangalore,Karnataka,India,Series A,2024,"Angel Investors, Domestic Investors, Hnis, Institutiounknownl Investors",24.9,2024-11-27,2024-11-27,3,2024,2024,2024
boldfit,110.0,110.0,1,D2C Fitness & Supplements,Bangalore,Bangalore,Karnataka,India,Other,2024,Bessemer Venture Partners,14.61,2024-11-05,2024-11-05,3,2024,2024,2024
geri care health,110.0,110.0,1,Senior Healthcare,Chennai,Chennai,Tamil Nadu,India,Unspecified Round,2025,Invascent (India Life Sciences Fund Iv),40.67,2025-01-10,2025-01-10,4,2024,2025,2025
phable,109.73,99.6,3,Healthcare,Unknown,Nan,Nan,Nan,"Unknown, Pre-Series A, Series A","2020, 2021","91 Springboard, Abinbevunknownserge Devos, Angel Investors, Fresco Capital, Ikp Knowledge, Inflection Point Ventures, Letsventure, Social Starts, Wouter Peeters.",10.13,2020-01-27,2021-02-14,"1, 4","2019, 2020",2020,2021
buyofuel,109.56,108.73,2,Oil & Energy,Coimbatore,Coimbatore,Tamil Nadu,India,Seed,"2021, 2022","Inflection Point Ventures, Inflection Point Ventures And Letsventure",0.83,2021-11-14,2022-11-11,3,"2021, 2022",2021,2022
vahanai,109.2,83.0,3,Blue Collar Recruitment,Unknown,Nan,Nan,Nan,"Series B, Strategic Investment, Unknown","2024, 2025","Gaingels, Khosla Ventures, Persol Group (Asiaunknownpacific Hr Services Provider), Temasek, Vijay Shekhar Sharma, Y Combiunknowntor",105.41,2024-09-05,2025-07-10,"2, 4","2024, 2025",2024,2025
fingerlix,109.09,58.1,4,Consumer Internet,Mumbai,Mumbai,Maharashtra,India,"Private Equity, Debt, Unknown","2017, 2018, 2020","Accel, Alteria Capital, Rb Investments., Swiggy, Zephyr Peacock, Zephyr Peacock India",93.87,2017-04-07,2020-04-27,"1, 3, 4","2017, 2020",2017,2020
garuda aerospace,108.3,100.0,2,Aerospace,Chennai,Chennai,Tamil Nadu,India,"Series B, Unspecified Round",2025,"Narotam Sekhsaria Family Office, Venture Catalysts",100.0,2025-04-01,2025-06-09,1,2025,2025,2025
chargezone,107.9,83.0,2,Ev,Gujarat,Nan,Gujarat,India,"Pre-Series A, Unknown","2020, 2021","Mumbai Angels, Venture Catalysts",24.9,2020-11-15,2021-12-02,3,"2020, 2021",2020,2021
dashverse,107.9,107.9,1,Media & Entertainment,Bangalore,Bangalore,Karnataka,India,Series A,2025,Peak Xv Partners,11.29,2025-08-05,2025-08-05,2,2025,2025,2025
clovia,107.9,41.5,3,Private Label Lingerie Ecommerce,Delhi,Delhi,Delhi,India,"Private Equity, Other","2015, 2017, 2020","Golden Birch Investments, Ivycap Ventures, Ivycap Ventures Advisors, She Capital, Singularity Ventures And Ravi Dhariwal",74.7,2015-06-12,2020-12-03,"1, 3","2015, 2017, 2020",2015,2020
lifelong online,107.9,107.9,1,Ecommerce,Delhi,Delhi,Delhi,India,Unknown,2025,Unknown,8.39,2025-08-27,2025-08-27,2,2025,2025,2025
last9,107.9,107.9,1,Software,Santa Clara,Santa Clara,California,Usa,Series A,2022,Better Capital And Sequoia Capital India,41.5,2022-04-01,2022-04-01,1,2022,2022,2022
sirona hygiene,107.9,83.0,2,Healthcare,Delhi,Delhi,Delhi,India,"Series A, Unknown",2021,"Ian Fund, Nb Ventures, The Good Glamm Group",24.9,2021-04-11,2021-12-19,"1, 3",2021,2021,2021
autify networks,107.9,107.9,1,Software,Sanfrancisco,San Francisco,California,Usa,Series A,2022,Salesforce Ventures And Tably,18.26,2022-09-06,2022-09-06,2,2022,2022,2022
petpoojam,107.9,107.9,1,Food,Gujarat,Nan,Gujarat,India,Series C,2025,Dharaunknown / Gujarat Venture Fiunknownnce,37.35,2025-10-12,2025-10-12,3,2025,2025,2025
specsmakers,107.9,83.0,2,Ecommerce,Chennai,Chennai,Tamil Nadu,India,"Private Equity, Unknown","2017, 2020","Eight Roads Ventures, Eight Roads Ventures India",83.0,2017-12-26,2020-01-11,"3, 4","2017, 2019",2017,2020
oye rickshaw,107.9,83.0,2,Emobility,Unknown,Nan,Nan,Nan,"Series A, Unknown","2020, 2021","Alteria Capital, Chiratae Ventures",83.0,2020-02-17,2021-04-04,"1, 4","2019, 2021",2020,2021
card91,107.9,107.9,1,Fintech,Bangalore,Bangalore,Karnataka,India,Pre-Series A,2022,"Infinity Ventures, Point72 Ventures, Sabre Partners",4.15,2022-03-16,2022-03-16,4,2021,2022,2022
convosight,107.9,74.7,2,Data Analytics,Hyderabad,Hyderabad,Telangana,India,"Pre-Series A, Series A","2020, 2021","Ivycap Ventures, Qualgro, Sequoia Capital",33.2,2020-04-26,2021-06-16,1,"2020, 2021",2020,2021
industrybuying,107.9,76.36,3,Other,Unknown,Nan,Nan,Nan,Private Equity,"2015, 2016","Beenextan Investment Fund, Kalaari Capital, Saif Partners, Trifecta Capital",92.96,2015-02-14,2016-01-22,"2, 4","2014, 2015",2015,2016
goodscore,107.9,107.9,1,Fintech,Karnataka,Nan,Karnataka,India,Series A,2025,Peak Xv Partners,11.62,2025-10-04,2025-10-04,3,2025,2025,2025
itilite,107.9,107.9,1,Travel & Saas,Bangalore,Bangalore,Karnataka,India,Series B,2020,"Greenoaks Capital, Vy Capital. Matrix Partners India",2.7,2020-04-06,2020-04-06,1,2020,2020,2020
moms,107.9,66.4,2,Healthcare,Gurgaon,Gurgaon,Haryana,India,Series B,2020,"Dsg Consumer Partners, Saama Capital",66.4,2020-01-08,2020-01-08,4,2019,2020,2020
embibe,104.73,104.73,1,Edtech,Mumbai,Mumbai,Maharashtra,India,Unknown,2020,Reliance Industries Limited (Ril),26.56,2020-02-19,2020-02-19,4,2019,2020,2020
moneyonmobile,104.58,63.08,2,Technology,Mumbai,Mumbai,Maharashtra,India,Private Equity,2018,"S7 Group, Unknown Investors",63.08,2018-01-05,2018-02-06,4,2017,2018,2018
kisankonnect,104.58,67.23,2,D2C Food,Mumbai,Mumbai,Maharashtra,India,"Series A, Pre-Series A",2025,"Bajaj Finserv Group, Brand Capital, Mistry Ventures, Shilpa Shetty, Vcunknowngrid, Vishwang Desai",37.35,2025-01-21,2025-09-22,"2, 4","2024, 2025",2025,2025
ergos,104.56,41.5,3,Agritech,Bangalore,Bangalore,Karnataka,India,"Series A, Unknown","2020, 2021","Aavishkaar Venture Capital, Aavishkar Capital, Cdc Group, Chiratae Ventures",79.66,2020-04-26,2021-01-25,"1, 3, 4",2020,2020,2021
limechat,103.75,62.25,2,Ai Chatbot,Faridabad,Delhi,Haryana,India,Seed,"2021, 2022","Pi Ventures And Stellaris Venture Partners, Ramakant Sharma, Stellaris Venture Partners",62.25,2021-04-14,2022-04-04,1,"2021, 2022",2021,2022
unbxd,103.75,103.75,1,Technology,Bangalore,Bangalore,Karnataka,India,Private Equity,2017,Eight Roads Ventures,4.15,2017-06-26,2017-06-26,1,2017,2017,2017
netrasemi,102.92,102.92,1,Advanced Hardware & Technology,Thiruvananthapuram,Thiruvananthapuram,Kerala,India,Series A,2025,Zoho Corporation,747.0,2025-07-07,2025-07-07,2,2025,2025,2025
bizom,102.77,99.6,2,Technology,Bangalore,Bangalore,Karnataka,India,"Seed, Series B","2017, 2024","And Family Offices, Indiamart, Ojas Ventures, Pavestone ($7.5M)",3.17,2017-03-22,2024-12-23,"3, 4","2016, 2024",2017,2024
nestasia,102.51,69.31,2,Retail,Kolkata,Kolkata,West Bengal,India,"Series A, Unspecified Round","2021, 2024","Angels, Sahil Barua, Stellaris Venture Partners, Susquehanunknown Asia Vc, Varun Alagh",33.2,2021-12-02,2024-09-05,"2, 3","2021, 2024",2021,2024
hubble,102.09,102.09,1,Commercial Real State,London,London,Nan,United Kingdom,Unknown,2022,Pi Labs And Upscale,12.45,2022-04-08,2022-04-08,1,2022,2022,2022
fuze,101.26,101.26,1,Digital Assets Infrastructure,Abu Dhabi,Abu Dhabi,Nan,Uae,Series A,2025,"Capital, Galaxy And E",20.9,2025-04-20,2025-04-20,1,2025,2025,2025
eternz,101.26,101.26,1,Consumer > Fashion,Karnataka,Nan,Karnataka,India,Seed,2025,Multiply Ventures,4.15,2025-10-25,2025-10-25,3,2025,2025,2025
metro bikes,101.26,101.26,1,Consumer Internet,Bangalore,Bangalore,Karnataka,India,Private Equity,2018,"Accel Partners And G Raghuunknownndan, Sequoia Capital India Advisors",16.6,2018-08-26,2018-08-26,2,2018,2018,2018
ekkaa,101.26,101.26,1,Semiconductors > Display Technology,Haryana,Nan,Haryana,India,Series A,2025,Unknown,141.03,2025-10-16,2025-10-16,3,2025,2025,2025
easypolicy,101.26,83.0,2,Consumer Internet,Noida,Noida,Uttar Pradesh,India,Private Equity,2016,Unilazer Ventures,18.26,2016-01-21,2016-11-28,"3, 4","2015, 2016",2016,2016
idfy,100.51,83.0,2,It,Mumbai,Mumbai,Maharashtra,India,"Series A, Series D","2020, 2021","Blume Ventures, Dream Incubator, Millenunknown Fvci Iii, Nb Ventures, Transunion",17.51,2020-08-14,2021-10-25,"2, 3","2020, 2021",2020,2021
zingbus,100.5,59.0,2,Mobility,Gurgaon,Gurgaon,Haryana,India,"Pre-Series A, Unspecified Round","2021, 2024","Bp Technology Ventures, Infoedge Ventures",41.5,2021-07-12,2024-12-07,"2, 3","2021, 2024",2021,2024
casflo,100.43,100.43,1,Fintech,Mumbai,Mumbai,Maharashtra,India,Series B,2022,Elevation Capital And Nitin Gupta,41.5,2022-09-17,2022-09-17,2,2022,2022,2022
aerem,100.0,100.0,1,Solartech,Mumbai,Mumbai,Maharashtra,India,Unspecified Round,2025,Utec,24.9,2025-04-24,2025-04-24,1,2025,2025,2025
urja mobility,100.0,100.0,1,Ev Battery Leasing,Delhi,Delhi,Delhi,India,Pre-Series A,2024,Hindon Mercantil And Mufin Green Fiunknownnce,11.62,2024-10-05,2024-10-05,3,2024,2024,2024
the good bug,100.0,100.0,1,Gut Healthfocused,Mumbai,Mumbai,Maharashtra,India,Series B,2025,Susquehanunknown Asia,622.5,2025-05-05,2025-05-05,1,2025,2025,2025
economy process,100.0,100.0,1,Vacuum Systems And Process Equipment,Mumbai,Mumbai,Maharashtra,India,Series A,2024,Stakeboat Capital Fund Ii,1850.9,2024-10-01,2024-10-01,3,2024,2024,2024
35north ventures,100.0,100.0,1,Venture Capital,Mumbai,Mumbai,Maharashtra,India,Unspecified Round,2024,Unknown,0.17,2024-08-23,2024-08-23,2,2024,2024,2024
blackcarrot,99.6,99.6,1,D2C Dinnerware,Mumbai,Mumbai,Maharashtra,India,Pre-Seed,2025,Venture Catalysts,2.51,2025-05-11,2025-05-11,1,2025,2025,2025
alt carbon,99.6,99.6,1,Deeptech,Kolkata,Kolkata,West Bengal,India,Seed,2025,Lachy Groom,9.96,2025-05-02,2025-05-02,1,2025,2025,2025
epaylater,99.6,83.0,2,Technology,Mumbai,Mumbai,Maharashtra,India,"Seed, Series B","2016, 2021","3 Undisclosed Hnis, Blue Ashva Capital, Pravega Ventures, Responsibility",16.6,2016-06-19,2021-09-17,"1, 2","2016, 2021",2016,2021
avammune therapeutics,99.6,99.6,1,Healthcare,Bangalore,Bangalore,Karnataka,India,Series A,2025,Capital 2B,3.49,2025-05-08,2025-05-08,1,2025,2025,2025
biostate ai,99.6,99.6,1,Biotech,Us,Nan,Nan,Usa,Series A,2025,Accel,21.58,2025-05-04,2025-05-04,1,2025,2025,2025
the viral fever,99.6,83.0,2,Consumer Internet,Mumbai,Mumbai,Maharashtra,India,"Private Equity, Unknown","2016, 2021","Blacksoil, Tiger Global",83.0,2016-02-06,2021-11-05,"3, 4","2015, 2021",2016,2021
smartcoin,99.6,83.0,2,Fintech,Bangalore,Bangalore,Karnataka,India,"Other, Unknown","2018, 2021","Accion Venture Lab, Northern Arc, Unicorn India Ventures And Isme Ace., Vivriti Capital",16.6,2018-03-26,2021-07-14,"2, 4","2017, 2021",2018,2021
bikayi,99.6,83.0,2,Ecommerce,Hyderabad,Hyderabad,Telangana,India,"Seed, Series A","2020, 2021","Mantis Ventures, Sequoia Capital",16.6,2020-08-22,2021-09-19,2,"2020, 2021",2020,2021
solarsquare energy,99.6,99.6,1,Renewable Energy,Mumbai,Mumbai,Maharashtra,India,Series A,2022,Lowercarbon Capital And Vidit Aatrey,332.0,2022-11-12,2022-11-12,3,2022,2022,2022
guardianlink,99.6,99.6,1,Information Technology &,Chennai,Chennai,Tamil Nadu,India,Series A,2021,Kalaari Capital,16.6,2021-11-07,2021-11-07,3,2021,2021,2021
bewakoof,99.6,66.4,2,D2C Fashion,Mumbai,Mumbai,Maharashtra,India,Unknown,2021,"Investcorp, Ivycap Ventures, Pratithi Investment Trust",33.2,2021-03-02,2021-08-07,"2, 4","2020, 2021",2021,2021
nutritap,99.6,99.6,1,Food,Gurgaon,Gurgaon,Haryana,India,Seed,2022,Ik Capital And Venture Catalysts,4.15,2022-05-20,2022-05-20,1,2022,2022,2022
robosoft,99.6,99.6,1,Mobile Development,Udupi,Udupi,Karnataka,India,Private Equity,2015,"Ascent Capital, Kalaari Capital",34.03,2015-04-04,2015-04-04,1,2015,2015,2015
pantherun,99.6,99.6,1,Enterprise Infrastructure > Enterprise Networking,Karnataka,Nan,Karnataka,India,Series A,2025,Info Edge Ventures,26.56,2025-10-23,2025-10-23,3,2025,2025,2025
orange health labs,99.6,99.6,1,Diagnostics & Healthcare,Bangalore,Bangalore,Karnataka,India,Unspecified Round,2024,"Accel, Amazon Smbhav Venture Fund, Bertelsmann India Investments, General Catalyst, Y Combiunknowntor",389.27,2024-12-03,2024-12-03,3,2024,2024,2024
doceree,99.6,99.6,1,Information Technology &,Parsippany,Parsippany,New Jersey,Usa,Unknown,2022,Multiples,12.45,2022-04-20,2022-04-20,1,2022,2022,2022
traveltriangle,99.6,99.6,1,Consumer Internet,Gurgaon,Gurgaon,Haryana,India,Private Equity,2018,"Bessemer Venture Partners, Fundamentum, Others, Rb Investments, Saif Partners",149.4,2018-04-28,2018-04-28,1,2018,2018,2018
ideaforge,99.6,83.0,2,Technology,Mumbai,Mumbai,Maharashtra,India,"Private Equity, Unknown","2016, 2021","Infosys, Infosys Innovation Fund, Qualcomm Ventures, Wrv Capital And Indusage Partners",83.0,2016-12-01,2021-03-15,"3, 4","2016, 2020",2016,2021
ripplr,99.6,99.6,1,Logistics,Bangalore,Bangalore,Karnataka,India,Other,2021,"Sojitz Corporation, Stride Ventures",10.0,2021-12-04,2021-12-04,3,2021,2021,2021
airmeet,99.6,99.6,1,Technology,Bangalore,Bangalore,Karnataka,India,Series A,2020,"Global Founders Capital, Redpoint",11.62,2020-01-26,2020-01-26,4,2019,2020,2020
1india family mart,99.6,99.6,1,Value Retail,Delhi,Delhi,Delhi,India,Series D,2025,Gulf Islamic Investments,20.75,2025-05-20,2025-05-20,1,2025,2025,2025
seclore,99.6,99.6,1,Technology,Mumbai,Mumbai,Maharashtra,India,Private Equity,2016,"Helion Venture, India Alterunknowntives, Sistema Asia Fund, Ventureeast",74.7,2016-05-14,2016-05-14,1,2016,2016,2016
yummy,99.6,99.6,1,Food,Tangerang,Tangerang,Banten,Indonesia,Series B,2020,"Amatil X Ventures, Palm Drive Capital",16.6,2020-01-21,2020-01-21,4,2019,2020,2020
ruskmedia,98.77,98.77,1,Digital Media,Delhi,Delhi,Delhi,India,Series A,2022,Audacity Venture Capital And Mistry Ventures,5.55,2022-08-12,2022-08-12,2,2022,2022,2022
clean electric,98.3,49.8,2,Energy Storage,Pune,Pune,Maharashtra,India,Series A,2024,"Angel Investors, Info Edge, Info Edge Ventures, Kalaari Capital, Lok Capital, Pi Ventures",49.8,2024-09-13,2024-09-13,2,2024,2024,2024
milkbasket,97.94,58.1,4,Consumer Internet,Gurgaon,Gurgaon,Haryana,India,"Private Equity, Seed, Series B","2016, 2018","Evc Ventures, Kalaari Capital, Mayfield Fund, Unilever Ventures, Unilever Ventures And Blume Ventures",87.15,2016-04-18,2018-11-13,"1, 3, 4","2016, 2017, 2018",2016,2018
dailyobjects,97.62,86.0,2,Ecommerce,Delhi,Delhi,Delhi,India,"Private Equity, Unspecified Round","2016, 2024","360 One Ventures, Peyush Bansal, Unilazer Fund, \\Xc2\\Xa0 Phanindra Sama",11.62,2016-01-17,2024-09-04,"2, 4","2015, 2024",2016,2024
securden,97.11,97.11,1,Ai,Delaware,Nan,Delaware,Usa,Series A,2022,Accel And Tiger Global Maunknowngement,41.5,2022-04-19,2022-04-19,1,2022,2022,2022
livfin,97.11,41.5,3,Fintech,Delhi,Delhi,Delhi,India,Unknown,"2020, 2022","Blacksoil, Deg, German Development Fiunknownnce Institution Deg, Kfw Deg",80.51,2020-01-24,2022-01-22,"3, 4","2019, 2020, 2021",2020,2022
amikus ai,96.69,96.69,1,Ai,Bangalore,Bangalore,Karnataka,India,Seed,2022,Inflection Point Ventures And Entrepreneur First,8.3,2022-12-07,2022-12-07,3,2022,2022,2022
gromo,96.28,96.28,1,Fintech,Gurgaon,Gurgaon,Haryana,India,Series A,2022,Abhishek Goyal And Goodwater Capital,2465.1,2022-09-19,2022-09-19,2,2022,2022,2022
zypp,96.28,96.28,1,Electrical Vehicle,Gurgaon,Gurgaon,Haryana,India,Unknown,2022,Northern Arc And Mark Joseph,85.49,2022-09-07,2022-09-07,2,2022,2022,2022
fisdom,96.28,58.1,4,Consumer Internet,Bangalore,Bangalore,Karnataka,India,"Private Equity, Seed, Unknown","2016, 2017, 2020","Aprameya Radhakrishunknown, Payu Fiunknownnce India, Quounknown Capital, Quounknown Capital Maunknowngement, Raghuunknownndan G, Rob Chandra, Saama Capital",38.18,2016-01-02,2020-12-10,"3, 4","2015, 2016, 2017, 2020",2016,2020
hyperface,96.28,85.49,2,Information Technology &,Bangalore,Bangalore,Karnataka,India,"Unknown, Seed","2021, 2022","Better Capital, Global Founders Capital And Flipkart, Kuunknownl Shah",10.79,2021-10-10,2022-07-13,"2, 3","2021, 2022",2021,2022
murf ai,95.45,95.45,1,Ai,Utah,Nan,Utah,Usa,Series A,2022,Ajay Arora And Yamini Bhat,12.45,2022-09-28,2022-09-28,2,2022,2022,2022
gramophone,94.12,83.0,3,Technology,Indore,Indore,Madhya Pradesh,India,"Unknown, Other","2018, 2020, 2021","Info Edge, Infoedge, Siaunknown Capital Maunknowngement, Z3Partners",11.12,2018-03-07,2021-10-01,"3, 4","2017, 2020, 2021",2018,2021
prozo,93.95,83.0,4,Study Material,Delhi,Delhi,Delhi,India,"Seed, Series A, Unknown","2015, 2016, 2022, 2025","Dinesh Kundu, Earlsfield Capital, Nalin Jain, Others, Rajiv Solanki, Ranbir Kapoor, Sailender Solanki, Shomil Pant, Sixth Sense Ventures",87.31,2015-09-21,2025-08-19,"2, 4","2015, 2016, 2021, 2025",2015,2025
rentmojo,93.01,41.5,3,Consumer Internet,Bangalore,Bangalore,Karnataka,India,"Unknown, Private Equity","2016, 2020","Accel, Bain Capital, Bcip Venture Associates, Chiratae Ventures, Gautam Dalmia, Idg Ventures India, Pratithi Investment Trust, Reunknownud Laplanche, Shri Investment",68.28,2016-07-22,2020-06-28,"1, 2","2016, 2020",2016,2020
stage,92.9,84.6,2,Entertainment,Indore,Indore,Madhya Pradesh,India,"Unknown, Series B","2020, 2024","Blume Ventures, Goodwater Capital, Venture Catalysts",8.3,2020-11-15,2024-12-17,3,"2020, 2024",2020,2024
jeh aerospace,92.8,91.3,2,Advanced Hardware & Technology,Hyderabad,Hyderabad,Telangana,India,"Unknown, Series A",2025,"Elevation Capital, Indigo Ventures",1.5,2025-07-08,2025-08-17,2,2025,2025,2025
big fish ventures,92.13,92.13,1,Food,Delhi,Delhi,Delhi,India,Private Equity,2016,Unknown Investors,70.55,2016-03-19,2016-03-19,4,2015,2016,2016
origo commodities,91.3,91.3,1,Logistics,Hyderabad,Hyderabad,Telangana,India,Other,2018,"Caspian And Hivosunknowntriodos Fund, Cooperative Oikocredit",172.64,2018-10-06,2018-10-06,3,2018,2018,2018
pronto,91.3,91.3,1,Consumer,Gurgaon,Gurgaon,Haryana,India,Series A,2025,"General Catalyst, Glade Brook Capital",1.49,2025-08-24,2025-08-24,2,2025,2025,2025
anicut capital,91.3,91.3,1,Alternative Asset Management,Chennai,Chennai,Tamil Nadu,India,Other,2024,Gift City Structure,33.2,2024-10-05,2024-10-05,3,2024,2024,2024
fundsindiacom,91.3,91.3,1,Fintech,Chennai,Chennai,Tamil Nadu,India,Private Equity,2015,"Faering Capital, Foundation Capital, Inventus Capital Partners",15.77,2015-06-16,2015-06-16,1,2015,2015,2015
cuponation,91.3,91.3,1,Consumer Internet,Gurgaon,Gurgaon,Haryana,India,Private Equity,2016,"Deutsche Telekom Strategic Investments (Dtsi), E.Ventures, Holtzbrink Ventures, New Enterprise Associates (Nea), Rocket Internet Ag, Ruunknownnet, Silicon Valley Bank",1.0,2016-02-10,2016-02-10,4,2015,2016,2016
rapidclaims,91.3,91.3,1,Ai,Akola,Akola,Maharashtra,India,Other,2025,"Accel, Together Fund",132.8,2025-04-20,2025-04-20,1,2025,2025,2025
chqbook,91.3,41.5,3,Fintech,Gurgaon,Gurgaon,Haryana,India,"Series A, Unknown, Other","2020, 2021","Aavishkaar Capital, Aavishkaar Venture Capital, Rajiv Dadlani Group, Ywc Venture Capital",49.8,2020-03-05,2021-09-14,"1, 2, 4","2019, 2021",2020,2021
ruptok,91.3,83.0,2,Fintech,Delhi,Delhi,Delhi,India,Unknown,2021,"Eclear Leasing, Wurk",83.0,2021-01-10,2021-08-19,"2, 4","2020, 2021",2021,2021
tochai,91.3,91.3,1,Saas,Mumbai,Mumbai,Maharashtra,India,Series A,2021,Unknown,8.3,2021-10-15,2021-10-15,3,2021,2021,2021
paperfly,91.3,91.3,1,Ecommerce,Bangalore,Bangalore,Karnataka,India,Unknown,2021,Ecom Express,3.32,2021-01-19,2021-01-19,4,2020,2021,2021
aquaconnect,91.3,58.1,2,Fishery,Chennai,Chennai,Tamil Nadu,India,"Pre-Series A, Unknown","2021, 2022","Flourish Ventures, Rebright Partners, Trifecta Capital",33.2,2021-07-17,2022-03-19,"2, 4",2021,2021,2022
antaios,91.3,91.3,1,Technology,France,Nan,Nan,France,Unknown,2020,Unknown,124.5,2020-10-05,2020-10-05,3,2020,2020,2020
creditmantri,90.5,63.08,3,Credit Management,Chennai,Chennai,Tamil Nadu,India,"Private Equity, Unknown","2015, 2017, 2020","Accion Venture Lab, Elevar Equity, Gowri Mukherjee, Idg Ventures India, Quounknown Capital, R Sudarshan, Ranjit Punja",83.83,2015-06-21,2020-01-10,"1, 4","2015, 2016, 2019",2015,2020
incred,90.47,48.97,2,Fintech,Mumbai,Mumbai,Maharashtra,India,Debt,"2019, 2020","Fiscal, Pushpak Credit, Unknown",48.97,2019-12-23,2020-01-27,"3, 4",2019,2019,2020
micromitti,90.0,90.0,1,Proptech,Indore,Indore,Madhya Pradesh,India,Unspecified Round,2025,"And Business Leaders, Family Offices, Prominent Hnis",49.8,2025-01-20,2025-01-20,4,2024,2025,2025
reevoy,89.64,89.64,1,Homedecor,United Kingdom,Nan,Nan,United Kingdom,Unknown,2022,Kilde And Earlsfield Capital,17.43,2022-10-19,2022-10-19,3,2022,2022,2022
nowpurchase,89.64,49.8,3,B2B,Kolkata,Kolkata,West Bengal,India,"Seed, Other","2022, 2024","100 Unicorns, Info Edge Ventures, Infoedge Ventures, Orios, Orios Ventures, Vc Grid",39.84,2022-01-12,2024-09-16,"2, 4","2021, 2024",2022,2024
lending kart,89.22,89.22,1,Consumer Internet,Ahmedabad,Ahmedabad,Gujarat,India,Private Equity,2017,"Bertelsmann India, Darrin Capital, Mayfield Capital, Saama Capital",83.0,2017-09-25,2017-09-25,2,2017,2017,2017
bambrew,89.15,87.15,2,Renewables & Environment,Bangalore,Bangalore,Karnataka,India,"Other, Series B","2022, 2025","Ashok Goel, Enrission India Capital, Uplifting Rural Development",2.0,2022-01-13,2025-07-13,"2, 4","2021, 2025",2022,2025
the hosteller,88.3,48.0,3,Hospitality,Mumbai,Mumbai,Maharashtra,India,"Pre-Series A, Series A, Other","2021, 2024","Angelist, Blacksoil (Debt), Faad Network, Jito Angel Network, Letsventure Angel Fund, Others, Shubhkam Ventures, Sunicon Ventures, V Cube Ventures, V3 Ventures",40.3,2021-11-24,2024-11-23,"2, 3","2021, 2024",2021,2024
mintoak,87.6,71.0,2,Fintech,Mumbai,Mumbai,Maharashtra,India,"Pre-Series A, Other","2020, 2025","Pravega Ventures, Z3Partners",16.6,2020-05-27,2025-01-27,"1, 4","2020, 2024",2020,2025
fresh bus,87.5,87.5,1,Electric Intercity Bus,Hyderabad,Hyderabad,Telangana,India,Series A,2024,"Alteria Capital, Maniv, Riverwalk Holdings, Shell Ventures",33.2,2024-08-09,2024-08-09,2,2024,2024,2024
sahi,87.15,87.15,1,Fintech,Mumbai,Mumbai,Maharashtra,India,Series A,2025,"Accel, Elevation Capital",14.94,2025-06-16,2025-06-16,1,2025,2025,2025
tricog,87.15,87.15,1,Healthcare,Bangalore,Bangalore,Karnataka,India,Series B,2020,"Aflac Ventures, Dream Incubator, Llc, Teamfund, Utecunknownthe University Of Tokyo Edge Capital",24.9,2020-03-06,2020-03-06,4,2019,2020,2020
log 9 materials,87.15,70.55,2,Deeptech,Bangalore,Bangalore,Karnataka,India,"Series A, Unknown",2021,"Amara Raja Batteries, Petrounknowns Ventures",70.55,2021-08-06,2021-10-24,"2, 3",2021,2021,2021
biconomy,87.15,74.7,2,Blockchain,Delhi,Delhi,Delhi,India,"Seed, Unknown",2021,"Biunknownnce Labs, Dacm, Mechanism Capital, Zee Prime Capital",12.45,2021-01-05,2021-07-04,"2, 4","2020, 2021",2021,2021
beco,87.15,83.0,2,Consumer Goods,Mumbai,Mumbai,Maharashtra,India,"Seed, Other","2021, 2024","Climate Angels Fund, Manish Choksi, Rukam Capital, Synergy Capital, Tanglin Venture Partners, Titan Capital Winners Fund",4.15,2021-07-23,2024-08-05,2,"2021, 2024",2021,2024
get my parking,86.95,49.8,4,Technology,Delhi,Delhi,Delhi,India,"Private Equity, Seed, Unknown","2016, 2017, 2021","Beenext, Ian Fund, Indian Angel Network, Indian Angel Network (Ian), Ivycap Ventures, Sunil Munjal, The Chenunknowni Angels",37.15,2016-05-22,2021-05-01,"1, 2, 4","2016, 2017, 2021",2016,2021
airbound,85.91,71.8,2,Drone Technology,Mumbai,Mumbai,Maharashtra,India,Seed,"2024, 2025","Angel Investors, Gradcapital, Humba Ventures, Lightspeed",14.11,2024-11-01,2025-10-26,3,"2024, 2025",2024,2025
zype,85.49,85.49,1,Fintech,Mumbai,Mumbai,Maharashtra,India,Unknown,2025,Unleash Capital Partners,0.83,2025-08-16,2025-08-16,2,2025,2025,2025
dentalkart,85.0,85.0,1,Dental Supplies,Delhi,Delhi,Delhi,India,Unknown,2024,"Malabar Investment, Whiteoak",4.98,2024-12-20,2024-12-20,3,2024,2024,2024
lybrate,84.66,84.66,1,Healthcare,Delhi,Delhi,Delhi,India,Private Equity,2015,"Nexus Venture Partners, Ratan Tata, Tiger Global Maunknowngement",4.57,2015-07-19,2015-07-19,2,2015,2015,2015
fyllo,84.66,81.34,2,Agritech,Bangalore,Bangalore,Karnataka,India,"Seed, Series C","2021, 2022","Indian Angel Network, Lead Angels, Sol Global Investments And Jw Asset Maunknowngement, Titan Capital",3.32,2021-06-18,2022-05-15,1,"2021, 2022",2021,2022
scentials,84.4,49.8,2,Personal Care,Mumbai,Mumbai,Maharashtra,India,"Unknown, Other","2021, 2025","Ambiga Subramanian, Goutham Ekollu, Indus Way Emerging Market Fund, Tiw Private Equity",49.8,2021-02-03,2025-02-11,4,"2020, 2024",2021,2025
numbermall,83.0,83.0,1,Other,Unknown,Nan,Nan,Nan,Private Equity,2015,Sri Capital,8.3,2015-01-01,2015-01-01,4,2014,2015,2015
sarvagram,83.0,83.0,1,Fintech,Mumbai,Mumbai,Maharashtra,India,Series B,2021,Elevation Capital,23.24,2021-02-11,2021-02-11,4,2020,2021,2021
chaipoint,83.0,83.0,1,Food Subscription,Bangalore,Bangalore,Karnataka,India,Private Equity,2015,Eight Roads Ventures,8.89,2015-09-14,2015-09-14,2,2015,2015,2015
zopnow,83.0,83.0,1,Online Grocer,Bangalore,Bangalore,Karnataka,India,Private Equity,2015,"Accel, Dragoneer Investment, Qualcomm Ventures, Times Internet",28.22,2015-04-01,2015-04-01,1,2015,2015,2015
attune,83.0,83.0,1,Healthcare,Chennai,Chennai,Tamil Nadu,India,Private Equity,2015,"Norwest Venture Partners, Qualcomm Venture",232.4,2015-10-25,2015-10-25,3,2015,2015,2015
fame,83.0,83.0,1,Other,Unknown,Nan,Nan,Nan,Private Equity,2015,To The New Ventures,21.0,2015-01-10,2015-01-10,4,2014,2015,2015
atomberg technology,83.0,83.0,1,Consumer Technology,Mumbai,Mumbai,Maharashtra,India,Series A,2019,A91 Partners,249.0,2019-09-02,2019-09-02,2,2019,2019,2019
vestspace,83.0,83.0,1,Spacetech,Pune,Pune,Maharashtra,India,Unknown,2020,Next Capital,83.0,2020-05-11,2020-05-11,1,2020,2020,2020
nowfloats,83.0,83.0,1,Consumer Internet,Hyderabad,Hyderabad,Telangana,India,Private Equity,2017,"Blume Ventures, Iron Pillar And Iifl, Omidyar Network",4.15,2017-01-03,2017-01-03,4,2016,2017,2017
astrome,83.0,83.0,1,Telecom Eband,Bangalore,Bangalore,Karnataka,India,Unspecified Round,2025,"Apollo Fund, Ian Group",10.79,2025-01-20,2025-01-20,4,2024,2025,2025
nova benefits,83.0,83.0,1,Healthcare,Bangalore,Bangalore,Karnataka,India,Series A,2021,"Bessemer Venture Partners, Susquehanunknown Interunknowntiounknownl Group",16.0,2021-09-05,2021-09-05,2,2021,2021,2021
inflexor ventures,83.0,83.0,1,Fintech,Mumbai,Mumbai,Maharashtra,India,Unknown,2020,Unknown,52.29,2020-01-19,2020-01-19,4,2019,2020,2020
zouk,83.0,83.0,1,D2C Bags & Luggage,Mumbai,Mumbai,Maharashtra,India,Series B,2024,"Aavishkaar Group, Jj Family, Sharrp Ventures, Stellaris Venture Partners, Titan Capital",10.38,2024-10-11,2024-10-11,3,2024,2024,2024
cynlr,83.0,83.0,1,Deeptech Robotics,Bangalore,Bangalore,Karnataka,India,Series A,2024,"And Other Investors, Athera Venture Partners, Infoedge (Redstart), Pavestone, Speciale Invest",6.22,2024-11-14,2024-11-14,3,2024,2024,2024
4tigo,83.0,83.0,1,Logistics,Bangalore,Bangalore,Karnataka,India,Private Equity,2017,"Accel, Nandan Nilekani",9.13,2017-05-18,2017-05-18,1,2017,2017,2017
loginext,83.0,83.0,1,Endtoend Logistics,Mumbai,Mumbai,Maharashtra,India,Private Equity,2015,Paytm,3.32,2015-09-12,2015-09-12,2,2015,2015,2015
fabheads,83.0,83.0,1,Advanced Hardware & Technology,Chennai,Chennai,Tamil Nadu,India,Series A,2025,"Accel, Trifecta Capital",25.73,2025-06-16,2025-06-16,1,2025,2025,2025
boutique spirit brands,83.0,83.0,1,Wine & Spirits,Delhi,Delhi,Delhi,India,Unknown,2021,"Iifl﻿, Tradecred, ﻿Anicut Angel Fund﻿, ﻿Kae Capital﻿",1734.7,2021-09-25,2021-09-25,2,2021,2021,2021
kapiva,83.0,83.0,1,Ayurvedic,Nan,Nan,Nan,Nan,Series C,2024,Orbimed Asia,1.66,2024-09-21,2024-09-21,2,2024,2024,2024
gofro,83.0,83.0,1,Consumer Internet,Delhi,Delhi,Delhi,India,Private Equity,2017,"His Co. Ltd, Makemytrip",16.6,2017-09-07,2017-09-07,2,2017,2017,2017
vesta space technology,83.0,83.0,1,Technology,Pune,Pune,Maharashtra,India,Unknown,2020,Unknown,12895.0,2020-01-19,2020-01-19,4,2019,2020,2020
sarla aviation,83.0,83.0,1,Aerospace & Electric Flying Taxis,Bangalore,Bangalore,Karnataka,India,Unspecified Round,2025,Accel,0.83,2025-01-23,2025-01-23,4,2024,2025,2025
grabhouse,83.0,83.0,1,Rental Accommodation Search,Bangalore,Bangalore,Karnataka,India,Private Equity,2015,Sequoia And Kalaari Capital.,8.3,2015-10-20,2015-10-20,3,2015,2015,2015
metafin,83.0,83.0,1,Fintech,Mumbai,Mumbai,Maharashtra,India,Series A,2025,Vertex Ventures Seai,53.95,2025-04-26,2025-04-26,1,2025,2025,2025
vakilsearch,83.0,83.0,1,Legal,Chennai,Chennai,Tamil Nadu,India,Unknown,2021,Incorp India,70.55,2021-10-23,2021-10-23,3,2021,2021,2021
babajobs,83.0,83.0,1,Grey Collar Job Board,Bangalore,Bangalore,Karnataka,India,Private Equity,2015,"Affiliates, Seek Ltd",250.0,2015-04-06,2015-04-06,1,2015,2015,2015
sugarfit,83.0,83.0,1,Healthcare,Bangalore,Bangalore,Karnataka,India,Unknown,2021,"Cure.Fit, Endiya Partners, Tanglin Venture",568.76,2021-09-10,2021-09-10,2,2021,2021,2021
zinghr,83.0,83.0,1,Information Technology &,Mumbai,Mumbai,Maharashtra,India,Unknown,2022,Tata Capital Growth Fund Ii,100.5,2022-01-11,2022-01-11,4,2021,2022,2022
kratos gamer network,83.0,83.0,1,Web3 Gaming,Tortola,Nan,Nan,Nan,Unspecified Round,2024,"Aptos Labs, Game7, Polygon",16.6,2024-11-15,2024-11-15,3,2024,2024,2024
edupristine,83.0,83.0,1,Edtech,Mumbai,Mumbai,Maharashtra,India,Private Equity,2016,"Devry Inc, Kaizen Maunknowngement Advisors",16.6,2016-05-05,2016-05-05,1,2016,2016,2016
vayudh,83.0,83.0,1,Drone,Delhi,Delhi,Delhi,India,Unspecified Round,2025,Dharaunknown Capital,249.0,2025-04-08,2025-04-08,1,2025,2025,2025
trucksfirst,83.0,83.0,1,Trucking Logistic Operations,Gurgaon,Gurgaon,Haryana,India,Private Equity,2015,Saif Partners,4.94,2015-05-21,2015-05-21,1,2015,2015,2015
bella vita organic,83.0,83.0,1,Healthcare,Gurgaon,Gurgaon,Haryana,India,Unknown,2021,Aunknownnta Capital,3.32,2021-07-08,2021-07-08,2,2021,2021,2021
milk mantra,83.0,83.0,1,Food,Odisha,Nan,Odisha,India,Unknown,2020,Us Interunknowntiounknownl Development Fiunknownnce Corporation,16.6,2020-06-08,2020-06-08,1,2020,2020,2020
sagacito,83.0,83.0,1,Technology,Delhi,Delhi,Delhi,India,Private Equity,2016,Star India Pvt. Ltd,49.8,2016-07-25,2016-07-25,2,2016,2016,2016
zapr,83.0,83.0,1,Technology,Bangalore,Bangalore,Karnataka,India,Private Equity,2017,Star India Pvt Ltd,0.83,2017-03-22,2017-03-22,4,2016,2017,2017
tartansense,83.0,41.5,2,Information Technology,Bangalore,Bangalore,Karnataka,India,"Unknown, Series A",2021,"Blume Ventures, Fmc, Omnivore",41.5,2021-08-22,2021-08-22,2,2021,2021,2021
vensure,83.0,83.0,1,Pharma,Mumbai,Mumbai,Maharashtra,India,Unknown,2022,Investcorp,2.2,2022-02-10,2022-02-10,4,2021,2022,2022
zaara biotech,83.0,83.0,1,Biotechnology,Kottayam,Kottayam,Kerala,India,Unknown,2021,Tcn Interunknowntiounknownl Commerce,124.5,2021-03-23,2021-03-23,4,2020,2021,2021
firstcrycom,83.0,83.0,1,Ecommerce,Pune,Pune,Maharashtra,India,Private Equity,2015,"Idg Ventures India, Nea Ventures, Silicon Valley Ventures, Valiant Capital, Vertex Ventures, \\Xc2\\Xa0 Saif Partners",2672.61,2015-04-16,2015-04-16,1,2015,2015,2015
minimalist,83.0,83.0,1,Cosmetics,Jaipur,Jaipur,Rajasthan,India,Series A,2021,Sequoia Capital,3490.15,2021-07-23,2021-07-23,2,2021,2021,2021
sanctum wealth,83.0,83.0,1,Investment Management,Mumbai,Mumbai,Maharashtra,India,Unknown,2021,The Xander Group,41.5,2021-09-17,2021-09-17,2,2021,2021,2021
lendenclub,83.0,83.0,1,Fintech,Mumbai,Mumbai,Maharashtra,India,Series A,2021,"Artha Venture Fund, Ohm Stock Brokers, Tuscan Ventures",4.15,2021-12-11,2021-12-11,3,2021,2021,2021
holisol logistics,83.0,83.0,1,Supply & Logistics,Delhi,Delhi,Delhi,India,Private Equity,2015,Clsa Capital Partners Aria Iv Funds,24.9,2015-12-18,2015-12-18,3,2015,2015,2015
smart express,83.0,83.0,1,Logistics,Mumbai,Mumbai,Maharashtra,India,Seed,2021,"Iifl India Private Equity Fund, Smiti Holding, Trading Company",58.1,2021-08-18,2021-08-18,2,2021,2021,2021
e6data,83.0,83.0,1,Data Infrastructure,Unknown,Nan,Nan,Nan,Other,2024,"Accel, Beenext",44.82,2024-09-19,2024-09-19,2,2024,2024,2024
lila games,83.0,83.0,1,Entertainment,Bangalore,Bangalore,Karnataka,India,Series A,2022,Rainfall Ventures,3.32,2022-03-04,2022-03-04,4,2021,2022,2022
idg ventures,83.0,83.0,1,Fintech,Bangalore,Bangalore,Karnataka,India,Private Equity,2017,Uniliver Ventures,100.51,2017-11-10,2017-11-10,3,2017,2017,2017
equal,83.0,83.0,1,Datasharing & Identity Verification,Hyderabad,Hyderabad,Telangana,India,Series A,2024,"Keshav Reddy, Prosus Ventures, Tomales Bay Capital",290.5,2024-11-16,2024-11-16,3,2024,2024,2024
xseed education,83.0,83.0,1,Technology,Bangalore,Bangalore,Karnataka,India,Private Equity,2016,Verlinvest Sa,20.75,2016-12-11,2016-12-11,3,2016,2016,2016
singulr ai,83.0,83.0,1,Enterprise Ai,Bangalore,Bangalore,Karnataka,India,Seed,2025,"Dell Technologies Capital, Nexus Venture Partners",72.21,2025-02-19,2025-02-19,4,2024,2025,2025
travelyaari,83.0,58.1,2,Consumer Internet,Bangalore,Bangalore,Karnataka,India,Private Equity,2016,"Bennett Coleman, Co. Ltd, Gujarat Venture Fiunknownnce Limited (Gvfl), Gvfl Ltd",24.9,2016-06-24,2016-08-25,"1, 2",2016,2016,2016
cometchat,83.0,83.0,1,Computer Software,Mumbai,Mumbai,Maharashtra,India,Series A,2021,Sigunknownl Peak Ventures,1.66,2021-12-07,2021-12-07,3,2021,2021,2021
slikk,83.0,83.0,1,Fashion Delivery,Bangalore,Bangalore,Karnataka,India,Series A,2025,Nexus Venture Partners,29.88,2025-05-12,2025-05-12,1,2025,2025,2025
drivezy,83.0,83.0,1,Consumer Internet,Bangalore,Bangalore,Karnataka,India,Private Equity,2017,"Axan Partners, Das Capital, Das Capital And It Farm",33.2,2017-10-17,2017-10-17,3,2017,2017,2017
innoviti payment,83.0,83.0,1,Fintech,Bangalore,Bangalore,Karnataka,India,Unknown,2022,"Bessemer Venture Partners, Patni Advisors, Trifecta Debt Fund",305.31,2022-01-23,2022-01-23,4,2021,2022,2022
everhope oncology,83.0,83.0,1,Healthcare,Delhi And Mumbai,Nan,Nan,Nan,Seed,2025,Unknown,251.7,2025-03-07,2025-03-07,4,2024,2025,2025
smartairtripcom,83.0,83.0,1,Other,Unknown,Nan,Nan,Nan,Private Equity,2015,Unknown,406.7,2015-02-08,2015-02-08,4,2014,2015,2015
ncore games,83.0,83.0,1,Computer Games,Bangalore,Bangalore,Karnataka,India,Series A,2022,"Amitabh Singhal, Sandeep Nailwal",3.32,2022-01-02,2022-01-02,4,2021,2022,2022
arohan financial,83.0,83.0,1,Other,Unknown,Nan,Nan,Nan,Private Equity,2015,Tano Capital,40.0,2015-03-20,2015-03-20,4,2014,2015,2015
xindus,83.0,83.0,1,Crossborder Logistics,Gurgaon,Gurgaon,Haryana,India,Pre-Series A,2025,3One4 Capital And Orios Venture Partners,58.1,2025-04-22,2025-04-22,1,2025,2025,2025
neso brands,83.0,83.0,1,Eyewear,Singapore,Nan,Nan,Singapore,Unknown,2022,Kohlberg Kravis Roberts Japan And Alpha Wave Global,149.4,2022-05-23,2022-05-23,1,2022,2022,2022
sprinto,83.0,83.0,1,Computer Software,Bangalore,Bangalore,Karnataka,India,Series A,2022,Elevation Capital,6.64,2022-02-10,2022-02-10,4,2021,2022,2022
alt mobility,83.0,83.0,1,Ev Leasing & Management,Delhi,Delhi,Delhi,India,Series A,2024,"Eurazeo, Ev2 Ventures, Shell Ventures, Twyunknownm Earth Fund",23.0,2024-11-10,2024-11-10,3,2024,2024,2024
sportzvillage,83.0,83.0,1,Sports Management & Physical Education Business,Bangalore,Bangalore,Karnataka,India,Private Equity,2015,Gaja Capital Private Equity Fund,3.32,2015-10-06,2015-10-06,3,2015,2015,2015
cointribe,83.0,83.0,1,Fintech,Gurgaon,Gurgaon,Haryana,India,Private Equity,2018,"Others, Puneet Dalmia, Sabre Partners",4984.98,2018-06-11,2018-06-11,1,2018,2018,2018
yourspace,83.0,83.0,1,Hospitality,Delhi,Delhi,Delhi,India,Series A,2022,"Ajax Capital, Holy Basil Consultancy Private Ltd, Shantanu Rastogi",2.9,2022-01-01,2022-01-01,4,2021,2022,2022
eupheus learning,83.0,83.0,1,Edtech,Delhi,Delhi,Delhi,India,Series C,2021,Lightrock India,33.2,2021-09-09,2021-09-09,2,2021,2021,2021
asha ventures,83.0,83.0,1,Venture Capitalist,Mumbai,Mumbai,Maharashtra,India,Unspecified Round,2025,British Interunknowntiounknownl Investment (Bii),26.56,2025-04-14,2025-04-14,1,2025,2025,2025
mysmartprice,83.0,83.0,1,Online Comparison Engine,Hyderabad,Hyderabad,Telangana,India,Private Equity,2015,"Accel, Helion Venture Partners",1.66,2015-07-10,2015-07-10,2,2015,2015,2015
physics wallah,83.0,83.0,1,Edtech,Noida,Noida,Uttar Pradesh,India,Series A,2022,Westbridge Capital And Gsv Ventures,147.74,2022-06-11,2022-06-11,1,2022,2022,2022
shadowfox,83.0,83.0,1,Logistics,Gurgaon,Gurgaon,Haryana,India,Private Equity,2016,Eight Roads Ventures,575.27,2016-12-04,2016-12-04,3,2016,2016,2016
speciale invest,83.0,83.0,1,Fintech,Bangalore,Bangalore,Karnataka,India,Unknown,2021,Unknown,132.8,2021-04-21,2021-04-21,1,2021,2021,2021
phi commerce,82.17,48.97,2,Fintech,Pune,Pune,Maharashtra,India,"Series A, Series B","2021, 2025","Beenext, Yatra Angel Network",33.2,2021-01-20,2025-07-22,"2, 4","2020, 2025",2021,2025
wickedride,82.09,75.53,2,Bike Rental,Bangalore,Bangalore,Karnataka,India,"Seed, Private Equity","2015, 2018","Accel, Raghuunknownndan Gangappa, Sequoia Capital, Unknown",6.56,2015-07-07,2018-06-10,"1, 2","2015, 2018",2015,2018
agrizy,81.34,81.34,1,Agritech,Bangalore,Bangalore,Karnataka,India,Series A,2024,"Accion, Ankur Capital, Capria Ventures, Omnivore, Thai Wah Ventures",226.59,2024-08-13,2024-08-13,2,2024,2024,2024
ad2pro,80.51,80.51,1,Technology,Chennai,Chennai,Tamil Nadu,India,Debt,2018,Avendus Fiunknownnce Pvt. Ltd,41.5,2018-03-22,2018-03-22,4,2017,2018,2018
aris infra,80.0,80.0,1,Techenabled Procurement,Mumbai,Mumbai,Maharashtra,India,Other,2025,Mukul Agrawal (Param Capital),174.3,2025-01-04,2025-01-04,4,2024,2025,2025
investorai,80.0,80.0,1,Equity Investment,London,London,Nan,United Kingdom,Series A,2024,"Ashish Kacholia, Lucky Investment Maunknowngers",1.66,2024-08-02,2024-08-02,2,2024,2024,2024
kluiszai,79.68,79.68,1,Ai,Bangalore,Bangalore,Karnataka,India,Seed,2025,Rtp Global,199.2,2025-07-15,2025-07-15,2,2025,2025,2025
greylabs,79.68,79.68,1,High > Natural Language Processing,Maharashtra,Nan,Maharashtra,India,Series A,2025,Elevation Capital,8.3,2025-10-22,2025-10-22,3,2025,2025,2025
nirmata,79.68,79.68,1,Saas,Bangalore,Bangalore,Karnataka,India,Unspecified Round,2025,"Dallas Venture Capital, Dreamit, Peak Xv’S Surge, Uncorrelated Ventures, Z5 Capital",25.73,2025-02-07,2025-02-07,4,2024,2025,2025
wizrocket,79.68,79.68,1,User Engagment & Analytics,Mumbai,Mumbai,Maharashtra,India,Private Equity,2015,"Accel, Sequoia Capital",14.79,2015-08-04,2015-08-04,2,2015,2015,2015
curefoods raises,79.68,79.68,1,Cloud Kitchen,Bangalore,Bangalore,Karnataka,India,Unknown,2024,Binny And Jitender Kumar Bansal,312.08,2024-09-17,2024-09-17,2,2024,2024,2024
hala mobility,79.05,51.0,2,Evasaservice,Telangana,Nan,Telangana,India,"Pre-Series A, Series A","2024, 2025","Bestvantage, Hnis, Magnifiq Capital Trust, Phani Ramineni, Rohan Bajaj Syndicate, Sarthy Angels, Snehith Reddy, Srikanth Reddy",51.0,2024-11-19,2025-10-28,3,"2024, 2025",2024,2025
skeps,78.85,78.85,1,Fintech,Gurgaon,Gurgaon,Haryana,India,Unknown,2021,Bertelsmann India,439.9,2021-08-22,2021-08-22,2,2021,2021,2021
siglqai,78.85,78.85,1,Edtech,Nan,Nan,Nan,Nan,Seed,2025,The House Fund And Gsv Ventures,1.25,2025-04-19,2025-04-19,1,2025,2025,2025
trainman,78.85,78.85,1,Travel,Gurgaon,Gurgaon,Haryana,India,Seed,2022,Goodwater Capital And Hem Angels,2.47,2022-07-01,2022-07-01,2,2022,2022,2022
getsupp,78.85,78.85,1,Food,Bangalore,Bangalore,Karnataka,India,Seed,2022,Ankit Nagori And Kuunknownl Shah,2.08,2022-07-12,2022-07-12,2,2022,2022,2022
bytelearn,78.85,78.85,1,Edtech,Noida,Noida,Uttar Pradesh,India,Seed,2021,"Aditya Singhal, Nishant Sinha",27.39,2021-12-05,2021-12-05,3,2021,2021,2021
loco,78.7,74.7,2,Gaming,Bangalore,Bangalore,Karnataka,India,"Seed, Series A","2021, 2022","Hashed, Krafton, Lumikai",74.7,2021-06-11,2022-03-18,"1, 4",2021,2021,2022
mobikon,77.19,58.1,2,Restaurant Customer Engagement,Pune,Pune,Maharashtra,India,Private Equity,"2015, 2017","C31 Ventures, Jungle Ventures, Qualgro., Sistema Asia Fund",19.09,2015-07-16,2017-08-13,2,"2015, 2017",2015,2017
data sutram,76.91,74.7,2,Ai,Kolkata,Kolkata,West Bengal,India,"Unknown, Series A","2020, 2025","B Capital, Lightspeed, Mitesh Shah, Nitin Jain, Uday Sodhi",2.21,2020-08-15,2025-05-09,"1, 2","2020, 2025",2020,2025
renew buy,76.36,76.36,1,Consumer Internet,Delhi,Delhi,Delhi,India,Private Equity,2017,Amicus Capital,269.75,2017-10-17,2017-10-17,3,2017,2017,2017
blusapphire cyber system,76.36,76.36,1,Information Technology,Stamford,Stamford,Connecticut,Usa,Series B,2022,Baring Private Equity India And Dallas Venture Capital,332.0,2022-10-21,2022-10-21,3,2022,2022,2022
decimal,76.36,76.36,1,Fintech,Indianapolis,Indianapolis,Indiana,Usa,Unknown,2022,Service Provider Capital And Arthur Ventures,20.75,2022-05-04,2022-05-04,1,2022,2022,2022
epns,76.0,76.0,1,Harsh Rajat Richa Joshi,Nan,Nan,Nan,Nan,Unknown,2022,Seed,1660.0,2022-04-25,2022-04-25,1,2022,2022,2022
protecttai,76.0,76.0,1,Mobile Security,Gurgaon,Gurgaon,Haryana,India,Series A,2025,Bessemer Venture Partners,24.9,2025-03-06,2025-03-06,4,2024,2025,2025
entropik,75.53,66.4,2,It,Bangalore,Bangalore,Karnataka,India,"Other, Series A","2018, 2020","Arthavida Ventures, Bharat Innovation, Bharat Innovation Fund, Idfcunknownparampara Capital, Idfcunknownparampara Fund, Jitendra Gupta, Others",9.13,2018-07-01,2020-01-18,"2, 4","2018, 2019",2018,2020
ketto,75.53,63.91,3,Crowd Funding,Mumbai,Mumbai,Maharashtra,India,"Seed, Unknown","2015, 2020","Ah! Ventures, Calcutta Angels, Chenunknowni Angels, India Internet Fund, Indus Age Partners, Intellecap Impact Investment Network, Letsventure, Mumbai Angels, Others, Pradyumunknown Dalmia, Redcliffe Capital, Singapore Angel Network, Sudhir Rao",11.62,2015-07-06,2020-01-18,"2, 4","2015, 2019",2015,2020
zevi,75.11,75.11,1,Software,Bangalore,Bangalore,Karnataka,India,Pre-Seed,2022,Kube Vc And Entrepreneur First A,8260.16,2022-09-12,2022-09-12,2,2022,2022,2022
vehant,75.0,75.0,1,Security & Surveillance,Noida,Noida,Uttar Pradesh,India,Other,2025,True North’S Private Credit Fund,463.97,2025-01-19,2025-01-19,4,2024,2025,2025
wrogn,75.0,75.0,1,Mens Apparel,Bangalore,Bangalore,Karnataka,India,Unspecified Round,2024,Aditya Birla Digital Fashion Ventures Ltd (Abdfvl),9.13,2024-10-01,2024-10-01,3,2024,2024,2024
graasai,74.7,74.7,1,Ai,Singapore,Nan,Nan,Singapore,Series B,2025,Tin Men Capital,25.9,2025-08-03,2025-08-03,2,2025,2025,2025
up funds,74.7,74.7,1,Saas,Bangalore,Bangalore,Karnataka,India,Unknown,2022,Westbridge Capital,2133.1,2022-02-24,2022-02-24,4,2021,2022,2022
instoried,74.7,66.4,2,Ai,Bangalore,Bangalore,Karnataka,India,"Pre-Series A, Unknown","2020, 2021","9Unicorns, Pritt Investment Partners, Sosv, Venture Catalysts",8.3,2020-11-18,2021-10-06,3,"2020, 2021",2020,2021
metaforms,74.7,74.7,1,Ai,Bangalore,Bangalore,Karnataka,India,Series A,2025,Peak Xv Partners,83.0,2025-07-03,2025-07-03,2,2025,2025,2025
bombay shirt,74.7,66.4,2,Ecommerce,Mumbai,Mumbai,Maharashtra,India,"Private Equity, Unknown","2016, 2020","Lightbox Ventures, Undisclosed Investor",8.3,2016-06-06,2020-01-20,"1, 4","2016, 2019",2016,2020
sunday,74.7,74.7,1,Fintech,Bangkok,Bangkok,Nan,Thailand,Other,2020,"Line Ventures, Scb 10X",415.0,2020-01-16,2020-01-16,4,2019,2020,2020
qikpod,74.7,74.7,1,Ecommerce,Bangalore,Bangalore,Karnataka,India,Private Equity,2015,"Accel, Delhivery, Flipkart, Foxconn",2.08,2015-11-19,2015-11-19,3,2015,2015,2015
sea6 energy,74.7,74.7,1,Biotechnology,Bangalore,Bangalore,Karnataka,India,Series B,2021,Aquaunknownspark,8.3,2021-07-18,2021-07-18,2,2021,2021,2021
practically,74.7,41.5,2,Edtech,Telangana,Nan,Telangana,India,"Other, Unknown",2021,"Earlsfield Capital, Nb Ventures, Siaunknown Capital",33.2,2021-01-27,2021-12-19,"3, 4","2020, 2021",2021,2021
makers hive,74.7,74.7,1,Technology,Hyderabad,Hyderabad,Telangana,India,Unknown,2021,"Investpad, Starfish Growth Partners",1577.0,2021-01-01,2021-01-01,4,2020,2021,2021
meddo,74.7,49.8,2,Healthcare,Gurgaon,Gurgaon,Haryana,India,"Pre-Series A, Unknown",2021,"Alkemi Capital, Growx Ventures, Picus Capital, Sri Capital, Venture Gurukool",24.9,2021-01-08,2021-06-21,"1, 4","2020, 2021",2021,2021
pando,74.7,74.7,1,Logitech,Chennai,Chennai,Tamil Nadu,India,Series A,2020,Chiratae Ventures,51.46,2020-01-07,2020-01-07,4,2019,2020,2020
arrivae,74.7,74.7,1,Furniture,Mumbai,Mumbai,Maharashtra,India,Series B,2022,"Havells, Think Investments",83.0,2022-02-20,2022-02-20,4,2021,2022,2022
ennoventure,73.87,73.87,1,Protection & Authentication,Bangalore,Bangalore,Karnataka,India,Series A,2024,"Fenice Investment Group, Safe Investors, Tanglin Venture Partners",60.59,2024-11-14,2024-11-14,3,2024,2024,2024
eazydiner,73.45,48.55,2,Restaurant Reservation,Gurgaon,Gurgaon,Haryana,India,Private Equity,"2015, 2018","Denlow Investment Trust And Beenext, Dsg Consumer Partners, Saama Capital",24.9,2015-08-18,2018-08-25,2,"2015, 2018",2015,2018
gullak,73.04,62.25,2,Fintech,Noida,Noida,Uttar Pradesh,India,"Unknown, Series A","2022, 2025","Chiratae Ventures, Stellaris Ventures",10.79,2022-06-05,2025-09-25,"1, 2","2022, 2025",2022,2025
antwalk,73.04,73.04,1,Edtech,Bangalore,Bangalore,Karnataka,India,Series A,2022,Y Combiunknowntor And Matrix Partners India,464.8,2022-07-17,2022-07-17,2,2022,2022,2022
masterchow,72.72,53.95,3,Hauz Khas,Food Beverages,Nan,Nan,Nan,"Seed, Unknown, Series A","2021, 2022, 2024","Fluid Ventures And Anicut Capital, Tanglin Venture Partners, Weh Ventures",18.77,2021-12-17,2024-12-12,"1, 3","2021, 2022, 2024",2021,2024
mysun,72.68,35.33,3,Technology,Noida,Noida,Uttar Pradesh,India,"Private Equity, Pre-Series A, Unknown","2016, 2020, 2021","General Catalyst Partners, Tata Cleantech Capital, Unknown",56.08,2016-10-18,2021-07-02,"1, 2, 3","2016, 2020, 2021",2016,2021
unnati,72.21,58.1,2,Agritech,Noida,Noida,Uttar Pradesh,India,"Pre-Series A, Series A","2020, 2021","Incofin, Nabventures, Orios",14.11,2020-10-27,2021-11-21,3,"2020, 2021",2020,2021
bulbul,72.21,72.21,1,Social Commerce,Gurgaon,Gurgaon,Haryana,India,Unknown,2020,Info Edge,33.2,2020-07-25,2020-07-25,2,2020,2020,2020
sindhuja microcredit,72.21,72.21,1,Fintech,Noida,Noida,Uttar Pradesh,India,Unknown,2020,Nordic Microfiunknownnce Initiative,66.4,2020-05-28,2020-05-28,1,2020,2020,2020
holachef,72.09,25.73,5,Other,Unknown,Nan,Nan,Nan,"Private Equity, Other","2015, 2016, 2017, 2018","Ashok Kumar Gajera, India Quotient, Kalaari Capital, Sidbi Venture Capital Ltd",69.51,2015-02-22,2018-02-21,"1, 2, 4","2014, 2015, 2016, 2017",2015,2018
aviom,72.06,66.4,2,Fintech,Delhi,Delhi,Delhi,India,"Debt, Series C","2020, 2021","C4D Partners, Insitor Partners, Sabre Partners",5.66,2020-01-25,2021-10-01,"3, 4","2019, 2021",2020,2021
ziploan,71.79,24.9,4,Consumer Internet,Delhi,Delhi,Delhi,India,"Unknown, Seed, Private Equity","2017, 2020","Matrix Partners, Sarbvir Singh, Stride Ventures, Waterbridge Ventures, Whiteboard Capital",46.89,2017-06-18,2020-12-03,"1, 2, 3","2017, 2020",2017,2020
truebil,71.79,42.74,3,Used Car,Mumbai,Mumbai,Maharashtra,India,"Private Equity, Seed","2015, 2016, 2017","Anupam Mittal, Inventus Capital, Kae Capital, Kalaari Capital, Shunwei Capital, Tekton Ventures",46.89,2015-06-11,2017-02-19,"1, 4","2015, 2016",2015,2017
rao iit academy,71.38,71.38,1,Edtech,Mumbai,Mumbai,Maharashtra,India,Debt,2018,Avendus Fiunknownnce,191.73,2018-01-09,2018-01-09,4,2017,2018,2018
fusion microfinance,71.38,71.38,1,Micro Finance,Delhi,Delhi,Delhi,India,Private Equity,2015,"Development Fiunknownnce Institution Belgian Investment Company, Oikocredit",41.5,2015-06-19,2015-06-19,1,2015,2015,2015
popxo,71.38,45.65,2,Consumer Internet,Delhi,Delhi,Delhi,India,Private Equity,"2017, 2018","And Gurpreet Singh, Atul Goel, Gree Ventures, Gree Ventures And Summit Media, Idg Ventures India, Kalaari Capital, Kalaari Capital And Idg Ventures India, Neoplux, Oppo, Summit Media",25.73,2017-03-10,2018-04-22,"1, 4","2016, 2018",2017,2018
hyperbots,70.55,53.95,2,Ai,Dover,Dover,Delaware,Usa,Seed,"2024, 2025","Arkam Ventures And Athera Venture Partners, Athera Venture Partners, Kalaari Capital, Sunicon Ventures",16.6,2024-08-04,2025-05-28,"1, 2","2024, 2025",2024,2025
stan,70.55,70.55,1,Media & Entertainment,Chennai,Chennai,Tamil Nadu,India,Series A,2025,Unknown,6.6,2025-07-25,2025-07-25,2,2025,2025,2025
acefour accesoeies,70.55,70.55,1,Travel,Mumbai,Mumbai,Maharashtra,India,Seed,2022,Sixth Sense Ventures And Volrado Ventures,611.71,2022-07-27,2022-07-27,2,2022,2022,2022
paré innovations,70.55,70.55,1,Building Material Segment,Mumbai,Mumbai,Maharashtra,India,Unspecified Round,2025,Advenza Global Limited,1.64,2025-04-05,2025-04-05,1,2025,2025,2025
vajro,70.55,70.55,1,Computer Software,Chennai,Chennai,Tamil Nadu,India,Series A,2022,Five Elms Capital,5.39,2022-01-28,2022-01-28,4,2021,2022,2022
big basket,70.55,41.5,2,Ecommerce,Bangalore,Bangalore,Karnataka,India,"Private Equity, Unknown","2017, 2020","Helion Ventures Partners, Trifecta Capital",41.5,2017-10-21,2020-02-23,"3, 4","2017, 2019",2017,2020
docsapp,69.72,59.76,2,Consumer Internet,Bangalore,Bangalore,Karnataka,India,Private Equity,"2016, 2017","Aunknownnd Rajaraman, Bessemer Venture Partners, Rebright Partners, Venky Hariunknownrayan",9.96,2016-04-12,2017-12-09,"1, 3","2016, 2017",2016,2017
testbook,69.72,69.72,1,Edtech,Unknown,Nan,Nan,Nan,Series B,2020,Iron Pillar,332.0,2020-01-11,2020-01-11,4,2019,2020,2020
opinio,68.89,58.1,2,Hyperlocal Food & Grocery Store,Bangalore,Bangalore,Karnataka,India,"Seed, Private Equity",2015,"Accel, Delhivery, Others, Sands Capital And Accel Partners, Traxcn Labs",10.79,2015-07-25,2015-10-04,"2, 3",2015,2015,2015
beyond snack,68.89,68.89,1,Banana Chips,Alappuzha,Alappuzha,Kerala,India,Series A,2025,12 Flags Group,49.8,2025-01-20,2025-01-20,4,2024,2025,2025
active ai,68.47,68.47,1,Technology,Bangalore,Bangalore,Karnataka,India,Private Equity,2017,Vertex Ventures,6515.5,2017-11-06,2017-11-06,3,2017,2017,2017
power gummies,68.1,49.8,3,Nutrition,Delhi,Delhi,Delhi,India,"Unknown, Series A, Bridge","2021, 2022, 2024","100Unicorn, 9Unicorns, Dsgcp, Jaipuria Family Office, Others, Quadrant, Venture Catalysts, Wipro, Wipro Consumer",58.1,2021-06-28,2024-12-17,"1, 3, 4","2021, 2024",2021,2024
mcaffeine,68.06,41.5,3,Ecommerce,Bangalore,Bangalore,Karnataka,India,"Series B, Seed","2016, 2020","Amicus Capital, Harminder Sahani, Kaushal Agarwal, Kk Mehra, Navjot Saini, Praunknowny Jivrajka, Rpsg Ventures",26.56,2016-12-02,2020-10-19,"3, 4","2016, 2019, 2020",2016,2020
grover zampa,68.06,68.06,1,Food,Mumbai,Mumbai,Maharashtra,India,Private Equity,2018,Ravi Viswaunknownthan,166.0,2018-10-21,2018-10-21,3,2018,2018,2018
mihup,68.06,55.61,2,Technology,Kolkata,Kolkata,West Bengal,India,"Private Equity, Series A","2016, 2020","Accel, Ideaspring Capital",55.61,2016-09-16,2020-12-07,"2, 3","2016, 2020",2016,2020
unbox robotics,68.06,58.1,2,Ai,Bangalore,Bangalore,Karnataka,India,"Pre-Series A, Series A",2021,"3One4 Capital, Beenext, Entrepreneur First, Sixth Sense Ventures",9.96,2021-04-12,2021-12-26,"1, 3",2021,2021,2021
mydentist,68.06,68.06,1,Dental Clinic,Mumbai,Mumbai,Maharashtra,India,Private Equity,2015,"Asian Healthcare Fund, Lgt Group, Seedfund",5.81,2015-06-18,2015-06-18,1,2015,2015,2015
sportskeeda,67.56,67.56,1,Gaming And Media,Bangalore,Bangalore,Karnataka,India,Unknown,2024,Unknown,9.13,2024-12-24,2024-12-24,3,2024,2024,2024
pitstop,66.57,29.05,4,Consumer Internet,Bangalore,Bangalore,Karnataka,India,"Private Equity, Unknown, Series A","2017, 2020, 2021","Acko Technology, Amiya Pathak, Anurag Srivastava, Blume Ventures, Clairvest Group, Goldbell Group, Letsventure, Ontario Centres Of Excellence, Rajesh Yohaunknownn And Rahul Garg, Services, Shailesh Rao, Tpgunknownbacked Group Landmark",37.52,2017-09-23,2021-04-09,"1, 2, 4","2017, 2019, 2021",2017,2021
wooplr,66.4,66.4,1,Ecommerce,Bangalore,Bangalore,Karnataka,India,Private Equity,2017,"Amereus Group, Helion Ventures, Sistema Asia Fund",0.25,2017-02-13,2017-02-13,4,2016,2017,2017
4basecare,66.4,49.8,2,Healthcare,Bangalore,Bangalore,Karnataka,India,"Pre-Series A, Series A","2021, 2024","Growx Ventures, Mount Judi Ventures, Season Two Ventures, Yali Capital",16.6,2021-03-18,2024-08-15,"2, 4","2020, 2024",2021,2024
simsim,66.4,66.4,1,Social Commerce,Bangalore,Bangalore,Karnataka,India,Series B,2020,"Accel, Good Capital, Shunwei Capital",157.7,2020-02-14,2020-02-14,4,2019,2020,2020
salesken,66.4,66.4,1,Ai & Data Science,Bangalore,Bangalore,Karnataka,India,Series A,2020,Sequoia India,12.45,2020-03-06,2020-03-06,4,2019,2020,2020
genleap,66.4,66.4,1,Professional Training & Coaching,Haryana,Nan,Haryana,India,Seed,2021,"Ayush Singh, Kevin Donlon, Vivek Vaidya",33.2,2021-11-07,2021-11-07,3,2021,2021,2021
posha,66.4,66.4,1,Kitchen Robotics,Posha,Nan,Nan,Nan,Series A,2025,Accel,2642.47,2025-05-16,2025-05-16,1,2025,2025,2025
gramcover,66.4,58.1,2,Fintech,Delhi,Delhi,Delhi,India,"Seed, Series A","2016, 2021","Inflexor Ventures, Omnivore Capital, Siaunknown Capital, Stride Ventures",8.3,2016-11-28,2021-10-01,3,"2016, 2021",2016,2021
farm taaza,66.4,66.4,1,Technology,Bangalore,Bangalore,Karnataka,India,Private Equity,2017,"Epsilon Venture Partners, Tara India Fund Iv And Others",29.05,2017-10-11,2017-10-11,3,2017,2017,2017
kindlifein,66.4,66.4,1,Beauty Wellness And Health,Delhi,Delhi,Delhi,India,Series A,2024,"Jbunknowndooeun, Kalaari Capital And Angel Investors, Mixi Global Investments, Tk Fund",1365.35,2024-08-17,2024-08-17,2,2024,2024,2024
kodo card,66.4,66.4,1,Fintech,Mumbai,Mumbai,Maharashtra,India,Seed,2021,"Brex, Yunknowncombiunknowntor",166.0,2021-05-26,2021-05-26,1,2021,2021,2021
mindgrove,66.4,66.4,1,Semiconductor Design,Chennai,Chennai,Tamil Nadu,India,Series A,2024,"Anshul Goel, Mela Ventures, Nishchay Goel, Peak Xv Partners, Rocketship.Vc, Speciale Invest, Whiteboard Capital",6.22,2024-12-05,2024-12-05,3,2024,2024,2024
voltup,66.4,66.4,1,Ev Infrastructure,Pune,Pune,Maharashtra,India,Seed,2025,Em Impact Capital (Ukunknownbased Impact Investment Firm),0.83,2025-01-17,2025-01-17,4,2024,2025,2025
wizcommerce,66.4,66.4,1,Enteprise,Bangalore,Bangalore,Karnataka,India,Series A,2025,Peak Xv Partners,327.85,2025-08-23,2025-08-23,2,2025,2025,2025
coutloot,66.4,66.4,1,Consumer,Mumbai,Mumbai,Maharashtra,India,Other,2021,"9Unicorns, Ameba Capital",3.32,2021-09-18,2021-09-18,2,2021,2021,2021
wit and chai,66.4,66.4,1,Business > Marketing,Maharashtra,Nan,Maharashtra,India,Seed,2025,Sanjay Katkar,4.5,2025-10-02,2025-10-02,3,2025,2025,2025
sweet karam coffee,66.4,66.4,1,Foods And Beverages,Chennai,Chennai,Tamil Nadu,India,Series A,2025,Peak Xv Partners,19.4,2025-04-03,2025-04-03,1,2025,2025,2025
cloud lending,66.4,66.4,1,Endtoend Lending,Bangalore,Bangalore,Karnataka,India,Private Equity,2015,Sf Capital Group,2.08,2015-10-16,2015-10-16,3,2015,2015,2015
hevo,66.4,66.4,1,Technology,Bangalore,Bangalore,Karnataka,India,Series A,2020,"Lachy Groom, Qualgro",6.47,2020-07-13,2020-07-13,2,2020,2020,2020
shopdeck,66.4,66.4,1,D2C,Bangalore,Bangalore,Karnataka,India,Series B,2024,"And Chiratae Ventures, Bessemer Venture Partners, Elevation Capital, Venture Highway",1723.91,2024-11-28,2024-11-28,3,2024,2024,2024
vahan,66.4,66.4,1,Information Technology &,Bangalore,Bangalore,Karnataka,India,Series A,2021,Khosla Ventures,193.39,2021-09-25,2021-09-25,2,2021,2021,2021
werize,66.4,66.4,1,Fintech,Bangalore,Bangalore,Karnataka,India,Series A,2021,"3One4 Capital, Kalaari Capital",20.75,2021-09-13,2021-09-13,2,2021,2021,2021
deconstruct,65.0,65.0,1,D2C Skincare,Bangalore,Bangalore,Karnataka,India,Unspecified Round,2025,"Beenext, Bold (L’Oréal’S Vc Fund), Dsg Consumer Partners, Kalaari Capital, V3 Ventures",1.66,2025-01-18,2025-01-18,4,2024,2025,2025
optimized electrotech,64.74,49.8,2,Aeorspace,Ahmedabad,Ahmedabad,Gujarat,India,"Pre-Series A, Series A","2021, 2025","Blume Ventures And Mela Ventures, Gvfl",14.94,2021-04-11,2025-04-22,1,"2021, 2025",2021,2025
maxiq formerly gyaan ai,64.74,64.74,1,Ai,Bangalore,Bangalore,Karnataka,India,Seed,2025,"Dell Technologies Capital, Intel Capital",5.0,2025-03-14,2025-03-14,4,2024,2025,2025
cityflo,64.32,58.1,2,Bus Aggregation And Rental Mobile,Mumbai,Mumbai,Maharashtra,India,"Seed, Series A","2015, 2020","Anupam Mittal, Idg Ventures, India Quotient",6.22,2015-11-05,2020-11-13,3,"2015, 2020",2015,2020
questt,64.32,56.02,2,Edtech,Gurgaon,Gurgaon,Haryana,India,"Seed, Series A",2021,"Aet Fund, Celesta Capital, Chiratae Ventures",8.3,2021-03-23,2021-10-28,"3, 4","2020, 2021",2021,2021
nodwin gaming,64.0,64.0,1,Gaming And Entertainment,Gurgaon,Gurgaon,Haryana,India,Other,2024,Nazara Technologies,166.0,2024-12-13,2024-12-13,3,2024,2024,2024
distil,63.91,63.91,1,Ecommerce,Mumbai,Mumbai,Maharashtra,India,Series A,2025,"Ceunknownventures, Jungle Ventures",9.96,2025-09-21,2025-09-21,2,2025,2025,2025
weareholidays,63.91,63.91,1,Consumer Internet,Gurgaon,Gurgaon,Haryana,India,Private Equity,2017,Urrshila Kerkar,62.25,2017-04-11,2017-04-11,1,2017,2017,2017
cube26,63.91,63.91,1,Gesture Based Mobile Development,Delhi,Delhi,Delhi,India,Private Equity,2015,"Flipkart, Tiger Global Maunknowngement",4.15,2015-10-14,2015-10-14,3,2015,2015,2015
newtrace,63.91,63.91,1,Cleantech,Bangalore,Bangalore,Karnataka,India,Pre-Seed,2022,Micelio Fund And Speciale Invest,46.89,2022-06-21,2022-06-21,1,2022,2022,2022
cultures to love,63.91,63.91,1,Food,Mumbai,Mumbai,Maharashtra,India,Series A,2022,Insitor Partners And Alkemi Venture Partners,53.95,2022-08-09,2022-08-09,2,2022,2022,2022
junio,63.08,49.8,3,Edtech,Delhi,Delhi,Delhi,India,"Unknown, Seed, Pre-Series A","2021, 2022","Amit Lakhotia, Deepak Abbot, Kuunknownl Shah, Nb Ventures, Pravin Jadhav",13.28,2021-01-27,2022-03-27,"1, 4","2020, 2021",2021,2022
talentedge,63.08,63.08,1,Technology,Bangalore,Bangalore,Karnataka,India,Private Equity,2017,Lumis Partners,8.3,2017-11-10,2017-11-10,3,2017,2017,2017
samco,62.25,62.25,1,Consumer Internet,Mumbai,Mumbai,Maharashtra,India,Private Equity,2018,Bay Capital Investments And Others,20.75,2018-04-16,2018-04-16,1,2018,2018,2018
naagin,62.25,62.25,1,Food,Mumbai,Mumbai,Maharashtra,India,Seed,2022,8I Ventures And Abhishek Bachchan,16.6,2022-08-21,2022-08-21,2,2022,2022,2022
tiliter,62.25,62.25,1,Retail,Sydney,Sydney,New South Wales,Australia,Unknown,2020,"Angellist, Investec",22.0,2020-10-15,2020-10-15,3,2020,2020,2020
masai school,62.25,41.5,2,Edtech,Bangalore,Bangalore,Karnataka,India,Series A,"2020, 2021","Angellist India, India Quotient, Omidyar Network India, Unitus Ventures",20.75,2020-08-15,2021-03-25,"2, 4",2020,2020,2021
styletag,62.25,62.25,1,Designer Fashion Jewellery,Bangalore,Bangalore,Karnataka,India,Seed,2015,Jitu Virwani,4.19,2015-11-21,2015-11-21,3,2015,2015,2015
oneassist,62.25,62.25,1,Credit Card Fraud Protection,Mumbai,Mumbai,Maharashtra,India,Private Equity,2015,"Lightspeed Ventures, Sequoia Capital",49.8,2015-08-11,2015-08-11,2,2015,2015,2015
collectabillia,62.25,62.25,1,Celebrity Fashion,Bangalore,Bangalore,Karnataka,India,Private Equity,2015,Accel,29.05,2015-07-25,2015-07-25,2,2015,2015,2015
kyt,62.25,41.5,2,Edtech,Singapore,Nan,Nan,Singapore,"Unknown, Series A","2020, 2021","Alpha Wave Incubation, Sequoia Capital India’S Surge",20.75,2020-11-10,2021-01-11,"3, 4",2020,2020,2021
wealthyin,62.25,62.25,1,Fintech,Bangalore,Bangalore,Karnataka,India,Series A,2022,Alpha Wave Incubation,2.08,2022-02-01,2022-02-01,4,2021,2022,2022
arzooo,62.25,62.25,1,Retail,Bangalore,Bangalore,Karnataka,India,Series A,2020,"3Lines, Jabbar Internet Group",132.8,2020-10-18,2020-10-18,3,2020,2020,2020
zarget,62.25,49.8,2,Consumer Internet,Chennai,Chennai,Tamil Nadu,India,Private Equity,2016,"Accel, Girish Mathrubootham, Matrix Partners, Sequoia India",12.45,2016-05-06,2016-11-23,"1, 3",2016,2016,2016
userstudy,62.25,62.25,1,Recruiting,Bangalore,Bangalore,Karnataka,India,Pre-Seed,2022,Sparrow Capital And Better Capital,0.83,2022-09-19,2022-09-19,2,2022,2022,2022
xyxx apparels,62.25,33.2,2,Fashion,Surat,Surat,Gujarat,India,"Series A, Unknown","2021, 2022","Sauce.Vc And Dsg Consumer Partners, Unknown",33.2,2021-06-13,2022-08-05,"1, 2","2021, 2022",2021,2022
flutura,62.25,62.25,1,Technology,Bangalore,Bangalore,Karnataka,India,Private Equity,2017,"Lumis Partners, Vertex Ventures",3.75,2017-02-15,2017-02-15,4,2016,2017,2017
techfino,62.25,62.25,1,Fintech,Bangalore,Bangalore,Karnataka,India,Unknown,2025,"Saison Capital, Stellaris Venture Partners",4.15,2025-06-16,2025-06-16,1,2025,2025,2025
footprints preschool daycare,62.25,62.25,1,Early Childhood Education And Daycare,Noida,Noida,Uttar Pradesh,India,Series A,2025,Tanglin,4.98,2025-05-08,2025-05-08,1,2025,2025,2025
beldara,61.42,61.42,1,Ecommerce,Mumbai,Mumbai,Maharashtra,India,Unknown,2021,Hindustan Media Ventures,24.9,2021-04-06,2021-04-06,1,2021,2021,2021
tring,61.42,61.42,1,Social Media,Mumbai,Mumbai,Maharashtra,India,Seed,2022,Redbrook Pte Ltd And Blume Founders Fund,2.08,2022-10-26,2022-10-26,3,2022,2022,2022
yostra labs,61.25,61.25,1,Healthcare,Bangalore,Bangalore,Karnataka,India,Seed,2022,Villgro Usa And Indian Angel Network,27.39,2022-08-28,2022-08-28,2,2022,2022,2022
turbohire,60.59,49.8,3,Recruitment,Hyderabad,Hyderabad,Telangana,India,"Seed, Series A","2020, 2022, 2025","Ivycap Ventures, Kia Ora Ventures, Pentathlon Ventures, Purvansh Holdings And Mumbai Angels",10.79,2020-11-03,2025-08-12,"2, 3","2020, 2022, 2025",2020,2025
enmovil,60.59,49.8,2,Information Technology &,Hyderabad,Hyderabad,Telangana,India,"Pre-Series A, Series A","2021, 2025","Anicut Angel Fund, Sorin Investments",10.79,2021-12-18,2025-08-20,"2, 3","2021, 2025",2021,2025
inurture,60.09,36.52,3,Consumer Internet,Bangalore,Bangalore,Karnataka,India,"Private Equity, Unknown","2017, 2018, 2020","Blacksoil Capital, Blacksoil Capital Pvt. Ltd, Ventureast",48.97,2017-04-06,2020-07-24,"1, 2, 4","2017, 2020",2017,2020
bluebinaries engineering and,60.0,60.0,1,Engineering,Chennai,Chennai,Tamil Nadu,India,Debt + Equity,2024,Anicut Capital,224.1,2024-08-25,2024-08-25,2,2024,2024,2024
qnu,60.0,60.0,1,Cyber Security,Bangalore,Bangalore,Karnataka,India,Series A,2025,Nqm,1.91,2025-04-08,2025-04-08,1,2025,2025,2025
vunet systems,60.0,60.0,1,Business Observability,Bangalore,Bangalore,Karnataka,India,Series B,2025,"Athera Venture Partners, Dallas Venture Capital, Kotak Securities, Mela Ventures, Pravega Ventures, Tvs Capital Funds",19.75,2025-01-24,2025-01-24,4,2024,2025,2025
reveal healthtech,59.76,59.76,1,Ai,Us,Nan,Nan,Usa,Series A,2025,Leo Capital,0.83,2025-09-11,2025-09-11,2,2025,2025,2025
snapbizz,59.76,59.76,1,Ecommerce,Bangalore,Bangalore,Karnataka,India,Private Equity,2016,"Blume Ventures, Jungle Ventures, Konly Venture, Taurus Value Creation",1.45,2016-01-20,2016-01-20,4,2015,2016,2016
repos energy,59.76,59.76,1,Ecommerce,Pune,Pune,Maharashtra,India,Unknown,2022,Ratan Tata,12.45,2022-05-10,2022-05-10,1,2022,2022,2022
quintype,59.14,29.05,3,Data Driven Publishing,Bangalore,Bangalore,Karnataka,India,"Series A, Private Equity","2015, 2020","Iifl Amc, Iifl Asset Maunknowngement, Raghav Bahl",30.09,2015-09-06,2020-11-01,"2, 3, 4","2015, 2019, 2020",2015,2020
lentra,58.93,58.93,1,Information Technology,Pune,Pune,Maharashtra,India,Series B,2022,Bessemer Venture Partners And Citi Ventures,1917.3,2022-11-11,2022-11-11,3,2022,2022,2022
powerup money,58.93,58.93,1,Fintech,Bangalore,Bangalore,Karnataka,India,Seed,2025,Accel,145.25,2025-06-20,2025-06-20,1,2025,2025,2025
ivy homes,58.93,58.93,1,Information &,Bangalore,Bangalore,Karnataka,India,Seed,2022,Khosla Ventures And Better Capital,8.3,2022-06-12,2022-06-12,1,2022,2022,2022
1k kirana bazaar,58.1,58.1,1,Retail,Gurgaon,Gurgaon,Haryana,India,Unknown,2021,"Falconedge, Info Edge",99.6,2021-08-19,2021-08-19,2,2021,2021,2021
xdlinx space labs,58.1,58.1,1,Spacetech,Hyderabad,Hyderabad,Telangana,India,Seed,2024,"Ashish Kacholia (Lucky Investments), E2Mc, Maunknown Ventures",5.19,2024-10-21,2024-10-21,3,2024,2024,2024
runnr,58.1,58.1,1,Consumer Internet,Bangalore,Bangalore,Karnataka,India,Private Equity,2016,"Blume Ventures, Nexus Venture Partners",29.05,2016-08-19,2016-08-19,2,2016,2016,2016
beaconli,58.1,58.1,1,Ai,San Fracisco,San Francisco,California,Usa,Series A,2025,Sorin Investments,5.15,2025-03-28,2025-03-28,4,2024,2025,2025
bank bazaar,58.1,58.1,1,Consumer Internet,Chennai,Chennai,Tamil Nadu,India,Private Equity,2017,Experian,8.3,2017-10-20,2017-10-20,3,2017,2017,2017
avataa me,58.1,58.1,1,Ar,Bangalore,Bangalore,Karnataka,India,Series A,2020,Sequoia Capital,53.95,2020-10-10,2020-10-10,3,2020,2020,2020
just dogs,58.1,58.1,1,Ahmedabad,Retail,Nan,Nan,Nan,Unknown,2022,Sixth Sense Ventures,166.0,2022-03-25,2022-03-25,4,2021,2022,2022
lohum,58.1,58.1,1,Ev,Noida,Noida,Uttar Pradesh,India,Unknown,2021,"Baring Private Equity Partners India, Talbros",83.0,2021-01-06,2021-01-06,4,2020,2021,2021
vutto,58.1,58.1,1,Ecommerce,Bangalore,Bangalore,Karnataka,India,Series A,2025,Rtp Global,4.15,2025-08-07,2025-08-07,2,2025,2025,2025
wholsum foods,58.1,58.1,1,Food,Gurgaon,Gurgaon,Haryana,India,Unknown,2022,Investment Corporation Of Dubai,16.6,2022-02-17,2022-02-17,4,2021,2022,2022
homeville,58.1,58.1,1,Information Technology &,Mumbai,Mumbai,Maharashtra,India,Unknown,2021,"9Unicorns, Varanium Nexgen Fund",41.5,2021-09-01,2021-09-01,2,2021,2021,2021
ambak,58.1,58.1,1,Fintech,Gurgaon,Gurgaon,Haryana,India,Other,2025,"Advantedge Vc, Angel Investors, Devc, Peak Xv’S Surge",8.3,2025-01-02,2025-01-02,4,2024,2025,2025
wondrlab,58.1,58.1,1,Marketing & Advertising,Mumbai,Mumbai,Maharashtra,India,Pre-Series A,2021,"Pi Ventures Llp, Prodapt Holdings, Taunknowns Capital",132.8,2021-10-09,2021-10-09,3,2021,2021,2021
samosa labs,58.1,58.1,1,Consumer Internet,Hyderabad,Hyderabad,Telangana,India,Private Equity,2018,Xiaomi And Sequoia Capital India,10.0,2018-08-08,2018-08-08,2,2018,2018,2018
zypp electric,58.1,58.1,1,Logistics,Gurgaon,Gurgaon,Haryana,India,Series A,2021,"9Unicorns, Anthill Ventures",96.28,2021-09-22,2021-09-22,2,2021,2021,2021
blusmart,58.1,58.1,1,Electricity,Gurgaon,Gurgaon,Haryana,India,Pre-Series A,2020,"Jito Angel Network, Kalpavriksh",76.36,2020-01-13,2020-01-13,4,2019,2020,2020
entriapp,58.1,58.1,1,Edtech,Kochin,Kochi,Kerala,India,Series A,2022,"Innospark Ventures, Omidyar Network India",25.73,2022-02-18,2022-02-18,4,2021,2022,2022
elastirun,58.1,58.1,1,Technology,Pune,Pune,Maharashtra,India,Private Equity,2017,"Kalaari Capital, Norwest Venture Partners",3129.1,2017-04-24,2017-04-24,1,2017,2017,2017
punch,58.1,58.1,1,Stock Broking,Mumbai,Mumbai,Maharashtra,India,Seed,2024,"Innoven Capital, Prime Venture Partners, Stellaris Venture Partners, Susquehanunknown Asia Vc",38.62,2024-08-17,2024-08-17,2,2024,2024,2024
credolab,58.1,58.1,1,Technology,Singapore,Nan,Nan,Singapore,Series A,2020,"Gb Group, Walden Interunknowntiounknownl",8.3,2020-08-20,2020-08-20,2,2020,2020,2020
oolka,58.1,58.1,1,Fintech,Bangalore,Bangalore,Karnataka,India,Seed,2025,"Lightspeed India, Z47",506.3,2025-09-18,2025-09-18,2,2025,2025,2025
borderplus,58.1,58.1,1,Global Workforce Mobility,Mumbai,Mumbai,Maharashtra,India,Other,2025,Owl Ventures,680.6,2025-02-14,2025-02-14,4,2024,2025,2025
simplismart,58.1,58.1,1,Technology,Bangalore,Bangalore,Karnataka,India,Series A,2024,"Accel, Akshay Kothari (Notion Counknownfounder), Shastra Vc, Titan Capital",296.72,2024-10-24,2024-10-24,3,2024,2024,2024
smart coin,58.1,58.1,1,Fintech,Unknown,Nan,Nan,Nan,Series A,2020,Lgt Lightstoneaspada,858.22,2020-03-04,2020-03-04,4,2019,2020,2020
pelocal,58.1,41.5,2,Fintech,Chennai,Chennai,Tamil Nadu,India,"Seed, Series A","2024, 2025","Unicorn India Ventures, Unleash Capital Partners",16.6,2024-11-12,2025-09-20,"2, 3","2024, 2025",2024,2025
eeki,58.1,58.1,1,Agritech,Kota,Kota,Rajasthan,India,Series A,2025,Sixth Sense Ventures,6.1,2025-07-09,2025-07-09,2,2025,2025,2025
fintobox,58.1,58.1,1,Technology,Chennai,Chennai,Tamil Nadu,India,Private Equity,2017,Lightbox,124.5,2017-12-04,2017-12-04,3,2017,2017,2017
nuuk,58.1,41.5,2,D2C Home Appliances,Gurgaon,Gurgaon,Haryana,India,Series A,2025,"Good Capital, Unknown, Vertex Ventures Seai",41.5,2025-03-28,2025-08-28,"2, 4","2024, 2025",2025,2025
dpdpzero,58.1,58.1,1,Fintech,Bangalore,Bangalore,Karnataka,India,Series A,2025,Gmo Venture Partners,32.37,2025-08-22,2025-08-22,2,2025,2025,2025
tranzact,58.1,58.1,1,Information Technology &,Mumbai,Mumbai,Maharashtra,India,Series A,2021,"Prime Venture Partners, Tribe Capital",49.8,2021-12-18,2021-12-18,3,2021,2021,2021
sugar cosmetics,58.1,41.5,2,Cosmetics,Mumbai,Mumbai,Maharashtra,India,"Debt, Unknown","2020, 2025","A91 Partners, Anicut Capital, Rb Investments Pte. Ltd",16.6,2020-10-10,2025-07-03,"2, 3","2020, 2025",2020,2025
flyrobe,58.1,43.99,2,Ecommerce,Mumbai,Mumbai,Maharashtra,India,"Seed, Private Equity",2016,"Gree Ventures, Idg Ventures, Kuunknownl Bahl, Kuunknownl Shah, Rohit Bansal, Sandeep Tandon, Sequoia Capital, Zishaan Hayath, \\Xc2\\Xa0 Abhishek Jain",14.11,2016-07-08,2016-08-17,2,2016,2016,2016
tea box,58.1,58.1,1,Ecommerce,Bangalore,Bangalore,Karnataka,India,Private Equity,2017,Rb Investments,1.88,2017-12-02,2017-12-02,3,2017,2017,2017
juicy chemistry,57.68,52.29,2,Other,Unknown,Nan,Nan,Nan,Series A,"2020, 2021",Akya Ventures,5.39,2020-05-18,2021-03-08,"1, 4",2020,2020,2021
genworks health,57.6,41.0,2,Healthcare,Bangalore,Bangalore,Karnataka,India,"Unknown, Unspecified Round","2021, 2024","Blacksoil, Evolvence India Fund",16.6,2021-07-01,2024-08-06,2,"2021, 2024",2021,2024
mpaani,56.86,45.65,2,Consumer Internet,Mumbai,Mumbai,Maharashtra,India,"Private Equity, Series A","2017, 2020","Ac Ventures, Blume Ventures, Henkel, Idg Ventures, Saha Fund",11.21,2017-03-25,2020-01-15,4,"2016, 2019",2017,2020
mokobara,56.44,56.44,1,Ecommerce,Bangalore,Bangalore,Karnataka,India,Series A,2022,Ashish Goel And Alteria Capital,14.94,2022-07-04,2022-07-04,2,2022,2022,2022
convin,56.44,53.95,2,Saas,Bangalore,Bangalore,Karnataka,India,"Pre-Seed, Unspecified Round","2021, 2024","9Unicorns Accelerator Fund, India Quotient, Sunder Nookala",2.49,2021-05-06,2024-08-22,"1, 2","2021, 2024",2021,2024
villgro,56.03,29.05,2,Other,Unknown,Nan,Nan,Nan,"Seed, Private Equity","2015, 2016","Lemelson Foundation, Michael, Michael And Susan Dell Foundation, Susan Dell Foundation",26.98,2015-05-13,2016-01-21,"1, 4",2015,2015,2016
medusa beverages,56.0,56.0,1,Beer Manufacturing,Delhi,Delhi,Delhi,India,Series A,2025,"Amal N Parikh, Ashwin Kedia, Crest Opportunities, Hnis (Singapore, Nikhil Garg, Ramesh Damani, Uae), Uk",41.5,2025-01-03,2025-01-03,4,2024,2025,2025
oho shop,55.61,55.61,1,Technology,Ahmedabad,Ahmedabad,Gujarat,India,Private Equity,2017,"Bennett, Coleman And Company Ltd",2.49,2017-03-01,2017-03-01,4,2016,2017,2017
elucidata,55.61,41.5,2,It,Delhi Cambridge,Nan,Nan,Nan,"Other, Pre-Series A","2018, 2021","Hyperplane Venture Capital, Hyperplane Venture Capital And Several Angel Investors",14.11,2018-06-19,2021-01-23,"1, 4","2018, 2020",2018,2021
hashnode,55.61,55.61,1,Computer Software,Bangalore,Bangalore,Karnataka,India,Series A,2021,"Salesforce Ventures, Sequoia Capital India’S Surge, Sierra Ventures",29.05,2021-08-21,2021-08-21,2,2021,2021,2021
aarnaml,55.61,55.61,1,Ai,Bangalore,Bangalore,Karnataka,India,Unknown,2024,Exfinity Venture Partners,8.3,2024-09-20,2024-09-20,2,2024,2024,2024
wow express,55.61,37.35,2,Logistics,Mumbai,Mumbai,Maharashtra,India,Private Equity,"2016, 2018","Tamarind Family Private Trust, Unknown Existing Investors As Well As The Tamarind Family Trust, Unknown Investors",18.26,2016-05-24,2018-06-18,1,"2016, 2018",2016,2018
probus insurance,55.61,55.61,1,Insurance,Mumbai,Mumbai,Maharashtra,India,Unknown,2021,Blueorchard Impact Investment Maunknowngers,4.15,2021-12-17,2021-12-17,3,2021,2021,2021
yu,55.0,55.0,1,Consumer Food,Gurgaon,Gurgaon,Haryana,India,Series B,2024,"Ashish Kacholia, Asian Promoter Group",3.32,2024-10-20,2024-10-20,3,2024,2024,2024
outzidr,54.9,30.0,2,D2C Apparel,Bangalore,Bangalore,Karnataka,India,"Seed, Pre-Series A",2025,"Rtp Global, Stellaris Venture Partners",30.0,2025-04-25,2025-08-01,"1, 2",2025,2025,2025
fullife,54.85,54.85,1,Healthcare,Mumbai,Mumbai,Maharashtra,India,Unknown,2020,Amansa Capital,8.3,2020-06-02,2020-06-02,1,2020,2020,2020
trinkerr,54.78,54.78,1,Capital Markets,Bangalore,Bangalore,Karnataka,India,Series A,2021,Accel,61.42,2021-12-10,2021-12-10,3,2021,2021,2021
dozee,54.78,41.5,2,Healthcare,Bangalore,Bangalore,Karnataka,India,"Unknown, Series A","2020, 2021","Prime Vp, Unknown",13.28,2020-01-04,2021-07-21,"2, 4","2019, 2021",2020,2021
refold ai,53.95,53.95,1,Ai,Bangalore,Bangalore,Karnataka,India,Seed,2025,"Eniac Ventures, Tidal Ventures",2.74,2025-08-12,2025-08-12,2,2025,2025,2025
workindia,53.95,49.8,2,Job Board,Mumbai,Mumbai,Maharashtra,India,"Seed, Unknown","2015, 2020","Keshav Sanghi, Others, Riddhesh Gandhi, Satyen Kothari, Xiaomi",4.15,2015-10-23,2020-02-10,"3, 4","2015, 2019",2015,2020
breathe wellbeing,53.95,45.65,2,Healthcare,Delhi,Delhi,Delhi,India,"Pre-Series A, Series A",2021,"Accel, Anjali Bansal, Stanford Angels And Entrepreneurs India",8.3,2021-06-06,2021-08-13,"1, 2",2021,2021,2021
avanti learning,53.95,41.5,2,Private Coaching Centers,Delhi,Delhi,Delhi,India,Private Equity,"2015, 2016","Michael, Pearson Learning Fund, Susan Dell Foundation",12.45,2015-04-16,2016-02-13,"1, 4",2015,2015,2016
culturealley,53.95,53.95,1,Language Learning,Jaipur,Jaipur,Rajasthan,India,Private Equity,2015,Tiger Global,149.4,2015-07-24,2015-07-24,2,2015,2015,2015
gh2 solar,53.95,53.95,1,Energy > Solar Energy,Uttar Pradesh,Nan,Uttar Pradesh,India,Series A,2025,Growmo360,1.99,2025-10-09,2025-10-09,3,2025,2025,2025
zuppa,53.95,41.5,2,Drone Manufacturing,Chennai,Chennai,Tamil Nadu,India,"Strategic Investment, Unknown",2025,"Garuda Aerospace, Rahul Dewan",41.5,2025-03-28,2025-07-01,"2, 4","2024, 2025",2025,2025
frnd,53.95,53.95,1,Online Media,Bangalore,Bangalore,Karnataka,India,Series A,2021,Krafton,44.82,2021-12-19,2021-12-19,3,2021,2021,2021
bharatagri,53.95,53.95,1,Agritech,Bangalore,Bangalore,Karnataka,India,Series A,2021,"India Quotient, Omnivore",5853.17,2021-09-03,2021-09-03,2,2021,2021,2021
canvera,53.95,24.9,3,Photographer Online Search & Booking,Bangalore,Bangalore,Karnataka,India,Private Equity,"2015, 2016, 2017","Info Edge (India) Ltd, Infoedge",43.16,2015-12-02,2017-09-09,"2, 3","2015, 2016, 2017",2015,2017
metadomeai,53.95,53.95,1,Xr,Troy,Troy,Michigan,Usa,Series A,2024,"3Tounknown1 Capital, Alteria Capital, Chiratae Ventures, Manish Choksi’S Family Office, Siaunknown Capital",33.2,2024-08-27,2024-08-27,2,2024,2024,2024
aasaanjobs,53.95,41.5,2,Other,Unknown,Nan,Nan,Nan,"Seed, Private Equity","2015, 2016","Aspada Advisors, Idg Ventures, Inventus Capital Partners, \\Xc2\\Xa0 Inventus Capital",12.45,2015-01-19,2016-02-21,4,"2014, 2015",2015,2016
miraggio,53.95,53.95,1,Fashion,Gurgaon,Gurgaon,Haryana,India,Other,2025,Rpsg Capital Ventures,87.6,2025-05-01,2025-05-01,1,2025,2025,2025
clover,53.29,45.65,2,Agritech,Bangalore,Bangalore,Karnataka,India,"Series A, Unknown",2020,"Accel, Alteria Capital, Mayfield, Omnivore",45.65,2020-02-26,2020-05-13,"1, 4","2019, 2020",2020,2020
eyestem,53.12,53.12,1,Biotechnology,Bangalore,Bangalore,Karnataka,India,Series A,2022,Natco Pharma And Kotak Private Equity,10.0,2022-08-24,2022-08-24,2,2022,2022,2022
equipco,53.12,53.12,1,Recruiting,Bangalore,Bangalore,Karnataka,India,Pre-Seed,2022,Better Capital,24.9,2022-09-27,2022-09-27,2,2022,2022,2022
daily hunt,53.04,53.04,1,Consumer Internet,Bangalore,Bangalore,Karnataka,India,Private Equity,2018,Falcon Edge,482.8,2018-09-22,2018-09-22,2,2018,2018,2018
latestone,52.7,27.8,2,Mobile Accessories Online Store,Hyderabad,Hyderabad,Telangana,India,Private Equity,"2015, 2017","Bharat Sheth, Chidambaram Palaniappan, Florintree, Mathew Cyriac, Palred Technologies Ltd",24.9,2015-12-12,2017-03-21,"3, 4","2015, 2016",2015,2017
two point o capital,52.29,52.29,1,Financing,Mumbai,Mumbai,Maharashtra,India,Seed,2024,Omnivore,1162.0,2024-09-03,2024-09-03,2,2024,2024,2024
ayu health,52.29,52.29,1,Healthcare,Bangalore,Bangalore,Karnataka,India,Series A,2021,"Stellaris Venture Partners, Vertex Ventures",248.17,2021-09-19,2021-09-19,2,2021,2021,2021
edufund,52.29,49.8,2,Fintech,Gujarat,Nan,Gujarat,India,"Pre-Seed, Series A","2021, 2025","Cercano Maunknowngement, View Trade Holding Corp",2.49,2021-02-26,2025-07-24,"2, 4","2020, 2025",2021,2025
inflectionio,52.29,52.29,1,Software,Seatlle,Seattle,Washington,Usa,Unknown,2022,Brewster Stanislaw And Arjun Pillai,4.98,2022-05-05,2022-05-05,1,2022,2022,2022
mindhouse,52.17,49.8,2,Healthcare,Gurgaon,Gurgaon,Haryana,India,"Unknown, Seed","2020, 2021","Binny Bansal, General Catalyst, Ggv Capital, Sahi Barual",2.37,2020-08-08,2021-11-02,"2, 3","2020, 2021",2020,2021
money plannned,51.73,51.73,1,Fintech,Bangalore,Bangalore,Karnataka,India,Seed,2022,. Sameer Khan And Joseph R. Saviano,5824.94,2022-09-04,2022-09-04,2,2022,2022,2022
gadgetwood,51.46,49.8,2,Device Repair Svcs,Delhi,Delhi,Delhi,India,"Seed, Private Equity","2015, 2016","Ajai Chowdhry, Ashvin Chadha, Carpediem Capital, Others, Yogesh Bansal, \\Nnitin Singhal",1.66,2015-04-27,2016-09-09,"1, 2","2015, 2016",2015,2016
smytten,51.46,49.8,2,Online Products Discovery,Gurgaon,Gurgaon,Haryana,India,"Seed, Series A","2015, 2021","Anuj Srivastava, Fireside Ventures, Rimpal Chawla",1.66,2015-11-12,2021-08-07,"2, 3","2015, 2021",2015,2021
convegenius,51.46,41.5,3,Mobile Learning,Noida,Noida,Uttar Pradesh,India,"Seed, Private Equity, Pre-Seed","2015, 2016, 2021","3Lines Venture Capital, Bace Capital, Eunknownblers Platform, Heritas Capital, Michael And Susan Dell Foundation",9.96,2015-11-18,2021-10-18,"2, 3","2015, 2016, 2021",2015,2021
krishify,51.46,51.46,1,Social Media,Gurgaon,Gurgaon,Haryana,India,Pre-Series A,2022,"Ankur Capital, Omidyar Network India, Orios Venture Partners",4.15,2022-02-09,2022-02-09,4,2021,2022,2022
call health,51.46,51.46,1,Consumer Internet,Hyderabad,Hyderabad,Telangana,India,Private Equity,2017,"P.V Sindhu, Pullela Gopichand, Sachin Tendulkar",3.3,2017-09-09,2017-09-09,2,2017,2017,2017
palmonas,51.46,51.46,1,Ecommerce,Pune,Pune,Maharashtra,India,Series A,2025,"India, Vertex Ventures Southeast Asia",244.7,2025-08-02,2025-08-02,2,2025,2025,2025
anar,51.46,51.46,1,Information Technology &,Mumbai,Mumbai,Maharashtra,India,Seed,2021,"Accel, Elevation Capital",1.25,2021-09-15,2021-09-15,2,2021,2021,2021
skor,51.46,51.46,1,Credit & Financial,Bangalore,Bangalore,Karnataka,India,Pre-Series A,2025,"Argor Capital, Digital Currency Group, Qed Investors, Saison Capital",1.25,2025-01-09,2025-01-09,4,2024,2025,2025
marut dronetech,51.46,51.46,1,Dronetech,Hyderabad,Hyderabad,Telangana,India,Series A,2024,Lok Capital,31.54,2024-11-06,2024-11-06,3,2024,2024,2024
emo energy,51.46,51.46,1,Energy,Bangalore,Bangalore,Karnataka,India,Equity,2025,"Microtek Group, Srk Family Office, Subhkam Ventures, Transition Vc",50.0,2025-01-08,2025-01-08,4,2024,2025,2025
blitz,51.0,51.0,1,Omnichannel Delivery,Bangalore,Bangalore,Karnataka,India,Series A,2024,Ivycap Ventures,193.19,2024-11-13,2024-11-13,3,2024,2024,2024
indialends,50.63,42.33,2,Online Consumer Lending,Delhi,Delhi,Delhi,India,"Private Equity, Unknown","2015, 2021","Acpi Investments, Advantedge Founders, Dsg Consumer Partners, Paragon Partners",8.3,2015-10-24,2021-03-09,"3, 4","2015, 2020",2015,2021
piston,50.63,50.63,1,Digital Payment,Chennai,Chennai,Tamil Nadu,India,Seed,2025,"Pear Vc And Bond, Spark Capital",4.15,2025-06-24,2025-06-24,1,2025,2025,2025
rivaara labs,50.3,49.8,2,Healtcare,Mumbai,Mumbai,Maharashtra,India,Unknown,2022,Bharat V. Daftary And Kotak Investment Advisors,49.8,2022-11-28,2022-11-28,3,2022,2022,2022
the bear house,50.0,50.0,1,D2C Menswear,Bangalore,Bangalore,Karnataka,India,Series A,2025,Jm Fiunknownncial Private Equity,622.5,2025-04-07,2025-04-07,1,2025,2025,2025
growxcd finance,50.0,50.0,1,Fintech,Chennai,Chennai,Tamil Nadu,India,Equity,2025,"Lok Capital, Uc Impower",186.75,2025-01-02,2025-01-02,4,2024,2025,2025
quick clean,50.0,50.0,1,Linen Management Saas,Gurgaon,Gurgaon,Haryana,India,Other,2025,"Alkemi Growth Capital, Blue Ashva Capital, Rs 10 Crore ($1.15M) Credit Line From Venture Debt Cos",525.39,2025-02-01,2025-02-01,4,2024,2025,2025
hygenco,50.0,50.0,1,Cleantech,Gurgaon,Gurgaon,Haryana,India,Debt,2024,Trifecta,1.66,2024-12-09,2024-12-09,3,2024,2024,2024
rare rabbit,50.0,50.0,1,Omnichannel Fashion Retailer,Bangalore,Bangalore,Karnataka,India,Growth,2025,A91 Partners,3.32,2025-02-09,2025-02-09,4,2024,2025,2025
emiza supply chain,50.0,50.0,1,Logistics,Mumbai,Mumbai,Maharashtra,India,Unspecified Round,2025,"Evolvence India, Mirabilis Investment",137.35,2025-01-23,2025-01-23,4,2024,2025,2025
superyou,50.0,50.0,1,Fintech,Mumbai,Mumbai,Maharashtra,India,Series A,2024,"Counknownfounders Of Zerodhaunknownbacked Venture Firm Rainmatter, Nithin And Nikhil Kamath",27.39,2024-12-13,2024-12-13,3,2024,2024,2024
farmako,50.0,50.0,1,Healthcare,Uttarakhand,Nan,Uttarakhand,India,Seed,2025,"Genesia Ventures, Y Combiunknowntor",66.4,2025-06-15,2025-06-15,1,2025,2025,2025
whitehar jr,49.9,49.9,1,Information Technology,Maharastra,Nan,Maharashtra,India,Unknown,2022,Bossanova Investimentos And Omidyar Network,12.7,2022-04-07,2022-04-07,1,2022,2022,2022
savebc,49.8,49.8,1,Fintech,Gaya,Gaya,Bihar,India,Private Equity,2017,Incofin Investment Maunknowngement.,17.43,2017-09-18,2017-09-18,2,2017,2017,2017
spare8,49.8,49.8,1,Fintech,Mumbai,Mumbai,Maharashtra,India,Pre-Seed,2022,Ajay Adiseshann And Magic Fun,3.32,2022-07-13,2022-07-13,2,2022,2022,2022
meolaa,49.8,49.8,1,Retail > Beauty,Karnataka,Nan,Karnataka,India,Seed,2025,General Catalyst,3.32,2025-10-15,2025-10-15,3,2025,2025,2025
storia,49.8,49.8,1,Food,Mumbai,Mumbai,Maharashtra,India,Series A,2021,Sixth Sense Ventures,132.8,2021-10-05,2021-10-05,3,2021,2021,2021
oncostem,49.8,49.8,1,Healthcare,Bangalore,Bangalore,Karnataka,India,Private Equity,2017,"Artiman Ventures, Sequoia Capital",8.3,2017-09-17,2017-09-17,2,2017,2017,2017
fermionic design,49.8,49.8,1,Semiconductor,Bangalore,Bangalore,Karnataka,India,Seed,2024,Ashish Kacholia,5.2,2024-10-06,2024-10-06,3,2024,2024,2024
securenow,49.8,49.8,1,Insurance,Gurgaon,Gurgaon,Haryana,India,Series B,2021,Apis Insurtech Fund I,97.11,2021-12-20,2021-12-20,3,2021,2021,2021
our food,49.8,49.8,1,Food,Hyderabad,Hyderabad,Telangana,India,Unknown,2022,"3Lines Venture Capital, C4D Asia Fund",49.8,2022-01-21,2022-01-21,4,2021,2022,2022
platinumrx,49.8,49.8,1,Healthcare,Bangalore,Bangalore,Karnataka,India,Series A,2025,Stellaris Venture Partners,21.91,2025-09-19,2025-09-19,2,2025,2025,2025
1mg healthkartplus,49.8,49.8,1,Online Pharmacy & Drug Db,Gurgaon,Gurgaon,Haryana,India,Private Equity,2015,"Deep Kalra, Intel Capital, Kae Capital, Omidyar Network, Sequoia Capital",414.17,2015-04-13,2015-04-13,1,2015,2015,2015
jivox,49.8,49.8,1,Technology,Bangalore,Bangalore,Karnataka,India,Private Equity,2016,"Diaz Nesamoney, Fortisure Ventures, Mr Jones, You",478.91,2016-06-12,2016-06-12,1,2016,2016,2016
safexpay,49.8,49.8,1,Fintech,Thane,Mumbai,Maharashtra,India,Unknown,2021,"Ardor, T Choithrams Bvi",415.0,2021-04-14,2021-04-14,1,2021,2021,2021
confido health,49.8,24.9,2,Aifocused Healthtech,New Jersey,Nan,Nan,Nan,Seed,2024,"Devc, Medmountain Ventures, Operators Studio, Rebellion Vc, Strategic Healthcare Operators, Together Fund",24.9,2024-12-22,2024-12-22,3,2024,2024,2024
explorex,49.8,49.8,1,Saas,Bangalore,Bangalore,Karnataka,India,Seed,2022,Taher Savliwala And Kevin Lin,4.15,2022-10-27,2022-10-27,3,2022,2022,2022
managemyspa,49.8,49.8,1,Spa & Salon Management Software,Hyderabad,Hyderabad,Telangana,India,Private Equity,2015,Accel,1361.79,2015-07-04,2015-07-04,2,2015,2015,2015
veeba foods,49.8,49.8,1,Healthy Food Manufacturer,Delhi,Delhi,Delhi,India,Private Equity,2015,"Dsg Consumer Partners, Saama Capital.",265.6,2015-06-27,2015-06-27,1,2015,2015,2015
xc2xa0cloudcherry,49.8,49.8,1,Technology,Chennai,Chennai,Tamil Nadu,India,Private Equity,2016,"Cisco Ventures, Idg Ventures, Vertex Ventures",19.09,2016-09-25,2016-09-25,2,2016,2016,2016
oto capital,49.8,49.8,1,Fintech,Mumbai,Mumbai,Maharashtra,India,Unknown,2021,Matrix Partners,112.76,2021-08-06,2021-08-06,2,2021,2021,2021
finx,49.8,49.8,1,Skilling,Mumbai,Mumbai,Maharashtra,India,Unspecified Round,2024,Elevar Equity,58.1,2024-12-02,2024-12-02,3,2024,2024,2024
welcome cure,49.8,49.8,1,Online Homeopathy Clinic,Mumbai,Mumbai,Maharashtra,India,Private Equity,2015,Ununknownmed Media House And Hnis,23.24,2015-10-25,2015-10-25,3,2015,2015,2015
mech mocha,49.8,41.5,2,Mobile Game Development & Design,Bangalore,Bangalore,Karnataka,India,"Seed, Private Equity","2015, 2017","Accel, Blume Ventures, Flipkart, Shunwei Capital",8.3,2015-12-28,2017-04-07,"1, 3","2015, 2017",2015,2017
b9 beverages,49.8,49.8,1,Food,Delhi,Delhi,Delhi,India,Private Equity,2016,"Ashish Dhawan, Deepinder Goyal, Kuunknownl Bahl, Mayank Singhal, Rohit Bansal, Sequoia Capital",1.66,2016-01-24,2016-01-24,4,2015,2016,2016
adopt ai,49.8,49.8,1,Agentic Ai,Bangalore,Bangalore,Karnataka,India,Seed,2025,Elevation Capital,232.4,2025-05-16,2025-05-16,1,2025,2025,2025
grow indigo,49.8,49.8,1,Agritech,Mumbai,Mumbai,Maharashtra,India,Seed,2022,Mahyco Seeds Ltd. And Indigo,37.35,2022-12-21,2022-12-21,3,2022,2022,2022
digital f5,49.8,49.8,1,Advertising Marketing,Mumbai,Mumbai,Maharashtra,India,Private Equity,2019,Tiw Private Equity,2360.02,2019-09-03,2019-09-03,2,2019,2019,2019
transversal,49.8,49.8,1,Technology,Bangalore,Bangalore,Karnataka,India,Private Equity,2017,Matrix Partners,13.28,2017-12-17,2017-12-17,3,2017,2017,2017
grinntech,49.8,16.6,3,Battery Design,Dehradun,Dehradun,Uttarakhand,India,Unknown,"2020, 2021","Ashok Leyland, Unknown, V Lakshmi Narayaunknownn, V Sumantran",33.2,2020-01-13,2021-06-24,"1, 2, 4","2019, 2020, 2021",2020,2021
suraasa,49.8,49.8,1,Edtech,Gurgaon,Gurgaon,Haryana,India,Unspecified Round,2024,"Ets Capital, Nb Ventures, Reach Capital, Trtl Ventures, Tsm Ventures",13.45,2024-10-18,2024-10-18,3,2024,2024,2024
inprime finserv,49.8,49.8,1,Fintech,Bangalore,Bangalore,Karnataka,India,Series A,2025,Pravega Ventures,5.34,2025-07-01,2025-07-01,2,2025,2025,2025
astrosureai,49.8,49.8,1,Astrotech,Chennai,Chennai,Tamil Nadu,India,Seed,2025,"Others, Pradeep Dadha",6.64,2025-01-10,2025-01-10,4,2024,2025,2025
healofy,49.8,49.8,1,Femtech,Bangalore,Bangalore,Karnataka,India,Series B,2021,"Celesta Capital, Omidyar Network India",22.66,2021-10-26,2021-10-26,3,2021,2021,2021
recko,49.8,49.8,1,Saas,Bangalore,Bangalore,Karnataka,India,Series A,2020,Vertex Ventures,2.0,2020-04-10,2020-04-10,1,2020,2020,2020
stalk buy love,49.8,49.8,1,Ecommerce,Delhi,Delhi,Delhi,India,Private Equity,2016,Kalaari Capital,92.9,2016-12-21,2016-12-21,3,2016,2016,2016
beyond appliances,49.8,33.2,2,Smart Kitchen Appliances,Bangalore,Bangalore,Karnataka,India,"Seed, Series A","2024, 2025","Chandru Kalro, Dharaunknown Capital, Fireside Venture Investment Fund Iii, Fireside Ventures, Ramakant Sharma, Saurabh Jain, Shezan Bhojani",16.6,2024-11-05,2025-08-10,"2, 3","2024, 2025",2024,2025
teabox,49.8,49.8,1,Other,Unknown,Nan,Nan,Nan,Private Equity,2015,"Accel, Dragoneer Investment, Jafco Asia, Keystone Group",1.83,2015-03-12,2015-03-12,4,2014,2015,2015
nu genes,49.8,49.8,1,Agritech,Telangana,Nan,Telangana,India,Unknown,2020,Innovation In Food And Agriculture (Ifa),89.64,2020-01-09,2020-01-09,4,2019,2020,2020
zinka,49.8,49.8,1,Freight Logistics,Bangalore,Bangalore,Karnataka,India,Private Equity,2015,"Accel, Flipkart",8.3,2015-06-27,2015-06-27,1,2015,2015,2015
connect,49.8,41.5,2,Ecommerce,Delhi,Delhi,Delhi,India,Private Equity,"2015, 2016","Aavishkaar, Aavishkaar Venture Maunknowngement",41.5,2015-08-17,2016-11-07,"2, 3","2015, 2016",2015,2016
chefs basket,49.8,49.8,1,Ready To Cook Packaged Foods,Mumbai,Mumbai,Maharashtra,India,Private Equity,2015,"Haresh Chawla, Saif Partners",2.49,2015-11-18,2015-11-18,3,2015,2015,2015
schedulers logistics,49.8,49.8,1,Logistics,Mumbai,Mumbai,Maharashtra,India,Private Equity,2016,Gvfl,84.4,2016-06-02,2016-06-02,1,2016,2016,2016
dezy,49.8,49.8,1,Healthcare,Bangalore,Bangalore,Karnataka,India,Other,2024,"Alphawave, Chiratae Ventures, Peak Xv’S Surge",620.01,2024-10-22,2024-10-22,3,2024,2024,2024
ridlr,49.8,49.8,1,Consumer Internet,Mumbai,Mumbai,Maharashtra,India,Private Equity,2016,"Innoven Capital, Matrix Partners, Qualcomm Ventures, Times Internet",33.2,2016-07-18,2016-07-18,2,2016,2016,2016
credit wise capital,49.8,49.8,1,Fintech,Mumbai,Mumbai,Maharashtra,India,Seed,2020,Venture Catalysts,41.5,2020-10-11,2020-10-11,3,2020,2020,2020
fashor,49.8,41.5,2,Fashion,Chennai,Chennai,Tamil Nadu,India,"Pre-Series A, Unspecified Round","2020, 2024","Blume Ventures, Sprout Venture Partners",8.3,2020-01-26,2024-08-17,"2, 4","2019, 2024",2020,2024
o4s,49.8,49.8,1,Information Technology &,Gurgaon,Gurgaon,Haryana,India,Series A,2021,"Think Investments, Venture Highway",553.61,2021-10-18,2021-10-18,3,2021,2021,2021
yellow class,49.8,49.8,1,Edtech,Gurgaon,Gurgaon,Haryana,India,Unknown,2021,Elevation Capital,20.75,2021-08-11,2021-08-11,2,2021,2021,2021
zoca,49.8,49.8,1,Agentic Ai,Gurgaon,Gurgaon,Haryana,India,Unspecified Round,2025,Accel,373.5,2025-05-12,2025-05-12,1,2025,2025,2025
wishadish,49.8,49.8,1,Food &,Delhi,Delhi,Delhi,India,Unknown,2020,Unknown,7.74,2020-01-11,2020-01-11,4,2019,2020,2020
edgegrid,49.8,49.8,1,Software Development,Hyderabad,Hyderabad,Telangana,India,Seed,2022,Lightrock India,2241.0,2022-03-01,2022-03-01,4,2021,2022,2022
isfc,49.8,49.8,1,Fintech,Hyderabad,Hyderabad,Telangana,India,Private Equity,2016,Gray Matters Capital,3.65,2016-10-10,2016-10-10,3,2016,2016,2016
multi living,49.8,49.8,1,Real Estate,Mumbai,Mumbai,Maharashtra,India,Unknown,2020,Lodha Ventures,24.9,2020-03-01,2020-03-01,4,2019,2020,2020
microgo,49.8,49.8,1,Biotechnology,Chennai,Chennai,Tamil Nadu,India,Seed,2022,Angel Investors,3.9,2022-06-22,2022-06-22,1,2022,2022,2022
raw pressery,49.8,49.8,1,Food,Mumbai,Mumbai,Maharashtra,India,Private Equity,2017,"Dsg Consumer Partners, Saama Capital, Sequoia Capital",415.0,2017-10-18,2017-10-18,3,2017,2017,2017
synup,49.8,49.8,1,Technology,Bangalore,Bangalore,Karnataka,India,Private Equity,2017,"Prime Venture Partners., Vertex Ventures",2.55,2017-09-07,2017-09-07,2,2017,2017,2017
prettysecrets,49.8,49.8,1,Ecommerce,Mumbai,Mumbai,Maharashtra,India,Private Equity,2016,"Orios Venture Partners, Rb Investments Pte Ltd",4.73,2016-06-11,2016-06-11,1,2016,2016,2016
kristal ai,49.8,49.8,1,Ai,Unknown,Nan,Nan,Nan,Series A,2020,Chiratae Ventures,8.3,2020-01-26,2020-01-26,4,2019,2020,2020
bio prime,49.8,49.8,1,Agritech,Pune,Pune,Maharashtra,India,Series A,2024,"Edaphon, Inflexor, Omnivore",3.32,2024-10-13,2024-10-13,3,2024,2024,2024
91springboard,49.3,49.3,1,Coworking,Delhi,Delhi,Delhi,India,Unknown,2020,"Al Nour Interunknowntiounknownl Holdings Co., Pearl Brook Holdings Ltd",41.5,2020-06-28,2020-06-28,1,2020,2020,2020
mitigata,48.97,48.97,1,Fintech,Delhi,Delhi,Delhi,India,Series A,2025,Nexus Venture Partners,4.03,2025-08-21,2025-08-21,2,2025,2025,2025
aqgromalin,48.97,41.5,3,Agritech,Chennai,Chennai,Tamil Nadu,India,"Unknown, Seed, Pre-Series A","2020, 2021, 2022","Angel Investors, Omnivore, Sequoia Capital, Zephyr Peacock",7.47,2020-12-23,2022-01-20,"2, 3, 4","2020, 2021",2020,2022
intello labs,48.97,48.97,1,Supply Agritech,Gurgaon,Gurgaon,Haryana,India,Series A,2020,Saama Capital,34.86,2020-05-04,2020-05-04,1,2020,2020,2020
railofy,48.97,41.5,2,Wl & Rac Protection,Mumbai,Mumbai,Maharashtra,India,Seed,2020,"Better Capital, Chiratae Ventures., Roots Ventures",7.47,2020-01-04,2020-10-26,"3, 4","2019, 2020",2020,2020
lookup,48.8,24.9,3,Other,Unknown,Nan,Nan,Nan,"Private Equity, Other",2015,"Biz Stone, Catamaran Ventures, Dena Co., European Investment Fund, Global Founders Capital, Japan, Khosla Impact, Kris Gopalkrishunknownn), Teruhide Sato (In Addition To Mks Switzerland",28.05,2015-01-28,2015-10-10,"1, 3, 4","2014, 2015",2015,2015
cimcon,48.64,48.64,1,Energy > Oilfield,Gujarat,Nan,Gujarat,India,Series A,2025,Niveshaay,9.13,2025-10-25,2025-10-25,3,2025,2025,2025
flocareer,48.56,47.31,2,Consumer Internet,Bangalore,Bangalore,Karnataka,India,"Seed, Series A","2016, 2021","Balasubramanian Krishunknownmurthy, Data Point Capital, Others, Sidhartha Hazarika",1.25,2016-09-06,2021-10-02,"2, 3","2016, 2021",2016,2021
gyandhan,48.55,48.55,1,Higher Education,Delhi,Delhi,Delhi,India,Series A,2025,"Gray Matters Capital, Pravega Ventures",0.37,2025-06-10,2025-06-10,1,2025,2025,2025
tplusa,48.14,48.14,1,Ecommerce,Bangalore,Bangalore,Karnataka,India,Seed,2025,Livspace,8.3,2025-08-14,2025-08-14,2,2025,2025,2025
5cnetwork,48.14,48.14,1,Healthcare,Bangalore,Bangalore,Karnataka,India,Series A,2022,Rohit Razdan And Shiv Tallam,9.96,2022-10-19,2022-10-19,3,2022,2022,2022
virohan,48.14,24.9,2,Healthcare,Gurgaon,Gurgaon,Haryana,India,"Other, Series A","2020, 2021","Elea Foundation, Keiretsu Forum, Rebright Partners, Wadhwani Foundation",23.24,2020-08-03,2021-05-05,"1, 2","2020, 2021",2020,2021
whatfix,48.06,30.63,3,Interactivexc2Xa0 Howto Guides,Bangalore,Bangalore,Karnataka,India,"Seed, Private Equity, Other","2015, 2017, 2024","Aneesh Reddy, Girish Mathrubootham, Gokul Rajaram, Gsf And Other Angel Investors, Helion Venture Partner, Helion Venture Partners, Powerhouse Ventures, Softbank, Stellaris Venture Partners, Sweet Nectar Investments (Warburg Pincus), Vispi Daver",38.1,2015-04-09,2024-09-26,"1, 2","2015, 2017, 2024",2015,2024
credflow,47.31,30.71,2,Fintech,Delhi,Delhi,Delhi,India,"Seed, Other","2021, 2024","Flourish Ventures, Inflexor Ventures, Omidyar Network India, Singaporeunknownbased Family Office, Stellaris Venture Partners",16.6,2021-04-13,2024-11-04,"1, 3","2021, 2024",2021,2024
taskbob,47.31,37.35,2,Ondemandnmobile Handyman,Mumbai,Mumbai,Maharashtra,India,"Seed, Private Equity","2015, 2016","Ivycap Ventures, Mayfield India, Orios Venture Partners",9.96,2015-04-18,2016-02-26,"1, 4",2015,2015,2016
slintel,47.31,34.86,2,Saas,Unknown,Nan,Nan,Nan,Unknown,2020,"Accel, Stellaris Venture Partners, Stellaris Ventures",12.45,2020-01-20,2020-10-02,"3, 4","2019, 2020",2020,2020
shubh loans,47.31,34.86,2,Consumer Internet,Bangalore,Bangalore,Karnataka,India,Private Equity,"2017, 2018","And Pravega Ventures, Beenext, Pravega Ventures, Saama Capital, Sri Capital",12.45,2017-09-20,2018-08-01,2,"2017, 2018",2017,2018
ugaoo,47.0,47.0,1,Houseplants & Urban Gardening,Pune,Pune,Maharashtra,India,Series A,2024,"Dsg Consumer Partners, Rpg Ventures, V3 Ventures",9.96,2024-11-03,2024-11-03,3,2024,2024,2024
exprs,46.98,46.98,1,Nano Distribution,Unknown,Nan,Nan,Nan,Unknown,2020,"Sandeep Kapoor, Sweta Rau",8.3,2020-08-19,2020-08-19,2,2020,2020,2020
yoho,46.92,27.0,2,Manufacturing,Delhi,Delhi,Delhi,India,"Series A, Unspecified Round","2022, 2024","Gulf Islamic Investments (Gii), Rajeev Misra And Vijay Shekhar Sharm",19.92,2022-10-05,2024-10-23,3,"2022, 2024",2022,2024
newton school,46.89,41.5,2,Edtech,Bangalore,Bangalore,Karnataka,India,"Seed, Series A","2020, 2021","Harshil Mathur, Nexus Venture Partners, Rtp Global",5.39,2020-01-27,2021-02-08,4,"2019, 2020",2020,2021
primaryio,46.48,46.48,1,Technology,Pune,Pune,Maharashtra,India,Private Equity,2017,"Accel, Exfinity Ventures, Partech Ventures",2.49,2017-09-04,2017-09-04,2,2017,2017,2017
elchemy,46.48,46.48,1,Specialty Chemicals,Ahmedabad,Ahmedabad,Gujarat,India,Series A,2024,"Infoedge Ventures, Prime Venture Partners",58.1,2024-11-12,2024-11-12,3,2024,2024,2024
burger singh,46.48,42.33,2,Qsr & Online Delivery Portal,Gurgaon,Gurgaon,Haryana,India,"Seed, Series A","2015, 2022","Ashvin Chadha, Avtar Monga, Dheeraj Jain, Udaan Angels, Vm Salgaocar Family Office And Rb Investments Pte. Ltd.",4.15,2015-10-10,2022-07-17,"2, 3","2015, 2022",2015,2022
patel logistics,46.48,46.48,1,Transportation & Logistics,Mumbai,Mumbai,Maharashtra,India,Private Equity,2015,Frontline Strategy,33.2,2015-12-19,2015-12-19,3,2015,2015,2015
inspecity,46.48,46.48,1,Spacetech,Mumbai,Mumbai,Maharashtra,India,Seed,2025,Lucky Investment Maunknowngers,1.66,2025-05-04,2025-05-04,1,2025,2025,2025
fs life,46.48,46.48,1,Consumer > Fashion,Haryana,Nan,Haryana,India,Series B,2025,Colossa Ventures,4.3,2025-10-09,2025-10-09,3,2025,2025,2025
hunger,46.48,46.48,1,Food & Agriculture > Food,Maharashtra,Nan,Maharashtra,India,Series A,2025,Lighthouse,207.5,2025-10-24,2025-10-24,3,2025,2025,2025
prism,46.48,46.48,1,Travel,Mumbai,Mumbai,Maharashtra,India,Unknown,2025,"Aunknownlah Capital, Incred",37.35,2025-09-10,2025-09-10,2,2025,2025,2025
tripoto,46.41,29.81,2,Other,Unknown,Nan,Nan,Nan,"Private Equity, Series B","2015, 2019","3One4 Capital, Chiratae Ventures (Formerly Idg Ventures), Hornbill Orchid India Fund, Idg Ventures, Lasmer Nv, Orchid India, Outbox Ventures",16.6,2015-03-25,2019-04-05,"1, 4","2014, 2019",2015,2019
curejoy,46.06,36.52,2,Online Health & Wellness,Bangalore,Bangalore,Karnataka,India,Private Equity,"2015, 2016","Accel, Accel Partners India, Larry Braitman, Subrata Mitra, Venk Krishunknown",9.54,2015-09-07,2016-06-23,"1, 2","2015, 2016",2015,2016
defy,45.65,45.65,1,Fintech,Bangalore,Bangalore,Karnataka,India,Unknown,2021,"Goat Vc, Goodwater Capital, Jam Fund, Y Combiunknowntor",3.62,2021-11-05,2021-11-05,3,2021,2021,2021
wigglesin,45.65,45.65,1,Veterinary,Pune,Pune,Maharashtra,India,Pre-Series A,2021,Anthill Ventures,82.09,2021-10-07,2021-10-07,3,2021,2021,2021
lucira,45.65,45.65,1,Ecommerce,Mumbai,Mumbai,Maharashtra,India,Seed,2025,Blume Ventures,41.5,2025-09-09,2025-09-09,2,2025,2025,2025
the porter,45.65,45.65,1,Logistics,Mumbai,Mumbai,Maharashtra,India,Private Equity,2015,"Anupam Mittal, Kae Capital, Sandeep Tandon, Sequoia Capital",2.03,2015-06-02,2015-06-02,1,2015,2015,2015
trulymadlycom,45.65,45.65,1,Other,Unknown,Nan,Nan,Nan,Private Equity,2015,"Helion Venture Partners, Kae Capital",0.91,2015-03-15,2015-03-15,4,2014,2015,2015
indrajaal,45.65,45.65,1,Advanced Hardware & Technology,Hyderabad,Hyderabad,Telangana,India,Pre-Series A,2025,"Finvolve, India Accelerator",1.25,2025-09-15,2025-09-15,2,2025,2025,2025
the health factory,45.65,29.05,2,Food,Mumbai,Mumbai,Maharashtra,India,Seed,"2022, 2024","Peak Xv Partner’S Accelerator Program Surge, Venture Garage And Vikas D Nahar",16.6,2022-08-13,2024-09-25,2,"2022, 2024",2022,2024
plix,45.65,41.5,2,Consumer Internet,Gurgaon,Gurgaon,Haryana,India,"Seed, Series A","2016, 2021","Guild Capital, Instalabs, Rpsg Capital Ventures",4.15,2016-08-02,2021-12-22,"2, 3","2016, 2021",2016,2021
biggies burger,45.65,45.65,1,Food &Beverages,Bangalore,Bangalore,Karnataka,India,Seed,2022,Letsventure And Indian Angel Network,24.9,2022-09-15,2022-09-15,2,2022,2022,2022
scalekit,45.65,45.65,1,Ai,Bangalore,Bangalore,Karnataka,India,Seed,2025,"Together Fund, Z47",1.33,2025-09-12,2025-09-12,2,2025,2025,2025
zvesta,45.65,45.65,1,Proptech,Gurgaon,Gurgaon,Haryana,India,Unknown,2020,Hindustan Media Ventures,1.49,2020-02-21,2020-02-21,4,2019,2020,2020
marketwolf,45.65,45.65,1,Fintech,Mumbai,Mumbai,Maharashtra,India,Seed,2021,"Anil Thadani, Ashutosh Sinha, Roy Van Leeuwen",464.8,2021-10-12,2021-10-12,3,2021,2021,2021
crownit,45.65,45.65,1,Hyperlocal Mobile,Gurgaon,Gurgaon,Haryana,India,Private Equity,2015,"Accel, Helion Venture Partners",20.75,2015-05-15,2015-05-15,1,2015,2015,2015
toffee insurance,45.65,45.65,1,Fintech,Haryana,Nan,Haryana,India,Series A,2020,Ivm Intersurer,8.3,2020-01-05,2020-01-05,4,2019,2020,2020
proactive for her,45.65,45.65,1,Healthcare,Bangalore,Bangalore,Karnataka,India,Series A,2022,"Nexus Venture Partners, Vertex Ventures",1427.6,2022-02-20,2022-02-20,4,2021,2022,2022
goodera,45.65,45.65,1,Technology,Bangalore,Bangalore,Karnataka,India,Private Equity,2017,"Nexus Venture Partners, Omidyar Network",30.71,2017-06-12,2017-06-12,1,2017,2017,2017
shopse,45.65,45.65,1,Fintech,Mumbai,Mumbai,Maharashtra,India,Unknown,2021,"Beenext, Chiratae Ventures",8.88,2021-04-21,2021-04-21,1,2021,2021,2021
super bottoms,45.65,45.65,1,Other,Thane,Mumbai,Maharashtra,India,Series A,2022,Dsg Consumer Partners And Saama Capital,226.0,2022-05-04,2022-05-04,1,2022,2022,2022
flexibees,45.0,45.0,1,Talent,Singapore,Nan,Nan,Singapore,Pre-Series A,2024,Inflection Point Ventures,6.64,2024-08-24,2024-08-24,2,2024,2024,2024
biofuelcircle,45.0,45.0,1,For Biomass And Biofuel,Pune,Pune,Maharashtra,India,Unspecified Round,2024,"Angels, Promoters, Spectrum Impact",581.0,2024-08-15,2024-08-15,2,2024,2024,2024
zunroof,44.9,24.9,2,Cleantech,Gurgaon,Gurgaon,Haryana,India,"Series A, Unspecified Round","2020, 2024","Anbg Enterprise Llp (Godrej Family Office), Godrej Investments, Ravinderunknownth Chadha",24.9,2020-03-06,2024-12-01,"3, 4","2019, 2024",2020,2024
e42,44.82,44.82,1,Computer Software,Pune,Pune,Maharashtra,India,Series A,2021,Pavestone Ventures,36.1,2021-10-20,2021-10-20,3,2021,2021,2021
nautilus mobile,44.82,44.82,1,Computer Games,Pune,Pune,Maharashtra,India,Unknown,2022,Krafton,1.87,2022-02-12,2022-02-12,4,2021,2022,2022
brighteye ventures,44.82,44.82,1,Edtech,Paris,Paris,Nan,France,Unknown,2020,Tandem,157.7,2020-10-12,2020-10-12,3,2020,2020,2020
gosats,44.82,39.01,2,Fintech,Bangalore,Bangalore,Karnataka,India,"Seed, Unknown","2021, 2022","Alphabit Fund, Draper Dragon And Dragon Capital Group, Fulgur Ventures, Sbx Capital, Stacks Accelerator",5.81,2021-08-02,2022-05-03,"1, 2","2021, 2022",2021,2022
frinks ai,44.82,44.82,1,Manufacturing Ai,Bangalore,Bangalore,Karnataka,India,Pre-Series A,2025,Prime Ventures Partners,145.25,2025-05-08,2025-05-08,1,2025,2025,2025
eveez,44.82,44.82,1,Travel,Gurgaon,Gurgaon,Haryana,India,Series A,2025,"Michael, Susan Dell Foundation",232.4,2025-07-14,2025-07-14,2,2025,2025,2025
justride,44.82,24.9,3,Self Driven Rental Car,Mumbai,Mumbai,Maharashtra,India,"Private Equity, Seed","2015, 2016","Axan Venture, Dheeraj Jain, Justin Kan, Kima Ventures, Other Angel Investors, Paul Bucche, Qasar Younis, Scm Holdings, Susa Ventures, Unknown",19.92,2015-11-24,2016-11-05,"3, 4","2015, 2016",2015,2016
advantage club,44.82,27.39,3,Consumer Internet,Gurgaon,Gurgaon,Haryana,India,"Seed, Unknown, Pre-Series A","2016, 2021","Broom Ventures, Earlsfield Capital, Jetty Ventures, Kuunknownl Shah, Others, Purvi Ventures, Smc Advisors, Y Combiunknowntor",17.43,2016-02-23,2021-11-13,"2, 3, 4","2015, 2021",2016,2021
biryani blues,44.55,41.5,2,Food,Gurgaon,Gurgaon,Haryana,India,"Private Equity, Other","2016, 2025","Carpediem Capital, Others, Yugadi Capital",3.05,2016-06-22,2025-05-07,1,"2016, 2025",2016,2025
drum food,44.03,44.03,1,Food,Mumbai,Mumbai,Maharashtra,India,Unknown,2020,"Danone Manifesto, Mousse Partners",8.3,2020-06-27,2020-06-27,1,2020,2020,2020
hostbooks,43.99,41.5,2,Information&Technology,Gurgaon,Gurgaon,Haryana,India,"Series A, Unspecified Round","2022, 2024","Orange Orbit (As Part Of A $15M Series B Funding Round), Razorpay",2.49,2022-06-06,2024-12-28,"1, 3","2022, 2024",2022,2024
myupchar,43.99,41.5,2,Consumer Internet,Delhi,Delhi,Delhi,India,"Seed, Private Equity","2017, 2018","Letsventure, Nexus Venture Partners, Omidyar Network And Shunwei Capital",2.49,2017-09-18,2018-08-03,2,"2017, 2018",2017,2018
enlite research,43.99,43.99,1,Enterprise,Mumbai,Mumbai,Maharashtra,India,Series A,2025,Avaaunknown Capital,16.6,2025-07-04,2025-07-04,2,2025,2025,2025
indian school finance,43.75,43.75,1,Fintech,Hyderabad,Hyderabad,Telangana,India,Seed,2020,Gray Matters Capital,338.64,2020-05-06,2020-05-06,1,2020,2020,2020
mitron,43.72,41.5,2,Media,Bangalore,Bangalore,Karnataka,India,"Seed, Series A",2020,"3One4 Capital, Letsventure, Nexus Venture Partners",2.22,2020-07-27,2020-08-09,2,2020,2020,2020
innerchef,43.58,20.75,3,Food,Delhi,Delhi,Delhi,India,"Private Equity, Unknown","2015, 2016, 2020","Anupam Mittal, M, Mistletoe, Others, Phanindra Sama, S Partners, Sateesh Andara, Vijay Shekhar Sharma, Vishal Gondal",35.28,2015-09-11,2020-03-01,"2, 3, 4","2015, 2016, 2019",2015,2020
hairoriginals,43.5,43.5,1,D2C Hair Extensions & Wigs,Gurgaon,Gurgaon,Haryana,India,Series A,2025,"12 Flags Consumer Holdings, Anicut Growth Fund, Peyush Bansal (Lenskart)",28.22,2025-02-16,2025-02-16,4,2024,2025,2025
julia computing,43.16,38.18,2,Numerical Computing & Data Science,Bangalore,Bangalore,Karnataka,India,"Seed, Private Equity","2015, 2017","Founder Collective, General Catalyst, Gordon And Betty Moore Foundation",4.98,2015-11-05,2017-06-27,"1, 3","2015, 2017",2015,2017
proxgy,43.16,24.9,2,Deeptech Smart Assistance,Unknown,Nan,Nan,Nan,"Unspecified Round, Series A",2024,"Ajinkya Rahane, Kuldeep Mathur, Manish Patel, Nikhil Kamath, Suniel Shetty, Vinod Duggar",18.26,2024-09-05,2024-12-26,"2, 3",2024,2024,2024
hobspace,43.16,40.67,3,Edtech,Mumbai,Mumbai,Maharashtra,India,"Seed, Pre-Series A, Unknown","2020, 2021, 2022","Artha Venture, Dharmil Sheth And Siddharth Bhaskar Shah, Siddharth Bhaskar Shah, Upsparks",2.49,2020-10-26,2022-05-14,"1, 3, 4","2020, 2022",2020,2022
mygubbi,43.16,22.41,2,Real Estate,Bangalore,Bangalore,Karnataka,India,"Seed, Private Equity","2016, 2017","Ajesh K Murthy, Aunknownnda Kallugadde, Firoze Irani, Rajesh K Murthy, Vipul Parekh",20.75,2016-03-19,2017-10-09,"3, 4","2015, 2017",2016,2017
insiderin,43.16,43.16,1,Consumer Internet,Mumbai,Mumbai,Maharashtra,India,Private Equity,2017,Paytm,871.5,2017-06-21,2017-06-21,1,2017,2017,2017
wassup,43.16,26.56,2,Mobile Laundry Cleaning,Chennai,Chennai,Tamil Nadu,India,Private Equity,"2015, 2017","Anil Jain, Arun Chandra Mohan, Other Hnis, Praveen Sinha",16.6,2015-05-07,2017-02-01,"1, 4","2015, 2016",2015,2017
axio biosolutions,43.16,43.16,1,Medtech,Bangalore,Bangalore,Karnataka,India,Series B,2020,Omidyar Network India,228.42,2020-01-12,2020-01-12,4,2019,2020,2020
airblack,43.16,43.16,1,It,Gurgaon,Gurgaon,Haryana,India,Series A,2021,"Edge Ventures, Elevation Capital",11.62,2021-06-21,2021-06-21,1,2021,2021,2021
innerhour,43.16,43.16,1,Healthcare,Mumbai,Mumbai,Maharashtra,India,Series A,2021,"Hitesh Oberoi, Lightbox",4.5,2021-02-03,2021-02-03,4,2020,2021,2021
ensuredit,43.16,40.67,2,Fintech,Gurgaon,Gurgaon,Haryana,India,"Pre-Series A, Seed","2020, 2022",". Venture Catalysts And 9Unicorns Accelerator Fund, Venture Catalysts",2.49,2020-11-28,2022-07-24,"2, 3","2020, 2022",2020,2022
greythr,43.16,43.16,1,Technology,Bangalore,Bangalore,Karnataka,India,Private Equity,2016,"Blume Ventures, New Enterprise Associates (Nea)",79.68,2016-06-10,2016-06-10,1,2016,2016,2016
awifs,43.16,43.16,1,Coworking,Delhi,Delhi,Delhi,India,Unknown,2020,"Bisque Limited, Link Investment Trust.",166.0,2020-05-01,2020-05-01,1,2020,2020,2020
gostops,43.16,34.86,2,Hospitality,Delhi,Delhi,Delhi,India,"Pre-Series A, Series A","2021, 2025","Blume Ventures, Ian, Yuj Ventures",8.3,2021-07-22,2025-03-04,"2, 4","2021, 2024",2021,2025
siply,43.16,26.56,3,Fintech,Bangalore,Bangalore,Karnataka,India,"Seed, Pre-Series A",2021,"Angellist India, Founder'S Room Circle, Inflection Point Ventures, Letsventure",16.6,2021-01-18,2021-10-15,"3, 4","2020, 2021",2021,2021
poshs metal,43.0,43.0,1,Steel Processing,Pune,Pune,Maharashtra,India,Unspecified Round,2025,Aavishkaar Capital,66.4,2025-04-19,2025-04-19,1,2025,2025,2025
91trucks,43.0,43.0,1,Commercial Vehicle,Delhi,Delhi,Delhi,India,Unspecified Round,2025,Arkam Ventures,49.3,2025-05-02,2025-05-02,1,2025,2025,2025
kolo,42.75,38.18,2,Construction,Bangalore,Bangalore,Karnataka,India,"Pre-Seed, Seed","2021, 2022","Better Capital, Better Capital And Rtp Globa",4.57,2021-09-05,2022-05-26,"1, 2","2021, 2022",2021,2022
infinite uptime,42.33,42.33,1,Iot,Pune,Pune,Maharashtra,India,Series B,2020,"Dorm Room Fund, Fiunknownncial Services Limited, Infrastructure Leasing",12.45,2020-12-02,2020-12-02,3,2020,2020,2020
vernacular ai,42.33,42.33,1,Ai,Bangalore,Bangalore,Karnataka,India,Series A,2020,"Exfinity Ventures, Ian Fund",41.5,2020-05-09,2020-05-09,1,2020,2020,2020
pandorum,42.0,42.0,1,Deeptech,Bangalore,Bangalore,Karnataka,India,Unknown,2020,"021 Capital, Karunknowntaka Information Technology Venture Capital Fund",74.7,2020-01-28,2020-01-28,4,2019,2020,2020
ekanek,41.83,41.83,1,Technology,Delhi,Delhi,Delhi,India,Other,2020,"Lightspeed, Sequoia Capital",37.35,2020-01-11,2020-01-11,4,2019,2020,2020
wysa,41.5,41.5,1,Ai,Bangalore,Bangalore,Karnataka,India,Series A,2021,"Pi Ventures, W Health Ventures",2.9,2021-05-21,2021-05-21,1,2021,2021,2021
ethrealx,41.5,41.5,1,Healthcare,Bangalore,Bangalore,Karnataka,India,Seed,2024,"Big Global Investments Jsc, Bluehill Capital, Campus Fund, Golden Sparrow Ventures, Yournest",6.22,2024-08-07,2024-08-07,2,2024,2024,2024
securens,41.5,41.5,1,Technology,Mumbai,Mumbai,Maharashtra,India,Private Equity,2017,"Mayfield India, Trifecta Capital",49.8,2017-01-02,2017-01-02,4,2016,2017,2017
probus smart things,41.5,41.5,1,Iot & Data Analytics,Noida,Noida,Uttar Pradesh,India,Series A,2025,"Indian Family Offices, Unicorn India Ventures, Usunknownbased",55.61,2025-02-20,2025-02-20,4,2024,2025,2025
humpy farms,41.5,41.5,1,Agritech,Mumbai,Mumbai,Maharashtra,India,Angel,2022,Anushka Iyer And Prattyush Shahane,41.5,2022-05-03,2022-05-03,1,2022,2022,2022
emversity,41.5,41.5,1,Edtech,Bangalore,Bangalore,Karnataka,India,Pre-Series A,2025,Z47 And Lightspeed,385.95,2025-04-08,2025-04-08,1,2025,2025,2025
legal raasta,41.5,41.5,1,Consumer Internet,Delhi,Delhi,Delhi,India,Private Equity,2017,Impanix Capital,315.4,2017-05-07,2017-05-07,1,2017,2017,2017
hug innovations,41.5,41.5,1,Technology,Hyderabad,Hyderabad,Telangana,India,Private Equity,2017,"Kishore Ganji, Mohit Srivastav, Rajeev Menon, Venkat Vallabhaneni",20.75,2017-06-02,2017-06-02,1,2017,2017,2017
alefnmobitech,41.5,41.5,1,Consumer Internet,Mumbai,Mumbai,Maharashtra,India,Private Equity,2016,Tata Capital Innovation Fund,3.2,2016-01-20,2016-01-20,4,2015,2016,2016
ikonz studios,41.5,41.5,1,Digital Avatars & Holography Ai/Vr,Hyderabad,Hyderabad,Telangana,India,Pre-Series A,2025,"Akash Bhanshali, Madhusudan Kela, Marc Jordan, Ramaunknown Thummu",16.6,2025-02-10,2025-02-10,4,2024,2025,2025
coveiot,41.5,41.5,1,Technology,Bangalore,Bangalore,Karnataka,India,Private Equity,2017,"Tata Group\\Xe2\\X80\\X99S Watch And Jewellery Retailing Firm, Titan Co Ltd",66.4,2017-11-09,2017-11-09,3,2017,2017,2017
shotangcom,41.5,41.5,1,B2B Ecommerce,Bangalore,Bangalore,Karnataka,India,Private Equity,2015,"Exfinity Venture Partners, Unitus Impact Livelihoods Fund",343.7,2015-12-26,2015-12-26,3,2015,2015,2015
secret alchemist,41.5,41.5,1,Wellness,Mumbai,Mumbai,Maharashtra,India,Seed,2024,Samantha Prabhu,99.6,2024-10-20,2024-10-20,3,2024,2024,2024
pluckk,41.5,41.5,1,Food,Mumbai,Mumbai,Maharashtra,India,Seed,2022,Exponentia Ventures,45.65,2022-01-12,2022-01-12,4,2021,2022,2022
salaryfits,41.5,41.5,1,Fintech,Unknown,Nan,Nan,Nan,Unknown,2020,Brazilian Vc Fund Confrapar,33.2,2020-01-07,2020-01-07,4,2019,2020,2020
homestudio,41.5,41.5,1,Online Branded Furniture Etailer,Bangalore,Bangalore,Karnataka,India,Private Equity,2015,Bren Corporation,8.3,2015-12-10,2015-12-10,3,2015,2015,2015
amperehour energy,41.5,41.5,1,Energy Storage,Pune,Pune,Maharashtra,India,Series A,2025,Avaaunknown Capital,9.96,2025-03-25,2025-03-25,4,2024,2025,2025
commonfloor,41.5,41.5,1,Other,Unknown,Nan,Nan,Nan,Private Equity,2015,Google Capital,16.6,2015-01-08,2015-01-08,4,2014,2015,2015
landeed,41.5,41.5,1,Property Title Search Engine,Hyderabad,Hyderabad,Telangana,India,Other,2025,"10X Founders Fund, Oliver Jung, Others, Paradigm Shift, Pioneer Fund",2.49,2025-01-02,2025-01-02,4,2024,2025,2025
riskcovry,41.5,41.5,1,Fintech,Bangalore,Bangalore,Karnataka,India,Series A,2021,"Better Capital, Bharat Inclusion Seed Fund",4.15,2021-03-13,2021-03-13,4,2020,2021,2021
homi lab,41.5,41.5,1,Edtech,Delhi,Delhi,Delhi,India,Unknown,2022,Inflection Point Ventures,58.1,2022-05-08,2022-05-08,1,2022,2022,2022
pocket aces,41.5,24.9,2,Technology,Mumbai,Mumbai,Maharashtra,India,"Private Equity, Unknown","2016, 2021","3One4 Capital, Aarin Capital, Axilor Ventures, Dsp Group, Kuunknownl Shah, North Base Media, Sandeep Tandon, Sequoia Capital",24.9,2016-12-02,2021-01-23,"3, 4","2016, 2020",2016,2021
hotelogix,41.5,41.5,1,Technology,Noida,Noida,Uttar Pradesh,India,Private Equity,2018,"Accel Partners And Saama Capital, Vertex Ventures",0.13,2018-03-01,2018-03-01,4,2017,2018,2018
ahammune biosciences,41.5,41.5,1,Biotech,Pune,Pune,Maharashtra,India,Series A,2024,Pi Ventures,4.15,2024-09-21,2024-09-21,2,2024,2024,2024
zebu,41.5,33.2,2,Cybersecurity,Unknown,Nan,Nan,Nan,"Seed, Pre-Series A","2020, 2025","Bluehill Vc, Unknown",33.2,2020-01-06,2025-05-09,"1, 4","2019, 2025",2020,2025
skydo,41.5,41.5,1,Crossborder Payments,Bangalore,Bangalore,Karnataka,India,Equity,2024,"Angel Investors, Elevation Capital",51.46,2024-08-24,2024-08-24,2,2024,2024,2024
diabetomics,41.5,41.5,1,Other,Unknown,Nan,Nan,Nan,Private Equity,2015,"Ventureeast, \\Xc2\\Xa0 Varaprasad Reddy",0.83,2015-03-01,2015-03-01,4,2014,2015,2015
pokkt,41.5,41.5,1,Alternate Mobile Monetization,Mumbai,Mumbai,Maharashtra,India,Private Equity,2015,"Jafco Asia, Jungle Ventures, K Ganesh, Segnel Venture, Shinji Kimura, Singtel\\Xe2\\X80\\X99S Innov8, Sundar Chanrai",24.9,2015-11-19,2015-11-19,3,2015,2015,2015
escape plan,41.5,41.5,1,Ecommerce,Bangalore,Bangalore,Karnataka,India,Seed,2025,"Fireside Ventures, Jungle Ventures",2.08,2025-07-20,2025-07-20,2,2025,2025,2025
elong,41.5,41.5,1,Data Driven Recruitment Recommendation,Bangalore,Bangalore,Karnataka,India,Private Equity,2015,"Blume Ventures, Kuunknownl Bahl, Phanindra Sama, Raju Reddy, Rohit Bansal",133.48,2015-06-13,2015-06-13,1,2015,2015,2015
igowise,41.5,41.5,1,Energy > Electric Vehicles,Karnataka,Nan,Karnataka,India,Unknown,2025,Unknown,33.2,2025-10-08,2025-10-08,3,2025,2025,2025
shop 101,41.5,41.5,1,Consumer Internet,Mumbai,Mumbai,Maharashtra,India,Private Equity,2018,"And Ramakant Sharma, Raghuunknownndan G, Stellaris Venture Partners, Vy Capital",0.83,2018-07-17,2018-07-17,2,2018,2018,2018
credit vidya,41.5,41.5,1,Consumer Internet,Mumbai,Mumbai,Maharashtra,India,Private Equity,2017,Matrix Partners,211.65,2017-09-28,2017-09-28,2,2017,2017,2017
yaap,41.5,41.5,1,Consumer Internet,Delhi,Delhi,Delhi,India,Private Equity,2016,Rainmaker Ventures,25.73,2016-07-23,2016-07-23,2,2016,2016,2016
wooplrcom,41.5,41.5,1,Other,Unknown,Nan,Nan,Nan,Private Equity,2015,Helion Venture Partners,66.4,2015-02-23,2015-02-23,4,2014,2015,2015
stashfin,41.5,41.5,1,Consumer Internet,Delhi,Delhi,Delhi,India,Private Equity,2017,"Alto Partners, Snow Leopard Ventures",3.3,2017-06-15,2017-06-15,1,2017,2017,2017
even,41.5,41.5,1,Healthcare,Bangalore,Bangalore,Karnataka,India,Seed,2021,Khosla Ventures,1.66,2021-07-13,2021-07-13,2,2021,2021,2021
sastasundar,41.5,41.5,1,Ecommerce,Kolkata,Kolkata,West Bengal,India,Private Equity,2017,Rohto Pharmaceutical,83.0,2017-05-08,2017-05-08,1,2017,2017,2017
satsure,41.5,41.5,1,Defense & Space,Bangalore,Bangalore,Karnataka,India,Pre-Series A,2022,"Adb Ventures, Baring Pe India",27.39,2022-02-22,2022-02-22,4,2021,2022,2022
gozoomo,41.5,41.5,1,Used Car,Bangalore,Bangalore,Karnataka,India,Private Equity,2015,Saif Partners,8.71,2015-07-06,2015-07-06,2,2015,2015,2015
infoworks,41.5,41.5,1,Big Data Management,Bangalore,Bangalore,Karnataka,India,Private Equity,2015,"Knoll Ventures And Others, Nexus Venture Partners",522.9,2015-09-05,2015-09-05,2,2015,2015,2015
capgrid,41.5,41.5,1,B2B Manufacturing Supply Saas,Gurgaon,Gurgaon,Haryana,India,Unspecified Round,2025,"Anicut Growth Fund, Axilor Ventures, Nexus Venture Partners",3.32,2025-02-20,2025-02-20,4,2024,2025,2025
upwards,41.5,41.5,1,Fintech,Mumbai,Mumbai,Maharashtra,India,Private Equity,2018,"Mayfield, Others, Quotient, Shunwei Capital",26.0,2018-09-04,2018-09-04,2,2018,2018,2018
medtel healthcare,41.5,41.5,1,Healthcare,Orissia,Nan,Odisha,India,Pre-Series A,2021,Unknown,1.06,2021-05-19,2021-05-19,1,2021,2021,2021
ras,41.5,41.5,1,Luxury Skincare,Raipur,Raipur,Chhattisgarh,India,Series A,2025,"Amazon Smbhav Venture Fund, Unilever Ventures",50.0,2025-01-13,2025-01-13,4,2024,2025,2025
ituringai,41.5,41.5,1,Ai,Bangalore,Bangalore,Karnataka,India,Series A,2025,"Dallas Venture Capital, Mela Ventures",8.3,2025-07-12,2025-07-12,2,2025,2025,2025
90 my tuition app,41.5,41.5,1,Edtech,Bangalore,Bangalore,Karnataka,India,Series A,2021,Pearl Investment Llc,415.0,2021-07-23,2021-07-23,2,2021,2021,2021
fireflies ai,41.5,41.5,1,Ai,Unknown,Nan,Nan,Nan,Unknown,2020,Caunknownan Partners,19.09,2020-01-21,2020-01-21,4,2019,2020,2020
casa2inns,41.5,41.5,1,Affordable Hotel Booking Online,Delhi,Delhi,Delhi,India,Private Equity,2015,"Accel, Kalaari Capital",5.81,2015-05-19,2015-05-19,1,2015,2015,2015
evenflow,41.5,41.5,1,Multibrand,Mumbai,Mumbai,Maharashtra,India,Series A,2025,"Sunder Ramachandran, Venture Catalysts",418.0,2025-04-28,2025-04-28,1,2025,2025,2025
oslash,41.5,41.5,1,Software Development,Bangalore,Bangalore,Karnataka,India,Seed,2022,"Christian Oestlien, Kuunknownl Shah",1.66,2022-03-08,2022-03-08,4,2021,2022,2022
growth school,41.5,41.5,1,Edtech,Bangalore,Bangalore,Karnataka,India,Seed,2022,"Owl Ventures, Sequoia Capital",273.9,2022-01-01,2022-01-01,4,2021,2022,2022
stasis labs,41.5,41.5,1,Technology,Bangalore,Bangalore,Karnataka,India,Private Equity,2016,"Others, Rtpunknownhc, Techstars Ventures, Wonder Ventures",41.5,2016-11-23,2016-11-23,3,2016,2016,2016
indē wild,41.5,41.5,1,Ayurvedic Skincare,Mumbai,Mumbai,Maharashtra,India,Seed,2025,"Sogal Ventures, The Global Ventures, Unilever Ventures",17.43,2025-03-15,2025-03-15,4,2024,2025,2025
roposocom,41.5,41.5,1,Other,Unknown,Nan,Nan,Nan,Private Equity,2015,"Binny Bansal, Indian Quotient, Tiger Global Maunknowngement",263.11,2015-03-19,2015-03-19,4,2014,2015,2015
omnivore,41.5,41.5,1,Agritech,Mumbai,Mumbai,Maharashtra,India,Unspecified Round,2024,Proparco,0.83,2024-09-28,2024-09-28,2,2024,2024,2024
3rdflix,41.5,41.5,1,Saas,Hyderabad,Hyderabad,Telangana,India,Pre-Series A,2019,Exfinity Venture Partners,830.0,2019-09-27,2019-09-27,2,2019,2019,2019
verloopio,41.5,41.5,1,Ai,Unknown,Nan,Nan,Nan,Unknown,2020,Alpha Wave Incubation,269.74,2020-08-05,2020-08-05,2,2020,2020,2020
tagos design,41.5,41.5,1,Technology,Bangalore,Bangalore,Karnataka,India,Private Equity,2017,Unknown Investors,5.81,2017-06-04,2017-06-04,1,2017,2017,2017
funstop games,41.5,41.5,1,Casual Gaming,Delhi,Delhi,Delhi,India,Series A,2024,"360 One Asset, Infoedge Ventures",91.3,2024-11-04,2024-11-04,3,2024,2024,2024
nalanda learning,41.5,41.5,1,Edtech,Kolkata,Kolkata,West Bengal,India,Unknown,2021,Aavishkaar Capital,1.19,2021-06-01,2021-06-01,1,2021,2021,2021
bold care,41.5,41.5,1,D2C Sexual Wellness Healthtech,Mumbai,Mumbai,Maharashtra,India,Series A,2025,"Claris Capital, Gruhas Collective Consumer Fund, Mithun Sacheti (Caratlane), Siddhartha Sacheti (Jaipur Diamond), Zerodha’S Rainmatter",1.66,2025-02-21,2025-02-21,4,2024,2025,2025
samunnati financial,41.5,41.5,1,Fintech,Chennai,Chennai,Tamil Nadu,India,Debt,2019,"A Dutch Government Fund, Massif",542.52,2019-01-18,2019-01-18,4,2018,2019,2019
mystifly,41.5,41.5,1,Consumer Internet,Bangalore,Bangalore,Karnataka,India,Private Equity,2016,Recruit Holdings,83.0,2016-10-26,2016-10-26,3,2016,2016,2016
bona vita,41.5,41.5,1,Travel,Gurgaon,Gurgaon,Haryana,India,Private Equity,2015,Makemytrip,74.7,2015-07-12,2015-07-12,2,2015,2015,2015
tickertape,41.5,41.5,1,Fintech,Bangalore,Bangalore,Karnataka,India,Unknown,2021,Smallcase,6.55,2021-11-05,2021-11-05,3,2021,2021,2021
thehousemonk,41.5,41.5,1,Real Estate,Bangalore,Bangalore,Karnataka,India,Unknown,2021,Aurum Proptech,415.0,2021-12-26,2021-12-26,3,2021,2021,2021
freecultr,41.5,41.5,1,Apparel & Fashion,Delhi,Delhi,Delhi,India,Other,2022,Sixth Sense Ventures,1137.1,2022-01-14,2022-01-14,4,2021,2022,2022
rage coffee,41.5,41.5,1,Food,Delhi,Delhi,Delhi,India,Unknown,2021,Sixth Sense Ventures,10.79,2021-08-20,2021-08-20,2,2021,2021,2021
getvantage,41.5,41.5,1,Fintech,Mumbai,Mumbai,Maharashtra,India,Seed,2020,"Samyakth Capital, Venture Catalysts",78.85,2020-10-08,2020-10-08,3,2020,2020,2020
21k school,41.5,41.5,1,Edtech,Bangalore,Bangalore,Karnataka,India,Pre-Series A,2021,Ronnie Screwvala,8.3,2021-11-15,2021-11-15,3,2021,2021,2021
brainsight ai,41.5,41.5,1,Deeptech Neuroscience,Bangalore,Bangalore,Karnataka,India,Pre-Series A,2025,"Ian Alpha Fund, Ivycap Ventures, Silver Needle",1.66,2025-01-11,2025-01-11,4,2024,2025,2025
nutrabay,41.5,41.5,1,D2C Retail,Delhi,Delhi,Delhi,India,Series A,2024,"Kotak Alterunknownte Asset Maunknowngers, Rpsg Capital Ventures",3.78,2024-09-06,2024-09-06,2,2024,2024,2024
rugr,41.5,41.5,1,Fintech,Karnataka,Nan,Karnataka,India,Seed,2025,Vikasa India Eif Fund,6.64,2025-10-28,2025-10-28,3,2025,2025,2025
flint,41.5,41.5,1,Fintech,Bangalore,Bangalore,Karnataka,India,Seed,2022,"Gfc, Sequoia Capital",4.19,2022-01-18,2022-01-18,4,2021,2022,2022
good health clinic,41.5,41.5,1,Healthcare,Hyderabad,Hyderabad,Telangana,India,Unknown,2021,Khosla Ventures,7.0,2021-06-15,2021-06-15,1,2021,2021,2021
magma,41.5,41.5,1,B2B Manufacturing,Ahmedabad,Ahmedabad,Gujarat,India,Series A,2025,Capria Ventures,8.3,2025-04-04,2025-04-04,1,2025,2025,2025
sucseed indovation,41.5,41.5,1,Fintech,Hyderabad,Hyderabad,Telangana,India,Unknown,2020,Unknown,10.79,2020-12-07,2020-12-07,3,2020,2020,2020
kale logistics,41.5,41.5,1,Logistics,Thane,Mumbai,Maharashtra,India,Series A,2021,Inflexor Ventures,10.79,2021-06-05,2021-06-05,1,2021,2021,2021
voxelgrids,41.5,41.5,1,Deeptech,Bangalore,Bangalore,Karnataka,India,Unknown,2021,Zoho,282.2,2021-09-07,2021-09-07,2,2021,2021,2021
eccentric,41.5,41.5,1,Automotive 3D,Mumbai,Mumbai,Maharashtra,India,Pre-Series A,2025,"Arkam Ventures, Exfinity Venture Partners",2.49,2025-01-08,2025-01-08,4,2024,2025,2025
localoye,41.5,41.5,1,Hyperlocal Online,Mumbai,Mumbai,Maharashtra,India,Private Equity,2015,"Lightspeed, Tiger Global Maunknowngement",8.3,2015-04-21,2015-04-21,1,2015,2015,2015
livve homes,41.5,41.5,1,Rental Space,Bangalore,Bangalore,Karnataka,India,Unknown,2021,Angel Investors,12.45,2021-03-26,2021-03-26,4,2020,2021,2021
ozonetel,41.5,41.5,1,Telecommunications,Hyderabad,Hyderabad,Telangana,India,Series A,2021,Stakeboat Capital,141.1,2021-10-22,2021-10-22,3,2021,2021,2021
furtherai,41.5,41.5,1,Ai,Us,Nan,Nan,Usa,Unspecified Round,2025,Nexus Venture Partners,1660.0,2025-04-11,2025-04-11,1,2025,2025,2025
lio,41.5,41.5,1,Computer Software,Pune,Pune,Maharashtra,India,Seed,2021,"Lightspeed, Sequioa",4.65,2021-09-13,2021-09-13,2,2021,2021,2021
vyapar app,41.5,41.5,1,Accounting,Bangalore,Bangalore,Karnataka,India,Series A,2019,"Axilor Ventures, India Quotient",249.0,2019-09-21,2019-09-21,2,2019,2019,2019
vymo,41.5,41.5,1,Technology,Bangalore,Bangalore,Karnataka,India,Private Equity,2016,Sequoia India,41.5,2016-11-21,2016-11-21,3,2016,2016,2016
indianrootscom,41.5,41.5,1,Lifestyle Ecommerce Portal,Gurgaon,Gurgaon,Haryana,India,Private Equity,2015,Kjs Group,43.75,2015-05-19,2015-05-19,1,2015,2015,2015
healthsignz,41.5,41.5,1,Healthcare,Hyderabad,Hyderabad,Telangana,India,Other,2018,Kantilal Patel,1328.0,2018-07-11,2018-07-11,2,2018,2018,2018
spacefields,41.5,41.5,1,Advanced Hardware & Technology,Bangalore,Bangalore,Karnataka,India,Pre-Series A,2025,Globaz Technologies,2.49,2025-09-24,2025-09-24,2,2025,2025,2025
drivestream,41.5,41.5,1,Other,Unknown,Nan,Nan,Nan,Private Equity,2015,Wipro,2.8,2015-03-22,2015-03-22,4,2014,2015,2015
arata,41.5,33.2,2,Ecommerce,Delhi,Delhi,Delhi,India,"Pre-Series A, Series A","2020, 2024","Dsg Consumer Partners, L’Oréal’S Bold Ventures, Skywalker Family Office, Unilever Ventures",8.3,2020-11-22,2024-12-11,3,"2020, 2024",2020,2024
actyvai,41.5,41.5,1,Computer Software,Bangalore,Bangalore,Karnataka,India,Pre-Series A,2022,1Digi Investment Maunknowngement,1.04,2022-02-01,2022-02-01,4,2021,2022,2022
liases foras,41.5,41.5,1,Real Estate Rating & Analysis,Delhi,Delhi,Delhi,India,Private Equity,2015,Dmg Information Asia Pacific,2.0,2015-07-01,2015-07-01,2,2015,2015,2015
squadstack,41.5,41.5,1,Technology,San Francisco,San Francisco,California,Usa,Series A,2020,"Blume Ventures, Chiratae Ventures",17.43,2020-01-21,2020-01-21,4,2019,2020,2020
ace turtle,41.5,41.5,1,Technology,Bangalore,Bangalore,Karnataka,India,Private Equity,2017,"C31 Ventures, Vertex Ventures",4.98,2017-05-23,2017-05-23,1,2017,2017,2017
sensehawk,41.5,41.5,1,Solar Saas,Bangalore,Bangalore,Karnataka,India,Series A,2020,"Falcon Edge Capital, Saif Partners",4.15,2020-01-16,2020-01-16,4,2019,2020,2020
cureskin,41.5,41.5,1,Healthcare,Bangalore,Bangalore,Karnataka,India,Series A,2022,Jsw Ventures,46.06,2022-03-18,2022-03-18,4,2021,2022,2022
indusface,41.5,41.5,1,It,Unknown,Nan,Nan,Nan,Unknown,2020,Tata Capital Growth Fund Ii,122.43,2020-04-19,2020-04-19,1,2020,2020,2020
hansa customer equity,41.5,41.5,1,It / Customer Engagement Consulting,Mumbai,Mumbai,Maharashtra,India,Private Equity,2015,Ask Pravi,207.5,2015-06-19,2015-06-19,1,2015,2015,2015
lucio,41.5,41.5,1,High > Chatbots,Karnataka,Nan,Karnataka,India,Series A,2025,Devc,220.78,2025-10-16,2025-10-16,3,2025,2025,2025
assesslim,41.5,41.5,1,High > Ai Infrastructure,West Bengal,Nan,West Bengal,India,Seed,2025,Foxhog Ventures / Ideas Tih,8.3,2025-10-25,2025-10-25,3,2025,2025,2025
fanztar,41.5,41.5,1,Software,Gurgaon,Gurgaon,Haryana,India,Seed,2022,India Quotient And Farid Ahsan,24.9,2022-05-03,2022-05-03,1,2022,2022,2022
parcelled,41.5,41.5,1,Online Logistics,Bangalore,Bangalore,Karnataka,India,Private Equity,2015,Delhivery,11.62,2015-10-27,2015-10-27,3,2015,2015,2015
chai bisket,41.5,41.5,1,Media & Entertainment,Hyderabad,Hyderabad,Telangana,India,Seed,2025,"General Catalyst, Infoedge Ventures",913.0,2025-07-23,2025-07-23,2,2025,2025,2025
doctalk,41.5,41.5,1,Technology,Mumbai,Mumbai,Maharashtra,India,Private Equity,2017,"Khosla Ventures, Matrix Partners",1.83,2017-11-01,2017-11-01,3,2017,2017,2017
jaypore,41.5,41.5,1,Ecommerce,Delhi,Delhi,Delhi,India,Private Equity,2016,Aavishkaar,2.08,2016-02-14,2016-02-14,4,2015,2016,2016
geoiq,40.67,38.18,2,Ai,Bangalore,Bangalore,Karnataka,India,"Seed, Unknown","2020, 2022","Ankur Mittal, Mitesh Shah, Rohit Bansal And 9Unicorns Accelerator Fund",2.49,2020-11-06,2022-05-14,"1, 3","2020, 2022",2020,2022
payglocal,40.67,40.67,1,Fintech,Bangalore,Bangalore,Karnataka,India,Series A,2021,Sequoia Capital,46.48,2021-12-10,2021-12-10,3,2021,2021,2021
hbits,40.0,40.0,1,Commercial Real Estate,Mumbai,Mumbai,Maharashtra,India,Series A,2025,Capricon Realty Private Limited (Thackersey Group),207.5,2025-01-11,2025-01-11,4,2024,2025,2025
zoff,40.0,40.0,1,Spices,Raipur,Raipur,Chhattisgarh,India,Unspecified Round,2024,Jm Fiunknownncial Private Equity,8.3,2024-08-19,2024-08-19,2,2024,2024,2024
aroa venture partners,40.0,40.0,1,Investment Fund,Gurgaon,Gurgaon,Haryana,India,Other,2024,"Sidbi, Up Government'S Fund",375.0,2024-08-11,2024-08-11,2,2024,2024,2024
bharatx,39.84,39.84,1,Fintech,Bangalore,Bangalore,Karnataka,India,Seed,2022,Ankur Aggarwal And Vikas Choudhury,5.76,2022-05-03,2022-05-03,1,2022,2022,2022
flexmoney,39.84,39.84,1,Fintech,Mumbai,Mumbai,Maharashtra,India,Series A,2021,Pravega Ventures,4.15,2021-06-27,2021-06-27,1,2021,2021,2021
network intelligence,39.84,39.84,1,Technology,Mumbai,Mumbai,Maharashtra,India,Private Equity,2018,Helix Investments,102.92,2018-06-02,2018-06-02,1,2018,2018,2018
rawpressery,39.84,39.84,1,Consumer Internet,Mumbai,Mumbai,Maharashtra,India,Debt,2018,Alteria Capital,49.8,2018-08-10,2018-08-10,2,2018,2018,2018
zango ai,39.84,39.84,1,Ai,Indore,Indore,Madhya Pradesh,India,Seed,2025,"Nexus Venture Partners, No Label Ventures, Notion Capital, South Park Commons, Start Ventures",2.9,2025-07-01,2025-07-01,2,2025,2025,2025
early salary,39.67,33.2,2,Consumer Internet,Pune,Pune,Maharashtra,India,"Private Equity, Debt",2017,"Dewan Housing Fiunknownnce Corp, Dg Ventures India, Ifmr Capital",33.2,2017-05-22,2017-09-13,"1, 2",2017,2017,2017
capricoast,39.43,29.05,2,Online Kitchen Furniture,Bangalore,Bangalore,Karnataka,India,"Seed, Private Equity",2015,"Accel Partners India, Rb Investments",10.38,2015-04-13,2015-12-07,"1, 3",2015,2015,2015
matters,39.42,39.42,1,Enterprise Infrastructure > Cybersecurity,Karnataka,Nan,Karnataka,India,Seed,2025,Kalaari Capital,0.25,2025-10-10,2025-10-10,3,2025,2025,2025
presolv360,39.01,39.01,1,Enterprise,Mumbai,Mumbai,Maharashtra,India,Series A,2025,"Elevation Capital, Mga Ventures",1.2,2025-09-20,2025-09-20,2,2025,2025,2025
coffeee,39.01,39.01,1,Information Technology,Gurgaon,Gurgaon,Haryana,India,Pre-Seed,2022,Rameez Menon And Renu Satti,14.61,2022-08-28,2022-08-28,2,2022,2022,2022
loankuber,39.01,29.05,2,Digital Mortgage,Delhi,Delhi,Delhi,India,"Pre-Series A, Other","2021, 2024","And Others, Inflection Point Ventures, Trtl Vc, Unknown",9.96,2021-08-13,2024-08-13,2,"2021, 2024",2021,2024
mobileware,39.01,39.01,1,Information Technology &,Mumbai,Mumbai,Maharashtra,India,Unknown,2021,Kvanto Payment Services,4.15,2021-10-23,2021-10-23,3,2021,2021,2021
legends league cricket,39.0,39.0,1,Sports,Delhi,Delhi,Delhi,India,Equity,2024,Brickwork,4.15,2024-08-05,2024-08-05,2,2024,2024,2024
plush,38.68,38.68,1,Personal Care Products,Tamil Nadu,Nan,Tamil Nadu,India,Series B,2025,Blume Ventures,457.67,2025-06-20,2025-06-20,1,2025,2025,2025
pumpumpum,38.62,27.39,4,Automotive,Gurgaon,Gurgaon,Haryana,India,"Unknown, Debt, Pre-Series A","2020, 2021, 2022","Icici Bank, Kogta Fiunknownncial India Limited, Letsventure And Founder'S Room Capital, Letsventure Syndicate, Unknown",11.23,2020-01-03,2022-05-27,"1, 2, 4","2019, 2020, 2021, 2022",2020,2022
fastfox,38.18,38.18,1,Consumer Internet,Gurgaon,Gurgaon,Haryana,India,Private Equity,2017,"Blume Ventures, Cyberagent Ventures, Growx Ventures, Imj Investment Partners, Lightspeed",1.12,2017-04-20,2017-04-20,1,2017,2017,2017
testsigma,38.18,38.18,1,Information Technology &,Bangalore,Bangalore,Karnataka,India,Unknown,2022,"Accel, Strive",69.72,2022-02-28,2022-02-28,4,2021,2022,2022
rabitat,38.18,38.18,1,Ecommerce,Delhi,Delhi,Delhi,India,Series A,2025,"Accurize Syndicate, Ag Ventures, Ankit Nagori, Capital A, Dsg Consumer Partners, Eagle Venture Fund, Flair Writing Family Office, Harsh Lal, Ramakant Sharma, Rohin Samtaney, Rpsg Capital, Sourabh Jain, Vedang Patel",8.3,2025-06-18,2025-06-18,1,2025,2025,2025
zedaio,38.18,28.22,2,Computer Software,Bangalore,Bangalore,Karnataka,India,Seed,2022,"Beenext, Beenext And Radiant Sfo",9.96,2022-01-23,2022-08-06,"2, 4","2021, 2022",2022,2022
artium academy,37.76,31.54,2,Music,Mumbai,Mumbai,Maharashtra,India,Seed,"2021, 2022","Chiratae Ventures And Piyush Shah, Sonu Nigam, Whiteboard Capital",6.22,2021-09-26,2022-10-28,"2, 3","2021, 2022",2021,2022
iqlect,37.35,20.75,2,Big Data & Analytics,Bangalore,Bangalore,Karnataka,India,"Private Equity, Other","2015, 2018","Exfinity Venture Partners, Ventureast And Exfinity",16.6,2015-07-24,2018-07-10,2,"2015, 2018",2015,2018
easy diner,37.35,37.35,1,Consumer Internet,Gurgaon,Gurgaon,Haryana,India,Private Equity,2017,Saama Capital And Dsg Consumer Partners,8.3,2017-10-22,2017-10-22,3,2017,2017,2017
zilo,37.35,37.35,1,Consumer,Mumbai,Mumbai,Maharashtra,India,Seed,2025,"Chiratae Ventures, Info Edge Ventures",2.57,2025-06-16,2025-06-16,1,2025,2025,2025
customfurnish,37.35,37.35,1,Custom Made Furniture Etailer,Hyderabad,Hyderabad,Telangana,India,Private Equity,2015,Agnus Capital,8.3,2015-12-07,2015-12-07,3,2015,2015,2015
quid cash,37.35,37.35,1,Supply Fintech,Bangalore,Bangalore,Karnataka,India,Pre-Series A,2024,"And Mintcap, Angel Investors, Including Piyush Jain",6.39,2024-12-15,2024-12-15,3,2024,2024,2024
clair,37.35,37.35,1,Fintech,New York,New York,New York,Usa,Seed,2020,"Upfront Ventures, Walkabout Ventures",24.9,2020-10-21,2020-10-21,3,2020,2020,2020
ekacare,37.35,37.35,1,Healthcare,Bangalore,Bangalore,Karnataka,India,Unknown,2021,"Ashish Kashyap, Deep Kalra, Rajesh Magow",190.9,2021-07-08,2021-07-08,2,2021,2021,2021
awign enterprises,37.35,33.2,2,Other,Bangalore,Bangalore,Karnataka,India,"Series A, Unknown",2020,"Eagle10, Michael And Susan Dell Foundation, Unitus Ventures, Unitus Ventures., Work10M",33.2,2020-01-15,2020-12-04,"3, 4","2019, 2020",2020,2020
printvenue,37.35,37.35,1,Other,Unknown,Nan,Nan,Nan,Private Equity,2015,Asia Pacific Internet Group,166.0,2015-01-09,2015-01-09,4,2014,2015,2015
stack,37.35,37.35,1,Fintech,Bangalore,Bangalore,Karnataka,India,Seed,2021,"Harvard Maunknowngement, Y Combiunknowntor",332.0,2021-12-19,2021-12-19,3,2021,2021,2021
tartanhq,37.35,37.35,1,Information&Technology,Bangalore,Bangalore,Karnataka,India,Seed,2022,Varanium Capital Advisors And 500 Startups,9.96,2022-08-14,2022-08-14,2,2022,2022,2022
petpooja,37.35,37.35,1,Information Technology &,Ahmedabad,Ahmedabad,Gujarat,India,Unknown,2021,"Aroa Ventures, Gvfl, Udaan",12.45,2021-11-20,2021-11-20,3,2021,2021,2021
hackerearth,37.35,37.35,1,Consumer Internet,Bangalore,Bangalore,Karnataka,India,Private Equity,2017,"Beenext, Beenos, Bizreach, Dhi Group Inc, Digital Garage, Prime Venture Partners",4.98,2017-04-06,2017-04-06,1,2017,2017,2017
rapidbox,37.35,37.35,1,Ecommerce,Bangalore,Bangalore,Karnataka,India,Series A,2022,"Abhishek Kumar, Gautam Chopra, Kuunknownl Kiunknownlekar, Yash Sehgal",830.0,2022-11-20,2022-11-20,3,2022,2022,2022
magicbricks,37.35,37.35,1,Consumer Internet,Mumbai,Mumbai,Maharashtra,India,Private Equity,2017,Times Internet Ltd,124.5,2017-03-27,2017-03-27,4,2016,2017,2017
grow fit,37.35,37.35,1,Consumer Internet,Bangalore,Bangalore,Karnataka,India,Private Equity,2017,"Manipal Education And Medical Group (Memg), Sar Group, The Grover Trust",68.06,2017-06-18,2017-06-18,1,2017,2017,2017
greenjoules,37.35,37.35,1,Renewable Energy,Pune,Pune,Maharashtra,India,Series A,2021,Blue Ashva Capital,32.0,2021-06-08,2021-06-08,1,2021,2021,2021
swish club,37.35,37.35,1,Devicesasaservice Daas,Bangalore,Bangalore,Karnataka,India,Pre-Series A,2025,"Atrium Ventures, Blume Ventures, Eterunknownl Capital, Founders Fund, Powerhouse Ventures, Touchstone Ventures",132.8,2025-02-09,2025-02-09,4,2024,2025,2025
hbox,37.0,37.0,1,Healthcare,Massachusetts,Nan,Massachusetts,Usa,Unknown,2022,Unknown,40.0,2022-04-06,2022-04-06,1,2022,2022,2022
savein,37.0,37.0,1,Fintech,Delhi,Delhi,Delhi,India,Unspecified Round,2025,"10X Founders, Leblon Capital, Oliver Jung, Stem Ai",49.8,2025-04-11,2025-04-11,1,2025,2025,2025
ultraviolette automotive,36.6,33.2,2,Automation,Bangalore,Bangalore,Karnataka,India,Series B,2020,Tvs Motor Company,3.4,2020-01-23,2020-10-12,"3, 4","2019, 2020",2020,2020
fleetx,36.54,24.9,2,Saas,Unknown,Nan,Nan,Nan,"Series A, Other",2020,"Beenext, Rohan Raunknownvat, Rohit Bansal",11.64,2020-02-09,2020-10-01,"3, 4","2019, 2020",2020,2020
ajnalens,36.11,12.45,4,Deeptech,Thane,Mumbai,Maharashtra,India,"Unknown, Pre-Series A, Bridge","2020, 2022, 2025","Aerospace Venture Fund (Mdavf), Jito Angel Network, Lenskart, Let'S Venture Angel Fund, Maharashtra Defence, Mod, Mohsin Hani Al Bahrani",33.2,2020-02-06,2025-07-07,"2, 3, 4","2019, 2020, 2021, 2025",2020,2025
dyte,36.1,36.1,1,It And It Consulting,Bangalore,Bangalore,Karnataka,India,Unknown,2022,Multiples,14.11,2022-04-04,2022-04-04,1,2022,2022,2022
care24,36.1,33.2,2,Professional Health,Mumbai,Mumbai,Maharashtra,India,"Seed, Private Equity","2015, 2016","India Quotient, Saif Partners",2.9,2015-10-10,2016-01-09,"3, 4",2015,2015,2016
sadbhav future tech,36.0,36.0,1,Agritech,Gurgaon,Gurgaon,Haryana,India,Other,2025,Chaunknownkya Opportunities Fund,830.0,2025-04-05,2025-04-05,1,2025,2025,2025
wevois,36.0,36.0,1,Waste Management,Jaipur,Jaipur,Rajasthan,India,Series A,2025,"Marsshot Ventures, Negen Capital, Others, Sn Capital, Venture Catalysts, Vyom Wealth, Warmup Ventures",16.6,2025-01-17,2025-01-17,4,2024,2025,2025
cautio,35.9,24.9,2,Visual Telematics,Bangalore,Bangalore,Karnataka,India,Seed,2025,"9Unicorns, Antler India, Infinyte Club, Ministry Of Electronics And It (Meity), Unknown, Venture Catalysts",11.0,2025-04-16,2025-08-08,"1, 2",2025,2025,2025
track3d,35.69,35.69,1,Ai,Nan,Nan,Nan,Nan,Seed,2024,"Endiya Partners, Monta Vista Capital, Shadow Ventures",48.14,2024-09-13,2024-09-13,2,2024,2024,2024
smartstaff,35.69,35.69,1,Recruitment,Bangalore,Bangalore,Karnataka,India,Unknown,2021,"Blume Ventures, Nexus Venture Partners",2.08,2021-10-06,2021-10-06,3,2021,2021,2021
truefan,35.69,35.69,1,Media,Mumbai,Mumbai,Maharashtra,India,Seed,2020,"Mayfield India, Ronnie Screwvala, Saama Capital",71.79,2020-08-07,2020-08-07,2,2020,2020,2020
suite42,35.69,35.69,1,Food,Bangalore,Bangalore,Karnataka,India,Seed,2022,Sujeet Kumar And All In Capital,83.0,2022-09-06,2022-09-06,2,2022,2022,2022
icustommadeit,35.28,33.2,2,Professional Custom Creators,Pune,Pune,Maharashtra,India,"Seed, Private Equity","2015, 2016","Brand Capital, Dinesh R. Challa, Group Of Angel Investors, Siddhiviunknownyak Skyscrapers",2.08,2015-08-04,2016-02-16,"2, 4",2015,2015,2016
nivaan care,35.27,35.27,1,Chronic Pain Management Healthtech,Delhi,Delhi,Delhi,India,Seed,2025,"Endiya Partners, W Health Ventures",219.95,2025-02-21,2025-02-21,4,2024,2025,2025
text mercato,35.27,29.88,2,Other,Bangalore,Bangalore,Karnataka,India,"Series A, Seed","2020, 2022","1Crowd, Tremis Capital And 1Crowd",5.39,2020-08-09,2022-06-03,"1, 2","2020, 2022",2020,2022
nua,35.0,35.0,1,Womens Wellness & Hygiene,Mumbai,Mumbai,Maharashtra,India,Other,2025,"Mirabilis Investment Trust, Samir Singh (Colgate Palmolive), Shuchi Kothari (Dsp Family Office)",49.8,2025-02-18,2025-02-18,4,2024,2025,2025
bizloan,35.0,35.0,1,Fintech,Gurgaon,Gurgaon,Haryana,India,Series A,2025,"Blinc Invest, Michael, Susan Dell Foundation",431.6,2025-01-06,2025-01-06,4,2024,2025,2025
lysto,34.86,24.9,2,Nft,Bangalore,Bangalore,Karnataka,India,Seed,"2021, 2022",". Better Capital And Beenext, Beenext",24.9,2021-11-18,2022-08-25,"2, 3","2021, 2022",2021,2022
onfinance,34.86,34.86,1,Ai,Bangalore,Bangalore,Karnataka,India,Pre-Series A,2025,Peak Xv (Surge),3.73,2025-09-01,2025-09-01,2,2025,2025,2025
maieutic semiconductor,34.86,34.86,1,Advanced Hardware & Technology,Bangalore,Bangalore,Karnataka,India,Seed,2025,"Endiya Partners, Exfinity Venture Partners",0.17,2025-07-12,2025-07-12,2,2025,2025,2025
budybot,34.86,34.86,1,Ai,India,Nan,Nan,India,Unspecified Round,2024,Rtp Global,24.9,2024-10-20,2024-10-20,3,2024,2024,2024
the money club,34.86,20.75,2,Fintech,Noida,Noida,Uttar Pradesh,India,"Pre-Series A, Series A","2021, 2024","Prudent Investment Maunknowngers, Sosv, Venture Catalysts",14.11,2021-09-23,2024-12-17,"2, 3","2021, 2024",2021,2024
intelligencenode,34.86,34.86,1,Data Analytics,Mumbai,Mumbai,Maharashtra,India,Private Equity,2015,"New Enterprise Associates, Orios Venture Partners",6.64,2015-08-05,2015-08-05,2,2015,2015,2015
akudo,34.86,34.86,1,Fintech,Bangalore,Bangalore,Karnataka,India,Seed,2021,"Incubate Fund India, Jafco Asia, Marquee Angels, Y Combiunknowntor",132.8,2021-09-26,2021-09-26,2,2021,2021,2021
kooh sports,34.86,18.26,2,Sports Education,Mumbai,Mumbai,Maharashtra,India,Private Equity,"2015, 2016","Elevate Sports, Faering Capital, Hdfc, Tcs",16.6,2015-12-04,2016-10-09,3,"2015, 2016",2015,2016
enguru,34.86,34.86,1,Edtech,Bangalore,Bangalore,Karnataka,India,Seed,2022,Letsventure And Arihant Patni,244.85,2022-08-06,2022-08-06,2,2022,2022,2022
whizzo,34.86,34.86,1,Materials Science Manufacturing,Bangalore,Bangalore,Karnataka,India,Seed,2025,"Beenext, Lightspeed",2.49,2025-01-24,2025-01-24,4,2024,2025,2025
arivihan,34.86,34.86,1,Edtech,Indore,Indore,Madhya Pradesh,India,Pre-Series A,2025,"Accel, Prosus",80.0,2025-07-01,2025-07-01,2,2025,2025,2025
newsinshorts,34.45,34.45,1,Other,Unknown,Nan,Nan,Nan,Private Equity,2015,"Rebright Partners, Sachin And Binny Bansal, Tiger Global",332.0,2015-02-10,2015-02-10,4,2014,2015,2015
true diamond,34.3,26.0,2,Retail Luxury Goods And Jewellery,Mumbai,Mumbai,Maharashtra,India,"Seed, Pre-Series A","2024, 2025","Aashka Goradia Goble, Abhishek Goyal, Anmol Jain, Ashutosh Valani, Ghazal Alagh, Huddle Ventures, Priyank Shah, Titan Capital, Unknown, Zeropearl Ventures",8.3,2024-11-06,2025-06-17,"1, 3","2024, 2025",2024,2025
cheelizza,34.11,34.11,1,Food,Mumbai,Mumbai,Maharashtra,India,Seed,2022,Indian Angel Network And Rahul Suraunknown,4.15,2022-09-24,2022-09-24,2,2022,2022,2022
leafybus,34.03,34.03,1,Travel,Delhi,Delhi,Delhi,India,Pre-Series A,2025,Enetra India,2.08,2025-09-06,2025-09-06,2,2025,2025,2025
openapp,34.03,29.88,2,Technology,Bangalore,Bangalore,Karnataka,India,"Private Equity, Unknown","2017, 2020","Axilor Ventures, Kumar Vembu, Unicorn India Ventures",29.88,2017-11-08,2020-07-25,"2, 3","2017, 2020",2017,2020
roambee,34.03,34.03,1,Technology,Mumbai,Mumbai,Maharashtra,India,Private Equity,2017,"Deutsche Telekom Strategic Investments, Others",174.3,2017-01-03,2017-01-03,4,2016,2017,2017
synapsica,33.2,33.2,1,Healthcare,Delhi,Delhi,Delhi,India,Series A,2021,"Endiya Partners, Ivycap Ventures",224.1,2021-06-02,2021-06-02,1,2021,2021,2021
mynvax,33.2,33.2,1,Biotechnology,Bangalore,Bangalore,Karnataka,India,Series A,2021,"1Crowd, Accel, Letsventure",1941.7,2021-07-09,2021-07-09,2,2021,2021,2021
svasti microfinance,33.2,33.2,1,Fintech,Mumbai,Mumbai,Maharashtra,India,Unknown,2021,"Kayenne Ventures, Nordic Microfiunknownnce Initiative",2.0,2021-03-07,2021-03-07,4,2020,2021,2021
inthree,33.2,33.2,1,Consumer Internet,Chennai,Chennai,Tamil Nadu,India,Other,2018,"Orios Venture Partners And The Ian Fund, Ventureast",0.83,2018-08-04,2018-08-04,2,2018,2018,2018
threedots,33.2,33.2,1,Fintech,Bangalore,Bangalore,Karnataka,India,Seed,2022,Kalaari Capital,25.73,2022-01-04,2022-01-04,4,2021,2022,2022
sandlogic,33.2,33.2,1,Computer Software,Bangalore,Bangalore,Karnataka,India,Pre-Series A,2022,"Sai Kumar, Sanjay Singhania",83.0,2022-02-28,2022-02-28,4,2021,2022,2022
revos,33.2,33.2,1,Automotive,Bangalore,Bangalore,Karnataka,India,Series A,2021,Unknown,124.5,2021-09-13,2021-09-13,2,2021,2021,2021
thesys,33.2,33.2,1,Ai,Chennai,Chennai,Tamil Nadu,India,Seed,2024,"8Vc, Together Fund",2.08,2024-11-16,2024-11-16,3,2024,2024,2024
tuco kids,33.2,33.2,1,Ecommerce,Bangalore,Bangalore,Karnataka,India,Series A,2025,Rtp Global,16.6,2025-09-10,2025-09-10,2,2025,2025,2025
moneyboxx,33.2,24.9,2,Fintech,Mumbai,Mumbai,Maharashtra,India,"Debt, Unknown","2021, 2022","Ashv Fiunknownnce, Blacksoil Capital, Unknown",24.9,2021-03-19,2022-01-28,4,"2020, 2021",2021,2022
unbound,33.2,33.2,1,Enterprise Ai Security And Governance,Pune,Pune,Maharashtra,India,Seed,2025,Race Capital,9672.05,2025-05-16,2025-05-16,1,2025,2025,2025
upswing financial,33.2,33.2,1,Fintech,Mumbai,Mumbai,Maharashtra,India,Unknown,2022,"Kuunknownl Shah, Rajan Bajaj",240.7,2022-02-12,2022-02-12,4,2021,2022,2022
inurture education,33.2,33.2,1,Edtech,Unknown,Nan,Nan,Nan,Unknown,2020,Kimera Ltd,60.09,2020-06-16,2020-06-16,1,2020,2020,2020
metadome,33.2,33.2,1,Computer Software,Bangalore,Bangalore,Karnataka,India,Pre-Series A,2021,"Chiratae Ventures, Lenskart Vision Fund",0.83,2021-12-23,2021-12-23,3,2021,2021,2021
kaar,33.2,33.2,1,Information Technology &,Chennai,Chennai,Tamil Nadu,India,Unknown,2021,Blacksoil,4.77,2021-10-18,2021-10-18,3,2021,2021,2021
meritnation,33.2,33.2,1,Online Learning,Delhi,Delhi,Delhi,India,Private Equity,2015,Infoedge,0.83,2015-06-06,2015-06-06,1,2015,2015,2015
superzop,33.2,33.2,1,Retail,Mumbai,Mumbai,Maharashtra,India,Series A,2021,Incofin’S India Progress Fund,50.0,2021-09-17,2021-09-17,2,2021,2021,2021
kedara capital,33.2,33.2,1,Fintech,Mumbai,Mumbai,Maharashtra,India,Unknown,2022,Oasis Fertility,175.13,2022-08-15,2022-08-15,2,2022,2022,2022
kofluence,33.2,33.2,1,Marketing & Advertising,Bangalore,Bangalore,Karnataka,India,Pre-Series A,2022,"Apoorva Mehta, Kuunknownl Shah",66.4,2022-02-12,2022-02-12,4,2021,2022,2022
kreedo,33.2,33.2,1,Edtech,Bangalore,Bangalore,Karnataka,India,Series A,2024,Heritas Capital,271.82,2024-08-21,2024-08-21,2,2024,2024,2024
wokelo,33.2,33.2,1,Due Diligence,Delhi,Delhi,Delhi,India,Unspecified Round,2024,Not Disclosed,20.75,2024-10-21,2024-10-21,3,2024,2024,2024
playsimple,33.2,33.2,1,Technology,Bangalore,Bangalore,Karnataka,India,Private Equity,2016,"Idg Ventures India, Saif Partners",141.1,2016-11-22,2016-11-22,3,2016,2016,2016
rksv,33.2,33.2,1,Consumer Internet,Mumbai,Mumbai,Maharashtra,India,Private Equity,2016,Kalaari Capital,1513.92,2016-02-01,2016-02-01,4,2015,2016,2016
lends,33.2,33.2,1,Consumer Internet,Delhi,Delhi,Delhi,India,Private Equity,2016,"Advantedge Partners, American Express Ventures, Cyber Carrier Vc, Dsg Consumer Partners",1614.25,2016-12-26,2016-12-26,3,2016,2016,2016
weskill,33.2,33.2,1,Edtech,Gurgaon,Gurgaon,Haryana,India,Pre-Seed,2021,"Shrishti Sahu, Umang Vohra",66.4,2021-12-26,2021-12-26,3,2021,2021,2021
soolegal,33.2,33.2,1,Legaltech,Delhi,Delhi,Delhi,India,Unknown,2020,Unknown,8.3,2020-10-20,2020-10-20,3,2020,2020,2020
spacejoy,33.2,33.2,1,Design,Bangalore,Bangalore,Karnataka,India,Pre-Series A,2022,Accel,41.5,2022-02-02,2022-02-02,4,2021,2022,2022
rml agtech,33.2,33.2,1,Technology,Pune,Pune,Maharashtra,India,Private Equity,2017,Ivycap Ventures,33.2,2017-01-23,2017-01-23,4,2016,2017,2017
sparkl edventure,33.2,33.2,1,Edtech,Delhi,Delhi,Delhi,India,Seed,2024,"Rainmatter Foundation (Nithin Kamath), Zomato’S Deepinder Goyal",3.82,2024-12-09,2024-12-09,3,2024,2024,2024
scoopwhoop,33.2,33.2,1,Viral Content Web,Delhi,Delhi,Delhi,India,Private Equity,2015,Kalaari Capital,410.85,2015-11-16,2015-11-16,3,2015,2015,2015
peppermint robotics,33.2,33.2,1,Robotics,Pune,Pune,Maharashtra,India,Series A,2025,Indian Angel Network,4.98,2025-04-10,2025-04-10,1,2025,2025,2025
livquik technology,33.2,33.2,1,Fintech,Mumbai,Mumbai,Maharashtra,India,Unknown,2021,M2P Fintech,208.0,2021-09-16,2021-09-16,2,2021,2021,2021
sporjo,33.2,16.6,2,Sportstech,Mumbai,Mumbai,Maharashtra,India,"Unknown, Pre-Series A",2021,Punit Balan,16.6,2021-08-12,2021-08-12,2,2021,2021,2021
schmooze,33.2,33.2,1,Dating,Unknown,Nan,Nan,Nan,Other,2024,"Elevation Capital, Paytm Founders, The Souled Store Founders, Ultrahuman Founders",49.8,2024-09-23,2024-09-23,2,2024,2024,2024
locobuzz,33.2,33.2,1,Analytics,Mumbai,Mumbai,Maharashtra,India,Series A,2021,Yuj Ventures,78.7,2021-05-28,2021-05-28,1,2021,2021,2021
salarybox,33.2,33.2,1,Fintech,Gurgaon,Gurgaon,Haryana,India,Seed,2021,"Ame Cloud Ventures, Gokul Rajaram, Yunknowncombiunknowntor",30.0,2021-11-21,2021-11-21,3,2021,2021,2021
pastiwala,33.2,33.2,1,Material Collection & Recycling,Vadodara,Vadodara,Gujarat,India,Private Equity,2015,Agnus Capital,4.15,2015-04-25,2015-04-25,1,2015,2015,2015
vlcc health care,33.2,33.2,1,Healthcare,Gurgaon,Gurgaon,Haryana,India,Unknown,2021,Unknown,879.8,2021-10-28,2021-10-28,3,2021,2021,2021
luma fertility,33.2,33.2,1,Healthcare,Mumbai,Mumbai,Maharashtra,India,Seed,2025,"Ameera Shah, Peak Xv, Vijay Taparia",45.65,2025-07-04,2025-07-04,2,2025,2025,2025
reverie,33.2,33.2,1,Language Localization Cloud,Bangalore,Bangalore,Karnataka,India,Private Equity,2015,"Aspada Investment Advisors, Qualcomm Ventures",59.76,2015-08-13,2015-08-13,2,2015,2015,2015
saveo,33.2,33.2,1,Healthcare,Bangalore,Bangalore,Karnataka,India,Seed,2021,"Matrix Partners, Rtp Global",37.0,2021-01-11,2021-01-11,4,2020,2021,2021
revx,33.2,33.2,1,Crosschannel Crm,Mumbai,Mumbai,Maharashtra,India,Private Equity,2015,"Draper Fisher Jurvetson, Helion Venture Partners, Nexus Venture Partners, Norwest Venture Partners, Peepul Capital",193.14,2015-08-25,2015-08-25,2,2015,2015,2015
optacredit,33.2,33.2,1,Fintech,Chennai,Chennai,Tamil Nadu,India,Private Equity,2018,Dmi Fiunknownnce,68.89,2018-01-02,2018-01-02,4,2017,2018,2018
medecube,33.2,33.2,1,Healthcare,Gurgaon,Gurgaon,Haryana,India,Private Equity,2016,Artiman Ventures,74.7,2016-03-11,2016-03-11,4,2015,2016,2016
varaha,33.2,33.2,1,Agtech,Delhi,Delhi,Delhi,India,Seed,2022,. Kuunknownl Shah And Orios Venture Partners,7.47,2022-12-19,2022-12-19,3,2022,2022,2022
v resorts,33.2,33.2,1,Consumer Internet,Noida,Noida,Uttar Pradesh,India,Private Equity,2017,"Rb Interunknowntiounknownl, Seedfund",2.74,2017-06-09,2017-06-09,1,2017,2017,2017
muvin,33.2,24.9,2,Fintech,Bangalore,Bangalore,Karnataka,India,"Seed, Pre-Series A","2021, 2022","Unknown, Waterbridge Ventures",8.3,2021-03-27,2022-01-05,4,"2020, 2021",2021,2022
lets transport,33.2,33.2,1,Consumer Internet,Bangalore,Bangalore,Karnataka,India,Private Equity,2017,"Gmo Japan, Neelesh Bhatunknowngar",14.11,2017-01-06,2017-01-06,4,2016,2017,2017
buildzar,33.2,33.2,1,Ecommerce,Gurgaon,Gurgaon,Haryana,India,Private Equity,2016,Puneet Dalmia,1.66,2016-01-15,2016-01-15,4,2015,2016,2016
hipbar,33.2,33.2,1,Consumer Internet,Bangalore,Bangalore,Karnataka,India,Private Equity,2018,Diageo India,14.11,2018-06-27,2018-06-27,1,2018,2018,2018
cleardekho,33.2,33.2,1,Retail,Ghaziabad,Delhi,Uttar Pradesh,India,Pre-Series A,2021,Aroa Ventures,622.5,2021-10-14,2021-10-14,3,2021,2021,2021
coroverai,33.2,33.2,1,Dairytech,Nan,Nan,Nan,Nan,Series A,2024,Venture Catalysts,415.0,2024-09-19,2024-09-19,2,2024,2024,2024
grip invest,33.2,24.9,2,Fintech,Gurgaon,Gurgaon,Haryana,India,"Series A, Unknown","2021, 2022","Endiya Partners, Unknown, Venture Highway",24.9,2021-08-26,2022-01-27,"2, 4",2021,2021,2022
eupheus,33.2,33.2,1,Edtech,Delhi,Delhi,Delhi,India,Series B,2021,"Sixth Sense Ventures, Yuj Ventures",5.81,2021-02-14,2021-02-14,4,2020,2021,2021
driveu,33.2,24.9,2,Technology,Bangalore,Bangalore,Karnataka,India,"Private Equity, Other",2018,"Amit Singhal And Unitus Seed Fund, Stevens Creek Ventures",24.9,2018-03-07,2018-11-15,"3, 4","2017, 2018",2018,2018
billion hearts,33.2,33.2,1,Consumer,Delhi,Delhi,Delhi,India,Unspecified Round,2024,Blume Ventures,622.5,2024-11-12,2024-11-12,3,2024,2024,2024
hansel io,33.2,33.2,1,Consumer Internet,Bangalore,Bangalore,Karnataka,India,Other,2018,Vertex Ventures,41.5,2018-08-26,2018-08-26,2,2018,2018,2018
indigrid technology,33.2,33.2,1,Enterprise,Gurgaon,Gurgaon,Haryana,India,Unknown,2025,Cactus Partners,1.25,2025-09-25,2025-09-25,2,2025,2025,2025
advantageclubai,33.2,33.2,1,Hrtech,Gurgaon,Gurgaon,Haryana,India,Unknown,2024,Axilor Ventures,44.82,2024-12-15,2024-12-15,3,2024,2024,2024
genius teacher,33.2,16.6,2,Edtech,Mumbai,Mumbai,Maharashtra,India,Unknown,2020,"Daniel Lapus, Sandeep Tandon, Vkg Ventures Llp., Whiteboard Capital",16.6,2020-10-23,2020-10-23,3,2020,2020,2020
clinikk,33.2,33.2,1,Hospital & Health Care,Bangalore,Bangalore,Karnataka,India,Pre-Series A,2021,Massmutual Ventures,16.6,2021-11-11,2021-11-11,3,2021,2021,2021
ecoex,33.2,33.2,1,Environment > Solid Waste Management,Delhi,Delhi,Delhi,India,Seed,2025,Unknown,41.5,2025-10-14,2025-10-14,3,2025,2025,2025
altizone,33.2,33.2,1,Technology,Pune,Pune,Maharashtra,India,Private Equity,2016,"Wipro Ventures, \\Xc2\\Xa0 Lumis Partners",18.68,2016-02-11,2016-02-11,4,2015,2016,2016
cloudphysician,33.2,33.2,1,Hospital & Health Care,Bangalore,Bangalore,Karnataka,India,Pre-Series A,2021,Elevar Equity,2.49,2021-10-26,2021-10-26,3,2021,2021,2021
chai kings,33.2,24.9,2,Beverage,Chennai,Chennai,Tamil Nadu,India,"Unknown, Series A","2020, 2025","A.V. Thomas And Co, The Chenunknowni Angels (Tca)",8.3,2020-01-12,2025-03-14,4,"2019, 2024",2020,2025
hippo video,33.2,33.2,1,Video Personalization,New York,New York,New York,Usa,Series A,2020,"Kae Capital, Surge",2.08,2020-01-18,2020-01-18,4,2019,2020,2020
ido devices,33.2,33.2,1,Ecommerce,Noida,Noida,Uttar Pradesh,India,Unknown,2025,"Blume Ventures, Merak Ventures",83.0,2025-09-20,2025-09-20,2,2025,2025,2025
anchanto,33.2,33.2,1,It,Pune,Pune,Maharashtra,India,Private Equity,2018,"Mdi Ventures, Telkom Indonesia",51.46,2018-07-26,2018-07-26,2,2018,2018,2018
amwoodo,33.2,33.2,1,Ecommerce,Kolkata,Kolkata,West Bengal,India,Pre-Series A,2025,Rainmatter,1.66,2025-09-06,2025-09-06,2,2025,2025,2025
evera cabs,33.2,33.2,1,Travel,Delhi,Delhi,Delhi,India,Debt,2025,Mufin Green Fiunknownnce,4.15,2025-06-07,2025-06-07,1,2025,2025,2025
imbesharam,33.2,33.2,1,Ecommerce,Delhi,Delhi,Delhi,India,Private Equity,2016,Unknown Us Based Investors,112.05,2016-01-27,2016-01-27,4,2015,2016,2016
fyno,33.2,33.2,1,Enterprise Applications > Customer Success Management,Karnataka,Nan,Karnataka,India,Seed,2025,Arkam Ventures / 3One4 Capital,28.22,2025-10-22,2025-10-22,3,2025,2025,2025
ignosis,33.2,33.2,1,Fintech,Gujarat,Nan,Gujarat,India,Seed,2025,Peak Xv Partners,2.08,2025-10-03,2025-10-03,3,2025,2025,2025
incnut digital,33.2,33.2,1,Ecommerce,Hyderabad,Hyderabad,Telangana,India,Series A,2020,Rpsg Ventures,24.07,2020-07-08,2020-07-08,2,2020,2020,2020
i am love,33.2,33.2,1,Healthcare,Mumbai,Mumbai,Maharashtra,India,Seed,2021,Xentel Investments,24.9,2021-07-24,2021-07-24,2,2021,2021,2021
freightwalla,33.2,33.2,1,B2B,Mumbai,Mumbai,Maharashtra,India,Series A,2020,"Amplo, Fj Labs, Rogue One Capital",112.05,2020-01-19,2020-01-19,4,2019,2020,2020
sigtuple medtech,33.0,33.0,1,Medtech,Bangalore,Bangalore,Karnataka,India,Series C,2024,Sidbi Venture Capital,205.84,2024-08-02,2024-08-02,2,2024,2024,2024
vipul organics,32.95,32.95,1,Chemicals & Materials > Dyes Pigments And Inks,Maharashtra,Nan,Maharashtra,India,Ipo,2025,Unknown,2.61,2025-10-22,2025-10-22,3,2025,2025,2025
yulu,32.9,32.9,1,Micromobiity,Unknown,Nan,Nan,Nan,Unknown,2020,Rocketship,249.0,2020-06-25,2020-06-25,1,2020,2020,2020
phool,32.8,32.8,1,Enviromental Engineering,Kanpur,Kanpur,Uttar Pradesh,India,Unknown,2022,Multiples,19.09,2022-04-09,2022-04-09,1,2022,2022,2022
shop101,32.37,32.37,1,Social Ecommerce,Unknown,Nan,Nan,Nan,Series C,2020,"Kalaari Capital, Stellaris Venture Partners, Unilever Ventures, Vy Capital",16.6,2020-03-26,2020-03-26,4,2019,2020,2020
dpd zero,32.37,32.37,1,Fintech,Bangalore,Bangalore,Karnataka,India,Pre-Seed,2022,Abhishek Kothari And Ramaunknownthan Rv,54.78,2022-06-10,2022-06-10,1,2022,2022,2022
the indus valley,32.23,23.1,2,Consumer Goods,Chennai,Chennai,Tamil Nadu,India,"Unknown, Pre-Series A","2021, 2024","Dsg Consumer Partners, Rukam Capital, The Chenunknowni Angels",9.13,2021-10-24,2024-12-15,3,"2021, 2024",2021,2024
drinkprime,32.2,23.9,2,Appliance,Bangalore,Bangalore,Karnataka,India,"Pre-Series A, Unknown","2020, 2021","Sequoia Surge, Uc Inclusive Credit, Western Capital",23.9,2020-08-20,2021-08-12,2,"2020, 2021",2020,2021
greengrahi,32.0,32.0,1,Agritech,Delhi,Delhi,Delhi,India,Unspecified Round,2025,Avaaunknown Capital,1.66,2025-04-25,2025-04-25,1,2025,2025,2025
procol,31.73,31.73,1,Agritech,Delhi,Delhi,Delhi,India,Unknown,2020,Sequoia Surge,41.5,2020-07-12,2020-07-12,2,2020,2020,2020
pariksha,31.54,16.6,2,Edtech,Pune,Pune,Maharashtra,India,"Unknown, Pre-Series A",2021,"9Unicorns Accelerator Fund, Venture Catalysts",14.94,2021-01-27,2021-02-21,4,2020,2021,2021
marquee equity,31.54,31.54,1,Fintech,Mumbai,Mumbai,Maharashtra,India,Unknown,2021,"Arrowroot Capital, Capital One",45.65,2021-02-13,2021-02-13,4,2020,2021,2021
superplum,31.54,31.54,1,Agritech,Noida,Noida,Uttar Pradesh,India,Pre-Series A,2021,Marquee Investors,141.1,2021-06-20,2021-06-20,1,2021,2021,2021
foyrcom,31.54,31.54,1,Technology,Hyderabad,Hyderabad,Telangana,India,Private Equity,2017,Jones Lang Lasalle,249.0,2017-12-09,2017-12-09,3,2017,2017,2017
yojak,31.54,31.54,1,B2B,Gurgaon,Gurgaon,Haryana,India,Unknown,2021,Info Edge Ventures,46.92,2021-08-12,2021-08-12,2,2021,2021,2021
sleepycat,31.54,31.54,1,Furniture,Mumbai,Mumbai,Maharashtra,India,Unknown,2021,"Dsg Consumer Partners, Saama Capital, Sharrp Ventures",10.29,2021-08-09,2021-08-09,2,2021,2021,2021
exposome,31.5,21.5,2,Cleantech,Mumbai,Mumbai,Maharashtra,India,"Pre-Series A, Seed","2024, 2025","3I Partners, Bhukhanvala Holdings, Colossa Ventures, Excel Industries, Spectrum Impact",10.0,2024-09-03,2025-10-06,"2, 3","2024, 2025",2024,2025
bitespeed,31.33,29.05,2,Ecommerce,Gurgaon,Gurgaon,Haryana,India,"Seed, Pre-Series A","2020, 2024","Aakash Aunknownnd, Dhruv Vohra, Gaurav Munjal, Others, Peak Xv Surge, Whiteboard Capital",2.28,2020-12-01,2024-11-19,3,"2020, 2024",2020,2024
stimuler,31.12,31.12,1,Edtech,Bangalore,Bangalore,Karnataka,India,Pre-Series A,2025,"Lightspeed, Swc Global",8.3,2025-04-12,2025-04-12,1,2025,2025,2025
cash suvidha,30.71,22.41,2,Ecommerce,Delhi,Delhi,Delhi,India,"Debt, Other","2017, 2018","Initia Holdings, Unknown, Vipin Agarwal And Others.",22.41,2017-12-26,2018-03-13,"3, 4",2017,2017,2018
goodbox,30.71,20.75,3,Ondemand Business Messaging,Bangalore,Bangalore,Karnataka,India,"Private Equity, Seed","2015, 2017","Manipal Group, Mekin Maheshwari, Nexus Venture Partners",22.41,2015-05-04,2017-06-17,"1, 3","2015, 2017",2015,2017
brickbolt,30.71,18.26,2,Other,Bangalore,Bangalore,Karnataka,India,"Pre-Series A, Series A",2020,"Meghunknown Agarwal, Navin Dhanuka, Surge",12.45,2020-02-17,2020-08-04,"2, 4","2019, 2020",2020,2020
cashkarocom,30.71,30.71,1,Ecommerce Discount & Cashback Coupons,Gurgaon,Gurgaon,Haryana,India,Private Equity,2015,Kalaari Capital,358.56,2015-11-17,2015-11-17,3,2015,2015,2015
airpay,30.46,30.46,1,Technology,Mumbai,Mumbai,Maharashtra,India,Private Equity,2017,"Kalaari Capital, Rakesh And Rajesh Jhunjhunwala",22.82,2017-03-04,2017-03-04,4,2016,2017,2017
blowhorn,30.3,30.3,1,Consumer Internet,Bangalore,Bangalore,Karnataka,India,Private Equity,2017,"Draper Associates, Idg Ventures India, Michael, Susan Dell Foundation, Unitus Seed Fund",0.33,2017-03-27,2017-03-27,4,2016,2017,2017
holiday tribe,30.3,24.9,2,Traveltech,Delhi,Delhi,Delhi,India,"Seed, Pre-Series A","2024, 2025","Dinesh Agarwal (Indiamart), Gsf, Murugavel Jaunknownkiraman (Bharatmatrimony), Powerhouse Ventures",5.4,2024-10-24,2025-08-15,"2, 3","2024, 2025",2024,2025
all things baby,30.0,30.0,1,Baby & Mothercare,Mumbai,Mumbai,Maharashtra,India,Series A,2024,"Manish Choksi Family Office, Richa Choksi",9.96,2024-11-15,2024-11-15,3,2024,2024,2024
salad days,30.0,30.0,1,D2C Food,Gurgaon,Gurgaon,Haryana,India,Series A,2025,"Client Associates Alterunknownte Fund (Caaf), V3 Ventures",14.53,2025-01-25,2025-01-25,4,2024,2025,2025
go zero,30.0,30.0,1,Ice Cream,Mumbai,Mumbai,Maharashtra,India,Series A,2025,"Dsg Consumer Partners, Saama Capital And V3 Ventures",16.6,2025-03-27,2025-03-27,4,2024,2025,2025
boba bhai,30.0,30.0,1,Qsr Bubble Tea,Bangalore,Bangalore,Karnataka,India,Unspecified Round,2025,8I Ventures,879.8,2025-01-01,2025-01-01,4,2024,2025,2025
dr reddys laboratories,30.0,30.0,1,Pharmaceutical,Hyderabad,Hyderabad,Telangana,India,Strategic Investment,2025,Acquired A 0.32% Stake By Go Digit (Insurtech Unknown Investments),58.1,2025-02-24,2025-02-24,4,2024,2025,2025
proost,30.0,30.0,1,Beer,Delhi,Delhi,Delhi,India,Series A,2024,"Chimes Group, Hyderabad Angels, Others, Srinivasan Namala, The Chenunknowni Angels",91.3,2024-11-22,2024-11-22,3,2024,2024,2024
daveai,30.0,30.0,1,Ai,Bangalore,Bangalore,Karnataka,India,Pre-Series A,2025,Inflection Point Ventures,8.3,2025-04-17,2025-04-17,1,2025,2025,2025
slide app,29.88,29.88,1,Consumer Internet,Delhi,Delhi,Delhi,India,Private Equity,2016,Songhyun Investment,16.6,2016-12-28,2016-12-28,3,2016,2016,2016
ion energy,29.88,29.88,1,Automotive,Mumbai,Mumbai,Maharashtra,India,Pre-Series A,2021,Unknown,4.0,2021-07-07,2021-07-07,2,2021,2021,2021
project hero,29.88,29.88,1,Construction,Bangalore,Bangalore,Karnataka,India,Seed,2022,Omidyar Network India And Ankur Capital,383.46,2022-09-05,2022-09-05,2,2022,2022,2022
scootsy,29.88,29.88,1,Consumer Internet,Mumbai,Mumbai,Maharashtra,India,Private Equity,2017,"Agnus Capital, Khattar Holdings",33.2,2017-04-21,2017-04-21,1,2017,2017,2017
house of biryani,29.88,29.88,1,Consumer,Mumbai,Mumbai,Maharashtra,India,Unknown,2025,Unknown,1.25,2025-08-08,2025-08-08,2,2025,2025,2025
recommercex,29.88,29.88,1,Chemical Recycling,Noida,Noida,Uttar Pradesh,India,Seed,2024,"Accel, Kae Capital",49.8,2024-09-28,2024-09-28,2,2024,2024,2024
infinyteclub,29.88,29.88,1,Wealth Management,Bangalore,Bangalore,Karnataka,India,Unspecified Round,2024,"Angel Investors, Elevation Capital",1203.5,2024-08-23,2024-08-23,2,2024,2024,2024
tinystep,29.71,16.6,2,Consumer Internet,Bangalore,Bangalore,Karnataka,India,Private Equity,"2016, 2017","Flipkart, Flipkart Logistics Pvt. Ltd",13.11,2016-09-02,2017-01-04,"2, 4",2016,2016,2017
str8bat,29.05,29.05,1,Sportstech,Bangalore,Bangalore,Karnataka,India,Series A,2024,Exfinity Venture Partners,49.8,2024-10-10,2024-10-10,3,2024,2024,2024
activeai,29.05,24.9,2,Technology,Singapore,Nan,Nan,Singapore,"Seed, Private Equity",2016,"Idg Ventures India, Kalaari Capital, Kalaari Capital Accelerator Program",4.15,2016-05-01,2016-11-24,"1, 3",2016,2016,2016
edugorilla,29.05,29.05,1,Edtech,Lucknow,Lucknow,Uttar Pradesh,India,Unknown,2022,Village Capital And Aspen Network Of Development Entrepreneurs,52.29,2022-06-11,2022-06-11,1,2022,2022,2022
stride green,29.05,29.05,1,Green Sme Loans,Haryana,Nan,Haryana,India,Seed,2025,"Incubate Fund India, Micelio Tech Fund",0.26,2025-06-12,2025-06-12,1,2025,2025,2025
hospals,29.05,29.05,1,Hospital & Health Care,Delhi,Delhi,Delhi,India,Pre-Series A,2022,"9Unicorns, Inflection Point Ventures, Singaporeunknownbased Wavemaker",1.25,2022-01-08,2022-01-08,4,2021,2022,2022
niro,29.05,29.05,1,Fintech,Bangalore,Bangalore,Karnataka,India,Seed,2021,Elevar Equity,79.68,2021-10-10,2021-10-10,3,2021,2021,2021
collateral medical,29.05,29.05,1,Ecommerce,Mumbai,Mumbai,Maharashtra,India,Private Equity,2017,Carpediem Capital,1.49,2017-05-26,2017-05-26,1,2017,2017,2017
pazcare,29.05,29.05,1,Insurance,Bangalore,Bangalore,Karnataka,India,Seed,2021,"3One4 Capital, Beenext",4.15,2021-10-28,2021-10-28,3,2021,2021,2021
rulezero,29.05,20.75,2,Technology,Bangalore,Bangalore,Karnataka,India,Seed,2021,"Induslaw, Reddy Futures, The Treasury",8.3,2021-05-18,2021-09-06,"1, 2",2021,2021,2021
trak n tell,29.05,29.05,1,Technology,Gurgaon,Gurgaon,Haryana,India,Private Equity,2016,Brian Acton,5.81,2016-07-02,2016-07-02,2,2016,2016,2016
agnit semiconductors,29.05,29.05,1,Semiconductors,Bangalore,Bangalore,Karnataka,India,Seed,2024,"3One4 Capital, Zephyr Peacock",117.43,2024-10-22,2024-10-22,3,2024,2024,2024
fingpay,29.05,29.05,1,Fintech,Mumbai,Mumbai,Maharashtra,India,Series A,2020,Ivycap Ventures,109.09,2020-04-23,2020-04-23,1,2020,2020,2020
qyuki,29.05,29.05,1,Media,Mumbai,Mumbai,Maharashtra,India,Unknown,2020,Info Edge Venture Fund,8.3,2020-02-14,2020-02-14,4,2019,2020,2020
fareye,29.05,29.05,1,Technology,Delhi,Delhi,Delhi,India,Private Equity,2016,Saif Partners,41.5,2016-06-19,2016-06-19,1,2016,2016,2016
affordplan,29.05,24.9,2,Technology,Delhi,Delhi,Delhi,India,"Seed, Private Equity",2016,"Kalaari Capital, Kalaari Capital Accelerator Program, Prime Venture Partners",4.15,2016-05-06,2016-11-20,"1, 3",2016,2016,2016
gobblecube,29.05,29.05,1,Ai,Gurgaon,Gurgaon,Haryana,India,Pre-Series A,2025,"Infoedge Ventures, Kae Capital",298.8,2025-07-05,2025-07-05,2,2025,2025,2025
tribe theory,29.05,29.05,1,Accomodation,Bangalore,Bangalore,Karnataka,India,Unknown,2020,Tim Draper,23.24,2020-02-01,2020-02-01,4,2019,2020,2020
prescinto,29.05,29.05,1,Solar,Gujarat,Nan,Gujarat,India,Seed,2021,"9Unicorns Accelerator Fund, Venture Catalysts",5.6,2021-03-14,2021-03-14,4,2020,2021,2021
hash,29.05,29.05,1,Tobacco,Delhi,Delhi,Delhi,India,Unknown,2021,Amrac Investment Trust,5.0,2021-08-18,2021-08-18,2,2021,2021,2021
buildsupply,29.05,29.05,1,Saas,Gurgaon,Gurgaon,Haryana,India,Series A,2018,"Gree Ventures, Individual Investors, Space Matrix, Venture Highway",4.15,2018-12-22,2018-12-22,3,2018,2018,2018
eatshoplove,29.05,29.05,1,Fashion Ecommerce,Bangalore,Bangalore,Karnataka,India,Private Equity,2015,Unknown Investor,5.81,2015-04-22,2015-04-22,1,2015,2015,2015
social swag,29.05,29.05,1,Edtech,Mumbai,Mumbai,Maharashtra,India,Unknown,2022,"Imef, Unicorn India Ventures",3.2,2022-01-16,2022-01-16,4,2021,2022,2022
zoplar,28.22,28.22,1,Medical Equipment Procurement,Gurgaon,Gurgaon,Haryana,India,Series A,2025,"Atrium Angels, Beenext, Blume Ventures, Finfirst, Logx, Saison Capital",3.73,2025-01-16,2025-01-16,4,2024,2025,2025
sharpsellai,28.22,28.22,1,Enterprise,Mumbai,Mumbai,Maharashtra,India,Series A,2025,Equentis Angel Fund,4813.28,2025-07-10,2025-07-10,2,2025,2025,2025
leegality,28.22,28.22,1,Technology,Mumbai,Mumbai,Maharashtra,India,Series A,2019,Mumbai Angels,8.3,2019-06-12,2019-06-12,1,2019,2019,2019
haikujam,28.22,28.22,1,Other,Unknown,Nan,Nan,Nan,Unknown,2020,"Dunce Capital, Lightbox. Social Capital",8.3,2020-01-21,2020-01-21,4,2019,2020,2020
fynd,28.22,19.92,3,Ecommerce,Mumbai,Mumbai,Maharashtra,India,Private Equity,2017,"Axis Capital, Fj Labs, Growx, Iifl Seed Ventures, Kae Capital, Rocketship, Singularity Ventures, Tracxn Labs, Venture Catalysts",8.3,2017-03-25,2017-06-08,"1, 4","2016, 2017",2017,2017
fittbudd,28.22,28.22,1,Wellness,Gurgaon,Gurgaon,Haryana,India,Seed,2022,Sequoia Capital India And Waveform Ventures,8.3,2022-10-04,2022-10-04,3,2022,2022,2022
smartclean,28.22,28.22,1,Technology,Singapore,Nan,Nan,Singapore,Other,2020,"Aim Smart City, Seeds Capital",83.0,2020-01-01,2020-01-01,4,2019,2020,2020
timesaverz,28.22,19.92,2,Hyperlocal Maintenance Repair & Cleaning,Mumbai,Mumbai,Maharashtra,India,Private Equity,"2015, 2017","Bccl, Unilazer Ventures",19.92,2015-08-17,2017-07-03,2,"2015, 2017",2015,2017
daily ninja,27.8,24.9,2,Consumer Internet,Bangalore,Bangalore,Karnataka,India,"Other, Unknown","2018, 2020","Big Basket, Saama Capital And Sequoia Capital",24.9,2018-06-12,2020-04-20,1,"2018, 2020",2018,2020
bulk mro,27.76,27.76,1,B2B,Mumbai,Mumbai,Maharashtra,India,Unknown,2020,Stride Ventures,72.21,2020-07-16,2020-07-16,2,2020,2020,2020
bytebeam,27.39,27.39,1,Internet,Unknown,Nan,Nan,Nan,Seed,2022,Vijay Pravin Maharajan And Tanmai Gopal,1452.5,2022-05-06,2022-05-06,1,2022,2022,2022
cashflo,27.39,27.39,1,Fintech,Mumbai,Mumbai,Maharashtra,India,Series A,2019,Saif Partners,140.27,2019-09-15,2019-09-15,2,2019,2019,2019
satleo labs,27.39,27.39,1,Space,Ahmedabad,Ahmedabad,Gujarat,India,Pre-Seed,2025,Merak Ventures,124.5,2025-04-15,2025-04-15,1,2025,2025,2025
yolobus,27.39,27.39,1,Mobility/Transport,Gurgaon,Gurgaon,Haryana,India,Series A,2020,Nexus Venture Partners,9.96,2020-06-05,2020-06-05,1,2020,2020,2020
onetab ai,27.39,27.39,1,Workplace Saas Ai,Indore,Indore,Madhya Pradesh,India,Seed,2025,"Founders, Lit Fund, Orbit, Singapore Family Office, Sosv, Sunil Kumar Singhvi",2.79,2025-02-20,2025-02-20,4,2024,2025,2025
ozi,27.39,27.39,1,Retail > Mom & Baby Care,Haryana,Nan,Haryana,India,Seed,2025,Blume Venture,2174.6,2025-10-07,2025-10-07,3,2025,2025,2025
loopworm,27.39,27.39,1,Healthcare,Bangalore,Bangalore,Karnataka,India,Pre-Series A,2025,"Enrission India Capital, Waterbridge Ventures",118.69,2025-07-11,2025-07-11,2,2025,2025,2025
supertails,27.39,21.58,2,Pet Care,Bangalore,Bangalore,Karnataka,India,"Pre-Series A, Unknown",2021,"Alteria Capital, Dsg Consumer Partners, Saama Capital",21.58,2021-06-07,2021-09-01,"1, 2",2021,2021,2021
crofarm,27.25,12.45,3,Technology,Gurgaon,Gurgaon,Haryana,India,"Private Equity, Seed, Unknown","2016, 2017, 2020","Factor[E] Ventures, Himanshu Aggrawal, Mukul Singhal, Rohit Jain, Smile Group, Sunil Goyal Ashish Gupta",18.95,2016-08-17,2020-06-26,"1, 2","2016, 2017, 2020",2016,2020
cosmoserve space,26.56,26.56,1,Advanced Hardware & Technology,Hyderabad,Hyderabad,Telangana,India,Pre-Seed,2025,Avcf,12.45,2025-09-27,2025-09-27,2,2025,2025,2025
toonsutra,26.56,26.56,1,Webtoon & Comics Mediatech,Bangalore,Bangalore,Karnataka,India,Seed,2025,"Gmjp, Google, Graphic India, Holtzbrinck Publishing Group, Tunknownaccelerate",0.91,2025-02-28,2025-02-28,4,2024,2025,2025
jewelbox,26.56,26.56,1,D2C Labgrown Diamond Jewellery,Kolkata,Kolkata,West Bengal,India,Pre-Series A,2025,V3 Ventures,705.5,2025-04-01,2025-04-01,1,2025,2025,2025
faarms,26.56,16.6,2,Agritech,Bangalore,Bangalore,Karnataka,India,Seed,"2021, 2022","Boon Hwee Koh And Dr. Cornelius Boersch, Unknown",16.6,2021-08-24,2022-07-06,2,"2021, 2022",2021,2022
ember,26.56,26.56,1,Ecommerce,Us,Nan,Nan,Usa,Seed,2025,Unknown,8.3,2025-09-22,2025-09-22,2,2025,2025,2025
peeko,26.56,26.56,1,Consumer,Bangalore,Bangalore,Karnataka,India,Seed,2025,Stellaris Venture Partners,3.68,2025-08-20,2025-08-20,2,2025,2025,2025
huviair,26.56,26.56,1,Computer Software,Bangalore,Bangalore,Karnataka,India,Series A,2022,Chiratae Ventures,230.66,2022-01-09,2022-01-09,4,2021,2022,2022
aeon learning,26.56,26.56,1,Technology,Bangalore,Bangalore,Karnataka,India,Private Equity,2018,Dr. Ranjan Pai,8.3,2018-01-14,2018-01-14,4,2017,2018,2018
asaya,26.56,26.56,1,Ecommerce,Bangalore,Bangalore,Karnataka,India,Pre-Series A,2025,Rpsg Capital,62.25,2025-09-14,2025-09-14,2,2025,2025,2025
fresh from far,26.56,26.56,1,Farming,Delhi,Delhi,Delhi,India,Seed,2022,Inflection Point Ventures,16.6,2022-11-06,2022-11-06,3,2022,2022,2022
furnishka,26.56,26.56,1,Manufacturing,Bangalore,Bangalore,Karnataka,India,Pre-Series A,2024,Indiaquotient,1298.12,2024-10-01,2024-10-01,3,2024,2024,2024
owo,26.56,24.9,2,Ecommerce,Gurgaon,Gurgaon,Haryana,India,"Unknown, Seed",2021,"Ah! Ventures, Unknown",1.66,2021-02-26,2021-12-05,"3, 4","2020, 2021",2021,2021
slikk club,26.56,26.56,1,Fashion Delivery,Bangalore,Bangalore,Karnataka,India,Seed,2025,Lightspeed,83.0,2025-03-04,2025-03-04,4,2024,2025,2025
pankhuri,26.56,26.56,1,Social Community,Bangalore,Bangalore,Karnataka,India,Unknown,2021,Sequoia’S Surge,42.0,2021-07-20,2021-07-20,2,2021,2021,2021
upurfit,26.0,26.0,1,Sports Wellness,Nan,Nan,Nan,Nan,Strategic Investment,2025,Jonty Rhodes (Angel Investor),12.45,2025-06-05,2025-06-05,1,2025,2025,2025
gps renewables,25.9,24.9,2,Cleantech,Bangalore,Bangalore,Karnataka,India,"Series A, Series B","2020, 2022","Caspian, Neev Fund Ii, Triodos",24.9,2020-10-12,2022-03-19,"3, 4","2020, 2021",2020,2022
entri,25.73,14.11,2,Edtech,Kochi,Kochi,Kerala,India,"Seed, Pre-Series A",2020,Good Capital,11.62,2020-02-04,2020-07-14,"2, 4","2019, 2020",2020,2020
yaantra,25.73,25.73,1,Ecommerce,Delhi,Delhi,Delhi,India,Private Equity,2017,Carpediem Capital,62.25,2017-10-04,2017-10-04,3,2017,2017,2017
turno,25.73,25.73,1,Fintech,Bangalore,Bangalore,Karnataka,India,Unknown,2022,Matilde Giglio And Avaaunknown Capital,112.88,2022-06-03,2022-06-03,1,2022,2022,2022
the label life,25.73,25.73,1,Ecommerce,Mumbai,Mumbai,Maharashtra,India,Private Equity,2017,Kalpvriksh,8.3,2017-12-04,2017-12-04,3,2017,2017,2017
truxapp,25.73,25.73,1,Logistics,Delhi,Delhi,Delhi,India,Seed,2017,"Ajay Bhatia, Ganpat Singhvi, Mandhian Family, Others, Tarun Khandelwal, Venugopal Dhoot",24.9,2017-08-18,2017-08-18,2,2017,2017,2017
nira,25.73,17.43,2,Fintech,Unknown,Nan,Nan,Nan,"Pre-Series A, Unknown",2020,"Angel Investors, Techstars, Techstars Bangalore Accelerator",17.43,2020-04-26,2020-11-02,"1, 3",2020,2020,2020
matiks,25.73,25.73,1,Media & Entertainment,Haveri,Haveri,Karnataka,India,Pre-Series A,2025,Tanglin Ventures,3.65,2025-08-23,2025-08-23,2,2025,2025,2025
threado,25.73,25.73,1,Saas,Bangalore,Bangalore,Karnataka,India,Seed,2022,Archaunknown Priyadarshini And Vertex Ventures Southeast,5.0,2022-07-02,2022-07-02,2,2022,2022,2022
faballey,25.73,16.6,2,Ecommerce,Noida,Noida,Uttar Pradesh,India,"Private Equity, Unknown","2016, 2020","Fao Ventures, India Quotient, Indian Angel Network, Ranjan Sharma, Trifecta Capital, Tushar Singh",16.6,2016-10-02,2020-01-14,"3, 4","2016, 2019",2016,2020
healthi,25.73,25.73,1,Healthcare,Bangalore,Bangalore,Karnataka,India,Private Equity,2018,Montane Ventures,8.3,2018-02-10,2018-02-10,4,2017,2018,2018
pascal ai labs,25.73,25.73,1,Ai,Bangalore,Bangalore,Karnataka,India,Seed,2025,Kalaari Capital,70.55,2025-09-17,2025-09-17,2,2025,2025,2025
zappfresh,25.54,24.9,2,Raw Meat & Ready To Eat Food Etailer,Gurgaon,Gurgaon,Haryana,India,"Seed, Other","2015, 2018","Amit Burman, Sidbi Venture Capital, Unknown Investors",0.64,2015-10-11,2018-03-11,"3, 4","2015, 2017",2015,2018
sourcewiz,25.45,24.9,2,Information Technology &,Gurgaon,Gurgaon,Haryana,India,"Seed, Unknown","2021, 2022","Alpha Wave Incubation, Blume Ventures, Matrix Partners India And Wami Capital",24.9,2021-10-16,2022-06-12,"1, 3","2021, 2022",2021,2022
specsmaker,25.4,25.4,1,Eye Wear,Chennai,Chennai,Tamil Nadu,India,Unknown,2020,Eight Road Ventures,83.0,2020-07-05,2020-07-05,2,2020,2020,2020
noto,25.15,21.0,2,Consumer Goods,Mumbai,Mumbai,Maharashtra,India,"Pre-Series A, Angel","2021, 2025","Equentis, John Abraham, Rockstud Capital, Titan Capital, Weh Ventures",4.15,2021-08-17,2025-04-28,"1, 2","2021, 2025",2021,2025
trunativ,25.0,25.0,1,Nutrition,Mumbai,Mumbai,Maharashtra,India,Unspecified Round,2024,Rainmatter Capital,1.16,2024-09-11,2024-09-11,2,2024,2024,2024
eume,25.0,25.0,1,Premium Travel Luggage,Mumbai,Mumbai,Maharashtra,India,Series A,2025,Ashish Kacholia,709.38,2025-05-16,2025-05-16,1,2025,2025,2025
vimano,25.0,25.0,1,Nanotech,Bangalore,Bangalore,Karnataka,India,Seed,2025,Ankur Capital,56.03,2025-04-19,2025-04-19,1,2025,2025,2025
sadhav offshore,25.0,25.0,1,Maritime,Mumbai,Mumbai,Maharashtra,India,Equity,2025,Negen Capital,36.0,2025-04-13,2025-04-13,1,2025,2025,2025
zfunds,25.0,25.0,1,Fintech,Gurgaon,Gurgaon,Haryana,India,Seed,2024,Elevation Capital,16.6,2024-12-23,2024-12-23,3,2024,2024,2024
narvar,24.9,24.9,1,It,Bangalore,Bangalore,Karnataka,India,Private Equity,2018,Accel (Formerly Known As Accel Partners),3.0,2018-08-08,2018-08-08,2,2018,2018,2018
mynoticeperiod,24.9,24.9,1,Other,Unknown,Nan,Nan,Nan,Private Equity,2015,Idg Ventures,7.07,2015-02-16,2015-02-16,4,2014,2015,2015
headfone,24.9,24.9,1,Social Audio,Bangalore,Bangalore,Karnataka,India,Seed,2021,Hashed,37.0,2021-01-20,2021-01-20,4,2020,2021,2021
trupeerai,24.9,24.9,1,Ai,Bangalore,Bangalore,Karnataka,India,Seed,2025,Rtp Global,5.81,2025-07-20,2025-07-20,2,2025,2025,2025
profitwheel,24.9,24.9,1,Marketing & Advertising,Mumbai,Mumbai,Maharashtra,India,Seed,2021,"Jimmy Mahtani, Netcore Cloud, Vallabh Bhansali",11.62,2021-10-07,2021-10-07,3,2021,2021,2021
ssa finserv,24.9,24.9,1,Fintech,Mumbai,Mumbai,Maharashtra,India,Unknown,2021,Blue Ashva Capital,8.3,2021-01-28,2021-01-28,4,2020,2021,2021
holisol,24.9,24.9,1,Logistics,Delhi,Delhi,Delhi,India,Unknown,2021,"Blacksoil, Clsa Capital Partners",0.83,2021-06-17,2021-06-17,1,2021,2021,2021
urbanladder,24.9,24.9,1,Ecommerce,Mumbai,Mumbai,Maharashtra,India,Private Equity,2016,Trifecta Capital,918.81,2016-08-15,2016-08-15,2,2016,2016,2016
farmlink,24.9,24.9,1,Ecommerce,Mumbai,Mumbai,Maharashtra,India,Private Equity,2017,"Pioneering Ventures, Syngenta Ag",332.0,2017-11-24,2017-11-24,3,2017,2017,2017
jigsaw academy,24.9,24.9,1,Online School For Analytics Learning,Bangalore,Bangalore,Karnataka,India,Private Equity,2015,Manipal Global Education Services,149.4,2015-12-05,2015-12-05,3,2015,2015,2015
ptal,24.9,24.9,1,Ecommerce,Delhi,Delhi,Delhi,India,Series A,2025,"Rainmatter, Venture Catalysts",20.0,2025-09-23,2025-09-23,2,2025,2025,2025
88academics,24.9,24.9,1,Edtech,Delhi,Delhi,Delhi,India,Pre-Series A,2021,Aarin Capital,522.9,2021-09-01,2021-09-01,2,2021,2021,2021
cult,24.9,24.9,1,Healthcare,Bangalore,Bangalore,Karnataka,India,Private Equity,2016,Curefit,1567.77,2016-08-07,2016-08-07,2,2016,2016,2016
trica,24.9,24.9,1,Equity Management,Mumbai,Mumbai,Maharashtra,India,Seed,2021,Letsventure,29.05,2021-10-05,2021-10-05,3,2021,2021,2021
oriano solar,24.9,24.9,1,Technology,Mumbai,Mumbai,Maharashtra,India,Private Equity,2017,Samridhi Fund,8.3,2017-03-21,2017-03-21,4,2016,2017,2017
the ayurveda,24.9,24.9,1,Manufacturing,Gurgaon,Gurgaon,Haryana,India,Unknown,2022,Wipro,1.16,2022-03-05,2022-03-05,4,2021,2022,2022
rubique,24.9,24.9,1,Consumer Internet,Mumbai,Mumbai,Maharashtra,India,Private Equity,2017,"Kalaari Capital, Udayan Goyal",1245.0,2017-06-14,2017-06-14,1,2017,2017,2017
fantv,24.9,24.9,1,Content Blockchain/Sui,Noida,Noida,Uttar Pradesh,India,Strategic Investment,2025,"Coinswitch Ventures, Cypher Capital, Illumiunknownti Capital, Mysten Labs",21.58,2025-02-08,2025-02-08,4,2024,2025,2025
smartivity,24.9,16.6,2,Ecommerce,Delhi,Delhi,Delhi,India,"Private Equity, Other","2016, 2018","Advantedge Partners, Ashish Kacholi, S Chand, S Chand Group",8.3,2016-05-22,2018-05-02,1,"2016, 2018",2016,2018
vitaltech,24.9,24.9,1,Heathtech,Plano,Plano,Texas,Usa,Seed,2020,Tech Mahindra,24.9,2020-10-19,2020-10-19,3,2020,2020,2020
sp robotic works,24.9,24.9,1,Edtech,Chennai,Chennai,Tamil Nadu,India,Series A,2021,Mount Judi India Growth Fund,25.45,2021-07-21,2021-07-21,2,2021,2021,2021
doodhvale farms,24.9,24.9,1,Dairy,Sonepat,Nan,Nan,Nan,Series A,2024,"Atomic Capital, Bharat Founders Fund, Others, Singularity Early Opportunities Fund",2.08,2024-11-13,2024-11-13,3,2024,2024,2024
inuxu,24.9,24.9,1,Technology,Pune,Pune,Maharashtra,India,Private Equity,2016,Fork Media,33.2,2016-09-07,2016-09-07,2,2016,2016,2016
doola,24.9,24.9,1,Companyasaservice,New York,New York,New York,Usa,Unknown,2021,Nexus Venture Partners,24.9,2021-11-14,2021-11-14,3,2021,2021,2021
equilibrium,24.9,24.9,1,Clean,Noida,Noida,Uttar Pradesh,India,Seed,2025,Unknown,2.47,2025-09-23,2025-09-23,2,2025,2025,2025
heypillow,24.9,24.9,1,Online Real Estate,Bangalore,Bangalore,Karnataka,India,Private Equity,2015,Hampton Capital,224.1,2015-11-17,2015-11-17,3,2015,2015,2015
lets,24.9,24.9,1,Other,Unknown,Nan,Nan,Nan,Seed,2015,Wu Chay Chin,1.66,2015-03-13,2015-03-13,4,2014,2015,2015
zeplyn,24.9,24.9,1,Wealth Management Software,New York Mumbai,Nan,Nan,Nan,Seed,2024,"Angels And Vc Funds, Converge, Leo Capital",3.79,2024-11-06,2024-11-06,3,2024,2024,2024
beepkart,24.9,24.9,1,Automotive,Bangalore,Bangalore,Karnataka,India,Seed,2021,"Chiratae Ventures, Stellaris Venture Partners",87.15,2021-09-27,2021-09-27,2,2021,2021,2021
blacksoil nbfc,24.9,24.9,1,Fintech,Mumbai,Mumbai,Maharashtra,India,Unknown,2021,Unknown,116.2,2021-03-06,2021-03-06,4,2020,2021,2021
ben gaws,24.9,24.9,1,Manufacturing,Delhi,Delhi,Delhi,India,Pre-Series A,2024,"Icmg, Inflection Point Ventures, Physis Capital",124.5,2024-08-26,2024-08-26,2,2024,2024,2024
doormint,24.9,24.9,1,Hyperlocal Handyman,Mumbai,Mumbai,Maharashtra,India,Private Equity,2015,"Helion Venture Partners, Kalaari Capital",24.9,2015-08-22,2015-08-22,2,2015,2015,2015
truva,24.9,24.9,1,Real Estate,Mumbai,Mumbai,Maharashtra,India,Unspecified Round,2024,"Angel Investors, Stellaris Venture Partners",8.38,2024-08-25,2024-08-25,2,2024,2024,2024
betterhalfai,24.9,24.9,1,Matrimony,Bangalore,Bangalore,Karnataka,India,Pre-Series A,2021,"Rehan A Khan, Y Combiunknowntor",236.55,2021-05-17,2021-05-17,1,2021,2021,2021
littlemore,24.9,24.9,1,Edtech,Chennai,Chennai,Tamil Nadu,India,Private Equity,2018,Kalpavriksh,17.43,2018-02-12,2018-02-12,4,2017,2018,2018
bestdealfinance,24.9,24.9,1,Financial Portal,Mumbai,Mumbai,Maharashtra,India,Private Equity,2015,"Kalaari Capital, Yournest Angel Fund",141.1,2015-09-06,2015-09-06,2,2015,2015,2015
pratech brands,24.9,24.9,1,Internet,Mumbai,Mumbai,Maharashtra,India,Unknown,2022,Unknown,5.0,2022-04-07,2022-04-07,1,2022,2022,2022
wudstay,24.9,24.9,1,Budget Accommodation Aggregator,Gurgaon,Gurgaon,Haryana,India,Private Equity,2015,"Mangroves Capital Partners, Vikas Saxeunknown",75.0,2015-07-17,2015-07-17,2,2015,2015,2015
biopeak,24.9,24.9,1,Wellness & Longevity,Nan,Nan,Nan,Nan,Seed,2025,"Claypond Capital, Rainmatter",1.88,2025-06-01,2025-06-01,1,2025,2025,2025
glip,24.9,24.9,1,Software,Delaware,Nan,Delaware,Usa,Seed,2022,Better Capita,0.08,2022-04-17,2022-04-17,1,2022,2022,2022
dgv,24.9,24.9,1,Information Technology &,Bangalore,Bangalore,Karnataka,India,Pre-Series A,2021,"Info Edge Ventures, Omnivore",49.8,2021-11-21,2021-11-21,3,2021,2021,2021
pricelabs,24.9,24.9,1,Healthcare,Chicago,Chicago,Illinois,Usa,Series A,2022,Summit Partners,1.37,2022-07-19,2022-07-19,2,2022,2022,2022
global care,24.9,24.9,1,Medical Tourism,Gurgaon,Gurgaon,Haryana,India,Series A,2024,35North India Discovery Fund Unknown Ii,24.9,2024-09-03,2024-09-03,2,2024,2024,2024
yumist,24.9,16.6,2,Other,Unknown,Nan,Nan,Nan,Private Equity,2015,"Orios Venture Partner, Orios Venture Partners, Steven Lurie, Unilazer Ventures",8.3,2015-02-06,2015-12-20,"3, 4","2014, 2015",2015,2015
inkers technology,24.9,24.9,1,Proptech,Bangalore,Bangalore,Karnataka,India,Series A,2024,Ashish Kasholia (Lucky Investments),6.22,2024-12-22,2024-12-22,3,2024,2024,2024
buddy4studdy,24.9,24.9,1,Consumer Internet,Noida,Noida,Uttar Pradesh,India,Private Equity,2018,Cba Capital And Others,4.15,2018-03-23,2018-03-23,4,2017,2018,2018
claimbuddy,24.9,24.9,1,Hospital & Health Care,Gurgaon,Gurgaon,Haryana,India,Pre-Series A,2022,"Chiratae Ventures, Rebright Partners",1286.5,2022-02-19,2022-02-19,4,2021,2022,2022
designx,24.9,16.6,2,Shopfloor Hyperautomation,Noida,Noida,Uttar Pradesh,India,"Pre-Series A, Unknown","2024, 2025","Piper Serica Angel Fund, Unknown",8.3,2024-11-05,2025-08-10,"2, 3","2024, 2025",2024,2025
omspace rocket exploration,24.9,24.9,1,Advanced Hardware & Technology,Ahmedabad,Ahmedabad,Gujarat,India,Pre-Seed,2025,Unknown,41.5,2025-07-22,2025-07-22,2,2025,2025,2025
omnia information,24.9,24.9,1,Technology,Delhi,Delhi,Delhi,India,Private Equity,2017,Omidyar Network,149.4,2017-11-09,2017-11-09,3,2017,2017,2017
seekhoai,24.9,24.9,1,Edtech,Gurgaon,Gurgaon,Haryana,India,Pre-Series A,2022,"Letsventure, Super Morpheus, Trica",298.8,2022-03-13,2022-03-13,4,2021,2022,2022
fitterfly,24.9,24.9,1,Healthcare,Mumbai,Mumbai,Maharashtra,India,Pre-Series A,2021,"9Unicorns Accelerator Fund, Metaform Ventures",28.22,2021-04-14,2021-04-14,1,2021,2021,2021
fitternity,24.9,16.6,2,Fitness,Mumbai,Mumbai,Maharashtra,India,Private Equity,"2015, 2018","Anjali Bansal, Arihant Patni Of Patni Family Office, Exfinity Venture, Exfinity Venture Partners, Saha Fund Partners, Satish Khanunknown And Taparia Family Office., Shardul Amarchand Mangaldas",8.3,2015-07-16,2018-04-04,"1, 2","2015, 2018",2015,2018
autoroxco,24.9,24.9,1,Technology,Hyderabad,Hyderabad,Telangana,India,Private Equity,2017,"Co., Mitsui",0.83,2017-07-03,2017-07-03,2,2017,2017,2017
yourstory,24.9,24.9,1,Consumer Internet,Bangalore,Bangalore,Karnataka,India,Private Equity,2017,"3One4 Capital Advisors, Kalaari Capital Partners, Qualcomm, Ucunknownrnt",83.0,2017-02-14,2017-02-14,4,2016,2017,2017
gourmet garden,24.9,24.9,1,Farming,Bangalore,Bangalore,Karnataka,India,Unknown,2021,"Beyond Next Ventures, M Venture Partners",3.32,2021-07-17,2021-07-17,2,2021,2021,2021
oliveboard,24.9,24.9,1,Edtech,Bangalore,Bangalore,Karnataka,India,Unknown,2021,Ian Fund,24.9,2021-07-06,2021-07-06,2,2021,2021,2021
olee space,24.9,24.9,1,Advanced Hardware & Iot,Pune,Pune,Maharashtra,India,Seed,2025,Unknown,3320.0,2025-08-13,2025-08-13,2,2025,2025,2025
candes,24.9,24.9,1,Ecommerce,Delhi,Delhi,Delhi,India,Unknown,2021,"Nitin Passi, Ruchirans Jaipuria",9.96,2021-06-28,2021-06-28,1,2021,2021,2021
triphobo,24.9,24.9,1,Other,Unknown,Nan,Nan,Nan,Private Equity,2015,"Kalaari Capital, Mayfield Ventures",8.3,2015-03-14,2015-03-14,4,2014,2015,2015
electricpe,24.9,24.9,1,Ev,Bangalore,Bangalore,Karnataka,India,Seed,2021,"Blume Ventures, Micelio Fund",24.9,2021-11-25,2021-11-25,3,2021,2021,2021
elda health,24.9,12.45,2,Healthcare,Bangalore,Bangalore,Karnataka,India,"Unknown, Seed",2021,"Avaaunknown Capital, Orios Ventures",12.45,2021-08-13,2021-08-13,2,2021,2021,2021
flick stree,24.9,24.9,1,Ai & Media,Mumbai,Mumbai,Maharashtra,India,Series A,2020,Samsung Venture Investment,39.84,2020-02-15,2020-02-15,4,2019,2020,2020
aerchain,24.9,24.9,1,Computer Software,Bangalore,Bangalore,Karnataka,India,Pre-Series A,2021,"Indiamart, Season Two Ventures",8.3,2021-09-22,2021-09-22,2,2021,2021,2021
glamyo health,24.9,24.9,1,Hospital & Health Care,Delhi,Delhi,Delhi,India,Series A,2021,Aunknownnta Capital,8.3,2021-09-11,2021-09-11,2,2021,2021,2021
ipec,24.9,24.9,1,Ev Charging,Mumbai,Mumbai,Maharashtra,India,Unknown,2025,Gruhas,1.29,2025-04-22,2025-04-22,1,2025,2025,2025
financepeer,24.9,24.9,1,Edtech,Mumbai,Mumbai,Maharashtra,India,Pre-Series A,2020,"Pitchright Venture, Ravi Sanghvi",2.49,2020-01-16,2020-01-16,4,2019,2020,2020
invest4edu,24.9,24.9,1,Edtech,Mumbai,Mumbai,Maharashtra,India,Seed,2024,Family Offices,2.33,2024-09-15,2024-09-15,2,2024,2024,2024
bonhomia,24.9,16.6,2,Premium Beverages,Delhi,Delhi,Delhi,India,Seed,"2015, 2016","Alok Rawat, Grey Orange Robotics, Kanwaljit Singh, Others, Sarvesh Shahra, Shripad Nadkarni",16.6,2015-04-11,2016-02-04,"1, 4",2015,2015,2016
mycity4kids,24.9,24.9,1,Edtech,Gurgaon,Gurgaon,Haryana,India,Private Equity,2016,"Sidbi Venture Capital Limited, Yournest Angel Fund",0.83,2016-01-21,2016-01-21,4,2015,2016,2016
mycaptain,24.9,24.9,1,Edtech,Bangalore,Bangalore,Karnataka,India,Pre-Series A,2022,Ankur Capital,8.3,2022-01-03,2022-01-03,4,2021,2022,2022
wastelink,24.9,24.9,1,Cleantech,Delhi,Delhi,Delhi,India,Series A,2025,Avaaunknown Capital,43.16,2025-08-11,2025-08-11,2,2025,2025,2025
bueno finance,24.9,24.9,1,Fintech,Gurgaon,Gurgaon,Haryana,India,Seed,2021,"Goat Capital, Jam Fund",4.98,2021-06-21,2021-06-21,1,2021,2021,2021
my healthcare,24.9,24.9,1,Ecommerce,Bengaluru And Gurugram,Nan,Nan,Nan,Series A,2019,Sixth Sense Ventures,1.83,2019-04-23,2019-04-23,1,2019,2019,2019
schoolguru,24.9,24.9,1,Edtech,Mumbai,Mumbai,Maharashtra,India,Private Equity,2015,"High Networth Individuals From India, Usa",33.2,2015-10-02,2015-10-02,3,2015,2015,2015
qarmatek,24.9,24.9,1,Telecommunications,Ahmedabad,Ahmedabad,Gujarat,India,Unknown,2022,"Caspian Debt, Gujarat Venture Fiunknownnce Limited",228.91,2022-01-28,2022-01-28,4,2021,2022,2022
veefin,24.9,24.9,1,Information Technology &,Mumbai,Mumbai,Maharashtra,India,Unknown,2021,Rajesh Rajendran,49.8,2021-12-14,2021-12-14,3,2021,2021,2021
manastu space,24.9,24.9,1,Advanced Hardware & Iot,Mumbai,Mumbai,Maharashtra,India,Series A,2025,Capitalunknowna,49.8,2025-08-27,2025-08-27,2,2025,2025,2025
muse wearables,24.9,24.9,1,Technology,Chennai,Chennai,Tamil Nadu,India,Unknown,2020,Dr. Bhaskar Rao Bollineni,12.45,2020-07-21,2020-07-21,2,2020,2020,2020
etrio,24.9,24.9,1,Ev,Hyderabad,Hyderabad,Telangana,India,Series A,2020,Hnis,41.5,2020-01-17,2020-01-17,4,2019,2020,2020
telr,24.9,24.9,1,Technology,Mumbai,Mumbai,Maharashtra,India,Private Equity,2017,Innovations East,1245.0,2017-05-17,2017-05-17,1,2017,2017,2017
mugafi,24.9,24.9,1,Ai,Gurgaon,Gurgaon,Haryana,India,Seed,2025,Startupxseed,149.4,2025-04-04,2025-04-04,1,2025,2025,2025
swiflearn,24.9,24.9,1,Edtech,Gurgaon,Gurgaon,Haryana,India,Pre-Series A,2021,"Stellaris Venture Partners, Venture Highway",66.4,2021-06-06,2021-06-06,1,2021,2021,2021
constelli,24.9,24.9,1,Defense,Hyderabad,Hyderabad,Telangana,India,Pre-Series A,2025,Pravega Ventures,5.0,2025-01-02,2025-01-02,4,2024,2025,2025
matchlog,24.9,24.9,1,Logistics,Mumbai,Mumbai,Maharashtra,India,Other,2022,"Blue Ashva Capital, Capitalunknowna, Rainmatter Climate",6.22,2022-01-05,2022-01-05,4,2021,2022,2022
pillow,24.9,24.9,1,Fintech,Bangalore,Bangalore,Karnataka,India,Seed,2022,Elevation Capital,275.0,2022-02-13,2022-02-13,4,2021,2022,2022
wealth bucket,24.9,24.9,1,Fintech,Unknown,Nan,Nan,Nan,Unknown,2020,"Northstar, Vinod Khatumal",20.75,2020-01-20,2020-01-20,4,2019,2020,2020
bimaplan,24.9,20.75,2,Fintech,Mumbai,Mumbai,Maharashtra,India,"Seed, Pre-Series A",2021,"Ritesh Malik, Roshan Abbas, Titan Capital, Y Combiunknowntor",4.15,2021-03-17,2021-06-07,"1, 4","2020, 2021",2021,2021
circle of angels,24.9,24.9,1,Fintech,Gurgaon,Gurgaon,Haryana,India,Unknown,2020,Unknown,19.09,2020-12-16,2020-12-16,3,2020,2020,2020
fairdealmarket,24.9,24.9,1,Ecommerce,Gurgaon,Gurgaon,Haryana,India,Pre-Series A,2025,Incubate Fund Asia,14.53,2025-08-10,2025-08-10,2,2025,2025,2025
overcartcom,24.9,24.9,1,Ecommerce,Gurgaon,Gurgaon,Haryana,India,Private Equity,2016,"Jsw Ventures, Omidyar Network, Sattva Capital, Venture Works",1.25,2016-07-22,2016-07-22,2,2016,2016,2016
propstack,24.9,24.9,1,Real Estate Intelligence,Mumbai,Mumbai,Maharashtra,India,Private Equity,2015,Dmg Information,9.96,2015-06-27,2015-06-27,1,2015,2015,2015
peakperformer,24.9,24.9,1,Professional Training & Coaching,Bangalore,Bangalore,Karnataka,India,Seed,2022,"Antler India, Blume Founders Fund",11.62,2022-02-01,2022-02-01,4,2021,2022,2022
netlinx,24.9,24.9,1,Consumer Internet,Hyderabad,Hyderabad,Telangana,India,Private Equity,2016,"Transglobal Fzc, Xchange Investors Nv",0.83,2016-10-25,2016-10-25,3,2016,2016,2016
fracktal works,24.9,24.9,1,3D Printer Manufacturer,Bangalore,Bangalore,Karnataka,India,Private Equity,2015,Neoteric Infomatique Limited,506.3,2015-06-26,2015-06-26,1,2015,2015,2015
peelworks,24.9,24.9,1,Ecommerce,Mumbai,Mumbai,Maharashtra,India,Unknown,2020,"Brun Raschle, Cesc Ventures",8.3,2020-10-03,2020-10-03,3,2020,2020,2020
kiranapro,24.9,24.9,1,Quick Commerce,Bangalore,Bangalore,Karnataka,India,Seed,2024,"Blume Founders Fund, Snow Leopard Ventures, Turbostart, Unpopular Ventures",5.98,2024-12-01,2024-12-01,3,2024,2024,2024
vro hospitality,24.9,24.9,1,Hospitality,Bangalore,Bangalore,Karnataka,India,Series A,2021,Creedcap Asia Advisors,310.0,2021-09-18,2021-09-18,2,2021,2021,2021
creo,24.9,24.9,1,Technology,Bangalore,Bangalore,Karnataka,India,Private Equity,2016,"Aunknownnd Chandrasekaran, Beenext Ventures, India Quotient, Sequoia Capital",24.9,2016-01-08,2016-01-08,4,2015,2016,2016
pee safe,24.9,24.9,1,Healthcare,Gurgaon,Gurgaon,Haryana,India,Other,2021,"Alkemi Venture Partners, Shaival Desai",3.32,2021-06-12,2021-06-12,1,2021,2021,2021
skylark drones,24.9,24.9,1,Aviation,Bangalore,Bangalore,Karnataka,India,Pre-Series A,2021,"Ian Fund, Infoedge Ventures",41.5,2021-07-07,2021-07-07,2,2021,2021,2021
bigendian semiconductors,24.9,24.9,1,Semiconductors,Bangalore,Bangalore,Karnataka,India,Unspecified Round,2024,"India, Vertex Ventures Sea",4208.1,2024-09-03,2024-09-03,2,2024,2024,2024
scrut automation,24.9,24.9,1,Information Technology &,Bangalore,Bangalore,Karnataka,India,Unknown,2022,"Endiya Partners, Lightspeed",240.7,2022-02-08,2022-02-08,4,2021,2022,2022
ue life sciences,24.9,24.9,1,Early Cancer Detection,Us,Nan,Nan,Usa,Private Equity,2015,"Aarin Capital, Unitus Seed Fund",20.75,2015-09-28,2015-09-28,2,2015,2015,2015
tygr,24.9,24.9,1,Technology,Mumbai,Mumbai,Maharashtra,India,Private Equity,2016,Franchise India,2.28,2016-12-19,2016-12-19,3,2016,2016,2016
inamo,24.9,24.9,1,Enterprise,Mumbai,Mumbai,Maharashtra,India,Seed,2025,Shastra Vc,2.49,2025-09-09,2025-09-09,2,2025,2025,2025
knot,24.9,24.9,1,Consumer,Bangalore,Bangalore,Karnataka,India,Pre-Series A,2025,Kae Capital,10.98,2025-07-05,2025-07-05,2,2025,2025,2025
hypto,24.9,24.9,1,Technology,Chennai,Chennai,Tamil Nadu,India,Seed,2021,Stellaris Venture Partners,8.3,2021-10-17,2021-10-17,3,2021,2021,2021
tamasha,24.9,24.9,1,Entertainment,Mumbai,Mumbai,Maharashtra,India,Pre-Series A,2021,Chiratae Ventures,0.83,2021-10-05,2021-10-05,3,2021,2021,2021
vital,24.9,24.9,1,Fintech,Delhi,Delhi,Delhi,India,Pre-Series A,2021,Blinc Invest,581.0,2021-06-22,2021-06-22,1,2021,2021,2021
hylenr,24.9,24.9,1,Clean,Hyderabad,Hyderabad,Telangana,India,Pre-Series A,2025,"Chhattisgarh Investments, Valour Capital",50.0,2025-08-04,2025-08-04,2,2025,2025,2025
august ai,24.9,24.9,1,Healthcare,Karnataka,Nan,Karnataka,India,Seed,2025,Accel,3.73,2025-10-25,2025-10-25,3,2025,2025,2025
tablt,24.9,24.9,1,Healthcare,Kolkata,Kolkata,West Bengal,India,Other,2021,Siti Cable,8.3,2021-06-09,2021-06-09,1,2021,2021,2021
wishlink,24.9,24.9,1,Content Creator,Gurgaon,Gurgaon,Haryana,India,Seed,2022,Sanjeev Barnwal And Shantanu Deshpande,49.8,2022-10-05,2022-10-05,3,2022,2022,2022
whoop,24.9,24.9,1,Performance Optimization For Athletes,Boston,Boston,Massachusetts,Usa,Private Equity,2015,Infosys,58.1,2015-12-18,2015-12-18,3,2015,2015,2015
crejofun,24.9,24.9,1,Edtech,Bangalore,Bangalore,Karnataka,India,Seed,2021,"021 Capital, Matrix Partners",11.62,2021-06-11,2021-06-11,1,2021,2021,2021
pocketly,24.9,24.9,1,Fintech,Bangalore,Bangalore,Karnataka,India,Pre-Series A,2022,Dholakia Ventures,1.25,2022-03-02,2022-03-02,4,2021,2022,2022
playerzpot,24.9,24.9,1,Gaming,Mumbai,Mumbai,Maharashtra,India,Series A,2020,Unknown,4.98,2020-11-10,2020-11-10,3,2020,2020,2020
superproai,24.9,24.9,1,Video Communication,Bangalore,Bangalore,Karnataka,India,Seed,2021,"Omphalos Ventures India, Sosv",31.54,2021-04-27,2021-04-27,1,2021,2021,2021
perceptyne,24.9,24.9,1,Deep Ai & Robotics,Telangana,Nan,Telangana,India,Seed,2024,"Endiya Partners, Whiteboard Capital, Yali Capital",10.79,2024-10-08,2024-10-08,3,2024,2024,2024
nimble wireless,24.9,24.9,1,Other,Unknown,Nan,Nan,Nan,Other,2015,Angelprime,16.6,2015-02-12,2015-02-12,4,2014,2015,2015
kosmc ai,24.9,24.9,1,Socialcommerce Infrastructure,Nan,Nan,Nan,Nan,Pre-Seed,2025,Unknown,2.49,2025-06-25,2025-06-25,1,2025,2025,2025
neeman,24.9,16.6,2,Ecommerce,Unknown,Nan,Nan,Nan,"Pre-Series A, Series A","2020, 2021","Anicut Angel Fund, Sixth Sense Ventures",8.3,2020-03-14,2021-08-04,"2, 4","2019, 2021",2020,2021
dharaksha ecosolutions,24.8,24.8,1,Biotech,Delhi,Delhi,Delhi,India,Seed,2024,Avaaunknown Capital,24.9,2024-09-15,2024-09-15,2,2024,2024,2024
agentdesks,24.48,24.48,1,Real Estate Mobile Crm,New York,New York,New York,Usa,Seed,2015,"Cota Capital, Sierra Ventures, Vegas Tech Fund",20.75,2015-10-26,2015-10-26,3,2015,2015,2015
mitra,24.28,13.28,2,Fmcg D2C,Mumbai,Mumbai,Maharashtra,India,"Pre-Series A, Unknown","2024, 2025","Bestvantage Investments, Dubaiunknownbased Family Office",11.0,2024-09-18,2025-08-27,2,"2024, 2025",2024,2025
qubeats,24.15,24.15,1,Quantum Computing,Telangana,Nan,Telangana,India,Other,2025,Corporate: Idex,8.3,2025-06-20,2025-06-20,1,2025,2025,2025
includ,24.07,24.07,1,Ecommerce,Gurgaon,Gurgaon,Haryana,India,Pre-Series A,2025,3One4 Capital,8.3,2025-09-11,2025-09-11,2,2025,2025,2025
gobillion,24.07,24.07,1,Social Commerce,Delhi,Delhi,Delhi,India,Seed,2021,"Justin Mateen, Pioneer Fund, Ycombiunknowntor",11.62,2021-12-06,2021-12-06,3,2021,2021,2021
shipskart,24.07,22.41,2,Ecommerce,Delhi,Delhi,Delhi,India,"Pre-Series A, Series A","2020, 2022","Betatron, Hermes Offshore, Trail Mix Ventures",1.66,2020-01-18,2022-03-13,4,"2019, 2021",2020,2022
mysa,23.24,23.24,1,Unified Finance Fintech Saas,Bangalore,Bangalore,Karnataka,India,Seed,2025,"Antler, Blume Ventures, Ciiie, Emvc, Mohit Kumar (Ultrahuman), Naiyaa Saagi (Myglamm), Neon Fund, Nitin Gupta (Uni), Sriharsha Majety (Swiggy)",2.9,2025-02-09,2025-02-09,4,2024,2025,2025
trendlyne,23.24,23.24,1,Fintech,Bangalore,Bangalore,Karnataka,India,Series A,2022,. Iifl Special Opportunities Fund And Iifl Securities,0.41,2022-10-28,2022-10-28,3,2022,2022,2022
wehouse,23.24,23.24,1,Real Estate,Hyderabad,Hyderabad,Telangana,India,Series A,2025,Unknown,0.33,2025-09-22,2025-09-22,2,2025,2025,2025
swajal,23.24,13.28,2,Innovative Water,Gurgaon,Gurgaon,Haryana,India,"Private Equity, Pre-Series A","2015, 2021","Abhishek Gupta, Acpl Exports, Rajasthan Venture Capital Fund",9.96,2015-07-17,2021-02-02,"2, 4","2015, 2020",2015,2021
sunday design,23.24,23.24,1,Manufacturing,Delhi,Delhi,Delhi,India,Seed,2022,Qrg Investments And Holdings And Kc/Llc,74.7,2022-08-16,2022-08-16,2,2022,2022,2022
jobizo,23.24,11.62,2,Hrtech Healthcare Staffing,Gurgaon,Gurgaon,Haryana,India,"Other, Pre-Series A",2025,"Alkemi Growth Capital, Alkemi Ventures, Inflection Point Ventures",11.62,2025-02-01,2025-06-07,"1, 4","2024, 2025",2025,2025
sarva,23.24,23.24,1,Yoga & Wellness,Chennai,Chennai,Tamil Nadu,India,Unknown,2020,"Fireside Ventures., Venture Fund",83.0,2020-01-08,2020-01-08,4,2019,2020,2020
endureair systems,23.24,23.24,1,Advanced Hardware & Technology,Noida,Noida,Uttar Pradesh,India,Unknown,2025,Indian Angel Network,0.83,2025-09-23,2025-09-23,2,2025,2025,2025
growfitter,23.24,9.96,3,Consumer Internet,Mumbai,Mumbai,Maharashtra,India,"Seed, Unknown, Pre-Series A","2017, 2022","Devx Venture Fund, Inflection Point Ventures, Sque Capital",14.94,2017-06-13,2022-03-10,"1, 4","2017, 2021",2017,2022
graphic,23.24,23.24,1,Other,Unknown,Nan,Nan,Nan,Seed,2015,"Ca Media Lp, \\Xc2\\Xa0 Start Media.",6.85,2015-03-13,2015-03-13,4,2014,2015,2015
castnx,23.22,23.22,1,Deeptech In Power Electronics,Dewas,Dewas,Madhya Pradesh,India,Other,2024,"Arpit Khandelwal, Plutus Investments And Holding Private Limited",11.62,2024-11-07,2024-11-07,3,2024,2024,2024
alt drx,23.0,23.0,1,Digital Real Estate,Bangalore,Bangalore,Karnataka,India,Unspecified Round,2025,Qatar Development Bank,99.6,2025-05-20,2025-05-20,1,2025,2025,2025
wickedgud,22.82,20.0,2,Food,Mumbai,Mumbai,Maharashtra,India,"Pre-Seed, Seed","2021, 2024","Archaunknown Priyadarshini, Gaurav Ahuja, Orios Venture Partners, Titan Capital",2.82,2021-09-16,2024-12-11,"2, 3","2021, 2024",2021,2024
airoclip,22.82,22.82,1,Mobile > Mobile Gaming,Karnataka,Nan,Karnataka,India,Seed,2025,Tac,99.6,2025-10-09,2025-10-09,3,2025,2025,2025
high street essentials,22.77,22.77,1,Ecommerce,Delhi,Delhi,Delhi,India,Other,2020,"India Quotient, Saif Partners",415.0,2020-06-27,2020-06-27,1,2020,2020,2020
healing hands clinic,22.66,22.66,1,Healthcare,Maharashtra,Nan,Maharashtra,India,Private Equity,2025,L Catterton,332.0,2025-10-09,2025-10-09,3,2025,2025,2025
hooliv,22.66,22.66,1,Consumer > Residential Real Estate,Delhi,Delhi,Delhi,India,Seed,2025,Negen Capital Pms,323.7,2025-10-17,2025-10-17,3,2025,2025,2025
red fort capital,22.6,22.6,1,Fintech,Mumbai,Mumbai,Maharashtra,India,Debt,2024,Debt Round,20.75,2024-10-10,2024-10-10,3,2024,2024,2024
algobulls,22.41,20.75,2,Trading,Mumbai,Mumbai,Maharashtra,India,"Unknown, Seed","2020, 2022",". Sharath Kumar And Yuvraj A. Thakker, Venture Catalysts",1.66,2020-11-09,2022-12-28,3,"2020, 2022",2020,2022
photai,22.41,22.41,1,Ai,Gurgaon,Gurgaon,Haryana,India,Seed,2025,"Ac Ventures, Info Edge Ventures, Together Fund",11.62,2025-03-27,2025-03-27,4,2024,2025,2025
drizz,22.41,22.41,1,Ai,Bangalore,Bangalore,Karnataka,India,Seed,2025,Stellaris Venture Partners,4.98,2025-07-25,2025-07-25,2,2025,2025,2025
astra security,22.41,22.41,1,Cybersecurity,Delhi,Delhi,Delhi,India,Unspecified Round,2025,"Better Capital, Blume Ventures, Emergent Ventures, Pointone Capital, The Neon Fund",1909.0,2025-02-22,2025-02-22,4,2024,2025,2025
samosa singh,22.41,22.41,1,Food,Bangalore,Bangalore,Karnataka,India,Series A,2020,She Capital,58.1,2020-01-21,2020-01-21,4,2019,2020,2020
heckyl,22.41,22.41,1,Technology,Mumbai,Mumbai,Maharashtra,India,Private Equity,2017,"Idg Ventures, Notion Capital",4565.0,2017-11-18,2017-11-18,3,2017,2017,2017
dil mil,22.41,22.41,1,Consumer Internet,Sfo,San Francisco,California,Usa,Private Equity,2016,"Angel Investors, Csc Upshot, Maiden Lane Ventures, Nelstone Ventures, Transmedia Capital",809.25,2016-04-04,2016-04-04,1,2016,2016,2016
arcana,22.16,19.09,2,Information Technology,Bangalore,Bangalore,Karnataka,India,"Seed, Unknown",2021,"Balaji Srinivasan, Dcg, Republic Crypto, Sahil Lavingia, Woodstock",3.07,2021-07-27,2021-10-16,"2, 3",2021,2021,2021
tiea connectors,22.0,22.0,1,B2B Esdm Electronic System Design And Manufacturing,Bangalore,Bangalore,Karnataka,India,Unspecified Round,2025,Jamwant Ventures And Valour Capital,290.5,2025-05-03,2025-05-03,1,2025,2025,2025
pulse,21.99,11.62,3,Consumer Internet,Bangalore,Bangalore,Karnataka,India,"Private Equity, Pre-Series A, Seed","2016, 2020, 2024","Endiya Partners, Other Angel Investors, Saif Partners, Unknown, Yellow.Ai Founders, Zluri Founders",10.37,2016-11-13,2024-11-13,"3, 4","2016, 2019, 2024",2016,2024
doxper,21.99,15.77,2,Technology,Mumbai,Mumbai,Maharashtra,India,"Seed, Other","2017, 2018","Capier Investments, Globevestor, Growx Ventures, Idal Health, Others, Vidal Healthcare",6.22,2017-08-14,2018-04-22,"1, 2","2017, 2018",2017,2018
planys,21.91,13.28,2,Technology,Chennai,Chennai,Tamil Nadu,India,"Private Equity, Pre-Series A","2018, 2021","Kieretsu Forum, Kris Gopalakrishunknownn, Lets Venture, Memg Family Office, Pratithi Investment Trust, S Gopal, Shell",8.63,2018-02-17,2021-11-14,"3, 4","2017, 2021",2018,2021
ecolibriumenergy,21.58,21.58,1,Technology,Ahmedabad,Ahmedabad,Gujarat,India,Private Equity,2017,"Infuse Ventures, Jll",33.2,2017-07-23,2017-07-23,2,2017,2017,2017
renderlogy,21.58,13.28,2,Other,Unknown,Nan,Nan,Nan,Private Equity,2015,"Astarc Ventures, Brick Eagle",13.28,2015-02-21,2015-05-12,"1, 4","2014, 2015",2015,2015
celebal,21.58,21.58,1,Information&Technology,Jaipur,Jaipur,Rajasthan,India,Unknown,2022,Norwest Venture Partners.,250.0,2022-11-16,2022-11-16,3,2022,2022,2022
produze,21.58,21.58,1,Food,Bangalore,Bangalore,Karnataka,India,Seed,2022,Thirukumaran Nagarajan And All In Capital,2.49,2022-08-03,2022-08-03,2,2022,2022,2022
biddano,21.58,16.6,2,Healthcare,Mumbai,Mumbai,Maharashtra,India,Pre-Series A,"2020, 2021","Angellist, Gokul Rajaram, Jpin, Venture Catalysts Uk, Windrose Capital",4.98,2020-10-10,2021-09-20,"2, 3","2020, 2021",2020,2021
bpr hub,21.58,21.58,1,Compliance For Manufacturers,Usa,Nan,Nan,Usa,Seed,2025,"Accel, Kae Capital",4.15,2025-01-14,2025-01-14,4,2024,2025,2025
fantasy akhada,21.58,16.6,2,Fantasy Sports,Gurgaon,Gurgaon,Haryana,India,"Unknown, Series A",2021,"Harsha Bhogle, Prime Securities Limited",4.98,2021-04-09,2021-09-16,"1, 2",2021,2021,2021
saswat finance,21.58,21.58,1,Fintech,Mumbai,Mumbai,Maharashtra,India,Pre-Series A,2025,"Ankur Capital, Incubate Fund Asia",41.5,2025-06-27,2025-06-27,1,2025,2025,2025
bioprime,21.58,21.58,1,Biotechnology,Pune,Pune,Maharashtra,India,Seed,2022,Inflexor Ventures And Omnivore,24.9,2022-10-28,2022-10-28,3,2022,2022,2022
sheroes,21.33,14.94,2,Career Community For Women,Noida,Noida,Uttar Pradesh,India,"Seed, Private Equity","2015, 2016","500 Startups, Lumis Partners, Quintillion Media, Rajul Garg, The Hr Fund",6.39,2015-08-08,2016-08-10,2,"2015, 2016",2015,2016
atlanture sports,21.0,21.0,1,Sports & Media,Nan,Nan,Nan,Nan,Strategic Investment,2025,Rannvijay Singha,20.75,2025-06-27,2025-06-27,1,2025,2025,2025
fambo,21.0,21.0,1,Food,Noida,Noida,Uttar Pradesh,India,Pre-Series A,2025,"Ev2 Ventures, Rajesh Sawhney, Uhnis",24.9,2025-01-13,2025-01-13,4,2024,2025,2025
futwork,20.9,20.9,1,Callcenter,Mumbai,Mumbai,Maharashtra,India,Series A,2024,"Artha Ventures, Michael, Simile Capital, Susan Dell Foundation",13.28,2024-09-06,2024-09-06,2,2024,2024,2024
finodaya capital,20.75,20.75,1,Nonbanking Financial,Indore,Indore,Madhya Pradesh,India,Seed,2025,White Venture Capital,29.05,2025-04-15,2025-04-15,1,2025,2025,2025
codekarma,20.75,20.75,1,Ai,Bangalore,Bangalore,Karnataka,India,Pre-Seed,2025,"Accel, Prosus, Xeed Ventures",1120.5,2025-08-08,2025-08-08,2,2025,2025,2025
1bridge,20.75,20.75,1,Consumer Goods,Bangalore,Bangalore,Karnataka,India,Unknown,2021,C4D Partners,1.49,2021-08-06,2021-08-06,2,2021,2021,2021
freadom,20.75,20.75,1,Edtech,Gurgaon,Gurgaon,Haryana,India,Unknown,2022,"Ashneer Grover, Tiger Shroff",0.83,2022-01-26,2022-01-26,4,2021,2022,2022
chk,20.75,20.75,1,D2C Footwear,Bangalore,Bangalore,Karnataka,India,Unspecified Round,2025,"Accel, Bluestone, Individual Investors",5.39,2025-01-12,2025-01-12,4,2024,2025,2025
lets try,20.75,20.75,1,D2C Snack,Delhi,Delhi,Delhi,India,Unspecified Round,2025,Swc Global,33.2,2025-04-03,2025-04-03,1,2025,2025,2025
atlan,20.75,20.75,1,Information Technology,Singapore,Nan,Nan,Singapore,Pre-Series A,2019,Waterbridge Ventures,456.5,2019-07-10,2019-07-10,2,2019,2019,2019
twid,20.75,20.75,1,Fintech,Bangalore,Bangalore,Karnataka,India,Unknown,2021,"Beenext, Sequoia’S Surge",10.38,2021-07-11,2021-07-11,2,2021,2021,2021
snapecabs,20.75,20.75,1,Travel,Kolkata,Kolkata,West Bengal,India,Unknown,2025,Inflection Point Ventures,5810.0,2025-09-27,2025-09-27,2,2025,2025,2025
juleo,20.75,20.75,1,Dating,Delhi,Delhi,Delhi,India,Unspecified Round,2024,"Harsh Jain, Kuunknownl Shah, Lalit Keshre, Ramakant Sharma, Ruchi Deepak",57.68,2024-08-15,2024-08-15,2,2024,2024,2024
udayy,20.75,20.75,1,Edtech,Gurgaon,Gurgaon,Haryana,India,Seed,2021,Alpha Wave Incubation,622.5,2021-01-13,2021-01-13,4,2020,2021,2021
digantara,20.75,20.75,1,Spacetech,Bangalore,Bangalore,Karnataka,India,Seed,2021,Kalaari Capital,1.25,2021-07-08,2021-07-08,2,2021,2021,2021
xovian aerospace,20.75,20.75,1,Advanced Hardware & Technology,Bangalore,Bangalore,Karnataka,India,Pre-Seed,2025,"Piper Serica, Turbostart",83.0,2025-08-27,2025-08-27,2,2025,2025,2025
samudai,20.75,20.75,1,Information & Technology,Singapore,Nan,Nan,Singapore,Pre-Seed,2022,Sino Global Capital And Devfolio,1.33,2022-06-12,2022-06-12,1,2022,2022,2022
michezo sports,20.75,20.75,1,Consumer > Sports,Karnataka,Nan,Karnataka,India,Seed,2025,Centre Court Capital,578.51,2025-10-18,2025-10-18,3,2025,2025,2025
fox capital,20.75,20.75,1,Fintech,Jaipur,Jaipur,Rajasthan,India,Unknown,2020,Institutiounknownl Investors,1311.4,2020-02-04,2020-02-04,4,2019,2020,2020
tokri,20.75,20.75,1,Consumer Internet,Pune,Pune,Maharashtra,India,Private Equity,2016,Syska Led Group,3.73,2016-08-22,2016-08-22,2,2016,2016,2016
fyn mobility,20.75,20.75,1,Evaas,Chennai,Chennai,Tamil Nadu,India,Unspecified Round,2025,"Lloyd Balajadia, Rahul Bothra, Vijay Kedia",84.66,2025-05-13,2025-05-13,1,2025,2025,2025
arth,20.75,20.75,1,Micro Lending,Lucknow,Lucknow,Uttar Pradesh,India,Seed,2022,Mit Alumni Angels And Kfw Deg,6.55,2022-06-01,2022-06-01,1,2022,2022,2022
nearbuy,20.75,20.75,1,Consumer Internet,Gurgaon,Gurgaon,Haryana,India,Private Equity,2016,Blacksoil Capital Pvt. Ltd.,2.49,2016-09-07,2016-09-07,2,2016,2016,2016
agara labs,20.75,20.75,1,Deeptech,Bangalore,Bangalore,Karnataka,India,Pre-Series A,2019,Blume Ventures And Rtp Global,1.66,2019-06-22,2019-06-22,1,2019,2019,2019
doctor insta,20.75,16.6,2,Medical Consultation & Doctor Appointment Booking,Gurgaon,Gurgaon,Haryana,India,Private Equity,"2015, 2016","Brahmax Ventures, Rishi Parti, Roundglass Partners",4.15,2015-12-11,2016-12-07,3,"2015, 2016",2015,2016
grabhousecom,20.75,20.75,1,Other,Unknown,Nan,Nan,Nan,Private Equity,2015,"Kalaari Capital, Sequoia Capital",83.0,2015-01-13,2015-01-13,4,2014,2015,2015
customfurnishcom,20.75,20.75,1,Other,Unknown,Nan,Nan,Nan,Private Equity,2015,"Madhukar Gangadi, Satish Reddy, Sidbi, Srini Koppolu, Srini Raju",37.35,2015-03-11,2015-03-11,4,2014,2015,2015
edubridge,20.75,20.75,1,Consumer Internet,Mumbai,Mumbai,Maharashtra,India,Private Equity,2016,"Acumen Fund, Insitor Impact Asia Fund",8.3,2016-02-05,2016-02-05,4,2015,2016,2016
vamam,20.75,20.75,1,Consumer > Local,Delhi,Delhi,Delhi,India,Seed,2025,Wavemaker Partners / 7Square Ventures,6.64,2025-10-23,2025-10-23,3,2025,2025,2025
nawgati,20.75,20.75,1,Fuel Aggregator,Noida,Noida,Uttar Pradesh,India,Pre-Series A,2025,Ajay Upadhyaya,7.49,2025-05-07,2025-05-07,1,2025,2025,2025
illumine,20.75,20.75,1,Enterprise,Chennai,Chennai,Tamil Nadu,India,Seed,2025,Prime Venture Partners,1.0,2025-06-16,2025-06-16,1,2025,2025,2025
toplyne,20.75,20.75,1,Computer Software,Bangalore,Bangalore,Karnataka,India,Unknown,2021,"Sequoia Capital, Together Fund",282.2,2021-11-24,2021-11-24,3,2021,2021,2021
pipeshift,20.75,20.75,1,Ai Infrastructure,San Francisco,San Francisco,California,Usa,Seed,2025,"Arka Venture Labs, Good News Ventures, Others, Senseai Ventures, Y Combiunknowntor",9.13,2025-01-17,2025-01-17,4,2024,2025,2025
oneto11,20.75,20.75,1,Sports,Noida,Noida,Uttar Pradesh,India,Seed,2022,"Gda Capital, Magnus Capital, Maximus Capital, Nft Technologies",27.39,2022-02-13,2022-02-13,4,2021,2022,2022
prolance,20.75,16.6,2,Furniture,Bangalore,Bangalore,Karnataka,India,"Pre-Series A, Seed",2022,"Force Ventures And Foundamental, Karthik Bhat, Srini Anumolu",4.15,2022-02-15,2022-08-22,"2, 4","2021, 2022",2022,2022
kinsane entertainment,20.75,20.75,1,Entertainment,Mumbai,Mumbai,Maharashtra,India,Other,2018,Unknown,66.4,2018-01-07,2018-01-07,4,2017,2018,2018
xr central,20.75,20.75,1,Software,Gurgaon,Gurgaon,Haryana,India,Seed,2022,Tarun Tahiliani And Nitin Seth,927.94,2022-09-14,2022-09-14,2,2022,2022,2022
celes care,20.75,12.45,2,Consumer Internet,Hyderabad,Hyderabad,Telangana,India,"Seed, Private Equity","2016, 2017","Eight Roads Ventures, Endiya Partners, Funknownprime Capital Partners, Ventureast",8.3,2016-09-14,2017-03-20,"2, 4",2016,2016,2017
we360ai,20.75,16.6,2,Information Technology &,Bhopal,Bhopal,Madhya Pradesh,India,"Unknown, Seed","2022, 2025","Campus Fund, Gsf, Sucseed Ventures",4.15,2022-03-17,2025-10-11,"3, 4","2021, 2025",2022,2025
karnival,20.75,20.75,1,Saas,Bangalore,Bangalore,Karnataka,India,Seed,2021,Http://100X.Vc/,11.0,2021-04-05,2021-04-05,1,2021,2021,2021
sambandh,20.75,20.75,1,Consumer Internet,Rourkela,Rourkela,Odisha,India,Private Equity,2018,Base Of Pyramid Asia (Bopa) Pte Ltd,5.19,2018-07-11,2018-07-11,2,2018,2018,2018
red carpet,20.75,20.75,1,Consumer Internet,Gurgaon,Gurgaon,Haryana,India,Private Equity,2017,Lightspeed,20.75,2017-03-24,2017-03-24,4,2016,2017,2017
lighthouse proptech,20.75,20.75,1,Proptech,Mumbai,Mumbai,Maharashtra,India,Unspecified Round,2025,Turbostart,1.08,2025-03-09,2025-03-09,4,2024,2025,2025
wendor,20.75,20.75,1,Smart Vending,Delhi,Delhi,Delhi,India,Seed,2025,Elanpro,17.43,2025-04-16,2025-04-16,1,2025,2025,2025
wobot intelligence,20.75,20.75,1,Ai,Delhi,Delhi,Delhi,India,Pre-Series A,2020,Sequoia Capital,1.66,2020-08-15,2020-08-15,2,2020,2020,2020
paynear,20.75,20.75,1,Mobile Point Of Sale,Hyderabad,Hyderabad,Telangana,India,Private Equity,2015,Mitesh Majithia,1.94,2015-12-22,2015-12-22,3,2015,2015,2015
chargeup,20.75,20.75,1,Renewables & Environment,Delhi,Delhi,Delhi,India,Pre-Series A,2022,"Anicut Capital, Capital A",0.83,2022-02-22,2022-02-22,4,2021,2022,2022
koovers,20.75,20.75,1,Autonomous Vehicle,Bangalore,Bangalore,Karnataka,India,Seed,2022,Canbank Venture Capital Fund And Jpin,34.86,2022-06-11,2022-06-11,1,2022,2022,2022
vidyut,20.75,20.75,1,Ev Fullstack,Bangalore,Bangalore,Karnataka,India,Unspecified Round,2025,Flourish Ventures,8.3,2025-02-08,2025-02-08,4,2024,2025,2025
crowdfire formerly justunfollow,20.75,20.75,1,Other,Unknown,Nan,Nan,Nan,Private Equity,2015,Kalaari Capital,182.6,2015-03-21,2015-03-21,4,2014,2015,2015
goodgamer,20.75,20.75,1,Gaming,Bangalore,Bangalore,Karnataka,India,Seed,2020,Unknown,45.65,2020-10-14,2020-10-14,3,2020,2020,2020
yatrikart,20.75,20.75,1,Transit Retail,Indore,Indore,Madhya Pradesh,India,Series A,2025,Mmg Group,127.82,2025-04-06,2025-04-06,1,2025,2025,2025
hudle,20.75,20.75,1,Enterprise,Delhi,Delhi,Delhi,India,Series A,2025,Sky Impact Capital,1074.85,2025-07-25,2025-07-25,2,2025,2025,2025
bombay play,20.75,12.45,2,Gaming,Bangalore,Bangalore,Karnataka,India,"Pre-Series A, Seed",2020,"Leo Capital, Leo Capital India, Ramakant Sharma",12.45,2020-06-03,2020-12-11,"1, 3",2020,2020,2020
red basil,20.75,20.75,1,Food,Gurgaon,Gurgaon,Haryana,India,Seed,2022,Planb Capital And Sat Industries,398.4,2022-05-28,2022-05-28,1,2022,2022,2022
lissun,20.75,20.75,1,Healthcare,Gurgaon,Gurgaon,Haryana,India,Pre-Series A,2024,Rpsg Capital Ventures,18.26,2024-10-14,2024-10-14,3,2024,2024,2024
healthassure,20.75,20.75,1,Healthcare,Mumbai,Mumbai,Maharashtra,India,Series A,2019,Blume Ventures,49.8,2019-07-11,2019-07-11,2,2019,2019,2019
flatchat,20.75,20.75,1,Flat Rental Mobile,Bangalore,Bangalore,Karnataka,India,Private Equity,2015,Commonfloor,4.15,2015-06-21,2015-06-21,1,2015,2015,2015
decharge,20.75,20.75,1,Ev Charging,Hyderabad,Hyderabad,Telangana,India,Seed,2025,Lemniscap,578.75,2025-04-09,2025-04-09,1,2025,2025,2025
fr8,20.51,12.45,2,Technology,Chennai,Chennai,Tamil Nadu,India,"Private Equity, Debt","2016, 2017","Ifmr Capital, Omnivore Partners",8.06,2016-10-13,2017-11-28,3,"2016, 2017",2016,2017
centa,20.0,20.0,1,Edtech,Bangalore,Bangalore,Karnataka,India,Series A,2025,Colossa Ventures,1.16,2025-04-27,2025-04-27,1,2025,2025,2025
tyreplex,20.0,20.0,1,B2B Tyre,Delhi,Delhi,Delhi,India,Unspecified Round,2025,"Others, Peercapital, Sattva Family Office, Titan Capital Winners Fund",174.3,2025-01-09,2025-01-09,4,2024,2025,2025
99 pancakes,20.0,20.0,1,Quick Restaurants,Mumbai,Mumbai,Maharashtra,India,Series A,2024,Family Office,43.0,2024-08-25,2024-08-25,2,2024,2024,2024
tan90,20.0,20.0,1,Deeptech,Chennai,Chennai,Tamil Nadu,India,Series A,2025,Nabventures,2.49,2025-05-14,2025-05-14,1,2025,2025,2025
troovy,20.0,20.0,1,Kidsfocused Nutrition Food,Gurgaon,Gurgaon,Haryana,India,Pre-Series A,2025,Fireside Ventures,204.18,2025-05-08,2025-05-08,1,2025,2025,2025
neuron energy,20.0,20.0,1,Ev Batteries,Mumbai,Mumbai,Maharashtra,India,Series A,2024,"Capri Global Family Office, Chounknown Family",2.08,2024-08-17,2024-08-17,2,2024,2024,2024
zerocircle,20.0,20.0,1,Biotech Seaweed Alternatives,Pune,Pune,Maharashtra,India,Unspecified Round,2025,"1Crowd, 7Th Gen Ventures, Rainmatter, Trudie Styler, Vc Grid",9955.49,2025-01-02,2025-01-02,4,2024,2025,2025
prym aerospace,20.0,20.0,1,High > Drones,Maharashtra,Nan,Maharashtra,India,Seed,2025,Lloyds Steel,93.95,2025-10-25,2025-10-25,3,2025,2025,2025
truehb,19.92,19.92,1,Medical Instruments,Delhi,Delhi,Delhi,India,Seed,2015,"Gurpreet Singh, Malvinder And Shivinder Singh, Others, Sachin And Binny Bansal",176.79,2015-07-02,2015-07-02,2,2015,2015,2015
zimmber,19.92,16.6,2,Hyperlocal Handyman,Mumbai,Mumbai,Maharashtra,India,"Seed, Private Equity",2015,"Amit Gupta, Idg Ventures India, Manish Dugar, Mohit Saxeunknown, Naveen Tiwari, Omidyar Network, Piyush Shah, Sherpalo Ventures, \\Xc2\\Xa0 Mohandas Pai",3.32,2015-06-28,2015-07-10,"1, 2",2015,2015,2015
renkube,19.92,19.92,1,Solar,Bangalore,Bangalore,Karnataka,India,Seed,2022,K4 Forum Mumbai Network And Halliburton Labs,626.65,2022-08-21,2022-08-21,2,2022,2022,2022
vidooly,19.92,11.62,2,Video Intelligence,Noida,Noida,Uttar Pradesh,India,Private Equity,"2015, 2017","Bessemer Venture Partners, Gvfl, Times Internet",8.3,2015-06-03,2017-05-12,1,"2015, 2017",2015,2017
parkmate,19.92,9.96,2,Road Transport,Uttar Pradesh,Nan,Uttar Pradesh,India,"Pre-Series A, Unspecified Round","2024, 2025","Cactus Partners, Cactus Partners (Cpl), Marwah Group Family Office, Venture Catalysts",9.96,2024-11-20,2025-01-22,"3, 4",2024,2024,2025
pragmatix,19.92,19.92,1,Business Intelligence & Analytics,Mumbai,Mumbai,Maharashtra,India,Private Equity,2015,Sidbi Venture Capital Ltd,1452.5,2015-07-15,2015-07-15,2,2015,2015,2015
digilogic systems,19.92,19.92,1,Aerospace,Hyderabad,Hyderabad,Telangana,India,Other,2024,Negen Capital,2.59,2024-10-25,2024-10-25,3,2024,2024,2024
imagimake,19.92,15.77,2,Innovation Management,Mumbai,Mumbai,Maharashtra,India,"Pre-Series A, Series B","2021, 2025","Angel Investor Saumil Shah, Pidilite Ventures, Roha Investment Maunknowngers",4.15,2021-06-09,2025-10-24,"1, 3","2021, 2025",2021,2025
zeelab pharmacy,19.92,19.92,1,Healthcare,Delhi,Delhi,Delhi,India,Initial Funding,2025,Otp Ventures,38.18,2025-01-09,2025-01-09,4,2024,2025,2025
koparo,19.92,14.11,2,Consumer Goods,Delhi,Delhi,Delhi,India,"Seed, Pre-Series A","2021, 2025","Dsg Consumer Partners, Saama Capital, Saama Capital﻿, ﻿Titan Capital﻿",5.81,2021-11-05,2025-04-02,"1, 3","2021, 2025",2021,2025
vtion,19.75,17.43,2,Technology,Gurgaon,Gurgaon,Haryana,India,"Other, Seed","2018, 2022","Angellist, Rahul Khanunknown, Rajeev Arora And Ram Ramsundar., Yournest Venture Capital And Netcore Cloud",2.32,2018-07-10,2022-06-23,"1, 2","2018, 2022",2018,2022
mobiefit,19.51,11.21,2,Mobile Fitness,Goa,Panaji,Goa,India,"Private Equity, Other","2015, 2017","Medi Assist, Mediassist, Nb Ventures",8.3,2015-12-28,2017-11-09,3,"2015, 2017",2015,2017
swara fincare,19.4,19.4,1,Fintech,Delhi,Delhi,Delhi,India,Series A,2024,Serica Angel Fund And Uc Impower,23.24,2024-10-24,2024-10-24,3,2024,2024,2024
xbattery,19.09,19.09,1,Clean,Hyderabad,Hyderabad,Telangana,India,Seed,2025,Bipin Patel Family Office,16.6,2025-09-04,2025-09-04,2,2025,2025,2025
cashbook,19.09,19.09,1,Fintech,Gurgaon,Gurgaon,Haryana,India,Seed,2021,"Better Tomorrow Ventures, Jam",30.71,2021-09-06,2021-09-06,2,2021,2021,2021
cimware,19.09,19.09,1,Advanced Hardware & Technology,Bangalore,Bangalore,Karnataka,India,Pre-Series A,2025,Transition Vc,48.64,2025-07-09,2025-07-09,2,2025,2025,2025
phononic vibes,19.09,19.09,1,Deeptech,Milano,Milan,Lombardy,Italy,Unknown,2020,Unknown,6297.21,2020-10-07,2020-10-07,3,2020,2020,2020
nothing before coffee,19.09,19.09,1,Qsr Coffee,Jaipur,Jaipur,Rajasthan,India,Pre-Series A,2025,Prath Ventures,0.83,2025-04-23,2025-04-23,1,2025,2025,2025
expertrons,19.09,19.09,1,Edtech,Mumbai,Mumbai,Maharashtra,India,Unknown,2021,"Ah!Ventures, Auxano Capital, Lead Angels, Venture Catalysts, Venture Garage, Yoga Capital",664.0,2021-08-18,2021-08-18,2,2021,2021,2021
ibus networks,19.09,19.09,1,Technology,Bangalore,Bangalore,Karnataka,India,Private Equity,2016,"Jagdish, N Squared Maunknowngement Llc, Sandeep Mehta Family Office, Vallabh Bhanshali",174.3,2016-01-09,2016-01-09,4,2015,2016,2016
connectedh,19.09,19.09,1,Hospital & Health Care,Gurgaon,Gurgaon,Haryana,India,Seed,2021,"Incubate Fund India, Kalaari Capital",49.8,2021-09-16,2021-09-16,2,2021,2021,2021
flick tv,19.09,19.09,1,Ott,Noida,Noida,Uttar Pradesh,India,Seed,2025,Stellaris Venture Partners,24.9,2025-06-14,2025-06-14,1,2025,2025,2025
finzy,19.09,10.79,2,Consumer Internet,Bangalore,Bangalore,Karnataka,India,Other,2018,Unknown,10.79,2018-04-25,2018-08-23,"1, 2",2018,2018,2018
retainiq,19.09,19.09,1,Ecommerce,Bangalore,Bangalore,Karnataka,India,Seed,2022,Accel,3.32,2022-02-03,2022-02-03,4,2021,2022,2022
room on call,19.09,16.6,2,Branded Budget Hotel,Noida,Noida,Uttar Pradesh,India,"Seed, Private Equity","2015, 2016","Cashurdrive Marketing Pvt Ltd, Payal Syal",2.49,2015-09-15,2016-03-15,"2, 4",2015,2015,2016
loan frame,18.68,18.68,1,Consumer Internet,Gurgaon,Gurgaon,Haryana,India,Private Equity,2017,"Toos N Daruvala, Vedanta Capital, William Campbell",348.63,2017-01-06,2017-01-06,4,2016,2017,2017
fabogo,18.68,18.68,1,Consumer Internet,Pune,Pune,Maharashtra,India,Private Equity,2017,Duunknownmis Ventures Pte Ltd,83.0,2017-07-02,2017-07-02,2,2017,2017,2017
frontier markets,18.68,18.68,1,Ecommerce,Jaipur,Jaipur,Rajasthan,India,Pre-Series A,2020,"And The Singh Family Trusts, Beyond Capital Fund., Engie Rassembleurs D'Energies, Teja Ventures, The Rise Fund",9.13,2020-07-11,2020-07-11,2,2020,2020,2020
figr,18.68,18.68,1,Product Design,Bangalore,Bangalore,Karnataka,India,Series A,2024,"And Kalaari Capital, Antler, Golden Sparrow, Individual Investors",1.66,2024-10-03,2024-10-03,3,2024,2024,2024
altiushub,18.68,18.68,1,Manufacturing Supply,Unknown,Nan,Nan,Nan,Seed,2024,Endiya Partners,332.0,2024-09-20,2024-09-20,2,2024,2024,2024
juggernaut,18.68,18.68,1,Digital & Physical Publishing,Delhi,Delhi,Delhi,India,Private Equity,2015,"Nandan Nilekani, Neeraj Aggarwal, William Bissell",219.95,2015-09-23,2015-09-23,2,2015,2015,2015
maya,18.26,18.26,1,Healthcare,Bangalore,Bangalore,Karnataka,India,Seed,2021,Rajan Aunknowndan,64.74,2021-02-03,2021-02-03,4,2020,2021,2021
careerlabs,18.26,18.26,1,Edtech,Bangalore,Bangalore,Karnataka,India,Unknown,2021,Global Founders Capital,4.75,2021-04-16,2021-04-16,1,2021,2021,2021
leumas,18.26,18.26,1,Deeptech,Bangalore,Bangalore,Karnataka,India,Seed,2025,Capital 2B,135.63,2025-06-23,2025-06-23,1,2025,2025,2025
onato,18.26,18.26,1,Computer Software,Bangalore,Bangalore,Karnataka,India,Unknown,2021,"Omnivore, Vertex Ventures",24.9,2021-10-17,2021-10-17,3,2021,2021,2021
traya,18.26,18.26,1,Healthcare,Mumbai,Mumbai,Maharashtra,India,Pre-Series A,2022,Fireside Ventures,83.0,2022-01-28,2022-01-28,4,2021,2022,2022
happylocate,18.26,14.11,2,Saas,Bangalore,Bangalore,Karnataka,India,"Pre-Series A, Unknown","2020, 2022","The Cowrks Foundry, Vm Ventures And Rmz Corp",4.15,2020-12-25,2022-05-07,"1, 3","2020, 2022",2020,2022
aurva,18.26,18.26,1,Enterprise,Delhi,Delhi,Delhi,India,Seed,2025,Nexus Venture Partners,16.6,2025-09-21,2025-09-21,2,2025,2025,2025
bellatrix aerospace,18.26,9.13,2,Manufacturing,Coimbatore,Coimbatore,Tamil Nadu,India,"Unknown, Series A",2022,Survam Partners And Inflexor Ventures,9.13,2022-05-19,2022-06-06,1,2022,2022,2022
ans commerce,18.26,18.26,1,Ecommerce,Gurgaon,Gurgaon,Haryana,India,Pre-Series A,2021,"Gokul Rajaram, Venture Catalysts",9.96,2021-10-13,2021-10-13,3,2021,2021,2021
travclan,18.26,18.26,1,B2B Travel,Delhi,Delhi,Delhi,India,Pre-Series A,2021,Theventures,58.1,2021-09-05,2021-09-05,2,2021,2021,2021
instasafe,18.26,18.26,1,Technology,Bangalore,Bangalore,Karnataka,India,Private Equity,2017,Abm Knowledgeware,2.0,2017-01-07,2017-01-07,4,2016,2017,2017
pressplay,18.26,18.26,1,Travel Entertainment,Delhi,Delhi,Delhi,India,Seed,2015,"And Amit Bhatiani, Jarett Posner, Jason Hirschhorn, Sequoia Capital",39.01,2015-04-23,2015-04-23,1,2015,2015,2015
liquide,18.26,18.26,1,Trading,Bangalore,Bangalore,Karnataka,India,Seed,2022,Ruchi Kalra And Sandeep Singh,41.5,2022-08-20,2022-08-20,2,2022,2022,2022
moonrider,18.26,18.26,1,Electric Tractor,Bangalore,Bangalore,Karnataka,India,Seed,2025,"Advantedge Founders, Angel Investors, Micelio Technology Fund",124.5,2025-01-18,2025-01-18,4,2024,2025,2025
redeminds,18.26,18.26,1,Edtech,Bangalore,Bangalore,Karnataka,India,Unknown,2022,Surfboard Ventures And Nishant Patel,8.3,2022-08-08,2022-08-08,2,2022,2022,2022
yummy bee,18.0,18.0,1,Café,Hyderabad,Hyderabad,Telangana,India,Other,2025,Mile Deep Capital,99.6,2025-03-07,2025-03-07,4,2024,2025,2025
biryani by kilo,17.97,8.3,3,Consumer Internet,Gurgaon,Gurgaon,Haryana,India,"Seed, Other, Series B","2017, 2018, 2020","Ajay Relan And Viunknowny Mittal, Ashish Chand, Ashish Gupta, Aunknownnd M Khatau, Chandigarh Angels, Debasish Priyadarshi Purohit, Devanshu Dolat Desai, Kaushik Shanghvi, Others, Rohit, Sunil Singh",11.41,2017-02-25,2020-05-11,"1, 2, 4","2016, 2018, 2020",2017,2020
almabetter,17.93,17.93,1,Educaton,Bangalore,Bangalore,Karnataka,India,Seed,2022,Varun Alagh And Rajesh Yabaji,166.0,2022-11-04,2022-11-04,3,2022,2022,2022
bigstylist,17.85,10.38,2,Consumer Internet,Mumbai,Mumbai,Maharashtra,India,Private Equity,"2016, 2017",Info Edge (India) Ltd,7.47,2016-09-16,2017-07-10,2,"2016, 2017",2016,2017
bestdoc,17.43,17.43,1,Healthcare,Kochi,Kochi,Kerala,India,Unknown,2020,Unknown,24.9,2020-01-10,2020-01-10,4,2019,2020,2020
naagin sauce,17.43,17.43,1,Food,Maharashtra,Nan,Maharashtra,India,Seed,2025,8I Ventures,62.25,2025-06-23,2025-06-23,1,2025,2025,2025
littlebox,17.43,17.43,1,Ecommerce,Noida,Noida,Uttar Pradesh,India,Seed,2025,"Huddle Ventures, Prath Ventures",1.25,2025-07-01,2025-07-01,2,2025,2025,2025
vaaree,17.43,17.43,1,Ecommerce,Bangalore,Bangalore,Karnataka,India,Pre-Series A,2025,"Peak Xv Surge, Peercapital",3.32,2025-07-03,2025-07-03,2,2025,2025,2025
esportsxo,17.43,9.13,2,Mobile Games,Bangalore,Bangalore,Karnataka,India,Seed,"2021, 2022","Sucseed Indovation Fund, Wami Capital, We Founder Circle",9.13,2021-12-06,2022-01-07,"3, 4",2021,2021,2022
squadrun,17.43,17.43,1,Technology,Noida,Noida,Uttar Pradesh,India,Private Equity,2017,"91Springboard, Abstract Ventures, Anthill Ventures, Axilor Ventures, Blume Ventures, Contrarian Capital, Emergent Ventures",8.3,2017-04-06,2017-04-06,1,2017,2017,2017
indyfint,17.43,17.43,1,Virtual Banking,Bangalore,Bangalore,Karnataka,India,Series A,2020,Saravaunknownn Adiseshan,124.5,2020-01-19,2020-01-19,4,2019,2020,2020
reelsaga,17.43,17.43,1,Mobilefirst Entertainment,Mumbai,Mumbai,Maharashtra,India,Other,2025,Picus Capital,2.08,2025-05-27,2025-05-27,1,2025,2025,2025
the healthy billions,17.43,17.43,1,Healthcare,Gurgaon,Gurgaon,Haryana,India,Private Equity,2018,"Blume Ventures, Healthquad And Fireside Ventures",45.65,2018-02-26,2018-02-26,4,2017,2018,2018
wellthy,17.43,17.43,1,Healthcare,Mumbai,Mumbai,Maharashtra,India,Private Equity,2018,"Apoorva Patni, Beenext Ventures, Growx Ventures, Ranjan Pai",830.0,2018-03-25,2018-03-25,4,2017,2018,2018
savart,17.43,17.43,1,Fintech,Hyderabad,Hyderabad,Telangana,India,Seed,2022,Beenext And 9Unicorns Accelerator Fund,4.15,2022-09-04,2022-09-04,2,2022,2022,2022
sanfe,17.43,9.13,2,Hygiene,Delhi,Delhi,Delhi,India,"Pre-Series A, Series A","2020, 2021","Ajay Garg, Birac, Elixir Pharma, Letsventure, Sucseed Venture Partners, Tarun Sharma, Titan Capital",9.13,2020-02-28,2021-09-05,"2, 4","2019, 2021",2020,2021
nobrokercom,17.43,17.43,1,Real Estate,Bangalore,Bangalore,Karnataka,India,Series E,2021,"General Atlantic, Moore Strategic Ventures, Tiger Global",4377.42,2021-11-08,2021-11-08,3,2021,2021,2021
nivesh,17.01,13.28,2,Fintech,Noida,Noida,Uttar Pradesh,India,"Other, Pre-Series A","2018, 2021","Basab Pradhan, Indian Angel Network, Letsventure, Raghav Kapur, Rajan Aunknownndan, Vivek Khare And Bijoy George",3.73,2018-06-24,2021-05-22,1,"2018, 2021",2018,2021
eat better,17.0,17.0,1,D2C Snacking,Jaipur,Jaipur,Rajasthan,India,Pre-Series A,2025,Prath Ventures And Spring Marketing Capital,1.66,2025-04-17,2025-04-17,1,2025,2025,2025
agrileaf,16.6,16.6,1,Cleantech,Belthangady Taluk,Nan,Nan,Nan,Other,2024,Capitalunknowna And Samarsh Capital,4.15,2024-12-09,2024-12-09,3,2024,2024,2024
oddr,16.6,16.6,1,Ai,Sanfrancisco,San Francisco,California,Usa,Seed,2022,Twin Ventures And Saama Capital,4.15,2022-10-09,2022-10-09,3,2022,2022,2022
zupermeal,16.6,16.6,1,Home Cooked Food & Delivery,Mumbai,Mumbai,Maharashtra,India,Private Equity,2015,"Others, Sanjeev Kapoor, \\Xc2\\Xa0 Ravi Saxeunknown",117.03,2015-10-15,2015-10-15,3,2015,2015,2015
goegonetwork,16.6,16.6,1,Automotive,Pune,Pune,Maharashtra,India,Unknown,2021,Unknown,14.11,2021-08-10,2021-08-10,2,2021,2021,2021
instasolv,16.6,16.6,1,Edtech,Noida,Noida,Uttar Pradesh,India,Pre-Series A,2020,Unknown,18.26,2020-06-13,2020-06-13,1,2020,2020,2020
we founder circle,16.6,16.6,1,Fintech,Mumbai,Mumbai,Maharashtra,India,Pre-Seed,2021,Geekster,8.3,2021-05-02,2021-05-02,1,2021,2021,2021
godof hospitals,16.6,16.6,1,Digital Healthcare,Delhi,Delhi,Delhi,India,Seed,2015,Pankaj Gupta,1.15,2015-12-20,2015-12-20,3,2015,2015,2015
unmannd,16.6,16.6,1,Aerospace Maritime And Defense > Military,Karnataka,Nan,Karnataka,India,Seed,2025,Speciale Invest,8.3,2025-10-14,2025-10-14,3,2025,2025,2025
go swift,16.6,16.6,1,Consumer,Bangalore,Bangalore,Karnataka,India,Pre-Series A,2021,Kalaari Capital,112.05,2021-07-12,2021-07-12,2,2021,2021,2021
nayan tech,16.6,16.6,1,Ai,Delhi,Delhi,Delhi,India,Pre-Series A,2024,"Beenext, Faad Capital, Lets Venture, Venture Catalysts, We Founder Circle",20.75,2024-10-10,2024-10-10,3,2024,2024,2024
gifts portal,16.6,16.6,1,Ecommerce,Noida,Noida,Uttar Pradesh,India,Private Equity,2016,"Naveen Arya, Tarun Joshi",53.95,2016-10-03,2016-10-03,3,2016,2016,2016
globalfair,16.6,16.6,1,Trading,Gurgaon,Gurgaon,Haryana,India,Seed,2021,"India Quotient, Saama Capital",4.5,2021-02-02,2021-02-02,4,2020,2021,2021
climaty ai,16.6,16.6,1,Enterprise Applications > Adtech,Dubai,Dubai,Nan,Uae,Seed,2025,Turbostart,6.64,2025-10-12,2025-10-12,3,2025,2025,2025
aibono,16.6,16.6,1,Agritech,Bangalore,Bangalore,Karnataka,India,Pre-Series A,2020,"Menterra Venture Advisors, Rianta Capital",8.3,2020-01-28,2020-01-28,4,2019,2020,2020
fxkartcom,16.6,16.6,1,Other,Unknown,Nan,Nan,Nan,Seed,2015,"Dr Faraz Naqvi, Dr Mushtaq Shah",101.26,2015-03-07,2015-03-07,4,2014,2015,2015
prothom,16.6,16.6,1,Hasbro Toy Manufacturer,Pune,Pune,Maharashtra,India,Private Equity,2015,Oliphabs Capital,76.0,2015-07-24,2015-07-24,2,2015,2015,2015
thefragaria,16.6,16.6,1,Agritech,Tamil Nadu,Nan,Tamil Nadu,India,Seed,2025,Weh Ventures,4.15,2025-10-19,2025-10-19,3,2025,2025,2025
comminent,16.6,16.6,1,Advanced Hardware & Iot,Bangalore,Bangalore,Karnataka,India,Unknown,2025,Transition Vc,954.5,2025-08-13,2025-08-13,2,2025,2025,2025
myelin foundry,16.6,8.3,2,Information Technology,Bangalore,Bangalore,Karnataka,India,"Seed, Pre-Series A","2019, 2021","Beyond Next Ventures, Endiya Partners",8.3,2019-09-28,2021-05-26,"1, 2","2019, 2021",2019,2021
proeon,16.6,16.6,1,Food,Pune,Pune,Maharashtra,India,Seed,2021,"Flowstate Ventures, Shaival Desai",21.58,2021-09-14,2021-09-14,2,2021,2021,2021
cogos,16.6,16.6,1,Logistics,Bangalore,Bangalore,Karnataka,India,Pre-Series A,2021,Transworld Group,9.96,2021-09-13,2021-09-13,2,2021,2021,2021
auric,16.6,16.6,1,Healthcare,Delhi,Delhi,Delhi,India,Pre-Series A,2021,Venture Catalysts,8.3,2021-06-03,2021-06-03,1,2021,2021,2021
weddingzin,16.6,8.3,2,Wedding Venues & Vendors,Mumbai,Mumbai,Maharashtra,India,"Seed, Private Equity","2015, 2017","Amrish Kumar, Hrishikesh Parandekar, Rajan Aunknownndan, Reema Kagati, Ruchi Narain, Singularity Ventures, Zoya Akhtar",8.3,2015-12-19,2017-01-21,"3, 4","2015, 2016",2015,2017
myysports,16.6,16.6,1,Software,Delhi,Delhi,Delhi,India,Pre-Seed,2022,Myhashstash,2.49,2022-10-27,2022-10-27,3,2022,2022,2022
technifybiz,16.6,16.6,1,Agritech,Unknown,Nan,Nan,Nan,Seed,2020,"Insitor Impact Asia Fund, Omnivore",7.4,2020-01-12,2020-01-12,4,2019,2020,2020
slurrp farm,16.6,16.6,1,Food,Gurgaon,Gurgaon,Haryana,India,Series A,2020,Fireside Ventures,47.31,2020-12-02,2020-12-02,3,2020,2020,2020
innefu security consulting,16.6,16.6,1,Technology,Delhi,Delhi,Delhi,India,Private Equity,2017,Indianivesh Venture Capital Fund,12.45,2017-04-05,2017-04-05,1,2017,2017,2017
com olho,16.6,16.6,1,Information Technology &,Gurgaon,Gurgaon,Haryana,India,Seed,2022,Inflection Point Venture,1.92,2022-02-18,2022-02-18,4,2021,2022,2022
bluebirch,16.6,16.6,1,End To End Reverse Logistics Solution,Bangalore,Bangalore,Karnataka,India,Seed,2015,"Chicago Capital Ventures, Others, Sanjay Mehta",60.0,2015-12-19,2015-12-19,3,2015,2015,2015
beyondskool,16.6,16.6,1,Edtech,Mumbai,Mumbai,Maharashtra,India,Seed,2021,Tomorrow Capital,68.89,2021-01-14,2021-01-14,4,2020,2021,2021
nikiai,16.6,16.6,1,Consumer Internet,Bangalore,Bangalore,Karnataka,India,Private Equity,2017,"Sap.Io, Unilazer Ventures",4.15,2017-06-28,2017-06-28,1,2017,2017,2017
edukemy,16.6,16.6,1,Edtech,Noida,Noida,Uttar Pradesh,India,Pre-Series A,2021,"Auxano, Falcon5",8.3,2021-07-15,2021-07-15,2,2021,2021,2021
slice pay,16.6,16.6,1,Consumer Internet,Bangalore,Bangalore,Karnataka,India,Private Equity,2017,"Das Capital, Simile Ventures",3225.7,2017-10-03,2017-10-03,3,2017,2017,2017
edureka,16.6,16.6,1,Edtech,Bangalore,Bangalore,Karnataka,India,Other,2018,Leo Capital,83.0,2018-06-11,2018-06-11,1,2018,2018,2018
fypmoney,16.6,16.6,1,Fintech,Gurgaon,Gurgaon,Haryana,India,Seed,2021,"Dinesh Nagpal, Liberatha Kallat, Mukesh Yadav",33.2,2021-04-23,2021-04-23,1,2021,2021,2021
roomcentral,16.6,16.6,1,Cloudbased Hotel Booking,Bangalore,Bangalore,Karnataka,India,Seed,2015,Karanpal Singh,19.09,2015-09-07,2015-09-07,2,2015,2015,2015
fresh food concepts,16.6,16.6,1,Food,Delhi,Delhi,Delhi,India,Seed,2016,"Ashvin Chadha, Siddhartha Gupta",87.5,2016-12-26,2016-12-26,3,2016,2016,2016
nexprt,16.6,16.6,1,Consulting,Delhi,Delhi,Delhi,India,Unknown,2021,Titan Capital,63.91,2021-03-14,2021-03-14,4,2020,2021,2021
anscer robotics,16.6,16.6,1,Deeptech Robotics,Bangalore,Bangalore,Karnataka,India,Seed,2025,Info Edge Ventures,18.26,2025-02-12,2025-02-12,4,2024,2025,2025
cookd,16.6,16.6,1,Ecommerce,Chennai,Chennai,Tamil Nadu,India,Pre-Series A,2025,Spring Marketing Capital,3.9,2025-07-01,2025-07-01,2,2025,2025,2025
freyr energy,16.6,16.6,1,Renewable Energy,Hyderabad,Hyderabad,Telangana,India,Unknown,2021,"C4D Partners, Impact Partners",1245.0,2021-04-08,2021-04-08,1,2021,2021,2021
ippo pay,16.6,16.6,1,Fintech,Chennai,Chennai,Tamil Nadu,India,Unknown,2022,Coinbase Ventures,24.9,2022-01-04,2022-01-04,4,2021,2022,2022
promethean energy,16.6,16.6,1,Cleantech,Mumbai,Mumbai,Maharashtra,India,Pre-Series A,2025,Transition Vc,1.66,2025-05-09,2025-05-09,1,2025,2025,2025
quanfluence,16.6,16.6,1,Photonic Quantum Technology,Bangalore,Bangalore,Karnataka,India,Seed,2024,"Golden Sparrow, Pi Ventures, Reeunknown Dayal",2.49,2024-12-12,2024-12-12,3,2024,2024,2024
gingercrush,16.6,8.3,2,Custom Merchandize,Ahmedabad,Ahmedabad,Gujarat,India,"Seed, Private Equity","2015, 2016","Aunknownnda Kallugadde, Brand Capital, Gokul Jaykrishunknown, Mumbai Angels, Rakesh Desai, Rakesh Malhotra, Saha Fund, Tv Mohandas Pai, Zia Mody",8.3,2015-07-04,2016-02-19,"2, 4",2015,2015,2016
vs napu,16.6,16.6,1,Ecommerce,Bangalore,Bangalore,Karnataka,India,Seed,2022,Inflection Point Ventures,24.9,2022-09-25,2022-09-25,2,2022,2022,2022
nao spirits beverages,16.6,16.6,1,Beverages,Delhi,Delhi,Delhi,India,Series A,2021,Unknown,4.98,2021-01-05,2021-01-05,4,2020,2021,2021
primebook,16.6,16.6,1,Android Laptop,Delhi,Delhi,Delhi,India,Pre-Series A,2025,Inflection Point Ventures,996.0,2025-04-05,2025-04-05,1,2025,2025,2025
wysh,16.6,16.6,1,Econnect,Hyderabad,Hyderabad,Telangana,India,Series A,2020,Kalaari Capital,41.5,2020-01-14,2020-01-14,4,2019,2020,2020
goldfarm,16.6,16.6,1,Food,Coimbatore,Coimbatore,Tamil Nadu,India,Private Equity,2017,"Mahindra, Mahindra And Infuse Ventures",5.47,2017-10-21,2017-10-21,3,2017,2017,2017
finqy,16.6,16.6,1,Fintech,Mumbai,Mumbai,Maharashtra,India,Unspecified Round,2024,"Angel Bay India Accelerator, Family Offices, Private Investors",2166.3,2024-08-27,2024-08-27,2,2024,2024,2024
frammer ai,16.6,16.6,1,Video Content Creation,Delhi,Delhi,Delhi,India,Unspecified Round,2024,Lumikai,8.3,2024-10-21,2024-10-21,3,2024,2024,2024
appdaily,16.6,16.6,1,Technology,Mumbai,Mumbai,Maharashtra,India,Private Equity,2016,"Kalaari Capital, Qualcomm Ventures, Ruunknownnet, Zodius Technology Opportunities Fund",4.15,2016-07-15,2016-07-15,2,2016,2016,2016
lumiq,16.6,16.6,1,Information Technology,Noida,Noida,Uttar Pradesh,India,Seed,2021,Info Edge Ventures,33.2,2021-08-21,2021-08-21,2,2021,2021,2021
handytrain,16.6,8.3,2,Consumer Internet,Goa,Panaji,Goa,India,Private Equity,"2016, 2017","Lumiunknown Datamatics, Nb Ventures, Others, Shun Yoshida, Silver Range Investments",8.3,2016-11-06,2017-12-22,3,"2016, 2017",2016,2017
vilcart,16.6,16.6,1,Retail,Bangalore,Bangalore,Karnataka,India,Unknown,2021,Nabventures,323.7,2021-11-21,2021-11-21,3,2021,2021,2021
origa,16.6,16.6,1,Fintech,Andheri,Mumbai,Maharashtra,India,Debt,2020,"500 Startups, Ah! Ventures",24.9,2020-01-04,2020-01-04,4,2019,2020,2020
creatorstack,16.6,16.6,1,Computer Software,Bangalore,Bangalore,Karnataka,India,Unknown,2021,Accel,5.0,2021-08-27,2021-08-27,2,2021,2021,2021
ruptok fintech,16.6,16.6,1,Fintech,Delhi,Delhi,Delhi,India,Pre-Series A,2021,Manuvel Malabar Jewellers,91.3,2021-11-10,2021-11-10,3,2021,2021,2021
able jobs,16.6,16.6,1,Hr,Bangalore,Bangalore,Karnataka,India,Unknown,2020,"First Cheque., Neeraj Arora, Saif Partners, Titan Capital, Y Combiunknowntor",4.98,2020-08-28,2020-08-28,2,2020,2020,2020
trulymadly,16.6,16.6,1,Dating,Delhi,Delhi,Delhi,India,Pre-Series A,2021,"Gaurav Munjal, Snehil Khanor",5.34,2021-04-11,2021-04-11,1,2021,2021,2021
uniken,16.6,16.6,1,Online Security,Pune,Pune,Maharashtra,India,Private Equity,2015,Exfinity Ventures,166.0,2015-05-08,2015-05-08,1,2015,2015,2015
bombay hemp,16.6,16.6,1,Textiles,Mumbai,Mumbai,Maharashtra,India,Unknown,2021,"Achin Kochar, Raghav Mohan Bakshi, Riteesh Mohan Bakshi",5.81,2021-11-04,2021-11-04,3,2021,2021,2021
mailmodo,16.6,16.6,1,Marketing & Advertising,Bangalore,Bangalore,Karnataka,India,Seed,2021,"Sequoia’S Surge, Y Combiunknowntor",34.86,2021-07-02,2021-07-02,2,2021,2021,2021
kratikal,16.6,8.3,2,Technology,Noida,Noida,Uttar Pradesh,India,Pre-Series A,2020,"Art Venture, Gilda Vc, Rajeev Chitrabhanu, Rajeev Chitrabhanu.",8.3,2020-01-10,2020-01-10,4,2019,2020,2020
plutos one,16.6,16.6,1,Digital For Banking Sector,Delhi,Delhi,Delhi,India,Seed,2024,"Auxano Capital, Genesia Ventures, Raghuvanshi Investment, Startupxseed",5.0,2024-08-21,2024-08-21,2,2024,2024,2024
zapstitch,16.6,16.6,1,Cloud Data Integration,Bangalore,Bangalore,Karnataka,India,Private Equity,2015,"Helion Venture Partners, Orios Venture Partners",83.0,2015-05-26,2015-05-26,1,2015,2015,2015
marianaiq,16.6,16.6,1,Technology,Bangalore,Bangalore,Karnataka,India,Private Equity,2016,Exfinity Venture Partners,0.15,2016-11-08,2016-11-08,3,2016,2016,2016
enkast,16.6,16.6,1,Technology,Bangalore,Bangalore,Karnataka,India,Private Equity,2016,Ivy League Alumni Angel Network,34.86,2016-12-13,2016-12-13,3,2016,2016,2016
gtm buddy,16.6,16.6,1,Computer Software,Hyderabad,Hyderabad,Telangana,India,Seed,2021,Stellaris Venture Partners,50.0,2021-09-19,2021-09-19,2,2021,2021,2021
growfix,16.6,16.6,1,Fintech,Bangalore,Bangalore,Karnataka,India,Seed,2021,"Better Capital, Zerodha'S Rainmatter Capital",23.24,2021-01-04,2021-01-04,4,2020,2021,2021
shop kirana,16.6,16.6,1,B2B,Indore,Indore,Madhya Pradesh,India,Seed,2018,"Aet Fund, Akatsuki And Incubate Fund From Japan And Better Capital Angellist Syndicate., Info Edge",41.5,2018-12-08,2018-12-08,3,2018,2018,2018
charcoal eats,16.6,16.6,1,Qsr,Mumbai,Mumbai,Maharashtra,India,Unknown,2020,Lokmat Investments,7.05,2020-11-09,2020-11-09,3,2020,2020,2020
kisaansay,16.6,16.6,1,Food,Gurgaon,Gurgaon,Haryana,India,Pre-Seed,2025,"Jungle Ventures (First Cheque@Jungle), Senior Food Industry Leaders",24.9,2025-01-02,2025-01-02,4,2024,2025,2025
burma burma,16.6,16.6,1,Vegan Restaurant,Mumbai,Mumbai,Maharashtra,India,Equity,2024,Several Family Offices,5.81,2024-08-16,2024-08-16,2,2024,2024,2024
hiwipay,16.6,16.6,1,Fintech,Mumbai,Mumbai,Maharashtra,India,Seed,2025,"Dewang Neralla'S Family Office, Jupiter Metaverse Llp, Mitesh Shah, Nilesh Doshi, Ritesh Malik, Unicorn India Ventures",182.6,2025-02-11,2025-02-11,4,2024,2025,2025
bigspoon foods,16.6,16.6,1,Food,Ahmedabad,Ahmedabad,Gujarat,India,Pre-Series A,2020,"Lemounknownde Ventures, Truevalue Group Md Yash Shah, Urmin Family Office",4.98,2020-07-23,2020-07-23,2,2020,2020,2020
zevo,16.6,16.6,1,Ev,Delhi,Delhi,Delhi,India,Pre-Series A,2024,Bizdateup,75.11,2024-10-03,2024-10-03,3,2024,2024,2024
awon gamez,16.6,16.6,1,Gaming,Noida,Noida,Uttar Pradesh,India,Seed,2021,Aditya Duggar,37.35,2021-09-10,2021-09-10,2,2021,2021,2021
tuco intelligent,16.6,16.6,1,Personal Care,Nan,Nan,Nan,Nan,Seed,2024,Fireside Ventures And Whiteboard Capital,25.73,2024-09-04,2024-09-04,2,2024,2024,2024
indic wisdom,16.6,16.6,1,Woodpressed Oils,Mumbai,Mumbai,Maharashtra,India,Pre-Series A,2024,"Others, Rockstud Capital",2.49,2024-11-09,2024-11-09,3,2024,2024,2024
stayqrious,16.6,16.6,1,Edtech,Bangalore,Bangalore,Karnataka,India,Seed,2020,Y Combiunknowntor,234.06,2020-01-21,2020-01-21,4,2019,2020,2020
amica,16.6,16.6,1,Fintech,Unknown,Nan,Nan,Nan,Unknown,2020,"Bedrock Capital, Hummingbird Ventures",0.67,2020-04-26,2020-04-26,1,2020,2020,2020
febiai,16.6,16.6,1,Accounting & Tax Management Saas,Gurgaon,Gurgaon,Haryana,India,Pre-Series A,2024,"Amit Chaudhary (Lenskart), Lumis Partners, Rohan Bhargava (Cashkaro), Virender Raunknown",38.18,2024-10-14,2024-10-14,3,2024,2024,2024
stones2milestones,16.6,16.6,1,Edtech,Gurgaon,Gurgaon,Haryana,India,Bridge,2020,"Emandi Sankara Rao, Menterra Venture Advisors",0.58,2020-11-09,2020-11-09,3,2020,2020,2020
harajuku tokyo cafe,16.6,16.6,1,Fooddtech,Delhi,Delhi,Delhi,India,Seed,2025,Indian Angel Network,8.23,2025-08-21,2025-08-21,2,2025,2025,2025
culture circle,16.6,16.6,1,Sneakers & Streetwear,Gurgaon,Gurgaon,Haryana,India,Seed,2024,"Angel Investors, Info Edge Ventures",24.9,2024-12-12,2024-12-12,3,2024,2024,2024
shopalyst,16.6,16.6,1,Product Discovery & Recommendation,Bangalore,Bangalore,Karnataka,India,Private Equity,2015,Kalaari Capital,32.37,2015-10-22,2015-10-22,3,2015,2015,2015
factorsai,16.6,16.6,1,Saas,Bangalore,Bangalore,Karnataka,India,Unknown,2021,"Elevation Partners, Emergent Ventures",0.56,2021-08-26,2021-08-26,2,2021,2021,2021
josh talks,16.6,12.45,2,Media,Haryana,Nan,Haryana,India,"Pre-Series A, Series A","2020, 2022","Media Development Investment Fund, Ritesh Agarwal And Vijay Shekhar Sharma",12.45,2020-02-02,2022-05-08,"1, 4","2019, 2022",2020,2022
zenergize,16.6,16.6,1,Ev,Gurgaon,Gurgaon,Haryana,India,Seed,2025,"Himanshu Aggarwal, Mohit Tandon",15.77,2025-05-09,2025-05-09,1,2025,2025,2025
kwh bikes,16.6,16.6,1,Automotive,Bangalore,Bangalore,Karnataka,India,Seed,2021,"Better Capital, Let’S Venture",4.15,2021-10-20,2021-10-20,3,2021,2021,2021
unotech,16.6,16.6,1,Saas,Mumbai,Mumbai,Maharashtra,India,Unknown,2020,Manish Choksi,12.45,2020-01-21,2020-01-21,4,2019,2020,2020
kutuki,16.6,16.6,1,Edtech,Bangalore,Bangalore,Karnataka,India,Seed,2021,Omidyar Network India,8.3,2021-02-14,2021-02-14,4,2020,2021,2021
bacalt biosciences,16.6,16.6,1,Healthcare,Bangalore,Bangalore,Karnataka,India,Pre-Seed,2025,Avaaunknown Capital,6.75,2025-09-07,2025-09-07,2,2025,2025,2025
the energy,16.6,16.6,1,Ev Battery,Bangalore,Bangalore,Karnataka,India,Pre-Series A,2025,"1Crowd, Callapiunknown Capital, Letsventure, Other Investors, Siaunknown Capital, Z21 Ventures",4.15,2025-02-27,2025-02-27,4,2024,2025,2025
bighaat,16.6,16.6,1,Agritech,Bangalore,Bangalore,Karnataka,India,Pre-Series A,2020,"Ankur Capital, Beyond Next Ventures",45.65,2020-08-19,2020-08-19,2,2020,2020,2020
kirana247,16.6,8.3,2,Logistics,Delhi,Delhi,Delhi,India,"Unknown, Pre-Series A",2021,Unknown,8.3,2021-08-24,2021-08-24,2,2021,2021,2021
bankerbay,16.6,16.6,1,Consumer Internet,Bangalore,Bangalore,Karnataka,India,Private Equity,2016,Undisclosed Investors,708.77,2016-07-21,2016-07-21,2,2016,2016,2016
yumlane,16.6,8.3,2,Food,Mumbai,Mumbai,Maharashtra,India,"Seed, Pre-Series A","2016, 2020","Anupam Mittal, Binny Bansal, Darius Pandole, Dheerag Jain, Jetty Ventures, Kuunknownl Khattar, Sachin Bhatia",8.3,2016-08-08,2020-07-23,2,"2016, 2020",2016,2020
gramik,16.6,16.6,1,Agritech,Lucknow,Lucknow,Uttar Pradesh,India,Unknown,2025,Unknown,66.4,2025-07-25,2025-07-25,2,2025,2025,2025
popxocom,16.6,16.6,1,Online Content For Women,Delhi,Delhi,Delhi,India,Private Equity,2015,"500 Startups, Idg Ventures India, Kalaari Capital",71.38,2015-11-18,2015-11-18,3,2015,2015,2015
shuru,16.6,16.6,1,Social Media,Gurgaon,Gurgaon,Haryana,India,Series A,2025,Krafton India,47.31,2025-05-16,2025-05-16,1,2025,2025,2025
clairvolex,16.6,16.6,1,Technology,Usa,Nan,Nan,Usa,Debt,2020,"Indusage Partners, Jf Mauritius Spv",4.15,2020-01-12,2020-01-12,4,2019,2020,2020
topprcom,16.6,16.6,1,Competitive Exam Learning,Mumbai,Mumbai,Maharashtra,India,Private Equity,2015,Innoven Capital,899.57,2015-10-20,2015-10-20,3,2015,2015,2015
khabri,16.6,16.6,1,Media,Gurgaon,Gurgaon,Haryana,India,Pre-Series A,2021,Unknown,75.53,2021-08-16,2021-08-16,2,2021,2021,2021
truckmandi,16.6,16.6,1,Logistics,Delhi,Delhi,Delhi,India,Private Equity,2015,"Mount Nathan Advisors, Ramakant Sharma, Ritesh Dwivedy",123.67,2015-12-06,2015-12-06,3,2015,2015,2015
aavenir,16.6,16.6,1,Saas,Ahmedabad,Ahmedabad,Gujarat,India,Seed,2020,Accel,10.79,2020-04-23,2020-04-23,1,2020,2020,2020
method madness,16.6,16.6,1,Real Estate,Mumbai,Mumbai,Maharashtra,India,Seed,2021,Justin Mateen,0.2,2021-02-21,2021-02-21,4,2020,2021,2021
urbanpro,16.6,16.6,1,Ondemand,Bangalore,Bangalore,Karnataka,India,Private Equity,2015,Nirvaunknown Venture Advisors,0.83,2015-05-06,2015-05-06,1,2015,2015,2015
arthalpha,16.6,16.6,1,Investment Wealthtech,Bangalore,Bangalore,Karnataka,India,Seed,2025,"Dsp, Family Offices, Wealth Maunknowngers",13.28,2025-02-18,2025-02-18,4,2024,2025,2025
clayco cosmetics,16.6,16.6,1,Beauty Commerce,Mumbai,Mumbai,Maharashtra,India,Series A,2024,Unilever Ventures,1440.81,2024-10-18,2024-10-18,3,2024,2024,2024
iim jobs,16.6,16.6,1,Consumer Internet,Delhi,Delhi,Delhi,India,Private Equity,2016,India Quotient,4.3,2016-11-02,2016-11-02,3,2016,2016,2016
aashiyaan,16.6,16.6,1,Fintech,Kolkata,Kolkata,West Bengal,India,Other,2018,"Insistor, Oikocredit",53.95,2018-05-03,2018-05-03,1,2018,2018,2018
elevar,16.6,16.6,1,Sports,Mumbai,Mumbai,Maharashtra,India,Unknown,2021,"Dream Capital, Kalaari Capital",24.9,2021-08-15,2021-08-15,2,2021,2021,2021
mili,16.6,16.6,1,Ai Wealth Management Assistant,Mumbai,Mumbai,Maharashtra,India,Seed,2024,"Better Capital, Boldcap, Chiratae, Gregg Fisher (Quent Capital), Sfmg Wealth Advisors, Sparrow Capital",327.6,2024-12-01,2024-12-01,3,2024,2024,2024
vyome biosciences,16.6,16.6,1,Healthcare,Delhi,Delhi,Delhi,India,Private Equity,2016,Romulus Capital,41.5,2016-06-12,2016-06-12,1,2016,2016,2016
clean fanatics,16.6,16.6,1,Consumer,Bangalore,Bangalore,Karnataka,India,Seed,2025,Inflection Point Ventures,98.3,2025-07-26,2025-07-26,2,2025,2025,2025
coratia,16.6,16.6,1,Advanced Hardware & Technology,Rourkela,Rourkela,Odisha,India,Pre-Series A,2025,Mgfunknownkavachh,207.5,2025-06-11,2025-06-11,1,2025,2025,2025
bitclass,16.6,16.6,1,Paas,Bangalore,Bangalore,Karnataka,India,Seed,2020,"Aet Japan, Figure Eight Investments, Waterbridge Ventures",17.97,2020-11-19,2020-11-19,3,2020,2020,2020
quicksell,16.6,16.6,1,Ecommerce,Mumbai,Mumbai,Maharashtra,India,Pre-Series A,2021,"Ajay Jain, Sanjay Baldwa",2.32,2021-06-14,2021-06-14,1,2021,2021,2021
fitpass,16.6,8.3,2,Consumer Internet,Delhi,Delhi,Delhi,India,"Seed, Private Equity","2016, 2017","Abhiunknownv Bindra, Gaurav Marya, Mumbai Angels",8.3,2016-12-13,2017-06-13,"1, 3","2016, 2017",2016,2017
grabin,16.6,16.6,1,Logistics,Mumbai,Mumbai,Maharashtra,India,Private Equity,2016,Aramex Ventures Llc,20.75,2016-07-23,2016-07-23,2,2016,2016,2016
cell propulsion,16.6,16.6,1,Ev,Bangalore,Bangalore,Karnataka,India,Unknown,2021,Growx Ventures,6.22,2021-06-19,2021-06-19,1,2021,2021,2021
portdesk,16.6,16.6,1,Technology,Noida,Noida,Uttar Pradesh,India,Seed,2017,Alphard Maritime Group,16.6,2017-06-20,2017-06-20,1,2017,2017,2017
wholesalebox,16.6,16.6,1,Ecommerce,Jaipur,Jaipur,Rajasthan,India,Private Equity,2016,"Contrarian Vriddhi Fund, Manish Maheshwari",4.98,2016-11-27,2016-11-27,3,2016,2016,2016
wess,16.6,16.6,1,Renewable Energy,Mumbai,Mumbai,Maharashtra,India,Seed,2021,Centrum Fiunknownncial Services,33.2,2021-04-25,2021-04-25,1,2021,2021,2021
dvara smartgold,16.6,16.6,1,Fintech,Mumbai,Mumbai,Maharashtra,India,Pre-Series A,2022,"Axilor, Dvara Holdings",1.66,2022-02-26,2022-02-26,4,2021,2022,2022
tapzo,16.02,16.02,1,Technology,Bangalore,Bangalore,Karnataka,India,Private Equity,2018,"Other, Runet",13.7,2018-01-22,2018-01-22,4,2017,2018,2018
erlysign,16.0,16.0,1,Healthcare,Nagpur,Nagpur,Maharashtra,India,Pre-Series A,2025,Ashish Kacholia,104.56,2025-01-02,2025-01-02,4,2024,2025,2025
almonds ai,16.0,16.0,1,Loyalty & Rewards Saas,Gurgaon,Gurgaon,Haryana,India,Seed,2025,"Ever Grow Capital, Innovation Foundation (Jiif), Jito Incubation, Nine Alps, Promoters Of Haldiram’S, Venture Catalysts",3.32,2025-02-27,2025-02-27,4,2024,2025,2025
nourish you,16.0,16.0,1,Plantbased Nutrition,Hyderabad,Hyderabad,Telangana,India,Series A,2025,Sidbi Venture Capital,15.0,2025-03-09,2025-03-09,4,2024,2025,2025
zenduty,15.77,15.77,1,Computer Software,Bangalore,Bangalore,Karnataka,India,Pre-Series A,2021,Startupxseed Ventures,419.15,2021-10-02,2021-10-02,3,2021,2021,2021
fundamento,15.77,15.77,1,Enterprise Applications > Customer Software,Usa,Nan,Nan,Usa,Seed,2025,The Players Fund,0.58,2025-10-05,2025-10-05,3,2025,2025,2025
fountain9,15.77,15.77,1,Computer Software,Mumbai,Mumbai,Maharashtra,India,Seed,2021,"021 Capital, Y Combiunknowntor",2.49,2021-07-08,2021-07-08,2,2021,2021,2021
the ken,15.77,12.45,2,Consumer Internet,Bangalore,Bangalore,Karnataka,India,"Seed, Other","2017, 2018","Aprameya Radhakrishunknown, Deepak Natraj, Girish Mathrubootham, Mahesh Murthy, Omidyar Network, Others, Pallav Nadhani, Pavan Ongole, Sandeep Mathur, Vijay Shekhar Sharma",3.32,2017-02-21,2018-07-09,"2, 4","2016, 2018",2017,2018
superfone,15.77,15.77,1,Smb Crm,Bangalore,Bangalore,Karnataka,India,Pre-Series A,2024,"Angel Investors, Ankur Capital, Finsight Seed Fund, Yournest Venture Capital",3.32,2024-12-02,2024-12-02,3,2024,2024,2024
spike ai,15.77,15.77,1,Ai,Bangalore,Bangalore,Karnataka,India,Pre-Seed,2025,Sorin Investments,1.25,2025-08-24,2025-08-24,2,2025,2025,2025
infinity,15.77,15.77,1,Business Banking,Bangalore,Bangalore,Karnataka,India,Equity,2024,"Angel Investors, Liquid 2 Ventures, Script Capital, Y Combiunknowntor",42.33,2024-12-14,2024-12-14,3,2024,2024,2024
sumeru,15.77,8.3,2,Technology,Bangalore,Bangalore,Karnataka,India,Seed,2017,"Undisclosed Investors, Unknown Investors",8.3,2017-05-18,2017-11-05,"1, 3",2017,2017,2017
smartvizx,15.75,11.6,2,Technology,Noida,Noida,Uttar Pradesh,India,"Seed, Pre-Series A","2016, 2020","Entrepreneurs India, Indian Angel Network, Rockstud Capital, Stanford Angels",4.15,2016-03-24,2020-02-12,4,"2015, 2019",2016,2020
mapmycrop,15.7,15.7,1,Agritech,Pune,Pune,Maharashtra,India,Seed,2025,"Eaglewings Venture, Yournest Venture Capital",498.0,2025-03-01,2025-03-01,4,2024,2025,2025
volt14,15.52,15.52,1,Battery,Bangalore,Bangalore,Karnataka,India,Pre-Series A,2025,Blume Ventures,4.15,2025-05-17,2025-05-17,1,2025,2025,2025
piggy ride,15.45,15.45,1,Saas,Bangalore,Bangalore,Karnataka,India,Pre-Series A,2020,"Artha Venture Fund, Jafco Asia",2.08,2020-07-27,2020-07-27,2,2020,2020,2020
spense,15.36,15.36,1,Investment,Karnataka,Nan,Karnataka,India,Seed,2025,Growthcap Ventures,1187.73,2025-06-09,2025-06-09,1,2025,2025,2025
newsreach,15.34,12.45,3,Digital Media,Gujarat,Nan,Gujarat,India,"Seed, Unknown","2020, 2021, 2022","Jito Angel Network, Jito Angel Network., Mumbai Angels, Sharan Aggarwal",14.94,2020-11-27,2022-01-05,"2, 3, 4","2020, 2021",2020,2022
kirana bazaar,15.3,15.3,1,Oline Grocery,Gurgaon,Gurgaon,Haryana,India,Unknown,2022,Multiples,20.75,2022-04-26,2022-04-26,1,2022,2022,2022
noto ice cream,15.0,15.0,1,D2C Health Foods,Mumbai,Mumbai,Maharashtra,India,Growth,2025,"Inflection Point Ventures (Ipv), Innovation Foundation, Jito Incubation, Letsventure",25.15,2025-02-24,2025-02-24,4,2024,2025,2025
laiqa wellness,15.0,15.0,1,Femtech,Gurgaon,Gurgaon,Haryana,India,Seed,2024,Ivycap Ventures,1.04,2024-08-28,2024-08-28,2,2024,2024,2024
mtr foods,15.0,15.0,1,Food,Bangalore,Bangalore,Karnataka,India,Unknown,2022,Multiples,547.8,2022-04-15,2022-04-15,1,2022,2022,2022
sunfox,15.0,15.0,1,Healthcare,Dehradun,Dehradun,Uttarakhand,India,Pre-Series A,2024,"Others, Venture Catalysts",6.52,2024-08-07,2024-08-07,2,2024,2024,2024
simplicontract,14.94,14.94,1,Software,Bangalore,Bangalore,Karnataka,India,Seed,2021,Kalaari Capital,257.3,2021-06-19,2021-06-19,1,2021,2021,2021
vah vah,14.94,14.94,1,Edtech,Bangalore,Bangalore,Karnataka,India,Unknown,2021,Sequoia Surge,8.3,2021-07-27,2021-07-27,2,2021,2021,2021
bluecopa,14.94,14.94,1,Finops Automation,Unknown,Nan,Nan,Nan,Pre-Series A,2024,"Blume Ventures, Dallas Venture Capital, Venture Catalysts",16.6,2024-09-03,2024-09-03,2,2024,2024,2024
connecty ai,14.94,14.94,1,Enterprise Ai,San Francisco,San Francisco,California,Usa,Pre-Seed,2024,"Maciej Zawadzinski, Marcin Zukowski, Market One Capital, Notion Capital",19.09,2024-11-25,2024-11-25,3,2024,2024,2024
grest,14.94,14.94,1,Ecommerce,Cuttack,Cuttack,Odisha,India,Unknown,2025,Equentis,9.96,2025-09-24,2025-09-24,2,2025,2025,2025
grexa ai,14.94,14.94,1,Ai,Thane,Mumbai,Maharashtra,India,Seed,2025,Utsav Somani,5.39,2025-07-14,2025-07-14,2,2025,2025,2025
cuvette tech,14.94,14.94,1,Human Resources,Bangalore,Bangalore,Karnataka,India,Seed,2021,"Harish Daiya, Varun Alagh",20.75,2021-05-25,2021-05-25,1,2021,2021,2021
koinearth,14.94,14.94,1,Blockchain,Bangalore,Bangalore,Karnataka,India,Pre-Series A,2021,Yournest,1.95,2021-03-05,2021-03-05,4,2020,2021,2021
desi hangover,14.94,14.94,1,Apparel & Fashion,Mumbai,Mumbai,Maharashtra,India,Unknown,2022,"Be An Angel Network, Ciie.Co, Social Alpha",85.0,2022-01-17,2022-01-17,4,2021,2022,2022
sahayog dairy,14.94,14.94,1,Dairy Based Product Manufacturer,Bhopal,Bhopal,Madhya Pradesh,India,Private Equity,2015,Acumen Fund,300.71,2015-09-06,2015-09-06,2,2015,2015,2015
voiro,14.94,14.94,1,Advertisement,Bangalore,Bangalore,Karnataka,India,Pre-Series A,2021,1Crowd,5.0,2021-03-05,2021-03-05,4,2020,2021,2021
mojocare,14.94,14.94,1,Healthcare,Bangalore,Bangalore,Karnataka,India,Series A,2022,B Capital Group And Surge,3.69,2022-08-23,2022-08-23,2,2022,2022,2022
headout,14.94,14.94,1,Last Minute Travel Deals Mobile,Bangalore,Bangalore,Karnataka,India,Seed,2015,"500 Startups, Nexus Venture Partners And Areunknown Ventures, Version One Ventures",24.9,2015-04-15,2015-04-15,1,2015,2015,2015
wasabi,14.94,14.94,1,Consulting,Bangalore,Bangalore,Karnataka,India,Seed,2021,"021 Capital, Sparrow Capital",8.3,2021-07-03,2021-07-03,2,2021,2021,2021
i can stay,14.94,14.94,1,Technology,Delhi,Delhi,Delhi,India,Private Equity,2017,Ht Media,33.2,2017-12-20,2017-12-20,3,2017,2017,2017
deeprooted,14.94,14.94,1,Agritech,Bangalore,Bangalore,Karnataka,India,Series A,2022,Ivycap Ventures And Mayfield Fund,13.28,2022-09-16,2022-09-16,2,2022,2022,2022
satvacart,14.94,14.94,1,Online Grocery,Gurgaon,Gurgaon,Haryana,India,Private Equity,2015,Unknown Hnis,2.66,2015-11-19,2015-11-19,3,2015,2015,2015
pickme,14.86,14.86,1,Consumer Internet,Mumbai,Mumbai,Maharashtra,India,Private Equity,2017,Sidbi Venture Capital Fund,4.15,2017-03-09,2017-03-09,4,2016,2017,2017
wizklub,14.79,8.15,2,Edtech,Bangalore,Bangalore,Karnataka,India,"Seed, Pre-Series A","2020, 2021",Incubate Fund India,8.15,2020-01-14,2021-02-13,4,"2019, 2020",2020,2021
vista rooms,14.74,8.3,2,Consumer Internet,Mumbai,Mumbai,Maharashtra,India,"Seed, Unknown","2017, 2021","Artha India Ventures, Girish Mathrubootham, Rajan Aunknownndan, Singapore Angel Network, Singularity Holdings",6.44,2017-06-25,2021-01-08,"1, 4","2017, 2020",2017,2021
codingal,14.61,9.96,2,Edtech,Bangalore,Bangalore,Karnataka,India,Seed,"2020, 2021","And Gsf Accelerator., Java Capital, Pras Hanuma, Rebright Partners, Unknown",4.65,2020-12-14,2021-09-10,"2, 3","2020, 2021",2020,2021
bold finance,14.61,14.11,2,Fintech,Mumbai,Mumbai,Maharashtra,India,Seed,2022,"Antler India, Kae Capital And Ishpreet Gandh",0.5,2022-01-15,2022-11-25,"3, 4","2021, 2022",2022,2022
sahicoin,14.53,14.53,1,Fintech,Gurgaon,Gurgaon,Haryana,India,Seed,2022,"Alameda Ventures, Better Capital Ventures",87.15,2022-01-20,2022-01-20,4,2021,2022,2022
faircentcom,14.53,12.45,2,Peer To Peer Lending,Gurgaon,Gurgaon,Haryana,India,"Seed, Private Equity","2015, 2016","Brand Capital, M, S Partners Pte. Ltd",2.08,2015-06-06,2016-08-04,"1, 2","2015, 2016",2015,2016
teewe,14.53,14.53,1,Other,Unknown,Nan,Nan,Nan,Seed,2015,"India Quotient, Sequoia Capital",10.0,2015-03-01,2015-03-01,4,2014,2015,2015
pocket52,14.53,14.53,1,Gaming,Bangalore,Bangalore,Karnataka,India,Series A,2020,Gameskraft,763.6,2020-06-05,2020-06-05,1,2020,2020,2020
insurance samadhan,14.52,8.5,2,Insurance,Delhi,Delhi,Delhi,India,"Pre-Series A, Strategic Investment","2021, 2025","9Unicorns, Innovito Ventures, Znl",6.02,2021-12-23,2025-05-23,"1, 3","2021, 2025",2021,2025
procureyard,14.28,14.28,1,B2B Raw Materials,Haryana,Nan,Haryana,India,Seed,2025,"2Am Vc, Angels Including Abhishek Goyal And Rajesh Sawhney, Java Capital, Powerhouse Ventures",31.73,2025-01-22,2025-01-22,4,2024,2025,2025
megaliter varunaa,14.19,14.19,1,Environment > Waste & Water Management,Telangana,Nan,Telangana,India,Seed,2025,Unknown,8.3,2025-10-17,2025-10-17,3,2025,2025,2025
dcg tech,14.11,14.11,1,Ecommerce,Gurgaon,Gurgaon,Haryana,India,Pre-Series A,2025,Gvfl,232.0,2025-07-26,2025-07-26,2,2025,2025,2025
manch,14.11,8.3,2,Social Media,Delhi,Delhi,Delhi,India,"Seed, Pre-Series A","2018, 2021","Bharat Inclusion, Stellaris Venture Partners",5.81,2018-12-14,2021-09-10,"2, 3","2018, 2021",2018,2021
aspada,14.11,14.11,1,Fintech,Bangalore,Bangalore,Karnataka,India,Seed,2022,Song Fund,9.96,2022-11-19,2022-11-19,3,2022,2022,2022
godutch,14.11,14.11,1,Fintech,Mumbai,Mumbai,Maharashtra,India,Seed,2020,"Global Founders Capital, Matrix India, Soma Capital, Venturesouq, Y Combiunknowntor",6000.0,2020-07-19,2020-07-19,2,2020,2020,2020
goodmeetings,14.11,14.11,1,Computer Software,Bangalore,Bangalore,Karnataka,India,Series A,2021,Chiratae Ventures,1.1,2021-08-14,2021-08-14,2,2021,2021,2021
assidus global,14.11,14.11,1,Ecommerce,Wilmington,Wilmington,Delaware,Usa,Series A,2022,"Isthara Offers Sharedunknownliving Accommodations As Well As A Variety Of Facilities, To Working Professiounknownls And Students",232.4,2022-10-03,2022-10-03,3,2022,2022,2022
touchkin,14.11,10.79,2,Healthcare,Bangalore,Bangalore,Karnataka,India,"Seed, Private Equity","2016, 2017","Alok Mittal, Amit Gupta, Anuj Srivastava, Himanshu Aggarwal, Kae Capital, Puneet Agarwal, Raghuunknownndan G",3.32,2016-03-18,2017-08-11,"2, 4","2015, 2017",2016,2017
pi beam electric,14.11,14.11,1,Motor Vehicle Manufacturing,Chennai,Chennai,Tamil Nadu,India,Pre-Series A,2022,Inflection Point Ventures,1743.0,2022-03-18,2022-03-18,4,2021,2022,2022
lets dive,14.11,14.11,1,Saas,Bangalore,Bangalore,Karnataka,India,Unknown,2020,Surge,24.9,2020-12-07,2020-12-07,3,2020,2020,2020
supplynote,14.11,9.96,2,Saas,Noida,Noida,Uttar Pradesh,India,"Seed, Pre-Series A","2020, 2021","Mox, Sosv, Venture Catalysts",4.15,2020-10-02,2021-10-20,3,"2020, 2021",2020,2021
crackle,14.11,14.11,1,Adtech,Delhi,Delhi,Delhi,India,Pre-Seed,2024,We Founder Circle And Ac Ventures,285.52,2024-09-13,2024-09-13,2,2024,2024,2024
dynolt,14.11,14.11,1,Deeptech Ai & Analytics,Bangalore,Bangalore,Karnataka,India,Seed,2025,"Transition Vc, Yashowardhan Shah",0.83,2025-02-14,2025-02-14,4,2024,2025,2025
sustvest,14.11,14.11,1,Sustainable Investment,Gurgaon,Gurgaon,Haryana,India,Other,2024,"Antler, Faad Network, Inflection Point Ventures, Soonicorn Ventures, Venture Catalysts, Weh Ventures",4.15,2024-12-17,2024-12-17,3,2024,2024,2024
himshakti,14.11,14.11,1,Food,Dehradun,Dehradun,Uttarakhand,India,Pre-Seed,2022,Indian Institute Of Maunknowngement Kashipur And Varun Agrawal,1747.5,2022-10-05,2022-10-05,3,2022,2022,2022
carefi,14.0,8.0,2,Fintech,Bangalore,Bangalore,Karnataka,India,Debt,"2024, 2025","Revx, Wint Wealth And Caspian",8.0,2024-09-22,2025-04-02,"1, 2","2024, 2025",2024,2025
tapchief,13.7,12.45,2,Consumer Internet,Bangalore,Bangalore,Karnataka,India,"Seed, Pre-Series A","2016, 2020","Blume Ventures, Vijay Shekhar Sharma",1.25,2016-04-24,2020-01-04,"1, 4","2016, 2019",2016,2020
zenstatement,13.45,13.45,1,Finance Automation And Cash Flow Management,Bangalore,Bangalore,Karnataka,India,Other,2024,"3One4 Capital, Atrium Angels, Boldcap Vc",4.15,2024-10-17,2024-10-17,3,2024,2024,2024
supr daily,13.45,12.45,2,Consumer Internet,Mumbai,Mumbai,Maharashtra,India,"Seed, Private Equity",2017,"122 West Ventures, Great Oaks Ventures, Soma Capital, Y Combiunknowntor",1.0,2017-03-16,2017-05-05,"1, 4","2016, 2017",2017,2017
kogo,13.28,13.28,1,Information Technology,Delhi,Delhi,Delhi,India,Other,2022,Mapmyindia And Rampraveen Swamiunknownthan,33.2,2022-09-14,2022-09-14,2,2022,2022,2022
green aero,13.28,13.28,1,Advanced Hardware & Technology,Delhi,Delhi,Delhi,India,Seed,2025,Pi Ventures,141.3,2025-07-01,2025-07-01,2,2025,2025,2025
yourdost,13.28,9.96,2,Online Counselling And Psychological Support,Gwalior,Gwalior,Madhya Pradesh,India,Seed,"2015, 2016","Aneesh Reddy, Aprameya Radhakrishunknown, Aprameya Radhakrishunknownn, Gaurav Bhalotia, Neeraj Jawalkar, Paula Ravindra Mariwala, Pavan Ongole, Phanindra Sama, Saif Partners, Sanjay Aunknownndaram, Subba Rao Telidevara, Venk Krishunknownn, Vibhu Garg",3.32,2015-11-16,2016-06-03,"1, 3","2015, 2016",2015,2016
gumlet,13.28,13.28,1,It,Bangalore,Bangalore,Karnataka,India,Unknown,2021,Sequoia’S Surge,4.51,2021-07-18,2021-07-18,2,2021,2021,2021
quikwallet,13.28,13.28,1,F&B Sector Mobile Payment,Mumbai,Mumbai,Maharashtra,India,Private Equity,2015,Snow Leopard Technology Ventures,1909.0,2015-07-01,2015-07-01,2,2015,2015,2015
keka hr,13.28,13.28,1,Information Technology &,Hyderabad,Hyderabad,Telangana,India,Unknown,2021,Recur Club,1.33,2021-12-13,2021-12-13,3,2021,2021,2021
the wedding brigade,13.28,8.3,2,Consumer Internet,Mumbai,Mumbai,Maharashtra,India,"Seed, Private Equity","2016, 2018","Blume Ventures, Other Ununknownmed Investors",4.98,2016-04-28,2018-01-11,"1, 4","2016, 2017",2016,2018
vyomic,13.28,13.28,1,Advanced Hardware & Technology,Bangalore,Bangalore,Karnataka,India,Pre-Seed,2025,Speciale Invest,182.6,2025-09-06,2025-09-06,2,2025,2025,2025
adicube,13.28,13.28,1,Marketing & Advertising,Bangalore,Bangalore,Karnataka,India,Pre-Seed,2022,Pitcherlabs Ventures,1095.6,2022-02-07,2022-02-07,4,2021,2022,2022
deepmatrix,13.28,13.28,1,Deep,Bangalore,Bangalore,Karnataka,India,Unspecified Round,2024,Yournest And Arali Ventures,10.79,2024-08-27,2024-08-27,2,2024,2024,2024
mypetrolpump,13.28,13.28,1,Retail,Bangalore,Bangalore,Karnataka,India,Seed,2019,Unknown,2.66,2019-08-15,2019-08-15,2,2019,2019,2019
fantail,13.28,13.28,1,Enterprise,Surat,Surat,Gujarat,India,Seed,2025,"All In Capital, Incubate Fund Asia, Riverwalk Holdings",415.0,2025-06-28,2025-06-28,1,2025,2025,2025
arth designbuild,13.28,9.13,2,Architectural Design & Consulting,Hyderabad,Hyderabad,Telangana,India,"Seed, Unknown","2015, 2020","Eden Ventures, Srinivas Tirupati, Startupunknowno",4.15,2015-06-02,2020-07-13,"1, 2","2015, 2020",2015,2020
mytaxiindia,13.28,8.3,3,Online Car Rental Affiliates,Delhi,Delhi,Delhi,India,"Private Equity, Seed","2015, 2016","Green House Ventures, Nihon Kotsu, Nihon Kotsu Co",4.98,2015-06-13,2016-07-05,"1, 2","2015, 2016",2015,2016
zfw dark stores,13.28,13.28,1,Logistics,Delhi,Delhi,Delhi,India,Unknown,2022,Amanpreet Bajaj And Sea Fund,3.44,2022-05-27,2022-05-27,1,2022,2022,2022
transerve,13.28,13.28,1,Technology,Mumbai,Mumbai,Maharashtra,India,Private Equity,2017,"Fs Investment Maunknowngers, Il, Omidyar Network.",124.5,2017-09-04,2017-09-04,2,2017,2017,2017
jhanaai,13.28,13.28,1,Hrtech,Nan,Nan,Nan,Nan,Seed,2024,Girish Mathrubootham,1.29,2024-09-18,2024-09-18,2,2024,2024,2024
purple tutor,13.28,13.28,1,Edtech,Mumbai,Mumbai,Maharashtra,India,Series A,2022,Arjun Malhotra And Disruptors Capital,336.08,2022-09-05,2022-09-05,2,2022,2022,2022
goodservice,13.28,13.28,1,Mobile Chat Based Concierge,Delhi,Delhi,Delhi,India,Private Equity,2015,Sequoia Capital,107.9,2015-06-28,2015-06-28,1,2015,2015,2015
future agi,13.28,13.28,1,Ai Infrastructure,Bangalore,Bangalore,Karnataka,India,Pre-Seed,2025,"30+ Industry Stalwarts, Angellist Quant Fund, Powerhouse Ventures, Saka Ventures, Snow Leopard Ventures, Swadharma Source Ventures",71.38,2025-02-27,2025-02-27,4,2024,2025,2025
kisah,13.0,13.0,1,Mens Ethnicwear,Kolkata,Kolkata,West Bengal,India,Unspecified Round,2025,Wow Momo,16.6,2025-06-08,2025-06-08,1,2025,2025,2025
workie,13.0,13.0,1,Office Space Management,Indore,Indore,Madhya Pradesh,India,Equity,2025,"Nav Capital, Others, Raman Roy, Sunil Singhania Family Office",8.3,2025-01-23,2025-01-23,4,2024,2025,2025
metashot,13.0,11.0,2,Gaming Console,Bangalore,Bangalore,Karnataka,India,Other,2025,"Karunknowntaka Govt’S Venture Fund, Panthera Peak Capital, Sauce.Vc, Sharrp Ventures",11.0,2025-01-22,2025-06-27,"1, 4","2024, 2025",2025,2025
applicate,12.87,8.3,2,Workforce Management Software,Bangalore,Bangalore,Karnataka,India,Seed,"2015, 2016","Amit Gupta, Rajiv Nayan, Rishi Vasudev, Unknown Investors",4.57,2015-05-04,2016-01-24,"1, 4",2015,2015,2016
signalx,12.86,6.64,2,Saas,Hyderabad,Hyderabad,Telangana,India,"Unknown, Seed",2020,"3Lines Vc, 9Unicorns, Hyderabad Angels, Unknown",6.22,2020-01-02,2020-11-05,"3, 4","2019, 2020",2020,2020
6degree,12.78,8.3,3,Technology,Mumbai,Mumbai,Maharashtra,India,"Unknown, Seed","2016, 2020, 2021","Indian Angel Network, Keiretsu Forum, Sucseed Venture Partners",4.48,2016-06-24,2021-05-10,"1, 2","2016, 2020, 2021",2016,2021
white owl brewery,12.7,12.7,1,Microbrewery,Mumbai,Mumbai,Maharashtra,India,Private Equity,2015,"Arihant Patni, Raay Global Investments",5.15,2015-10-16,2015-10-16,3,2015,2015,2015
altmat,12.62,12.62,1,High > Advanced Materials,Gujarat,Nan,Gujarat,India,Seed,2025,Rainmatter,33.2,2025-10-04,2025-10-04,3,2025,2025,2025
navata supply chain,12.62,12.62,1,Business > Supply,Telangana,Nan,Telangana,India,Series A,2025,Abyro Capital,8.3,2025-10-27,2025-10-27,3,2025,2025,2025
lehlah,12.5,12.5,1,Influencer Commerce,Mumbai,Mumbai,Maharashtra,India,Seed,2025,Gruhas,2.0,2025-04-26,2025-04-26,1,2025,2025,2025
anvidha,12.45,12.45,1,Technology,Haryana,Nan,Haryana,India,Seed,2021,Unknown,8.3,2021-06-24,2021-06-24,1,2021,2021,2021
petoo,12.45,8.3,2,Consumer Internet,Bangalore,Bangalore,Karnataka,India,"Private Equity, Seed",2016,"Axilor Ventures, Existing Investors",8.3,2016-04-23,2016-08-15,"1, 2",2016,2016,2016
paytail,12.45,12.45,1,Fintech,Delhi,Delhi,Delhi,India,Seed,2021,Cholamandalam,193.39,2021-09-01,2021-09-01,2,2021,2021,2021
onegreen,12.45,12.45,1,Ecommerce,Gurgaon,Gurgaon,Haryana,India,Seed,2022,Sandhar Technologies And Sunil Kamath,9.96,2022-12-28,2022-12-28,3,2022,2022,2022
toffee,12.45,12.45,1,Consumer Internet,Gurgaon,Gurgaon,Haryana,India,Other,2018,"Kalaari Capital, Omidyar Network And Accion Venture Labs",91.3,2018-05-28,2018-05-28,1,2018,2018,2018
cosmofeed,12.45,12.45,1,Content Monetisation,Gurgaon,Gurgaon,Haryana,India,Seed,2022,"Growx Ventures, Waveform Ventures",1.25,2022-03-17,2022-03-17,4,2021,2022,2022
fitelo,12.45,12.45,1,Fitness&Healhcare,Mohali,Mohali,Punjab,India,Unknown,2022,Guild Capital And Pareto Capital,96.28,2022-05-07,2022-05-07,1,2022,2022,2022
credihealth,12.45,12.45,1,Consumer Internet,Gurgaon,Gurgaon,Haryana,India,Private Equity,2017,"Mountain Pine Capital, Tolaram Inc",284.69,2017-04-07,2017-04-07,1,2017,2017,2017
predictivu,12.45,12.45,1,Management Consulting,Gurgaon,Gurgaon,Haryana,India,Pre-Seed,2021,Kuunknownl Sarkar,9.96,2021-09-01,2021-09-01,2,2021,2021,2021
seekify,12.45,12.45,1,Saas,Delhi,Delhi,Delhi,India,Seed,2020,Sequoia Capita,24.9,2020-01-28,2020-01-28,4,2019,2020,2020
sisir radar,12.45,12.45,1,Spacetech Sar Satellite Imaging,Kolkata,Kolkata,West Bengal,India,Seed,2025,"Invstt, Riverwalk Holdings, Shastra Vc",107.9,2025-02-11,2025-02-11,4,2024,2025,2025
unocoin,12.45,12.45,1,Consumer Internet,Bangalore,Bangalore,Karnataka,India,Private Equity,2016,"Ah! Ventures, Bank To The Future And Funders Club, Blume Ventures, Boost Vc, Digital Currency Group, Mumbai Angels",4.98,2016-09-17,2016-09-17,2,2016,2016,2016
orbitaid,12.45,12.45,1,Spacetech,Bangalore,Bangalore,Karnataka,India,Pre-Seed,2025,"Tansim (Tamil Nadu Government), Unicorn India Ventures",8.3,2025-01-14,2025-01-14,4,2024,2025,2025
tekie,12.45,12.45,1,Edtech,Gurgaon,Gurgaon,Haryana,India,Seed,2021,"Gsv, Multiply Ventures",14.53,2021-05-18,2021-05-18,1,2021,2021,2021
outscal,12.45,12.45,1,Information Technology,Delhi,Delhi,Delhi,India,Seed,2022,Kalaari Capital.,1.0,2022-09-15,2022-09-15,2,2022,2022,2022
praan,12.45,12.45,1,Renewables & Environment,Mumbai,Mumbai,Maharashtra,India,Unknown,2022,"Avaaunknown Capital, Better Capital, Paradigm Shift Capital",58.93,2022-01-22,2022-01-22,4,2021,2022,2022
playsuper,12.45,8.3,2,Gaming Commerce,Gurgaon,Gurgaon,Haryana,India,Seed,2025,"100X.Vc, Angel Investors (Uday Sodhi, Ankit Das), Chimera, Ian Angel Fund, Krs Jamwal, Pratham Mittal, Rajit Bhattacharya",4.15,2025-02-15,2025-09-18,"2, 4","2024, 2025",2025,2025
cumin,12.45,12.45,1,Ecommerce,Gurgaon,Gurgaon,Haryana,India,Unknown,2025,Fireside Ventures,63.91,2025-08-04,2025-08-04,2,2025,2025,2025
schoolwear,12.45,12.45,1,Ecommerce,Mumbai,Mumbai,Maharashtra,India,Seed,2016,Unknown Investors,2.49,2016-05-20,2016-05-20,1,2016,2016,2016
jeevam health,12.45,12.45,1,Healthcare,Delhi,Delhi,Delhi,India,Pre-Seed,2021,Y Combiunknowntor,41.5,2021-03-28,2021-03-28,4,2020,2021,2021
mastermentors,12.45,12.45,1,Edtech,West Bengal,Nan,West Bengal,India,Unknown,2021,Unknown,72.72,2021-01-24,2021-01-24,4,2020,2021,2021
do your thng,12.45,12.45,1,Marketing,Gurgaon,Gurgaon,Haryana,India,Unknown,2021,"Angelbay Holdings, Faad Network",4.73,2021-04-01,2021-04-01,1,2021,2021,2021
9stacks,12.45,12.45,1,Technology,Delhi,Delhi,Delhi,India,Private Equity,2017,"Maheshwar Peri, Purnima Khandelwal, Sanjay Singh, Swati Gupta",2.49,2017-12-26,2017-12-26,3,2017,2017,2017
spry,12.45,12.45,1,Music,Mumbai,Mumbai,Maharashtra,India,Seed,2021,"9Unicorns, Ashneer Grover",83.0,2021-12-02,2021-12-02,3,2021,2021,2021
team indus,12.45,12.45,1,Other,Unknown,Nan,Nan,Nan,Private Equity,2015,"Ajai Chowdhary, Nandan Nilekani, Rajiv Mody",979.4,2015-03-19,2015-03-19,4,2014,2015,2015
hubbler,12.45,12.45,1,Information&Technology,Karnataka,Nan,Karnataka,India,Seed,2022,Lendenclub Alpha And Unicorn India Ventures,102.09,2022-10-25,2022-10-25,3,2022,2022,2022
logibricks,12.45,12.45,1,Computer Software,Pune,Pune,Maharashtra,India,Unknown,2022,Shiprocket,3.62,2022-02-17,2022-02-17,4,2021,2022,2022
howdy ventures,12.45,12.45,1,Consumer Internet,Chennai,Chennai,Tamil Nadu,India,Seed,2017,S. Xavier Britto,12.45,2017-04-24,2017-04-24,1,2017,2017,2017
mycfo,12.45,12.45,1,Wealth Management,Mumbai,Mumbai,Maharashtra,India,Private Equity,2015,Sameer Koticha,24.9,2015-06-23,2015-06-23,1,2015,2015,2015
housingman,12.45,12.45,1,Consumer Internet,Bangalore,Bangalore,Karnataka,India,Other,2018,Unknown,166.0,2018-07-27,2018-07-27,2,2018,2018,2018
vahdam tea,12.45,12.45,1,Ecommerce,Delhi,Delhi,Delhi,India,Private Equity,2017,"Mumbai Angel, Singapore Angel Network",166.0,2017-12-11,2017-12-11,3,2017,2017,2017
infilect,12.45,12.45,1,Saas,Bangalore,Bangalore,Karnataka,India,Pre-Series A,2020,"1Crowd, Mela Ventures",7.47,2020-01-09,2020-01-09,4,2019,2020,2020
theater,12.45,12.45,1,Fashion,Chandigarh,Chandigarh,Chandigarh,India,Pre-Series A,2024,"Existing Angel Investors, Prath Ventures",307.3,2024-09-09,2024-09-09,2,2024,2024,2024
multiplier,12.45,12.45,1,Technology,Hyderabad,Hyderabad,Telangana,India,Private Equity,2017,Norwest Venture Partners,2.49,2017-06-11,2017-06-11,1,2017,2017,2017
murfai,12.45,12.45,1,Saas,Bangalore,Bangalore,Karnataka,India,Seed,2021,Elevation Capital,95.45,2021-07-08,2021-07-08,2,2021,2021,2021
velvetcase,12.45,12.45,1,Ecommerce,Mumbai,Mumbai,Maharashtra,India,Private Equity,2016,"S Somasegar, Tv Mohandas Pai, Uniqorn Ventures Fund",176.79,2016-06-26,2016-06-26,1,2016,2016,2016
uptimeai,12.45,12.45,1,Ai,Bangalore,Bangalore,Karnataka,India,Seed,2021,Yournest Venture Capital,33.2,2021-02-12,2021-02-12,4,2020,2021,2021
imaginxp,12.45,12.45,1,Edtech,Pune,Pune,Maharashtra,India,Unknown,2021,Venture Catalysts,4.15,2021-03-18,2021-03-18,4,2020,2021,2021
machaxi,12.45,12.45,1,Sportstech,Bangalore,Bangalore,Karnataka,India,Unspecified Round,2025,"Prakash Padukone, Rainmatter",1.45,2025-06-20,2025-06-20,1,2025,2025,2025
hypd,12.45,12.45,1,Ecommerce,Delhi,Delhi,Delhi,India,Seed,2022,"Better Capital, Bhuvan Bam, Sauce Vc",24.9,2022-01-02,2022-01-02,4,2021,2022,2022
gopigeon,12.45,12.45,1,Consumer Internet,Bangalore,Bangalore,Karnataka,India,Private Equity,2016,Nexus Venture Partners,415.0,2016-09-27,2016-09-27,2,2016,2016,2016
darwix ai,12.45,12.45,1,Ai,Gurgaon,Gurgaon,Haryana,India,Unknown,2025,"Amit Lakhotia, Ankit Nagori, Growth Sense, Growth91, Ipv, Jito Incubation And Innovation Foundation, Mekin Maheshwari, Rebalance, Sanjay Suri",2249.3,2025-06-20,2025-06-20,1,2025,2025,2025
mad street den,12.45,12.45,1,Other,Unknown,Nan,Nan,Nan,Private Equity,2015,"Exfinity Fund, Growx Ventures.",12.45,2015-01-10,2015-01-10,4,2014,2015,2015
armory,12.45,12.45,1,Advanced Hardware & Technology,Gurgaon,Gurgaon,Haryana,India,Unknown,2025,"Ac Ventures, Antler, Dexter Ventures, Growx Ventures, Industrial 47",124.5,2025-06-05,2025-06-05,1,2025,2025,2025
salebhai,12.45,12.45,1,Ecommerce,Ahmedabad,Ahmedabad,Gujarat,India,Private Equity,2016,Brand Capital,41.5,2016-08-04,2016-08-04,2,2016,2016,2016
kandee factory,12.45,12.45,1,Organic Food,Chennai,Chennai,Tamil Nadu,India,Unknown,2022,Keiretsu Forum And Ah! Ventures,0.17,2022-05-19,2022-05-19,1,2022,2022,2022
karkhanaio,12.45,12.45,1,Manufacturing,Mumbai,Mumbai,Maharashtra,India,Seed,2021,Zone Startups In,0.21,2021-01-20,2021-01-20,4,2020,2021,2021
betaout,12.45,12.45,1,Ecommerce,Noida,Noida,Uttar Pradesh,India,Private Equity,2016,"Chenunknowni Angels, Hyderabad Angels, Letsventure, Mumbai Angels, Stanford Angels",17.43,2016-04-21,2016-04-21,1,2016,2016,2016
earlysalarycom,12.45,12.45,1,Mobile Based Loan Disbursement,Mumbai,Mumbai,Maharashtra,India,Seed,2015,Ashok Agarwal,130.31,2015-11-26,2015-11-26,3,2015,2015,2015
klassroom edutech,12.45,12.45,1,Edtech,Mumbai,Mumbai,Maharashtra,India,Unknown,2022,Startuplanes And Ah! Ventures,1.66,2022-09-03,2022-09-03,2,2022,2022,2022
abi health,12.45,12.45,1,Technology,Bangalore,Bangalore,Karnataka,India,Private Equity,2017,Norwest Venture Partners,257.3,2017-06-21,2017-06-21,1,2017,2017,2017
sukoon,12.45,12.45,1,Proffesional,Karachi,Karachi,Sindh,Pakistan,Seed,2022,Crescent Ventures And Dotzero Ventures,35.69,2022-11-09,2022-11-09,3,2022,2022,2022
docplix,12.45,12.45,1,Healthcare,Lucknow,Lucknow,Uttar Pradesh,India,Unknown,2022,Pankaj Pandey And Gurpreet Singh,5.81,2022-05-06,2022-05-06,1,2022,2022,2022
rephraseai,12.45,12.45,1,Ai,Bangalore,Bangalore,Karnataka,India,Seed,2020,"Techstars, Techstars Bangalore Accelerator",9.96,2020-01-04,2020-01-04,4,2019,2020,2020
zimyo,12.45,12.45,1,Hr,Gurgaon,Gurgaon,Haryana,India,Seed,2020,"Abhishant Pant, Chiranth Patil",19.92,2020-01-04,2020-01-04,4,2019,2020,2020
vaya,12.45,12.45,1,Ai,Delhi,Delhi,Delhi,India,Unspecified Round,2025,"Accel, Arkam Ventures",830.0,2025-05-07,2025-05-07,1,2025,2025,2025
newmi care,12.45,12.45,1,Womens Health & Wellness,Unknown,Nan,Nan,Nan,Seed,2024,"Family Office, Key Ventures, Letsventure, Sarcha Advisors, Sprout Venture Partners",1660.0,2024-09-07,2024-09-07,2,2024,2024,2024
roomstonite,12.45,12.45,1,Last Minute Hotel Booking,Bangalore,Bangalore,Karnataka,India,Seed,2015,"Lashit Sanghvi, Mohammed Bin Abdul Rehman Al Khalifa, Nikhil Vora, Venkat Vardhan, Vissal Mathew, \\Xc2\\Xa0 Balamurali Krishunknown, \\Xc2\\Xa0 Ralph Berezan",16.6,2015-12-10,2015-12-10,3,2015,2015,2015
xpand,12.45,12.45,1,Retail,Delhi,Delhi,Delhi,India,Pre-Series A,2021,"Akash Prakash, Dipinder Sandhu, Madhu Jayakumar, Shagun Khandelwal",249.0,2021-11-26,2021-11-26,3,2021,2021,2021
innovapptive,12.45,12.45,1,Technology,Hyderabad,Hyderabad,Telangana,India,Seed,2017,Hyderabad Angels,2411.98,2017-05-26,2017-05-26,1,2017,2017,2017
fyle,12.45,9.13,2,Technology,Bangalore,Bangalore,Karnataka,India,"Seed, Other","2017, 2018","Pravega Ventures, Pravega Ventures And Beenext",3.32,2017-02-26,2018-04-12,"1, 4","2016, 2018",2017,2018
innaccel,12.45,12.45,1,Medtech,Bangalore,Bangalore,Karnataka,India,Pre-Series A,2020,Mount Judi Ventures,1660.0,2020-10-04,2020-10-04,3,2020,2020,2020
cancer clinics,12.45,12.45,1,Healthcare,Telugana,Nan,Telangana,India,Pre-Series A,2021,Axilor,1.83,2021-03-07,2021-03-07,4,2020,2021,2021
livve,12.45,12.45,1,Rental Space,Cochin,Kochi,Kerala,India,Seed,2020,Unknown,2375.0,2020-10-23,2020-10-23,3,2020,2020,2020
newsbytes,12.45,12.45,1,Digital Media,Gurgaon,Gurgaon,Haryana,India,Series A,2020,North Base Media,12.45,2020-04-01,2020-04-01,1,2020,2020,2020
smart institute,12.45,12.45,1,Edtech,Surat,Surat,Gujarat,India,Unknown,2020,Hni Investors,83.0,2020-01-13,2020-01-13,4,2019,2020,2020
istar skill development,12.45,12.45,1,Skill Training,Bangalore,Bangalore,Karnataka,India,Private Equity,2015,"Michael, Susan Dell Foundation, Unitus Seed Fund",8.3,2015-11-01,2015-11-01,3,2015,2015,2015
address health,12.45,12.45,1,Healthcare,Bangalore,Bangalore,Karnataka,India,Private Equity,2016,Gray Matters Capital,166.0,2016-05-07,2016-05-07,1,2016,2016,2016
hello curry,12.45,12.45,1,Food,Hyderabad,Hyderabad,Telangana,India,Private Equity,2016,"Other Ununknownmed Investors, Sashi Reddi",4.0,2016-03-09,2016-03-09,4,2015,2016,2016
acknoledger,12.45,12.45,1,Crypto,Mumbai,Mumbai,Maharashtra,India,Seed,2021,"Basics Capital, Krypital Capital, Magnus Capital, Momentum 6, Shima Capital",70.55,2021-10-10,2021-10-10,3,2021,2021,2021
eximpe,12.3,12.3,1,Arjun Zacharia,Eximpe Is Managing Sellers,Nan,Nan,Nan,Unknown,2022,Seed,8.3,2022-04-14,2022-04-14,1,2022,2022,2022
ken42,12.2,12.2,1,Edtech,Bangalore,Bangalore,Karnataka,India,Unknown,2020,Turbostart,13.28,2020-07-18,2020-07-18,2,2020,2020,2020
data science wizards,12.12,11.62,2,Information Technology &,Mumbai,Mumbai,Maharashtra,India,"Unknown, Seed","2022, 2024","Clover Infotech, Not Disclosed",0.5,2022-03-11,2024-10-09,"3, 4","2021, 2024",2022,2024
perfora,12.12,9.96,2,Consumer Goods,Gurgaon,Gurgaon,Haryana,India,"Pre-Seed, Seed","2021, 2022","Ashutosh Valani And Lotus Herbals, Sauce.Vc",2.16,2021-12-17,2022-06-26,"1, 3","2021, 2022",2021,2022
cambrian bioworks,12.04,12.04,1,Biotechnology,Bangalore,Bangalore,Karnataka,India,Seed,2024,"Irani Family Office, Vaibhav Hegde",9.13,2024-08-07,2024-08-07,2,2024,2024,2024
baxi,12.04,12.04,1,Twowheeler Taxi,Gurgaon,Gurgaon,Haryana,India,Seed,2015,"Alok Mittal, Manish Kheterpal, \\Xc2\\Xa0 Puneet Dalmia",1.87,2015-11-18,2015-11-18,3,2015,2015,2015
snooplay,12.04,7.6,2,Technology,Delhi,Delhi,Delhi,India,"Seed, Pre-Series A","2022, 2025","Amogh Kmar Gupta, Pravek Family Office",4.44,2022-07-15,2025-07-28,2,"2022, 2025",2022,2025
sustainiam,12.04,12.04,1,Climate,Bangalore,Bangalore,Karnataka,India,Initial Funding,2024,"Harsh Vardhan Bhagchandka, Orios Venture Partners, Rajesh Sawhney, Shilpa Shetty Kundra, Vinit Bhansali",1.33,2024-12-21,2024-12-21,3,2024,2024,2024
voxweb,12.03,8.3,3,Picture Based Social,Mumbai,Mumbai,Maharashtra,India,Seed,"2015, 2017","Jitendra Gupta, Others, Unknown Investor, Unknown Investors",3.73,2015-08-03,2017-06-06,"1, 2, 3","2015, 2017",2015,2017
dreamfly innovations,12.0,12.0,1,Battery,Bangalore,Bangalore,Karnataka,India,Seed,2025,"Avaaunknown Capital, Sunicon Ventures",2697.5,2025-02-02,2025-02-02,4,2024,2025,2025
crysta,11.65,11.65,1,Healthcare,Delhi,Delhi,Delhi,India,Pre-Series A,2020,"Alfa Ventures, Dr Kriti Maroli, Green Shots Capital, Lalit Wadhwa, Petrotech, Real Time Venture, Steel City Securities",199.2,2020-01-22,2020-01-22,4,2019,2020,2020
aikenist,11.62,11.62,1,Healthcare,Bangalore,Bangalore,Karnataka,India,Seed,2024,Venture Catalysts,16.6,2024-10-13,2024-10-13,3,2024,2024,2024
castler,11.62,11.62,1,Other,Delhi,Delhi,Delhi,India,Seed,2022,Venture Catalysts And 9Unicorns Accelerator Fund,6.1,2022-06-10,2022-06-10,1,2022,2022,2022
dillyhub,11.62,11.62,1,Publication,Seoul,Seoul,Nan,South Korea,Seed,2020,"Kakao Ventures, Shinhan Capital",22.41,2020-01-16,2020-01-16,4,2019,2020,2020
systemantics,11.62,11.62,1,Technology,Bangalore,Bangalore,Karnataka,India,Private Equity,2016,"Accel, Nandan Nilekani",8.3,2016-03-23,2016-03-23,4,2015,2016,2016
credy,11.62,11.62,1,It,Bangalore,Bangalore,Karnataka,India,Other,2018,"Khosla Ventures, Vy Capital And Others, Y Combiunknowntor",116.2,2018-02-11,2018-02-11,4,2017,2018,2018
urdoorstep,11.62,11.62,1,Ecommerce,Bangalore,Bangalore,Karnataka,India,Private Equity,2016,"Lakshmi Vilas Bank, Undisclosed Hnis",16.6,2016-12-16,2016-12-16,3,2016,2016,2016
peakamp,11.62,11.62,1,Clean,Gurgaon,Gurgaon,Haryana,India,Seed,2025,Caret Capital,622.5,2025-09-28,2025-09-28,2,2025,2025,2025
parallel dots,11.62,11.62,1,Technology,Gurgaon,Gurgaon,Haryana,India,Private Equity,2017,Multipoint Capital,4.15,2017-10-03,2017-10-03,3,2017,2017,2017
mymobiforce,11.62,11.62,1,Internet,Noida,Noida,Uttar Pradesh,India,Pre-Series A,2021,Bharat Inclusion,3.4,2021-07-14,2021-07-14,2,2021,2021,2021
conscious chemist,11.62,11.62,1,Beauty Commerce,Delhi,Delhi,Delhi,India,Venture,2024,Atomic Capital,1432.58,2024-10-18,2024-10-18,3,2024,2024,2024
rentsher,11.62,9.13,2,Consumer Internet,Bangalore,Bangalore,Karnataka,India,"Seed, Other","2016, 2018","Abhay Singhal, Abhishek Acharya, Joby Babu, Letsventure, Manish Shah, Others, Shorooq Investments, Vaibhav Doshi, Vibhu Garg",2.49,2016-02-09,2018-06-28,"1, 4","2015, 2018",2016,2018
phoolco,11.62,11.62,1,Biomaterial,Kanpur,Kanpur,Uttar Pradesh,India,Pre-Series A,2020,Kaplan Foundation,32.8,2020-08-05,2020-08-05,2,2020,2020,2020
generico,11.62,11.62,1,Pharmacy,Mumbai,Mumbai,Maharashtra,India,Unknown,2020,Alteria Capital,4.15,2020-01-21,2020-01-21,4,2019,2020,2020
goodmylk,11.62,8.3,2,Dairy,Bangalore,Bangalore,Karnataka,India,Seed,"2020, 2021","Abhishek Shroff, Aditya Agarwal, Elisa Khong, Ginni Interunknowntiounknownl, Jinisha Sharma, Sandeep Singh, Veginvest, Victoria",3.32,2020-01-23,2021-09-15,"2, 4","2019, 2021",2020,2021
taskmo,11.62,11.62,1,B2B,Bangalore,Bangalore,Karnataka,India,Unknown,2021,Quess Corp India,124.5,2021-01-10,2021-01-10,4,2020,2021,2021
induz,11.62,11.62,1,Data Security,Hyderabad,Hyderabad,Telangana,India,Unspecified Round,2024,"Sanchiconnect, Yournest Venture Capital",107.9,2024-11-19,2024-11-19,3,2024,2024,2024
skippi,11.62,11.62,1,Ecommerce,Hyderabad,Hyderabad,Telangana,India,Pre-Series A,2025,Unknown,2.49,2025-06-02,2025-06-02,1,2025,2025,2025
profintech,11.62,11.62,1,Fintech,Hyderabad,Hyderabad,Telangana,India,Seed,2024,"Family Offices, Hnis",4.21,2024-08-16,2024-08-16,2,2024,2024,2024
airmed labs,11.62,11.62,1,Consumer Internet,Ahmedabad,Ahmedabad,Gujarat,India,Private Equity,2017,Brand Capital,85.91,2017-01-08,2017-01-08,4,2016,2017,2017
gobbly,11.62,7.47,2,Retail,Gurgaon,Gurgaon,Haryana,India,"Seed, Pre-Series A","2020, 2021","Anicut Angel Fund, Sauce Vc, Sauce.Vc",4.15,2020-07-02,2021-09-08,2,"2020, 2021",2020,2021
banana club,11.54,11.54,1,Consumer > Fashion,Karnataka,Nan,Karnataka,India,Seed,2025,Unknown,89.15,2025-10-16,2025-10-16,3,2025,2025,2025
the hive hostels,11.5,11.5,1,Hospitality,Mumbai,Mumbai,Maharashtra,India,Ipo,2024,"Angel Investor, Others, Sixth Sense Ventures",17.43,2024-08-15,2024-08-15,2,2024,2024,2024
bower,11.5,11.5,1,Edtech,Hyderabad,Hyderabad,Telangana,India,Seed,2025,Highunknownnetunknownworth Individuals (Hnis) And Astir Ventures,83.0,2025-04-15,2025-04-15,1,2025,2025,2025
zenatix,11.3,9.96,2,Internet Of Things,Gurgaon,Gurgaon,Haryana,India,"Seed, Private Equity","2015, 2017","Blume Ventures, Kuunknownl Bahl, Pi Ventures, Rahul Khanunknown, Rajan Aunknownndan, Rohit Bansal",1.34,2015-07-12,2017-02-04,"2, 4","2015, 2016",2015,2017
dashamlabs,11.29,11.29,1,High > Advanced Materials,Haryana,Nan,Haryana,India,Seed,2025,Speciale Invest,12.45,2025-10-20,2025-10-20,3,2025,2025,2025
hanselio,11.21,11.21,1,Consumer Internet,Bangalore,Bangalore,Karnataka,India,Private Equity,2017,"Endiya Partners, Idg Ventures",33.2,2017-01-25,2017-01-25,4,2016,2017,2017
karma primary healthcare,11.0,11.0,1,Healthcare,Udaipur,Udaipur,Rajasthan,India,Series A,2024,"1Crowd, Others, Ubs Optimus Foundation",4.15,2024-08-06,2024-08-06,2,2024,2024,2024
mindler,10.99,8.3,2,Consumer Internet,Delhi,Delhi,Delhi,India,"Seed, Pre-Series A","2016, 2021","Dlabs, Inflection Point Ventures, Taxmann",2.69,2016-12-23,2021-01-16,"3, 4","2016, 2020",2016,2021
knorish,10.98,8.3,2,Saas,Delhi,Delhi,Delhi,India,Pre-Series A,"2020, 2021","100X Vc, Inflection Point Ventures, Pentathlon Ventures, Prophetic Ventures Syndicate, Rockstud Capital",2.68,2020-06-17,2021-07-25,"1, 2","2020, 2021",2020,2021
veg route,10.79,10.79,1,Supply Management,Chennai,Chennai,Tamil Nadu,India,Seed,2022,Abhishek Pandey And Jai Kumar,24.9,2022-07-02,2022-07-02,2,2022,2022,2022
deep algorithm,10.79,10.79,1,Enterprise,Hyderabad,Hyderabad,Telangana,India,Unknown,2025,Unicorn India Ventures,3.76,2025-07-24,2025-07-24,2,2025,2025,2025
sucseed,10.79,10.79,1,Fintech,Hyderabad,Hyderabad,Telangana,India,Unknown,2020,"Dr. Moti Vyas, Udit Goyal",2.82,2020-01-19,2020-01-19,4,2019,2020,2020
zerone,10.79,10.79,1,Fintech,Gurgaon,Gurgaon,Haryana,India,Pre-Series A,2021,Anthill Ventures,20.0,2021-01-28,2021-01-28,4,2020,2021,2021
finsall,10.79,8.3,2,Fintech,Bangalore,Bangalore,Karnataka,India,"Seed, Pre-Series A","2021, 2022",Unicorn India Ventures,2.49,2021-01-02,2022-01-20,4,"2020, 2021",2021,2022
buyeazzy,10.79,10.79,1,Fashion,Delhi,Delhi,Delhi,India,Seed,2022,Superb Capital And M Venture Partners (Mvp,16.6,2022-08-24,2022-08-24,2,2022,2022,2022
kskt,10.79,10.79,1,Agritech,Gurgaon,Gurgaon,Haryana,India,Other,2025,Keiretsu Forum And Favcy’S 1Stcheque Angel Network,6.1,2025-05-08,2025-05-08,1,2025,2025,2025
carbanio,10.79,10.79,1,B2B,Hyderabad,Hyderabad,Telangana,India,Seed,2022,Quantico Group Usa,4.15,2022-02-04,2022-02-04,4,2021,2022,2022
bikry app,10.79,10.79,1,Consumer Software,Noida,Noida,Uttar Pradesh,India,Unknown,2021,Ycombiunknowntor,99.6,2021-07-10,2021-07-10,2,2021,2021,2021
astrogate labs,10.79,10.79,1,Spacetech Satellite Communications,Bangalore,Bangalore,Karnataka,India,Other,2025,Piper Serica Angel Fund,22.41,2025-02-11,2025-02-11,4,2024,2025,2025
kafqa academy,10.79,10.79,1,Edtech,Bangalore,Bangalore,Karnataka,India,Seed,2021,"Better Capital, Enzia Ventures, Global Founders Capital",3.57,2021-10-05,2021-10-05,3,2021,2021,2021
appx,10.79,10.79,1,Technology,Delhi,Delhi,Delhi,India,Unknown,2022,Y Combiunknowntor,4.15,2022-01-28,2022-01-28,4,2021,2022,2022
racenergy,10.79,10.79,1,Automotive,Hyderabad,Hyderabad,Telangana,India,Seed,2021,"Growx Ventures, Micelio Fund",38.18,2021-08-07,2021-08-07,2,2021,2021,2021
consuma,10.79,10.79,1,Enterprise Applications > Marketingtech,Karnataka,Nan,Karnataka,India,Seed,2025,Equirus Wealth,24.9,2025-10-03,2025-10-03,3,2025,2025,2025
penny,10.79,10.79,1,Saas,Riyadh,Riyadh,Nan,Saudi Arabia,Seed,2020,Unknown,2.74,2020-01-09,2020-01-09,4,2019,2020,2020
yellow classes,10.79,10.79,1,Edtech,Gurgaon,Gurgaon,Haryana,India,Pre-Series A,2020,India Quotient,49.8,2020-11-07,2020-11-07,3,2020,2020,2020
brinton,10.79,10.79,1,Healthcare,Usa,Nan,Nan,Usa,Debt,2020,"India Alterunknowntives Private Equity Fund, Tata Capital",9.96,2020-01-28,2020-01-28,4,2019,2020,2020
goodmelts,10.79,10.79,1,Retail > Home Care Ecommerce,Karnataka,Nan,Karnataka,India,Seed,2025,Anicut Capital,14.11,2025-10-20,2025-10-20,3,2025,2025,2025
pepul,10.79,10.79,1,Computer Software,Chennai,Chennai,Tamil Nadu,India,Seed,2022,"Girish Mathrubootham, Hourglass Venture Partners, Vijay Shekhar Sharma",9.13,2022-01-06,2022-01-06,4,2021,2022,2022
aastey,10.79,10.79,1,Apparel & Fashion,Mumbai,Mumbai,Maharashtra,India,Seed,2022,Cxxo,16.6,2022-02-05,2022-02-05,4,2021,2022,2022
pickingo,10.79,10.79,1,Ondemand Delivery Logistics,Delhi,Delhi,Delhi,India,Private Equity,2015,"Orios Venture Partners, Zishaan Hayath",415.0,2015-08-28,2015-08-28,2,2015,2015,2015
farmers fresh zone,10.54,6.64,2,Agritech,Kochi,Kochi,Kerala,India,"Unknown, Pre-Series A","2020, 2021","Artha India Ventures, Ian Fund, Malabar Angel Network, Nagaraja Prakasam, Native Angel Network",3.9,2020-01-12,2021-09-19,"2, 4","2019, 2021",2020,2021
absentia vr,10.38,10.38,1,Technology,Bangalore,Bangalore,Karnataka,India,Private Equity,2017,Exfinity Venture Partners,1.49,2017-04-18,2017-04-18,1,2017,2017,2017
mydesignation,10.38,10.38,1,D2C Fashion,Thiruvananthapuram,Thiruvananthapuram,Kerala,India,Seed,2025,Multiply Ventures,1.25,2025-04-27,2025-04-27,1,2025,2025,2025
zotalabs,10.38,10.38,1,Technology,Pune,Pune,Maharashtra,India,Seed,2021,Alfa Ventures,265.6,2021-03-22,2021-03-22,4,2020,2021,2021
tvaster genkalp,10.38,10.38,1,Healthcare,Chennai,Chennai,Tamil Nadu,India,Pre-Series A,2025,Ideaspring Capital,3.32,2025-04-20,2025-04-20,1,2025,2025,2025
bebe burp,10.32,8.0,2,Food,Surat,Surat,Gujarat,India,"Seed, Pre-Series A","2022, 2024","Dholakia Ventures, Gruhas Collective Consumer Fund (Gccf), Ivy Growth Associates, Mapro Foods, Shreeji Brothers",2.32,2022-03-16,2024-08-18,"2, 4","2021, 2024",2022,2024
ivf,10.29,10.29,1,Techenabled Fertility,Gurgaon,Gurgaon,Haryana,India,Pre-Series A,2024,Tomorrow Capital,2.0,2024-11-11,2024-11-11,3,2024,2024,2024
slang labs,10.29,10.29,1,Technology,Bangalore,Bangalore,Karnataka,India,Other,2018,Endiya Partners,8.3,2018-03-23,2018-03-23,4,2017,2018,2018
sammmm,10.0,10.0,1,Teen Selfcare,Mumbai,Mumbai,Maharashtra,India,Seed,2025,"Fireside Ventures, Nihir Parikh, Nikhil Mehra, Sachin Parikh, Sauce Vc, Shantanu",62.25,2025-01-12,2025-01-12,4,2024,2025,2025
rio innobev,10.0,10.0,1,Beverage,Pune,Pune,Maharashtra,India,Pre-Series A,2025,Atomic Capital,4.57,2025-04-25,2025-04-25,1,2025,2025,2025
kreedo early childhood,10.0,10.0,1,Edtech,Bangalore,Bangalore,Karnataka,India,Debt,2024,Recur Club,33.2,2024-12-14,2024-12-14,3,2024,2024,2024
boson whitewater,10.0,10.0,1,Water Recycling,Bangalore,Bangalore,Karnataka,India,Equity,2024,Rainmatter,58.1,2024-09-02,2024-09-02,2,2024,2024,2024
technodysis,10.0,10.0,1,It Cloud & Devops,Bangalore,Bangalore,Karnataka,India,Debt,2025,Recur Club,16.6,2025-02-10,2025-02-10,4,2024,2025,2025
eyerov,10.0,10.0,1,Marine Robotics,Kochi,Kochi,Kerala,India,Pre-Series A,2024,Unicorn India Ventures,4986.64,2024-08-03,2024-08-03,2,2024,2024,2024
better nutrition,10.0,10.0,1,Biofortified Food,Lucknow,Lucknow,Uttar Pradesh,India,Seed,2025,Family Offices And Highunknownnetunknownworth Individuals (Hnis),124.5,2025-04-21,2025-04-21,1,2025,2025,2025
serigen mediproducts,10.0,10.0,1,Biomedical Products,Pune,Pune,Maharashtra,India,Unspecified Round,2024,"Angels, Colossa Ventures, Ian Alpha Fund",6.22,2024-08-07,2024-08-07,2,2024,2024,2024
5c network,9.96,9.96,1,Healthcare,Bangalore,Bangalore,Karnataka,India,Pre-Series A,2020,"Axilor Ventures, Unitus Ventures",83.0,2020-12-13,2020-12-13,3,2020,2020,2020
canvasflip,9.96,9.96,1,Mobile Testing,Hyderabad,Hyderabad,Telangana,India,Seed,2015,Bessemer Venture Partners,110.0,2015-09-24,2015-09-24,2,2015,2015,2015
taqtics,9.96,9.96,1,Saas,Bangalore,Bangalore,Karnataka,India,Seed,2024,"Capitalunknowna, Java Capital, Sprout Venture Partners",16.02,2024-11-09,2024-11-09,3,2024,2024,2024
high time foods,9.96,9.96,1,Food,Bangalore,Bangalore,Karnataka,India,Unspecified Round,2025,Avaaunknown Capital,22.77,2025-05-10,2025-05-10,1,2025,2025,2025
cancrie,9.96,9.96,1,Nanocarbon Materials,Jaipur,Jaipur,Rajasthan,India,Seed,2025,"Iima Ventures, Roots Ventures",12.45,2025-01-01,2025-01-01,4,2024,2025,2025
repello ai,9.96,9.96,1,Ai,Bangalore,Bangalore,Karnataka,India,Seed,2025,Venture Highway,2.28,2025-06-01,2025-06-01,1,2025,2025,2025
anny,9.96,9.96,1,Ecommerce,Gurgaon,Gurgaon,Haryana,India,Pre-Series A,2025,Atomic Capital,2705.8,2025-07-03,2025-07-03,2,2025,2025,2025
janani,9.96,8.3,2,Fertility,Bangalore,Bangalore,Karnataka,India,"Pre-Seed, Seed","2020, 2021","9Unicorns, 9Unicorns Accelerator Fund, Sweta Rau",1.66,2020-10-23,2021-03-27,"3, 4",2020,2020,2021
ukhi,9.96,9.96,1,Biomaterials,Delhi,Delhi,Delhi,India,Pre-Seed,2024,"100Unicorns, Avtar Monga, Venture Catalysts",8.3,2024-11-14,2024-11-14,3,2024,2024,2024
brila 91,9.96,9.96,1,Food,Delhi,Delhi,Delhi,India,Unknown,2020,"Sequoia Capital, Sixth Sense Ventures",44.82,2020-12-26,2020-12-26,3,2020,2020,2020
bhive workspace,9.96,9.96,1,Consumer Internet,Bangalore,Bangalore,Karnataka,India,Private Equity,2017,Blume Ventures,8.3,2017-06-28,2017-06-28,1,2017,2017,2017
ue lifesciences,9.96,9.96,1,Technology,Mumbai,Mumbai,Maharashtra,India,Private Equity,2016,"Kiran Mazumdarunknownshaw, Unitus Seed Fund",24.9,2016-10-01,2016-10-01,3,2016,2016,2016
juno clinic,9.96,9.96,1,Consumer Internet,Mumbai,Mumbai,Maharashtra,India,Seed,2017,Atul Nishar,63.08,2017-03-04,2017-03-04,4,2016,2017,2017
dekkho,9.96,9.96,1,Consumer Internet,Mumbai,Mumbai,Maharashtra,India,Seed,2016,Undisclosed Investors,3183.88,2016-12-14,2016-12-14,3,2016,2016,2016
caravan craft,9.96,9.96,1,Indian Ethnic Crafts Etailer,Bangalore,Bangalore,Karnataka,India,Private Equity,2015,"Bijou Kurien, Narayan Ramachandran, Unitus Seed Fund",257.3,2015-11-12,2015-11-12,3,2015,2015,2015
dista,9.96,9.96,1,Computer Software,Pune,Pune,Maharashtra,India,Seed,2021,Pentathlon Ventures,1.66,2021-12-09,2021-12-09,3,2021,2021,2021
ampere vehicles,9.96,9.96,1,Electric Bike Manufacturers,Coimbatore,Coimbatore,Tamil Nadu,India,Seed,2015,"Kris Gopalakrishunknownn, Others",9.13,2015-12-15,2015-12-15,3,2015,2015,2015
eon space labs,9.96,9.96,1,Advanced Hardware & Technology,Hyderabad,Hyderabad,Telangana,India,Pre-Series A,2025,Mgf Kavachh,1.66,2025-08-24,2025-08-24,2,2025,2025,2025
zivy,9.96,9.96,1,Ai,Bangalore,Bangalore,Karnataka,India,Pre-Seed,2024,"Blume Ventures, Everywhere Ventures, Iseed, Paradigm Shift Capital",332.0,2024-09-18,2024-09-18,2,2024,2024,2024
supply6,9.96,9.13,2,Helathcare,Bangalore,Bangalore,Karnataka,India,Seed,"2021, 2025","India Cxo Fund, Rohit Goutamchand, Zeropearl Vc",0.83,2021-02-07,2025-09-21,"2, 4","2020, 2025",2021,2025
askmyguru,9.96,9.96,1,Spiritualtech,Bangalore,Bangalore,Karnataka,India,Seed,2025,Lumikai,0.41,2025-04-19,2025-04-19,1,2025,2025,2025
momoe,9.96,9.96,1,Other,Unknown,Nan,Nan,Nan,Other,2015,"Idg Ventures India, India Quotient., Jungle Ventures",4.98,2015-02-25,2015-02-25,4,2014,2015,2015
raincheck earth,9.96,9.96,1,Alcoholic Beverage D2C,Delhi,Delhi,Delhi,India,Pre-Series A,2025,"Angellist India Syndicate, Japanese Investors",2.08,2025-02-16,2025-02-16,4,2024,2025,2025
goldsetu,9.96,9.96,1,Saas,Bangalore,Bangalore,Karnataka,India,Seed,2022,"Better Capital, Iseed, Titan Capital, Village Global",16.6,2022-02-22,2022-02-22,4,2021,2022,2022
akashalabdhi,9.96,9.96,1,Advanced Hardware & Technology,Roorkee,Roorkee,Uttarakhand,India,Pre-Seed,2025,Unknown,36.11,2025-09-20,2025-09-20,2,2025,2025,2025
noticeboard,9.96,9.96,1,Consumer Internet,Bangalore,Bangalore,Karnataka,India,Private Equity,2017,Stellaris Venture Partners,19.09,2017-07-11,2017-07-11,2,2017,2017,2017
moneyhop,9.96,9.96,1,Fintech,London,London,Nan,United Kingdom,Seed,2021,Unknown,8.3,2021-09-07,2021-09-07,2,2021,2021,2021
prayaan capital,9.96,9.96,1,Fintech,Chennai,Chennai,Tamil Nadu,India,Seed,2020,Accion Venture Lab,273.9,2020-02-11,2020-02-11,4,2019,2020,2020
gully network,9.96,9.96,1,Ecommerce,Bangalore,Bangalore,Karnataka,India,Pre-Series A,2020,"Cp Ventures, Orios Venture Partners",1.07,2020-11-03,2020-11-03,3,2020,2020,2020
curie money,9.96,9.96,1,Fintech,Bangalore,Bangalore,Karnataka,India,Seed,2024,"India Quotient, Institutiounknownl And Angel Investors",0.41,2024-12-10,2024-12-10,3,2024,2024,2024
first coffee,9.96,9.96,1,Food,Nan,Nan,Nan,Nan,Seed,2024,Beenext,4.15,2024-09-16,2024-09-16,2,2024,2024,2024
mapmygenome,9.96,9.96,1,Other,Unknown,Nan,Nan,Nan,Private Equity,2015,"Other Angel Investors, Rajan Aunknownndan",15.7,2015-03-05,2015-03-05,4,2014,2015,2015
sidqam,9.96,9.96,1,Technology,Noida,Noida,Uttar Pradesh,India,Private Equity,2016,"Grace Capital Ventures, Soham Vencaps, Sque Capital",498.0,2016-12-03,2016-12-03,3,2016,2016,2016
bookingjini,9.96,9.96,1,Hospitality,Gurgaon,Gurgaon,Haryana,India,Pre-Series A,2021,Mumbai Angels Network,0.25,2021-10-28,2021-10-28,3,2021,2021,2021
stackbox,9.96,9.96,1,Logistics,Bangalore,Bangalore,Karnataka,India,Unknown,2021,"Cmm Group, Ecosystem Ventures",200.0,2021-08-18,2021-08-18,2,2021,2021,2021
greenstitch,9.96,9.96,1,Climate Fashion,Bangalore,Bangalore,Karnataka,India,Seed,2025,"Equirus Innovatex Fund, Ivycap Ventures, Warmup Ventures, Zeca Ventures",4.15,2025-01-21,2025-01-21,4,2024,2025,2025
theranautilus,9.96,9.96,1,Nanorobotics For Healthcare,Bangalore,Bangalore,Karnataka,India,Seed,2024,Pi Ventures,2.61,2024-11-22,2024-11-22,3,2024,2024,2024
silverpush,9.96,9.96,1,Crossdevice Retargeting,Gurgaon,Gurgaon,Haryana,India,Private Equity,2015,"M, S Partners",7.47,2015-09-19,2015-09-19,2,2015,2015,2015
alpha coach,9.96,9.96,1,Professional Training & Coaching,Mumbai,Mumbai,Maharashtra,India,Unknown,2021,Jani Ventures Inc,122.84,2021-09-21,2021-09-21,2,2021,2021,2021
affimity,9.96,9.96,1,Consumer Internet,Bangalore,Bangalore,Karnataka,India,Seed,2016,Undisclosed Investors,3.32,2016-02-09,2016-02-09,4,2015,2016,2016
onedios,9.96,9.96,1,Information Technology &,Noida,Noida,Uttar Pradesh,India,Unknown,2022,"India Angel Network, Letsventure",149.4,2022-01-06,2022-01-06,4,2021,2022,2022
medpay,9.96,9.96,1,Information Technology,Bangalore,Bangalore,Karnataka,India,Seed,2021,"Entrepreneur First (Ef), Growx Ventures",3.0,2021-07-23,2021-07-23,2,2021,2021,2021
contineu,9.96,9.96,1,Deeptech,Us,Nan,Nan,Usa,Seed,2025,Senseai Ventures,3.98,2025-05-27,2025-05-27,1,2025,2025,2025
meradoctor,9.96,9.96,1,Virtual Health Consultation,Mumbai,Mumbai,Maharashtra,India,Private Equity,2015,Unilazer,3.33,2015-12-12,2015-12-12,3,2015,2015,2015
earth rhythm,9.96,9.96,1,Cosmetics,Gurgaon,Gurgaon,Haryana,India,Seed,2021,Anicut Angel Fund,7.88,2021-07-18,2021-07-18,2,2021,2021,2021
cogniquest,9.96,9.96,1,Intelligent Document Processing Saas Ai,Bangalore,Bangalore,Karnataka,India,Seed,2025,"Angellist, Cedar Ibsi Capital, Congniphy Us, Dexter Venture",124.5,2025-02-22,2025-02-22,4,2024,2025,2025
blinkitai,9.96,9.96,1,Ai,Gurgaon,Gurgaon,Haryana,India,Seed,2025,Foliflex Cables,2.49,2025-09-04,2025-09-04,2,2025,2025,2025
alienkind,9.96,9.96,1,Juice,Bangalore,Bangalore,Karnataka,India,Seed,2025,"Arpan Sheth, Prakash Sikaria, Ravi Iyer",22.41,2025-04-01,2025-04-01,1,2025,2025,2025
upside ai,9.96,9.96,1,Fintech,Mumbai,Mumbai,Maharashtra,India,Seed,2021,Endiya Partners,348.6,2021-06-19,2021-06-19,1,2021,2021,2021
blue sky analytics,9.96,9.96,1,Data Intelligence,Gurgaon,Gurgaon,Haryana,India,Seed,2020,"Beenext, Entrepreneurs, Rainmatter Capital Pvt Ltd, Stanford Angels",249.0,2020-07-02,2020-07-02,2,2020,2020,2020
triple tap games,9.96,9.96,1,Gaming Game Development,Mumbai,Mumbai,Maharashtra,India,Pre-Seed,2025,"Angel Investors From Entertainment, Eximius Ventures, Gaming Community, Kalaari Capital",24.9,2025-02-15,2025-02-15,4,2024,2025,2025
propreturns,9.96,9.96,1,Real Estate,Mumbai,Mumbai,Maharashtra,India,Unknown,2021,"Y Combiunknowntor﻿, ﻿Goodwater Capital",0.34,2021-12-16,2021-12-16,3,2021,2021,2021
yolo,9.96,4.98,2,Transport,Gurgaon,Gurgaon,Haryana,India,Seed,2020,Unknown,4.98,2020-01-22,2020-02-07,4,2019,2020,2020
healthcred,9.96,9.96,1,B2B Healthcare Financing,Delhi,Delhi,Delhi,India,Seed,2024,"Angel List India, Antler India, Devc, Iseedvc, Trtl Vc",332.0,2024-08-06,2024-08-06,2,2024,2024,2024
edvizo,9.55,8.3,2,Edtech,Bangalore,Bangalore,Karnataka,India,"Seed, Pre-Series A","2020, 2021",Inflection Point Ventures,1.25,2020-06-25,2021-07-17,"1, 2","2020, 2021",2020,2021
freshokartz,9.55,8.3,2,Ecommerce,Jaipur,Jaipur,Rajasthan,India,Pre-Series A,2020,"Innovaunknown Thinklabs, Rajasthan Venture Capital Fund, Thinklab",1.25,2020-01-06,2020-10-04,"3, 4","2019, 2020",2020,2020
4fin,9.13,9.13,1,Fintech,Pune,Pune,Maharashtra,India,Pre-Seed,2021,Curesense Therapeutics,66.4,2021-09-26,2021-09-26,2,2021,2021,2021
fur jaden,9.13,9.13,1,Luggage And Lifestyle,Mumbai,Mumbai,Maharashtra,India,Pre-Series A,2025,Gruhas Collective Consumer Fund,41.5,2025-04-09,2025-04-09,1,2025,2025,2025
wright reseach,9.13,9.13,1,Ai,Mumbai,Mumbai,Maharashtra,India,Seed,2022,Orios Venture Partners And Ajat Hukkoo,4.15,2022-10-03,2022-10-03,3,2022,2022,2022
univariety,9.13,9.13,1,Edtech,Hyderabad,Hyderabad,Telangana,India,Unknown,2020,Info Edge,6290.4,2020-03-09,2020-03-09,4,2019,2020,2020
front desk ai,9.13,9.13,1,Technology,Bangalore,Bangalore,Karnataka,India,Other,2018,"Others, Speciale Invest",53.95,2018-06-25,2018-06-25,1,2018,2018,2018
aulerth,9.13,9.13,1,Luxury Goods & Jewelry,Gurgaon,Gurgaon,Haryana,India,Seed,2022,"M Venture Partners, Tarun Tahilian",151.2,2022-02-12,2022-02-12,4,2021,2022,2022
dodo payments,9.13,9.13,1,Fintech,Bangalore,Bangalore,Karnataka,India,Pre-Seed,2025,"9Unicorns, Antler, Maninder Gulati, Nishant Verman, Nitin Gupta, Preethi Kasireddy, Raymond Russell, Venture Catalysts",8.3,2025-02-18,2025-02-18,4,2024,2025,2025
pepsales,9.13,9.13,1,Saas,Nan,Nan,Nan,Nan,Pre-Seed,2024,Chiratae Ventures,415.0,2024-09-13,2024-09-13,2,2024,2024,2024
elevatehq,9.13,9.13,1,Software,Sanfrancisco,San Francisco,California,Usa,Pre-Seed,2022,Pointone Capital And Leo Capital,16.6,2022-07-06,2022-07-06,2,2022,2022,2022
vendakin,9.13,9.13,1,Information Technology,Dover,Dover,Delaware,Usa,Unknown,2022,Better Capital And Cp Gurunknownni,12.45,2022-05-27,2022-05-27,1,2022,2022,2022
anmasa,9.13,9.13,1,Ecommerce,Gurgaon,Gurgaon,Haryana,India,Pre-Seed,2025,Unknown,332.0,2025-08-13,2025-08-13,2,2025,2025,2025
dusminute,9.13,9.13,1,Retail,Bangalore,Bangalore,Karnataka,India,Pre-Series A,2021,Indian Angel Network,498.0,2021-04-12,2021-04-12,1,2021,2021,2021
chupps,9.13,9.13,1,Foootwear,Mumbai,Mumbai,Maharashtra,India,Pre-Series A,2021,Venture Catalysts,122.01,2021-10-15,2021-10-15,3,2021,2021,2021
tread,9.13,9.13,1,Fitness,Bangalore,Bangalore,Karnataka,India,Pre-Seed,2020,"Better Capital, Gaurav Munjal, Kuunknownl Shah",1.25,2020-10-12,2020-10-12,3,2020,2020,2020
ammunic systems,9.13,9.13,1,Advanced Hardware & Technology,Bangalore,Bangalore,Karnataka,India,Seed,2025,"Finvolve, India Accelerator",96.69,2025-07-26,2025-07-26,2,2025,2025,2025
origa leasing,9.13,9.13,1,Asset Financing,Mumbai,Mumbai,Maharashtra,India,Seed,2015,"500 Startups, Ah! Ventures, Other Hnis",16.6,2015-10-20,2015-10-20,3,2015,2015,2015
lobb,9.13,9.13,1,Transportation/Trucking/Railroad,Bangalore,Bangalore,Karnataka,India,Pre-Series A,2022,"3One4 Capital, Sriunknownth Ramakkrushunknownn",129.65,2022-03-01,2022-03-01,4,2021,2022,2022
rupeeredee,9.13,9.13,1,Fintech,Gurgaon,Gurgaon,Haryana,India,Series B,2022,Digital Fiunknownnce Interunknowntiounknownl,961.39,2022-03-13,2022-03-13,4,2021,2022,2022
calligotech,9.13,9.13,1,Ai,Bangalore,Bangalore,Karnataka,India,Pre-Series A,2025,Seafund And Artha Venture Fund,4.65,2025-04-07,2025-04-07,1,2025,2025,2025
rare media,9.13,9.13,1,Technology,Delhi,Delhi,Delhi,India,Private Equity,2016,Info Edge (India) Ltd,6.64,2016-01-26,2016-01-26,4,2015,2016,2016
pipecandy,9.13,9.13,1,Technology,Chennai,Chennai,Tamil Nadu,India,Seed,2017,"Axilor Ventures, Emergent Ventures, Idg Ventures, Indian Angel Network",8.3,2017-03-28,2017-03-28,4,2016,2017,2017
jambox games,9.13,9.13,1,Gaming,Bangalore,Bangalore,Karnataka,India,Seed,2021,Unknown,1075.16,2021-04-21,2021-04-21,1,2021,2021,2021
3hcare,9.13,8.3,2,Consumer Internet,Delhi,Delhi,Delhi,India,"Seed, Other","2017, 2018","Unknown, Unknown Investor",0.83,2017-09-24,2018-09-08,2,"2017, 2018",2017,2018
sports for life,9.13,9.13,1,Sports Academies,Bangalore,Bangalore,Karnataka,India,Seed,2024,"Ml Tondon And Sons Huf And Blume Ventures, Roots Ventures",1.25,2024-10-11,2024-10-11,3,2024,2024,2024
lal10,9.13,9.13,1,B2B,Uttar Pradesh,Nan,Uttar Pradesh,India,Unknown,2020,Sorenson Impact,15.0,2020-03-25,2020-03-25,4,2019,2020,2020
livehealth,9.13,9.13,1,Consumer Internet,Pune,Pune,Maharashtra,India,Other,2018,Nexus Venture Partners,24.9,2018-03-06,2018-03-06,4,2017,2018,2018
dial4242,9.13,9.13,1,Healthcare,Gurgaon,Gurgaon,Haryana,India,Pre-Series A,2025,Ian Group,41.5,2025-07-27,2025-07-27,2,2025,2025,2025
chai waale,8.89,4.98,3,Beverage,Chennai,Chennai,Tamil Nadu,India,Unknown,"2020, 2021","Arun Ostwal, Bharat Kumar, Bharat Kumar Sohanraj, Guunknownvanth Vaid, Manish Mardia, Sunil Kumar Singhvi, Sunil Sethia, Tharun Dhariwal, Vishal Ostwal",3.91,2020-01-23,2021-07-16,"2, 4","2019, 2020, 2021",2020,2021
shoppinpal,8.88,8.88,1,Technology,Pune,Pune,Maharashtra,India,Private Equity,2016,"Others, Plug And Play Tech Center, Steelhead Ventures",8.3,2016-07-09,2016-07-09,2,2016,2016,2016
smarterbiz,8.84,8.84,1,Technology,Bangalore,Bangalore,Karnataka,India,Pre-Series A,2020,"Bhaskar Pramanik, Mj Aniketh., Mj Aravinf, Ramesh Radhakrishunknownn, Ranjan Biswas, Ravi Viswaunknownth, Startupxseed Ventures",99.6,2020-08-02,2020-08-02,2,2020,2020,2020
i3 systems,8.71,8.71,1,Insurance,Mumbai,Mumbai,Maharashtra,India,Pre-Series A,2020,"Hataunknownka Yosuke, Minomiya Takeo",2.49,2020-01-21,2020-01-21,4,2019,2020,2020
gozefo,8.71,8.71,1,Ecommerce,Bangalore,Bangalore,Karnataka,India,Private Equity,2016,"Beenext, Helion Venture Partners",0.41,2016-10-23,2016-10-23,3,2016,2016,2016
hexafun,8.48,4.25,2,Ecommerce,Delhi,Delhi,Delhi,India,Seed,2025,Prajay Advisors,4.23,2025-08-22,2025-08-22,2,2025,2025,2025
medvital,8.4,8.4,1,Medtech,Delhi,Delhi,Delhi,India,Pre-Seed,2025,4Point0 Health Ventures,56.0,2025-05-24,2025-05-24,1,2025,2025,2025
lifechart,8.39,5.4,2,Gut Wellness,Gurgaon,Gurgaon,Haryana,India,"Unspecified Round, Seed","2024, 2025","And Jayendra Shah, Angel Investors, Prajay Advisors, Prajay Advisors Llp, Prakash Mody",5.4,2024-10-18,2025-05-07,"1, 3","2024, 2025",2024,2025
trusterra,8.38,8.38,1,Auto > Auto Retail & Aftersales,Haryana,Nan,Haryana,India,Seed,2025,Finvolve,0.4,2025-10-22,2025-10-22,3,2025,2025,2025
quash,8.3,8.3,1,Ai,Delhi,Delhi,Delhi,India,Pre-Seed,2025,"Arali Ventures, Devc (Matrix Partners), Java Capital, Peercheque, Tracxn Counknownfounder",8.3,2025-01-14,2025-01-14,4,2024,2025,2025
anveya living,8.3,8.3,1,Consumer Goods,Bangalore,Bangalore,Karnataka,India,Seed,2022,Rukam Capital,260.48,2022-02-15,2022-02-15,4,2021,2022,2022
customersucessbox,8.3,8.3,1,Technology,Gurgaon,Gurgaon,Haryana,India,Other,2018,"Axilor Ventures, Pi Ventures",2.66,2018-03-24,2018-03-24,4,2017,2018,2018
broex,8.3,8.3,1,Real Estate Broker,Gurgaon,Gurgaon,Haryana,India,Private Equity,2015,Lightspeed India,5.0,2015-07-15,2015-07-15,2,2015,2015,2015
rockclimber,8.3,8.3,1,Food,Bangalore,Bangalore,Karnataka,India,Unknown,2021,Aunknownnd Prakash Sharma,1.25,2021-07-06,2021-07-06,2,2021,2021,2021
quaqua,8.3,8.3,1,Travel,Hyderabad,Hyderabad,Telangana,India,Unknown,2020,Anthill Ventures,4.15,2020-06-17,2020-06-17,1,2020,2020,2020
edukart,8.3,8.3,1,Edtech,Delhi,Delhi,Delhi,India,Private Equity,2015,"500 Startups, Amit Patni, Holostik Group, Manish Kheterpal, Vijay Shekhar Sharma, Youwecan Ventures",29.05,2015-06-14,2015-06-14,1,2015,2015,2015
erpnext,8.3,8.3,1,Technology,Mumbai,Mumbai,Maharashtra,India,Unknown,2020,Rainmatter,16.0,2020-11-16,2020-11-16,3,2020,2020,2020
ritualistic,8.3,8.3,1,Home Decor D2C,Gurgaon,Gurgaon,Haryana,India,Other,2025,"Deep Bajaj, Mohit Bajaj",41.5,2025-02-23,2025-02-23,4,2024,2025,2025
devic earth,8.3,8.3,1,Pollution Control Equiptment,Bangalore,Bangalore,Karnataka,India,Unknown,2021,Blue Ashva Capital,207.5,2021-01-19,2021-01-19,4,2020,2021,2021
beatoven ai,8.3,8.3,1,Computer Software,Bangalore,Bangalore,Karnataka,India,Seed,2022,Redstart Labs,434.92,2022-03-12,2022-03-12,4,2021,2022,2022
thinkmetal,8.3,8.3,1,Deeptech Manufacturing,Chennai,Chennai,Tamil Nadu,India,Pre-Series A,2025,"Concept Communications, Sanchi Connect, Yournest Venture Capital",1.66,2025-01-17,2025-01-17,4,2024,2025,2025
qila games,8.3,8.3,1,Gaming,Bangalore,Bangalore,Karnataka,India,Pre-Seed,2025,Chimera Vc,1.66,2025-03-12,2025-03-12,4,2024,2025,2025
voodoo,8.3,8.3,1,Mobile Only Shopping Assistant,Delhi,Delhi,Delhi,India,Seed,2015,Saif Partners,66.4,2015-10-28,2015-10-28,3,2015,2015,2015
pluss,8.3,8.3,1,Hyperlocal Healthcare Product Delivery,Gurgaon,Gurgaon,Haryana,India,Private Equity,2015,"Idg Ventures, M, Powerhouse Ventures (Usa)., S Partners",38.68,2015-11-23,2015-11-23,3,2015,2015,2015
the wedding,8.3,8.3,1,Consumer,Bangalore,Bangalore,Karnataka,India,Pre-Seed,2025,Lvx,99.6,2025-07-17,2025-07-17,2,2025,2025,2025
eduace,8.3,8.3,1,Edtech,Lucknow,Lucknow,Uttar Pradesh,India,Private Equity,2016,Momagic Technologies,1.83,2016-05-01,2016-05-01,1,2016,2016,2016
appie,8.3,8.3,1,Consumer Internet,Mumbai,Mumbai,Maharashtra,India,Seed,2016,Unknown Investors,8.3,2016-05-16,2016-05-16,1,2016,2016,2016
rubix,8.3,8.3,1,Technology,Pune,Pune,Maharashtra,India,Private Equity,2018,Polaris Fund,24.9,2018-01-13,2018-01-13,4,2017,2018,2018
dopplr,8.3,8.3,1,Virtual Tryon,Bangalore,Bangalore,Karnataka,India,Unspecified Round,2024,"Cornerstone Ventures, U.Sunknownbased Bat Vc",24.9,2024-08-10,2024-08-10,2,2024,2024,2024
elixia robotics,8.3,8.3,1,Logistics,Mumbai,Mumbai,Maharashtra,India,Pre-Series A,2024,Jito Incubation And Innovation Foundation (Jiif),124.5,2024-10-19,2024-10-19,3,2024,2024,2024
elixia tech,8.3,8.3,1,Information Technology &,Mumbai,Mumbai,Maharashtra,India,Pre-Series A,2021,Rajasthan Venture Capital Fund,8.3,2021-09-03,2021-09-03,2,2021,2021,2021
raskik,8.3,8.3,1,Fusion Beverages,Unknown,Nan,Nan,Nan,Pre-Series A,2020,"9Unicorns, Venture Catalysts",41.5,2020-11-05,2020-11-05,3,2020,2020,2020
the moms,8.3,8.3,1,Ecommerce,Gurgaon,Gurgaon,Haryana,India,Private Equity,2017,"Dsg Consumer Partners, Saama Capital",5.81,2017-09-05,2017-09-05,2,2017,2017,2017
em3 agri,8.3,8.3,1,Agritech,Noida,Noida,Uttar Pradesh,India,Unknown,2020,"Global Innovation Fund, Soros Economic Development Fund",55.61,2020-01-21,2020-01-21,4,2019,2020,2020
remitr,8.3,8.3,1,Consumer Internet,Mumbai,Mumbai,Maharashtra,India,Seed,2016,"Others, Pravin Gandhi, Vijay Shekhar Sharma, Vishal Gondal, \\Xc2\\Xa0 Sandeep Tandon, \\Xc2\\Xa0 Smart Start Fund; Kuunknownl Shah",3.87,2016-10-20,2016-10-20,3,2016,2016,2016
readyassist,8.3,8.3,1,Vehicle Repair,Bangalore,Bangalore,Karnataka,India,Seed,2021,Satish Grampurohit,4.15,2021-01-12,2021-01-12,4,2020,2021,2021
wandertrails,8.3,8.3,1,Consumer Internet,Bangalore,Bangalore,Karnataka,India,Seed,2017,Earlsfield Capital,332.0,2017-02-07,2017-02-07,4,2016,2017,2017
postudio,8.3,8.3,1,Postproduction Saas,Mumbai,Mumbai,Maharashtra,India,Pre-Seed,2025,Audacity Venture Capital,3178.9,2025-01-10,2025-01-10,4,2024,2025,2025
arthya wealth and investments,8.3,8.3,1,Fintech,Mumbai,Mumbai,Maharashtra,India,Pre-Series A,2021,"Krishen Lal Khanunknown, Rishi Kumar Bagla",16.6,2021-05-07,2021-05-07,1,2021,2021,2021
the kettlery,8.3,8.3,1,Ecommerce,Ahmedabad,Ahmedabad,Gujarat,India,Private Equity,2016,"Franchise India Brands, Hooting Starts Sports Llp",15.77,2016-10-18,2016-10-18,3,2016,2016,2016
recyclarocom,8.3,8.3,1,Environment > Solid Waste Management,Uttar Pradesh,Nan,Uttar Pradesh,India,Seed,2025,Capitaloven,415.0,2025-10-24,2025-10-24,3,2025,2025,2025
wankel energy systems,8.3,8.3,1,Clean,Chennai,Chennai,Tamil Nadu,India,Pre-Seed,2025,Shastra Vc,8.3,2025-09-27,2025-09-27,2,2025,2025,2025
reglobe,8.3,8.3,1,Used Gadgets Buy / Refurbishing,Gurgaon,Gurgaon,Haryana,India,Seed,2015,"Bessemer Ventures, Blume Ventures",846.6,2015-04-26,2015-04-26,1,2015,2015,2015
doctorinsta,8.3,8.3,1,Consumer Internet,Gurgaon,Gurgaon,Haryana,India,Private Equity,2016,Roundglass Partners,20.75,2016-09-01,2016-09-01,2,2016,2016,2016
refrens,8.3,8.3,1,Saas,Bangalore,Bangalore,Karnataka,India,Seed,2020,"Anupam Mittal, Vijay Shekhar Sharma",53.95,2020-05-01,2020-05-01,1,2020,2020,2020
say cheese,8.3,8.3,1,Femtech,Mumbai,Mumbai,Maharashtra,India,Seed,2021,Unknown,4.98,2021-03-25,2021-03-25,4,2020,2021,2021
reddoorz,8.3,8.3,1,Budget Accommodation,Noida,Noida,Uttar Pradesh,India,Seed,2015,Jungle Ventures,348.6,2015-09-05,2015-09-05,2,2015,2015,2015
assiduus,8.3,8.3,1,Ecommerce,Bangalore,Bangalore,Karnataka,India,Series A,2020,Vc Firm K Partners,14.11,2020-01-15,2020-01-15,4,2019,2020,2020
datazip,8.3,8.3,1,Data Engineering,Bangalore,Bangalore,Karnataka,India,Seed,2024,Equirus Innovatex Fund,76.91,2024-10-19,2024-10-19,3,2024,2024,2024
appedo,8.3,8.3,1,Other,Unknown,Nan,Nan,Nan,Seed,2015,Unknown Investors,16.6,2015-03-10,2015-03-10,4,2014,2015,2015
the good life,8.3,8.3,1,Ecommerce,Mumbai,Mumbai,Maharashtra,India,Seed,2017,"Abu Farhan Azmi, Ayesha Takia Azmi",1245.0,2017-05-18,2017-05-18,1,2017,2017,2017
ejohri,8.3,8.3,1,Jewellery,Mumbai,Mumbai,Maharashtra,India,Pre-Series A,2020,Rajesh Raunknownvat,210.23,2020-01-03,2020-01-03,4,2019,2020,2020
ekank,8.3,8.3,1,Software,Delhi,Delhi,Delhi,India,Unknown,2022,"Amit Hooja, Amit Jain, Archaunknown Priyadarshini, Deepak Jain",41.83,2022-01-04,2022-01-04,4,2021,2022,2022
wayforward,8.3,8.3,1,Consumer Internet,Delhi,Delhi,Delhi,India,Seed,2017,"Farhan Naqvi, Harsh Mahajan, Sreepathy Viswaunknownthan",3417.94,2017-06-11,2017-06-11,1,2017,2017,2017
salt oral care,8.3,8.3,1,Preseries A,Mumbai,Mumbai,Maharashtra,India,Pre-Series A,2025,Lotus Holdings,4.15,2025-04-01,2025-04-01,1,2025,2025,2025
diginoor,8.3,8.3,1,Information Technology &,Chennai,Chennai,Tamil Nadu,India,Seed,2022,"Contrary Capital, Polygon Fund",19.92,2022-01-03,2022-01-03,4,2021,2022,2022
easiloan,8.3,8.3,1,Fintech,Mumbai,Mumbai,Maharashtra,India,Unknown,2021,Tomorrow Capital,282.2,2021-09-13,2021-09-13,2,2021,2021,2021
qyk app,8.3,8.3,1,Ondemand Based Professional,Bangalore,Bangalore,Karnataka,India,Private Equity,2015,"And Sahil Barua, Growx Ventures, Powai Lake Ventures, Tracxn Labs",6.97,2015-08-02,2015-08-02,2,2015,2015,2015
curiousjr,8.3,8.3,1,Edtech,Gurgaon,Gurgaon,Haryana,India,Seed,2021,"Enzia Ventures, Waterbridge Ventures",6.64,2021-09-01,2021-09-01,2,2021,2021,2021
asqi advisors,8.3,8.3,1,Fintech,Mumbai,Mumbai,Maharashtra,India,Pre-Series A,2021,Founders Room Capital,166.0,2021-12-14,2021-12-14,3,2021,2021,2021
data resolve,8.3,8.3,1,Technology,Noida,Noida,Uttar Pradesh,India,Private Equity,2017,Idfc Parampara Early Stage Opportunities Fund,107.9,2017-03-12,2017-03-12,4,2016,2017,2017
thrill app,8.3,8.3,1,Other,Unknown,Nan,Nan,Nan,Private Equity,2015,People Group (Shaadi.Com),33.2,2015-01-09,2015-01-09,4,2014,2015,2015
resilience ai,8.3,8.3,1,Climate Technology,Gurgaon,Gurgaon,Haryana,India,Seed,2024,Kalaari Capital (Cxxo Initiative),263.11,2024-12-02,2024-12-02,3,2024,2024,2024
rupeeflo,8.3,8.3,1,Fintech,Bangalore,Bangalore,Karnataka,India,Pre-Seed,2025,Piper Serica Angel Fund,1.66,2025-02-07,2025-02-07,4,2024,2025,2025
raaz app,8.3,8.3,1,Healthcare,Bangalore,Bangalore,Karnataka,India,Unspecified Round,2025,"Better Capital, Campus Fund, Fireside Ventures",265.6,2025-01-02,2025-01-02,4,2024,2025,2025
reputai,8.3,8.3,1,Supply,Bangalore,Bangalore,Karnataka,India,Pre-Seed,2025,"Angel Investors, Growthcap Ventures",59.76,2025-01-23,2025-01-23,4,2024,2025,2025
ar bon vivants,8.3,8.3,1,Food,Jaipur,Jaipur,Rajasthan,India,Other,2018,"Rb Investments, Singapore",91.3,2018-11-06,2018-11-06,3,2018,2018,2018
dropshop,8.3,8.3,1,Logistics,Bangalore,Bangalore,Karnataka,India,Pre-Series A,2021,Inflection Point Ventures,7.06,2021-06-24,2021-06-24,1,2021,2021,2021
savvymob,8.3,8.3,1,Ecommerce,Bangalore,Bangalore,Karnataka,India,Seed,2016,"Letsventure, Tv Mohandas Pai",2.5,2016-01-20,2016-01-20,4,2015,2016,2016
tablehero,8.3,8.3,1,Consumer Internet,Bangalore,Bangalore,Karnataka,India,Seed,2016,"Globevestor, Growx Ventures, Haresh Chawla, Kuunknownl Shah, Powai Lake Ventures, Sandeep Tandon",11.62,2016-02-08,2016-02-08,4,2015,2016,2016
merlinwand,8.3,8.3,1,Ecommerce,Hyderabad,Hyderabad,Telangana,India,Seed,2022,Unknown,33.2,2022-08-23,2022-08-23,2,2022,2022,2022
sreyas holistic remedies,8.3,8.3,1,Medtech,Hyderabad,Hyderabad,Telangana,India,Unknown,2020,Blacksoil,439.9,2020-12-26,2020-12-26,3,2020,2020,2020
zapyle,8.3,8.3,1,Preused Apparel Shopping Mobile,Bangalore,Bangalore,Karnataka,India,Seed,2015,Unknown,4.15,2015-09-07,2015-09-07,2,2015,2015,2015
taxbuddycom,8.3,8.3,1,Fintech,Mumbai,Mumbai,Maharashtra,India,Unknown,2020,Zenith Global,8.3,2020-12-21,2020-12-21,3,2020,2020,2020
tax2win,8.3,8.3,1,Consumer Internet,Jaipur,Jaipur,Rajasthan,India,Private Equity,2016,Unknown Investors,190.9,2016-07-02,2016-07-02,2,2016,2016,2016
adytude,8.3,8.3,1,Consumer Internet,Delhi,Delhi,Delhi,India,Private Equity,2016,Indian Angel Network,0.16,2016-07-12,2016-07-12,2,2016,2016,2016
zebi yet to launch,8.3,8.3,1,Technology,Hyderabad,Hyderabad,Telangana,India,Seed,2016,Un Disclosed Investors,62.25,2016-01-06,2016-01-06,4,2015,2016,2016
magicx,8.3,8.3,1,Consumer Internet,Bangalore,Bangalore,Karnataka,India,Seed,2016,"Dr. Ranjan Pai, Kris Gopalakrishunknownn",236.38,2016-04-14,2016-04-14,1,2016,2016,2016
zebpay,8.3,8.3,1,Consumer Internet,Ahmedabad,Ahmedabad,Gujarat,India,Private Equity,2016,"Amit Jindal, Arjun Handa, Nagendra Chaudhary",8.3,2016-01-24,2016-01-24,4,2015,2016,2016
adwyze,8.3,8.3,1,Marketing / Advertising Automation,Bangalore,Bangalore,Karnataka,India,Seed,2015,Mape Advisory,0.83,2015-06-09,2015-06-09,1,2015,2015,2015
chelvies coffee,8.3,8.3,1,Coffee & Dining,Noida,Noida,Uttar Pradesh,India,Pre-Series A,2025,Endurance Capital,49.8,2025-01-01,2025-01-01,4,2024,2025,2025
hackle,8.3,8.3,1,Logistics,Bangalore,Bangalore,Karnataka,India,Pre-Seed,2022,Elara India Opportunities Fund And Callapiunknown Capita,560.25,2022-09-09,2022-09-09,2,2022,2022,2022
hakuna matata,8.3,8.3,1,Information Technology &,Chennai,Chennai,Tamil Nadu,India,Unknown,2021,Hardcastle Petrofer,43.5,2021-12-25,2021-12-25,3,2021,2021,2021
sqqrl,8.3,8.3,1,Fintech,Gurgaon,Gurgaon,Haryana,India,Other,2018,Equanimity Venture Fund,190.9,2018-06-03,2018-06-03,1,2018,2018,2018
happy emi,8.3,8.3,1,Fintech,Bangalore,Bangalore,Karnataka,India,Other,2018,Aj Ventures And Jain Interunknowntiounknownl Trade Organisation (Jito),0.64,2018-08-18,2018-08-18,2,2018,2018,2018
spoonshot,8.3,8.3,1,Fmcg,Bangalore,Bangalore,Karnataka,India,Seed,2020,"Sri Capital, Techstars Farm To Fork Accelerator",8.3,2020-01-15,2020-01-15,4,2019,2020,2020
hapramp,8.3,8.3,1,Blockchain,Gurgaon,Gurgaon,Haryana,India,Unknown,2020,Aunknownnd Mahindra,18.26,2020-06-12,2020-06-12,1,2020,2020,2020
hashtaag,8.3,8.3,1,Technology,Bangalore,Bangalore,Karnataka,India,Seed,2016,Unknown Investors,55.61,2016-09-27,2016-09-27,2,2016,2016,2016
localeai,8.3,8.3,1,Location Analytics,Bangalore,Bangalore,Karnataka,India,Unknown,2021,"Better Capital, Chiratae Ventures",9.13,2021-08-13,2021-08-13,2,2021,2021,2021
llumo ai,8.3,8.3,1,Ai,Noida,Noida,Uttar Pradesh,India,Seed,2024,"Aumvc, Iim Indore Alumni Angel Fund, India Quotient, Other Angel Investors, Senseai Ventures, Venture Catalyst",41.5,2024-08-05,2024-08-05,2,2024,2024,2024
healthcare,8.3,8.3,1,Consumer Internet,Mumbai,Mumbai,Maharashtra,India,Other,2018,Hr Fund,20.75,2018-03-19,2018-03-19,4,2017,2018,2018
healthfab,8.3,8.3,1,D2C Reusable Period Panties,Bangalore,Bangalore,Karnataka,India,Pre-Series A,2025,"Aman Gupta, Anupam Mittal, Beyondseed, Mistry Ventures, Peyush Bansal, Thrive Ventures, Vineeta Singh",6.64,2025-02-24,2025-02-24,4,2024,2025,2025
little black book,8.3,8.3,1,Consumer Internet,Delhi,Delhi,Delhi,India,Private Equity,2017,"Blume Ventures, Idg Ventures, Indian Angel Network",4.15,2017-10-27,2017-10-27,3,2017,2017,2017
aviom housing finance,8.3,8.3,1,Fintech,Delhi,Delhi,Delhi,India,Debt,2021,"Company, Gojo",72.06,2021-02-06,2021-02-06,4,2020,2021,2021
stalkbuylove,8.3,8.3,1,Ecommerce,Delhi,Delhi,Delhi,India,Private Equity,2017,Trifecta Capital,49.8,2017-04-22,2017-04-22,1,2017,2017,2017
limo,8.3,8.3,1,Consumer Internet,Mumbai,Mumbai,Maharashtra,India,Private Equity,2016,Rainmaker Ventures,299.63,2016-06-01,2016-06-01,1,2016,2016,2016
stance health,8.3,8.3,1,Healthcare,Bangalore,Bangalore,Karnataka,India,Pre-Seed,2025,General Catalyst,70.55,2025-04-16,2025-04-16,1,2025,2025,2025
life,8.3,8.3,1,Consumer Internet,Bangalore,Bangalore,Karnataka,India,Seed,2016,Unknown Investors,232.4,2016-09-14,2016-09-14,2,2016,2016,2016
mangopoint,8.3,8.3,1,Ecommerce,Chennai,Chennai,Tamil Nadu,India,Pre-Series A,2025,Inflection Point Ventures,1.66,2025-08-26,2025-08-26,2,2025,2025,2025
matrix geo,8.3,8.3,1,Drone & Space,Delhi,Delhi,Delhi,India,Other,2024,"Chittorgarh Infotech Limited, Tryrock Capital Trust Aif, Viney Equity Markets Llp",25.73,2024-11-19,2024-11-19,3,2024,2024,2024
soal,8.3,8.3,1,Edtech,Mumbai,Mumbai,Maharashtra,India,Series A,2020,"Krishunknownn Menon, Srinivas Kollipara",0.21,2020-01-05,2020-01-05,4,2019,2020,2020
meraqui,8.3,8.3,1,Human Resources,Pune,Pune,Maharashtra,India,Seed,2022,Unknown,9.96,2022-02-06,2022-02-06,4,2021,2022,2022
trip38,8.3,8.3,1,Other,Unknown,Nan,Nan,Nan,Private Equity,2015,"Interglobe Technology Quotient, Lantern Capital",2.04,2015-02-21,2015-02-21,4,2014,2015,2015
glamrs,8.3,8.3,1,Online Fashion Video Portal,Mumbai,Mumbai,Maharashtra,India,Private Equity,2015,"Batlivala, Blume Ventures, Karani Securities, Nikunj Jhaveri, Ventureworks India",7.47,2015-06-08,2015-06-08,1,2015,2015,2015
moneyboxx finance,8.3,8.3,1,Fintech,Delhi,Delhi,Delhi,India,Unknown,2020,"Blacksoil, Caspian",33.2,2020-12-27,2020-12-27,3,2020,2020,2020
solethreads,8.3,8.3,1,Fashion,Gurgaon,Gurgaon,Haryana,India,Series A,2021,"Dsg Consumer Partners, Saama Capital",1.66,2021-04-03,2021-04-03,1,2021,2021,2021
cleevo,8.3,8.3,1,Home Hygiene,Nashik,Nashik,Maharashtra,India,Seed,2025,Eterunknownl Capital,126.99,2025-05-18,2025-05-18,1,2025,2025,2025
goalwise,8.3,8.3,1,Consumer Internet,Bangalore,Bangalore,Karnataka,India,Seed,2016,Unknown Hnis,4.15,2016-05-12,2016-05-12,1,2016,2016,2016
sorich,8.3,8.3,1,Pharmaceutical Packaging,Delhi,Delhi,Delhi,India,Ipo,2024,Bizdateup,2.49,2024-10-24,2024-10-24,3,2024,2024,2024
you care lifestyle,8.3,8.3,1,Independent Verification Ecommerce,Mumbai,Mumbai,Maharashtra,India,Unspecified Round,2025,"Luke Coutinho, Narendra Firodia",61.25,2025-02-25,2025-02-25,4,2024,2025,2025
golflan,8.3,8.3,1,Consumer Internet,Delhi,Delhi,Delhi,India,Private Equity,2016,"Ison, Yournest Angel Fund",9.96,2016-11-27,2016-11-27,3,2016,2016,2016
your quote,8.3,8.3,1,Technology,Bangalore,Bangalore,Karnataka,India,Private Equity,2017,"Axilor Ventures, Eunknowncity Ventures Atul Goel",207.5,2017-12-02,2017-12-02,3,2017,2017,2017
esmito,8.3,8.3,1,Information Technology,Taramani,Chennai,Tamil Nadu,India,Seed,2022,Unicorn India Venture,5.81,2022-09-26,2022-09-26,2,2022,2022,2022
tea trails,8.3,8.3,1,Of Tea Cafxc3Xa9Xe2X80X99S,Mumbai,Mumbai,Maharashtra,India,Seed,2015,"Anil Matai, Others, Shyam Sundar R, Vikram Tandon",58.1,2015-09-04,2015-09-04,2,2015,2015,2015
grab,8.3,8.3,1,Food Logistics & Delivery,Mumbai,Mumbai,Maharashtra,India,Seed,2015,"Haresh Chawla, Oliphans Capital",74.7,2015-04-08,2015-04-08,1,2015,2015,2015
spoonjoy,8.3,8.3,1,Online Food Delivery,Bangalore,Bangalore,Karnataka,India,Seed,2015,Saif Partners,8.3,2015-05-12,2015-05-12,1,2015,2015,2015
yu foodlabs,8.3,8.3,1,Food,Gurgaon,Gurgaon,Haryana,India,Pre-Series A,2021,"Manish Choksi, Varun Vakil",55.0,2021-10-22,2021-10-22,3,2021,2021,2021
meetuniv,8.3,8.3,1,Online Edtech,Noida,Noida,Uttar Pradesh,India,Seed,2015,Peesh Venture Capital,22074.68,2015-05-28,2015-05-28,1,2015,2015,2015
medpho,8.3,8.3,1,Hospital & Health Care,Noida,Noida,Uttar Pradesh,India,Unknown,2021,"Cygnus Medicare Group, Probal Ghoshal, Shuchin Bajaj",9.96,2021-09-20,2021-09-20,2,2021,2021,2021
true elements,8.3,8.3,1,Food,Pune,Pune,Maharashtra,India,Unknown,2021,Rpunknownsanjiv Goenka Group,34.3,2021-01-08,2021-01-08,4,2020,2021,2021
citycash,8.3,8.3,1,Fintech,Mumbai,Mumbai,Maharashtra,India,Seed,2020,Orios Venture Partners,207.5,2020-08-12,2020-08-12,2,2020,2020,2020
grey campus,8.3,8.3,1,Consumer Internet,Hyderabad,Hyderabad,Telangana,India,Seed,2016,Sarath Sura,14.94,2016-06-12,2016-06-12,1,2016,2016,2016
aequm,8.3,8.3,1,Ecommerce,Bangalore,Bangalore,Karnataka,India,Seed,2017,Undisclosed Investors,26.56,2017-05-13,2017-05-13,1,2017,2017,2017
mealawe,8.3,8.3,1,Food,Pune,Pune,Maharashtra,India,Unspecified Round,2025,"Angel Investors From Goldman Sachs, Fdi, Oracle, Shark Tank Founders",3.94,2025-02-10,2025-02-10,4,2024,2025,2025
greyatom,8.3,8.3,1,Technology,Mumbai,Mumbai,Maharashtra,India,Private Equity,2018,Pravega Ventures,249.0,2018-01-16,2018-01-16,4,2017,2018,2018
spolto,8.3,8.3,1,Sportstech,Pune,Pune,Maharashtra,India,Seed,2024,"Andrew Johnston, Others",415.0,2024-09-07,2024-09-07,2,2024,2024,2024
mazkara,8.3,8.3,1,Consumer Internet,Pune,Pune,Maharashtra,India,Seed,2016,Duunknownmis Ventures Pte Ltd.,18.26,2016-02-05,2016-02-05,4,2015,2016,2016
billion loans,8.3,8.3,1,Consumer Internet,Bangalore,Bangalore,Karnataka,India,Seed,2017,Reliance Corporate Advisory Services Ltd,2.08,2017-07-16,2017-07-16,2,2017,2017,2017
hevo data,8.3,8.3,1,Technology,Bangalore,Bangalore,Karnataka,India,Private Equity,2017,Idg Ventures India,66.4,2017-11-16,2017-11-16,3,2017,2017,2017
letsmd,8.3,8.3,1,Healthcare,Delhi,Delhi,Delhi,India,Other,2018,"Sri Capital, Waterbridge Ventures And Thinkuvate",2.49,2018-04-17,2018-04-17,1,2018,2018,2018
admitkard,8.3,8.3,1,Edtech,Noida,Noida,Uttar Pradesh,India,Seed,2019,Growth Dna,13.28,2019-08-01,2019-08-01,2,2019,2019,2019
supplified,8.3,8.3,1,Ecommerce,Delhi,Delhi,Delhi,India,Seed,2016,Mohit Goel,33.2,2016-03-04,2016-03-04,4,2015,2016,2016
taikee,8.3,8.3,1,Ecommerce,Mumbai,Mumbai,Maharashtra,India,Unknown,2021,Unknown,4.15,2021-04-07,2021-04-07,1,2021,2021,2021
zoctr,8.3,8.3,1,Healthcare,Mumbai,Mumbai,Maharashtra,India,Seed,2015,"Krishan Gupta, Others, Sandeep Parwal",49.8,2015-07-02,2015-07-02,2,2015,2015,2015
aahaa stores,8.3,8.3,1,Ecommece,Chennai,Chennai,Tamil Nadu,India,Private Equity,2017,Yournest Angel Fund,8.3,2017-09-24,2017-09-24,2,2017,2017,2017
supermoney,8.3,8.3,1,Fintech,Mumbai,Mumbai,Maharashtra,India,Pre-Series A,2020,Unitus Ventures.,147.74,2020-02-26,2020-02-26,4,2019,2020,2020
aahaa,8.3,8.3,1,Ecommerce,Chennai,Chennai,Tamil Nadu,India,Private Equity,2016,Yournest Angel Fund,8.3,2016-03-17,2016-03-17,4,2015,2016,2016
bhiveworkspace,8.3,8.3,1,Reality,Bangalore,Bangalore,Karnataka,India,Private Equity,2016,Blume Ventures,9.96,2016-05-20,2016-05-20,1,2016,2016,2016
imarticus learning,8.3,8.3,1,Edtech,Mumbai,Mumbai,Maharashtra,India,Private Equity,2016,"Amit Khanunknown, Amit Naunknownvati, Blinc Advisors, Taranjit Jaswal, Tashwinder Singh",12.45,2016-03-12,2016-03-12,4,2015,2016,2016
aadyah,8.3,8.3,1,Technology,Bangalore,Bangalore,Karnataka,India,Private Equity,2017,Keiretsu Forum,12.45,2017-09-25,2017-09-25,2,2017,2017,2017
immunitoai,8.3,8.3,1,Biotechnology,Bangalore,Bangalore,Karnataka,India,Seed,2021,Pi Ventures,0.33,2021-09-13,2021-09-13,2,2021,2021,2021
inbound aerospace,8.3,8.3,1,Advanced Hardware & Technology,Chennai,Chennai,Tamil Nadu,India,Pre-Seed,2025,Speciale Invest,2.49,2025-07-08,2025-07-08,2,2025,2025,2025
zoojoobe,8.3,8.3,1,Corporate Wellness,Bangalore,Bangalore,Karnataka,India,Private Equity,2015,Roundglass Partners,19406.2,2015-08-14,2015-08-14,2,2015,2015,2015
joy by nature,8.3,8.3,1,Organic Food Ecommerce,Delhi,Delhi,Delhi,India,Private Equity,2015,"Mumbai Angels, Others, Vriddhi Fund",16.6,2015-07-05,2015-07-05,2,2015,2015,2015
join ventures,8.3,8.3,1,Venture Capital & Private Equity,Mumbai,Mumbai,Maharashtra,India,Series A,2022,"9Unicorns, Dsg Consumer Partners, Rajiv Dadlani Group, Venture Catalysts",0.78,2022-02-09,2022-02-09,4,2021,2022,2022
cellivate,8.3,8.3,1,Biotech,Singapore,Nan,Nan,Singapore,Seed,2024,"Antler, Hatcher+, Venture Catalysts, We Founder Circle",4.15,2024-08-10,2024-08-10,2,2024,2024,2024
ugxai,8.3,8.3,1,Ai,Gurgaon,Gurgaon,Haryana,India,Seed,2025,Blue Ocean Venture Partners,47.0,2025-09-03,2025-09-03,2,2025,2025,2025
bhive investech,8.3,8.3,1,Coworking,Bangalore,Bangalore,Karnataka,India,Seed,2020,Blume Ventures,39.84,2020-12-20,2020-12-20,3,2020,2020,2020
ivory,8.3,8.3,1,Healthcare,Delhi,Delhi,Delhi,India,Unspecified Round,2025,"Capitalunknowna, Iimunknowna Ventures",10.29,2025-04-04,2025-04-04,1,2025,2025,2025
itribe,8.3,8.3,1,Fintech,Bangalore,Bangalore,Karnataka,India,Unknown,2022,Eximius Ventures And Planbcapital,8.3,2022-04-13,2022-04-13,1,2022,2022,2022
itravellercom,8.3,8.3,1,Other,Unknown,Nan,Nan,Nan,Private Equity,2015,Ah! Ventures,107.9,2015-02-03,2015-02-03,4,2014,2015,2015
unaacademy,8.3,8.3,1,Consumer Internet,Bangalore,Bangalore,Karnataka,India,Private Equity,2016,"Ashish Tulsian, Binny Bansal, Blume Ventures, Sachin Bansal, Sandeep Tandon, Vijay Shekhar Sharma, \\Xc2\\Xa0 Kuunknownl Shah",7.05,2016-08-28,2016-08-28,2,2016,2016,2016
ishitva,8.3,8.3,1,Computer Software,Ahmedabad,Ahmedabad,Gujarat,India,Pre-Series A,2021,Inflection Point Ventures,3.32,2021-10-18,2021-10-18,3,2021,2021,2021
bhagva,8.3,8.3,1,Digital Spirituality,Delhi,Delhi,Delhi,India,Pre-Series A,2025,Pradeep Nain,161.0,2025-04-11,2025-04-11,1,2025,2025,2025
bandhoo,8.3,8.3,1,It,Gurgaon,Gurgaon,Haryana,India,Unknown,2021,Unitus Ventures,11.54,2021-07-07,2021-07-07,2,2021,2021,2021
syook,8.3,8.3,1,Industrial Automation,Bangalore,Bangalore,Karnataka,India,Series A,2021,"Inflection Point Ventures, Ongc",1.25,2021-08-20,2021-08-20,2,2021,2021,2021
20dresses,8.3,8.3,1,Other,Unknown,Nan,Nan,Nan,Other,2015,"Bs Nagesh, Srinivas Aluri, Srinivas Modukury",49.8,2015-02-07,2015-02-07,4,2014,2015,2015
instacar,8.3,8.3,1,Consumer Internet,Indore,Indore,Madhya Pradesh,India,Seed,2016,Swastika Co Ltd.,0.14,2016-09-02,2016-09-02,2,2016,2016,2016
vagupu,8.3,8.3,1,Technology,Bangalore,Bangalore,Karnataka,India,Seed,2017,Unknown Investors,6.21,2017-11-02,2017-11-02,3,2017,2017,2017
igrenenergi,8.3,8.3,1,Technology,Mumbai,Mumbai,Maharashtra,India,Seed,2016,Sunil Mehta,41.5,2016-02-11,2016-02-11,4,2015,2016,2016
keeptrax,8.3,8.3,1,Location Based,Dallas,Dallas,Texas,Usa,Seed,2015,Unknown,33.2,2015-04-16,2015-04-16,1,2015,2015,2015
ig drones,8.3,8.3,1,Dronetech,Delhi,Delhi,Delhi,India,Seed,2024,India Accelerator,207.5,2024-10-23,2024-10-23,3,2024,2024,2024
sthyr energy,8.3,8.3,1,Cleantech,Chennai,Chennai,Tamil Nadu,India,Seed,2025,"Antares Ventures, Speciale Invest",249.0,2025-07-27,2025-07-27,2,2025,2025,2025
legalraasta,8.3,8.3,1,Consumer Internet,Delhi,Delhi,Delhi,India,Seed,2016,"Pravin Khandelwal, Yatin Kumar Jain",6.5,2016-04-12,2016-04-12,1,2016,2016,2016
legal salah,8.3,8.3,1,Legaltech,Kolkata,Kolkata,West Bengal,India,Seed,2020,I2I Capitals,41.5,2020-10-14,2020-10-14,3,2020,2020,2020
bigstylistcom,8.3,8.3,1,Beauty And Wellness,Mumbai,Mumbai,Maharashtra,India,Private Equity,2015,Info Edge,17.85,2015-11-03,2015-11-03,3,2015,2015,2015
learnvern,8.3,8.3,1,Edtech,Ahmedabad,Ahmedabad,Gujarat,India,Unknown,2021,Unknown,1.25,2021-04-11,2021-04-11,1,2021,2021,2021
buyhatke,8.3,8.3,1,Online Product Comparison,Bangalore,Bangalore,Karnataka,India,Seed,2015,"Beenos, S.Gopalakrishunknownn",10.79,2015-05-08,2015-05-08,1,2015,2015,2015
leanworx,8.3,8.3,1,Manufacturing Data,Bangalore,Bangalore,Karnataka,India,Seed,2024,"Angel Investment Group, Yournest Venture Capital",34.03,2024-12-27,2024-12-27,3,2024,2024,2024
homergize,8.3,8.3,1,Ecommerce,Bangalore,Bangalore,Karnataka,India,Private Equity,2017,Lg Chandrasekhar,1526.79,2017-09-19,2017-09-19,2,2017,2017,2017
baby berry,8.3,8.3,1,Consumer Internet,Bangalore,Bangalore,Karnataka,India,Seed,2016,"Nitin Bagmane, Other Undisclosed Investors",83.0,2016-02-27,2016-02-27,4,2015,2016,2016
kulzy,8.3,8.3,1,Advertising & Marketing Community Networking,Delhi,Delhi,Delhi,India,Seed,2015,"Bedrock Ventures, Seedfund",166.0,2015-10-12,2015-10-12,3,2015,2015,2015
streamoid,8.3,8.3,1,Visual Search And Discovery,Bangalore,Bangalore,Karnataka,India,Seed,2015,Unknown,2.94,2015-12-02,2015-12-02,3,2015,2015,2015
house of msasaba,8.3,8.3,1,Luxury Label,Mumbai,Mumbai,Maharashtra,India,Series A,2019,Binny Bansal,124.5,2019-07-05,2019-07-05,2,2019,2019,2019
krishitantra,8.3,8.3,1,Soiltech,Hyderabad,Hyderabad,Telangana,India,Seed,2020,"Nabventures, Omnivore",51.46,2020-10-14,2020-10-14,3,2020,2020,2020
kredent,8.3,8.3,1,Edtech,Kolkata,Kolkata,West Bengal,India,Unknown,2021,Kotak Securities,202.04,2021-07-22,2021-07-22,2,2021,2021,2021
ziniosa,8.3,8.3,1,Luxury Fashion,Bangalore,Bangalore,Karnataka,India,Unknown,2025,Inflection Point Ventures (Ipv),747.0,2025-05-11,2025-05-11,1,2025,2025,2025
zintlr,8.3,8.3,1,Saas,Bangalore,Bangalore,Karnataka,India,Seed,2024,Om Jain,49.8,2024-10-04,2024-10-04,3,2024,2024,2024
hyperverge,8.3,8.3,1,Deep Learning Cloud Algorithms,Chennai,Chennai,Tamil Nadu,India,Seed,2015,"Milliways Ventures, Naya Ventures, Nea",7.0,2015-08-14,2015-08-14,2,2015,2015,2015
stylecracker,8.3,8.3,1,Personalized Styling,Mumbai,Mumbai,Maharashtra,India,Private Equity,2015,Group Of Hni Investors,3.2,2015-09-18,2015-09-18,2,2015,2015,2015
i3sysytems,8.3,8.3,1,Technology,Mumbai,Mumbai,Maharashtra,India,Other,2018,"Behram Vakil And Jerxis Vandrevala, Unitus Ventures",8.71,2018-05-27,2018-05-27,1,2018,2018,2018
zippmat,8.3,8.3,1,Saas,Bangalore,Bangalore,Karnataka,India,Seed,2022,Tradecred And Matrix Partners India,71.79,2022-09-28,2022-09-28,2,2022,2022,2022
ibsfintech,8.3,8.3,1,Information Technology &,Bangalore,Bangalore,Karnataka,India,Pre-Series A,2021,Unknown,1.24,2021-10-07,2021-10-07,3,2021,2021,2021
kisanwala,8.3,8.3,1,Information Technology &,Hyderabad,Hyderabad,Telangana,India,Unknown,2022,Unknown,104.58,2022-01-06,2022-01-06,4,2021,2022,2022
kiko live,8.3,8.3,1,Commerce,Gurgaon,Gurgaon,Haryana,India,Pre-Series A,2021,"Amarjit Batra, Dinesh Agarwal",1.49,2021-11-27,2021-11-27,3,2021,2021,2021
talent next,8.3,8.3,1,Consumer Internet,Mumbai,Mumbai,Maharashtra,India,Seed,2016,"Karanpal Singh, Others",913.0,2016-10-16,2016-10-16,3,2016,2016,2016
khiladipro,8.3,8.3,1,Sporttech,Bangalore,Bangalore,Karnataka,India,Pre-Seed,2025,Shastra Vc And,149.4,2025-05-18,2025-05-18,1,2025,2025,2025
gig,8.3,8.3,1,Crowdsourcing,Pune,Pune,Maharashtra,India,Pre-Series A,2020,"Shantanu Deshpande, Subramaniam Ramadorai",3.73,2020-12-09,2020-12-09,3,2020,2020,2020
blive,8.3,8.3,1,Tourism,Panaji,Panaji,Goa,India,Pre-Series A,2021,"Dna Entertainment Networks, Mumbai Angels",51.0,2021-03-16,2021-03-16,4,2020,2021,2021
msmex,8.3,8.3,1,Edtech,Andheri,Mumbai,Maharashtra,India,Pre-Series A,2021,"Razorpay, Tnf Ventures",265.6,2021-06-12,2021-06-12,1,2021,2021,2021
shotgun games,8.3,8.3,1,Media & Entertainment,Mumbai,Mumbai,Maharashtra,India,Seed,2025,Unknown,41.5,2025-08-17,2025-08-17,2,2025,2025,2025
workapps,8.3,8.3,1,Technology,Pune,Pune,Maharashtra,India,Seed,2016,Sri Capital,41.5,2016-07-21,2016-07-21,2,2016,2016,2016
oneiric11 gaming,8.3,8.3,1,Esports And Gaming,Chandigarh,Chandigarh,Chandigarh,India,Pre-Series A,2024,"Ng Family Trust, Tac Holdings",12.45,2024-08-27,2024-08-27,2,2024,2024,2024
toppersnotes,8.3,8.3,1,Edtech,Jaipur,Jaipur,Rajasthan,India,Seed,2021,Inflection Point Ventures,20.75,2021-11-23,2021-11-23,3,2021,2021,2021
fitsol,8.3,8.3,1,Decarbonization For Manufacturing,Delhi,Delhi,Delhi,India,Seed,2024,Transition Vc,3.32,2024-12-23,2024-12-23,3,2024,2024,2024
fitspire,8.3,8.3,1,Healthcare,Delhi,Delhi,Delhi,India,Other,2025,"Akg Fiunknownncials, East) Promoter Aunknownnt Agarwal, Mcdounknownld'S India (North, Mm Agrawal Group (Mmg)",8.3,2025-02-16,2025-02-16,4,2024,2025,2025
oncare,8.3,8.3,1,Healthcare,Gurgaon,Gurgaon,Haryana,India,Seed,2024,Huddle Ventures,18.26,2024-10-14,2024-10-14,3,2024,2024,2024
anka summor,8.3,8.3,1,Sales And Distribution,Bangalore,Bangalore,Karnataka,India,Pre-Series A,2021,Inflection Point Ventures,91.3,2021-10-21,2021-10-21,3,2021,2021,2021
fixcraft,8.3,8.3,1,Automotive,Gurgaon,Gurgaon,Haryana,India,Pre-Series A,2021,Unknown,0.01,2021-07-23,2021-07-23,2,2021,2021,2021
video ken,8.3,8.3,1,Consumer Internet,Bangalore,Bangalore,Karnataka,India,Seed,2017,"Ashish Agrawal, Lg Chandrasekhar, Ravi Garikipati, Sashi Reddi, Surot Chatterjee",170.15,2017-04-18,2017-04-18,1,2017,2017,2017
totality,8.3,8.3,1,Entertainment,Gurgaon,Gurgaon,Haryana,India,Unknown,2021,"Leo Capital, Mayfield Fund",2.9,2021-10-05,2021-10-05,3,2021,2021,2021
flatheads,8.3,8.3,1,Apparel & Fashion,Bangalore,Bangalore,Karnataka,India,Pre-Series A,2021,"Dexter Angels, We Founder Circle",20.75,2021-09-24,2021-09-24,2,2021,2021,2021
toch,8.3,8.3,1,Ai,Mumbai,Mumbai,Maharashtra,India,Pre-Series A,2020,"9 Unicorns Fund, Chiunknownccelerator, Inflection Point Ventures",29.71,2020-05-07,2020-05-07,1,2020,2020,2020
seedoc,8.3,8.3,1,Consumer Internet,Gurgaon,Gurgaon,Haryana,India,Private Equity,2016,"Others, Yournest Angel Fund\\Xc2\\Xa0",5.39,2016-07-14,2016-07-14,2,2016,2016,2016
fleek,8.3,8.3,1,Internet,Bangalore,Bangalore,Karnataka,India,Seed,2021,Axilor,4.98,2021-09-03,2021-09-03,2,2021,2021,2021
town essentials,8.3,8.3,1,Grocery Delivery,Bangalore,Bangalore,Karnataka,India,Seed,2015,"Girish Reddy, Sharad Hegde, Shrikant Patil, Siddharth Patil",14.11,2015-12-09,2015-12-09,3,2015,2015,2015
pikndel,8.3,8.3,1,Sameday Delivery,Delhi,Delhi,Delhi,India,Seed,2024,"Breathe Capital, D2C Insider Angels, Family Offices, Industry Leaders, Vc Grid, Venture Catalysts",15.45,2024-11-10,2024-11-10,3,2024,2024,2024
flipclass,8.3,8.3,1,Consumer Internet,Bangalore,Bangalore,Karnataka,India,Private Equity,2016,"Blume Ventures, S Chand And Co Pvt Ltd",117.86,2016-03-02,2016-03-02,4,2015,2016,2016
trackk,8.3,8.3,1,Fintech,Delhi,Delhi,Delhi,India,Seed,2025,Unknown,35.69,2025-08-18,2025-08-18,2,2025,2025,2025
express stores,8.3,8.3,1,Ecommerce,Gurgaon,Gurgaon,Haryana,India,Seed,2021,"Rohit Bansal, Venture Highway",31.5,2021-02-18,2021-02-18,4,2020,2021,2021
commeasure,8.3,8.3,1,Online Hotel Booking,Noida,Noida,Uttar Pradesh,India,Seed,2015,Jungle Ventures,83.0,2015-04-27,2015-04-27,1,2015,2015,2015
nukkad shops,8.3,8.3,1,Consumer Internet,Hyderabad,Hyderabad,Telangana,India,Seed,2016,Purpletalk Inc,8.3,2016-03-12,2016-03-12,4,2015,2016,2016
nugen,8.3,8.3,1,Ai,Ahmedabad,Ahmedabad,Gujarat,India,Pre-Seed,2025,Antler,35.0,2025-08-27,2025-08-27,2,2025,2025,2025
forbidden foods,8.3,8.3,1,Food,Delhi,Delhi,Delhi,India,Seed,2020,"First Cheque Vc, Globevestor, Kashyap Deorah, Secocha Ventures, Vijay Sivaram",62.25,2020-07-26,2020-07-26,2,2020,2020,2020
nowme,8.3,8.3,1,Healthcare,Delhi,Delhi,Delhi,India,Unknown,2021,"Saama, Whiteboard Capital",83.0,2021-06-27,2021-06-27,1,2021,2021,2021
autodukan,8.3,8.3,1,Ecommerce,Pune,Pune,Maharashtra,India,Pre-Series A,2025,Unknown,107.9,2025-09-22,2025-09-22,2,2025,2025,2025
shyplite,8.3,8.3,1,Logistics,Delhi,Delhi,Delhi,India,Unknown,2021,N+1 Capital,431.76,2021-06-23,2021-06-23,1,2021,2021,2021
oorjaa,8.3,8.3,1,Logistics,Mumbai,Mumbai,Maharashtra,India,Unknown,2022,Inflection Point Ventures,58.1,2022-03-21,2022-03-21,4,2021,2022,2022
fraganote,8.3,8.3,1,Ecommerce,Delhi,Delhi,Delhi,India,Pre-Series A,2025,Rukam Capital,830.0,2025-08-07,2025-08-07,2,2025,2025,2025
countingwell,8.3,8.3,1,Edtech,Bangalore,Bangalore,Karnataka,India,Pre-Series A,2020,"Delhi Private School, Interstar, Uae",1.93,2020-12-08,2020-12-08,3,2020,2020,2020
eywa media,8.3,8.3,1,Digital Signal Processing,Bangalore,Bangalore,Karnataka,India,Seed,2015,"Ah! Ventures, Mantra Ventures, Viktor Koenig Pe Fund",53.12,2015-09-25,2015-09-25,2,2015,2015,2015
ezcred,8.3,8.3,1,Consumer Internet,Bangalore,Bangalore,Karnataka,India,Seed,2017,"Akash Garg, Dheeraj Pandey, Rajesh Yohanunknownn",8.3,2017-05-03,2017-05-03,1,2017,2017,2017
pencil,8.3,8.3,1,Content Publishing,Mumbai,Mumbai,Maharashtra,India,Pre-Series A,2021,"Inflection Point Ventures, Sucseed Venture Partners",58.1,2021-02-06,2021-02-06,4,2020,2021,2021
creditvidya,8.3,8.3,1,Technology,Mumbai,Mumbai,Maharashtra,India,Private Equity,2016,Kalaari Capital,2.99,2016-06-09,2016-06-09,1,2016,2016,2016
peesafein,8.3,8.3,1,Healthcare,Delhi,Delhi,Delhi,India,Private Equity,2017,"Alfa Capital, Green Shots Capital, Real Time Ventures, Venture Catalysts",8.3,2017-06-10,2017-06-10,1,2017,2017,2017
peesafe,8.3,8.3,1,Healthcare,Gurgaon,Gurgaon,Haryana,India,Private Equity,2018,"Alfa Capital, Green Shots Capital, Mitesh Shah, Rahul Maroli, Real Time Ventures., Shivani Singh, Venture Catalysts",24.9,2018-01-11,2018-01-11,4,2017,2018,2018
peelon,8.3,8.3,1,Enterprise,Vishakhapatnam,Visakhapatnam,Andhra Pradesh,India,Seed,2025,Growx Ventures,26.56,2025-08-16,2025-08-16,2,2025,2025,2025
toffee coffee,8.3,8.3,1,Food,Bangalore,Bangalore,Karnataka,India,Seed,2022,Uday Chatterjee And Rajeev Sarda,12.45,2022-09-01,2022-09-01,2,2022,2022,2022
witace,8.3,8.3,1,Skill Development,Gurgaon,Gurgaon,Haryana,India,Seed,2021,Citiustech,66.4,2021-04-13,2021-04-13,1,2021,2021,2021
amicco,8.3,8.3,1,B2B,Gurgaon,Gurgaon,Haryana,India,Seed,2025,Eximius,16.6,2025-04-07,2025-04-07,1,2025,2025,2025
fanball xi,8.3,8.3,1,Gaming,Delhi,Delhi,Delhi,India,Seed,2020,Foxhog Ventures,3.79,2020-10-08,2020-10-08,3,2020,2020,2020
excess2sell,8.3,8.3,1,Ecommerce,Mumbai,Mumbai,Maharashtra,India,Unknown,2020,Gautham Madhavan,4.15,2020-03-26,2020-03-26,4,2019,2020,2020
tablesprint,8.3,8.3,1,Nocode Builder,Pune,Pune,Maharashtra,India,Seed,2024,"Ajeet Khuraunknown, Angel Investors (Ankit Bhati, Etc.)",8.3,2024-10-14,2024-10-14,3,2024,2024,2024
amama,8.3,8.3,1,Ecommerce,Delhi,Delhi,Delhi,India,Unknown,2025,Mistry Ventures,456.0,2025-07-18,2025-07-18,2,2025,2025,2025
fedo,8.3,8.3,1,Ai,Bangalore,Bangalore,Karnataka,India,Unknown,2020,Aim Smart City,16.6,2020-11-26,2020-11-26,3,2020,2020,2020
shoppin,8.3,8.3,1,Fashion Search Engine,India,Nan,Nan,India,Unspecified Round,2025,Infoedge Ventures,166.0,2025-01-12,2025-01-12,4,2024,2025,2025
tookitaki,8.3,8.3,1,Other,Unknown,Nan,Nan,Nan,Other,2015,"Blume Ventures, Jungle Ventures, Redbright Partners",722.1,2015-01-18,2015-01-18,4,2014,2015,2015
origin fresh,8.3,8.3,1,Fresh Produce D2C,Bangalore,Bangalore,Karnataka,India,Pre-Seed,2025,"Aeravti Ventures, Ultra Hnis",8.3,2025-01-04,2025-01-04,4,2024,2025,2025
oright,8.3,8.3,1,Legaltech,Nan,Nan,Nan,Nan,Seed,2024,Aeravti Ventures,4.15,2024-09-14,2024-09-14,2,2024,2024,2024
orbitt space,8.3,8.3,1,Spacetech,Ahmedabad,Ahmedabad,Gujarat,India,Pre-Seed,2025,"Iima Ventures, Pi Ventures",12.45,2025-05-03,2025-05-03,1,2025,2025,2025
seniority,8.3,8.3,1,Ecommerce,Pune,Pune,Maharashtra,India,Private Equity,2017,Rpg Enterprises,8.3,2017-09-19,2017-09-19,2,2017,2017,2017
seevc,8.3,8.3,1,Technology,Delhi,Delhi,Delhi,India,Seed,2021,Jimmy Singh,12.45,2021-01-01,2021-01-01,4,2020,2021,2021
orangetwig,8.3,8.3,1,Consumer Internet,Delhi,Delhi,Delhi,India,Seed,2016,Unknown Investor,99.6,2016-10-06,2016-10-06,3,2016,2016,2016
vidyakul,8.3,4.15,2,Edtech,Unknown,Nan,Nan,Nan,"Seed, Bridge",2021,"Jito Angel Network, Sosv, We Founder Circle",4.15,2021-04-27,2021-09-04,"1, 2",2021,2021,2021
woodenstreet,8.3,8.3,1,Home Design,Rajastan,Nan,Rajasthan,India,Unknown,2020,"Ian Fund, Rajasthan Venture Capital Fund",379.38,2020-01-20,2020-01-20,4,2019,2020,2020
notion press,8.3,8.3,1,Consumer Internet,Chennai,Chennai,Tamil Nadu,India,Private Equity,2016,Unknown Hni Investors,9.96,2016-08-20,2016-08-20,2,2016,2016,2016
auraml,8.3,8.3,1,Ai,Bangalore,Bangalore,Karnataka,India,Pre-Seed,2025,"Devc, Gsf Accelerator, Indian Angel Network, Turbostart",3.32,2025-06-08,2025-06-08,1,2025,2025,2025
extraaedge,8.3,8.3,1,Martech,Pune,Pune,Maharashtra,India,Pre-Series A,2021,"9Unicorns Accelerator Fund, Indian Angel Network",5.81,2021-03-20,2021-03-20,4,2020,2021,2021
fuel buddy,8.3,8.3,1,Oil And Energy,Delhi,Delhi,Delhi,India,Unknown,2021,Jaipuria Family Office,1.25,2021-04-21,2021-04-21,1,2021,2021,2021
verandah,8.3,8.3,1,Apparel & Fashion,Mumbai,Mumbai,Maharashtra,India,Seed,2021,"Mike Novogratz, Neeraj Arora",4.15,2021-12-07,2021-12-07,3,2021,2021,2021
neostencil,8.3,8.3,1,Consumer Internet,Delhi,Delhi,Delhi,India,Private Equity,2017,"Brand Capital, Paragon Trust",4.15,2017-02-02,2017-02-02,4,2016,2017,2017
unlu,8.3,8.3,1,Celebrity Engagement,Gurgaon,Gurgaon,Haryana,India,Seed,2021,Expert Dojo,122.14,2021-02-23,2021-02-23,4,2020,2021,2021
cloud tailor,8.3,8.3,1,Apparel & Fashion,Hyderabad,Hyderabad,Telangana,India,Pre-Series A,2022,"35North Ventures, Mergerdomo",66.4,2022-01-26,2022-01-26,4,2021,2022,2022
navanc,8.3,8.3,1,Fintech,Bangalore,Bangalore,Karnataka,India,Seed,2024,"Angel Investors, Brigade Reap, Inflection Point Ventures (Ipv), Prarambh Ventures",6.74,2024-12-12,2024-12-12,3,2024,2024,2024
xtracap,8.3,8.3,1,Fintech,Gurgaon,Gurgaon,Haryana,India,Unknown,2020,Angel Investors,207.5,2020-05-01,2020-05-01,1,2020,2020,2020
gameeon,8.3,8.3,1,Gaming Game Development,Mumbai,Mumbai,Maharashtra,India,Unspecified Round,2024,"Cd Equifinance, Ian, Ice Vc, Nexus Global Opportunities Fund, Sucseed Indovation Fund",0.83,2024-09-19,2024-09-19,2,2024,2024,2024
scube futuretech,8.3,8.3,1,Structural & Civil Engg Automation,Mumbai,Mumbai,Maharashtra,India,Private Equity,2015,Parampara Capital,24.9,2015-10-05,2015-10-05,3,2015,2015,2015
gamerji,8.3,8.3,1,Sports,Ahmedabad,Ahmedabad,Gujarat,India,Pre-Series A,2022,Unicorn India Ventures,2.66,2022-03-23,2022-03-23,4,2021,2022,2022
bizlog,8.3,8.3,1,Logistics,Bangalore,Bangalore,Karnataka,India,Unknown,2020,Ian Fund,35.0,2020-11-24,2020-11-24,3,2020,2020,2020
pixuate,8.3,8.3,1,Deeptech,Bangalore,Bangalore,Karnataka,India,Seed,2021,Sucseed Indovation Fund,66.57,2021-08-14,2021-08-14,2,2021,2021,2021
mykindofjob,8.3,8.3,1,Consumer Internet,Mumbai,Mumbai,Maharashtra,India,Seed,2016,"Mayank Shah, Shreyans Shah",1.66,2016-10-20,2016-10-20,3,2016,2016,2016
mygreens,8.3,8.3,1,Food,Delhi,Delhi,Delhi,India,Seed,2017,"Ajay Relan, Letsventure",636.0,2017-05-23,2017-05-23,1,2017,2017,2017
myfitness,8.3,8.3,1,Fitness,Silvassa,Silvassa,Dadra And Nagar Haveli,India,Seed,2021,9Unicorns,16.6,2021-07-05,2021-07-05,2,2021,2021,2021
my omnamo,8.3,8.3,1,Consumer Internet,Mumbai,Mumbai,Maharashtra,India,Other,2018,Unknown,24.9,2018-08-17,2018-08-17,2,2018,2018,2018
clip app,8.3,8.3,1,Consumer Internet,Bangalore,Bangalore,Karnataka,India,Seed,2017,"India Quotient, Shunwei Capital",33.2,2017-07-24,2017-07-24,2,2017,2017,2017
cloudcherry analytics,8.3,8.3,1,Crm / Analytics,Chennai,Chennai,Tamil Nadu,India,Seed,2015,"Idg Ventures India, The Chenunknowni Angels",8.3,2015-07-08,2015-07-08,2,2015,2015,2015
sminq,8.3,8.3,1,Consumer Internet,Pune,Pune,Maharashtra,India,Seed,2016,"Blume Ventures, Saama Capital, Vaibhav Domkundwar",249.0,2016-06-22,2016-06-22,1,2016,2016,2016
mybyk,8.3,8.3,1,Rental,Ahmedabad,Ahmedabad,Gujarat,India,Pre-Series A,2021,Avon Cycles,4.15,2021-06-06,2021-06-06,1,2021,2021,2021
ai health highway,8.3,8.3,1,Healthcare,Bangalore,Bangalore,Karnataka,India,Seed,2024,Turbostart,41.5,2024-10-06,2024-10-06,3,2024,2024,2024
navia life care,8.3,8.3,1,Healtcare,Delhi,Delhi,Delhi,India,Unknown,2021,"9 Unicorns, Anicut Angel Fund",12.62,2021-08-15,2021-08-15,2,2021,2021,2021
pipabella,8.3,8.3,1,Consumer Internet,Mumbai,Mumbai,Maharashtra,India,Other,2018,Fireside Ventures,4.98,2018-04-11,2018-04-11,1,2018,2018,2018
neulife,8.3,8.3,1,Healthcare,Maharashtra,Nan,Maharashtra,India,Unknown,2025,Subhkam Ventures,39.84,2025-10-14,2025-10-14,3,2025,2025,2025
niyo,8.3,8.3,1,Technology,Bangalore,Bangalore,Karnataka,India,Private Equity,2016,Prime Venture Partners,4.98,2016-07-14,2016-07-14,2,2016,2016,2016
niffler,8.3,8.3,1,Other,Unknown,Nan,Nan,Nan,Seed,2015,Saif Partners,1.06,2015-03-08,2015-03-08,4,2014,2015,2015
skymet,8.3,8.3,1,Environmental,Noida,Noida,Uttar Pradesh,India,Unknown,2021,"Caspian Impact Investments, Northern Arc",854.9,2021-07-12,2021-07-12,2,2021,2021,2021
nimbleboxai,8.3,8.3,1,Mlops,Chennai,Chennai,Tamil Nadu,India,Seed,2021,Venture Catalysts,24.9,2021-08-14,2021-08-14,2,2021,2021,2021
frsh,8.3,8.3,1,Online Food Ordering & Delivery,Gurgaon,Gurgaon,Haryana,India,Private Equity,2015,"Kae Capital, Mayank Bhangdia, Mumbai Angels",8.3,2015-10-01,2015-10-01,3,2015,2015,2015
nftically,8.3,8.3,1,Nft,Gurgaon,Gurgaon,Haryana,India,Seed,2021,"Gaurav Munjal, Nitish Mittersain",249.0,2021-10-02,2021-10-02,3,2021,2021,2021
froogal,8.3,8.3,1,Marketing & Customer Loyalty,Hyderabad,Hyderabad,Telangana,India,Pre-Series A,2020,Usunknownbased Angel Investors,142.76,2020-01-18,2020-01-18,4,2019,2020,2020
haqdarshak,8.23,6.64,2,Consumer Internet,Bangalore,Bangalore,Karnataka,India,"Seed, Pre-Series A","2017, 2021","Manish Subramaniam, Ravi Saxeunknown, Sandeep Raju, Upaya Social Ventures",1.59,2017-03-05,2021-05-02,"1, 4","2016, 2021",2017,2021
myloancare,8.12,8.12,1,Fintech,Gurgaon,Gurgaon,Haryana,India,Other,2018,Sar Group,624.8,2018-04-09,2018-04-09,1,2018,2018,2018
gigindia,8.06,8.06,1,Technology,Pune,Pune,Maharashtra,India,Pre-Series A,2020,Incubate Fund India,4243.82,2020-07-15,2020-07-15,2,2020,2020,2020
terractive,8.0,8.0,1,Agritech,Mumbai,Mumbai,Maharashtra,India,Pre-Series A,2024,Fireside Ventures And Devc (Anchored By Z47),0.83,2024-12-19,2024-12-19,3,2024,2024,2024
shopsup,7.99,7.99,1,Ecommerce,Bangalore,Bangalore,Karnataka,India,Seed,2016,"Aunknownnd Sankeshwar, Yang Shu",45.65,2016-11-20,2016-11-20,3,2016,2016,2016
earth food,7.88,7.88,1,Consumer Internet,Pune,Pune,Maharashtra,India,Other,2018,Rairah Corporation,4.15,2018-05-25,2018-05-25,1,2018,2018,2018
crio,7.75,7.75,1,Edtech,Bangalore,Bangalore,Karnataka,India,Unknown,2020,021 Capital,1.91,2020-07-26,2020-07-26,2,2020,2020,2020
wiselife,7.74,7.74,1,Ecommerce,Gurgaon,Gurgaon,Haryana,India,Seed,2025,Rukam Capital,290.5,2025-07-01,2025-07-01,2,2025,2025,2025
youkraft,7.6,7.6,1,Publishing,Bangalore,Bangalore,Karnataka,India,Seed,2022,Goel Family Office,8.3,2022-04-22,2022-04-22,1,2022,2022,2022
gladful,7.58,7.58,1,Ecommerce,Jaipur,Jaipur,Rajasthan,India,Unknown,2025,Eterunknownl Capital,1402.2,2025-08-19,2025-08-19,2,2025,2025,2025
navo,7.49,7.49,1,Ecommerce,Gurgaon,Gurgaon,Haryana,India,Seed,2025,Indiaquotient,8.3,2025-09-01,2025-09-01,2,2025,2025,2025
vanity wagon,7.47,5.81,2,Cosmetics,Haryana,Nan,Haryana,India,"Seed, Pre-Series A",2021,"Agility Venture Partners, Dhianu Das, Inflection Point Ventures",1.66,2021-01-19,2021-10-20,"3, 4","2020, 2021",2021,2021
luxuryhues,7.47,7.47,1,Luxury Goodsxc2Xa0 Shopping,Gurgaon,Gurgaon,Haryana,India,Private Equity,2015,Reliance Capital,1328.0,2015-09-25,2015-09-25,2,2015,2015,2015
kirana king,7.47,7.47,1,Retail,Jaipur,Jaipur,Rajasthan,India,Pre-Series A,2020,Rajasthan Venture Capital Fund,15.3,2020-11-14,2020-11-14,3,2020,2020,2020
inficold,7.47,7.47,1,Solar,Delhi,Delhi,Delhi,India,Pre-Series A,2021,Shell Foundation,224.1,2021-01-19,2021-01-19,4,2020,2021,2021
f5,7.47,4.98,2,Food,Delhi,Delhi,Delhi,India,Pre-Series A,2021,"Auxano Capital, Jeevak Gupta, Venture Catalysts",2.49,2021-06-13,2021-10-16,"1, 3",2021,2021,2021
teamonk,7.47,7.47,1,Food,Bangalore,Bangalore,Karnataka,India,Pre-Series A,2020,"Lead Angels Network, Roots Ventures",12.45,2020-10-02,2020-10-02,3,2020,2020,2020
zenify,7.47,7.47,1,Consumer Internet,Bangalore,Bangalore,Karnataka,India,Private Equity,2016,Unknown Investors,16.6,2016-05-19,2016-05-19,1,2016,2016,2016
glamplus,7.47,5.81,2,Saas,Bangalore,Bangalore,Karnataka,India,"Pre-Series A, Unknown","2021, 2022","Blume Ventures, Inflection Point Ventures",1.66,2021-05-09,2022-01-09,"1, 4",2021,2021,2022
silvan innovation labs,7.47,7.47,1,Technology,Bangalore,Bangalore,Karnataka,India,Private Equity,2016,Infuse Ventures,4.27,2016-06-23,2016-06-23,1,2016,2016,2016
infurnia,7.47,4.15,3,Consumer Internet,Bangalore,Bangalore,Karnataka,India,"Unknown, Seed","2016, 2020, 2022","Idein Ventures, Pallav Nadhani, Pallavi Nadhani, Yogesh Chaudhary",3.32,2016-01-06,2022-01-20,4,"2015, 2019, 2021",2016,2022
techjockey,7.4,7.4,1,Software,Unknown,Nan,Nan,Nan,Acquisition,2024,Cricketer Rishabh Pant,62.25,2024-09-10,2024-09-10,2,2024,2024,2024
flickbay,7.39,7.39,1,Consumer Internet,Mumbai,Mumbai,Maharashtra,India,Seed,2016,Paul Roy,19.09,2016-08-24,2016-08-24,2,2016,2016,2016
nopaperforms,7.24,7.24,1,Technology,Delhi,Delhi,Delhi,India,Seed,2017,Info Edge,1.39,2017-11-28,2017-11-28,3,2017,2017,2017
saahas zero waste,7.21,7.21,1,Waste Management,Bangalore,Bangalore,Karnataka,India,Other,2019,C4D Partners,224.1,2019-05-12,2019-05-12,1,2019,2019,2019
mynaksh,7.07,7.07,1,Consumer,Bangalore,Bangalore,Karnataka,India,Pre-Seed,2025,Eximius Ventures,11.62,2025-09-19,2025-09-19,2,2025,2025,2025
dropkaffe,7.06,4.57,2,Online Coffee Delivery,Bangalore,Bangalore,Karnataka,India,Seed,"2015, 2016","Apurva Salapuria, Growthstory, Hitesh Oberoi, Manish Singhal, Nirupa Shankar, Others, P39 Capital, Sidharth Pansari",2.49,2015-08-22,2016-04-15,"1, 2","2015, 2016",2015,2016
click2clinic,7.05,7.05,1,Consumer Internet,Hyderabad,Hyderabad,Telangana,India,Seed,2017,"Narottam Thudi, Shireesh Palle",215.8,2017-08-26,2017-08-26,2,2017,2017,2017
khel now,7.05,4.15,2,Consumer Internet,Delhi,Delhi,Delhi,India,"Seed, Private Equity","2016, 2017","Anglian Omega Network, Indochine Interunknowntiounknownl",2.9,2016-09-08,2017-01-03,"2, 4",2016,2016,2017
h2 carbon zero,7.05,7.05,1,Energy > Energy Storage,Delhi,Delhi,Delhi,India,Seed,2025,Venture Catalysts,1.12,2025-10-26,2025-10-26,3,2025,2025,2025
umagine,7.05,7.05,1,Environment > Environment Consultancy,Delhi,Delhi,Delhi,India,Seed,2025,Venture Catalysts,36.6,2025-10-01,2025-10-01,3,2025,2025,2025
chara,7.05,7.05,1,Deep,Bangalore,Bangalore,Karnataka,India,Seed,2021,Kalaari Capital,1.37,2021-04-09,2021-04-09,1,2021,2021,2021
gooat,7.0,7.0,1,D2C Nutrition,Gurgaon,Gurgaon,Haryana,India,Pre-Seed,2025,Sirounknown,3.32,2025-03-24,2025-03-24,4,2024,2025,2025
hypergroai,7.0,7.0,1,Ai,Bangalore,Bangalore,Karnataka,India,Pre-Series A,2025,Eterunknownl Capital,96.28,2025-03-03,2025-03-03,4,2024,2025,2025
qwikspec,6.97,4.48,2,Technology,Bangalore,Bangalore,Karnataka,India,Seed,2017,"Bobby Reddy, Brigade Innovations Llp, M George Oommen, Suhail Rahman, Tv Mohandas Pai, Unknown Investors",2.49,2017-01-16,2017-07-18,"2, 4","2016, 2017",2017,2017
misfits,6.88,5.0,2,Community,Gurgaon,Gurgaon,Haryana,India,Seed,2025,"Info Edge Ventures And Better Capital, Nu Ventures",5.0,2025-05-15,2025-09-01,"1, 2",2025,2025,2025
tempogo,6.85,6.85,1,Technology,Panaji,Panaji,Goa,India,Seed,2017,K2 Capital,2.08,2017-01-21,2017-01-21,4,2016,2017,2017
graphene,6.85,6.85,1,Other,Unknown,Nan,Nan,Nan,Private Equity,2015,Karsemven Fund,1.25,2015-01-28,2015-01-28,4,2014,2015,2015
quicklend,6.75,6.75,1,Secured Lending,Bangalore,Bangalore,Karnataka,India,Pre-Seed,2025,"Eximius Ventures, Growx, Inuka Capital, Strategic Angel Investors, Upsparks Capital",50.0,2025-02-07,2025-02-07,4,2024,2025,2025
babynama,6.75,6.75,1,Digital Pediatric Care,Delhi,Delhi,Delhi,India,Seed,2025,"Abhishek Gupta (Fashinza), Akshay Saxeunknown (Avanti), Amplify, Ankit Gupta (Bicycle Health), Dhruv Dhanraj Bahl (Exunknownbharatpe), Good Capital",2.49,2025-02-01,2025-02-01,4,2024,2025,2025
navanaai,6.74,6.74,1,Ai,Mumbai,Mumbai,Maharashtra,India,Pre-Series A,2025,Antler India,111.0,2025-07-07,2025-07-07,2,2025,2025,2025
leapclub,6.72,6.72,1,Community,Gurgaon,Gurgaon,Haryana,India,Pre-Series A,2021,"Enzia Ventures, Kuunknownl Shah",643.25,2021-10-11,2021-10-11,3,2021,2021,2021
insane ai,6.64,6.64,1,Fitness,Bangalore,Bangalore,Karnataka,India,Seed,2021,Pi Ventures,49.8,2021-07-13,2021-07-13,2,2021,2021,2021
suryoday,6.64,6.64,1,Fintech,Mumbai,Mumbai,Maharashtra,India,Unknown,2020,"Gaja Capital, Kotak Life, Lok Capital",49.8,2020-01-11,2020-01-11,4,2019,2020,2020
intelligence node,6.64,6.64,1,Technology,Mumbai,Mumbai,Maharashtra,India,Private Equity,2017,Blacksoil Capital Pvt Ltd,112.05,2017-01-09,2017-01-09,4,2016,2017,2017
cub mcpaws,6.64,6.64,1,Ar,Mumbai,Mumbai,Maharashtra,India,Pre-Series A,2020,Venture Catalysts,11.65,2020-01-27,2020-01-27,4,2019,2020,2020
tinkerly,6.64,6.64,1,Edtech,Jaipur,Jaipur,Rajasthan,India,Unknown,2021,Navneet Education,28.22,2021-09-26,2021-09-26,2,2021,2021,2021
svami,6.64,6.64,1,Food,Mumbai,Mumbai,Maharashtra,India,Unknown,2020,"Niren Shah, Rukam Capital Trust",14.11,2020-11-28,2020-11-28,3,2020,2020,2020
ockypocky,6.64,3.32,2,Edtech,Gurgaon,Gurgaon,Haryana,India,Seed,"2020, 2022","Ah! Ventures, Goodwater Capital And Angellist Quant Fund, Sucseed Venture Partners",3.32,2020-01-14,2022-08-18,"2, 4","2019, 2022",2020,2022
flent,6.64,6.64,1,Proptech,Nan,Nan,Nan,Nan,Pre-Seed,2024,Weh Ventures,270.7,2024-09-07,2024-09-07,2,2024,2024,2024
rubix data sciences,6.64,6.64,1,It,Mumbai,Mumbai,Maharashtra,India,Seed,2021,Unknown,8.3,2021-05-20,2021-05-20,1,2021,2021,2021
clientjoy,6.64,6.64,1,Saas,Gujarat,Nan,Gujarat,India,Pre-Series A,2020,"Jyotsunknown Bapat, Letsventure",7.05,2020-11-11,2020-11-11,3,2020,2020,2020
black bow,6.64,6.64,1,Wine & Spirits,Delhi,Delhi,Delhi,India,Pre-Series A,2022,"Eagle10 Ventures, Supermorpheus",4741.79,2022-03-12,2022-03-12,4,2021,2022,2022
astrophel aerospace,6.64,6.64,1,Advanced Hardware & Technology,Pune,Pune,Maharashtra,India,Pre-Seed,2025,Unknown,83.0,2025-07-24,2025-07-24,2,2025,2025,2025
guiddoo,6.64,6.64,1,Travel,Mumbai,Mumbai,Maharashtra,India,Pre-Series A,2018,Individual Investors,4.15,2018-12-18,2018-12-18,3,2018,2018,2018
neuropixelai,6.64,6.64,1,Deeptech,Bangalore,Bangalore,Karnataka,India,Seed,2021,"Amritendu Mukherjee, Arvind Venugopal Nair",365.2,2021-09-13,2021-09-13,2,2021,2021,2021
guvi,6.64,6.64,1,Edtech,Chennai,Chennai,Tamil Nadu,India,Series A,2020,"Cba Capital, Gray Matters Capital",2490.0,2020-01-10,2020-01-10,4,2019,2020,2020
springleap,6.64,6.64,1,Other,Unknown,Nan,Nan,Nan,Other,2015,Cross Border Angels,184.26,2015-05-06,2015-05-06,1,2015,2015,2015
rara delivery,6.64,6.64,1,Logistics,Unknown,Nan,Nan,Nan,Seed,2020,"500 Startups, Der Shing Lim",4.0,2020-04-23,2020-04-23,1,2020,2020,2020
healthenablr,6.64,6.64,1,Consumer Internet,Mumbai,Mumbai,Maharashtra,India,Seed,2016,Unknown Investors,9.96,2016-03-17,2016-03-17,4,2015,2016,2016
virtual logic,6.64,6.64,1,Virtual Reality 3D Simulation And Stereoscopic Products,Bangalore,Bangalore,Karnataka,India,Private Equity,2015,Swarnim Multiventures,48.14,2015-09-04,2015-09-04,2,2015,2015,2015
qoohoo,6.64,6.64,1,Social,Bangalore,Bangalore,Karnataka,India,Seed,2021,Angel Investors,60.0,2021-03-01,2021-03-01,4,2020,2021,2021
curiositi,6.64,6.64,1,Consumer Internet,Bangalore,Bangalore,Karnataka,India,Private Equity,2017,"Menterra Social Impact Fund, Unitus Seed Fund",9.96,2017-01-07,2017-01-07,4,2016,2017,2017
kritsnam,6.64,6.64,1,Information Technology &,Hyderabad,Hyderabad,Telangana,India,Pre-Series A,2022,"Ashish Gupta, Kuunknownl Shah, Vikram Karuunknownkaram",49.8,2022-02-16,2022-02-16,4,2021,2022,2022
orai robotics,6.64,6.64,1,Information Technology &,Bangalore,Bangalore,Karnataka,India,Pre-Series A,2022,Inflection Point Ventures,3.32,2022-01-26,2022-01-26,4,2021,2022,2022
twigly,6.64,4.98,2,Online Food Ordering & Delivery,Gurgaon,Gurgaon,Haryana,India,Seed,"2015, 2016","Amit Gupta, Gaurav Bhalotia, Hyderabad Angels, Kuunknownl Shah, Mukul Singhal, Sahil Barua, Tracxn Labs",1.66,2015-11-03,2016-07-06,"2, 3","2015, 2016",2015,2016
studio sirah,6.64,6.64,1,Computer Games,Bangalore,Bangalore,Karnataka,India,Unknown,2021,Lumikai,3.32,2021-08-05,2021-08-05,2,2021,2021,2021
terafac,6.64,6.64,1,Advanced Hardware & Technology,Chandigarh,Chandigarh,Chandigarh,India,Pre-Seed,2025,Inuka Capital,124.5,2025-08-24,2025-08-24,2,2025,2025,2025
valyx,6.64,6.64,1,B2B Financial Management,Bangalore,Bangalore,Karnataka,India,Pre-Seed,2024,"Bharat Founders Fund, Huddle Ventures, Propell Fund, Waveform Ventures",0.83,2024-09-11,2024-09-11,2,2024,2024,2024
stampmyvisa,6.6,6.6,1,B2B Visa,Mumbai,Mumbai,Maharashtra,India,Pre-Series A,2024,Unicorn India Ventures,8.3,2024-11-03,2024-11-03,3,2024,2024,2024
stepout,6.6,6.6,1,Sports Performance Analysis,Bangalore,Bangalore,Karnataka,India,Seed,2025,"Indigoedge, Marwah Sports Group, Misfits Capital, Rainmatter (Nithin Kamath)",1867.5,2025-02-02,2025-02-02,4,2024,2025,2025
gorally,6.6,6.6,1,Pickleball Sports,Bangalore,Bangalore,Karnataka,India,Pre-Seed,2025,"Abhishek Goyal, Arjun Vaidya, Bharat Founders Fund, Deepak Singh, Kartik Kapoor, Mohit Kumar, Sujeet Kumar, Vatsal Singhal, Viren Singhvi",4261.22,2025-02-26,2025-02-26,4,2024,2025,2025
perkant tech,6.6,6.6,1,Healthcare,Vishakhapatnam,Visakhapatnam,Andhra Pradesh,India,Seed,2025,Yournest Venture Capital,0.25,2025-04-19,2025-04-19,1,2025,2025,2025
farmdidi,6.58,6.58,1,Ecommerce,Mumbai,Mumbai,Maharashtra,India,Seed,2025,Samved Ventures,547.8,2025-09-08,2025-09-08,2,2025,2025,2025
house of zelena,6.58,6.58,1,Ecommerce,Delhi,Delhi,Delhi,India,Seed,2025,"M Venture Partners, Sprout Venture Partners",8.3,2025-09-27,2025-09-27,2,2025,2025,2025
bharat intelligence,6.56,6.56,1,Agritech,Mumbai,Mumbai,Maharashtra,India,Pre-Seed,2025,Sahyadri Farms,1.66,2025-09-02,2025-09-02,2,2025,2025,2025
thrustworks dynetics,6.55,6.55,1,Aerospace Maritime & Defense > Space,Maharashtra,Nan,Maharashtra,India,Seed,2025,Jamwant Ventures,8.3,2025-10-01,2025-10-01,3,2025,2025,2025
art of time,6.55,6.55,1,Consumer Goods > Retailers,Maharashtra,Nan,Maharashtra,India,Series B,2025,Plutus Wealth Maunknowngement,979.4,2025-10-16,2025-10-16,3,2025,2025,2025
guvi geek network,6.52,6.52,1,Edtech,Chennai,Chennai,Tamil Nadu,India,Pre-Series A,2020,Education Catalyst Fund,6.64,2020-04-19,2020-04-19,1,2020,2020,2020
sunday realty,6.52,6.52,1,For Property Brokers,Mumbai,Mumbai,Maharashtra,India,Seed,2015,"Jay Srinivasan, Ramesh Jogani, Shailesh Viswaunknownthan",23.24,2015-08-04,2015-08-04,2,2015,2015,2015
shiplog,6.5,6.5,1,Logistics,Gurgaon,Gurgaon,Haryana,India,Seed,2025,Deepak Bhagunknownni Family Office,1.5,2025-05-05,2025-05-05,1,2025,2025,2025
legalkart,6.5,6.5,1,Legal Consultation,Gurgaon,Gurgaon,Haryana,India,Unspecified Round,2024,"Aevitas Capital, Iim Udaipur Incubation Centre, Others, Shift Alt Cap",8.3,2024-11-20,2024-11-20,3,2024,2024,2024
argos watches,6.5,6.5,1,Luxury Watch,Surat,Surat,Gujarat,India,Other,2025,Group Of Highunknownnetunknownworth Indian Investors,0.83,2025-04-15,2025-04-15,1,2025,2025,2025
medinfi,6.47,2.53,5,Healthcare,Bangalore,Bangalore,Karnataka,India,Seed,"2015, 2016, 2017","Evan Lim, Gurmeet Chahal, Hemant Kaul, Kanchan Ghoshal, Mudit Saxeunknown, Others, Pbs Srinivas, Pradeep K Jaisingh, Prof. Ram Kumar Kakani, Ram Kumar Kakani, Sunil T V, Vijay Ghadge, Vinod Martin",5.43,2015-11-22,2017-08-03,"2, 3, 4","2015, 2016, 2017",2015,2017
heterogenous,6.47,6.47,1,Technology,Chennai,Chennai,Tamil Nadu,India,Seed,2017,"Chenunknowni Angels, Keiretsu Forum, Others",119.52,2017-09-14,2017-09-14,2,2017,2017,2017
avishkaar box,6.41,6.41,1,Edtech,Delhi,Delhi,Delhi,India,Private Equity,2018,Auxano Deals,4.98,2018-02-10,2018-02-10,4,2017,2018,2018
quickshift,6.39,6.39,1,Logistics,Pune,Pune,Maharashtra,India,Seed,2021,"Anicut Angel Fund, Axilor Ventures",16.6,2021-08-05,2021-08-05,2,2021,2021,2021
onlinetyari,6.39,6.39,1,Multilingual Test Preparation,Gurgaon,Gurgaon,Haryana,India,Private Equity,2015,"500 Startups, Aloke Bajpai, Tandem Capital, Tv Mohandas Pai, Vikram Chachra",1.25,2015-09-14,2015-09-14,2,2015,2015,2015
lamark biotech,6.37,6.37,1,Healthcare,Bangalore,Bangalore,Karnataka,India,Pre-Series A,2025,"Ian Alpha Fund, Nita Roy, Venkataraman Knk, Viunknownyender Tulla",9.13,2025-07-25,2025-07-25,2,2025,2025,2025
i2i funding,6.37,6.37,1,Consumer Internet,Noida,Noida,Uttar Pradesh,India,Other,2018,Sucseed Venture Partners,4.15,2018-03-14,2018-03-14,4,2017,2018,2018
utsav,6.35,6.35,1,Spiritual & Devotion,Kolkata,Kolkata,West Bengal,India,Unspecified Round,2025,Equanimity Investments,62.25,2025-01-12,2025-01-12,4,2024,2025,2025
fibroheal woundcare,6.3,6.3,1,Medical Devices,Bangalore,Bangalore,Karnataka,India,Pre-Series A,2024,"And Bankers, Existing Promoters, Medical Professiounknownls, Surgeons",207.5,2024-12-11,2024-12-11,3,2024,2024,2024
plenome,6.24,6.24,1,Enterprise,Chennai,Chennai,Tamil Nadu,India,Seed,2025,Ovington Capital Partners,4.15,2025-07-28,2025-07-28,2,2025,2025,2025
shirsa labs,6.23,4.15,2,Digital Intelligent Learning,Mumbai,Mumbai,Maharashtra,India,"Seed, Private Equity","2015, 2018","Ah! Ventures, Atul Agarwal, Dewang Neralla, Mahesh Kothurkar",2.08,2015-11-05,2018-02-05,"3, 4","2015, 2017",2015,2018
happay,6.23,4.15,2,Usiness Expense Management,Bangalore,Bangalore,Karnataka,India,"Seed, Other","2015, 2018","Angelprime, Sequoia And Jerry Yang",4.15,2015-04-02,2018-02-20,"1, 4","2015, 2017",2015,2018
sepalika,6.22,6.22,1,Consumer Internet,Delhi,Delhi,Delhi,India,Seed,2017,Accel,41.5,2017-04-11,2017-04-11,1,2017,2017,2017
cygnus hospitals,6.22,6.22,1,Healthcare,Gurgaon,Gurgaon,Haryana,India,Other,2017,Somerset Indus Capital Ventures,0.83,2017-12-28,2017-12-28,3,2017,2017,2017
justdakhilacom,6.22,6.22,1,Edtech,Delhi,Delhi,Delhi,India,Seed,2016,Ankur Gupta,58.1,2016-01-10,2016-01-10,4,2015,2016,2016
ethereum push notification service,6.22,6.22,1,Blockchain,Mumbai,Mumbai,Maharashtra,India,Seed,2020,Prolific Angel Investors,101.26,2020-12-13,2020-12-13,3,2020,2020,2020
matbook,6.22,6.22,1,Construction,Gurgaon,Gurgaon,Haryana,India,Pre-Seed,2025,"Fluent Ventures And Everywhere Ventures, Seedstars Interunknowntiounknownl Ventures",12.45,2025-04-27,2025-04-27,1,2025,2025,2025
actofit,6.22,6.22,1,Technology,Mumbai,Mumbai,Maharashtra,India,Private Equity,2016,Next Orbit Ventures Fund,29.05,2016-10-23,2016-10-23,3,2016,2016,2016
celewish,6.22,6.22,1,Consumer > Communication,Maharashtra,Nan,Maharashtra,India,Angel,2025,Unknown,20.75,2025-10-17,2025-10-17,3,2025,2025,2025
genietalk,6.22,6.22,1,Technology,Indore,Indore,Madhya Pradesh,India,Unknown,2020,Unknown,489.7,2020-01-06,2020-01-06,4,2019,2020,2020
aryaai,6.22,6.22,1,Ai,Mumbai,Mumbai,Maharashtra,India,Private Equity,2015,"Venture Nursery, Yournest Angel Fund",662.34,2015-12-20,2015-12-20,3,2015,2015,2015
elever,6.22,6.22,1,Fintech,Bangalore,Bangalore,Karnataka,India,Unknown,2022,"Massimo Vita, Udaya Kumar",9.13,2022-02-13,2022-02-13,4,2021,2022,2022
lovecycles,6.22,6.22,1,Consumer Internet,Bangalore,Bangalore,Karnataka,India,Seed,2016,Prime Venture Partners,27.39,2016-03-13,2016-03-13,4,2015,2016,2016
ink monk,6.22,6.22,1,Consumer Internet,Chennai,Chennai,Tamil Nadu,India,Seed,2017,"Deunknown, Raksul, Vamm Ventures",1.66,2017-08-06,2017-08-06,2,2017,2017,2017
nxt meal,6.22,6.22,1,Food,Karnataka,Nan,Karnataka,India,Seed,2025,Unknown,2.35,2025-06-07,2025-06-07,1,2025,2025,2025
milofy,6.22,6.22,1,Consumer Internet,Bangalore,Bangalore,Karnataka,India,Seed,2016,Accel,120.0,2016-09-05,2016-09-05,2,2016,2016,2016
sensara,6.22,6.22,1,Technology,Bangalore,Bangalore,Karnataka,India,Seed,2016,"Lalitesh Katragadda, \\Xc2\\Xa0 Gaunknownyantrika Systems",8.3,2016-01-11,2016-01-11,4,2015,2016,2016
spintly,6.21,4.15,2,Iot,Goa,Panaji,Goa,India,"Pre-Series A, Unknown","2020, 2021","Riso Capital, Saltwater Venture Sparks",2.06,2020-04-12,2021-04-22,1,"2020, 2021",2020,2021
vaave,6.21,6.21,1,Enteprise,Hyderabad,Hyderabad,Telangana,India,Unknown,2025,Vcmint,17.43,2025-08-16,2025-08-16,2,2025,2025,2025
trukky,6.18,4.15,2,Logistics,Ahmedabad,Ahmedabad,Gujarat,India,Seed,"2015, 2017","Gujarat Based Angel Investors, Keyur Joshi, Mmy Counknownfounder, Pavan Bakeri",2.03,2015-08-22,2017-04-08,"1, 2","2015, 2017",2015,2017
pharmarack,6.18,6.18,1,Technology,Pune,Pune,Maharashtra,India,Private Equity,2016,"Currae Healthtech Fund, Unicorn India Ventures",109.73,2016-09-05,2016-09-05,2,2016,2016,2016
happilyunmarried,6.14,6.14,1,Ecommerce,Delhi,Delhi,Delhi,India,Private Equity,2016,Info Edge (India) Ltd,207.5,2016-07-05,2016-07-05,2,2016,2016,2016
krvvy,6.1,6.1,1,D2C Lingerie & Shapewear,Noida,Noida,Uttar Pradesh,India,Pre-Seed,2025,"All In Capital, And Others, Angels Such As Nikita Gupta, Emmanuel Suraj, Titan Capital",6.64,2025-01-16,2025-01-16,4,2024,2025,2025
edyoo,6.1,6.1,1,Ecommerce,Bangalore,Bangalore,Karnataka,India,Other,2018,Rs Shanbag,9.55,2018-05-25,2018-05-25,1,2018,2018,2018
cashkumar,6.1,6.1,1,Consumer Internet,Bangalore,Bangalore,Karnataka,India,Other,2018,Letsventure,30.71,2018-05-19,2018-05-19,1,2018,2018,2018
cerebroz,6.09,6.09,1,Consumer Internet,Vadodara,Vadodara,Gujarat,India,Seed,2017,Unknown Hni\\Xe2\\X80\\X99S,2.08,2017-08-15,2017-08-15,2,2017,2017,2017
six sense mobility,6.0,6.0,1,Smart Mobility,Mumbai,Mumbai,Maharashtra,India,Seed,2024,Piper Serica Vc,147.23,2024-08-18,2024-08-18,2,2024,2024,2024
mytek innovations,6.0,6.0,1,Manufacturing,Mumbai,Mumbai,Maharashtra,India,Debt,2024,Unknown,13.28,2024-09-28,2024-09-28,2,2024,2024,2024
skillenza,5.99,5.99,1,Consumer Internet,Bangalore,Bangalore,Karnataka,India,Seed,2017,"Blume Ventures, Indian Angel Network",78.85,2017-10-19,2017-10-19,3,2017,2017,2017
kiranakart,5.98,5.98,1,Ecommerce,Mumbai,Mumbai,Maharashtra,India,Pre-Seed,2021,Global Founders Capital,16.6,2021-01-13,2021-01-13,4,2020,2021,2021
zipgrid,5.81,4.15,2,Consumer Internet,Mumbai,Mumbai,Maharashtra,India,Seed,"2016, 2017","1Crowd, 1Crowd (Through Crowd Funding), Jll",1.66,2016-08-19,2017-05-20,"1, 2","2016, 2017",2016,2017
mydentalplan,5.81,5.81,1,Helathcare,Bangalore,Bangalore,Karnataka,India,Seed,2021,Safe Planet Medicare,4.98,2021-04-22,2021-04-22,1,2021,2021,2021
sharang shakti,5.81,5.81,1,Robotech,Nan,Nan,Nan,Nan,Pre-Seed,2024,Aum Ventures And Venture Highway,622.5,2024-09-05,2024-09-05,2,2024,2024,2024
unremot,5.81,5.81,1,Information Technology &,Bangalore,Bangalore,Karnataka,India,Seed,2021,Inflection Point Ventures,16.6,2021-12-20,2021-12-20,3,2021,2021,2021
burgerama,5.81,5.81,1,Food,Gurgaon,Gurgaon,Haryana,India,Pre-Series A,2022,"Atul Singh, Rishab Malik",46.48,2022-01-19,2022-01-19,4,2021,2022,2022
playment,5.81,5.81,1,Consumer Internet,Bangalore,Bangalore,Karnataka,India,Private Equity,2016,Saif Partners,24.9,2016-07-13,2016-07-13,2,2016,2016,2016
bolo indya,5.81,3.32,2,Media,Gurgaon,Gurgaon,Haryana,India,"Pre-Series A, Unknown",2020,"Eagle10 Ventures, Hnis, India Accelerator, Sunil Kamath",2.49,2020-08-17,2020-12-03,"2, 3",2020,2020,2020
aarogyaai,5.81,5.81,1,Hospital & Health Care,Delhi,Delhi,Delhi,India,Seed,2022,"Avaaunknown Capital, Redstart Labs",55.61,2022-01-13,2022-01-13,4,2021,2022,2022
eunimart,5.81,5.81,1,Ecommerce,Hyderabad,Hyderabad,Telangana,India,Pre-Series A,2021,"Sucseed Venture Partners, Tmt Connekt",25.0,2021-04-21,2021-04-21,1,2021,2021,2021
idea bubbles,5.81,5.81,1,Consumer Internet,Bangalore,Bangalore,Karnataka,India,Private Equity,2016,"1Crowd, Co. Ltd., Eureka Forbes Ltd, Shapoorji Pallonji",498.0,2016-10-07,2016-10-07,3,2016,2016,2016
eshipz,5.81,5.81,1,Saas,Bangalore,Bangalore,Karnataka,India,Unknown,2021,"Axilor, Indian Angel Network",114.13,2021-09-27,2021-09-27,2,2021,2021,2021
extra edge,5.81,5.81,1,Edtech,Pune,Pune,Maharashtra,India,Pre-Series A,2020,"Indian Angel Network, Sprout Venture Partners",3.09,2020-01-07,2020-01-07,4,2019,2020,2020
craterclub,5.81,5.81,1,Media,Bangalore,Bangalore,Karnataka,India,Seed,2021,Lc Nueva Aif,338.24,2021-10-12,2021-10-12,3,2021,2021,2021
fabriclore,5.81,5.81,1,Apparel & Fashion,Jaipur,Jaipur,Rajasthan,India,Pre-Series A,2021,"Fluid Ventures, Mulberry Silks",18.68,2021-12-06,2021-12-06,3,2021,2021,2021
banksathi,5.81,4.15,2,Fintech,Delhi,Delhi,Delhi,India,"Seed, Unknown",2021,"Aditya, Aditya Talwar, Anuj Ahuja, Dinesh Godara",1.66,2021-05-02,2021-10-16,"1, 3",2021,2021,2021
trupay,5.81,5.81,1,Technology,Gurgaon,Gurgaon,Haryana,India,Seed,2017,"Kae Capital, M, S Partners",25.0,2017-07-20,2017-07-20,2,2017,2017,2017
docplexus,5.81,5.81,1,Exclusive For Doctors & Healthcare Professionals,Pune,Pune,Maharashtra,India,Seed,2015,"Asp Consulting, Uniqorn Ventures",99.6,2015-10-20,2015-10-20,3,2015,2015,2015
tagmango,5.81,5.81,1,Marketing,Mumbai,Mumbai,Maharashtra,India,Seed,2020,"Kevin Lin, Xrm Media",4.15,2020-12-01,2020-12-01,3,2020,2020,2020
trainn,5.81,5.81,1,Computer Software,Chennai,Chennai,Tamil Nadu,India,Seed,2022,Speciale Invest,78.85,2022-01-11,2022-01-11,4,2021,2022,2022
hipcouch,5.81,5.81,1,Consumer Internet,Mumbai,Mumbai,Maharashtra,India,Seed,2017,Unknown Investors,33.2,2017-01-10,2017-01-10,4,2016,2017,2017
bitscrunch,5.81,5.81,1,Blockchain,Chennai,Chennai,Tamil Nadu,India,Seed,2021,"Covalent, Double Peak, Genblock Capital, Ledger Prime, Mexc Global, Syunknownps",31.33,2021-09-06,2021-09-06,2,2021,2021,2021
raptee energy,5.81,5.81,1,Automotive,Chennai,Chennai,Tamil Nadu,India,Unknown,2021,Unknown,124.5,2021-06-26,2021-06-26,1,2021,2021,2021
the meat chop,5.81,5.81,1,Food &Beverages,Chennai,Chennai,Tamil Nadu,India,Seed,2022,Jai Kumar And Mohan Karuppiah,25.73,2022-11-22,2022-11-22,3,2022,2022,2022
carzso,5.81,5.81,1,Automotive,Gurgaon,Gurgaon,Haryana,India,Unknown,2022,Mytash,2012.75,2022-01-26,2022-01-26,4,2021,2022,2022
eat better ventures,5.81,5.81,1,Food,Jaipur,Jaipur,Rajasthan,India,Seed,2022,"Java Capital, Mumbai Angels",17.0,2022-03-03,2022-03-03,4,2021,2022,2022
neuranics,5.81,5.81,1,Healthcare,Delhi,Delhi,Delhi,India,Seed,2024,Inflection Point Ventures (Ipv),8.3,2024-12-05,2024-12-05,3,2024,2024,2024
nuvoretail,5.8,2.9,2,Ecommerce,Delhi,Delhi,Delhi,India,"Unspecified Round, Unknown",2024,Unknown,2.9,2024-08-26,2024-08-26,2,2024,2024,2024
mergerdomo,5.79,4.15,2,Technology,Noida,Noida,Uttar Pradesh,India,Unknown,"2020, 2021","Individual Investors, Nadir B Godrej, Nadir Godrej",1.64,2020-06-10,2021-10-19,"1, 3","2020, 2021",2020,2021
bharatsure,5.76,5.76,1,Fintech,Mumbai,Mumbai,Maharashtra,India,Unknown,2025,Inflection Point Ventures,53.95,2025-07-17,2025-07-17,2,2025,2025,2025
onn bikes,5.74,5.74,1,Technology,Mumbai,Mumbai,Maharashtra,India,Other,2017,Z Nation Lab,4.0,2017-11-17,2017-11-17,3,2017,2017,2017
malaki,5.7,5.7,1,Beverage,Mumbai,Mumbai,Maharashtra,India,Seed,2025,Venture Catalysts,2.08,2025-04-02,2025-04-02,1,2025,2025,2025
presage insights,5.6,5.6,1,Iot & Ai Predictive Maintenance,Faridabad,Delhi,Haryana,India,Seed,2025,Yournest Venture Capital (Yournestunknownsanchiconnect Velocity Program 2024),12.45,2025-02-17,2025-02-17,4,2024,2025,2025
appknox,5.6,5.6,1,Technology,Bangalore,Bangalore,Karnataka,India,Private Equity,2016,"Accel Partners Rnt Associates, Infocomm Investments, Seedplus",3.32,2016-08-12,2016-08-12,2,2016,2016,2016
nunu tv,5.56,5.56,1,Media,Unknown,Nan,Nan,Nan,Unknown,2020,Risers Accelerators,5.39,2020-03-28,2020-03-28,4,2019,2020,2020
toprankers,5.56,5.56,1,Edtech,Bangalore,Bangalore,Karnataka,India,Seed,2016,"Careernet Consulting Pvt. Ltd, Ideation Initiative Pvt. Ltd",16.6,2016-09-25,2016-09-25,2,2016,2016,2016
rusk media,5.55,4.15,2,Media & Entertainment > Film & Tv Studios,Maharashtra,Nan,Maharashtra,India,"Series B, Angel",2025,"Ivycap Ventures Advisors, Ramesh Gandhi",4.15,2025-10-21,2025-10-21,3,2025,2025,2025
goldenpi,5.47,3.81,2,Fintech,Bangalore,Bangalore,Karnataka,India,"Unknown, Seed","2020, 2022","Rainmatter Capital, Rainmatter Capital And Rainmatter Technology",3.81,2020-06-13,2022-05-20,1,"2020, 2022",2020,2022
seed schools,5.39,5.39,1,Affordable Education,Hyderabad,Hyderabad,Telangana,India,Seed,2015,Acumen Fund,41.5,2015-05-19,2015-05-19,1,2015,2015,2015
chitmonks,5.39,5.39,1,Fintech,Hyderabad,Hyderabad,Telangana,India,Pre-Series A,2020,Unicorn India Ventures,2.49,2020-07-23,2020-07-23,2,2020,2020,2020
yellowdig,5.39,5.39,1,Consumer Internet,Pune,Pune,Maharashtra,India,Seed,2016,Sri Capital,166.0,2016-07-21,2016-07-21,2,2016,2016,2016
grex,5.39,5.39,1,Fund Raising For,Pune,Pune,Maharashtra,India,Seed,2015,"Chandru Badriunknownrayaunknownn, Kuunknownl Bajaj",14.94,2015-08-13,2015-08-13,2,2015,2015,2015
vahdam teas,5.39,5.39,1,Ecommerce,Delhi,Delhi,Delhi,India,Seed,2017,"Fireside Ventures, Mumbai Angels Network, Singapore Angel Network",12.45,2017-01-02,2017-01-02,4,2016,2017,2017
numberzin,5.39,5.39,1,Technology,Gurgaon,Gurgaon,Haryana,India,Seed,2016,"Kae Capital, Khosla Impact",83.0,2016-11-23,2016-11-23,3,2016,2016,2016
perpule,5.39,5.39,1,Ecommerce,Bangalore,Bangalore,Karnataka,India,Seed,2017,Kstart Capital,6.6,2017-03-23,2017-03-23,4,2016,2017,2017
zuppler,5.39,5.39,1,Consumer Internet,Delhi,Delhi,Delhi,India,Seed,2016,Sri Capital,53.95,2016-07-20,2016-07-20,2,2016,2016,2016
fitfeast,5.35,5.35,1,Ecommerce,Delhi,Delhi,Delhi,India,Seed,2025,"Aabhas Khanunknown, Abhishek Chopra, Inflection Point Ventures, Raghav Singhal, Santosh Govindaraju",12.45,2025-07-06,2025-07-06,2,2025,2025,2025
innovodigm,5.34,5.34,1,Healthcare,Kolkata,Kolkata,West Bengal,India,Seed,2025,Ian Group,83.0,2025-06-19,2025-06-19,1,2025,2025,2025
truliv,5.34,5.34,1,Real Estate,Chennai,Chennai,Tamil Nadu,India,Unknown,2025,"Bennett, Co, Coleman",6.18,2025-06-02,2025-06-02,1,2025,2025,2025
zenifyin,5.31,5.31,1,Residential Rental Management,Bangalore,Bangalore,Karnataka,India,Seed,2015,"Atul Jalan, Bharath, Shrikanth",7.47,2015-10-05,2015-10-05,3,2015,2015,2015
unibose,5.3,5.3,1,Advanced Hardware & Technology,Chennai,Chennai,Tamil Nadu,India,Pre-Series A,2025,O2 Angels,5.0,2025-07-09,2025-07-09,2,2025,2025,2025
carlxe2x80x99s jr,5.23,5.23,1,Fast Food Franchisee,Gurgaon,Gurgaon,Haryana,India,Seed,2015,Youwecan Ventures,2.49,2015-08-20,2015-08-20,2,2015,2015,2015
feline spirits,5.2,5.2,1,Craft Alcoholic Beverage,Delhi,Delhi,Delhi,India,Pre-Series A,2025,Ipv,8.3,2025-05-02,2025-05-02,1,2025,2025,2025
xc2xa0nudgespot,5.19,5.19,1,Customer Engagement,Bangalore,Bangalore,Karnataka,India,Seed,2015,"Anoop Goyal, Kae Capital, Mike Shah, Va Sastry",49.8,2015-05-20,2015-05-20,1,2015,2015,2015
samaaro,5.19,4.15,2,Saas,Bangalore,Bangalore,Karnataka,India,"Unknown, Pre-Series A","2021, 2025","Chaitanya Kalipatunknownpu, Inflection Point Ventures, Kedar Gavane",1.04,2021-06-15,2025-09-17,"1, 2","2021, 2025",2021,2025
coffeemugai,5.15,5.15,1,Networking,Delhi,Delhi,Delhi,India,Pre-Seed,2021,"Angellist India, Paradigm Shift Capital",39.01,2021-06-13,2021-06-13,1,2021,2021,2021
krimanshi,5.15,4.98,2,Agritech,Jodhpur,Jodhpur,Rajasthan,India,"Unknown, Seed",2020,"Aim Smart City, Aruunknownchal Pradesh Social Entrepreneurship Meet, Rajasthan Venture Capital Fund",0.17,2020-02-02,2020-11-12,"3, 4","2019, 2020",2020,2020
be u salons,5.15,5.15,1,Consumer Internet,Delhi,Delhi,Delhi,India,Seed,2017,"Arun Malhotra, Gaurav Kachru, Jatin Aneja, Sundeep Singh Sahni",2.0,2017-04-16,2017-04-16,1,2017,2017,2017
wheelstreet,5.15,4.15,2,Consumer Internet,Bangalore,Bangalore,Karnataka,India,"Private Equity, Seed","2016, 2017","Broadbean Capital Services, Y Combiunknowntor",4.15,2016-03-21,2017-09-03,"2, 4","2015, 2017",2016,2017
mydreamstore,5.11,2.7,2,Other,Unknown,Nan,Nan,Nan,Seed,2015,Unknown Investors,2.41,2015-01-21,2015-01-21,4,2014,2015,2015
contravault ai,5.1,5.1,1,Tender And Rfp Management,Delhi,Delhi,Delhi,India,Seed,2025,Titan Capital,348.6,2025-05-04,2025-05-04,1,2025,2025,2025
cura care,5.0,5.0,1,Oral Care,Bangalore,Bangalore,Karnataka,India,Pre-Seed,2025,Zeropearl Vc,91.3,2025-04-25,2025-04-25,1,2025,2025,2025
creanovation,5.0,5.0,1,Admissions As A,Gurgaon,Gurgaon,Haryana,India,Unspecified Round,2024,Physis Capital,5.81,2024-11-15,2024-11-15,3,2024,2024,2024
halden,5.0,5.0,1,Luxury Mens,Mumbai,Mumbai,Maharashtra,India,Seed,2024,Prajay Advisors,79.05,2024-08-09,2024-08-09,2,2024,2024,2024
voice,5.0,5.0,1,Electric Vehicles,Delhi,Delhi,Delhi,India,Seed,2024,Bizdateup,2378.65,2024-12-17,2024-12-17,3,2024,2024,2024
max wholesale,5.0,5.0,1,Ecommerce,Delhi,Delhi,Delhi,India,Unknown,2020,"Al Falaj Commercial Investment Co, Vistra Itcl India",1162.0,2020-08-02,2020-08-02,2,2020,2020,2020
third bracket,5.0,5.0,1,Hiring,Bangalore,Bangalore,Karnataka,India,Seed,2025,Hnis,8.3,2025-05-12,2025-05-12,1,2025,2025,2025
prantae,5.0,5.0,1,Deep,Bhubaneswar,Bhubaneswar,Odisha,India,Seed,2025,"Deepank Kumar, Ian Alpha Fund, Ian Group, Nitin Zamre, Samir Kalia",1.66,2025-01-27,2025-01-27,4,2024,2025,2025
consintai,5.0,5.0,1,Healthcare,Noida,Noida,Uttar Pradesh,India,Unspecified Round,2025,"Equanimity Ventures, Seafund",11.62,2025-01-04,2025-01-04,4,2024,2025,2025
earthful,5.0,5.0,1,Plantbased Nutrition D2C Wellness,Hyderabad,Hyderabad,Telangana,India,Seed,2025,Srinivasan Namala,9.96,2025-02-26,2025-02-26,4,2024,2025,2025
harvested robotics,5.0,5.0,1,Ai,Hyderabad,Hyderabad,Telangana,India,Seed,2025,Arali Ventures,16.6,2025-03-05,2025-03-05,4,2024,2025,2025
innovartan learning,5.0,5.0,1,Edtech,Noida,Noida,Uttar Pradesh,India,Pre-Seed,2024,"Amit Singhal, Gokul Rajaram",12.45,2024-11-04,2024-11-04,3,2024,2024,2024
atmosphere the store makers,5.0,5.0,1,Retail,Mumbai,Mumbai,Maharashtra,India,Seed,2024,Artha Venture Fund And Pil Italica Lifestyle Limited,332.0,2024-12-20,2024-12-20,3,2024,2024,2024
uni seoul,5.0,5.0,1,Lifestyle,Pune,Pune,Maharashtra,India,Seed,2025,Sauce Vc,581.0,2025-04-28,2025-04-28,1,2025,2025,2025
plutope,5.0,5.0,1,Decentralized Finance Defi,Gurgaon,Gurgaon,Haryana,India,Pre-Seed,2025,Manit Gupta,2.49,2025-06-15,2025-06-15,1,2025,2025,2025
broadway,5.0,5.0,1,D2C,Mumbai,Mumbai,Maharashtra,India,Strategic Investment,2025,Gruhas,1.25,2025-03-22,2025-03-22,4,2024,2025,2025
youthkiawaaz,4.98,4.98,1,Community Driven News/Views,Delhi,Delhi,Delhi,India,Seed,2015,"Raghav Bahl, Ritu Kapur",24.9,2015-09-28,2015-09-28,2,2015,2015,2015
clanconnect,4.98,4.98,1,Marketing,Delhi,Delhi,Delhi,India,Seed,2020,Unknown,16.6,2020-01-14,2020-01-14,4,2019,2020,2020
capital quotient,4.98,4.98,1,Fintech,Bangalore,Bangalore,Karnataka,India,Unknown,2020,Unknown,1166.98,2020-01-08,2020-01-08,4,2019,2020,2020
pipa bella,4.98,4.98,1,Online Jewelry Store,Mumbai,Mumbai,Maharashtra,India,Private Equity,2015,Lionrock Capital,1.86,2015-07-02,2015-07-02,2,2015,2015,2015
qzense,4.98,4.98,1,Agritech,Bangalore,Bangalore,Karnataka,India,Seed,2020,"9Unicorns Accelerator Fund, Venture Catalysts",29.05,2020-12-20,2020-12-20,3,2020,2020,2020
momark,4.98,4.98,1,Consumer Internet,Noida,Noida,Uttar Pradesh,India,Private Equity,2016,Yournest Angel Fund,975.25,2016-03-11,2016-03-11,4,2015,2016,2016
drivojoy,4.98,4.98,1,Consumer Internet,Bangalore,Bangalore,Karnataka,India,Seed,2016,"Indian Angel Network, Others, Tracxn Labs",0.41,2016-03-28,2016-03-28,4,2015,2016,2016
legitquest,4.98,4.98,1,Legaltech,Delhi,Delhi,Delhi,India,Unknown,2021,"Info Edge, Waterbridge Ventures",39.0,2021-04-09,2021-04-09,1,2021,2021,2021
bluegapecom,4.98,4.98,1,Visual Blogging,Delhi,Delhi,Delhi,India,Seed,2015,"Ah! Ventures, Rudy Gopalakrishunknownn, Times Internet",1.66,2015-08-27,2015-08-27,2,2015,2015,2015
delight foods,4.98,4.98,1,Branded Food Products Online Sales,Bangalore,Bangalore,Karnataka,India,Private Equity,2015,"Fireside Ventures, Lensbridge Capital, Mape Advisory Group",5693.8,2015-11-02,2015-11-02,3,2015,2015,2015
revrag,4.98,4.98,1,B2B Sales,Bangalore,Bangalore,Karnataka,India,Pre-Seed,2024,"Deepak Anchala, Kuunknownl Shah, Other Angel Investors, Powerhouse Ventures, Vetri Vellore, Viral Bajaria",33.2,2024-08-16,2024-08-16,2,2024,2024,2024
infisecure,4.98,4.98,1,Technology,Mumbai,Mumbai,Maharashtra,India,Seed,2016,"Axilor Ventures, Idg Ventures",29.88,2016-11-10,2016-11-10,3,2016,2016,2016
cora health,4.98,4.98,1,Healthcare,Bangalore,Bangalore,Karnataka,India,Seed,2021,Indian Angel Network,0.83,2021-11-23,2021-11-23,3,2021,2021,2021
happycredit,4.98,4.98,1,Fintech,Bangalore,Bangalore,Karnataka,India,Pre-Seed,2021,"Krishunknown Kumar, Kuunknownl Shah",2.08,2021-09-06,2021-09-06,2,2021,2021,2021
flatpebble,4.98,4.98,1,Online For Photographers,Hyderabad,Hyderabad,Telangana,India,Seed,2015,Indian Angel Network,8.3,2015-08-09,2015-08-09,2,2015,2015,2015
frankly,4.98,4.98,1,Other,Unknown,Nan,Nan,Nan,Seed,2015,Matrix Partners,16.6,2015-01-02,2015-01-02,4,2014,2015,2015
foodybuddy,4.98,4.98,1,Food,Belgaum,Belgaum,Karnataka,India,Unknown,2020,Rebel Foods,4.15,2020-12-27,2020-12-27,3,2020,2020,2020
inspektlabs,4.98,4.98,1,Ai,Delhi,Delhi,Delhi,India,Pre-Series A,2020,"Better Capital, Titan Capital",46.48,2020-07-21,2020-07-21,2,2020,2020,2020
niveshcom,4.98,4.98,1,Mutual Funds,Noida,Noida,Uttar Pradesh,India,Unknown,2020,Windrose Capital,17.01,2020-01-10,2020-01-10,4,2019,2020,2020
nxtqube,4.98,4.98,1,Dronetech,Nashik,Nashik,Maharashtra,India,Seed,2024,"And Others, Aunknownnta Bizcon Llp, Pontaq Vc, Rushikesh Bhandari",112.05,2024-08-06,2024-08-06,2,2024,2024,2024
fourth ambit,4.98,4.98,1,Consumer Internet,Bangalore,Bangalore,Karnataka,India,Seed,2017,1Crowd,3.78,2017-05-12,2017-05-12,1,2017,2017,2017
avishkaar,4.98,4.98,1,Edtech,Delhi,Delhi,Delhi,India,Pre-Series A,2021,Auxano,8.3,2021-06-15,2021-06-15,1,2021,2021,2021
clensta,4.98,4.98,1,Biotechnology,Delhi,Delhi,Delhi,India,Unknown,2021,"Ian Fund, World Startup Factory",8.3,2021-05-15,2021-05-15,1,2021,2021,2021
unnati helpers,4.98,4.98,1,Consumer Internet,Gurgaon,Gurgaon,Haryana,India,Private Equity,2016,Info Edge (India) Ltd,72.21,2016-06-10,2016-06-10,1,2016,2016,2016
devnagri,4.98,4.98,1,Translation & Localization,Noida,Noida,Uttar Pradesh,India,Seed,2021,"Enture Catalyst, Ipv",8.3,2021-10-26,2021-10-26,3,2021,2021,2021
playablo,4.98,4.98,1,Technology,Bangalore,Bangalore,Karnataka,India,Seed,2017,Abiunknownshowatech (India) Ltd,0.13,2017-07-02,2017-07-02,2,2017,2017,2017
lavelle networks,4.98,4.98,1,Technology,Bangalore,Bangalore,Karnataka,India,Seed,2017,Ideaspring Capital,120.0,2017-03-20,2017-03-20,4,2016,2017,2017
myclassboard,4.98,4.98,1,Edtech,Hyderabad,Hyderabad,Telangana,India,Pre-Series A,2020,Icici Bank.,24.9,2020-12-07,2020-12-07,3,2020,2020,2020
whodat,4.98,4.98,1,Technology,Bangalore,Bangalore,Karnataka,India,Private Equity,2017,Ideaspring Capital,34.86,2017-04-10,2017-04-10,1,2017,2017,2017
eureqa,4.98,4.98,1,Test Automation Saas,Hyderabad,Hyderabad,Telangana,India,Seed,2015,"Gabriel Investments, Sashi Reddi",83.0,2015-12-21,2015-12-21,3,2015,2015,2015
abl workspaces,4.98,4.98,1,Hospitality,Delhi,Delhi,Delhi,India,Pre-Series A,2021,Wurk,12.45,2021-02-19,2021-02-19,4,2020,2021,2021
sawo labs,4.98,4.98,1,Saas,Mumbai,Mumbai,Maharashtra,India,Seed,2020,"100X.Vc, Startupxseed Ventures",8.3,2020-12-17,2020-12-17,3,2020,2020,2020
nanoclean global,4.98,4.98,1,Nanotechnology,Delhi,Delhi,Delhi,India,Series A,2019,"91Springboard, Al Nour Interunknowntiounknownl Holdings And Mark V Investments, Letsventure, Pitchright Venture",41.5,2019-02-03,2019-02-03,4,2018,2019,2019
bueno,4.98,4.98,1,Online Food Ordering & Delivery,Gurgaon,Gurgaon,Haryana,India,Seed,2015,High Networth Individuals (No Details),34.86,2015-09-07,2015-09-07,2,2015,2015,2015
ef polymer,4.98,3.32,2,Agritech,Rajsamand,Rajsamand,Rajasthan,India,"Unknown, Series B","2021, 2025","Mtg Ventures, Toyoda Gosei / Beyond Next Ventures",1.66,2021-04-15,2025-10-20,"1, 3","2021, 2025",2021,2025
peppermint,4.98,4.98,1,Industrial Automation,Pune,Pune,Maharashtra,India,Unknown,2021,"Indian Angel Network, Venture Catalysts",2031.51,2021-09-26,2021-09-26,2,2021,2021,2021
bigleap,4.98,4.98,1,Recruitment,Hyderabad,Hyderabad,Telangana,India,Unknown,2021,Anup Kumar Yama,16.6,2021-06-13,2021-06-13,1,2021,2021,2021
nest education,4.98,4.98,1,Technology,Gurgaon,Gurgaon,Haryana,India,Seed,2017,"Aunknownnd Mahindra, Michael And Susan Dell Foundation",83.0,2017-09-19,2017-09-19,2,2017,2017,2017
broomees,4.98,4.98,1,Information Technology &,Delhi,Delhi,Delhi,India,Unknown,2022,"2 Am Vc, Magic Fund",8.3,2022-01-23,2022-01-23,4,2021,2022,2022
acculi labs,4.98,4.98,1,Healthcare,Bangalore,Bangalore,Karnataka,India,Seed,2020,Startup Basket.,1.66,2020-10-18,2020-10-18,3,2020,2020,2020
habitat,4.98,4.98,1,Edtech,Unknown,Nan,Nan,Nan,Seed,2020,"Unitus Ventures, Whiteboard Capital",315.4,2020-12-27,2020-12-27,3,2020,2020,2020
recove,4.96,4.96,1,Clean,Bangalore,Bangalore,Karnataka,India,Unknown,2025,Momentum Capital,3.32,2025-09-24,2025-09-24,2,2025,2025,2025
diro labs,4.95,3.73,2,Consumer Internet,Delhi,Delhi,Delhi,India,"Private Equity, Seed",2016,"Info Edge (India), Info Edge (India) Ltd",3.73,2016-06-02,2016-12-03,"1, 3",2016,2016,2016
wiwigo,4.94,4.94,1,Consumer Internet,Bangalore,Bangalore,Karnataka,India,Seed,2016,Indian Angel Network,3.73,2016-07-09,2016-07-09,2,2016,2016,2016
stitchwood,4.94,3.28,2,Custom Furniture,Mumbai,Mumbai,Maharashtra,India,Seed,"2015, 2016","Ajeet Khuraunknown, Deepak Gupta, Others, Powai Lake Ventures",3.28,2015-07-25,2016-07-27,2,"2015, 2016",2015,2016
truckola,4.94,4.94,1,Logistics,Mumbai,Mumbai,Maharashtra,India,Seed,2016,"Abhishek Agarwal, Krishunknownkumar Nataraj, Sarath Sura, Sarthak And Nihit Agarwal, Shanti Mohan, Suramya Gupta",16.6,2016-07-18,2016-07-18,2,2016,2016,2016
gennext students,4.81,4.81,1,Consumer Internet,Mumbai,Mumbai,Maharashtra,India,Seed,2017,Unknown Investors,66.4,2017-05-03,2017-05-03,1,2017,2017,2017
kaagaz scanner,4.77,4.77,1,Scanning,Unknown,Nan,Nan,Nan,Unknown,2020,Pravega Ventures,332.0,2020-11-14,2020-11-14,3,2020,2020,2020
career anna,4.75,4.75,1,Edtech,Gurgaon,Gurgaon,Haryana,India,Pre-Series A,2018,Individual Investors,36.1,2018-12-06,2018-12-06,3,2018,2018,2018
prest loans,4.73,4.73,1,Fintech,Delhi,Delhi,Delhi,India,Seed,2017,"Arun Garg, Manish Poddar, Parmeshwar Sharma",18.26,2017-11-01,2017-11-01,3,2017,2017,2017
dmoksha homes,4.73,4.73,1,Textiles,Mumbai,Mumbai,Maharashtra,India,Seed,2021,"Apoorva Sharma, Karthik Bhat, The Chenunknowni Angels",390.1,2021-10-28,2021-10-28,3,2021,2021,2021
cuzor,4.7,4.7,1,Ecommerce,Bangalore,Bangalore,Karnataka,India,Seed,2025,"Kaynes Technology), Ramesh Kanunknownn (Md",14.94,2025-09-14,2025-09-14,2,2025,2025,2025
rxmen,4.7,4.7,1,Healthcare,Delhi,Delhi,Delhi,India,Seed,2025,Inflection Point Ventures,98.77,2025-09-04,2025-09-04,2,2025,2025,2025
callifyai,4.65,4.65,1,Technology,Mumbai,Mumbai,Maharashtra,India,Seed,2020,Malpani Ventures,51.46,2020-12-11,2020-12-11,3,2020,2020,2020
linkrunner,4.65,4.65,1,Ai,Bangalore,Bangalore,Karnataka,India,Unknown,2025,Titan Capital,8.3,2025-07-15,2025-07-15,2,2025,2025,2025
rimigo,4.57,4.57,1,Travel,Bangalore,Bangalore,Karnataka,India,Pre-Seed,2025,Reazon Capital,431.6,2025-04-07,2025-04-07,1,2025,2025,2025
proviera,4.57,4.57,1,Probiotic Technology Products Manufacturer,Chennai,Chennai,Tamil Nadu,India,Private Equity,2015,Infuse Ventures,16.6,2015-06-05,2015-06-05,1,2015,2015,2015
luzo,4.57,4.57,1,For Salons Spas And Wellness Clinics,Mumbai,Mumbai,Maharashtra,India,Seed,2025,Enrission India Capital,7.47,2025-05-28,2025-05-28,1,2025,2025,2025
mydidi,4.57,4.57,1,Consumer Internet,Mumbai,Mumbai,Maharashtra,India,Seed,2016,Unknown Ex Mckinsey Directors And Partners,10.38,2016-08-02,2016-08-02,2,2016,2016,2016
gradeup,4.53,4.53,1,Edtech,Noida,Noida,Uttar Pradesh,India,Unknown,2020,"Times Internet, Tlabs",16.6,2020-08-16,2020-08-16,2,2020,2020,2020
gullybuy software,4.51,4.51,1,Technology,Pune,Pune,Maharashtra,India,Pre-Series A,2020,Unknown,9.96,2020-01-13,2020-01-13,4,2019,2020,2020
innergize,4.5,4.5,1,D2C Mental Health,Mumbai,Mumbai,Maharashtra,India,Pre-Seed,2025,Antler,43.58,2025-04-03,2025-04-03,1,2025,2025,2025
ippopay,4.5,4.5,1,Fintech,Chennai,Chennai,Tamil Nadu,India,Unspecified Round,2024,"Mithun Sacheti, Siddhartha Sacheti",16.6,2024-08-01,2024-08-01,2,2024,2024,2024
globalbees brands,4.5,4.5,1,Ecommerce,Delhi,Delhi,Delhi,India,Other,2024,Dyunknownmic It Solution Private Limited (Subsidiary Of Brainbees Solutions),2166.3,2024-10-24,2024-10-24,3,2024,2024,2024
wishnew wellness,4.5,4.5,1,Wellness,Delhi,Delhi,Delhi,India,Angel,2024,"Abhijeet Raunknown, Ankit Khunknowndelwal, Ashish Singh, Gyanesh Sharma (Dotpe)",24.9,2024-10-15,2024-10-15,3,2024,2024,2024
curryit,4.5,4.5,1,Food,Delhi,Delhi,Delhi,India,Seed,2024,"Freeflow Ventures, Rk Family Trust, Tangent Advisors",2.08,2024-08-09,2024-08-09,2,2024,2024,2024
superhero brands,4.48,4.48,1,Character Merchandize Sales,Mumbai,Mumbai,Maharashtra,India,Seed,2015,Dsg Consumer Partners,226.59,2015-11-17,2015-11-17,3,2015,2015,2015
tummoc,4.48,4.48,1,Mobility,Bangalore,Bangalore,Karnataka,India,Seed,2021,"Alan Aim, Deependra Bisht, Krishunknown D, Vineet Singh",33.2,2021-09-03,2021-09-03,2,2021,2021,2021
vebbler,4.48,4.15,2,Consumer Internet,Bangalore,Bangalore,Karnataka,India,Seed,"2016, 2017","14 Others, Anupam Mittal, Facebook Fbstart, Sharad Sharma",4.15,2016-08-18,2017-02-08,"2, 4",2016,2016,2017
the print,4.44,4.44,1,Media,Delhi,Delhi,Delhi,India,Other,2018,Ratan Tata,45.65,2018-03-28,2018-03-28,4,2017,2018,2018
garaaz,4.41,4.41,1,Enteprise,Jaipur,Jaipur,Rajasthan,India,Seed,2025,Gvfl,3.57,2025-07-10,2025-07-10,2,2025,2025,2025
bibox,4.4,4.4,1,Kids Tool Kit For Innovation,Bangalore,Bangalore,Karnataka,India,Seed,2015,Ravi Krishunknownmurthy,8.3,2015-11-26,2015-11-26,3,2015,2015,2015
genius corner,4.39,2.31,2,Edtech,Noida,Noida,Uttar Pradesh,India,"Seed, Unknown","2018, 2020","Individual Investors, Jyoti Arora, Mahesh Mohta, Nachu Subramanian, Srivats",2.31,2018-11-05,2020-02-16,"3, 4","2018, 2019",2018,2020
taxsutra,4.37,3.04,2,Other,Unknown,Nan,Nan,Nan,"Other, Seed","2015, 2017","Pv Srinivasan, T V Mohandas Pai, Tv Mohandas Pai, V Balakrishunknownn",1.33,2015-02-22,2017-01-18,4,"2014, 2016",2015,2017
orahi,4.32,4.32,1,Consumer Internet,Gurgaon,Gurgaon,Haryana,India,Seed,2016,Indian Angel Network,64.74,2016-01-20,2016-01-20,4,2015,2016,2016
ensologic,4.32,4.32,1,International Trade & Development,Delhi,Delhi,Delhi,India,Seed,2022,"Hyderabad Angels, Indian Angel Network (Ian)",962.8,2022-03-07,2022-03-07,4,2021,2022,2022
frshcoin,4.3,4.3,1,Other,Unknown,Nan,Nan,Nan,Other,2015,"India Quotient, Kae Capital",8.3,2015-02-02,2015-02-02,4,2014,2015,2015
ihub robotics,4.3,4.3,1,Humanoid Robotics,Ernakulam,Kochi,Kerala,India,Pre-Seed,2025,U.S. Investors,8.3,2025-03-15,2025-03-15,4,2024,2025,2025
silvan,4.27,4.27,1,Technology,Bangalore,Bangalore,Karnataka,India,Seed,2016,The Chenunknowni Angels,3.72,2016-01-01,2016-01-01,4,2015,2016,2016
proeves,4.21,4.21,1,Preschool Daycare,Delhi,Delhi,Delhi,India,Seed,2020,1Crowd,16.6,2020-01-04,2020-01-04,4,2019,2020,2020
flickstree,4.19,3.85,2,Consumer Internet,Mumbai,Mumbai,Maharashtra,India,"Seed, Unknown","2017, 2020","Ankit Aditya, Moksh Sports Ventures, Mox, Sourav Ganguly, Venture Catalysts",3.85,2017-07-05,2020-08-27,2,"2017, 2020",2017,2020
styledotme,4.19,3.88,2,Consumer Internet,Delhi,Delhi,Delhi,India,"Seed, Pre-Series A","2016, 2020","Indian Angel Network, Survam Partners",0.31,2016-02-19,2020-07-11,"2, 4","2015, 2020",2016,2020
kalpnik,4.15,4.15,1,Technology,Bangalore,Bangalore,Karnataka,India,Seed,2017,Venture Catalysts,264.77,2017-11-15,2017-11-15,3,2017,2017,2017
justlikenew,4.15,4.15,1,Ecommerce,Hyderabad,Hyderabad,Telangana,India,Seed,2016,Letsventure,6.22,2016-09-12,2016-09-12,2,2016,2016,2016
taxivaxi,4.15,4.15,1,Consumer Internet,Delhi,Delhi,Delhi,India,Seed,2016,Unknown Hnis,8.3,2016-05-15,2016-05-15,1,2016,2016,2016
imaginate,4.15,4.15,1,Technology,Hyderabad,Hyderabad,Telangana,India,Seed,2017,Sri Capital,19.92,2017-02-22,2017-02-22,4,2016,2017,2017
caravan craft retail,4.15,4.15,1,Other,Unknown,Nan,Nan,Nan,Other,2015,"Bijou Kurien, Unitus Seed Fund\\Nnarayan Ramachandran",9.96,2015-02-24,2015-02-24,4,2014,2015,2015
iline,4.15,4.15,1,Logistics,Noida,Noida,Uttar Pradesh,India,Unknown,2025,Unknown,41.5,2025-07-15,2025-07-15,2,2025,2025,2025
carcrewin,4.15,4.15,1,Consumer Internet,Mumbai,Mumbai,Maharashtra,India,Seed,2016,Tvs Group,132.8,2016-11-18,2016-11-18,3,2016,2016,2016
greenpod labs,4.15,4.15,1,Biotechnology,Chennai,Chennai,Tamil Nadu,India,Pre-Seed,2022,Indian Angel Network,166.0,2022-02-23,2022-02-23,4,2021,2022,2022
bimape,4.15,4.15,1,Fintech,Mumbai,Mumbai,Maharashtra,India,Pre-Seed,2021,"Iseed, Titan Capital",8.3,2021-06-19,2021-06-19,1,2021,2021,2021
super surfaces,4.15,4.15,1,Deisgning,Hyderabad,Hyderabad,Telangana,India,Series A,2020,Vishnu Reddy,3.32,2020-01-06,2020-01-06,4,2019,2020,2020
karma healthcare,4.15,4.15,1,Healthcare,Udaipur,Udaipur,Rajasthan,India,Other,2018,"1Crowd, Ankur Capital",12.45,2018-03-14,2018-03-14,4,2017,2018,2018
medial,4.15,4.15,1,Media And Entertainment,Bangalore,Bangalore,Karnataka,India,Pre-Series A,2024,Ortella Global Capital (Og Capital),954.5,2024-12-18,2024-12-18,3,2024,2024,2024
lo foods,4.15,4.15,1,Consumer Goods,Bangalore,Bangalore,Karnataka,India,Seed,2019,"Bookmyshow), Freshmenu), Myntra) And Mitesh Shah (Fiunknownnce Chief, Rashmi Daga (Founder, Raveen Sastry (Counknownfounder",8.3,2019-08-22,2019-08-22,2,2019,2019,2019
tagz foods,4.15,4.15,1,Food,Bangalore,Bangalore,Karnataka,India,Pre-Series A,2021,Venture Catalysts,41.5,2021-04-24,2021-04-24,1,2021,2021,2021
karomi,4.15,4.15,1,Technology,Chennai,Chennai,Tamil Nadu,India,Seed,2017,Ideaspring Capital,20.75,2017-03-11,2017-03-11,4,2016,2017,2017
indee,4.15,4.15,1,Consumer Internet,Bangalore,Bangalore,Karnataka,India,Seed,2016,Kalaari Capital Accelerator Program,141.1,2016-05-14,2016-05-14,1,2016,2016,2016
joolz,4.15,4.15,1,Ecommerce,Mumbai,Mumbai,Maharashtra,India,Private Equity,2016,"M, Powerhouse Ventures, S Partners",2.49,2016-08-02,2016-08-02,2,2016,2016,2016
uknowva,4.15,4.15,1,Enterprise,Mumbai,Mumbai,Maharashtra,India,Pre-Series A,2025,Unknown,9.96,2025-09-23,2025-09-23,2,2025,2025,2025
indiez,4.15,4.15,1,Technology,Bangalore,Bangalore,Karnataka,India,Seed,2017,Haresh Chawla,16.6,2017-08-24,2017-08-24,2,2017,2017,2017
iyaso,4.15,4.15,1,Speech Therapy,Pune,Pune,Maharashtra,India,Pre-Seed,2025,Malpani Ventures,564.4,2025-03-25,2025-03-25,4,2024,2025,2025
clairco,4.15,4.15,1,Cleantech,Bangalore,Bangalore,Karnataka,India,Unknown,2021,"Angellist, Real Estate Accelerator Program (Reap)",37.35,2021-03-05,2021-03-05,4,2020,2021,2021
sustainkart,4.15,4.15,1,Ecommerce,Hyderabad,Hyderabad,Telangana,India,Pre-Seed,2022,India Accelerator,12.04,2022-01-08,2022-01-08,4,2021,2022,2022
5th vital,4.15,4.15,1,Healthcare,Bangalore,Bangalore,Karnataka,India,Other,2018,Brand Capital And Others,48.14,2018-07-03,2018-07-03,2,2018,2018,2018
bambinos,4.15,4.15,1,Edtech,Bangalore,Bangalore,Karnataka,India,Seed,2021,"Angels, Hnis",1.93,2021-06-19,2021-06-19,1,2021,2021,2021
unboxrobotics labs,4.15,4.15,1,Automation,Bangalore,Bangalore,Karnataka,India,Seed,2020,"Arali Ventures, Ciie.Co",68.06,2020-03-09,2020-03-09,4,2019,2020,2020
48east,4.15,4.15,1,Ecommerce,Bangalore,Bangalore,Karnataka,India,Private Equity,2017,Al Dhaheri Family,124.5,2017-02-06,2017-02-06,4,2016,2017,2017
tabps pets,4.15,4.15,1,Food,Coimbatore,Coimbatore,Tamil Nadu,India,Seed,2022,Unknown,24.9,2022-03-18,2022-03-18,4,2021,2022,2022
impact guru,4.15,4.15,1,Consumer Internet,Mumbai,Mumbai,Maharashtra,India,Seed,2016,"Fundnel, Rb Investments",187.16,2016-04-03,2016-04-03,1,2016,2016,2016
igl,4.15,4.15,1,Gaming,Mumbai,Mumbai,Maharashtra,India,Unknown,2021,"Hindustan Talkies, Hungama",161.85,2021-03-01,2021-03-01,4,2020,2021,2021
listup,4.15,4.15,1,Ecommerce,Mumbai,Mumbai,Maharashtra,India,Seed,2016,"Kae Capital, Kuunknownl Shah, Sandeep Tandon",20.75,2016-06-14,2016-06-14,1,2016,2016,2016
uber dreams,4.15,4.15,1,Ecommerce,Mumbai,Mumbai,Maharashtra,India,Seed,2016,Mohit Lalvani,290.5,2016-08-23,2016-08-23,2,2016,2016,2016
chattybao,4.15,4.15,1,Ecommerce,Delhi,Delhi,Delhi,India,Seed,2022,". Info Edge Ventures And Vertex Ventures Southeast Asia, India",2.49,2022-07-02,2022-07-02,2,2022,2022,2022
zenparent,4.15,4.15,1,Parents Focused Web Content,Bangalore,Bangalore,Karnataka,India,Seed,2015,I2India Ventures,539.5,2015-05-22,2015-05-22,1,2015,2015,2015
heizen,4.15,4.15,1,Enterprise,Delhi,Delhi,Delhi,India,Pre-Seed,2025,Titan Capital,22.41,2025-07-26,2025-07-26,2,2025,2025,2025
cheersoye,4.15,4.15,1,Consumer Internet,Mumbai,Mumbai,Maharashtra,India,Seed,2016,Unknown Investors,34.11,2016-09-05,2016-09-05,2,2016,2016,2016
life pursuits,4.15,4.15,1,Healthcare,Noida,Noida,Uttar Pradesh,India,Unknown,2022,"Pankaj Agrawal, Supermorpheus And Eagle10 Ventures",1.25,2022-02-19,2022-02-19,4,2021,2022,2022
zepo,4.15,4.15,1,Consumer Internet,Mumbai,Mumbai,Maharashtra,India,Seed,2017,"Anupam Mittal, Hetal Sonpal, Kuunknownl Shah, Letsventure",24.9,2017-08-07,2017-08-07,2,2017,2017,2017
cellestial,4.15,4.15,1,Electronics,Hyderabad,Hyderabad,Telangana,India,Pre-Series A,2021,"Ashik K, Gurj Aujla",16.6,2021-05-07,2021-05-07,1,2021,2021,2021
lenden club,4.15,4.15,1,Consumer Internet,Mumbai,Mumbai,Maharashtra,India,Seed,2017,Unknown Investor,12.5,2017-10-26,2017-10-26,3,2017,2017,2017
legalwizin,4.15,4.15,1,Legaltech,Ahmedabad,Ahmedabad,Gujarat,India,Unknown,2021,Contcentric,8.3,2021-01-12,2021-01-12,4,2020,2021,2021
lazylad,4.15,4.15,1,Hyperlocal Grocery,Gurgaon,Gurgaon,Haryana,India,Private Equity,2015,"Hirokazu, Jai Choi, Kiyohiro Sugashita",0.83,2015-07-26,2015-07-26,2,2015,2015,2015
celcius,4.15,4.15,1,Logistics,Mumbai,Mumbai,Maharashtra,India,Unknown,2021,"Huddle, Lumis Partners, Mumbai Angels Network",259.79,2021-08-22,2021-08-22,2,2021,2021,2021
hoopy,4.15,4.15,1,Consumer Internet,Gwalior,Gwalior,Madhya Pradesh,India,Seed,2017,Undisclosed Investors,22.66,2017-01-07,2017-01-07,4,2016,2017,2017
kwatt,4.15,4.15,1,Renewable Energy,Mumbai,Mumbai,Maharashtra,India,Seed,2015,Unknown,375.58,2015-06-02,2015-06-02,1,2015,2015,2015
acadru,4.15,4.15,1,Edtech,Gurgaon,Gurgaon,Haryana,India,Pre-Series A,2024,"Aig Direct Llc, Others",10.38,2024-08-03,2024-08-03,2,2024,2024,2024
bumper,4.15,4.15,1,Mobile Car Servicing Appointment,Bangalore,Bangalore,Karnataka,India,Seed,2015,Saif Partners,1.1,2015-12-17,2015-12-17,3,2015,2015,2015
krimanshi feeds,4.15,4.15,1,Nutrition Sector,Jodhpur,Jodhpur,Rajasthan,India,Unknown,2020,"Aim Smart City, Rajasthan Venture Capital Fund",5.15,2020-10-18,2020-10-18,3,2020,2020,2020
spaciya consultants,4.15,4.15,1,Real Estate,Noida,Noida,Uttar Pradesh,India,Pre-Series A,2020,Alok Garg,33.2,2020-03-03,2020-03-03,4,2019,2020,2020
konsult app,4.15,4.15,1,Consumer Internet,Delhi,Delhi,Delhi,India,Seed,2017,"Jeroen Mensen, Koen Bouwers, Lomesh Agarwal, Others, Pablo Van Den Bosch",42.75,2017-04-02,2017-04-02,1,2017,2017,2017
i2e1,4.15,4.15,1,Internet Infrastructure,Delhi,Delhi,Delhi,India,Seed,2015,Growx Ventures,14.94,2015-12-14,2015-12-14,3,2015,2015,2015
stylework,4.15,4.15,1,Coworking,Gurgaon,Gurgaon,Haryana,India,Pre-Series A,2021,Inflection Point Ventures,62.25,2021-03-06,2021-03-06,4,2020,2021,2021
klipin,4.15,4.15,1,Other,Unknown,Nan,Nan,Nan,Other,2015,"Calcutta Angels, Venture Nursery Angels Mumbai Angels",1.91,2015-02-10,2015-02-10,4,2014,2015,2015
kitchens centre,4.15,4.15,1,Other,Delhi,Delhi,Delhi,India,Seed,2020,Angellist India,1531.35,2020-04-14,2020-04-14,1,2020,2020,2020
icanstay,4.15,4.15,1,Consumer Internet,Delhi,Delhi,Delhi,India,Other,2018,Mr. Manoj Prasad,19.09,2018-04-14,2018-04-14,1,2018,2018,2018
zapty,4.15,4.15,1,Technology,Bangalore,Bangalore,Karnataka,India,Seed,2017,Ideaspring Capital,16.6,2017-05-05,2017-05-05,1,2017,2017,2017
guarented,4.15,4.15,1,Ecommerce,Bangalore,Bangalore,Karnataka,India,Seed,2016,Kalaari Capital,99.6,2016-08-10,2016-08-10,2,2016,2016,2016
goofy tails,4.15,4.15,1,Nutrition,Delhi,Delhi,Delhi,India,Unknown,2022,Beyondseed And The Chenunknowni Angels,13.28,2022-10-26,2022-10-26,3,2022,2022,2022
ask my guru,4.15,4.15,1,Consumer > Religion,Karnataka,Nan,Karnataka,India,Seed,2025,Matrimony.Com,124.5,2025-10-01,2025-10-01,3,2025,2025,2025
agricxlab,4.15,4.15,1,Agritech,Mumbai,Mumbai,Maharashtra,India,Other,2018,Ankur Capital,29.05,2018-02-20,2018-02-20,4,2017,2018,2018
excellent publicity,4.15,4.15,1,Marketing & Advertising,Ahmedabad,Ahmedabad,Gujarat,India,Unknown,2022,Unknown,605.9,2022-03-12,2022-03-12,4,2021,2022,2022
epoise,4.15,4.15,1,Job Search,Bangalore,Bangalore,Karnataka,India,Seed,2015,"Amit Ranjan, Orios Venture Partners, Others",76.0,2015-08-21,2015-08-21,2,2015,2015,2015
scapic,4.15,4.15,1,Technology,Bangalore,Bangalore,Karnataka,India,Other,2018,"Axilor Ventures, Newfort Capital",332.0,2018-01-23,2018-01-23,4,2017,2018,2018
playto labs,4.15,4.15,1,Edtech,Bangalore,Bangalore,Karnataka,India,Seed,2021,Inflection Point Ventures,12.45,2021-10-11,2021-10-11,3,2021,2021,2021
cuberoot,4.15,4.15,1,Technology,Gurgaon,Gurgaon,Haryana,India,Seed,2016,Unknown Investors,63.91,2016-08-02,2016-08-02,2,2016,2016,2016
cube wealth,4.15,4.15,1,Saas,Mumbai,Mumbai,Maharashtra,India,Other,2020,"Asuka Holding, Beenext",6.64,2020-06-04,2020-06-04,1,2020,2020,2020
etaout,4.15,4.15,1,Ecommerce,Noida,Noida,Uttar Pradesh,India,Seed,2015,"Amit Ranjan, Girish Mathrubootham, Kuunknownl Bahl, Vijay Shekhar Sharma, \\Xc2\\Xa0 Group Of Other Angel Investors",273.9,2015-08-01,2015-08-01,2,2015,2015,2015
piqube,4.15,4.15,1,Hiring Analytics,Chennai,Chennai,Tamil Nadu,India,Seed,2015,The Hr Fund,20.75,2015-04-26,2015-04-26,1,2015,2015,2015
wigzo,4.15,4.15,1,Enterprise Marketing Automation,Delhi,Delhi,Delhi,India,Seed,2015,"Aarin Capital Partners, Tv Mohandas Pai",45.65,2015-12-19,2015-12-19,3,2015,2015,2015
windo,4.15,4.15,1,Ecommerce,Hyderabad,Hyderabad,Telangana,India,Seed,2021,Unicorn India Ventures,199.2,2021-06-15,2021-06-15,1,2021,2021,2021
pickkup,4.15,4.15,1,Logistics,Gurgaon,Gurgaon,Haryana,India,Seed,2025,"Angel Investors, We Founder Circle (Wfc)",10.79,2025-02-01,2025-02-01,4,2024,2025,2025
evenflow brands,4.15,4.15,1,Consumer Goods,Mumbai,Mumbai,Maharashtra,India,Unknown,2021,Unknown,41.5,2021-12-19,2021-12-19,3,2021,2021,2021
eveningflavors,4.15,4.15,1,Online Table Reservation,Bangalore,Bangalore,Karnataka,India,Seed,2015,Sandiep Shrivatsava,4.15,2015-05-03,2015-05-03,1,2015,2015,2015
sensegiz,4.15,4.15,1,Smartwatch Maker,Belgaum,Belgaum,Karnataka,India,Seed,2015,Karunknowntaka Semiconductor Venture Capital Firm,6.22,2015-11-07,2015-11-07,3,2015,2015,2015
explore life traveling,4.15,4.15,1,Consumer Internet,Bangalore,Bangalore,Karnataka,India,Seed,2017,"Amar Arsikere, Bharat Vijay, Krish Seshadri, Mekin Maheshwari",4.07,2017-06-03,2017-06-03,1,2017,2017,2017
satyukt,4.15,4.15,1,Agritech,Bangalore,Bangalore,Karnataka,India,Seed,2020,"Nabventures, Social Alpha (India)",249.0,2020-10-20,2020-10-20,3,2020,2020,2020
settl,4.15,4.15,1,Real Estate,Bangalore,Bangalore,Karnataka,India,Seed,2021,"Ah! Ventures, We Founder Circle",0.83,2021-11-26,2021-11-26,3,2021,2021,2021
creditmate,4.15,4.15,1,Consumer Internet,Mumbai,Mumbai,Maharashtra,India,Seed,2016,India Quotient,90.5,2016-10-15,2016-10-15,3,2016,2016,2016
paytunes,4.15,4.15,1,Consumer Internet,Delhi,Delhi,Delhi,India,Private Equity,2016,"Cio Angel Network, Indian Angel Network",1660.0,2016-06-19,2016-06-19,1,2016,2016,2016
shippr,4.15,4.15,1,Intracity Logistics,Bangalore,Bangalore,Karnataka,India,Seed,2015,I2India Pvt Ltd,6.5,2015-06-27,2015-06-27,1,2015,2015,2015
passport trips,4.15,4.15,1,Travel,Mumbai,Mumbai,Maharashtra,India,Pre-Seed,2025,Aroa Venture Partners,25.73,2025-07-26,2025-07-26,2,2025,2025,2025
cleansecar,4.15,4.15,1,Technology,Bangalore,Bangalore,Karnataka,India,Other,2018,Venture Catalysts,16.6,2018-11-22,2018-11-22,3,2018,2018,2018
parablu,4.15,4.15,1,Technology,Bangalore,Bangalore,Karnataka,India,Seed,2016,Kalaari Capital,91.3,2016-06-09,2016-06-09,1,2016,2016,2016
paar autonomy,4.15,4.15,1,Advanced Hardware & Technology,Bangalore,Bangalore,Karnataka,India,Seed,2025,Venture Catalysts,41.5,2025-09-02,2025-09-02,2,2025,2025,2025
altuni,4.15,4.15,1,Edtech,Mumbai,Mumbai,Maharashtra,India,Unknown,2022,"Amit Gupta, Gautam Gurunknownni, Mukesh Maniar, Rahul Gupta",161.02,2022-02-07,2022-02-07,4,2021,2022,2022
origamis ai,4.15,4.15,1,Ai,Bangalore,Bangalore,Karnataka,India,Seed,2025,"Naveen Agarwal, Vikas Gautam",9.13,2025-02-27,2025-02-27,4,2024,2025,2025
couponraja,4.15,4.15,1,Online Coupon & Comparison,Mumbai,Mumbai,Maharashtra,India,Seed,2015,"Mahesh Pratapneni, Others, Pallab Chatterjee",1.16,2015-06-06,2015-06-06,1,2015,2015,2015
firescore,4.15,4.15,1,Gaming,Mumbai,Mumbai,Maharashtra,India,Unknown,2020,Crazy Labs,41.5,2020-07-15,2020-07-15,2,2020,2020,2020
alternacare,4.15,4.15,1,Consumer Internet,Delhi,Delhi,Delhi,India,Seed,2016,Eros Labs,1172.33,2016-09-02,2016-09-02,2,2016,2016,2016
appbrowzer,4.15,4.15,1,Consumer Internet,Bangalore,Bangalore,Karnataka,India,Seed,2017,Deepak Gurunknownni,2.41,2017-03-17,2017-03-17,4,2016,2017,2017
buddy,4.15,4.15,1,Fintech,Bangalore,Bangalore,Karnataka,India,Seed,2016,"Blume Ventures, \\Xc2\\Xa0 Tracxn Labs",2075.0,2016-02-12,2016-02-12,4,2015,2016,2016
vidgyor,4.15,4.15,1,Video Advertisement,Bangalore,Bangalore,Karnataka,India,Seed,2015,Angelprime,8.3,2015-06-20,2015-06-20,1,2015,2015,2015
reach,4.15,4.15,1,Consumer Internet,Bangalore,Bangalore,Karnataka,India,Seed,2016,"Ankur Singla, Ankur Warikoo, Rebright Partners, Sol Primero, Sudhir Aunknownndarao",15330.27,2016-03-23,2016-03-23,4,2015,2016,2016
deyor camps,4.15,4.15,1,Consumer Internet,Gurgaon,Gurgaon,Haryana,India,Seed,2016,"Arkas Industries, Manickam Mahalingam, Nitin Passi, Rajesh Arora, Udaan Angels",4.98,2016-10-16,2016-10-16,3,2016,2016,2016
deyor rooms,4.15,4.15,1,Budget Hotels Aggregator,Delhi,Delhi,Delhi,India,Seed,2015,"Dheeraj Jain, Others",4.15,2015-11-09,2015-11-09,3,2015,2015,2015
vunetsystems,4.15,4.15,1,Information&Technology,Bangalore,Bangalore,Karnataka,India,Series A,2022,Tvs Capital Funds And Athera Venture Partners,60.0,2022-11-05,2022-11-05,3,2022,2022,2022
risebird,4.15,4.15,1,Human Resources,Pune,Pune,Maharashtra,India,Unknown,2021,Sab Holdings,1.1,2021-07-03,2021-07-03,2,2021,2021,2021
artoo,4.15,4.15,1,Other,Unknown,Nan,Nan,Nan,Private Equity,2015,"Accion Venture Labs, Rianta Capital",37.76,2015-03-06,2015-03-06,4,2014,2015,2015
the bluebook,4.15,4.15,1,Consumer Internet,Bangalore,Bangalore,Karnataka,India,Seed,2016,"Indian Angel Network, Let\\Xe2\\X80\\X99S Venture",1.38,2016-12-14,2016-12-14,3,2016,2016,2016
runo,4.15,4.15,1,Computer Software,Secunderabad,Secunderabad,Telangana,India,Pre-Series A,2022,Unicorn India Ventures,58.1,2022-02-08,2022-02-08,4,2021,2022,2022
retentionai,4.15,4.15,1,Analytics,Bangalore,Bangalore,Karnataka,India,Seed,2015,"Anshu Sharma, Mercury Fund, Others, Pratyush Prasanunknown, Robert Winters",19.09,2015-06-25,2015-06-25,1,2015,2015,2015
wagonfly,4.15,4.15,1,Other,Bangalore,Bangalore,Karnataka,India,Unknown,2020,Investment Trust Of India,335.0,2020-04-26,2020-04-26,1,2020,2020,2020
ruralbasket,4.15,4.15,1,Ecommerce,Tirunelveli,Tirunelveli,Tamil Nadu,India,Unknown,2020,Nativelead Foundation,16.6,2020-12-05,2020-12-05,3,2020,2020,2020
remedico,4.15,4.15,1,Healthcare,Hyderabad,Hyderabad,Telangana,India,Unknown,2021,"Tahseen Consulting, Venture Catalysts",6644.82,2021-02-17,2021-02-17,4,2020,2021,2021
vola,4.15,4.15,1,Fintech,Bangalore,Bangalore,Karnataka,India,Other,2018,Credika And Ununknownmed Angel Investors,1.66,2018-05-10,2018-05-10,1,2018,2018,2018
dcodeai,4.15,4.15,1,Edtech,Delhi,Delhi,Delhi,India,Unknown,2021,S Chand,14.11,2021-01-11,2021-01-11,4,2020,2021,2021
the new shop,4.15,4.15,1,Retail,Delhi,Delhi,Delhi,India,Seed,2020,Huddle Accelerator,34.86,2020-12-26,2020-12-26,3,2020,2020,2020
probus,4.15,4.15,1,Iot,Delhi,Delhi,Delhi,India,Bridge,2021,Unicorn India Ventures,45.65,2021-08-22,2021-08-22,2,2021,2021,2021
rapteehv,4.15,4.15,1,Clean,Chennai,Chennai,Tamil Nadu,India,Unknown,2025,"Technology Development Board (Ministry Of Science, Technology)",5.81,2025-09-23,2025-09-23,2,2025,2025,2025
boxxai,4.15,4.15,1,Technology,Bangalore,Bangalore,Karnataka,India,Private Equity,2017,"Suresh Shankar, Unicorn India Ventures, Venky Krishunknownkumar, Vivek Bhargava",2.49,2017-06-09,2017-06-09,1,2017,2017,2017
earnwealth,4.15,4.15,1,Fintech,Pune,Pune,Maharashtra,India,Pre-Series A,2021,Unknown,12.45,2021-10-15,2021-10-15,3,2021,2021,2021
easyaspataal,4.15,4.15,1,Healthcare,Mumbai,Mumbai,Maharashtra,India,Seed,2021,Venture Catalysts,1081.49,2021-07-05,2021-07-05,2,2021,2021,2021
salt,4.15,4.15,1,Fintech,Bangalore,Bangalore,Karnataka,India,Pre-Seed,2021,"Prashant Pansare, Supermorpheus",66.4,2021-10-25,2021-10-25,3,2021,2021,2021
beardo,4.15,4.15,1,Ecommerce,Ahmedabad,Ahmedabad,Gujarat,India,Seed,2016,Venture Catalysts,1.49,2016-09-12,2016-09-12,2,2016,2016,2016
daily rounds,4.15,4.15,1,Other,Unknown,Nan,Nan,Nan,Seed,2015,"Gsf, Kae Capital, Teruhide Sato",27.8,2015-03-06,2015-03-06,4,2014,2015,2015
easyrewardz,4.15,4.15,1,Loyalty Programs & Reward Points,Mumbai,Mumbai,Maharashtra,India,Private Equity,2015,"Ashneer Grover, Atul Phadnis, Wealth First",101.26,2015-08-04,2015-08-04,2,2015,2015,2015
quante energy,4.15,4.15,1,Clean,Noida,Noida,Uttar Pradesh,India,Seed,2025,Trillion Dollar Venture Partners,16.6,2025-09-02,2025-09-02,2,2025,2025,2025
appvirality,4.15,4.15,1,Mobile Growth Hackingnplatform,Hyderabad,Hyderabad,Telangana,India,Seed,2015,"Ashim Mehra, Internet Group, Mike Galgon, Rajan Aunknownndan, Ravi Gururaj, Tnn Capital And Others, \\Xc2\\Xa0 Mohit Saxeunknown",4.15,2015-11-20,2015-11-20,3,2015,2015,2015
thecapitalnet,4.15,4.15,1,Fintech,Hyderabad,Hyderabad,Telangana,India,Private Equity,2018,Lindwall Family Investments Llc (Lfi),12.45,2018-07-23,2018-07-23,2,2018,2018,2018
appvigil,4.15,4.15,1,Securityxc2Xa0 Testing,Mumbai,Mumbai,Maharashtra,India,Seed,2015,"Gaurav Sharma, Ravi Gururaj, Ripplewave, Viswaunknownth Ramachandran",460.6,2015-08-07,2015-08-07,2,2015,2015,2015
prophesee,4.15,4.15,1,Digital Analytics,Delhi,Delhi,Delhi,India,Seed,2015,"Entrepreneurs India, Indian Angel Network, Stanford Angels",290.5,2015-12-15,2015-12-15,3,2015,2015,2015
shouut,4.15,4.15,1,Consumer Internet,Delhi,Delhi,Delhi,India,Seed,2016,Unknown Investor,8.3,2016-03-06,2016-03-06,4,2015,2016,2016
playo,4.15,4.15,1,Sportstech,Bangalore,Bangalore,Karnataka,India,Pre-Series A,2021,Ah! Ventures High Tables,5.81,2021-08-09,2021-08-09,2,2021,2021,2021
now,4.15,4.15,1,Consumer Internet,Noida,Noida,Uttar Pradesh,India,Seed,2016,"Anuj Sanghi, Ruchirans Jaipuria",415.0,2016-03-08,2016-03-08,4,2015,2016,2016
mrneeds,4.15,4.15,1,Consumer Internet,Noida,Noida,Uttar Pradesh,India,Seed,2017,Undisclosed Investors,174.3,2017-06-06,2017-06-06,1,2017,2017,2017
gear6,4.15,4.15,1,Consumer Internet,Bangalore,Bangalore,Karnataka,India,Seed,2016,Ninestarter,108.3,2016-04-04,2016-04-04,1,2016,2016,2016
nutrifresh,4.15,4.15,1,Food,Pune,Pune,Maharashtra,India,Unknown,2022,Florintree Advisors And Archer Investment,41.5,2022-05-14,2022-05-14,1,2022,2022,2022
monet networks,4.15,4.15,1,Ai,Irvine,Irvine,California,Usa,Bridge,2020,"Evonexus, Senseai Ventures",0.11,2020-10-04,2020-10-04,3,2020,2020,2020
nutrify today,4.15,4.15,1,International Trade & Development,Bangalore,Bangalore,Karnataka,India,Seed,2022,Aunknownnd Swaroop,4.15,2022-03-23,2022-03-23,4,2021,2022,2022
fixnix,4.15,4.15,1,Consumer Internet,Chennai,Chennai,Tamil Nadu,India,Seed,2016,Jay Vijayan,8.3,2016-03-18,2016-03-18,4,2015,2016,2016
goalteller,4.15,4.15,1,Information Technology &,Bangalore,Bangalore,Karnataka,India,Pre-Series A,2022,"Dr Ranjan Pai, Himanshu Bhagat, Pankaj Fitkariwala",30.0,2022-02-05,2022-02-05,4,2021,2022,2022
nightstay,4.15,4.15,1,Hotel Booking,Noida,Noida,Uttar Pradesh,India,Seed,2015,"Bedrock Ventures, Rajesh Sawhney, Shailesh Singh",8.3,2015-08-12,2015-08-12,2,2015,2015,2015
mobycy,4.15,4.15,1,Technology,Gurgaon,Gurgaon,Haryana,India,Other,2017,Unknown Investors,39.01,2017-12-02,2017-12-02,3,2017,2017,2017
agrowave,4.15,4.15,1,Agritech,Gurgaon,Gurgaon,Haryana,India,Unknown,2020,Sekhar Puli,752.81,2020-01-16,2020-01-16,4,2019,2020,2020
my pahadi dukan,4.15,4.15,1,D2C Wellness,Jalandhar,Jalandhar,Punjab,India,Pre-Seed,2025,Inflection Point Ventures,8.3,2025-03-03,2025-03-03,4,2024,2025,2025
mobile premier league mpl,4.15,4.15,1,Gaming,Bangalore,Bangalore,Karnataka,India,Series B,2020,"Base Partners, Pegasus Tech Ventures",618.35,2020-11-07,2020-11-07,3,2020,2020,2020
foodtalkindia,4.15,4.15,1,Online Food Community,Gurgaon,Gurgaon,Haryana,India,Seed,2015,Unknown Investor,1743.0,2015-08-26,2015-08-26,2,2015,2015,2015
automovill,4.15,4.15,1,Automotive,Bangalore,Bangalore,Karnataka,India,Unknown,2021,Mumbai Angels Network,0.83,2021-07-25,2021-07-25,2,2021,2021,2021
fyre,4.15,4.15,1,Food,Mumbai,Mumbai,Maharashtra,India,Seed,2017,Venture Catalysts,16.6,2017-10-11,2017-10-11,3,2017,2017,2017
techeagle,4.15,4.15,1,Aviation & Aerospace,Gurgaon,Gurgaon,Haryana,India,Seed,2021,India Accelerator,124.5,2021-09-23,2021-09-23,2,2021,2021,2021
neokred,4.15,4.15,1,Fintech,Bangalore,Bangalore,Karnataka,India,Seed,2021,"Nitin Agarwal, Rajesh Jain, Virenxia Group",390.1,2021-09-23,2021-09-23,2,2021,2021,2021
bite club,4.15,4.15,1,Other,Unknown,Nan,Nan,Nan,Seed,2015,"Alok Mittal, Aneesh Reddy, Ashish Kashyap, Powai Lake Ventures",16.6,2015-03-09,2015-03-09,4,2014,2015,2015
veqta,4.15,4.15,1,Consumer Internet,Delhi,Delhi,Delhi,India,Seed,2016,"Chatsworth Maunknowngement, Itw Digital",2.49,2016-05-04,2016-05-04,1,2016,2016,2016
flexing it,4.15,4.15,1,Professionals & Project Search,Delhi,Delhi,Delhi,India,Seed,2015,Undisclosed Private Investors,2526.16,2015-10-11,2015-10-11,3,2015,2015,2015
oda class,4.15,4.15,1,Edtech,Bangalore,Bangalore,Karnataka,India,Series B,2024,"Daituzi, Matrix Partners Chiunknown, Skywalker",1.66,2024-08-28,2024-08-28,2,2024,2024,2024
buildpan,4.15,4.15,1,Saas,Indore,Indore,Madhya Pradesh,India,Seed,2020,"Sunil Kumar Singhvi, Yusho Kawata",3.32,2020-01-22,2020-01-22,4,2019,2020,2020
wowexpress,4.15,4.15,1,Enabled Logistics,Mumbai,Mumbai,Maharashtra,India,Seed,2015,Tamarind Family Private Trust,264.28,2015-07-04,2015-07-04,2,2015,2015,2015
flashprep,4.15,4.15,1,Edtech,Bangalore,Bangalore,Karnataka,India,Pre-Seed,2021,Venture Highway,116.2,2021-08-19,2021-08-19,2,2021,2021,2021
venture catalysts,4.15,4.15,1,Consumer Internet,Mumbai,Mumbai,Maharashtra,India,Seed,2016,Zaffiro Ventures,83.0,2016-07-13,2016-07-13,2,2016,2016,2016
explara,4.07,4.07,1,Event Ticketing,Pune,Pune,Maharashtra,India,Private Equity,2015,"Hyderabad Angels, Ness Wadia, Singapore Angel Network",19.09,2015-11-14,2015-11-14,3,2015,2015,2015
misters,4.03,4.03,1,Healthcare,Gurgaon,Gurgaon,Haryana,India,Series B,2019,"Rainforest Ventures, Sauce.Vc",6.88,2019-11-24,2019-11-24,3,2019,2019,2019
mooev,4.0,4.0,1,Electric Vehicles,Chennai,Chennai,Tamil Nadu,India,Seed,2024,"Bizdateup, Inflection Point Ventures, Spectrum Impact (Aarti Industries Family Office)",0.33,2024-11-16,2024-11-16,3,2024,2024,2024
sukoon unlimited,4.0,4.0,1,Agetech,Bangalore,Bangalore,Karnataka,India,Pre-Seed,2025,"Anchorage Capital Partners, Manish Dureja, Others, Viunknowny Jain",12.45,2025-01-23,2025-01-23,4,2024,2025,2025
raptorx,4.0,4.0,1,Fintech,India,Nan,Nan,India,Pre-Seed,2024,"Eaglewings Ventures, Peakxv Spark, Point One Capital",4.15,2024-12-16,2024-12-16,3,2024,2024,2024
tractor factory,4.0,4.0,1,Agritech,Hoshiarpur,Hoshiarpur,Punjab,India,Pre-Seed,2025,"All In Capital, Bharat Founders Fund, Devc, Family Offices",8.3,2025-01-16,2025-01-16,4,2024,2025,2025
iom bioworks,4.0,4.0,1,Deep Science,Bangalore,Bangalore,Karnataka,India,Seed,2025,Inflection Point Ventures,2.49,2025-06-16,2025-06-16,1,2025,2025,2025
irasus,4.0,4.0,1,Energy Analytics,Gurgaon,Gurgaon,Haryana,India,Seed,2024,"Dfan, Other Angel Investors, Rohit Rajput, Srikar Reddy (Ian Angel)",37.35,2024-10-25,2024-10-25,3,2024,2024,2024
house of chikankari,4.0,4.0,1,D2C Ethnic Wear,Delhi,Delhi,Delhi,India,Seed,2025,"Ankit Nagori, Others, Peyush Bansal (Lenskart), Tudip Ventures",29.88,2025-01-16,2025-01-16,4,2024,2025,2025
store my goods,4.0,4.0,1,Storage,Noida,Noida,Uttar Pradesh,India,Growth,2025,Jito Incubation And Innovation Foundation (Jiif) And Family Offices,16.6,2025-05-18,2025-05-18,1,2025,2025,2025
heliware,4.0,4.0,1,3D Geospatial,Kolkata,Kolkata,West Bengal,India,Pre-Series A,2024,"Jito Incubation And Innovation Foundation (Jiif), Tie, Vatvistaar Ventures",1.42,2024-11-27,2024-11-27,3,2024,2024,2024
onlygood ai,4.0,4.0,1,Other,Unknown,Nan,Nan,Nan,Seed,2024,"And Daimler India Commercial Vehicles (Dicv), Goel Group, Iit Madras Incubation Cell (Iitmic)",6.39,2024-10-12,2024-10-12,3,2024,2024,2024
consure medical,3.98,3.98,1,Healthcare,Delhi,Delhi,Delhi,India,Unknown,2020,"Accel, Jungle Ventures",10.79,2020-05-12,2020-05-12,1,2020,2020,2020
mchamp,3.94,3.94,1,Consumer Internet,Delhi,Delhi,Delhi,India,Seed,2016,Momagic Technologies,68.06,2016-05-11,2016-05-11,1,2016,2016,2016
hopping chef,3.9,3.9,1,Online Foodtech,Mumbai,Mumbai,Maharashtra,India,Seed,2015,Mirah Hospitality,4.15,2015-07-08,2015-07-08,2,2015,2015,2015
cooey,3.9,3.9,1,Healthcare,Bangalore,Bangalore,Karnataka,India,Seed,2015,Subhash Goyal,107.9,2015-05-11,2015-05-11,1,2015,2015,2015
miclient,3.9,3.9,1,Ai,Gurgaon,Gurgaon,Haryana,India,Seed,2024,"Anicut, Gsf, Ian Group, Keiretsu, Rtaf",20.75,2024-08-25,2024-08-25,2,2024,2024,2024
remit guru,3.87,3.87,1,Consumer Internet,Mumbai,Mumbai,Maharashtra,India,Private Equity,2017,"Ccavenue, Infibeam",4.15,2017-05-20,2017-05-20,1,2017,2017,2017
7 ring,3.83,3.83,1,Ecommerce,Mumbai,Mumbai,Maharashtra,India,Pre-Series A,2025,"Anchorage Capital Partners, Sheth Family Office, Venture Catalysts",12.78,2025-06-20,2025-06-20,1,2025,2025,2025
spareshub,3.82,3.82,1,Online Vehicle Spare Parts Etailer,Pune,Pune,Maharashtra,India,Seed,2015,"Hyderabad Angels, M, S Partners",2.58,2015-11-01,2015-11-01,3,2015,2015,2015
genexis biotech,3.79,3.79,1,Healthcare,Vadodara,Vadodara,Gujarat,India,Seed,2025,Gvfl,11.62,2025-07-08,2025-07-08,2,2025,2025,2025
famyo,3.79,3.79,1,Ecommerce,Bangalore,Bangalore,Karnataka,India,Seed,2025,I'N Angel Fund,354.41,2025-08-05,2025-08-05,2,2025,2025,2025
zenzebra,3.79,3.79,1,Consumer,Delhi,Delhi,Delhi,India,Seed,2025,Rukam Capital,13.45,2025-08-28,2025-08-28,2,2025,2025,2025
fourseven,3.78,3.78,1,Online Jewellery Etailer,Delhi,Delhi,Delhi,India,Seed,2015,Indian Angel Network,2004.45,2015-11-23,2015-11-23,3,2015,2015,2015
nurturey,3.78,2.74,2,Other,Unknown,Nan,Nan,Nan,"Other, Seed","2015, 2017","Mohit Joshi, Others, Seedrs Crowd Funding Platform",1.04,2015-01-09,2017-02-16,4,"2014, 2016",2015,2017
dectrocel,3.76,3.76,1,Healthcare,Lucknow,Lucknow,Uttar Pradesh,India,Unknown,2025,Bioangels (Ian Group),1.66,2025-09-14,2025-09-14,2,2025,2025,2025
prowrrap,3.76,3.76,1,Enterprise,Delhi,Delhi,Delhi,India,Pre-Series A,2025,"Calance Corporation), Calance Software; Amit Govil (Chairman",4.57,2025-09-08,2025-09-08,2,2025,2025,2025
flutrr,3.75,3.75,1,Vernacular Dating,Kolkata,Kolkata,West Bengal,India,Other,2024,Zee Media,2.06,2024-10-20,2024-10-20,3,2024,2024,2024
xportel,3.74,3.74,1,Logistics,Delhi,Delhi,Delhi,India,Seed,2025,"Flipkart Ventures, Rukam Sitara",12.45,2025-06-13,2025-06-13,1,2025,2025,2025
giftxoxo,3.73,3.73,1,Ecommerce,Bangalore,Bangalore,Karnataka,India,Private Equity,2016,"Mahindra Holidays, Resorts India Ltd",16.6,2016-10-05,2016-10-05,3,2016,2016,2016
driverscart,3.73,3.73,1,Consumer Internet,Chennai,Chennai,Tamil Nadu,India,Seed,2016,Ah! Ventures,207.5,2016-04-23,2016-04-23,1,2016,2016,2016
zophop,3.73,3.73,1,Public Commute Helper,Mumbai,Mumbai,Maharashtra,India,Seed,2015,"Amit Singhal, Others, Pk Gulati",1384.44,2015-10-21,2015-10-21,3,2015,2015,2015
inner hour,3.73,3.73,1,Consumer Internet,Mumbai,Mumbai,Maharashtra,India,Seed,2017,"Batlivala, Karani Securities, Venture Works",16.6,2017-02-23,2017-02-23,4,2016,2017,2017
robovac,3.73,3.73,1,Technology,Ahmedabad,Ahmedabad,Gujarat,India,Seed,2016,Virendra Patel,99.6,2016-10-19,2016-10-19,3,2016,2016,2016
onewaycab,3.73,3.73,1,Consumer Internet,Vadodara,Vadodara,Gujarat,India,Seed,2016,Indian Angel Network,20.75,2016-06-24,2016-06-24,1,2016,2016,2016
poshtic,3.73,3.73,1,Consumer Internet,Noida,Noida,Uttar Pradesh,India,Seed,2016,"Amit Nagar, Havya Sharma",43.0,2016-09-27,2016-09-27,2,2016,2016,2016
augrav,3.73,3.73,1,Ecommerce,Coimbatore,Coimbatore,Tamil Nadu,India,Seed,2016,Keiretsu Forum,83.0,2016-07-22,2016-07-22,2,2016,2016,2016
galaxycard,3.73,3.73,1,Fintech,Gurgaon,Gurgaon,Haryana,India,Unknown,2021,Jito Angel Network,112.05,2021-07-02,2021-07-02,2,2021,2021,2021
oorjan,3.73,3.73,1,Technology,Mumbai,Mumbai,Maharashtra,India,Seed,2017,Globevestor,8.3,2017-10-13,2017-10-13,3,2017,2017,2017
opentap,3.73,3.73,1,Fintech,Chennai,Chennai,Tamil Nadu,India,Other,2018,Unknown High Netunknownworth Individuals,190.9,2018-05-17,2018-05-17,1,2018,2018,2018
toko innovations,3.73,3.73,1,Consumer Internet,Bangalore,Bangalore,Karnataka,India,Seed,2016,"Roopak Saluja, Vishal Khare",3.73,2016-05-02,2016-05-02,1,2016,2016,2016
nuvie,3.73,3.73,1,Ecommerce,Bangalore,Bangalore,Karnataka,India,Pre-Seed,2025,Pedalstart,3.32,2025-06-27,2025-06-27,1,2025,2025,2025
toko innovation studios,3.73,3.73,1,Consumer Internet,Delhi,Delhi,Delhi,India,Seed,2016,Indian Angel Network,0.83,2016-04-24,2016-04-24,1,2016,2016,2016
ichr,3.73,3.73,1,Consumer Internet,Delhi,Delhi,Delhi,India,Seed,2016,Unknown,796.8,2016-04-10,2016-04-10,1,2016,2016,2016
wittyparot,3.73,3.73,1,Technology,Bangalore,Bangalore,Karnataka,India,Seed,2016,Mumbai Angels,2.08,2016-12-14,2016-12-14,3,2016,2016,2016
xstok,3.73,3.73,1,B2B Mobile Auction,Mumbai,Mumbai,Maharashtra,India,Seed,2015,Oliphans Capital,83.0,2015-09-15,2015-09-15,2,2015,2015,2015
sillymonks,3.72,3.72,1,Consumer Internet,Hyderabad,Hyderabad,Telangana,India,Seed,2016,Sreenivasa Reddy Musani,33.0,2016-06-28,2016-06-28,1,2016,2016,2016
collegedunia,3.69,3.69,1,Consumer Internet,Delhi,Delhi,Delhi,India,Seed,2016,Umang Kumar,587.8,2016-01-05,2016-01-05,4,2015,2016,2016
mojarto,3.69,3.69,1,Ecommerce,Gurgaon,Gurgaon,Haryana,India,Seed,2016,Unknown Investors,2207.8,2016-08-12,2016-08-12,2,2016,2016,2016
peebuddy,3.68,3.68,1,Healthcare,Delhi,Delhi,Delhi,India,Seed,2017,Indian Angel Network,24.9,2017-03-10,2017-03-10,4,2016,2017,2017
ketchupp,3.66,3.66,1,Consumer Internet,Delhi,Delhi,Delhi,India,Seed,2017,India Quotient And Others,113.71,2017-01-28,2017-01-28,4,2016,2017,2017
wealthapp,3.65,3.65,1,Consumer Internet,Bangalore,Bangalore,Karnataka,India,Seed,2016,"Arjun Sharmaa, Jayant Davar, Mj Aravind, Venk Krishunknownn, Vikram Kotak, \\Xc2\\Xa0 Ramkumar Nishtal",24.9,2016-12-28,2016-12-28,3,2016,2016,2016
math buddy,3.65,3.65,1,Consumer Internet,Vadodara,Vadodara,Gujarat,India,Seed,2016,Menterra Social Impact Fund,24.9,2016-11-08,2016-11-08,3,2016,2016,2016
zippserv,3.65,3.65,1,Consumer Internet,Bangalore,Bangalore,Karnataka,India,Other,2018,Info Edge (India) Ltd,8.3,2018-07-01,2018-07-01,2,2018,2018,2018
iservice,3.65,3.65,1,Consumer Internet,Bangalore,Bangalore,Karnataka,India,Seed,2017,"Aprameya Radhakrishunknown, Blume Ventures, Girish Mathrubootham",4.0,2017-01-04,2017-01-04,4,2016,2017,2017
avenue growth,3.63,3.63,1,Consumer Internet,Gurgaon,Gurgaon,Haryana,India,Other,2018,"Aditya Malik, Avtar Monga, Chief Operating Office At Idfc Bank, Others",830.0,2018-07-23,2018-07-23,2,2018,2018,2018
log9 materials,3.62,3.62,1,Technology,Bangalore,Bangalore,Karnataka,India,Other,2018,"Hemant Luthra, Metaform Ventures, Micro Venture Capital Firm Gems Partners And Others",87.15,2018-07-01,2018-07-01,2,2018,2018,2018
deepsync,3.62,2.49,2,Technology,Bangalore,Bangalore,Karnataka,India,Unknown,2020,"9Unicorns, Accelerator Fund, Al Trust, Beeline Impex Private Limited, Grand Anicut Angel Fund (Gaaf), Venkat Raju",2.49,2020-01-26,2020-08-23,"2, 4","2019, 2020",2020,2020
enercomp,3.59,1.93,2,Information Technology &,Ahmedabad,Ahmedabad,Gujarat,India,Unknown,"2021, 2025","Ah! Ventures, Unknown",1.66,2021-09-21,2025-07-04,2,"2021, 2025",2021,2025
bolo app,3.57,3.57,1,Digital Media,Bangalore,Bangalore,Karnataka,India,Seed,2019,Nexus Venture Partners,110.0,2019-06-25,2019-06-25,1,2019,2019,2019
kabadiwala,3.57,3.57,1,Ecommerce,Bhopal,Bhopal,Madhya Pradesh,India,Private Equity,2019,"Abcom Investments, Beehive Capital Advisor, Parekh Marine Transport, Unilever",1.23,2019-04-09,2019-04-09,1,2019,2019,2019
gapoon,3.57,2.08,2,Consumer Internet,Bangalore,Bangalore,Karnataka,India,Seed,"2016, 2017","Anshu Bahadur, Chandrashekar Tallapragada, Pankaj Kapoor, Snehal Mantri, Vida Ventures",1.49,2016-03-03,2017-10-03,"3, 4","2015, 2017",2016,2017
flixy games,3.53,3.53,1,Technology,Bangalore,Bangalore,Karnataka,India,Seed,2016,Rebright Partners,430.77,2016-09-09,2016-09-09,2,2016,2016,2016
avalonmeta,3.49,3.49,1,Edtech,Unknown,Nan,Nan,Nan,Unknown,2020,Peerplays,142.76,2020-02-15,2020-02-15,4,2019,2020,2020
zfw,3.44,3.44,1,D2C,Delhi,Delhi,Delhi,India,Seed,2022,"Beardo, Epigamia, Renee Cosmetics",25.0,2022-01-09,2022-01-09,4,2021,2022,2022
myly,3.4,2.57,2,Edtech,Jaipur,Jaipur,Rajasthan,India,Seed,"2016, 2017","Mall Industries Development Bank Of India (Sidbi), Newbie Promoter Pvt Ltd",0.83,2016-01-05,2017-04-17,"1, 4","2015, 2017",2016,2017
wedmegoodcom,3.4,3.4,1,Wedding Planning,Gurgaon,Gurgaon,Haryana,India,Seed,2015,Indian Angel Network,16.6,2015-09-18,2015-09-18,2,2015,2015,2015
mera cashier,3.33,2.08,2,Fintech,Noida,Noida,Uttar Pradesh,India,"Seed, Unknown",2020,"Amit Singal, Boudhik Ventures, India Accelerator, Manish Aggarwal, Shankar Nath, Shaurya Garg, Sukhbir Singh",2.08,2020-01-20,2020-04-22,"1, 4","2019, 2020",2020,2020
tvasta,3.32,3.32,1,Mechanical Or Industrial Engineering,Chennai,Chennai,Tamil Nadu,India,Unknown,2021,Habitat For Humanity Interunknowntiounknownl,622.5,2021-10-12,2021-10-12,3,2021,2021,2021
belita,3.32,3.32,1,Ondemand Beauty,Mumbai,Mumbai,Maharashtra,India,Seed,2015,"India Quotient, Lead Angels, Letsventure Investors",61.42,2015-08-27,2015-08-27,2,2015,2015,2015
vaani research labs,3.32,3.32,1,High > Chatbots,Karnataka,Nan,Karnataka,India,Seed,2025,Venture Catalysts,2.49,2025-10-21,2025-10-21,3,2025,2025,2025
buildnext,3.32,3.32,1,Construction,Kochi,Kochi,Kerala,India,Seed,2022,Vineet Kumar And Deep Gupta,211.65,2022-07-10,2022-07-10,2,2022,2022,2022
bookmein,3.32,3.32,1,Professional Appointment Booking,Mumbai,Mumbai,Maharashtra,India,Seed,2015,Ajmera Group Of Companies,9.96,2015-08-28,2015-08-28,2,2015,2015,2015
bincos,3.32,3.32,1,Crypto Currency,Bangalore,Bangalore,Karnataka,India,Seed,2022,Better Capital And Acce,24.9,2022-09-01,2022-09-01,2,2022,2022,2022
bluelearn,3.32,3.32,1,Edtech,Goa,Panaji,Goa,India,Pre-Seed,2021,"100X.Vc﻿, Gaurav Mandlecha, Rahul Mathur, ﻿ Titan Capital",4.98,2021-08-23,2021-08-23,2,2021,2021,2021
upcred,3.32,3.32,1,Internet Publishing,Bangalore,Bangalore,Karnataka,India,Pre-Seed,2022,"Gayatri Nikkam, Syed Firdous Hussain",74.7,2022-03-19,2022-03-19,4,2021,2022,2022
tradelab,3.32,3.32,1,Financial Markets Software,Bangalore,Bangalore,Karnataka,India,Seed,2015,Rainmatter,119.41,2015-04-07,2015-04-07,1,2015,2015,2015
better beauty,3.32,1.66,2,Cosmetics,Delhi,Delhi,Delhi,India,Unknown,2022,"Lotus Herbals, Lotus Herbals.",1.66,2022-10-26,2022-10-26,3,2022,2022,2022
imstrong,3.32,3.32,1,Fitness,Bangalore,Bangalore,Karnataka,India,Seed,2020,Rainmatter,4.15,2020-03-12,2020-03-12,4,2019,2020,2020
almamapper,3.32,3.32,1,Online Student & Campus Social Networking,Ahmedabad,Ahmedabad,Gujarat,India,Seed,2015,Oswal Techno Ventures Llp,17.93,2015-10-16,2015-10-16,3,2015,2015,2015
paperflite,3.32,3.32,1,Technology,Chennai,Chennai,Tamil Nadu,India,Other,2018,The Chenunknowni Angels,313.32,2018-01-03,2018-01-03,4,2017,2018,2018
gonuts,3.32,3.32,1,Entertainment,Mumbai,Mumbai,Maharashtra,India,Seed,2020,"Archaunknown Priyadarshini, Sweta Rau",514.19,2020-11-06,2020-11-06,3,2020,2020,2020
orai,3.32,3.32,1,It,Bangalore,Bangalore,Karnataka,India,Pre-Series A,2021,Inflection Point Ventures,4.32,2021-04-23,2021-04-23,1,2021,2021,2021
fitso,3.32,1.66,2,Consumer Internet,Gurgaon,Gurgaon,Haryana,India,Seed,"2016, 2017","Bhupender Singh, Samar Singla, Sujeet Kumar, Varun Khuraunknown, Viunknowny Bansal, Yashish Dhaiya",1.66,2016-01-25,2017-03-13,4,"2015, 2016",2016,2017
spardha,3.32,3.32,1,Edtech,Pune,Pune,Maharashtra,India,Pre-Series A,2021,Inflection Point Ventures,161.85,2021-06-06,2021-06-06,1,2021,2021,2021
mockbank,3.32,3.32,1,Government Test Preparation,Bangalore,Bangalore,Karnataka,India,Seed,2015,Blume Ventures,4.15,2015-09-01,2015-09-01,2,2015,2015,2015
zingavita,3.32,3.32,1,Healthcare,Chandigarh,Chandigarh,Chandigarh,India,Unknown,2021,Anicut Angel Fund,211.65,2021-02-12,2021-02-12,4,2020,2021,2021
dishq,3.32,3.32,1,Food,Bangalore,Bangalore,Karnataka,India,Other,2018,"Arts Alliance, Farm To Fork, Sven Hensen, The Syndicate Fund, Zeroth And Artesian Venture Partners",4.95,2018-08-24,2018-08-24,2,2018,2018,2018
ressy,3.32,3.32,1,Restaurant Discount,Pune,Pune,Maharashtra,India,Seed,2015,"Mohandas Pai, Others",8.3,2015-08-18,2015-08-18,2,2015,2015,2015
world art community,3.32,1.66,2,Online Art,Gurgaon,Gurgaon,Haryana,India,Seed,"2015, 2016","Others, Viraj Tyagi",1.66,2015-05-17,2016-10-06,"1, 3","2015, 2016",2015,2016
o be cocktails,3.32,3.32,1,Wine & Spirits,Bangalore,Bangalore,Karnataka,India,Unknown,2021,"First Cheque, Letsventure",3428.24,2021-08-02,2021-08-02,2,2021,2021,2021
cover it up,3.32,3.32,1,Ecommerce,Chennai,Chennai,Tamil Nadu,India,Seed,2020,Angel Investors,124.5,2020-12-26,2020-12-26,3,2020,2020,2020
nuvepro,3.32,3.32,1,Technology,Mumbai,Mumbai,Maharashtra,India,Other,2017,1Crowd,58.1,2017-11-19,2017-11-19,3,2017,2017,2017
flo mobility,3.32,3.32,1,Industrial Automation,Bangalore,Bangalore,Karnataka,India,Unknown,2021,"Blume Founder Fund, Devx Venture Fund",3.53,2021-12-27,2021-12-27,3,2021,2021,2021
wundrsight,3.32,3.32,1,Digital Therapeutics,Bangalore,Bangalore,Karnataka,India,Seed,2024,"Inflection Point Ventures, Social Alpha",24.9,2024-09-08,2024-09-08,2,2024,2024,2024
xpresslane,3.32,3.32,1,Technology,Bangalore,Bangalore,Karnataka,India,Pre-Seed,2021,"Manipal Technologies., Opus Consulting, Point One Capital, Yatra Angel Network (Yan)",8300.83,2021-08-22,2021-08-22,2,2021,2021,2021
automatapi,3.32,3.32,1,Automation,Powai,Mumbai,Maharashtra,India,Seed,2021,Indian Angel Network,265.6,2021-02-23,2021-02-23,4,2020,2021,2021
ncome,3.32,3.32,1,Escrow,Delhi,Delhi,Delhi,India,Unknown,2020,"Pointone Capital, Venture Catalysts",2130.2,2020-12-18,2020-12-18,3,2020,2020,2020
comofi medtech,3.32,1.66,2,Heathtech,Bangalore,Bangalore,Karnataka,India,Unknown,2021,"Ciie.Co, Kiitunknowntbi",1.66,2021-02-21,2021-04-09,"1, 4","2020, 2021",2021,2021
isgoingonline,3.32,1.66,2,Retail,Cochin,Kochi,Kerala,India,"Unknown, Pre-Series A",2021,"Devdatt Shah, Sea Fund, Unicorn India Ventures",1.66,2021-08-05,2021-08-05,2,2021,2021,2021
furdo,3.32,3.32,1,Online Interior Designing,Bangalore,Bangalore,Karnataka,India,Seed,2015,Bhavdeep Reddy,9.13,2015-09-18,2015-09-18,2,2015,2015,2015
auntie fung,3.32,3.32,1,Food,Bangalore,Bangalore,Karnataka,India,Unknown,2021,India Angel Network,9.13,2021-09-03,2021-09-03,2,2021,2021,2021
ezstays,3.32,3.32,1,Edtech,Delhi,Delhi,Delhi,India,Seed,2021,Richard Rekhy,340.3,2021-03-23,2021-03-23,4,2020,2021,2021
gotrust,3.32,3.32,1,Privacy Compliance,Noida,Noida,Uttar Pradesh,India,Pre-Seed,2025,Aevitas Capital,1.25,2025-05-14,2025-05-14,1,2025,2025,2025
sportzchain,3.32,3.32,1,Sports,Mumbai,Mumbai,Maharashtra,India,Pre-Seed,2021,"Darq Capital, Jagadeesh Atukuri",2.49,2021-10-24,2021-10-24,3,2021,2021,2021
spottabl,3.32,3.32,1,Human Resources,Bangalore,Bangalore,Karnataka,India,Seed,2021,"Binny Bansal, Letsventure, Paradigm Shift Vc",452.77,2021-10-24,2021-10-24,3,2021,2021,2021
svish,3.32,3.32,1,Consumer Goods,Gurgaon,Gurgaon,Haryana,India,Seed,2021,Nueva,33.2,2021-10-12,2021-10-12,3,2021,2021,2021
capabiliti,3.32,3.32,1,Employee Onboarding & Orientation,Noida,Noida,Uttar Pradesh,India,Seed,2015,"500 Startups, Girish Matrubootham, Kuunknownl Bahl, Rohit Bansal, Smile Multimedia",53.95,2015-09-04,2015-09-04,2,2015,2015,2015
appilyever,3.32,3.32,1,Consumer Internet,Hyderabad,Hyderabad,Telangana,India,Seed,2016,"Raj Y, Suresh Venkat, Varun Aggarwal",8.3,2016-02-28,2016-02-28,4,2015,2016,2016
superbottoms,3.32,3.32,1,Consumer Goods,Mumbai,Mumbai,Maharashtra,India,Unknown,2021,Alteria Capital,4.15,2021-11-10,2021-11-10,3,2021,2021,2021
super scholar,3.32,3.32,1,Edtech,Mumbai,Mumbai,Maharashtra,India,Unknown,2022,"2Am Vc, Astir Vc, Magic Fund",45.65,2022-01-27,2022-01-27,4,2021,2022,2022
lil goodness and scool meal,3.32,3.32,1,Food & Nutrition,Bangalore,Bangalore,Karnataka,India,Unknown,2020,"Muthu Krishunknownn, Sajan Pillai",700.0,2020-01-07,2020-01-07,4,2019,2020,2020
logicroots,3.32,3.32,1,Interactive Educational Games,Jaipur,Jaipur,Rajasthan,India,Seed,2015,"Ah! Ventures, Calcutta Angels, \\Xc2\\Xa0 91Springboard",199.2,2015-04-15,2015-04-15,1,2015,2015,2015
happy jars,3.32,3.32,1,Food,Delhi,Delhi,Delhi,India,Seed,2021,Inflection Point Ventures,8.3,2021-03-22,2021-03-22,4,2020,2021,2021
edustoke,3.32,3.32,1,Edtech,Bangalore,Bangalore,Karnataka,India,Seed,2022,Indus Initiatives,0.33,2022-01-10,2022-01-10,4,2021,2022,2022
plaeto,3.32,3.32,1,Fashion,Bangalore,Bangalore,Karnataka,India,Series A,2022,Florinetree Advisors,2.9,2022-07-08,2022-07-08,2,2022,2022,2022
rare planet,3.32,3.32,1,Retail,Kolkata,Kolkata,West Bengal,India,Pre-Series A,2020,Venture Catalysts,9.13,2020-10-14,2020-10-14,3,2020,2020,2020
strip finance,3.32,3.32,1,Fintech,Hyderabad,Hyderabad,Telangana,India,Seed,2021,"Nothing Research, Old Fashion Research, Tenzor Capital",0.19,2021-09-06,2021-09-06,2,2021,2021,2021
wiingy,3.32,3.32,1,Edtech,Bangalore,Bangalore,Karnataka,India,Unknown,2021,Aroa Ventures,4.15,2021-10-20,2021-10-20,3,2021,2021,2021
reccy adventures,3.32,3.32,1,Sports,Gurgaon,Gurgaon,Haryana,India,Seed,2021,"Jaydeep Barman, Kallol Banerjee",4573.3,2021-05-13,2021-05-13,1,2021,2021,2021
aerostrovilos energy,3.32,3.32,1,Machinery,Chennai,Chennai,Tamil Nadu,India,Seed,2022,"Murugappa Group Company, Tube Investment Of India",100.0,2022-01-03,2022-01-03,4,2021,2022,2022
celerix,3.32,3.32,1,Technology,Bangalore,Bangalore,Karnataka,India,Seed,2016,Bitkemy Ventures,124.5,2016-06-09,2016-06-09,1,2016,2016,2016
medisimvr,3.32,3.32,1,Hospitals And Health Care,Chennai,Chennai,Tamil Nadu,India,Pre-Series A,2022,Inflection Point Ventures,4399.0,2022-03-16,2022-03-16,4,2021,2022,2022
recordent,3.32,3.32,1,Fintech,Hyderabad,Hyderabad,Telangana,India,Unknown,2021,"Family Office Of Kantamaneni, Iim Calcutta Innovation Park",29.88,2021-11-13,2021-11-13,3,2021,2021,2021
pedagogy,3.32,3.32,1,Edtech,Unknown,Nan,Nan,Nan,Unknown,2020,Inflection Point Ventures,2.49,2020-05-01,2020-05-01,1,2020,2020,2020
mentza,3.32,3.32,1,Edtech,Mumbai,Mumbai,Maharashtra,India,Seed,2021,Inflection Point Ventures,1.25,2021-09-15,2021-09-15,2,2021,2021,2021
ypay,3.32,3.32,1,Fintech,Noida,Noida,Uttar Pradesh,India,Unknown,2021,We Founder Circle,4.98,2021-08-03,2021-08-03,2,2021,2021,2021
courseplay,3.32,3.32,1,Edtech,Mumbai,Mumbai,Maharashtra,India,Seed,2022,Inflection Point Ventures,4.15,2022-01-22,2022-01-22,4,2021,2022,2022
cadre odr,3.3,3.3,1,Online Dispute Resolution,Bangalore,Bangalore,Karnataka,India,Pre-Series A,2024,"Aneesh Garg, Aprameya Radhakrishunknown, Murali Subramanian, Rahul Guptan, Ram Bhamidi",1.66,2024-11-12,2024-11-12,3,2024,2024,2024
startup thamizha,3.3,3.3,1,Media,Chennai,Chennai,Tamil Nadu,India,Unspecified Round,2024,Mudhal Partners,537.01,2024-11-28,2024-11-28,3,2024,2024,2024
bookmybai,3.25,2.0,2,Domestic Help Aggregation,Mumbai,Mumbai,Maharashtra,India,"Seed, Pre-Series A","2015, 2024","Inflection Point Ventures, Others, Vineel Nalla",1.25,2015-11-25,2024-09-27,"2, 3","2015, 2024",2015,2024
zippserve,3.24,3.24,1,Consumer Internet,Bangalore,Bangalore,Karnataka,India,Seed,2017,Undisclosed Investors,3.65,2017-05-16,2017-05-16,1,2017,2017,2017
alchemyst ai,3.2,3.2,1,Genai Saas,Mumbai,Mumbai,Maharashtra,India,Pre-Seed,2024,"100Unicorns, Early Seed Ventures, Inflection Point Ventures",34.86,2024-10-21,2024-10-21,3,2024,2024,2024
social hardware,3.2,3.2,1,Assistive Devices,Bangalore,Bangalore,Karnataka,India,Seed,2024,"Inflection Point Ventures, Ivyleague Ventures, Soonicorn Ventures",8.3,2024-10-04,2024-10-04,3,2024,2024,2024
knab finance,3.2,3.2,1,Consumer Internet,Bangalore,Bangalore,Karnataka,India,Seed,2017,"Incred, Krishunknownkumar Natarajan, Ravi Bhardwaj",79.68,2017-08-15,2017-08-15,2,2017,2017,2017
stuffed,3.2,3.2,1,Quick Restaurant & Online Delivery,Mumbai,Mumbai,Maharashtra,India,Seed,2015,Riqueza Capital,6.64,2015-11-16,2015-11-16,3,2015,2015,2015
digio,3.11,3.11,1,Technology,Bangalore,Bangalore,Karnataka,India,Private Equity,2016,Rainmatter,8.3,2016-08-24,2016-08-24,2,2016,2016,2016
maalgaadi,3.11,3.11,1,Logistics,Indore,Indore,Madhya Pradesh,India,Seed,2016,"Sachin Khandelwal And Others, Swan Angel Network",708.0,2016-08-25,2016-08-25,2,2016,2016,2016
pickright,3.11,1.66,2,Fintech,Bangalore,Bangalore,Karnataka,India,"Seed, Unknown","2020, 2021","Gaurav Gupta, Madhavi Bollipalli, Sanjay Mehta, Satish Bogullu, Srinivas Paanem, Vikram Pandya, Vivek Srivatsav, Vivel Srivatsav",1.45,2020-07-15,2021-05-22,"1, 2","2020, 2021",2020,2021
vithicom,3.11,3.11,1,Ecommerce,Delhi,Delhi,Delhi,India,Seed,2016,Undisclosed Investor,24.9,2016-10-25,2016-10-25,3,2016,2016,2016
weballigator,3.11,3.11,1,Consumer Internet,Bangalore,Bangalore,Karnataka,India,Seed,2016,"Group Of Undisclosed Angel Investors, Hnis",63.91,2016-05-21,2016-05-21,1,2016,2016,2016
strawcture eco,3.11,3.11,1,Building Materials,Delhi,Delhi,Delhi,India,Seed,2022,"Brigade Reap, Social Alpha, Villgro Innovations Foundations",1.93,2022-03-10,2022-03-10,4,2021,2022,2022
tripshelf,3.1,2.08,2,Ecommerce,Delhi,Delhi,Delhi,India,Seed,2016,"Gems Advisory, Gems Group, Quarizon",2.08,2016-07-27,2016-12-23,"2, 3",2016,2016,2016
exsure,3.09,3.0,2,Biotech,Bhubaneswar,Bhubaneswar,Odisha,India,Seed,2025,"Aicunknownnalanda Institute Of Technology Foundation, Unicorn India Ventures",3.0,2025-01-28,2025-10-17,"3, 4","2024, 2025",2025,2025
truce,3.07,3.07,1,Fmcg,Mumbai,Mumbai,Maharashtra,India,Seed,2016,"Amit Gupta, Anupam Mittal, Farooq Adam Mukadam, Neeraj Goenka, Utsav Somani",20.0,2016-01-12,2016-01-12,4,2015,2016,2016
neverinstall,3.07,3.07,1,Information Technology,Bangalore,Bangalore,Karnataka,India,Seed,2021,Speciale Invest,6.64,2021-07-09,2021-07-09,2,2021,2021,2021
mivi,3.0,3.0,1,Electrical & Electronic Manufacturing,Hyderabad,Hyderabad,Telangana,India,Unknown,2022,N+1 Capital,43.72,2022-01-20,2022-01-20,4,2021,2022,2022
dressfolk,3.0,3.0,1,D2C Handloom Clothing,Delhi,Delhi,Delhi,India,Unspecified Round,2025,"Along With D2C Founders Ghazal Alagh (Founder, Boba Bhai), Eterunknownl Capital, Mamaearth) And Dhruv Koli (Founder, With Participation From Nobody Ventures And Eagle Wings Ventures",12.0,2025-01-16,2025-01-16,4,2024,2025,2025
korinmi,3.0,3.0,1,Korean Skin Clinic,Gurgaon,Gurgaon,Haryana,India,Pre-Seed,2025,Vikas Agarwal,19.92,2025-05-19,2025-05-19,1,2025,2025,2025
dream aerospace,3.0,3.0,1,Aerospace & Defense,Chennai,Chennai,Tamil Nadu,India,Pre-Seed,2025,Inflection Point Ventures,30.0,2025-01-01,2025-01-01,4,2024,2025,2025
roomstoryai,3.0,3.0,1,Ai,Gurgaon,Gurgaon,Haryana,India,Pre-Seed,2025,Rukam Sitara Fund,12.45,2025-06-12,2025-06-12,1,2025,2025,2025
the renal project,3.0,3.0,1,Hospital & Health Care,Mumbai,Mumbai,Maharashtra,India,Unknown,2022,"Aman Gupta, Emcure Pharmaceuticals, Sameer Mehta",4.44,2022-02-02,2022-02-02,4,2021,2022,2022
naptapgo,3.0,2.0,2,Affordable Hospitality,Noida,Noida,Uttar Pradesh,India,"Equity, Pre-Seed",2025,"Balmer Lawrie, Co Ltd, Ipv",1.0,2025-01-13,2025-05-10,"1, 4","2024, 2025",2025,2025
medmitra ai,3.0,3.0,1,Healthcare,Jaipur,Jaipur,Rajasthan,India,Unspecified Round,2025,"All In Capital, Weh Ventures",454.84,2025-01-08,2025-01-08,4,2024,2025,2025
creditseva,2.99,2.99,1,Consumer Internet,Hyderabad,Hyderabad,Telangana,India,Seed,2016,"Infocomm Development Authority Of Singapore, Pix Vine Capital",4.15,2016-03-24,2016-03-24,4,2015,2016,2016
streak,2.94,2.94,1,Technology,Bangalore,Bangalore,Karnataka,India,Other,2018,"Indian Fintech Fund, Rainmatter",3.11,2018-01-05,2018-01-05,4,2017,2018,2018
fes cafe,2.91,2.91,1,Food,Gurgaon,Gurgaon,Haryana,India,Seed,2025,Wolfpack Labs,224.1,2025-07-20,2025-07-20,2,2025,2025,2025
applop,2.91,2.08,2,On Demand Mobile Developer,Kolkata,Kolkata,West Bengal,India,Seed,"2015, 2016","Ghv Accelerator, Green House Ventures Accelerator",0.83,2015-12-19,2016-07-11,"2, 3","2015, 2016",2015,2016
knocksense,2.91,1.66,2,Media,Lucknow,Lucknow,Uttar Pradesh,India,Unknown,2021,"Amitesh Pandey, Appyhigh, Mumbai Angels, We Founder Circle",1.66,2021-01-01,2021-11-03,"3, 4","2020, 2021",2021,2021
gamezop,2.9,2.9,1,Technology,Delhi,Delhi,Delhi,India,Seed,2016,"Kwan Entertainment, Marketing Solutions, Others, Powerhouse Ventures",622.5,2016-02-22,2016-02-22,4,2015,2016,2016
allizhealth,2.9,2.9,1,Preventive Healthcare,Pune,Pune,Maharashtra,India,Seed,2015,"Mumbai Angels, Other Angel Investors",498.0,2015-06-15,2015-06-15,1,2015,2015,2015
wyld,2.9,2.9,1,Consumer,Mumbai,Mumbai,Maharashtra,India,Pre-Seed,2022,Better Capital,1.66,2022-03-07,2022-03-07,4,2021,2022,2022
adukale,2.9,2.9,1,Fmcg,Bangalore,Bangalore,Karnataka,India,Unspecified Round,2024,Nuventures,2.9,2024-08-25,2024-08-25,2,2024,2024,2024
airzaar,2.9,2.9,1,Technology,Missourie,Nan,Nan,Nan,Seed,2017,Quake Capital,30.46,2017-02-22,2017-02-22,4,2016,2017,2017
yourphysio,2.9,2.9,1,Healthcare,Nagpur,Nagpur,Maharashtra,India,Pre-Seed,2021,"Better Capital, Titan Capital",13.28,2021-02-13,2021-02-13,4,2020,2021,2021
myraah,2.9,2.9,1,Web Design,Pune,Pune,Maharashtra,India,Pre-Seed,2022,Arun Balakrishunknownn And Xcelerator Venture Partners,2.08,2022-04-04,2022-04-04,1,2022,2022,2022
khari foods,2.9,2.9,1,Online Grocery,Delhi,Delhi,Delhi,India,Seed,2025,Meri Punji,16.6,2025-06-28,2025-06-28,1,2025,2025,2025
zakoopi,2.9,2.9,1,Fashion Discovery,Delhi,Delhi,Delhi,India,Seed,2015,Uniqorn Ventures,595.0,2015-09-27,2015-09-27,2,2015,2015,2015
torqus,2.9,2.9,1,Restaurant Management,Pune,Pune,Maharashtra,India,Seed,2015,"Others, S S Mukherji",5.56,2015-04-07,2015-04-07,1,2015,2015,2015
muvizz,2.9,2.9,1,Movieondemand,Singapore,Nan,Nan,Singapore,Seed,2015,"Abhiunknownv Patodia, Ashish Todi, Kumar Shwetabh",33.2,2015-10-06,2015-10-06,3,2015,2015,2015
eattreatonline,2.9,2.9,1,Healthy Food Online Community,Delhi,Delhi,Delhi,India,Seed,2015,Group Of 15 Angel Investors,29.05,2015-06-24,2015-06-24,1,2015,2015,2015
plabro,2.9,2.9,1,Real Estate Broker,Delhi,Delhi,Delhi,India,Seed,2015,"Binny Bansal, Outbox Ventures, Sachin Bansal, Sangram Singh, Sol Primero",508.79,2015-09-18,2015-09-18,2,2015,2015,2015
adstringo,2.9,2.9,1,Mobile Compression Software,Mumbai,Mumbai,Maharashtra,India,Seed,2015,"Arihant Patni, Vishal Khare, \\Xc2\\Xa0 Viswaunknownth Ramachandran",49.8,2015-06-19,2015-06-19,1,2015,2015,2015
bricspaces,2.9,2.9,1,Real Estate,Bangalore,Bangalore,Karnataka,India,Pre-Seed,2021,Angel Investors,30.71,2021-05-06,2021-05-06,1,2021,2021,2021
the health,2.9,2.9,1,Ai Health,Gurgaon,Gurgaon,Haryana,India,Unknown,2020,"9Unicorns, First Cheque, Marquee Investors, Vcats",1.25,2020-08-07,2020-08-07,2,2020,2020,2020
ark robot,2.9,2.9,1,Technology,Bangalore,Bangalore,Karnataka,India,Seed,2016,Qualcomm (Through Qprize Contest),34.86,2016-02-19,2016-02-19,4,2015,2016,2016
jidoka,2.82,2.82,1,Software,Chennai,Chennai,Tamil Nadu,India,Seed,2021,Unknown,13.28,2021-05-11,2021-05-11,1,2021,2021,2021
leap club,2.82,2.82,1,Other,Gurgaon,Gurgaon,Haryana,India,Pre-Seed,2020,"Amrish Rau, Artha India Ventures, Deepak Abbot, Firstcheque, Harpreet Singh Grover, Sweta Rau, Whiteboard Capital",1004.3,2020-05-10,2020-05-10,1,2020,2020,2020
stylox,2.82,2.82,1,Consumer Goods > Apparel,Haryana,Nan,Haryana,India,Seed,2025,Thefef.Net,2.08,2025-10-08,2025-10-08,3,2025,2025,2025
drivershaab,2.8,2.8,1,B2B Mobility,Patna,Patna,Bihar,India,Pre-Series A,2025,Inflection Point Ventures,3.73,2025-04-13,2025-04-13,1,2025,2025,2025
onestepup,2.79,2.79,1,Technology,Delhi,Delhi,Delhi,India,Seed,2017,Orient Blackswan,8.3,2017-10-04,2017-10-04,3,2017,2017,2017
refiral,2.74,2.74,1,Other,Unknown,Nan,Nan,Nan,Seed,2015,Cogent E Services,89.64,2015-01-10,2015-01-10,4,2014,2015,2015
oga,2.74,2.74,1,Fitness,Bangalore,Bangalore,Karnataka,India,Unknown,2020,Inflection Point Ventures,124.5,2020-02-03,2020-02-03,4,2019,2020,2020
uvi health,2.74,2.74,1,Healthcare,Bangalore,Bangalore,Karnataka,India,Pre-Seed,2021,Titan Capital,6.35,2021-07-21,2021-07-21,2,2021,2021,2021
pencilton,2.74,2.74,1,Fintech,Hyderabad,Hyderabad,Telangana,India,Pre-Seed,2021,Jupiter,8.3,2021-07-07,2021-07-07,2,2021,2021,2021
mbg card,2.72,2.72,1,Saas,Jabalpur,Jabalpur,Madhya Pradesh,India,Unspecified Round,2024,"Inflection Point Ventures, Klub, Velocity",8.3,2024-12-19,2024-12-19,3,2024,2024,2024
ithaka,2.7,2.7,1,Consumer Internet,Mumbai,Mumbai,Maharashtra,India,Seed,2017,"Ankit Gupta, Puneet Motihar",0.83,2017-03-02,2017-03-02,4,2016,2017,2017
gameeon studios,2.66,2.66,1,Computer Games,Mumbai,Mumbai,Maharashtra,India,Unknown,2021,Mumbai Angels Network,1.66,2021-09-10,2021-09-10,2,2021,2021,2021
myonsto,2.66,2.66,1,Online Grocers,Ahmedabad,Ahmedabad,Gujarat,India,Seed,2015,Jayant Bokadia,33.2,2015-07-23,2015-07-23,2,2015,2015,2015
habbit,2.66,2.66,1,Edtech,Bangalore,Bangalore,Karnataka,India,Pre-Seed,2021,Ashok Goyal,7.05,2021-09-21,2021-09-21,2,2021,2021,2021
loanbaba,2.66,2.66,1,Online Loans,Mumbai,Mumbai,Maharashtra,India,Seed,2015,Unknown,18.68,2015-11-15,2015-11-15,3,2015,2015,2015
customerglu,2.66,2.66,1,Crm,Bangalore,Bangalore,Karnataka,India,Unknown,2021,"Amit Singhal, Kumar Aakash",0.83,2021-06-24,2021-06-24,1,2021,2021,2021
sattviko,2.66,2.66,1,Other,Unknown,Nan,Nan,Nan,Other,2015,"Rajat Jain, Sanjay Bhasin, Sumit Jain",41.5,2015-02-26,2015-02-26,4,2014,2015,2015
board infinity,2.65,2.65,1,Edtech,Chembur,Mumbai,Maharashtra,India,Angel,2019,Multiple Angel Investors,58.1,2019-07-23,2019-07-23,2,2019,2019,2019
zanskar,2.63,2.63,1,Ecommerce,Bangalore,Bangalore,Karnataka,India,Seed,2025,Zeropearl Vc,39.84,2025-09-01,2025-09-01,2,2025,2025,2025
violetstreet,2.61,2.61,1,Other,Unknown,Nan,Nan,Nan,Other,2015,"Srinivasa Rao Paturi, Sudhakar Reddy, Venkat Vallabhneni",25.0,2015-01-11,2015-01-11,4,2014,2015,2015
thenudge foundation,2.61,2.61,1,Non Profit Organization To Alleviate Poverty,Bangalore,Bangalore,Karnataka,India,Seed,2015,"Inmobi, Naunknowndan Nilekani, Paytm",1.99,2015-09-14,2015-09-14,2,2015,2015,2015
digilend,2.59,2.59,1,Technology,Mumbai,Mumbai,Maharashtra,India,Seed,2017,"Fullerton India Credit Company Ltd, Incred Fiunknownnce",1.04,2017-08-19,2017-08-19,2,2017,2017,2017
spares hub,2.58,2.58,1,Ecommerce,Pune,Pune,Maharashtra,India,Seed,2017,"Anthill Scale Ventures, Esvee Technologies Inc, Inc95 Consulting, The Chenunknowni Angels",49.8,2017-06-26,2017-06-26,1,2017,2017,2017
quifers,2.57,2.57,1,Logistics,Mumbai,Mumbai,Maharashtra,India,Seed,2015,"Sanjeev Kakkar, Smile Group, Vikas Agarwal, Vishal Khare",37.35,2015-10-24,2015-10-24,3,2015,2015,2015
zillout,2.57,2.57,1,Food,Karnataka,Nan,Karnataka,India,Seed,2025,Jindagilive Angel Network,1957.97,2025-10-05,2025-10-05,3,2025,2025,2025
synctag,2.55,2.55,1,Technology,Coimbatore,Coimbatore,Tamil Nadu,India,Other,2018,Subhkam Ventures And Mohit Khadaria,33.2,2018-04-03,2018-04-03,1,2018,2018,2018
collpoll,2.54,2.54,1,Consumer Internet,Bangalore,Bangalore,Karnataka,India,Seed,2017,Sprout Angels,3.69,2017-10-27,2017-10-27,3,2017,2017,2017
black white orange,2.51,2.51,1,B2B Merchandize,Mumbai,Mumbai,Maharashtra,India,Seed,2015,Collaborative Licensing Ventures Llp,141.1,2015-12-01,2015-12-01,3,2015,2015,2015
savesage club,2.5,2.5,1,Credit Card Management,Gurgaon,Gurgaon,Haryana,India,Angel,2024,"Alluvium Fund, Angel Investors, Iseed, Letsventure Fund",33.2,2024-12-13,2024-12-13,3,2024,2024,2024
sapio analytics,2.5,1.25,2,Technology,Mumbai,Mumbai,Maharashtra,India,Unknown,"2020, 2021","Parthiv Group, Unknown",1.25,2020-01-12,2021-07-02,"2, 4","2019, 2021",2020,2021
citrus freight,2.5,2.5,1,Shipping,Bangalore,Bangalore,Karnataka,India,Bridge,2025,"Caret Capital, Indigram Labs Foundation",24.9,2025-05-10,2025-05-10,1,2025,2025,2025
venwiz,2.49,2.49,1,B2B,Bangalore,Bangalore,Karnataka,India,Seed,2021,"Accel, Nexus Venture",2.24,2021-01-05,2021-01-05,4,2020,2021,2021
letsdressup,2.49,2.49,1,Apparel & Fashion,Gurgaon,Gurgaon,Haryana,India,Pre-Series A,2021,"Sequoia Capital, Titan Capital",20.75,2021-07-28,2021-07-28,2,2021,2021,2021
cloudfiles,2.49,2.49,1,Saas,Bangalore,Bangalore,Karnataka,India,Pre-Seed,2021,Titan Capital,8.3,2021-11-07,2021-11-07,3,2021,2021,2021
skillovilla,2.49,2.49,1,Edtech,Bangalore,Bangalore,Karnataka,India,Seed,2021,Titan Capital,179.3,2021-03-02,2021-03-02,4,2020,2021,2021
nayi disha,2.49,2.49,1,Edtech,Delhi,Delhi,Delhi,India,Seed,2015,Ajay Relan,16.6,2015-04-19,2015-04-19,1,2015,2015,2015
blaer motors,2.49,2.49,1,Mobility,Chennai,Chennai,Tamil Nadu,India,Unknown,2021,The Chenunknowni Angels,24.9,2021-06-17,2021-06-17,1,2021,2021,2021
mywonder,2.49,2.49,1,Real Estate & Construction > Construction Management,Karnataka,Nan,Karnataka,India,Seed,2025,Antler,43.99,2025-10-13,2025-10-13,3,2025,2025,2025
careongo,2.49,2.49,1,Ecommerce,Delhi,Delhi,Delhi,India,Seed,2016,"Farooq Oomerbhoy, Other Angel Investors",14.0,2016-02-09,2016-02-09,4,2015,2016,2016
inzpira,2.49,2.49,1,Edtech,Thiruvananthapuram,Thiruvananthapuram,Kerala,India,Seed,2021,"Gopiunknownth Latpate, Raj Nair",145.25,2021-11-11,2021-11-11,3,2021,2021,2021
korra,2.49,2.49,1,Private Label Apparel Sales,Delhi,Delhi,Delhi,India,Seed,2015,"Asha Jadeja Motwani, Others",3.0,2015-09-12,2015-09-12,2,2015,2015,2015
locanix,2.49,2.49,1,Technology,Ahmedabad,Ahmedabad,Gujarat,India,Seed,2016,Unknown Investors,41.5,2016-06-08,2016-06-08,1,2016,2016,2016
soptle,2.49,2.49,1,Software,Gurgaon,Gurgaon,Haryana,India,Angel,2022,Vaishunknownv Shetty And Ankur Aggarwal,404.21,2022-11-09,2022-11-09,3,2022,2022,2022
tamashalive,2.49,2.49,1,Gaming,Mumbai,Mumbai,Maharashtra,India,Unknown,2020,"9Unicorns, Firstcheque, Titan Capital",24.9,2020-11-27,2020-11-27,3,2020,2020,2020
babygogo,2.49,2.49,1,Consumer Internet,Delhi,Delhi,Delhi,India,Seed,2016,"Aditya Vij, Daljit Singh, Kishore Kumar, Rajul Garg, Shuchin Bajaj",8.3,2016-03-06,2016-03-06,4,2015,2016,2016
chatongo,2.49,2.49,1,Consumer Internet,Mumbai,Mumbai,Maharashtra,India,Seed,2016,Jaunknownk Jain,107.9,2016-10-23,2016-10-23,3,2016,2016,2016
yumigo,2.49,2.49,1,Consumer Internet,Gurgaon,Gurgaon,Haryana,India,Seed,2016,Hemant Sahni,32.9,2016-10-16,2016-10-16,3,2016,2016,2016
chefkart,2.49,2.49,1,Consumer Goods,Gurgaon,Gurgaon,Haryana,India,Pre-Seed,2021,"Lead Angels, Pravega Ventures, Titan Capital",4.15,2021-08-17,2021-08-17,2,2021,2021,2021
chirrup,2.49,2.49,1,Gaming,Bangalore,Bangalore,Karnataka,India,Pre-Seed,2021,"3.0 Fund., First Cheque, Iseed, Titan Capital",409.19,2021-03-07,2021-03-07,4,2020,2021,2021
sportsskill,2.49,2.49,1,Sports Technology,Pune,Pune,Maharashtra,India,Pre-Seed,2025,Waimea Bay Investments,67.56,2025-04-17,2025-04-17,1,2025,2025,2025
lancify,2.49,2.49,1,Edtech,Bangalore,Bangalore,Karnataka,India,Unknown,2020,"Techstars, Techstars Bangalore Accelerator",315.4,2020-11-13,2020-11-13,3,2020,2020,2020
speedbox,2.49,2.49,1,Logistics,Mumbai,Mumbai,Maharashtra,India,Seed,2017,Cismat Cargo Services Pvt. Ltd.,2.49,2017-08-02,2017-08-02,2,2017,2017,2017
v safe,2.49,2.49,1,Iot,Thanjavur,Thanjavur,Tamil Nadu,India,Seed,2025,Priya Parthasarathy,33.2,2025-04-23,2025-04-23,1,2025,2025,2025
spedhome,2.49,2.49,1,Edtech,Mumbai,Mumbai,Maharashtra,India,Unknown,2021,Unknown,107.9,2021-07-15,2021-07-15,2,2021,2021,2021
gobumpr,2.49,2.49,1,Consumer Internet,Chennai,Chennai,Tamil Nadu,India,Seed,2017,"Girish Mathrubootham, Mahalingam K",166.0,2017-02-20,2017-02-20,4,2016,2017,2017
leaf round,2.49,2.49,1,Fintech,Bangalore,Bangalore,Karnataka,India,Pre-Seed,2022,Super Capital,0.14,2022-04-09,2022-04-09,1,2022,2022,2022
sp robotics,2.49,2.49,1,Technology,Chennai,Chennai,Tamil Nadu,India,Seed,2016,Indian Angel Network,24.9,2016-03-05,2016-03-05,4,2015,2016,2016
glam studios,2.49,2.49,1,Consumer Internet,Noida,Noida,Uttar Pradesh,India,Seed,2016,"Aqeel Ahmed, Aunknownnd Ladsariya, Nitin Agarwal, Pradeep Mirani",7.58,2016-09-12,2016-09-12,2,2016,2016,2016
near store,2.49,2.49,1,Ecommerce,Mumbai,Mumbai,Maharashtra,India,Seed,2020,Sauce.Vc,166.0,2020-02-15,2020-02-15,4,2019,2020,2020
genrobotics,2.49,2.49,1,Ai,Thiruvananthapuram,Thiruvananthapuram,Kerala,India,Unknown,2020,Unicorn India Ventures,4.81,2020-10-21,2020-10-21,3,2020,2020,2020
guidoo,2.49,2.49,1,Consumer Internet,Mumbai,Mumbai,Maharashtra,India,Seed,2017,"Abhai S. Rao, Manish Prasad, Nick Haulkoury, Nirmal Singh, Pawan Borle, Vineet Varma",6.64,2017-06-20,2017-06-20,1,2017,2017,2017
multipl,2.49,2.49,1,Fintech,Bangalore,Bangalore,Karnataka,India,Seed,2022,Growx Ventures And Iifl Fiunknownnce,49.8,2022-05-19,2022-05-19,1,2022,2022,2022
imumz,2.49,2.49,1,Healthcare,Bangalore,Bangalore,Karnataka,India,Unknown,2021,"Angellist, Enzia Ventures",3.32,2021-01-05,2021-01-05,4,2020,2021,2021
ixambee,2.49,2.49,1,Edtech,Delhi,Delhi,Delhi,India,Seed,2021,"Mumbai Angels, Narendra Shyamsukha",1784.5,2021-04-24,2021-04-24,1,2021,2021,2021
jolly food fellow,2.49,2.49,1,Food Customer Analytics,Ahmedabad,Ahmedabad,Gujarat,India,Seed,2015,The 1947,8.3,2015-08-16,2015-08-16,2,2015,2015,2015
whiz league,2.49,2.49,1,Edtech,Delhi,Delhi,Delhi,India,Unknown,2021,Iti Growth Opportunities,49.9,2021-08-20,2021-08-20,2,2021,2021,2021
plutomen,2.49,2.49,1,Ar,Ahmedabad,Ahmedabad,Gujarat,India,Unknown,2021,"Devx Venture Fund, Gusec Seed Fund",8.3,2021-06-10,2021-06-10,1,2021,2021,2021
equiwatt,2.49,2.49,1,Technology,Newcastle Upon Tyne,Newcastle Upon Tyne,Tyne And Wear,United Kingdom,Unknown,2020,Rising Stars,53.12,2020-10-05,2020-10-05,3,2020,2020,2020
endimension,2.49,2.49,1,Healtcare,Mumbai,Mumbai,Maharashtra,India,Seed,2021,Inflection Point Ventures,830.0,2021-09-12,2021-09-12,2,2021,2021,2021
realbox,2.49,2.49,1,Technology,Noida,Noida,Uttar Pradesh,India,Seed,2016,Hyderabad Angels,8.3,2016-10-16,2016-10-16,3,2016,2016,2016
99perhour,2.49,2.49,1,Consumer Internet,Chennai,Chennai,Tamil Nadu,India,Seed,2017,V Aaunknownnd R,20.0,2017-01-16,2017-01-16,4,2016,2017,2017
priceraja,2.49,2.49,1,Consumer Internet,Gurgaon,Gurgaon,Haryana,India,Seed,2016,Prashant Puri,24.9,2016-04-16,2016-04-16,1,2016,2016,2016
rapawalk,2.49,2.49,1,Ecommerce,Bangalore,Bangalore,Karnataka,India,Seed,2020,"Ravi Garikipati, Sanjay Ramakrishunknownn",71.38,2020-11-24,2020-11-24,3,2020,2020,2020
pickmylaundry,2.49,1.66,2,Ondemand Washing & Drycleaning,Delhi,Delhi,Delhi,India,Seed,"2015, 2016","Ghv Accelerator, Kedar Lele",0.83,2015-08-15,2016-11-11,"2, 3","2015, 2016",2015,2016
redesyn,2.49,2.49,1,Merchandise,Mumbai,Mumbai,Maharashtra,India,Pre-Series A,2021,Anthill Ventures,18.26,2021-07-18,2021-07-18,2,2021,2021,2021
donething,2.49,2.49,1,Consumer Internet,Gurgaon,Gurgaon,Haryana,India,Private Equity,2017,Brand Capital,180.11,2017-03-17,2017-03-17,4,2016,2017,2017
pear,2.49,2.49,1,Deeptech,Mumbai,Mumbai,Maharashtra,India,Pre-Series A,2021,Inflection Point Ventures,24.9,2021-07-28,2021-07-28,2,2021,2021,2021
prodo,2.49,2.49,1,Business Supplies & Equipment,Delhi,Delhi,Delhi,India,Pre-Seed,2021,"Letsventure, Titan Capital",14.28,2021-11-09,2021-11-09,3,2021,2021,2021
ourbetterplanet,2.49,2.49,1,Ecommerce,Bangalore,Bangalore,Karnataka,India,Seed,2021,Vans Group,49.8,2021-07-26,2021-07-26,2,2021,2021,2021
finagg,2.49,2.49,1,Fintech,Noida,Noida,Uttar Pradesh,India,Seed,2022,Blinc Invest And Prime Venture Partners,193.06,2022-09-04,2022-09-04,2,2022,2022,2022
indic inspirations,2.49,2.49,1,Cultural,Pune,Pune,Maharashtra,India,Unknown,2021,Marquee Investors,0.2,2021-03-07,2021-03-07,4,2020,2021,2021
inayo,2.49,2.49,1,Ondemand Healthcare,Mumbai,Mumbai,Maharashtra,India,Seed,2015,"Amit Ranjan, Kemark Ventures, Zishaan Hayath And Others",24.9,2015-10-25,2015-10-25,3,2015,2015,2015
purpletutor,2.49,2.49,1,Edtech,Mumbai,Mumbai,Maharashtra,India,Seed,2021,Ivycap Ventures,0.83,2021-01-14,2021-01-14,4,2020,2021,2021
qshala,2.49,2.49,1,Edtech,Bangalore,Bangalore,Karnataka,India,Unknown,2020,Unknown,1.33,2020-01-10,2020-01-10,4,2019,2020,2020
i2ifunding,2.49,2.49,1,Consumer Internet,Noida,Noida,Uttar Pradesh,India,Seed,2016,Unknown Investors,6.37,2016-05-11,2016-05-11,1,2016,2016,2016
schoolkart,2.49,2.49,1,Ecommerce,Noida,Noida,Uttar Pradesh,India,Seed,2016,Unknown Investors,24.9,2016-03-06,2016-03-06,4,2015,2016,2016
ebikego,2.49,2.49,1,Last Mile Transportation,Amritsar,Amritsar,Punjab,India,Seed,2019,Startup Buddy,73.45,2019-11-03,2019-11-03,3,2019,2019,2019
fitpage,2.49,2.49,1,Healthcare,Mumbai,Mumbai,Maharashtra,India,Unknown,2021,"Astra Ventures, Gaurav Jaitly",0.83,2021-12-07,2021-12-07,3,2021,2021,2021
forevershop,2.49,2.49,1,Consumer Internet,Bangalore,Bangalore,Karnataka,India,Seed,2017,91Maker.Com,564.4,2017-06-03,2017-06-03,1,2017,2017,2017
rocketium,2.49,2.49,1,Technology,Bangalore,Bangalore,Karnataka,India,Other,2018,Blume Ventures,1.66,2018-05-24,2018-05-24,1,2018,2018,2018
boxmyspace,2.49,2.49,1,Physical Storage Warehouses,Mumbai,Mumbai,Maharashtra,India,Seed,2015,"Orios Venture Partners, Ritesh Veera, Singapore Angel Network",1460.8,2015-07-04,2015-07-04,2,2015,2015,2015
ohi,2.49,2.49,1,Internet Publishing,Jaipur,Jaipur,Rajasthan,India,Seed,2022,"Angellist Us, Dst'S Maunknownging Partner, Rahul Mehta",2.74,2022-03-19,2022-03-19,4,2021,2022,2022
edmingle,2.49,2.49,1,Edtech,Bangalore,Bangalore,Karnataka,India,Unknown,2021,"Indovation Fund, Mumbai Angels",1.31,2021-06-07,2021-06-07,1,2021,2021,2021
trading bells,2.47,2.47,1,Consumer Internet,Indore,Indore,Madhya Pradesh,India,Seed,2016,Swastika Investmart Ltd,3.32,2016-12-01,2016-12-01,3,2016,2016,2016
wedding wishlist,2.47,2.47,1,Consumer Internet,Chennai,Chennai,Tamil Nadu,India,Seed,2016,"Cherry Tin, Kirthiga Reddy, Renuka Ramaunknownth",175.13,2016-07-15,2016-07-15,2,2016,2016,2016
equickies,2.47,2.47,1,Ecommerce,Ahmedabad,Ahmedabad,Gujarat,India,Seed,2016,Lothal Angel Ventures,83.0,2016-09-22,2016-09-22,2,2016,2016,2016
hello tax,2.45,2.45,1,Consumer Internet,Delhi,Delhi,Delhi,India,Seed,2016,Sanjeev Sinha,12.45,2016-06-19,2016-06-19,1,2016,2016,2016
bonphulapl,2.43,2.43,1,Cleantech,Delhi,Delhi,Delhi,India,Other,2018,Atul Gupta And Saurabh Rastogi,24.9,2018-05-11,2018-05-11,1,2018,2018,2018
mechmocha,2.42,2.42,1,Entertainment,Bangalore,Bangalore,Karnataka,India,Series A,2020,"3F Ventures, Accel, Akatsuki Inc, Blume Ventures",49.8,2020-08-12,2020-08-12,2,2020,2020,2020
appbase,2.41,2.41,1,Other,Unknown,Nan,Nan,Nan,Other,2015,"Carnegie Mellon University, Daunknowniict, Startup Brasil Program, Techstars",156.37,2015-02-01,2015-02-01,4,2014,2015,2015
nearin,2.37,2.37,1,Other,Unknown,Nan,Nan,Nan,Seed,2015,"Akash Agarwal, Anupam Mittal, Gaurav Agarwal, Himanshu Aggarwal, Kevin Parikh, Manish Vij, Prashant Tandon",132.8,2015-01-07,2015-01-07,4,2014,2015,2015
nuyug,2.35,2.35,1,Ecommerce,Delhi,Delhi,Delhi,India,Pre-Seed,2025,Ajvc,5.8,2025-08-13,2025-08-13,2,2025,2025,2025
invento robotics,2.33,2.33,1,Ai Robotics,Unknown,Nan,Nan,Nan,Seed,2020,"Iti Growth Opportunities Venture Fund, Windrose Capital",24.9,2020-01-02,2020-01-02,4,2019,2020,2020
quicko,2.32,2.32,1,Taxation,Ahmedabad,Ahmedabad,Gujarat,India,Unknown,2020,"Rainmatter, Zerodha Fintech Fund",6.75,2020-01-24,2020-01-24,4,2019,2020,2020
repaireasy,2.28,2.28,1,Consumer Internet,Pune,Pune,Maharashtra,India,Seed,2016,Unknown Hnis,11.62,2016-08-19,2016-08-19,2,2016,2016,2016
tydy,2.28,2.28,1,Technology,Bangalore,Bangalore,Karnataka,India,Seed,2017,"Bhupen Shah, Jayesh Parekh, Sanjay Sathe",52.29,2017-03-18,2017-03-18,4,2016,2017,2017
venturesity,2.24,2.24,1,Online Job Skills Showcase,Bangalore,Bangalore,Karnataka,India,Seed,2015,"Hemant Kaunknownkia, Jay Sethuram, Phanindra Sama, Ravi Trivedi",4.15,2015-05-03,2015-05-03,1,2015,2015,2015
vendor infra,2.2,2.2,1,Construction,Gurgaon,Gurgaon,Haryana,India,Unknown,2021,"Sanjeev Gupta, Sk Tripathi",9.13,2021-12-10,2021-12-10,3,2021,2021,2021
jobspire,2.16,2.16,1,Job Search,Bangalore,Bangalore,Karnataka,India,Seed,2015,Purvi Capital,1.16,2015-09-12,2015-09-12,2,2015,2015,2015
make in box,2.16,2.16,1,Deeptech Engineering,Gurgaon,Gurgaon,Haryana,India,Other,2025,"Mile Deep Capital, Mile Deep Works",16.6,2025-02-10,2025-02-10,4,2024,2025,2025
supersquad,2.1,2.1,1,Creator Monetization,Mumbai,Mumbai,Maharashtra,India,Unspecified Round,2024,"Jivraj Singh Sachar, Nitin Rajput, Wldd",1.66,2024-09-20,2024-09-20,2,2024,2024,2024
trisu,2.1,2.1,1,Jewelry D2C,Jaipur,Jaipur,Rajasthan,India,Pre-Seed,2024,"All In Capital, Amaanta Group, Angel Investors, Jk Tyres",3.1,2024-09-20,2024-09-20,2,2024,2024,2024
hitwicket,2.08,2.08,1,Cricket Management Mobile Game,Hyderabad,Hyderabad,Telangana,India,Seed,2015,Chenunknowni Angels,201.0,2015-11-25,2015-11-25,3,2015,2015,2015
jay robotix,2.08,2.08,1,Robotic Program Learning,Hyderabad,Hyderabad,Telangana,India,Seed,2015,"Cross Border Angels, Others",1042.48,2015-04-10,2015-04-10,1,2015,2015,2015
zulu club,2.08,2.08,1,Consumer,Gurgaon,Gurgaon,Haryana,India,Pre-Seed,2025,Tdv Partners,415.0,2025-07-24,2025-07-24,2,2025,2025,2025
jade forest,2.08,2.08,1,Beverages,Delhi,Delhi,Delhi,India,Seed,2020,Unknown,1.4,2020-11-17,2020-11-17,3,2020,2020,2020
kaatil,2.08,2.08,1,Hot Condiments,Unknown,Nan,Nan,Nan,Seed,2024,"Prajay Advisors, Romil Ratra, Shivaan Ghai",33.2,2024-09-06,2024-09-06,2,2024,2024,2024
zwayam,2.08,2.08,1,Consumer Internet,Bangalore,Bangalore,Karnataka,India,Seed,2016,Unknown Investors,45.65,2016-05-19,2016-05-19,1,2016,2016,2016
ignis careers,2.08,2.08,1,Career Development,Hyderabad,Hyderabad,Telangana,India,Seed,2015,Acumen Fund,4.15,2015-05-19,2015-05-19,1,2015,2015,2015
leaf wearables,2.08,2.08,1,Smart Safety Wearable Devices,Delhi,Delhi,Delhi,India,Seed,2015,"Ajeet Khuraunknown Jinesh Shah, Dr. Aniruddha Malpani, Vikram Chachra",2.49,2015-12-11,2015-12-11,3,2015,2015,2015
icustomadeit,2.08,2.08,1,Bespoke Merchandize,Pune,Pune,Maharashtra,India,Seed,2015,"Dr Paresh Doshi, Virendra Shahney",3.73,2015-06-14,2015-06-14,1,2015,2015,2015
inkmonk,2.08,2.08,1,Online Printing,Chennai,Chennai,Tamil Nadu,India,Seed,2015,"Girish Mathrubootham, Others From Letsventure, Phanindra Sama, Vikram Chachra",24.9,2015-08-06,2015-08-06,2,2015,2015,2015
withme,2.08,2.08,1,Consumer Internet,Gurgaon,Gurgaon,Haryana,India,Seed,2016,"Alex Kuruvilla, Pradeep Guha, Rajan Pandhare, Saket Dhankar",1.52,2016-03-22,2016-03-22,4,2015,2016,2016
hippily,2.08,2.08,1,Ecommerce,Mumbai,Mumbai,Maharashtra,India,Seed,2016,"Dr. Sridhar Ramaswamy, Rakesh Mathur",5.81,2016-04-16,2016-04-16,1,2016,2016,2016
curofy,2.08,2.08,1,Technology,Gurgaon,Gurgaon,Haryana,India,Other,2017,Roundglass Partners Llc,8.3,2017-12-11,2017-12-11,3,2017,2017,2017
wealthy,2.08,2.08,1,Consumer Internet,Bangalore,Bangalore,Karnataka,India,Seed,2016,"Abhishek Goyal, Arjun And Rohan Malhotra, Gagan Dugal, Harpreet Singh Grover, Zishaan Hayath",3.65,2016-03-23,2016-03-23,4,2015,2016,2016
raincan,2.08,1.25,2,Subscription Based Online Grocery,Pune,Pune,Maharashtra,India,Seed,"2015, 2016","Ajeet Khuraunknown, Dr. Aniruddha Malpani, Others",0.83,2015-08-03,2016-04-03,"1, 2","2015, 2016",2015,2016
redbook,2.08,2.08,1,Technology,Mumbai,Mumbai,Maharashtra,India,Other,2017,"Dr. Aniruddha Malpani, Vida Ventures",22.6,2017-11-11,2017-11-11,3,2017,2017,2017
donxe2x80x99t scratch your head,2.08,2.08,1,Technology,Ahmedabad,Ahmedabad,Gujarat,India,Seed,2016,"Gaurav Singhvi, Zaffiro Ventures",2.49,2016-07-15,2016-07-15,2,2016,2016,2016
rentickle,2.08,2.08,1,Ecommerce,Delhi,Delhi,Delhi,India,Seed,2016,"Dinesh Mittal, Manish Kheterpal, Sandeep Gupta, Viunknowny Mittal",132.8,2016-05-02,2016-05-02,1,2016,2016,2016
roadcast,2.08,2.08,1,Technology,Delhi,Delhi,Delhi,India,Private Equity,2018,Unknown,33.2,2018-03-21,2018-03-21,4,2017,2018,2018
tempgo,2.08,2.08,1,Technology,Goa,Panaji,Goa,India,Other,2017,Javelin Startupo Victory Fund,24.9,2017-11-21,2017-11-21,3,2017,2017,2017
thesmartq,2.08,2.08,1,Consumer Internet,Bangalore,Bangalore,Karnataka,India,Seed,2016,Yournest Angel Fund,9.96,2016-05-15,2016-05-15,1,2016,2016,2016
confirmtkt,2.08,2.08,1,Consumer Internet,Bangalore,Bangalore,Karnataka,India,Seed,2016,"Anirudh Damani, Aunknownnd Ladsariya, Dr. Apoorv Ranjan Sharma, Krishunknown Jhujhunwala, Others, Sanjay Mehta",49.8,2016-01-28,2016-01-28,4,2015,2016,2016
smartpocket,2.08,2.08,1,Other,Unknown,Nan,Nan,Nan,Other,2015,"Rajiv Mehta, Sol Primero",1.66,2015-02-01,2015-02-01,4,2014,2015,2015
clonect,2.08,2.08,1,Other,Unknown,Nan,Nan,Nan,Other,2015,"Bc Prabhakar, T V Mohandas Pai, V Balakrishunknownn",8.3,2015-02-28,2015-02-28,4,2014,2015,2015
cercle x,2.08,2.08,1,Environmental,Coimbatore,Coimbatore,Tamil Nadu,India,Seed,2022,Inflection Point Ventures,166.0,2022-02-10,2022-02-10,4,2021,2022,2022
stylofie,2.08,2.08,1,Healthcare,Gurgaon,Gurgaon,Haryana,India,Seed,2015,Swastika,4.15,2015-11-26,2015-11-26,3,2015,2015,2015
vanity cube,2.08,2.08,1,Consumer Internet,Delhi,Delhi,Delhi,India,Seed,2016,Unicorn Ventures,20.75,2016-03-05,2016-03-05,4,2015,2016,2016
happy2refer,2.08,2.08,1,Consumer Internet,Mumbai,Mumbai,Maharashtra,India,Seed,2016,"Equity Crest, Sparknext, Vinners",3.32,2016-01-10,2016-01-10,4,2015,2016,2016
qik stay,2.08,2.08,1,Hotel Aggregator & Booking,Delhi,Delhi,Delhi,India,Seed,2015,Id Eunknownblers Pvt Ltd,24.9,2015-10-11,2015-10-11,3,2015,2015,2015
esahaiin,2.08,2.08,1,Consumer Internet,Hyderabad,Hyderabad,Telangana,India,Seed,2017,"Dr Ramesh Ayyala, Satya Muthyala",0.66,2017-06-20,2017-06-20,1,2017,2017,2017
neuroequilibrium,2.08,2.08,1,Technology,Jaipur,Jaipur,Rajasthan,India,Seed,2016,Unicorn India Ventures,5.81,2016-12-27,2016-12-27,3,2016,2016,2016
gyde,2.08,2.08,1,Computer Software,Pune,Pune,Maharashtra,India,Seed,2021,"Ashish Achrekar, Better Capital",48.55,2021-08-07,2021-08-07,2,2021,2021,2021
makkajai,2.08,2.08,1,Technology,Pune,Pune,Maharashtra,India,Seed,2016,"Aunknownnd Chandrasekaran, Aunknownnth Narayaunknownn, Divyesh Shah, Mekin Maheshwari, Ravi Garikipati, Swastika Company Ltd",74.7,2016-08-27,2016-08-27,2,2016,2016,2016
billion hearts software,2.08,2.08,1,Technology,Unknown,Nan,Nan,Nan,Angel,2024,"Founders Of Redbus, Inmobi, Myntra, Ola",33.2,2024-09-23,2024-09-23,2,2024,2024,2024
getmypeon,2.08,2.08,1,Hyperlocal Handyman,Mumbai,Mumbai,Maharashtra,India,Seed,2015,Unknown Investors,86.95,2015-06-18,2015-06-18,1,2015,2015,2015
trilyo,2.08,2.08,1,Technology,Mumbai,Mumbai,Maharashtra,India,Other,2018,"Amit Manocha And Others, Startup Buddy",1660.0,2018-02-24,2018-02-24,4,2017,2018,2018
genie,2.08,2.08,1,Consumer Internet,Chennai,Chennai,Tamil Nadu,India,Seed,2017,Undisclosed Investors,1.73,2017-05-04,2017-05-04,1,2017,2017,2017
picxy,2.08,2.08,1,Media,Hyderabad,Hyderabad,Telangana,India,Unknown,2020,"Aakrit Vaish, Angellist India, Firstcheque, Ranjith Radhakrishunknownn",1.22,2020-02-03,2020-02-03,4,2019,2020,2020
mypoolin,2.08,2.08,1,Mobile Social,Delhi,Delhi,Delhi,India,Seed,2015,Qprize From Qualcomm Ventures,13.28,2015-08-18,2015-08-18,2,2015,2015,2015
fincash,2.08,1.25,2,Consumer Internet,Mumbai,Mumbai,Maharashtra,India,"Seed, Other","2017, 2018","Mohammed Khan, Others, Sameer Narayan",0.83,2017-06-17,2018-02-02,"1, 4",2017,2017,2018
redpolka,2.08,2.08,1,Online Fashion Aggregator,Mumbai,Mumbai,Maharashtra,India,Seed,2015,Unknown Investors,2.49,2015-05-21,2015-05-21,1,2015,2015,2015
flowatt batt,2.06,2.06,1,Energy > Energy Storage,Karnataka,Nan,Karnataka,India,Seed,2025,Pedalstart,48.56,2025-10-28,2025-10-28,3,2025,2025,2025
trip shelf,2.04,2.04,1,Consumer Internet,Delhi,Delhi,Delhi,India,Other,2018,"Alok Mittal And Sachin Bhatia, Gems Advisory",54.78,2018-04-22,2018-04-22,1,2018,2018,2018
the office pass,2.03,2.03,1,Consumer Internet,Gurgaon,Gurgaon,Haryana,India,Seed,2017,"Aditya Verma, Arun Tadanki",4.15,2017-04-27,2017-04-27,1,2017,2017,2017
new castle,2.02,2.02,1,Technology,Chennai,Chennai,Tamil Nadu,India,Seed,2017,Unknown Investors,3.07,2017-08-04,2017-08-04,2,2017,2017,2017
parkobot,2.02,2.02,1,Advanced Hardware & Technology,Kolkata,Kolkata,West Bengal,India,Seed,2025,Inflection Point Ventures,19.92,2025-07-11,2025-07-11,2,2025,2025,2025
be clinical,2.0,2.0,1,Skincare,Mumbai,Mumbai,Maharashtra,India,Seed,2025,Titan Capital,12.04,2025-05-06,2025-05-06,1,2025,2025,2025
viraa care,2.0,2.0,1,Healthcare,Chandigarh,Chandigarh,Chandigarh,India,Pre-Seed,2024,European Angel Investors,32.95,2024-11-01,2024-11-01,3,2024,2024,2024
ziptrrip,2.0,2.0,1,Traveltech Saas,Mumbai,Mumbai,Maharashtra,India,Pre-Seed,2024,Angel Investors,3.24,2024-08-21,2024-08-21,2,2024,2024,2024
instalively,2.0,1.0,2,Other,Unknown,Nan,Nan,Nan,Seed,2015,"Aecal, Amit Ranjan, Group Of Angel Investors, Meraevents., Niraj Singh, Rajan Aunknownndan, Rajesh Sawheny",1.0,2015-03-09,2015-04-03,"1, 4","2014, 2015",2015,2015
scandalous foods,2.0,2.0,1,B2B Indian Sweets,Nashik,Nashik,Maharashtra,India,Seed,2025,New Age India Fund,456.5,2025-04-26,2025-04-26,1,2025,2025,2025
certifyme,2.0,2.0,1,Information Technology &,Bangalore,Bangalore,Karnataka,India,Seed,2022,Aunknowns Rahman Juunknownid,6.09,2022-02-26,2022-02-26,4,2021,2022,2022
liaplus ai,2.0,2.0,1,Customer Support,Delhi,Delhi,Delhi,India,Seed,2024,"Chandigarh Angel Network, Growth91, Inflection Point Ventures",211.65,2024-09-23,2024-09-23,2,2024,2024,2024
sushain wellness,2.0,2.0,1,Healthcare,Lucknow,Lucknow,Uttar Pradesh,India,Seed,2024,Prajay Advisors Llp,6.64,2024-11-18,2024-11-18,3,2024,2024,2024
legup,2.0,2.0,1,Caregiving Family & Wellness,Washington,Washington,District Of Columbia,Usa,Pre-Seed,2025,Bluebridge Capital Private Limited,4.98,2025-02-24,2025-02-24,4,2024,2025,2025
ivana jewels,2.0,2.0,1,Labgrown Diamonds,Surat,Surat,Gujarat,India,Seed,2025,Avinya Ventures,136.95,2025-04-14,2025-04-14,1,2025,2025,2025
svastek,2.0,2.0,1,Medtech,Delhi,Delhi,Delhi,India,Seed,2025,Ian Angel Fund,6.64,2025-01-11,2025-01-11,4,2024,2025,2025
recircle,2.0,2.0,1,Cleantech,Mumbai,Mumbai,Maharashtra,India,Bridge,2024,"Hnis, Mumbai Angels, Venture Catalysts",3.32,2024-09-20,2024-09-20,2,2024,2024,2024
roder,1.99,1.99,1,Consumer Internet,Delhi,Delhi,Delhi,India,Seed,2016,Unicorn India Ventures,2.49,2016-01-28,2016-01-28,4,2015,2016,2016
getwork,1.99,1.66,2,Hr,Gurgaon,Gurgaon,Haryana,India,"Pre-Seed, Seed","2020, 2021","Artha Venture Fund, India Accelerator",0.33,2020-11-13,2021-04-21,"1, 3","2020, 2021",2020,2021
thekarrier,1.99,1.99,1,Last Mile Logistics,Bangalore,Bangalore,Karnataka,India,Seed,2015,"Nikunj Jain, Outbox Ventures, Sol Primero",41.5,2015-05-14,2015-05-14,1,2015,2015,2015
kohbee,1.95,1.95,1,Edtech,Bangalore,Bangalore,Karnataka,India,Pre-Seed,2021,"Ankit Mehrotra, Saurabh Aggarwal",921.3,2021-12-17,2021-12-17,3,2021,2021,2021
neotrade analytics,1.95,1.95,1,Realtime Stock Data,Bangalore,Bangalore,Karnataka,India,Seed,2015,Rainmatter,8.3,2015-09-26,2015-09-26,2,2015,2015,2015
uclid,1.95,1.95,1,Technology,Hyderabad,Hyderabad,Telangana,India,Seed,2017,Unknown Investors,4.15,2017-10-22,2017-10-22,3,2017,2017,2017
rentongo,1.94,1.94,1,Ecommerce,Bangalore,Bangalore,Karnataka,India,Seed,2017,Tvs Motor Company,199.2,2017-06-14,2017-06-14,1,2017,2017,2017
paymango,1.94,1.94,1,Mobile Commerce,Gurgaon,Gurgaon,Haryana,India,Seed,2015,Group Of Angel Investors,40.67,2015-06-01,2015-06-01,1,2015,2015,2015
cosmoss,1.93,1.93,1,Ecommerce,Gurgaon,Gurgaon,Haryana,India,Seed,2025,Malika Sadani,26.56,2025-07-08,2025-07-08,2,2025,2025,2025
balance app,1.93,1.93,1,Consumer Internet,Bangalore,Bangalore,Karnataka,India,Seed,2017,Rainmatter,0.83,2017-05-28,2017-05-28,1,2017,2017,2017
the tarzan way,1.93,1.93,1,Online Travel,Delhi,Delhi,Delhi,India,Seed,2025,Inflection Point Ventures,461.48,2025-06-04,2025-06-04,1,2025,2025,2025
stratfit,1.93,1.93,1,Consumer Internet,Hyderabad,Hyderabad,Telangana,India,Seed,2017,Bodhtree Consulting Limited,208.06,2017-06-16,2017-06-16,1,2017,2017,2017
shopholix,1.93,1.93,1,Ecommerce,Gurgaon,Gurgaon,Haryana,India,Other,2017,Munesh Khanunknown,66.4,2017-12-19,2017-12-19,3,2017,2017,2017
apclub,1.92,1.92,1,Consumer,Bangalore,Bangalore,Karnataka,India,Pre-Seed,2025,Curefit,12.45,2025-07-12,2025-07-12,2,2025,2025,2025
coluxe,1.92,1.92,1,Ecommerce,Delhi,Delhi,Delhi,India,Unknown,2025,Unknown,2.54,2025-07-11,2025-07-11,2,2025,2025,2025
crimson healthcare,1.91,1.91,1,Med,Delhi,Delhi,Delhi,India,Unknown,2020,Mumbai Angels Network,24.9,2020-06-22,2020-06-22,1,2020,2020,2020
kleeto,1.91,1.91,1,Document Digitization,Gurgaon,Gurgaon,Haryana,India,Seed,2015,Grex,12.45,2015-10-16,2015-10-16,3,2015,2015,2015
qlivery,1.91,1.91,1,Consumer Internet,Gurgaon,Gurgaon,Haryana,India,Seed,2016,Swastika Company Ltd,8.3,2016-03-28,2016-03-28,4,2015,2016,2016
beastlife,1.9,1.9,1,Nutrition,Gurgaon,Gurgaon,Haryana,India,Unknown,2025,Rinku Singh,4.15,2025-04-15,2025-04-15,1,2025,2025,2025
tazzo bikes,1.88,1.88,1,Consumer Internet,Hyderabad,Hyderabad,Telangana,India,Seed,2016,Dsg Consumer Partners,4.37,2016-10-14,2016-10-14,3,2016,2016,2016
biokraft foods,1.88,1.88,1,Clean,Mumbai,Mumbai,Maharashtra,India,Seed,2025,Gvfl,45.0,2025-09-08,2025-09-08,2,2025,2025,2025
naturenama,1.87,1.87,1,Consumer Internet,Mumbai,Mumbai,Maharashtra,India,Seed,2016,Unicorn Venture,24.9,2016-06-12,2016-06-12,1,2016,2016,2016
paisadukan,1.87,1.87,1,Consumer Internet,Mumbai,Mumbai,Maharashtra,India,Other,2018,Unknown,124.5,2018-05-23,2018-05-23,1,2018,2018,2018
yodacart,1.87,1.87,1,Ecommerce,Thane,Mumbai,Maharashtra,India,Pre-Seed,2021,Ajith Daneil,0.13,2021-12-05,2021-12-05,3,2021,2021,2021
battwheelz,1.87,1.87,1,Energy > Electric Vehicles,Haryana,Nan,Haryana,India,Seed,2025,Finvolve,298.8,2025-10-07,2025-10-07,3,2025,2025,2025
reia diamonds,1.87,1.87,1,Consumer Goods > Fashion Accessories,Karnataka,Nan,Karnataka,India,Seed,2025,Venture Catalysts,8.3,2025-10-17,2025-10-17,3,2025,2025,2025
extracarbon,1.87,1.87,1,Consumer Internet,Gurgaon,Gurgaon,Haryana,India,Seed,2016,Brand Capital,8.3,2016-08-12,2016-08-12,2,2016,2016,2016
pinkblue,1.86,1.86,1,Ecommerce,Bangalore,Bangalore,Karnataka,India,Seed,2016,"Abhishek Jain, Ajay Modani, Anirudh Rastogi, Dr V Ravinder, Hari Krishunknown, Nagendra Prasad Bhanuprakash, Rajeev Mudumba, Rakesh Gakhar",1.66,2016-03-17,2016-03-17,4,2015,2016,2016
docsumo,1.83,1.83,1,Ai,Mumbai,Mumbai,Maharashtra,India,Seed,2020,"Barclays., Better Capital, Techstars",69.72,2020-08-01,2020-08-01,2,2020,2020,2020
tea trunk,1.83,1.83,1,Beverage,Goa,Panaji,Goa,India,Unknown,2020,Angel Investors,8.3,2020-01-08,2020-01-08,4,2019,2020,2020
my forex eye,1.83,1.83,1,Consumer Internet,Delhi,Delhi,Delhi,India,Seed,2017,"Ankit Sharma And Others, Rahul Dev Kumar, Rajesh Mahajan",2.9,2017-08-20,2017-08-20,2,2017,2017,2017
edu4share,1.83,1.83,1,Exam Preparation,Delhi,Delhi,Delhi,India,Seed,2015,"Nalin Jain, Other Angel Investors",2.49,2015-08-20,2015-08-20,2,2015,2015,2015
campus diaries,1.83,1.83,1,Consumer Internet,Bangalore,Bangalore,Karnataka,India,Seed,2016,Aarin Capital,232.4,2016-06-03,2016-06-03,1,2016,2016,2016
chai thela,1.81,1.81,1,Food,Noida,Noida,Uttar Pradesh,India,Seed,2016,Quarizon,33.2,2016-11-12,2016-11-12,3,2016,2016,2016
fabulyst,1.78,1.78,1,Technology,Hyderabad,Hyderabad,Telangana,India,Seed,2017,Ibhubs,5.81,2017-06-26,2017-06-26,1,2017,2017,2017
the uolo,1.74,1.74,1,Consumer Internet,Bangalore,Bangalore,Karnataka,India,Seed,2016,"Purvi Ventures, Rajul Garg, Vipin Arora",1.93,2016-06-15,2016-06-15,1,2016,2016,2016
genextstudents,1.73,1.73,1,Consumer Internet,Mumbai,Mumbai,Maharashtra,India,Seed,2016,1Crowd (Through Crowdfunding),3.79,2016-08-05,2016-08-05,2,2016,2016,2016
prolgae,1.66,1.66,1,Biotechnology,The Nilgiris,Nan,The Nilgiris,India,Seed,2021,Vijayan,20.75,2021-09-15,2021-09-15,2,2021,2021,2021
shadez,1.66,1.66,1,Consumer,Mumbai,Mumbai,Maharashtra,India,Pre-Series A,2021,Inflection Point Ventures,1.66,2021-09-18,2021-09-18,2,2021,2021,2021
pramati,1.66,1.66,1,Healthcare,Noida,Noida,Uttar Pradesh,India,Seed,2016,Unknown Investors,19.92,2016-03-26,2016-03-26,4,2015,2016,2016
enthuai,1.66,1.66,1,Ai,Chandigarh,Chandigarh,Chandigarh,India,Unknown,2021,Appit Simple Infotek,345.28,2021-05-09,2021-05-09,1,2021,2021,2021
wellcure,1.66,1.66,1,Healthcare,Gurgaon,Gurgaon,Haryana,India,Unknown,2020,Inflection Point Ventures,49.8,2020-07-02,2020-07-02,2,2020,2020,2020
voiz,1.66,1.66,1,Proffesional,Bangalore,Bangalore,Karnataka,India,Seed,2022,Omidyar Network,14.94,2022-08-15,2022-08-15,2,2022,2022,2022
shabdanagari,1.66,1.66,1,Consumer Internet,Kanpur,Kanpur,Uttar Pradesh,India,Seed,2016,"Kanpur Angels, Others",147.4,2016-01-24,2016-01-24,4,2015,2016,2016
qikship,1.66,1.66,1,Consumer Internet,Delhi,Delhi,Delhi,India,Seed,2016,Undisclosed Investors,74.7,2016-03-15,2016-03-15,4,2015,2016,2016
easyroads,1.66,1.66,1,Consumer Internet,Mumbai,Mumbai,Maharashtra,India,Seed,2016,"Hrishi Oberoi, Kapil Hetamsaria, Praunknownv Dedhia, Rahul Mehta, Rohan Angrish",4.15,2016-05-25,2016-05-25,1,2016,2016,2016
dvara edairy,1.66,1.66,1,Fintech,Chennai,Chennai,Tamil Nadu,India,Unknown,2022,Dvara Holdings And Axilor Ventures,9.13,2022-05-10,2022-05-10,1,2022,2022,2022
deciwood,1.66,1.66,1,Consumer Electronics,Delhi,Delhi,Delhi,India,Unknown,2021,"Ankit Kedia, Arun Gupta, Shuru Up",76.36,2021-12-25,2021-12-25,3,2021,2021,2021
disruptium,1.66,1.66,1,Consulting,Ahmedabad,Ahmedabad,Gujarat,India,Unknown,2021,Pravesh Mehta,141.93,2021-05-23,2021-05-23,1,2021,2021,2021
decortwist,1.66,1.66,1,Consumer Goods > Home Furnishing Products,Uttar Pradesh,Nan,Uttar Pradesh,India,Seed,2025,Tejas Paresh Lodaya,65.0,2025-10-26,2025-10-26,3,2025,2025,2025
rocket skills,1.66,1.66,1,Edtech,Gurgaon,Gurgaon,Haryana,India,Pre-Seed,2021,"Better Capital, First Cheque, Titan Capital",124.5,2021-08-09,2021-08-09,2,2021,2021,2021
rupaiya exchange,1.66,1.66,1,Consumer Internet,Delhi,Delhi,Delhi,India,Seed,2016,Unknown Investors,4.15,2016-12-13,2016-12-13,3,2016,2016,2016
design x,1.66,1.66,1,Iot,Noida,Noida,Uttar Pradesh,India,Seed,2020,Thinknext Llc,207.5,2020-03-28,2020-03-28,4,2019,2020,2020
bhaobhao,1.66,1.66,1,Consumer,Mumbai,Mumbai,Maharashtra,India,Unknown,2025,Unknown,164.34,2025-08-28,2025-08-28,2,2025,2025,2025
wobb,1.66,1.66,1,Marketing,Gurgaon,Gurgaon,Haryana,India,Pre-Seed,2021,"Alok Kohli, Sanjeev Bhargava",79.68,2021-10-12,2021-10-12,3,2021,2021,2021
entropika,1.66,1.66,1,Technology,Bangalore,Bangalore,Karnataka,India,Seed,2016,"Dileep Bhatt, Milind Chaudhary",75.53,2016-11-04,2016-11-04,3,2016,2016,2016
pingolearn,1.66,1.66,1,Edtech,Pune,Pune,Maharashtra,India,Unknown,2021,"Angellist Syndicate, Haresh Chawla, Titan Capital",680.6,2021-12-07,2021-12-07,3,2021,2021,2021
inspacco,1.66,1.66,1,Facilities,Pune,Pune,Maharashtra,India,Unknown,2021,Unknown,43.16,2021-07-01,2021-07-01,2,2021,2021,2021
investmint,1.66,1.66,1,Trading,Bangalore,Bangalore,Karnataka,India,Seed,2022,Nexus Venture Partners,24.9,2022-10-22,2022-10-22,3,2022,2022,2022
infyu labs,1.66,1.66,1,Agritech,Gandhinagar,Gandhinagar,Gujarat,India,Seed,2021,Ian,7.47,2021-09-17,2021-09-17,2,2021,2021,2021
illumnus,1.66,0.83,2,Edtech,Pune,Pune,Maharashtra,India,Seed,2020,"23 High Networth Individuals (Hnis)., Angel Investors. Hni",0.83,2020-01-02,2020-05-07,"1, 4","2019, 2020",2020,2020
kanhaiya,1.66,1.66,1,Inspiration,Hyderabad,Hyderabad,Telangana,India,Other,2017,Unknown Investors,12.45,2017-11-23,2017-11-23,3,2017,2017,2017
klassroom,1.66,1.66,1,Edtech,Mumbai,Mumbai,Maharashtra,India,Pre-Series A,2021,Ah! Ventures,201.28,2021-05-18,2021-05-18,1,2021,2021,2021
hwell24,1.66,1.66,1,Healthcare,Mumbai,Mumbai,Maharashtra,India,Other,2018,"Mitali Pawar, Nikhil G And Bhavesh P, Oncotrust And Medintel Services Pvt. Ltd, Prashant Mehta, R Rangaunknownthan",26.56,2018-05-12,2018-05-12,1,2018,2018,2018
accelero vehicles,1.66,1.66,1,Automotive,Delhi,Delhi,Delhi,India,Seed,2022,"Letsventure, Social Alpha",577.6,2022-02-08,2022-02-08,4,2021,2022,2022
letreach,1.66,0.83,2,Ecommerce,Delhi,Delhi,Delhi,India,Private Equity,2016,Vcommission,0.83,2016-04-24,2016-06-09,1,2016,2016,2016
liberate foods,1.66,1.66,1,Food,Bangalore,Bangalore,Karnataka,India,Seed,2022,Blue Horizon Corporation And Panthera Peak,41.5,2022-07-03,2022-07-03,2,2022,2022,2022
hemp horizons,1.66,1.66,1,Cannabis,Noida,Noida,Uttar Pradesh,India,Seed,2021,Mumbai Angels,190.9,2021-02-06,2021-02-06,4,2020,2021,2021
healthyworldin,1.66,1.66,1,Other,Unknown,Nan,Nan,Nan,Seed,2015,Group Of Angel Investors,41.5,2015-01-28,2015-01-28,4,2014,2015,2015
living local,1.66,1.66,1,Consumer Internet,Mumbai,Mumbai,Maharashtra,India,Seed,2016,Rattan Chadha,97.11,2016-04-17,2016-04-17,1,2016,2016,2016
mango point,1.66,1.66,1,Food,Chennai,Chennai,Tamil Nadu,India,Unknown,2022,"Keiretsu Chenunknowni, Native Angel Network, The Chenunknowni Angels",14.11,2022-02-21,2022-02-21,4,2021,2022,2022
green soul,1.66,1.66,1,Consumer Goods,Ambernath,Nan,Nan,Nan,Unknown,2021,Velocity.In,13.28,2021-07-05,2021-07-05,2,2021,2021,2021
afk gaming,1.66,1.66,1,Entertainment,Mumbai,Mumbai,Maharashtra,India,Pre-Series A,2020,Unknown,29.05,2020-01-07,2020-01-07,4,2019,2020,2020
mentoria,1.66,1.66,1,Edtech,Mumbai,Mumbai,Maharashtra,India,Pre-Series A,2021,"Jayant Mehrotra, Pradeep K Jaisingh",0.1,2021-05-01,2021-05-01,1,2021,2021,2021
myindianstay,1.66,1.66,1,Home Stay & Room Rentals,Goa,Panaji,Goa,India,Seed,2015,Unknown Investors,43.16,2015-11-15,2015-11-15,3,2015,2015,2015
myseniordoctor,1.66,1.66,1,Consumer Internet,Gurgaon,Gurgaon,Haryana,India,Seed,2016,Blackjag Partners,23.24,2016-06-04,2016-06-04,1,2016,2016,2016
gameeon studio,1.66,1.66,1,Computer Games,Mumbai,Mumbai,Maharashtra,India,Unknown,2022,"Ajay Upadhyaya, Mruunknownl Jhaveri",8.3,2022-01-07,2022-01-07,4,2021,2022,2022
nap chief,1.66,1.66,1,Apparel & Fashion,Mumbai,Mumbai,Maharashtra,India,Seed,2021,Titan Capital,16.6,2021-10-16,2021-10-16,3,2021,2021,2021
wwhere,1.66,1.66,1,Other,Unknown,Nan,Nan,Nan,Seed,2015,Group Of Angel Investors,3.32,2015-03-10,2015-03-10,4,2014,2015,2015
octoai,1.66,1.66,1,Technology,Delhi,Delhi,Delhi,India,Seed,2016,"Arjun Malhotra, Jaspreet Bindra, Outbox Ventures, Rakesh Agrawal, Rohan Malhotra, Sidharth Rao",6.64,2016-08-18,2016-08-18,2,2016,2016,2016
orobind,1.66,1.66,1,Other,Unknown,Nan,Nan,Nan,Seed,2015,"Harpreet Singh Grover, Lalit Mangal, Zishaan Hayath",91.3,2015-03-05,2015-03-05,4,2014,2015,2015
fieldproxy,1.66,1.66,1,Saas,Chennai,Chennai,Tamil Nadu,India,Seed,2021,"2Am Vc, Letsventure, Magic.Fund",6.3,2021-09-02,2021-09-02,2,2021,2021,2021
ezerx,1.66,1.66,1,Medtech,Kolkata,Kolkata,West Bengal,India,Seed,2020,"Indian Oil Corporation, Krishunknown Chakravarty",8.3,2020-10-18,2020-10-18,3,2020,2020,2020
ampm,1.66,1.66,1,Ecommerce,Gurgaon,Gurgaon,Haryana,India,Unknown,2021,Agility Venture Partners,41.5,2021-03-21,2021-03-21,4,2020,2021,2021
shopmylooks,1.66,1.66,1,Digital,Noida,Noida,Uttar Pradesh,India,Unknown,2021,"Capital A, Collective Artists Network",1.93,2021-12-10,2021-12-10,3,2021,2021,2021
evelabs,1.66,1.66,1,Healthcare,Thiruvananthapuram,Thiruvananthapuram,Kerala,India,Pre-Seed,2022,Jito Angel N Etwork,44.82,2022-07-12,2022-07-12,2,2022,2022,2022
cabsguru,1.66,1.66,1,Cab Search Comparison & Booking,Delhi,Delhi,Delhi,India,Seed,2015,Prashanth Rangaunknownthan,1.66,2015-12-10,2015-12-10,3,2015,2015,2015
cbrex,1.66,1.66,1,International Hiring,Mumbai,Mumbai,Maharashtra,India,Seed,2015,"Prahlad Rao, Sundara Rajan, Vikram Chachra",35.9,2015-12-25,2015-12-25,3,2015,2015,2015
bluepad,1.66,1.66,1,Online Media,Bangalore,Bangalore,Karnataka,India,Pre-Seed,2021,"Angellist'S Syndicate, Titan Capital",3.32,2021-09-27,2021-09-27,2,2021,2021,2021
solartown,1.66,1.66,1,Technology,Chennai,Chennai,Tamil Nadu,India,Seed,2016,Grex.In,99.6,2016-05-07,2016-05-07,1,2016,2016,2016
boingg,1.66,1.66,1,Furniture,Gurgaon,Gurgaon,Haryana,India,Seed,2021,Inflection Point Ventures,30.0,2021-11-22,2021-11-22,3,2021,2021,2021
thinkerbell,1.66,1.66,1,Consumer Internet,Bangalore,Bangalore,Karnataka,India,Seed,2017,"Aunknownnd Mahindra, Indian Angel Network",593.12,2017-07-05,2017-07-05,2,2017,2017,2017
braingroom,1.66,1.66,1,Edtech,Chennai,Chennai,Tamil Nadu,India,Unknown,2021,"Ian, Social Alpha, Startup Oasis",21.58,2021-07-23,2021-07-23,2,2021,2021,2021
bytexl,1.66,1.66,1,Edtech,Hyderabad,Hyderabad,Telangana,India,Unknown,2021,Joseph Joy,0.2,2021-09-25,2021-09-25,2,2021,2021,2021
brick2wall,1.66,1.66,1,Ecommerce,Gurgaon,Gurgaon,Haryana,India,Seed,2017,"Mayank Mittal, Others, Subramani Somasundaram, Sundeep Sahni",53.95,2017-07-22,2017-07-22,2,2017,2017,2017
smartivityin,1.66,1.66,1,Virtual Reality Activity Based Learning,Delhi,Delhi,Delhi,India,Seed,2015,S Chand And Co Pvt Ltd,24.9,2015-10-26,2015-10-26,3,2015,2015,2015
azah,1.66,1.66,1,Healthcare,Gurgaon,Gurgaon,Haryana,India,Seed,2019,Ununknownmed Angel Investors,52.29,2019-04-13,2019-04-13,1,2019,2019,2019
bluegape,1.66,1.66,1,Web Content Publishing,Gurgaon,Gurgaon,Haryana,India,Seed,2015,"Ah! Ventures, Rudy Gopalakrishunknownn",14.94,2015-04-12,2015-04-12,1,2015,2015,2015
supersourcing,1.66,1.66,1,Software,Indore,Indore,Madhya Pradesh,India,Seed,2021,"Dr Ritesh Malik, Vijay Shekhar Sharma",24.9,2021-02-16,2021-02-16,4,2020,2021,2021
capzest,1.66,1.66,1,Consumer Internet,Mumbai,Mumbai,Maharashtra,India,Seed,2016,Lion Ventures,1240.59,2016-02-28,2016-02-28,4,2015,2016,2016
vahanalytics,1.66,1.66,1,Technology,Mumbai,Mumbai,Maharashtra,India,Seed,2016,"Anirudh Damani, Vikram Lakhotia",109.2,2016-05-08,2016-05-08,1,2016,2016,2016
commut,1.66,1.66,1,Consumer Internet,Hyderabad,Hyderabad,Telangana,India,Seed,2016,50K Ventures,41.5,2016-04-03,2016-04-03,1,2016,2016,2016
comarete,1.66,1.66,1,Technology,Pune,Pune,Maharashtra,India,Seed,2016,Grex.In,16.6,2016-05-16,2016-05-16,1,2016,2016,2016
buildtraders,1.66,1.66,1,Ecommerce,Bangalore,Bangalore,Karnataka,India,Seed,2016,Idein Ventures,29.05,2016-09-09,2016-09-09,2,2016,2016,2016
parksmart,1.64,1.64,1,Iot,Delhi,Delhi,Delhi,India,Unknown,2020,Ah! Ventures,2.02,2020-07-07,2020-07-07,2,2020,2020,2020
beaute secrets,1.6,1.6,1,Beauty Tools,Gurgaon,Gurgaon,Haryana,India,Other,2024,Velocity (Cash Flow Fiunknownncing Platform),8.3,2024-10-03,2024-10-03,3,2024,2024,2024
zify,1.58,1.58,1,Ride Sharing,Hyderabad,Hyderabad,Telangana,India,Seed,2015,"Others, Sean O\\Xe2\\X80\\X99Sullivan",1.0,2015-10-22,2015-10-22,3,2015,2015,2015
rootefy,1.55,1.55,1,Ecommerce,Delhi,Delhi,Delhi,India,Seed,2017,Abhiunknownv Gupta,3.0,2017-08-06,2017-08-06,2,2017,2017,2017
aisle,1.54,1.54,1,Consumer Internet,Bangalore,Bangalore,Karnataka,India,Seed,2016,"Ah! Ventures, Termsheet",2.9,2016-01-12,2016-01-12,4,2015,2016,2016
witblox,1.52,1.52,1,Edtech,Unknown,Nan,Nan,Nan,Unknown,2020,Mumbai Angels Network,8.3,2020-01-14,2020-01-14,4,2019,2020,2020
divine hindu,1.5,1.5,1,Ecommerce,Gurgaon,Gurgaon,Haryana,India,Seed,2025,Unknown,63.91,2025-07-24,2025-07-24,2,2025,2025,2025
shiksha,1.5,1.5,1,Edtech,Unknown,Nan,Nan,Nan,Unknown,2020,Mumbai Angels Network,21.33,2020-01-14,2020-01-14,4,2019,2020,2020
fleetrover,1.49,1.49,1,Logistics,Goa,Panaji,Goa,India,Seed,2015,"Sanjay Venkat, Tim Chen",8.3,2015-05-07,2015-05-07,1,2015,2015,2015
beaconstalk,1.49,0.83,2,Proximity Marketing & Mobile Advertising,Mumbai,Mumbai,Maharashtra,India,Seed,"2015, 2016","Others, Prashant Gooty, Puneet Bhatia, Rajeev Agrawal",0.66,2015-10-23,2016-04-27,"1, 3","2015, 2016",2015,2016
absentia,1.49,1.49,1,Virtual Reality Headset Creator,Bangalore,Bangalore,Karnataka,India,Seed,2015,"50K Ventures, Astarc Ventures, Others",116.2,2015-11-12,2015-11-12,3,2015,2015,2015
promon,1.49,1.49,1,Ecommerce,Delhi,Delhi,Delhi,India,Seed,2016,Now Capital,16.6,2016-09-27,2016-09-27,2,2016,2016,2016
19th mile,1.49,1.49,1,It,Gurgaon,Gurgaon,Haryana,India,Other,2018,"Excelsior Investments, Prashant Gupta And Others, Praveer Kumar, Rishi Vasudev, Ritesh Vohra",0.0,2018-07-24,2018-07-24,2,2018,2018,2018
zuver,1.49,1.49,1,Consumer Internet,Mumbai,Mumbai,Maharashtra,India,Seed,2016,"Hermes Group, Shruth, Smith Group",5.39,2016-05-23,2016-05-23,1,2016,2016,2016
kidovators,1.49,1.49,1,Edtech,Bangalore,Bangalore,Karnataka,India,Other,2018,Gray Matters,166.83,2018-07-09,2018-07-09,2,2018,2018,2018
collatebox,1.49,1.49,1,Other,Unknown,Nan,Nan,Nan,Seed,2015,Letsventure,166.0,2015-03-01,2015-03-01,4,2014,2015,2015
vividobots,1.47,1.47,1,Robotics,Chennai,Chennai,Tamil Nadu,India,Seed,2025,Inflection Point Ventures,3.11,2025-04-28,2025-04-28,1,2025,2025,2025
machadalo,1.45,1.45,1,Consumer Internet,Mumbai,Mumbai,Maharashtra,India,Seed,2016,Unknown Investors,124.5,2016-05-13,2016-05-13,1,2016,2016,2016
mengage,1.45,1.45,1,Healthcare,Jaipur,Jaipur,Rajasthan,India,Other,2018,"100 Counknownfounders Lab And Others., Amit Singal, Mahavir Sharma, Siddharth Agarwal",411.6,2018-07-07,2018-07-07,2,2018,2018,2018
snackible,1.45,1.45,1,Food,Mumbai,Mumbai,Maharashtra,India,Seed,2017,"Anirudh Sheth, Aunknownndbir Singh, Murali Nair, Nibhrant Shah, Pratik Singhi, Vikram Mehta",203.35,2017-04-21,2017-04-21,1,2017,2017,2017
helex,1.42,1.42,1,Life Sciences > Genomics,Telangana,Nan,Telangana,India,Seed,2025,Bluehill Capital Trust,4.15,2025-10-13,2025-10-13,3,2025,2025,2025
dhobi g,1.42,1.42,1,Consumer > Local,Tamil Nadu,Nan,Tamil Nadu,India,Debt,2025,Indian Overseas Bank,0.83,2025-10-08,2025-10-08,3,2025,2025,2025
gabit,1.4,1.4,1,Ecommerce,Gurgaon,Gurgaon,Haryana,India,Unknown,2025,Unknown,1377.8,2025-09-24,2025-09-24,2,2025,2025,2025
gaadimech,1.4,1.4,1,Consumer,Jaipur,Jaipur,Rajasthan,India,Unknown,2025,Ajvc,4.15,2025-09-03,2025-09-03,2,2025,2025,2025
jaagruk bharat,1.4,1.4,1,Media & Entertainment > Internet First Media,Delhi,Delhi,Delhi,India,Seed,2025,Ajvc,4.15,2025-10-24,2025-10-24,3,2025,2025,2025
madrat games,1.39,1.39,1,Educational Board Games,Bangalore,Bangalore,Karnataka,India,Seed,2015,"Kuunknownl Bahl, Rohit Bansal",12.45,2015-07-13,2015-07-13,2,2015,2015,2015
noodle play,1.39,1.39,1,Chinese Food Delivery,Mumbai,Mumbai,Maharashtra,India,Seed,2015,"Ambarish Ray, Elliot Stechman, Gautam Sinha",166.0,2015-07-26,2015-07-26,2,2015,2015,2015
the better,1.38,1.38,1,Other,Unknown,Nan,Nan,Nan,Seed,2015,Iunknowncubeunknownn,50.0,2015-03-04,2015-03-04,4,2014,2015,2015
digital gorkha,1.38,1.38,1,Other,Unknown,Nan,Nan,Nan,Seed,2015,Ramesh Kavediya,49.8,2015-03-08,2015-03-08,4,2014,2015,2015
pricejugaad,1.37,1.37,1,Price Comparison,Hyderabad,Hyderabad,Telangana,India,Seed,2015,"Amit Tyagi, Others, Sandeep Acharya",49.8,2015-04-20,2015-04-20,1,2015,2015,2015
changer mints,1.37,1.37,1,Digital / Mobile Wallet,Kolkata,Kolkata,West Bengal,India,Seed,2015,Hyderabad Based Investor,896.4,2015-04-16,2015-04-16,1,2015,2015,2015
vegetall,1.34,1.34,1,Ecommerce,Chennai,Chennai,Tamil Nadu,India,Seed,2016,The Chenunknowni Angels,10.79,2016-12-28,2016-12-28,3,2016,2016,2016
pensionbox,1.33,1.33,1,Fintech,Bangalore,Bangalore,Karnataka,India,Unknown,2022,"Keynote India, Kishore Ganji",10.79,2022-03-20,2022-03-20,4,2021,2022,2022
keito,1.33,1.33,1,Ai,Pune,Pune,Maharashtra,India,Seed,2020,Suma Soft Pvt Ltd,8.3,2020-01-11,2020-01-11,4,2019,2020,2020
sampurnearth,1.33,1.33,1,Waste Management,Mumbai,Mumbai,Maharashtra,India,Seed,2015,"Family Office Fund, Intellecap Impact Investment Network",22.41,2015-08-18,2015-08-18,2,2015,2015,2015
sust vest,1.33,1.33,1,Renewable Energy,Gurgaon,Gurgaon,Haryana,India,Unknown,2022,Unknown,2.0,2022-05-19,2022-05-19,1,2022,2022,2022
cubito,1.33,1.33,1,Other,Unknown,Nan,Nan,Nan,Seed,2015,Sol Primero,4.15,2015-03-24,2015-03-24,4,2014,2015,2015
qriyo,1.33,1.33,1,Consumer Internet,Jodhpur,Jodhpur,Rajasthan,India,Seed,2016,Idein Ventures,265.6,2016-01-13,2016-01-13,4,2015,2016,2016
rollmafia,1.33,1.33,1,Qsr Restaurant,Pune,Pune,Maharashtra,India,Seed,2015,Equentia Natural Resources,1.99,2015-08-17,2015-08-17,2,2015,2015,2015
sayfix,1.33,1.33,1,Consumer Internet,Bangalore,Bangalore,Karnataka,India,Seed,2016,Yajunknownunknownrayaunknown Kammaje,8.3,2016-02-09,2016-02-09,4,2015,2016,2016
waterscience,1.32,1.32,1,Ecommerce,Bangalore,Bangalore,Karnataka,India,Unknown,2025,Valar Ventures,199.2,2025-09-18,2025-09-18,2,2025,2025,2025
edgehax,1.31,1.31,1,Advanced Hardware & Technology,Bangalore,Bangalore,Karnataka,India,Seed,2025,Inflection Point Ventures,49.8,2025-09-01,2025-09-01,2,2025,2025,2025
iotrek,1.29,1.29,1,Technology,Delhi,Delhi,Delhi,India,Seed,2017,Unknown Investor,29.88,2017-04-23,2017-04-23,1,2017,2017,2017
labsadvisor,1.29,1.29,1,Online Diagnostic Tests,Delhi,Delhi,Delhi,India,Seed,2015,Group Of Angel Investors,132.8,2015-08-17,2015-08-17,2,2015,2015,2015
jhakaas,1.29,1.29,1,Consumer Internet,Mumbai,Mumbai,Maharashtra,India,Seed,2017,"Anjani Prasad, Malini Patel, Stelcore Maunknowngement Services",26.56,2017-03-27,2017-03-27,4,2016,2017,2017
homversity,1.29,1.29,1,Housing,Ahmedabad,Ahmedabad,Gujarat,India,Unknown,2021,Unknown,41.5,2021-11-09,2021-11-09,3,2021,2021,2021
mydentistchoice,1.25,1.25,1,Ecommerce,Hyderabad,Hyderabad,Telangana,India,Seed,2016,Unknown Investors,68.06,2016-05-14,2016-05-14,1,2016,2016,2016
goto,1.25,1.25,1,Transportation,Ghaziabad,Delhi,Uttar Pradesh,India,Unknown,2021,Jesse Lucas,43.16,2021-02-16,2021-02-16,4,2020,2021,2021
mentorkart,1.25,1.25,1,Consulting,Delhi,Delhi,Delhi,India,Seed,2021,"Amit Singal, Manish Aggarwal",1.66,2021-06-26,2021-06-26,1,2021,2021,2021
onspoon,1.25,1.25,1,Consumer Internet,Mumbai,Mumbai,Maharashtra,India,Seed,2016,Swan Angel Network,249.0,2016-06-15,2016-06-15,1,2016,2016,2016
pocketin,1.25,1.25,1,Consumer Internet,Noida,Noida,Uttar Pradesh,India,Seed,2016,Swastika Company Ltd,14.53,2016-02-26,2016-02-26,4,2015,2016,2016
mihuru,1.25,1.25,1,Fintech,Mumbai,Mumbai,Maharashtra,India,Other,2018,Unknown,68.06,2018-04-15,2018-04-15,1,2018,2018,2018
onlinerti,1.25,1.25,1,Online Rti Application,Bangalore,Bangalore,Karnataka,India,Seed,2015,"Letsventure, Mohandas Pai",122.84,2015-12-19,2015-12-19,3,2015,2015,2015
3dexter,1.25,1.25,1,Technology,Delhi,Delhi,Delhi,India,Seed,2016,Newbie Promoters,1.25,2016-10-23,2016-10-23,3,2016,2016,2016
planmynmedicaltrip,1.25,1.25,1,Healthcare,Pune,Pune,Maharashtra,India,Seed,2016,"Bhanu Vikram Parsotam, Rohan Desai And Paras Patel",111.62,2016-01-23,2016-01-23,4,2015,2016,2016
summerlabel,1.25,1.25,1,Consumer Internet,Gurgaon,Gurgaon,Haryana,India,Seed,2017,"Aneesh Seth, Tushar Mittal",15.77,2017-03-28,2017-03-28,4,2016,2017,2017
ftcash,1.25,1.25,1,Consumer Internet,Kolkata,Kolkata,West Bengal,India,Seed,2016,Ivycap Ventures,46.48,2016-03-21,2016-03-21,4,2015,2016,2016
ev plugs,1.25,1.25,1,Information Technology &,Gurgaon,Gurgaon,Haryana,India,Unknown,2021,Unknown,4.98,2021-09-15,2021-09-15,2,2021,2021,2021
anandakanda,1.25,1.25,1,Technology,Pune,Pune,Maharashtra,India,Seed,2016,Undisclosed Investors,33.2,2016-02-08,2016-02-08,4,2015,2016,2016
skoovcom,1.25,1.25,1,Ecommerce Product Search Engine,Mumbai,Mumbai,Maharashtra,India,Seed,2015,Undisclosed Investor,190.9,2015-11-16,2015-11-16,3,2015,2015,2015
ouwt,1.25,1.25,1,Nightlife Discovery Mobile,Mumbai,Mumbai,Maharashtra,India,Seed,2015,Unknown Investors,54.9,2015-11-20,2015-11-20,3,2015,2015,2015
360ride,1.25,1.25,1,Consumer Internet,Bangalore,Bangalore,Karnataka,India,Seed,2016,Unknown,100.0,2016-01-09,2016-01-09,4,2015,2016,2016
oibanit,1.25,1.25,1,Online Food Ordering,Vadodara,Vadodara,Gujarat,India,Seed,2015,"Anubhav Verma, Varun Ahuja",55.61,2015-11-17,2015-11-17,3,2015,2015,2015
omnify,1.25,1.25,1,Technology,Bangalore,Bangalore,Karnataka,India,Seed,2017,"L.D Sharma, Rajan Aunknownndan, Saurabh Arora",24.9,2017-04-10,2017-04-10,1,2017,2017,2017
corseco,1.25,1.25,1,Technology,Delhi,Delhi,Delhi,India,Seed,2016,"Ameera Shah, Vivek Bhargava",33.2,2016-11-08,2016-11-08,3,2016,2016,2016
fitraqcom,1.25,1.25,1,Other,Unknown,Nan,Nan,Nan,Seed,2015,Tarun Arora,16.6,2015-03-25,2015-03-25,4,2014,2015,2015
syona cosmetics,1.25,1.25,1,Fmcg,Chennai,Chennai,Tamil Nadu,India,Seed,2016,The Chenunknowni Angels,49.8,2016-06-10,2016-06-10,1,2016,2016,2016
siftr labs,1.25,1.25,1,Consumer Internet,Mumbai,Mumbai,Maharashtra,India,Seed,2016,Venture Catalysts,9.96,2016-01-04,2016-01-04,4,2015,2016,2016
grandopinion,1.25,1.25,1,Online Medical Diagnostic,Delhi,Delhi,Delhi,India,Seed,2015,Florida Based Angel Investor,94.12,2015-05-10,2015-05-10,1,2015,2015,2015
clapsnslaps,1.25,1.25,1,Online Movie Review,Mumbai,Mumbai,Maharashtra,India,Seed,2015,R M Picture Company Pvt. Ltd.,4.98,2015-09-01,2015-09-01,2,2015,2015,2015
laundryanna,1.25,1.25,1,Consumer Internet,Bangalore,Bangalore,Karnataka,India,Seed,2016,Unknown Investors,52.7,2016-11-26,2016-11-26,3,2016,2016,2016
little black book delhi,1.25,1.25,1,Online City & Lifestyle Guide,Delhi,Delhi,Delhi,India,Seed,2015,"Aseem Vadehra, Niraj Singh, Rajan Aunknownndan, Sachin Bhatia, Singapore Angel Network",8.3,2015-06-09,2015-06-09,1,2015,2015,2015
cureinstant,1.25,1.25,1,Consumer Internet,Delhi,Delhi,Delhi,India,Seed,2016,Dr. Rameshwar Kumar,79.68,2016-09-23,2016-09-23,2,2016,2016,2016
sportobuddy,1.25,1.25,1,Consumer Internet,Mumbai,Mumbai,Maharashtra,India,Seed,2017,Mehul Shah,33.2,2017-09-11,2017-09-11,2,2017,2017,2017
indofash,1.25,1.25,1,Ecommerce,Bangalore,Bangalore,Karnataka,India,Seed,2016,"Nitesh Pant, Shekhar Sahu",622.5,2016-11-01,2016-11-01,3,2016,2016,2016
indigolearn,1.25,1.25,1,Edtech,Hyderabad,Hyderabad,Telangana,India,Other,2018,"And Jamshed Jeejeebhoy, Director At Byramjee Jeejeebhoy Pvt. Ltd Were Among The Angels, Founder And Chairman Of Career Information Portal Careers360, Maheshwar Peri",456.5,2018-04-07,2018-04-07,1,2018,2018,2018
life circle,1.25,1.25,1,Healthcare,Hyderabad,Hyderabad,Telangana,India,Private Equity,2016,Groupe Sos,8.3,2016-05-17,2016-05-17,1,2016,2016,2016
easyecom,1.25,1.25,1,Ecommerce,Bangalore,Bangalore,Karnataka,India,Other,2017,"Ambarish Gupta, Aneesh Reddy, Bold Ventures, Vounknown Investments",4.15,2017-12-15,2017-12-15,3,2017,2017,2017
leaping caravan,1.25,1.25,1,Online Food Ordering & Delivery,Gurgaon,Gurgaon,Haryana,India,Seed,2015,Group Of Angel Investors,6.72,2015-10-01,2015-10-01,3,2015,2015,2015
didi,1.25,1.25,1,Ondemand Maids,Mumbai,Mumbai,Maharashtra,India,Seed,2015,"Jozef Bardik, Leo Wang Sangeeth Ram",9.13,2015-11-12,2015-11-12,3,2015,2015,2015
zfw hospitality,1.25,1.25,1,Food,Delhi,Delhi,Delhi,India,Pre-Seed,2021,"Expert Dojo, Mumbai Angels Network",13.28,2021-04-07,2021-04-07,1,2021,2021,2021
briston technomach,1.25,1.25,1,Internet Of Things,Delhi,Delhi,Delhi,India,Seed,2015,Unknown,10.79,2015-09-08,2015-09-08,2,2015,2015,2015
horntell,1.25,1.25,1,Consumer Internet,Gurgaon,Gurgaon,Haryana,India,Seed,2016,"Bharanidharan Viswaunknownthan, Rahul Agarwal, Sanjiv Mittal, Shobhit Shukla",406.7,2016-03-04,2016-03-04,4,2015,2016,2016
rock n shop,1.25,1.25,1,Premium Apparel Shopping Portal,Delhi,Delhi,Delhi,India,Seed,2015,High Networth Individuals (Undisclosed),3.73,2015-10-14,2015-10-14,3,2015,2015,2015
qacco,1.25,1.25,1,Consumer Internet,Gurgaon,Gurgaon,Haryana,India,Seed,2016,"Anbu Pandian, Lead Angels Network, Others, Prabhakar Mr",5283.45,2016-12-21,2016-12-21,3,2016,2016,2016
medd,1.25,1.25,1,Personal Diagnostic Mobile,Mumbai,Mumbai,Maharashtra,India,Seed,2015,Group Of Angel Investors,2.42,2015-10-15,2015-10-15,3,2015,2015,2015
the gourmet jar,1.25,1.25,1,Food,Noida,Noida,Uttar Pradesh,India,Unknown,2021,Devx Venture Fund,8.3,2021-12-06,2021-12-06,3,2021,2021,2021
labstreet,1.25,1.25,1,Diagnostic Labs Aggregator,Gurgaon,Gurgaon,Haryana,India,Seed,2015,Multiple Investors,1.29,2015-09-16,2015-09-16,2,2015,2015,2015
hotify,1.25,1.25,1,New Curation Mobile,Bangalore,Bangalore,Karnataka,India,Seed,2015,Mahavir Pratap Sharma,41.5,2015-12-04,2015-12-04,3,2015,2015,2015
proximit,1.25,1.25,1,Technology,Pune,Pune,Maharashtra,India,Seed,2016,Funding Through 1Crowd Platform,43.16,2016-03-03,2016-03-03,4,2015,2016,2016
trdr,1.25,1.25,1,Fintech,Bangalore,Bangalore,Karnataka,India,Unknown,2021,"Kuunknownl Shah, Snehal Fulzele",18.26,2021-11-04,2021-11-04,3,2021,2021,2021
spiderg,1.25,1.25,1,Consumer Internet,Pune,Pune,Maharashtra,India,Seed,2016,"Adi Saravaunknownn, Fusion Tech Ventures, Mahendra Doshi, Pravin Dongre, Rahul Kirloskar",15.36,2016-06-03,2016-06-03,1,2016,2016,2016
iaugmentor labs,1.24,1.24,1,Technology,Gurgaon,Gurgaon,Haryana,India,Seed,2016,"Others, Rajasthan Angel Investor Network",8.3,2016-08-10,2016-08-10,2,2016,2016,2016
kabadiexpress,1.23,1.23,1,Other,Delhi,Delhi,Delhi,India,Seed,2016,Unknown Investor,2.08,2016-06-14,2016-06-14,1,2016,2016,2016
petsutra,1.23,1.23,1,Consumer Internet,Gurgaon,Gurgaon,Haryana,India,Other,2018,Michael Patrick Hickey,107.9,2018-02-08,2018-02-08,4,2017,2018,2018
pictor imaging,1.22,1.22,1,Consumer Internet,Mumbai,Mumbai,Maharashtra,India,Seed,2016,Quarizon,0.4,2016-11-26,2016-11-26,3,2016,2016,2016
noddapp,1.22,1.22,1,Consumer Internet,Mumbai,Mumbai,Maharashtra,India,Seed,2016,Unknown Multiple Investors,17.43,2016-11-21,2016-11-21,3,2016,2016,2016
ezytruk,1.22,1.22,1,Consumer Internet,Bangalore,Bangalore,Karnataka,India,Seed,2017,"Ajith Nair, Anish K",132.8,2017-01-07,2017-01-07,4,2016,2017,2017
awesummly,1.22,1.22,1,Consumer Internet,Bangalore,Bangalore,Karnataka,India,Seed,2016,"Ameera Shah, Vivek Bhargava",6.41,2016-11-10,2016-11-10,3,2016,2016,2016
freedom smart labs,1.2,1.2,1,Technology,Delhi,Delhi,Delhi,India,Seed,2016,Kapil Goel,41.5,2016-02-11,2016-02-11,4,2015,2016,2016
prescribez,1.2,1.2,1,Consumer Internet,Pune,Pune,Maharashtra,India,Seed,2016,Ankush Mehta,0.83,2016-05-14,2016-05-14,1,2016,2016,2016
wizcounsel,1.2,1.2,1,Compliance,Delhi,Delhi,Delhi,India,Angel,2019,Kapil Dev,66.4,2019-07-28,2019-07-28,2,2019,2019,2019
nagpur wholesale,1.19,1.19,1,Online,Nagpur,Nagpur,Maharashtra,India,Seed,2018,Omphalos Ventures India Llp,178.45,2018-12-20,2018-12-20,3,2018,2018,2018
jobsquare,1.17,1.17,1,Hr,Ahmedabad,Ahmedabad,Gujarat,India,Unknown,2020,Titan Capital,2.16,2020-01-05,2020-01-05,4,2019,2020,2020
thatmate,1.16,1.16,1,Healthcare,Satara,Satara,Maharashtra,India,Unknown,2021,"Premanshu Singh, Supriya Kumari",35.27,2021-05-25,2021-05-25,1,2021,2021,2021
cellstrat,1.16,1.16,1,Computer Software,Bangalore,Bangalore,Karnataka,India,Unknown,2022,Unknown,8.3,2022-01-11,2022-01-11,4,2021,2022,2022
teritree,1.16,1.16,1,Digital Marketing,Bangalore,Bangalore,Karnataka,India,Seed,2015,Kcl,6.64,2015-06-09,2015-06-09,1,2015,2015,2015
couponmachinein,1.16,1.16,1,Other,Unknown,Nan,Nan,Nan,Seed,2015,Uk Based Group Of Angel Investors,892.5,2015-01-27,2015-01-27,4,2014,2015,2015
jobsgaar,1.16,1.16,1,Job Discovery,Delhi,Delhi,Delhi,India,Seed,2021,Sucseed Indovation Fund,23.24,2021-06-07,2021-06-07,1,2021,2021,2021
trume,1.16,1.16,1,Iot,Unknown,Nan,Nan,Nan,Unknown,2020,Rajan Kaistha,45.65,2020-01-19,2020-01-19,4,2019,2020,2020
godesi,1.15,1.15,1,Food,Bangalore,Bangalore,Karnataka,India,Other,2018,Lead Angels Network,2.49,2018-11-03,2018-11-03,3,2018,2018,2018
gympik,1.12,1.12,1,Other,Unknown,Nan,Nan,Nan,Seed,2015,"Haldyn Glass, Rohan Ajila, Tom Clausen",2.08,2015-01-19,2015-01-19,4,2014,2015,2015
fastest,1.12,1.12,1,Healthcare,Maharashtra,Nan,Maharashtra,India,Seed,2025,Inflection Point Ventures,49.8,2025-10-08,2025-10-08,3,2025,2025,2025
ripsey,1.1,1.1,1,Nutrition,Mumbai,Mumbai,Maharashtra,India,Unknown,2020,Ah! Ventures,99.6,2020-07-25,2020-07-25,2,2020,2020,2020
goodlives,1.1,1.1,1,Healthcare,Gurgaon,Gurgaon,Haryana,India,Pre-Seed,2024,"Build3, Iim Lucknow, Rabindraunknownth Tagore University (Rntu)",20.75,2024-12-03,2024-12-03,3,2024,2024,2024
revidd,1.1,1.1,1,Information Technology,Visakhapatnam,Visakhapatnam,Andhra Pradesh,India,Unknown,2022,Ciie.Co And Inovnis Sa,2241.0,2022-05-04,2022-05-04,1,2022,2022,2022
bumboo,1.1,1.1,1,Ecofriendly Products,Delhi,Delhi,Delhi,India,Angel,2024,"And Nc Media Founder Rajneil Kamath, Counknownfounder At Cashkaro, Rohan Bhargava, Spotdraft Founder Shashank Bijapur, Urbanpiper Ceo Saurabh Gupta",27.76,2024-12-02,2024-12-02,3,2024,2024,2024
lifto,1.08,1.08,1,Ridesharing Mobile,Mumbai,Mumbai,Maharashtra,India,Seed,2015,"Dheeraj Mehta, Others, Rajesh Bhatia",0.9,2015-10-26,2015-10-26,3,2015,2015,2015
skippi ice pops,1.08,1.08,1,Food,Hyderabad,Hyderabad,Telangana,India,Unknown,2021,Shark Tank India,11.62,2021-12-17,2021-12-17,3,2021,2021,2021
gully labs,1.07,1.07,1,Fashion,Uttar Pradesh,Nan,Uttar Pradesh,India,Venture Debt,2025,Stride Ventures,73.04,2025-06-20,2025-06-20,1,2025,2025,2025
medront,1.06,1.06,1,Technology,Mumbai,Mumbai,Maharashtra,India,Pre-Seed,2024,Inflection Point Ventures,8.3,2024-08-17,2024-08-17,2,2024,2024,2024
ng earsafe,1.06,1.06,1,Healthcare,Rajkot,Rajkot,Gujarat,India,Seed,2024,Inflection Point Ventures,8.3,2024-10-24,2024-10-24,3,2024,2024,2024
digiconectt,1.04,1.04,1,Technology,Bangalore,Bangalore,Karnataka,India,Other,2018,Aspire Logistics Llc,20.75,2018-06-19,2018-06-19,1,2018,2018,2018
actonmagic,1.04,1.04,1,Technology,Bangalore,Bangalore,Karnataka,India,Seed,2016,Jayabalan Subramanian,6.22,2016-02-10,2016-02-10,4,2015,2016,2016
lafalafa,1.04,1.04,1,Coupons And Cashback Aggregator,Mumbai,Mumbai,Maharashtra,India,Seed,2015,500 Startups,1.25,2015-09-05,2015-09-05,2,2015,2015,2015
tilt,1.04,1.04,1,Bike Rental,Bangalore,Bangalore,Karnataka,India,Unknown,2021,Y Combiunknowntor,62.25,2021-03-03,2021-03-03,4,2020,2021,2021
croft beverages,1.04,1.04,1,Sustainable Tea Agritech D2C,Coimbatore,Coimbatore,Tamil Nadu,India,Pre-Seed,2025,"Angel Investors From Tea, Biotech Sectors, It, Sustaiunknownbility",27.25,2025-02-12,2025-02-12,4,2024,2025,2025
zipy,1.0,1.0,1,Ecommerce,Israel,Nan,Nan,Israel,Unknown,2022,Unknown,2.0,2022-04-28,2022-04-28,1,2022,2022,2022
rooba finance,1.0,1.0,1,Fintech,Gurgaon,Gurgaon,Haryana,India,Seed,2022,Endurance Capital And Inflection Point Ventures,1.33,2022-06-22,2022-06-22,1,2022,2022,2022
ilios 72 alternative capital,1.0,1.0,1,Wealth Management,Gurgaon,Gurgaon,Haryana,India,Seed,2025,Group Of Family Offices,4.15,2025-05-06,2025-05-06,1,2025,2025,2025
kibi sports,1.0,1.0,1,Sports,Bangalore,Bangalore,Karnataka,India,Pre-Seed,2025,"Angel Investors Including Saurabh Aggarwal, Arpit Bhardwaj, Others, Vartika Joshi",124.5,2025-01-24,2025-01-24,4,2024,2025,2025
cupick,1.0,1.0,1,Social For Artists,Bangalore,Bangalore,Karnataka,India,Seed,2015,Group Of Angel Investors From Us/India,12.45,2015-06-08,2015-06-08,1,2015,2015,2015
ziffyhomes,1.0,1.0,1,Consumer Internet,Gurgaon,Gurgaon,Haryana,India,Private Equity,2018,Y Combiunknowntor,3320.0,2018-08-12,2018-08-12,2,2018,2018,2018
oureyeai,1.0,1.0,1,Virtual Auditing,Bangalore,Bangalore,Karnataka,India,Unknown,2020,"100X Vc, Amara Ventures",2.49,2020-12-01,2020-12-01,3,2020,2020,2020
park easy,0.98,0.98,1,Consumer Internet,Kolkata,Kolkata,West Bengal,India,Seed,2017,Rockstart Accelerator,298.8,2017-10-16,2017-10-16,3,2017,2017,2017
yogurt labs,0.95,0.95,1,Other,Unknown,Nan,Nan,Nan,Seed,2015,"Family Pot Investments Llp, Kiran Bhat, Nick Adams",1.87,2015-03-03,2015-03-03,4,2014,2015,2015
enakshi,0.95,0.95,1,Consumer Internet,Ahemadabad,Ahmedabad,Gujarat,India,Other,2018,Unknown,0.13,2018-08-07,2018-08-07,2,2018,2018,2018
kraya,0.94,0.94,1,Enterprise Applications > Scm Software,Maharashtra,Nan,Maharashtra,India,Seed,2025,Aid,83.0,2025-10-06,2025-10-06,3,2025,2025,2025
zlade,0.91,0.91,1,Healthcare,Pune,Pune,Maharashtra,India,Unknown,2022,Corporate Round From Velocity,9.96,2022-08-18,2022-08-18,2,2022,2022,2022
trulymadly matchmakers,0.91,0.91,1,Dating,Gurgaon,Gurgaon,Haryana,India,Pre-Series A,2020,"Angellist, Inflection Point Ventures, The Chenunknowni Angels",16.6,2020-08-19,2020-08-19,2,2020,2020,2020
tooler,0.91,0.91,1,On Demand Laundry,Delhi,Delhi,Delhi,India,Seed,2015,"Raghu Khanunknown, Sameer Gupta",8.3,2015-11-15,2015-11-15,3,2015,2015,2015
liftiee,0.9,0.9,1,Consumer Internet,Mumbai,Mumbai,Maharashtra,India,Seed,2016,"Anita Hassaunknownndani, Rannvijay Singh",107.9,2016-03-15,2016-03-15,4,2015,2016,2016
intuit things,0.88,0.88,1,Technology,Mumbai,Mumbai,Maharashtra,India,Seed,2017,"Others ( The Ten Minute Million), Sanjay Mehta",33.2,2017-01-18,2017-01-18,4,2016,2017,2017
daybox,0.86,0.86,1,Consumer Internet,Delhi,Delhi,Delhi,India,Seed,2016,"Ashutosh Lawania, Badal Malick, Others, Rajul Jain, Rishi Gupta",0.43,2016-08-09,2016-08-09,2,2016,2016,2016
roadgods,0.83,0.83,1,Ecommerce,Delhi,Delhi,Delhi,India,Seed,2016,Green House Ventures (Ghv),2.08,2016-02-17,2016-02-17,4,2015,2016,2016
coolshare,0.83,0.83,1,Cab Sharing Mobile,Mumbai,Mumbai,Maharashtra,India,Seed,2015,Gopal Aggarwal,16.6,2015-12-04,2015-12-04,3,2015,2015,2015
soopermo,0.83,0.83,1,Technology,Gurgaon,Gurgaon,Haryana,India,Seed,2016,Lalit Vase,33.2,2016-10-17,2016-10-17,3,2016,2016,2016
mergerware,0.83,0.83,1,Technology,Bangalore,Bangalore,Karnataka,India,Seed,2017,Philippe Bouchet,5.79,2017-04-19,2017-04-19,1,2017,2017,2017
dhiway,0.83,0.83,1,Information Technology,Bangalore,Bangalore,Karnataka,India,Pre-Seed,2022,. Cornerstone Venture Partners Fund And Sunicon Ventures,24.8,2022-11-26,2022-11-26,3,2022,2022,2022
mestastop,0.83,0.83,1,Biotechnology,Bangalore,Bangalore,Karnataka,India,Unknown,2021,Ciie.Co,0.41,2021-10-06,2021-10-06,3,2021,2021,2021
prescribe,0.83,0.83,1,Healthcare,Chennai,Chennai,Tamil Nadu,India,Unknown,2020,Titan Capital,29.05,2020-11-23,2020-11-23,3,2020,2020,2020
krayonnz,0.83,0.83,1,Edtech,Bangalore,Bangalore,Karnataka,India,Pre-Seed,2020,Gsf Accelerator,0.94,2020-12-05,2020-12-05,3,2020,2020,2020
volta motors,0.83,0.83,1,Technology,Chennai,Chennai,Tamil Nadu,India,Seed,2016,Kalaari Capital,15.52,2016-10-01,2016-10-01,3,2016,2016,2016
propdial,0.83,0.83,1,Real Estate,Gurgaon,Gurgaon,Haryana,India,Unknown,2022,Unknown,30.0,2022-03-11,2022-03-11,4,2021,2022,2022
purplehealth,0.83,0.83,1,Consumer Internet,Thiruvananthapuram,Thiruvananthapuram,Kerala,India,Seed,2016,Katabole Technology Venture,13.28,2016-05-17,2016-05-17,1,2016,2016,2016
puresh daily,0.83,0.83,1,Milk,Ranchi,Ranchi,Jharkhand,India,Seed,2021,"Agility Venture Partners, Alfa Ventures",58.1,2021-04-08,2021-04-08,1,2021,2021,2021
medikoe,0.83,0.83,1,Healthcare,Bangalore,Bangalore,Karnataka,India,Seed,2015,Anil Menon,753.64,2015-11-28,2015-11-28,3,2015,2015,2015
arcatron mobility,0.83,0.83,1,Technology,Pune,Pune,Maharashtra,India,Seed,2016,Sudhir Mehta,22.16,2016-05-09,2016-05-09,1,2016,2016,2016
rentomo,0.83,0.83,1,Consumer Internet,Bangalore,Bangalore,Karnataka,India,Seed,2016,"Other Ununknownmed Investors, Shiva Ashok",93.01,2016-01-09,2016-01-09,4,2015,2016,2016
advenio,0.83,0.83,1,Technology,Chandigarh,Chandigarh,Chandigarh,India,Seed,2016,Kalaari Capital,33.2,2016-08-28,2016-08-28,2,2016,2016,2016
dybo,0.83,0.83,1,It,Bangalore,Bangalore,Karnataka,India,Seed,2021,Spaunknownche,16.6,2021-04-01,2021-04-01,1,2021,2021,2021
easykhaana,0.83,0.83,1,Online Food Ordering & Delivery,Delhi,Delhi,Delhi,India,Seed,2015,Unknown Investors,1.25,2015-12-20,2015-12-20,3,2015,2015,2015
velmenni,0.83,0.83,1,Technology,Delhi,Delhi,Delhi,India,Seed,2016,Kalaari Capital,75.0,2016-10-03,2016-10-03,3,2016,2016,2016
autonxtautomation,0.83,0.83,1,Automation,Thane,Mumbai,Maharashtra,India,Seed,2022,Virya Mobility 5.0 And Keiretsu Forum,4.15,2022-08-21,2022-08-21,2,2022,2022,2022
toflo,0.83,0.83,1,Fintech Incubation,Mumbai,Mumbai,Maharashtra,India,Seed,2015,Tania Johny Palathinkal,45.65,2015-09-17,2015-09-17,2,2015,2015,2015
revamp moto,0.83,0.83,1,Electric Vehicle,Nashik,Nashik,Maharashtra,India,Unknown,2022,Venture Catalysts And Idbi Capital Market Services,4.15,2022-05-09,2022-05-09,1,2022,2022,2022
chargein,0.83,0.83,1,Other,Unknown,Nan,Nan,Nan,Seed,2015,Pittie Group,2722.4,2015-03-12,2015-03-12,4,2014,2015,2015
holidify,0.83,0.83,1,Travel Destination Discovery,Delhi,Delhi,Delhi,India,Seed,2015,Aarti Group,124.5,2015-10-16,2015-10-16,3,2015,2015,2015
lawyered,0.83,0.83,1,Legal,Delhi,Delhi,Delhi,India,Unknown,2020,"Munish Bhatia, Pramendra Tomar, Ratish Pandey, Sumit Aggarwal",4.98,2020-01-13,2020-01-13,4,2019,2020,2020
zappka,0.83,0.83,1,Consumer Internet,Gurgaon,Gurgaon,Haryana,India,Seed,2016,"Daman Soni, Others, Rajat Gupta",25.54,2016-03-24,2016-03-24,4,2015,2016,2016
growcoms,0.83,0.83,1,Food,Cochin,Kochi,Kerala,India,Seed,2022,Info Edge,49.8,2022-07-12,2022-07-12,2,2022,2022,2022
gridle,0.83,0.83,1,Cloud Based Collaboration,Ahmedabad,Ahmedabad,Gujarat,India,Seed,2015,Letsventure,43.16,2015-10-19,2015-10-19,3,2015,2015,2015
mealhopper,0.83,0.83,1,Home Made Food,Gurgaon,Gurgaon,Haryana,India,Seed,2015,"Alok Bajpai, Amit Dey, Rajnish Kumar",8.3,2015-10-02,2015-10-02,3,2015,2015,2015
knackit,0.83,0.83,1,It,Bangalore,Bangalore,Karnataka,India,Unknown,2021,Jyoti Bansal,3.2,2021-06-09,2021-06-09,1,2021,2021,2021
dhurnia,0.83,0.83,1,Edtech,Dhingsara,Nan,Nan,Nan,Unknown,2020,"Chandigarh Angels Network, Modulor Capital",415.0,2020-11-02,2020-11-02,3,2020,2020,2020
medidaili,0.83,0.83,1,Consumer Internet,Bangalore,Bangalore,Karnataka,India,Seed,2016,Unknown Private Investors,0.11,2016-03-15,2016-03-15,4,2015,2016,2016
gomalon,0.83,0.83,1,Consumer Internet,Bangalore,Bangalore,Karnataka,India,Seed,2016,Unknown Investor,8.3,2016-06-10,2016-06-10,1,2016,2016,2016
monrow,0.83,0.83,1,Retail,Bangalore,Bangalore,Karnataka,India,Unknown,2022,Playbook Fund And Letsventure,684.63,2022-05-15,2022-05-15,1,2022,2022,2022
endless robotics,0.83,0.83,1,Technology,Hyderabad,Hyderabad,Telangana,India,Seed,2016,"Devidas Desai, Singapore Angel Network, Vipul Gautam",2.49,2016-03-27,2016-03-27,4,2015,2016,2016
notesgen,0.83,0.83,1,Consumer Internet,Delhi,Delhi,Delhi,India,Seed,2016,"Kamal Chabra, Riju Gupta",539.5,2016-08-21,2016-08-21,2,2016,2016,2016
newsdistill,0.83,0.83,1,Consumer Internet,Hyderabad,Hyderabad,Telangana,India,Seed,2016,"Ganesh Narasimhan, Ramaunknown Thumu, Sudhir Mallem",12.45,2016-09-25,2016-09-25,2,2016,2016,2016
servxe2x80x99d,0.83,0.83,1,Consumer Internet,Pune,Pune,Maharashtra,India,Seed,2016,Digital Fiunknownncial Service Lab,1415.24,2016-12-11,2016-12-11,3,2016,2016,2016
carpm,0.83,0.83,1,Car Maintenance & Management Mobile,Gurgaon,Gurgaon,Haryana,India,Seed,2015,Ghv Accelerator,5.23,2015-12-25,2015-12-25,3,2015,2015,2015
freestand,0.83,0.83,1,B2B,Delhi,Delhi,Delhi,India,Unknown,2021,"Iim Calcutta Innovation Park, Sucseed Indovation",1.2,2021-04-28,2021-04-28,1,2021,2021,2021
frapperz,0.83,0.83,1,Consumer Internet,Kolkata,Kolkata,West Bengal,India,Seed,2017,Unknown Investor,4.98,2017-03-26,2017-03-26,4,2016,2017,2017
valuationary,0.83,0.83,1,Edtech,Surat,Surat,Gujarat,India,Pre-Seed,2021,"Ajay Suraunknown, Ashish Jain",83.0,2021-11-13,2021-11-13,3,2021,2021,2021
intgrea,0.83,0.83,1,Technology,Bangalore,Bangalore,Karnataka,India,Seed,2016,Unknown Investor,0.83,2016-06-01,2016-06-01,1,2016,2016,2016
talkoot,0.83,0.83,1,Social For Traders And Investors,Bangalore,Bangalore,Karnataka,India,Seed,2015,Unknown Investors,63.08,2015-11-16,2015-11-16,3,2015,2015,2015
badiyajobs,0.83,0.83,1,Consumer Internet,Delhi,Delhi,Delhi,India,Seed,2016,Unknown,16.6,2016-12-28,2016-12-28,3,2016,2016,2016
pindropmusic,0.83,0.83,1,Consumer Internet,Noida,Noida,Uttar Pradesh,India,Seed,2016,Green House Ventures (Ghv),24.9,2016-02-13,2016-02-13,4,2015,2016,2016
interviewpad,0.83,0.83,1,Technology,Pune,Pune,Maharashtra,India,Seed,2016,Krishunknown Rokhale,1660.0,2016-11-02,2016-11-02,3,2016,2016,2016
automovil,0.83,0.83,1,Automotive,Bangalore,Bangalore,Karnataka,India,Seed,2022,Inflection Point Ventures And Santosh Chandra,2490.0,2022-11-25,2022-11-25,3,2022,2022,2022
intellewings,0.83,0.83,1,It,Panchkula,Panchkula,Haryana,India,Seed,2021,Unknown,249.0,2021-06-18,2021-06-18,1,2021,2021,2021
shoegr,0.83,0.83,1,Shoe Care,Chandigarh,Chandigarh,Chandigarh,India,Pre-Seed,2025,Pedalstart,6.23,2025-03-14,2025-03-14,4,2024,2025,2025
omnikart,0.83,0.83,1,Industrial Supplies B2B Ecommerce,Mumbai,Mumbai,Maharashtra,India,Seed,2015,"Manish Gandhi, Sumit Gandhi",1.25,2015-07-06,2015-07-06,2,2015,2015,2015
zyla health,0.83,0.83,1,Healthcare,Delhi,Delhi,Delhi,India,Seed,2022,Supermorpheus And Vivek Shah,2.08,2022-07-06,2022-07-06,2,2022,2022,2022
fitmein,0.83,0.83,1,Gym & Fitness Studios Subscription,Delhi,Delhi,Delhi,India,Seed,2015,Green House Ventures,5.35,2015-09-06,2015-09-06,2,2015,2015,2015
first eat,0.83,0.83,1,Consumer Internet,Delhi,Delhi,Delhi,India,Seed,2016,Unknown Investor,9.96,2016-02-06,2016-02-06,4,2015,2016,2016
kloseby,0.83,0.83,1,Consumer Internet,Bangalore,Bangalore,Karnataka,India,Seed,2016,Unknown Investor,4.15,2016-11-26,2016-11-26,3,2016,2016,2016
nestroots,0.83,0.83,1,Fashion,Gurgaon,Gurgaon,Haryana,India,Seed,2021,We Founder Circle,365.62,2021-06-14,2021-06-14,1,2021,2021,2021
istyleyou,0.83,0.83,1,Consumer Internet,Gurgaon,Gurgaon,Haryana,India,Seed,2016,Green House Ventures (Ghv),173.47,2016-02-17,2016-02-17,4,2015,2016,2016
urjas,0.83,0.83,1,Other,Unknown,Nan,Nan,Nan,Seed,2015,"Others, Solidarity Venture Capital",100.0,2015-03-04,2015-03-04,4,2014,2015,2015
blubox,0.83,0.83,1,Ecommerce Brandsxe2X80X99 Full Agency,Mumbai,Mumbai,Maharashtra,India,Seed,2015,Ashish Jhalani,30.3,2015-09-04,2015-09-04,2,2015,2015,2015
adurcup,0.83,0.83,1,Consumer Internet,Delhi,Delhi,Delhi,India,Seed,2016,Green House Ventures (Ghv),2.9,2016-02-02,2016-02-02,4,2015,2016,2016
debugsbunny,0.83,0.83,1,Edtech,Pune,Pune,Maharashtra,India,Unknown,2020,India Angel Fund,0.14,2020-12-07,2020-12-07,3,2020,2020,2020
urbanmatrix,0.83,0.83,1,Drone,Chennai,Chennai,Tamil Nadu,India,Unknown,2021,Sara Elgi,24.9,2021-08-24,2021-08-24,2,2021,2021,2021
termsheet,0.83,0.83,1,Fund Raising,Chennai,Chennai,Tamil Nadu,India,Seed,2015,"Aunknownnd Vijay, Azmul Haque, Gaurav Lochan, Keith Rodricks, Nikhil Bagri, Nipun Dureja, Satyajit Heeralal",1.16,2015-05-23,2015-05-23,1,2015,2015,2015
mychild app,0.83,0.83,1,Edtech,Bhopal,Bhopal,Madhya Pradesh,India,Seed,2016,"Amit Gupta, Anisha Mittal, Arihant Patni, Deobrat Singh, Dr. Ritesh Malik, Lalit Mangal, Pallav Nadhani, Samir Bangara, Saurab Paruthi, Singapore Angel Network.",12.45,2016-01-27,2016-01-27,4,2015,2016,2016
gainhubai,0.83,0.83,1,Other,Haryana,Nan,Haryana,India,Other,2025,Growth Strategy Ventures,51.46,2025-03-12,2025-03-12,4,2024,2025,2025
mygamemate,0.83,0.83,1,Esports,Bangalore,Bangalore,Karnataka,India,Unknown,2020,Jindagi Live Angels,8.3,2020-01-17,2020-01-17,4,2019,2020,2020
cyclops,0.83,0.83,1,Technology,Bangalore,Bangalore,Karnataka,India,Seed,2016,Kalaari Capital,4.7,2016-10-21,2016-10-21,3,2016,2016,2016
galgal,0.83,0.83,1,Fintech,Mumbai,Mumbai,Maharashtra,India,Seed,2022,Unknown,3.73,2022-11-26,2022-11-26,3,2022,2022,2022
sarathi,0.83,0.83,1,Healthcare,Jodhpur,Jodhpur,Rajasthan,India,Seed,2021,Unknown,2.5,2021-05-02,2021-05-02,1,2021,2021,2021
aisleco,0.83,0.83,1,Other,Unknown,Nan,Nan,Nan,Other,2015,"Aunknownnd Vijay, Others, Shashank Mehrotra",1.54,2015-02-24,2015-02-24,4,2014,2015,2015
cusmat,0.83,0.83,1,Computer Software,Hyderabad,Hyderabad,Telangana,India,Pre-Series A,2021,We Founder Circle,4.5,2021-09-02,2021-09-02,2,2021,2021,2021
rayiot,0.83,0.83,1,Technology,Bangalore,Bangalore,Karnataka,India,Seed,2016,Hax Accelerator,39.84,2016-10-23,2016-10-23,3,2016,2016,2016
johari shop,0.78,0.78,1,Ecommerce,Bangalore,Bangalore,Karnataka,India,Seed,2017,Unknown Investors,1.17,2017-02-15,2017-02-15,4,2016,2017,2017
bats on delivery,0.75,0.75,1,Consumer Internet,Gurgaon,Gurgaon,Haryana,India,Seed,2016,Devdeep Singh,158.53,2016-11-17,2016-11-17,3,2016,2016,2016
hoppingo,0.74,0.74,1,Consumer Internet,Delhi,Delhi,Delhi,India,Seed,2016,Vcommission,3.9,2016-05-06,2016-05-06,1,2016,2016,2016
american vision,0.67,0.67,1,Consumer Internet,Pune,Pune,Maharashtra,India,Seed,2016,Unknown Investors,58.1,2016-02-07,2016-02-07,4,2015,2016,2016
kuants,0.66,0.66,1,Technology,Gurgaon,Gurgaon,Haryana,India,Other,2018,"Ankush Gupta, Pankaj Chopra",10.79,2018-01-05,2018-01-05,4,2017,2018,2018
esadar,0.66,0.66,1,Ecommerce,Delhi,Delhi,Delhi,India,Seed,2015,"Gaurav Vats, Neha Vats",8503.06,2015-08-27,2015-08-27,2,2015,2015,2015
zeppery,0.64,0.64,1,Food Ordering & Delivery,Delhi,Delhi,Delhi,India,Seed,2015,Suyash Sharma,4.15,2015-10-09,2015-10-09,3,2015,2015,2015
happitoo,0.64,0.64,1,Location Based Nightlife Recommendationxc2Xa0,Mumbai,Mumbai,Maharashtra,India,Seed,2015,Ununknownmed Investor,6.14,2015-10-19,2015-10-19,3,2015,2015,2015
zebroads,0.62,0.62,1,Logistics,Hyderabad,Hyderabad,Telangana,India,Seed,2016,Unknown Investors,8.3,2016-05-14,2016-05-14,1,2016,2016,2016
gogo truck,0.62,0.62,1,Consumer Internet,Chennai,Chennai,Tamil Nadu,India,Seed,2016,Unknown Investor,83.0,2016-06-11,2016-06-11,1,2016,2016,2016
healthkumbh,0.61,0.61,1,Consumer Internet,Ahmedabad,Ahmedabad,Gujarat,India,Seed,2016,Unknown Investor,1532.18,2016-02-28,2016-02-28,4,2015,2016,2016
funcart,0.58,0.58,1,Ecommerce,Delhi,Delhi,Delhi,India,Seed,2016,Unknown Hnis,54.85,2016-02-01,2016-02-01,4,2015,2016,2016
stockroomio,0.58,0.58,1,Developer Portfolio Showcase,Hyderabad,Hyderabad,Telangana,India,Seed,2015,Unknown Investors,307.1,2015-10-28,2015-10-28,3,2015,2015,2015
fabx,0.56,0.56,1,Ecommerce,Mumbai,Mumbai,Maharashtra,India,Seed,2017,The Ten Minute Million,1.78,2017-01-17,2017-01-17,4,2016,2017,2017
joyspoon,0.56,0.56,1,Mouth Freshener,Ahmedabad,Ahmedabad,Gujarat,India,Seed,2025,"Dishit Nathwani, Others, Prateek Toshniwal",8.3,2025-01-17,2025-01-17,4,2024,2025,2025
qpe,0.5,0.5,1,Ecommerce,Delhi,Delhi,Delhi,India,Seed,2022,Daniel Keloha,6.64,2022-03-10,2022-03-10,4,2021,2022,2022
credopay,0.5,0.5,1,Fintech,Chennai,Chennai,Tamil Nadu,India,Pre-Series A,2022,"Ezswype Llc, Zent Interunknowntiounknownl Limited",58.1,2022-03-10,2022-03-10,4,2021,2022,2022
odwen,0.45,0.45,1,Warehouse,Noida,Noida,Uttar Pradesh,India,Unknown,2020,Prospect Partners.,16.6,2020-01-24,2020-01-24,4,2019,2020,2020
dawailelo,0.43,0.43,1,Consumer Internet,Varanasi,Varanasi,Uttar Pradesh,India,Seed,2016,Unknown Investors,30.0,2016-02-13,2016-02-13,4,2015,2016,2016
plantvita,0.42,0.42,1,Healthcare,Mumbai,Mumbai,Maharashtra,India,Seed,2022,"Aim Angel Group, Jito Angel Network",1.25,2022-01-12,2022-01-12,4,2021,2022,2022
goyano,0.41,0.41,1,Consumer Internet,Gurgaon,Gurgaon,Haryana,India,Seed,2016,Mukesh Kumar Gupta,24.9,2016-02-10,2016-02-10,4,2015,2016,2016
askmygift,0.41,0.41,1,Personalized Wish List Creator,Noida,Noida,Uttar Pradesh,India,Seed,2015,Turning Ideas,4.15,2015-10-07,2015-10-07,3,2015,2015,2015
project mudra,0.41,0.41,1,Technology,Bangalore,Bangalore,Karnataka,India,Other,2017,Village Capital,29.88,2017-12-15,2017-12-15,3,2017,2017,2017
bugbase,0.41,0.41,1,National Security,Bangalore,Bangalore,Karnataka,India,Pre-Seed,2022,Anoop Mathur And Kushal Khandwala,24.9,2022-07-23,2022-07-23,2,2022,2022,2022
messagif,0.41,0.41,1,Consumer Internet,Delhi,Delhi,Delhi,India,Seed,2017,Unknown Investor,133.63,2017-01-17,2017-01-17,4,2016,2017,2017
drivify,0.41,0.41,1,Consumer Internet,Mumbai,Mumbai,Maharashtra,India,Seed,2016,"Jitendra Gupta, Pankaj Tripathi",83.0,2016-06-21,2016-06-21,1,2016,2016,2016
logic roots,0.41,0.41,1,Technology,Mumbai,Mumbai,Maharashtra,India,Other,2017,Village Capital,12.45,2017-12-09,2017-12-09,3,2017,2017,2017
vivocarat,0.41,0.41,1,Ecommerce,Mumbai,Mumbai,Maharashtra,India,Seed,2016,Unknown Investors,1.47,2016-12-16,2016-12-16,3,2016,2016,2016
curie labs,0.41,0.41,1,Technology,Delhi,Delhi,Delhi,India,Seed,2017,Satoshi Studios,41.5,2017-05-21,2017-05-21,1,2017,2017,2017
trendieapp,0.41,0.41,1,Technology,Kolkata,Kolkata,West Bengal,India,Seed,2016,Harsh Vardhan Hada,1371.58,2016-06-23,2016-06-23,1,2016,2016,2016
trustcheckr,0.4,0.4,1,It And It Consulting,Bangalore,Bangalore,Karnataka,India,Unknown,2022,Iifl Fintech Fund,24.9,2022-03-14,2022-03-14,4,2021,2022,2022
pickyourtrail,0.4,0.4,1,Travel Arrangements,Chennai,Chennai,Tamil Nadu,India,Unknown,2022,"Adit Parekh, Kuunknownl Shah",132.8,2022-03-02,2022-03-02,4,2021,2022,2022
kriger campus,0.38,0.38,1,Edtech,Delhi,Delhi,Delhi,India,Other,2018,Unknown,10.0,2018-04-01,2018-04-01,1,2018,2018,2018
medzin,0.37,0.37,1,Ecommerce,Delhi,Delhi,Delhi,India,Seed,2016,A M Sikander,257.3,2016-11-15,2016-11-15,3,2016,2016,2016
gyaanzone,0.37,0.37,1,Edtech,Mumbai,Mumbai,Maharashtra,India,Seed,2016,Gbim Technologies Pvt Ltd,6.52,2016-01-25,2016-01-25,4,2015,2016,2016
prophysio,0.34,0.34,1,Healthcare,Bangalore,Bangalore,Karnataka,India,Unknown,2020,Nestavera Ventures.,4.15,2020-08-05,2020-08-05,2,2020,2020,2020
moodoo,0.33,0.33,1,Consumer Internet,Mumbai,Mumbai,Maharashtra,India,Seed,2016,Sa\\Xc3\\Xafd Business School Seed Fund.,0.83,2016-01-16,2016-01-16,4,2015,2016,2016
edurev,0.33,0.33,1,Consumer Internet,Gurgaon,Gurgaon,Haryana,India,Seed,2017,Facebook Fb Start Programme,16.6,2017-02-07,2017-02-07,4,2016,2017,2017
imedilane,0.33,0.33,1,Consumer Internet,Delhi,Delhi,Delhi,India,Seed,2016,"Mahendra Patel, Nilender Chauhan",33.2,2016-04-18,2016-04-18,1,2016,2016,2016
blood n care,0.33,0.33,1,Consumer Internet,Gurgaon,Gurgaon,Haryana,India,Seed,2017,Facebook Fbstart,8.3,2017-02-15,2017-02-15,4,2016,2017,2017
leopetra,0.33,0.33,1,Ecommerce,Mumbai,Mumbai,Maharashtra,India,Seed,2017,Facebook Fbstart,58.93,2017-02-26,2017-02-26,4,2016,2017,2017
wefly indoor skydiving,0.33,0.33,1,Other,Mumbai,Mumbai,Maharashtra,India,Seed,2016,Swastika Company Ltd.,3.4,2016-08-24,2016-08-24,2,2016,2016,2016
era,0.32,0.32,1,Technology,Mumbai,Mumbai,Maharashtra,India,Other,2017,Amit Patni,2.49,2017-11-02,2017-11-02,3,2017,2017,2017
rapido bike taxi,0.27,0.27,1,Transportation,Bangalore,Bangalore,Karnataka,India,Series B,2019,Westbridge Capital,2704.73,2019-08-10,2019-08-10,2,2019,2019,2019
stridalyzer,0.26,0.26,1,Other,Unknown,Nan,Nan,Nan,Other,2015,Kickstarter,8.3,2015-01-12,2015-01-12,4,2014,2015,2015
epigamia,0.26,0.26,1,Fmcg,Mumbai,Mumbai,Maharashtra,India,Series C,2020,Ka Enterprise,99.6,2020-03-09,2020-03-09,4,2019,2020,2020
perfumery,0.25,0.25,1,Ecommerce,Delhi,Delhi,Delhi,India,Seed,2016,"Oranda Global, Others",12.12,2016-02-20,2016-02-20,4,2015,2016,2016
woodpie,0.25,0.25,1,Consumer Internet,Bangalore,Bangalore,Karnataka,India,Seed,2016,Ingram Content Group,8.3,2016-02-01,2016-02-01,4,2015,2016,2016
book servicing,0.25,0.25,1,Consumer Internet,Delhi,Delhi,Delhi,India,Seed,2017,Natiounknownl Science And Technology Entrepreneurship Development Board,830.0,2017-03-25,2017-03-25,4,2016,2017,2017
matrubharti,0.25,0.25,1,Consumer Internet,Unknown,Nan,Nan,Nan,Seed,2016,Viridian Capital,8.3,2016-06-09,2016-06-09,1,2016,2016,2016
gosporto,0.25,0.25,1,Consumer Internet,Delhi,Delhi,Delhi,India,Seed,2016,Naveen Gupta,44.82,2016-03-06,2016-03-06,4,2015,2016,2016
vst travels,0.22,0.22,1,Technology,Kerala,Nan,Kerala,India,Seed,2016,Promatus Group,124.5,2016-08-03,2016-08-03,2,2016,2016,2016
snowflake,0.21,0.21,1,Technology,Usa,Nan,Nan,Usa,Unknown,2020,"Dragoneer Investment Group, Salesforce Ventures",12.04,2020-01-25,2020-01-25,4,2019,2020,2020
newspatrolling,0.21,0.21,1,Consumer Internet,Delhi,Delhi,Delhi,India,Seed,2016,Unknown,34.45,2016-10-18,2016-10-18,3,2016,2016,2016
karfa,0.21,0.21,1,Ecommerce,Delhi,Delhi,Delhi,India,Seed,2020,Unknown,249.0,2020-01-26,2020-01-26,4,2019,2020,2020
metasky,0.2,0.2,1,Information Technology &,Bangalore,Bangalore,Karnataka,India,Pre-Seed,2022,"Sequoia Capital, Woodstock Fund",13.0,2022-03-11,2022-03-11,4,2021,2022,2022
bytes,0.2,0.2,1,Ai,Pune,Pune,Maharashtra,India,Other,2025,Nikhil Kamath’S Wtfund (2024 Cohort),78.85,2025-02-20,2025-02-20,4,2024,2025,2025
zapkey,0.2,0.2,1,Real Estate,Mumbai,Mumbai,Maharashtra,India,Seed,2022,"Dlf Family Office, Gruhas Proptech",2.63,2022-03-17,2022-03-17,4,2021,2022,2022
indiap2p,0.2,0.2,1,Investment Management,Mumbai,Mumbai,Maharashtra,India,Seed,2022,Antler India,41.5,2022-02-19,2022-02-19,4,2021,2022,2022
cloudrino,0.19,0.19,1,Technology,Delhi,Delhi,Delhi,India,Seed,2017,The Ten Minute Million,33.2,2017-01-03,2017-01-03,4,2016,2017,2017
gamooz,0.19,0.19,1,Technology,Gurgaon,Gurgaon,Haryana,India,Seed,2016,Multiple Investors Through Ten Minute Million Competition,2.9,2016-02-26,2016-02-26,4,2015,2016,2016
maaxmarket,0.19,0.19,1,Consumer Internet,Unknown,Nan,Nan,Nan,Seed,2016,Multiple Investors Through Ten Minute Million Competition,3.11,2016-02-24,2016-02-24,4,2015,2016,2016
strike,0.19,0.19,1,Consumer Internet,Bangalore,Bangalore,Karnataka,India,Seed,2016,Multiple Investors Through Ten Minute Million Competition,664.0,2016-02-02,2016-02-02,4,2015,2016,2016
soundsurround,0.19,0.19,1,Technology,Mumbai,Mumbai,Maharashtra,India,Seed,2016,Multiple Investors Through Ten Minute Million Competition,8.3,2016-02-21,2016-02-21,4,2015,2016,2016
mahindra logistics,0.17,0.17,1,Logistics,Mumbai,Mumbai,Maharashtra,India,Unknown,2022,Birla Sun Life Insurance And Hdfc Trustee,124.5,2022-04-13,2022-04-13,1,2022,2022,2022
fasal,0.17,0.17,1,Agritech,Bangalore,Bangalore,Karnataka,India,Unknown,2020,"Omnivore, Zeroth.Ai",24.9,2020-01-07,2020-01-07,4,2019,2020,2020
33coupons,0.17,0.17,1,Coupon Aggregator,Kanpur,Kanpur,Uttar Pradesh,India,Seed,2015,Not Disclosed,41.5,2015-07-06,2015-07-06,2,2015,2015,2015
kalvi,0.17,0.17,1,Edtech,Bangalore,Bangalore,Karnataka,India,Seed,2022,"Nithin Kamath, Rahul Chari",4.15,2022-02-11,2022-02-11,4,2021,2022,2022
adyaway,0.16,0.16,1,Consumer Goods,Gurgaon,Gurgaon,Haryana,India,Unknown,2022,Ah! Ventures,8.3,2022-03-23,2022-03-23,4,2021,2022,2022
maptags,0.15,0.15,1,Consumer Internet,Bangalore,Bangalore,Karnataka,India,Seed,2017,The Ten Minute Million,9.96,2017-01-14,2017-01-14,4,2016,2017,2017
reliance,0.15,0.15,1,Multinational Conglomerate,Mumbai,Mumbai,Maharashtra,India,Unknown,2020,"Facebook, Google, Kkr, Silver Lake",830.0,2020-01-26,2020-01-26,4,2019,2020,2020
chloroplast foods,0.14,0.14,1,Other,Unknown,Nan,Nan,Nan,Other,2015,Group Of Angel Investors,20.75,2015-02-07,2015-02-07,4,2014,2015,2015
leaf,0.14,0.14,1,Other,Unknown,Nan,Nan,Nan,Other,2015,Group Of Angel Investors,1543.8,2015-02-27,2015-02-27,4,2014,2015,2015
dealwithus,0.14,0.14,1,Other,Unknown,Nan,Nan,Nan,Other,2015,Group Of Angel Investors,1842.61,2015-02-18,2015-02-18,4,2014,2015,2015
instabounce,0.14,0.14,1,Other,Unknown,Nan,Nan,Nan,Other,2015,Group Of Angel Investors,4.98,2015-02-20,2015-02-20,4,2014,2015,2015
faaya,0.14,0.14,1,Other,Unknown,Nan,Nan,Nan,Other,2015,Group Of Angel Investors,166.0,2015-02-04,2015-02-04,4,2014,2015,2015
cleversharks,0.14,0.14,1,Other,Unknown,Nan,Nan,Nan,Other,2015,Group Of Angel Investors,4.98,2015-02-21,2015-02-21,4,2014,2015,2015
play your sport,0.13,0.13,1,Other,Unknown,Nan,Nan,Nan,Seed,2015,Hyderabad Angels (At Startup Heroes Event),49.8,2015-01-17,2015-01-17,4,2014,2015,2015
cbs,0.13,0.13,1,Other,Unknown,Nan,Nan,Nan,Seed,2015,Hyderabad Angels (At Startup Heroes Event),1.66,2015-01-05,2015-01-05,4,2014,2015,2015
yo grad,0.13,0.13,1,Other,Unknown,Nan,Nan,Nan,Seed,2015,Hyderabad Angels (At Startup Heroes Event),736.21,2015-01-09,2015-01-09,4,2014,2015,2015
hostel dunia,0.13,0.13,1,Other,Unknown,Nan,Nan,Nan,Seed,2015,Hyderabad Angels (At Startup Heroes Event),43.99,2015-01-08,2015-01-08,4,2014,2015,2015
enabli,0.13,0.13,1,Other,Unknown,Nan,Nan,Nan,Seed,2015,Hyderabad Angels (At Startup Heroes Event),41.5,2015-01-11,2015-01-11,4,2014,2015,2015
open secret,0.12,0.12,1,Food,Mumbai,Mumbai,Maharashtra,India,Series B,2022,Gautam Kumra And Sixth Sense Ventures,747.0,2022-06-06,2022-06-06,1,2022,2022,2022
teach us,0.11,0.11,1,Edtech,Unknown,Nan,Nan,Nan,Seed,2020,Angel Investors,49.8,2020-01-13,2020-01-13,4,2019,2020,2020
monech,0.11,0.11,1,Fintech,Mumbai,Mumbai,Maharashtra,India,Seed,2020,Angel Investors,107.9,2020-01-15,2020-01-15,4,2019,2020,2020
medicus,0.11,0.11,1,Healthcare,Mumbai,Mumbai,Maharashtra,India,Unknown,2020,Angel Investors,1419.3,2020-01-16,2020-01-16,4,2019,2020,2020
mentor match,0.1,0.1,1,Edtech,Chennai,Chennai,Tamil Nadu,India,Pre-Seed,2022,Sapient Fund,415.0,2022-03-13,2022-03-13,4,2021,2022,2022
glii,0.08,0.08,1,Dating,Noida,Noida,Uttar Pradesh,India,Seed,2021,We Founder Circle,1203.5,2021-12-24,2021-12-24,3,2021,2021,2021
fivetran,0.01,0.01,1,Analytics,Oakland,Oakland,California,Usa,Other,2022,General Catalyst And Iconiq Capital,1942.2,2022-04-12,2022-04-12,1,2022,2022,2022
