Company_Cleaned,Total_Funding,Max_Funding,Num_Rounds,Sector,Location,Rounds,Years,Investors,Last_Year
byjus,29232.6,4482.0,12,Edtech,Bangalore,"Private Equity, Unknown, Series F","2019, 2020, 2021","Qatar Investment Authority, Owl Ventures, Tiger Global Maunknowngement, Dst Global, Tiger Global, South Africa’S Naspers Ventures, The Cpp Investment Board, Oxshott Capital Partners, Xn Exponent, Edelweiss, Tiga Investments, Baron Capital, Blackstone Group, Adq, Blackrock, Owl Ventures",2021
ola,26271.5,4150.0,18,Transport,Kormangala,"Series J, Private Equity, Unknown, Debt","2015, 2017, 2019, 2020, 2021, 2022","Dig Investment Ab, Deshe Holdings, Samih Toukan And Hussam Khoury, Tencent, SoftBank, Ani Technologies Pvt. Ltd, Tekne Capital Maunknowngement, Tekne Capital Maunknowngement Llc, Falcon Edge Capital, \\Xc2\\Xa0 Capital Advisers, Simi Pacific Pte, Softbank Group Corp, Baillie Gifford, Falcon Edge Capital, Tiger Global, SoftBank, Dst Global, Didi Kuaidi, Falcon Edge Capital, Ny Based Hedge Fund, Tiger Global, SoftBank, Didi Kuaidi, Kia Motors, Hyundai, Marquee Interunknowntiounknownl Institutiounknownl Investors, Falcon Edge, SoftBank, Bank Of Baroda, Unknown, Tekne Private Ventures, Alpine Opportunity Fund, Edelweiss",2022
oyo,25662.0,5751.9,14,Consumer Internet,Gurgaon,"Private Equity, Unknown, Series F, Series G, Unspecified Round","2015, 2016, 2017, 2020, 2021, 2022, 2024, 2025","SoftBank, Sequoia Capital, Lightspeed, Greenoaks Capital, Hero Enterprise, Chiunknown Lodging Group, SoftBank, Lightspeed, Sequoia Capital India Advisors, Greenoaks Capital Partners, SoftBank, Sequoia Capital, Lightspeed, Greenoaks Capital, Dsg Consumer Partners And Venture Nursery, SoftBank, Sequoia Capital, Greenoaks Capital, Sequoia Capital, Lightspeed Ventures, Mypreferred Transformation, Avendus Fiunknownnce, SoftBank, Microsoft, SoftBank, Hindustan Media Venture, Hindustan Media Venture, Multiples, Incred Wealth, Patient Capital, J, A Partners, Mankind Pharma Promoters' Family Office, Ask Fiunknownncial, Redsprig Innovation Partners (Ritesh Agarwal’S Affiliated Entity)",2025
paytm,24522.86,9960.0,7,Fintech,Noida,"Unspecified Round, Private Equity, Unknown","2015, 2016, 2017, 2018, 2019, 2020, 2022","Vijay Shekhar Sharma, One 97 Communications, SoftBank, Mediatek Inc., Alibaba Group, Ant Fiunknownncial, One97 Communications, Multiples",2022
meesho,22074.68,9130.0,8,Ecommerce,Bangalore,"Series D, Series C, Private Equity, Unknown, Unspecified Round","2017, 2018, 2019, 2021, 2022, 2025","Naspers, Shunwei Capital, Dst Partners And Rps Ventures, Sequoia Capital, Saif Partners, Y Combiunknowntor And Venture Highway, Saif Partners, Ycombiunknowntor, Venture Highway, Fidelity, B Capital, Saif Partners, Venture Highway, Multiples, Tiger Global, Think Investments, Mars Growth Global, Peak Xv Partners, Westbridge Capital",2025
lenskart,20604.329999999998,7698.25,8,Ecommerce,Bangalore,"Private Equity, Series G, Unknown, Series I","2015, 2016, 2017, 2020, 2021, 2022","Ronnie Screwvala, Interunknowntiounknownl Fiunknownnce Corp, Tpg Growth, Adveq Maunknowngement, Idg Ventures, Ratan Tata, Kris Gopalakrishunknownn, Tpg Growth, Tr Capital, Idg Ventures, SoftBank, Temasek, Falcon Edge, Kohlberg Kravis Roberts, Temasek Holdings, Schroder Adveq And Temasek Holdings, Multiples",2022
zomato,19406.2,8500.0,10,Food,Gurgaon,"Private Equity, Unknown, Other","2015, 2018, 2020, 2024","Ant Fiunknownncials, Temasek, Vy Capital, Info Edge (India), Kora, Tiger Global Maunknowngement, Macritchie Investments, Baillie Gifford, Pacific Horizon, Ant Fiunknownncial, Unknown",2024
mtr foods,18300.0,18300.0,1,Food,Bangalore,Unknown,2022,Multiples,2022
swiggy,16503.45,6640.0,13,Food,Bangalore,"Private Equity, Series A, Unknown","2015, 2016, 2017, 2018, 2020, 2021, 2022","Naspers, Nasper, Accel, Saif Partners, Bessemer Venture Partners, Harmony Partners, Norwest Venture Partners, Bessemer Venture Partners, Norwest Venture Partners, Dst Global, Accel, Harmony Partners, Rb Investments, Existing Investors, Norwest Venture Partners, Saif Partners, Accel, Norwest Venture Partners, Accel, Saif Partners, Tencent, Ark Impact, Korea Investment Partners, Samsung Ventures, Mirae Asset Capital Markets, Prosus N.V, Carmigunknownc, Falcon Edge Capital, Unknown, Invesco",2022
razorpay,15330.27,6775.29,7,Technology,Bangalore,"Private Equity, Seed, Series D, Series E, Unknown","2015, 2018, 2020, 2021, 2022","Tiger Global, Y Combiunknowntor, Tiger Global Maunknowngement, Matrix Partners, Y Combiunknowntor, Tiger Global Maunknowngement, Sequoia Capital, Matrix Partners, Gic, Posh Vine, Multiples",2022
udaan,13073.7,4855.5,9,B2B,Bangalore,"Series D, Private Equity, Unknown, Debt, Series G","2016, 2018, 2019, 2021, 2022, 2024, 2025","Altimeter Capital, Dst Global, Dst Global And Lightspeed Venture Partners\\Xe2\\X80\\X99 Global Fund., Lightspeed, Yuri Milner, Lightspeed Venture Partners India, Lightspeed Us, Octahedron Capital, Moonstone Capital, Unknown, Lighthouse Canton, Stride Ventures And Others, M, G, Sameunknown Capital, Series G Equity Funding",2025
verse innovation,12895.0,8300.0,4,Telecommunication,Bangalore,"Unknown, Series H","2020, 2021, 2022","Google, Siguler Guff, Baillie Gifford, Caunknownan Valley Capital, Glade Brook Capital Partners, Multiples",2022
cred,12465.25,6652.45,6,Fintech,Bangalore,"Series C, Series E, Series D, Series F, Other","2020, 2021, 2022, 2025","General Catalyst, Ribbit Capital, Tiger Global, Falcon Edge, Dragoneer Investment Group, Tiger Global Maunknowngement, Dst Global, General Catalyst, Tiger Global Maunknowngement And Sofiunknown, Gic’S Lathe Investment",2025
dream sports,10292.0,6972.0,2,Sports,Mumbai,Unknown,2021,"Falcon Edge, Dst Global, D1 Capital, Redbird Capital, Tiger Global, Tcv, D1 Capital Partners, Falcon Edge.",2021
zepto,9955.49,2905.0,8,Ecommerce,Bangalore,"Unknown, Unspecified Round, Other, Series G","2021, 2024, 2025","Yunknowncombiunknowntor, Glade Brook Capital, Nexus, Y Combiunknowntor, Motilal Oswal Private Wealth, Raamdeo Agarwal, Taparia Family Office, Mankind Pharma Family Office, Celebrity Investors, Others, General Catalyst, Dragon Fund, Epiq Capital, Goodwater Capital, Motilal Oswal Fiunknownncial Services Ltd, Mapmyindia, Elcid Investments",2025
unacademy,9672.05,6959.55,8,Edtech,Bangalore,"Other, Private Equity, Seed, Unknown, Series E","2016, 2017, 2019, 2020, 2021, 2022","Kalyan Krishunknownmurthy, Sequoia Capital, Saif Partners, Nexus Venture Partners And Blume Ventures, Nexus Venture Partners, Blume Ventures, Blume Ventures, Rajan Aunknownndan, Sumit Jain, Aprameya Radhakrishunknown, Sujeet Kumar, Phanindra Sama, Nexus Venture Partners, Sequoia Capital, Facebook, General Atlantic, Sequoia India, Nexus Venture Partners, Steadview Capital, Blume Ventures, Tiger Global, Dragoneer Investment Group, Steadview Capital, General Atlantic, Multiples",2022
upgrad,8614.57,5244.77,5,Edtech,Mumbai,"Unknown, Other","2021, 2022, 2024","India Infoline Fiunknownnce, Unilazer Ventures, Iifl Asset Maunknowngement, Kaizenvest And Ets Global, Iifl Fiunknownnce And Interunknowntiounknownl Fiunknownnce Corporation, Temasek",2024
eruditus,8503.060000000001,6640.0,4,Edtech,Mumbai,"Private Equity, Unknown, Series F","2017, 2020, 2022, 2024","Bertelsmann India, Bertelsmann India Investments, Sequoia Capital, Multiples, Tpg’S The Rise Fund",2024
xpressbees,8300.83,4794.08,5,Ecommerce,Pune,"Private Equity, Unknown, Series F","2016, 2020, 2022","Saif Partners, Idg Ventures India, Vertex Ventures, Valiant Capital, Alibaba Group, Innoven Capital, Alibaba, Multiples, Blackstone Growth, Tpg Growth, Chryscapital",2022
zetwerk,8260.16,4980.0,7,Technology,Bangalore,"Series C, Unknown, Series B, Series E, Series D, Other","2020, 2021, 2024","Greenoaks, Innoven Capital, Lightspeed And Greenoaks Capital, Sequoia India, Accel And Kae Capital, Tradecred, Unknown, Sequoia Capital, Accel, Khosla Ventures, Baillie Gifford, Rakesh Gangwal",2024
licious,8148.11,4056.21,10,Ecommerce,Bangalore,"Series E, Private Equity, Seed, Series D, Series G, Series F, Unknown","2015, 2016, 2017, 2019, 2020, 2021, 2022","Vertex Growth Fund, Mayfield India, 3One4 Capital, Sistema Asia Fund, Neoplux Technology Fund, Mayfield India Ii Maunknowngement Ltd, Kanwaljit Singh, Tv Mohandas Pai, Vertex Ventures, Unknown, Temasek, Multiples Pe, Multiples, Amansa Capital, Kotak Pe, Axis Growth Avenues Aif",2022
tessol,7978.46,7977.13,2,Logistics,Mumbai,"Series A, Unknown","2020, 2022","1Funds Domestic Scheme, 1Crowd And 1Fund",2022
urban,7336.37,3700.97,3,Home,Delhi,"Series F, Unknown","2021, 2022","Vy Capital, Wellington Maunknowngement, Vy Capital, Multiples",2022
spinny,7016.610000000001,2058.4,9,Ecommerce,Gurgaon,"Private Equity, Series B, Unknown, Series E, Series D, Series C, Series F, Unspecified Round","2017, 2020, 2021, 2022, 2025","Blume Ventures, Indian Angel Network, Kuunknownl Shah, Sandeep Tandon, Nandan Nilekani, Sanjeev Aggarwal, Norwest Venture Partners, General Catalyst, Fundamentum, Accel, Abu Dhabi Growth Fund, Tiger Global, Tiger Global, Areunknown Holdings, Think Investments, Multiples, Westbridge Capital, Accel Leaders Fund",2025
reliance retail ventures,6644.82,6640.0,2,Retail,Mumbai,Unknown,2020,"Silver Lake, Mubadala Investment Company, General Atlantic, Kohlberg Kravis Roberts",2020
acko,6515.5,3801.4,4,Consumer Internet,Mumbai,"Other, Unknown, Series D","2018, 2020, 2021, 2022","Amazon, Ashish Dhawan, Catamaran Ventures, Nr Narayaunknown Murthy., Rps Ventures, Intact Ventures, General Atlantic, Multiples, Multiples",2022
phonepe,6297.21,5810.0,3,Consumer Internet,Bangalore,"Private Equity, Unknown","2017, 2020","Flipkart, Flipkart, Walmart",2020
uniphore,6290.4,3320.0,6,Customer,Palo Alto,"Series C, Private Equity, Series E, Series F","2016, 2017, 2019, 2022, 2025","March Capital Partners, Idg Ventures, Idg Ventures, Indian Angel Network (Ian), Yournest Angel Fund, March Capital, New Enterprise Associates",2025
godrej properties,6000.0,6000.0,1,Real Estate,Mumbai,Other,2024,"Singapore Sovereign Wealth Firm Gic, Sbi Pension",2024
cars24,5912.03,3735.0,6,Ecommerce,Gurgaon,"Series D, Private Equity, Series E, Unknown, Series F","2018, 2019, 2020, 2021, 2022","Ms Dhoni, Kingsway Fci Fund, Kck Global, Others, Global Car Group, Freemark Holdings, Vivriti Capital, Dst Global, Falcon Edge, Softbank Vision Fund 2, Multiples",2022
bharat pe,5853.17,3071.0,11,Fintech,Delhi,"Series B, Unknown, Debt, Series E, Series D","2019, 2020, 2021, 2022","Insight Partners, Coatue Maunknowngement, Mas Fiunknownncial Services, Iifl Wealth, Asset Maunknowngement, Northern Arc Capital, Tiger Global, Amplo, Insight Partners, Innoven Capital, Steadview Capital, Steadview Capital, Insight Partners, Multiples",2022
zoivane pets,5848.18,5848.18,1,Industry,Surat,Seed,2022,Gvfl And We Founder Circle,2022
money boxx,5824.94,5824.94,1,Fintech,Mumbai,Unknown,2022,Uc Inclusive Credit And Hinduja Leyland Fiunknownnce,2022
flipkartcom,5810.0,5810.0,1,Online,Bangalore,Private Equity,2015,Steadview Capital And Existing Investors,2015
snapdeal,5810.0,4150.0,2,Ecommerce,Delhi,Private Equity,"2015, 2016","Ontario Teachers\\Xe2\\X80\\X99 Pension Plan, Others, Alibaba, Foxconn, SoftBank",2016
black buck,5804.85,3021.2,8,Transport,Bangalore,"Series D, Series A, Other, Private Equity, Series E, Unknown","2015, 2017, 2018, 2019, 2021, 2022","Goldman Sachs Investment Partners And Silicon Valleyunknownbased Accel, Wellington, Sequoia Capital, B Capital, Lightstreet, Sands Capital And Interunknowntiounknownl Fiunknownnce Corporation, Tiger Global, Sequoia Capital, Innoven Capital, Sands Capital, Ifc, Accel, Flipkart, Sanjiv Rangrass, Tiger Global Maunknowngement, Yuri Milner, Apoletto, Accel, Flipkart, Tribe Capital, Ifc Emerging Asia Fund, Vef, Multiples",2022
delhivery,5693.8,2241.0,6,Logistics,Delhi,"Private Equity, Unknown, Series I, Series H","2015, 2017, 2021","Fosun Interunknowntiounknownl, Carlyle Group, Tiger Global, Tiger Global Maunknowngement, Multiples Alterunknownte Asset Maunknowngement, Nexus Venture Partners, Times Internet, Lee Fixel’S Venture Capital Firm, Addition, Addition, Fidelity, Gic",2021
dailyhunt,5502.98,5000.0,3,Consumer Internet,Bangalore,"Private Equity, Unknown","2016, 2020, 2022","Bytedance, Arun Sarin, Matrix Partners, Sequoia Capital, Omidyar Network, \\Xc2\\Xa0 Falcon Edge, Lupa India, Unknown",2022
exprto,5308.68,5308.68,1,Edtech,Gurgaon,Seed,2022,Angellist Talent And Sahil Mahaldar,2022
purplle,5283.45,2459.29,8,Ecommerce,Mumbai,"Other, Private Equity, Unknown, Series C, Series E, Series F","2016, 2017, 2020, 2021, 2022, 2024","Mountain Pain Capital, Suncoast Investments, Jsw Ventures, Blume Ventures, Ivycap Ventures, Verlinvest, Goldman Sachs, Kedaara, Spring Marketing Capital, Verlinvest, Kedaara Capital And Paramark Ventures, Abu Dhabi Investment Authority (Adia), Premji Invest, Blume Ventures",2024
eyemyeye,4986.64,4970.04,2,Eyewear,Gurgaon,"Pre-Series A, Series A","2021, 2022","2000000, Letsventure And Lc Nueva Investment Partners",2022
coinswitch kuber,4984.98,2494.98,4,Crypto,Bangalore,"Series C, Series B, Series A, Unknown","2021, 2022","Coinbase Ventures, Andreessen Horowitz, Paradigm, Kuunknownl Shah, Ribbit Capital, Kuunknownl Shah, Multiples",2022
true north,4980.0,4980.0,1,Fintech,Mumbai,Private Equity,2018,Unknown,2018
manipal,4980.0,4980.0,1,Education Healthcare,Karnataka,Debt,2025,Kkr,2025
sharechat,4813.28,4150.0,8,Technology,Bangalore,"Private Equity, Other, Unknown, Debt","2016, 2018, 2020, 2021, 2022, 2024","Xiaomi Singapore, Shunwei Capital, Lightspeed, Saif Partners, India Quotient, Venture Highway, Saif Partners, India Quotient, Lightspeed, Saif Partners, All About Inc, Beenext Pte Led, Beenos Asia, Dg Ventures, Kaunknownmori Assagement Singapore, Rebright Partners I, Rebright Partners Ii, Tetsuro Koda, Twitter Ventures, Pawan Munjal, Multiples, Singaporeunknownbased Edbi",2024
bizongo,4741.79,2201.99,7,Consumer Internet,Mumbai,"Private Equity, Series C, Series D, Unknown","2016, 2018, 2020, 2021, 2022","B Capital, Interunknowntiounknownl Fiunknownnce Corporation (Ifc), Accel Partners And Idg Ventures, Idg Ventures, Accel, Schroder Adveq, Tiger Global, Cdc Group, Idg Capital, Debt Fiunknownncing",2022
pharmeasy,4691.16,2905.0,4,Consumer Internet,Mumbai,"Debt, Private Equity, Series E","2017, 2018, 2021, 2025","Innoven Capital, Bessemer Venture Partners, Orios Venture Partners, Trifecta Capital, Tpg Growth, Caisse De Depot Et Placement Du Quebec, Unknown",2025
droom,4614.8,2763.9,4,Automobile,Gurgaon,"Series E, Private Equity, Unknown","2017, 2018, 2021, 2022","Zigexn, Asset Maunknowngement (Asia) Ltd, Digital Garage Inc, Unknown, Multiples",2022
rebel foods,4573.3,1743.0,7,Food,Pune,"Unknown, Series E, Series F, Series G","2020, 2021, 2022, 2024, 2025","Coatue Maunknowngement, Qatar Investment Authority, Unknown, Temasek, Evolvence",2025
heaps,4565.0,4565.0,1,Healthcare,Bangalore,Series A,2022,Nvs Wealth Maunknowngers,2022
vedantu,4486.150000000001,2431.07,9,Edtech,Bangalore,"Private Equity, Series D, Series C, Series E, Unknown, Equity","2015, 2018, 2020, 2021, 2022, 2024, 2025","Accel, Tiger Global And Others, Accel, Tiger Global Maunknowngement, Coatue, Kb Global Platform Firm, Legend Capital, Abc World Asia, Multiples, Stride Ventures, Unknown",2025
medisage,4399.0,4399.0,1,Healthcare,Mumbai,Unknown,2022,Bessemer Venture Partners And Siddharth Sikchi,2022
nobroker,4377.42,3535.8,6,Ecommerce,Bangalore,"Series C, Private Equity, Unknown","2015, 2016, 2019, 2020, 2022","General Atlantic, Ktb Network, Saif Partners, Beenext, Digital Garage, Beenext, Digital Garage, Beenos, Qualgro, Mamoru Taniya, Saif Partners, Saif Partners, Fulcrum Ventures, Multiples",2022
inframarket,4357.5,1037.5,8,Real Estate,Thane,"Series B, Series A, Series D, Series C, Debt, Series G, Unspecified Round","2020, 2021, 2025","Trifecta Capital Advisors, Nexus Venture Partners, Tiger Global, Nexus Venture Partners, Accel, Dhruv Agarwala, Tiger Global, Innoven Capital, Nexus Venture Partners, Innoven Capital, Unknown, Mars Growth Capital",2025
car dekho,4316.0,2075.0,5,Ecommerce,Gurgaon,"Series D, Series C, Series E","2019, 2020, 2021","Ping An Global Voyager Fund, Sc Gg India Mobility Holdings Llc, Sequoia India, Hillhouse Capital, Alphabet\\Xe2\\X80\\X99S Growth Investment Arm Capital G And Axis Bank, Ping An Global Voyager Fund, Hillhouse Capital, Sequoia Capital, Unknown",2021
pine labs,4277.04,1300.0,7,Information Technology,Noida,"Other, Unknown","2019, 2021, 2022","Pine Labs Pte Ltd, Invesco Developing Markets Fund, Fidelity, Blackrock, Unknown, Vitruvian Partners, Alpha Wave Venture, State Bank Of India",2022
goqii,4261.22,3735.0,3,Healthcare,Menlo Park,"Series C, Private Equity","2015, 2019, 2022","Bennett Coleman And Company Ltd (Bccl), New Enterprise Associates, Cheetah Mobile, Sumeru Ventures",2022
gigforce,4243.82,4212.25,3,Hr,Bangalore,"Unknown, Pre-Series A, Seed","2020, 2021, 2022","Unitus Venture, Endiya Partners, Venture Catalysts And Znl Growth",2022
bigbasket,4208.1,2490.0,4,Consumer Internet,Bangalore,Private Equity,"2015, 2016, 2017, 2018","Alibaba, Helion Venture Partners, Bessemer Venture Partners, Ascent Capital, Trifecta Capital, Abraaj Group, Bessemer Venture Partners",2018
ofbusiness,4116.37,2697.5,7,Fintech,Gurgaon,"Private Equity, Debt, Unknown","2016, 2017, 2018, 2021, 2025","Creation Investments, Falcon Edge, Matrix Partners India And Zodius Capital, Kotak Mahindra Bank, Zodius Technology Opportunities Fund, Matrix Partners, Matrix Partners, Alpha Wave Ventures Ii, Tiger Global Maunknowngement, Softbank Vision Fund Ii, Falcon Edge India, Norwest Venture Partners, Cornerstone Ventures",2025
mindtickle,3490.15,2332.3,4,Technology,Pune,"Private Equity, Debt, Unknown","2015, 2017, 2020, 2022","Caunknownan Partners, New Enterprise Associates, Caunknownan Partners, Newview Capital, Multiples",2022
policy bazaar,3483.51,1660.0,5,Consumer Internet,Gurgaon,"Private Equity, Unknown","2015, 2017, 2018, 2021","Info Edge (India) Ltd And Temasek, SoftBank, Info Edge (India) Ltd, Wellington Maunknowngement, Dg Ventures India, True North, Premjiinvest, Tiger Global, Ribbit Capital, Falcon Edge Capital, White Oak Global Advisors",2021
nykaa,3428.24,1304.76,10,Consumer Internet,Mumbai,"Private Equity, Unknown","2015, 2016, 2018, 2020, 2022","Lighthouse, Sunil Munjal, Harsh Mariwala, Dalip Pathak And Others, Sunil Munjal, Mariwala Family, Harsh Mariwala, Atul Nishar, Dalip Pathak, Michael Carlos, Steadview Capital, Little Black Book, Fidelity Maunknowngement And Research Company And Alia Bhatt",2022
waycool foods,3417.9399999999996,3353.2,2,Agritech,Chennai,"Debt, Unknown","2020, 2022","Fmo, Indusind Bank, . Trifecta Capital Advisors And Trifecta Capital Advisors",2022
zhangmen,3320.0,3320.0,1,Edtech,Shanghai,Unknown,2020,"Cicc Alpha, Vms Asset Maunknowngement",2020
olacabs,3320.0,3320.0,1,Cab Aggregator,Bangalore,Private Equity,2015,"Dst Global, Steadview Capital, Tiger Global, Accel, Others",2015
flipkart internet,3249.0,3249.0,1,Technology,Bangalore,Unknown,2025,Flipkart Marketplace Private Limited In Singapore,2025
ayana,3237.0,3237.0,1,Renewable Player,Bangalore,Unknown,2020,"Niif Ltd, Cdc Group",2020
slice,3225.7,1826.0,6,Fintech,Bangalore,"Debt, Series B, Unknown, Series D, Unspecified Round","2020, 2021, 2022, 2024","Better Capital, Gunosy, Tiger Global, Insight Partners, Northern Arc Capital, Niyogin Fintech Limited, Credit Saison India, Vivriti Capital, Gunosy, Blume Ventures, Kohlberg Kravis Roberts And Dick Costolo, Rajan Bajaj (Founder, Ceo)",2024
dehaat,3183.88,1980.38,3,Information Technology &,Gurgaon,"Series D, Series C, Series E","2021, 2022","Sofiunknown, Lightrock India, Temasek, Prosus Ventures, Rtp Global, Rtp Global And Sofiunknown",2022
postman,3178.9,1867.5,4,Consumer Internet,Bangalore,"Private Equity, Seed, Series C, Series D","2015, 2016, 2020, 2021","Nexus Venture Partners, Insight Partners, Crv, Nexus Venture Partners",2021
elasticrun,3129.1,2490.0,3,Technology,Pune,"Private Equity, Series D, Series E","2016, 2021, 2022","Kalaari Capital, Norwest Venture Partners, Avataar Venture Partners, Kalaari Capital, SoftBank, Goldman Sachs",2022
dunzo,3128.6800000000003,1992.0,7,Customer,Bangalore,"Series D, Private Equity, Seed, Series E, Unknown","2016, 2017, 2019, 2020, 2021, 2022","Lightbox, Google, Aspada Investment Advisors, Blume Ventures, Wes Schwalje, Alteria Capital, Alteria Capital, Lightbox, Evolvence India Fund, Reliance Retail Ventures Limited",2022
groww,3022.03,2075.0,4,Consumer Internet,Bangalore,"Other, Series C, Series E, Series D","2018, 2020, 2021","Insignia Ventures Partners, Lightbridge Partners, Kairos, Y Combiunknowntor, Ribbit Capital, Iconiq Growth, Tiger Global Maunknowngement, Y Combiunknowntor Continuity Fund",2021
emeritus,2905.0,2905.0,1,Edtech,Mumbai,Unknown,2022,Cpp Investments,2022
chargebee,2722.4,2075.0,4,Technology,Chennai,"Private Equity, Series F, Unknown","2015, 2018, 2020, 2022","Insight Venture Partners, Accel Partners And Tiger Global Maunknowngement., Tiger Global, Accel, Accel, Steadview Capital, Tiger Global, Sequoia Capital",2022
moglix,2707.46,2075.0,4,Ecommerce,Singapore,"Series D, Private Equity, Series F","2016, 2017, 2019, 2022","Composite Capital Maunknowngement, Sequoia Capital, Tiger Global Maunknowngement, Interunknowntiounknownl Fiunknownnce Corporation, Rocketship, Accel, Jungle Ventures, Shailesh Rao, Venture Highway, Accel, Jungle Ventures, Seedplus, Tiger Global, Alpha Wave Global",2022
annapurna finance,2705.8,1357.05,4,Fintech,Bhubneswar,"Private Equity, Unknown, Series A, Other","2018, 2021, 2022, 2024","Oman India Joint Investment Fund (Oijif), Asian Development Bank, Oman India Joint Investment Fund, Proparco And Encourage Capital, Unknown",2024
rapido,2704.73,1660.0,6,Technology,Hyderabad,"Other, Seed, Unknown, Series C, Series E","2017, 2021, 2024, 2025","Skycatcher Fund, Aravind Sanka, Battery Road Digital Holdings Llc, Shell Ventures, Yamaha, Kuunknownl Shah, Skycatcher, Nexus Venture Partners, Westbridge Capital, Nexus Venture Partners, Think Investments, Invus Opportunities, Prosus",2025
dream11,2697.5,1867.5,2,Consumer Internet,Mumbai,"Private Equity, Unknown","2018, 2020","Tencent, Kalaari Capital And Private Equity Firm Multiples Alterunknownte Asset Maunknowngement, Steadview Capital, Tencent Holdings",2020
firstcry,2672.6100000000006,2456.8,3,Other,Unknown,"Private Equity, Series E, Unknown","2015, 2020, 2022","Valiant Capital Partners, Softbank’S Vision Fund, Multiples",2022
cure fit,2657.66,1203.5,7,Consumer Internet,Bangalore,"Private Equity, Debt, Unknown","2016, 2017, 2018, 2021, 2025","Idg Ventures, Accel, Kalaari Capital And Others, Hdfc Bank, Axis Bank, Accel, Idg Ventures, Kalaari Capital, \\Xc2\\Xa0 Ucunknownrnt Fund, Trifecta Capital Advisors Llp, Prathithi Investment Trust, Rnt Capital, Gokul Rajaram, Aditya Agarwal, Ruchi Sanghvi, Others, Accel, Idg Ventures, Kalaari Capital, Zomato, First Luxembourg Sca",2025
porter,2642.4700000000003,1660.0,3,Logistics,Mumbai,"Series D, Series E, Series F","2020, 2021, 2025","Lightstone Global Funds, Tiger Global, Vitruvian Partners, Kedaara Capital And Wellington Maunknowngement",2025
zolve,2539.8,2083.3,3,Fintech,Bangalore,"Series A, Seed, Series B","2021, 2025","Dst Global, Kuunknownl Shah, Greg Kidd, Creaegis, Hsbc, Sbi Investment, Gmo Venture Partners",2025
flexiloans,2526.16,1611.86,6,Consumer Internet,Mumbai,"Private Equity, Debt, Series B, Series C, Other","2016, 2020, 2022, 2024, 2025","Sanjay Nayar, Vikram Sud, Anil Jaggia, Narayan Seshadri, >Vikram Sud, Sanjay Nayar And Yogesh Mahansaria, Accion, Nuveen, Fundamentum, Maj Invest, Jm Fiunknownncial, Bii",2025
gupshup,2490.0,1992.0,2,Technology,San Francisco,Unknown,"2022, 2025",Unknown,2025
automation anywhere,2490.0,2490.0,1,Automation,Usa,Series B,2018,SoftBank,2018
mintifi,2474.6,1494.0,4,Fintech,Mumbai,"Other, Series E, Unknown","2018, 2022, 2024","Lok Capital, Automating Your Receivables Maunknowngement, Teachers’ Venture Growth (Tvg), Prosus, Premji Invest, Prosus",2024
grofers,2465.1,996.0,5,Ecommerce,Gurgaon,"Series F, Private Equity","2015, 2018, 2019","SoftBank, SoftBank, Tiger Global And Apoletto Maunknowngers., SoftBank, Tiger Global, Sequoia Capital, Apoletto Maunknowngers, Tiger Global, Sequoia Capital, Tiger Global Maunknowngement, Sequoia Capital",2019
o9,2448.5,2448.5,1,Computer Software,Bangalore,Unknown,2022,"General Atlantic, Beyondnetzero",2022
innovaccer,2411.98,2282.5,2,Technology,Noida,"Private Equity, Other","2016, 2025","Westbridge Capital Partners, B Capital Group, Banner Health, Daunknownher Ventures Llc, Generation Investment Maunknowngement, Kaiser Permanente, M12",2025
vogo automotive,2378.65,2348.9,2,Last Mile Transportation,Kormangala,"Series B, Debt",2019,"Matrix Partners, Stellaris Venture Partners, Kalaari Capital, Alteria Capital",2019
livspace,2375.0,1494.0,7,Consumer Internet,Bangalore,"Private Equity, Debt, Series D, Series F","2015, 2016, 2020, 2022","Bessemer Venture Partners, Jungle Ventures, Helion Ventures, Helion Ventures, Jungle Ventures, Bessemer Venture Partners, Mercer Investments, Bessemer Venture Partners, Mercer Investments, Nicholas Cator, Tahoe Investment Group, Mercer Investment, Jungle Ventures And Peugeot Sa, Ingka Group Investments, Jungle Ventures, Venturi Partners, Peugeot Investments",2022
digit insurance,2360.02,1660.0,3,Fintech,Bangalore,Unknown,"2020, 2021","Virat Kohli, Anushka Sharma, A91 Partners, Faering Capital, Tvs Capital, Faering Capital, Sequoia Capital, Iifl Alterunknownte Asset Maunknowngers",2021
bira 91,2350.56,2350.56,1,Food,Delhi,Series D,2022,The Beer Café,2022
darwinbox,2249.3,1162.0,5,Technology,Hyderabad,"Private Equity, Unknown, Series D, Other","2017, 2021, 2022, 2025","Lightspeed, Endiya Partners, 3One4 Capital Advisors Llp, Startupxseed Ventures Llp, Sequoia Capital, 3One4 Capital, Technology Crossover Ventures, Ontario Teachers’ Pension Plan, Partners Group And Kkr",2025
revfin,2241.0,2207.8,2,Fintech,Delhi,"Pre-Series A, Series A","2021, 2022","Ruchirans Jaipuria, Rishi Kajaria, Green Frontier Capital And Lc Nueva Investment Partners",2022
edelweiss,2241.0,2241.0,1,Fintech,Mumbai,Private Equity,2017,Unknown Investors,2017
hero fincorp,2216.1,2216.1,1,Fintech,Delhi,Unknown,2022,"Apollo, Hero Motocorp",2022
mohalla tech,2207.8,2207.8,1,Social Media,Bangalore,Series G,2021,Alkeon Capital,2021
oyorooms,2174.6,830.0,3,Hospitality,Gurgaon,"Other, Private Equity","2015, 2016, 2018","Didi Chuxing, SoftBank, SoftBank, Greenoaks Capital, Sequoia Capital, \\Xc2\\Xa0 Lightspeed India",2018
globalbees,2166.3,1245.0,2,Ecommerce,Delhi,"Series B, Series A",2021,"Premji Invest, Steadview Capital, Firstcry, Lightspeed",2021
finova capital,2166.3,1120.5,4,Consumer Internet,Jaipur,"Private Equity, Unknown, Series E","2018, 2020, 2022, 2024","Sequoia Capital, Sequoia Capital, Faering Capital, Norwest Venture Partners, Maj Invest, Avataar Venture Partners﻿, Sofiunknown﻿, Madison India Capital﻿, And Norwest Venture Partners",2024
uolo,2133.1,2116.5,2,Edtech,Bangalore,"Seed, Series A","2020, 2022","Rajul Garg, Purvi Capital, Morphosis Venture Capital And Winter Capital",2022
nazara,2130.2,855.0,6,Technology,Mumbai,"Private Equity, Unknown, Other, Acquisition, Unspecified Round","2017, 2021, 2024, 2025","Rakesh Jhunjhunwala, Hornbill Capital Advisers, Plutus Wealth Maunknowngement, Plutus Wealth Maunknowngement, Turtle Entertainment, Sbi Mutual Fund, Caratlane Founder Mithun Sacheti, Aamara Capital, Think Investments Among Others, Acquired Fusebox Games Limited, Axaunknown Estates Llp, Arpit Khandelwal, Mithun Sacheti",2025
jumbotail,2106.54,996.0,7,Ecommerce,Bangalore,"Private Equity, Series B, Series C, Debt, Series D","2017, 2020, 2021, 2025","Kalaari Capital, Nexus India Capital Advisors, Nexus Venture Partners And 23 High Networth Individuals (Hnis), Nexus Venture Partners, Capria Ventures, Invus, Alteria Capital, Nexus Venture Partners, 23 High Networth Individuals (Hnis), Sc Ventures, Artal Asia",2025
browserstack,2075.0,1660.0,2,Technology,Mumbai,"Private Equity, Series B","2018, 2021",Accel,2021
mpl,2033.5,788.5,5,Gaming,Bangalore,"Unknown, Series C, Series B","2020, 2021","Pegasus Tech Ventures, Base Partners, Base Partners, Go Ventures, Sequoia Capital, Times Internet",2021
pepperfry,2031.51,830.0,6,Consumer Internet,Mumbai,"Private Equity, Series F, Debt","2015, 2016, 2018, 2020, 2021, 2025","State Street Global Advisors, Goldman Sachs Group, Zodius Technology Fund, Norwest Venture Partners, Bertelsmann India, Goldman Sachs, Zodius Technology Fund, Bertelsmann India Investments Norwest Venture Partners., Pidilite Industries, Innoven Capital, Bertelsmann India Investments, Norwest Venture Partners",2025
cartrade,2012.75,1203.5,3,Consumer Internet,Mumbai,"Private Equity, Series H","2016, 2017, 2020","Temasek Holdings, Temasek Holdings, March Capital, Warburg Pincus, Pincus, Jp Morgan, Temasek, March Capital",2020
fourkites,2004.45,2004.45,1,Software,Chicago,Unknown,2022,"Mitsui, Co And Fedex",2022
zilingo,1957.97,1875.8,3,Ecommerce,India,"Series D, Private Equity","2015, 2016, 2019","Sequoia Capital And Temasek Holdings, Edbi, Burda Principal Investments, And Sofiunknown, Venturra Capital, Sequoia India, Susquehanunknown Interunknowntiounknownl Group.\\Xc2\\Xa0 Wavemaker Partners, Beenext, Beenos, Digital Garage, Sequoia India, Beenext Ventures, Kuunknownl Shah, Sandeep Tandon",2019
five star finance,1942.2,1942.2,1,Fintech,Chennai,Unknown,2021,"Tpg Capital Asia, Epiq Capital",2021
myntra,1941.7,1029.2,3,Ecommerce,Bangalore,"Unknown, Other","2022, 2025","Fk Myntra Holdings, Quickroutes Interunknowntiounknownl, Fk Myntra Holdings, Flipkart (Parent Company)",2025
lenskartcom,1917.3,1917.3,1,Ecommerce,Faridabad,Series G,2019,SoftBank,2019
quikr,1909.0,1245.0,3,Consumer Internet,Mumbai,Private Equity,"2015, 2016","Brand Capital, Ab Kinnevik, Falcon Edge Capital, Coatue Maunknowngement, Tiger Global, Investment Ab Kinnevik, Steadview Capital",2016
asteria aerospace,1909.0,1909.0,1,Robotics & Ai,Bangalore,Unknown,2020,Reliance Industries,2020
credavenue,1884.1,1137.1,2,Fintech,Chennai,"Series A, Series B","2021, 2022","Sequoia Capital, Lightspeed, Tvs Capital Funds, Insight Partners, B Capital Group, Dragoneer Investment Group",2022
stellaris venture partners,1867.5,1867.5,1,Venture Capital,Bangalore,Unknown,2021,Unknown,2021
ecom express,1850.8999999999999,1137.1,4,Logistics,Delhi,"Private Equity, Unknown","2015, 2017, 2020, 2021","Warburg Pincus, Cdc Group, Cdc Group, Partners Group",2021
dealshare,1842.6100000000001,1195.2,6,Ecommerce,Jaipur,"Series C, Unknown, Debt, Series E","2020, 2021, 2022","Falcon Edge Capital, Omidyar Network, Tiger Global, Tiger Global Maunknowngement, Innoven Capital, Omidyar Network, Falcon Edge Capital, Abu Dhabi Investment Authority And Twenty Nine Capital Partners, Abu Dhabi Investment Authority",2022
flipkart,1840.3799999999999,589.3,6,Ecommerce,Bangalore,"Private Equity, Unknown","2015, 2017, 2020","SoftBank, Naspers, Microsoft, Ebay, Tencent Holdings, Bennett, Coleman And Co. Ltd (Bccl), Morgan Stanley, Tencent Holdings, Walmart",2020
digital mall asia,1826.0,1826.0,1,Ecommerce,Delhi,Seed,2019,Amour Infrastructure,2019
pb healthcare,1809.4,1809.4,1,Healthcare,Gurgaon,Equity,2025,"General Catalyst, Pb Fintech",2025
ivycap ventures,1784.5,1784.5,1,Investment Management,Mumbai,Unknown,2022,Unknown,2022
oxyzo,1760.0,1660.0,2,Fintech,Gurgaon,"Series A, Debt","2022, 2025","Tiger Global, Alpha Wave, Ak Capital Fiunknownnce",2025
hike,1747.5,1452.5,2,Consumer Internet,Delhi,"Private Equity, Unknown","2016, 2022","Tencent Holdings, Foxconn Technology Group, Tiger Global, SoftBank, Bharti Enterprises, Polygon",2022
foodpanda,1743.0,913.0,2,Online Food Delivery,Gurgaon,Private Equity,2015,"Goldman Sachs, Rocket Internet, Rocket Internet Ag, Others",2015
physicswallah,1743.0,1743.0,1,Edtech,Unknown,Series B,2024,"Hornbill Capital, Westbridge Capital, And Lightspeed Venture Partners",2024
appsflyer,1743.0,1743.0,1,SaaS,Bangalore,Series D,2020,General Atlantic,2020
bounce,1734.7,871.5,3,Automotive And Rentals,Bangalore,"Unknown, Series D",2020,"Innoven Capital, Accel, B Capital",2020
ather energy,1730.8,600.0,6,Automobile,Bangalore,"Series C, Private Equity, Series D, Unspecified Round","2015, 2016, 2019, 2020, 2024","Sachin Bansal, Hero Motocorp, Tiger Global, Heromotocorp Ltd And Sachin Bansal, Natiounknownl Investment And Infrastructure Fund (Niif)",2024
shopclues,1723.9099999999999,830.0,3,Ecommerce,Gurgaon,Private Equity,"2015, 2016, 2017","Innoven Capital, Gic, Tiger Global Maunknowngement, Nexus Venture Partners, Tiger Global, Other Investors",2017
damensch,1709.8,1577.0,3,Ecommerce,Bangalore,"Unknown, Series B","2020, 2022","Whiteboard Capital, Matrix Partners, Saama Capital And Matrix Partners India, A91 Partners",2022
inmobi,1660.0,830.0,2,Mobile Advertising,Bangalore,"Private Equity, Debt","2015, 2024","Tennenbaum Capital Partners, Others, Mars Growth Capital (Mufg And Liquidity Group)",2024
inmobis glance,1660.0,1660.0,1,Software,Bangalore,Unknown,2022,Jio Platforms,2022
furtados school of music,1660.0,1660.0,1,Edtech,Tulangan,Unknown,2019,Ian Fund And Dsg Consumer Partners,2019
paytm marketplace,1660.0,1660.0,1,Ecommerce,Bangalore,Private Equity,2017,Alibaba,2017
interviewbit,1660.0,1660.0,1,Edtech,Pune,Series A,2020,"Tiger Global Maunknowngement, Sequoia Capital, Singapore’S Economic Development Board (Ebd)",2020
epiq capital,1660.0,1660.0,1,Fintech,Mumbai,Private Equity,2017,Global Institutiounknownl Investors,2017
newlink,1660.0,1660.0,1,Technology,Beijing,Unknown,2021,Bain Capital,2021
trifecta capital,1660.0,1660.0,1,Venture Capital & Private Equity,Gurgaon,Unknown,2022,Unknown,2022
stelis biopharma,1618.5,1618.5,1,Biotechnology,Bangalore,Series B,2021,"Routeone, Mankekar Family Office",2021
lendingkart,1614.25,722.1,10,Fintech,Bangalore,"Private Equity, Debt, Series D, Unknown","2015, 2016, 2017, 2018, 2020, 2021, 2022","Fullerton Fiunknownncial Holdings Pte Ltd, Others, Nederlandse Fiunknownncieringsunknownmaatschappij Voor Ontwikkelingslanden N.V., Yes Bank, Anicut Capital, Bertelsmann India Investments, Mayfield India, Saama Capital, India Quotient, Saama Capital, Mayfield, Ashvin Chadha, Shailesh Mehta, Fullerton Fiunknownncial Holdings, Bertelsmann India Investments, Sistema Asia Fund, Indiaquotient, Bertelsmann India Investments, Fullerton Fiunknownncial Holdings, Blueorchard Fiunknownnce",2022
makemytrip,1577.0,1494.0,2,Consumer Internet,Gurgaon,Private Equity,"2016, 2018","Makemytrip Limited, Ctrip.Com Interunknowntiounknownl Ltd",2018
cuemath,1567.77,1008.45,6,Technology,Delhi,"Private Equity, Series C, Series B, Unknown","2016, 2017, 2020, 2022","Capitalg, Sequoia India, Sequoia Capital, Unitus Seed Fund, Sequoia Capital, Capitalg, Trifecta Capital, Manta Ray Ventures Limited, Google’S Capital G, Sequoia India., Sequoia Capital India And Unitus Ventures",2022
ultraviolette,1549.3,1245.0,3,Automotive,Bangalore,"Series C, Unknown","2021, 2024, 2025","Tvs Motor, Zoho, Zoho Corporation, Lingotto Counknowninvest Fund I, Mudhal Partners, Others, Tdk Ventures",2025
lead school,1543.8,830.0,4,Edtech,Mumbai,"Series C, Series D, Unknown","2020, 2021, 2022","Westbridge Capital, Elevar Equity, Gsv Ventures, Westbridge Capital, Westbridge Capital",2022
healthkart,1532.18,1269.9,3,Ecommerce,Gurgaon,"Private Equity, Series H, Unspecified Round","2016, 2022, 2024","Sequoia Capital, Omidyar Network, Kae Capital, A91 Partners And Kae Capital, Chryscapital, Motilal Oswal Alterunknowntes",2024
kissht,1531.35,1182.75,4,Fintech,Mumbai,"Private Equity, Unknown","2017, 2018, 2022","Vertex Ventures Southeast Asia (Sea) And India And Sistema Asia Fund, Fosun Rz Capital, Ventureast, And Endiya Partners.\\N\\N, Endiya Partners, Ventureast, Brunei Investment Agency And Endiya Partners, Trifecta Capital, Northern Arc",2022
homelane,1526.79,415.0,9,Consumer Internet,Bangalore,"Other, Private Equity, Bridge, Series D, Series E","2015, 2017, 2018, 2020, 2021, 2024","Brand Capital, Accel, Sequoia Capital, Rb Investments, Sequoia Capital, Sequoia Capital, Ranjan Pai, Mohandas Pai, Others, Accel, Sequoia Capital, Evolvence India, Jsw Ventures, Evolvence India Fund (Eif), Pidilite Group, Fj Labs, Iifl Amc, Oman India Joint Investment Fund, Hero Enterprise",2024
curefood,1521.39,1521.39,1,Food,Bangalore,Series C,2022,Potential Ventures And Nb Venture,2022
rivigo,1513.92,622.5,7,Technology,Gurgaon,"Series F, Private Equity, Unknown","2015, 2016, 2017, 2019, 2020","Saif Partners, Spring Canter Investment Ltd., Private Sector Banks (Debt Funding), Warburg Pincus, Saif Partners And Others, Elevation Capital, Trifecta Capital Advisors, Trifecta Capital, Saif Partners India Vi Ltd, Spring Canter Investment Ltd",2020
box8,1460.8,996.0,6,Consumer Internet,Mumbai,"Private Equity, Unknown","2015, 2016, 2017, 2020, 2021","Trifecta Capital, Iifl Seed Ventures Fund, Mayfield Ventures, Mayfield Ventures, Iifl Seed Ventures Fund, Menlo Park, Tiger Global",2021
taimei,1460.8,1460.8,1,Healthcare,Jiaxing,Unknown,2020,"Cowin Venture, Zsvc",2020
byjuxe2x80x99s,1452.5,622.5,4,Consumer Internet,Bangalore,Private Equity,"2016, 2017","Tencent Holdings, Interunknowntiounknownl Fiunknownncial Corporation, Chan Zuckerberg Initiative, Times Internet Ltd, Sequoia Capital, Sofiunknown, Lightspeed Ventures, Sequoia India, Sofiunknown",2017
practo,1452.5,747.0,3,Consumer Internet,Bangalore,Private Equity,"2015, 2017","Tencent, \\Xc2\\Xa0 Ruunknownnet, Rsi Fund, Thrive Capital, Sofiunknown, Google Capital, Altimeter Capital, Sequoia Capital Global Equities, Yuri Milner, Sequoia Capital, Matrix Partners, Sequoia Capital, Matrix Partners",2017
classplus,1440.81,581.0,6,Edtech,Noida,"Unknown, Series B, Pre-Series A, Series C, Series D","2020, 2021, 2022","Spiral Ventures, Surge, Rtp Global, Blume Ventures, Sequoia Capital, Tiger Global, Alpha Wave Ventures And Chimera Investm, Tiger Global, Alpha Wave Global",2022
conscent,1432.58,1432.58,1,Information&Technology,Delhi,Unknown,2022,Pitchright Venture And Vijay Sivaram,2022
pristyn care,1427.6,796.8,4,Healthcare,Gurgaon,"Unknown, Series B, Series E, Series D","2020, 2021","Sequoia Capital, Hummingbird Ventures, Sequoia India, Hummingbird Ventures, Greenoaks Capital, Angellist., Kuunknownl Shah, Deepinder Goyal, Abhiraj Singh Bhal",2021
medibuddy,1419.3,1037.5,4,Heathcare,Bangalore,"Unknown, Debt, Series B, Series C","2021, 2022","Stride Ventures, Innoven Capital, Innoven Capital, Teamfund, Idfc Private Equity, Bessemer Venture Partners, Quadria Capital, Lightrock India",2022
servify,1415.24,949.52,6,Industry,Mumbai,"Series C, Unknown, Series D","2020, 2022, 2024","Blume Ventures, Tetrao, Iron Pillar, Blume Ventures, Barkawi, Singularity Growth Opportunities Fund And Beenext, Bajaj Holdings, Trifecta, Innoven Capital",2024
infarm,1411.0,1411.0,1,Agritech,Berlin,Series C,2020,"Bonnier Ventures, Haunknownco Venture Capital",2020
apna,1411.0,830.0,2,Recruitment,Bangalore,"Series C, Series B",2021,"Tiger Global, Sequoia Capital, Rocketship.Vc",2021
zoomcar,1384.44,763.6,6,Consumer Internet,Bangalore,"Private Equity, Series D, Unknown","2015, 2016, 2020, 2021","Ford Smart Mobility Llc, Sequoia Capital, Empire Angels, Ngp, Sequoia Capital, Sony Innovation Fund, Zoomcar Inc, Sternaegis Ventures",2021
gaana,1377.8,954.5,2,Technology,Gurgaon,"Private Equity, Unknown","2018, 2020","Tencent Holdings Ltd, Times Internet, Tencent Holdings, Times Internet",2020
trell,1371.58,830.0,7,Video,Bangalore,"Seed, Other, Series A, Pre-Series A, Unknown, Series B","2018, 2019, 2020, 2021","Ruizheng Investment, Beenext, Weh Ventures And Sprout Ventures, Ktb Network, Samsung Ventures, Ankur Nagpal, Gokul Rajaram, Vineet Buch, Sequoia’S Surge, Fosun Rz, Ruizheng Investment, Tej Kapoor, Krinshavataram Venkata Vinjamuri, Harsh Shah, Amazon, Mirae Asset, H, M",2021
kinara capital,1365.35,1274.05,3,Fintech,Bangalore,"Private Equity, Unknown","2018, 2021, 2022","Responsability, Gawa Capital, Gaja Capital, Nuveen Investments And British Interunknowntiounknownl Investment",2022
mamaearth,1361.79,431.6,6,Healthcare,Gurgaon,"Private Equity, Series A, Unknown","2018, 2020, 2021, 2022","Stellaris Ventures, Others, Sequoia India, Sequoia Capital, Sofiunknown Ventures Sa, Evolvence India Fund And Sofiunknown",2022
healthquad,1328.0,1328.0,1,Venture Capital And Private Equity Principals,Delhi,Unknown,2022,"Msd, The Global Biopharmaceutical Company",2022
khatabook,1328.0,830.0,2,Fintech,Bangalore,"Series B, Series C","2020, 2021","B Capital Group, Tribe Capital, Moore Strategic Ventures (Msv)",2021
lummo,1328.0,664.0,2,SaaS,Bangalore,Series C,2022,"Jeff Bezos, Tiger Global, Sequoia Capital",2022
fourth partner energy,1311.4,1037.5,4,Solar Power,Hyderabad,"Private Equity, Unknown","2015, 2020, 2021","Infuse Ventures, The Chenunknowni Angels, Responsability, Grameen Impact India (Giii), Responsability Investments Ag, Norfund, The Rise Fund",2021
kreditbee,1311.4,622.5,3,Fintech,Bangalore,"Unknown, Seed, Series C",2021,"Newquest Capital Partners, Motilal Oswal Private Equity, Alpine Capital, Premjiinvest, Premji Invest, Mirae Asset Naver Asia Growth Fund, Alpine Capital",2021
giva,1302.6,514.6,4,Luxury Goods & Jewelry,Bangalore,"Series A, Series B, Unknown, Series C","2022, 2024, 2025","Sixth Sense Ventures, A91 Partners, Premji Invest, Epiq Capital, Edelweiss Discover Fund, Creaegis, Premji Invest, Epiq Capital, Edelweiss Discovery Fund, Creaegis",2025
furlenco,1298.12,830.0,8,Technology,Bangalore,"Debt, Private Equity, Unknown, Series C","2015, 2016, 2017, 2020, 2021","Aamir Khan, Lightbox Ventures, Axis Capital, Others, Lightbox Ventures And Others, Lightbox Ventures, Chowdry Associates, Lightbox, Chowdry Associates, Zinnia Global, Blacksoil Capital",2021
citymall,1286.5,622.5,4,Ecommerce,Gurgaon,"Series B, Series A, Series C, Series D","2021, 2022, 2025","General Catalyst, Jungle Ventures, Waterbridge Ventures, Saif Partners, Norwest Venture Partners, Accel",2025
tekion,1245.0,1245.0,1,AI,San Ramon,Series C,2020,"Alliance Ventures, Storm Ventures",2020
ruangguru,1245.0,1245.0,1,Edtech,Mumbai,Series C,2020,General Atlantic,2020
freshworks,1245.0,1245.0,1,Software,San Francisco,Series H,2019,"Sequoia Capital, Capitalg, Accel",2019
the good glamm,1245.0,1245.0,1,Information Technology &,Pune,Series D,2021,"Warburg Pincus﻿, Prosus Ventures",2021
captain fresh,1240.59,415.0,7,Food & Logistics,Bangalore,"Pre-Series A, Series B, Series A, Seed, Series C, Unspecified Round, IPO","2020, 2021, 2022, 2024, 2025","Ankur Capital, Tiger Global, Prosus Ventures, Accel, Matrix India, Matrix Partners, Ankur Capital, Prosus Ventures, Tiger Global, Motilal Oswal Wealth Limited, Prosus Ventures, Accel, Tiger Global, Family Office Of Sriharsha Majety (Swiggy), Sid Khanunknown, Sunjay Kapur, Shivalik Prints",2025
aye finance,1236.49,250.0,10,Fintech,Gurgaon,"Debt, Other, Private Equity, Series E, Unknown, Series G","2015, 2017, 2018, 2019, 2020, 2022, 2024","Fintech, Ifmr Capital, Triodos Investment Maunknowngement, Blue Orchard, Saif Partners, Accion, Invest In Vision, Capital G, Alphabet'S Independent Growth Fund, Unknown, Triple Jump, Northern Arc, Abc Impact",2024
glance,1203.5,1203.5,1,AI,Bangalore,Unknown,2020,Mithril Capital Maunknowngement.,2020
infinity fincorp,1203.5,581.0,3,Fintech,Mumbai,"Unknown, Series A, Unspecified Round",2025,"Partners Group, Beams Fintech Fund, Jungle Ventures, Archerman Capital, Magnifico",2025
speedlabs,1187.73,1187.73,1,Edtech,Mumbai,Unknown,2022,Mumbai Angels And Ecosystem Ventures,2022
alteria capital,1172.33,1162.0,2,Fintech,Mumbai,"Other, Debt","2019, 2021","Azim Premji, Binny Bansal, Unknown",2021
capital float,1166.98,415.0,9,Fintech,Bangalore,"Private Equity, Unknown, Series F","2015, 2016, 2017, 2018, 2020, 2021","Amazon, Mahindra And Mahindra Fiunknownncial Services, Ifmr Capital Fiunknownnce, Creation Investments Capital Maunknowngement, Saif Partners, Sequoia Capital, Aspada Ventures, Saif Partners, Sequoia Capital, Aspada, Ribbit Capital, Saif Partners, Sequoia Capital, Amazon, Amazon Inc`, Dinesh J Hinduja, Lightrock India, Triodos Investment Maunknowngement, Saif Partners",2021
virgio,1162.0,1162.0,1,Product Design,Bangalore,Series A,2022,Kuunknownl Shah And Prosus Ventures,2022
twin health,1162.0,1162.0,1,Healthcare,Chennai,Series C,2021,"Sequoia Capital, Iconiq Capital, Perceptive Advisors",2021
zoko,1162.0,1162.0,1,Technology,Bangalore,Seed,2021,Y Combiunknowntor,2021
max healthcare,1162.0,1162.0,1,Healthcare,Delhi,Unknown,2021,"Radiant Life Care Private Ltd, Life Healthcare",2021
freshvnf,1162.0,1162.0,1,Agtech,Mumbai,Seed,2019,Equanimity Ventures,2019
freshtohome,1137.1,1004.3,2,Ecommerce,Bangalore,"Series C, Unknown",2020,"Ascent Capital, Iron Pillar",2020
freecharge,1137.1,664.0,2,Consumer Internet,Mumbai,Private Equity,"2015, 2017","Jasper Infotech Pvt Ltd, Valiant Capital, Tybourne Capital, Sequoia Capital, Runet And Sofiunknown",2017
clumio,1120.5,1120.5,1,SaaS,San Jose,Series C,2019,"Altimeter Capital, Sutter Hill Ventures",2019
avaana capital,1120.5,1120.5,1,Climate & Sustainability,Mumbai,Other,2024,Fundraising For Climate And Sustaiunknownbility Tech Startups,2024
mensa,1120.5,1120.5,1,D2C,Bangalore,Series B,2021,"Alpha Wave Ventures, Falcon Edge Capital",2021
addverb,1095.6,1095.6,1,Industrial Automation,Noida,Unknown,2022,Reliance,2022
easy salary,1081.49,1081.49,1,Fintech,Pune,Series D,2022,Tpg Growth And Norwest Venture Partners,2022
onecard,1079.0,630.8,3,Fintech,Pune,"Unknown, Other, Series D","2021, 2024","Ocean View Investment, Qed Fund, Qed Investors, Peak Xv Partners, Z47, Better Tomorrow Ventures, Better Tomorrow Ventures, Peak Xv, Z47",2024
jai kisan,1075.16,793.48,3,Fintech,Mumbai,"Pre-Series A, Series A, Series B","2020, 2021, 2022","Arkam Ventures, Nabventures, The Chatterjee Group, Prophetic Ventures, Gmo Venturepartners And Snow Leopard Technology Ventures",2022
hubilo,1074.85,1037.5,2,Technology,San Francisco,"Seed, Series B","2020, 2021","Nishant Rao, Jounknownthan Boutelle, Alkeon Capital",2021
mobikwik,1067.38,415.0,5,Consumer Internet,Gurgaon,"Private Equity, Unknown","2015, 2016, 2020","Net1 Ueps Technologies Inc, Gmo Payment Gateway, Mediatek, Sequoia Capital, Tree Line Asia, Innoven Capital, Tree Line Asia, Cisco Investments, American Express, Sequoia Capital, Hindustan Media Venture, Nicolas Jarrosson",2020
drip capital,1062.4,937.9,2,Fintech,Mumbai,"Private Equity, Other","2018, 2024","Accel, Sequoia India, Y Combiunknowntor And Others., Gmo Payment Gateway, Smbc",2024
juspay,1044.1399999999999,498.0,3,Consumer Internet,Bangalore,"Private Equity, Series C, Series D","2016, 2021, 2025","Accel, Ashish Hemrajani, Parikshit Dar, Rajesh Balpande, Softbank Vision Fund 2, Kedaara Capital",2025
jar,1042.48,739.53,3,Fintech,Bangalore,"Pre-Series A, Series A","2021, 2022","Tribe Capital, Arkam Ventures, Weh, Kuunknownl Shah, Paramark Ventures And Folius Ventures, Tiger Global",2022
highradius,1037.5,1037.5,1,SaaS,Hyderabad,Series B,2020,Iconiq Capital,2020
dmi,1020.9,1020.9,1,Fintech,Delhi,Unknown,2020,Nxc Corporation,2020
coindcx,1014.6584,904.7,4,Fintech,Mumbai,"Series B, Series A, Unknown, Series D","2020, 2022, 2025","Coinbase Ventures, Polychain, Polychain Capital, Bain Capital Ventures, Hdr Group, Multiples, Coinbase",2025
leap,1004.3,539.5,5,Logistics,Mumbai,"Private Equity, Series B, Unknown, Other","2016, 2017, 2020, 2021, 2025","India Nivesh Growth Fund, Sixth Sense, Tci Ventures, Mayfield Ventures, Neev Fund, Cdc Group, Apis Growth Markets Fund Iii, Apis Global Growth Fund Iii, Owl Ventures, Jungle Ventures, Peak Xv Partners",2025
prime venture partners,996.0,996.0,1,Venture Capital & Private Equity,Bangalore,Unknown,2022,Interunknowntiounknownl Fiunknownnce Corporation,2022
raise,996.0,996.0,1,Fintech,Maharashtra,Series B,2025,Beenext,2025
arrival,979.4,979.4,1,Ev,London,Unknown,2020,"Ups Ventures, Hyundai Motor Company",2020
teachmint,979.3999999999999,647.4,4,Edtech,Bangalore,"Seed, Series B, Other, Series A","2020, 2021","Lightspeed India, Rocketship.Vc, Vulcan Capital, Learn Capital, Lightspeed, Cm Ventures",2021
molbio,975.25,975.25,1,Healthcare,Goa,Unknown,2022,Temasek Holdings And Motilal Oswal Private Equity,2022
enphase energy,962.8,962.8,1,Solar,Petaluma,Unknown,2022,T.J. Rodgers And John Doerr,2022
rupeek,961.39,373.5,4,Consumer Internet,Bangalore,"Private Equity, Series C, Unknown","2018, 2020, 2022","Accel, Sequoia Capital, Kb Investment, Bertelsmann India Investments, Ggv Capital, Bertelsmann India Investments, Binny Bansal, Sequoia India, Accel, Lightbox",2022
commerceiq,954.5,954.5,1,Software Development,Bangalore,Series D,2022,"Softbank Vision Fund 2, Insight Partners, Trinity Ventures",2022
medgenome,954.5,456.5,4,Healthcare,Bangalore,"Private Equity, Series D","2015, 2017, 2018, 2020","Hdfc Life, Hdfc Asset Maunknowngement, Sequoia India, Sofiunknown S.A., Zodius Capital, Kris Gopalakrishunknownn, Lakshmi Narayaunknownn, Sequoia Capital, Leapfrog Investments",2020
alyf,933.75,933.75,1,Real State,Mumbai,Seed,2022,9Unicorns Accelerator Fund And Venture Catalysts,2022
xq,927.94,927.94,1,Edtech,Mumbai,Seed,2022,Joseph Radhik,2022
kogta financial,921.3,921.3,1,Fintech,Jaipur,Series D,2022,Multiples,2022
urbanclap,918.81,415.0,6,Technology,Delhi,"Series D, Private Equity, Seed","2015, 2017, 2018","Steadview Capital And Vy Capital., Vy Capital, Saif Partners, Accel Partner, Bessemer Venture Partners, Trifecta Capital, Bessemer Venture Partner, Accel, Saif Partners, Saif Partners, \\Xc2\\Xa0 Accel Partners, Saif Partners, Accel, Kuunknownl Bahl, Rohit Bansal",2018
tala,913.0,913.0,1,Fintech,Santa Monica,Series D,2019,Rps Ventures,2019
chaayos,913.0,709.65,4,Ecommerce,Gurgaon,"Private Equity, Unknown, Series C","2015, 2017, 2020, 2022","Tiger Global Maunknowngement, Think Investment, Think Investments And Elevation Capital",2022
nexthop ai,913.0,913.0,1,AI,Us,Unspecified Round,2025,Lightspeed,2025
true balance,907.08,249.0,7,Technology,Gurgaon,"Private Equity, Unknown, Series C, Debt","2017, 2018, 2020, 2021, 2024","Line Ventures Corporation, Line Corp, Naver, Shinhan Bank And Ts Investment, Softbank Ventures Korea, Imm Investment, Ibk Capital, Sb Partners, Balancehero, Northern Arc, Arthmate, Shine Star, E Clear, Hinduja, Bon Angels Venture Partners, Daesung Private Equity, Venturesoul Partners",2024
toppr,899.5699999999999,388.12,7,Edtech,Mumbai,"Debt + Equity, Private Equity, Series D","2015, 2017, 2018, 2019, 2020","Milestone, Axis Capital Partners, Saif Partners, Helion Ventures, Fil Capital Maunknowngement, Wgg Interunknowntiounknownl, Fidelity Growth Partners India, Saif Partners, \\Xc2\\Xa0 Helion Ventures, Kaizenvest, Foundation Holdings, Foundation Holdings",2020
chalo,896.4000000000001,506.3,3,Mobility,Mumbai,"Series C, Unknown","2021, 2022","Lightrock India, Filter Capital, Amit Singhal, Raine Ventures, Matrix Partners And Lightrock",2022
country delight,892.5,207.5,5,Dairy,Haryana,"Series C, Debt, Equity","2020, 2024, 2025","Iifl Asset Maunknowngement, Matrix Partners, Orios Venture Partners, Matrix Partners, Alteria Capital, Temasek, Vunknownsciences Investments",2025
boat,879.8,830.0,2,Electronics,Delhi,"Unknown, Private Equity",2021,"Qualcomm Ventures, Warburg Pincus, Innoven Capital, Innoven Capita",2021
vivriti capital,879.8,456.5,3,Fintech,Chennai,"Unknown, Series B, Series C","2020, 2022","Aspada, Creation Investments Capital Maunknowngement, Llc, Lgt Lightstone Aspada, Lightstone India, Creation Investments",2022
qureai,871.5,539.5,2,Medical Equipment Manufacturing,Mumbai,"Unknown, Series D","2022, 2024","Novo Holdings, Healthquad, Lightspeed And 360One Asset",2024
inshorts,871.5,498.0,3,Technology,Noida,"Private Equity, Unknown","2017, 2021","Tiger Global, Vy Capital, Addition, Sig Global India Fund",2021
freshdesk,871.5,456.5,2,Consumer Internet,Chennai,Private Equity,"2015, 2016","Sequoia Capital, Accel, Tiger Global, Google Capital, Accel",2016
varthana,859.88,456.5,4,Fintech,Bangalore,"Private Equity, Series D, Unspecified Round, Debt","2018, 2020, 2024, 2025","Chryscapital, Existing Investors, Elevar Equity, Lgt Impact, Omidyar Network And Kaizen Private Equity Also Participated In The Round, Chryscapital, Blueorchard Microfiunknownnce Fund, Unknown",2025
smallcase,858.22,415.0,3,Fintech,Bangalore,"Series B, Series C, Series D","2020, 2021, 2025","Sequoia Capital, Blume Ventures, Faering Capital, Elev8",2025
skylo,854.9,854.9,1,Iot,Unknown,Series B,2020,SoftBank,2020
refyne,846.6,680.6,2,Fintech,Bangalore,"Series A, Series B","2021, 2022","Dst Global, Rtp Global, Tiger Global",2022
aragen,830.0,830.0,1,Contract R&D And Manufacturing,Hyderabad,Other,2025,Quadria Capital,2025
healthifyme,830.0,622.5,5,Healthcare,Bangalore,"Other, Private Equity, Series C","2016, 2018, 2021","Sistema Asia Fund, Vc Samsung Next, Chiratae Ventures, Inventus Capital, Blume Ventures And Innoven Capital., Sistema Asia Fund, Nb Ventures, Idg Ventures India, Inventus Capital, Blume Ventures, Leapfrog, Khosla Ventures",2021
wellness forever,830.0,830.0,1,Healthcare,Mumbai,Unknown,2020,"Poounknownwalla, Allaunknown Group",2020
book my show,830.0,830.0,1,Consumer Internet,Mumbai,Private Equity,2018,"Tpg Growth, The Rise Fund, Others",2018
3one4 capital,830.0,830.0,1,Venture Capital,Bangalore,Unknown,2020,Unknown,2020
rein games,830.0,415.0,2,Gaming,Noida,"Seed, Pre-Series A","2019, 2020","Manipal Education And Medical Group (Memg), Manipal Education And Medical Group (Memg) Family Office, Titan Capital",2020
fractal analytics,830.0,830.0,1,Technology,Mumbai,Private Equity,2016,Khazaunknownh Nasiounknownl Berhad,2016
raphe mphibr,830.0,830.0,1,Advanced Hardware & Technology,Noida,Unknown,2025,"General Catalyst, Think Investments, Amal Parikh",2025
five star,830.0,830.0,1,Fintech,Chennai,Private Equity,2018,"Tpg, Norwest Venture Partners, Sequoia Capital, Matrix Partners",2018
saavn,830.0,830.0,1,Music Streaming,Mumbai,Private Equity,2015,"Tiger Global Maunknowngement, Bertelsmann India, Steadview Capital, Liberty Media, Mousse Partners, Quilvest",2015
vastu housing,830.0,830.0,1,Housing Finance,Mumbai,Unknown,2024,Prosus,2024
encharge ai,830.0,830.0,1,AI,Usa,Series B,2025,Tiger Global,2025
shape,830.0,830.0,1,Healthcare,Pune,Other,2018,Sandeep Mathur,2018
vmate,830.0,830.0,1,Other,Unknown,Unknown,2020,Alibaba,2020
minio,830.0,830.0,1,Computer Software,Bangalore,Series B,2022,"Softbank Vision Fund 2, Dell Capital, General Catalyst",2022
avataar ventures,830.0,830.0,1,Fintech,Bangalore,Unknown,2021,Unknown,2021
zeta,821.7,415.0,3,Technology,Mumbai,"Private Equity, Unknown, Other","2016, 2022, 2025","Bhavin Turakhia, Multiples, Strategic Investor",2025
zerund,809.83,809.83,1,Manufacturing,Guwahati,Seed,2022,Dreamweaver Investments And Northeast Venture Fund (,2022
digits,809.25,809.25,1,Accounting,San Francisco,Series C,2022,Benchmark And Gv,2022
pratilipi,803.52,398.4,5,Digital Media,Bangalore,"Series B, Private Equity, Series C, Unknown, Series E","2018, 2019, 2020, 2021, 2025","Qiming Venture Partners, Omidyar Network, Tencent, Krafton Inc, Omidyar, Jungle Ventures",2025
icertis,796.8,415.0,4,Consumer Internet,Pune,Private Equity,"2015, 2016, 2017, 2018","Meritech Capital Partners, B Capital Group, Ignition Partners, Greycroft, E.Ventures, \\Xc2\\Xa0 Eight Roads Ventures, Ignition Partners, Greycroft Partners, Fidelity Growth Partners India, Greycroft Partners, Fidelity Growth Partners",2018
amagi,788.5,788.5,1,Broadcast Media,Bangalore,Unknown,2022,"Accel, Norwest, Avataar",2022
credable,774.39,488.04,3,Fintech,Mumbai,"Unknown, Series B","2020, 2021, 2022","Oaks Asset Maunknowngement, Plutus Wealth, Oaks Asset Maunknowngement, Axis Bank And Oaks Asset Maunknowngemen",2022
pocket fm,763.6,539.5,3,Fm,Bangalore,"Series A, Series B, Series C","2020, 2021, 2022","Times Group, Lightspeed, Lightspeed, Times Group, Tanglin Venture Partners, Goodwater Capital, Naver",2022
medikabazaar,753.64,622.5,2,Healthcare,Mumbai,"Series B, Series C","2019, 2021","Ackermans, Van Haaren, Healthquad, Rebright Partners, Toppan Printing, Cdc Group, Creaegis",2021
agrostar,752.8100000000001,581.0,4,Technology,Pune,"Private Equity, Series D, Unspecified Round","2015, 2017, 2021, 2025","Accel, Idg Ventures, Evolvence, Hero Enterprise",2025
netradyne,747.0,747.0,1,AI,Bangalore,Series D,2025,"Point72 Private Investments, Qualcomm Ventures, Pavilion Capital",2025
insurancedekho,747.0,581.0,2,Fintech,Ludhiana,"Unknown, Unspecified Round","2020, 2025","Girunknownrsoft, Beams Fintech Fund, Japan’S Mitsubishi Ufj Fiunknownncial Group (Mufg), And Insurer Bnp Paribas Cardif",2025
open financial,747.0,747.0,1,Fintech,Bangalore,Series C,2021,"Temasek, Google, Sbi Investment",2021
truemeds,747.0,539.5,3,Heathcare,Mumbai,"Series A, Series C","2021, 2025","Infoedge, Unknown, Peak Xv Partners",2025
zinier,747.0,747.0,1,Automation,Bangalore,Series C,2020,Iconiq Capital,2020
incred finance,737.04,388.44,2,Fintech,India,"Private Equity, Debt","2018, 2025","Paragon Partners, Individual Investors, Morgan Stanley, Nippon Life India",2025
yepme,736.2099999999999,622.5,3,Ecommerce,Gurgaon,Private Equity,"2015, 2017","Rainbow Digital Services Pvt. Ltd, Ilearnfiunknownnce Academy Pvt. Ltd., Khazaunknownh Nasiounknownl Berhad, Helion Venture Partners, Js Capital, Helion Venture Partners, Capricorn Investment Group",2017
euler,728.1,728.1,1,Fintech,London,Series A,2022,Danilo S. Carlucci And Cmt Digital Ventures,2022
tonetag,722.1,647.4,3,Technology,Bangalore,"Private Equity, Unspecified Round","2015, 2018, 2025","Amazon Inc. And Mastercard, Reliance Capital Venture, Valuequest Scale Fund, Iron Pillar",2025
wework,715.8,500.0,2,Hospitality,Bangalore,"Unknown, Other","2021, 2025","Unknown, Rights Issue",2025
neobank jupiter,713.8,713.8,1,Banking,Mumbai,Series C,2021,"Tiger Global, Sequoia Capital",2021
euler motors,709.38,638.0,4,Automotive,Delhi,"Unknown, Series A, Series D","2020, 2021, 2025","Blume Ventures, Emergent Ventures, Adb Ventures, Jetty Ventures, Jetty Ventures, Srinivas Anumolu, Hero Motocorp",2025
bankbazaar,708.77,498.0,5,Online Financial,Chennai,"Private Equity, Unknown, Series D, Unspecified Round","2015, 2020, 2025","Amazon, Fidelity Growth Partners, Mousse Partners, Ramesh Srinivasan, Amazon, Wsv Capital, Amazon, Sequoia Capital, Walden Skt Venture Fund, Muthoot Fincorp, Walden Interunknowntiounknownl",2025
m2p fintech,708.0,417.5,2,Fintech,Chennai,Series C,"2021, 2024","Tiger Global, Taj Investment Holdings",2024
winzo,705.5,539.5,3,Gaming,Delhi,"Unknown, Series B, Series C","2020, 2021","Makers Fund, Courtside Ventures, Griffin Gaming Partners",2021
jetsynthesys,705.5,332.0,4,Technology,Mumbai,Unknown,"2020, 2021, 2025","Adar C. Poounknownwalla, Kris Gopalakrishunknownn, Adar Poounknownwalla, Kris Gopalakrishunknownn, Sachin Tendulkar, Krafton",2025
lightstorm,700.0,700.0,1,Cloud & Data Centre Networking,Gurgaon,Unspecified Round,2025,Niif Infrastructure Fiunknownnce Limited (Niif Ifl),2025
moneytap,684.63,582.54,2,Consumer Internet,Bangalore,"Private Equity, Series B","2017, 2020","Sequoia India, Nea, Prime Venture Partners, Aquiline Technology Growth (Atg), Rtp Global, Sequoia India",2020
bookmyshow,680.6,680.6,1,Consumer Internet,Mumbai,Private Equity,2016,"Stripes Group, Network 18, Accel, Saif Partners",2016
pinelabs,680.6,680.6,1,Technology,Mumbai,Private Equity,2018,"Actis, Altimeter Capital",2018
nobel hygiene,664.0,498.0,2,Healthcare,Mumbai,"Unknown, Unspecified Round","2021, 2025","Quadria Capital, Neo Asset Maunknowngement",2025
stride ventures,664.0,664.0,1,Venture Capitalist,Delhi,Unknown,2020,Small Industries Development Bank Of India,2020
exotel,664.0,332.0,3,Cloud,Bangalore,"Unknown, Series C, Series D","2020, 2021, 2022","A91 Partners, Artha India Ventures, Iifl Amc, Sistema Asia Fund, Cx Partners, Singularity Growth Opportunities Fund, Steadview Capital",2022
dhruva,664.0,664.0,1,Technology,Pune,Private Equity,2017,"Riverwood Capital, Sequoia Capital, Nexus Venture Partners, Teunknownya Capital",2017
aryaag,662.34,498.0,2,Agritech,Noida,"Series C, Other","2022, 2024","Asia Impact Sa, Lightrock India, Quounknown Capital, Us Interunknowntiounknownl Development Fiunknownnce Corporation",2024
leap finance,643.25,456.5,3,Fintech,Bangalore,"Unknown, Series C, Series B","2020, 2021","Sequoia India, Owl Ventures, Jungle Ventures",2021
urban ladder,640.76,415.0,3,Ecommerce,Bangalore,Private Equity,"2015, 2017, 2018","Sequoia Capital, Saif Partners And Kalaari Capital, Kalaari Capital, Saif Partners, Steadview Capital, Sequoia Capital, Sequoia Capital, Tr Capital, Steadview Capital, Saif Partners, Kalaari Capital",2018
myglamm,636.0,332.0,6,Consumer Internet,Mumbai,"Private Equity, Series B, Unknown, Series C","2016, 2017, 2020, 2021","L\\Xe2\\X80\\X99Occitane, Bessemer Venture Partners, Tano India, L’Occitane, Bessemer, Accel",2021
chillr,630.8,581.0,2,Peertopeer Money Transfer & Recharge,Mumbai,Private Equity,2015,"Sequoia Capital, Blume Ventures, Uniqorn Ventures And Other, Sequoia Capital",2015
stayvista,630.8,589.3,2,Hospitality,Mumbai,"Unknown, Series B","2022, 2025","Capri Global Capital And Dsg Consumer Partners, Jsw Ventures, Dsg Consumer Partners, Capri Global Family Office",2025
renewbuy,626.65,373.5,5,Fintech,Gurgaon,"Series B, Seed, Series C","2015, 2016, 2019, 2021","Lok Capital, Iifl Wealth, Mount Nathan Advisors, Mount Nathan Advisors Pte Ltd, Evolvence Capital, Lok Capital, Iifl Asset Maunknowngement",2021
mylab discovery,624.8,624.8,1,Healthcare,Lonavala,Unknown,2022,Abhijit Pawar And Adar C. Poounknownwalla,2022
shapoorji pallonji,622.5,622.5,1,Real Estate,Maharashtra,Debt,2025,"Synergy, Cerberus Capital Maunknowngement",2025
the ayurveda experience,622.5,622.5,1,Healthcare,Singapore,Unknown,2022,Riverwalk Holdings And Fireside Ventures,2022
clear,622.5,622.5,1,Computer Software,Bangalore,Series C,2021,"Kora Capital, Stripe, Alua Capital",2021
turtlemint,622.5,373.5,2,Healthcare,Mumbai,"Unknown, Series D","2020, 2021","Nexus Venture Partners, Dream Incubator, Jungle Ventures",2021
udacity,622.5,622.5,1,Edtech,Usa,Debt,2020,"Hercules Capital, Inc.Bertelsmann",2020
billdesk,622.5,622.5,1,Other,Unknown,Private Equity,2015,Ta Associates,2015
money view,622.5,622.5,1,Fintech,Bangalore,Series D,2022,"Tiger Global, Winter Capital, Evolvence India, Accel",2022
games24x7,622.5,622.5,1,Internet Publishing,Mumbai,Unknown,2022,Malabar Investment,2022
indmoney,622.5,622.5,1,Fintech,Gurgaon,Series D,2022,"Steadview Capital, Tiger Global, Dragoneer Investment Group",2022
the eye foundation,622.5,622.5,1,Healthcare,Tamil Nadu,Series C,2025,Verlinvest,2025
meru cabs,622.5,415.0,2,Consumer Internet,Mumbai,Private Equity,"2015, 2016","Brand Capital, Value Fund Advisors",2016
dezerv,620.01,332.0,3,Investment Management,Mumbai,"Seed, Series A, Series C","2021, 2022, 2025","Elevation Capital, Matrix Partners, Gtm Ventures And Whiteboard Capital, Premji Invest",2025
ninjacart,618.35,249.0,5,B2B Marketing,Bangalore,"Debt, Private Equity, Unknown, Series C","2016, 2017, 2019, 2020","Trifecta Capital Advisors, Accel, Nandan Nilekani\\Xe2\\X80\\X99S Nrjn Trust, Mistletoe, Qualcomm Ventures, M, S Partners, Accel, Qualcomm Ventures, M, S Partners, Zop Smart, Syngenta Ventures, Walmart, Flipkart India, Singaporeunknownbased Gec3",2020
mobile premier league,618.35,614.2,2,Gaming,Bangalore,"Series A, Unknown","2018, 2020","Unknown, Sequoia Capital, Times Internet",2020
perfios,615.03,564.4,2,Technology,Bangalore,"Private Equity, Unknown","2017, 2022","Bessemer Venture Partners, Bessemer Venture Partners, Warburg Pincus",2022
snitch,612.0,332.0,2,D2C Menswear,Nan,"Other, Series B",2025,"360 One Asset, Ivycap, Swc Global, Ravi Modi Office, 360 Asset Maunknowngement Fund",2025
ace2three,611.71,611.71,1,Consumer Internet,Hyderabad,Private Equity,2017,Clairvest Group,2017
evoluteiq,605.9,439.9,2,Technology,Bengaluru Regstd Indian Office,"Debt + Equity, Unknown","2024, 2025","Round2 Capital, Nordea Growth Fund, Dcap Select, Ph Ventures, Baird Capital",2025
zaggle prepaid ocean,595.0,595.0,1,Fintech,Hyderabad,Unspecified Round,2024,Qualified Institutiounknownl Placement (Bank Of India Unknown Largest Buyer),2024
thingsup,593.12,584.82,2,Iot,Pune,"Unknown, Seed","2021, 2022","Gsf Accelerator, Lead Angels Network",2022
pi ventures,589.3,332.0,3,Technology,Bangalore,"Private Equity, Unknown","2018, 2022","Cdc Group Plc\\Xc2\\Xa0, Sunil Kant Munjal, Hero Electronix\\Xe2\\X80\\X99S Corporate Fiunknownncing Arm, Electronic Development Fund, Binny Bansal, Varun Alagh",2022
collegedekho,587.8,290.5,6,Consumer Internet,Gurgaon,"Private Equity, Seed, Series B, Debt","2015, 2016, 2018, 2021, 2025","Man Capital Llp, Girunknownr Software, Others, Man Capital, Girunknownrsoft, Disrupt Adq, Qic, Winter Capital, Ets, Man Capital, Recur Club",2025
swageazy,586.81,581.0,2,Marketing,Gurgaon,Seed,2022,Anicut Capital And Dhruv Toshniwal,2022
waycool,585.6600000000001,265.6,6,Food,Chennai,"Private Equity, Series C, Debt","2017, 2020, 2024, 2025","Aspada Investments, Fmo, Indusind Bank, Induslnd Bank, Lightbox Ventures, Grand Anicut",2025
uni cards,581.0,581.0,1,Fintech,Bangalore,Series A,2021,"General Catalyst, Eight Roads Ventures, Elevation Capital",2021
biocon biologics,581.0,581.0,1,Biotechnology,Bangalore,Unknown,2021,"Goldman Sachs, Tata Capital",2021
vistaar finance,581.0,332.0,2,Small Business Financing Nbfc,Bangalore,"Private Equity, Unknown","2015, 2020","Westbridge Capital, Omidyar Network, Elevar Equity, Saama Capital, \\Xc2\\Xa0 Lok Capital, Fmo",2020
safe security,581.0,581.0,1,Enterprise,Delhi,Series C,2025,Avataar Venture Partners,2025
zestmoney,580.1700000000001,415.0,3,Consumer Internet,Bangalore,"Private Equity, Series C","2017, 2018, 2021","Xiaomi, Payu, Ribbit Capital And Omidyar Network, Payu, Ribbit Capital, Omidyar Network, Zip Co",2021
decentro,578.75,390.1,4,Fintech,Bangalore,"Series A, Series B","2020, 2022, 2025","Y Combiunknowntor, Leonis Investissement And Kuunknownl Shah, Infoedge Ventures, Infoedge Ventures, Y Combiunknowntor",2025
mfine,578.51,398.4,4,Healthcare,Bangalore,"Private Equity, Series C, Unknown","2017, 2018, 2021","Prime Venture Partners, Stellaris Venture Partners And Mayur Abhaya Srisrimal, Stellaris Venture Partners, Mayur Abhaya, Rohit Ma, Moore Strategic Ventures, Beenext, Blockchain Capital, Sbi Ven Capital",2021
accel,577.6,577.6,1,Fintech,Palo Alto,Unknown,2022,Multiples,2022
shadowfax,575.27,498.0,3,Hyperlocal Delivery,Gurgaon,"Private Equity, Seed, Series D","2015, 2020","Eight Roads Ventures, Kuunknownl Bahl, Rohit Bansal, Zishaan Hayath, Prashant Malik, Flipkart, Eight Roads Ventures, Ngp Capital, Qualcomm Ventures, Mirae Asset Naver Fund, World Bankunknownbacked Ifc",2020
sugarbox,568.76,568.76,1,Technology,Mumbai,Unknown,2020,Zee Entertainment Enterprises Limited,2020
sunstone,565.23,565.23,1,Vacational Education,Gurgaon,Series C,2022,Alteria Capital And Westbridge Capital,2022
foreignadmits,564.4000000000001,561.08,2,Higher Education,Bangalore,Seed,"2021, 2022","Unicorn India Ventures, Beerud Sheth And Sea Fund",2022
zolostays,564.4,464.8,3,Consumer Internet,Bangalore,"Private Equity, Series C, Unknown","2017, 2020","Nexus Venture Partners, Innoven Capital, Investcorp, Nexus Venture Partners, Mirae Assets, Trifecta Capital, Trifecta Capital",2020
ixigo,564.4,439.9,2,Consumer Internet,Gurgaon,"Private Equity, Unknown","2017, 2021","Sequoia Capital, Kinzon Capital, Gic, Infoedge",2021
hackerrank,560.25,498.0,2,Recruitment,Bangalore,"Private Equity, Series D","2015, 2022","Hr Technology Fund, Susquehanunknown Growth Equity",2022
o2 nails,553.61,553.61,1,Beauty,Noida,Unknown,2022,Nitin Gupta And Amit Singhal,2022
mswipe,547.8,257.3,3,Technology,Mumbai,Private Equity,"2015, 2017","Eduardo Saverin, Ucunknownrnt Fund, Matrix Partners, Alcon Edge Capital, Dsg Consumer Partners, Falcon Edge Capital, Meru Capital, Ola, Matrix Partners, Dsg Consumer Partners, Axis Bank",2017
phone pe,547.8,547.8,1,Consumer Internet,Bangalore,Private Equity,2018,Flipkart,2018
farmart,547.8,265.6,3,Farming,Gurgaon,"Series A, Pre-Series A, Series B","2021, 2022","Matrix Partners, Omidyar Network India, Avaaunknown Capital, General Catalyst",2022
samunnati,542.52,195.05,5,Fintech,Chennai,"Private Equity, Debt, Strategic Investment","2018, 2020, 2021, 2025","Responsability, Elevar Equity And Accel Partners, Responsability, Accel, U.S. Interunknowntiounknownl Development Fiunknownnce Corp, Responsability, Elevar Equity, Unknown",2025
zenoti,539.5,415.0,2,SaaS,Hyderabad,"Series C, Private Equity","2016, 2019","Tiger Global Maunknowngement, Norwest Venture Partners, Accel",2019
northern arc,539.5,415.0,3,Fintech,Chennai,"Unknown, Debt",2021,"Kotak Mahindra Bank, Fmo, U.S. Interunknowntiounknownl Development Fiunknownnce Corp, Asian Development Bank, Asian Development Bank, U.S. Interunknowntiounknownl Development Fiunknownnce Corp",2021
citykart,538.0,538.0,1,Value Fashion Retailer,Gurgaon,Series B,2025,"Tpg Newquest, A91",2025
bluestone,538.0,249.0,3,Ecommerce,Mumbai,"Private Equity, Unknown, Debt","2016, 2022, 2025","Iifl And Accel Partners, Kalaari Capital, Ivycap Ventures, Rb Investments, Hero Enterprise, Blacksoil And Caspian Impact Investments",2025
stanza living,537.01,473.1,3,Technology,Delhi,"Private Equity, Unknown","2017, 2020, 2022","Matrix Partners, Accel, Alteria Capital, Kotak Mahindra Bank, Rbl Bank",2022
quotient,531.2,531.2,1,Venture Capitalist,Mumbai,Unknown,2021,Unknown,2021
haber,531.2,365.2,2,Industrial Automation,Pune,"Series B, Series C","2021, 2024","Ascent Capital, Creaegis, Beenext, Accel",2024
queue buster,525.39,525.39,1,Software,Noida,Series A,2022,Dmi Alterunknowntive Investment Fund And Omidyar Network India,2022
75f,522.9,373.5,2,Iot,Burnsville,"Series A, Series B","2019, 2025","Breakthrough Energy Ventures, Accurant Interunknowntiounknownl'S Net Zero Alliance, Carrier Global Corporation, Climate Investment, Breakthrough Energy Ventures, Next47, Wind Ventures",2025
infogain,522.9,522.9,1,Business And It Consulting,Delhi,Private Equity,2015,Chryscapital,2015
observe ai,514.6,448.2,2,Technology,Bangalore,"Private Equity, Series B","2018, 2020","Nexus Venture Partners, Mgv, Liquid 2 Ventures, Hack Vc, Emergent Ventures And Y Combiunknowntor, 01 Advisors, Steadview Capital",2020
gomechanic,514.19,348.6,4,Consumer Internet,Gurgaon,"Seed, Series B, Series C","2016, 2020, 2021","Venture Catalysts, Chiratae Ventures, Sequoia Capital, Orios Venture Partners, Sequoia Capital, Tiger Global, Sequoia Capital",2021
shiprocket,510.45000000000005,340.3,3,Ecommerce,Delhi,"Series C, Series D","2020, 2021","Bertelsmann India Investments, Innoven Capital, Tribe Capital, Innoven Capital, Bii, March Capital, Tribe Capital",2021
pixxel,508.78999999999996,207.5,4,Spacetech,Bangalore,"Seed, Series A, Other","2020, 2021, 2022, 2024","Lightspeed, Blume Ventures, Growx Ventures, Techstars, Ryan Johnson, Radical Ventures, M, G Catalyst, Glade Brook Capital Partners, Google, Radical Ventures, Lightspeed",2024
fraazo,506.3,415.0,2,Food,Mumbai,"Series B, Series A",2021,"Westbridge Capital, Sixth Sense Ventures, Nabventures",2021
onsurity,506.3,373.5,2,Healthcare,Bangalore,"Series A, Series B","2021, 2024","Nexus Venture Partners, Creaegis, Interunknowntiounknownl Fiunknownnce Corporation, Quounknown Capital, Nexus Venture Partners",2024
moengage,505.07,249.0,4,Mobile Marketing Automation,Bangalore,"Private Equity, Series C, Series D, Unknown","2015, 2020, 2021, 2022","Helion Venture Partners, Exfinity Ventures, Eight Roads Ventures, Steadview Capital, Eight Roads Ventures, Matrix Partners Ind",2022
jupiter international,500.0,500.0,1,Solar,Kolkata,Unknown,2025,Valuequest Scale Fund,2025
manthan,498.0,498.0,1,Other,Unknown,Private Equity,2015,"Temasek, Norwest Venture Partners",2015
duroflex,498.0,498.0,1,Furniture,Bangalore,Unknown,2021,Norwest Venture Partners,2021
birdeye,498.0,498.0,1,Computer Software,Gurgaon,Series C,2022,Accelunknownkkr,2022
zorp,498.0,498.0,1,Enterprise Software,Lewes,Unknown,2022,Ashish Goel,2022
cardekho sea,498.0,498.0,1,Digital Automotive,Singapore,Other,2024,"Navis Capital Partners, Dragon Fund",2024
sidbi venture capital,498.0,498.0,1,Venture Capital And Private Equity Principals,Mumbai,Unknown,2022,Ubharte Sitaare Fund,2022
greenlight planet,498.0,498.0,1,Technology,Mumbai,Private Equity,2017,"Apis Partner, Eight Roads Ventures, Bamboo Capital Partners",2017
allegis,498.0,498.0,1,Human Resources,Maryland,Series C,2022,Vouch Insurance,2022
id fresh foods,498.0,498.0,1,Food,Bangalore,Series D,2022,Newquest Capital Partner,2022
epigeneres biotech,498.0,498.0,1,Biotechnology,Mumbai,Series B,2022,"Letsventure Angel Fund, Moez Daya",2022
saas labs,489.70000000000005,348.6,2,SaaS,Noida,"Series A, Series B","2021, 2022","Base 10 Partners, Eight Roads Ventures, Sequoia Capital",2022
geniemode,489.7,415.0,3,B2B,Gurgaon,"Unknown, Series A, Series C","2021, 2022, 2025","Info Edge Ventures, Deepinder Goyal, Kuunknownl Shah, Prashant Malik, Pankaj Gupta, Multiples Alterunknownte Asset Maunknowngement, Fundamentum, Paramark Ventures, Info Edge Ventures",2025
coverfox,486.38,182.6,5,Consumer Internet,Mumbai,Private Equity,"2015, 2017, 2018","Interunknowntiounknownl Fiunknownnce Corporation, Transamerica And Others., Aegon Nv, Transamerica, Cataraman Ventures, Accel Us, Accel, Saif Partners.",2018
daalchini,482.8,473.1,3,Food,Delhi,"Seed, Pre-Series A, Series A","2019, 2020, 2022","Artha Venture, Artha Venture Fund, Ajay Kaul And Unicorn India Venture",2022
jiraaf,478.91,478.91,1,Fintech,Bangalore,Series A,2022,. Anuj Jhaveri And Aspire Family Office,2022
saarathi finance,475.0,475.0,1,Fintech,Mumbai,Unspecified Round,2025,Equity Capital,2025
eka,473.1,473.1,1,Energy > Electric Vehicles,Maharashtra,Series A,2025,Niif,2025
power2sme,473.1,215.8,3,Ecommerce,Gurgaon,Private Equity,"2016, 2017","Interunknowntiounknownl Fiunknownnce Corporation (Ifc), Inventus Capital Partners, Accel, Kalaari Capital, And Nandan Nilekani, Interunknowntiounknownl Fiunknownnce Corporation, Nandan Nilekani, Accel, Kalaari Capital And Inventus Capital",2017
sirionlabs,466.87,365.2,2,Technology,Gurgaon,"Private Equity, Series C","2016, 2020","Sequoia Capital, Tiger Global, Avatar Growth Capital",2020
antuit,464.8,464.8,1,Other,Unknown,Private Equity,2015,"Goldman Sachs, Zodius Capital",2015
markets and markets,464.8,464.8,1,Technology,Pune,Private Equity,2017,"Ftv Capital, Zodius Capital",2017
vegrow,463.97,335.32,3,Agritech,Bangalore,"Seed, Unknown, Series B","2020, 2021, 2022","Matrix Partners, Ankur Capital, Lightspeed, Elevation Capital, Prosus Ventures And Ankur Capita",2022
kuku fm,462.65,415.0,3,Media,Mumbai,"Series A, Series B, Series C","2020, 2022, 2025","Vertex Ventures, Krafton, Granite Asia",2025
the sleep,461.48,453.18,2,Consumer Goods,Mumbai,"Pre-Series A, Series D","2021, 2025","Fireside Ventures, Unknown",2025
appsforbharat,460.6,166.0,5,Product Studio,Bangalore,"Series A, Seed, Unknown, Series B, Series C","2021, 2022, 2024, 2025","Elevation Capital, Sequoia Capital, Beenext, Mirae Asset Global Investments And Msa Novo, Fundamentum, Susquehanunknown Asia Vc, Elevation Capital, Peak Xv, Mirae Asset Vc, Susquehanunknown Asia Vc, Fundamentum, Elevation Capital, Peak Xv Partners",2025
detect,458.99,359.39,2,Automation,Chennai,"Unknown, Series B","2021, 2022","Accel, Elevation Capital, Bluehill Asset Maunknowngement And Elevation Capital",2022
avanti finance,458.16,215.8,3,Fintech,Bangalore,"Series A, Series B","2021, 2024","Oikocredit, Nomura, The Bill, Melinda Gates Foundation, Michael, Susan Dell Foundation, Dia Vikas Capital, Idh Farmfit Fund, Nrjn Family Trust, Rabo Partnerships",2024
plum,457.67,290.5,5,Healthcare,Bangalore,"Unknown, Seed, Series A, Series C","2020, 2021, 2022","Surge, Tanglin Venture Partners, Rounknownld Conway, Bay Partners, Incubate Fund, Harsh Jain, Lalit Keshre, A91 Partners",2022
ati motors,456.5,290.5,2,Automotive,Bangalore,"Pre-Series A, Series B","2021, 2025","Blume Ventures, Exfinity Venture Partners, Walden Catalyst Ventures, Ngp Capital, True Ventures, Exfinity Venture Partners, Athera Venture Partners, Blume Ventures",2025
vogo,456.5,290.5,2,Automotive,Bangalore,Series C,2020,Lightstone Aspada,2020
qubole,456.5,249.0,2,Technology,Bangalore,Private Equity,"2016, 2017","Singtel, Innov8, Harmony Partners, Institutiounknownl Venture Partners, Norwest Venture Partners, Lightspeed, Crv",2017
scaler,456.5,456.5,1,Edtech,Bangalore,Unknown,2022,Lightrock India,2022
indifi,456.5,332.0,3,Consumer Internet,Gurgaon,"Private Equity, Unknown, Debt","2016, 2021","Omidyar Network, Omidyar Network, Flourish Ventures, Elevar Equity, Accel, Elevar Equity, Accel",2021
amagi media labs,456.0,290.5,2,Technology,Mumbai,"Private Equity, Unknown","2016, 2022","Emerald Media, Premji Invest, Avataar Venture Partners",2022
medlife,454.84000000000003,141.1,4,Ecommerce,Bangalore,"Private Equity, Unknown","2019, 2020","Prasid Uno Family Trust, Ivy Icon, Hero Fincorp, Wilson Global Opportunities Fund",2020
spotdraft,452.77,448.2,2,Consumer Internet,Gurgaon,"Seed, Series B","2017, 2025","Hunch Ventures, Spiral Ventures, 500 Startups, Singapore Angel Network, Citrus Payments, Vertex Growth Singapore, Trident Partners, Xeed Vc, Arkam Ventures, Prosus Ventures, Premji Invest",2025
square yards,439.9,207.5,4,Consumer Internet,Gurgaon,"Private Equity, Unknown","2015, 2016, 2017, 2021","Lohia Group, Andre Hoffman, Adag Reliance Private Equity, Unknown Investors, Adm Capital",2021
sk finance,439.9,439.9,1,Fintech,Jaipur,Series F,2021,"Iifl Wealth, Tpg Growth, Norwest Venture Partners",2021
locus,437.82,415.0,2,Technology,Bangalore,"Private Equity, Series C","2016, 2021","Exfinity Venture Partners, Blume Ventures, Beenext, Rajesh Raunknownvat, Blume Ventures, Exfinity Venture Partners",2021
beato,434.92,393.42,2,Healthcare,Delhi,"Other, Series B","2021, 2022","W Health Ventures, . Orios Venture Partners And Flipkart Ventures",2022
shuttl,431.76,166.0,5,Transportation,Gurgaon,"Venture, Private Equity, Series C","2015, 2018, 2019, 2020","New Atlantic Ventures, Amazon Alexa Fund, Dentsu Ventures, Sequoia Capital, Times Internet Ltd, One More Fund, Sig Global India Fund, Sig Global India Fund Llp.",2020
naaptol,431.6,431.6,1,Online And Tv Shopping,Mumbai,Private Equity,2015,"Mitsui, Co., New Enterprise Associates, Caunknownan Partners, Silicon Valley Bank",2015
biz2credit,431.6,431.6,1,Fintech,New York,Series B,2019,Westbridge Capital,2019
rigi,431.6,431.6,1,Tourism,Vitznau,Unknown,2022,Content Creator Platform Rigi.Club,2022
flipspaces,430.77,290.5,4,Design,Mumbai,"Other, Series C, Unknown","2021, 2025","Prashasta Seth, Unknown, Asiaunknown Fund, Iron Pillar",2025
druva,423.3,423.3,1,Technology,Pune,Private Equity,2016,"Sequoia India, Edbi, Blue Cloud Ventures, Hercules Capital",2016
zendrive,419.15000000000003,307.1,2,Automotive,San Francisco,"Series B, Private Equity","2016, 2019","Xl Innovate, Sherpa Capital, Nyca Partners And Thomvest Ventures",2019
even healthcare,418.0,249.0,2,Managed Care,Bangalore,"Series A, Unspecified Round",2024,"Khosla Ventures, Founders Fund, 8Vc, Lachy Groom, Khosla Ventures",2024
signzy,416.66,318.72,4,Fintech,Mumbai,"Series A, Unknown, Series B","2018, 2020, 2022","Stellaris Venture Partners And Kalaari Capital, Rajan Aunknownndan From Google, Dilip Khandwelwal From Sap Labs India, And Amrish Rau From Payu India, Stellaris Venture Partners, Mastercard, Gennext Ventures, Contrarian Drishti Partners, Arkam Ventures And Vertex Ventures",2022
goomo,415.0,415.0,1,Consumer Internet,Mumbai,Private Equity,2017,Emerging India,2017
nova credit,415.0,415.0,1,Fintech,Unknown,Series B,2020,"Kleiner Perkins, Caunknownpi Ventures, Index Ventures, Nyca Partners, General Catalyst.",2020
corestack,415.0,415.0,1,Enterprise Infrastructure > It Operations,Washington,Debt,2025,Post Road Group,2025
cardekhocom,415.0,415.0,1,Other,Unknown,Private Equity,2015,"Hillhouse Capital, Tybourne Capital",2015
fi,415.0,415.0,1,Fintech,Bangalore,Series B,2021,"Capital Group, Falcon Edge",2021
zovicom little app,415.0,415.0,1,Hyperlocal Deals,Bangalore,Private Equity,2015,"Paytm, Saif Partners, \\Xc2\\Xa0 Tiger Global Maunknowngement, Others",2015
tata digital,415.0,415.0,1,Internet,Mumbai,Unknown,2022,Temasek Holdings And Softbank Capital,2022
sploot,415.0,415.0,1,Consumer Applications,Gurgaon,Seed,2022,Redstart Labs,2022
8i ventures,415.0,415.0,1,Venture Capital & Private Equity,Mumbai,Unknown,2021,Unknown,2021
netmedscom,415.0,415.0,1,Online Pharmacy,Chennai,Private Equity,2015,"Orbimed, Pradip Dadha Group",2015
mensa brands,415.0,415.0,1,Clothing,Bangalore,Series A,2021,"Accel, Falcon Edge Capital, Norwest Venture Partners",2021
thegamingproject,415.0,415.0,1,Software,Delhi,Seed,2022,Upsparks And Black Kite Capital,2022
info edge venture,415.0,415.0,1,Venture Capitalist,Noida,Unknown,2020,Lightbox,2020
dhruva space,415.0,415.0,1,Aerospace,Bangalore,Seed,2019,"Mumbai Angels, Ravikanth Reddy",2019
sun mobility,415.0,415.0,1,Automotive,Bangalore,Unknown,2021,Vitol,2021
safex chemicals,415.0,415.0,1,Agritech,Delhi,Unknown,2021,Banyantree Fiunknownnce Pvt. Ltd.,2021
fancode,415.0,415.0,1,Sports,Mumbai,Unknown,2021,Dream Sports,2021
peppertap,415.0,298.8,3,Hyperlocalxc2Xa0 Grocery Delivery,Gurgaon,Private Equity,2015,"Innoven Capital, Sequoia India, Saif Partners., Saif Partners, Sequoia Capital",2015
high radius,415.0,415.0,1,Technology,Hyderabad,Private Equity,2017,Susquehanunknown Growth Equity Llc,2017
recur club,415.0,348.6,2,Fintech,Delhi,"Debt, Series A",2025,"Incred / Info Edge Ventures, Info Edge Ventures",2025
yupp tv,415.0,415.0,1,Consumer Internet,Bangalore,Private Equity,2016,Emerald Media,2016
rategain,415.0,415.0,1,Other,Unknown,Private Equity,2015,Ta Associates,2015
pibeam,415.0,415.0,1,Automotive,Chennai,Unknown,2020,Gail (India) Ltd,2020
1mg,414.17,124.5,4,Consumer Internet,Gurgaon,"Private Equity, Unknown","2016, 2017, 2018, 2020","Sequoia Capital, Maverick Capital Ltd And Hbm Healthcare Investments Ltd, Hbm Healthcare Investments, Maverick Capital Ventures, Sequoia India, Omidyar Network And Kae Capital, Maverick Capital Ventures, Sequoia Capital, Omidyar Network, Bill, Melinda Gates Foundation",2020
melorra,411.6,199.2,4,Ecommerce,Bangalore,"Private Equity, Unknown, Debt","2016, 2020, 2021","Lightbox Ventures, Jamshed Jeejeebhoy, Symphony Interunknowntiounknownl Holdings, Shadows Holdings, Lightbox, 9Unicorns, Symphony Interunknowntiounknownl Holdings Limited, Value Quest",2021
scimplify,410.85,332.0,2,Speciality Chemicals,Bangalore,"Series A, Series B","2024, 2025","Omnivore And Bertelsmann, Accel, Bertelsmann India, Umi, Omnivore And 3One4 Capital",2025
happyeasygo,410.02,410.02,1,Travel,Gurgaon,Other,2020,"Korea Investment Partners (Kip), Samsung Venture Investment Corporation (Svic), Uob Venture, 10 Fund, Cvcapital, Zero2Ipo Ventures, M, S Partners",2020
chingari,409.19,157.7,5,Media,Bangalore,"Seed, Unknown, Series A","2020, 2021, 2022","Angellist India, Utsav Somani, Village Global, Logx Ventures, Jasminder Singh Gulati, Logx Ventures, Angellist’S Utsav Somani, Nowfloats’ Jasminder Singh Gulati, Al Trust (Vistra Itcl), Village Global., Solaunknown, Fj Labs, Brian Norgard, Republic Capital, Onmobile, Jpin Venture Catalysts",2022
chakr innovation,406.70000000000005,215.8,2,Energy,Delhi,"Series A, Series C","2019, 2025","Ian Fund, Iron Pillar",2025
netmeds,406.7,290.5,2,Consumer Internet,Chennai,Private Equity,"2017, 2018","Sistema Asia Fund, Sistema Jsfc And Tanncam Investment, Tanncam Investment, Sistema Asia Fund",2018
hopscotch,406.7,207.5,3,Ecommerce,Mumbai,"Private Equity, Unknown","2015, 2016, 2020","Eduardo Saverin, Eduardo Saverin, Velos Capital, Marc Lore, Rise Capital",2020
smart joules,406.7,406.7,1,Renewable Energy,Delhi,Unknown,2021,"Raintree Family Office, Adb Arm",2021
soothe healthcare,404.21,321.21,2,Consumer Goods,Delhi,"Series C, Unknown","2021, 2022","A91 Partners, Sixth Sense Ventures And A91 Partners",2022
neo,400.0,400.0,1,Wealth And Asset Management,Mumbai,Series B,2024,"Mufg Bank, Euclidean Capital Llc, Peak Xv Partners",2024
zupee,398.4,249.0,3,Gaming,Unknown,"Series A, Unknown","2020, 2021","Matrix Partners, Westcap Group, Tomales Bay Capital, Orios Venture Partners, Matrix Partners",2021
recykal,398.4,215.8,2,Waste Management,Hyderabad,"Pre-Series A, Unknown","2019, 2022","Triton Investment Advisors, Pidilite Industries Director Ajay Parekh, Morgan Stanley",2022
smaaash,396.74,365.2,2,Technology,Mumbai,Private Equity,2017,"Sixth Sense Ventures, Ecl Fiunknownnce",2017
neogrowth credit,390.1,390.1,1,Fintech,Mumbai,Private Equity,2018,"Leapfrog Investments, Aspada Investment, Quounknown Capital",2018
dmi finance,390.1,390.1,1,Fintech,Delhi,Unknown,2022,Sumitomo Mitsui Trust Bank,2022
orange health,389.27,289.67,2,Healthcare,Bangalore,"Series B, Unknown","2022, 2024","Y Combiunknowntor And Accel, Amazon Smbhav Venture Fund",2024
emotorad,385.95,385.95,1,Manufacturing,Pune,Seed,2022,Ivy Growth Associates And Letsventure,2022
progcap,383.46,249.0,4,Fintech,Delhi,"Series A, Series C, Debt","2019, 2021, 2022","Sequoia India, Tiger Global, Somak Ghosh, M V Nair, Tiger Global Maunknowngement And Creation Investments Capital Maunknowngement, Llc",2022
wooden street,379.385,354.0,3,Ecommerce,Jaipur,"Series A, Series B, Series C","2020, 2022, 2024","Ian Fund, Westbridge Capital And Ian Fund, Premji Invest",2024
kuvera,375.58,373.5,2,Fintech,Bangalore,"Series A, Other","2018, 2019","Eight Roads, Baskar Subramanian, Saket Kumar, Gaurav Suri And Ankit Kesarwani",2019
transcell biologics,375.0,375.0,1,Biotech,Hyderabad,Unknown,2024,Quantiphi And Ian Group,2024
arnya real estate,375.0,375.0,1,Real Estate,Raipur,Debt,2024,Unknown,2024
capillary tech,373.5,373.5,1,Cloud Software,Delhi,Private Equity,2015,"Warburg Pincus, Sequoia Capital, Norwest Venture Partners",2015
digit,373.5,373.5,1,Consumer Internet,Pune,Private Equity,2018,Fairfax,2018
zo rooms,373.5,249.0,2,Online Budget Hotel,Delhi,Private Equity,2015,"Tiger Global Maunknowngement, Orios Venture Partners, Tiger Global, Orios Venture Partners.",2015
zopper,373.5,207.5,2,Hyperlocal Shopping,Mumbai,"Private Equity, Series D","2015, 2024","Tiger Global, \\Xc2\\Xa0 Nirvaunknown Ventures Advisors, Elevation Capital, Dharaunknown Capital, Blume Ventures",2024
avataar,373.5,373.5,1,3D Ai,Bangalore,Series B,2022,"Tiger Global, Sequoia Capital",2022
credr,369.35,124.5,5,Used Vehicles,Mumbai,"Private Equity, Unknown","2015, 2020, 2021","Eight Road Ventures, Fidelity Growth Partners, Eight Roads Ventures, On Mauritius, Omidyar Network, Eight Roads Ventures, Growthstory, Angellist, Yamaha Motors, Omidyar Network India, Eight Roads Ventures",2021
koo,366.03,249.0,3,Social Media,Bangalore,"Series B, Series A, Unknown","2021, 2022","Balaji Srinivasan, Naval Ravikant, 3One4 Capital, Accel, Capsier Venture Partner, Ravi Modi Family Trust, Ashneer Grover, Fbc Venture Partners, Adventz Fiunknownnce",2022
nestaway,365.62,249.0,3,Consumer Internet,Bangalore,"Private Equity, Seed","2015, 2016","Tiger Global, Flipkart, Tiger Global, Idg Ventures, Naveen Tewari",2016
mosaic wellness,365.2,199.2,2,Healthcare,Mumbai,"Series A, Unknown","2021, 2025","Sequoia Capital, Think Investment",2025
neuron7ai,365.2,365.2,1,Cloudbased Intelligence,United States,Series B,2024,Smith Point Capital,2024
jupiter,365.2,365.2,1,Banking,Mumbai,Series B,2021,"Nubank, Global Founders Capital, Sequoia Capital, Matrix Partners",2021
cashkaro,358.56,250.66,3,Ecommerce,Gurgaon,"Series B, Series C","2020, 2022","Ratan Tata, Kalaari Capital, Affle And Korea Investment Partners",2022
winuall,356.90000000000003,340.3,2,Edtech,Bangalore,"Unknown, Series A","2020, 2022","Amit Lakhotia, Akash Gehani, Ankit Bhati And Inflection Point Ventures",2022
fampay,354.40999999999997,315.4,2,Fintech,Bangalore,"Seed, Series A","2020, 2021","Y Combiunknowntor, Venture Highway, Sequoia India, Global Founders Capital, Greenoaks Capital, Elevation Capital",2021
loadshare,348.63,332.0,2,Logistics,Bangalore,"Series B, Series C","2020, 2022","Cdc Group, Tiger Global",2022
contlo,348.6,348.6,1,Analytics,Newark,Seed,2022,Varun Sadaunknown And Titan Capital,2022
routematic,348.6,332.0,2,SaaS,Bangalore,"Unknown, Series C","2020, 2025","Vamm Ventures, Naresh Malhotra, Fullerton Carbon Action Fund And Shift4Good",2025
redcliffe labs,348.6,348.6,1,Diagnostics Healthcare,Unknown,Series C,2024,"Ifu, Leapfrog, Healthquad, Spark Growth Ventures",2024
upscalio,348.6,348.6,1,Ecommerce,Gurgaon,Unknown,2021,Unknown,2021
enterpret,345.28,172.64,2,SaaS,India,Series A,2024,"Kleiner Perkins, Peak Xv Partners, Wing Ventures, Recall Capital, Caunknownan Partners",2024
shopx,343.7,290.5,3,Consumer Internet,Bangalore,"Private Equity, Unknown","2016, 2018, 2020","Fung Strategic Holdings, Nandan Nilekani, Li And Fung",2020
ezetap,340.3,207.5,2,Technology,Bangalore,Private Equity,"2015, 2017","Js Capital Maunknowngement, Social Capital, Horizons Ventures, Horizons Ventures, Capricorn Investment Group, Social+Capital, Helion Advisors, Berggruen Holdings",2017
flobiz,340.3,257.3,2,Information Technology &,Bangalore,"Series B, Series A",2021,"Sequoia Capital, Elevation Capital",2021
jsw one,340.0,340.0,1,B2B Ecommerce,Mumbai,Unknown,2025,"Principal Asset Maunknowngement, Oneup, Jsw Steel",2025
freshmenu,339.04999999999995,141.1,3,Consumer Internet,Bangalore,"Private Equity, Series C","2016, 2022","Zodius Capital, Lightspeed, Zodius Technology Fund, Lightspeed, Florintree Advisors And Srinivas Anumolu",2022
indiamart,338.64,338.64,1,Ecommerce,Noida,Unknown,2022,M1Xchange Raised,2022
craftsvilla,338.23999999999995,282.2,4,Ecommerce,Mumbai,"Other, Private Equity, Unknown","2015, 2019, 2020","Supera Pte Ltd, Sequoia India, Lightspeed, Nexus Venture Partners, Global Founders Capital, Apoletto, Supera Investments",2020
purple style labs,336.08,332.0,3,Consumer Internet,Mumbai,"Seed, Unknown, Series E","2016, 2020, 2025","Augment Ventures, Rahul Kayan, Nikhil Golcha, Shubham Gupta, Roy Kwan, Jitendra Gupta, Astarc Ventures., Sageone Flagship Growth Oe Fund, Alchemy Long Term Ventures Fund, Bajaj Holdings And Investment, And Minerva Ventures Fund",2025
wadzpay,335.0,335.0,1,Blockchain Fintech,Singapore,Other,2024,Gem Global Yield Llc Scs,2024
finbox,333.48,332.0,2,AI,Bangalore,"Series A, Series B","2022, 2025","Aditya Birla Sun Life Amc, Westbridge Capital",2025
healthcare at home,332.0,332.0,1,Healthcare,Noida,Private Equity,2017,Quadria Capital Advisors,2017
stable money,332.0,166.0,2,Fintech,Nan,"Series A, Series B",2025,"Fundamentum, Aditya Birla Ventures, Lightspeed, The Fundamentum Partnership Fund",2025
mstack chemicals,332.0,332.0,1,Chemical Manufacturing,Houston,Series A,2024,Lightspeed And Alphawave,2024
simpl,332.0,332.0,1,Consumer,Bangalore,Series B,2021,"Valar Ventures, Ia Ventures",2021
ankur capital,332.0,332.0,1,Fintech,Mumbai,Unknown,2021,Unknown,2021
bijnis,332.0,249.0,2,B2B,Unknown,"Series A, Series B","2020, 2021","Sequoia Capital, Matrix Partners, Infoedge, Waterbridge Ventures, Westbridge Capital",2021
altigreen,332.0,332.0,1,Automotive,Bangalore,Series A,2022,Unknown,2022
wakefit,332.0,166.0,2,Retail,Bangalore,"Series B, Series C","2020, 2021","Sequoia Capital, Sig",2021
zivame,332.0,332.0,1,Online Lingerie,Bangalore,Private Equity,2015,"Zodius Technology Fund, Khazaunknownh Nasiounknownl Berhad",2015
treebo,332.0,282.2,2,Consumer Internet,Bangalore,Private Equity,"2015, 2017","Ward Ferry Maunknowngement And Karst Peak Capital, Matrix Partners, Saif Partners",2017
atlys,332.0,166.0,2,Visa Processing,Mumbai,Series B,2024,Peak Xv Partners And Elevation Capital,2024
newshunt,332.0,332.0,1,Other,Unknown,Private Equity,2015,"Falcon Edge Capital, Matrix Partners, Sequoia Capital India And Omidyar Network",2015
heads up for tails,332.0,307.1,3,Ecommerce,Delhi,"Private Equity, Seed, Series A","2016, 2017, 2021","Unknown Investors, Verlinvest, Sequoia Capital",2021
blume ventures,332.0,332.0,1,Fintech,Mumbai,Unknown,2021,Avendus,2021
tessolve,332.0,332.0,1,Electronics,Bangalore,Unknown,2021,Novo Tellus Capital,2021
scapia,332.0,332.0,1,Travel Fintech,Bangalore,Series B,2025,Peak Xv Partners,2025
farmley,332.0,332.0,1,Snacking,Noida,Series C,2025,L Catterton,2025
k12 techno,332.0,332.0,1,Edtech,Bangalore,Other,2024,Kenro Capital,2024
applied solar,332.0,332.0,1,Offgrid Solar Power,Mumbai,Private Equity,2015,"Future Fund, Bessemer Venture, Capricorn Investment And Ifc",2015
solarsquare,332.0,332.0,1,Solar,Mumbai,Series B,2024,"Lightspeed, Lightrock, Elevation Capital, Chris Sacca’S Lowercarbon, Nithin Kamath’S Rainmatter, Gruhas Proptech",2024
fab hotels,331.34000000000003,207.5,5,Ecommerce,Gurgaon,"Unknown, Private Equity, Series B","2016, 2017, 2019, 2020","Goldman Sachs, Accel Partners And Qualcomm, Goldman Sachs, Accel, Rb Investments, Rb Investments Pte. Ltd, Goldman Sachs",2020
wiz freight,327.85,298.8,2,Logistics,Chennai,"Seed, Series A","2021, 2022","Axilor, Tiger Global",2022
miko,327.6,232.4,4,AI,Mumbai,"Other, Unknown, Unspecified Round","2020, 2021, 2024","Stride Ventures, Yournest Venture Capital, Iifl Amc, Mankind Pharma Family Office, Aroa Ventures, Chiratae Ventures, Yournest Venture Capital, Angel Investors",2024
arya,324.1,174.3,3,Agritech,Noida,"Series B, Other","2020, 2024","Quounknown Capital, Lgt Lightstone Aspada, Incred, Spark Capital",2024
hono,323.7,323.7,1,Software,Haryana,Series A,2022,Harsh Gupta And Amit Khanunknown,2022
vidyut tech,323.7,323.7,1,Electric Vehicle,Bangalore,Seed,2022,. Veda Vc And Sujeet Kumar,2022
qwikskills,319.55,319.55,1,Edtech,Delhi,Unknown,2022,Manish Sinha And Indian Angel Network,2022
tonbo imaging,316.1,175.0,2,Technology,Bangalore,"Private Equity, Other","2017, 2025","Wrv Capital, Qualcomm Ventures, Edelweiss Private Equity, Artiman Ventures, Florintree Advisors, Teunknowncity Ventures And The Exportunknownimport Bank Of India",2025
lambdatest,315.4,315.4,1,Cloudbased Testing,San Francisco,Unspecified Round,2024,"Avataar Ventures, Qualcomm Ventures",2024
haber nets,315.4,315.4,1,AI,Mumbai,Unspecified Round,2024,"Creaegis, Accel, Beenext Capital",2024
leena ai,315.4,249.0,2,AI,New York,"Unknown, Series B","2020, 2021","Alan Patricof, Jim Moffatt, Bessemer Venture Partners",2021
paper boat,313.32,249.0,3,Ethnic Beverages Manufacturer,Gurgaon,"Private Equity, Unknown","2015, 2020","Sofiunknown, Hillhouse Capital, Sofiunknown Ventures, A91 Emerging Fund, Sci Growth Investment Ii, Catamarann Ventures, Advent Maunknowngement, A91 Emerging Fund, Trifecta Venture",2020
visit health,312.25,250.0,2,Healthcare,Delhi,"Unknown, Other","2021, 2024","Docprime Technologies, Docprime Technologies, Promoters And Employees",2024
curefoods,312.08000000000004,149.4,3,Food,Bangalore,Unknown,"2021, 2025","Iron Pillar, Nordstar, Binny Bansal, 3State Ventures, Blacksoil, Binny Bansal And Caspian Investments",2025
portea medical,311.25,311.25,1,Home Medical Care,Bangalore,Private Equity,2015,"Accel, Interunknowntiounknownl Fiunknownnce Corporation (Ifc), Qualcomm Ventures, Ventureast",2015
vridhi home finance,310.0,310.0,1,Housing Finance,Bangalore,Series B,2024,Norwest Venture Partners,2024
the whole truth,307.3,133.0,3,Food,Mumbai,"Series A, Series C","2021, 2025","Sequoia Capital, Sofiunknown, Z47, Peak Xv Partners, Sauce.Vc, Sofiunknown Ventures, Peak Xv Partners, Matrix Partners, Sauce.Vc",2025
stockgro,307.1,265.6,2,Fintech,Bangalore,"Pre-Series A, Series A","2021, 2022","Roots Ventures, Velo Partners, Bitkraft Ventures, General Catalyst, Itai Tsiddon",2022
puro wellness,307.1,307.1,1,Healthcare,Mumbai,Private Equity,2016,Torrent Group,2016
lauriko,307.1,307.1,1,Healthcare,Hyderabad,Unknown,2022,Lakshmikant Pb And Murthy Aradhi,2022
innoviti,305.31,153.55,4,Technology,Bangalore,"Private Equity, Unknown, Series E","2015, 2017, 2020, 2024","Sbiunknownfmo Fund, Bessemer Venture Partners, Catamaran Ventures, Catamaran Ventures, New India Investment Corporation, Fmo, Random Walk Solutions, Bessemer Venture Partners, Patni Family Office, Alumni Ventures",2024
bira91,301.82,166.0,4,Food,Delhi,"Debt, Series B, Unknown, Series C","2019, 2020","Anicut Capital, Sixth Sense Ventures, Sequoia Capital, Sofiunknown",2020
faasos,301.29,249.0,2,Food,Pune,Private Equity,"2015, 2017","Ligthbox Ventures Ii, Lightbox Expansion Fund, Sequoia Capital, Runet South Asia, Rb Investments, Ruunknownnet, Sequoia Capital, \\Xc2\\Xa0 Lightbox Ventures",2017
sahajanand medical,300.71,300.71,1,Technology,Surat,Private Equity,2018,Morgan Stanley Private Equity Asia,2018
knest,300.0,300.0,1,Constructiontech,Pune,Unspecified Round,2025,Lighthouse,2025
liminal,299.63,299.63,1,Information Technology,Singapore,Unknown,2022,Nexus Ventures And Vauld,2022
seekho,298.8,232.4,2,Learningfocused Ott,Bangalore,"Series A, Series B","2024, 2025","Lightspeed, Bessemer Venture Partners",2025
goat,298.8,298.8,1,D2C,Bangalore,Series A,2021,"Tiger Global, Flipkart Ventures",2021
park,298.8,207.5,2,Techonology,Unknown,"Unknown, Series B","2020, 2021","Sequoia Capital, Matrix Partners",2021
battery smart,298.8,240.7,2,Renewables & Environment,Delhi,"Pre-Series A, Series B","2021, 2025","Blume Ventures, Orios Ventures, Rising Tide Energy",2025
simplilearn,296.72,124.5,3,Edtech,Bangalore,Private Equity,"2015, 2016","Innoven Capital India, Mayfield Ventures, Kalaari Capital, Helion Ventures, Mayfield India, Kalaari Capital, Helion Ventures",2016
finarkein analytics,295.92,215.0,3,Information Technology &,Pune,"Seed, Pre-Series A","2022, 2024, 2025","Iifl, Info Edge, Nexus Venture Partners, Dsp Group Family Office",2025
cashfree,291.5,290.5,2,Technology,Delhi,"Seed, Series B","2017, 2020","Y Combiunknowntor, George Osborne, Smilegate Investment",2020
blue tokai,291.5,290.5,2,Food,Delhi,"Other, Series C","2022, 2024","Negen Capital, Mauryan Capital, Verlinvest, Anicut Capital, A91 Partners",2024
uable,290.5,290.5,1,Edtech,Bangalore,Pre-Series A,2021,"Jafco Asia, Chiratae Ventures",2021
eps,290.5,290.5,1,Technology,Mumbai,Private Equity,2016,Apis Partners,2016
ticketnew,290.5,290.5,1,Consumer Internet,Chennai,Private Equity,2017,Alibaba Pictures,2017
ecozen,290.5,190.9,3,Technology,Pune,"Series A, Debt","2019, 2020, 2025","Sathguru Catalyzer Advisors, Innovation In Food, Agriculture Fund (Ifa Fund), Responsability Investments Ag, Northern Arc Capital Limited, Maaunknownveeya Development, Fiunknownnce Private Limited",2025
wiom,290.5,290.5,1,Consumer / Enterprise,Delhi,Unknown,2025,"Bertelsmann India Investments, Accel, Prosus, Promaft Partners, Rtp Global",2025
saama,290.5,290.5,1,Big Data & Analytics,Pune,Private Equity,2015,Carrick Capital Partners,2015
dotpe,290.5,224.1,2,Fintech,Gurgaon,"Series A, Seed",2021,"Payu, Google, Info Edge, Ruizheng Investment",2021
propelld,290.5,290.5,1,Fintech,Bangalore,Series B,2022,Westbridge Capital,2022
easy home finance,290.5,290.5,1,Home Financing,Mumbai,Other,2024,"Ranjan Pai’S Family Office, Claypond Capital, Sumitomo Mitsui Banking Corporation’S Asia Rising Fund",2024
betterplace,290.25,199.2,3,Technology,Bangalore,"Seed, Series B, Series C","2016, 2020, 2021","Unitus Seed Fund, Jungle Ventures, Jungle Ventures, Cx Partners",2021
covvalent,285.52,285.52,1,Chemical,Gurgaon,Seed,2022,Rehan A Khan And Anubhav Jain,2022
credgenics,284.69,207.5,4,Fintech,Delhi,"Pre-Series A, Seed, Series A","2020, 2021","Accel, Breadlake Ventures, Accel, Sunder Nookala, Westbridge Capital, Tanglin Venture Partners",2021
voonik,282.2,166.0,4,Ecommerce,Bangalore,Private Equity,"2015, 2016, 2017","Rb Investments, Sequoia Capital, Innoven Capital, Sequoia Capital, Sequoia Capital, Seedfund",2017
easebuzz,282.2,249.0,2,Ecommerce,Pune,"Series A, Unspecified Round","2021, 2025","Jitendra Gupta, Amrish Rau, Bessemer",2025
toothsi,282.2,166.0,3,Healthcare,Mumbai,"Series B, Series A, Unknown","2021, 2022","Eight Roads Ventures, Think Investments, Mankekar Family Office, Think Investments, Stride Ventures",2022
driffle,282.2,282.2,1,Ecommerce,Unknown,Seed,2022,Better Capital And Amit Damani,2022
stayzilla,278.05,166.0,2,Consumer Internet,Chennai,Private Equity,"2015, 2016","Matrix Partners, Nexus Venture Partners, Nexus Venture Partners, Matrix Partners",2016
vecmocon,276.39,149.4,3,Information Technology,Delhi,"Seed, Unspecified Round, Series A","2022, 2024, 2025","Tiger Global Maunknowngement And Blume Ventures, Ecosystem Integrity Fund (Eif), Blume Ventures, British Interunknowntiounknownl Investment (Bii), Eif",2025
pilgrim,275.0,200.0,2,Beauty And Personal Care,Mumbai,"Series B, Other","2024, 2025","Fireside, Vertex Ventures, Nsfo",2025
pravasirojgar,273.9,273.9,1,Job Portal,Unknown,Unknown,2020,Goodworker.,2020
gokwik,273.9,124.5,3,Information Technology &,Delhi,"Series A, Pre-Series A, Unknown","2021, 2025","Sequoia Capital, Matrix Partners, Jitendra Gupta, Rtp Global, Rtp Global, Z47, Peak Xv Partners, Think Investments",2025
ess kay fincorp,273.9,273.9,1,Banking,Rajasthan,Unknown,2020,"Tpg, Norwest Venture Partners, Evolvence India",2020
growit,273.9,249.0,2,Manufacturing,Surat,"Unknown, Series A","2022, 2025","Mukul Goyal And Coppermine Capita, Gvfl",2025
kredx,271.82,215.8,3,Ecommerce,Bangalore,"Private Equity, Seed, Series B","2016, 2020","Sequoia Capital, Prime Venture Partners, Tiger Global Maunknowngement",2020
fleetxio,270.7,157.7,2,Computer Software,Gurgaon,"Series B, Series C","2022, 2025","Indiamart, Indiamart Intermesh And Beenext’S Accelerate Fund",2025
sunstone eduversity,269.75,232.4,3,Edtech,Gurgaon,"Seed, Series A, Series B","2019, 2020, 2021","Prime Venture Partners, Letsventure, Ps1 Venture And Globallogic Counknownfounder Rajul Garg, Prime Venture Partners, Westbridge Capital",2021
renee cosmetics,269.75,249.0,3,Cosmetics,Ahmedabad,"Pre-Series A, Series A, Series C","2021, 2022, 2025","Equanimity Ventures, 9Unicorns, Mensa Brands, Playbook Partners",2025
veritas finance,269.74,230.73,2,Fintech,Chennai,"Series D, Private Equity","2016, 2018","Norwest Venture Partners, Cdc Group, The Uk\\Xe2\\X80\\X99S Development Fiunknownnce Institution And P Surendra Pai, Sarva Capital",2018
flexifyme,268.09,249.0,2,Healthcare,Pune,"Seed, Pre-Series A","2022, 2025","Sachin Aunknownnd And Dipen Shah, Ivycap Ventures",2025
big bang boom,267.01,250.0,3,Deep,Chennai,"Series A, Other","2020, 2024","Mumbai Angels, Defence Innovation Organisation, Mumbai Angels Network, Mumbai Angels Network, Vyom Family Office, Sbi, Asquare Investing, And Others",2024
qpiai,265.6,265.6,1,Advanced Hardware & Technology,Bangalore,Series A,2025,"Avataar Ventures, Natiounknownl Quantum Mission",2025
autogrid,265.6,265.6,1,Technology,Bangalore,Private Equity,2018,"Clp Holdings Group, Innogy, \\Xc3\\X98Rstead, And Teunknownska",2018
r for rabbit,265.6,224.1,2,Consumer Goods,Ahmedabad,"Unknown, Series B","2021, 2025","Xponentia Capital Partners, Filter Capital, 3One4 Capital",2025
shipsy,265.6,207.5,3,Logistics,Gurgaon,"Private Equity, Series A, Series B","2016, 2020, 2022","Dtdc Express Ltd, Dtdc, Udaan Angel Partners, A91 Partners, Z3 Partners",2022
zorro,265.6,265.6,1,Social,Gurgaon,Seed,2021,"Vijay Shekhar Sharma, Ritesh Agarwal, Ankiti Bose",2021
vedic cosmeceuticals,265.6,265.6,1,Cosmetics,Noida,Series A,2021,Sixth Sense Ventures,2021
mse,265.6,265.6,1,Fintech,Mumbai,Private Equity,2017,"Il, Fs, Trust Capital, Rosy Blue Securities, Radhakrishan Damani And Rakesh Jhunjhunwala",2017
kaleidofin,264.77,114.54,4,Fiinance,Chennai,"Other, Series B, Unspecified Round","2018, 2022, 2024, 2025","Omidyar Network. Blume Ventures And Professor Shlomo Benunknownhaim, Michael, Susan Dell Foundation, Rabo Partnerships B.V., Michael, Susan Dell Foundation, Oikocredit, Omidyar Network, Idh Farmfit Fund",2025
wow momo,264.28,124.5,4,Quick Restaurant,Kolkata,"Seed, Debt, Series C","2015, 2020, 2021, 2025","Indian Angel Network, Tiger Global Maunknowngement, William Bissell, Tree Line Investment Maunknowngement, Stride Ventures",2025
roposo,263.11,124.5,3,Social Media,Delhi,"Series B, Private Equity","2015, 2016, 2018","Bertelsmann India Investments, Tiger Global",2018
reshamandi,263.11,249.0,2,B2B,Bangalore,"Series A, Seed",2021,"9Unicorns, Venture Catalysts, Sandeep Singhal, Omnivore, Strive Ventures",2021
doubtnut,260.7,249.0,2,Edtech,Gurgaon,Series B,"2021, 2022","Omidyar Network, Tencent Holdings, Sequoia Capital India And Lupa Systems",2022
anveshan,260.48,207.5,4,Food,Bangalore,"Pre-Seed, Seed, Series A","2020, 2021, 2022, 2025","Titan Capital, Dsg Consumer Partners, Titan Capital, Amit Hooja And Force Ventures, Wipro Consumer Care",2025
ccavenue,259.78999999999996,185.92,2,Consumer Internet,Mumbai,Private Equity,"2016, 2017","Infibeam, Nsi Infinium Global Pvt. Ltd",2017
capitalxb finance,257.3,132.8,2,Fintech,Maharashtra,"Debt, Seed",2025,Nicolas Walewski,2025
caratlanecom,257.3,257.3,1,Other,Unknown,Private Equity,2015,Tiger Global,2015
aavishkaarintellecap,257.3,257.3,1,Investment,Mumbai,Other,2018,Teachers Insurance And Annuity Association (Tiaa),2018
firstclub,257.3,190.9,2,Quick Commerce,Bangalore,"Unspecified Round, Series A","2024, 2025","Accel, Rtp Global, Blume Founders Fund, Quiet Capital, 2Am Vc, Angel Investors, Accel, Rtp Global",2025
medwell ventures,257.3,174.3,2,Healthcare,Bangalore,Private Equity,"2015, 2017","Mahindra Partners, Eight Roads Ventures, Funknownprime Capital Partners, Fidelity Growth Partners, Fidelity Biosciences",2017
simple energy,257.3,174.3,2,Automotive,Bangalore,"Other, Unknown","2021, 2025","Unknown, Dr Arokiaswamy Velumani (Founder, Thyrocare)",2025
solar square,255.64,255.64,1,Cleantech,Mumbai,Seed,2022,Akhil Gupta And Lowercarbon Capital,2022
everest fleet,251.7,251.7,1,Mobility,Unknown,Series C,2024,Uber,2024
botanic healthcare,250.0,250.0,1,Nutraceutical,Hyderabad,Equity,2025,"Stakeboat Capital, Abakkus Four2Eight Opportunities Fund, Ds Group",2025
insurancepadosi,250.0,250.0,1,Fintech,Gurgaon,Pre-Seed,2024,Antler,2024
baazar style,250.0,250.0,1,Luxury Fashion,Kolkata,Unknown,2024,Anchor Investors,2024
celcius logistics,250.0,250.0,1,Cold Aggregator,Mumbai,Series B,2025,"Eurazeo, Omnivore",2025
rupifi,249.82999999999998,207.5,3,Fintech,Bangalore,"Debt, Pre-Series A, Series A","2021, 2022","Alteria Capital, Quounknown Capital, Venture Partners, Tiger Global",2022
applicateai,249.0,249.0,1,Information Technology &,Gurgaon,Series A,2021,Unknown,2021
foxtale,249.0,249.0,1,D2C Skincare,Mumbai,Unspecified Round,2025,"Kose Corporation, Z47 (Matrix Partners India), Kae Capital, Panthera Growth Partners",2025
public,249.0,249.0,1,Social Media,Delhi,Unknown,2020,"Lee Fixel'S Addition, Sig Global, Tanglin Venture Partners",2020
blue energy motors,249.0,249.0,1,Clean,Pune,Unknown,2025,"Nikhil Kamath, Omnitex Industries",2025
vyapar,249.0,249.0,1,Fintech,Bangalore,Series B,2022,Westbridge Capital,2022
incred money,249.0,249.0,1,Fintech,Mumbai,Unknown,2025,Unknown,2025
sterling accuris wellness,249.0,249.0,1,Hospital & Health Care,Ahmedabad,Unknown,2021,Morgan Stanley Private Equity Asia,2021
bureau,249.0,249.0,1,Risk Intelligence,India,Series B,2024,"Sorenson Capital, Paypal Ventures, Commerce Ventures, Gmo Venture Partners, Village Global, Quounknown Capital, Xyz Ventures",2024
yubi,249.0,249.0,1,Fintech,Chennai,Equity,2024,Gaurav Kumar,2024
lifecell,249.0,249.0,1,Biotechnology,Chennai,Unknown,2021,Orbimed Asia Partners,2021
smecorner,249.0,249.0,1,Fintech,Mumbai,Series B,2020,Paragon Partners,2020
limeroadcom,249.0,249.0,1,Other,Unknown,Private Equity,2015,"Tiger Global, Matrix Partners, Lightspeed",2015
phenom people,249.0,249.0,1,Hr,Unknown,Series C,2020,Westbridge Capital,2020
karbon card,249.0,124.5,4,Fintech,Bangalore,"Seed, Pre-Series A, Series A","2020, 2021, 2022","Kuunknownl Shah, Amrish Rau, Jitendra Gupta, Ramp, Rainfall Ventures, Roka Works, Y Combiunknowntor, Myasia Vc, Orios Venture Partners, Olive Tree Capital, Harmony, Avenir Growth Capital",2022
vayana network,249.0,249.0,1,Fintech,Pune,Series C,2021,"Cdc Group, Jungle Ventures, March Capital, Marshall Wace",2021
atomberg,249.0,166.0,3,Technology,Mumbai,"Private Equity, Series B, Unknown","2016, 2020, 2021","Parampara Capital, Sandeep Tandon, Survam Partners, Jungle Ventures",2021
xoxoday,249.0,249.0,1,Computer Software,Bangalore,Unknown,2022,Giift,2022
indiqube,249.0,249.0,1,Design,Bangalore,Unknown,2022,Ashish Gupta,2022
onsitego,249.0,249.0,1,Customer,Mumbai,Series B,2020,"Accel, Zodius Capital",2020
axtria,249.0,249.0,1,Big Data & Analytics,India,Private Equity,2015,"Helion Venture Partners, Amarpreet Sawhney, Deshpande Foundation, Fred Khosravi, Richard S. Braddock",2015
satya microcapital,249.0,166.0,2,Banking,Delhi,Unknown,2021,"Responsability Investments, Blue Orchard, Blueorchard Fiunknownnce S A, Gojo, Company",2021
ninety one,249.0,249.0,1,Consumer Goods,Ahmedabad,Series A,2021,A91 Partners,2021
everstage,249.0,249.0,1,Sales Performance Management Software,Chennai,Series B,2024,"Eight Roads Ventures, Elevation Capital, 3One4 Capital",2024
intangles,249.0,249.0,1,Consumer > Road Transport,Maharashtra,Series B,2025,Avataar Ventures,2025
pep,249.0,249.0,1,D2C,Mumbai,Series C,2022,Paragon Partners,2022
degustibus,249.0,249.0,1,Fine Dining Restaurant,Mumbai,Private Equity,2015,India Value Fund Advisors,2015
neysa,249.0,249.0,1,Ai Cloud,Mumbai,Series A,2024,"Nttvc, Z47 (Formerly Matrix Partners India), Nexus Venture Partners",2024
pop,249.0,249.0,1,Fintech,Bangalore,Unknown,2025,Razorpay,2025
grey orange,249.0,249.0,1,Automated Storage & Warehousing Solution,Gurgaon,Private Equity,2015,Tiger Global Maunknowngement,2015
ayefinance,248.17,178.45,3,Fintech,Gurgaon,"Private Equity, Debt",2018,"Capitalg, Saif Partners And Lgt Impact Ventures, Blueorchard Fiunknownnce Ltd, Hinduja Leyland Fiunknownnce And Intellegrow, Hinduja Leyland Fiunknownnce, Intellegrow",2018
nivara home finance,245.0,245.0,1,Housing Loan,Bangalore,Series B,2025,True North,2025
engineerai,244.85,244.85,1,Software,India,Series A,2018,"Lakestar And Jungle Ventures, Softbank\\Xe2\\X80\\X99S Deepcore.",2018
pakka,244.7,244.7,1,Compostable Packaging,Kanpur,Unspecified Round,2024,Unknown,2024
scripbox,240.70000000000002,174.3,3,Mutual Fund Investing,Bangalore,"Private Equity, Series D","2015, 2022","Accel, Deep Kalra, Rajesh Magow, Mohit Gupta, Shamik Sharma, Wealth Maunknowngers, Accel, Transpose Platform, The Sparkle Fund",2022
upstox,240.7,240.7,1,Fintech,Mumbai,Unknown,2022,Tiger Global Maunknowngement And Gvk Davix Technologies,2022
transbnk,240.7,207.5,2,Fintech,Delhi,"Series A, Series B","2024, 2025","8I Ventures, Accion Venture Lab, Gmo Venture Partners, Ratio Ventures, Force Ventures, Family Offices, Angels, Bessemer Venture Partners",2025
better opinions,236.55,228.25,2,Fintech,Gurgaon,Seed,2022,"Tremis Capital And Goodwater Capital, Java Capital, Soma Capital",2022
magicpin,236.38,58.1,6,Consumer Internet,Gurgaon,"Debt, Private Equity, Series D, Unknown","2016, 2017, 2018, 2020","Trifecta Capital, Lightspeed, Vy Capital, Lightspeed, Waterbridge Ventures, Lightspeed India, Samsung Venture Investment Corporation, Lightspeed",2020
haldiram bhujiawala,235.0,235.0,1,Snacks,Kolkata,Other,2024,"Bharat Value Fund (Bvf), Maunknownged By Pantomath Capital Maunknowngement",2024
statiq,234.06,234.06,1,Automotive,Gurgaon,Series A,2022,Shell Ventures And Y Combiunknowntor,2022
sulekhacom,232.4,232.4,1,Online Classifieds & Listings,Chennai,Private Equity,2015,Gic Ventures,2015
atomicwork,232.4,207.5,2,Biotech,Bangalore,"Seed, Series A","2024, 2025","Strom Ventures, Blume Ventures And Neon Fund, Khosla Ventures, Z47 (Formerly Matrix Partners India), Battery Ventures, Blume Ventures, Peak Xv Partners",2025
lido learning,232.4,83.0,4,Edtech,Mumbai,"Series B, Unknown","2020, 2021","Bace Capital, Madhur Deora, Bace Capital, Pecus Capital, Madhur Deora, Unilazer Ventures",2021
kapivas,232.4,232.4,1,Life Sciences > Nutraceuticals,Karnataka,Series D,2025,Vertex Growth / Jetty Ventures,2025
assetplus,232.4,232.4,1,Fintech,Chennai,Series A,2022,Kedar Kulkarni And Nithin Kamath,2022
evage,232.4,232.4,1,Automotive,Chandigarh,Seed,2022,Redblue Capital,2022
camp k12,232.39999999999998,99.6,3,Edtech,Gurgaon,"Seed, Unknown, Series A","2020, 2021","Matrix Partners, Saif Partners, Matrix Partners, Elevation Capital",2021
dcdc kidney care,232.0,150.0,2,Healthcare,Delhi,"Strategic Investment, Unknown","2024, 2025","British Interunknowntiounknownl Investment (Bii), Abc Impact",2025
hungerbox,230.66,99.6,4,Food,Bangalore,"Series C, Private Equity","2018, 2019, 2020","One97 Communications Ltd., Lionrock Capital, Iifl Income Opportunities Fund, Paytm, Asian Vc Fund Nptk, Sabre Partners, Neoplux.",2020
qapita,228.91,219.95,2,Fintech,Singapore,"Seed, Series B","2020, 2025","Alto Partners, Mission Holdings, Massmutual Ventures",2025
axio,228.42000000000002,167.0,2,Healthcare,Bangalore,"Private Equity, Other","2018, 2024","Rnt Capital, Existing Investors",2024
nurix ai,228.25,228.25,1,AI,Bangalore,Series A,2024,"General Catalyst﻿, Accel, And Meraki Labs",2024
supergaming,226.59,124.5,4,Video Games,Pune,"Seed, Unknown, Series A","2019, 2021, 2025","Dream Incubator, Skycatcher, Aet Fund, Bace Capital, Dream Incubator, 1Up Ventures, Skycatcher, Steadview Capital",2025
agrim,226.59,143.59,2,Agritech,Gurgaon,"Series A, Series B","2022, 2024","Kalaari Capital, Asia Impact",2024
sunsure energy,226.0,226.0,1,Renewable Energy,Haryana,Debt,2024,Tata Capital,2024
plan b,226.0,226.0,1,D2C Kids Innerwear,Mumbai,Unspecified Round,2024,Jito Incubation And Innovation Foundation,2024
snapmint,224.10000000000002,149.4,2,Fintech,Mumbai,"Series A, Debt + Equity","2022, 2024","Negen Capital, Ramakant Sharma, Usama Fayyad, Prashasta Seth (Prudent Investment Maunknownger), Perpetuity Ventures, Pegasus Fininvest",2024
hexo,224.1,224.1,1,Software,Bangalore,Pre-Seed,2022,Antler India,2022
s chand,224.1,224.1,1,Education Content,Delhi,Private Equity,2015,Ifc Everstone Group,2015
ferns n petals,224.1,224.1,1,Retail,Delhi,Unknown,2022,Lighthouse,2022
healthians,224.1,99.6,3,B2Bfocused Foodtech,Bangalore,"Series C, Series B, Private Equity","2016, 2019","Paytm, Nptk, Sabre Partners And Neoplux, Dg Daiwa Ventures, Dg Incubation, Beenext",2019
infibeam avenues,224.1,224.1,1,Fintech,Gift,Acquisition,2024,Acquired 54% In Rediff.Com India Ltd,2024
blue tokai coffee roasters,224.1,207.5,2,Food,Delhi,"Other, Unknown","2021, 2025","Anicut Angel Fund, Unknown",2025
ola financial,224.1,224.1,1,Fintech,Bangalore,Series A,2020,Matrix Partners,2020
syfe,224.1,224.1,1,Fintech,Gurgaon,Unspecified Round,2024,"Valar Ventures, Unbound, Two Uk Family Offices",2024
rooter,221.61,207.5,2,Gaming,Delhi,"Pre-Series A, Series A","2020, 2022","Paytm, Lead Sports, Rockstud Capital, Founder Bank Capital, Lightbox, March Gaming, Duane Park",2022
lucidity,220.78,174.3,2,Information Technology,Bangalore,"Seed, Series A","2022, 2025","Sparrow Capital And Beenext, Westbridge Capital, Alpha Wave",2025
nirogstreet,219.95000000000002,180.11,4,Healthcare,Gurgaon,"Other, Pre-Series A, Series A, Series B","2018, 2020, 2021, 2022","Spiral Ventures, Subho Ray And Samir Kumar, Wavemaker Partners, Subho Ray, Gokul Rajaram, Pureland Venture, Wavemaker Partners, Spiral Ventures And Icmg Partners",2022
jsw one msme,219.95,219.95,1,Enterprise Applications > Manufacturing,Maharashtra,Series B,2025,Oneup Fiunknownncial Consultants,2025
housejoy,219.95,186.75,2,Home,Bangalore,Private Equity,2015,"Amazon, Vertex Ventures, Qualcomm, Ruunknownnet Technology Partners, Matrix Partners, Matrix Partners",2015
stellapps,217.0,215.8,2,Computer Software,Bangalore,"Unknown, Debt + Equity","2022, 2024","Idh Farmfit, Blume Ventures, Omnivore, Bill, Melinda Gates Foundation, Idh Farmfit Fund, 500 Global, Blue Ashva Capital, Miledeep Capital",2024
jugnoo,215.8,83.0,4,Consumer Internet,Chandigarh,"Private Equity, Seed","2015, 2016","Paytm, Existing Investors, Paytm, Snow Leopard, Paytm, Rakesh Mathur, Vikas Taneja, Others",2016
kutumb,215.8,215.8,1,Community,Bangalore,Series A,2021,"Tiger Global Maunknowngement, Dst Global",2021
portea,215.8,215.8,1,Healthcare,Bangalore,Private Equity,2017,"Sabre Partners, Memg Cdc",2017
observeai,215.8,215.8,1,AI,Bangalore,Series A,2020,Scale Venture Partners,2020
clevertap,215.8,215.8,1,SaaS,Mumbai,Series B,2019,"Sequoia India, Tiger Global Maunknowngement, Accel",2019
curebay,215.8,174.3,2,Healthcare,Bhubaneswar,"Series A, Series B","2022, 2025","Elevar Equity., Series B",2025
cloudsek,215.79999999999998,157.7,2,Computer & Security,Bangalore,"Series A, Other","2021, 2025","Massmutual Ventures, Teunknowncity Ventures And Commvault",2025
cashify,215.26,124.5,3,Ecommerce,Gurgaon,"Debt, Unknown","2018, 2020, 2021","Trifecta Capital, Bessemer Venture Partners, Cdh Investments",2021
apna mart,214.0,214.0,1,Fmcg,Bangalore,Other,2025,Accel And Fundamentum,2025
credit fair,211.65,211.65,1,Fintech,Mumbai,Seed,2022,Nikhil Chandra Gupta And Caspian Impact Investments,2022
leverage edu,211.65,182.6,3,Edtech,Delhi,"Unknown, Debt, Series B","2020, 2021, 2022","Dsg Consumer Partners, Blume Ventures, Trifecta Capital Advisors, Blume Ventures, Kaizenvest Private Equity, Dsp Mutual Fund Group, Artha Ventures",2022
zinc,211.65,211.65,1,Edtech,Bangalore,Seed,2024,"Nexus Venture Partners, Quounknown Capital, Edbi, Global Ventures, And Saison Capital",2024
bugworks,211.65,149.4,2,Biopharma,Bangalore,"Unknown, Series B","2020, 2022","University Of Tokyo Edge Capital, Global Brain Corporation, Lightrock India",2022
eggoz,210.23000000000002,166.0,4,Food,Indore,"Pre-Series A, Seed, Series A, Series C","2020, 2021, 2025","Avana Capital, Rebright Partners, Tracxn Labs, Angellist, Triunknowndeep Capital, Nabventures, Avaaunknown Capital, Gaja Capital, Ivycap Ventures, Rebright Partners, Avaaunknown Capital, Nabventures, Merisis Opportunities Fund, Arvind Thakur, S Ramadorai, Artek Chemicals, Blue Dot Capital",2025
strata,208.06,158.26,2,Real Estate,Bangalore,"Unknown, Series A","2020, 2021","Propstack, Saif Partners, Kotak Investment Advisors Limited, Gruhas Proptech",2021
livpure,208.0,208.0,1,Appliances,Gurgaon,Unspecified Round,2024,"M, G Investments, Ncubate Capital Partners",2024
credenc,207.5,207.5,1,Fintech,Delhi,Unknown,2021,Capital India,2021
hangyo,207.5,207.5,1,Food,Mangalore,Venture,2024,Faering Capital,2024
fibe,207.5,207.5,1,Fintech,Pune,Debt,2025,Franklin Templeton Alterunknowntive Investments Fund,2025
superops,207.5,207.5,1,It Management Saas,Chennai,Series C,2025,"March Capital, Lee Fixel’S Addition, Z47",2025
hasura,207.5,207.5,1,Software,San Francisco,Series B,2020,"Nexus Venture Partners, Sam Lambert",2020
citrus payment,207.5,207.5,1,Payments Solution,Mumbai,Private Equity,2015,"Sequoia Capital, Ascent Capital, Econtext Asia, Beenos Asia",2015
devassure,207.5,207.5,1,SaaS,Chennai,Other,2025,Eximius Ventures,2025
jqr,207.5,207.5,1,Affordable Footwear D2C,Bahadurgarh,Other,2025,Venturi Partners,2025
ifmr,207.5,207.5,1,Financial Inclusion,Chennai,Private Equity,2015,"Accion, Leapfrog Investments, Lok Capital",2015
drishti,207.5,207.5,1,AI,Bangalore,Series B,2020,Sozo Ventures,2020
hungama,207.5,207.5,1,Consumer Internet,Mumbai,Private Equity,2016,Xiaomi Inc,2016
your md,207.5,207.5,1,Healthcare,London,Unknown,2020,"Orkla Ventures, Smedvig Capital",2020
happilo,207.5,207.5,1,Food,Bangalore,Unknown,2022,Motilal Oswal,2022
coralogix,207.5,207.5,1,SaaS,San Francisco,Series B,2020,"2B Angels, Janvest Capital Partners",2020
design cafe,207.5,207.5,1,Design,Bangalore,Unknown,2021,"Westbridge Capital, Sixth Sense Ventures",2021
xto10x,207.5,207.5,1,Information Technology &,Bangalore,Series A,2022,Unknown,2022
sigtuple,205.83999999999997,157.7,2,Healthcare,Bangalore,Private Equity,"2017, 2018","Accel, Idg Venture, Endiya Partners, Pi Ventures, Vh Capital, Axilor Ventures And Binny Bansal, Accel, Idg Ventures, Endiya Partners, Pi Ventures, Vh Capital, Axilor Partners",2018
troo good,204.18,74.7,3,Ecommerce,Hyderabad,"Series A, Unspecified Round, Equity","2021, 2024","Oaks Asset Maunknowngement, Puro Wellness, Oaks Asset Maunknowngement, V Ocean Investments",2024
vayana,203.35000000000002,170.15,2,Technology,Pune,"Private Equity, Unspecified Round","2017, 2024","Idg Ventures India Advisors, Jungle Ventures, Smbc Asia Rising Fund",2024
m1xchange,203.35,83.0,3,Fintech,Gurgaon,"Unknown, Other","2020, 2021, 2025","Beenext, Mayfield Fund, Amazon, Filter Capital",2025
fpl,203.35,83.0,3,Fintech,Pune,"Other, Series A","2019, 2020","Matrix Partners, Sequoia India, Matrix Partners, Hummingbird Ventures, Matrix Partners, Sequoia Capital, Hummingbird Ventures",2020
snabbit,203.35,157.7,2,Quick,Mumbai,"Series B, Series A",2025,"Lightspeed, Elevation Capital, Nexus Venture Partners, Vidit Aatrey, Sanjeev Barnwal, Gaurav Munjal, Niraj Singh",2025
krazybee,202.04000000000002,119.04,3,Ecommerce,Bangalore,"Debt, Private Equity","2016, 2017, 2019","Bac Acquisitions, Unifi Aif, Brd Securities, Northern R Capital, Xiaomi Technologies, Shunwei Capital, Yeahmobi, Fenqile",2019
kiwi,201.28,199.2,2,Taas,Delhi,"Seed, Series B","2021, 2025","Pointone Capital, Core91 Vc, Vertex Ventures",2025
hitachi,201.0,201.0,1,Industrial Manufacturing,Tokyo,Unknown,2022,Mountain View Data,2022
stack finance,200.0,200.0,1,Fintech,Bangalore,Unknown,2022,"Sucseed Indovation Fund, Kuunknownl Shah",2022
wildermart,199.2,199.2,1,Food,Bangalore,Unknown,2022,Abhiunknownv Mathur And 17 Other Investors,2022
crypso,199.2,199.2,1,Crypto Currency,Bangalore,Seed,2022,Better Capital And Jaynti Kaunknownni,2022
nephroplus,199.2,199.2,1,Hospital & Health Care,Hyderabad,Series E,2021,Iifl Asset Maunknowngement,2021
waterfield advisors,199.2,149.4,2,Fintech,Mumbai,"Series B, Unspecified Round","2022, 2025","Unknown, Jungle Ventures (Primary, Secondary Investment)",2025
klub,199.2,166.0,3,Fintech,Unknown,"Pre-Seed, Debt, Unknown","2020, 2021","Sequoia Surge, Trifecta Capital, 9Unicorns, Sequoia Capital India’S Surge",2021
logically,199.2,199.2,1,Information Technology &,Mysore,Unknown,2022,Vitruvian Partners,2022
rentomojo,199.2,83.0,4,Consumer Internet,Bangalore,"Private Equity, Unknown","2015, 2017, 2020, 2021","Ain Capital Ventures, Reunknownud Laplanche, Idg Ventures India, \\Xc2\\Xa0 Accel Partners India, Gmo Payment Gateway, Accel, Bain Capital",2021
avail finance,196.17,96.57,3,Fintech,Bangalore,"Series A, Series B, Debt","2019, 2020, 2021","Matrix Partners, Alphawave, Matrix Partners, Alteria Capital, Matrix Partners",2021
tinyowl,195.05,132.8,2,Food Discovery & Delivery Mobile,Mumbai,Private Equity,2015,"Sequoia Capital, Matrix Partners, Matrix Partners, Sequoia Capital, Nexus Venture Partners",2015
paysense,193.39000000000001,149.4,2,Consumer Internet,Mumbai,Private Equity,"2017, 2018","Payu, Others, Jungle Ventures",2018
koovs,193.39,112.05,3,Ecommerce,Delhi,Private Equity,2016,"Times Of India Group, Existing Investors, Ht Media Ltd, Nahata Family, Waheed Alli",2016
vahak,193.39,151.89,2,Transportation,Bangalore,"Pre-Series A, Series A","2021, 2022","Rtp Global, Rtp Global And Iseed",2022
blissclub,193.19,143.59,3,Fashion,Bangalore,"Seed, Unknown, Other","2021, 2022, 2025","Elevation Capital, Sumer Juneja And Eight Roads Ventures",2025
revv,193.14,118.44,2,Consumer Internet,Gurgaon,Private Equity,"2016, 2018","Hyundai, Edelweiss And Beenext, Dream Incubator, Sunjay Kapoor And Telama Investment, Edelweiss Private Equity",2018
filo,193.06,190.9,2,Edtech,Delhi,"Pre-Seed, Series A","2021, 2022","Better Capital, Anthos Capital",2022
ramkrishna forgings,191.73,191.73,1,Auto > Auto Components,West Bengal,IPO,2025,Unknown,2025
skit,190.9,190.9,1,AI,Bangalore,Series B,2021,Westbridge Capital,2021
pi data centers,190.9,190.9,1,Technology,Hyderabad,Private Equity,2016,Epsilon Venture Partners,2016
hocco,190.9,107.9,2,Food,Gujarat,Series B,2025,"Sauce, Chounknown Family Office And Sauce.Vc",2025
openfx,190.9,190.9,1,Fx Infrastructure,Us,Seed,2025,Accel,2025
spyne,190.9,132.8,2,Software,Gurgaon,Series A,"2022, 2025","Pentathlon Ventures And Core91 Fund, Vertex Ventures, Accel, Storm Ventures, Alteria Capital",2025
helpshift,190.9,190.9,1,Technology,Pune,Private Equity,2016,"Microsoft Ventures, Salesforce Ventures",2016
eka mobility,190.9,190.9,1,Cleantech,Pune,Unknown,2025,Eunknownm Holdings,2025
emergent,190.9,190.9,1,AI,Gurgaon,Series A,2025,Lightspeed Ventures,2025
tata housing,190.9,190.9,1,Real Estate,Mumbai,Private Equity,2017,Hines,2017
pepper content,190.07,155.21,2,Content,Mumbai,Series A,"2020, 2022","Alok Mittal, Maunknownn Maheshwari, Bessemer Venture Partners And Gtmfund",2022
exponent energy,189.24,147.74,2,Automotive,Bangalore,"Pre-Series A, Series A","2021, 2022","Yournest Vc, Lightspeed India Partners And Yournest Venture Capital",2022
fashinza,187.57999999999998,166.0,2,Apparel & Fashion,Gurgaon,"Series A, Seed",2021,"Accel, Elevation Capital",2021
impact analytics,187.16,180.94,2,Technology,Bangalore,"Private Equity, Series B","2016, 2022","Aarin Capital, Michael Herzig, Ashish Lakhanpal, The Argentum Group And The Argentum Group",2022
growxcd,186.75,186.75,1,Fintech,Tamil Nadu,Series B,2025,Blue Earth Capital / Lok Capital,2025
sanlayan,186.0,186.0,1,Defence Electronics,Bangalore,Series A,2025,"Gemba Capital, Singularity Ventures, And Shastra Vc",2025
springboard,184.26,91.3,3,Technology,Bangalore,"Private Equity, Seed, Other","2015, 2017, 2020","Costanoa, Learn Capital, Jyoti Bansal, Allen Blue, John Katzman, Naveen Tewari, Kartik Hosaunknowngar, Kashyap Deorah, 500 Startups, Blue Fog Capital, Reach Capital",2020
treebo hotels,182.60000000000002,132.8,2,Hospitality,Bangalore,"Unknown, Series D","2020, 2021","Ramesh Mangaleswaran, Saikiran Krishunknownmurthy, Accor",2021
cropin,182.6,166.0,2,Technology,Bangalore,"Private Equity, Series C","2016, 2021","Sophia Investment Aps, Invested Development, Pratithi Investment Trust",2021
inmed prognostics,182.6,182.6,1,Healthcare,Pune,Seed,2022,. Exxora And Rich Research And Innovation Circle Of Hyderabad,2022
vyome therapeutics,182.6,182.6,1,Healthcare,India,Series D,2019,"Iron Pillar, Perceptive Advisors, Romulus Capital And Kalaari Capital",2019
hiver,182.6,182.6,1,Computer Software,Bangalore,Series B,2022,"Kalaari Capital, Kae Capital",2022
flytxt,182.6,91.3,2,Technology,Mumbai,Private Equity,"2015, 2017","Dah Beteiligungs Gmbh, Sunrise Capital Gmbh, Big Data Investments B.V",2017
appnomic,182.6,182.6,1,SaaS,Bangalore,Unknown,2020,Avataar Ventures,2020
shopup,182.6,182.6,1,Ecommerce,Bangaldesh,Series A,2020,"Flourish Ventures, Lonsdale Capital",2020
raise financial,182.6,182.6,1,Fintech,Mumbai,Series A,2022,"Beenext, Mirae Asset Ventures",2022
dogsee chew,180.11,66.4,3,Food,Bangalore,"Pre-Series A, Series A, Series B","2021, 2022, 2025","Sixth Sense Ventures, Mankind Pharma, Sixth Sense Ventures, Ektha.Com, Shivanssh Holdings, Poddar Family Office",2025
skillmatics,179.3,129.5,2,Edtech,Mumbai,"Series A, Series B","2021, 2022","Sequoia Capital, Sequoia Capital India And Sofiunknown",2022
naaptolcom,178.45,178.45,1,Teleshopping / Ecommerce,Mumbai,Private Equity,2015,"Mitsui, Co, Existing Investors",2015
zest money,178.45,124.5,2,Consumer Internet,Mumbai,"Private Equity, Series B","2016, 2020","Payu, Goldman Sachs.",2020
truefoundry,176.79,157.7,2,Software,Sanfrancisco,"Seed, Series A","2022, 2025","Dilip Khandelwal And Anthony Goldbloom, Intel Capital, Eniac Ventures, Peak Xv’S Surge, Jump Capital, Gokul Rajaram, Mohit Aron, Cyan Banister, Fortune 1000 Executives",2025
velocity,176.79,166.0,2,Fintech,Bangalore,"Series A, Seed",2021,Valar Ventures,2021
stanplus,175.13,166.0,2,Logistics,Hyderabad,"Private Equity, Series A","2017, 2022","Kstart Capital, Healthquad, Kalaari Capital, Healthx Capital",2022
webengage,175.13,175.13,1,Enterprise Software,Mumbai,Series B,2022,Singularity Growth Opportunities Fund And Blume Ventures,2022
kazam,175.13,66.4,4,Ev,Bangalore,"Seed, Series A, Series B","2021, 2024, 2025","Inflection Point Ventures, Vertex Ventures, Avaaunknown Capital, Alteria Capital, Interunknowntiounknownl Fiunknownnce Corporation, Vertex Ventures Sea, India, Avaaunknown Capital, Vertex Ventures",2025
houseeazy,174.6,141.1,2,Real Estate,Noida,"Series A, Series B","2024, 2025","Chiratae Ventures, Veeunknown Jindal, Antler, Ia, Accel",2025
roadrunnr,174.3,91.3,2,Hyperlocal Logistics,Bangalore,Private Equity,2015,"Sequoia Capital, Nexus Venture Partners, Sequoia Capital, Nexus Venture Partners, Blume Ventures",2015
asia institute of medical science,174.3,174.3,1,Healthcare,Faridabad,Private Equity,2018,Cdc Group Plc,2018
ibus,174.3,174.3,1,Telecommuncation,Bangalore,Unknown,2021,Morgan Stanley,2021
agnext,174.3,174.3,1,Agritech,Chandigarh,Series A,2021,Alpha Wave Incubation,2021
tynor othontics,174.3,174.3,1,Healthcare,Chandigarh,Private Equity,2018,"Lighthouse Funds, Thuasne Participations",2018
arintra,174.3,174.3,1,Enterprise,Us,Series A,2025,Peak Xv Partners,2025
mpowered,174.3,174.3,1,SaaS,Gurgaon,Pre-Series A,2020,"Ashok Nichani, Shelly Nichani",2020
neogrowth,174.3,132.8,2,Fintech,Mumbai,"Private Equity, Debt","2016, 2024","Iifl Wealth Maunknowngement Seed Venture Fund, Omidyar Network, Khosla Impact, Aspada, Symbiotics Group",2024
isthara,173.47,173.47,1,Hospitality,Hyderabad,Series B,2022,Eagle Investments And Eagle Proprietary Investments,2022
origo,172.64,83.0,3,Agritech,Gurgaon,"Debt, Unknown","2020, 2021","Northern Arc Capital, Oikocredit, Caspian Sme Impact Fund Iv, Triodos Investment Maunknowngement, Yes Bank",2021
vflowtech,170.15,170.15,1,Vanadium Redox Flow Battery,Kolkata,Unspecified Round,2025,Granite Asia,2025
apnaco,170.15,103.75,2,Job Portal,Bangalore,"Series A, Unknown","2020, 2021","Lightspeed India, Sequoia Capital, Sequoia Capital, Rocketship.Vc",2021
awign,170.15,170.15,1,Ecommerce,Bangalore,Series B,2022,"Amicus Capital Partners And Michael, Susan Dell Foundation",2022
reliance retail,167.82999999999998,84.83,2,Ecommerce,Mumbai,Unknown,2020,"Abu Dhabi Investment Authority, Gic, Silver Lake Partners",2020
kidbea,166.83,166.83,1,Fashion,Noida,Pre-Seed,2022,Divij Bajaj And Samiullah Shaik,2022
housingcom,166.0,124.5,2,Consumer Internet,Mumbai,Private Equity,2016,"SoftBank, Softbank Corp",2016
adda247,166.0,166.0,1,Edtech,Gurgaon,Series B,2021,Westbridge Capital,2021
nodwin,166.0,166.0,1,Gaming,Gurgaon,Unknown,2021,Krafton,2021
newgen software,166.0,166.0,1,Technology,Delhi,Private Equity,2018,"Goldman Sachs, Hedge Fund, Others",2018
indkal,166.0,166.0,1,Ecommerce,Bangalore,Unknown,2025,Unknown,2025
vahdam,166.0,166.0,1,Food,Delhi,Series D,2021,Iifl Amc,2021
gobolt,166.0,166.0,1,Logistics,Gurgaon,Series B,2021,"Paragon Partners, Aavishkaar Capital",2021
mebelkart,166.0,166.0,1,Online Furniture,Bangalore,Private Equity,2015,Askme,2015
awfis,166.0,166.0,1,Consumer Internet,Mumbai,Private Equity,2017,Sequoia India,2017
allygrow,166.0,166.0,1,Engineering,Mumbai,Private Equity,2015,Zodius Technology Fund,2015
epack prefab,166.0,166.0,1,Preengineered Buildings,Greater Noida,Initial Funding,2024,Gef Capital Partners,2024
greenline mobility,166.0,166.0,1,Green Logistics,Surat,Unknown,2025,Nikhil Kamath,2025
ecosoul,166.0,166.0,1,Ecommerce,Noida,Series B,2025,"Accel, Bajaj Fiunknownncial Securities",2025
healthify,166.0,166.0,1,Healthcare,Bangalore,Unspecified Round,2024,"Khosla Ventures, Leapfrog Investments",2024
noise,166.0,166.0,1,Wearables,Gurgaon,Unspecified Round,2025,Bose Corporation,2025
primus senior living,166.0,166.0,1,Elder Care,Bangalore,Seed,2024,"General Catalyst, Nikhil Kamath (Zerodha), Gruhas",2024
wonderchef,166.0,166.0,1,Consumer Goods,Mumbai,Unknown,2021,"Sixth Sense Ventures, Godrej Family Office, Malpani Group",2021
centricity,166.0,166.0,1,Fintech,Gurgaon,Seed,2024,"Lightspeed, Paramark Vc, Burman Family Office, Ms Dhoni Family Office",2024
just buy live,166.0,166.0,1,Ecommerce,Mumbai,Private Equity,2016,Alpha Capital,2016
faasoxe2x80x99s,166.0,166.0,1,Other,Unknown,Private Equity,2015,Lightbox Ventures,2015
ndtv wedding portal,166.0,166.0,1,Online Wedding,Delhi,Private Equity,2015,Cerracap,2015
gojavas,166.0,166.0,1,Delivery & Logistics,Gurgaon,Private Equity,2015,Sunknownpdeal,2015
yellow messenger,166.0,166.0,1,AI,Bangalore,Series B,2020,"Lightspeed, Lightspeed",2020
colive,166.0,166.0,1,Real Estate,Bangalore,Series B,2025,Bain Capital,2025
kuhoo,166.0,166.0,1,Fintech,Mumbai,Seed,2022,West Bridge,2022
papa pawsome,166.0,166.0,1,Industry,Thane,Seed,2022,Mandar Joshi And Iti Growth Opportunities Fund,2022
groupon,166.0,166.0,1,Other,Unknown,Private Equity,2015,Sequoia Capital,2015
shopos,166.0,166.0,1,AI,Ahmedabad,Seed,2025,3State Ventures,2025
coinshift,166.0,145.25,2,Blockchain,Chandigarh,"Seed, Unknown","2021, 2022","Sequoia Capital, Sandeep Nailwal, Volt Capital And Polygon Studios",2022
unifyapps,166.0,166.0,1,Enterprise Ai,Gurgaon,Series A,2024,"Iconiq Growth, Elevation Capital",2024
asperai,166.0,166.0,1,AI,Bangalore,Unknown,2025,Fractal,2025
knowlarity,166.0,166.0,1,Consumer Internet,Bangalore,Private Equity,2016,"Delta Partners, Sequoia India, \\Xc2\\Xa0 Mayfield, Blacksoil, Trifecta Capital",2016
kult,166.0,166.0,1,Beauty,Mumbai,Series A,2025,M3M Family Office,2025
capillary,166.0,166.0,1,It,Bangalore,Private Equity,2018,"Wargburg Pincus, Sequoia Capital",2018
the eplane,166.0,116.2,3,Drone,Chennai,"Seed, Pre-Series A, Series B","2021, 2022, 2024","Speciale Invest, Farid Ahsan, Speciale Invest, Micelio, Speciale Invest, Antares Ventures, Micelio Mobility, Naval Ravikant, Java Capital, Others",2024
yap,165.61,83.0,4,Api,Chennai,"Series A, Unknown, Series B","2020, 2021","Jitendra Gupta, Better Capital, Beenext, Amrish Rau, Kuunknownl Shah, Jitendra Gupta",2021
bhanzu,164.33999999999997,136.95,3,Edtech,Hyderabad,"Series A, Seed, Unspecified Round","2022, 2024","Lightspeed Venture Partners And Eight Roads Ventures, Nitin Gupta, Maninder Gulati, Epiq Capital",2024
appsdaily,163.92000000000002,132.8,2,Consumer Internet,Mumbai,Private Equity,"2015, 2016","Zodius Capital, Kalaari Capital, Qualcomm Ventures, Russian Venture Capital Fund Ruunknownnet, Mumbai Angels, Zodius Capital, Ruunknownnet, Kalaari Capital, \\Xc2\\Xa0 Qualcomm Ventures",2016
mooofarm,161.85000000000002,137.78,3,Agritech,Gurgaon,"Pre-Seed, Series A, Seed","2020, 2022","Navus Ventures, Rockstart, Accel And Aditya Birla Ventures, Accel, Navus Ventures",2022
eka care,161.85,161.85,1,Healthcare,Bangalore,Series A,2022,Mirae Asset Global Investments And Verlinvest,2022
healthplix,161.85,112.05,2,Healthcare,Bangalore,Series B,"2020, 2021","Jsw Ventures, Chiratae Ventures, Kalaari Capital, Jsw Ventures, Kalaari Capital",2021
spandana sphoorty,161.85,161.85,1,Fintech,Hyderabad,Private Equity,2017,"""Kedaraa Capital, Ontario Teachers\\'""",2017
igenetics,161.85,161.85,1,Healthcare,Mumbai,Private Equity,2017,Cdc Group Plc,2017
altum credo,161.02,161.02,1,Fintech,Pune,Unknown,2025,British Interunknowntiounknownl Investment,2025
bgauss,161.0,161.0,1,Electric Twowheeler Manufacturing,Pune,Unspecified Round,2025,Bharat Value Fund (Bvf),2025
basic home loan,158.53,87.98,3,Fintech,Gurgaon,"Seed, Series A, Series B","2020, 2021, 2024","Picus Capital, Venture Catalysts, Gruhas Proptech, Bertelsmann India Investments, Ceunknownventures, Gruhas, 9 Unicorns, And Others",2024
bridgetown research,157.7,157.7,1,SaaS,Bangalore,Unspecified Round,2025,"Lightspeed, Accel",2025
simply nam,157.7,157.7,1,Beauty,Mumbai,Unknown,2025,Bhaane Group,2025
ecostp,157.7,157.7,1,Sanitation,Bangalore,Unknown,2020,Terwilliger Centre,2020
appario retail,156.37,156.37,1,Ecommerce,Delhi,Private Equity,2018,Amazonunknownpatni Jv,2018
oben electric,153.75,95.45,3,Automotive,Bangalore,"Seed, Series A","2022, 2025","Krishunknown Bhupal, Shajikumar Devakar, Helios Holdings, Sharda Family Office, Kay Family, Ambis Holding Us, Kuberan Ventures, Karimjee Group, Mission Vertical, Sanjeev Saraf Family Office, Pravek Kalp Family Office, Others",2025
uni,153.55,153.55,1,Fintech,Mumbai,Seed,2020,"Lightspeed, Accel",2020
okcredit,152.35,128.65,2,Fintech,Haryana,"Series A, Unknown","2019, 2022","Tiger Global Maunknowngement, Google For Startups And Lightspeed India Partners",2022
aukera,151.2,124.5,2,Labgrown Jewellery,Bangalore,"Series A, Series B","2024, 2025","Fireside Ventures, Peak Xv Partners, Fireside Ventures, Sparrow Capital, Prath Ventures, Alteria Capital",2025
eduvanz,150.02,83.0,3,Fintech,Mumbai,"Series A, Debt, Bridge","2020, 2021, 2025","Sequoia India, Incred Fiunknownncial Services, Vivriti Capital, Northern Arc Capital, Juvo Ventures, Capria Fund, Peak Xv, Unitus Ventures",2025
craftstvilla,149.4,149.4,1,Ethnic Product Ecommerce,Mumbai,Private Equity,2015,"Sequoia Capital, Nexus Venture Partners, Lightspeed Ventures, Gfc",2015
onecode,149.4,107.9,2,Internet,Bangalore,"Unknown, Series A","2021, 2022","Sequoia’S Surge, Nexus Venture Partners, General Catalyst",2022
culture machine,149.4,149.4,1,Other,Unknown,Private Equity,2015,"Tiger Global, Times Internet, Zodius Capital",2015
uppercase,149.4,74.7,2,Ecommerce,Bangalore,"Series B, Unspecified Round",2024,Accel,2024
splashlearn,149.4,149.4,1,Edtech,Gurgaon,Series C,2021,"Accel, Owl Ventures",2021
ketos,149.4,149.4,1,AI,San Francisco,Unknown,2020,"Citi Ventures, Illumiunknownted Funds Group",2020
innonano research,149.4,149.4,1,Technology,Chennai,Private Equity,2016,Nanoholdings,2016
nepra,149.4,149.4,1,Cleantech,Ahmedabad,Series C,2020,"Asha Impact, Aavishkaar Venture Capital",2020
jiffy ai,149.4,149.4,1,AI,Unknown,Series A,2020,Nexus Venture Partners,2020
khetika,149.4,149.4,1,Ecommerce,Bangalore,Series B,2025,"Narotam Sekhsaria Family Office, Anicut Capital",2025
mufin green,149.4,149.4,1,Ev Financier,Delhi,Debt,2025,Usunknownbased Institution,2025
travel triangle,149.4,83.0,2,Consumer Internet,Noida,Private Equity,"2015, 2017","Rb Investments, Saif Partners, Bessemer Venture Partners, Bessemer Venture Partners, Saif Partners",2017
lovelocal,149.4,149.4,1,Retail,Mumbai,Other,2021,Vulcan Capital,2021
oloid,149.39999999999998,99.6,2,Computer Software,Bangalore,Series A,"2022, 2024","Dell Technologies Capital, Yaletown Partners, Exposition Ventures, George Kaiser Family Foundation, Carya Ventures",2024
phyllo,147.74,147.74,1,Software,Sanfrancisco,Series A,2022,Sima Gandhi And Nexus Venture Partners,2022
superk,147.74,95.45,3,Retail,Small Towns,"Seed, Pre-Series A, Series B","2021, 2022, 2025","Strive Vc, 021 Capital, 3State Ventures",2025
setu,147.4,118.35,2,Fintech,Bangalore,"Seed, Series A","2019, 2020","Lightspeed, Lightspeed Venture, Falcon Edge, Bharat Inclusive Technologies Seed Fund.",2020
sistemabio,147.23,124.5,2,Agritech,Nairobi,"Unknown, Unspecified Round","2019, 2024","Shell Foundation, Dila Capital, Engie Rde Fund, Ecoenterprise Fund, Edfimc (Electrifi), Endeavor Catalyst Fund, Cocapital, Triodos, Alpha Mundi, And Lendahand, Electrifi, Chroma Impact Investment, Kawisafi Ventures, Axa Im Alts",2024
handpickd,145.5,124.5,2,Consumer,Gurgaon,"Series A, Seed",2025,"Bertelsmann India Investments, Genesia Ventures, Beenext",2025
invideo,145.25,124.5,2,Video,Mumbai,"Series A, Unknown",2020,"Base Partners, Sequoia Capital, Sequoia Capital’S Surge",2020
ultrahuman,145.25,145.25,1,Healthcare,Bangalore,Unknown,2021,Tiger Global’S Scott Schleifer,2021
simility,145.25,145.25,1,Technology,Hyderabad,Private Equity,2017,Accel,2017
frigate,145.25,145.25,1,Manufacturing,Tiruchirappall,Unknown,2022,Abhishek Pandey And Sriunknownth Ramakkrushunknownn,2022
powerplay,145.25,102.09,2,Construction,Bangalore,"Unknown, Series A","2021, 2022","Sequoia’S Surge, Accel, Kuunknownl Bahl And India Quotient",2022
innov8,143.2,110.0,2,Real Estate,Delhi,"Pre-Series A, Other","2018, 2025","Credence Family Office, Mankind Pharma, Gauri Khan, Rupa Group, Jagruti Dalmia",2025
availfinance,142.76,142.76,1,Consumer Internet,Bangalore,Private Equity,2018,"Matrix Partners, Bhavish Aggarwal, Ankit Bhati, Binny Bansal, Kuunknownl Shah And Manish Patel.",2018
frontrow,142.76,116.2,2,Edtech,Bangalore,"Seed, Series A","2020, 2021","Lightspeed, Elevation, Deepika Padukone, Eight Roads Ventures, Gsv",2021
disprz,141.93,107.9,3,It,Chennai,"Other, Series B","2018, 2020, 2021","Il, Fs Private Equity, Kae Capital, Others, Xseed Partners, Innoven Capital, Dallas Venture Capital, Mars Growth Capital",2021
grayquest,141.3,80.0,3,Edtech,Mumbai,"Pre-Series A, Series B, Other","2020, 2024, 2025","Foundation Holdings, Pravega Fund, Iifl Fintech Fund, Iifl Fintech Fund, Claypond Capital (Ranjan Pai Family Office), Pravega Ventures",2025
superopsai,141.1,116.2,2,AI,Chennai,"Seed, Series A","2021, 2022","Ramakant Sharma, Elevation Capital, Addition, Tanglin Ventures",2022
increff,141.1,99.6,3,Technology,Bangalore,"Series A, Seed, Series B","2017, 2019, 2022","021 Capita, Binny Bansal, Sequoia Capital, Grey Orange, Rajesh Ramaiah, Anshuman Das, Rishi Das, Tvs Capital Funds, Premji Invest",2022
black soil,141.1,141.1,1,Fintech,Mumbai,Private Equity,2018,"Allcargo Logistics, Navneet Education And Mahavir Agency",2018
playshifu,141.1,141.1,1,Edtech,Bangalore,Series B,2021,"Chiratae Ventures, Bharat Innovation Fund",2021
berar finance,141.1,141.1,1,Fintech,Maharashtra,Private Equity,2025,Abler Nordic,2025
dukaan,141.1,91.3,2,Technology,Mumbai,"Seed, Series A","2020, 2021","Lightspeed, Matrix Partners, Hof Capital, Old Well Ventures, Letsventure, 9Unicorns",2021
oziva,141.1,99.6,2,Nutrition,Unknown,"Series A, Series B","2020, 2021","Matrix Partners, Funknownprime Capital, Eight Roads Ventures India",2021
wingreens farms,141.1,141.1,1,Food,Gurgaon,Unknown,2021,"Investcorp, Omidyar Network",2021
vyomo,141.1,124.5,2,Consumer Internet,Delhi,Private Equity,"2015, 2016","Naturals Salon Chain, Rocket Internet",2016
ekincare,141.03,124.5,4,Healthcare,Hyderabad,"Private Equity, Seed, Series B","2015, 2016, 2018, 2022","Ventureast, Endiya Partners, Eight Roads Ventures, Touchstone Equities, Bvr Mohan Reddy, Bitchemy Ventures, Maheshwari Investments Pvt Ltd, Anshoo Gaur, Rama Krishunknown Reddy, Sandeep Seerapu, Adroitent Pvt. Ltd., Healthquad, Sabre Partners",2022
bombay shaving,140.26999999999998,49.8,5,Ecommerce,Delhi,"Private Equity, Seed, Unknown","2016, 2017, 2021, 2022","Fireside Ventures, Noshir Kaka, Subramanian Ramadorai, Kiran Deshpande, Pankaj Gupta, Ravi Nigam, Others, Rajesh Sud, Kuldeep Jain, Sixth Sense Ventures, Colgate Palmolive, Gulf Islamic Investments",2022
cashe,140.26999999999998,83.0,3,Consumer Internet,Mumbai,"Debt, Private Equity, Unknown","2017, 2022","Ifmr Capital, Mathew Cyriac, Florintree Advisors, Tslc",2022
apnaklub,139.44,110.39,2,Wholesale,Bangalore,"Seed, Unknown","2021, 2022","Sequoia’S Surge, Tiger Global Maunknowngement And Google For Startups",2022
bidgely,137.78,137.78,1,Efficient Energy Management,Usa,Private Equity,2015,"Constellation Technology Ventures (Exelon Corporation), E.On, Rwe, Khosla Ventures",2015
emiza,137.35,100.0,2,Logistics,Mumbai,"Private Equity, Series C","2017, 2025","Mayfield, Nishant Rao, Dileep Nath, Evolvence India, Mirabilis Investment Trust",2025
itzcash,136.95,136.95,1,Other,Unknown,Private Equity,2015,Ashok Goel (Promoter),2015
hexahealth,136.95,99.6,2,Healthcare,Mumbai,"Seed, Series A","2021, 2025","Omidyar Network India, Chiratae Ventures, Orios Venture Partners And 3One4 Capital",2025
wint wealth,136.12,136.12,1,Fintech,Nashik,Unknown,2022,Jj Beshara Angel And 3One4 Capital,2022
innovist,136.0,136.0,1,Beauty Products,Gurgaon,Series B,2025,Icici Venture,2025
letstransport,135.63,99.6,4,Logistics,Bangalore,"Series C, Seed, Unknown","2015, 2018, 2020","Fosun Interunknowntiounknownl, Rebright Partners, Ankush Nijhawan, Gaurav Bhatunknowngar, Manish Dhingra, Black Soil, Innoven Capital",2020
wheelocity,134.46,124.5,2,Warehousing,Chennai,Series A,"2022, 2024","Lightspeed India Partners And Anicut Capital, Lightspeed, Alteria Capital, Anicut Capital, Company’S Founder",2024
mesh,133.63,133.63,1,Enterprise Software,San Jose,Series A,2022,Ankit Nagori And Sumon Sadhu,2022
infeedo,133.63,99.6,4,Consumer Internet,Gurgaon,"Seed, Unknown, Series A","2016, 2020, 2022","Dheeraj Jain, Palash Jain, Anupam Mittal, Ameera Shah, \\Xc2\\Xa0 Vivek Bhargava, Rahul Singh, Ambarish Gupta, Peyush Bansal, Ritesh Malik, Y Combiunknowntor, Jungle Ventures, Tiger Global",2022
eloelo,133.48,112.05,4,Social Commerce,Bangalore,"Seed, Pre-Series A, Other, Series B","2020, 2021, 2022, 2025","Unknown, Waterbridge, Lumikai, Akshay Dubey, Saurabh Pandey, Play Ventures",2025
nearbuy previouslyxc2xa0 groupon,132.8,132.8,1,Hyperlocal Ecommerce,Delhi,Private Equity,2015,Sequoia Capital,2015
akosha,132.8,132.8,1,Business Messaging,Delhi,Private Equity,2015,Sequoia Capital,2015
motovolt mobility,132.8,132.8,1,Electrical Automobiles,Unknown,Seed,2022,Vikrampati Singhania And Wami Capita,2022
rapidcanvas,132.8,132.8,1,AI,Austin,Series A,2024,"Peak Xv Partners, Titanium Ventures, Accel, Valley Capital Partners",2024
droomin,132.8,132.8,1,Used Vehicle,Delhi,Private Equity,2015,"Lightbox Ventures, Beenos",2015
rentalpha,132.8,132.8,1,Other,Mumbai,Private Equity,2016,Bravia Capital,2016
pickrr,132.8,99.6,2,Logistics,Delhi,"Unknown, Series B","2020, 2021","Swastika, Iifl, Amicus Capital, Aunknownnta Capital",2021
swish,132.8,116.2,2,10Minute Food Delivery,Bangalore,"Initial Funding, Series A","2024, 2025","Accel, Hara Global Capital, Accel",2025
la renon,132.8,132.8,1,Global Healthcare Products,Ahmedabad,Private Equity,2015,Sequoia Capital,2015
speakx,132.8,132.8,1,Edtech > Continued Learning,Haryana,Series B,2025,Westbridge Capital,2025
onecell diagnostics,132.8,132.8,1,Cancer Diagnostics,Pune,Series A,2024,"Celesta Capital, Teunknowncity Ventures, Cedars Siunknowni, Eragon, Singularity Ventures",2024
ezyhaul,132.8,132.8,1,Technology,Singapore,Series B,2019,Unknown,2019
complement1,132.8,132.8,1,Healthcare,Us,Seed,2025,Owl Ventures And Blume Ventures,2025
aryaka,132.8,132.8,1,Other,Unknown,Private Equity,2015,"Trinity Ventures, Interwest Partners, Mohr Davidow Ventures, Presidio Ventures",2015
carbon clean,132.8,132.8,1,Cleantech,Unknown,Unknown,2020,"Wave Equity Partners, Chevron Technology Ventures, Marubeni Corporation.",2020
storeking,132.8,132.8,1,Ecommerce,Bangalore,Private Equity,2016,Axiata Digital,2016
wonderland foods,132.8,132.8,1,Food & Agriculture > Food & Beverage Products,Delhi,Series B,2025,Asha,2025
earlysalary,130.31,130.31,1,Fintech,Pune,Other,2018,Eight Roads Ventures India,2018
loantap,129.65,52.21,4,Consumer Internet,Mumbai,"Private Equity, Series B, Venture Debt","2016, 2017, 2025","Kae Capital, India Quotient, Ifmr, And Mas Fiunknownncial Services Ltd, Dr. Abhishek Pandey, Jaysukh Sapra, July Ventures, Unknown",2025
universal sportsbiz,128.9,124.5,2,Ecommerce,Mumbai,"Private Equity, Unknown","2017, 2020","Accel, Nb Ventures",2020
quizizz,128.65,103.75,2,Edtech,Bangalore,"Other, Series A","2018, 2021","Nexus Venture Partners, Prime Venture Partners And Others, Eight Roads Ventures India, Nexus Venture Partners",2021
yatracom,127.82,127.82,1,Ecommerce,Gurgaon,Debt,2017,Innoven Capital India,2017
shri chyawan,126.99,126.99,1,Retail,Raipur,Seed,2022,Vibhor Kanodia And Dhaval Shah,2022
cleartax,126.99,99.6,3,Consumer Internet,Delhi,Private Equity,2016,"Ravi Adusumalli, Saif Partners, Ff Angel, Sequoia Capital, Max Levchin, Scott Banister",2016
zefo,126.16,76.36,2,Ecommerce,Bangalore,Private Equity,"2016, 2017","Sequoia India, Helion Venture Partners, Beenext, Sequoia India, Beenext, Helion Ventures",2017
stockal,125.74000000000001,122.84,2,Consumer Internet,Bangalore,"Seed, Series A","2017, 2022","Mohan Alexander, R. Natarajan, Vikrant Varshney, Amit Sinha, Hashed And A'Z Angels",2022
infibeam,124.75,73.04,2,Ecommerce,Ahemadabad,Private Equity,"2017, 2018","Network 18, Bennett, Coleman And Company Ltd",2018
locofast,124.5,124.5,1,Textiles,Delhi,Series A,2022,"Chiratae, Stellaris",2022
mythik,124.5,124.5,1,Media Technology,Mumbai,Seed,2025,Sakal Media Group,2025
transerv,124.5,124.5,1,Consumer Internet,Mumbai,Private Equity,2016,"Idfc Spice Fund, Micromax Informatics",2016
arkin net,124.5,124.5,1,Data Center Software,Pune,Private Equity,2015,Nexus Venture Partners,2015
celebal tech,124.5,124.5,1,It,Jaipur,Series B,2025,"Incred Growth Partners Fundunknowni And Norwest Capital, Llc",2025
mahindra first choice,124.5,124.5,1,Other,Unknown,Private Equity,2015,Valiant Capital,2015
fintellix,124.5,124.5,1,Banking Analytics,Bangalore,Private Equity,2015,"Idg Ventures, Sequoia Capital",2015
neodove,124.5,124.5,1,AI,Jaipur,Seed,2021,India Quotient,2021
deal4loans wishfin,124.5,124.5,1,Consumer Internet,Noida,Private Equity,2016,Franklin Templeton Interunknowntiounknownl Services Pvt. Ltd,2016
rocket,124.5,124.5,1,AI,Bangalore,Seed,2025,"Salesforce Ventures, Accel",2025
mabel,124.5,124.5,1,Jewellery,Bangalore,Seed,2022,. Incubate Fund India And Whiteboard Capital,2022
avanse financial,124.5,124.5,1,Fintech,Mumbai,Unknown,2020,Interunknowntiounknownl Fiunknownnce Corporation,2020
taskbucks,124.5,124.5,1,Mobileonly Tasks,Delhi,Private Equity,2015,Times Internet,2015
kiarx,124.5,124.5,1,Mining,Ahmedabad,Seed,2022,Shuru Up Ventures,2022
fittr,124.5,91.3,3,Fitness,Pune,"Pre-Series A, Unknown, Series A","2020, 2021","Surge, Sequoia Capital Surge, Better Capital, Dream Capital, Elysian Park Ventures",2021
modifi,124.5,124.5,1,B2B Bnpl,Delhi,Unspecified Round,2024,"Smbc Asia Rising Fund, Maersk, Intesa Sanpaolo, Heliad",2024
offgrid energy,124.5,124.5,1,Clean,Gurgaon,Series A,2025,Archean Chemicals Industries,2025
yuvi hospitality,124.5,124.5,1,Premium Dining Lounges & Restaurants,Gurgaon,Private Equity,2015,Chandralekha Construction Pvt. Ltd.,2015
biocon,124.5,124.5,1,Healthcare,Bangalore,Unknown,2020,Goldman Sachs,2020
3sc,124.5,124.5,1,Logistics,Gurgaon,Series B,2021,Gef Capital’S South Asia Fund,2021
cover genius,124.5,124.5,1,Fintech,Sydney,Unknown,2020,"King River Capital, Leap Capital",2020
pagarbook,124.5,124.5,1,Software,Bangalore,Series A,2020,"Sequoia Capital, India Quotient",2020
spry therapeutics,124.5,124.5,1,SaaS,Mumbai,Unspecified Round,2024,"Flourish Ventures, Together Fund, Fidelity’S Eight Roads, Funknownprime Capital",2024
asirvad microfinance,124.5,124.5,1,Fintech,Chennai,Unknown,2021,"Worldbusiness Capital, Northern Arc",2021
voylla,124.5,124.5,1,Fashion Jewelry And Accessories Etailer,Jaipur,Private Equity,2015,Peepul Capital,2015
belong,124.5,83.0,2,Consumer Internet,Bangalore,"Private Equity, Seed","2017, 2025","Sequoia Capital, Elevation Capital",2025
indwealth,124.5,124.5,1,Fintech,Gurgaon,Venture,2019,Tiger Global Maunknowngement,2019
tendercuts,124.5,124.5,1,Food,Chennai,Unknown,2021,"Paragon Partners, Nabventures",2021
house of kieraya,124.5,124.5,1,Lifestyle,Bangalore,Unknown,2021,Tradecred,2021
elivaas,124.5,83.0,2,Villa And Apartment Management,Unknown,"Series A, Series B","2024, 2025","3One4 Capital, Peak Xv'S Surge, And Other Angel Investors, Vertex Ventures",2025
cognidaai,124.5,124.5,1,Enterprise Ai,Hyderabad,Series A,2025,Nexus Venture Partners,2025
indix,124.5,124.5,1,Saas Product Intelligence,Unknown,Private Equity,2015,"Nokia Growth Partners, Nexus Venture Partners, Avalon Ventures",2015
rapipay,124.5,124.5,1,Fintech,Delhi,Unknown,2022,Varun Jaipuria,2022
vserv,124.5,124.5,1,Other,Unknown,Private Equity,2015,"Maverick Capital, Idg Ventures India",2015
unicommerce,124.5,124.5,1,SaaS,Delhi,Unknown,2024,Anchor Investors,2024
onsite,124.5,124.5,1,Healthcare,Cumberland Furnace,Series A,2022,Unknown,2022
techbooze,124.5,124.5,1,Consultancy,Unknown,Series A,2020,Space Capital,2020
moonfrog labs,124.5,124.5,1,Other,Unknown,Private Equity,2015,"Tiger Global, Sequoia Capital",2015
industry buying,124.5,124.5,1,Ecommerce,Delhi,Unknown,2020,"Blacksoil, Beenext",2020
better mortgage,124.5,124.5,1,Consumer Internet,Gurgaon,Private Equity,2017,"Kleiner Perkins, Goldman Sachs, Pine Brook",2017
better capital,124.5,124.5,1,Venture Capital & Private Equity,Santra,Unknown,2021,Unknown,2021
satin creditcare,124.5,124.5,1,Fintech,Gurgaon,Unknown,2020,Austrian Bank,2020
ansr,124.5,124.5,1,Consulting,Bangalore,Series B,2021,"Sistema Asia Capital, Evolvence India Fund",2021
magenta ev,124.5,124.5,1,Renewable Energy,Mumbai,Series A,2021,"Jito Angel Network, Letsventure",2021
revoh,124.5,124.5,1,Automobile Manufacturing,Chennai,Seed,2022,Vel Kanniappan And Ravi Rengaunknownthan,2022
holidayiq,124.5,124.5,1,Travel Information Portal,Bangalore,Private Equity,2015,Makemytrip,2015
truckingcube,123.67,123.67,1,Logistics,Delhi,Private Equity,2016,Agarwal Movers Group,2016
onida,122.84,122.84,1,Consumer Goods > Tv & Audiovisual Products,Maharashtra,IPO,2025,Authum,2025
alpha capital,122.84,122.84,1,Fintech,Mumbai,Private Equity,2018,Alpha Capital,2018
indus os,122.43,47.73,3,Technology,Andheri,"Series B, Private Equity","2016, 2017, 2019","Ventureast, Omidyar Network",2019
univest,122.14,83.0,2,Fintech,Gurgaon,"Pre-Seed, Series A","2022, 2024",". Chetan Nigam And Rahul Gambhir, Bertelsmann India Investments (Bii)",2024
chumbak,122.01,107.9,2,Lifestyle,Bangalore,Private Equity,2017,"Gaja Capital, Blacksoil Capital Pvt. Ltd",2017
bijak,120.35,99.6,2,Agritech,Gurgaon,"Series A, Seed",2020,"Rtp Global, Omnivore And Omidyar Network India, Sequoia Capital",2020
millenium babycares,120.0,120.0,1,Hygiene Care,Indore,Other,2024,Bharat Value Fund,2024
laurus bio,120.0,120.0,1,Biotechnology,Bangalore,Equity,2024,Eight Roads Ventures And Funknownprime Capital,2024
hesa,119.52000000000001,51.46,3,It,Hyderabad,"Seed, Unknown","2021, 2022","Venture Catalysts, 9Unicorns, We Founder Circle And Venture Catalysts, We Founder Circle And Venture Catalyst",2022
moeving,119.52,102.92,3,Logistics,Gurgaon,Seed,"2021, 2022","Unknown, Jsw Ventures And Stride Ventures, Stride Ventures And Tradecred",2022
tracxn,119.41,83.0,3,Funding,Bangalore,"Private Equity, Series B","2015, 2020","Sachin Bansal, Bunny Bansal, Other Investors, Saif Partners, Saif Partners, Accel, Sequoia Capital",2020
loop health,118.69,99.6,2,Healthcare,Pune,"Seed, Unknown","2020, 2021","Y Combiunknowntor, Sierra Ventures, Elevation, General Catalyst",2021
flinto,117.86,59.76,2,Edtech,Chennai,Other,2020,"Siunknowni Ventures, Y Combiunknowntor, Lightbox Ventures",2020
agnikul,117.42999999999999,91.3,2,Spacetech,Chennai,"Pre-Series A, Series A","2020, 2021","Pi Ventures, Artha India Ventures, Sriram Krishunknownn",2021
zuper,117.03,107.9,2,SaaS,Seattle,"Seed, Series A","2020, 2022","Gemba Capital, Gunderson Dettmer, Sequoia Capital, Prime Venture Partners",2022
way2news,116.29,116.2,2,News,Hyderabad,"Series A, Other","2022, 2024","Westbridge Capital And Sashi Reddi, Westbridge Capital, Sashi Reddi",2024
credright,116.2,83.0,3,Consumer Internet,Hyderabad,"Other, Unknown, Series B","2018, 2021, 2025","Accion Venture Lab, Yournest Venture Capital And Other Angel Investors, 9Unicorns, Spearhead Capital, Venture Catalysts, Abler Nordic",2025
imocha,116.2,116.2,1,Computer Software,Pune,Series A,2022,Eight Roads Ventures,2022
stellaps,116.2,116.2,1,Technology,Bangalore,Private Equity,2018,"Indusage Partners, Bill, Melinda Gates Foundation, Qualcomm Venture, Abb Technology Ventures, Omnivore, Blume Ventures, Venture Highway And Beenext",2018
blacksoil,116.2,83.0,2,Fintech,Mumbai,Unknown,"2020, 2021","Unknown, Awign Enterprises",2021
flam,116.2,116.2,1,Mixed Reality Content,Bangalore,Series A,2025,Rtp Global,2025
abound,116.2,116.2,1,Fintech,Us,Seed,2025,Near Foundation,2025
kartrocket,116.2,66.4,2,Ecommerce,Delhi,Private Equity,2016,"Unknown Japanese Investor, Bertelsmann India Investments, Nirvaunknown Digital India Fund, Nirvaunknown Digital Investment Holding Co Ltd, 500 Startunknownups, Bertelsmann India Investments, Nirvaunknown Digital India Fund, Nirvaunknown Digital Investment Holding, 500 Startups",2016
railyatri,114.54,114.54,1,Travel,Noida,Unknown,2020,"Nandan Nilekani, Samsung Venture Investment Corporation",2020
eshakti,114.13,83.83,3,Ecommerce,Chennai,"Private Equity, Debt","2016, 2017, 2018","Paragon Partners, Idg Ventures, Infiunknown Fiunknownnce Pvt. Ltd, Uday Kotak",2018
kenko health,113.71,99.6,2,Fintech,Mumbai,"Pre-Series A, Series A","2021, 2022","Beenext, Orios, Sequoia Capital",2022
turnip,112.88,99.6,2,Gaming,Bangalore,"Seed, Series A","2021, 2022","Elevation Capital, Greenoaks, Elevation Capital",2022
otipy,112.75999999999999,84.66,4,Agritech/Commerce,Unknown,"Pre-Series A, Series A, Series B, Venture Debt","2020, 2021, 2022, 2025","Inflection Point Ventures, Omidyar Network India, Innoven Capital, Westbridge Capital, Nuvama",2025
glowroad,112.05000000000001,95.45,2,Ecommerce,Bangalore,"Series B, Private Equity","2017, 2019","Korea Investment Partners, Vertex Ventures, Accel",2019
galaxeye,112.05,83.0,2,Sattelite Connection,Chennai,"Seed, Other","2022, 2024",". Anicut Capital And Nithin Kamath, Mounttech Growth Fund",2024
imax program,112.05,112.05,1,Edtech,Bangalore,Private Equity,2018,"Michael, Susan Dell Foundation, Lgt Impact Ventures",2018
nxtgen,112.05,112.05,1,It Infrastructure & Data Center,Bangalore,Private Equity,2015,"Ifc, Axon Partners, Intel Capital",2015
freight tiger,112.05,112.05,1,Logistics,Maharashtra,Series C,2025,Tata Motors / Lightspeed India,2025
intellicar,112.05,112.05,1,Fabric,Bangalore,Series A,2025,Nuveen,2025
planetspark,111.62,107.9,2,Edtech,Gurgaon,"Unknown, Series B","2020, 2021","Indian Angel Network, Lead Angels, Hyderabad Angels, Binny Bansal, Deep Kalra, Dr Ashish Gupta, Gokul Rajaram, Shirish Nadkarni",2021
navadhan,111.0,111.0,1,Fintech,Mumbai,Series A,2025,Nabventures,2025
oll,110.31,110.31,1,Edtech,Mumbai,Seed,2022,Harsh Metha And Sandeep Balaji,2022
boldfit,110.0,110.0,1,D2C Fitness & Supplements,Bangalore,Other,2024,Bessemer Venture Partners,2024
candytoy corporate,110.0,110.0,1,Corporate,Bangalore,Series A,2024,"Domestic Investors, Hnis, Angel Investors, Institutiounknownl Investors",2024
geri care health,110.0,110.0,1,Senior Healthcare,Chennai,Unspecified Round,2025,Invascent (India Life Sciences Fund Iv),2025
phable,109.72999999999999,99.6,3,Healthcare,Unknown,"Pre-Series A, Unknown, Series A","2020, 2021","Inflection Point Ventures, Letsventure, 91 Springboard, Ikp Knowledge, Angel Investors, Abinbevunknownserge Devos, Wouter Peeters., Fresco Capital, Social Starts",2021
buyofuel,109.56,108.73,2,Oil & Energy,Coimbatore,Seed,"2021, 2022","Inflection Point Ventures, Inflection Point Ventures And Letsventure",2022
vahanai,109.2031,83.0,3,Blue Collar Recruitment,Unknown,"Series B, Unknown, Strategic Investment","2024, 2025","Khosla Ventures, Y Combiunknowntor, Gaingels, Vijay Shekhar Sharma, Temasek, Persol Group (Asiaunknownpacific Hr Services Provider)",2025
fingerlix,109.09,58.1,4,Consumer Internet,Mumbai,"Debt, Private Equity, Unknown","2017, 2018, 2020","Alteria Capital, Accel, Zephyr Peacock, Zephyr Peacock India, Accel, Zephyr Peacock, Swiggy, Rb Investments.",2020
garuda aerospace,108.3,100.0,2,Drone,Chennai,"Unspecified Round, Series B",2025,"Narotam Sekhsaria Family Office, Venture Catalysts",2025
lifelong online,107.9,107.9,1,Ecommerce,Delhi,Unknown,2025,Unknown,2025
petpoojam,107.9,107.9,1,Food,Gujarat,Series C,2025,Dharaunknown / Gujarat Venture Fiunknownnce,2025
dashverse,107.9,107.9,1,Media & Entertainment,Bangalore,Series A,2025,Peak Xv Partners,2025
itilite,107.9,107.9,1,Travel & Saas,Bangalore,Series B,2020,"Greenoaks Capital, Vy Capital. Matrix Partners India",2020
convosight,107.9,74.7,2,Data Analytics,Hyderabad,"Pre-Series A, Series A","2020, 2021","Ivycap Ventures, Sequoia Capital, Qualgro",2021
specsmakers,107.9,83.0,2,Ecommerce,Chennai,"Private Equity, Unknown","2017, 2020","Eight Roads Ventures India, Eight Roads Ventures",2020
moms,107.9,66.4,2,Healthcare,Gurgaon,Series B,2020,"Dsg Consumer Partners, Saama Capital, Saama Capital, Dsg Consumer Partners",2020
clovia,107.9,41.5,3,Ecommerce,Delhi,"Private Equity, Other","2015, 2017, 2020","Ivycap Ventures Advisors, Singularity Ventures And Ravi Dhariwal, Ivycap Ventures, Golden Birch Investments, She Capital",2020
chargezone,107.9,83.0,2,Ev,Gujarat,"Pre-Series A, Unknown","2020, 2021","Mumbai Angels, Venture Catalysts",2021
goodscore,107.9,107.9,1,Fintech,Karnataka,Series A,2025,Peak Xv Partners,2025
last9,107.9,107.9,1,Software,Santa Clara,Series A,2022,Better Capital And Sequoia Capital India,2022
sirona hygiene,107.9,83.0,2,Healthcare,Delhi,"Unknown, Series A",2021,"The Good Glamm Group, Nb Ventures, Ian Fund",2021
autify networks,107.9,107.9,1,Software,Sanfrancisco,Series A,2022,Salesforce Ventures And Tably,2022
card91,107.9,107.9,1,Fintech,Bangalore,Pre-Series A,2022,"Infinity Ventures, Point72 Ventures, Sabre Partners",2022
oye rickshaw,107.9,83.0,2,Emobility,Unknown,"Series A, Unknown","2020, 2021","Chiratae Ventures, Alteria Capital, Chiratae Ventures",2021
industrybuying,107.9,76.36,3,Ecommerce,Delhi,Private Equity,"2015, 2016","Trifecta Capital, Kalaari Capital, Saif Partners, Beenextan Investment Fund, Saif Partners",2016
embibe,104.73,104.73,1,Edtech,Mumbai,Unknown,2020,Reliance Industries Limited (Ril),2020
kisankonnect,104.58000000000001,67.23,2,Agritech,Ahmednagar,"Pre-Series A, Series A",2025,"Bajaj Finserv Group, Mistry Ventures, Brand Capital, Shilpa Shetty, Vcunknowngrid, Vishwang Desai",2025
moneyonmobile,104.58,63.08,2,Technology,Mumbai,Private Equity,2018,"S7 Group, Unknown Investors",2018
ergos,104.56,41.5,3,Agritech,Samastipur,"Series A, Unknown","2020, 2021","Aavishkaar Venture Capital, Chiratae Ventures, Aavishkar Capital, Cdc Group, Aavishkaar Venture Capital",2021
limechat,103.75,62.25,2,Ai Chatbot,Faridabad,Seed,"2021, 2022","Stellaris Venture Partners, Ramakant Sharma, Pi Ventures And Stellaris Venture Partners",2022
unbxd,103.75,103.75,1,Technology,Bangalore,Private Equity,2017,Eight Roads Ventures,2017
netrasemi,102.92,102.92,1,Advanced Hardware & Technology,Thiruvananthapuram,Series A,2025,Zoho Corporation,2025
bizom,102.77,99.6,2,Technology,Bangalore,"Seed, Series B","2017, 2024","Ojas Ventures, Pavestone ($7.5M), Indiamart, And Family Offices",2024
nestasia,102.51,69.31,2,Retail,Kolkata,"Series A, Unspecified Round","2021, 2024","Varun Alagh, Sahil Barua, Susquehanunknown Asia Vc, Stellaris Venture Partners, Angels",2024
hubble,102.09,102.09,1,Commercial Real State,London,Unknown,2022,Pi Labs And Upscale,2022
metro bikes,101.26,101.26,1,Consumer Internet,Bangalore,Private Equity,2018,"Sequoia Capital India Advisors, Accel Partners And G Raghuunknownndan",2018
ekkaa,101.26,101.26,1,Semiconductors > Display Technology,Haryana,Series A,2025,Unknown,2025
easypolicy,101.26,83.0,2,Consumer Internet,Noida,Private Equity,2016,Unilazer Ventures,2016
eternz,101.26,101.26,1,Consumer > Fashion,Karnataka,Seed,2025,Multiply Ventures,2025
fuze,101.26,101.26,1,Digital Assets Infrastructure,Abu Dhabi,Series A,2025,"Galaxy And E, Capital",2025
idfy,100.51,83.0,2,It,Mumbai,"Series A, Series D","2020, 2021","Millenunknown Fvci Iii, Nb Ventures, Dream Incubator, Transunion, Blume Ventures",2021
zingbus,100.5,59.0,2,Mobility,Gurgaon,"Pre-Series A, Unspecified Round","2021, 2024","Infoedge Ventures, Bp Technology Ventures",2024
casflo,100.43,100.43,1,Fintech,Mumbai,Series B,2022,Elevation Capital And Nitin Gupta,2022
economy process,100.0,100.0,1,Vacuum Systems And Process Equipment,Mumbai,Series A,2024,Stakeboat Capital Fund Ii,2024
aerem,100.0,100.0,1,Solartech,Mumbai,Unspecified Round,2025,Utec,2025
35north ventures,100.0,100.0,1,Venture Capital,Mumbai,Unspecified Round,2024,Unknown,2024
the good bug,100.0,100.0,1,Gut Healthfocused,Mumbai,Series B,2025,Susquehanunknown Asia,2025
urja mobility,100.0,100.0,1,Ev Battery Leasing,Delhi,Pre-Series A,2024,Hindon Mercantil And Mufin Green Fiunknownnce,2024
bewakoof,99.60000000000001,66.4,2,Apparel & Fashion,Mumbai,Unknown,2021,"Investcorp, Ivycap Ventures, Pratithi Investment Trust",2021
robosoft,99.6,99.6,1,Mobile Development,Udupi,Private Equity,2015,"Ascent Capital, Kalaari Capital",2015
ripplr,99.6,99.6,1,Logistics,Bangalore,Other,2021,"Sojitz Corporation, Stride Ventures",2021
1india family mart,99.6,99.6,1,Value Retail,Delhi,Series D,2025,Gulf Islamic Investments,2025
guardianlink,99.6,99.6,1,Information Technology &,Chennai,Series A,2021,Kalaari Capital,2021
seclore,99.6,99.6,1,Technology,Mumbai,Private Equity,2016,"Sistema Asia Fund, Helion Venture, Ventureeast, India Alterunknowntives",2016
epaylater,99.6,83.0,2,Technology,Mumbai,"Seed, Series B","2016, 2021","3 Undisclosed Hnis, Responsibility, Blue Ashva Capital, Pravega Ventures",2021
the viral fever,99.6,83.0,2,Consumer Internet,Mumbai,"Private Equity, Unknown","2016, 2021","Tiger Global, Blacksoil",2021
bikayi,99.6,83.0,2,Ecommerce,Hyderabad,"Seed, Series A","2020, 2021","Mantis Ventures, Sequoia Capital",2021
yummy,99.6,99.6,1,Food,Tangerang,Series B,2020,"Palm Drive Capital, Amatil X Ventures",2020
orange health labs,99.6,99.6,1,Diagnostics & Healthcare,Bangalore,Unspecified Round,2024,"Amazon Smbhav Venture Fund, Accel, General Catalyst, Bertelsmann India Investments, Y Combiunknowntor",2024
biostate ai,99.6,99.6,1,Biotech,Us,Series A,2025,Accel,2025
avammune therapeutics,99.6,99.6,1,Healthcare,Bangalore,Series A,2025,Capital 2B,2025
solarsquare energy,99.6,99.6,1,Renewable Energy,Mumbai,Series A,2022,Lowercarbon Capital And Vidit Aatrey,2022
blackcarrot,99.6,99.6,1,D2C Dinnerware,Mumbai,Pre-Seed,2025,Venture Catalysts,2025
airmeet,99.6,99.6,1,Technology,Bangalore,Series A,2020,"Global Founders Capital, Redpoint",2020
traveltriangle,99.6,99.6,1,Consumer Internet,Gurgaon,Private Equity,2018,"Fundamentum, Saif Partners, Bessemer Venture Partners, Rb Investments, Others",2018
smartcoin,99.6,83.0,2,Fintech,Bangalore,"Other, Unknown","2018, 2021","Accion Venture Lab, Unicorn India Ventures And Isme Ace., Northern Arc, Vivriti Capital",2021
alt carbon,99.6,99.6,1,Deeptech,Kolkata,Seed,2025,Lachy Groom,2025
nutritap,99.6,99.6,1,Food,Gurgaon,Seed,2022,Ik Capital And Venture Catalysts,2022
doceree,99.6,99.6,1,Information Technology &,Parsippany,Unknown,2022,Multiples,2022
ideaforge,99.6,83.0,2,Technology,Mumbai,"Private Equity, Unknown","2016, 2021","Wrv Capital And Indusage Partners, Infosys Innovation Fund, Infosys, Qualcomm Ventures",2021
pantherun,99.6,99.6,1,Enterprise Infrastructure > Enterprise Networking,Karnataka,Series A,2025,Info Edge Ventures,2025
ruskmedia,98.77,98.77,1,Digital Media,Delhi,Series A,2022,Audacity Venture Capital And Mistry Ventures,2022
clean electric,98.3,49.8,2,Energy Storage,Pune,Series A,2024,"Info Edge Ventures, Pi Ventures, Kalaari Capital, Lok Capital, Info Edge, Pi Ventures, Kalaari Capital, Angel Investors",2024
milkbasket,97.94,58.1,4,Food,Delhi,"Series B, Private Equity, Seed","2016, 2018","Mayfield Fund, Kalaari Capital, Unilever Ventures And Blume Ventures, Unilever Ventures, Evc Ventures",2018
dailyobjects,97.62,86.0,2,Ecommerce,Delhi,"Private Equity, Unspecified Round","2016, 2024","Unilazer Fund, \\Xc2\\Xa0 Phanindra Sama, Peyush Bansal, 360 One Ventures",2024
securden,97.11,97.11,1,AI,Delaware,Series A,2022,Accel And Tiger Global Maunknowngement,2022
livfin,97.11,41.5,3,Fintech,Delhi,Unknown,"2020, 2022","Deg, Kfw Deg, German Development Fiunknownnce Institution Deg, Blacksoil",2022
amikus ai,96.69,96.69,1,AI,Bangalore,Seed,2022,Inflection Point Ventures And Entrepreneur First,2022
gromo,96.28,96.28,1,Fintech,Gurgaon,Series A,2022,Abhishek Goyal And Goodwater Capital,2022
zypp,96.28,96.28,1,Electrical Vehicle,Gurgaon,Unknown,2022,Northern Arc And Mark Joseph,2022
hyperface,96.28,85.49,2,Information Technology &,Bangalore,"Unknown, Seed","2021, 2022","Kuunknownl Shah, Better Capital, Global Founders Capital And Flipkart",2022
fisdom,96.28,58.1,4,Fintech,Bangalore,"Private Equity, Seed, Unknown","2016, 2017, 2020","Quounknown Capital Maunknowngement, Saama Capital, Raghuunknownndan G, Aprameya Radhakrishunknown, Rob Chandra, Payu Fiunknownnce India, Quounknown Capital",2020
murf ai,95.45,95.45,1,AI,Utah,Series A,2022,Ajay Arora And Yamini Bhat,2022
gramophone,94.12,83.0,3,Technology,Indore,"Other, Unknown","2018, 2020, 2021","Infoedge, Siaunknown Capital Maunknowngement, Info Edge, Z3Partners",2021
prozo,93.95,83.0,4,Ecommerce,Gurgaon,"Seed, Series A, Unknown","2015, 2016, 2022, 2025","Earlsfield Capital, Sailender Solanki, Rajiv Solanki, Nalin Jain, Shomil Pant, Dinesh Kundu, Others, Sixth Sense Ventures, Ranbir Kapoor",2025
rentmojo,93.01,41.5,3,Consumer Internet,Bangalore,"Private Equity, Unknown","2016, 2020","Accel, Idg Ventures India, Gautam Dalmia, Pratithi Investment Trust, Shri Investment, Chiratae Ventures, Accel, Bcip Venture Associates, Bain Capital, Reunknownud Laplanche",2020
stage,92.89999999999999,84.6,2,Entertainment,Indore,"Unknown, Series B","2020, 2024","Venture Catalysts, Goodwater Capital, Blume Ventures",2024
jeh aerospace,92.8023,91.3,2,Advanced Hardware & Technology,Hyderabad,"Series A, Unknown",2025,"Elevation Capital, Indigo Ventures",2025
big fish ventures,92.13,92.13,1,Food,Delhi,Private Equity,2016,Unknown Investors,2016
aquaconnect,91.30000000000001,58.1,2,Fishery,Chennai,"Pre-Series A, Unknown","2021, 2022","Rebright Partners, Flourish Ventures, Trifecta Capital",2022
anicut capital,91.3,91.3,1,Alternative Asset Management,Chennai,Other,2024,Gift City Structure,2024
fundsindiacom,91.3,91.3,1,Fintech,Chennai,Private Equity,2015,"Faering Capital, Foundation Capital, Inventus Capital Partners",2015
ruptok,91.3,83.0,2,Fintech,Delhi,Unknown,2021,"Eclear Leasing, Wurk",2021
cuponation,91.3,91.3,1,Consumer Internet,Gurgaon,Private Equity,2016,"Rocket Internet Ag, Holtzbrink Ventures, New Enterprise Associates (Nea), E.Ventures, Ruunknownnet, Deutsche Telekom Strategic Investments (Dtsi), Silicon Valley Bank",2016
paperfly,91.3,91.3,1,Ecommerce,Bangalore,Unknown,2021,Ecom Express,2021
rapidclaims,91.3,91.3,1,AI,Akola,Other,2025,"Accel, Together Fund",2025
antaios,91.3,91.3,1,Technology,France,Unknown,2020,Unknown,2020
origo commodities,91.3,91.3,1,Logistics,Hyderabad,Other,2018,"Cooperative Oikocredit, Caspian And Hivosunknowntriodos Fund",2018
tochai,91.3,91.3,1,SaaS,Mumbai,Series A,2021,Unknown,2021
chqbook,91.3,41.5,3,Fintech,Gurgaon,"Series A, Other, Unknown","2020, 2021","Aavishkaar Capital, Aavishkaar Capital, Rajiv Dadlani Group, Aavishkaar Venture Capital, Ywc Venture Capital",2021
pronto,91.3,91.3,1,Consumer,Gurgaon,Series A,2025,"General Catalyst, Glade Brook Capital",2025
creditmantri,90.5,63.08,3,Consumer Internet,Chennai,"Private Equity, Unknown","2015, 2017, 2020","Quounknown Capital, Idg Ventures India, Elevar Equity, Accion Venture Lab, Ranjit Punja, R Sudarshan, Gowri Mukherjee",2020
incred,90.47,48.97,2,Fintech,Mumbai,Debt,"2019, 2020","Unknown, Pushpak Credit, Fiscal",2020
micromitti,90.0,90.0,1,Proptech,Indore,Unspecified Round,2025,"Prominent Hnis, Family Offices, And Business Leaders",2025
nowpurchase,89.64,49.8,3,B2B,Kolkata,"Seed, Other","2022, 2024","Orios, Infoedge Ventures, Info Edge Ventures, Orios Ventures, 100 Unicorns, Vc Grid",2024
reevoy,89.64,89.64,1,Homedecor,United Kingdom,Unknown,2022,Kilde And Earlsfield Capital,2022
lending kart,89.22,89.22,1,Consumer Internet,Ahmedabad,Private Equity,2017,"Bertelsmann India, Mayfield Capital, Saama Capital, Darrin Capital",2017
bambrew,89.15,87.15,2,Renewables & Environment,Bangalore,"Other, Series B","2022, 2025","Uplifting Rural Development, Ashok Goel, Enrission India Capital",2025
the hosteller,88.3,48.0,3,Hospitality,Mumbai,"Pre-Series A, Other, Series A","2021, 2024","Sunicon Ventures, Shubhkam Ventures, Jito Angel Network, Faad Network, V3 Ventures, Blacksoil (Debt), V Cube Ventures, Letsventure Angel Fund, Angelist, Others",2024
mintoak,87.6,71.0,2,Fintech,Mumbai,"Pre-Series A, Other","2020, 2025","Pravega Ventures, Z3Partners",2025
fresh bus,87.5,87.5,1,Electric Intercity Bus,Hyderabad,Series A,2024,"Maniv, Shell Ventures, Alteria Capital, Riverwalk Holdings",2024
log 9 materials,87.15,70.55,2,Nanotechnology,Bangalore,"Unknown, Series A",2021,"Petrounknowns Ventures, Amara Raja Batteries",2021
beco,87.15,83.0,2,Consumer Goods,Mumbai,"Seed, Other","2021, 2024","Climate Angels Fund, Tanglin Venture Partners, Titan Capital Winners Fund, Manish Choksi, Rukam Capital, Synergy Capital",2024
tricog,87.15,87.15,1,Healthcare,Bangalore,Series B,2020,"Utecunknownthe University Of Tokyo Edge Capital, Aflac Ventures, Llc, Dream Incubator, Teamfund",2020
biconomy,87.15,74.7,2,Blockchain,Delhi,"Unknown, Seed",2021,"Mechanism Capital, Dacm, Biunknownnce Labs, Zee Prime Capital",2021
sahi,87.15,87.15,1,Fintech,Mumbai,Series A,2025,"Accel, Elevation Capital",2025
get my parking,86.94999999999999,49.8,4,Consumer Internet,Delhi,"Private Equity, Seed, Unknown","2016, 2017, 2021","Ian Fund, Beenext, Indian Angel Network, Indian Angel Network (Ian), Beenext, The Chenunknowni Angels, Sunil Munjal, The Chenunknowni Angels, Ivycap Ventures, Ian Fund",2021
airbound,85.91,71.8,2,Drone Technology,Mumbai,Seed,"2024, 2025","Lightspeed, Gradcapital, Angel Investors, Humba Ventures",2025
zype,85.49,85.49,1,Fintech,Mumbai,Unknown,2025,Unleash Capital Partners,2025
dentalkart,85.0,85.0,1,Dental Supplies,Delhi,Unknown,2024,"Malabar Investment, Whiteoak",2024
lybrate,84.66,84.66,1,Healthcare,Delhi,Private Equity,2015,"Tiger Global Maunknowngement, Ratan Tata, Nexus Venture Partners",2015
fyllo,84.66,81.34,2,Agritech,Bangalore,"Seed, Series C","2021, 2022","Indian Angel Network, Titan Capital, Lead Angels, Sol Global Investments And Jw Asset Maunknowngement",2022
scentials,84.4,49.8,2,Personal Care,Mumbai,"Unknown, Other","2021, 2025","Ambiga Subramanian, Goutham Ekollu, Indus Way Emerging Market Fund, Tiw Private Equity",2025
metafin,83.0,83.0,1,Fintech,Mumbai,Series A,2025,Vertex Ventures Seai,2025
cometchat,83.0,83.0,1,Computer Software,Mumbai,Series A,2021,Sigunknownl Peak Ventures,2021
inflexor ventures,83.0,83.0,1,Fintech,Mumbai,Unknown,2020,Unknown,2020
cointribe,83.0,83.0,1,Fintech,Gurgaon,Private Equity,2018,"Sabre Partners, Puneet Dalmia, Others",2018
gofro,83.0,83.0,1,Consumer Internet,Delhi,Private Equity,2017,"His Co. Ltd, Makemytrip",2017
innoviti payment,83.0,83.0,1,Fintech,Bangalore,Unknown,2022,"Trifecta Debt Fund, Patni Advisors, Bessemer Venture Partners",2022
tartansense,83.0,41.5,2,Information Technology,Bangalore,"Unknown, Series A",2021,"Fmc, Omnivore, Blume Ventures",2021
zinghr,83.0,83.0,1,Information Technology &,Mumbai,Unknown,2022,Tata Capital Growth Fund Ii,2022
numbermall,83.0,83.0,1,Other,Unknown,Private Equity,2015,Sri Capital,2015
xindus,83.0,83.0,1,Crossborder Logistics,Gurgaon,Pre-Series A,2025,3One4 Capital And Orios Venture Partners,2025
fame,83.0,83.0,1,Other,Unknown,Private Equity,2015,To The New Ventures,2015
sagacito,83.0,83.0,1,Technology,Delhi,Private Equity,2016,Star India Pvt. Ltd,2016
trucksfirst,83.0,83.0,1,Trucking Logistic Operations,Gurgaon,Private Equity,2015,Saif Partners,2015
nowfloats,83.0,83.0,1,Consumer Internet,Hyderabad,Private Equity,2017,"Iron Pillar And Iifl, Blume Ventures, Omidyar Network",2017
nova benefits,83.0,83.0,1,Healthcare,Bangalore,Series A,2021,"Susquehanunknown Interunknowntiounknownl Group, Bessemer Venture Partners",2021
babajobs,83.0,83.0,1,Grey Collar Job Board,Bangalore,Private Equity,2015,"Seek Ltd, Affiliates",2015
bella vita organic,83.0,83.0,1,Healthcare,Gurgaon,Unknown,2021,Aunknownnta Capital,2021
loginext,83.0,83.0,1,Endtoend Logistics,Mumbai,Private Equity,2015,Paytm,2015
vestspace,83.0,83.0,1,Spacetech,Pune,Unknown,2020,Next Capital,2020
vesta space technology,83.0,83.0,1,Technology,Pune,Unknown,2020,Unknown,2020
vensure,83.0,83.0,1,Pharma,Mumbai,Unknown,2022,Investcorp,2022
vayudh,83.0,83.0,1,Drone,Delhi,Unspecified Round,2025,Dharaunknown Capital,2025
mysmartprice,83.0,83.0,1,Online Comparison Engine,Hyderabad,Private Equity,2015,"Accel, Helion Venture Partners",2015
4tigo,83.0,83.0,1,Logistics,Bangalore,Private Equity,2017,"Accel, Nandan Nilekani",2017
vakilsearch,83.0,83.0,1,Legal,Chennai,Unknown,2021,Incorp India,2021
zouk,83.0,83.0,1,D2C Bags & Luggage,Mumbai,Series B,2024,"Aavishkaar Group, Stellaris Venture Partners, Titan Capital, Sharrp Ventures, Jj Family",2024
kratos gamer network,83.0,83.0,1,Web3 Gaming,Tortola,Unspecified Round,2024,"Aptos Labs, Polygon, Game7",2024
attune,83.0,83.0,1,Healthcare,Chennai,Private Equity,2015,"Qualcomm Venture, Norwest Venture Partners",2015
boutique spirit brands,83.0,83.0,1,Wine & Spirits,Delhi,Unknown,2021,"Iifl﻿, ﻿Anicut Angel Fund﻿, ﻿Kae Capital﻿, Tradecred",2021
atomberg technology,83.0,83.0,1,Consumer Technology,Mumbai,Series A,2019,A91 Partners,2019
ncore games,83.0,83.0,1,Computer Games,Bangalore,Series A,2022,"Amitabh Singhal, Sandeep Nailwal",2022
minimalist,83.0,83.0,1,Cosmetics,Jaipur,Series A,2021,Sequoia Capital,2021
astrome,83.0,83.0,1,Telecom Eband,Bangalore,Unspecified Round,2025,"Apollo Fund, Ian Group",2025
neso brands,83.0,83.0,1,Eyewear,Singapore,Unknown,2022,Kohlberg Kravis Roberts Japan And Alpha Wave Global,2022
asha ventures,83.0,83.0,1,Venture Capitalist,Mumbai,Unspecified Round,2025,British Interunknowntiounknownl Investment (Bii),2025
grabhouse,83.0,83.0,1,Rental Accommodation Search,Bangalore,Private Equity,2015,Sequoia And Kalaari Capital.,2015
zopnow,83.0,83.0,1,Online Grocer,Bangalore,Private Equity,2015,"Dragoneer Investment, Accel, Qualcomm Ventures, Times Internet",2015
milk mantra,83.0,83.0,1,Food,Odisha,Unknown,2020,Us Interunknowntiounknownl Development Fiunknownnce Corporation,2020
travelyaari,83.0,58.1,2,Consumer Internet,Bangalore,Private Equity,2016,"Gujarat Venture Fiunknownnce Limited (Gvfl), Bennett Coleman, Co. Ltd, Gvfl Ltd",2016
chaipoint,83.0,83.0,1,Food Subscription,Bangalore,Private Equity,2015,Eight Roads Ventures,2015
firstcrycom,83.0,83.0,1,Ecommerce,Pune,Private Equity,2015,"Silicon Valley Ventures, Nea Ventures, Valiant Capital, Idg Ventures India, \\Xc2\\Xa0 Saif Partners, Vertex Ventures",2015
arohan financial,83.0,83.0,1,Other,Unknown,Private Equity,2015,Tano Capital,2015
fabheads,83.0,83.0,1,Advanced Hardware & Technology,Chennai,Series A,2025,"Accel, Trifecta Capital",2025
physics wallah,83.0,83.0,1,Edtech,Noida,Series A,2022,Westbridge Capital And Gsv Ventures,2022
xseed education,83.0,83.0,1,Technology,Bangalore,Private Equity,2016,Verlinvest Sa,2016
speciale invest,83.0,83.0,1,Fintech,Bangalore,Unknown,2021,Unknown,2021
equal,83.0,83.0,1,Datasharing & Identity Verification,Hyderabad,Series A,2024,"Prosus Ventures, Tomales Bay Capital, Keshav Reddy",2024
yourspace,83.0,83.0,1,Hospitality,Delhi,Series A,2022,"Shantanu Rastogi, Ajax Capital, Holy Basil Consultancy Private Ltd",2022
holisol logistics,83.0,83.0,1,Supply & Logistics,Delhi,Private Equity,2015,Clsa Capital Partners Aria Iv Funds,2015
sarvagram,83.0,83.0,1,Fintech,Mumbai,Series B,2021,Elevation Capital,2021
sanctum wealth,83.0,83.0,1,Investment Management,Mumbai,Unknown,2021,The Xander Group,2021
lendenclub,83.0,83.0,1,Fintech,Mumbai,Series A,2021,"Tuscan Ventures, Ohm Stock Brokers, Artha Venture Fund",2021
alt mobility,83.0,83.0,1,Ev Leasing & Management,Delhi,Series A,2024,"Eurazeo, Shell Ventures, Twyunknownm Earth Fund, Ev2 Ventures",2024
sarla aviation,83.0,83.0,1,Aerospace & Electric Flying Taxis,Bangalore,Unspecified Round,2025,Accel,2025
idg ventures,83.0,83.0,1,Fintech,Bangalore,Private Equity,2017,Uniliver Ventures,2017
eupheus learning,83.0,83.0,1,Edtech,Delhi,Series C,2021,Lightrock India,2021
sportzvillage,83.0,83.0,1,Sports Management & Physical Education Business,Bangalore,Private Equity,2015,Gaja Capital Private Equity Fund,2015
cynlr,83.0,83.0,1,Deeptech Robotics,Bangalore,Series A,2024,"Pavestone, Athera Venture Partners, Speciale Invest, Infoedge (Redstart), And Other Investors",2024
sprinto,83.0,83.0,1,Computer Software,Bangalore,Series A,2022,Elevation Capital,2022
everhope oncology,83.0,83.0,1,Healthcare,Delhi And Mumbai,Seed,2025,Unknown,2025
smartairtripcom,83.0,83.0,1,Other,Unknown,Private Equity,2015,Unknown,2015
lila games,83.0,83.0,1,Entertainment,Bangalore,Series A,2022,Rainfall Ventures,2022
sugarfit,83.0,83.0,1,Healthcare,Bangalore,Unknown,2021,"Cure.Fit, Endiya Partners, Tanglin Venture",2021
e6data,83.0,83.0,1,Data Infrastructure,Unknown,Other,2024,"Accel, Beenext",2024
zaara biotech,83.0,83.0,1,Biotechnology,Kottayam,Unknown,2021,Tcn Interunknowntiounknownl Commerce,2021
smart express,83.0,83.0,1,Logistics,Mumbai,Seed,2021,"Iifl India Private Equity Fund, Smiti Holding, Trading Company",2021
singulr ai,83.0,83.0,1,Enterprise Ai,Bangalore,Seed,2025,"Nexus Venture Partners, Dell Technologies Capital",2025
zapr,83.0,83.0,1,Technology,Bangalore,Private Equity,2017,Star India Pvt Ltd,2017
shadowfox,83.0,83.0,1,Logistics,Gurgaon,Private Equity,2016,Eight Roads Ventures,2016
slikk,83.0,83.0,1,Fashion Delivery,Bangalore,Series A,2025,Nexus Venture Partners,2025
drivezy,83.0,83.0,1,Consumer Internet,Bangalore,Private Equity,2017,"Das Capital, Axan Partners, Das Capital And It Farm",2017
edupristine,83.0,83.0,1,Edtech,Mumbai,Private Equity,2016,"Kaizen Maunknowngement Advisors, Devry Inc",2016
phi commerce,82.17,48.97,2,Fintech,Pune,"Series A, Series B","2021, 2025","Yatra Angel Network, Beenext, Beenext",2025
wickedride,82.09,75.53,2,Consumer Internet,Bangalore,"Private Equity, Seed","2015, 2018","Sequoia Capital, Accel, Raghuunknownndan Gangappa, Unknown",2018
agrizy,81.34,81.34,1,Agritech,Bangalore,Series A,2024,"Accion, Omnivore, Capria Ventures, Thai Wah Ventures, Ankur Capital",2024
ad2pro,80.51,80.51,1,Technology,Chennai,Debt,2018,Avendus Fiunknownnce Pvt. Ltd,2018
aris infra,80.0,80.0,1,Techenabled Procurement,Mumbai,Other,2025,Mukul Agrawal (Param Capital),2025
investorai,80.0,80.0,1,Equity Investment,London,Series A,2024,"Ashish Kacholia, Lucky Investment Maunknowngers",2024
greylabs,79.68,79.68,1,High > Natural Language Processing,Maharashtra,Series A,2025,Elevation Capital,2025
kluiszai,79.68,79.68,1,AI,Bangalore,Seed,2025,Rtp Global,2025
nirmata,79.68,79.68,1,SaaS,Bangalore,Unspecified Round,2025,"Peak Xv’S Surge, Dallas Venture Capital, Dreamit, Z5 Capital, Uncorrelated Ventures",2025
curefoods raises,79.68,79.68,1,Cloud Kitchen,Bangalore,Unknown,2024,Binny And Jitender Kumar Bansal,2024
wizrocket,79.68,79.68,1,User Engagment & Analytics,Mumbai,Private Equity,2015,"Sequoia Capital, Accel",2015
hala mobility,79.05,51.0,2,Evasaservice,Telangana,"Pre-Series A, Series A","2024, 2025","Srikanth Reddy, Snehith Reddy, Phani Ramineni, Rohan Bajaj Syndicate, Sarthy Angels, Bestvantage, Hnis, Magnifiq Capital Trust",2025
siglqai,78.85,78.85,1,Edtech,Nan,Seed,2025,The House Fund And Gsv Ventures,2025
trainman,78.85,78.85,1,Travel,Gurgaon,Seed,2022,Goodwater Capital And Hem Angels,2022
skeps,78.85,78.85,1,Fintech,Gurgaon,Unknown,2021,Bertelsmann India,2021
bytelearn,78.85,78.85,1,Edtech,Noida,Seed,2021,"Aditya Singhal, Nishant Sinha",2021
getsupp,78.85,78.85,1,Food,Bangalore,Seed,2022,Ankit Nagori And Kuunknownl Shah,2022
loco,78.7,74.7,2,Gaming,Bangalore,"Seed, Series A","2021, 2022","Krafton, Lumikai, Hashed",2022
mobikon,77.19,58.1,2,Technology,Pune,Private Equity,"2015, 2017","Sistema Asia Fund, C31 Ventures, Qualgro., Jungle Ventures",2017
data sutram,76.91,74.7,2,AI,Kolkata,"Unknown, Series A","2020, 2025","Uday Sodhi, Mitesh Shah, Nitin Jain, B Capital, Lightspeed",2025
blusapphire cyber system,76.36,76.36,1,Information Technology,Stamford,Series B,2022,Baring Private Equity India And Dallas Venture Capital,2022
decimal,76.36,76.36,1,Fintech,Indianapolis,Unknown,2022,Service Provider Capital And Arthur Ventures,2022
renew buy,76.36,76.36,1,Consumer Internet,Delhi,Private Equity,2017,Amicus Capital,2017
protecttai,76.0,76.0,1,Mobile Security,Gurgaon,Series A,2025,Bessemer Venture Partners,2025
ketto,75.53,63.91,3,Crowd Funding,Mumbai,"Seed, Unknown","2015, 2020","Chenunknowni Angels, Calcutta Angels, Ah! Ventures, Intellecap Impact Investment Network, Indus Age Partners, Singapore Angel Network, India Internet Fund, Letsventure, Pradyumunknown Dalmia, Sudhir Rao, Others, Mumbai Angels, Redcliffe Capital",2020
entropik,75.53,66.4,2,It,Bangalore,"Other, Series A","2018, 2020","Bharat Innovation, Idfcunknownparampara Capital, Arthavida Ventures, Jitendra Gupta, Others, Idfcunknownparampara Fund, Bharat Innovation Fund",2020
zevi,75.11,75.11,1,Software,Bangalore,Pre-Seed,2022,Kube Vc And Entrepreneur First A,2022
wrogn,75.0,75.0,1,Mens Apparel,Bangalore,Unspecified Round,2024,Aditya Birla Digital Fashion Ventures Ltd (Abdfvl),2024
vehant,75.0,75.0,1,Security & Surveillance,Noida,Other,2025,True North’S Private Credit Fund,2025
metaforms,74.7,74.7,1,AI,Bangalore,Series A,2025,Peak Xv Partners,2025
sunday,74.7,74.7,1,Fintech,Bangkok,Other,2020,"Scb 10X, Line Ventures",2020
practically,74.7,41.5,2,Edtech,Hyderabad,"Unknown, Other",2021,"Nb Ventures, Earlsfield Capital, Siaunknown Capital",2021
bombay shirt,74.7,66.4,2,Ecommerce,Mumbai,"Private Equity, Unknown","2016, 2020","Undisclosed Investor, Lightbox Ventures",2020
graasai,74.7,74.7,1,AI,Singapore,Series B,2025,Tin Men Capital,2025
sea6 energy,74.7,74.7,1,Biotechnology,Bangalore,Series B,2021,Aquaunknownspark,2021
qikpod,74.7,74.7,1,Ecommerce,Bangalore,Private Equity,2015,"Flipkart, Accel, Delhivery, Foxconn",2015
pando,74.7,74.7,1,Logitech,Chennai,Series A,2020,Chiratae Ventures,2020
up funds,74.7,74.7,1,SaaS,Bangalore,Unknown,2022,Westbridge Capital,2022
makers hive,74.7,74.7,1,Technology,Hyderabad,Unknown,2021,"Starfish Growth Partners, Investpad",2021
instoried,74.7,66.4,2,AI,Bangalore,"Pre-Series A, Unknown","2020, 2021","Venture Catalysts, Sosv, Pritt Investment Partners, 9Unicorns",2021
arrivae,74.7,74.7,1,Furniture,Mumbai,Series B,2022,"Think Investments, Havells",2022
meddo,74.69999999999999,49.8,2,Healthcare,Gurgaon,"Unknown, Pre-Series A",2021,"Sri Capital, Picus Capital, Alkemi Capital, Growx Ventures, Venture Gurukool",2021
ennoventure,73.87,73.87,1,Protection & Authentication,Bangalore,Series A,2024,"Tanglin Venture Partners, Fenice Investment Group, Safe Investors",2024
eazydiner,73.44999999999999,48.55,2,Consumer Internet,Gurgaon,Private Equity,"2015, 2018","Denlow Investment Trust And Beenext, Dsg Consumer Partners, Saama Capital",2018
antwalk,73.04,73.04,1,Edtech,Bangalore,Series A,2022,Y Combiunknowntor And Matrix Partners India,2022
gullak,73.03999999999999,62.25,2,Fintech,Noida,"Unknown, Series A","2022, 2025","Stellaris Ventures, Chiratae Ventures",2025
masterchow,72.72,53.95,3,Hauz Khas,Food Beverages,"Seed, Unknown, Series A","2021, 2022, 2024","Weh Ventures, Fluid Ventures And Anicut Capital, Tanglin Venture Partners",2024
mysun,72.68,35.33,3,Technology,Noida,"Private Equity, Pre-Series A, Unknown","2016, 2020, 2021","General Catalyst Partners, Unknown, Tata Cleantech Capital",2021
unnati,72.21000000000001,58.1,2,Agritech,Noida,"Pre-Series A, Series A","2020, 2021","Nabventures, Incofin, Nabventures, Orios",2021
sindhuja microcredit,72.21,72.21,1,Fintech,Noida,Unknown,2020,Nordic Microfiunknownnce Initiative,2020
bulbul,72.21,72.21,1,Social Commerce,Gurgaon,Unknown,2020,Info Edge,2020
holachef,72.09,25.73,5,Food,Mumbai,"Other, Private Equity","2015, 2016, 2017, 2018","Ashok Kumar Gajera, Sidbi Venture Capital Ltd, Kalaari Capital, Kalaari Capital, India Quotient, India Quotient",2018
aviom,72.06,66.4,2,Fintech,Delhi,"Debt, Series C","2020, 2021","Insitor Partners, C4D Partners, Sabre Partners",2021
truebil,71.79,42.74,3,Consumer Internet,Mumbai,"Private Equity, Seed","2015, 2016, 2017","Shunwei Capital, Kalaari Capital, Inventus Capital, Tekton Ventures, Kae Capital, Kae Capital, Anupam Mittal",2017
ziploan,71.78999999999999,24.9,4,Consumer Internet,Delhi,"Private Equity, Seed, Unknown","2017, 2020","Matrix Partners, Waterbridge Ventures, Whiteboard Capital, Sarbvir Singh, Waterbridge Ventures, Stride Ventures, Matrix Partners, Stride Ventures",2020
fusion microfinance,71.38,71.38,1,Micro Finance,Delhi,Private Equity,2015,"Development Fiunknownnce Institution Belgian Investment Company, Oikocredit",2015
popxo,71.38,45.65,2,Technology,Delhi,Private Equity,"2017, 2018","Neoplux, Oppo, Idg Ventures India, Kalaari Capital, Gree Ventures And Summit Media, Gree Ventures, Kalaari Capital And Idg Ventures India, Summit Media, Atul Goel, And Gurpreet Singh",2018
rao iit academy,71.38,71.38,1,Edtech,Mumbai,Debt,2018,Avendus Fiunknownnce,2018
hyperbots,70.55000000000001,53.95,2,AI,Dover,Seed,"2024, 2025","Kalaari Capital, Sunicon Ventures, Athera Venture Partners, Arkam Ventures And Athera Venture Partners",2025
big basket,70.55,41.5,2,Ecommerce,Bangalore,"Private Equity, Unknown","2017, 2020","Helion Ventures Partners, Trifecta Capital",2020
paré innovations,70.55,70.55,1,Building Material Segment,Mumbai,Unspecified Round,2025,Advenza Global Limited,2025
vajro,70.55,70.55,1,Computer Software,Chennai,Series A,2022,Five Elms Capital,2022
acefour accesoeies,70.55,70.55,1,Travel,Mumbai,Seed,2022,Sixth Sense Ventures And Volrado Ventures,2022
stan,70.55,70.55,1,Media & Entertainment,Chennai,Series A,2025,Unknown,2025
docsapp,69.72,59.76,2,Technology,Bangalore,Private Equity,"2016, 2017","Bessemer Venture Partners, Rebright Partners, Aunknownnd Rajaraman, Venky Hariunknownrayan",2017
testbook,69.72,69.72,1,Edtech,Unknown,Series B,2020,Iron Pillar,2020
beyond snack,68.89,68.89,1,Banana Chips,Alappuzha,Series A,2025,12 Flags Group,2025
opinio,68.89,58.1,2,Last Mile Delivery,Bangalore,"Private Equity, Seed",2015,"Delhivery, Sands Capital And Accel Partners, Accel, Traxcn Labs, Others",2015
active ai,68.47,68.47,1,Technology,Bangalore,Private Equity,2017,Vertex Ventures,2017
power gummies,68.1,49.8,3,Nutrition,Delhi,"Unknown, Series A, Bridge","2021, 2022, 2024","Venture Catalysts, 9Unicorns, 9Unicorns, Wipro, Jaipuria Family Office, Quadrant, 100Unicorn, Dsgcp, Wipro Consumer, Venture Catalysts, Others",2024
unbox robotics,68.06,58.1,2,Logistics,Pune,"Series A, Pre-Series A",2021,"3One4 Capital, Sixth Sense Ventures, Beenext, Entrepreneur First",2021
mihup,68.06,55.61,2,Technology,Kolkata,"Private Equity, Series A","2016, 2020","Accel, Ideaspring Capital, Accel",2020
mcaffeine,68.06,41.5,3,Ecommerce,Bangalore,"Seed, Series B","2016, 2020","Kaushal Agarwal, Harminder Sahani, Kk Mehra, Praunknowny Jivrajka, Navjot Saini, Rpsg Ventures, Amicus Capital",2020
mydentist,68.06,68.06,1,Dental Clinic,Mumbai,Private Equity,2015,"Lgt Group, Asian Healthcare Fund, Seedfund",2015
grover zampa,68.06,68.06,1,Food,Mumbai,Private Equity,2018,Ravi Viswaunknownthan,2018
sportskeeda,67.56,67.56,1,Gaming And Media,Bangalore,Unknown,2024,Unknown,2024
pitstop,66.57000000000001,29.05,4,Consumer Internet,Bangalore,"Private Equity, Unknown, Series A, Other","2017, 2020, 2021","Blume Ventures, Goldbell Group, Anurag Srivastava, Shailesh Rao, Amiya Pathak, Rajesh Yohaunknownn And Rahul Garg, Clairvest Group, Ontario Centres Of Excellence, Tpgunknownbacked Group Landmark, Acko Technology, Services, Letsventure",2021
shopdeck,66.4,66.4,1,D2C,Bangalore,Series B,2024,"Bessemer Venture Partners, Elevation Capital, Venture Highway, And Chiratae Ventures",2024
salesken,66.4,66.4,1,Ai & Data Science,Bangalore,Series A,2020,Sequoia India,2020
4basecare,66.4,49.8,2,Healthcare,Bangalore,"Pre-Series A, Series A","2021, 2024","Mount Judi Ventures, Growx Ventures, Season Two Ventures, Yali Capital",2024
hevo,66.4,66.4,1,Technology,Bangalore,Series A,2020,"Qualgro, Lachy Groom",2020
sweet karam coffee,66.4,66.4,1,Foods And Beverages,Chennai,Series A,2025,Peak Xv Partners,2025
cloud lending,66.4,66.4,1,Endtoend Lending,Bangalore,Private Equity,2015,Sf Capital Group,2015
wit and chai,66.4,66.4,1,Business > Marketing,Maharashtra,Seed,2025,Sanjay Katkar,2025
wizcommerce,66.4,66.4,1,Enteprise,Bangalore,Series A,2025,Peak Xv Partners,2025
simsim,66.4,66.4,1,Social Commerce,Bangalore,Series B,2020,"Accel, Shunwei Capital, Good Capital",2020
werize,66.4,66.4,1,Fintech,Bangalore,Series A,2021,"3One4 Capital, Kalaari Capital",2021
farm taaza,66.4,66.4,1,Technology,Bangalore,Private Equity,2017,"Epsilon Venture Partners, Tara India Fund Iv And Others",2017
coutloot,66.4,66.4,1,Consumer,Mumbai,Other,2021,"Ameba Capital, 9Unicorns",2021
posha,66.4,66.4,1,Kitchen Robotics,Posha,Series A,2025,Accel,2025
kodo card,66.4,66.4,1,Fintech,Mumbai,Seed,2021,"Brex, Yunknowncombiunknowntor",2021
wooplr,66.4,66.4,1,Ecommerce,Bangalore,Private Equity,2017,"Sistema Asia Fund, Amereus Group, Helion Ventures",2017
voltup,66.4,66.4,1,Ev Infrastructure,Pune,Seed,2025,Em Impact Capital (Ukunknownbased Impact Investment Firm),2025
genleap,66.4,66.4,1,Professional Training & Coaching,Haryana,Seed,2021,"Vivek Vaidya, Kevin Donlon, Ayush Singh",2021
vahan,66.4,66.4,1,Information Technology &,Bangalore,Series A,2021,Khosla Ventures,2021
mindgrove,66.4,66.4,1,Semiconductor Design,Chennai,Series A,2024,"Rocketship.Vc, Speciale Invest, Mela Ventures, Peak Xv Partners, Nishchay Goel, Whiteboard Capital, Anshul Goel",2024
kindlifein,66.4,66.4,1,Beauty Wellness And Health,Delhi,Series A,2024,"Jbunknowndooeun, Tk Fund, Mixi Global Investments, Kalaari Capital And Angel Investors",2024
gramcover,66.4,58.1,2,Fintech,Delhi,"Seed, Series A","2016, 2021","Omnivore Capital, Siaunknown Capital, Inflexor Ventures, Stride Ventures",2021
deconstruct,65.0,65.0,1,D2C Skincare,Bangalore,Unspecified Round,2025,"Bold (L’Oréal’S Vc Fund), V3 Ventures, Dsg Consumer Partners, Kalaari Capital, Beenext",2025
maxiq formerly gyaan ai,64.74,64.74,1,AI,Bangalore,Seed,2025,"Dell Technologies Capital, Intel Capital",2025
optimized electrotech,64.74,49.8,2,Aeorspace,Ahmedabad,"Pre-Series A, Series A","2021, 2025","Gvfl, Blume Ventures And Mela Ventures",2025
cityflo,64.32000000000001,58.1,2,Bus Aggregation And Rental Mobile,Mumbai,"Seed, Series A","2015, 2020","Idg Ventures, Anupam Mittal, India Quotient",2020
questt,64.32000000000001,56.02,2,Edtech,Gurgaon,"Series A, Seed",2021,"Celesta Capital, Chiratae Ventures, Aet Fund",2021
nodwin gaming,64.0,64.0,1,Gaming And Entertainment,Gurgaon,Other,2024,Nazara Technologies,2024
cube26,63.91,63.91,1,Gesture Based Mobile Development,Delhi,Private Equity,2015,"Tiger Global Maunknowngement, Flipkart",2015
distil,63.91,63.91,1,Ecommerce,Mumbai,Series A,2025,"Jungle Ventures, Ceunknownventures",2025
weareholidays,63.91,63.91,1,Consumer Internet,Gurgaon,Private Equity,2017,Urrshila Kerkar,2017
cultures to love,63.91,63.91,1,Food,Mumbai,Series A,2022,Insitor Partners And Alkemi Venture Partners,2022
newtrace,63.91,63.91,1,Cleantech,Bangalore,Pre-Seed,2022,Micelio Fund And Speciale Invest,2022
junio,63.08,49.8,3,Fintech,Delhi,"Seed, Unknown, Pre-Series A","2021, 2022","Amit Lakhotia, Pravin Jadhav, Kuunknownl Shah, Deepak Abbot, Nb Ventures",2022
talentedge,63.08,63.08,1,Technology,Bangalore,Private Equity,2017,Lumis Partners,2017
samco,62.25,62.25,1,Consumer Internet,Mumbai,Private Equity,2018,Bay Capital Investments And Others,2018
arzooo,62.25,62.25,1,Retail,Bangalore,Series A,2020,"3Lines, Jabbar Internet Group",2020
techfino,62.25,62.25,1,Fintech,Bangalore,Unknown,2025,"Stellaris Venture Partners, Saison Capital",2025
tiliter,62.25,62.25,1,Retail,Sydney,Unknown,2020,"Angellist, Investec",2020
collectabillia,62.25,62.25,1,Celebrity Fashion,Bangalore,Private Equity,2015,Accel,2015
flutura,62.25,62.25,1,Technology,Bangalore,Private Equity,2017,"Vertex Ventures, Lumis Partners",2017
wealthyin,62.25,62.25,1,Fintech,Bangalore,Series A,2022,Alpha Wave Incubation,2022
zarget,62.25,49.8,2,Technology,Chennai,Private Equity,2016,"Sequoia India, Accel, Matrix Partners, Girish Mathrubootham",2016
kyt,62.25,41.5,2,Edtech,Singapore,"Unknown, Series A","2020, 2021","Sequoia Capital India’S Surge, Alpha Wave Incubation",2021
naagin,62.25,62.25,1,Food,Mumbai,Seed,2022,8I Ventures And Abhishek Bachchan,2022
userstudy,62.25,62.25,1,Recruiting,Bangalore,Pre-Seed,2022,Sparrow Capital And Better Capital,2022
xyxx apparels,62.25,33.2,2,Fashion,Surat,"Series A, Unknown","2021, 2022","Unknown, Sauce.Vc And Dsg Consumer Partners",2022
masai school,62.25,41.5,2,Edtech,Bangalore,Series A,"2020, 2021","Unitus Ventures, India Quotient, Angellist India, Unitus Ventures, Omidyar Network India",2021
footprints preschool daycare,62.25,62.25,1,Early Childhood Education And Daycare,Noida,Series A,2025,Tanglin,2025
oneassist,62.25,62.25,1,Credit Card Fraud Protection,Mumbai,Private Equity,2015,"Sequoia Capital, Lightspeed Ventures",2015
styletag,62.25,62.25,1,Designer Fashion Jewellery,Bangalore,Seed,2015,Jitu Virwani,2015
tring,61.42,61.42,1,Social Media,Mumbai,Seed,2022,Redbrook Pte Ltd And Blume Founders Fund,2022
beldara,61.42,61.42,1,Ecommerce,Mumbai,Unknown,2021,Hindustan Media Ventures,2021
yostra labs,61.25,61.25,1,Healthcare,Bangalore,Seed,2022,Villgro Usa And Indian Angel Network,2022
enmovil,60.589999999999996,49.8,2,Information Technology &,Hyderabad,"Pre-Series A, Series A","2021, 2025","Anicut Angel Fund, Sorin Investments",2025
turbohire,60.589999999999996,49.8,3,Recruitment,Hyderabad,"Seed, Series A","2020, 2022, 2025","Kia Ora Ventures, Pentathlon Ventures, Purvansh Holdings And Mumbai Angels, Ivycap Ventures",2025
inurture,60.09,36.52,3,Technology,Bangalore,"Private Equity, Unknown","2017, 2018, 2020","Ventureast, Blacksoil Capital Pvt. Ltd, Blacksoil Capital",2020
vunet systems,60.0,60.0,1,Business Observability,Bangalore,Series B,2025,"Pravega Ventures, Kotak Securities, Mela Ventures, Athera Venture Partners, Dallas Venture Capital, Tvs Capital Funds",2025
bluebinaries engineering and,60.0,60.0,1,Engineering,Chennai,Debt + Equity,2024,Anicut Capital,2024
qnu,60.0,60.0,1,Cyber Security,Bangalore,Series A,2025,Nqm,2025
snapbizz,59.76,59.76,1,Ecommerce,Bangalore,Private Equity,2016,"Jungle Ventures, Taurus Value Creation, Konly Venture, Blume Ventures",2016
reveal healthtech,59.76,59.76,1,AI,Us,Series A,2025,Leo Capital,2025
repos energy,59.76,59.76,1,Ecommerce,Pune,Unknown,2022,Ratan Tata,2022
quintype,59.14,29.05,3,Data Driven Publishing,Bangalore,"Private Equity, Series A","2015, 2020","Raghav Bahl, Iifl Amc, Iifl Asset Maunknowngement, Raghav Bahl",2020
ivy homes,58.93,58.93,1,Information &,Bangalore,Seed,2022,Khosla Ventures And Better Capital,2022
lentra,58.93,58.93,1,Information Technology,Pune,Series B,2022,Bessemer Venture Partners And Citi Ventures,2022
powerup money,58.93,58.93,1,Fintech,Bangalore,Seed,2025,Accel,2025
homeville,58.1,58.1,1,Information Technology &,Mumbai,Unknown,2021,"9Unicorns, Varanium Nexgen Fund",2021
nuuk,58.1,41.5,2,Ecommerce,Gurgaon,Series A,2025,"Unknown, Vertex Ventures Seai, Good Capital",2025
oolka,58.1,58.1,1,Fintech,Bangalore,Seed,2025,"Lightspeed India, Z47",2025
lohum,58.1,58.1,1,Ev,Noida,Unknown,2021,"Baring Private Equity Partners India, Talbros",2021
pelocal,58.1,41.5,2,Fintech,Chennai,"Seed, Series A","2024, 2025","Unicorn India Ventures, Unleash Capital Partners, Unicorn India Ventures",2025
just dogs,58.1,58.1,1,Ahmedabad,Retail,Unknown,2022,Sixth Sense Ventures,2022
punch,58.1,58.1,1,Stock Broking,Mumbai,Seed,2024,"Stellaris Venture Partners, Susquehanunknown Asia Vc, Prime Venture Partners, Innoven Capital",2024
zypp electric,58.1,58.1,1,Logistics,Gurgaon,Series A,2021,"9Unicorns, Anthill Ventures",2021
elastirun,58.1,58.1,1,Technology,Pune,Private Equity,2017,"Kalaari Capital, Norwest Venture Partners",2017
credolab,58.1,58.1,1,Technology,Singapore,Series A,2020,"Gb Group, Walden Interunknowntiounknownl",2020
borderplus,58.1,58.1,1,Global Workforce Mobility,Mumbai,Other,2025,Owl Ventures,2025
vutto,58.1,58.1,1,Ecommerce,Bangalore,Series A,2025,Rtp Global,2025
xdlinx space labs,58.1,58.1,1,Spacetech,Hyderabad,Seed,2024,"Ashish Kacholia (Lucky Investments), E2Mc, Maunknown Ventures",2024
flyrobe,58.1,43.99,2,Ecommerce,Mumbai,"Private Equity, Seed",2016,"Idg Ventures, Sequoia Capital, Gree Ventures, Sequoia Capital, Rohit Bansal, Kuunknownl Bahl, Sandeep Tandon, Kuunknownl Shah, Zishaan Hayath, \\Xc2\\Xa0 Abhishek Jain",2016
tranzact,58.1,58.1,1,Information Technology &,Mumbai,Series A,2021,"Tribe Capital, Prime Venture Partners",2021
simplismart,58.1,58.1,1,Technology,Bangalore,Series A,2024,"Accel, Shastra Vc, Titan Capital, Akshay Kothari (Notion Counknownfounder)",2024
tea box,58.1,58.1,1,Ecommerce,Bangalore,Private Equity,2017,Rb Investments,2017
avataa me,58.1,58.1,1,Ar,Bangalore,Series A,2020,Sequoia Capital,2020
wholsum foods,58.1,58.1,1,Food,Gurgaon,Unknown,2022,Investment Corporation Of Dubai,2022
eeki,58.1,58.1,1,Agritech,Kota,Series A,2025,Sixth Sense Ventures,2025
runnr,58.1,58.1,1,Consumer Internet,Bangalore,Private Equity,2016,"Nexus Venture Partners, Blume Ventures",2016
wondrlab,58.1,58.1,1,Marketing & Advertising,Mumbai,Pre-Series A,2021,"Pi Ventures Llp, Taunknowns Capital, Prodapt Holdings",2021
blusmart,58.1,58.1,1,Electricity,Gurgaon,Pre-Series A,2020,"Kalpavriksh, Jito Angel Network",2020
ambak,58.1,58.1,1,Fintech,Gurgaon,Other,2025,"Peak Xv’S Surge, Advantedge Vc, Devc, Angel Investors",2025
fintobox,58.1,58.1,1,Technology,Chennai,Private Equity,2017,Lightbox,2017
sugar cosmetics,58.1,41.5,2,Cosmetics,Mumbai,"Debt, Unknown","2020, 2025","A91 Partners, Rb Investments Pte. Ltd, Anicut Capital",2025
bank bazaar,58.1,58.1,1,Consumer Internet,Chennai,Private Equity,2017,Experian,2017
samosa labs,58.1,58.1,1,Consumer Internet,Hyderabad,Private Equity,2018,Xiaomi And Sequoia Capital India,2018
entriapp,58.1,58.1,1,Edtech,Kochin,Series A,2022,"Omidyar Network India, Innospark Ventures",2022
beaconli,58.1,58.1,1,AI,San Fracisco,Series A,2025,Sorin Investments,2025
1k kirana bazaar,58.1,58.1,1,Retail,Gurgaon,Unknown,2021,"Info Edge, Falconedge",2021
smart coin,58.1,58.1,1,Fintech,Unknown,Series A,2020,Lgt Lightstoneaspada,2020
dpdpzero,58.1,58.1,1,Fintech,Bangalore,Series A,2025,Gmo Venture Partners,2025
juicy chemistry,57.68,52.29,2,Other,Unknown,Series A,"2020, 2021",Akya Ventures,2021
genworks health,57.6,41.0,2,Healthcare,Bangalore,"Unknown, Unspecified Round","2021, 2024","Blacksoil, Evolvence India Fund",2024
mpaani,56.86,45.65,2,Consumer Internet,Mumbai,"Private Equity, Series A","2017, 2020","Idg Ventures, Blume Ventures, Saha Fund, Ac Ventures, Henkel",2020
convin,56.440000000000005,53.95,2,SaaS,Bangalore,"Pre-Seed, Unspecified Round","2021, 2024","9Unicorns Accelerator Fund, Sunder Nookala, India Quotient",2024
mokobara,56.44,56.44,1,Ecommerce,Bangalore,Series A,2022,Ashish Goel And Alteria Capital,2022
villgro,56.03,29.05,2,Fintech,Chennai,"Private Equity, Seed","2015, 2016","Lemelson Foundation, Michael And Susan Dell Foundation, Michael, Susan Dell Foundation",2016
medusa beverages,56.0,56.0,1,Beer Manufacturing,Delhi,Series A,2025,"Amal N Parikh, Ashwin Kedia, Ramesh Damani, Nikhil Garg, Crest Opportunities, Hnis (Singapore, Uk, Uae)",2025
oho shop,55.61,55.61,1,Technology,Ahmedabad,Private Equity,2017,"Bennett, Coleman And Company Ltd",2017
elucidata,55.61,41.5,2,It,Delhi Cambridge,"Other, Pre-Series A","2018, 2021","Hyperplane Venture Capital And Several Angel Investors, Hyperplane Venture Capital",2021
aarnaml,55.61,55.61,1,AI,Bangalore,Unknown,2024,Exfinity Venture Partners,2024
probus insurance,55.61,55.61,1,Insurance,Mumbai,Unknown,2021,Blueorchard Impact Investment Maunknowngers,2021
wow express,55.61,37.35,2,Technology,Mumbai,Private Equity,"2016, 2018","Unknown Existing Investors As Well As The Tamarind Family Trust, Unknown Investors, Tamarind Family Private Trust",2018
hashnode,55.61,55.61,1,Computer Software,Bangalore,Series A,2021,"Salesforce Ventures, Sierra Ventures, Sequoia Capital India’S Surge",2021
yu,55.0,55.0,1,Consumer Food,Gurgaon,Series B,2024,"Ashish Kacholia, Asian Promoter Group",2024
outzidr,54.9,30.0,2,Ecommerce,Bangalore,"Pre-Series A, Seed",2025,"Rtp Global, Stellaris Venture Partners",2025
fullife,54.85,54.85,1,Healthcare,Mumbai,Unknown,2020,Amansa Capital,2020
dozee,54.78,41.5,2,Healthcare,Bangalore,"Unknown, Series A","2020, 2021","Unknown, Prime Vp",2021
trinkerr,54.78,54.78,1,Capital Markets,Bangalore,Series A,2021,Accel,2021
canvera,53.95,24.9,3,Consumer Internet,Mumbai,Private Equity,"2015, 2016, 2017","Infoedge, Info Edge (India) Ltd",2017
metadomeai,53.95,53.95,1,Xr,Troy,Series A,2024,"Siaunknown Capital, Chiratae Ventures, Alteria Capital, 3Tounknown1 Capital, Manish Choksi’S Family Office",2024
miraggio,53.95,53.95,1,Fashion,Gurgaon,Other,2025,Rpsg Capital Ventures,2025
culturealley,53.95,53.95,1,Language Learning,Jaipur,Private Equity,2015,Tiger Global,2015
bharatagri,53.95,53.95,1,Agritech,Bangalore,Series A,2021,"Omnivore, India Quotient",2021
refold ai,53.95,53.95,1,AI,Bangalore,Seed,2025,"Eniac Ventures, Tidal Ventures",2025
frnd,53.95,53.95,1,Online Media,Bangalore,Series A,2021,Krafton,2021
avanti learning,53.95,41.5,2,Edtech,Delhi,Private Equity,"2015, 2016","Michael, Susan Dell Foundation, Michael, Susan Dell Foundation, Pearson Learning Fund",2016
breathe wellbeing,53.95,45.65,2,Healthcare,Gurgaon,"Series A, Pre-Series A",2021,"Accel, Stanford Angels And Entrepreneurs India, Anjali Bansal",2021
aasaanjobs,53.95,41.5,2,Consumer Internet,Mumbai,"Private Equity, Seed","2015, 2016","Aspada Advisors, Idg Ventures, \\Xc2\\Xa0 Inventus Capital, Inventus Capital Partners, Idg Ventures",2016
gh2 solar,53.95,53.95,1,Energy > Solar Energy,Uttar Pradesh,Series A,2025,Growmo360,2025
zuppa,53.95,41.5,2,Advanced Hardware & Technology,Chennai,"Unknown, Strategic Investment",2025,"Rahul Dewan, Garuda Aerospace",2025
workindia,53.949999999999996,49.8,2,Job Board,Mumbai,"Seed, Unknown","2015, 2020","Satyen Kothari, Keshav Sanghi, Riddhesh Gandhi, Others, Xiaomi",2020
clover,53.29,45.65,2,Agritech,Bangalore,"Unknown, Series A",2020,"Alteria Capital, Omnivore, Accel, Mayfield",2020
eyestem,53.12,53.12,1,Biotechnology,Bangalore,Series A,2022,Natco Pharma And Kotak Private Equity,2022
equipco,53.12,53.12,1,Recruiting,Bangalore,Pre-Seed,2022,Better Capital,2022
daily hunt,53.04,53.04,1,Consumer Internet,Bangalore,Private Equity,2018,Falcon Edge,2018
latestone,52.7,27.8,2,Ecommerce,Hyderabad,Private Equity,"2015, 2017","Florintree, Mathew Cyriac, Chidambaram Palaniappan, Bharat Sheth, Palred Technologies Ltd",2017
two point o capital,52.29,52.29,1,Financing,Mumbai,Seed,2024,Omnivore,2024
inflectionio,52.29,52.29,1,Software,Seatlle,Unknown,2022,Brewster Stanislaw And Arjun Pillai,2022
edufund,52.29,49.8,2,Fintech,Gujarat,"Pre-Seed, Series A","2021, 2025","View Trade Holding Corp, Cercano Maunknowngement",2025
ayu health,52.29,52.29,1,Healthcare,Bangalore,Series A,2021,"Vertex Ventures, Stellaris Venture Partners",2021
mindhouse,52.169999999999995,49.8,2,Healthcare,Gurgaon,"Unknown, Seed","2020, 2021","Ggv Capital, Sahi Barual, Binny Bansal, General Catalyst",2021
money plannned,51.73,51.73,1,Fintech,Bangalore,Seed,2022,. Sameer Khan And Joseph R. Saviano,2022
convegenius,51.46,41.5,3,Edtech,Noida,"Private Equity, Seed, Pre-Seed","2015, 2016, 2021","Michael And Susan Dell Foundation, Eunknownblers Platform, Bace Capital, Heritas Capital, 3Lines Venture Capital",2021
palmonas,51.46,51.46,1,Ecommerce,Pune,Series A,2025,"Vertex Ventures Southeast Asia, India",2025
call health,51.46,51.46,1,Consumer Internet,Hyderabad,Private Equity,2017,"Sachin Tendulkar, P.V Sindhu, Pullela Gopichand",2017
krishify,51.46,51.46,1,Social Media,Gurgaon,Pre-Series A,2022,"Ankur Capital, Omidyar Network India, Orios Venture Partners",2022
anar,51.46,51.46,1,Information Technology &,Mumbai,Seed,2021,"Elevation Capital, Accel",2021
marut dronetech,51.46,51.46,1,Dronetech,Hyderabad,Series A,2024,Lok Capital,2024
emo energy,51.46,51.46,1,Energy,Bangalore,Equity,2025,"Subhkam Ventures, Microtek Group, Srk Family Office, Transition Vc",2025
skor,51.46,51.46,1,Credit & Financial,Bangalore,Pre-Series A,2025,"Argor Capital, Qed Investors, Saison Capital, Digital Currency Group",2025
smytten,51.459999999999994,49.8,2,Online Products Discovery,Gurgaon,"Seed, Series A","2015, 2021","Rimpal Chawla, Anuj Srivastava, Fireside Ventures",2021
gadgetwood,51.459999999999994,49.8,2,Consumer Internet,Delhi,"Private Equity, Seed","2015, 2016","Carpediem Capital, Ajai Chowdhry, Ashvin Chadha, Yogesh Bansal, \\Nnitin Singhal, Others",2016
blitz,51.0,51.0,1,Omnichannel Delivery,Bangalore,Series A,2024,Ivycap Ventures,2024
piston,50.63,50.63,1,Digital Payment,Chennai,Seed,2025,"Spark Capital, Pear Vc And Bond",2025
indialends,50.629999999999995,42.33,2,Online Consumer Lending,Delhi,"Private Equity, Unknown","2015, 2021","Dsg Consumer Partners, Paragon Partners, Acpi Investments, Advantedge Founders",2021
rivaara labs,50.3,49.8,2,Healtcare,Mumbai,Unknown,2022,Bharat V. Daftary And Kotak Investment Advisors,2022
growxcd finance,50.0,50.0,1,Fintech,Chennai,Equity,2025,"Lok Capital, Uc Impower",2025
hygenco,50.0,50.0,1,Cleantech,Gurgaon,Debt,2024,Trifecta,2024
quick clean,50.0,50.0,1,Linen Management Saas,Gurgaon,Other,2025,"Alkemi Growth Capital, Blue Ashva Capital, Rs 10 Crore ($1.15M) Credit Line From Venture Debt Cos",2025
farmako,50.0,50.0,1,Healthcare,Uttarakhand,Seed,2025,"Genesia Ventures, Y Combiunknowntor",2025
superyou,50.0,50.0,1,Fintech,Mumbai,Series A,2024,"Nithin And Nikhil Kamath, Counknownfounders Of Zerodhaunknownbacked Venture Firm Rainmatter",2024
emiza supply chain,50.0,50.0,1,Logistics,Mumbai,Unspecified Round,2025,"Evolvence India, Mirabilis Investment",2025
rare rabbit,50.0,50.0,1,Omnichannel Fashion Retailer,Bangalore,Growth,2025,A91 Partners,2025
the bear house,50.0,50.0,1,D2C Menswear,Bangalore,Series A,2025,Jm Fiunknownncial Private Equity,2025
whitehar jr,49.9,49.9,1,Information Technology,Maharastra,Unknown,2022,Bossanova Investimentos And Omidyar Network,2022
beyond appliances,49.800000000000004,33.2,2,Smart Kitchen Appliances,Bangalore,"Seed, Series A","2024, 2025","Fireside Venture Investment Fund Iii, Dharaunknown Capital, Shezan Bhojani, Saurabh Jain, Ramakant Sharma, Chandru Kalro, Fireside Ventures",2025
grinntech,49.800000000000004,16.6,3,Battery Design,Dehradun,Unknown,"2020, 2021","Ashok Leyland, V Lakshmi Narayaunknownn, V Sumantran, V Lakshmi Narayaunknownn, Unknown",2021
stalk buy love,49.8,49.8,1,Ecommerce,Delhi,Private Equity,2016,Kalaari Capital,2016
securenow,49.8,49.8,1,Insurance,Gurgaon,Series B,2021,Apis Insurtech Fund I,2021
jivox,49.8,49.8,1,Technology,Bangalore,Private Equity,2016,"You, Mr Jones, Fortisure Ventures, Diaz Nesamoney",2016
explorex,49.8,49.8,1,SaaS,Bangalore,Seed,2022,Taher Savliwala And Kevin Lin,2022
prettysecrets,49.8,49.8,1,Ecommerce,Mumbai,Private Equity,2016,"Rb Investments Pte Ltd, Orios Venture Partners",2016
xc2xa0cloudcherry,49.8,49.8,1,Technology,Chennai,Private Equity,2016,"Vertex Ventures, Cisco Ventures, Idg Ventures",2016
platinumrx,49.8,49.8,1,Healthcare,Bangalore,Series A,2025,Stellaris Venture Partners,2025
oto capital,49.8,49.8,1,Fintech,Mumbai,Unknown,2021,Matrix Partners,2021
wishadish,49.8,49.8,1,Food &,Delhi,Unknown,2020,Unknown,2020
microgo,49.8,49.8,1,Biotechnology,Chennai,Seed,2022,Angel Investors,2022
dezy,49.8,49.8,1,Healthcare,Bangalore,Other,2024,"Alphawave, Chiratae Ventures, Peak Xv’S Surge",2024
multi living,49.8,49.8,1,Real Estate,Mumbai,Unknown,2020,Lodha Ventures,2020
storia,49.8,49.8,1,Food,Mumbai,Series A,2021,Sixth Sense Ventures,2021
meolaa,49.8,49.8,1,Retail > Beauty,Karnataka,Seed,2025,General Catalyst,2025
yellow class,49.8,49.8,1,Edtech,Gurgaon,Unknown,2021,Elevation Capital,2021
our food,49.8,49.8,1,Food,Hyderabad,Unknown,2022,"3Lines Venture Capital, C4D Asia Fund",2022
grow indigo,49.8,49.8,1,Agritech,Mumbai,Seed,2022,Mahyco Seeds Ltd. And Indigo,2022
savebc,49.8,49.8,1,Fintech,Gaya,Private Equity,2017,Incofin Investment Maunknowngement.,2017
oncostem,49.8,49.8,1,Healthcare,Bangalore,Private Equity,2017,"Sequoia Capital, Artiman Ventures",2017
synup,49.8,49.8,1,Technology,Bangalore,Private Equity,2017,"Vertex Ventures, Prime Venture Partners.",2017
zoca,49.8,49.8,1,Agentic Ai,Gurgaon,Unspecified Round,2025,Accel,2025
healofy,49.8,49.8,1,Femtech,Bangalore,Series B,2021,"Celesta Capital, Omidyar Network India",2021
connect,49.8,41.5,2,Logistics,Bangalore,Private Equity,"2015, 2016","Aavishkaar Venture Maunknowngement, Aavishkaar",2016
confido health,49.8,24.9,2,Aifocused Healthtech,New Jersey,Seed,2024,"Together Fund, Medmountain Ventures, Rebellion Vc, Devc, Operators Studio, Strategic Healthcare Operators",2024
teabox,49.8,49.8,1,Other,Unknown,Private Equity,2015,"Jafco Asia, Keystone Group, Dragoneer Investment, Accel",2015
edgegrid,49.8,49.8,1,Software Development,Hyderabad,Seed,2022,Lightrock India,2022
ridlr,49.8,49.8,1,Consumer Internet,Mumbai,Private Equity,2016,"Times Internet, Innoven Capital, Matrix Partners, Qualcomm Ventures",2016
chefs basket,49.8,49.8,1,Ready To Cook Packaged Foods,Mumbai,Private Equity,2015,"Saif Partners, Haresh Chawla",2015
o4s,49.8,49.8,1,Information Technology &,Gurgaon,Series A,2021,"Think Investments, Venture Highway",2021
b9 beverages,49.8,49.8,1,Food,Delhi,Private Equity,2016,"Sequoia Capital, Kuunknownl Bahl, Rohit Bansal, Deepinder Goyal, Ashish Dhawan, Mayank Singhal",2016
nu genes,49.8,49.8,1,Agritech,Telangana,Unknown,2020,Innovation In Food And Agriculture (Ifa),2020
bio prime,49.8,49.8,1,Agritech,Pune,Series A,2024,"Edaphon, Omnivore, Inflexor",2024
inprime finserv,49.8,49.8,1,Fintech,Bangalore,Series A,2025,Pravega Ventures,2025
veeba foods,49.8,49.8,1,Healthy Food Manufacturer,Delhi,Private Equity,2015,"Dsg Consumer Partners, Saama Capital.",2015
1mg healthkartplus,49.8,49.8,1,Online Pharmacy & Drug Db,Gurgaon,Private Equity,2015,"Deep Kalra, Sequoia Capital, Omidyar Network, Intel Capital, Kae Capital",2015
recko,49.8,49.8,1,SaaS,Bangalore,Series A,2020,Vertex Ventures,2020
raw pressery,49.8,49.8,1,Food,Mumbai,Private Equity,2017,"Dsg Consumer Partners, Sequoia Capital, Saama Capital",2017
mech mocha,49.8,41.5,2,Consumer Internet,Bangalore,"Private Equity, Seed","2015, 2017","Accel, Shunwei Capital, Blume Ventures, Flipkart",2017
zinka,49.8,49.8,1,Freight Logistics,Bangalore,Private Equity,2015,"Accel, Flipkart",2015
suraasa,49.8,49.8,1,Edtech,Gurgaon,Unspecified Round,2024,"Reach Capital, Ets Capital, Nb Ventures, Tsm Ventures, Trtl Ventures",2024
fermionic design,49.8,49.8,1,Semiconductor,Bangalore,Seed,2024,Ashish Kacholia,2024
kristal ai,49.8,49.8,1,AI,Unknown,Series A,2020,Chiratae Ventures,2020
astrosureai,49.8,49.8,1,Astrotech,Chennai,Seed,2025,"Pradeep Dadha, Others",2025
isfc,49.8,49.8,1,Fintech,Hyderabad,Private Equity,2016,Gray Matters Capital,2016
credit wise capital,49.8,49.8,1,Fintech,Mumbai,Seed,2020,Venture Catalysts,2020
spare8,49.8,49.8,1,Fintech,Mumbai,Pre-Seed,2022,Ajay Adiseshann And Magic Fun,2022
fashor,49.8,41.5,2,Fashion,Chennai,"Pre-Series A, Unspecified Round","2020, 2024","Sprout Venture Partners, Blume Ventures",2024
safexpay,49.8,49.8,1,Fintech,Thane,Unknown,2021,"T Choithrams Bvi, Ardor",2021
schedulers logistics,49.8,49.8,1,Logistics,Mumbai,Private Equity,2016,Gvfl,2016
digital f5,49.8,49.8,1,Advertising Marketing,Mumbai,Private Equity,2019,Tiw Private Equity,2019
managemyspa,49.8,49.8,1,Spa & Salon Management Software,Hyderabad,Private Equity,2015,Accel,2015
adopt ai,49.8,49.8,1,Agentic Ai,Bangalore,Seed,2025,Elevation Capital,2025
transversal,49.8,49.8,1,Technology,Bangalore,Private Equity,2017,Matrix Partners,2017
finx,49.8,49.8,1,Skilling,Mumbai,Unspecified Round,2024,Elevar Equity,2024
welcome cure,49.8,49.8,1,Online Homeopathy Clinic,Mumbai,Private Equity,2015,Ununknownmed Media House And Hnis,2015
91springboard,49.3,49.3,1,Coworking,Delhi,Unknown,2020,"Pearl Brook Holdings Ltd, Al Nour Interunknowntiounknownl Holdings Co.",2020
aqgromalin,48.97,41.5,3,Agritech,Chennai,"Unknown, Seed, Pre-Series A","2020, 2021, 2022","Angel Investors, Zephyr Peacock, Sequoia Capital, Omnivore",2022
mitigata,48.97,48.97,1,Fintech,Delhi,Series A,2025,Nexus Venture Partners,2025
railofy,48.97,41.5,2,Transportation,Mumbai,Seed,2020,"Roots Ventures, Better Capital, Chiratae Ventures.",2020
intello labs,48.97,48.97,1,Supply Agritech,Gurgaon,Series A,2020,Saama Capital,2020
lookup,48.8,24.9,3,Mobile Messaging Assistant,Bangalore,"Private Equity, Other",2015,"Khosla Impact, Biz Stone, Catamaran Ventures, Global Founders Capital, European Investment Fund, Biz Stone, Dena Co., Japan, Teruhide Sato (In Addition To Mks Switzerland, Kris Gopalkrishunknownn)",2015
cimcon,48.64,48.64,1,Energy > Oilfield,Gujarat,Series A,2025,Niveshaay,2025
flocareer,48.56,47.31,2,Consumer Internet,Bangalore,"Seed, Series A","2016, 2021","Balasubramanian Krishunknownmurthy, Sidhartha Hazarika, Others, Data Point Capital",2021
gyandhan,48.55,48.55,1,Higher Education,Delhi,Series A,2025,"Pravega Ventures, Gray Matters Capital",2025
5cnetwork,48.14,48.14,1,Healthcare,Bangalore,Series A,2022,Rohit Razdan And Shiv Tallam,2022
tplusa,48.14,48.14,1,Ecommerce,Bangalore,Seed,2025,Livspace,2025
virohan,48.14,24.9,2,Healthcare,Gurgaon,"Other, Series A","2020, 2021","Keiretsu Forum, Elea Foundation, Rebright Partners, Wadhwani Foundation",2021
whatfix,48.06,30.63,3,Technology,Bangalore,"Private Equity, Seed, Other","2015, 2017, 2024","Stellaris Venture Partners, Helion Venture Partners, Powerhouse Ventures, Gokul Rajaram, Girish Mathrubootham, Aneesh Reddy, Vispi Daver, Helion Venture Partner, Powerhouse Ventures, Gsf And Other Angel Investors, Sweet Nectar Investments (Warburg Pincus), SoftBank",2024
credflow,47.31,30.71,2,Fintech,Delhi,"Seed, Other","2021, 2024","Stellaris Venture Partners, Omidyar Network India, Flourish Ventures, Inflexor Ventures, Singaporeunknownbased Family Office",2024
shubh loans,47.31,34.86,2,Fintech,Bangalore,Private Equity,"2017, 2018","Saama Capital, Sri Capital, Beenext, And Pravega Ventures, Sri Capital, Beenext, Pravega Ventures",2018
taskbob,47.31,37.35,2,Consumer Internet,Mumbai,"Private Equity, Seed","2015, 2016","Ivycap Ventures, Orios Venture Partners, Mayfield India, Orios Venture Partners, Mayfield India",2016
slintel,47.31,34.86,2,Sles And Marketing,San Francisco,Unknown,2020,"Accel, Stellaris Venture Partners, Stellaris Ventures",2020
ugaoo,47.0,47.0,1,Houseplants & Urban Gardening,Pune,Series A,2024,"V3 Ventures, Dsg Consumer Partners, Rpg Ventures",2024
exprs,46.98,46.98,1,Nano Distribution,Unknown,Unknown,2020,"Sweta Rau, Sandeep Kapoor",2020
yoho,46.92,27.0,2,Manufacturing,Delhi,"Series A, Unspecified Round","2022, 2024","Rajeev Misra And Vijay Shekhar Sharm, Gulf Islamic Investments (Gii)",2024
newton school,46.89,41.5,2,Edtech,Bangalore,"Seed, Series A","2020, 2021","Nexus Venture Partners, Rtp Global, Harshil Mathur",2021
elchemy,46.48,46.48,1,Specialty Chemicals,Ahmedabad,Series A,2024,"Prime Venture Partners, Infoedge Ventures",2024
fs life,46.48,46.48,1,Consumer > Fashion,Haryana,Series B,2025,Colossa Ventures,2025
hunger,46.48,46.48,1,Food & Agriculture > Food,Maharashtra,Series A,2025,Lighthouse,2025
prism,46.48,46.48,1,Travel,Mumbai,Unknown,2025,"Incred, Aunknownlah Capital",2025
patel logistics,46.48,46.48,1,Transportation & Logistics,Mumbai,Private Equity,2015,Frontline Strategy,2015
primaryio,46.48,46.48,1,Technology,Pune,Private Equity,2017,"Accel, Exfinity Ventures, Partech Ventures",2017
burger singh,46.48,42.33,2,Qsr & Online Delivery Portal,Gurgaon,"Seed, Series A","2015, 2022","Ashvin Chadha, Avtar Monga, Udaan Angels, Dheeraj Jain, Vm Salgaocar Family Office And Rb Investments Pte. Ltd.",2022
inspecity,46.48,46.48,1,Spacetech,Mumbai,Seed,2025,Lucky Investment Maunknowngers,2025
tripoto,46.41,29.81,2,Social Media,Delhi,"Series B, Private Equity","2015, 2019","Orchid India, Hornbill Orchid India Fund, Chiratae Ventures (Formerly Idg Ventures), 3One4 Capital, Lasmer Nv, Idg Ventures, Outbox Ventures",2019
curejoy,46.06,36.52,2,Consumer Internet,Bangalore,Private Equity,"2015, 2016","Accel Partners India, Accel, Subrata Mitra, Larry Braitman, Venk Krishunknown",2016
the health factory,45.650000000000006,29.05,2,Food,Mumbai,Seed,"2022, 2024","Venture Garage And Vikas D Nahar, Peak Xv Partner’S Accelerator Program Surge",2024
the porter,45.65,45.65,1,Logistics,Mumbai,Private Equity,2015,"Sequoia Capital, Kae Capital, Anupam Mittal, Sandeep Tandon",2015
indrajaal,45.65,45.65,1,Advanced Hardware & Technology,Hyderabad,Pre-Series A,2025,"India Accelerator, Finvolve",2025
marketwolf,45.65,45.65,1,Fintech,Mumbai,Seed,2021,"Anil Thadani, Ashutosh Sinha, Roy Van Leeuwen",2021
zvesta,45.65,45.65,1,Proptech,Gurgaon,Unknown,2020,Hindustan Media Ventures,2020
toffee insurance,45.65,45.65,1,Fintech,Haryana,Series A,2020,Ivm Intersurer,2020
proactive for her,45.65,45.65,1,Healthcare,Bangalore,Series A,2022,"Vertex Ventures, Nexus Venture Partners",2022
goodera,45.65,45.65,1,Technology,Bangalore,Private Equity,2017,"Nexus Venture Partners, Omidyar Network",2017
lucira,45.65,45.65,1,Ecommerce,Mumbai,Seed,2025,Blume Ventures,2025
biggies burger,45.65,45.65,1,Food &Beverages,Bangalore,Seed,2022,Letsventure And Indian Angel Network,2022
shopse,45.65,45.65,1,Fintech,Mumbai,Unknown,2021,"Chiratae Ventures, Beenext",2021
wigglesin,45.65,45.65,1,Veterinary,Pune,Pre-Series A,2021,Anthill Ventures,2021
trulymadlycom,45.65,45.65,1,Other,Unknown,Private Equity,2015,"Helion Venture Partners, Kae Capital",2015
scalekit,45.65,45.65,1,AI,Bangalore,Seed,2025,"Together Fund, Z47",2025
plix,45.65,41.5,2,Consumer Internet,Gurgaon,"Seed, Series A","2016, 2021","Instalabs, Guild Capital, Rpsg Capital Ventures",2021
crownit,45.65,45.65,1,Hyperlocal Mobile,Gurgaon,Private Equity,2015,"Accel, Helion Venture Partners",2015
defy,45.65,45.65,1,Fintech,Bangalore,Unknown,2021,"Y Combiunknowntor, Goat Vc, Jam Fund, Goodwater Capital",2021
super bottoms,45.65,45.65,1,Other,Thane,Series A,2022,Dsg Consumer Partners And Saama Capital,2022
biofuelcircle,45.0,45.0,1,For Biomass And Biofuel,Pune,Unspecified Round,2024,"Spectrum Impact, Angels, Promoters",2024
flexibees,45.0,45.0,1,Talent,Singapore,Pre-Series A,2024,Inflection Point Ventures,2024
zunroof,44.9,24.9,2,Cleantech,Gurgaon,"Series A, Unspecified Round","2020, 2024","Godrej Investments, Anbg Enterprise Llp (Godrej Family Office), Ravinderunknownth Chadha",2024
gosats,44.82,39.01,2,Fintech,Bangalore,"Seed, Unknown","2021, 2022","Alphabit Fund, Fulgur Ventures, Stacks Accelerator, Sbx Capital, Draper Dragon And Dragon Capital Group",2022
e42,44.82,44.82,1,Computer Software,Pune,Series A,2021,Pavestone Ventures,2021
brighteye ventures,44.82,44.82,1,Edtech,Paris,Unknown,2020,Tandem,2020
justride,44.82,24.9,3,Consumer Internet,Mumbai,"Private Equity, Seed","2015, 2016","Justin Kan, Qasar Younis, Paul Bucche, Susa Ventures, Kima Ventures, Axan Venture, Scm Holdings, Dheeraj Jain, Other Angel Investors, Unknown",2016
frinks ai,44.82,44.82,1,Manufacturing Ai,Bangalore,Pre-Series A,2025,Prime Ventures Partners,2025
eveez,44.82,44.82,1,Travel,Gurgaon,Series A,2025,"Michael, Susan Dell Foundation",2025
nautilus mobile,44.82,44.82,1,Computer Games,Pune,Unknown,2022,Krafton,2022
advantage club,44.82,27.39,3,Consumer Internet,Gurgaon,"Seed, Pre-Series A, Unknown","2016, 2021","Purvi Ventures, Others, Y Combiunknowntor, Jetty Ventures, Earlsfield Capital, Smc Advisors, Kuunknownl Shah, Y Combiunknowntor, Broom Ventures, Kuunknownl Shah",2021
biryani blues,44.55,41.5,2,Food,Gurgaon,"Private Equity, Other","2016, 2025","Carpediem Capital, Others, Yugadi Capital",2025
drum food,44.03,44.03,1,Food,Mumbai,Unknown,2020,"Danone Manifesto, Mousse Partners",2020
myupchar,43.99,41.5,2,Healthcare,Delhi,"Private Equity, Seed","2017, 2018","Nexus Venture Partners, Omidyar Network And Shunwei Capital, Letsventure",2018
hostbooks,43.99,41.5,2,Information&Technology,Gurgaon,"Series A, Unspecified Round","2022, 2024","Razorpay, Orange Orbit (As Part Of A $15M Series B Funding Round)",2024
enlite research,43.99,43.99,1,Enterprise,Mumbai,Series A,2025,Avaaunknown Capital,2025
indian school finance,43.75,43.75,1,Fintech,Hyderabad,Seed,2020,Gray Matters Capital,2020
mitron,43.72,41.5,2,Media,Bangalore,"Series A, Seed",2020,"Nexus Venture Partners, 3One4 Capital, Letsventure",2020
innerchef,43.58,20.75,3,Consumer Internet,Gurgaon,"Private Equity, Unknown","2015, 2016, 2020","Mistletoe, M, S Partners, Phanindra Sama, Anupam Mittal, Vijay Shekhar Sharma, Vishal Gondal, Sateesh Andara, Others, Mistletoe",2020
hairoriginals,43.5,43.5,1,D2C Hair Extensions & Wigs,Gurgaon,Series A,2025,"Anicut Growth Fund, 12 Flags Consumer Holdings, Peyush Bansal (Lenskart)",2025
hobspace,43.160000000000004,40.67,3,Edtech,Mumbai,"Seed, Pre-Series A, Unknown","2020, 2021, 2022","Artha Venture, Siddharth Bhaskar Shah, Upsparks, Dharmil Sheth And Siddharth Bhaskar Shah",2022
ensuredit,43.160000000000004,40.67,2,Fintech,Gurgaon,"Pre-Series A, Seed","2020, 2022","Venture Catalysts, . Venture Catalysts And 9Unicorns Accelerator Fund",2022
julia computing,43.16,38.18,2,Technology,Bangalore,"Private Equity, Seed","2015, 2017","General Catalyst, Founder Collective, Gordon And Betty Moore Foundation",2017
gostops,43.16,34.86,2,Hospitality,Delhi,"Pre-Series A, Series A","2021, 2025","Ian, Yuj Ventures, Blume Ventures",2025
siply,43.16,26.56,3,Fintech,Bangalore,"Pre-Series A, Seed",2021,"Letsventure, Angellist India, Founder'S Room Circle, Inflection Point Ventures",2021
wassup,43.16,26.56,2,Consumer Internet,Chennai,Private Equity,"2015, 2017","Anil Jain, Other Hnis, Arun Chandra Mohan, Praveen Sinha",2017
mygubbi,43.16,22.41,2,Ecommerce,Bangalore,"Private Equity, Seed","2016, 2017","Firoze Irani, Vipul Parekh, Aunknownnda Kallugadde, Rajesh K Murthy, Vipul Parekh, Ajesh K Murthy",2017
airblack,43.16,43.16,1,It,Gurgaon,Series A,2021,"Edge Ventures, Elevation Capital",2021
insiderin,43.16,43.16,1,Consumer Internet,Mumbai,Private Equity,2017,Paytm,2017
awifs,43.16,43.16,1,Coworking,Delhi,Unknown,2020,"Bisque Limited, Link Investment Trust.",2020
proxgy,43.16,24.9,2,Iot,Gurgaon,"Series A, Unspecified Round",2024,"Ajinkya Rahane, Nikhil Kamath, Suniel Shetty, Vinod Duggar, Manish Patel, Manish Patel, Nikhil Kamath, Suniel Shetty, Kuldeep Mathur",2024
greythr,43.16,43.16,1,Technology,Bangalore,Private Equity,2016,"New Enterprise Associates (Nea), Blume Ventures",2016
innerhour,43.16,43.16,1,Healthcare,Mumbai,Series A,2021,"Hitesh Oberoi, Lightbox",2021
axio biosolutions,43.16,43.16,1,Medtech,Bangalore,Series B,2020,Omidyar Network India,2020
poshs metal,43.0,43.0,1,Steel Processing,Pune,Unspecified Round,2025,Aavishkaar Capital,2025
91trucks,43.0,43.0,1,Commercial Vehicle,Delhi,Unspecified Round,2025,Arkam Ventures,2025
kolo,42.75,38.18,2,Construction,Bangalore,"Pre-Seed, Seed","2021, 2022","Better Capital, Better Capital And Rtp Globa",2022
vernacular ai,42.33,42.33,1,AI,Bangalore,Series A,2020,"Exfinity Ventures, Ian Fund",2020
infinite uptime,42.33,42.33,1,Iot,Pune,Series B,2020,"Infrastructure Leasing, Fiunknownncial Services Limited, Dorm Room Fund",2020
pandorum,42.0,42.0,1,Deeptech,Bangalore,Unknown,2020,"021 Capital, Karunknowntaka Information Technology Venture Capital Fund",2020
ekanek,41.83,41.83,1,Technology,Delhi,Other,2020,"Lightspeed, Sequoia Capital",2020
nalanda learning,41.5,41.5,1,Edtech,Kolkata,Unknown,2021,Aavishkaar Capital,2021
upwards,41.5,41.5,1,Fintech,Mumbai,Private Equity,2018,"Shunwei Capital, Quotient, Mayfield, Others",2018
indusface,41.5,41.5,1,It,Unknown,Unknown,2020,Tata Capital Growth Fund Ii,2020
cureskin,41.5,41.5,1,Healthcare,Bangalore,Series A,2022,Jsw Ventures,2022
chai bisket,41.5,41.5,1,Media & Entertainment,Hyderabad,Seed,2025,"Infoedge Ventures, General Catalyst",2025
ras,41.5,41.5,1,Luxury Skincare,Raipur,Series A,2025,"Unilever Ventures, Amazon Smbhav Venture Fund",2025
jaypore,41.5,41.5,1,Ecommerce,Delhi,Private Equity,2016,Aavishkaar,2016
hug innovations,41.5,41.5,1,Technology,Hyderabad,Private Equity,2017,"Mohit Srivastav, Kishore Ganji, Venkat Vallabhaneni, Rajeev Menon",2017
capgrid,41.5,41.5,1,B2B Manufacturing Supply Saas,Gurgaon,Unspecified Round,2025,"Anicut Growth Fund, Nexus Venture Partners, Axilor Ventures",2025
oslash,41.5,41.5,1,Software Development,Bangalore,Seed,2022,"Kuunknownl Shah, Christian Oestlien",2022
ituringai,41.5,41.5,1,AI,Bangalore,Series A,2025,"Dallas Venture Capital, Mela Ventures",2025
stasis labs,41.5,41.5,1,Technology,Bangalore,Private Equity,2016,"Rtpunknownhc, Wonder Ventures, Techstars Ventures, Others",2016
spacefields,41.5,41.5,1,Advanced Hardware & Technology,Bangalore,Pre-Series A,2025,Globaz Technologies,2025
coveiot,41.5,41.5,1,Technology,Bangalore,Private Equity,2017,"Titan Co Ltd, Tata Group\\Xe2\\X80\\X99S Watch And Jewellery Retailing Firm",2017
tickertape,41.5,41.5,1,Fintech,Bangalore,Unknown,2021,Smallcase,2021
bona vita,41.5,41.5,1,Travel,Gurgaon,Private Equity,2015,Makemytrip,2015
thehousemonk,41.5,41.5,1,Real Estate,Bangalore,Unknown,2021,Aurum Proptech,2021
verloopio,41.5,41.5,1,AI,Unknown,Unknown,2020,Alpha Wave Incubation,2020
stashfin,41.5,41.5,1,Consumer Internet,Delhi,Private Equity,2017,"Snow Leopard Ventures, Alto Partners",2017
diabetomics,41.5,41.5,1,Other,Unknown,Private Equity,2015,"Ventureeast, \\Xc2\\Xa0 Varaprasad Reddy",2015
indē wild,41.5,41.5,1,Ayurvedic Skincare,Mumbai,Seed,2025,"Unilever Ventures, Sogal Ventures, The Global Ventures",2025
brainsight ai,41.5,41.5,1,Deeptech Neuroscience,Bangalore,Pre-Series A,2025,"Ian Alpha Fund, Ivycap Ventures, Silver Needle",2025
homestudio,41.5,41.5,1,Online Branded Furniture Etailer,Bangalore,Private Equity,2015,Bren Corporation,2015
humpy farms,41.5,41.5,1,Agritech,Mumbai,Angel,2022,Anushka Iyer And Prattyush Shahane,2022
bold care,41.5,41.5,1,D2C Sexual Wellness Healthtech,Mumbai,Series A,2025,"Zerodha’S Rainmatter, Mithun Sacheti (Caratlane), Siddhartha Sacheti (Jaipur Diamond), Gruhas Collective Consumer Fund, Claris Capital",2025
ozonetel,41.5,41.5,1,Telecommunications,Hyderabad,Series A,2021,Stakeboat Capital,2021
credit vidya,41.5,41.5,1,Consumer Internet,Mumbai,Private Equity,2017,Matrix Partners,2017
commonfloor,41.5,41.5,1,Other,Unknown,Private Equity,2015,Google Capital,2015
ikonz studios,41.5,41.5,1,Digital Avatars & Holography Ai/Vr,Hyderabad,Pre-Series A,2025,"Marc Jordan, Ramaunknown Thummu, Madhusudan Kela, Akash Bhanshali",2025
tagos design,41.5,41.5,1,Technology,Bangalore,Private Equity,2017,Unknown Investors,2017
mystifly,41.5,41.5,1,Consumer Internet,Bangalore,Private Equity,2016,Recruit Holdings,2016
doctalk,41.5,41.5,1,Technology,Mumbai,Private Equity,2017,"Matrix Partners, Khosla Ventures",2017
indianrootscom,41.5,41.5,1,Lifestyle Ecommerce Portal,Gurgaon,Private Equity,2015,Kjs Group,2015
kale logistics,41.5,41.5,1,Logistics,Thane,Series A,2021,Inflexor Ventures,2021
infoworks,41.5,41.5,1,Big Data Management,Bangalore,Private Equity,2015,"Nexus Venture Partners, Knoll Ventures And Others",2015
parcelled,41.5,41.5,1,Online Logistics,Bangalore,Private Equity,2015,Delhivery,2015
igowise,41.5,41.5,1,Energy > Electric Vehicles,Karnataka,Unknown,2025,Unknown,2025
homi lab,41.5,41.5,1,Edtech,Delhi,Unknown,2022,Inflection Point Ventures,2022
squadstack,41.5,41.5,1,Technology,San Francisco,Series A,2020,"Chiratae Ventures, Blume Ventures",2020
casa2inns,41.5,41.5,1,Affordable Hotel Booking Online,Delhi,Private Equity,2015,"Accel, Kalaari Capital",2015
hotelogix,41.5,41.5,1,Technology,Noida,Private Equity,2018,"Vertex Ventures, Accel Partners And Saama Capital",2018
omnivore,41.5,41.5,1,Agritech,Mumbai,Unspecified Round,2024,Proparco,2024
sucseed indovation,41.5,41.5,1,Fintech,Hyderabad,Unknown,2020,Unknown,2020
nutrabay,41.5,41.5,1,D2C Retail,Delhi,Series A,2024,"Rpsg Capital Ventures, Kotak Alterunknownte Asset Maunknowngers",2024
medtel healthcare,41.5,41.5,1,Healthcare,Orissia,Pre-Series A,2021,Unknown,2021
probus smart things,41.5,41.5,1,Iot & Data Analytics,Noida,Series A,2025,"Unicorn India Ventures, Usunknownbased, Indian Family Offices",2025
ethrealx,41.5,41.5,1,Healthcare,Bangalore,Seed,2024,"Yournest, Big Global Investments Jsc, Bluehill Capital, Campus Fund, Golden Sparrow Ventures",2024
alefnmobitech,41.5,41.5,1,Consumer Internet,Mumbai,Private Equity,2016,Tata Capital Innovation Fund,2016
good health clinic,41.5,41.5,1,Healthcare,Hyderabad,Unknown,2021,Khosla Ventures,2021
secret alchemist,41.5,41.5,1,Wellness,Mumbai,Seed,2024,Samantha Prabhu,2024
escape plan,41.5,41.5,1,Ecommerce,Bangalore,Seed,2025,"Jungle Ventures, Fireside Ventures",2025
securens,41.5,41.5,1,Technology,Mumbai,Private Equity,2017,"Mayfield India, Trifecta Capital",2017
sensehawk,41.5,41.5,1,Solar Saas,Bangalore,Series A,2020,"Falcon Edge Capital, Saif Partners",2020
lio,41.5,41.5,1,Computer Software,Pune,Seed,2021,"Lightspeed, Sequioa",2021
liases foras,41.5,41.5,1,Real Estate Rating & Analysis,Delhi,Private Equity,2015,Dmg Information Asia Pacific,2015
assesslim,41.5,41.5,1,High > Ai Infrastructure,West Bengal,Seed,2025,Foxhog Ventures / Ideas Tih,2025
ahammune biosciences,41.5,41.5,1,Biotech,Pune,Series A,2024,Pi Ventures,2024
zebu,41.5,33.2,2,Cybersecurity,Unknown,"Seed, Pre-Series A","2020, 2025","Unknown, Bluehill Vc",2025
shop 101,41.5,41.5,1,Consumer Internet,Mumbai,Private Equity,2018,"Stellaris Venture Partners, Vy Capital, Raghuunknownndan G, And Ramakant Sharma",2018
emversity,41.5,41.5,1,Edtech,Bangalore,Pre-Series A,2025,Z47 And Lightspeed,2025
pluckk,41.5,41.5,1,Food,Mumbai,Seed,2022,Exponentia Ventures,2022
arata,41.5,33.2,2,Ecommerce,Delhi,"Pre-Series A, Series A","2020, 2024","Dsg Consumer Partners, Unilever Ventures, L’Oréal’S Bold Ventures, Skywalker Family Office",2024
growth school,41.5,41.5,1,Edtech,Bangalore,Seed,2022,"Sequoia Capital, Owl Ventures",2022
wooplrcom,41.5,41.5,1,Other,Unknown,Private Equity,2015,Helion Venture Partners,2015
fanztar,41.5,41.5,1,Software,Gurgaon,Seed,2022,India Quotient And Farid Ahsan,2022
salaryfits,41.5,41.5,1,Fintech,Unknown,Unknown,2020,Brazilian Vc Fund Confrapar,2020
landeed,41.5,41.5,1,Property Title Search Engine,Hyderabad,Other,2025,"10X Founders Fund, Oliver Jung, Paradigm Shift, Pioneer Fund, Others",2025
legal raasta,41.5,41.5,1,Consumer Internet,Delhi,Private Equity,2017,Impanix Capital,2017
even,41.5,41.5,1,Healthcare,Bangalore,Seed,2021,Khosla Ventures,2021
gozoomo,41.5,41.5,1,Used Car,Bangalore,Private Equity,2015,Saif Partners,2015
pocket aces,41.5,24.9,2,Technology,Mumbai,"Private Equity, Unknown","2016, 2021","Sequoia Capital, North Base Media, Aarin Capital, 3One4 Capital, Axilor Ventures, Kuunknownl Shah, Sandeep Tandon, 3One4 Capital, Dsp Group",2021
evenflow,41.5,41.5,1,Multibrand,Mumbai,Series A,2025,"Venture Catalysts, Sunder Ramachandran",2025
pokkt,41.5,41.5,1,Alternate Mobile Monetization,Mumbai,Private Equity,2015,"Segnel Venture, Shinji Kimura, Sundar Chanrai, Jafco Asia, Singtel\\Xe2\\X80\\X99S Innov8, Jungle Ventures, K Ganesh",2015
wysa,41.5,41.5,1,AI,Bangalore,Series A,2021,"W Health Ventures, Pi Ventures",2021
yaap,41.5,41.5,1,Consumer Internet,Delhi,Private Equity,2016,Rainmaker Ventures,2016
samunnati financial,41.5,41.5,1,Fintech,Chennai,Debt,2019,"Massif, A Dutch Government Fund",2019
amperehour energy,41.5,41.5,1,Energy Storage,Pune,Series A,2025,Avaaunknown Capital,2025
satsure,41.5,41.5,1,Defense & Space,Bangalore,Pre-Series A,2022,"Baring Pe India, Adb Ventures",2022
hansa customer equity,41.5,41.5,1,It / Customer Engagement Consulting,Mumbai,Private Equity,2015,Ask Pravi,2015
fireflies ai,41.5,41.5,1,AI,Unknown,Unknown,2020,Caunknownan Partners,2020
rage coffee,41.5,41.5,1,Food,Delhi,Unknown,2021,Sixth Sense Ventures,2021
localoye,41.5,41.5,1,Hyperlocal Online,Mumbai,Private Equity,2015,"Tiger Global Maunknowngement, Lightspeed",2015
freecultr,41.5,41.5,1,Apparel & Fashion,Delhi,Other,2022,Sixth Sense Ventures,2022
healthsignz,41.5,41.5,1,Healthcare,Hyderabad,Other,2018,Kantilal Patel,2018
skydo,41.5,41.5,1,Crossborder Payments,Bangalore,Equity,2024,"Elevation Capital, Angel Investors",2024
vymo,41.5,41.5,1,Technology,Bangalore,Private Equity,2016,Sequoia India,2016
vyapar app,41.5,41.5,1,Accounting,Bangalore,Series A,2019,"India Quotient, Axilor Ventures",2019
3rdflix,41.5,41.5,1,SaaS,Hyderabad,Pre-Series A,2019,Exfinity Venture Partners,2019
flint,41.5,41.5,1,Fintech,Bangalore,Seed,2022,"Sequoia Capital, Gfc",2022
lucio,41.5,41.5,1,High > Chatbots,Karnataka,Series A,2025,Devc,2025
21k school,41.5,41.5,1,Edtech,Bangalore,Pre-Series A,2021,Ronnie Screwvala,2021
voxelgrids,41.5,41.5,1,Deeptech,Bangalore,Unknown,2021,Zoho,2021
funstop games,41.5,41.5,1,Casual Gaming,Delhi,Series A,2024,"360 One Asset, Infoedge Ventures",2024
furtherai,41.5,41.5,1,AI,Us,Unspecified Round,2025,Nexus Venture Partners,2025
drivestream,41.5,41.5,1,Other,Unknown,Private Equity,2015,Wipro,2015
elong,41.5,41.5,1,Data Driven Recruitment Recommendation,Bangalore,Private Equity,2015,"Kuunknownl Bahl, Rohit Bansal, Blume Ventures, Phanindra Sama, Raju Reddy",2015
90 my tuition app,41.5,41.5,1,Edtech,Bangalore,Series A,2021,Pearl Investment Llc,2021
eccentric,41.5,41.5,1,Automotive 3D,Mumbai,Pre-Series A,2025,"Exfinity Venture Partners, Arkam Ventures",2025
livve homes,41.5,41.5,1,Rental Space,Bangalore,Unknown,2021,Angel Investors,2021
actyvai,41.5,41.5,1,Computer Software,Bangalore,Pre-Series A,2022,1Digi Investment Maunknowngement,2022
magma,41.5,41.5,1,B2B Manufacturing,Ahmedabad,Series A,2025,Capria Ventures,2025
rugr,41.5,41.5,1,Fintech,Karnataka,Seed,2025,Vikasa India Eif Fund,2025
ace turtle,41.5,41.5,1,Technology,Bangalore,Private Equity,2017,"Vertex Ventures, C31 Ventures",2017
roposocom,41.5,41.5,1,Other,Unknown,Private Equity,2015,"Tiger Global Maunknowngement, Indian Quotient, Binny Bansal",2015
shotangcom,41.5,41.5,1,B2B Ecommerce,Bangalore,Private Equity,2015,"Exfinity Venture Partners, Unitus Impact Livelihoods Fund",2015
sastasundar,41.5,41.5,1,Ecommerce,Kolkata,Private Equity,2017,Rohto Pharmaceutical,2017
getvantage,41.5,41.5,1,Fintech,Mumbai,Seed,2020,"Samyakth Capital, Venture Catalysts",2020
riskcovry,41.5,41.5,1,Fintech,Bangalore,Series A,2021,"Better Capital, Bharat Inclusion Seed Fund",2021
payglocal,40.67,40.67,1,Fintech,Bangalore,Series A,2021,Sequoia Capital,2021
geoiq,40.67,38.18,2,AI,Bangalore,"Seed, Unknown","2020, 2022","Ankur Mittal, Mitesh Shah, Rohit Bansal And 9Unicorns Accelerator Fund",2022
zoff,40.0,40.0,1,Spices,Raipur,Unspecified Round,2024,Jm Fiunknownncial Private Equity,2024
aroa venture partners,40.0,40.0,1,Investment Fund,Gurgaon,Other,2024,"Sidbi, Up Government'S Fund",2024
hbits,40.0,40.0,1,Commercial Real Estate,Mumbai,Series A,2025,Capricon Realty Private Limited (Thackersey Group),2025
flexmoney,39.84,39.84,1,Fintech,Mumbai,Series A,2021,Pravega Ventures,2021
network intelligence,39.84,39.84,1,Technology,Mumbai,Private Equity,2018,Helix Investments,2018
zango ai,39.84,39.84,1,AI,Indore,Seed,2025,"Nexus Venture Partners, South Park Commons, Notion Capital, No Label Ventures, Start Ventures",2025
rawpressery,39.84,39.84,1,Consumer Internet,Mumbai,Debt,2018,Alteria Capital,2018
bharatx,39.84,39.84,1,Fintech,Bangalore,Seed,2022,Ankur Aggarwal And Vikas Choudhury,2022
early salary,39.67,33.2,2,Consumer Internet,Pune,"Debt, Private Equity",2017,"Ifmr Capital, Dg Ventures India, Dewan Housing Fiunknownnce Corp",2017
capricoast,39.43,29.05,2,Modular Furnishings,Bangalore,"Private Equity, Seed",2015,"Accel Partners India, Rb Investments, Accel Partners India",2015
matters,39.42,39.42,1,Enterprise Infrastructure > Cybersecurity,Karnataka,Seed,2025,Kalaari Capital,2025
loankuber,39.010000000000005,29.05,2,Digital Mortgage,Delhi,"Pre-Series A, Other","2021, 2024","Unknown, Trtl Vc, Inflection Point Ventures, And Others",2024
mobileware,39.01,39.01,1,Information Technology &,Mumbai,Unknown,2021,Kvanto Payment Services,2021
coffeee,39.01,39.01,1,Information Technology,Gurgaon,Pre-Seed,2022,Rameez Menon And Renu Satti,2022
presolv360,39.01,39.01,1,Enterprise,Mumbai,Series A,2025,"Elevation Capital, Mga Ventures",2025
legends league cricket,39.0,39.0,1,Sports,Delhi,Equity,2024,Brickwork,2024
plush,38.68,38.68,1,Personal Care Products,Tamil Nadu,Series B,2025,Blume Ventures,2025
pumpumpum,38.620000000000005,27.39,4,Automotive,Gurgaon,"Debt, Unknown, Pre-Series A","2020, 2021, 2022","Unknown, Letsventure Syndicate, Kogta Fiunknownncial India Limited, Icici Bank, Letsventure And Founder'S Room Capital",2022
fastfox,38.18,38.18,1,Consumer Internet,Gurgaon,Private Equity,2017,"Lightspeed, Blume Ventures, Cyberagent Ventures, Growx Ventures, Imj Investment Partners",2017
zedaio,38.18,28.22,2,Information&Technology,Bangalore,Seed,2022,"Beenext And Radiant Sfo, Beenext",2022
testsigma,38.18,38.18,1,Information Technology &,Bangalore,Unknown,2022,"Accel, Strive",2022
rabitat,38.18,38.18,1,Ecommerce,Delhi,Series A,2025,"Rpsg Capital, Dsg Consumer Partners, Capital A, Accurize Syndicate, Flair Writing Family Office, Eagle Venture Fund, Ag Ventures, Vedang Patel, Harsh Lal, Rohin Samtaney, Ramakant Sharma, Sourabh Jain, Ankit Nagori",2025
artium academy,37.76,31.54,2,Music,Mumbai,Seed,"2021, 2022","Sonu Nigam, Whiteboard Capital, Chiratae Ventures And Piyush Shah",2022
hackerearth,37.35,37.35,1,Consumer Internet,Bangalore,Private Equity,2017,"Dhi Group Inc, Prime Venture Partners, Beenext, Beenos, Digital Garage, Bizreach",2017
greenjoules,37.35,37.35,1,Renewable Energy,Pune,Series A,2021,Blue Ashva Capital,2021
swish club,37.35,37.35,1,Devicesasaservice Daas,Bangalore,Pre-Series A,2025,"Powerhouse Ventures, Blume Ventures, Founders Fund, Touchstone Ventures, Eterunknownl Capital, Atrium Ventures",2025
ekacare,37.35,37.35,1,Healthcare,Bangalore,Unknown,2021,"Deep Kalra, Ashish Kashyap, Rajesh Magow",2021
printvenue,37.35,37.35,1,Other,Unknown,Private Equity,2015,Asia Pacific Internet Group,2015
zilo,37.35,37.35,1,Consumer,Mumbai,Seed,2025,"Info Edge Ventures, Chiratae Ventures",2025
customfurnish,37.35,37.35,1,Custom Made Furniture Etailer,Hyderabad,Private Equity,2015,Agnus Capital,2015
petpooja,37.35,37.35,1,Information Technology &,Ahmedabad,Unknown,2021,"Aroa Ventures, Gvfl, Udaan",2021
magicbricks,37.35,37.35,1,Consumer Internet,Mumbai,Private Equity,2017,Times Internet Ltd,2017
tartanhq,37.35,37.35,1,Information&Technology,Bangalore,Seed,2022,Varanium Capital Advisors And 500 Startups,2022
grow fit,37.35,37.35,1,Consumer Internet,Bangalore,Private Equity,2017,"Manipal Education And Medical Group (Memg), Sar Group, The Grover Trust",2017
clair,37.35,37.35,1,Fintech,New York,Seed,2020,"Upfront Ventures, Walkabout Ventures",2020
stack,37.35,37.35,1,Fintech,Bangalore,Seed,2021,"Y Combiunknowntor, Harvard Maunknowngement",2021
awign enterprises,37.35,33.2,2,Work Fulfillment,Bangalore,"Unknown, Series A",2020,"Unitus Ventures, Work10M, Work10M, Michael And Susan Dell Foundation, Eagle10, Unitus Ventures.",2020
quid cash,37.35,37.35,1,Supply Fintech,Bangalore,Pre-Series A,2024,"Angel Investors, Including Piyush Jain, And Mintcap",2024
easy diner,37.35,37.35,1,Consumer Internet,Gurgaon,Private Equity,2017,Saama Capital And Dsg Consumer Partners,2017
rapidbox,37.35,37.35,1,Ecommerce,Bangalore,Series A,2022,"Abhishek Kumar, Gautam Chopra, Kuunknownl Kiunknownlekar, Yash Sehgal",2022
iqlect,37.35,20.75,2,Technology,Bangalore,"Other, Private Equity","2015, 2018","Ventureast And Exfinity, Exfinity Venture Partners",2018
hbox,37.0,37.0,1,Healthcare,Massachusetts,Unknown,2022,Unknown,2022
savein,37.0,37.0,1,Fintech,Delhi,Unspecified Round,2025,"10X Founders, Oliver Jung, Leblon Capital, Stem Ai",2025
ultraviolette automotive,36.6,33.2,2,Automobiles,Bangalore,Series B,2020,Tvs Motor Company,2020
fleetx,36.54,24.9,2,Technology,Gurgaon,"Other, Series A",2020,"Rohit Bansal, Rohan Raunknownvat, Beenext",2020
ajnalens,36.1133,12.45,4,Ar/Vr,Thane,"Bridge, Pre-Series A, Unknown","2020, 2022, 2025","Mohsin Hani Al Bahrani, Mod, Maharashtra Defence, Aerospace Venture Fund (Mdavf), Let'S Venture Angel Fund, Jito Angel Network, Lenskart",2025
dyte,36.1,36.1,1,It And It Consulting,Bangalore,Unknown,2022,Multiples,2022
care24,36.1,33.2,2,Healthcare,Mumbai,"Private Equity, Seed","2015, 2016","Saif Partners, India Quotient, India Quotient",2016
sadbhav future tech,36.0,36.0,1,Agritech,Gurgaon,Other,2025,Chaunknownkya Opportunities Fund,2025
wevois,36.0,36.0,1,Waste Management,Jaipur,Series A,2025,"Negen Capital, Vyom Wealth, Venture Catalysts, Sn Capital, Warmup Ventures, Marsshot Ventures, Others",2025
cautio,35.9,24.9,2,Advanced Hardware & Technology,Bangalore,Seed,2025,"Unknown, 9Unicorns, Venture Catalysts, Antler India, Infinyte Club, Ministry Of Electronics And It (Meity)",2025
truefan,35.69,35.69,1,Media,Mumbai,Seed,2020,"Mayfield India, Saama Capital, Ronnie Screwvala",2020
track3d,35.69,35.69,1,AI,Nan,Seed,2024,"Endiya Partners, Shadow Ventures, Monta Vista Capital",2024
suite42,35.69,35.69,1,Food,Bangalore,Seed,2022,Sujeet Kumar And All In Capital,2022
smartstaff,35.69,35.69,1,Recruitment,Bangalore,Unknown,2021,"Blume Ventures, Nexus Venture Partners",2021
icustommadeit,35.28,33.2,2,Ecommerce,Pune,"Private Equity, Seed","2015, 2016","Brand Capital, Siddhiviunknownyak Skyscrapers, Dinesh R. Challa, Group Of Angel Investors",2016
nivaan care,35.27,35.27,1,Chronic Pain Management Healthtech,Delhi,Seed,2025,"Endiya Partners, W Health Ventures",2025
text mercato,35.269999999999996,29.88,2,Other,Bangalore,"Series A, Seed","2020, 2022","1Crowd, Tremis Capital And 1Crowd",2022
bizloan,35.0,35.0,1,Fintech,Gurgaon,Series A,2025,"Michael, Susan Dell Foundation, Blinc Invest",2025
nua,35.0,35.0,1,Womens Wellness & Hygiene,Mumbai,Other,2025,"Mirabilis Investment Trust, Samir Singh (Colgate Palmolive), Shuchi Kothari (Dsp Family Office)",2025
kooh sports,34.86,18.26,2,Technology,Mumbai,Private Equity,"2015, 2016","Hdfc, Faering Capital, Elevate Sports, Tcs, Hdfc, Faering Capital, Elevate Sports",2016
lysto,34.86,24.9,2,Nft,Bangalore,Seed,"2021, 2022","Beenext, . Better Capital And Beenext",2022
the money club,34.86,20.75,2,Fintech,Noida,"Pre-Series A, Series A","2021, 2024","Sosv, Venture Catalysts, Prudent Investment Maunknowngers",2024
onfinance,34.86,34.86,1,AI,Bangalore,Pre-Series A,2025,Peak Xv (Surge),2025
akudo,34.86,34.86,1,Fintech,Bangalore,Seed,2021,"Y Combiunknowntor, Jafco Asia, Incubate Fund India, Marquee Angels",2021
budybot,34.86,34.86,1,AI,India,Unspecified Round,2024,Rtp Global,2024
intelligencenode,34.86,34.86,1,Data Analytics,Mumbai,Private Equity,2015,"New Enterprise Associates, Orios Venture Partners",2015
enguru,34.86,34.86,1,Edtech,Bangalore,Seed,2022,Letsventure And Arihant Patni,2022
whizzo,34.86,34.86,1,Materials Science Manufacturing,Bangalore,Seed,2025,"Lightspeed, Beenext",2025
maieutic semiconductor,34.86,34.86,1,Advanced Hardware & Technology,Bangalore,Seed,2025,"Endiya Partners, Exfinity Venture Partners",2025
arivihan,34.86,34.86,1,Edtech,Indore,Pre-Series A,2025,"Prosus, Accel",2025
newsinshorts,34.45,34.45,1,Other,Unknown,Private Equity,2015,"Tiger Global, Rebright Partners, Sachin And Binny Bansal",2015
true diamond,34.3,26.0,2,Retail Luxury Goods And Jewellery,Mumbai,"Seed, Pre-Series A","2024, 2025","Titan Capital, Huddle Ventures, Zeropearl Ventures, Ashutosh Valani, Priyank Shah, Aashka Goradia Goble, Ghazal Alagh, Abhishek Goyal, Anmol Jain, Unknown",2025
cheelizza,34.11,34.11,1,Food,Mumbai,Seed,2022,Indian Angel Network And Rahul Suraunknown,2022
openapp,34.03,29.88,2,Technology,Bangalore,"Private Equity, Unknown","2017, 2020","Axilor Ventures, Kumar Vembu, Unicorn India Ventures",2020
roambee,34.03,34.03,1,Technology,Mumbai,Private Equity,2017,"Deutsche Telekom Strategic Investments, Others",2017
leafybus,34.03,34.03,1,Travel,Delhi,Pre-Series A,2025,Enetra India,2025
wokelo,33.2,33.2,1,Due Diligence,Delhi,Unspecified Round,2024,Not Disclosed,2024
locobuzz,33.2,33.2,1,Analytics,Mumbai,Series A,2021,Yuj Ventures,2021
mynvax,33.2,33.2,1,Biotechnology,Bangalore,Series A,2021,"Accel, Letsventure, 1Crowd",2021
upswing financial,33.2,33.2,1,Fintech,Mumbai,Unknown,2022,"Kuunknownl Shah, Rajan Bajaj",2022
medecube,33.2,33.2,1,Healthcare,Gurgaon,Private Equity,2016,Artiman Ventures,2016
kedara capital,33.2,33.2,1,Fintech,Mumbai,Unknown,2022,Oasis Fertility,2022
unbound,33.2,33.2,1,Enterprise Ai Security And Governance,Pune,Seed,2025,Race Capital,2025
meritnation,33.2,33.2,1,Online Learning,Delhi,Private Equity,2015,Infoedge,2015
moneyboxx,33.2,24.9,2,Fintech,Mumbai,"Debt, Unknown","2021, 2022","Ashv Fiunknownnce, Blacksoil Capital, Unknown",2022
muvin,33.2,24.9,2,Fintech,Bangalore,"Seed, Pre-Series A","2021, 2022","Unknown, Waterbridge Ventures",2022
vlcc health care,33.2,33.2,1,Healthcare,Gurgaon,Unknown,2021,Unknown,2021
billion hearts,33.2,33.2,1,Consumer,Delhi,Unspecified Round,2024,Blume Ventures,2024
threedots,33.2,33.2,1,Fintech,Bangalore,Seed,2022,Kalaari Capital,2022
luma fertility,33.2,33.2,1,Healthcare,Mumbai,Seed,2025,"Peak Xv, Ameera Shah, Vijay Taparia",2025
amwoodo,33.2,33.2,1,Ecommerce,Kolkata,Pre-Series A,2025,Rainmatter,2025
tuco kids,33.2,33.2,1,Ecommerce,Bangalore,Series A,2025,Rtp Global,2025
anchanto,33.2,33.2,1,It,Pune,Private Equity,2018,"Mdi Ventures, Telkom Indonesia",2018
altizone,33.2,33.2,1,Technology,Pune,Private Equity,2016,"Wipro Ventures, \\Xc2\\Xa0 Lumis Partners",2016
kaar,33.2,33.2,1,Information Technology &,Chennai,Unknown,2021,Blacksoil,2021
weskill,33.2,33.2,1,Edtech,Gurgaon,Pre-Seed,2021,"Shrishti Sahu, Umang Vohra",2021
v resorts,33.2,33.2,1,Consumer Internet,Noida,Private Equity,2017,"Seedfund, Rb Interunknowntiounknownl",2017
livquik technology,33.2,33.2,1,Fintech,Mumbai,Unknown,2021,M2P Fintech,2021
lets transport,33.2,33.2,1,Consumer Internet,Bangalore,Private Equity,2017,"Gmo Japan, Neelesh Bhatunknowngar",2017
inthree,33.2,33.2,1,Consumer Internet,Chennai,Other,2018,"Ventureast, Orios Venture Partners And The Ian Fund",2018
metadome,33.2,33.2,1,Computer Software,Bangalore,Pre-Series A,2021,"Chiratae Ventures, Lenskart Vision Fund",2021
advantageclubai,33.2,33.2,1,Hrtech,Gurgaon,Unknown,2024,Axilor Ventures,2024
kofluence,33.2,33.2,1,Marketing & Advertising,Bangalore,Pre-Series A,2022,"Kuunknownl Shah, Apoorva Mehta",2022
varaha,33.2,33.2,1,Agtech,Delhi,Seed,2022,. Kuunknownl Shah And Orios Venture Partners,2022
inurture education,33.2,33.2,1,Edtech,Unknown,Unknown,2020,Kimera Ltd,2020
buildzar,33.2,33.2,1,Ecommerce,Gurgaon,Private Equity,2016,Puneet Dalmia,2016
lends,33.2,33.2,1,Consumer Internet,Delhi,Private Equity,2016,"Dsg Consumer Partners, American Express Ventures, Cyber Carrier Vc, Advantedge Partners",2016
chai kings,33.2,24.9,2,Beverage,Chennai,"Unknown, Series A","2020, 2025","The Chenunknowni Angels (Tca), A.V. Thomas And Co",2025
kreedo,33.2,33.2,1,Edtech,Bangalore,Series A,2024,Heritas Capital,2024
indigrid technology,33.2,33.2,1,Enterprise,Gurgaon,Unknown,2025,Cactus Partners,2025
optacredit,33.2,33.2,1,Fintech,Chennai,Private Equity,2018,Dmi Fiunknownnce,2018
revx,33.2,33.2,1,Crosschannel Crm,Mumbai,Private Equity,2015,"Norwest Venture Partners, Nexus Venture Partners, Helion Venture Partners, Draper Fisher Jurvetson, Peepul Capital",2015
synapsica,33.2,33.2,1,Healthcare,Delhi,Series A,2021,"Ivycap Ventures, Endiya Partners",2021
hansel io,33.2,33.2,1,Consumer Internet,Bangalore,Other,2018,Vertex Ventures,2018
sporjo,33.2,16.6,2,Sportstech,Mumbai,"Unknown, Pre-Series A",2021,Punit Balan,2021
rksv,33.2,33.2,1,Consumer Internet,Mumbai,Private Equity,2016,Kalaari Capital,2016
svasti microfinance,33.2,33.2,1,Fintech,Mumbai,Unknown,2021,"Kayenne Ventures, Nordic Microfiunknownnce Initiative",2021
rml agtech,33.2,33.2,1,Technology,Pune,Private Equity,2017,Ivycap Ventures,2017
i am love,33.2,33.2,1,Healthcare,Mumbai,Seed,2021,Xentel Investments,2021
playsimple,33.2,33.2,1,Technology,Bangalore,Private Equity,2016,"Saif Partners, Idg Ventures India",2016
eupheus,33.2,33.2,1,Edtech,Delhi,Series B,2021,"Yuj Ventures, Sixth Sense Ventures",2021
superzop,33.2,33.2,1,Retail,Mumbai,Series A,2021,Incofin’S India Progress Fund,2021
scoopwhoop,33.2,33.2,1,Viral Content Web,Delhi,Private Equity,2015,Kalaari Capital,2015
grip invest,33.2,24.9,2,Fintech,Gurgaon,"Series A, Unknown","2021, 2022","Venture Highway, Endiya Partners, Unknown",2022
schmooze,33.2,33.2,1,Dating,Unknown,Other,2024,"Elevation Capital, Ultrahuman Founders, The Souled Store Founders, Paytm Founders",2024
evera cabs,33.2,33.2,1,Travel,Delhi,Debt,2025,Mufin Green Fiunknownnce,2025
saveo,33.2,33.2,1,Healthcare,Bangalore,Seed,2021,"Matrix Partners, Rtp Global",2021
sandlogic,33.2,33.2,1,Computer Software,Bangalore,Pre-Series A,2022,"Sanjay Singhania, Sai Kumar",2022
ido devices,33.2,33.2,1,Ecommerce,Noida,Unknown,2025,"Blume Ventures, Merak Ventures",2025
ignosis,33.2,33.2,1,Fintech,Gujarat,Seed,2025,Peak Xv Partners,2025
imbesharam,33.2,33.2,1,Ecommerce,Delhi,Private Equity,2016,Unknown Us Based Investors,2016
incnut digital,33.2,33.2,1,Ecommerce,Hyderabad,Series A,2020,Rpsg Ventures,2020
genius teacher,33.2,16.6,2,Edtech,Mumbai,Unknown,2020,"Sandeep Tandon, Daniel Lapus, Whiteboard Capital, Vkg Ventures Llp.",2020
revos,33.2,33.2,1,Automotive,Bangalore,Series A,2021,Unknown,2021
reverie,33.2,33.2,1,Language Localization Cloud,Bangalore,Private Equity,2015,"Aspada Investment Advisors, Qualcomm Ventures",2015
thesys,33.2,33.2,1,AI,Chennai,Seed,2024,"Together Fund, 8Vc",2024
cleardekho,33.2,33.2,1,Retail,Ghaziabad,Pre-Series A,2021,Aroa Ventures,2021
hippo video,33.2,33.2,1,Video Personalization,New York,Series A,2020,"Surge, Kae Capital",2020
pastiwala,33.2,33.2,1,Material Collection & Recycling,Vadodara,Private Equity,2015,Agnus Capital,2015
hipbar,33.2,33.2,1,Consumer Internet,Bangalore,Private Equity,2018,Diageo India,2018
clinikk,33.2,33.2,1,Hospital & Health Care,Bangalore,Pre-Series A,2021,Massmutual Ventures,2021
cloudphysician,33.2,33.2,1,Hospital & Health Care,Bangalore,Pre-Series A,2021,Elevar Equity,2021
fyno,33.2,33.2,1,Enterprise Applications > Customer Success Management,Karnataka,Seed,2025,Arkam Ventures / 3One4 Capital,2025
driveu,33.2,24.9,2,Transport,Bangalore,"Other, Private Equity",2018,"Stevens Creek Ventures, Amit Singhal And Unitus Seed Fund",2018
soolegal,33.2,33.2,1,Legaltech,Delhi,Unknown,2020,Unknown,2020
ecoex,33.2,33.2,1,Environment > Solid Waste Management,Delhi,Seed,2025,Unknown,2025
freightwalla,33.2,33.2,1,B2B,Mumbai,Series A,2020,"Amplo, Fj Labs, Rogue One Capital",2020
peppermint robotics,33.2,33.2,1,Robotics,Pune,Series A,2025,Indian Angel Network,2025
spacejoy,33.2,33.2,1,Design,Bangalore,Pre-Series A,2022,Accel,2022
sparkl edventure,33.2,33.2,1,Edtech,Delhi,Seed,2024,"Rainmatter Foundation (Nithin Kamath), Zomato’S Deepinder Goyal",2024
salarybox,33.2,33.2,1,Fintech,Gurgaon,Seed,2021,"Yunknowncombiunknowntor, Ame Cloud Ventures, Gokul Rajaram",2021
sigtuple medtech,33.0,33.0,1,Medtech,Bangalore,Series C,2024,Sidbi Venture Capital,2024
vipul organics,32.95,32.95,1,Chemicals & Materials > Dyes Pigments And Inks,Maharashtra,IPO,2025,Unknown,2025
yulu,32.9,32.9,1,Micromobiity,Unknown,Unknown,2020,Rocketship,2020
phool,32.8,32.8,1,Enviromental Engineering,Kanpur,Unknown,2022,Multiples,2022
shop101,32.37,32.37,1,Social Ecommerce,Unknown,Series C,2020,"Stellaris Venture Partners, Unilever Ventures, Kalaari Capital, Vy Capital",2020
dpd zero,32.37,32.37,1,Fintech,Bangalore,Pre-Seed,2022,Abhishek Kothari And Ramaunknownthan Rv,2022
the indus valley,32.230000000000004,23.1,2,Consumer Goods,Chennai,"Unknown, Pre-Series A","2021, 2024","Rukam Capital, Dsg Consumer Partners, The Chenunknowni Angels, Dsg Consumer Partners",2024
drinkprime,32.2,23.9,2,Appliance,Bangalore,"Pre-Series A, Unknown","2020, 2021","Sequoia Surge, Uc Inclusive Credit, Western Capital",2021
greengrahi,32.0,32.0,1,Agritech,Delhi,Unspecified Round,2025,Avaaunknown Capital,2025
procol,31.73,31.73,1,Agritech,Delhi,Unknown,2020,Sequoia Surge,2020
superplum,31.54,31.54,1,Agritech,Noida,Pre-Series A,2021,Marquee Investors,2021
foyrcom,31.54,31.54,1,Technology,Hyderabad,Private Equity,2017,Jones Lang Lasalle,2017
yojak,31.54,31.54,1,B2B,Gurgaon,Unknown,2021,Info Edge Ventures,2021
sleepycat,31.54,31.54,1,Furniture,Mumbai,Unknown,2021,"Saama Capital, Dsg Consumer Partners, Sharrp Ventures",2021
pariksha,31.54,16.6,2,Edtech,Pune,"Pre-Series A, Unknown",2021,"Venture Catalysts, 9Unicorns Accelerator Fund",2021
marquee equity,31.54,31.54,1,Fintech,Mumbai,Unknown,2021,"Capital One, Arrowroot Capital",2021
exposome,31.5,21.5,2,Cleantech,Mumbai,"Pre-Series A, Seed","2024, 2025","Colossa Ventures, 3I Partners, Bhukhanvala Holdings, Excel Industries, Spectrum Impact, Colossa Ventures",2025
bitespeed,31.330000000000002,29.05,2,Ecommerce,Gurgaon,"Seed, Pre-Series A","2020, 2024","Whiteboard Capital, Peak Xv Surge, Whiteboard Capital, Gaurav Munjal, Aakash Aunknownnd, Dhruv Vohra, Others",2024
stimuler,31.12,31.12,1,Edtech,Bangalore,Pre-Series A,2025,"Lightspeed, Swc Global",2025
cashkarocom,30.71,30.71,1,Ecommerce Discount & Cashback Coupons,Gurgaon,Private Equity,2015,Kalaari Capital,2015
goodbox,30.71,20.75,3,Ecommerce,Bangalore,"Private Equity, Seed","2015, 2017","Nexus Venture Partners, Mekin Maheshwari, Nexus Venture Partners, Manipal Group",2017
brickbolt,30.71,18.26,2,Construction,Bangalore,"Series A, Pre-Series A",2020,"Meghunknown Agarwal, Navin Dhanuka, Surge",2020
cash suvidha,30.71,22.41,2,Consumer Internet,Delhi,"Other, Debt","2017, 2018","Initia Holdings, Vipin Agarwal And Others., Unknown",2018
airpay,30.46,30.46,1,Technology,Mumbai,Private Equity,2017,"Kalaari Capital, Rakesh And Rajesh Jhunjhunwala",2017
blowhorn,30.3,30.3,1,Consumer Internet,Bangalore,Private Equity,2017,"Idg Ventures India, Michael, Susan Dell Foundation, Draper Associates, Unitus Seed Fund",2017
holiday tribe,30.299999999999997,24.9,2,Traveltech,Delhi,"Seed, Pre-Series A","2024, 2025","Powerhouse Ventures, Gsf, Dinesh Agarwal (Indiamart), Murugavel Jaunknownkiraman (Bharatmatrimony), Powerhouse Ventures",2025
all things baby,30.0,30.0,1,Baby & Mothercare,Mumbai,Series A,2024,"Manish Choksi Family Office, Richa Choksi",2024
dr reddys laboratories,30.0,30.0,1,Pharmaceutical,Hyderabad,Strategic Investment,2025,Acquired A 0.32% Stake By Go Digit (Insurtech Unknown Investments),2025
boba bhai,30.0,30.0,1,Qsr Bubble Tea,Bangalore,Unspecified Round,2025,8I Ventures,2025
proost,30.0,30.0,1,Beer,Delhi,Series A,2024,"Chimes Group, Srinivasan Namala, Hyderabad Angels, The Chenunknowni Angels, Others",2024
go zero,30.0,30.0,1,Ice Cream,Mumbai,Series A,2025,"Dsg Consumer Partners, Saama Capital And V3 Ventures",2025
daveai,30.0,30.0,1,AI,Bangalore,Pre-Series A,2025,Inflection Point Ventures,2025
salad days,30.0,30.0,1,D2C Food,Gurgaon,Series A,2025,"V3 Ventures, Client Associates Alterunknownte Fund (Caaf)",2025
house of biryani,29.88,29.88,1,Consumer,Mumbai,Unknown,2025,Unknown,2025
infinyteclub,29.88,29.88,1,Wealth Management,Bangalore,Unspecified Round,2024,"Elevation Capital, Angel Investors",2024
recommercex,29.88,29.88,1,Chemical Recycling,Noida,Seed,2024,"Accel, Kae Capital",2024
slide app,29.88,29.88,1,Consumer Internet,Delhi,Private Equity,2016,Songhyun Investment,2016
scootsy,29.88,29.88,1,Consumer Internet,Mumbai,Private Equity,2017,"Agnus Capital, Khattar Holdings",2017
ion energy,29.88,29.88,1,Automotive,Mumbai,Pre-Series A,2021,Unknown,2021
project hero,29.88,29.88,1,Construction,Bangalore,Seed,2022,Omidyar Network India And Ankur Capital,2022
tinystep,29.71,16.6,2,Consumer Internet,Bangalore,Private Equity,"2016, 2017","Flipkart, Flipkart Logistics Pvt. Ltd",2017
tribe theory,29.05,29.05,1,Accomodation,Bangalore,Unknown,2020,Tim Draper,2020
stride green,29.05,29.05,1,Green Sme Loans,Haryana,Seed,2025,"Micelio Tech Fund, Incubate Fund India",2025
pazcare,29.05,29.05,1,Insurance,Bangalore,Seed,2021,"Beenext, 3One4 Capital",2021
prescinto,29.05,29.05,1,Solar,Gujarat,Seed,2021,"Venture Catalysts, 9Unicorns Accelerator Fund",2021
eatshoplove,29.05,29.05,1,Fashion Ecommerce,Bangalore,Private Equity,2015,Unknown Investor,2015
fareye,29.05,29.05,1,Technology,Delhi,Private Equity,2016,Saif Partners,2016
collateral medical,29.05,29.05,1,Ecommerce,Mumbai,Private Equity,2017,Carpediem Capital,2017
qyuki,29.05,29.05,1,Media,Mumbai,Unknown,2020,Info Edge Venture Fund,2020
edugorilla,29.05,29.05,1,Edtech,Lucknow,Unknown,2022,Village Capital And Aspen Network Of Development Entrepreneurs,2022
hash,29.05,29.05,1,Tobacco,Delhi,Unknown,2021,Amrac Investment Trust,2021
agnit semiconductors,29.05,29.05,1,Semiconductors,Bangalore,Seed,2024,"3One4 Capital, Zephyr Peacock",2024
trak n tell,29.05,29.05,1,Technology,Gurgaon,Private Equity,2016,Brian Acton,2016
social swag,29.05,29.05,1,Edtech,Mumbai,Unknown,2022,"Imef, Unicorn India Ventures",2022
hospals,29.05,29.05,1,Hospital & Health Care,Delhi,Pre-Series A,2022,"Inflection Point Ventures, 9Unicorns, Singaporeunknownbased Wavemaker",2022
str8bat,29.05,29.05,1,Sportstech,Bangalore,Series A,2024,Exfinity Venture Partners,2024
buildsupply,29.05,29.05,1,SaaS,Gurgaon,Series A,2018,"Venture Highway, Gree Ventures, Space Matrix, Individual Investors",2018
rulezero,29.05,20.75,2,Fintech,Bangalore,Seed,2021,"The Treasury, Induslaw, Reddy Futures",2021
fingpay,29.05,29.05,1,Fintech,Mumbai,Series A,2020,Ivycap Ventures,2020
niro,29.05,29.05,1,Fintech,Bangalore,Seed,2021,Elevar Equity,2021
gobblecube,29.05,29.05,1,AI,Gurgaon,Pre-Series A,2025,"Infoedge Ventures, Kae Capital",2025
activeai,29.049999999999997,24.9,2,Technology,Singapore,"Private Equity, Seed",2016,"Kalaari Capital, Idg Ventures India, Kalaari Capital Accelerator Program",2016
affordplan,29.049999999999997,24.9,2,Consumer Internet,Delhi,"Private Equity, Seed",2016,"Prime Venture Partners, Kalaari Capital, Kalaari Capital Accelerator Program",2016
timesaverz,28.220000000000002,19.92,2,Consumer Internet,Mumbai,Private Equity,"2015, 2017","Bccl, Unilazer Ventures",2017
fynd,28.220000000000002,19.92,3,Ecommerce,Mumbai,Private Equity,2017,"Iifl Seed Ventures, Kae Capital, Fj Labs, Singularity Ventures, Growx, Tracxn Labs, Axis Capital, Rocketship, Venture Catalysts",2017
smartclean,28.22,28.22,1,Technology,Singapore,Other,2020,"Seeds Capital, Aim Smart City",2020
leegality,28.22,28.22,1,Technology,Mumbai,Series A,2019,Mumbai Angels,2019
sharpsellai,28.22,28.22,1,Enterprise,Mumbai,Series A,2025,Equentis Angel Fund,2025
zoplar,28.22,28.22,1,Medical Equipment Procurement,Gurgaon,Series A,2025,"Blume Ventures, Beenext, Saison Capital, Atrium Angels, Finfirst, Logx",2025
fittbudd,28.22,28.22,1,Wellness,Gurgaon,Seed,2022,Sequoia Capital India And Waveform Ventures,2022
haikujam,28.22,28.22,1,Other,Unknown,Unknown,2020,"Lightbox. Social Capital, Dunce Capital",2020
daily ninja,27.799999999999997,24.9,2,Consumer Internet,Bangalore,"Other, Unknown","2018, 2020","Saama Capital And Sequoia Capital, Big Basket",2020
bulk mro,27.76,27.76,1,B2B,Mumbai,Unknown,2020,Stride Ventures,2020
cashflo,27.39,27.39,1,Fintech,Mumbai,Series A,2019,Saif Partners,2019
ozi,27.39,27.39,1,Retail > Mom & Baby Care,Haryana,Seed,2025,Blume Venture,2025
yolobus,27.39,27.39,1,Mobility/Transport,Gurgaon,Series A,2020,Nexus Venture Partners,2020
loopworm,27.39,27.39,1,Healthcare,Bangalore,Pre-Series A,2025,"Waterbridge Ventures, Enrission India Capital",2025
bytebeam,27.39,27.39,1,Internet,Unknown,Seed,2022,Vijay Pravin Maharajan And Tanmai Gopal,2022
onetab ai,27.39,27.39,1,Workplace Saas Ai,Indore,Seed,2025,"Lit Fund, Orbit, Singapore Family Office, Sosv, Sunil Kumar Singhvi, Founders",2025
satleo labs,27.39,27.39,1,Space,Ahmedabad,Pre-Seed,2025,Merak Ventures,2025
supertails,27.389999999999997,21.58,2,Consumer,Bangalore,"Unknown, Pre-Series A",2021,"Alteria Capital, Saama Capital, Dsg Consumer Partners",2021
crofarm,27.25,12.45,3,Technology,Gurgaon,"Seed, Private Equity, Unknown","2016, 2017, 2020","Factor[E] Ventures, Mukul Singhal, Rohit Jain, Himanshu Aggrawal, Sunil Goyal Ashish Gupta, Smile Group",2020
faarms,26.560000000000002,16.6,2,Agritech,Bangalore,Seed,"2021, 2022","Unknown, Boon Hwee Koh And Dr. Cornelius Boersch",2022
slikk club,26.56,26.56,1,Fashion Delivery,Bangalore,Seed,2025,Lightspeed,2025
fresh from far,26.56,26.56,1,Farming,Delhi,Seed,2022,Inflection Point Ventures,2022
furnishka,26.56,26.56,1,Manufacturing,Bangalore,Pre-Series A,2024,Indiaquotient,2024
peeko,26.56,26.56,1,Consumer,Bangalore,Seed,2025,Stellaris Venture Partners,2025
huviair,26.56,26.56,1,Computer Software,Bangalore,Series A,2022,Chiratae Ventures,2022
owo,26.56,24.9,2,Food,Gurgaon,"Seed, Unknown",2021,"Unknown, Ah! Ventures",2021
asaya,26.56,26.56,1,Ecommerce,Bangalore,Pre-Series A,2025,Rpsg Capital,2025
ember,26.56,26.56,1,Ecommerce,Us,Seed,2025,Unknown,2025
cosmoserve space,26.56,26.56,1,Advanced Hardware & Technology,Hyderabad,Pre-Seed,2025,Avcf,2025
pankhuri,26.56,26.56,1,Social Community,Bangalore,Unknown,2021,Sequoia’S Surge,2021
toonsutra,26.56,26.56,1,Webtoon & Comics Mediatech,Bangalore,Seed,2025,"Holtzbrinck Publishing Group, Gmjp, Tunknownaccelerate, Google, Graphic India",2025
jewelbox,26.56,26.56,1,D2C Labgrown Diamond Jewellery,Kolkata,Pre-Series A,2025,V3 Ventures,2025
aeon learning,26.56,26.56,1,Technology,Bangalore,Private Equity,2018,Dr. Ranjan Pai,2018
upurfit,26.0,26.0,1,Sports Wellness,Nan,Strategic Investment,2025,Jonty Rhodes (Angel Investor),2025
gps renewables,25.9,24.9,2,Cleantech,Bangalore,"Series A, Series B","2020, 2022","Triodos, Caspian, Neev Fund Ii",2022
faballey,25.730000000000004,16.6,2,Ecommerce,Noida,"Private Equity, Unknown","2016, 2020","India Quotient, Fao Ventures, Indian Angel Network, Tushar Singh, Ranjan Sharma, Trifecta Capital",2020
yaantra,25.73,25.73,1,Ecommerce,Delhi,Private Equity,2017,Carpediem Capital,2017
healthi,25.73,25.73,1,Healthcare,Bangalore,Private Equity,2018,Montane Ventures,2018
matiks,25.73,25.73,1,Media & Entertainment,Haveri,Pre-Series A,2025,Tanglin Ventures,2025
pascal ai labs,25.73,25.73,1,AI,Bangalore,Seed,2025,Kalaari Capital,2025
threado,25.73,25.73,1,SaaS,Bangalore,Seed,2022,Archaunknown Priyadarshini And Vertex Ventures Southeast,2022
the label life,25.73,25.73,1,Ecommerce,Mumbai,Private Equity,2017,Kalpvriksh,2017
nira,25.73,17.43,2,Fintech,Bangalore,"Unknown, Pre-Series A",2020,"Techstars Bangalore Accelerator, Techstars, Angel Investors",2020
truxapp,25.73,25.73,1,Logistics,Delhi,Seed,2017,"Venugopal Dhoot, Ajay Bhatia, Tarun Khandelwal, Ganpat Singhvi, Mandhian Family, Others",2017
turno,25.73,25.73,1,Fintech,Bangalore,Unknown,2022,Matilde Giglio And Avaaunknown Capital,2022
entri,25.729999999999997,14.11,2,Edtech,Kochi,"Pre-Series A, Seed",2020,Good Capital,2020
zappfresh,25.54,24.9,2,Food,Gurgaon,"Other, Seed","2015, 2018","Amit Burman, Sidbi Venture Capital, Unknown Investors",2018
sourcewiz,25.45,24.9,2,Information Technology &,Gurgaon,"Seed, Unknown","2021, 2022","Blume Ventures, Alpha Wave Incubation, Matrix Partners India And Wami Capital",2022
specsmaker,25.4,25.4,1,Eye Wear,Chennai,Unknown,2020,Eight Road Ventures,2020
noto,25.15,21.0,2,Consumer Goods,Mumbai,"Pre-Series A, Angel","2021, 2025","Titan Capital, Rockstud Capital, John Abraham, Weh Ventures, Equentis",2025
sadhav offshore,25.0,25.0,1,Maritime,Mumbai,Equity,2025,Negen Capital,2025
vimano,25.0,25.0,1,Nanotech,Bangalore,Seed,2025,Ankur Capital,2025
eume,25.0,25.0,1,Premium Travel Luggage,Mumbai,Series A,2025,Ashish Kacholia,2025
trunativ,25.0,25.0,1,Nutrition,Mumbai,Unspecified Round,2024,Rainmatter Capital,2024
zfunds,25.0,25.0,1,Fintech,Gurgaon,Seed,2024,Elevation Capital,2024
smartivity,24.900000000000002,16.6,2,Edtech,Delhi,"Other, Private Equity","2016, 2018","Ashish Kacholi, S Chand Group, S Chand, Advantedge Partners",2018
fitternity,24.900000000000002,16.6,2,Consumer Internet,Mumbai,Private Equity,"2015, 2018","Exfinity Venture, Saha Fund Partners, Arihant Patni Of Patni Family Office, Anjali Bansal, Shardul Amarchand Mangaldas, Satish Khanunknown And Taparia Family Office., Exfinity Venture Partners",2018
bonhomia,24.900000000000002,16.6,2,Food,Delhi,Seed,"2015, 2016","Alok Rawat, Grey Orange Robotics, Kanwaljit Singh, Shripad Nadkarni, Sarvesh Shahra, Others",2016
designx,24.900000000000002,16.6,2,Shopfloor Hyperautomation,Noida,"Pre-Series A, Unknown","2024, 2025","Piper Serica Angel Fund, Unknown",2025
neeman,24.900000000000002,16.6,2,Ecommerce,Unknown,"Pre-Series A, Series A","2020, 2021","Anicut Angel Fund, Sixth Sense Ventures",2021
yumist,24.900000000000002,16.6,2,Home Cooked Food Order & Delivery,Gurgaon,Private Equity,2015,"Unilazer Ventures, Orios Venture Partners, Steven Lurie, Orios Venture Partner",2015
trupeerai,24.9,24.9,1,AI,Bangalore,Seed,2025,Rtp Global,2025
fantv,24.9,24.9,1,Content Blockchain/Sui,Noida,Strategic Investment,2025,"Mysten Labs, Cypher Capital, Coinswitch Ventures, Illumiunknownti Capital",2025
cult,24.9,24.9,1,Healthcare,Bangalore,Private Equity,2016,Curefit,2016
creo,24.9,24.9,1,Technology,Bangalore,Private Equity,2016,"Sequoia Capital, Beenext Ventures, India Quotient, Aunknownnd Chandrasekaran",2016
lets,24.9,24.9,1,Other,Unknown,Seed,2015,Wu Chay Chin,2015
crejofun,24.9,24.9,1,Edtech,Bangalore,Seed,2021,"Matrix Partners, 021 Capital",2021
yourstory,24.9,24.9,1,Consumer Internet,Bangalore,Private Equity,2017,"Kalaari Capital Partners, Qualcomm, 3One4 Capital Advisors, Ucunknownrnt",2017
candes,24.9,24.9,1,Ecommerce,Delhi,Unknown,2021,"Nitin Passi, Ruchirans Jaipuria",2021
pricelabs,24.9,24.9,1,Healthcare,Chicago,Series A,2022,Summit Partners,2022
profitwheel,24.9,24.9,1,Marketing & Advertising,Mumbai,Seed,2021,"Netcore Cloud, Vallabh Bhansali, Jimmy Mahtani",2021
bimaplan,24.9,20.75,2,Fintech,Bangalore,"Pre-Series A, Seed",2021,"Roshan Abbas, Ritesh Malik, Titan Capital, Y Combiunknowntor",2021
netlinx,24.9,24.9,1,Consumer Internet,Hyderabad,Private Equity,2016,"Xchange Investors Nv, Transglobal Fzc",2016
fairdealmarket,24.9,24.9,1,Ecommerce,Gurgaon,Pre-Series A,2025,Incubate Fund Asia,2025
wudstay,24.9,24.9,1,Budget Accommodation Aggregator,Gurgaon,Private Equity,2015,"Mangroves Capital Partners, Vikas Saxeunknown",2015
etrio,24.9,24.9,1,Ev,Hyderabad,Series A,2020,Hnis,2020
buddy4studdy,24.9,24.9,1,Consumer Internet,Noida,Private Equity,2018,Cba Capital And Others,2018
ssa finserv,24.9,24.9,1,Fintech,Mumbai,Unknown,2021,Blue Ashva Capital,2021
schoolguru,24.9,24.9,1,Edtech,Mumbai,Private Equity,2015,"High Networth Individuals From India, Usa",2015
bueno finance,24.9,24.9,1,Fintech,Gurgaon,Seed,2021,"Goat Capital, Jam Fund",2021
pocketly,24.9,24.9,1,Fintech,Bangalore,Pre-Series A,2022,Dholakia Ventures,2022
ue life sciences,24.9,24.9,1,Early Cancer Detection,Us,Private Equity,2015,"Aarin Capital, Unitus Seed Fund",2015
pratech brands,24.9,24.9,1,Internet,Mumbai,Unknown,2022,Unknown,2022
oriano solar,24.9,24.9,1,Technology,Mumbai,Private Equity,2017,Samridhi Fund,2017
jigsaw academy,24.9,24.9,1,Online School For Analytics Learning,Bangalore,Private Equity,2015,Manipal Global Education Services,2015
tygr,24.9,24.9,1,Technology,Mumbai,Private Equity,2016,Franchise India,2016
superproai,24.9,24.9,1,Video Communication,Bangalore,Seed,2021,"Sosv, Omphalos Ventures India",2021
truva,24.9,24.9,1,Real Estate,Mumbai,Unspecified Round,2024,"Stellaris Venture Partners, Angel Investors",2024
gourmet garden,24.9,24.9,1,Farming,Bangalore,Unknown,2021,"Beyond Next Ventures, M Venture Partners",2021
triphobo,24.9,24.9,1,Other,Unknown,Private Equity,2015,"Mayfield Ventures, Kalaari Capital",2015
farmlink,24.9,24.9,1,Ecommerce,Mumbai,Private Equity,2017,"Pioneering Ventures, Syngenta Ag",2017
omspace rocket exploration,24.9,24.9,1,Advanced Hardware & Technology,Ahmedabad,Pre-Seed,2025,Unknown,2025
tablt,24.9,24.9,1,Healthcare,Kolkata,Other,2021,Siti Cable,2021
oliveboard,24.9,24.9,1,Edtech,Bangalore,Unknown,2021,Ian Fund,2021
rubique,24.9,24.9,1,Consumer Internet,Mumbai,Private Equity,2017,"Kalaari Capital, Udayan Goyal",2017
fitterfly,24.9,24.9,1,Healthcare,Mumbai,Pre-Series A,2021,"9Unicorns Accelerator Fund, Metaform Ventures",2021
qarmatek,24.9,24.9,1,Telecommunications,Ahmedabad,Unknown,2022,"Gujarat Venture Fiunknownnce Limited, Caspian Debt",2022
olee space,24.9,24.9,1,Advanced Hardware & Iot,Pune,Seed,2025,Unknown,2025
swiflearn,24.9,24.9,1,Edtech,Gurgaon,Pre-Series A,2021,"Venture Highway, Stellaris Venture Partners",2021
flick stree,24.9,24.9,1,Ai & Media,Mumbai,Series A,2020,Samsung Venture Investment,2020
tamasha,24.9,24.9,1,Entertainment,Mumbai,Pre-Series A,2021,Chiratae Ventures,2021
matchlog,24.9,24.9,1,Logistics,Mumbai,Other,2022,"Blue Ashva Capital, Rainmatter Climate, Capitalunknowna",2022
constelli,24.9,24.9,1,Defense,Hyderabad,Pre-Series A,2025,Pravega Ventures,2025
fracktal works,24.9,24.9,1,3D Printer Manufacturer,Bangalore,Private Equity,2015,Neoteric Infomatique Limited,2015
telr,24.9,24.9,1,Technology,Mumbai,Private Equity,2017,Innovations East,2017
88academics,24.9,24.9,1,Edtech,Delhi,Pre-Series A,2021,Aarin Capital,2021
the ayurveda,24.9,24.9,1,Manufacturing,Gurgaon,Unknown,2022,Wipro,2022
inkers technology,24.9,24.9,1,Proptech,Bangalore,Series A,2024,Ashish Kasholia (Lucky Investments),2024
circle of angels,24.9,24.9,1,Fintech,Gurgaon,Unknown,2020,Unknown,2020
inuxu,24.9,24.9,1,Technology,Pune,Private Equity,2016,Fork Media,2016
littlemore,24.9,24.9,1,Edtech,Chennai,Private Equity,2018,Kalpavriksh,2018
glamyo health,24.9,24.9,1,Hospital & Health Care,Delhi,Series A,2021,Aunknownnta Capital,2021
glip,24.9,24.9,1,Software,Delaware,Seed,2022,Better Capita,2022
inamo,24.9,24.9,1,Enterprise,Mumbai,Seed,2025,Shastra Vc,2025
scrut automation,24.9,24.9,1,Information Technology &,Bangalore,Unknown,2022,"Lightspeed, Endiya Partners",2022
omnia information,24.9,24.9,1,Technology,Delhi,Private Equity,2017,Omidyar Network,2017
nimble wireless,24.9,24.9,1,Other,Unknown,Other,2015,Angelprime,2015
trica,24.9,24.9,1,Equity Management,Mumbai,Seed,2021,Letsventure,2021
propstack,24.9,24.9,1,Real Estate Intelligence,Mumbai,Private Equity,2015,Dmg Information,2015
ipec,24.9,24.9,1,Ev Charging,Mumbai,Unknown,2025,Gruhas,2025
aerchain,24.9,24.9,1,Computer Software,Bangalore,Pre-Series A,2021,"Season Two Ventures, Indiamart",2021
manastu space,24.9,24.9,1,Advanced Hardware & Iot,Mumbai,Series A,2025,Capitalunknowna,2025
zeplyn,24.9,24.9,1,Wealth Management Software,New York Mumbai,Seed,2024,"Leo Capital, Converge, Angels And Vc Funds",2024
financepeer,24.9,24.9,1,Edtech,Mumbai,Pre-Series A,2020,"Ravi Sanghvi, Pitchright Venture",2020
invest4edu,24.9,24.9,1,Edtech,Mumbai,Seed,2024,Family Offices,2024
ptal,24.9,24.9,1,Ecommerce,Delhi,Series A,2025,"Venture Catalysts, Rainmatter",2025
adonmo,24.9,24.9,1,Adtech,Bangalore,Unknown,2020,Ant Fiunknownncial,2020
global care,24.9,24.9,1,Medical Tourism,Gurgaon,Series A,2024,35North India Discovery Fund Unknown Ii,2024
overcartcom,24.9,24.9,1,Ecommerce,Gurgaon,Private Equity,2016,"Jsw Ventures, Omidyar Network, Sattva Capital, Venture Works",2016
vro hospitality,24.9,24.9,1,Hospitality,Bangalore,Series A,2021,Creedcap Asia Advisors,2021
bestdealfinance,24.9,24.9,1,Financial Portal,Mumbai,Private Equity,2015,"Kalaari Capital, Yournest Angel Fund",2015
peelworks,24.9,24.9,1,Ecommerce,Mumbai,Unknown,2020,"Cesc Ventures, Brun Raschle",2020
knot,24.9,24.9,1,Consumer,Bangalore,Pre-Series A,2025,Kae Capital,2025
mugafi,24.9,24.9,1,AI,Gurgaon,Seed,2025,Startupxseed,2025
doola,24.9,24.9,1,Companyasaservice,New York,Unknown,2021,Nexus Venture Partners,2021
bigendian semiconductors,24.9,24.9,1,Semiconductors,Bangalore,Unspecified Round,2024,"Vertex Ventures Sea, India",2024
hylenr,24.9,24.9,1,Clean,Hyderabad,Pre-Series A,2025,"Valour Capital, Chhattisgarh Investments",2025
wastelink,24.9,24.9,1,Cleantech,Delhi,Series A,2025,Avaaunknown Capital,2025
urbanladder,24.9,24.9,1,Ecommerce,Mumbai,Private Equity,2016,Trifecta Capital,2016
dgv,24.9,24.9,1,Information Technology &,Bangalore,Pre-Series A,2021,"Info Edge Ventures, Omnivore",2021
august ai,24.9,24.9,1,Healthcare,Karnataka,Seed,2025,Accel,2025
playerzpot,24.9,24.9,1,Gaming,Mumbai,Series A,2020,Unknown,2020
biopeak,24.9,24.9,1,Wellness & Longevity,Nan,Seed,2025,"Claypond Capital, Rainmatter",2025
sp robotic works,24.9,24.9,1,Edtech,Chennai,Series A,2021,Mount Judi India Growth Fund,2021
mynoticeperiod,24.9,24.9,1,Other,Unknown,Private Equity,2015,Idg Ventures,2015
electricpe,24.9,24.9,1,Ev,Bangalore,Seed,2021,"Blume Ventures, Micelio Fund",2021
elda health,24.9,12.45,2,Healthcare,Bangalore,"Unknown, Seed",2021,"Avaaunknown Capital, Orios Ventures",2021
narvar,24.9,24.9,1,It,Bangalore,Private Equity,2018,Accel (Formerly Known As Accel Partners),2018
wealth bucket,24.9,24.9,1,Fintech,Unknown,Unknown,2020,"Northstar, Vinod Khatumal",2020
kosmc ai,24.9,24.9,1,Socialcommerce Infrastructure,Nan,Pre-Seed,2025,Unknown,2025
kiranapro,24.9,24.9,1,Quick Commerce,Bangalore,Seed,2024,"Turbostart, Unpopular Ventures, Blume Founders Fund, Snow Leopard Ventures",2024
perceptyne,24.9,24.9,1,Deep Ai & Robotics,Telangana,Seed,2024,"Endiya Partners, Yali Capital, Whiteboard Capital",2024
doodhvale farms,24.9,24.9,1,Dairy,Sonepat,Series A,2024,"Atomic Capital, Singularity Early Opportunities Fund, Bharat Founders Fund, Others",2024
doormint,24.9,24.9,1,Hyperlocal Handyman,Mumbai,Private Equity,2015,"Helion Venture Partners, Kalaari Capital",2015
betterhalfai,24.9,24.9,1,Matrimony,Bangalore,Pre-Series A,2021,"Y Combiunknowntor, Rehan A Khan",2021
headfone,24.9,24.9,1,Social Audio,Bangalore,Seed,2021,Hashed,2021
holisol,24.9,24.9,1,Logistics,Delhi,Unknown,2021,"Blacksoil, Clsa Capital Partners",2021
ben gaws,24.9,24.9,1,Manufacturing,Delhi,Pre-Series A,2024,"Physis Capital, Icmg, Inflection Point Ventures",2024
wishlink,24.9,24.9,1,Content Creator,Gurgaon,Seed,2022,Sanjeev Barnwal And Shantanu Deshpande,2022
my healthcare,24.9,24.9,1,Ecommerce,Bengaluru And Gurugram,Series A,2019,Sixth Sense Ventures,2019
vital,24.9,24.9,1,Fintech,Delhi,Pre-Series A,2021,Blinc Invest,2021
seekhoai,24.9,24.9,1,Edtech,Gurgaon,Pre-Series A,2022,"Letsventure, Trica, Super Morpheus",2022
veefin,24.9,24.9,1,Information Technology &,Mumbai,Unknown,2021,Rajesh Rajendran,2021
vitaltech,24.9,24.9,1,Heathtech,Plano,Seed,2020,Tech Mahindra,2020
hypto,24.9,24.9,1,Technology,Chennai,Seed,2021,Stellaris Venture Partners,2021
muse wearables,24.9,24.9,1,Technology,Chennai,Unknown,2020,Dr. Bhaskar Rao Bollineni,2020
equilibrium,24.9,24.9,1,Clean,Noida,Seed,2025,Unknown,2025
beepkart,24.9,24.9,1,Automotive,Bangalore,Seed,2021,"Stellaris Venture Partners, Chiratae Ventures",2021
whoop,24.9,24.9,1,Performance Optimization For Athletes,Boston,Private Equity,2015,Infosys,2015
heypillow,24.9,24.9,1,Online Real Estate,Bangalore,Private Equity,2015,Hampton Capital,2015
pillow,24.9,24.9,1,Fintech,Bangalore,Seed,2022,Elevation Capital,2022
mycaptain,24.9,24.9,1,Edtech,Bangalore,Pre-Series A,2022,Ankur Capital,2022
claimbuddy,24.9,24.9,1,Hospital & Health Care,Gurgaon,Pre-Series A,2022,"Chiratae Ventures, Rebright Partners",2022
blacksoil nbfc,24.9,24.9,1,Fintech,Mumbai,Unknown,2021,Unknown,2021
skylark drones,24.9,24.9,1,Aviation,Bangalore,Pre-Series A,2021,"Infoedge Ventures, Ian Fund",2021
peakperformer,24.9,24.9,1,Professional Training & Coaching,Bangalore,Seed,2022,"Antler India, Blume Founders Fund",2022
mycity4kids,24.9,24.9,1,Edtech,Gurgaon,Private Equity,2016,"Sidbi Venture Capital Limited, Yournest Angel Fund",2016
pee safe,24.9,24.9,1,Healthcare,Gurgaon,Other,2021,"Shaival Desai, Alkemi Venture Partners",2021
autoroxco,24.9,24.9,1,Technology,Hyderabad,Private Equity,2017,"Mitsui, Co.",2017
dharaksha ecosolutions,24.8,24.8,1,Biotech,Delhi,Seed,2024,Avaaunknown Capital,2024
agentdesks,24.48,24.48,1,Real Estate Mobile Crm,New York,Seed,2015,"Sierra Ventures, Cota Capital, Vegas Tech Fund",2015
mitra,24.28,13.28,2,Fmcg D2C,Mumbai,"Pre-Series A, Unknown","2024, 2025","Bestvantage Investments, Dubaiunknownbased Family Office, Bestvantage Investments",2025
qubeats,24.15,24.15,1,Quantum Computing,Telangana,Other,2025,Corporate: Idex,2025
shipskart,24.07,22.41,2,Ecommerce,Delhi,"Pre-Series A, Series A","2020, 2022","Betatron, Trail Mix Ventures, Hermes Offshore",2022
gobillion,24.07,24.07,1,Social Commerce,Delhi,Seed,2021,"Ycombiunknowntor, Justin Mateen, Pioneer Fund",2021
includ,24.07,24.07,1,Ecommerce,Gurgaon,Pre-Series A,2025,3One4 Capital,2025
growfitter,23.240000000000002,9.96,3,Consumer Internet,Mumbai,"Seed, Pre-Series A, Unknown","2017, 2022","Sque Capital, Inflection Point Ventures, Devx Venture Fund",2022
swajal,23.240000000000002,13.28,2,Innovative Water,Gurgaon,"Private Equity, Pre-Series A","2015, 2021","Abhishek Gupta, Rajasthan Venture Capital Fund, Acpl Exports",2021
sarva,23.24,23.24,1,Yoga & Wellness,Chennai,Unknown,2020,"Venture Fund, Fireside Ventures.",2020
trendlyne,23.24,23.24,1,Fintech,Bangalore,Series A,2022,. Iifl Special Opportunities Fund And Iifl Securities,2022
mysa,23.24,23.24,1,Unified Finance Fintech Saas,Bangalore,Seed,2025,"Blume Ventures, Emvc, Antler, Neon Fund, Ciiie, Sriharsha Majety (Swiggy), Mohit Kumar (Ultrahuman), Naiyaa Saagi (Myglamm), Nitin Gupta (Uni)",2025
graphic,23.24,23.24,1,Other,Unknown,Seed,2015,"Ca Media Lp, \\Xc2\\Xa0 Start Media.",2015
sunday design,23.24,23.24,1,Manufacturing,Delhi,Seed,2022,Qrg Investments And Holdings And Kc/Llc,2022
endureair systems,23.24,23.24,1,Advanced Hardware & Technology,Noida,Unknown,2025,Indian Angel Network,2025
jobizo,23.24,11.62,2,Enterprise,Gurgaon,"Pre-Series A, Other",2025,"Inflection Point Ventures, Alkemi Ventures, Alkemi Growth Capital",2025
wehouse,23.24,23.24,1,Real Estate,Hyderabad,Series A,2025,Unknown,2025
castnx,23.22,23.22,1,Deeptech In Power Electronics,Dewas,Other,2024,"Arpit Khandelwal, Plutus Investments And Holding Private Limited",2024
alt drx,23.0,23.0,1,Digital Real Estate,Bangalore,Unspecified Round,2025,Qatar Development Bank,2025
wickedgud,22.82,20.0,2,Food,Mumbai,"Pre-Seed, Seed","2021, 2024","Titan Capital, Archaunknown Priyadarshini, Gaurav Ahuja, Orios Venture Partners",2024
airoclip,22.82,22.82,1,Mobile > Mobile Gaming,Karnataka,Seed,2025,Tac,2025
high street essentials,22.77,22.77,1,Ecommerce,Delhi,Other,2020,"Saif Partners, India Quotient",2020
hooliv,22.66,22.66,1,Consumer > Residential Real Estate,Delhi,Seed,2025,Negen Capital Pms,2025
healing hands clinic,22.659,22.659,1,Healthcare,Maharashtra,Private Equity,2025,L Catterton,2025
red fort capital,22.6,22.6,1,Fintech,Mumbai,Debt,2024,Debt Round,2024
drizz,22.41,22.41,1,AI,Bangalore,Seed,2025,Stellaris Venture Partners,2025
photai,22.41,22.41,1,AI,Gurgaon,Seed,2025,"Info Edge Ventures, Together Fund, Ac Ventures",2025
astra security,22.41,22.41,1,Cybersecurity,Delhi,Unspecified Round,2025,"Emergent Ventures, The Neon Fund, Better Capital, Blume Ventures, Pointone Capital",2025
dil mil,22.41,22.41,1,Consumer Internet,Sfo,Private Equity,2016,"Nelstone Ventures, Transmedia Capital, Maiden Lane Ventures, Csc Upshot, Angel Investors",2016
heckyl,22.41,22.41,1,Technology,Mumbai,Private Equity,2017,"Notion Capital, Idg Ventures",2017
samosa singh,22.41,22.41,1,Food,Bangalore,Series A,2020,She Capital,2020
algobulls,22.41,20.75,2,Trading,Mumbai,"Unknown, Seed","2020, 2022","Venture Catalysts, . Sharath Kumar And Yuvraj A. Thakker",2022
arcana,22.16,19.09,2,Information Technology &,Bangalore,"Unknown, Seed",2021,"Republic Crypto, Woodstock, Dcg, Sahil Lavingia, Balaji Srinivasan",2021
tiea connectors,22.0,22.0,1,B2B Esdm Electronic System Design And Manufacturing,Bangalore,Unspecified Round,2025,Jamwant Ventures And Valour Capital,2025
doxper,21.99,15.77,2,Healthcare,Mumbai,"Other, Seed","2017, 2018","Vidal Healthcare, Idal Health, Growx Ventures, Capier Investments, Globevestor, Others",2018
pulse,21.99,11.62,3,Consumer Internet,Bangalore,"Private Equity, Pre-Series A, Seed","2016, 2020, 2024","Saif Partners, Unknown, Endiya Partners, Zluri Founders, Yellow.Ai Founders, Other Angel Investors",2024
planys,21.91,13.28,2,Technology,Chennai,"Private Equity, Pre-Series A","2018, 2021","Kris Gopalakrishunknownn, Pratithi Investment Trust, Memg Family Office, S Gopal, Kieretsu Forum, Lets Venture, Shell",2021
biddano,21.580000000000002,16.6,2,Healthcare,Mumbai,Pre-Series A,"2020, 2021","Windrose Capital, Gokul Rajaram, Jpin, Venture Catalysts Uk, Angellist",2021
fantasy akhada,21.580000000000002,16.6,2,Sports,Gurgaon,"Series A, Unknown",2021,"Prime Securities Limited, Harsha Bhogle",2021
celebal,21.58,21.58,1,Information&Technology,Jaipur,Unknown,2022,Norwest Venture Partners.,2022
renderlogy,21.58,13.28,2,Online Home Dxc3Xa9Cor,Hyderabad,Private Equity,2015,"Astarc Ventures, Brick Eagle",2015
bioprime,21.58,21.58,1,Biotechnology,Pune,Seed,2022,Inflexor Ventures And Omnivore,2022
ecolibriumenergy,21.58,21.58,1,Technology,Ahmedabad,Private Equity,2017,"Infuse Ventures, Jll",2017
produze,21.58,21.58,1,Food,Bangalore,Seed,2022,Thirukumaran Nagarajan And All In Capital,2022
bpr hub,21.58,21.58,1,Compliance For Manufacturers,Usa,Seed,2025,"Accel, Kae Capital",2025
saswat finance,21.58,21.58,1,Fintech,Mumbai,Pre-Series A,2025,"Ankur Capital, Incubate Fund Asia",2025
sheroes,21.33,14.94,2,Consumer Internet,Noida,"Private Equity, Seed","2015, 2016","Lumis Partners, The Hr Fund, Rajul Garg, Quintillion Media, Quintillion Media, 500 Startups",2016
atlanture sports,21.0,21.0,1,Sports & Media,Nan,Strategic Investment,2025,Rannvijay Singha,2025
fambo,21.0,21.0,1,Food,Noida,Pre-Series A,2025,"Ev2 Ventures, Rajesh Sawhney, Uhnis",2025
futwork,20.9,20.9,1,Callcenter,Mumbai,Series A,2024,"Michael, Susan Dell Foundation, Artha Ventures, Simile Capital",2024
xr central,20.75,20.75,1,Software,Gurgaon,Seed,2022,Tarun Tahiliani And Nitin Seth,2022
xovian aerospace,20.75,20.75,1,Advanced Hardware & Technology,Bangalore,Pre-Seed,2025,"Piper Serica, Turbostart",2025
nawgati,20.75,20.75,1,Fuel Aggregator,Noida,Pre-Series A,2025,Ajay Upadhyaya,2025
snapecabs,20.75,20.75,1,Travel,Kolkata,Unknown,2025,Inflection Point Ventures,2025
red carpet,20.75,20.75,1,Consumer Internet,Gurgaon,Private Equity,2017,Lightspeed,2017
udayy,20.75,20.75,1,Edtech,Gurgaon,Seed,2021,Alpha Wave Incubation,2021
pipeshift,20.75,20.75,1,Ai Infrastructure,San Francisco,Seed,2025,"Y Combiunknowntor, Senseai Ventures, Arka Venture Labs, Good News Ventures, Others",2025
nearbuy,20.75,20.75,1,Consumer Internet,Gurgaon,Private Equity,2016,Blacksoil Capital Pvt. Ltd.,2016
michezo sports,20.75,20.75,1,Consumer > Sports,Karnataka,Seed,2025,Centre Court Capital,2025
red basil,20.75,20.75,1,Food,Gurgaon,Seed,2022,Planb Capital And Sat Industries,2022
tokri,20.75,20.75,1,Consumer Internet,Pune,Private Equity,2016,Syska Led Group,2016
twid,20.75,20.75,1,Fintech,Bangalore,Unknown,2021,"Beenext, Sequoia’S Surge",2021
vamam,20.75,20.75,1,Consumer > Local,Delhi,Seed,2025,Wavemaker Partners / 7Square Ventures,2025
toplyne,20.75,20.75,1,Computer Software,Bangalore,Unknown,2021,"Sequoia Capital, Together Fund",2021
samudai,20.75,20.75,1,Information & Technology,Singapore,Pre-Seed,2022,Sino Global Capital And Devfolio,2022
yatrikart,20.75,20.75,1,Transit Retail,Indore,Series A,2025,Mmg Group,2025
vidyut,20.75,20.75,1,Ev Fullstack,Bangalore,Unspecified Round,2025,Flourish Ventures,2025
sambandh,20.75,20.75,1,Consumer Internet,Rourkela,Private Equity,2018,Base Of Pyramid Asia (Bopa) Pte Ltd,2018
wendor,20.75,20.75,1,Smart Vending,Delhi,Seed,2025,Elanpro,2025
oneto11,20.75,20.75,1,Sports,Noida,Seed,2022,"Maximus Capital, Gda Capital, Magnus Capital, Nft Technologies",2022
we360ai,20.75,16.6,2,Information Technology &,Bhopal,"Unknown, Seed","2022, 2025","Campus Fund, Gsf, Sucseed Ventures, Gsf",2025
paynear,20.75,20.75,1,Mobile Point Of Sale,Hyderabad,Private Equity,2015,Mitesh Majithia,2015
prolance,20.75,16.6,2,SaaS,Bangalore,"Seed, Pre-Series A",2022,"Force Ventures And Foundamental, Srini Anumolu, Karthik Bhat",2022
wobot intelligence,20.75,20.75,1,AI,Delhi,Pre-Series A,2020,Sequoia Capital,2020
lets try,20.75,20.75,1,D2C Snack,Delhi,Unspecified Round,2025,Swc Global,2025
chk,20.75,20.75,1,D2C Footwear,Bangalore,Unspecified Round,2025,"Accel, Bluestone, Individual Investors",2025
healthassure,20.75,20.75,1,Healthcare,Mumbai,Series A,2019,Blume Ventures,2019
celes care,20.75,12.45,2,Consumer Internet,Hyderabad,"Private Equity, Seed","2016, 2017","Ventureast, Endiya Partners, Eight Roads Ventures, Funknownprime Capital Partners, Endiya Partners",2017
edubridge,20.75,20.75,1,Consumer Internet,Mumbai,Private Equity,2016,"Insitor Impact Asia Fund, Acumen Fund",2016
1bridge,20.75,20.75,1,Consumer Goods,Bangalore,Unknown,2021,C4D Partners,2021
karnival,20.75,20.75,1,SaaS,Bangalore,Seed,2021,Http://100X.Vc/,2021
arth,20.75,20.75,1,Micro Lending,Lucknow,Seed,2022,Mit Alumni Angels And Kfw Deg,2022
fox capital,20.75,20.75,1,Fintech,Jaipur,Unknown,2020,Institutiounknownl Investors,2020
lissun,20.75,20.75,1,Healthcare,Gurgaon,Pre-Series A,2024,Rpsg Capital Ventures,2024
crowdfire formerly justunfollow,20.75,20.75,1,Other,Unknown,Private Equity,2015,Kalaari Capital,2015
bombay play,20.75,12.45,2,Gaming,Bangalore,"Seed, Pre-Series A",2020,"Ramakant Sharma, Leo Capital India, Leo Capital, Ramakant Sharma",2020
fyn mobility,20.75,20.75,1,Evaas,Chennai,Unspecified Round,2025,"Vijay Kedia, Lloyd Balajadia, Rahul Bothra",2025
kinsane entertainment,20.75,20.75,1,Entertainment,Mumbai,Other,2018,Unknown,2018
koovers,20.75,20.75,1,Autonomous Vehicle,Bangalore,Seed,2022,Canbank Venture Capital Fund And Jpin,2022
lighthouse proptech,20.75,20.75,1,Proptech,Mumbai,Unspecified Round,2025,Turbostart,2025
freadom,20.75,20.75,1,Edtech,Gurgaon,Unknown,2022,"Tiger Shroff, Ashneer Grover",2022
flatchat,20.75,20.75,1,Flat Rental Mobile,Bangalore,Private Equity,2015,Commonfloor,2015
digantara,20.75,20.75,1,Spacetech,Bangalore,Seed,2021,Kalaari Capital,2021
chargeup,20.75,20.75,1,Renewables & Environment,Delhi,Pre-Series A,2022,"Capital A, Anicut Capital",2022
finodaya capital,20.75,20.75,1,Nonbanking Financial,Indore,Seed,2025,White Venture Capital,2025
customfurnishcom,20.75,20.75,1,Other,Unknown,Private Equity,2015,"Madhukar Gangadi, Satish Reddy, Srini Raju, Srini Koppolu, Sidbi",2015
agara labs,20.75,20.75,1,Deeptech,Bangalore,Pre-Series A,2019,Blume Ventures And Rtp Global,2019
grabhousecom,20.75,20.75,1,Other,Unknown,Private Equity,2015,"Kalaari Capital, Sequoia Capital",2015
doctor insta,20.75,16.6,2,Consumer Internet,Gurgaon,Private Equity,"2015, 2016","Roundglass Partners, Rishi Parti, Brahmax Ventures",2016
codekarma,20.75,20.75,1,AI,Bangalore,Pre-Seed,2025,"Prosus, Accel, Xeed Ventures",2025
juleo,20.75,20.75,1,Dating,Delhi,Unspecified Round,2024,"Ramakant Sharma, Kuunknownl Shah, Ruchi Deepak, Harsh Jain, Lalit Keshre",2024
atlan,20.75,20.75,1,Information Technology,Singapore,Pre-Series A,2019,Waterbridge Ventures,2019
hudle,20.75,20.75,1,Enterprise,Delhi,Series A,2025,Sky Impact Capital,2025
illumine,20.75,20.75,1,Enterprise,Chennai,Seed,2025,Prime Venture Partners,2025
decharge,20.75,20.75,1,Ev Charging,Hyderabad,Seed,2025,Lemniscap,2025
goodgamer,20.75,20.75,1,Gaming,Bangalore,Seed,2020,Unknown,2020
fr8,20.509999999999998,12.45,2,Technology,Chennai,"Debt, Private Equity","2016, 2017","Ifmr Capital, Omnivore Partners",2017
99 pancakes,20.0,20.0,1,Quick Restaurants,Mumbai,Series A,2024,Family Office,2024
tyreplex,20.0,20.0,1,B2B Tyre,Delhi,Unspecified Round,2025,"Peercapital, Titan Capital Winners Fund, Sattva Family Office, Others",2025
zerocircle,20.0,20.0,1,Biotech Seaweed Alternatives,Pune,Unspecified Round,2025,"Rainmatter, 1Crowd, Vc Grid, 7Th Gen Ventures, Trudie Styler",2025
neuron energy,20.0,20.0,1,Ev Batteries,Mumbai,Series A,2024,"Chounknown Family, Capri Global Family Office",2024
tan90,20.0,20.0,1,Deeptech,Chennai,Series A,2025,Nabventures,2025
troovy,20.0,20.0,1,Kidsfocused Nutrition Food,Gurgaon,Pre-Series A,2025,Fireside Ventures,2025
prym aerospace,20.0,20.0,1,High > Drones,Maharashtra,Seed,2025,Lloyds Steel,2025
centa,20.0,20.0,1,Edtech,Bangalore,Series A,2025,Colossa Ventures,2025
vidooly,19.92,11.62,2,Consumer Internet,Noida,Private Equity,"2015, 2017","Times Internet, Gvfl, Bessemer Venture Partners",2017
imagimake,19.92,15.77,2,Innovation Management,Mumbai,"Pre-Series A, Series B","2021, 2025","Roha Investment Maunknowngers, Angel Investor Saumil Shah, Pidilite Ventures",2025
parkmate,19.92,9.96,2,Road Transport,Uttar Pradesh,"Pre-Series A, Unspecified Round","2024, 2025","Cactus Partners (Cpl), Cactus Partners, Venture Catalysts, Marwah Group Family Office",2025
renkube,19.92,19.92,1,Solar,Bangalore,Seed,2022,K4 Forum Mumbai Network And Halliburton Labs,2022
truehb,19.92,19.92,1,Medical Instruments,Delhi,Seed,2015,"Sachin And Binny Bansal, Malvinder And Shivinder Singh, Gurpreet Singh, Others",2015
zeelab pharmacy,19.92,19.92,1,Healthcare,Delhi,Initial Funding,2025,Otp Ventures,2025
pragmatix,19.92,19.92,1,Business Intelligence & Analytics,Mumbai,Private Equity,2015,Sidbi Venture Capital Ltd,2015
digilogic systems,19.92,19.92,1,Aerospace,Hyderabad,Other,2024,Negen Capital,2024
zimmber,19.92,16.6,2,Hyperlocal Handyman,Mumbai,"Private Equity, Seed",2015,"Idg Ventures India, Omidyar Network, Sherpalo Ventures, \\Xc2\\Xa0 Mohandas Pai, Naveen Tiwari, Mohit Saxeunknown, Amit Gupta, Piyush Shah, Manish Dugar",2015
koparo,19.919999999999998,14.11,2,Consumer Goods,Delhi,"Seed, Pre-Series A","2021, 2025","Saama Capital﻿, ﻿Titan Capital﻿, Dsg Consumer Partners, Saama Capital",2025
vtion,19.75,17.43,2,Technology,Gurgaon,"Other, Seed","2018, 2022","Angellist, Rahul Khanunknown, Rajeev Arora And Ram Ramsundar., Yournest Venture Capital And Netcore Cloud",2022
mobiefit,19.51,11.21,2,Healthcare,Goa,"Other, Private Equity","2015, 2017","Nb Ventures, Mediassist, Medi Assist",2017
swara fincare,19.4,19.4,1,Fintech,Delhi,Series A,2024,Serica Angel Fund And Uc Impower,2024
room on call,19.090000000000003,16.6,2,Consumer Internet,Gurgaon,"Private Equity, Seed","2015, 2016","Cashurdrive Marketing Pvt Ltd, Payal Syal",2016
flick tv,19.09,19.09,1,Ott,Noida,Seed,2025,Stellaris Venture Partners,2025
retainiq,19.09,19.09,1,Ecommerce,Bangalore,Seed,2022,Accel,2022
cashbook,19.09,19.09,1,Fintech,Gurgaon,Seed,2021,"Jam, Better Tomorrow Ventures",2021
finzy,19.09,10.79,2,Fintech,Bangalore,Other,2018,Unknown,2018
nothing before coffee,19.09,19.09,1,Qsr Coffee,Jaipur,Pre-Series A,2025,Prath Ventures,2025
phononic vibes,19.09,19.09,1,Deeptech,Milano,Unknown,2020,Unknown,2020
expertrons,19.09,19.09,1,Edtech,Mumbai,Unknown,2021,"Venture Catalysts, Auxano Capital, Venture Garage, Yoga Capital, Ah!Ventures, Lead Angels",2021
connectedh,19.09,19.09,1,Hospital & Health Care,Gurgaon,Seed,2021,"Kalaari Capital, Incubate Fund India",2021
ibus networks,19.09,19.09,1,Technology,Bangalore,Private Equity,2016,"Vallabh Bhanshali, N Squared Maunknowngement Llc, Jagdish, Sandeep Mehta Family Office",2016
cimware,19.09,19.09,1,Advanced Hardware & Technology,Bangalore,Pre-Series A,2025,Transition Vc,2025
xbattery,19.09,19.09,1,Clean,Hyderabad,Seed,2025,Bipin Patel Family Office,2025
frontier markets,18.68,18.68,1,Ecommerce,Jaipur,Pre-Series A,2020,"Engie Rassembleurs D'Energies, The Rise Fund, And The Singh Family Trusts, Teja Ventures, Beyond Capital Fund.",2020
fabogo,18.68,18.68,1,Consumer Internet,Pune,Private Equity,2017,Duunknownmis Ventures Pte Ltd,2017
altiushub,18.68,18.68,1,Manufacturing Supply,Unknown,Seed,2024,Endiya Partners,2024
juggernaut,18.68,18.68,1,Digital & Physical Publishing,Delhi,Private Equity,2015,"William Bissell, Neeraj Aggarwal, Nandan Nilekani",2015
figr,18.68,18.68,1,Product Design,Bangalore,Series A,2024,"Antler, Golden Sparrow, Individual Investors, And Kalaari Capital",2024
loan frame,18.68,18.68,1,Consumer Internet,Gurgaon,Private Equity,2017,"Vedanta Capital, William Campbell, Toos N Daruvala",2017
instasafe,18.26,18.26,1,Technology,Bangalore,Private Equity,2017,Abm Knowledgeware,2017
aurva,18.26,18.26,1,Enterprise,Delhi,Seed,2025,Nexus Venture Partners,2025
bellatrix aerospace,18.26,9.13,2,Aerospace Manufacturing,Coimbatore,"Series A, Unknown",2022,Survam Partners And Inflexor Ventures,2022
ans commerce,18.26,18.26,1,Ecommerce,Gurgaon,Pre-Series A,2021,"Gokul Rajaram, Venture Catalysts",2021
travclan,18.26,18.26,1,B2B Travel,Delhi,Pre-Series A,2021,Theventures,2021
pressplay,18.26,18.26,1,Travel Entertainment,Delhi,Seed,2015,"Sequoia Capital, Jason Hirschhorn, Jarett Posner, And Amit Bhatiani",2015
careerlabs,18.26,18.26,1,Edtech,Bangalore,Unknown,2021,Global Founders Capital,2021
liquide,18.26,18.26,1,Trading,Bangalore,Seed,2022,Ruchi Kalra And Sandeep Singh,2022
onato,18.26,18.26,1,Computer Software,Bangalore,Unknown,2021,"Vertex Ventures, Omnivore",2021
traya,18.26,18.26,1,Healthcare,Mumbai,Pre-Series A,2022,Fireside Ventures,2022
redeminds,18.26,18.26,1,Edtech,Bangalore,Unknown,2022,Surfboard Ventures And Nishant Patel,2022
maya,18.26,18.26,1,Healthcare,Bangalore,Seed,2021,Rajan Aunknowndan,2021
leumas,18.26,18.26,1,Deeptech,Bangalore,Seed,2025,Capital 2B,2025
moonrider,18.26,18.26,1,Electric Tractor,Bangalore,Seed,2025,"Advantedge Founders, Micelio Technology Fund, Angel Investors",2025
happylocate,18.259999999999998,14.11,2,SaaS,Bangalore,"Pre-Series A, Unknown","2020, 2022","The Cowrks Foundry, Vm Ventures And Rmz Corp",2022
yummy bee,18.0,18.0,1,Café,Hyderabad,Other,2025,Mile Deep Capital,2025
biryani by kilo,17.97,8.3,3,Consumer Internet,Gurgaon,"Other, Seed, Series B","2017, 2018, 2020","Ajay Relan And Viunknowny Mittal, Chandigarh Angels, Ashish Gupta, Rohit, Ashish Chand, Sunil Singh, Others, Devanshu Dolat Desai, Aunknownnd M Khatau, Debasish Priyadarshi Purohit, Kaushik Shanghvi",2020
almabetter,17.93,17.93,1,Educaton,Bangalore,Seed,2022,Varun Alagh And Rajesh Yabaji,2022
bigstylist,17.85,10.38,2,Consumer Internet,Mumbai,Private Equity,"2016, 2017",Info Edge (India) Ltd,2017
esportsxo,17.43,9.13,2,Mobile Games,Bangalore,Seed,"2021, 2022","We Founder Circle, We Founder Circle, Wami Capital, Sucseed Indovation Fund",2022
squadrun,17.43,17.43,1,Technology,Noida,Private Equity,2017,"Blume Ventures, Contrarian Capital, 91Springboard, Emergent Ventures, Abstract Ventures, Anthill Ventures, Axilor Ventures",2017
wellthy,17.43,17.43,1,Healthcare,Mumbai,Private Equity,2018,"Ranjan Pai, Apoorva Patni, Beenext Ventures, Growx Ventures",2018
naagin sauce,17.43,17.43,1,Food,Maharashtra,Seed,2025,8I Ventures,2025
nobrokercom,17.43,17.43,1,Real Estate,Bangalore,Series E,2021,"General Atlantic, Tiger Global, Moore Strategic Ventures",2021
bestdoc,17.43,17.43,1,Healthcare,Kochi,Unknown,2020,Unknown,2020
indyfint,17.43,17.43,1,Virtual Banking,Bangalore,Series A,2020,Saravaunknownn Adiseshan,2020
the healthy billions,17.43,17.43,1,Healthcare,Gurgaon,Private Equity,2018,"Blume Ventures, Healthquad And Fireside Ventures",2018
littlebox,17.43,17.43,1,Ecommerce,Noida,Seed,2025,"Huddle Ventures, Prath Ventures",2025
savart,17.43,17.43,1,Fintech,Hyderabad,Seed,2022,Beenext And 9Unicorns Accelerator Fund,2022
sanfe,17.43,9.13,2,Hygiene,Delhi,"Pre-Series A, Series A","2020, 2021","Sucseed Venture Partners, Birac, Elixir Pharma, Titan Capital, Letsventure, Ajay Garg, Tarun Sharma",2021
vaaree,17.43,17.43,1,Ecommerce,Bangalore,Pre-Series A,2025,"Peercapital, Peak Xv Surge",2025
reelsaga,17.43,17.43,1,Mobilefirst Entertainment,Mumbai,Other,2025,Picus Capital,2025
nivesh,17.009999999999998,13.28,2,Fintech,Noida,"Other, Pre-Series A","2018, 2021","Letsventure, Rajan Aunknownndan, Basab Pradhan, Vivek Khare And Bijoy George, Raghav Kapur, Indian Angel Network",2021
eat better,17.0,17.0,1,D2C Snacking,Jaipur,Pre-Series A,2025,Prath Ventures And Spring Marketing Capital,2025
anscer robotics,16.6,16.6,1,Deeptech Robotics,Bangalore,Seed,2025,Info Edge Ventures,2025
beyondskool,16.6,16.6,1,Edtech,Mumbai,Seed,2021,Tomorrow Capital,2021
bankerbay,16.6,16.6,1,Consumer Internet,Bangalore,Private Equity,2016,Undisclosed Investors,2016
mailmodo,16.6,16.6,1,Marketing & Advertising,Bangalore,Seed,2021,"Sequoia’S Surge, Y Combiunknowntor",2021
nexprt,16.6,16.6,1,Consulting,Delhi,Unknown,2021,Titan Capital,2021
quicksell,16.6,16.6,1,Ecommerce,Mumbai,Pre-Series A,2021,"Sanjay Baldwa, Ajay Jain",2021
dvara smartgold,16.6,16.6,1,Fintech,Mumbai,Pre-Series A,2022,"Axilor, Dvara Holdings",2022
trulymadly,16.6,16.6,1,Dating,Delhi,Pre-Series A,2021,"Gaurav Munjal, Snehil Khanor",2021
thefragaria,16.6,16.6,1,Agritech,Tamil Nadu,Seed,2025,Weh Ventures,2025
hiwipay,16.6,16.6,1,Fintech,Mumbai,Seed,2025,"Unicorn India Ventures, Dewang Neralla'S Family Office, Jupiter Metaverse Llp, Ritesh Malik, Mitesh Shah, Nilesh Doshi",2025
comminent,16.6,16.6,1,Advanced Hardware & Iot,Bangalore,Unknown,2025,Transition Vc,2025
myelin foundry,16.6,8.3,2,Information Technology,Bangalore,"Seed, Pre-Series A","2019, 2021","Endiya Partners, Beyond Next Ventures",2021
gifts portal,16.6,16.6,1,Ecommerce,Noida,Private Equity,2016,"Naveen Arya, Tarun Joshi",2016
harajuku tokyo cafe,16.6,16.6,1,Fooddtech,Delhi,Seed,2025,Indian Angel Network,2025
unmannd,16.6,16.6,1,Aerospace Maritime And Defense > Military,Karnataka,Seed,2025,Speciale Invest,2025
slice pay,16.6,16.6,1,Consumer Internet,Bangalore,Private Equity,2017,"Das Capital, Simile Ventures",2017
quanfluence,16.6,16.6,1,Photonic Quantum Technology,Bangalore,Seed,2024,"Pi Ventures, Golden Sparrow, Reeunknown Dayal",2024
unotech,16.6,16.6,1,SaaS,Mumbai,Unknown,2020,Manish Choksi,2020
nikiai,16.6,16.6,1,Consumer Internet,Bangalore,Private Equity,2017,"Sap.Io, Unilazer Ventures",2017
kirana247,16.6,8.3,2,Logistics,Delhi,"Unknown, Pre-Series A",2021,Unknown,2021
wysh,16.6,16.6,1,Econnect,Hyderabad,Series A,2020,Kalaari Capital,2020
khabri,16.6,16.6,1,Media,Gurgaon,Pre-Series A,2021,Unknown,2021
clayco cosmetics,16.6,16.6,1,Beauty Commerce,Mumbai,Series A,2024,Unilever Ventures,2024
clairvolex,16.6,16.6,1,Technology,Usa,Debt,2020,"Jf Mauritius Spv, Indusage Partners",2020
gingercrush,16.6,8.3,2,Ecommerce,Vadodara,"Private Equity, Seed","2015, 2016","Saha Fund, Tv Mohandas Pai, Zia Mody, Mumbai Angels, Aunknownnda Kallugadde, Rakesh Desai, Rakesh Malhotra, Gokul Jaykrishunknown, Brand Capital",2016
cell propulsion,16.6,16.6,1,Ev,Bangalore,Unknown,2021,Growx Ventures,2021
topprcom,16.6,16.6,1,Competitive Exam Learning,Mumbai,Private Equity,2015,Innoven Capital,2015
fypmoney,16.6,16.6,1,Fintech,Gurgaon,Seed,2021,"Liberatha Kallat, Mukesh Yadav, Dinesh Nagpal",2021
ippo pay,16.6,16.6,1,Fintech,Chennai,Unknown,2022,Coinbase Ventures,2022
vilcart,16.6,16.6,1,Retail,Bangalore,Unknown,2021,Nabventures,2021
cookd,16.6,16.6,1,Ecommerce,Chennai,Pre-Series A,2025,Spring Marketing Capital,2025
bombay hemp,16.6,16.6,1,Textiles,Mumbai,Unknown,2021,"Riteesh Mohan Bakshi, Raghav Mohan Bakshi, Achin Kochar",2021
fxkartcom,16.6,16.6,1,Other,Unknown,Seed,2015,"Dr Mushtaq Shah, Dr Faraz Naqvi",2015
wholesalebox,16.6,16.6,1,Ecommerce,Jaipur,Private Equity,2016,"Manish Maheshwari, Contrarian Vriddhi Fund",2016
stayqrious,16.6,16.6,1,Edtech,Bangalore,Seed,2020,Y Combiunknowntor,2020
technifybiz,16.6,16.6,1,Agritech,Unknown,Seed,2020,"Omnivore, Insitor Impact Asia Fund",2020
nao spirits beverages,16.6,16.6,1,Beverages,Delhi,Series A,2021,Unknown,2021
climaty ai,16.6,16.6,1,Enterprise Applications > Adtech,Dubai,Seed,2025,Turbostart,2025
nayan tech,16.6,16.6,1,AI,Delhi,Pre-Series A,2024,"Beenext, We Founder Circle, Venture Catalysts, Lets Venture, Faad Capital",2024
lumiq,16.6,16.6,1,Information Technology,Noida,Seed,2021,Info Edge Ventures,2021
gtm buddy,16.6,16.6,1,Computer Software,Hyderabad,Seed,2021,Stellaris Venture Partners,2021
indic wisdom,16.6,16.6,1,Woodpressed Oils,Mumbai,Pre-Series A,2024,"Rockstud Capital, Others",2024
growfix,16.6,16.6,1,Fintech,Bangalore,Seed,2021,"Zerodha'S Rainmatter Capital, Better Capital",2021
josh talks,16.6,12.45,2,Media,Haryana,"Pre-Series A, Series A","2020, 2022","Media Development Investment Fund, Ritesh Agarwal And Vijay Shekhar Sharma",2022
oddr,16.6,16.6,1,AI,Sanfrancisco,Seed,2022,Twin Ventures And Saama Capital,2022
grabin,16.6,16.6,1,Logistics,Mumbai,Private Equity,2016,Aramex Ventures Llc,2016
vs napu,16.6,16.6,1,Ecommerce,Bangalore,Seed,2022,Inflection Point Ventures,2022
gramik,16.6,16.6,1,Agritech,Lucknow,Unknown,2025,Unknown,2025
awon gamez,16.6,16.6,1,Gaming,Noida,Seed,2021,Aditya Duggar,2021
zevo,16.6,16.6,1,Ev,Delhi,Pre-Series A,2024,Bizdateup,2024
the energy,16.6,16.6,1,Ev Battery,Bangalore,Pre-Series A,2025,"Siaunknown Capital, Callapiunknown Capital, Z21 Ventures, 1Crowd, Letsventure, Other Investors",2025
portdesk,16.6,16.6,1,Technology,Noida,Seed,2017,Alphard Maritime Group,2017
popxocom,16.6,16.6,1,Online Content For Women,Delhi,Private Equity,2015,"Idg Ventures India, Kalaari Capital, 500 Startups",2015
burma burma,16.6,16.6,1,Vegan Restaurant,Mumbai,Equity,2024,Several Family Offices,2024
primebook,16.6,16.6,1,Android Laptop,Delhi,Pre-Series A,2025,Inflection Point Ventures,2025
cogos,16.6,16.6,1,Logistics,Bangalore,Pre-Series A,2021,Transworld Group,2021
zupermeal,16.6,16.6,1,Home Cooked Food & Delivery,Mumbai,Private Equity,2015,"Sanjeev Kapoor, \\Xc2\\Xa0 Ravi Saxeunknown, Others",2015
amica,16.6,16.6,1,Fintech,Unknown,Unknown,2020,"Hummingbird Ventures, Bedrock Capital",2020
globalfair,16.6,16.6,1,Trading,Gurgaon,Seed,2021,"Saama Capital, India Quotient",2021
slurrp farm,16.6,16.6,1,Food,Gurgaon,Series A,2020,Fireside Ventures,2020
go swift,16.6,16.6,1,Consumer,Bangalore,Pre-Series A,2021,Kalaari Capital,2021
urbanpro,16.6,16.6,1,Ondemand,Bangalore,Private Equity,2015,Nirvaunknown Venture Advisors,2015
prothom,16.6,16.6,1,Hasbro Toy Manufacturer,Pune,Private Equity,2015,Oliphabs Capital,2015
uniken,16.6,16.6,1,Online Security,Pune,Private Equity,2015,Exfinity Ventures,2015
clean fanatics,16.6,16.6,1,Consumer,Bangalore,Seed,2025,Inflection Point Ventures,2025
com olho,16.6,16.6,1,Information Technology &,Gurgaon,Seed,2022,Inflection Point Venture,2022
godof hospitals,16.6,16.6,1,Digital Healthcare,Delhi,Seed,2015,Pankaj Gupta,2015
promethean energy,16.6,16.6,1,Cleantech,Mumbai,Pre-Series A,2025,Transition Vc,2025
handytrain,16.6,8.3,2,Technology,Goa,Private Equity,"2016, 2017","Nb Ventures, Silver Range Investments, Lumiunknown Datamatics, Shun Yoshida, Others",2017
we founder circle,16.6,16.6,1,Fintech,Mumbai,Pre-Seed,2021,Geekster,2021
goegonetwork,16.6,16.6,1,Automotive,Pune,Unknown,2021,Unknown,2021
proeon,16.6,16.6,1,Food,Pune,Seed,2021,"Shaival Desai, Flowstate Ventures",2021
goldfarm,16.6,16.6,1,Food,Coimbatore,Private Equity,2017,"Mahindra, Mahindra And Infuse Ventures",2017
myysports,16.6,16.6,1,Software,Delhi,Pre-Seed,2022,Myhashstash,2022
vyome biosciences,16.6,16.6,1,Healthcare,Delhi,Private Equity,2016,Romulus Capital,2016
coratia,16.6,16.6,1,Advanced Hardware & Technology,Rourkela,Pre-Series A,2025,Mgfunknownkavachh,2025
kisaansay,16.6,16.6,1,Food,Gurgaon,Pre-Seed,2025,"Jungle Ventures (First Cheque@Jungle), Senior Food Industry Leaders",2025
plutos one,16.6,16.6,1,Digital For Banking Sector,Delhi,Seed,2024,"Startupxseed, Genesia Ventures, Auxano Capital, Raghuvanshi Investment",2024
frammer ai,16.6,16.6,1,Video Content Creation,Delhi,Unspecified Round,2024,Lumikai,2024
ruptok fintech,16.6,16.6,1,Fintech,Delhi,Pre-Series A,2021,Manuvel Malabar Jewellers,2021
roomcentral,16.6,16.6,1,Cloudbased Hotel Booking,Bangalore,Seed,2015,Karanpal Singh,2015
kratikal,16.6,8.3,2,Technology,Noida,Pre-Series A,2020,"Gilda Vc, Art Venture, Rajeev Chitrabhanu., Gilda Vc, Art Venture, Rajeev Chitrabhanu",2020
elevar,16.6,16.6,1,Sports,Mumbai,Unknown,2021,"Kalaari Capital, Dream Capital",2021
shopalyst,16.6,16.6,1,Product Discovery & Recommendation,Bangalore,Private Equity,2015,Kalaari Capital,2015
shop kirana,16.6,16.6,1,B2B,Indore,Seed,2018,"Info Edge, Aet Fund, Akatsuki And Incubate Fund From Japan And Better Capital Angellist Syndicate.",2018
bitclass,16.6,16.6,1,Paas,Bangalore,Seed,2020,"Aet Japan, Figure Eight Investments, Waterbridge Ventures",2020
aavenir,16.6,16.6,1,SaaS,Ahmedabad,Seed,2020,Accel,2020
agrileaf,16.6,16.6,1,Cleantech,Belthangady Taluk,Other,2024,Capitalunknowna And Samarsh Capital,2024
fitpass,16.6,8.3,2,Consumer Internet,Delhi,"Private Equity, Seed","2016, 2017","Abhiunknownv Bindra, Gaurav Marya, Mumbai Angels",2017
creatorstack,16.6,16.6,1,Computer Software,Bangalore,Unknown,2021,Accel,2021
zenergize,16.6,16.6,1,Ev,Gurgaon,Seed,2025,"Mohit Tandon, Himanshu Aggarwal",2025
bigspoon foods,16.6,16.6,1,Food,Ahmedabad,Pre-Series A,2020,"Urmin Family Office, Lemounknownde Ventures, Truevalue Group Md Yash Shah",2020
weddingzin,16.6,8.3,2,Consumer Internet,Mumbai,"Private Equity, Seed","2015, 2017","Singularity Ventures, Rajan Aunknownndan, Zoya Akhtar, Reema Kagati, Ruchi Narain, Amrish Kumar, Hrishikesh Parandekar",2017
truckmandi,16.6,16.6,1,Logistics,Delhi,Private Equity,2015,"Ritesh Dwivedy, Ramakant Sharma, Mount Nathan Advisors",2015
enkast,16.6,16.6,1,Technology,Bangalore,Private Equity,2016,Ivy League Alumni Angel Network,2016
culture circle,16.6,16.6,1,Sneakers & Streetwear,Gurgaon,Seed,2024,"Info Edge Ventures, Angel Investors",2024
method madness,16.6,16.6,1,Real Estate,Mumbai,Seed,2021,Justin Mateen,2021
zapstitch,16.6,16.6,1,Cloud Data Integration,Bangalore,Private Equity,2015,"Helion Venture Partners, Orios Venture Partners",2015
kutuki,16.6,16.6,1,Edtech,Bangalore,Seed,2021,Omidyar Network India,2021
mili,16.6,16.6,1,Ai Wealth Management Assistant,Mumbai,Seed,2024,"Chiratae, Boldcap, Sparrow Capital, Sfmg Wealth Advisors, Gregg Fisher (Quent Capital), Better Capital",2024
aibono,16.6,16.6,1,Agritech,Bangalore,Pre-Series A,2020,"Menterra Venture Advisors, Rianta Capital",2020
bighaat,16.6,16.6,1,Agritech,Bangalore,Pre-Series A,2020,"Ankur Capital, Beyond Next Ventures",2020
able jobs,16.6,16.6,1,Hr,Bangalore,Unknown,2020,"Saif Partners, Y Combiunknowntor, Neeraj Arora, Titan Capital, First Cheque.",2020
kwh bikes,16.6,16.6,1,Automotive,Bangalore,Seed,2021,"Let’S Venture, Better Capital",2021
aashiyaan,16.6,16.6,1,Fintech,Kolkata,Other,2018,"Insistor, Oikocredit",2018
iim jobs,16.6,16.6,1,Consumer Internet,Delhi,Private Equity,2016,India Quotient,2016
finqy,16.6,16.6,1,Fintech,Mumbai,Unspecified Round,2024,"Angel Bay India Accelerator, Family Offices, Private Investors",2024
yumlane,16.6,8.3,2,Food,Mumbai,"Seed, Pre-Series A","2016, 2020","Binny Bansal, Anupam Mittal, Sachin Bhatia, Darius Pandole, Kuunknownl Khattar, Dheerag Jain, Jetty Ventures",2020
freyr energy,16.6,16.6,1,Renewable Energy,Hyderabad,Unknown,2021,"Impact Partners, C4D Partners",2021
fresh food concepts,16.6,16.6,1,Food,Delhi,Seed,2016,"Siddhartha Gupta, Ashvin Chadha",2016
origa,16.6,16.6,1,Fintech,Andheri,Debt,2020,"500 Startups, Ah! Ventures",2020
charcoal eats,16.6,16.6,1,Qsr,Mumbai,Unknown,2020,Lokmat Investments,2020
marianaiq,16.6,16.6,1,Technology,Bangalore,Private Equity,2016,Exfinity Venture Partners,2016
edukemy,16.6,16.6,1,Edtech,Noida,Pre-Series A,2021,"Auxano, Falcon5",2021
stones2milestones,16.6,16.6,1,Edtech,Gurgaon,Bridge,2020,"Menterra Venture Advisors, Emandi Sankara Rao",2020
wess,16.6,16.6,1,Renewable Energy,Mumbai,Seed,2021,Centrum Fiunknownncial Services,2021
bacalt biosciences,16.6,16.6,1,Healthcare,Bangalore,Pre-Seed,2025,Avaaunknown Capital,2025
factorsai,16.6,16.6,1,SaaS,Bangalore,Unknown,2021,"Elevation Partners, Emergent Ventures",2021
shuru,16.6,16.6,1,Social Media,Gurgaon,Series A,2025,Krafton India,2025
innefu security consulting,16.6,16.6,1,Technology,Delhi,Private Equity,2017,Indianivesh Venture Capital Fund,2017
edureka,16.6,16.6,1,Edtech,Bangalore,Other,2018,Leo Capital,2018
instasolv,16.6,16.6,1,Edtech,Noida,Pre-Series A,2020,Unknown,2020
arthalpha,16.6,16.6,1,Investment Wealthtech,Bangalore,Seed,2025,"Dsp, Family Offices, Wealth Maunknowngers",2025
appdaily,16.6,16.6,1,Technology,Mumbai,Private Equity,2016,"Kalaari Capital, Qualcomm Ventures, Ruunknownnet, Zodius Technology Opportunities Fund",2016
febiai,16.6,16.6,1,Accounting & Tax Management Saas,Gurgaon,Pre-Series A,2024,"Lumis Partners, Virender Raunknown, Amit Chaudhary (Lenskart), Rohan Bhargava (Cashkaro)",2024
bluebirch,16.6,16.6,1,End To End Reverse Logistics Solution,Bangalore,Seed,2015,"Chicago Capital Ventures, Sanjay Mehta, Others",2015
auric,16.6,16.6,1,Healthcare,Delhi,Pre-Series A,2021,Venture Catalysts,2021
tapzo,16.02,16.02,1,Technology,Bangalore,Private Equity,2018,"Runet, Other",2018
erlysign,16.0,16.0,1,Healthcare,Nagpur,Pre-Series A,2025,Ashish Kacholia,2025
almonds ai,16.0,16.0,1,Loyalty & Rewards Saas,Gurgaon,Seed,2025,"Promoters Of Haldiram’S, Jito Incubation, Innovation Foundation (Jiif), Venture Catalysts, Ever Grow Capital, Nine Alps",2025
nourish you,16.0,16.0,1,Plantbased Nutrition,Hyderabad,Series A,2025,Sidbi Venture Capital,2025
zenduty,15.77,15.77,1,Computer Software,Bangalore,Pre-Series A,2021,Startupxseed Ventures,2021
sumeru,15.77,8.3,2,Technology,Bangalore,Seed,2017,"Unknown Investors, Undisclosed Investors",2017
spike ai,15.77,15.77,1,AI,Bangalore,Pre-Seed,2025,Sorin Investments,2025
the ken,15.77,12.45,2,Consumer Internet,Bangalore,"Other, Seed","2017, 2018","Omidyar Network, Others, Aprameya Radhakrishunknown, Deepak Natraj, Girish Mathrubootham, Mahesh Murthy, Pallav Nadhani, Pavan Ongole, Sandeep Mathur, Vijay Shekhar Sharma, Others",2018
fundamento,15.77,15.77,1,Enterprise Applications > Customer Software,Usa,Seed,2025,The Players Fund,2025
superfone,15.77,15.77,1,Smb Crm,Bangalore,Pre-Series A,2024,"Yournest Venture Capital, Ankur Capital, Finsight Seed Fund, Angel Investors",2024
fountain9,15.77,15.77,1,Computer Software,Mumbai,Seed,2021,"021 Capital, Y Combiunknowntor",2021
infinity,15.77,15.77,1,Business Banking,Bangalore,Equity,2024,"Y Combiunknowntor, Liquid 2 Ventures, Script Capital, Angel Investors",2024
smartvizx,15.75,11.6,2,Technology,Noida,"Seed, Pre-Series A","2016, 2020","Indian Angel Network, Stanford Angels, Entrepreneurs India, Rockstud Capital",2020
mapmycrop,15.7,15.7,1,Agritech,Pune,Seed,2025,"Yournest Venture Capital, Eaglewings Venture",2025
volt14,15.52,15.52,1,Battery,Bangalore,Pre-Series A,2025,Blume Ventures,2025
piggy ride,15.45,15.45,1,SaaS,Bangalore,Pre-Series A,2020,"Jafco Asia, Artha Venture Fund",2020
spense,15.36,15.36,1,Investment,Karnataka,Seed,2025,Growthcap Ventures,2025
newsreach,15.34,12.45,3,Digital Media,Gujarat,"Seed, Unknown","2020, 2021, 2022","Mumbai Angels, Jito Angel Network., Jito Angel Network, Jito Angel Network, Sharan Aggarwal",2022
kirana bazaar,15.3,15.3,1,Oline Grocery,Gurgaon,Unknown,2022,Multiples,2022
laiqa wellness,15.0,15.0,1,Femtech,Gurgaon,Seed,2024,Ivycap Ventures,2024
sunfox,15.0,15.0,1,Healthcare,Dehradun,Pre-Series A,2024,"Venture Catalysts, Others",2024
noto ice cream,15.0,15.0,1,D2C Health Foods,Mumbai,Growth,2025,"Inflection Point Ventures (Ipv), Jito Incubation, Innovation Foundation, Letsventure",2025
voiro,14.94,14.94,1,Advertisement,Bangalore,Pre-Series A,2021,1Crowd,2021
vah vah,14.94,14.94,1,Edtech,Bangalore,Unknown,2021,Sequoia Surge,2021
simplicontract,14.94,14.94,1,Software,Bangalore,Seed,2021,Kalaari Capital,2021
sahayog dairy,14.94,14.94,1,Dairy Based Product Manufacturer,Bhopal,Private Equity,2015,Acumen Fund,2015
wasabi,14.94,14.94,1,Consulting,Bangalore,Seed,2021,"021 Capital, Sparrow Capital",2021
desi hangover,14.94,14.94,1,Apparel & Fashion,Mumbai,Unknown,2022,"Social Alpha, Ciie.Co, Be An Angel Network",2022
i can stay,14.94,14.94,1,Technology,Delhi,Private Equity,2017,Ht Media,2017
mojocare,14.94,14.94,1,Healthcare,Bangalore,Series A,2022,B Capital Group And Surge,2022
headout,14.94,14.94,1,Last Minute Travel Deals Mobile,Bangalore,Seed,2015,"Version One Ventures, 500 Startups, Nexus Venture Partners And Areunknown Ventures",2015
satvacart,14.94,14.94,1,Online Grocery,Gurgaon,Private Equity,2015,Unknown Hnis,2015
cuvette tech,14.94,14.94,1,Human Resources,Bangalore,Seed,2021,"Varun Alagh, Harish Daiya",2021
connecty ai,14.94,14.94,1,Enterprise Ai,San Francisco,Pre-Seed,2024,"Market One Capital, Notion Capital, Marcin Zukowski, Maciej Zawadzinski",2024
deeprooted,14.94,14.94,1,Agritech,Bangalore,Series A,2022,Ivycap Ventures And Mayfield Fund,2022
grest,14.94,14.94,1,Ecommerce,Cuttack,Unknown,2025,Equentis,2025
grexa ai,14.94,14.94,1,AI,Thane,Seed,2025,Utsav Somani,2025
bluecopa,14.94,14.94,1,Finops Automation,Unknown,Pre-Series A,2024,"Blume Ventures, Dallas Venture Capital, Venture Catalysts",2024
koinearth,14.94,14.94,1,Blockchain,Bangalore,Pre-Series A,2021,Yournest,2021
pickme,14.86,14.86,1,Consumer Internet,Mumbai,Private Equity,2017,Sidbi Venture Capital Fund,2017
wizklub,14.79,8.15,2,Edtech,Bangalore,"Seed, Pre-Series A","2020, 2021",Incubate Fund India,2021
vista rooms,14.740000000000002,8.3,2,Consumer Internet,Mumbai,"Seed, Unknown","2017, 2021","Artha India Ventures, Singularity Holdings, Rajan Aunknownndan, Girish Mathrubootham, Singapore Angel Network, Artha India Ventures",2021
codingal,14.610000000000001,9.96,2,Edtech,Bangalore,Seed,"2020, 2021","Pras Hanuma, Rebright Partners, Java Capital, And Gsf Accelerator., Unknown",2021
bold finance,14.61,14.11,2,Fintech,Mumbai,Seed,2022,"Kae Capital And Ishpreet Gandh, Antler India",2022
faircentcom,14.53,12.45,2,Consumer Internet,Gurgaon,"Private Equity, Seed","2015, 2016","Brand Capital, M, S Partners Pte. Ltd",2016
sahicoin,14.53,14.53,1,Fintech,Gurgaon,Seed,2022,"Alameda Ventures, Better Capital Ventures",2022
teewe,14.53,14.53,1,Other,Unknown,Seed,2015,"Sequoia Capital, India Quotient",2015
pocket52,14.53,14.53,1,Gaming,Bangalore,Series A,2020,Gameskraft,2020
insurance samadhan,14.52,8.5,2,Insurance,Delhi,"Pre-Series A, Strategic Investment","2021, 2025","9Unicorns, Znl, Innovito Ventures",2025
procureyard,14.28,14.28,1,B2B Raw Materials,Haryana,Seed,2025,"Powerhouse Ventures, Java Capital, 2Am Vc, Angels Including Abhishek Goyal And Rajesh Sawhney",2025
megaliter varunaa,14.19,14.19,1,Environment > Waste & Water Management,Telangana,Seed,2025,Unknown,2025
supplynote,14.110000000000001,9.96,2,SaaS,Noida,"Seed, Pre-Series A","2020, 2021","Mox, Sosv, Venture Catalysts",2021
assidus global,14.11,14.11,1,Ecommerce,Wilmington,Series A,2022,"Isthara Offers Sharedunknownliving Accommodations As Well As A Variety Of Facilities, To Working Professiounknownls And Students",2022
touchkin,14.11,10.79,2,Technology,Bangalore,"Private Equity, Seed","2016, 2017","Kae Capital, Alok Mittal, Amit Gupta, Anuj Srivastava, Himanshu Aggarwal, Raghuunknownndan G, Puneet Agarwal",2017
pi beam electric,14.11,14.11,1,Motor Vehicle Manufacturing,Chennai,Pre-Series A,2022,Inflection Point Ventures,2022
lets dive,14.11,14.11,1,SaaS,Bangalore,Unknown,2020,Surge,2020
godutch,14.11,14.11,1,Fintech,Mumbai,Seed,2020,"Matrix India, Y Combiunknowntor, Global Founders Capital, Soma Capital, Venturesouq",2020
aspada,14.11,14.11,1,Fintech,Bangalore,Seed,2022,Song Fund,2022
dcg tech,14.11,14.11,1,Ecommerce,Gurgaon,Pre-Series A,2025,Gvfl,2025
crackle,14.11,14.11,1,Adtech,Delhi,Pre-Seed,2024,We Founder Circle And Ac Ventures,2024
manch,14.11,8.3,2,Social Media,Delhi,"Seed, Pre-Series A","2018, 2021","Stellaris Venture Partners, Bharat Inclusion",2021
himshakti,14.11,14.11,1,Food,Dehradun,Pre-Seed,2022,Indian Institute Of Maunknowngement Kashipur And Varun Agrawal,2022
sustvest,14.11,14.11,1,Sustainable Investment,Gurgaon,Other,2024,"Inflection Point Ventures, Antler, Weh Ventures, Venture Catalysts, Soonicorn Ventures, Faad Network",2024
goodmeetings,14.11,14.11,1,Computer Software,Bangalore,Series A,2021,Chiratae Ventures,2021
dynolt,14.11,14.11,1,Deeptech Ai & Analytics,Bangalore,Seed,2025,"Transition Vc, Yashowardhan Shah",2025
carefi,14.0,8.0,2,Fintech,Bangalore,Debt,"2024, 2025","Wint Wealth And Caspian, Revx",2025
tapchief,13.7,12.45,2,Consumer Internet,Bangalore,"Seed, Pre-Series A","2016, 2020","Vijay Shekhar Sharma, Blume Ventures",2020
zenstatement,13.45,13.45,1,Finance Automation And Cash Flow Management,Bangalore,Other,2024,"3One4 Capital, Boldcap Vc, Atrium Angels",2024
supr daily,13.45,12.45,2,Consumer Internet,Mumbai,"Private Equity, Seed",2017,"Soma Capital, Great Oaks Ventures, 122 West Ventures, Y Combiunknowntor",2017
yourdost,13.280000000000001,9.96,2,Consumer Internet,Bangalore,Seed,"2015, 2016","Saif Partners, Aprameya Radhakrishunknownn, Phanindra Sama, Subba Rao Telidevara, Vibhu Garg, Paula Ravindra Mariwala, Gaurav Bhalotia, Phanindra Sama, Aprameya Radhakrishunknown, Aneesh Reddy, Neeraj Jawalkar, Sanjay Aunknownndaram, Pavan Ongole, Venk Krishunknownn",2016
the wedding brigade,13.280000000000001,8.3,2,Consumer Internet,Mumbai,"Private Equity, Seed","2016, 2018","Blume Ventures, Blume Ventures, Other Ununknownmed Investors",2018
arth designbuild,13.280000000000001,9.13,2,Architectural Design & Consulting,Hyderabad,"Seed, Unknown","2015, 2020","Srinivas Tirupati, Startupunknowno, Eden Ventures",2020
mytaxiindia,13.280000000000001,8.3,3,Consumer Internet,Delhi,"Private Equity, Seed","2015, 2016","Nihon Kotsu Co, Nihon Kotsu, Green House Ventures",2016
future agi,13.28,13.28,1,Ai Infrastructure,Bangalore,Pre-Seed,2025,"Powerhouse Ventures, Snow Leopard Ventures, Angellist Quant Fund, Saka Ventures, Swadharma Source Ventures, 30+ Industry Stalwarts",2025
keka hr,13.28,13.28,1,Information Technology &,Hyderabad,Unknown,2021,Recur Club,2021
fantail,13.28,13.28,1,Enterprise,Surat,Seed,2025,"Riverwalk Holdings, Incubate Fund Asia, All In Capital",2025
zfw dark stores,13.28,13.28,1,Logistics,Delhi,Unknown,2022,Amanpreet Bajaj And Sea Fund,2022
deepmatrix,13.28,13.28,1,Deep,Bangalore,Unspecified Round,2024,Yournest And Arali Ventures,2024
goodservice,13.28,13.28,1,Mobile Chat Based Concierge,Delhi,Private Equity,2015,Sequoia Capital,2015
kogo,13.28,13.28,1,Information Technology,Delhi,Other,2022,Mapmyindia And Rampraveen Swamiunknownthan,2022
mypetrolpump,13.28,13.28,1,Retail,Bangalore,Seed,2019,Unknown,2019
gumlet,13.28,13.28,1,It,Bangalore,Unknown,2021,Sequoia’S Surge,2021
transerve,13.28,13.28,1,Technology,Mumbai,Private Equity,2017,"Il, Fs Investment Maunknowngers, Omidyar Network.",2017
purple tutor,13.28,13.28,1,Edtech,Mumbai,Series A,2022,Arjun Malhotra And Disruptors Capital,2022
vyomic,13.28,13.28,1,Advanced Hardware & Technology,Bangalore,Pre-Seed,2025,Speciale Invest,2025
adicube,13.28,13.28,1,Marketing & Advertising,Bangalore,Pre-Seed,2022,Pitcherlabs Ventures,2022
quikwallet,13.28,13.28,1,F&B Sector Mobile Payment,Mumbai,Private Equity,2015,Snow Leopard Technology Ventures,2015
green aero,13.28,13.28,1,Advanced Hardware & Technology,Delhi,Seed,2025,Pi Ventures,2025
metashot,13.0,11.0,2,Gaming,Bangalore,Other,2025,"Karunknowntaka Govt’S Venture Fund, Sauce.Vc, Sharrp Ventures, Panthera Peak Capital",2025
kisah,13.0,13.0,1,Mens Ethnicwear,Kolkata,Unspecified Round,2025,Wow Momo,2025
workie,13.0,13.0,1,Office Space Management,Indore,Equity,2025,"Sunil Singhania Family Office, Nav Capital, Raman Roy, Others",2025
applicate,12.870000000000001,8.3,2,Technology,Bangalore,Seed,"2015, 2016","Unknown Investors, Rishi Vasudev, Amit Gupta, Rajiv Nayan",2016
signalx,12.86,6.64,2,AI,Hyderabad,"Seed, Unknown",2020,"9Unicorns, 3Lines Vc, Hyderabad Angels, Unknown",2020
6degree,12.780000000000001,8.3,3,Technology,Mumbai,"Seed, Unknown","2016, 2020, 2021","Indian Angel Network, Keiretsu Forum, Sucseed Venture Partners",2021
white owl brewery,12.7,12.7,1,Microbrewery,Mumbai,Private Equity,2015,"Arihant Patni, Raay Global Investments",2015
navata supply chain,12.62,12.62,1,Business > Supply,Telangana,Series A,2025,Abyro Capital,2025
altmat,12.616,12.616,1,High > Advanced Materials,Gujarat,Seed,2025,Rainmatter,2025
lehlah,12.5,12.5,1,Influencer Commerce,Mumbai,Seed,2025,Gruhas,2025
petoo,12.450000000000001,8.3,2,Consumer Internet,Bangalore,"Seed, Private Equity",2016,"Existing Investors, Axilor Ventures",2016
fyle,12.450000000000001,9.13,2,Technology,Bangalore,"Other, Seed","2017, 2018","Pravega Ventures And Beenext, Pravega Ventures",2018
playsuper,12.450000000000001,8.3,2,Media & Entertainment,Gurgaon,Seed,2025,"Chimera, Ian Angel Fund, 100X.Vc, Angel Investors (Uday Sodhi, Krs Jamwal, Pratham Mittal, Rajit Bhattacharya, Ankit Das)",2025
darwix ai,12.45,12.45,1,AI,Gurgaon,Unknown,2025,"Rebalance, Ipv, Jito Incubation And Innovation Foundation, Growth Sense, Growth91, Ankit Nagori, Sanjay Suri, Amit Lakhotia, Mekin Maheshwari",2025
orbitaid,12.45,12.45,1,Spacetech,Bangalore,Pre-Seed,2025,"Unicorn India Ventures, Tansim (Tamil Nadu Government)",2025
9stacks,12.45,12.45,1,Technology,Delhi,Private Equity,2017,"Swati Gupta, Purnima Khandelwal, Maheshwar Peri, Sanjay Singh",2017
armory,12.45,12.45,1,Advanced Hardware & Technology,Gurgaon,Unknown,2025,"Growx Ventures, Industrial 47, Antler, Ac Ventures, Dexter Ventures",2025
salebhai,12.45,12.45,1,Ecommerce,Ahmedabad,Private Equity,2016,Brand Capital,2016
hypd,12.45,12.45,1,Ecommerce,Delhi,Seed,2022,"Better Capital, Sauce Vc, Bhuvan Bam",2022
abi health,12.45,12.45,1,Technology,Bangalore,Private Equity,2017,Norwest Venture Partners,2017
hubbler,12.45,12.45,1,Information&Technology,Karnataka,Seed,2022,Lendenclub Alpha And Unicorn India Ventures,2022
fitelo,12.45,12.45,1,Fitness&Healhcare,Mohali,Unknown,2022,Guild Capital And Pareto Capital,2022
velvetcase,12.45,12.45,1,Ecommerce,Mumbai,Private Equity,2016,"Uniqorn Ventures Fund, Tv Mohandas Pai, S Somasegar",2016
cumin,12.45,12.45,1,Ecommerce,Gurgaon,Unknown,2025,Fireside Ventures,2025
outscal,12.45,12.45,1,Information Technology,Delhi,Seed,2022,Kalaari Capital.,2022
jeevam health,12.45,12.45,1,Healthcare,Delhi,Pre-Seed,2021,Y Combiunknowntor,2021
schoolwear,12.45,12.45,1,Ecommerce,Mumbai,Seed,2016,Unknown Investors,2016
innovapptive,12.45,12.45,1,Technology,Hyderabad,Seed,2017,Hyderabad Angels,2017
logibricks,12.45,12.45,1,Computer Software,Pune,Unknown,2022,Shiprocket,2022
infilect,12.45,12.45,1,SaaS,Bangalore,Pre-Series A,2020,"Mela Ventures, 1Crowd",2020
do your thng,12.45,12.45,1,Marketing,Gurgaon,Unknown,2021,"Angelbay Holdings, Faad Network",2021
docplix,12.45,12.45,1,Healthcare,Lucknow,Unknown,2022,Pankaj Pandey And Gurpreet Singh,2022
livve,12.45,12.45,1,Rental Space,Cochin,Seed,2020,Unknown,2020
betaout,12.45,12.45,1,Ecommerce,Noida,Private Equity,2016,"Stanford Angels, Letsventure, Chenunknowni Angels, Hyderabad Angels, Mumbai Angels",2016
machaxi,12.45,12.45,1,Sportstech,Bangalore,Unspecified Round,2025,"Rainmatter, Prakash Padukone",2025
mad street den,12.45,12.45,1,Other,Unknown,Private Equity,2015,"Exfinity Fund, Growx Ventures.",2015
onegreen,12.45,12.45,1,Ecommerce,Gurgaon,Seed,2022,Sandhar Technologies And Sunil Kamath,2022
imaginxp,12.45,12.45,1,Edtech,Pune,Unknown,2021,Venture Catalysts,2021
smart institute,12.45,12.45,1,Edtech,Surat,Unknown,2020,Hni Investors,2020
earlysalarycom,12.45,12.45,1,Mobile Based Loan Disbursement,Mumbai,Seed,2015,Ashok Agarwal,2015
innaccel,12.45,12.45,1,Medtech,Bangalore,Pre-Series A,2020,Mount Judi Ventures,2020
sisir radar,12.45,12.45,1,Spacetech Sar Satellite Imaging,Kolkata,Seed,2025,"Shastra Vc, Riverwalk Holdings, Invstt",2025
mastermentors,12.45,12.45,1,Edtech,West Bengal,Unknown,2021,Unknown,2021
howdy ventures,12.45,12.45,1,Consumer Internet,Chennai,Seed,2017,S. Xavier Britto,2017
seekify,12.45,12.45,1,SaaS,Delhi,Seed,2020,Sequoia Capita,2020
spry,12.45,12.45,1,Music,Mumbai,Seed,2021,"9Unicorns, Ashneer Grover",2021
credihealth,12.45,12.45,1,Consumer Internet,Gurgaon,Private Equity,2017,"Tolaram Inc, Mountain Pine Capital",2017
housingman,12.45,12.45,1,Consumer Internet,Bangalore,Other,2018,Unknown,2018
newsbytes,12.45,12.45,1,Digital Media,Gurgaon,Series A,2020,North Base Media,2020
sukoon,12.45,12.45,1,Proffesional,Karachi,Seed,2022,Crescent Ventures And Dotzero Ventures,2022
mycfo,12.45,12.45,1,Wealth Management,Mumbai,Private Equity,2015,Sameer Koticha,2015
zimyo,12.45,12.45,1,Hr,Gurgaon,Seed,2020,"Abhishant Pant, Chiranth Patil",2020
istar skill development,12.45,12.45,1,Skill Training,Bangalore,Private Equity,2015,"Michael, Susan Dell Foundation, Unitus Seed Fund",2015
xpand,12.45,12.45,1,Retail,Delhi,Pre-Series A,2021,"Akash Prakash, Madhu Jayakumar, Dipinder Sandhu, Shagun Khandelwal",2021
team indus,12.45,12.45,1,Other,Unknown,Private Equity,2015,"Nandan Nilekani, Rajiv Mody, Ajai Chowdhary",2015
tekie,12.45,12.45,1,Edtech,Gurgaon,Seed,2021,"Gsv, Multiply Ventures",2021
newmi care,12.45,12.45,1,Womens Health & Wellness,Unknown,Seed,2024,"Sprout Venture Partners, Family Office, Letsventure, Sarcha Advisors, Key Ventures",2024
murfai,12.45,12.45,1,SaaS,Bangalore,Seed,2021,Elevation Capital,2021
theater,12.45,12.45,1,Fashion,Chandigarh,Pre-Series A,2024,"Prath Ventures, Existing Angel Investors",2024
karkhanaio,12.45,12.45,1,Manufacturing,Mumbai,Seed,2021,Zone Startups In,2021
kandee factory,12.45,12.45,1,Organic Food,Chennai,Unknown,2022,Keiretsu Forum And Ah! Ventures,2022
address health,12.45,12.45,1,Healthcare,Bangalore,Private Equity,2016,Gray Matters Capital,2016
gopigeon,12.45,12.45,1,Consumer Internet,Bangalore,Private Equity,2016,Nexus Venture Partners,2016
predictivu,12.45,12.45,1,Management Consulting,Gurgaon,Pre-Seed,2021,Kuunknownl Sarkar,2021
praan,12.45,12.45,1,Renewables & Environment,Mumbai,Unknown,2022,"Better Capital, Paradigm Shift Capital, Avaaunknown Capital",2022
unocoin,12.45,12.45,1,Consumer Internet,Bangalore,Private Equity,2016,"Blume Ventures, Mumbai Angels, Ah! Ventures, Digital Currency Group, Boost Vc, Bank To The Future And Funders Club",2016
cancer clinics,12.45,12.45,1,Healthcare,Telugana,Pre-Series A,2021,Axilor,2021
cosmofeed,12.45,12.45,1,Content Monetisation,Gurgaon,Seed,2022,"Growx Ventures, Waveform Ventures",2022
klassroom edutech,12.45,12.45,1,Edtech,Mumbai,Unknown,2022,Startuplanes And Ah! Ventures,2022
roomstonite,12.45,12.45,1,Last Minute Hotel Booking,Bangalore,Seed,2015,"Lashit Sanghvi, Nikhil Vora, Venkat Vardhan, Mohammed Bin Abdul Rehman Al Khalifa, \\Xc2\\Xa0 Ralph Berezan, Vissal Mathew, \\Xc2\\Xa0 Balamurali Krishunknown",2015
vaya,12.45,12.45,1,AI,Delhi,Unspecified Round,2025,"Accel, Arkam Ventures",2025
toffee,12.45,12.45,1,Consumer Internet,Gurgaon,Other,2018,"Kalaari Capital, Omidyar Network And Accion Venture Labs",2018
rephraseai,12.45,12.45,1,AI,Bangalore,Seed,2020,"Techstars Bangalore Accelerator, Techstars",2020
vahdam tea,12.45,12.45,1,Ecommerce,Delhi,Private Equity,2017,"Singapore Angel Network, Mumbai Angel",2017
anvidha,12.45,12.45,1,Technology,Haryana,Seed,2021,Unknown,2021
uptimeai,12.45,12.45,1,AI,Bangalore,Seed,2021,Yournest Venture Capital,2021
multiplier,12.45,12.45,1,Technology,Hyderabad,Private Equity,2017,Norwest Venture Partners,2017
paytail,12.45,12.45,1,Fintech,Delhi,Seed,2021,Cholamandalam,2021
hello curry,12.45,12.45,1,Food,Hyderabad,Private Equity,2016,"Sashi Reddi, Other Ununknownmed Investors",2016
acknoledger,12.45,12.45,1,Crypto,Mumbai,Seed,2021,"Momentum 6, Basics Capital, Krypital Capital, Shima Capital, Magnus Capital",2021
eximpe,12.3,12.3,1,Arjun Zacharia,Eximpe Is Managing Sellers,Unknown,2022,Seed,2022
ken42,12.2,12.2,1,Edtech,Bangalore,Unknown,2020,Turbostart,2020
perfora,12.120000000000001,9.96,2,Consumer Goods,Gurgaon,"Pre-Seed, Seed","2021, 2022","Sauce.Vc, Ashutosh Valani And Lotus Herbals",2022
data science wizards,12.12,11.62,2,Information Technology &,Mumbai,"Unknown, Seed","2022, 2024","Clover Infotech, Not Disclosed",2024
baxi,12.04,12.04,1,Twowheeler Taxi,Gurgaon,Seed,2015,"Manish Kheterpal, Alok Mittal, \\Xc2\\Xa0 Puneet Dalmia",2015
snooplay,12.04,7.6,2,Technology,Delhi,"Seed, Pre-Series A","2022, 2025","Amogh Kmar Gupta, Pravek Family Office",2025
cambrian bioworks,12.04,12.04,1,Biotechnology,Bangalore,Seed,2024,"Irani Family Office, Vaibhav Hegde",2024
sustainiam,12.04,12.04,1,Climate,Bangalore,Initial Funding,2024,"Orios Venture Partners, Shilpa Shetty Kundra, Rajesh Sawhney, Harsh Vardhan Bhagchandka, Vinit Bhansali",2024
voxweb,12.030000000000001,8.3,3,Consumer Internet,Mumbai,Seed,"2015, 2017","Unknown Investors, Unknown Investor, Jitendra Gupta, Others",2017
dreamfly innovations,12.0,12.0,1,Battery,Bangalore,Seed,2025,"Avaaunknown Capital, Sunicon Ventures",2025
crysta,11.65,11.65,1,Healthcare,Delhi,Pre-Series A,2020,"Green Shots Capital, Alfa Ventures, Real Time Venture, Petrotech, Steel City Securities, Lalit Wadhwa, Dr Kriti Maroli",2020
goodmylk,11.620000000000001,8.3,2,Dairy,Bangalore,Seed,"2020, 2021","Ginni Interunknowntiounknownl, Elisa Khong, Sandeep Singh, Veginvest, Jinisha Sharma, Aditya Agarwal, Victoria, Abhishek Shroff",2021
gobbly,11.620000000000001,7.47,2,Retail,Gurgaon,"Seed, Pre-Series A","2020, 2021","Sauce Vc, Anicut Angel Fund, Sauce.Vc",2021
rentsher,11.620000000000001,9.13,2,Consumer Internet,Bangalore,"Other, Seed","2016, 2018","Shorooq Investments, Letsventure, Others, Vaibhav Doshi, Abhay Singhal, Vibhu Garg, Joby Babu, Abhishek Acharya, Manish Shah",2018
peakamp,11.62,11.62,1,Clean,Gurgaon,Seed,2025,Caret Capital,2025
profintech,11.62,11.62,1,Fintech,Hyderabad,Seed,2024,"Family Offices, Hnis",2024
systemantics,11.62,11.62,1,Technology,Bangalore,Private Equity,2016,"Nandan Nilekani, Accel",2016
generico,11.62,11.62,1,Pharmacy,Mumbai,Unknown,2020,Alteria Capital,2020
conscious chemist,11.62,11.62,1,Beauty Commerce,Delhi,Venture,2024,Atomic Capital,2024
taskmo,11.62,11.62,1,B2B,Bangalore,Unknown,2021,Quess Corp India,2021
skippi,11.62,11.62,1,Ecommerce,Hyderabad,Pre-Series A,2025,Unknown,2025
mymobiforce,11.62,11.62,1,Internet,Noida,Pre-Series A,2021,Bharat Inclusion,2021
aikenist,11.62,11.62,1,Healthcare,Bangalore,Seed,2024,Venture Catalysts,2024
credy,11.62,11.62,1,It,Bangalore,Other,2018,"Y Combiunknowntor, Khosla Ventures, Vy Capital And Others",2018
castler,11.62,11.62,1,Other,Delhi,Seed,2022,Venture Catalysts And 9Unicorns Accelerator Fund,2022
airmed labs,11.62,11.62,1,Consumer Internet,Ahmedabad,Private Equity,2017,Brand Capital,2017
parallel dots,11.62,11.62,1,Technology,Gurgaon,Private Equity,2017,Multipoint Capital,2017
phoolco,11.62,11.62,1,Biomaterial,Kanpur,Pre-Series A,2020,Kaplan Foundation,2020
dillyhub,11.62,11.62,1,Publication,Seoul,Seed,2020,"Kakao Ventures, Shinhan Capital",2020
induz,11.62,11.62,1,Data Security,Hyderabad,Unspecified Round,2024,"Yournest Venture Capital, Sanchiconnect",2024
urdoorstep,11.62,11.62,1,Ecommerce,Bangalore,Private Equity,2016,"Lakshmi Vilas Bank, Undisclosed Hnis",2016
banana club,11.54,11.54,1,Consumer > Fashion,Karnataka,Seed,2025,Unknown,2025
bower,11.5,11.5,1,Edtech,Hyderabad,Seed,2025,Highunknownnetunknownworth Individuals (Hnis) And Astir Ventures,2025
the hive hostels,11.5,11.5,1,Hospitality,Mumbai,IPO,2024,"Angel Investor, Sixth Sense Ventures, Others",2024
zenatix,11.3,9.96,2,Technology,Gurgaon,"Private Equity, Seed","2015, 2017","Pi Ventures, Blume Ventures, Rajan Aunknownndan, Kuunknownl Bahl, Rohit Bansal, Rahul Khanunknown",2017
dashamlabs,11.29,11.29,1,High > Advanced Materials,Haryana,Seed,2025,Speciale Invest,2025
hanselio,11.21,11.21,1,Consumer Internet,Bangalore,Private Equity,2017,"Idg Ventures, Endiya Partners",2017
karma primary healthcare,11.0,11.0,1,Healthcare,Udaipur,Series A,2024,"Ubs Optimus Foundation, 1Crowd, Others",2024
mindler,10.99,8.3,2,Consumer Internet,Delhi,"Seed, Pre-Series A","2016, 2021","Taxmann, Inflection Point Ventures, Dlabs",2021
knorish,10.98,8.3,2,SaaS,Delhi,Pre-Series A,"2020, 2021","100X Vc, Inflection Point Ventures, Rockstud Capital, Pentathlon Ventures, Prophetic Ventures Syndicate",2021
finsall,10.790000000000001,8.3,2,Fintech,Bangalore,"Seed, Pre-Series A","2021, 2022",Unicorn India Ventures,2022
kskt,10.79,10.79,1,Agritech,Gurgaon,Other,2025,Keiretsu Forum And Favcy’S 1Stcheque Angel Network,2025
carbanio,10.79,10.79,1,B2B,Hyderabad,Seed,2022,Quantico Group Usa,2022
brinton,10.79,10.79,1,Healthcare,Usa,Debt,2020,"India Alterunknowntives Private Equity Fund, Tata Capital",2020
yellow classes,10.79,10.79,1,Edtech,Gurgaon,Pre-Series A,2020,India Quotient,2020
goodmelts,10.79,10.79,1,Retail > Home Care Ecommerce,Karnataka,Seed,2025,Anicut Capital,2025
sucseed,10.79,10.79,1,Fintech,Hyderabad,Unknown,2020,"Dr. Moti Vyas, Udit Goyal",2020
kafqa academy,10.79,10.79,1,Edtech,Bangalore,Seed,2021,"Global Founders Capital, Enzia Ventures, Better Capital",2021
buyeazzy,10.79,10.79,1,Fashion,Delhi,Seed,2022,Superb Capital And M Venture Partners (Mvp,2022
deep algorithm,10.79,10.79,1,Enterprise,Hyderabad,Unknown,2025,Unicorn India Ventures,2025
aastey,10.79,10.79,1,Apparel & Fashion,Mumbai,Seed,2022,Cxxo,2022
racenergy,10.79,10.79,1,Automotive,Hyderabad,Seed,2021,"Micelio Fund, Growx Ventures",2021
zerone,10.79,10.79,1,Fintech,Gurgaon,Pre-Series A,2021,Anthill Ventures,2021
appx,10.79,10.79,1,Technology,Delhi,Unknown,2022,Y Combiunknowntor,2022
veg route,10.79,10.79,1,Supply Management,Chennai,Seed,2022,Abhishek Pandey And Jai Kumar,2022
pickingo,10.79,10.79,1,Ondemand Delivery Logistics,Delhi,Private Equity,2015,"Orios Venture Partners, Zishaan Hayath",2015
bikry app,10.79,10.79,1,Consumer Software,Noida,Unknown,2021,Ycombiunknowntor,2021
astrogate labs,10.79,10.79,1,Spacetech Satellite Communications,Bangalore,Other,2025,Piper Serica Angel Fund,2025
pepul,10.79,10.79,1,Computer Software,Chennai,Seed,2022,"Hourglass Venture Partners, Girish Mathrubootham, Vijay Shekhar Sharma",2022
penny,10.79,10.79,1,SaaS,Riyadh,Seed,2020,Unknown,2020
consuma,10.79,10.79,1,Enterprise Applications > Marketingtech,Karnataka,Seed,2025,Equirus Wealth,2025
farmers fresh zone,10.54,6.64,2,Agritech,Kochi,"Unknown, Pre-Series A","2020, 2021","Artha India Ventures, Nagaraja Prakasam, Ian Fund, Malabar Angel Network, Native Angel Network",2021
tvaster genkalp,10.38,10.38,1,Healthcare,Chennai,Pre-Series A,2025,Ideaspring Capital,2025
mydesignation,10.38,10.38,1,D2C Fashion,Thiruvananthapuram,Seed,2025,Multiply Ventures,2025
zotalabs,10.38,10.38,1,Technology,Pune,Seed,2021,Alfa Ventures,2021
absentia vr,10.38,10.38,1,Technology,Bangalore,Private Equity,2017,Exfinity Venture Partners,2017
bebe burp,10.32,8.0,2,Food,Surat,"Seed, Pre-Series A","2022, 2024","Mapro Foods, Ivy Growth Associates, Shreeji Brothers, Dholakia Ventures, Gruhas Collective Consumer Fund (Gccf)",2024
ivf,10.29,10.29,1,Techenabled Fertility,Gurgaon,Pre-Series A,2024,Tomorrow Capital,2024
slang labs,10.29,10.29,1,Technology,Bangalore,Other,2018,Endiya Partners,2018
serigen mediproducts,10.0,10.0,1,Biomedical Products,Pune,Unspecified Round,2024,"Ian Alpha Fund, Colossa Ventures, Angels",2024
boson whitewater,10.0,10.0,1,Water Recycling,Bangalore,Equity,2024,Rainmatter,2024
technodysis,10.0,10.0,1,It Cloud & Devops,Bangalore,Debt,2025,Recur Club,2025
eyerov,10.0,10.0,1,Marine Robotics,Kochi,Pre-Series A,2024,Unicorn India Ventures,2024
sammmm,10.0,10.0,1,Teen Selfcare,Mumbai,Seed,2025,"Fireside Ventures, Sauce Vc, Nihir Parikh, Sachin Parikh, Shantanu, Nikhil Mehra",2025
kreedo early childhood,10.0,10.0,1,Edtech,Bangalore,Debt,2024,Recur Club,2024
rio innobev,10.0,10.0,1,Beverage,Pune,Pre-Series A,2025,Atomic Capital,2025
better nutrition,10.0,10.0,1,Biofortified Food,Lucknow,Seed,2025,Family Offices And Highunknownnetunknownworth Individuals (Hnis),2025
askmyguru,9.96,9.96,1,Spiritualtech,Bangalore,Seed,2025,Lumikai,2025
alpha coach,9.96,9.96,1,Professional Training & Coaching,Mumbai,Unknown,2021,Jani Ventures Inc,2021
zivy,9.96,9.96,1,AI,Bangalore,Pre-Seed,2024,"Blume Ventures, Paradigm Shift Capital, Iseed, Everywhere Ventures",2024
yolo,9.96,4.98,2,Transport,Gurgaon,Seed,2020,Unknown,2020
greenstitch,9.96,9.96,1,Climate Fashion,Bangalore,Seed,2025,"Equirus Innovatex Fund, Ivycap Ventures, Warmup Ventures, Zeca Ventures",2025
janani,9.96,8.3,2,Fertility,Bangalore,"Pre-Seed, Seed","2020, 2021","9Unicorns, Sweta Rau, 9Unicorns Accelerator Fund",2021
meradoctor,9.96,9.96,1,Virtual Health Consultation,Mumbai,Private Equity,2015,Unilazer,2015
dekkho,9.96,9.96,1,Consumer Internet,Mumbai,Seed,2016,Undisclosed Investors,2016
curie money,9.96,9.96,1,Fintech,Bangalore,Seed,2024,"India Quotient, Institutiounknownl And Angel Investors",2024
gully network,9.96,9.96,1,Ecommerce,Bangalore,Pre-Series A,2020,"Cp Ventures, Orios Venture Partners",2020
ukhi,9.96,9.96,1,Biomaterials,Delhi,Pre-Seed,2024,"100Unicorns, Venture Catalysts, Avtar Monga",2024
medpay,9.96,9.96,1,Information Technology,Bangalore,Seed,2021,"Entrepreneur First (Ef), Growx Ventures",2021
alienkind,9.96,9.96,1,Juice,Bangalore,Seed,2025,"Prakash Sikaria, Ravi Iyer, Arpan Sheth",2025
stackbox,9.96,9.96,1,Logistics,Bangalore,Unknown,2021,"Ecosystem Ventures, Cmm Group",2021
healthcred,9.96,9.96,1,B2B Healthcare Financing,Delhi,Seed,2024,"Antler India, Trtl Vc, Devc, Iseedvc, Angel List India",2024
akashalabdhi,9.96,9.96,1,Advanced Hardware & Technology,Roorkee,Pre-Seed,2025,Unknown,2025
cancrie,9.96,9.96,1,Nanocarbon Materials,Jaipur,Seed,2025,"Roots Ventures, Iima Ventures",2025
theranautilus,9.96,9.96,1,Nanorobotics For Healthcare,Bangalore,Seed,2024,Pi Ventures,2024
ue lifesciences,9.96,9.96,1,Technology,Mumbai,Private Equity,2016,"Kiran Mazumdarunknownshaw, Unitus Seed Fund",2016
cogniquest,9.96,9.96,1,Intelligent Document Processing Saas Ai,Bangalore,Seed,2025,"Cedar Ibsi Capital, Dexter Venture, Angellist, Congniphy Us",2025
prayaan capital,9.96,9.96,1,Fintech,Chennai,Seed,2020,Accion Venture Lab,2020
juno clinic,9.96,9.96,1,Consumer Internet,Mumbai,Seed,2017,Atul Nishar,2017
sidqam,9.96,9.96,1,Technology,Noida,Private Equity,2016,"Sque Capital, Grace Capital Ventures, Soham Vencaps",2016
upside ai,9.96,9.96,1,Fintech,Mumbai,Seed,2021,Endiya Partners,2021
high time foods,9.96,9.96,1,Food,Bangalore,Unspecified Round,2025,Avaaunknown Capital,2025
contineu,9.96,9.96,1,Deeptech,Us,Seed,2025,Senseai Ventures,2025
bookingjini,9.96,9.96,1,Hospitality,Gurgaon,Pre-Series A,2021,Mumbai Angels Network,2021
taqtics,9.96,9.96,1,SaaS,Bangalore,Seed,2024,"Sprout Venture Partners, Capitalunknowna, Java Capital",2024
momoe,9.96,9.96,1,Other,Unknown,Other,2015,"Idg Ventures India, Jungle Ventures, India Quotient.",2015
5c network,9.96,9.96,1,Healthcare,Bangalore,Pre-Series A,2020,"Axilor Ventures, Unitus Ventures",2020
silverpush,9.96,9.96,1,Crossdevice Retargeting,Gurgaon,Private Equity,2015,"M, S Partners",2015
mapmygenome,9.96,9.96,1,Other,Unknown,Private Equity,2015,"Rajan Aunknownndan, Other Angel Investors",2015
eon space labs,9.96,9.96,1,Advanced Hardware & Technology,Hyderabad,Pre-Series A,2025,Mgf Kavachh,2025
blue sky analytics,9.96,9.96,1,Data Intelligence,Gurgaon,Seed,2020,"Beenext, Rainmatter Capital Pvt Ltd, Stanford Angels, Entrepreneurs",2020
anny,9.96,9.96,1,Ecommerce,Gurgaon,Pre-Series A,2025,Atomic Capital,2025
earth rhythm,9.96,9.96,1,Cosmetics,Gurgaon,Seed,2021,Anicut Angel Fund,2021
supply6,9.96,9.13,2,Helathcare,Bangalore,Seed,"2021, 2025","Rohit Goutamchand, India Cxo Fund, Zeropearl Vc",2025
propreturns,9.96,9.96,1,Real Estate,Mumbai,Unknown,2021,"Y Combiunknowntor﻿, ﻿Goodwater Capital",2021
ampere vehicles,9.96,9.96,1,Electric Bike Manufacturers,Coimbatore,Seed,2015,"Kris Gopalakrishunknownn, Others",2015
brila 91,9.96,9.96,1,Food,Delhi,Unknown,2020,"Sequoia Capital, Sixth Sense Ventures",2020
repello ai,9.96,9.96,1,AI,Bangalore,Seed,2025,Venture Highway,2025
blinkitai,9.96,9.96,1,AI,Gurgaon,Seed,2025,Foliflex Cables,2025
goldsetu,9.96,9.96,1,SaaS,Bangalore,Seed,2022,"Village Global, Better Capital, Titan Capital, Iseed",2022
bhive workspace,9.96,9.96,1,Consumer Internet,Bangalore,Private Equity,2017,Blume Ventures,2017
moneyhop,9.96,9.96,1,Fintech,London,Seed,2021,Unknown,2021
raincheck earth,9.96,9.96,1,Alcoholic Beverage D2C,Delhi,Pre-Series A,2025,"Japanese Investors, Angellist India Syndicate",2025
dista,9.96,9.96,1,Computer Software,Pune,Seed,2021,Pentathlon Ventures,2021
affimity,9.96,9.96,1,Consumer Internet,Bangalore,Seed,2016,Undisclosed Investors,2016
onedios,9.96,9.96,1,Information Technology &,Noida,Unknown,2022,"India Angel Network, Letsventure",2022
canvasflip,9.96,9.96,1,Mobile Testing,Hyderabad,Seed,2015,Bessemer Venture Partners,2015
noticeboard,9.96,9.96,1,Consumer Internet,Bangalore,Private Equity,2017,Stellaris Venture Partners,2017
caravan craft,9.96,9.96,1,Indian Ethnic Crafts Etailer,Bangalore,Private Equity,2015,"Unitus Seed Fund, Bijou Kurien, Narayan Ramachandran",2015
triple tap games,9.96,9.96,1,Gaming Game Development,Mumbai,Pre-Seed,2025,"Eximius Ventures, Kalaari Capital, Angel Investors From Entertainment, Gaming Community",2025
freshokartz,9.55,8.3,2,Agritech,Jaipur,Pre-Series A,2020,"Rajasthan Venture Capital Fund, Innovaunknown Thinklabs, Thinklab",2020
edvizo,9.55,8.3,2,Edtech,Bangalore,"Seed, Pre-Series A","2020, 2021",Inflection Point Ventures,2021
livehealth,9.13,9.13,1,Consumer Internet,Pune,Other,2018,Nexus Venture Partners,2018
vendakin,9.13,9.13,1,Information Technology,Dover,Unknown,2022,Better Capital And Cp Gurunknownni,2022
calligotech,9.13,9.13,1,AI,Bangalore,Pre-Series A,2025,Seafund And Artha Venture Fund,2025
wright reseach,9.13,9.13,1,AI,Mumbai,Seed,2022,Orios Venture Partners And Ajat Hukkoo,2022
pipecandy,9.13,9.13,1,Technology,Chennai,Seed,2017,"Idg Ventures, Axilor Ventures, Emergent Ventures, Indian Angel Network",2017
dusminute,9.13,9.13,1,Retail,Bangalore,Pre-Series A,2021,Indian Angel Network,2021
lal10,9.13,9.13,1,B2B,Uttar Pradesh,Unknown,2020,Sorenson Impact,2020
dodo payments,9.13,9.13,1,Fintech,Bangalore,Pre-Seed,2025,"Antler, 9Unicorns, Venture Catalysts, Nitin Gupta, Maninder Gulati, Raymond Russell, Preethi Kasireddy, Nishant Verman",2025
dial4242,9.13,9.13,1,Healthcare,Gurgaon,Pre-Series A,2025,Ian Group,2025
front desk ai,9.13,9.13,1,Technology,Bangalore,Other,2018,"Speciale Invest, Others",2018
jambox games,9.13,9.13,1,Gaming,Bangalore,Seed,2021,Unknown,2021
lobb,9.13,9.13,1,Transportation/Trucking/Railroad,Bangalore,Pre-Series A,2022,"3One4 Capital, Sriunknownth Ramakkrushunknownn",2022
fur jaden,9.13,9.13,1,Luggage And Lifestyle,Mumbai,Pre-Series A,2025,Gruhas Collective Consumer Fund,2025
rare media,9.13,9.13,1,Technology,Delhi,Private Equity,2016,Info Edge (India) Ltd,2016
origa leasing,9.13,9.13,1,Asset Financing,Mumbai,Seed,2015,"Ah! Ventures, 500 Startups, Other Hnis",2015
tread,9.13,9.13,1,Fitness,Bangalore,Pre-Seed,2020,"Better Capital, Kuunknownl Shah, Gaurav Munjal",2020
elevatehq,9.13,9.13,1,Software,Sanfrancisco,Pre-Seed,2022,Pointone Capital And Leo Capital,2022
4fin,9.13,9.13,1,Fintech,Pune,Pre-Seed,2021,Curesense Therapeutics,2021
ammunic systems,9.13,9.13,1,Advanced Hardware & Technology,Bangalore,Seed,2025,"India Accelerator, Finvolve",2025
anmasa,9.13,9.13,1,Ecommerce,Gurgaon,Pre-Seed,2025,Unknown,2025
sports for life,9.13,9.13,1,Sports Academies,Bangalore,Seed,2024,"Roots Ventures, Ml Tondon And Sons Huf And Blume Ventures",2024
univariety,9.13,9.13,1,Edtech,Hyderabad,Unknown,2020,Info Edge,2020
aulerth,9.13,9.13,1,Luxury Goods & Jewelry,Gurgaon,Seed,2022,"Tarun Tahilian, M Venture Partners",2022
3hcare,9.13,8.3,2,Healthcare,Delhi,"Other, Seed","2017, 2018","Unknown, Unknown Investor",2018
chupps,9.13,9.13,1,Foootwear,Mumbai,Pre-Series A,2021,Venture Catalysts,2021
rupeeredee,9.13,9.13,1,Fintech,Gurgaon,Series B,2022,Digital Fiunknownnce Interunknowntiounknownl,2022
chai waale,8.89,4.98,3,Beverage,Chennai,Unknown,"2020, 2021","Guunknownvanth Vaid, Bharat Kumar Sohanraj, Tharun Dhariwal, Sunil Kumar Singhvi, Arun Ostwal, Vishal Ostwal, Guunknownvanth Vaid, Bharat Kumar, Sunil Sethia, Sunil Kumar Singhvi, Manish Mardia",2021
shoppinpal,8.88,8.88,1,Technology,Pune,Private Equity,2016,"Plug And Play Tech Center, Steelhead Ventures, Others",2016
smarterbiz,8.84,8.84,1,Technology,Bangalore,Pre-Series A,2020,"Startupxseed Ventures, Bhaskar Pramanik, Mj Aravinf, Ravi Viswaunknownth, Ramesh Radhakrishunknownn, Ranjan Biswas, Mj Aniketh.",2020
gozefo,8.71,8.71,1,Ecommerce,Bangalore,Private Equity,2016,"Helion Venture Partners, Beenext",2016
i3 systems,8.71,8.71,1,Insurance,Mumbai,Pre-Series A,2020,"Hataunknownka Yosuke, Minomiya Takeo",2020
hexafun,8.48,4.25,2,Ecommerce,Delhi,Seed,2025,Prajay Advisors,2025
medvital,8.4,8.4,1,Medtech,Delhi,Pre-Seed,2025,4Point0 Health Ventures,2025
lifechart,8.39,5.4,2,Gut Wellness,Gurgaon,"Unspecified Round, Seed","2024, 2025","Prajay Advisors Llp, Angel Investors, Prajay Advisors, Prakash Mody, And Jayendra Shah",2025
trusterra,8.38,8.38,1,Auto > Auto Retail & Aftersales,Haryana,Seed,2025,Finvolve,2025
letsmd,8.3,8.3,1,Healthcare,Delhi,Other,2018,"Sri Capital, Waterbridge Ventures And Thinkuvate",2018
taikee,8.3,8.3,1,Ecommerce,Mumbai,Unknown,2021,Unknown,2021
talent next,8.3,8.3,1,Consumer Internet,Mumbai,Seed,2016,"Karanpal Singh, Others",2016
anveya living,8.3,8.3,1,Consumer Goods,Bangalore,Seed,2022,Rukam Capital,2022
gameeon,8.3,8.3,1,Gaming Game Development,Mumbai,Unspecified Round,2024,"Sucseed Indovation Fund, Ice Vc, Ian, Cd Equifinance, Nexus Global Opportunities Fund",2024
orangetwig,8.3,8.3,1,Consumer Internet,Delhi,Seed,2016,Unknown Investor,2016
khiladipro,8.3,8.3,1,Sporttech,Bangalore,Pre-Seed,2025,Shastra Vc And,2025
em3 agri,8.3,8.3,1,Agritech,Noida,Unknown,2020,"Global Innovation Fund, Soros Economic Development Fund",2020
matrix geo,8.3,8.3,1,Drone & Space,Delhi,Other,2024,"Chittorgarh Infotech Limited, Viney Equity Markets Llp, Tryrock Capital Trust Aif",2024
orbitt space,8.3,8.3,1,Spacetech,Ahmedabad,Pre-Seed,2025,"Pi Ventures, Iima Ventures",2025
gamerji,8.3,8.3,1,Sports,Ahmedabad,Pre-Series A,2022,Unicorn India Ventures,2022
raaz app,8.3,8.3,1,Healthcare,Bangalore,Unspecified Round,2025,"Fireside Ventures, Campus Fund, Better Capital",2025
my omnamo,8.3,8.3,1,Consumer Internet,Mumbai,Other,2018,Unknown,2018
elixia tech,8.3,8.3,1,Information Technology &,Mumbai,Pre-Series A,2021,Rajasthan Venture Capital Fund,2021
witace,8.3,8.3,1,Skill Development,Gurgaon,Seed,2021,Citiustech,2021
bhiveworkspace,8.3,8.3,1,Reality,Bangalore,Private Equity,2016,Blume Ventures,2016
town essentials,8.3,8.3,1,Grocery Delivery,Bangalore,Seed,2015,"Sharad Hegde, Girish Reddy, Siddharth Patil, Shrikant Patil",2015
kisanwala,8.3,8.3,1,Information Technology &,Hyderabad,Unknown,2022,Unknown,2022
moneyboxx finance,8.3,8.3,1,Fintech,Delhi,Unknown,2020,"Blacksoil, Caspian",2020
mealawe,8.3,8.3,1,Food,Pune,Unspecified Round,2025,"Shark Tank Founders, Fdi, Angel Investors From Goldman Sachs, Oracle",2025
syook,8.3,8.3,1,Industrial Automation,Bangalore,Series A,2021,"Inflection Point Ventures, Ongc",2021
readyassist,8.3,8.3,1,Vehicle Repair,Bangalore,Seed,2021,Satish Grampurohit,2021
billion loans,8.3,8.3,1,Consumer Internet,Bangalore,Seed,2017,Reliance Corporate Advisory Services Ltd,2017
fuel buddy,8.3,8.3,1,Oil And Energy,Delhi,Unknown,2021,Jaipuria Family Office,2021
sqqrl,8.3,8.3,1,Fintech,Gurgaon,Other,2018,Equanimity Venture Fund,2018
aahaa stores,8.3,8.3,1,Ecommece,Chennai,Private Equity,2017,Yournest Angel Fund,2017
kiko live,8.3,8.3,1,Commerce,Gurgaon,Pre-Series A,2021,"Dinesh Agarwal, Amarjit Batra",2021
raskik,8.3,8.3,1,Fusion Beverages,Unknown,Pre-Series A,2020,"Venture Catalysts, 9Unicorns",2020
tablehero,8.3,8.3,1,Consumer Internet,Bangalore,Seed,2016,"Growx Ventures, Kuunknownl Shah, Sandeep Tandon, Haresh Chawla, Powai Lake Ventures, Globevestor",2016
tablesprint,8.3,8.3,1,Nocode Builder,Pune,Seed,2024,"Angel Investors (Ankit Bhati, Ajeet Khuraunknown, Etc.)",2024
fanball xi,8.3,8.3,1,Gaming,Delhi,Seed,2020,Foxhog Ventures,2020
mazkara,8.3,8.3,1,Consumer Internet,Pune,Seed,2016,Duunknownmis Ventures Pte Ltd.,2016
qyk app,8.3,8.3,1,Ondemand Based Professional,Bangalore,Private Equity,2015,"Growx Ventures, Tracxn Labs, Powai Lake Ventures, And Sahil Barua",2015
msmex,8.3,8.3,1,Edtech,Andheri,Pre-Series A,2021,"Tnf Ventures, Razorpay",2021
mybyk,8.3,8.3,1,Rental,Ahmedabad,Pre-Series A,2021,Avon Cycles,2021
rupeeflo,8.3,8.3,1,Fintech,Bangalore,Pre-Seed,2025,Piper Serica Angel Fund,2025
totality,8.3,8.3,1,Entertainment,Gurgaon,Unknown,2021,"Leo Capital, Mayfield Fund",2021
mygreens,8.3,8.3,1,Food,Delhi,Seed,2017,"Ajay Relan, Letsventure",2017
shotgun games,8.3,8.3,1,Media & Entertainment,Mumbai,Seed,2025,Unknown,2025
myfitness,8.3,8.3,1,Fitness,Silvassa,Seed,2021,9Unicorns,2021
curiousjr,8.3,8.3,1,Edtech,Gurgaon,Seed,2021,"Waterbridge Ventures, Enzia Ventures",2021
leanworx,8.3,8.3,1,Manufacturing Data,Bangalore,Seed,2024,"Yournest Venture Capital, Angel Investment Group",2024
qila games,8.3,8.3,1,Gaming,Bangalore,Pre-Seed,2025,Chimera Vc,2025
commeasure,8.3,8.3,1,Online Hotel Booking,Noida,Seed,2015,Jungle Ventures,2015
gig,8.3,8.3,1,Crowdsourcing,Pune,Pre-Series A,2020,"Shantanu Deshpande, Subramaniam Ramadorai",2020
unlu,8.3,8.3,1,Celebrity Engagement,Gurgaon,Seed,2021,Expert Dojo,2021
elixia robotics,8.3,8.3,1,Logistics,Mumbai,Pre-Series A,2024,Jito Incubation And Innovation Foundation (Jiif),2024
mykindofjob,8.3,8.3,1,Consumer Internet,Mumbai,Seed,2016,"Mayank Shah, Shreyans Shah",2016
ibsfintech,8.3,8.3,1,Information Technology &,Bangalore,Pre-Series A,2021,Unknown,2021
glamrs,8.3,8.3,1,Online Fashion Video Portal,Mumbai,Private Equity,2015,"Ventureworks India, Blume Ventures, Batlivala, Karani Securities, Nikunj Jhaveri",2015
aahaa,8.3,8.3,1,Ecommerce,Chennai,Private Equity,2016,Yournest Angel Fund,2016
i3sysytems,8.3,8.3,1,Technology,Mumbai,Other,2018,"Unitus Ventures, Behram Vakil And Jerxis Vandrevala",2018
anka summor,8.3,8.3,1,Sales And Distribution,Bangalore,Pre-Series A,2021,Inflection Point Ventures,2021
ar bon vivants,8.3,8.3,1,Food,Jaipur,Other,2018,"Rb Investments, Singapore",2018
tea trails,8.3,8.3,1,Of Tea Cafxc3Xa9Xe2X80X99S,Mumbai,Seed,2015,"Anil Matai, Vikram Tandon, Shyam Sundar R, Others",2015
ejohri,8.3,8.3,1,Jewellery,Mumbai,Pre-Series A,2020,Rajesh Raunknownvat,2020
ekank,8.3,8.3,1,Software,Delhi,Unknown,2022,"Archaunknown Priyadarshini, Amit Jain, Amit Hooja, Deepak Jain",2022
nugen,8.3,8.3,1,AI,Ahmedabad,Pre-Seed,2025,Antler,2025
nukkad shops,8.3,8.3,1,Consumer Internet,Hyderabad,Seed,2016,Purpletalk Inc,2016
frsh,8.3,8.3,1,Online Food Ordering & Delivery,Gurgaon,Private Equity,2015,"Mumbai Angels, Mayank Bhangdia, Kae Capital",2015
auraml,8.3,8.3,1,AI,Bangalore,Pre-Seed,2025,"Turbostart, Devc, Gsf Accelerator, Indian Angel Network",2025
oncare,8.3,8.3,1,Healthcare,Gurgaon,Seed,2024,Huddle Ventures,2024
shoppin,8.3,8.3,1,Fashion Search Engine,India,Unspecified Round,2025,Infoedge Ventures,2025
salt oral care,8.3,8.3,1,Preseries A,Mumbai,Pre-Series A,2025,Lotus Holdings,2025
origin fresh,8.3,8.3,1,Fresh Produce D2C,Bangalore,Pre-Seed,2025,"Aeravti Ventures, Ultra Hnis",2025
keeptrax,8.3,8.3,1,Location Based,Dallas,Seed,2015,Unknown,2015
meetuniv,8.3,8.3,1,Online Edtech,Noida,Seed,2015,Peesh Venture Capital,2015
tax2win,8.3,8.3,1,Consumer Internet,Jaipur,Private Equity,2016,Unknown Investors,2016
taxbuddycom,8.3,8.3,1,Fintech,Mumbai,Unknown,2020,Zenith Global,2020
streamoid,8.3,8.3,1,Visual Search And Discovery,Bangalore,Seed,2015,Unknown,2015
quash,8.3,8.3,1,AI,Delhi,Pre-Seed,2025,"Arali Ventures, Java Capital, Peercheque, Devc (Matrix Partners), Tracxn Counknownfounder",2025
quaqua,8.3,8.3,1,Travel,Hyderabad,Unknown,2020,Anthill Ventures,2020
bhive investech,8.3,8.3,1,Coworking,Bangalore,Seed,2020,Blume Ventures,2020
immunitoai,8.3,8.3,1,Biotechnology,Bangalore,Seed,2021,Pi Ventures,2021
froogal,8.3,8.3,1,Marketing & Customer Loyalty,Hyderabad,Pre-Series A,2020,Usunknownbased Angel Investors,2020
countingwell,8.3,8.3,1,Edtech,Bangalore,Pre-Series A,2020,"Delhi Private School, Uae, Interstar",2020
appie,8.3,8.3,1,Consumer Internet,Mumbai,Seed,2016,Unknown Investors,2016
excess2sell,8.3,8.3,1,Ecommerce,Mumbai,Unknown,2020,Gautham Madhavan,2020
bigstylistcom,8.3,8.3,1,Beauty And Wellness,Mumbai,Private Equity,2015,Info Edge,2015
flatheads,8.3,8.3,1,Apparel & Fashion,Bangalore,Pre-Series A,2021,"We Founder Circle, Dexter Angels",2021
learnvern,8.3,8.3,1,Edtech,Ahmedabad,Unknown,2021,Unknown,2021
fleek,8.3,8.3,1,Internet,Bangalore,Seed,2021,Axilor,2021
ritualistic,8.3,8.3,1,Home Decor D2C,Gurgaon,Other,2025,"Deep Bajaj, Mohit Bajaj",2025
legalraasta,8.3,8.3,1,Consumer Internet,Delhi,Seed,2016,"Pravin Khandelwal, Yatin Kumar Jain",2016
oorjaa,8.3,8.3,1,Logistics,Mumbai,Unknown,2022,Inflection Point Ventures,2022
rockclimber,8.3,8.3,1,Food,Bangalore,Unknown,2021,Aunknownnd Prakash Sharma,2021
data resolve,8.3,8.3,1,Technology,Noida,Private Equity,2017,Idfc Parampara Early Stage Opportunities Fund,2017
krishitantra,8.3,8.3,1,Soiltech,Hyderabad,Seed,2020,"Nabventures, Omnivore",2020
flipclass,8.3,8.3,1,Consumer Internet,Bangalore,Private Equity,2016,"S Chand And Co Pvt Ltd, Blume Ventures",2016
eywa media,8.3,8.3,1,Digital Signal Processing,Bangalore,Seed,2015,"Ah! Ventures, Viktor Koenig Pe Fund, Mantra Ventures",2015
datazip,8.3,8.3,1,Data Engineering,Bangalore,Seed,2024,Equirus Innovatex Fund,2024
ezcred,8.3,8.3,1,Consumer Internet,Bangalore,Seed,2017,"Dheeraj Pandey, Rajesh Yohanunknownn, Akash Garg",2017
meraqui,8.3,8.3,1,Human Resources,Pune,Seed,2022,Unknown,2022
fixcraft,8.3,8.3,1,Automotive,Gurgaon,Pre-Series A,2021,Unknown,2021
zippmat,8.3,8.3,1,SaaS,Bangalore,Seed,2022,Tradecred And Matrix Partners India,2022
creditvidya,8.3,8.3,1,Technology,Mumbai,Private Equity,2016,Kalaari Capital,2016
zoctr,8.3,8.3,1,Healthcare,Mumbai,Seed,2015,"Sandeep Parwal, Krishan Gupta, Others",2015
legal salah,8.3,8.3,1,Legaltech,Kolkata,Seed,2020,I2I Capitals,2020
medpho,8.3,8.3,1,Hospital & Health Care,Noida,Unknown,2021,"Cygnus Medicare Group, Probal Ghoshal, Shuchin Bajaj",2021
woodenstreet,8.3,8.3,1,Home Design,Rajastan,Unknown,2020,"Ian Fund, Rajasthan Venture Capital Fund",2020
rubix,8.3,8.3,1,Technology,Pune,Private Equity,2018,Polaris Fund,2018
express stores,8.3,8.3,1,Ecommerce,Gurgaon,Seed,2021,"Venture Highway, Rohit Bansal",2021
autodukan,8.3,8.3,1,Ecommerce,Pune,Pre-Series A,2025,Unknown,2025
fitsol,8.3,8.3,1,Decarbonization For Manufacturing,Delhi,Seed,2024,Transition Vc,2024
fitspire,8.3,8.3,1,Healthcare,Delhi,Other,2025,"Mcdounknownld'S India (North, East) Promoter Aunknownnt Agarwal, Mm Agrawal Group (Mmg), Akg Fiunknownncials",2025
extraaedge,8.3,8.3,1,Martech,Pune,Pre-Series A,2021,"9Unicorns Accelerator Fund, Indian Angel Network",2021
merlinwand,8.3,8.3,1,Ecommerce,Hyderabad,Seed,2022,Unknown,2022
savvymob,8.3,8.3,1,Ecommerce,Bangalore,Seed,2016,"Tv Mohandas Pai, Letsventure",2016
bizlog,8.3,8.3,1,Logistics,Bangalore,Unknown,2020,Ian Fund,2020
workapps,8.3,8.3,1,Technology,Pune,Seed,2016,Sri Capital,2016
kulzy,8.3,8.3,1,Advertising & Marketing Community Networking,Delhi,Seed,2015,"Seedfund, Bedrock Ventures",2015
say cheese,8.3,8.3,1,Femtech,Mumbai,Seed,2021,Unknown,2021
oneiric11 gaming,8.3,8.3,1,Esports And Gaming,Chandigarh,Pre-Series A,2024,"Ng Family Trust, Tac Holdings",2024
supermoney,8.3,8.3,1,Fintech,Mumbai,Pre-Series A,2020,Unitus Ventures.,2020
stylecracker,8.3,8.3,1,Personalized Styling,Mumbai,Private Equity,2015,Group Of Hni Investors,2015
sreyas holistic remedies,8.3,8.3,1,Medtech,Hyderabad,Unknown,2020,Blacksoil,2020
reddoorz,8.3,8.3,1,Budget Accommodation,Noida,Seed,2015,Jungle Ventures,2015
trackk,8.3,8.3,1,Fintech,Delhi,Seed,2025,Unknown,2025
toppersnotes,8.3,8.3,1,Edtech,Jaipur,Seed,2021,Inflection Point Ventures,2021
vagupu,8.3,8.3,1,Technology,Bangalore,Seed,2017,Unknown Investors,2017
verandah,8.3,8.3,1,Apparel & Fashion,Mumbai,Seed,2021,"Mike Novogratz, Neeraj Arora",2021
refrens,8.3,8.3,1,SaaS,Bangalore,Seed,2020,"Vijay Shekhar Sharma, Anupam Mittal",2020
ig drones,8.3,8.3,1,Dronetech,Delhi,Seed,2024,India Accelerator,2024
ziniosa,8.3,8.3,1,Luxury Fashion,Bangalore,Unknown,2025,Inflection Point Ventures (Ipv),2025
stalkbuylove,8.3,8.3,1,Ecommerce,Delhi,Private Equity,2017,Trifecta Capital,2017
seevc,8.3,8.3,1,Technology,Delhi,Seed,2021,Jimmy Singh,2021
fedo,8.3,8.3,1,AI,Bangalore,Unknown,2020,Aim Smart City,2020
aadyah,8.3,8.3,1,Technology,Bangalore,Private Equity,2017,Keiretsu Forum,2017
imarticus learning,8.3,8.3,1,Edtech,Mumbai,Private Equity,2016,"Blinc Advisors, Amit Naunknownvati, Tashwinder Singh, Taranjit Jaswal, Amit Khanunknown",2016
zoojoobe,8.3,8.3,1,Corporate Wellness,Bangalore,Private Equity,2015,Roundglass Partners,2015
zapyle,8.3,8.3,1,Preused Apparel Shopping Mobile,Bangalore,Seed,2015,Unknown,2015
recyclarocom,8.3,8.3,1,Environment > Solid Waste Management,Uttar Pradesh,Seed,2025,Capitaloven,2025
sthyr energy,8.3,8.3,1,Cleantech,Chennai,Seed,2025,"Speciale Invest, Antares Ventures",2025
seniority,8.3,8.3,1,Ecommerce,Pune,Private Equity,2017,Rpg Enterprises,2017
remitr,8.3,8.3,1,Consumer Internet,Mumbai,Seed,2016,"Vijay Shekhar Sharma, Pravin Gandhi, \\Xc2\\Xa0 Smart Start Fund; Kuunknownl Shah, \\Xc2\\Xa0 Sandeep Tandon, Vishal Gondal, Others",2016
scube futuretech,8.3,8.3,1,Structural & Civil Engg Automation,Mumbai,Private Equity,2015,Parampara Capital,2015
stance health,8.3,8.3,1,Healthcare,Bangalore,Pre-Seed,2025,General Catalyst,2025
resilience ai,8.3,8.3,1,Climate Technology,Gurgaon,Seed,2024,Kalaari Capital (Cxxo Initiative),2024
esmito,8.3,8.3,1,Information Technology,Taramani,Seed,2022,Unicorn India Venture,2022
reputai,8.3,8.3,1,Supply,Bangalore,Pre-Seed,2025,"Growthcap Ventures, Angel Investors",2025
forbidden foods,8.3,8.3,1,Food,Delhi,Seed,2020,"Globevestor, Secocha Ventures, First Cheque Vc, Kashyap Deorah, Vijay Sivaram",2020
igrenenergi,8.3,8.3,1,Technology,Mumbai,Seed,2016,Sunil Mehta,2016
customersucessbox,8.3,8.3,1,Technology,Gurgaon,Other,2018,"Pi Ventures, Axilor Ventures",2018
cellivate,8.3,8.3,1,Biotech,Singapore,Seed,2024,"Antler, Venture Catalysts, Hatcher+, We Founder Circle",2024
supplified,8.3,8.3,1,Ecommerce,Delhi,Seed,2016,Mohit Goel,2016
fraganote,8.3,8.3,1,Ecommerce,Delhi,Pre-Series A,2025,Rukam Capital,2025
appedo,8.3,8.3,1,Other,Unknown,Seed,2015,Unknown Investors,2015
blive,8.3,8.3,1,Tourism,Panaji,Pre-Series A,2021,"Mumbai Angels, Dna Entertainment Networks",2021
kredent,8.3,8.3,1,Edtech,Kolkata,Unknown,2021,Kotak Securities,2021
zintlr,8.3,8.3,1,SaaS,Bangalore,Seed,2024,Om Jain,2024
erpnext,8.3,8.3,1,Technology,Mumbai,Unknown,2020,Rainmatter,2020
seedoc,8.3,8.3,1,Consumer Internet,Gurgaon,Private Equity,2016,"Yournest Angel Fund\\Xc2\\Xa0, Others",2016
voodoo,8.3,8.3,1,Mobile Only Shopping Assistant,Delhi,Seed,2015,Saif Partners,2015
reglobe,8.3,8.3,1,Used Gadgets Buy / Refurbishing,Gurgaon,Seed,2015,"Bessemer Ventures, Blume Ventures",2015
video ken,8.3,8.3,1,Consumer Internet,Bangalore,Seed,2017,"Ravi Garikipati, Surot Chatterjee, Ashish Agrawal, Lg Chandrasekhar, Sashi Reddi",2017
ugxai,8.3,8.3,1,AI,Gurgaon,Seed,2025,Blue Ocean Venture Partners,2025
niffler,8.3,8.3,1,Other,Unknown,Seed,2015,Saif Partners,2015
solethreads,8.3,8.3,1,Fashion,Gurgaon,Series A,2021,"Dsg Consumer Partners, Saama Capital",2021
house of msasaba,8.3,8.3,1,Luxury Label,Mumbai,Series A,2019,Binny Bansal,2019
greyatom,8.3,8.3,1,Technology,Mumbai,Private Equity,2018,Pravega Ventures,2018
happy emi,8.3,8.3,1,Fintech,Bangalore,Other,2018,Aj Ventures And Jain Interunknowntiounknownl Trade Organisation (Jito),2018
grey campus,8.3,8.3,1,Consumer Internet,Hyderabad,Seed,2016,Sarath Sura,2016
inbound aerospace,8.3,8.3,1,Advanced Hardware & Technology,Chennai,Pre-Seed,2025,Speciale Invest,2025
homergize,8.3,8.3,1,Ecommerce,Bangalore,Private Equity,2017,Lg Chandrasekhar,2017
neostencil,8.3,8.3,1,Consumer Internet,Delhi,Private Equity,2017,"Brand Capital, Paragon Trust",2017
itribe,8.3,8.3,1,Fintech,Bangalore,Unknown,2022,Eximius Ventures And Planbcapital,2022
zebi yet to launch,8.3,8.3,1,Technology,Hyderabad,Seed,2016,Un Disclosed Investors,2016
itravellercom,8.3,8.3,1,Other,Unknown,Private Equity,2015,Ah! Ventures,2015
cloudcherry analytics,8.3,8.3,1,Crm / Analytics,Chennai,Seed,2015,"The Chenunknowni Angels, Idg Ventures India",2015
limo,8.3,8.3,1,Consumer Internet,Mumbai,Private Equity,2016,Rainmaker Ventures,2016
admitkard,8.3,8.3,1,Edtech,Noida,Seed,2019,Growth Dna,2019
hapramp,8.3,8.3,1,Blockchain,Gurgaon,Unknown,2020,Aunknownnd Mahindra,2020
join ventures,8.3,8.3,1,Venture Capital & Private Equity,Mumbai,Series A,2022,"Dsg Consumer Partners, Rajiv Dadlani Group, 9Unicorns, Venture Catalysts",2022
adytude,8.3,8.3,1,Consumer Internet,Delhi,Private Equity,2016,Indian Angel Network,2016
easiloan,8.3,8.3,1,Fintech,Mumbai,Unknown,2021,Tomorrow Capital,2021
hashtaag,8.3,8.3,1,Technology,Bangalore,Seed,2016,Unknown Investors,2016
postudio,8.3,8.3,1,Postproduction Saas,Mumbai,Pre-Seed,2025,Audacity Venture Capital,2025
ishitva,8.3,8.3,1,Computer Software,Ahmedabad,Pre-Series A,2021,Inflection Point Ventures,2021
tookitaki,8.3,8.3,1,Other,Unknown,Other,2015,"Jungle Ventures, Redbright Partners, Blume Ventures",2015
sminq,8.3,8.3,1,Consumer Internet,Pune,Seed,2016,"Saama Capital, Blume Ventures, Vaibhav Domkundwar",2016
grab,8.3,8.3,1,Food Logistics & Delivery,Mumbai,Seed,2015,"Oliphans Capital, Haresh Chawla",2015
yu foodlabs,8.3,8.3,1,Food,Gurgaon,Pre-Series A,2021,"Manish Choksi, Varun Vakil",2021
joy by nature,8.3,8.3,1,Organic Food Ecommerce,Delhi,Private Equity,2015,"Mumbai Angels, Vriddhi Fund, Others",2015
pipabella,8.3,8.3,1,Consumer Internet,Mumbai,Other,2018,Fireside Ventures,2018
doctorinsta,8.3,8.3,1,Consumer Internet,Gurgaon,Private Equity,2016,Roundglass Partners,2016
nftically,8.3,8.3,1,Nft,Gurgaon,Seed,2021,"Nitish Mittersain, Gaurav Munjal",2021
bhagva,8.3,8.3,1,Digital Spirituality,Delhi,Pre-Series A,2025,Pradeep Nain,2025
cloud tailor,8.3,8.3,1,Apparel & Fashion,Hyderabad,Pre-Series A,2022,"35North Ventures, Mergerdomo",2022
pluss,8.3,8.3,1,Hyperlocal Healthcare Product Delivery,Gurgaon,Private Equity,2015,"Idg Ventures, M, S Partners, Powerhouse Ventures (Usa).",2015
pikndel,8.3,8.3,1,Sameday Delivery,Delhi,Seed,2024,"Vc Grid, D2C Insider Angels, Breathe Capital, Venture Catalysts, Industry Leaders, Family Offices",2024
dropshop,8.3,8.3,1,Logistics,Bangalore,Pre-Series A,2021,Inflection Point Ventures,2021
toch,8.3,8.3,1,AI,Mumbai,Pre-Series A,2020,"Chiunknownccelerator, 9 Unicorns Fund, Inflection Point Ventures",2020
pixuate,8.3,8.3,1,Deeptech,Bangalore,Seed,2021,Sucseed Indovation Fund,2021
the moms,8.3,8.3,1,Ecommerce,Gurgaon,Private Equity,2017,"Dsg Consumer Partners, Saama Capital",2017
baby berry,8.3,8.3,1,Consumer Internet,Bangalore,Seed,2016,"Nitin Bagmane, Other Undisclosed Investors",2016
ivory,8.3,8.3,1,Healthcare,Delhi,Unspecified Round,2025,"Iimunknowna Ventures, Capitalunknowna",2025
neulife,8.3,8.3,1,Healthcare,Maharashtra,Unknown,2025,Subhkam Ventures,2025
magicx,8.3,8.3,1,Consumer Internet,Bangalore,Seed,2016,"Kris Gopalakrishunknownn, Dr. Ranjan Pai",2016
chelvies coffee,8.3,8.3,1,Coffee & Dining,Noida,Pre-Series A,2025,Endurance Capital,2025
your quote,8.3,8.3,1,Technology,Bangalore,Private Equity,2017,"Axilor Ventures, Eunknowncity Ventures Atul Goel",2017
buyhatke,8.3,8.3,1,Online Product Comparison,Bangalore,Seed,2015,"S.Gopalakrishunknownn, Beenos",2015
little black book,8.3,8.3,1,Consumer Internet,Delhi,Private Equity,2017,"Blume Ventures, Idg Ventures, Indian Angel Network",2017
hackle,8.3,8.3,1,Logistics,Bangalore,Pre-Seed,2022,Elara India Opportunities Fund And Callapiunknown Capita,2022
goalwise,8.3,8.3,1,Consumer Internet,Bangalore,Seed,2016,Unknown Hnis,2016
skymet,8.3,8.3,1,Environmental,Noida,Unknown,2021,"Northern Arc, Caspian Impact Investments",2021
you care lifestyle,8.3,8.3,1,Independent Verification Ecommerce,Mumbai,Unspecified Round,2025,"Luke Coutinho, Narendra Firodia",2025
zebpay,8.3,8.3,1,Consumer Internet,Ahmedabad,Private Equity,2016,"Arjun Handa, Amit Jindal, Nagendra Chaudhary",2016
hakuna matata,8.3,8.3,1,Information Technology &,Chennai,Unknown,2021,Hardcastle Petrofer,2021
cleevo,8.3,8.3,1,Home Hygiene,Nashik,Seed,2025,Eterunknownl Capital,2025
toffee coffee,8.3,8.3,1,Food,Bangalore,Seed,2022,Uday Chatterjee And Rajeev Sarda,2022
assiduus,8.3,8.3,1,Ecommerce,Bangalore,Series A,2020,Vc Firm K Partners,2020
dopplr,8.3,8.3,1,Virtual Tryon,Bangalore,Unspecified Round,2024,"Cornerstone Ventures, U.Sunknownbased Bat Vc",2024
the wedding,8.3,8.3,1,Consumer,Bangalore,Pre-Seed,2025,Lvx,2025
llumo ai,8.3,8.3,1,AI,Noida,Seed,2024,"Senseai Ventures, India Quotient, Aumvc, Venture Catalyst, Iim Indore Alumni Angel Fund, Other Angel Investors",2024
clip app,8.3,8.3,1,Consumer Internet,Bangalore,Seed,2017,"India Quotient, Shunwei Capital",2017
diginoor,8.3,8.3,1,Information Technology &,Chennai,Seed,2022,"Contrary Capital, Polygon Fund",2022
the good life,8.3,8.3,1,Ecommerce,Mumbai,Seed,2017,"Ayesha Takia Azmi, Abu Farhan Azmi",2017
adwyze,8.3,8.3,1,Marketing / Advertising Automation,Bangalore,Seed,2015,Mape Advisory,2015
notion press,8.3,8.3,1,Consumer Internet,Chennai,Private Equity,2016,Unknown Hni Investors,2016
the kettlery,8.3,8.3,1,Ecommerce,Ahmedabad,Private Equity,2016,"Hooting Starts Sports Llp, Franchise India Brands",2016
healthcare,8.3,8.3,1,Consumer Internet,Mumbai,Other,2018,Hr Fund,2018
peesafein,8.3,8.3,1,Healthcare,Delhi,Private Equity,2017,"Venture Catalysts, Alfa Capital, Green Shots Capital, Real Time Ventures",2017
nimbleboxai,8.3,8.3,1,Mlops,Chennai,Seed,2021,Venture Catalysts,2021
peelon,8.3,8.3,1,Enterprise,Vishakhapatnam,Seed,2025,Growx Ventures,2025
wayforward,8.3,8.3,1,Consumer Internet,Delhi,Seed,2017,"Harsh Mahajan, Farhan Naqvi, Sreepathy Viswaunknownthan",2017
hyperverge,8.3,8.3,1,Deep Learning Cloud Algorithms,Chennai,Seed,2015,"Nea, Milliways Ventures, Naya Ventures",2015
unaacademy,8.3,8.3,1,Consumer Internet,Bangalore,Private Equity,2016,"Blume Ventures, Sachin Bansal, Vijay Shekhar Sharma, Binny Bansal, \\Xc2\\Xa0 Kuunknownl Shah, Sandeep Tandon, Ashish Tulsian",2016
edukart,8.3,8.3,1,Edtech,Delhi,Private Equity,2015,"Holostik Group, Youwecan Ventures, 500 Startups, Vijay Shekhar Sharma, Manish Kheterpal, Amit Patni",2015
nowme,8.3,8.3,1,Healthcare,Delhi,Unknown,2021,"Saama, Whiteboard Capital",2021
vidyakul,8.3,4.15,2,Edtech,Gurgaon,"Bridge, Seed",2021,"We Founder Circle, Jito Angel Network, Sosv",2021
wankel energy systems,8.3,8.3,1,Clean,Chennai,Pre-Seed,2025,Shastra Vc,2025
beatoven ai,8.3,8.3,1,Computer Software,Bangalore,Seed,2022,Redstart Labs,2022
amicco,8.3,8.3,1,B2B,Gurgaon,Seed,2025,Eximius,2025
thinkmetal,8.3,8.3,1,Deeptech Manufacturing,Chennai,Pre-Series A,2025,"Yournest Venture Capital, Concept Communications, Sanchi Connect",2025
trip38,8.3,8.3,1,Other,Unknown,Private Equity,2015,"Interglobe Technology Quotient, Lantern Capital",2015
life,8.3,8.3,1,Consumer Internet,Bangalore,Seed,2016,Unknown Investors,2016
ai health highway,8.3,8.3,1,Healthcare,Bangalore,Seed,2024,Turbostart,2024
bandhoo,8.3,8.3,1,It,Gurgaon,Unknown,2021,Unitus Ventures,2021
aviom housing finance,8.3,8.3,1,Fintech,Delhi,Debt,2021,"Gojo, Company",2021
xtracap,8.3,8.3,1,Fintech,Gurgaon,Unknown,2020,Angel Investors,2020
soal,8.3,8.3,1,Edtech,Mumbai,Series A,2020,"Krishunknownn Menon, Srinivas Kollipara",2020
citycash,8.3,8.3,1,Fintech,Mumbai,Seed,2020,Orios Venture Partners,2020
thrill app,8.3,8.3,1,Other,Unknown,Private Equity,2015,People Group (Shaadi.Com),2015
hevo data,8.3,8.3,1,Technology,Bangalore,Private Equity,2017,Idg Ventures India,2017
20dresses,8.3,8.3,1,Other,Unknown,Other,2015,"Srinivas Aluri, Srinivas Modukury, Bs Nagesh",2015
true elements,8.3,8.3,1,Food,Pune,Unknown,2021,Rpunknownsanjiv Goenka Group,2021
shyplite,8.3,8.3,1,Logistics,Delhi,Unknown,2021,N+1 Capital,2021
peesafe,8.3,8.3,1,Healthcare,Gurgaon,Private Equity,2018,"Shivani Singh, Rahul Maroli, Mitesh Shah, Venture Catalysts, Alfa Capital, Green Shots Capital, Real Time Ventures.",2018
golflan,8.3,8.3,1,Consumer Internet,Delhi,Private Equity,2016,"Yournest Angel Fund, Ison",2016
pencil,8.3,8.3,1,Content Publishing,Mumbai,Pre-Series A,2021,"Inflection Point Ventures, Sucseed Venture Partners",2021
eduace,8.3,8.3,1,Edtech,Lucknow,Private Equity,2016,Momagic Technologies,2016
sorich,8.3,8.3,1,Pharmaceutical Packaging,Delhi,IPO,2024,Bizdateup,2024
instacar,8.3,8.3,1,Consumer Internet,Indore,Seed,2016,Swastika Co Ltd.,2016
spolto,8.3,8.3,1,Sportstech,Pune,Seed,2024,"Andrew Johnston, Others",2024
healthfab,8.3,8.3,1,D2C Reusable Period Panties,Bangalore,Pre-Series A,2025,"Mistry Ventures, Beyondseed, Thrive Ventures, Anupam Mittal, Aman Gupta, Vineeta Singh, Peyush Bansal",2025
asqi advisors,8.3,8.3,1,Fintech,Mumbai,Pre-Series A,2021,Founders Room Capital,2021
spoonshot,8.3,8.3,1,Fmcg,Bangalore,Seed,2020,"Sri Capital, Techstars Farm To Fork Accelerator",2020
devic earth,8.3,8.3,1,Pollution Control Equiptment,Bangalore,Unknown,2021,Blue Ashva Capital,2021
mangopoint,8.3,8.3,1,Ecommerce,Chennai,Pre-Series A,2025,Inflection Point Ventures,2025
aequm,8.3,8.3,1,Ecommerce,Bangalore,Seed,2017,Undisclosed Investors,2017
spoonjoy,8.3,8.3,1,Online Food Delivery,Bangalore,Seed,2015,Saif Partners,2015
niyo,8.3,8.3,1,Technology,Bangalore,Private Equity,2016,Prime Venture Partners,2016
wandertrails,8.3,8.3,1,Consumer Internet,Bangalore,Seed,2017,Earlsfield Capital,2017
localeai,8.3,8.3,1,Location Analytics,Bangalore,Unknown,2021,"Chiratae Ventures, Better Capital",2021
arthya wealth and investments,8.3,8.3,1,Fintech,Mumbai,Pre-Series A,2021,"Rishi Kumar Bagla, Krishen Lal Khanunknown",2021
navanc,8.3,8.3,1,Fintech,Bangalore,Seed,2024,"Prarambh Ventures, Inflection Point Ventures (Ipv), Brigade Reap, Angel Investors",2024
amama,8.3,8.3,1,Ecommerce,Delhi,Unknown,2025,Mistry Ventures,2025
navia life care,8.3,8.3,1,Healtcare,Delhi,Unknown,2021,"Anicut Angel Fund, 9 Unicorns",2021
broex,8.3,8.3,1,Real Estate Broker,Gurgaon,Private Equity,2015,Lightspeed India,2015
haqdarshak,8.23,6.64,2,Consumer Internet,Bangalore,"Seed, Pre-Series A","2017, 2021","Ravi Saxeunknown, Sandeep Raju, Manish Subramaniam, Upaya Social Ventures",2021
myloancare,8.12,8.12,1,Fintech,Gurgaon,Other,2018,Sar Group,2018
gigindia,8.06,8.06,1,Technology,Pune,Pre-Series A,2020,Incubate Fund India,2020
terractive,8.0,8.0,1,Agritech,Mumbai,Pre-Series A,2024,Fireside Ventures And Devc (Anchored By Z47),2024
shopsup,7.99,7.99,1,Ecommerce,Bangalore,Seed,2016,"Aunknownnd Sankeshwar, Yang Shu",2016
earth food,7.88,7.88,1,Consumer Internet,Pune,Other,2018,Rairah Corporation,2018
crio,7.75,7.75,1,Edtech,Bangalore,Unknown,2020,021 Capital,2020
wiselife,7.74,7.74,1,Ecommerce,Gurgaon,Seed,2025,Rukam Capital,2025
youkraft,7.6,7.6,1,Publishing,Bangalore,Seed,2022,Goel Family Office,2022
gladful,7.58,7.58,1,Ecommerce,Jaipur,Unknown,2025,Eterunknownl Capital,2025
navo,7.49,7.49,1,Ecommerce,Gurgaon,Seed,2025,Indiaquotient,2025
infurnia,7.470000000000001,4.15,3,Consumer Internet,Bangalore,"Seed, Unknown","2016, 2020, 2022","Idein Ventures, Pallav Nadhani, Idein Ventures, Yogesh Chaudhary, Pallavi Nadhani",2022
f5,7.470000000000001,4.98,2,Retail,Delhi,Pre-Series A,2021,"Auxano Capital, Venture Catalysts, Jeevak Gupta",2021
kirana king,7.47,7.47,1,Retail,Jaipur,Pre-Series A,2020,Rajasthan Venture Capital Fund,2020
inficold,7.47,7.47,1,Solar,Delhi,Pre-Series A,2021,Shell Foundation,2021
teamonk,7.47,7.47,1,Food,Bangalore,Pre-Series A,2020,"Lead Angels Network, Roots Ventures",2020
glamplus,7.47,5.81,2,SaaS,Bangalore,"Pre-Series A, Unknown","2021, 2022","Inflection Point Ventures, Blume Ventures",2022
vanity wagon,7.47,5.81,2,Consumer Goods,Delhi,"Pre-Series A, Seed",2021,"Inflection Point Ventures, Dhianu Das, Agility Venture Partners",2021
zenify,7.47,7.47,1,Consumer Internet,Bangalore,Private Equity,2016,Unknown Investors,2016
luxuryhues,7.47,7.47,1,Luxury Goodsxc2Xa0 Shopping,Gurgaon,Private Equity,2015,Reliance Capital,2015
silvan innovation labs,7.47,7.47,1,Technology,Bangalore,Private Equity,2016,Infuse Ventures,2016
techjockey,7.4,7.4,1,Software,Unknown,Acquisition,2024,Cricketer Rishabh Pant,2024
flickbay,7.39,7.39,1,Consumer Internet,Mumbai,Seed,2016,Paul Roy,2016
nopaperforms,7.24,7.24,1,Technology,Delhi,Seed,2017,Info Edge,2017
saahas zero waste,7.21,7.21,1,Waste Management,Bangalore,Other,2019,C4D Partners,2019
mynaksh,7.07,7.07,1,Consumer,Bangalore,Pre-Seed,2025,Eximius Ventures,2025
dropkaffe,7.0600000000000005,4.57,2,Food,Bangalore,Seed,"2015, 2016","Growthstory, Apurva Salapuria, Hitesh Oberoi, Sidharth Pansari, Nirupa Shankar, Manish Singhal, P39 Capital, Others",2016
khel now,7.050000000000001,4.15,2,Consumer Internet,Bangalore,"Private Equity, Seed","2016, 2017","Indochine Interunknowntiounknownl, Anglian Omega Network",2017
click2clinic,7.05,7.05,1,Consumer Internet,Hyderabad,Seed,2017,"Narottam Thudi, Shireesh Palle",2017
umagine,7.05,7.05,1,Environment > Environment Consultancy,Delhi,Seed,2025,Venture Catalysts,2025
h2 carbon zero,7.05,7.05,1,Energy > Energy Storage,Delhi,Seed,2025,Venture Catalysts,2025
chara,7.05,7.05,1,Deep,Bangalore,Seed,2021,Kalaari Capital,2021
gooat,7.0,7.0,1,D2C Nutrition,Gurgaon,Pre-Seed,2025,Sirounknown,2025
hypergroai,7.0,7.0,1,AI,Bangalore,Pre-Series A,2025,Eterunknownl Capital,2025
qwikspec,6.970000000000001,4.48,2,Technology,Bangalore,Seed,2017,"Brigade Innovations Llp, Tv Mohandas Pai, Suhail Rahman, Bobby Reddy, M George Oommen, Unknown Investors",2017
misfits,6.8841,5.0,2,Ecommerce,Gurgaon,Seed,2025,"Nu Ventures, Info Edge Ventures And Better Capital",2025
tempogo,6.85,6.85,1,Technology,Panaji,Seed,2017,K2 Capital,2017
graphene,6.85,6.85,1,Other,Unknown,Private Equity,2015,Karsemven Fund,2015
quicklend,6.75,6.75,1,Secured Lending,Bangalore,Pre-Seed,2025,"Inuka Capital, Eximius Ventures, Upsparks Capital, Growx, Strategic Angel Investors",2025
babynama,6.75,6.75,1,Digital Pediatric Care,Delhi,Seed,2025,"Good Capital, Amplify, Abhishek Gupta (Fashinza), Ankit Gupta (Bicycle Health), Akshay Saxeunknown (Avanti), Dhruv Dhanraj Bahl (Exunknownbharatpe)",2025
navanaai,6.74,6.74,1,AI,Mumbai,Pre-Series A,2025,Antler India,2025
leapclub,6.72,6.72,1,Community,Gurgaon,Pre-Series A,2021,"Enzia Ventures, Kuunknownl Shah",2021
twigly,6.640000000000001,4.98,2,Consumer Internet,Gurgaon,Seed,"2015, 2016","Tracxn Labs, Hyderabad Angels, Kuunknownl Shah, Gaurav Bhalotia, Amit Gupta, Sahil Barua, Mukul Singhal, Tracxn Labs",2016
healthenablr,6.64,6.64,1,Consumer Internet,Mumbai,Seed,2016,Unknown Investors,2016
cub mcpaws,6.64,6.64,1,Ar,Mumbai,Pre-Series A,2020,Venture Catalysts,2020
astrophel aerospace,6.64,6.64,1,Advanced Hardware & Technology,Pune,Pre-Seed,2025,Unknown,2025
orai robotics,6.64,6.64,1,Information Technology &,Bangalore,Pre-Series A,2022,Inflection Point Ventures,2022
black bow,6.64,6.64,1,Wine & Spirits,Delhi,Pre-Series A,2022,"Supermorpheus, Eagle10 Ventures",2022
studio sirah,6.64,6.64,1,Computer Games,Bangalore,Unknown,2021,Lumikai,2021
rubix data sciences,6.64,6.64,1,It,Mumbai,Seed,2021,Unknown,2021
rara delivery,6.64,6.64,1,Logistics,Unknown,Seed,2020,"Der Shing Lim, 500 Startups",2020
springleap,6.64,6.64,1,Other,Unknown,Other,2015,Cross Border Angels,2015
neuropixelai,6.64,6.64,1,Deeptech,Bangalore,Seed,2021,"Arvind Venugopal Nair, Amritendu Mukherjee",2021
tinkerly,6.64,6.64,1,Edtech,Jaipur,Unknown,2021,Navneet Education,2021
guiddoo,6.64,6.64,1,Travel,Mumbai,Pre-Series A,2018,Individual Investors,2018
valyx,6.64,6.64,1,B2B Financial Management,Bangalore,Pre-Seed,2024,"Huddle Ventures, Waveform Ventures, Bharat Founders Fund, Propell Fund",2024
kritsnam,6.64,6.64,1,Information Technology &,Hyderabad,Pre-Series A,2022,"Ashish Gupta, Kuunknownl Shah, Vikram Karuunknownkaram",2022
svami,6.64,6.64,1,Food,Mumbai,Unknown,2020,"Niren Shah, Rukam Capital Trust",2020
curiositi,6.64,6.64,1,Consumer Internet,Bangalore,Private Equity,2017,"Menterra Social Impact Fund, Unitus Seed Fund",2017
qoohoo,6.64,6.64,1,Social,Bangalore,Seed,2021,Angel Investors,2021
terafac,6.64,6.64,1,Advanced Hardware & Technology,Chandigarh,Pre-Seed,2025,Inuka Capital,2025
virtual logic,6.64,6.64,1,Virtual Reality 3D Simulation And Stereoscopic Products,Bangalore,Private Equity,2015,Swarnim Multiventures,2015
clientjoy,6.64,6.64,1,SaaS,Gujarat,Pre-Series A,2020,"Letsventure, Jyotsunknown Bapat",2020
ockypocky,6.64,3.32,2,Edtech,Gurgaon,Seed,"2020, 2022","Sucseed Venture Partners, Ah! Ventures, Goodwater Capital And Angellist Quant Fund",2022
intelligence node,6.64,6.64,1,Technology,Mumbai,Private Equity,2017,Blacksoil Capital Pvt Ltd,2017
insane ai,6.64,6.64,1,Fitness,Bangalore,Seed,2021,Pi Ventures,2021
guvi,6.64,6.64,1,Edtech,Chennai,Series A,2020,"Cba Capital, Gray Matters Capital",2020
suryoday,6.64,6.64,1,Fintech,Mumbai,Unknown,2020,"Gaja Capital, Kotak Life, Lok Capital",2020
stepout,6.6,6.6,1,Sports Performance Analysis,Bangalore,Seed,2025,"Rainmatter (Nithin Kamath), Indigoedge, Marwah Sports Group, Misfits Capital",2025
perkant tech,6.6,6.6,1,Healthcare,Vishakhapatnam,Seed,2025,Yournest Venture Capital,2025
gorally,6.6,6.6,1,Pickleball Sports,Bangalore,Pre-Seed,2025,"Sujeet Kumar, Mohit Kumar, Vatsal Singhal, Viren Singhvi, Kartik Kapoor, Abhishek Goyal, Deepak Singh, Arjun Vaidya, Bharat Founders Fund",2025
stampmyvisa,6.6,6.6,1,B2B Visa,Mumbai,Pre-Series A,2024,Unicorn India Ventures,2024
farmdidi,6.58,6.58,1,Ecommerce,Mumbai,Seed,2025,Samved Ventures,2025
house of zelena,6.58,6.58,1,Ecommerce,Delhi,Seed,2025,"Sprout Venture Partners, M Venture Partners",2025
bharat intelligence,6.56,6.56,1,Agritech,Mumbai,Pre-Seed,2025,Sahyadri Farms,2025
thrustworks dynetics,6.55,6.55,1,Aerospace Maritime & Defense > Space,Maharashtra,Seed,2025,Jamwant Ventures,2025
art of time,6.5487,6.5487,1,Consumer Goods > Retailers,Maharashtra,Series B,2025,Plutus Wealth Maunknowngement,2025
sunday realty,6.52,6.52,1,For Property Brokers,Mumbai,Seed,2015,"Ramesh Jogani, Shailesh Viswaunknownthan, Jay Srinivasan",2015
guvi geek network,6.52,6.52,1,Edtech,Chennai,Pre-Series A,2020,Education Catalyst Fund,2020
argos watches,6.5,6.5,1,Luxury Watch,Surat,Other,2025,Group Of Highunknownnetunknownworth Indian Investors,2025
shiplog,6.5,6.5,1,Logistics,Gurgaon,Seed,2025,Deepak Bhagunknownni Family Office,2025
legalkart,6.5,6.5,1,Legal Consultation,Gurgaon,Unspecified Round,2024,"Iim Udaipur Incubation Centre, Aevitas Capital, Shift Alt Cap, Others",2024
heterogenous,6.47,6.47,1,Technology,Chennai,Seed,2017,"Chenunknowni Angels, Keiretsu Forum, Others",2017
medinfi,6.47,2.53,5,Consumer Internet,Bangalore,Seed,"2015, 2016, 2017","Pbs Srinivas, Vinod Martin, Vinod Martin, Hemant Kaul, Prof. Ram Kumar Kakani, Others, Vinod Martin, Evan Lim, Kanchan Ghoshal, Ram Kumar Kakani, Mudit Saxeunknown, Evan Lim, Ram Kumar Kakani, Pradeep K Jaisingh, Sunil T V, Vijay Ghadge, Hemant Kaul, Gurmeet Chahal, Others",2017
avishkaar box,6.41,6.41,1,Edtech,Delhi,Private Equity,2018,Auxano Deals,2018
quickshift,6.39,6.39,1,Logistics,Pune,Seed,2021,"Anicut Angel Fund, Axilor Ventures",2021
onlinetyari,6.39,6.39,1,Multilingual Test Preparation,Gurgaon,Private Equity,2015,"500 Startups, Tv Mohandas Pai, Tandem Capital, Vikram Chachra, Aloke Bajpai",2015
lamark biotech,6.37,6.37,1,Healthcare,Bangalore,Pre-Series A,2025,"Ian Alpha Fund, Viunknownyender Tulla, Nita Roy, Venkataraman Knk",2025
i2i funding,6.37,6.37,1,Consumer Internet,Noida,Other,2018,Sucseed Venture Partners,2018
utsav,6.35,6.35,1,Spiritual & Devotion,Kolkata,Unspecified Round,2025,Equanimity Investments,2025
fibroheal woundcare,6.3,6.3,1,Medical Devices,Bangalore,Pre-Series A,2024,"Existing Promoters, Surgeons, Medical Professiounknownls, And Bankers",2024
plenome,6.24,6.24,1,Enterprise,Chennai,Seed,2025,Ovington Capital Partners,2025
happay,6.23,4.15,2,Fintech,Bangalore,"Other, Seed","2015, 2018","Sequoia And Jerry Yang, Angelprime",2018
shirsa labs,6.23,4.15,2,Edtech,Mumbai,"Private Equity, Seed","2015, 2018","Dewang Neralla, Mahesh Kothurkar, Atul Agarwal, Ah! Ventures",2018
ink monk,6.22,6.22,1,Consumer Internet,Chennai,Seed,2017,"Vamm Ventures, Raksul, Deunknown",2017
genietalk,6.22,6.22,1,Technology,Indore,Unknown,2020,Unknown,2020
actofit,6.22,6.22,1,Technology,Mumbai,Private Equity,2016,Next Orbit Ventures Fund,2016
sepalika,6.22,6.22,1,Consumer Internet,Delhi,Seed,2017,Accel,2017
elever,6.22,6.22,1,Fintech,Bangalore,Unknown,2022,"Massimo Vita, Udaya Kumar",2022
justdakhilacom,6.22,6.22,1,Edtech,Delhi,Seed,2016,Ankur Gupta,2016
milofy,6.22,6.22,1,Consumer Internet,Bangalore,Seed,2016,Accel,2016
nxt meal,6.22,6.22,1,Food,Karnataka,Seed,2025,Unknown,2025
aryaai,6.22,6.22,1,AI,Mumbai,Private Equity,2015,"Yournest Angel Fund, Venture Nursery",2015
lovecycles,6.22,6.22,1,Consumer Internet,Bangalore,Seed,2016,Prime Venture Partners,2016
ethereum push notification service,6.22,6.22,1,Blockchain,Mumbai,Seed,2020,Prolific Angel Investors,2020
celewish,6.22,6.22,1,Consumer > Communication,Maharashtra,Angel,2025,Unknown,2025
matbook,6.22,6.22,1,Construction,Gurgaon,Pre-Seed,2025,"Seedstars Interunknowntiounknownl Ventures, Fluent Ventures And Everywhere Ventures",2025
cygnus hospitals,6.22,6.22,1,Healthcare,Gurgaon,Other,2017,Somerset Indus Capital Ventures,2017
sensara,6.22,6.22,1,Technology,Bangalore,Seed,2016,"Lalitesh Katragadda, \\Xc2\\Xa0 Gaunknownyantrika Systems",2016
spintly,6.210000000000001,4.15,2,Iot,Goa,"Pre-Series A, Unknown","2020, 2021","Saltwater Venture Sparks, Riso Capital",2021
vaave,6.21,6.21,1,Enteprise,Hyderabad,Unknown,2025,Vcmint,2025
pharmarack,6.18,6.18,1,Technology,Pune,Private Equity,2016,"Currae Healthtech Fund, Unicorn India Ventures",2016
trukky,6.18,4.15,2,Consumer Internet,Ahmedabad,Seed,"2015, 2017","Keyur Joshi, Pavan Bakeri, Gujarat Based Angel Investors, Mmy Counknownfounder",2017
happilyunmarried,6.14,6.14,1,Ecommerce,Delhi,Private Equity,2016,Info Edge (India) Ltd,2016
cashkumar,6.1,6.1,1,Consumer Internet,Bangalore,Other,2018,Letsventure,2018
edyoo,6.1,6.1,1,Ecommerce,Bangalore,Other,2018,Rs Shanbag,2018
krvvy,6.1,6.1,1,D2C Lingerie & Shapewear,Noida,Pre-Seed,2025,"Titan Capital, All In Capital, Angels Such As Nikita Gupta, Emmanuel Suraj, And Others",2025
cerebroz,6.09,6.09,1,Consumer Internet,Vadodara,Seed,2017,Unknown Hni\\Xe2\\X80\\X99S,2017
mytek innovations,6.0,6.0,1,Manufacturing,Mumbai,Debt,2024,Unknown,2024
six sense mobility,6.0,6.0,1,Smart Mobility,Mumbai,Seed,2024,Piper Serica Vc,2024
skillenza,5.99,5.99,1,Consumer Internet,Bangalore,Seed,2017,"Blume Ventures, Indian Angel Network",2017
kiranakart,5.98,5.98,1,Ecommerce,Mumbai,Pre-Seed,2021,Global Founders Capital,2021
banksathi,5.8100000000000005,4.15,2,Fintech,Delhi,"Unknown, Seed",2021,"Dinesh Godara, Anuj Ahuja, Aditya, Dinesh Godara, Aditya Talwar",2021
bolo indya,5.8100000000000005,3.32,2,Video Sharing,Gurgaon,"Unknown, Pre-Series A",2020,"India Accelerator, Sunil Kamath, Eagle10 Ventures, India Accelerator, Hnis",2020
zipgrid,5.8100000000000005,4.15,2,Consumer Internet,Mumbai,Seed,"2016, 2017","Jll, 1Crowd, 1Crowd (Through Crowd Funding)",2017
docplexus,5.81,5.81,1,Exclusive For Doctors & Healthcare Professionals,Pune,Seed,2015,"Uniqorn Ventures, Asp Consulting",2015
extra edge,5.81,5.81,1,Edtech,Pune,Pre-Series A,2020,"Sprout Venture Partners, Indian Angel Network",2020
eat better ventures,5.81,5.81,1,Food,Jaipur,Seed,2022,"Java Capital, Mumbai Angels",2022
eunimart,5.81,5.81,1,Ecommerce,Hyderabad,Pre-Series A,2021,"Sucseed Venture Partners, Tmt Connekt",2021
fabriclore,5.81,5.81,1,Apparel & Fashion,Jaipur,Pre-Series A,2021,"Fluid Ventures, Mulberry Silks",2021
eshipz,5.81,5.81,1,SaaS,Bangalore,Unknown,2021,"Indian Angel Network, Axilor",2021
hipcouch,5.81,5.81,1,Consumer Internet,Mumbai,Seed,2017,Unknown Investors,2017
mydentalplan,5.81,5.81,1,Helathcare,Bangalore,Seed,2021,Safe Planet Medicare,2021
bitscrunch,5.81,5.81,1,Blockchain,Chennai,Seed,2021,"Covalent, Double Peak, Genblock Capital, Ledger Prime, Mexc Global, Syunknownps",2021
trupay,5.81,5.81,1,Technology,Gurgaon,Seed,2017,"Kae Capital, M, S Partners",2017
neuranics,5.81,5.81,1,Healthcare,Delhi,Seed,2024,Inflection Point Ventures (Ipv),2024
the meat chop,5.81,5.81,1,Food &Beverages,Chennai,Seed,2022,Jai Kumar And Mohan Karuppiah,2022
playment,5.81,5.81,1,Consumer Internet,Bangalore,Private Equity,2016,Saif Partners,2016
burgerama,5.81,5.81,1,Food,Gurgaon,Pre-Series A,2022,"Rishab Malik, Atul Singh",2022
unremot,5.81,5.81,1,Information Technology &,Bangalore,Seed,2021,Inflection Point Ventures,2021
raptee energy,5.81,5.81,1,Automotive,Chennai,Unknown,2021,Unknown,2021
tagmango,5.81,5.81,1,Marketing,Mumbai,Seed,2020,"Xrm Media, Kevin Lin",2020
idea bubbles,5.81,5.81,1,Consumer Internet,Bangalore,Private Equity,2016,"1Crowd, Eureka Forbes Ltd, Shapoorji Pallonji, Co. Ltd.",2016
craterclub,5.81,5.81,1,Media,Bangalore,Seed,2021,Lc Nueva Aif,2021
trainn,5.81,5.81,1,Computer Software,Chennai,Seed,2022,Speciale Invest,2022
carzso,5.81,5.81,1,Automotive,Gurgaon,Unknown,2022,Mytash,2022
aarogyaai,5.81,5.81,1,Hospital & Health Care,Delhi,Seed,2022,"Redstart Labs, Avaaunknown Capital",2022
nuvoretail,5.8,2.9,2,Ecommerce,Delhi,"Unspecified Round, Unknown",2024,Unknown,2024
mergerdomo,5.79,4.15,2,Technology,Noida,Unknown,"2020, 2021","Nadir Godrej, Individual Investors, Nadir B Godrej",2021
bharatsure,5.76,5.76,1,Fintech,Mumbai,Unknown,2025,Inflection Point Ventures,2025
onn bikes,5.74,5.74,1,Technology,Mumbai,Other,2017,Z Nation Lab,2017
malaki,5.7,5.7,1,Beverage,Mumbai,Seed,2025,Venture Catalysts,2025
appknox,5.6,5.6,1,Technology,Bangalore,Private Equity,2016,"Seedplus, Infocomm Investments, Accel Partners Rnt Associates",2016
presage insights,5.6,5.6,1,Iot & Ai Predictive Maintenance,Faridabad,Seed,2025,Yournest Venture Capital (Yournestunknownsanchiconnect Velocity Program 2024),2025
nunu tv,5.56,5.56,1,Media,Unknown,Unknown,2020,Risers Accelerators,2020
toprankers,5.56,5.56,1,Edtech,Bangalore,Seed,2016,"Careernet Consulting Pvt. Ltd, Ideation Initiative Pvt. Ltd",2016
rusk media,5.550000000000001,4.15,2,Media & Entertainment > Film & Tv Studios,Maharashtra,"Series B, Angel",2025,"Ivycap Ventures Advisors, Ramesh Gandhi",2025
goldenpi,5.47,3.81,2,Fintech,Bangalore,"Unknown, Seed","2020, 2022","Rainmatter Capital, Rainmatter Capital And Rainmatter Technology",2022
zuppler,5.39,5.39,1,Consumer Internet,Delhi,Seed,2016,Sri Capital,2016
seed schools,5.39,5.39,1,Affordable Education,Hyderabad,Seed,2015,Acumen Fund,2015
vahdam teas,5.39,5.39,1,Ecommerce,Delhi,Seed,2017,"Mumbai Angels Network, Fireside Ventures, Singapore Angel Network",2017
yellowdig,5.39,5.39,1,Consumer Internet,Pune,Seed,2016,Sri Capital,2016
grex,5.39,5.39,1,Fund Raising For,Pune,Seed,2015,"Kuunknownl Bajaj, Chandru Badriunknownrayaunknownn",2015
chitmonks,5.39,5.39,1,Fintech,Hyderabad,Pre-Series A,2020,Unicorn India Ventures,2020
numberzin,5.39,5.39,1,Technology,Gurgaon,Seed,2016,"Kae Capital, Khosla Impact",2016
perpule,5.39,5.39,1,Ecommerce,Bangalore,Seed,2017,Kstart Capital,2017
fitfeast,5.35,5.35,1,Ecommerce,Delhi,Seed,2025,"Inflection Point Ventures, Raghav Singhal, Santosh Govindaraju, Abhishek Chopra, Aabhas Khanunknown",2025
innovodigm,5.34,5.34,1,Healthcare,Kolkata,Seed,2025,Ian Group,2025
truliv,5.3369,5.3369,1,Real Estate,Chennai,Unknown,2025,"Bennett, Coleman, Co",2025
zenifyin,5.31,5.31,1,Residential Rental Management,Bangalore,Seed,2015,"Atul Jalan, Shrikanth, Bharath",2015
unibose,5.3,5.3,1,Advanced Hardware & Technology,Chennai,Pre-Series A,2025,O2 Angels,2025
carlxe2x80x99s jr,5.23,5.23,1,Fast Food Franchisee,Gurgaon,Seed,2015,Youwecan Ventures,2015
feline spirits,5.2,5.2,1,Craft Alcoholic Beverage,Delhi,Pre-Series A,2025,Ipv,2025
samaaro,5.19,4.15,2,SaaS,Bangalore,"Unknown, Pre-Series A","2021, 2025","Chaitanya Kalipatunknownpu, Kedar Gavane, Inflection Point Ventures",2025
xc2xa0nudgespot,5.19,5.19,1,Customer Engagement,Bangalore,Seed,2015,"Kae Capital, Anoop Goyal, Mike Shah, Va Sastry",2015
krimanshi,5.15,4.98,2,Biotechnology,Jodhpur,"Seed, Unknown",2020,"Rajasthan Venture Capital Fund, Aim Smart City, Aruunknownchal Pradesh Social Entrepreneurship Meet",2020
wheelstreet,5.15,4.15,2,Consumer Portal,Bangalore,"Seed, Private Equity","2016, 2017","Y Combiunknowntor, Broadbean Capital Services",2017
coffeemugai,5.15,5.15,1,Networking,Delhi,Pre-Seed,2021,"Paradigm Shift Capital, Angellist India",2021
be u salons,5.15,5.15,1,Consumer Internet,Delhi,Seed,2017,"Gaurav Kachru, Sundeep Singh Sahni, Jatin Aneja, Arun Malhotra",2017
mydreamstore,5.11,2.7,2,Other,Unknown,Seed,2015,Unknown Investors,2015
contravault ai,5.1,5.1,1,Tender And Rfp Management,Delhi,Seed,2025,Titan Capital,2025
innovartan learning,5.0,5.0,1,Edtech,Noida,Pre-Seed,2024,"Gokul Rajaram, Amit Singhal",2024
uni seoul,5.0,5.0,1,Lifestyle,Pune,Seed,2025,Sauce Vc,2025
broadway,5.0,5.0,1,D2C,Mumbai,Strategic Investment,2025,Gruhas,2025
cura care,5.0,5.0,1,Oral Care,Bangalore,Pre-Seed,2025,Zeropearl Vc,2025
halden,5.0,5.0,1,Luxury Mens,Mumbai,Seed,2024,Prajay Advisors,2024
max wholesale,5.0,5.0,1,Ecommerce,Delhi,Unknown,2020,"Al Falaj Commercial Investment Co, Vistra Itcl India",2020
prantae,5.0,5.0,1,Deep,Bhubaneswar,Seed,2025,"Ian Group, Ian Alpha Fund, Samir Kalia, Deepank Kumar, Nitin Zamre",2025
consintai,5.0,5.0,1,Healthcare,Noida,Unspecified Round,2025,"Equanimity Ventures, Seafund",2025
earthful,5.0,5.0,1,Plantbased Nutrition D2C Wellness,Hyderabad,Seed,2025,Srinivasan Namala,2025
voice,5.0,5.0,1,Electric Vehicles,Delhi,Seed,2024,Bizdateup,2024
creanovation,5.0,5.0,1,Admissions As A,Gurgaon,Unspecified Round,2024,Physis Capital,2024
third bracket,5.0,5.0,1,Hiring,Bangalore,Seed,2025,Hnis,2025
plutope,5.0,5.0,1,Decentralized Finance Defi,Gurgaon,Pre-Seed,2025,Manit Gupta,2025
atmosphere the store makers,5.0,5.0,1,Retail,Mumbai,Seed,2024,Artha Venture Fund And Pil Italica Lifestyle Limited,2024
harvested robotics,5.0,5.0,1,AI,Hyderabad,Seed,2025,Arali Ventures,2025
delight foods,4.98,4.98,1,Branded Food Products Online Sales,Bangalore,Private Equity,2015,"Lensbridge Capital, Mape Advisory Group, Fireside Ventures",2015
myclassboard,4.98,4.98,1,Edtech,Hyderabad,Pre-Series A,2020,Icici Bank.,2020
clanconnect,4.98,4.98,1,Marketing,Delhi,Seed,2020,Unknown,2020
niveshcom,4.98,4.98,1,Mutual Funds,Noida,Unknown,2020,Windrose Capital,2020
qzense,4.98,4.98,1,Agritech,Bangalore,Seed,2020,"Venture Catalysts, 9Unicorns Accelerator Fund",2020
peppermint,4.98,4.98,1,Industrial Automation,Pune,Unknown,2021,"Venture Catalysts, Indian Angel Network",2021
happycredit,4.98,4.98,1,Fintech,Bangalore,Pre-Seed,2021,"Kuunknownl Shah, Krishunknown Kumar",2021
inspektlabs,4.98,4.98,1,AI,Delhi,Pre-Series A,2020,"Better Capital, Titan Capital",2020
nanoclean global,4.98,4.98,1,Nanotechnology,Delhi,Series A,2019,"Letsventure, Pitchright Venture, 91Springboard, Al Nour Interunknowntiounknownl Holdings And Mark V Investments",2019
broomees,4.98,4.98,1,Information Technology &,Delhi,Unknown,2022,"2 Am Vc, Magic Fund",2022
whodat,4.98,4.98,1,Technology,Bangalore,Private Equity,2017,Ideaspring Capital,2017
avishkaar,4.98,4.98,1,Edtech,Delhi,Pre-Series A,2021,Auxano,2021
youthkiawaaz,4.98,4.98,1,Community Driven News/Views,Delhi,Seed,2015,"Raghav Bahl, Ritu Kapur",2015
clensta,4.98,4.98,1,Biotechnology,Delhi,Unknown,2021,"Ian Fund, World Startup Factory",2021
devnagri,4.98,4.98,1,Translation & Localization,Noida,Seed,2021,"Enture Catalyst, Ipv",2021
capital quotient,4.98,4.98,1,Fintech,Bangalore,Unknown,2020,Unknown,2020
bueno,4.98,4.98,1,Online Food Ordering & Delivery,Gurgaon,Seed,2015,High Networth Individuals (No Details),2015
drivojoy,4.98,4.98,1,Consumer Internet,Bangalore,Seed,2016,"Indian Angel Network, Tracxn Labs, Others",2016
habitat,4.98,4.98,1,Edtech,Unknown,Seed,2020,"Unitus Ventures, Whiteboard Capital",2020
pipa bella,4.98,4.98,1,Online Jewelry Store,Mumbai,Private Equity,2015,Lionrock Capital,2015
nest education,4.98,4.98,1,Technology,Gurgaon,Seed,2017,"Michael And Susan Dell Foundation, Aunknownnd Mahindra",2017
playablo,4.98,4.98,1,Technology,Bangalore,Seed,2017,Abiunknownshowatech (India) Ltd,2017
unnati helpers,4.98,4.98,1,Consumer Internet,Gurgaon,Private Equity,2016,Info Edge (India) Ltd,2016
nxtqube,4.98,4.98,1,Dronetech,Nashik,Seed,2024,"Pontaq Vc, Aunknownnta Bizcon Llp, Rushikesh Bhandari, And Others",2024
infisecure,4.98,4.98,1,Technology,Mumbai,Seed,2016,"Idg Ventures, Axilor Ventures",2016
cora health,4.98,4.98,1,Healthcare,Bangalore,Seed,2021,Indian Angel Network,2021
lavelle networks,4.98,4.98,1,Technology,Bangalore,Seed,2017,Ideaspring Capital,2017
abl workspaces,4.98,4.98,1,Hospitality,Delhi,Pre-Series A,2021,Wurk,2021
sawo labs,4.98,4.98,1,SaaS,Mumbai,Seed,2020,"Startupxseed Ventures, 100X.Vc",2020
flatpebble,4.98,4.98,1,Online For Photographers,Hyderabad,Seed,2015,Indian Angel Network,2015
revrag,4.98,4.98,1,B2B Sales,Bangalore,Pre-Seed,2024,"Powerhouse Ventures, Viral Bajaria, Kuunknownl Shah, Deepak Anchala, Vetri Vellore, Other Angel Investors",2024
eureqa,4.98,4.98,1,Test Automation Saas,Hyderabad,Seed,2015,"Sashi Reddi, Gabriel Investments",2015
legitquest,4.98,4.98,1,Legaltech,Delhi,Unknown,2021,"Waterbridge Ventures, Info Edge",2021
foodybuddy,4.98,4.98,1,Food,Belgaum,Unknown,2020,Rebel Foods,2020
frankly,4.98,4.98,1,Other,Unknown,Seed,2015,Matrix Partners,2015
momark,4.98,4.98,1,Consumer Internet,Noida,Private Equity,2016,Yournest Angel Fund,2016
bluegapecom,4.98,4.98,1,Visual Blogging,Delhi,Seed,2015,"Ah! Ventures, Times Internet, Rudy Gopalakrishunknownn",2015
bigleap,4.98,4.98,1,Recruitment,Hyderabad,Unknown,2021,Anup Kumar Yama,2021
fourth ambit,4.98,4.98,1,Consumer Internet,Bangalore,Seed,2017,1Crowd,2017
acculi labs,4.98,4.98,1,Healthcare,Bangalore,Seed,2020,Startup Basket.,2020
ef polymer,4.9799999999999995,3.32,2,Agritech,Rajsamand,"Unknown, Series B","2021, 2025","Mtg Ventures, Toyoda Gosei / Beyond Next Ventures",2025
recove,4.96,4.96,1,Clean,Bangalore,Unknown,2025,Momentum Capital,2025
diro labs,4.95,3.73,2,Consumer Internet,Delhi,"Seed, Private Equity",2016,"Info Edge (India), Info Edge (India) Ltd",2016
truckola,4.94,4.94,1,Logistics,Mumbai,Seed,2016,"Abhishek Agarwal, Krishunknownkumar Nataraj, Sarath Sura, Shanti Mohan, Sarthak And Nihit Agarwal, Suramya Gupta",2016
wiwigo,4.94,4.94,1,Consumer Internet,Bangalore,Seed,2016,Indian Angel Network,2016
stitchwood,4.9399999999999995,3.28,2,Ecommerce,Mumbai,Seed,"2015, 2016","Deepak Gupta, Powai Lake Ventures, Ajeet Khuraunknown, Others",2016
gennext students,4.81,4.81,1,Consumer Internet,Mumbai,Seed,2017,Unknown Investors,2017
kaagaz scanner,4.77,4.77,1,Scanning,Unknown,Unknown,2020,Pravega Ventures,2020
career anna,4.75,4.75,1,Edtech,Gurgaon,Pre-Series A,2018,Individual Investors,2018
dmoksha homes,4.73,4.73,1,Textiles,Mumbai,Seed,2021,"Apoorva Sharma, The Chenunknowni Angels, Karthik Bhat",2021
prest loans,4.73,4.73,1,Fintech,Delhi,Seed,2017,"Manish Poddar, Arun Garg, Parmeshwar Sharma",2017
cuzor,4.7,4.7,1,Ecommerce,Bangalore,Seed,2025,"Ramesh Kanunknownn (Md, Kaynes Technology)",2025
rxmen,4.7,4.7,1,Healthcare,Delhi,Seed,2025,Inflection Point Ventures,2025
linkrunner,4.65,4.65,1,AI,Bangalore,Unknown,2025,Titan Capital,2025
callifyai,4.65,4.65,1,Technology,Mumbai,Seed,2020,Malpani Ventures,2020
luzo,4.57,4.57,1,For Salons Spas And Wellness Clinics,Mumbai,Seed,2025,Enrission India Capital,2025
mydidi,4.57,4.57,1,Consumer Internet,Mumbai,Seed,2016,Unknown Ex Mckinsey Directors And Partners,2016
rimigo,4.57,4.57,1,Travel,Bangalore,Pre-Seed,2025,Reazon Capital,2025
proviera,4.57,4.57,1,Probiotic Technology Products Manufacturer,Chennai,Private Equity,2015,Infuse Ventures,2015
gradeup,4.53,4.53,1,Edtech,Noida,Unknown,2020,"Times Internet, Tlabs",2020
gullybuy software,4.51,4.51,1,Technology,Pune,Pre-Series A,2020,Unknown,2020
wishnew wellness,4.5,4.5,1,Wellness,Delhi,Angel,2024,"Ankit Khunknowndelwal, Gyanesh Sharma (Dotpe), Abhijeet Raunknown, Ashish Singh",2024
innergize,4.5,4.5,1,D2C Mental Health,Mumbai,Pre-Seed,2025,Antler,2025
curryit,4.5,4.5,1,Food,Delhi,Seed,2024,"Rk Family Trust, Tangent Advisors, Freeflow Ventures",2024
globalbees brands,4.5,4.5,1,Ecommerce,Delhi,Other,2024,Dyunknownmic It Solution Private Limited (Subsidiary Of Brainbees Solutions),2024
ippopay,4.5,4.5,1,Fintech,Chennai,Unspecified Round,2024,"Mithun Sacheti, Siddhartha Sacheti",2024
tummoc,4.48,4.48,1,Mobility,Bangalore,Seed,2021,"Vineet Singh, Krishunknown D, Deependra Bisht, Alan Aim",2021
vebbler,4.48,4.15,2,Consumer Internet,Bangalore,Seed,"2016, 2017","Facebook Fbstart, Anupam Mittal, Sharad Sharma, 14 Others",2017
superhero brands,4.48,4.48,1,Character Merchandize Sales,Mumbai,Seed,2015,Dsg Consumer Partners,2015
the print,4.44,4.44,1,Media,Delhi,Other,2018,Ratan Tata,2018
garaaz,4.41,4.41,1,Enteprise,Jaipur,Seed,2025,Gvfl,2025
bibox,4.4,4.4,1,Kids Tool Kit For Innovation,Bangalore,Seed,2015,Ravi Krishunknownmurthy,2015
genius corner,4.390000000000001,2.31,2,Edtech,Noida,"Seed, Unknown","2018, 2020","Individual Investors, Mahesh Mohta, Jyoti Arora, Nachu Subramanian, Srivats",2020
taxsutra,4.37,3.04,2,Consumer Internet,Pune,"Seed, Other","2015, 2017","Tv Mohandas Pai, V Balakrishunknownn, Pv Srinivasan, V Balakrishunknownn, T V Mohandas Pai",2017
ensologic,4.32,4.32,1,International Trade & Development,Delhi,Seed,2022,"Indian Angel Network (Ian), Hyderabad Angels",2022
orahi,4.32,4.32,1,Consumer Internet,Gurgaon,Seed,2016,Indian Angel Network,2016
frshcoin,4.3,4.3,1,Other,Unknown,Other,2015,"India Quotient, Kae Capital",2015
ihub robotics,4.3,4.3,1,Humanoid Robotics,Ernakulam,Pre-Seed,2025,U.S. Investors,2025
silvan,4.27,4.27,1,Technology,Bangalore,Seed,2016,The Chenunknowni Angels,2016
proeves,4.21,4.21,1,Preschool Daycare,Delhi,Seed,2020,1Crowd,2020
flickstree,4.19,3.85,2,Consumer Internet,Mumbai,"Seed, Unknown","2017, 2020","Venture Catalysts, Sourav Ganguly, Ankit Aditya, Moksh Sports Ventures, Mox, Venture Catalysts",2020
styledotme,4.1899999999999995,3.88,2,Consumer Internet,Delhi,"Seed, Pre-Series A","2016, 2020","Indian Angel Network, Survam Partners",2020
spaciya consultants,4.15,4.15,1,Real Estate,Noida,Pre-Series A,2020,Alok Garg,2020
cube wealth,4.15,4.15,1,SaaS,Mumbai,Other,2020,"Beenext, Asuka Holding",2020
cuberoot,4.15,4.15,1,Technology,Gurgaon,Seed,2016,Unknown Investors,2016
vola,4.15,4.15,1,Fintech,Bangalore,Other,2018,Credika And Ununknownmed Angel Investors,2018
boxxai,4.15,4.15,1,Technology,Bangalore,Private Equity,2017,"Unicorn India Ventures, Venky Krishunknownkumar, Suresh Shankar, Vivek Bhargava",2017
cleansecar,4.15,4.15,1,Technology,Bangalore,Other,2018,Venture Catalysts,2018
bite club,4.15,4.15,1,Other,Unknown,Seed,2015,"Powai Lake Ventures, Aneesh Reddy, Ashish Kashyap, Alok Mittal",2015
thecapitalnet,4.15,4.15,1,Fintech,Hyderabad,Private Equity,2018,Lindwall Family Investments Llc (Lfi),2018
vunetsystems,4.15,4.15,1,Information&Technology,Bangalore,Series A,2022,Tvs Capital Funds And Athera Venture Partners,2022
daily rounds,4.15,4.15,1,Other,Unknown,Seed,2015,"Kae Capital, Gsf, Teruhide Sato",2015
carcrewin,4.15,4.15,1,Consumer Internet,Mumbai,Seed,2016,Tvs Group,2016
tagz foods,4.15,4.15,1,Food,Bangalore,Pre-Series A,2021,Venture Catalysts,2021
clairco,4.15,4.15,1,Cleantech,Bangalore,Unknown,2021,"Real Estate Accelerator Program (Reap), Angellist",2021
stylework,4.15,4.15,1,Coworking,Gurgaon,Pre-Series A,2021,Inflection Point Ventures,2021
caravan craft retail,4.15,4.15,1,Other,Unknown,Other,2015,"Unitus Seed Fund\\Nnarayan Ramachandran, Bijou Kurien",2015
vidgyor,4.15,4.15,1,Video Advertisement,Bangalore,Seed,2015,Angelprime,2015
super surfaces,4.15,4.15,1,Deisgning,Hyderabad,Series A,2020,Vishnu Reddy,2020
the new shop,4.15,4.15,1,Retail,Delhi,Seed,2020,Huddle Accelerator,2020
dcodeai,4.15,4.15,1,Edtech,Delhi,Unknown,2021,S Chand,2021
celcius,4.15,4.15,1,Logistics,Mumbai,Unknown,2021,"Mumbai Angels Network, Huddle, Lumis Partners",2021
buddy,4.15,4.15,1,Fintech,Bangalore,Seed,2016,"Blume Ventures, \\Xc2\\Xa0 Tracxn Labs",2016
wagonfly,4.15,4.15,1,Other,Bangalore,Unknown,2020,Investment Trust Of India,2020
automovill,4.15,4.15,1,Automotive,Bangalore,Unknown,2021,Mumbai Angels Network,2021
couponraja,4.15,4.15,1,Online Coupon & Comparison,Mumbai,Seed,2015,"Mahesh Pratapneni, Pallab Chatterjee, Others",2015
uknowva,4.15,4.15,1,Enterprise,Mumbai,Pre-Series A,2025,Unknown,2025
sustainkart,4.15,4.15,1,Ecommerce,Hyderabad,Pre-Seed,2022,India Accelerator,2022
taxivaxi,4.15,4.15,1,Consumer Internet,Delhi,Seed,2016,Unknown Hnis,2016
deyor camps,4.15,4.15,1,Consumer Internet,Gurgaon,Seed,2016,"Nitin Passi, Manickam Mahalingam, Udaan Angels, Rajesh Arora, Arkas Industries",2016
veqta,4.15,4.15,1,Consumer Internet,Delhi,Seed,2016,"Chatsworth Maunknowngement, Itw Digital",2016
venture catalysts,4.15,4.15,1,Consumer Internet,Mumbai,Seed,2016,Zaffiro Ventures,2016
deyor rooms,4.15,4.15,1,Budget Hotels Aggregator,Delhi,Seed,2015,"Dheeraj Jain, Others",2015
buildpan,4.15,4.15,1,SaaS,Indore,Seed,2020,"Sunil Kumar Singhvi, Yusho Kawata",2020
the bluebook,4.15,4.15,1,Consumer Internet,Bangalore,Seed,2016,"Indian Angel Network, Let\\Xe2\\X80\\X99S Venture",2016
uber dreams,4.15,4.15,1,Ecommerce,Mumbai,Seed,2016,Mohit Lalvani,2016
bumper,4.15,4.15,1,Mobile Car Servicing Appointment,Bangalore,Seed,2015,Saif Partners,2015
bimape,4.15,4.15,1,Fintech,Mumbai,Pre-Seed,2021,"Iseed, Titan Capital",2021
chattybao,4.15,4.15,1,Ecommerce,Delhi,Seed,2022,". Info Edge Ventures And Vertex Ventures Southeast Asia, India",2022
techeagle,4.15,4.15,1,Aviation & Aerospace,Gurgaon,Seed,2021,India Accelerator,2021
cheersoye,4.15,4.15,1,Consumer Internet,Mumbai,Seed,2016,Unknown Investors,2016
unboxrobotics labs,4.15,4.15,1,Automation,Bangalore,Seed,2020,"Arali Ventures, Ciie.Co",2020
creditmate,4.15,4.15,1,Consumer Internet,Mumbai,Seed,2016,India Quotient,2016
cellestial,4.15,4.15,1,Electronics,Hyderabad,Pre-Series A,2021,"Gurj Aujla, Ashik K",2021
tabps pets,4.15,4.15,1,Food,Coimbatore,Seed,2022,Unknown,2022
bambinos,4.15,4.15,1,Edtech,Bangalore,Seed,2021,"Hnis, Angels",2021
beardo,4.15,4.15,1,Ecommerce,Ahmedabad,Seed,2016,Venture Catalysts,2016
heizen,4.15,4.15,1,Enterprise,Delhi,Pre-Seed,2025,Titan Capital,2025
indiez,4.15,4.15,1,Technology,Bangalore,Seed,2017,Haresh Chawla,2017
nutrify today,4.15,4.15,1,International Trade & Development,Bangalore,Seed,2022,Aunknownnd Swaroop,2022
ruralbasket,4.15,4.15,1,Ecommerce,Tirunelveli,Unknown,2020,Nativelead Foundation,2020
firescore,4.15,4.15,1,Gaming,Mumbai,Unknown,2020,Crazy Labs,2020
appvigil,4.15,4.15,1,Securityxc2Xa0 Testing,Mumbai,Seed,2015,"Ravi Gururaj, Gaurav Sharma, Viswaunknownth Ramachandran, Ripplewave",2015
oda class,4.15,4.15,1,Edtech,Bangalore,Series B,2024,"Skywalker, Daituzi, Matrix Partners Chiunknown",2024
runo,4.15,4.15,1,Computer Software,Secunderabad,Pre-Series A,2022,Unicorn India Ventures,2022
indee,4.15,4.15,1,Consumer Internet,Bangalore,Seed,2016,Kalaari Capital Accelerator Program,2016
etaout,4.15,4.15,1,Ecommerce,Noida,Seed,2015,"Amit Ranjan, Vijay Shekhar Sharma, Kuunknownl Bahl, Girish Mathrubootham, \\Xc2\\Xa0 Group Of Other Angel Investors",2015
agricxlab,4.15,4.15,1,Agritech,Mumbai,Other,2018,Ankur Capital,2018
impact guru,4.15,4.15,1,Consumer Internet,Mumbai,Seed,2016,"Rb Investments, Fundnel",2016
imaginate,4.15,4.15,1,Technology,Hyderabad,Seed,2017,Sri Capital,2017
zapty,4.15,4.15,1,Technology,Bangalore,Seed,2017,Ideaspring Capital,2017
fixnix,4.15,4.15,1,Consumer Internet,Chennai,Seed,2016,Jay Vijayan,2016
flashprep,4.15,4.15,1,Edtech,Bangalore,Pre-Seed,2021,Venture Highway,2021
nutrifresh,4.15,4.15,1,Food,Pune,Unknown,2022,Florintree Advisors And Archer Investment,2022
quante energy,4.15,4.15,1,Clean,Noida,Seed,2025,Trillion Dollar Venture Partners,2025
appvirality,4.15,4.15,1,Mobile Growth Hackingnplatform,Hyderabad,Seed,2015,"Rajan Aunknownndan, Mike Galgon, Ravi Gururaj, Ashim Mehra, \\Xc2\\Xa0 Mohit Saxeunknown, Internet Group, Tnn Capital And Others",2015
salt,4.15,4.15,1,Fintech,Bangalore,Pre-Seed,2021,"Prashant Pansare, Supermorpheus",2021
zenparent,4.15,4.15,1,Parents Focused Web Content,Bangalore,Seed,2015,I2India Ventures,2015
nightstay,4.15,4.15,1,Hotel Booking,Noida,Seed,2015,"Bedrock Ventures, Rajesh Sawhney, Shailesh Singh",2015
zepo,4.15,4.15,1,Consumer Internet,Mumbai,Seed,2017,"Kuunknownl Shah, Letsventure, Anupam Mittal, Hetal Sonpal",2017
iyaso,4.15,4.15,1,Speech Therapy,Pune,Pre-Seed,2025,Malpani Ventures,2025
neokred,4.15,4.15,1,Fintech,Bangalore,Seed,2021,"Virenxia Group, Rajesh Jain, Nitin Agarwal",2021
joolz,4.15,4.15,1,Ecommerce,Mumbai,Private Equity,2016,"Powerhouse Ventures, M, S Partners",2016
satyukt,4.15,4.15,1,Agritech,Bangalore,Seed,2020,"Nabventures, Social Alpha (India)",2020
explore life traveling,4.15,4.15,1,Consumer Internet,Bangalore,Seed,2017,"Mekin Maheshwari, Bharat Vijay, Krish Seshadri, Amar Arsikere",2017
justlikenew,4.15,4.15,1,Ecommerce,Hyderabad,Seed,2016,Letsventure,2016
scapic,4.15,4.15,1,Technology,Bangalore,Other,2018,"Axilor Ventures, Newfort Capital",2018
excellent publicity,4.15,4.15,1,Marketing & Advertising,Ahmedabad,Unknown,2022,Unknown,2022
eveningflavors,4.15,4.15,1,Online Table Reservation,Bangalore,Seed,2015,Sandiep Shrivatsava,2015
evenflow brands,4.15,4.15,1,Consumer Goods,Mumbai,Unknown,2021,Unknown,2021
iline,4.15,4.15,1,Logistics,Noida,Unknown,2025,Unknown,2025
agrowave,4.15,4.15,1,Agritech,Gurgaon,Unknown,2020,Sekhar Puli,2020
risebird,4.15,4.15,1,Human Resources,Pune,Unknown,2021,Sab Holdings,2021
playo,4.15,4.15,1,Sportstech,Bangalore,Pre-Series A,2021,Ah! Ventures High Tables,2021
gear6,4.15,4.15,1,Consumer Internet,Bangalore,Seed,2016,Ninestarter,2016
goalteller,4.15,4.15,1,Information Technology &,Bangalore,Pre-Series A,2022,"Dr Ranjan Pai, Pankaj Fitkariwala, Himanshu Bhagat",2022
prophesee,4.15,4.15,1,Digital Analytics,Delhi,Seed,2015,"Indian Angel Network, Stanford Angels, Entrepreneurs India",2015
probus,4.15,4.15,1,Iot,Delhi,Bridge,2021,Unicorn India Ventures,2021
fyre,4.15,4.15,1,Food,Mumbai,Seed,2017,Venture Catalysts,2017
rapteehv,4.15,4.15,1,Clean,Chennai,Unknown,2025,"Technology Development Board (Ministry Of Science, Technology)",2025
goofy tails,4.15,4.15,1,Nutrition,Delhi,Unknown,2022,Beyondseed And The Chenunknowni Angels,2022
altuni,4.15,4.15,1,Edtech,Mumbai,Unknown,2022,"Amit Gupta, Mukesh Maniar, Rahul Gupta, Gautam Gurunknownni",2022
reach,4.15,4.15,1,Consumer Internet,Bangalore,Seed,2016,"Rebright Partners, Sol Primero, Sudhir Aunknownndarao, Ankur Warikoo, Ankur Singla",2016
appbrowzer,4.15,4.15,1,Consumer Internet,Bangalore,Seed,2017,Deepak Gurunknownni,2017
alternacare,4.15,4.15,1,Consumer Internet,Delhi,Seed,2016,Eros Labs,2016
greenpod labs,4.15,4.15,1,Biotechnology,Chennai,Pre-Seed,2022,Indian Angel Network,2022
guarented,4.15,4.15,1,Ecommerce,Bangalore,Seed,2016,Kalaari Capital,2016
playto labs,4.15,4.15,1,Edtech,Bangalore,Seed,2021,Inflection Point Ventures,2021
piqube,4.15,4.15,1,Hiring Analytics,Chennai,Seed,2015,The Hr Fund,2015
flexing it,4.15,4.15,1,Professionals & Project Search,Delhi,Seed,2015,Undisclosed Private Investors,2015
pickkup,4.15,4.15,1,Logistics,Gurgaon,Seed,2025,"We Founder Circle (Wfc), Angel Investors",2025
paytunes,4.15,4.15,1,Consumer Internet,Delhi,Private Equity,2016,"Cio Angel Network, Indian Angel Network",2016
passport trips,4.15,4.15,1,Travel,Mumbai,Pre-Seed,2025,Aroa Venture Partners,2025
parablu,4.15,4.15,1,Technology,Bangalore,Seed,2016,Kalaari Capital,2016
hoopy,4.15,4.15,1,Consumer Internet,Gwalior,Seed,2017,Undisclosed Investors,2017
remedico,4.15,4.15,1,Healthcare,Hyderabad,Unknown,2021,"Venture Catalysts, Tahseen Consulting",2021
paar autonomy,4.15,4.15,1,Advanced Hardware & Technology,Bangalore,Seed,2025,Venture Catalysts,2025
i2e1,4.15,4.15,1,Internet Infrastructure,Delhi,Seed,2015,Growx Ventures,2015
retentionai,4.15,4.15,1,Analytics,Bangalore,Seed,2015,"Mercury Fund, Anshu Sharma, Pratyush Prasanunknown, Robert Winters, Others",2015
origamis ai,4.15,4.15,1,AI,Bangalore,Seed,2025,"Vikas Gautam, Naveen Agarwal",2025
icanstay,4.15,4.15,1,Consumer Internet,Delhi,Other,2018,Mr. Manoj Prasad,2018
foodtalkindia,4.15,4.15,1,Online Food Community,Gurgaon,Seed,2015,Unknown Investor,2015
wowexpress,4.15,4.15,1,Enabled Logistics,Mumbai,Seed,2015,Tamarind Family Private Trust,2015
igl,4.15,4.15,1,Gaming,Mumbai,Unknown,2021,"Hungama, Hindustan Talkies",2021
kalpnik,4.15,4.15,1,Technology,Bangalore,Seed,2017,Venture Catalysts,2017
now,4.15,4.15,1,Consumer Internet,Noida,Seed,2016,"Ruchirans Jaipuria, Anuj Sanghi",2016
karma healthcare,4.15,4.15,1,Healthcare,Udaipur,Other,2018,"1Crowd, Ankur Capital",2018
legalwizin,4.15,4.15,1,Legaltech,Ahmedabad,Unknown,2021,Contcentric,2021
48east,4.15,4.15,1,Ecommerce,Bangalore,Private Equity,2017,Al Dhaheri Family,2017
mobile premier league mpl,4.15,4.15,1,Gaming,Bangalore,Series B,2020,"Pegasus Tech Ventures, Base Partners",2020
kwatt,4.15,4.15,1,Renewable Energy,Mumbai,Seed,2015,Unknown,2015
mrneeds,4.15,4.15,1,Consumer Internet,Noida,Seed,2017,Undisclosed Investors,2017
mobycy,4.15,4.15,1,Technology,Gurgaon,Other,2017,Unknown Investors,2017
kitchens centre,4.15,4.15,1,Other,Delhi,Seed,2020,Angellist India,2020
life pursuits,4.15,4.15,1,Healthcare,Noida,Unknown,2022,"Pankaj Agrawal, Supermorpheus And Eagle10 Ventures",2022
lazylad,4.15,4.15,1,Hyperlocal Grocery,Gurgaon,Private Equity,2015,"Jai Choi, Kiyohiro Sugashita, Hirokazu",2015
windo,4.15,4.15,1,Ecommerce,Hyderabad,Seed,2021,Unicorn India Ventures,2021
5th vital,4.15,4.15,1,Healthcare,Bangalore,Other,2018,Brand Capital And Others,2018
acadru,4.15,4.15,1,Edtech,Gurgaon,Pre-Series A,2024,"Aig Direct Llc, Others",2024
shippr,4.15,4.15,1,Intracity Logistics,Bangalore,Seed,2015,I2India Pvt Ltd,2015
krimanshi feeds,4.15,4.15,1,Nutrition Sector,Jodhpur,Unknown,2020,"Rajasthan Venture Capital Fund, Aim Smart City",2020
klipin,4.15,4.15,1,Other,Unknown,Other,2015,"Calcutta Angels, Venture Nursery Angels Mumbai Angels",2015
lenden club,4.15,4.15,1,Consumer Internet,Mumbai,Seed,2017,Unknown Investor,2017
monet networks,4.15,4.15,1,AI,Irvine,Bridge,2020,"Senseai Ventures, Evonexus",2020
earnwealth,4.15,4.15,1,Fintech,Pune,Pre-Series A,2021,Unknown,2021
listup,4.15,4.15,1,Ecommerce,Mumbai,Seed,2016,"Kae Capital, Kuunknownl Shah, Sandeep Tandon",2016
wigzo,4.15,4.15,1,Enterprise Marketing Automation,Delhi,Seed,2015,"Aarin Capital Partners, Tv Mohandas Pai",2015
sensegiz,4.15,4.15,1,Smartwatch Maker,Belgaum,Seed,2015,Karunknowntaka Semiconductor Venture Capital Firm,2015
easyaspataal,4.15,4.15,1,Healthcare,Mumbai,Seed,2021,Venture Catalysts,2021
konsult app,4.15,4.15,1,Consumer Internet,Delhi,Seed,2017,"Koen Bouwers, Lomesh Agarwal, Jeroen Mensen, Pablo Van Den Bosch, Others",2017
ask my guru,4.15,4.15,1,Consumer > Religion,Karnataka,Seed,2025,Matrimony.Com,2025
karomi,4.15,4.15,1,Technology,Chennai,Seed,2017,Ideaspring Capital,2017
artoo,4.15,4.15,1,Other,Unknown,Private Equity,2015,"Accion Venture Labs, Rianta Capital",2015
settl,4.15,4.15,1,Real Estate,Bangalore,Seed,2021,"Ah! Ventures, We Founder Circle",2021
epoise,4.15,4.15,1,Job Search,Bangalore,Seed,2015,"Orios Venture Partners, Amit Ranjan, Others",2015
my pahadi dukan,4.15,4.15,1,D2C Wellness,Jalandhar,Pre-Seed,2025,Inflection Point Ventures,2025
lo foods,4.15,4.15,1,Consumer Goods,Bangalore,Seed,2019,"Rashmi Daga (Founder, Freshmenu), Raveen Sastry (Counknownfounder, Myntra) And Mitesh Shah (Fiunknownnce Chief, Bookmyshow)",2019
easyrewardz,4.15,4.15,1,Loyalty Programs & Reward Points,Mumbai,Private Equity,2015,"Wealth First, Ashneer Grover, Atul Phadnis",2015
shouut,4.15,4.15,1,Consumer Internet,Delhi,Seed,2016,Unknown Investor,2016
medial,4.15,4.15,1,Media And Entertainment,Bangalore,Pre-Series A,2024,Ortella Global Capital (Og Capital),2024
explara,4.07,4.07,1,Event Ticketing,Pune,Private Equity,2015,"Hyderabad Angels, Singapore Angel Network, Ness Wadia",2015
misters,4.03,4.03,1,Healthcare,Gurgaon,Series B,2019,"Sauce.Vc, Rainforest Ventures",2019
onlygood ai,4.0,4.0,1,Other,Unknown,Seed,2024,"Goel Group, Iit Madras Incubation Cell (Iitmic), And Daimler India Commercial Vehicles (Dicv)",2024
heliware,4.0,4.0,1,3D Geospatial,Kolkata,Pre-Series A,2024,"Jito Incubation And Innovation Foundation (Jiif), Tie, Vatvistaar Ventures",2024
house of chikankari,4.0,4.0,1,D2C Ethnic Wear,Delhi,Seed,2025,"Tudip Ventures, Peyush Bansal (Lenskart), Ankit Nagori, Others",2025
iom bioworks,4.0,4.0,1,Deep Science,Bangalore,Seed,2025,Inflection Point Ventures,2025
mooev,4.0,4.0,1,Electric Vehicles,Chennai,Seed,2024,"Bizdateup, Inflection Point Ventures, Spectrum Impact (Aarti Industries Family Office)",2024
irasus,4.0,4.0,1,Energy Analytics,Gurgaon,Seed,2024,"Rohit Rajput, Srikar Reddy (Ian Angel), Dfan, Other Angel Investors",2024
store my goods,4.0,4.0,1,Storage,Noida,Growth,2025,Jito Incubation And Innovation Foundation (Jiif) And Family Offices,2025
raptorx,4.0,4.0,1,Fintech,India,Pre-Seed,2024,"Peakxv Spark, Eaglewings Ventures, Point One Capital",2024
tractor factory,4.0,4.0,1,Agritech,Hoshiarpur,Pre-Seed,2025,"All In Capital, Bharat Founders Fund, Devc, Family Offices",2025
sukoon unlimited,4.0,4.0,1,Agetech,Bangalore,Pre-Seed,2025,"Anchorage Capital Partners, Viunknowny Jain, Manish Dureja, Others",2025
consure medical,3.98,3.98,1,Healthcare,Delhi,Unknown,2020,"Accel, Jungle Ventures",2020
mchamp,3.94,3.94,1,Consumer Internet,Delhi,Seed,2016,Momagic Technologies,2016
cooey,3.9,3.9,1,Healthcare,Bangalore,Seed,2015,Subhash Goyal,2015
miclient,3.9,3.9,1,AI,Gurgaon,Seed,2024,"Ian Group, Anicut, Gsf, Rtaf, Keiretsu",2024
hopping chef,3.9,3.9,1,Online Foodtech,Mumbai,Seed,2015,Mirah Hospitality,2015
remit guru,3.87,3.87,1,Consumer Internet,Mumbai,Private Equity,2017,"Infibeam, Ccavenue",2017
7 ring,3.83,3.83,1,Ecommerce,Mumbai,Pre-Series A,2025,"Venture Catalysts, Anchorage Capital Partners, Sheth Family Office",2025
spareshub,3.82,3.82,1,Online Vehicle Spare Parts Etailer,Pune,Seed,2015,"Hyderabad Angels, M, S Partners",2015
zenzebra,3.7931,3.7931,1,Consumer,Delhi,Seed,2025,Rukam Capital,2025
famyo,3.79,3.79,1,Ecommerce,Bangalore,Seed,2025,I'N Angel Fund,2025
genexis biotech,3.79,3.79,1,Healthcare,Vadodara,Seed,2025,Gvfl,2025
nurturey,3.7800000000000002,2.74,2,Consumer Internet,Delhi,"Seed, Other","2015, 2017","Mohit Joshi, Others, Seedrs Crowd Funding Platform",2017
fourseven,3.78,3.78,1,Online Jewellery Etailer,Delhi,Seed,2015,Indian Angel Network,2015
dectrocel,3.76,3.76,1,Healthcare,Lucknow,Unknown,2025,Bioangels (Ian Group),2025
prowrrap,3.76,3.76,1,Enterprise,Delhi,Pre-Series A,2025,"Calance Software; Amit Govil (Chairman, Calance Corporation)",2025
flutrr,3.75,3.75,1,Vernacular Dating,Kolkata,Other,2024,Zee Media,2024
xportel,3.735,3.735,1,Logistics,Delhi,Seed,2025,"Rukam Sitara, Flipkart Ventures",2025
toko innovation studios,3.73,3.73,1,Consumer Internet,Delhi,Seed,2016,Indian Angel Network,2016
xstok,3.73,3.73,1,B2B Mobile Auction,Mumbai,Seed,2015,Oliphans Capital,2015
giftxoxo,3.73,3.73,1,Ecommerce,Bangalore,Private Equity,2016,"Mahindra Holidays, Resorts India Ltd",2016
poshtic,3.73,3.73,1,Consumer Internet,Noida,Seed,2016,"Havya Sharma, Amit Nagar",2016
galaxycard,3.73,3.73,1,Fintech,Gurgaon,Unknown,2021,Jito Angel Network,2021
toko innovations,3.73,3.73,1,Consumer Internet,Bangalore,Seed,2016,"Roopak Saluja, Vishal Khare",2016
zophop,3.73,3.73,1,Public Commute Helper,Mumbai,Seed,2015,"Amit Singhal, Pk Gulati, Others",2015
driverscart,3.73,3.73,1,Consumer Internet,Chennai,Seed,2016,Ah! Ventures,2016
ichr,3.73,3.73,1,Consumer Internet,Delhi,Seed,2016,Unknown,2016
opentap,3.73,3.73,1,Fintech,Chennai,Other,2018,Unknown High Netunknownworth Individuals,2018
robovac,3.73,3.73,1,Technology,Ahmedabad,Seed,2016,Virendra Patel,2016
inner hour,3.73,3.73,1,Consumer Internet,Mumbai,Seed,2017,"Batlivala, Karani Securities, Venture Works",2017
nuvie,3.73,3.73,1,Ecommerce,Bangalore,Pre-Seed,2025,Pedalstart,2025
onewaycab,3.73,3.73,1,Consumer Internet,Vadodara,Seed,2016,Indian Angel Network,2016
oorjan,3.73,3.73,1,Technology,Mumbai,Seed,2017,Globevestor,2017
wittyparot,3.73,3.73,1,Technology,Bangalore,Seed,2016,Mumbai Angels,2016
augrav,3.73,3.73,1,Ecommerce,Coimbatore,Seed,2016,Keiretsu Forum,2016
sillymonks,3.72,3.72,1,Consumer Internet,Hyderabad,Seed,2016,Sreenivasa Reddy Musani,2016
mojarto,3.69,3.69,1,Ecommerce,Gurgaon,Seed,2016,Unknown Investors,2016
collegedunia,3.69,3.69,1,Consumer Internet,Delhi,Seed,2016,Umang Kumar,2016
peebuddy,3.68,3.68,1,Healthcare,Delhi,Seed,2017,Indian Angel Network,2017
ketchupp,3.66,3.66,1,Consumer Internet,Delhi,Seed,2017,India Quotient And Others,2017
zippserv,3.65,3.65,1,Consumer Internet,Bangalore,Other,2018,Info Edge (India) Ltd,2018
wealthapp,3.65,3.65,1,Consumer Internet,Bangalore,Seed,2016,"Venk Krishunknownn, Mj Aravind, Vikram Kotak, Jayant Davar, \\Xc2\\Xa0 Ramkumar Nishtal, Arjun Sharmaa",2016
math buddy,3.65,3.65,1,Consumer Internet,Vadodara,Seed,2016,Menterra Social Impact Fund,2016
iservice,3.65,3.65,1,Consumer Internet,Bangalore,Seed,2017,"Blume Ventures, Girish Mathrubootham, Aprameya Radhakrishunknown",2017
avenue growth,3.63,3.63,1,Consumer Internet,Gurgaon,Other,2018,"Avtar Monga, Chief Operating Office At Idfc Bank, Aditya Malik, Others",2018
deepsync,3.62,2.49,2,Technology,Bangalore,Unknown,2020,"Venkat Raju, Grand Anicut Angel Fund (Gaaf), Al Trust, Beeline Impex Private Limited, 9Unicorns, Accelerator Fund",2020
log9 materials,3.62,3.62,1,Technology,Bangalore,Other,2018,"Metaform Ventures, Hemant Luthra, Micro Venture Capital Firm Gems Partners And Others",2018
enercomp,3.59,1.93,2,Information Technology &,Ahmedabad,Unknown,"2021, 2025","Ah! Ventures, Unknown",2025
gapoon,3.5700000000000003,2.08,2,Consumer Internet,Bangalore,Seed,"2016, 2017","Vida Ventures, Snehal Mantri, Anshu Bahadur, Chandrashekar Tallapragada, Pankaj Kapoor",2017
kabadiwala,3.57,3.57,1,Ecommerce,Bhopal,Private Equity,2019,"Unilever, Beehive Capital Advisor, Abcom Investments, Parekh Marine Transport",2019
bolo app,3.57,3.57,1,Digital Media,Bangalore,Seed,2019,Nexus Venture Partners,2019
flixy games,3.53,3.53,1,Technology,Bangalore,Seed,2016,Rebright Partners,2016
avalonmeta,3.49,3.49,1,Edtech,Unknown,Unknown,2020,Peerplays,2020
zfw,3.44,3.44,1,D2C,Delhi,Seed,2022,"Epigamia, Renee Cosmetics, Beardo",2022
myly,3.4,2.57,2,Consumer Internet,Jaipur,Seed,"2016, 2017","Mall Industries Development Bank Of India (Sidbi), Newbie Promoter Pvt Ltd",2017
wedmegoodcom,3.4,3.4,1,Wedding Planning,Gurgaon,Seed,2015,Indian Angel Network,2015
mera cashier,3.33,2.08,2,Fintech,Noida,"Unknown, Seed",2020,"Sukhbir Singh, India Accelerator, Boudhik Ventures, Shankar Nath, Shaurya Garg, Amit Singal, Manish Aggarwal",2020
belita,3.32,3.32,1,Ondemand Beauty,Mumbai,Seed,2015,"India Quotient, Letsventure Investors, Lead Angels",2015
tvasta,3.32,3.32,1,Mechanical Or Industrial Engineering,Chennai,Unknown,2021,Habitat For Humanity Interunknowntiounknownl,2021
gonuts,3.32,3.32,1,Entertainment,Mumbai,Seed,2020,"Sweta Rau, Archaunknown Priyadarshini",2020
better beauty,3.32,1.66,2,Cosmetics,Delhi,Unknown,2022,"Lotus Herbals, Lotus Herbals.",2022
zingavita,3.32,3.32,1,Healthcare,Chandigarh,Unknown,2021,Anicut Angel Fund,2021
xpresslane,3.32,3.32,1,Technology,Bangalore,Pre-Seed,2021,"Point One Capital, Yatra Angel Network (Yan), Opus Consulting, Manipal Technologies.",2021
upcred,3.32,3.32,1,Internet Publishing,Bangalore,Pre-Seed,2022,"Syed Firdous Hussain, Gayatri Nikkam",2022
buildnext,3.32,3.32,1,Construction,Kochi,Seed,2022,Vineet Kumar And Deep Gupta,2022
bookmein,3.32,3.32,1,Professional Appointment Booking,Mumbai,Seed,2015,Ajmera Group Of Companies,2015
isgoingonline,3.32,1.66,2,Retail,Cochin,"Unknown, Pre-Series A",2021,"Unicorn India Ventures, Sea Fund, Devdatt Shah",2021
ncome,3.32,3.32,1,Escrow,Delhi,Unknown,2020,"Venture Catalysts, Pointone Capital",2020
orai,3.32,3.32,1,It,Bangalore,Pre-Series A,2021,Inflection Point Ventures,2021
lil goodness and scool meal,3.32,3.32,1,Food & Nutrition,Bangalore,Unknown,2020,"Sajan Pillai, Muthu Krishunknownn",2020
gotrust,3.32,3.32,1,Privacy Compliance,Noida,Pre-Seed,2025,Aevitas Capital,2025
tradelab,3.32,3.32,1,Financial Markets Software,Bangalore,Seed,2015,Rainmatter,2015
mockbank,3.32,3.32,1,Government Test Preparation,Bangalore,Seed,2015,Blume Ventures,2015
imstrong,3.32,3.32,1,Fitness,Bangalore,Seed,2020,Rainmatter,2020
bincos,3.32,3.32,1,Crypto Currency,Bangalore,Seed,2022,Better Capital And Acce,2022
celerix,3.32,3.32,1,Technology,Bangalore,Seed,2016,Bitkemy Ventures,2016
paperflite,3.32,3.32,1,Technology,Chennai,Other,2018,The Chenunknowni Angels,2018
mentza,3.32,3.32,1,Edtech,Mumbai,Seed,2021,Inflection Point Ventures,2021
vaani research labs,3.32,3.32,1,High > Chatbots,Karnataka,Seed,2025,Venture Catalysts,2025
o be cocktails,3.32,3.32,1,Wine & Spirits,Bangalore,Unknown,2021,"First Cheque, Letsventure",2021
pedagogy,3.32,3.32,1,Edtech,Unknown,Unknown,2020,Inflection Point Ventures,2020
happy jars,3.32,3.32,1,Food,Delhi,Seed,2021,Inflection Point Ventures,2021
ypay,3.32,3.32,1,Fintech,Noida,Unknown,2021,We Founder Circle,2021
medisimvr,3.32,3.32,1,Hospitals And Health Care,Chennai,Pre-Series A,2022,Inflection Point Ventures,2022
bluelearn,3.32,3.32,1,Edtech,Goa,Pre-Seed,2021,"100X.Vc﻿, ﻿ Titan Capital, Rahul Mathur, Gaurav Mandlecha",2021
plaeto,3.32,3.32,1,Fashion,Bangalore,Series A,2022,Florinetree Advisors,2022
almamapper,3.32,3.32,1,Online Student & Campus Social Networking,Ahmedabad,Seed,2015,Oswal Techno Ventures Llp,2015
nuvepro,3.32,3.32,1,Technology,Mumbai,Other,2017,1Crowd,2017
capabiliti,3.32,3.32,1,Employee Onboarding & Orientation,Noida,Seed,2015,"500 Startups, Smile Multimedia, Kuunknownl Bahl, Rohit Bansal, Girish Matrubootham",2015
aerostrovilos energy,3.32,3.32,1,Machinery,Chennai,Seed,2022,"Tube Investment Of India, Murugappa Group Company",2022
comofi medtech,3.32,1.66,2,Healthcare,Bangalore,Unknown,2021,"Ciie.Co, Kiitunknowntbi, Ciie.Co",2021
dishq,3.32,3.32,1,Food,Bangalore,Other,2018,"Farm To Fork, Arts Alliance, The Syndicate Fund, Sven Hensen, Zeroth And Artesian Venture Partners",2018
logicroots,3.32,3.32,1,Interactive Educational Games,Jaipur,Seed,2015,"Ah! Ventures, Calcutta Angels, \\Xc2\\Xa0 91Springboard",2015
flo mobility,3.32,3.32,1,Industrial Automation,Bangalore,Unknown,2021,"Devx Venture Fund, Blume Founder Fund",2021
fitso,3.32,1.66,2,Consumer Internet,Gurgaon,Seed,"2016, 2017","Sujeet Kumar, Bhupender Singh, Yashish Dhaiya, Varun Khuraunknown, Samar Singla, Viunknowny Bansal",2017
automatapi,3.32,3.32,1,Automation,Powai,Seed,2021,Indian Angel Network,2021
world art community,3.32,1.66,2,Ecommerce,Gurgaon,Seed,"2015, 2016","Viraj Tyagi, Others",2016
appilyever,3.32,3.32,1,Consumer Internet,Hyderabad,Seed,2016,"Varun Aggarwal, Suresh Venkat, Raj Y",2016
super scholar,3.32,3.32,1,Edtech,Mumbai,Unknown,2022,"Magic Fund, 2Am Vc, Astir Vc",2022
superbottoms,3.32,3.32,1,Consumer Goods,Mumbai,Unknown,2021,Alteria Capital,2021
ressy,3.32,3.32,1,Restaurant Discount,Pune,Seed,2015,"Mohandas Pai, Others",2015
strip finance,3.32,3.32,1,Fintech,Hyderabad,Seed,2021,"Old Fashion Research, Nothing Research, Tenzor Capital",2021
wundrsight,3.32,3.32,1,Digital Therapeutics,Bangalore,Seed,2024,"Inflection Point Ventures, Social Alpha",2024
svish,3.32,3.32,1,Consumer Goods,Gurgaon,Seed,2021,Nueva,2021
cover it up,3.32,3.32,1,Ecommerce,Chennai,Seed,2020,Angel Investors,2020
courseplay,3.32,3.32,1,Edtech,Mumbai,Seed,2022,Inflection Point Ventures,2022
recordent,3.32,3.32,1,Fintech,Hyderabad,Unknown,2021,"Family Office Of Kantamaneni, Iim Calcutta Innovation Park",2021
rare planet,3.32,3.32,1,Retail,Kolkata,Pre-Series A,2020,Venture Catalysts,2020
reccy adventures,3.32,3.32,1,Sports,Gurgaon,Seed,2021,"Kallol Banerjee, Jaydeep Barman",2021
furdo,3.32,3.32,1,Online Interior Designing,Bangalore,Seed,2015,Bhavdeep Reddy,2015
auntie fung,3.32,3.32,1,Food,Bangalore,Unknown,2021,India Angel Network,2021
spottabl,3.32,3.32,1,Human Resources,Bangalore,Seed,2021,"Letsventure, Paradigm Shift Vc, Binny Bansal",2021
wiingy,3.32,3.32,1,Edtech,Bangalore,Unknown,2021,Aroa Ventures,2021
edustoke,3.32,3.32,1,Edtech,Bangalore,Seed,2022,Indus Initiatives,2022
sportzchain,3.32,3.32,1,Sports,Mumbai,Pre-Seed,2021,"Darq Capital, Jagadeesh Atukuri",2021
spardha,3.32,3.32,1,Edtech,Pune,Pre-Series A,2021,Inflection Point Ventures,2021
ezstays,3.32,3.32,1,Edtech,Delhi,Seed,2021,Richard Rekhy,2021
startup thamizha,3.3,3.3,1,Media,Chennai,Unspecified Round,2024,Mudhal Partners,2024
cadre odr,3.3,3.3,1,Online Dispute Resolution,Bangalore,Pre-Series A,2024,"Aprameya Radhakrishunknown, Murali Subramanian, Ram Bhamidi, Aneesh Garg, Rahul Guptan",2024
bookmybai,3.25,2.0,2,Domestic Help Aggregation,Mumbai,"Seed, Pre-Series A","2015, 2024","Vineel Nalla, Others, Inflection Point Ventures",2024
zippserve,3.24,3.24,1,Consumer Internet,Bangalore,Seed,2017,Undisclosed Investors,2017
knab finance,3.2,3.2,1,Consumer Internet,Bangalore,Seed,2017,"Incred, Krishunknownkumar Natarajan, Ravi Bhardwaj",2017
alchemyst ai,3.2,3.2,1,Genai Saas,Mumbai,Pre-Seed,2024,"Inflection Point Ventures, 100Unicorns, Early Seed Ventures",2024
social hardware,3.2,3.2,1,Assistive Devices,Bangalore,Seed,2024,"Inflection Point Ventures, Ivyleague Ventures, Soonicorn Ventures",2024
stuffed,3.2,3.2,1,Quick Restaurant & Online Delivery,Mumbai,Seed,2015,Riqueza Capital,2015
digio,3.11,3.11,1,Technology,Bangalore,Private Equity,2016,Rainmatter,2016
maalgaadi,3.11,3.11,1,Logistics,Indore,Seed,2016,"Swan Angel Network, Sachin Khandelwal And Others",2016
pickright,3.11,1.66,2,Fintech,Bangalore,"Seed, Unknown","2020, 2021","Sanjay Mehta, Vikram Pandya, Gaurav Gupta, Vivel Srivatsav, Madhavi Bollipalli, Srinivas Paanem, Satish Bogullu, Gaurav Gupta, Vivek Srivatsav",2021
vithicom,3.11,3.11,1,Ecommerce,Delhi,Seed,2016,Undisclosed Investor,2016
weballigator,3.11,3.11,1,Consumer Internet,Bangalore,Seed,2016,"Group Of Undisclosed Angel Investors, Hnis",2016
strawcture eco,3.11,3.11,1,Building Materials,Delhi,Seed,2022,"Social Alpha, Villgro Innovations Foundations, Brigade Reap",2022
tripshelf,3.1,2.08,2,Consumer Internet,Delhi,Seed,2016,"Gems Advisory, Quarizon, Gems Group",2016
exsure,3.09,3.0,2,Life Sciences > Oncology,Odisha,Seed,2025,"Aicunknownnalanda Institute Of Technology Foundation, Unicorn India Ventures",2025
neverinstall,3.07,3.07,1,Information Technology,Bangalore,Seed,2021,Speciale Invest,2021
truce,3.07,3.07,1,Fmcg,Mumbai,Seed,2016,"Anupam Mittal, Amit Gupta, Utsav Somani, Neeraj Goenka, Farooq Adam Mukadam",2016
roomstoryai,3.0,3.0,1,AI,Gurgaon,Pre-Seed,2025,Rukam Sitara Fund,2025
naptapgo,3.0,2.0,2,Pod Hotel,Noida,"Pre-Seed, Equity",2025,"Ipv, Balmer Lawrie, Co Ltd",2025
korinmi,3.0,3.0,1,Korean Skin Clinic,Gurgaon,Pre-Seed,2025,Vikas Agarwal,2025
the renal project,3.0,3.0,1,Hospital & Health Care,Mumbai,Unknown,2022,"Emcure Pharmaceuticals, Aman Gupta, Sameer Mehta",2022
dressfolk,3.0,3.0,1,D2C Handloom Clothing,Delhi,Unspecified Round,2025,"Eterunknownl Capital, Along With D2C Founders Ghazal Alagh (Founder, Mamaearth) And Dhruv Koli (Founder, Boba Bhai), With Participation From Nobody Ventures And Eagle Wings Ventures",2025
medmitra ai,3.0,3.0,1,Healthcare,Jaipur,Unspecified Round,2025,"All In Capital, Weh Ventures",2025
dream aerospace,3.0,3.0,1,Aerospace & Defense,Chennai,Pre-Seed,2025,Inflection Point Ventures,2025
mivi,3.0,3.0,1,Electrical & Electronic Manufacturing,Hyderabad,Unknown,2022,N+1 Capital,2022
creditseva,2.99,2.99,1,Consumer Internet,Hyderabad,Seed,2016,"Pix Vine Capital, Infocomm Development Authority Of Singapore",2016
streak,2.94,2.94,1,Technology,Bangalore,Other,2018,"Indian Fintech Fund, Rainmatter",2018
fes cafe,2.91,2.91,1,Food,Gurgaon,Seed,2025,Wolfpack Labs,2025
knocksense,2.91,1.66,2,Online Media,Lucknow,Unknown,2021,"We Founder Circle, Appyhigh, Mumbai Angels, Mumbai Angels, Amitesh Pandey",2021
applop,2.91,2.08,2,Consumer Internet,Gurgaon,Seed,"2015, 2016","Green House Ventures Accelerator, Ghv Accelerator",2016
adukale,2.905,2.905,1,Fmcg,Bangalore,Unspecified Round,2024,Nuventures,2024
myraah,2.9,2.9,1,Web Design,Pune,Pre-Seed,2022,Arun Balakrishunknownn And Xcelerator Venture Partners,2022
torqus,2.9,2.9,1,Restaurant Management,Pune,Seed,2015,"S S Mukherji, Others",2015
bricspaces,2.9,2.9,1,Real Estate,Bangalore,Pre-Seed,2021,Angel Investors,2021
khari foods,2.9,2.9,1,Online Grocery,Delhi,Seed,2025,Meri Punji,2025
airzaar,2.9,2.9,1,Technology,Missourie,Seed,2017,Quake Capital,2017
gamezop,2.9,2.9,1,Technology,Delhi,Seed,2016,"Kwan Entertainment, Marketing Solutions, Powerhouse Ventures, Others",2016
adstringo,2.9,2.9,1,Mobile Compression Software,Mumbai,Seed,2015,"Arihant Patni, Vishal Khare, \\Xc2\\Xa0 Viswaunknownth Ramachandran",2015
ark robot,2.9,2.9,1,Technology,Bangalore,Seed,2016,Qualcomm (Through Qprize Contest),2016
zakoopi,2.9,2.9,1,Fashion Discovery,Delhi,Seed,2015,Uniqorn Ventures,2015
eattreatonline,2.9,2.9,1,Healthy Food Online Community,Delhi,Seed,2015,Group Of 15 Angel Investors,2015
muvizz,2.9,2.9,1,Movieondemand,Singapore,Seed,2015,"Ashish Todi, Abhiunknownv Patodia, Kumar Shwetabh",2015
wyld,2.9,2.9,1,Consumer,Mumbai,Pre-Seed,2022,Better Capital,2022
the health,2.9,2.9,1,Ai Health,Gurgaon,Unknown,2020,"Vcats, First Cheque, 9Unicorns, Marquee Investors",2020
yourphysio,2.9,2.9,1,Healthcare,Nagpur,Pre-Seed,2021,"Better Capital, Titan Capital",2021
allizhealth,2.9,2.9,1,Preventive Healthcare,Pune,Seed,2015,"Mumbai Angels, Other Angel Investors",2015
plabro,2.9,2.9,1,Real Estate Broker,Delhi,Seed,2015,"Sachin Bansal, Binny Bansal, Sol Primero, Outbox Ventures, Sangram Singh",2015
stylox,2.82,2.82,1,Consumer Goods > Apparel,Haryana,Seed,2025,Thefef.Net,2025
leap club,2.82,2.82,1,Other,Gurgaon,Pre-Seed,2020,"Whiteboard Capital, Firstcheque, Artha India Ventures, Sweta Rau, Deepak Abbot, Amrish Rau, Harpreet Singh Grover",2020
jidoka,2.82,2.82,1,Software,Chennai,Seed,2021,Unknown,2021
drivershaab,2.8,2.8,1,B2B Mobility,Patna,Pre-Series A,2025,Inflection Point Ventures,2025
onestepup,2.79,2.79,1,Technology,Delhi,Seed,2017,Orient Blackswan,2017
oga,2.74,2.74,1,Fitness,Bangalore,Unknown,2020,Inflection Point Ventures,2020
refiral,2.74,2.74,1,Other,Unknown,Seed,2015,Cogent E Services,2015
uvi health,2.74,2.74,1,Healthcare,Bangalore,Pre-Seed,2021,Titan Capital,2021
pencilton,2.74,2.74,1,Fintech,Hyderabad,Pre-Seed,2021,Jupiter,2021
mbg card,2.72,2.72,1,SaaS,Jabalpur,Unspecified Round,2024,"Inflection Point Ventures, Velocity, Klub",2024
ithaka,2.7,2.7,1,Consumer Internet,Mumbai,Seed,2017,"Ankit Gupta, Puneet Motihar",2017
gameeon studios,2.66,2.66,1,Computer Games,Mumbai,Unknown,2021,Mumbai Angels Network,2021
customerglu,2.66,2.66,1,Crm,Bangalore,Unknown,2021,"Kumar Aakash, Amit Singhal",2021
sattviko,2.66,2.66,1,Other,Unknown,Other,2015,"Sumit Jain, Rajat Jain, Sanjay Bhasin",2015
myonsto,2.66,2.66,1,Online Grocers,Ahmedabad,Seed,2015,Jayant Bokadia,2015
habbit,2.66,2.66,1,Edtech,Bangalore,Pre-Seed,2021,Ashok Goyal,2021
loanbaba,2.66,2.66,1,Online Loans,Mumbai,Seed,2015,Unknown,2015
board infinity,2.65,2.65,1,Edtech,Chembur,Angel,2019,Multiple Angel Investors,2019
zanskar,2.63,2.63,1,Ecommerce,Bangalore,Seed,2025,Zeropearl Vc,2025
violetstreet,2.61,2.61,1,Other,Unknown,Other,2015,"Venkat Vallabhneni, Sudhakar Reddy, Srinivasa Rao Paturi",2015
thenudge foundation,2.61,2.61,1,Non Profit Organization To Alleviate Poverty,Bangalore,Seed,2015,"Naunknowndan Nilekani, Inmobi, Paytm",2015
digilend,2.59,2.59,1,Technology,Mumbai,Seed,2017,"Incred Fiunknownnce, Fullerton India Credit Company Ltd",2017
spares hub,2.58,2.58,1,Ecommerce,Pune,Seed,2017,"The Chenunknowni Angels, Anthill Scale Ventures, Esvee Technologies Inc, Inc95 Consulting",2017
zillout,2.57,2.57,1,Food,Karnataka,Seed,2025,Jindagilive Angel Network,2025
quifers,2.57,2.57,1,Logistics,Mumbai,Seed,2015,"Vikas Agarwal, Vishal Khare, Sanjeev Kakkar, Smile Group",2015
synctag,2.55,2.55,1,Technology,Coimbatore,Other,2018,Subhkam Ventures And Mohit Khadaria,2018
collpoll,2.54,2.54,1,Consumer Internet,Bangalore,Seed,2017,Sprout Angels,2017
black white orange,2.51,2.51,1,B2B Merchandize,Mumbai,Seed,2015,Collaborative Licensing Ventures Llp,2015
citrus freight,2.5,2.5,1,Shipping,Bangalore,Bridge,2025,"Caret Capital, Indigram Labs Foundation",2025
sapio analytics,2.5,1.25,2,Technology,Mumbai,Unknown,"2020, 2021","Unknown, Parthiv Group",2021
savesage club,2.5,2.5,1,Credit Card Management,Gurgaon,Angel,2024,"Iseed, Alluvium Fund, Letsventure Fund, Angel Investors",2024
indic inspirations,2.49,2.49,1,Cultural,Pune,Unknown,2021,Marquee Investors,2021
inzpira,2.49,2.49,1,Edtech,Thiruvananthapuram,Seed,2021,"Raj Nair, Gopiunknownth Latpate",2021
ixambee,2.49,2.49,1,Edtech,Delhi,Seed,2021,"Mumbai Angels, Narendra Shyamsukha",2021
fitpage,2.49,2.49,1,Healthcare,Mumbai,Unknown,2021,"Astra Ventures, Gaurav Jaitly",2021
ohi,2.49,2.49,1,Internet Publishing,Jaipur,Seed,2022,"Dst'S Maunknownging Partner, Rahul Mehta, Angellist Us",2022
careongo,2.49,2.49,1,Ecommerce,Delhi,Seed,2016,"Farooq Oomerbhoy, Other Angel Investors",2016
purpletutor,2.49,2.49,1,Edtech,Mumbai,Seed,2021,Ivycap Ventures,2021
finagg,2.49,2.49,1,Fintech,Noida,Seed,2022,Blinc Invest And Prime Venture Partners,2022
glam studios,2.49,2.49,1,Consumer Internet,Noida,Seed,2016,"Pradeep Mirani, Aqeel Ahmed, Aunknownnd Ladsariya, Nitin Agarwal",2016
realbox,2.49,2.49,1,Technology,Noida,Seed,2016,Hyderabad Angels,2016
jolly food fellow,2.49,2.49,1,Food Customer Analytics,Ahmedabad,Seed,2015,The 1947,2015
near store,2.49,2.49,1,Ecommerce,Mumbai,Seed,2020,Sauce.Vc,2020
locanix,2.49,2.49,1,Technology,Ahmedabad,Seed,2016,Unknown Investors,2016
qshala,2.49,2.49,1,Edtech,Bangalore,Unknown,2020,Unknown,2020
soptle,2.49,2.49,1,Software,Gurgaon,Angel,2022,Vaishunknownv Shetty And Ankur Aggarwal,2022
donething,2.49,2.49,1,Consumer Internet,Gurgaon,Private Equity,2017,Brand Capital,2017
sp robotics,2.49,2.49,1,Technology,Chennai,Seed,2016,Indian Angel Network,2016
letsdressup,2.49,2.49,1,Apparel & Fashion,Gurgaon,Pre-Series A,2021,"Titan Capital, Sequoia Capital",2021
venwiz,2.49,2.49,1,B2B,Bangalore,Seed,2021,"Accel, Nexus Venture",2021
99perhour,2.49,2.49,1,Consumer Internet,Chennai,Seed,2017,V Aaunknownnd R,2017
leaf round,2.49,2.49,1,Fintech,Bangalore,Pre-Seed,2022,Super Capital,2022
spedhome,2.49,2.49,1,Edtech,Mumbai,Unknown,2021,Unknown,2021
speedbox,2.49,2.49,1,Logistics,Mumbai,Seed,2017,Cismat Cargo Services Pvt. Ltd.,2017
lancify,2.49,2.49,1,Edtech,Bangalore,Unknown,2020,"Techstars, Techstars Bangalore Accelerator",2020
whiz league,2.49,2.49,1,Edtech,Delhi,Unknown,2021,Iti Growth Opportunities,2021
skillovilla,2.49,2.49,1,Edtech,Bangalore,Seed,2021,Titan Capital,2021
blaer motors,2.49,2.49,1,Mobility,Chennai,Unknown,2021,The Chenunknowni Angels,2021
ebikego,2.49,2.49,1,Last Mile Transportation,Amritsar,Seed,2019,Startup Buddy,2019
korra,2.49,2.49,1,Private Label Apparel Sales,Delhi,Seed,2015,"Asha Jadeja Motwani, Others",2015
edmingle,2.49,2.49,1,Edtech,Bangalore,Unknown,2021,"Indovation Fund, Mumbai Angels",2021
sportsskill,2.49,2.49,1,Sports Technology,Pune,Pre-Seed,2025,Waimea Bay Investments,2025
v safe,2.49,2.49,1,Iot,Thanjavur,Seed,2025,Priya Parthasarathy,2025
endimension,2.49,2.49,1,Healtcare,Mumbai,Seed,2021,Inflection Point Ventures,2021
inayo,2.49,2.49,1,Ondemand Healthcare,Mumbai,Seed,2015,"Kemark Ventures, Amit Ranjan, Zishaan Hayath And Others",2015
equiwatt,2.49,2.49,1,Technology,Newcastle Upon Tyne,Unknown,2020,Rising Stars,2020
boxmyspace,2.49,2.49,1,Physical Storage Warehouses,Mumbai,Seed,2015,"Ritesh Veera, Singapore Angel Network, Orios Venture Partners",2015
schoolkart,2.49,2.49,1,Ecommerce,Noida,Seed,2016,Unknown Investors,2016
mywonder,2.49,2.49,1,Real Estate & Construction > Construction Management,Karnataka,Seed,2025,Antler,2025
nayi disha,2.49,2.49,1,Edtech,Delhi,Seed,2015,Ajay Relan,2015
multipl,2.49,2.49,1,Fintech,Bangalore,Seed,2022,Growx Ventures And Iifl Fiunknownnce,2022
genrobotics,2.49,2.49,1,AI,Thiruvananthapuram,Unknown,2020,Unicorn India Ventures,2020
imumz,2.49,2.49,1,Healthcare,Bangalore,Unknown,2021,"Enzia Ventures, Angellist",2021
plutomen,2.49,2.49,1,Ar,Ahmedabad,Unknown,2021,"Gusec Seed Fund, Devx Venture Fund",2021
yumigo,2.49,2.49,1,Consumer Internet,Gurgaon,Seed,2016,Hemant Sahni,2016
prodo,2.49,2.49,1,Business Supplies & Equipment,Delhi,Pre-Seed,2021,"Titan Capital, Letsventure",2021
priceraja,2.49,2.49,1,Consumer Internet,Gurgaon,Seed,2016,Prashant Puri,2016
pear,2.49,2.49,1,Deeptech,Mumbai,Pre-Series A,2021,Inflection Point Ventures,2021
redesyn,2.49,2.49,1,Merchandise,Mumbai,Pre-Series A,2021,Anthill Ventures,2021
chirrup,2.49,2.49,1,Gaming,Bangalore,Pre-Seed,2021,"Titan Capital, Iseed, First Cheque, 3.0 Fund.",2021
guidoo,2.49,2.49,1,Consumer Internet,Mumbai,Seed,2017,"Pawan Borle, Nirmal Singh, Manish Prasad, Vineet Varma, Nick Haulkoury, Abhai S. Rao",2017
chefkart,2.49,2.49,1,Consumer Goods,Gurgaon,Pre-Seed,2021,"Lead Angels, Titan Capital, Pravega Ventures",2021
rapawalk,2.49,2.49,1,Ecommerce,Bangalore,Seed,2020,"Sanjay Ramakrishunknownn, Ravi Garikipati",2020
forevershop,2.49,2.49,1,Consumer Internet,Bangalore,Seed,2017,91Maker.Com,2017
chatongo,2.49,2.49,1,Consumer Internet,Mumbai,Seed,2016,Jaunknownk Jain,2016
ourbetterplanet,2.49,2.49,1,Ecommerce,Bangalore,Seed,2021,Vans Group,2021
i2ifunding,2.49,2.49,1,Consumer Internet,Noida,Seed,2016,Unknown Investors,2016
gobumpr,2.49,2.49,1,Consumer Internet,Chennai,Seed,2017,"Mahalingam K, Girish Mathrubootham",2017
babygogo,2.49,2.49,1,Consumer Internet,Delhi,Seed,2016,"Rajul Garg, Daljit Singh, Aditya Vij, Kishore Kumar, Shuchin Bajaj",2016
rocketium,2.49,2.49,1,Technology,Bangalore,Other,2018,Blume Ventures,2018
cloudfiles,2.49,2.49,1,SaaS,Bangalore,Pre-Seed,2021,Titan Capital,2021
tamashalive,2.49,2.49,1,Gaming,Mumbai,Unknown,2020,"9Unicorns, Titan Capital, Firstcheque",2020
pickmylaundry,2.4899999999999998,1.66,2,Consumer Internet,Delhi,Seed,"2015, 2016","Kedar Lele, Ghv Accelerator, Ghv Accelerator",2016
wedding wishlist,2.47,2.47,1,Consumer Internet,Chennai,Seed,2016,"Kirthiga Reddy, Renuka Ramaunknownth, Cherry Tin",2016
trading bells,2.47,2.47,1,Consumer Internet,Indore,Seed,2016,Swastika Investmart Ltd,2016
equickies,2.47,2.47,1,Ecommerce,Ahmedabad,Seed,2016,Lothal Angel Ventures,2016
hello tax,2.45,2.45,1,Consumer Internet,Delhi,Seed,2016,Sanjeev Sinha,2016
bonphulapl,2.43,2.43,1,Cleantech,Delhi,Other,2018,Atul Gupta And Saurabh Rastogi,2018
mechmocha,2.42,2.42,1,Entertainment,Bangalore,Series A,2020,"Accel, Blume Ventures, 3F Ventures, Akatsuki Inc",2020
appbase,2.41,2.41,1,Other,Unknown,Other,2015,"Daunknowniict, Techstars, Carnegie Mellon University, Startup Brasil Program",2015
nearin,2.37,2.37,1,Other,Unknown,Seed,2015,"Anupam Mittal, Manish Vij, Prashant Tandon, Gaurav Agarwal, Akash Agarwal, Himanshu Aggarwal, Kevin Parikh",2015
nuyug,2.35,2.35,1,Ecommerce,Delhi,Pre-Seed,2025,Ajvc,2025
invento robotics,2.33,2.33,1,Ai Robotics,Unknown,Seed,2020,"Windrose Capital, Iti Growth Opportunities Venture Fund",2020
quicko,2.32,2.32,1,Taxation,Ahmedabad,Unknown,2020,"Zerodha Fintech Fund, Rainmatter",2020
tydy,2.28,2.28,1,Technology,Bangalore,Seed,2017,"Bhupen Shah, Jayesh Parekh, Sanjay Sathe",2017
repaireasy,2.28,2.28,1,Consumer Internet,Pune,Seed,2016,Unknown Hnis,2016
venturesity,2.24,2.24,1,Online Job Skills Showcase,Bangalore,Seed,2015,"Phanindra Sama, Jay Sethuram, Hemant Kaunknownkia, Ravi Trivedi",2015
vendor infra,2.2,2.2,1,Construction,Gurgaon,Unknown,2021,"Sk Tripathi, Sanjeev Gupta",2021
jobspire,2.16,2.16,1,Job Search,Bangalore,Seed,2015,Purvi Capital,2015
make in box,2.16,2.16,1,Deeptech Engineering,Gurgaon,Other,2025,"Mile Deep Works, Mile Deep Capital",2025
trisu,2.1,2.1,1,Jewelry D2C,Jaipur,Pre-Seed,2024,"All In Capital, Jk Tyres, Amaanta Group, Angel Investors",2024
supersquad,2.1,2.1,1,Creator Monetization,Mumbai,Unspecified Round,2024,"Wldd, Nitin Rajput, Jivraj Singh Sachar",2024
withme,2.08,2.08,1,Consumer Internet,Gurgaon,Seed,2016,"Alex Kuruvilla, Pradeep Guha, Saket Dhankar, Rajan Pandhare",2016
smartpocket,2.08,2.08,1,Other,Unknown,Other,2015,"Sol Primero, Rajiv Mehta",2015
vanity cube,2.08,2.08,1,Consumer Internet,Delhi,Seed,2016,Unicorn Ventures,2016
confirmtkt,2.08,2.08,1,Consumer Internet,Bangalore,Seed,2016,"Krishunknown Jhujhunwala, Dr. Apoorv Ranjan Sharma, Anirudh Damani, Aunknownnd Ladsariya, Sanjay Mehta, Others",2016
happy2refer,2.08,2.08,1,Consumer Internet,Mumbai,Seed,2016,"Equity Crest, Vinners, Sparknext",2016
rentickle,2.08,2.08,1,Ecommerce,Delhi,Seed,2016,"Manish Kheterpal, Viunknowny Mittal, Dinesh Mittal, Sandeep Gupta",2016
redpolka,2.08,2.08,1,Online Fashion Aggregator,Mumbai,Seed,2015,Unknown Investors,2015
trilyo,2.08,2.08,1,Technology,Mumbai,Other,2018,"Startup Buddy, Amit Manocha And Others",2018
thesmartq,2.08,2.08,1,Consumer Internet,Bangalore,Seed,2016,Yournest Angel Fund,2016
qik stay,2.08,2.08,1,Hotel Aggregator & Booking,Delhi,Seed,2015,Id Eunknownblers Pvt Ltd,2015
picxy,2.08,2.08,1,Media,Hyderabad,Unknown,2020,"Firstcheque, Angellist India, Aakrit Vaish, Ranjith Radhakrishunknownn",2020
genie,2.08,2.08,1,Consumer Internet,Chennai,Seed,2017,Undisclosed Investors,2017
hippily,2.08,2.08,1,Ecommerce,Mumbai,Seed,2016,"Dr. Sridhar Ramaswamy, Rakesh Mathur",2016
mypoolin,2.08,2.08,1,Mobile Social,Delhi,Seed,2015,Qprize From Qualcomm Ventures,2015
leaf wearables,2.08,2.08,1,Smart Safety Wearable Devices,Delhi,Seed,2015,"Ajeet Khuraunknown Jinesh Shah, Vikram Chachra, Dr. Aniruddha Malpani",2015
esahaiin,2.08,2.08,1,Consumer Internet,Hyderabad,Seed,2017,"Dr Ramesh Ayyala, Satya Muthyala",2017
donxe2x80x99t scratch your head,2.08,2.08,1,Technology,Ahmedabad,Seed,2016,"Gaurav Singhvi, Zaffiro Ventures",2016
billion hearts software,2.08,2.08,1,Technology,Unknown,Angel,2024,"Founders Of Redbus, Ola, Inmobi, Myntra",2024
wealthy,2.08,2.08,1,Consumer Internet,Bangalore,Seed,2016,"Zishaan Hayath, Abhishek Goyal, Arjun And Rohan Malhotra, Harpreet Singh Grover, Gagan Dugal",2016
zulu club,2.08,2.08,1,Consumer,Gurgaon,Pre-Seed,2025,Tdv Partners,2025
gyde,2.08,2.08,1,Computer Software,Pune,Seed,2021,"Better Capital, Ashish Achrekar",2021
redbook,2.08,2.08,1,Technology,Mumbai,Other,2017,"Vida Ventures, Dr. Aniruddha Malpani",2017
hitwicket,2.08,2.08,1,Cricket Management Mobile Game,Hyderabad,Seed,2015,Chenunknowni Angels,2015
inkmonk,2.08,2.08,1,Online Printing,Chennai,Seed,2015,"Girish Mathrubootham, Phanindra Sama, Vikram Chachra, Others From Letsventure",2015
clonect,2.08,2.08,1,Other,Unknown,Other,2015,"V Balakrishunknownn, T V Mohandas Pai, Bc Prabhakar",2015
tempgo,2.08,2.08,1,Technology,Goa,Other,2017,Javelin Startupo Victory Fund,2017
ignis careers,2.08,2.08,1,Career Development,Hyderabad,Seed,2015,Acumen Fund,2015
zwayam,2.08,2.08,1,Consumer Internet,Bangalore,Seed,2016,Unknown Investors,2016
fincash,2.08,1.25,2,Fintech,Mumbai,"Other, Seed","2017, 2018","Mohammed Khan, Sameer Narayan, Others",2018
stylofie,2.08,2.08,1,Healthcare,Gurgaon,Seed,2015,Swastika,2015
icustomadeit,2.08,2.08,1,Bespoke Merchandize,Pune,Seed,2015,"Virendra Shahney, Dr Paresh Doshi",2015
neuroequilibrium,2.08,2.08,1,Technology,Jaipur,Seed,2016,Unicorn India Ventures,2016
makkajai,2.08,2.08,1,Technology,Pune,Seed,2016,"Aunknownnd Chandrasekaran, Aunknownnth Narayaunknownn, Mekin Maheshwari, Ravi Garikipati, Divyesh Shah, Swastika Company Ltd",2016
curofy,2.08,2.08,1,Technology,Gurgaon,Other,2017,Roundglass Partners Llc,2017
cercle x,2.08,2.08,1,Environmental,Coimbatore,Seed,2022,Inflection Point Ventures,2022
jade forest,2.08,2.08,1,Beverages,Delhi,Seed,2020,Unknown,2020
jay robotix,2.08,2.08,1,Robotic Program Learning,Hyderabad,Seed,2015,"Cross Border Angels, Others",2015
getmypeon,2.08,2.08,1,Hyperlocal Handyman,Mumbai,Seed,2015,Unknown Investors,2015
raincan,2.08,1.25,2,Consumer Internet,Pune,Seed,"2015, 2016","Dr. Aniruddha Malpani, Ajeet Khuraunknown, Others",2016
roadcast,2.08,2.08,1,Technology,Delhi,Private Equity,2018,Unknown,2018
kaatil,2.075,2.075,1,Hot Condiments,Unknown,Seed,2024,"Prajay Advisors, Shivaan Ghai, Romil Ratra",2024
flowatt batt,2.06,2.06,1,Energy > Energy Storage,Karnataka,Seed,2025,Pedalstart,2025
trip shelf,2.04,2.04,1,Consumer Internet,Delhi,Other,2018,"Gems Advisory, Alok Mittal And Sachin Bhatia",2018
the office pass,2.03,2.03,1,Consumer Internet,Gurgaon,Seed,2017,"Arun Tadanki, Aditya Verma",2017
new castle,2.02,2.02,1,Technology,Chennai,Seed,2017,Unknown Investors,2017
parkobot,2.02,2.02,1,Advanced Hardware & Technology,Kolkata,Seed,2025,Inflection Point Ventures,2025
instalively,2.0,1.0,2,Video Streaming,Delhi,Seed,2015,"Rajesh Sawheny, Rajan Aunknownndan, Amit Ranjan, Niraj Singh, Aecal, Meraevents., Group Of Angel Investors",2015
svastek,2.0,2.0,1,Medtech,Delhi,Seed,2025,Ian Angel Fund,2025
sushain wellness,2.0,2.0,1,Healthcare,Lucknow,Seed,2024,Prajay Advisors Llp,2024
recircle,2.0,2.0,1,Cleantech,Mumbai,Bridge,2024,"Venture Catalysts, Mumbai Angels, Hnis",2024
ivana jewels,2.0,2.0,1,Labgrown Diamonds,Surat,Seed,2025,Avinya Ventures,2025
liaplus ai,2.0,2.0,1,Customer Support,Delhi,Seed,2024,"Inflection Point Ventures, Chandigarh Angel Network, Growth91",2024
scandalous foods,2.0,2.0,1,B2B Indian Sweets,Nashik,Seed,2025,New Age India Fund,2025
viraa care,2.0,2.0,1,Healthcare,Chandigarh,Pre-Seed,2024,European Angel Investors,2024
be clinical,2.0,2.0,1,Skincare,Mumbai,Seed,2025,Titan Capital,2025
ziptrrip,2.0,2.0,1,Traveltech Saas,Mumbai,Pre-Seed,2024,Angel Investors,2024
legup,2.0,2.0,1,Caregiving Family & Wellness,Washington,Pre-Seed,2025,Bluebridge Capital Private Limited,2025
certifyme,2.0,2.0,1,Information Technology &,Bangalore,Seed,2022,Aunknowns Rahman Juunknownid,2022
getwork,1.99,1.66,2,Hr,Gurgaon,"Pre-Seed, Seed","2020, 2021","India Accelerator, Artha Venture Fund",2021
thekarrier,1.99,1.99,1,Last Mile Logistics,Bangalore,Seed,2015,"Sol Primero, Outbox Ventures, Nikunj Jain",2015
roder,1.99,1.99,1,Consumer Internet,Delhi,Seed,2016,Unicorn India Ventures,2016
neotrade analytics,1.95,1.95,1,Realtime Stock Data,Bangalore,Seed,2015,Rainmatter,2015
kohbee,1.95,1.95,1,Edtech,Bangalore,Pre-Seed,2021,"Ankit Mehrotra, Saurabh Aggarwal",2021
uclid,1.95,1.95,1,Technology,Hyderabad,Seed,2017,Unknown Investors,2017
rentongo,1.94,1.94,1,Ecommerce,Bangalore,Seed,2017,Tvs Motor Company,2017
paymango,1.94,1.94,1,Mobile Commerce,Gurgaon,Seed,2015,Group Of Angel Investors,2015
shopholix,1.93,1.93,1,Ecommerce,Gurgaon,Other,2017,Munesh Khanunknown,2017
balance app,1.93,1.93,1,Consumer Internet,Bangalore,Seed,2017,Rainmatter,2017
the tarzan way,1.93,1.93,1,Online Travel,Delhi,Seed,2025,Inflection Point Ventures,2025
stratfit,1.93,1.93,1,Consumer Internet,Hyderabad,Seed,2017,Bodhtree Consulting Limited,2017
cosmoss,1.9256,1.9256,1,Ecommerce,Gurgaon,Seed,2025,Malika Sadani,2025
apclub,1.92,1.92,1,Consumer,Bangalore,Pre-Seed,2025,Curefit,2025
coluxe,1.9173,1.9173,1,Ecommerce,Delhi,Unknown,2025,Unknown,2025
kleeto,1.91,1.91,1,Document Digitization,Gurgaon,Seed,2015,Grex,2015
crimson healthcare,1.91,1.91,1,Med,Delhi,Unknown,2020,Mumbai Angels Network,2020
qlivery,1.91,1.91,1,Consumer Internet,Gurgaon,Seed,2016,Swastika Company Ltd,2016
beastlife,1.9,1.9,1,Nutrition,Gurgaon,Unknown,2025,Rinku Singh,2025
biokraft foods,1.88,1.88,1,Clean,Mumbai,Seed,2025,Gvfl,2025
tazzo bikes,1.88,1.88,1,Consumer Internet,Hyderabad,Seed,2016,Dsg Consumer Partners,2016
extracarbon,1.87,1.87,1,Consumer Internet,Gurgaon,Seed,2016,Brand Capital,2016
battwheelz,1.87,1.87,1,Energy > Electric Vehicles,Haryana,Seed,2025,Finvolve,2025
reia diamonds,1.87,1.87,1,Consumer Goods > Fashion Accessories,Karnataka,Seed,2025,Venture Catalysts,2025
yodacart,1.87,1.87,1,Ecommerce,Thane,Pre-Seed,2021,Ajith Daneil,2021
paisadukan,1.87,1.87,1,Consumer Internet,Mumbai,Other,2018,Unknown,2018
naturenama,1.87,1.87,1,Consumer Internet,Mumbai,Seed,2016,Unicorn Venture,2016
pinkblue,1.86,1.86,1,Ecommerce,Bangalore,Seed,2016,"Hari Krishunknown, Ajay Modani, Dr V Ravinder, Anirudh Rastogi, Abhishek Jain, Rakesh Gakhar, Rajeev Mudumba, Nagendra Prasad Bhanuprakash",2016
campus diaries,1.83,1.83,1,Consumer Internet,Bangalore,Seed,2016,Aarin Capital,2016
edu4share,1.83,1.83,1,Exam Preparation,Delhi,Seed,2015,"Nalin Jain, Other Angel Investors",2015
docsumo,1.83,1.83,1,AI,Mumbai,Seed,2020,"Better Capital, Techstars, Barclays.",2020
tea trunk,1.83,1.83,1,Beverage,Goa,Unknown,2020,Angel Investors,2020
my forex eye,1.83,1.83,1,Consumer Internet,Delhi,Seed,2017,"Rahul Dev Kumar, Rajesh Mahajan, Ankit Sharma And Others",2017
chai thela,1.81,1.81,1,Food,Noida,Seed,2016,Quarizon,2016
fabulyst,1.78,1.78,1,Technology,Hyderabad,Seed,2017,Ibhubs,2017
the uolo,1.74,1.74,1,Consumer Internet,Bangalore,Seed,2016,"Purvi Ventures, Rajul Garg, Vipin Arora",2016
genextstudents,1.73,1.73,1,Consumer Internet,Mumbai,Seed,2016,1Crowd (Through Crowdfunding),2016
green soul,1.66,1.66,1,Consumer Goods,Ambernath,Unknown,2021,Velocity.In,2021
voiz,1.66,1.66,1,Proffesional,Bangalore,Seed,2022,Omidyar Network,2022
pingolearn,1.66,1.66,1,Edtech,Pune,Unknown,2021,"Titan Capital, Haresh Chawla, Angellist Syndicate",2021
living local,1.66,1.66,1,Consumer Internet,Mumbai,Seed,2016,Rattan Chadha,2016
mango point,1.66,1.66,1,Food,Chennai,Unknown,2022,"The Chenunknowni Angels, Native Angel Network, Keiretsu Chenunknowni",2022
commut,1.66,1.66,1,Consumer Internet,Hyderabad,Seed,2016,50K Ventures,2016
dvara edairy,1.66,1.66,1,Fintech,Chennai,Unknown,2022,Dvara Holdings And Axilor Ventures,2022
bhaobhao,1.66,1.66,1,Consumer,Mumbai,Unknown,2025,Unknown,2025
liberate foods,1.66,1.66,1,Food,Bangalore,Seed,2022,Blue Horizon Corporation And Panthera Peak,2022
pramati,1.66,1.66,1,Healthcare,Noida,Seed,2016,Unknown Investors,2016
azah,1.66,1.66,1,Healthcare,Gurgaon,Seed,2019,Ununknownmed Angel Investors,2019
smartivityin,1.66,1.66,1,Virtual Reality Activity Based Learning,Delhi,Seed,2015,S Chand And Co Pvt Ltd,2015
letreach,1.66,0.83,2,Ecommerce,Delhi,Private Equity,2016,Vcommission,2016
disruptium,1.66,1.66,1,Consulting,Ahmedabad,Unknown,2021,Pravesh Mehta,2021
mentoria,1.66,1.66,1,Edtech,Mumbai,Pre-Series A,2021,"Pradeep K Jaisingh, Jayant Mehrotra",2021
deciwood,1.66,1.66,1,Consumer Electronics,Delhi,Unknown,2021,"Shuru Up, Ankit Kedia, Arun Gupta",2021
easyroads,1.66,1.66,1,Consumer Internet,Mumbai,Seed,2016,"Rohan Angrish, Hrishi Oberoi, Rahul Mehta, Kapil Hetamsaria, Praunknownv Dedhia",2016
wobb,1.66,1.66,1,Marketing,Gurgaon,Pre-Seed,2021,"Alok Kohli, Sanjeev Bhargava",2021
prolgae,1.66,1.66,1,Biotechnology,The Nilgiris,Seed,2021,Vijayan,2021
myseniordoctor,1.66,1.66,1,Consumer Internet,Gurgaon,Seed,2016,Blackjag Partners,2016
evelabs,1.66,1.66,1,Healthcare,Thiruvananthapuram,Pre-Seed,2022,Jito Angel N Etwork,2022
nap chief,1.66,1.66,1,Apparel & Fashion,Mumbai,Seed,2021,Titan Capital,2021
buildtraders,1.66,1.66,1,Ecommerce,Bangalore,Seed,2016,Idein Ventures,2016
hwell24,1.66,1.66,1,Healthcare,Mumbai,Other,2018,"Prashant Mehta, Mitali Pawar, Nikhil G And Bhavesh P, R Rangaunknownthan, Oncotrust And Medintel Services Pvt. Ltd",2018
ampm,1.66,1.66,1,Ecommerce,Gurgaon,Unknown,2021,Agility Venture Partners,2021
ezerx,1.66,1.66,1,Medtech,Kolkata,Seed,2020,"Indian Oil Corporation, Krishunknown Chakravarty",2020
comarete,1.66,1.66,1,Technology,Pune,Seed,2016,Grex.In,2016
cabsguru,1.66,1.66,1,Cab Search Comparison & Booking,Delhi,Seed,2015,Prashanth Rangaunknownthan,2015
orobind,1.66,1.66,1,Other,Unknown,Seed,2015,"Zishaan Hayath, Lalit Mangal, Harpreet Singh Grover",2015
supersourcing,1.66,1.66,1,Software,Indore,Seed,2021,"Vijay Shekhar Sharma, Dr Ritesh Malik",2021
investmint,1.66,1.66,1,Trading,Bangalore,Seed,2022,Nexus Venture Partners,2022
braingroom,1.66,1.66,1,Edtech,Chennai,Unknown,2021,"Ian, Social Alpha, Startup Oasis",2021
capzest,1.66,1.66,1,Consumer Internet,Mumbai,Seed,2016,Lion Ventures,2016
inspacco,1.66,1.66,1,Facilities,Pune,Unknown,2021,Unknown,2021
fieldproxy,1.66,1.66,1,SaaS,Chennai,Seed,2021,"Letsventure, 2Am Vc, Magic.Fund",2021
infyu labs,1.66,1.66,1,Agritech,Gandhinagar,Seed,2021,Ian,2021
rocket skills,1.66,1.66,1,Edtech,Gurgaon,Pre-Seed,2021,"Better Capital, First Cheque, Titan Capital",2021
octoai,1.66,1.66,1,Technology,Delhi,Seed,2016,"Outbox Ventures, Jaspreet Bindra, Arjun Malhotra, Rohan Malhotra, Sidharth Rao, Rakesh Agrawal",2016
rupaiya exchange,1.66,1.66,1,Consumer Internet,Delhi,Seed,2016,Unknown Investors,2016
illumnus,1.66,0.83,2,Edtech,Pune,Seed,2020,"23 High Networth Individuals (Hnis)., Angel Investors. Hni",2020
afk gaming,1.66,1.66,1,Entertainment,Mumbai,Pre-Series A,2020,Unknown,2020
cbrex,1.66,1.66,1,International Hiring,Mumbai,Seed,2015,"Prahlad Rao, Sundara Rajan, Vikram Chachra",2015
wellcure,1.66,1.66,1,Healthcare,Gurgaon,Unknown,2020,Inflection Point Ventures,2020
gameeon studio,1.66,1.66,1,Computer Games,Mumbai,Unknown,2022,"Mruunknownl Jhaveri, Ajay Upadhyaya",2022
kanhaiya,1.66,1.66,1,Inspiration,Hyderabad,Other,2017,Unknown Investors,2017
brick2wall,1.66,1.66,1,Ecommerce,Gurgaon,Seed,2017,"Subramani Somasundaram, Sundeep Sahni, Mayank Mittal, Others",2017
bluepad,1.66,1.66,1,Online Media,Bangalore,Pre-Seed,2021,"Titan Capital, Angellist'S Syndicate",2021
accelero vehicles,1.66,1.66,1,Automotive,Delhi,Seed,2022,"Social Alpha, Letsventure",2022
healthyworldin,1.66,1.66,1,Other,Unknown,Seed,2015,Group Of Angel Investors,2015
solartown,1.66,1.66,1,Technology,Chennai,Seed,2016,Grex.In,2016
vahanalytics,1.66,1.66,1,Technology,Mumbai,Seed,2016,"Anirudh Damani, Vikram Lakhotia",2016
design x,1.66,1.66,1,Iot,Noida,Seed,2020,Thinknext Llc,2020
thinkerbell,1.66,1.66,1,Consumer Internet,Bangalore,Seed,2017,"Indian Angel Network, Aunknownnd Mahindra",2017
shopmylooks,1.66,1.66,1,Digital,Noida,Unknown,2021,"Capital A, Collective Artists Network",2021
bluegape,1.66,1.66,1,Web Content Publishing,Gurgaon,Seed,2015,"Rudy Gopalakrishunknownn, Ah! Ventures",2015
qikship,1.66,1.66,1,Consumer Internet,Delhi,Seed,2016,Undisclosed Investors,2016
klassroom,1.66,1.66,1,Edtech,Mumbai,Pre-Series A,2021,Ah! Ventures,2021
hemp horizons,1.66,1.66,1,Cannabis,Noida,Seed,2021,Mumbai Angels,2021
boingg,1.66,1.66,1,Furniture,Gurgaon,Seed,2021,Inflection Point Ventures,2021
bytexl,1.66,1.66,1,Edtech,Hyderabad,Unknown,2021,Joseph Joy,2021
enthuai,1.66,1.66,1,AI,Chandigarh,Unknown,2021,Appit Simple Infotek,2021
entropika,1.66,1.66,1,Technology,Bangalore,Seed,2016,"Dileep Bhatt, Milind Chaudhary",2016
wwhere,1.66,1.66,1,Other,Unknown,Seed,2015,Group Of Angel Investors,2015
decortwist,1.66,1.66,1,Consumer Goods > Home Furnishing Products,Uttar Pradesh,Seed,2025,Tejas Paresh Lodaya,2025
myindianstay,1.66,1.66,1,Home Stay & Room Rentals,Goa,Seed,2015,Unknown Investors,2015
shadez,1.66,1.66,1,Consumer,Mumbai,Pre-Series A,2021,Inflection Point Ventures,2021
shabdanagari,1.66,1.66,1,Consumer Internet,Kanpur,Seed,2016,"Kanpur Angels, Others",2016
parksmart,1.64,1.64,1,Iot,Delhi,Unknown,2020,Ah! Ventures,2020
beaute secrets,1.6,1.6,1,Beauty Tools,Gurgaon,Other,2024,Velocity (Cash Flow Fiunknownncing Platform),2024
zify,1.58,1.58,1,Ride Sharing,Hyderabad,Seed,2015,"Sean O\\Xe2\\X80\\X99Sullivan, Others",2015
rootefy,1.55,1.55,1,Ecommerce,Delhi,Seed,2017,Abhiunknownv Gupta,2017
aisle,1.54,1.54,1,Consumer Internet,Bangalore,Seed,2016,"Termsheet, Ah! Ventures",2016
witblox,1.52,1.52,1,Edtech,Unknown,Unknown,2020,Mumbai Angels Network,2020
shiksha,1.5,1.5,1,Edtech,Unknown,Unknown,2020,Mumbai Angels Network,2020
divine hindu,1.5,1.5,1,Ecommerce,Gurgaon,Seed,2025,Unknown,2025
zuver,1.49,1.49,1,Consumer Internet,Mumbai,Seed,2016,"Shruth, Smith Group, Hermes Group",2016
beaconstalk,1.49,0.83,2,Technology,Mumbai,Seed,"2015, 2016","Rajeev Agrawal, Prashant Gooty, Puneet Bhatia, Others",2016
absentia,1.49,1.49,1,Virtual Reality Headset Creator,Bangalore,Seed,2015,"Astarc Ventures, 50K Ventures, Others",2015
19th mile,1.49,1.49,1,It,Gurgaon,Other,2018,"Rishi Vasudev, Excelsior Investments, Ritesh Vohra, Praveer Kumar, Prashant Gupta And Others",2018
promon,1.49,1.49,1,Ecommerce,Delhi,Seed,2016,Now Capital,2016
fleetrover,1.49,1.49,1,Logistics,Goa,Seed,2015,"Tim Chen, Sanjay Venkat",2015
collatebox,1.49,1.49,1,Other,Unknown,Seed,2015,Letsventure,2015
kidovators,1.49,1.49,1,Edtech,Bangalore,Other,2018,Gray Matters,2018
vividobots,1.47,1.47,1,Robotics,Chennai,Seed,2025,Inflection Point Ventures,2025
snackible,1.45,1.45,1,Food,Mumbai,Seed,2017,"Nibhrant Shah, Aunknownndbir Singh, Anirudh Sheth, Pratik Singhi, Vikram Mehta, Murali Nair",2017
machadalo,1.45,1.45,1,Consumer Internet,Mumbai,Seed,2016,Unknown Investors,2016
mengage,1.45,1.45,1,Healthcare,Jaipur,Other,2018,"Siddharth Agarwal, Mahavir Sharma, Amit Singal, 100 Counknownfounders Lab And Others.",2018
dhobi g,1.42,1.42,1,Consumer > Local,Tamil Nadu,Debt,2025,Indian Overseas Bank,2025
helex,1.4193,1.4193,1,Life Sciences > Genomics,Telangana,Seed,2025,Bluehill Capital Trust,2025
gabit,1.4027,1.4027,1,Ecommerce,Gurgaon,Unknown,2025,Unknown,2025
jaagruk bharat,1.4,1.4,1,Media & Entertainment > Internet First Media,Delhi,Seed,2025,Ajvc,2025
gaadimech,1.4,1.4,1,Consumer,Jaipur,Unknown,2025,Ajvc,2025
noodle play,1.39,1.39,1,Chinese Food Delivery,Mumbai,Seed,2015,"Elliot Stechman, Gautam Sinha, Ambarish Ray",2015
madrat games,1.39,1.39,1,Educational Board Games,Bangalore,Seed,2015,"Kuunknownl Bahl, Rohit Bansal",2015
the better,1.38,1.38,1,Other,Unknown,Seed,2015,Iunknowncubeunknownn,2015
digital gorkha,1.38,1.38,1,Other,Unknown,Seed,2015,Ramesh Kavediya,2015
pricejugaad,1.37,1.37,1,Price Comparison,Hyderabad,Seed,2015,"Amit Tyagi, Sandeep Acharya, Others",2015
changer mints,1.37,1.37,1,Digital / Mobile Wallet,Kolkata,Seed,2015,Hyderabad Based Investor,2015
vegetall,1.34,1.34,1,Ecommerce,Chennai,Seed,2016,The Chenunknowni Angels,2016
pensionbox,1.33,1.33,1,Fintech,Bangalore,Unknown,2022,"Kishore Ganji, Keynote India",2022
keito,1.33,1.33,1,AI,Pune,Seed,2020,Suma Soft Pvt Ltd,2020
sust vest,1.33,1.33,1,Renewable Energy,Gurgaon,Unknown,2022,Unknown,2022
sayfix,1.33,1.33,1,Consumer Internet,Bangalore,Seed,2016,Yajunknownunknownrayaunknown Kammaje,2016
qriyo,1.33,1.33,1,Consumer Internet,Jodhpur,Seed,2016,Idein Ventures,2016
cubito,1.33,1.33,1,Other,Unknown,Seed,2015,Sol Primero,2015
rollmafia,1.33,1.33,1,Qsr Restaurant,Pune,Seed,2015,Equentia Natural Resources,2015
sampurnearth,1.33,1.33,1,Waste Management,Mumbai,Seed,2015,"Intellecap Impact Investment Network, Family Office Fund",2015
waterscience,1.32,1.32,1,Ecommerce,Bangalore,Unknown,2025,Valar Ventures,2025
edgehax,1.31,1.31,1,Advanced Hardware & Technology,Bangalore,Seed,2025,Inflection Point Ventures,2025
homversity,1.29,1.29,1,Housing,Ahmedabad,Unknown,2021,Unknown,2021
jhakaas,1.29,1.29,1,Consumer Internet,Mumbai,Seed,2017,"Malini Patel, Stelcore Maunknowngement Services, Anjani Prasad",2017
iotrek,1.29,1.29,1,Technology,Delhi,Seed,2017,Unknown Investor,2017
labsadvisor,1.29,1.29,1,Online Diagnostic Tests,Delhi,Seed,2015,Group Of Angel Investors,2015
hotify,1.25,1.25,1,New Curation Mobile,Bangalore,Seed,2015,Mahavir Pratap Sharma,2015
cureinstant,1.25,1.25,1,Consumer Internet,Delhi,Seed,2016,Dr. Rameshwar Kumar,2016
horntell,1.25,1.25,1,Consumer Internet,Gurgaon,Seed,2016,"Bharanidharan Viswaunknownthan, Sanjiv Mittal, Shobhit Shukla, Rahul Agarwal",2016
ev plugs,1.25,1.25,1,Information Technology &,Gurgaon,Unknown,2021,Unknown,2021
planmynmedicaltrip,1.25,1.25,1,Healthcare,Pune,Seed,2016,"Bhanu Vikram Parsotam, Rohan Desai And Paras Patel",2016
pocketin,1.25,1.25,1,Consumer Internet,Noida,Seed,2016,Swastika Company Ltd,2016
grandopinion,1.25,1.25,1,Online Medical Diagnostic,Delhi,Seed,2015,Florida Based Angel Investor,2015
goto,1.25,1.25,1,Transportation,Ghaziabad,Unknown,2021,Jesse Lucas,2021
sportobuddy,1.25,1.25,1,Consumer Internet,Mumbai,Seed,2017,Mehul Shah,2017
ouwt,1.25,1.25,1,Nightlife Discovery Mobile,Mumbai,Seed,2015,Unknown Investors,2015
spiderg,1.25,1.25,1,Consumer Internet,Pune,Seed,2016,"Rahul Kirloskar, Fusion Tech Ventures, Adi Saravaunknownn, Pravin Dongre, Mahendra Doshi",2016
didi,1.25,1.25,1,Ondemand Maids,Mumbai,Seed,2015,"Jozef Bardik, Leo Wang Sangeeth Ram",2015
anandakanda,1.25,1.25,1,Technology,Pune,Seed,2016,Undisclosed Investors,2016
proximit,1.25,1.25,1,Technology,Pune,Seed,2016,Funding Through 1Crowd Platform,2016
qacco,1.25,1.25,1,Consumer Internet,Gurgaon,Seed,2016,"Lead Angels Network, Anbu Pandian, Prabhakar Mr, Others",2016
skoovcom,1.25,1.25,1,Ecommerce Product Search Engine,Mumbai,Seed,2015,Undisclosed Investor,2015
easyecom,1.25,1.25,1,Ecommerce,Bangalore,Other,2017,"Ambarish Gupta, Aneesh Reddy, Bold Ventures, Vounknown Investments",2017
summerlabel,1.25,1.25,1,Consumer Internet,Gurgaon,Seed,2017,"Aneesh Seth, Tushar Mittal",2017
indofash,1.25,1.25,1,Ecommerce,Bangalore,Seed,2016,"Shekhar Sahu, Nitesh Pant",2016
ftcash,1.25,1.25,1,Consumer Internet,Kolkata,Seed,2016,Ivycap Ventures,2016
clapsnslaps,1.25,1.25,1,Online Movie Review,Mumbai,Seed,2015,R M Picture Company Pvt. Ltd.,2015
laundryanna,1.25,1.25,1,Consumer Internet,Bangalore,Seed,2016,Unknown Investors,2016
labstreet,1.25,1.25,1,Diagnostic Labs Aggregator,Gurgaon,Seed,2015,Multiple Investors,2015
mihuru,1.25,1.25,1,Fintech,Mumbai,Other,2018,Unknown,2018
leaping caravan,1.25,1.25,1,Online Food Ordering & Delivery,Gurgaon,Seed,2015,Group Of Angel Investors,2015
mydentistchoice,1.25,1.25,1,Ecommerce,Hyderabad,Seed,2016,Unknown Investors,2016
zfw hospitality,1.25,1.25,1,Food,Delhi,Pre-Seed,2021,"Mumbai Angels Network, Expert Dojo",2021
trdr,1.25,1.25,1,Fintech,Bangalore,Unknown,2021,"Kuunknownl Shah, Snehal Fulzele",2021
medd,1.25,1.25,1,Personal Diagnostic Mobile,Mumbai,Seed,2015,Group Of Angel Investors,2015
onspoon,1.25,1.25,1,Consumer Internet,Mumbai,Seed,2016,Swan Angel Network,2016
fitraqcom,1.25,1.25,1,Other,Unknown,Seed,2015,Tarun Arora,2015
rock n shop,1.25,1.25,1,Premium Apparel Shopping Portal,Delhi,Seed,2015,High Networth Individuals (Undisclosed),2015
the gourmet jar,1.25,1.25,1,Food,Noida,Unknown,2021,Devx Venture Fund,2021
briston technomach,1.25,1.25,1,Internet Of Things,Delhi,Seed,2015,Unknown,2015
life circle,1.25,1.25,1,Healthcare,Hyderabad,Private Equity,2016,Groupe Sos,2016
little black book delhi,1.25,1.25,1,Online City & Lifestyle Guide,Delhi,Seed,2015,"Rajan Aunknownndan, Niraj Singh, Sachin Bhatia, Singapore Angel Network, Aseem Vadehra",2015
3dexter,1.25,1.25,1,Technology,Delhi,Seed,2016,Newbie Promoters,2016
360ride,1.25,1.25,1,Consumer Internet,Bangalore,Seed,2016,Unknown,2016
siftr labs,1.25,1.25,1,Consumer Internet,Mumbai,Seed,2016,Venture Catalysts,2016
oibanit,1.25,1.25,1,Online Food Ordering,Vadodara,Seed,2015,"Varun Ahuja, Anubhav Verma",2015
indigolearn,1.25,1.25,1,Edtech,Hyderabad,Other,2018,"Maheshwar Peri, Founder And Chairman Of Career Information Portal Careers360, And Jamshed Jeejeebhoy, Director At Byramjee Jeejeebhoy Pvt. Ltd Were Among The Angels",2018
syona cosmetics,1.25,1.25,1,Fmcg,Chennai,Seed,2016,The Chenunknowni Angels,2016
omnify,1.25,1.25,1,Technology,Bangalore,Seed,2017,"Rajan Aunknownndan, L.D Sharma, Saurabh Arora",2017
corseco,1.25,1.25,1,Technology,Delhi,Seed,2016,"Ameera Shah, Vivek Bhargava",2016
onlinerti,1.25,1.25,1,Online Rti Application,Bangalore,Seed,2015,"Letsventure, Mohandas Pai",2015
mentorkart,1.25,1.25,1,Consulting,Delhi,Seed,2021,"Amit Singal, Manish Aggarwal",2021
iaugmentor labs,1.24,1.24,1,Technology,Gurgaon,Seed,2016,"Rajasthan Angel Investor Network, Others",2016
petsutra,1.23,1.23,1,Consumer Internet,Gurgaon,Other,2018,Michael Patrick Hickey,2018
kabadiexpress,1.23,1.23,1,Other,Delhi,Seed,2016,Unknown Investor,2016
ezytruk,1.22,1.22,1,Consumer Internet,Bangalore,Seed,2017,"Ajith Nair, Anish K",2017
awesummly,1.22,1.22,1,Consumer Internet,Bangalore,Seed,2016,"Vivek Bhargava, Ameera Shah",2016
pictor imaging,1.22,1.22,1,Consumer Internet,Mumbai,Seed,2016,Quarizon,2016
noddapp,1.22,1.22,1,Consumer Internet,Mumbai,Seed,2016,Unknown Multiple Investors,2016
freedom smart labs,1.2,1.2,1,Technology,Delhi,Seed,2016,Kapil Goel,2016
wizcounsel,1.2,1.2,1,Compliance,Delhi,Angel,2019,Kapil Dev,2019
prescribez,1.2,1.2,1,Consumer Internet,Pune,Seed,2016,Ankush Mehta,2016
nagpur wholesale,1.19,1.19,1,Online,Nagpur,Seed,2018,Omphalos Ventures India Llp,2018
jobsquare,1.17,1.17,1,Hr,Ahmedabad,Unknown,2020,Titan Capital,2020
teritree,1.16,1.16,1,Digital Marketing,Bangalore,Seed,2015,Kcl,2015
thatmate,1.16,1.16,1,Healthcare,Satara,Unknown,2021,"Supriya Kumari, Premanshu Singh",2021
jobsgaar,1.16,1.16,1,Job Discovery,Delhi,Seed,2021,Sucseed Indovation Fund,2021
cellstrat,1.16,1.16,1,Computer Software,Bangalore,Unknown,2022,Unknown,2022
trume,1.16,1.16,1,Iot,Unknown,Unknown,2020,Rajan Kaistha,2020
couponmachinein,1.16,1.16,1,Other,Unknown,Seed,2015,Uk Based Group Of Angel Investors,2015
godesi,1.15,1.15,1,Food,Bangalore,Other,2018,Lead Angels Network,2018
gympik,1.12,1.12,1,Other,Unknown,Seed,2015,"Tom Clausen, Rohan Ajila, Haldyn Glass",2015
fastest,1.12,1.12,1,Healthcare,Maharashtra,Seed,2025,Inflection Point Ventures,2025
ripsey,1.1,1.1,1,Nutrition,Mumbai,Unknown,2020,Ah! Ventures,2020
revidd,1.1,1.1,1,Information Technology,Visakhapatnam,Unknown,2022,Ciie.Co And Inovnis Sa,2022
bumboo,1.1,1.1,1,Ecofriendly Products,Delhi,Angel,2024,"Rohan Bhargava, Counknownfounder At Cashkaro, Urbanpiper Ceo Saurabh Gupta, Spotdraft Founder Shashank Bijapur, And Nc Media Founder Rajneil Kamath",2024
goodlives,1.1,1.1,1,Healthcare,Gurgaon,Pre-Seed,2024,"Iim Lucknow, Rabindraunknownth Tagore University (Rntu), Build3",2024
lifto,1.08,1.08,1,Ridesharing Mobile,Mumbai,Seed,2015,"Rajesh Bhatia, Dheeraj Mehta, Others",2015
skippi ice pops,1.08,1.08,1,Food,Hyderabad,Unknown,2021,Shark Tank India,2021
gully labs,1.07,1.07,1,Fashion,Uttar Pradesh,Venture Debt,2025,Stride Ventures,2025
medront,1.06,1.06,1,Technology,Mumbai,Pre-Seed,2024,Inflection Point Ventures,2024
ng earsafe,1.06,1.06,1,Healthcare,Rajkot,Seed,2024,Inflection Point Ventures,2024
digiconectt,1.04,1.04,1,Technology,Bangalore,Other,2018,Aspire Logistics Llc,2018
croft beverages,1.04,1.04,1,Sustainable Tea Agritech D2C,Coimbatore,Pre-Seed,2025,"Angel Investors From Tea, Sustaiunknownbility, It, Biotech Sectors",2025
actonmagic,1.04,1.04,1,Technology,Bangalore,Seed,2016,Jayabalan Subramanian,2016
lafalafa,1.04,1.04,1,Coupons And Cashback Aggregator,Mumbai,Seed,2015,500 Startups,2015
tilt,1.04,1.04,1,Bike Rental,Bangalore,Unknown,2021,Y Combiunknowntor,2021
rooba finance,1.0,1.0,1,Fintech,Gurgaon,Seed,2022,Endurance Capital And Inflection Point Ventures,2022
ilios 72 alternative capital,1.0,1.0,1,Wealth Management,Gurgaon,Seed,2025,Group Of Family Offices,2025
oureyeai,1.0,1.0,1,Virtual Auditing,Bangalore,Unknown,2020,"100X Vc, Amara Ventures",2020
cupick,1.0,1.0,1,Social For Artists,Bangalore,Seed,2015,Group Of Angel Investors From Us/India,2015
kibi sports,1.0,1.0,1,Sports,Bangalore,Pre-Seed,2025,"Angel Investors Including Saurabh Aggarwal, Arpit Bhardwaj, Vartika Joshi, Others",2025
ziffyhomes,1.0,1.0,1,Consumer Internet,Gurgaon,Private Equity,2018,Y Combiunknowntor,2018
zipy,1.0,1.0,1,Ecommerce,Israel,Unknown,2022,Unknown,2022
park easy,0.98,0.98,1,Consumer Internet,Kolkata,Seed,2017,Rockstart Accelerator,2017
yogurt labs,0.95,0.95,1,Other,Unknown,Seed,2015,"Nick Adams, Kiran Bhat, Family Pot Investments Llp",2015
enakshi,0.95,0.95,1,Consumer Internet,Ahemadabad,Other,2018,Unknown,2018
kraya,0.94,0.94,1,Enterprise Applications > Scm Software,Maharashtra,Seed,2025,Aid,2025
zlade,0.91,0.91,1,Healthcare,Pune,Unknown,2022,Corporate Round From Velocity,2022
tooler,0.91,0.91,1,On Demand Laundry,Delhi,Seed,2015,"Raghu Khanunknown, Sameer Gupta",2015
trulymadly matchmakers,0.91,0.91,1,Dating,Gurgaon,Pre-Series A,2020,"Angellist, Inflection Point Ventures, The Chenunknowni Angels",2020
liftiee,0.9,0.9,1,Consumer Internet,Mumbai,Seed,2016,"Rannvijay Singh, Anita Hassaunknownndani",2016
intuit things,0.88,0.88,1,Technology,Mumbai,Seed,2017,"Sanjay Mehta, Others ( The Ten Minute Million)",2017
daybox,0.86,0.86,1,Consumer Internet,Delhi,Seed,2016,"Ashutosh Lawania, Rajul Jain, Badal Malick, Rishi Gupta, Others",2016
knackit,0.83,0.83,1,It,Bangalore,Unknown,2021,Jyoti Bansal,2021
krayonnz,0.83,0.83,1,Edtech,Bangalore,Pre-Seed,2020,Gsf Accelerator,2020
kloseby,0.83,0.83,1,Consumer Internet,Bangalore,Seed,2016,Unknown Investor,2016
growcoms,0.83,0.83,1,Food,Cochin,Seed,2022,Info Edge,2022
gridle,0.83,0.83,1,Cloud Based Collaboration,Ahmedabad,Seed,2015,Letsventure,2015
pindropmusic,0.83,0.83,1,Consumer Internet,Noida,Seed,2016,Green House Ventures (Ghv),2016
cyclops,0.83,0.83,1,Technology,Bangalore,Seed,2016,Kalaari Capital,2016
monrow,0.83,0.83,1,Retail,Bangalore,Unknown,2022,Playbook Fund And Letsventure,2022
mychild app,0.83,0.83,1,Edtech,Bhopal,Seed,2016,"Samir Bangara, Anisha Mittal, Amit Gupta, Pallav Nadhani, Lalit Mangal, Arihant Patni, Dr. Ritesh Malik, Deobrat Singh, Saurab Paruthi, Singapore Angel Network.",2016
intgrea,0.83,0.83,1,Technology,Bangalore,Seed,2016,Unknown Investor,2016
chargein,0.83,0.83,1,Other,Unknown,Seed,2015,Pittie Group,2015
toflo,0.83,0.83,1,Fintech Incubation,Mumbai,Seed,2015,Tania Johny Palathinkal,2015
talkoot,0.83,0.83,1,Social For Traders And Investors,Bangalore,Seed,2015,Unknown Investors,2015
coolshare,0.83,0.83,1,Cab Sharing Mobile,Mumbai,Seed,2015,Gopal Aggarwal,2015
intellewings,0.83,0.83,1,It,Panchkula,Seed,2021,Unknown,2021
autonxtautomation,0.83,0.83,1,Automation,Thane,Seed,2022,Virya Mobility 5.0 And Keiretsu Forum,2022
omnikart,0.83,0.83,1,Industrial Supplies B2B Ecommerce,Mumbai,Seed,2015,"Sumit Gandhi, Manish Gandhi",2015
adurcup,0.83,0.83,1,Consumer Internet,Delhi,Seed,2016,Green House Ventures (Ghv),2016
zappka,0.83,0.83,1,Consumer Internet,Gurgaon,Seed,2016,"Daman Soni, Rajat Gupta, Others",2016
interviewpad,0.83,0.83,1,Technology,Pune,Seed,2016,Krishunknown Rokhale,2016
badiyajobs,0.83,0.83,1,Consumer Internet,Delhi,Seed,2016,Unknown,2016
automovil,0.83,0.83,1,Automotive,Bangalore,Seed,2022,Inflection Point Ventures And Santosh Chandra,2022
mygamemate,0.83,0.83,1,Esports,Bangalore,Unknown,2020,Jindagi Live Angels,2020
carpm,0.83,0.83,1,Car Maintenance & Management Mobile,Gurgaon,Seed,2015,Ghv Accelerator,2015
holidify,0.83,0.83,1,Travel Destination Discovery,Delhi,Seed,2015,Aarti Group,2015
aisleco,0.83,0.83,1,Other,Unknown,Other,2015,"Aunknownnd Vijay, Shashank Mehrotra, Others",2015
cusmat,0.83,0.83,1,Computer Software,Hyderabad,Pre-Series A,2021,We Founder Circle,2021
advenio,0.83,0.83,1,Technology,Chandigarh,Seed,2016,Kalaari Capital,2016
dhurnia,0.83,0.83,1,Edtech,Dhingsara,Unknown,2020,"Chandigarh Angels Network, Modulor Capital",2020
newsdistill,0.83,0.83,1,Consumer Internet,Hyderabad,Seed,2016,"Ganesh Narasimhan, Ramaunknown Thumu, Sudhir Mallem",2016
endless robotics,0.83,0.83,1,Technology,Hyderabad,Seed,2016,"Devidas Desai, Vipul Gautam, Singapore Angel Network",2016
easykhaana,0.83,0.83,1,Online Food Ordering & Delivery,Delhi,Seed,2015,Unknown Investors,2015
freestand,0.83,0.83,1,B2B,Delhi,Unknown,2021,"Sucseed Indovation, Iim Calcutta Innovation Park",2021
urjas,0.83,0.83,1,Other,Unknown,Seed,2015,"Solidarity Venture Capital, Others",2015
frapperz,0.83,0.83,1,Consumer Internet,Kolkata,Seed,2017,Unknown Investor,2017
rentomo,0.83,0.83,1,Consumer Internet,Bangalore,Seed,2016,"Shiva Ashok, Other Ununknownmed Investors",2016
revamp moto,0.83,0.83,1,Electric Vehicle,Nashik,Unknown,2022,Venture Catalysts And Idbi Capital Market Services,2022
roadgods,0.83,0.83,1,Ecommerce,Delhi,Seed,2016,Green House Ventures (Ghv),2016
shoegr,0.83,0.83,1,Shoe Care,Chandigarh,Pre-Seed,2025,Pedalstart,2025
blubox,0.83,0.83,1,Ecommerce Brandsxe2X80X99 Full Agency,Mumbai,Seed,2015,Ashish Jhalani,2015
valuationary,0.83,0.83,1,Edtech,Surat,Pre-Seed,2021,"Ashish Jain, Ajay Suraunknown",2021
debugsbunny,0.83,0.83,1,Edtech,Pune,Unknown,2020,India Angel Fund,2020
fitmein,0.83,0.83,1,Gym & Fitness Studios Subscription,Delhi,Seed,2015,Green House Ventures,2015
first eat,0.83,0.83,1,Consumer Internet,Delhi,Seed,2016,Unknown Investor,2016
volta motors,0.83,0.83,1,Technology,Chennai,Seed,2016,Kalaari Capital,2016
istyleyou,0.83,0.83,1,Consumer Internet,Gurgaon,Seed,2016,Green House Ventures (Ghv),2016
arcatron mobility,0.83,0.83,1,Technology,Pune,Seed,2016,Sudhir Mehta,2016
velmenni,0.83,0.83,1,Technology,Delhi,Seed,2016,Kalaari Capital,2016
zyla health,0.83,0.83,1,Healthcare,Delhi,Seed,2022,Supermorpheus And Vivek Shah,2022
servxe2x80x99d,0.83,0.83,1,Consumer Internet,Pune,Seed,2016,Digital Fiunknownncial Service Lab,2016
sarathi,0.83,0.83,1,Healthcare,Jodhpur,Seed,2021,Unknown,2021
rayiot,0.83,0.83,1,Technology,Bangalore,Seed,2016,Hax Accelerator,2016
notesgen,0.83,0.83,1,Consumer Internet,Delhi,Seed,2016,"Riju Gupta, Kamal Chabra",2016
nestroots,0.83,0.83,1,Fashion,Gurgaon,Seed,2021,We Founder Circle,2021
mealhopper,0.83,0.83,1,Home Made Food,Gurgaon,Seed,2015,"Alok Bajpai, Rajnish Kumar, Amit Dey",2015
prescribe,0.83,0.83,1,Healthcare,Chennai,Unknown,2020,Titan Capital,2020
dhiway,0.83,0.83,1,Information Technology,Bangalore,Pre-Seed,2022,. Cornerstone Venture Partners Fund And Sunicon Ventures,2022
termsheet,0.83,0.83,1,Fund Raising,Chennai,Seed,2015,"Aunknownnd Vijay, Nipun Dureja, Satyajit Heeralal, Keith Rodricks, Gaurav Lochan, Azmul Haque, Nikhil Bagri",2015
gomalon,0.83,0.83,1,Consumer Internet,Bangalore,Seed,2016,Unknown Investor,2016
mestastop,0.83,0.83,1,Biotechnology,Bangalore,Unknown,2021,Ciie.Co,2021
propdial,0.83,0.83,1,Real Estate,Gurgaon,Unknown,2022,Unknown,2022
soopermo,0.83,0.83,1,Technology,Gurgaon,Seed,2016,Lalit Vase,2016
lawyered,0.83,0.83,1,Legal,Delhi,Unknown,2020,"Pramendra Tomar, Ratish Pandey, Munish Bhatia, Sumit Aggarwal",2020
mergerware,0.83,0.83,1,Technology,Bangalore,Seed,2017,Philippe Bouchet,2017
puresh daily,0.83,0.83,1,Milk,Ranchi,Seed,2021,"Alfa Ventures, Agility Venture Partners",2021
purplehealth,0.83,0.83,1,Consumer Internet,Thiruvananthapuram,Seed,2016,Katabole Technology Venture,2016
medikoe,0.83,0.83,1,Healthcare,Bangalore,Seed,2015,Anil Menon,2015
dybo,0.83,0.83,1,It,Bangalore,Seed,2021,Spaunknownche,2021
medidaili,0.83,0.83,1,Consumer Internet,Bangalore,Seed,2016,Unknown Private Investors,2016
galgal,0.83,0.83,1,Fintech,Mumbai,Seed,2022,Unknown,2022
gainhubai,0.83,0.83,1,Other,Haryana,Other,2025,Growth Strategy Ventures,2025
urbanmatrix,0.83,0.83,1,Drone,Chennai,Unknown,2021,Sara Elgi,2021
johari shop,0.78,0.78,1,Ecommerce,Bangalore,Seed,2017,Unknown Investors,2017
bats on delivery,0.75,0.75,1,Consumer Internet,Gurgaon,Seed,2016,Devdeep Singh,2016
hoppingo,0.74,0.74,1,Consumer Internet,Delhi,Seed,2016,Vcommission,2016
american vision,0.67,0.67,1,Consumer Internet,Pune,Seed,2016,Unknown Investors,2016
esadar,0.66,0.66,1,Ecommerce,Delhi,Seed,2015,"Neha Vats, Gaurav Vats",2015
kuants,0.66,0.66,1,Technology,Gurgaon,Other,2018,"Pankaj Chopra, Ankush Gupta",2018
happitoo,0.64,0.64,1,Location Based Nightlife Recommendationxc2Xa0,Mumbai,Seed,2015,Ununknownmed Investor,2015
zeppery,0.64,0.64,1,Food Ordering & Delivery,Delhi,Seed,2015,Suyash Sharma,2015
zebroads,0.62,0.62,1,Logistics,Hyderabad,Seed,2016,Unknown Investors,2016
gogo truck,0.62,0.62,1,Consumer Internet,Chennai,Seed,2016,Unknown Investor,2016
healthkumbh,0.61,0.61,1,Consumer Internet,Ahmedabad,Seed,2016,Unknown Investor,2016
stockroomio,0.58,0.58,1,Developer Portfolio Showcase,Hyderabad,Seed,2015,Unknown Investors,2015
funcart,0.58,0.58,1,Ecommerce,Delhi,Seed,2016,Unknown Hnis,2016
joyspoon,0.56,0.56,1,Mouth Freshener,Ahmedabad,Seed,2025,"Dishit Nathwani, Prateek Toshniwal, Others",2025
fabx,0.56,0.56,1,Ecommerce,Mumbai,Seed,2017,The Ten Minute Million,2017
credopay,0.5,0.5,1,Fintech,Chennai,Pre-Series A,2022,"Ezswype Llc, Zent Interunknowntiounknownl Limited",2022
qpe,0.5,0.5,1,Ecommerce,Delhi,Seed,2022,Daniel Keloha,2022
odwen,0.45,0.45,1,Warehouse,Noida,Unknown,2020,Prospect Partners.,2020
dawailelo,0.43,0.43,1,Consumer Internet,Varanasi,Seed,2016,Unknown Investors,2016
plantvita,0.415,0.415,1,Healthcare,Mumbai,Seed,2022,"Jito Angel Network, Aim Angel Group",2022
trendieapp,0.41,0.41,1,Technology,Kolkata,Seed,2016,Harsh Vardhan Hada,2016
drivify,0.41,0.41,1,Consumer Internet,Mumbai,Seed,2016,"Jitendra Gupta, Pankaj Tripathi",2016
askmygift,0.41,0.41,1,Personalized Wish List Creator,Noida,Seed,2015,Turning Ideas,2015
bugbase,0.41,0.41,1,National Security,Bangalore,Pre-Seed,2022,Anoop Mathur And Kushal Khandwala,2022
messagif,0.41,0.41,1,Consumer Internet,Delhi,Seed,2017,Unknown Investor,2017
project mudra,0.41,0.41,1,Technology,Bangalore,Other,2017,Village Capital,2017
goyano,0.41,0.41,1,Consumer Internet,Gurgaon,Seed,2016,Mukesh Kumar Gupta,2016
curie labs,0.41,0.41,1,Technology,Delhi,Seed,2017,Satoshi Studios,2017
vivocarat,0.41,0.41,1,Ecommerce,Mumbai,Seed,2016,Unknown Investors,2016
logic roots,0.41,0.41,1,Technology,Mumbai,Other,2017,Village Capital,2017
trustcheckr,0.4,0.4,1,It And It Consulting,Bangalore,Unknown,2022,Iifl Fintech Fund,2022
pickyourtrail,0.4,0.4,1,Travel Arrangements,Chennai,Unknown,2022,"Kuunknownl Shah, Adit Parekh",2022
kriger campus,0.38,0.38,1,Edtech,Delhi,Other,2018,Unknown,2018
medzin,0.37,0.37,1,Ecommerce,Delhi,Seed,2016,A M Sikander,2016
gyaanzone,0.37,0.37,1,Edtech,Mumbai,Seed,2016,Gbim Technologies Pvt Ltd,2016
prophysio,0.34,0.34,1,Healthcare,Bangalore,Unknown,2020,Nestavera Ventures.,2020
leopetra,0.33,0.33,1,Ecommerce,Mumbai,Seed,2017,Facebook Fbstart,2017
edurev,0.33,0.33,1,Consumer Internet,Gurgaon,Seed,2017,Facebook Fb Start Programme,2017
imedilane,0.33,0.33,1,Consumer Internet,Delhi,Seed,2016,"Mahendra Patel, Nilender Chauhan",2016
blood n care,0.33,0.33,1,Consumer Internet,Gurgaon,Seed,2017,Facebook Fbstart,2017
moodoo,0.33,0.33,1,Consumer Internet,Mumbai,Seed,2016,Sa\\Xc3\\Xafd Business School Seed Fund.,2016
wefly indoor skydiving,0.33,0.33,1,Other,Mumbai,Seed,2016,Swastika Company Ltd.,2016
era,0.32,0.32,1,Technology,Mumbai,Other,2017,Amit Patni,2017
rapido bike taxi,0.27,0.27,1,Transportation,Bangalore,Series B,2019,Westbridge Capital,2019
stridalyzer,0.26,0.26,1,Other,Unknown,Other,2015,Kickstarter,2015
epigamia,0.26,0.26,1,Fmcg,Mumbai,Series C,2020,Ka Enterprise,2020
matrubharti,0.25,0.25,1,Consumer Internet,Unknown,Seed,2016,Viridian Capital,2016
book servicing,0.25,0.25,1,Consumer Internet,Delhi,Seed,2017,Natiounknownl Science And Technology Entrepreneurship Development Board,2017
woodpie,0.25,0.25,1,Consumer Internet,Bangalore,Seed,2016,Ingram Content Group,2016
perfumery,0.25,0.25,1,Ecommerce,Delhi,Seed,2016,"Oranda Global, Others",2016
gosporto,0.25,0.25,1,Consumer Internet,Delhi,Seed,2016,Naveen Gupta,2016
vst travels,0.22,0.22,1,Technology,Kerala,Seed,2016,Promatus Group,2016
newspatrolling,0.21,0.21,1,Consumer Internet,Delhi,Seed,2016,Unknown,2016
karfa,0.21,0.21,1,Ecommerce,Delhi,Seed,2020,Unknown,2020
snowflake,0.21,0.21,1,Technology,Usa,Unknown,2020,"Salesforce Ventures, Dragoneer Investment Group",2020
indiap2p,0.2,0.2,1,Investment Management,Mumbai,Seed,2022,Antler India,2022
zapkey,0.2,0.2,1,Real Estate,Mumbai,Seed,2022,"Gruhas Proptech, Dlf Family Office",2022
bytes,0.2,0.2,1,AI,Pune,Other,2025,Nikhil Kamath’S Wtfund (2024 Cohort),2025
metasky,0.2,0.2,1,Information Technology &,Bangalore,Pre-Seed,2022,"Sequoia Capital, Woodstock Fund",2022
soundsurround,0.19,0.19,1,Technology,Mumbai,Seed,2016,Multiple Investors Through Ten Minute Million Competition,2016
maaxmarket,0.19,0.19,1,Consumer Internet,Unknown,Seed,2016,Multiple Investors Through Ten Minute Million Competition,2016
cloudrino,0.19,0.19,1,Technology,Delhi,Seed,2017,The Ten Minute Million,2017
strike,0.19,0.19,1,Consumer Internet,Bangalore,Seed,2016,Multiple Investors Through Ten Minute Million Competition,2016
gamooz,0.19,0.19,1,Technology,Gurgaon,Seed,2016,Multiple Investors Through Ten Minute Million Competition,2016
33coupons,0.17,0.17,1,Coupon Aggregator,Kanpur,Seed,2015,Not Disclosed,2015
fasal,0.17,0.17,1,Agritech,Bangalore,Unknown,2020,"Omnivore, Zeroth.Ai",2020
mahindra logistics,0.17,0.17,1,Logistics,Mumbai,Unknown,2022,Birla Sun Life Insurance And Hdfc Trustee,2022
kalvi,0.17,0.17,1,Edtech,Bangalore,Seed,2022,"Nithin Kamath, Rahul Chari",2022
adyaway,0.16,0.16,1,Consumer Goods,Gurgaon,Unknown,2022,Ah! Ventures,2022
reliance,0.15,0.15,1,Multinational Conglomerate,Mumbai,Unknown,2020,"Facebook, Google, Kkr, Silver Lake",2020
maptags,0.15,0.15,1,Consumer Internet,Bangalore,Seed,2017,The Ten Minute Million,2017
cleversharks,0.14,0.14,1,Other,Unknown,Other,2015,Group Of Angel Investors,2015
leaf,0.14,0.14,1,Other,Unknown,Other,2015,Group Of Angel Investors,2015
chloroplast foods,0.14,0.14,1,Other,Unknown,Other,2015,Group Of Angel Investors,2015
dealwithus,0.14,0.14,1,Other,Unknown,Other,2015,Group Of Angel Investors,2015
instabounce,0.14,0.14,1,Other,Unknown,Other,2015,Group Of Angel Investors,2015
faaya,0.14,0.14,1,Other,Unknown,Other,2015,Group Of Angel Investors,2015
yo grad,0.13,0.13,1,Other,Unknown,Seed,2015,Hyderabad Angels (At Startup Heroes Event),2015
enabli,0.13,0.13,1,Other,Unknown,Seed,2015,Hyderabad Angels (At Startup Heroes Event),2015
play your sport,0.13,0.13,1,Other,Unknown,Seed,2015,Hyderabad Angels (At Startup Heroes Event),2015
hostel dunia,0.13,0.13,1,Other,Unknown,Seed,2015,Hyderabad Angels (At Startup Heroes Event),2015
cbs,0.13,0.13,1,Other,Unknown,Seed,2015,Hyderabad Angels (At Startup Heroes Event),2015
open secret,0.12,0.12,1,Food,Mumbai,Series B,2022,Gautam Kumra And Sixth Sense Ventures,2022
teach us,0.11,0.11,1,Edtech,Unknown,Seed,2020,Angel Investors,2020
medicus,0.11,0.11,1,Healthcare,Mumbai,Unknown,2020,Angel Investors,2020
monech,0.11,0.11,1,Fintech,Mumbai,Seed,2020,Angel Investors,2020
mentor match,0.1,0.1,1,Edtech,Chennai,Pre-Seed,2022,Sapient Fund,2022
glii,0.08,0.08,1,Dating,Noida,Seed,2021,We Founder Circle,2021
fivetran,0.01,0.01,1,Analytics,Oakland,Other,2022,General Catalyst And Iconiq Capital,2022
