Company,Sector,Headquarters,Amount,Funding_Round_Type,Lead_Investors,Year,Month
Zaggle Prepaid Ocean Services,Enterprise Fintech,Hyderabad,595.0,Funding Round,Qualified Institutional Placement (Bank of India - largest buyer),2024,December
EPACK Prefab,Pre-engineered Buildings,Greater Noida,166.0,First Funding Round,GEF Capital Partners,2024,December
Captain Fresh,Seafood B2B,Bengaluru,100.0,Funding Round,Motilal Oswal Wealth Limited,2024,December
Univest,Retail Advisory Platform,Gurugram,83.0,Series A,Bertelsmann India Investments (BII),2024,December
Mindgrove Technologies,Semiconductor Design,Chennai,66.4,Series A,"Rocketship.vc, Speciale Invest, Mela Ventures, Peak XV Partners, Nishchay Goel, Whiteboard Capital, Anshul Goel",2024,December
HostBooks,Enterprise SaaS Fintech,Gurugram,41.5,Funding Round,Orange Orbit (as part of a $15M Series B funding round),2024,December
Sparkl Edventure,Edtech,Delhi,33.2,Seed Round,"Rainmatter Foundation (Nithin Kamath), Zomato’s Deepinder Goyal",2024,December
Arata,D2C Haircare,New Delhi,33.2,Series A,"Unilever Ventures, L’Oréal’s BOLD Ventures, Skywalker Family Office",2024,December
Confido Health,AI-focused Healthtech,"New Jersey, US",24.9,Seed Round,"Together Fund, MedMountain Ventures, Rebellion VC, DeVC, Operators Studio, strategic healthcare operators",2024,December
SustVest,Sustainable Investment Platform,Gurugram,14.11,Pre-Series A (Equity & Debt),"Inflection Point Ventures, Antler, WEH Ventures, Venture Catalysts, Soonicorn Ventures, FAAD Network",2024,December
Leanworx,Manufacturing Data Solutions,Bengaluru,8.3,Seed Round,"YourNest Venture Capital, angel investment group",2024,December
Proxgy,IoT Solutions,Gurugram,24.9,Series A,"Ajinkya Rahane, Nikhil Kamath, Suniel Shetty, Vinod Duggar, Manish Patel",2024,December
KiranaPro,Quick Commerce,Bengaluru,,Seed Funding,"Turbostart, Unpopular Ventures, Blume Founders Fund, Snow Leopard Ventures",2024,December
Naxatra Labs,Tech Solutions,Ahmedabad,,Seed Funding,"GVFL, Mohit Tandon (Delhivery), Himanshu Aggarwal (Aspiring Minds), Rainmatter Foundation (Nithin Kamath), Vijay Shekhar Sharma, Aloke Bajpai, Rajnish Kumar, Narayan (Ather Energy)",2024,December
Bureau,Risk Intelligence,India,249.0,Series B,"Sorenson Capital, PayPal Ventures, Commerce Ventures, GMO Venture Partners, Village Global, Quona Capital, XYZ Ventures",2024,December
Bizom,Retail Intelligence,Bengaluru,99.6,Series B,"Pavestone ($7.5M), IndiaMART, and family offices",2024,December
Seekho,Learning-focused OTT Platform,Bengaluru,66.4,Series A,Lightspeed,2024,December
ZingBus,Intercity Mobility,Gurugram,59.0,Funding Round,BP Technology Ventures,2024,December
QuiD Cash,Supply Chain Fintech,Bengaluru,37.35,Pre-Series A,"Angel investors, including Piyush Jain, and MINTCAP",2024,December
Inkers Technology,Prop-tech,Bengaluru,24.9,Series A,Ashish Kasholia (Lucky Investments),2024,December
Confido Health,AI-focused Healthtech,Ichalkaranji,24.9,Seed Round,"Together Fund, MedMountain Ventures, Rebellion VC, DeVC, Operators Studio, strategic healthcare operators",2024,December
Zunroof,Rooftop Solar,Gurugram,20.0,Funding Round,"ANBG Enterprise LLP (Godrej Family Office), Ravindernath Chadha",2024,December
Quanfluence,Photonic Quantum Technology,Bengaluru,16.6,Seed Round,"pi Ventures, Golden Sparrow, Reena Dayal",2024,December
Mili,AI Wealth Management Assistant,Mumbai,16.6,Seed Round,"Chiratae, BoldCap, Sparrow Capital, SFMG Wealth Advisors, Gregg Fisher (Quent Capital), Better Capital",2024,December
Curie Money,Fintech Platform,Bengaluru,9.96,Seed Round,"India Quotient, institutional and angel investors",2024,December
Resilience AI,Climate Technology,Gurugram,8.3,Seed Round,Kalaari Capital (CXXO Initiative),2024,December
Fitsol,Decarbonization for Manufacturing,New Delhi,8.3,Seed Round,Transition VC,2024,December
Fibroheal Woundcare,Medical Devices,Bengaluru,6.3,Pre-Series A,"Existing promoters, surgeons, medical professionals, and bankers",2024,December
VOICE,Electric Vehicles,Delhi,5.0,Seed Round,BizDateUp,2024,December
MBG Card,SaaS,Jabalpur,2.72,Funding Round,"Inflection Point Ventures, Velocity, Klub",2024,December
Rebel Foods,Foodtech,Mumbai,1743.0,Series G,"Temasek, Evolvence",2024,December
Mintifi,Supply-Chain Financing,Mumbai,1494.0,Series E,"Teachers’ Venture Growth (TVG), Prosus, Premji Invest",2024,December
Zetwerk,Contract Manufacturing,Bengaluru,581.0,Fresh Funding,"Khosla Ventures, Baillie Gifford, Rakesh Gangwal",2024,December
CarDekho SEA,Digital Automotive Solutions,Singapore,498.0,External Funding Round,"Navis Capital Partners, Dragon Fund",2024,December
Haber,Industrial Robotics,Pune,365.2,Series C,"Creaegis, BEENEXT, Accel",2024,December
Wooden Street,Furniture & Home Decor,Jaipur,354.0,Series C,Premji Invest,2024,December
SolarSquare,Solar Startup,Mumbai,332.0,Series B,"Lightspeed, Lightrock, Elevation Capital, Chris Sacca’s Lowercarbon, Nithin Kamath’s Rainmatter, Gruhas Proptech",2024,December
K12 Techno Services,Edtech - Schools,Bengaluru,332.0,Investment,Kenro Capital,2024,December
LambdaTest,Cloud-Based Testing Platform,San Francisco,315.4,Funding Round,"Avataar Ventures, Qualcomm Ventures",2024,December
OneCard,Credit Card Issuance,Pune,211.65,Fresh Funding,"QED Investors, Peak XV Partners, Z47, Better Tomorrow Ventures",2024,December
Pixxel,Spacetech,Bengaluru,199.2,Series B (Additional Funding),"M&G Catalyst, Glade Brook Capital Partners, Google, Radical Ventures, Lightspeed",2024,December
Snapmint,Fintech,Mumbai,149.4,Debt and Equity Round,"Prashasta Seth (Prudent Investment Manager), Perpetuity Ventures, Pegasus Fininvest",2024,December
RapidCanvas,AI Business Transformation,Austin,132.8,Series A,"Peak XV Partners, Titanium Ventures, Accel, Valley Capital Partners",2024,December
Varthana,NBFC - Education Loans,Bengaluru,124.5,Funding Round,BlueOrchard Microfinance Fund,2024,December
Avanti Finance,NBFC,Auckland,117.86,Series B,"Dia Vikas Capital, IDH Farmfit Fund, NRJN Family Trust, Rabo Partnerships",2024,December
Orange Health Labs,Diagnostics & Healthcare,Bengaluru,99.6,Funding Round,"Amazon Smbhav Venture Fund, Accel, General Catalyst, Bertelsmann India Investments, Y Combinator",2024,December
Stage,Regional OTT Platform,Indore,84.6,Series B,"Goodwater Capital, Blume Ventures",2024,December
DCDC Kidney Care,Healthcare,New Delhi,82.0,Strategic Investment,British International Investment (BII),2024,December
FirstClub,Quick Commerce,Bengaluru,66.4,Funding Round,"Accel, RTP Global, Blume Founders Fund, Quiet Capital, 2am VC, angel investors",2024,December
FinX,Skilling Platform,Mumbai,49.8,Funding Round,Elevar Equity,2024,December
Culture Circle,Sneakers & Streetwear,Gurugram,16.6,Seed Round,"Info Edge Ventures, angel investors",2024,December
Superfone,SMB CRM App,Bengaluru,15.77,Pre-Series A,"YourNest Venture Capital, Ankur Capital, Finsight Seed Fund, angel investors",2024,December
Infinity,Business Banking,Bengaluru,15.77,Equity Funding,"Y Combinator, Liquid 2 Ventures, Script Capital, angel investors",2024,December
Sustainiam,Climate Tech,Bengaluru,12.035,Maiden Funding Round,"Orios Venture Partners, Shilpa Shetty Kundra, Rajesh Sawhney, Harsh Vardhan Bhagchandka, Vinit Bhansali",2024,December
Navanc,Fintech,Bengaluru,8.3,Seed Round,"Prarambh Ventures, Inflection Point Ventures (IPV), Brigade REAP, angel investors",2024,December
Kreedo Early Childhood Solutions,Edtech,Bengaluru,10.0,Debt Funding,Recur Club,2024,December
Power Gummies,D2C Gummies,New Delhi,10.0,Bridge Round,"Jaipuria Family Office, Quadrant, 100unicorn, DSGCP, Wipro Consumer, Venture Catalysts, others",2024,December
SaveSage Club,Credit Card Management,Gurugram,2.5,Angel Funding,"iSEED, Alluvium Fund, LetsVenture Fund, angel investors",2024,December
Nodwin Gaming,Gaming and Entertainment,Gurugram,64.0,Convertible Preferred Stock,Nazara Technologies,2024,December
Atmosphere The Store Makers,Retail,Mumbai,5.0,Seed,Artha Venture Fund and PIL Italica Lifestyle Limited,2024,December
Neuranics,HealthTech,New Delhi,5.81,Seed,Inflection Point Ventures (IPV),2024,December
Annapurna Finance,Financial Services,Bhubaneswar,908.85,Multilateral ECB Transaction,-,2024,December
The Money Club,FinTech,Noida,20.75,Series A,Prudent Investment Managers,2024,December
Terractive,AgriTech,Mumbai,8.0,Pre-Series A,Fireside Ventures and DeVC (anchored by Z47),2024,December
Medial,Media and Entertainment,Bengaluru,4.15,Pre-Series A,Ortella Global Capital (OG Capital),2024,December
Ultraviolette,EV Manufacturing,Bengaluru,130.0,-,"Zoho Corporation, Lingotto Co-Invest Fund I, Mudhal Partners, others",2024,December
The Indus Valley,D2C Kitchenware,Chennai,23.1,Pre-Series A,DSG Consumer Partners,2024,December
Enterpret,SaaS,India,172.64,Series A,"Kleiner Perkins, Peak XV Partners, Wing Ventures, Recall Capital",2024,December
ZFunds,FinTech,Gurugram,25.0,Seed,Elevation Capital,2024,December
WickedGud,D2C Food Products,Mumbai,20.0,Seed,Orios Venture Partners,2024,December
Dentalkart,Dental Supplies Marketplace,New Delhi,85.0,-,"Malabar Investment, Whiteoak",2024,December
Godrej Properties,Real Estate,Mumbai,6000.0,QIP,"Singapore sovereign wealth firm GIC, SBI Pension",2024,December
Agrileaf,Cleantech,"Belthangady Taluk, Daskshina Kannada District",16.6,Growth,Capital-A and Samarsh Capital,2024,December
GoodLives,HealthTech,Gurugram,1.1,Pre-Seed,"IIM Lucknow, Rabindranath Tagore University (RNTU), Build3",2024,December
Bumboo,Eco-friendly Products,New Delhi,,Angel,"Rohan Bhargava, co-founder at CashKaro, UrbanPiper CEO Saurabh Gupta, SpotDraft Founder Shashank Bijapur, and NC Media founder Rajneil Kamath",2024,December
AdvantageClub.ai,HRTech,Gurugram,33.2,-,Axilor Ventures,2024,December
RaptorX,FinTech,India,4.0,Pre-Seed,"PeakXV Spark, EagleWings Ventures, Point One Capital",2024,December
MasterChow,D2C Food Products,New Delhi,53.95,Series A,Tanglin Venture Partners,2024,December
Vastu Housing,Housing Finance,Mumbai,830.0,-,Prosus,2024,December
Mintifi,Supply Chain Financing,Mumbai,664.0,-,Prosus,2024,December
Orange Health,Diagnostics and Healthcare,Bengaluru,99.6,-,Amazon Smbhav Venture Fund,2024,December
Sportskeeda,Gaming and Media,Bengaluru,67.56200000000001,-,-,2024,December
Hygenco,Cleantech,Gurugram,50.0,Debt,Trifecta,2024,December
SuperYou,FinTech,Mumbai,,Series A,"Nithin and Nikhil Kamath, co-founders of Zerodha-backed venture firm Rainmatter",2024,December
Enterpret,AI Customer Feedback Platform,San Francisco,172.64,Series A,Canaan Partners,2024,December
Laurus Bio,Biotechnology,Bengaluru,120.0,Equity Investment,Eight Roads Ventures and F-Prime Capital,2024,December
OneCard,FinTech,Pune,236.55,Series D,"Better Tomorrow Ventures, Peak XV, Z47",2024,November
Candytoy Corporate,Corporate Services,Bengaluru,110.0,Series A,"Domestic investors, HNIs, angel investors, institutional investors",2024,November
ALT Mobility,EV Leasing & Management,New Delhi,83.0,Series A,"Eurazeo, Shell Ventures, Twynam Earth Fund, EV2 Ventures",2024,November
ShopDeck,D2C Tech,Bengaluru,66.4,Series B,"Bessemer Venture Partners, Elevation Capital, Venture Highway, and Chiratae Ventures",2024,November
Elchemy,Specialty Chemicals,Ahmedabad,46.48,Series A,"Prime Venture Partners, InfoEdge Ventures",2024,November
All Things Baby,Baby & Mothercare,Mumbai,30.0,Series A,"Manish Choksi Family Office, Richa Choksi",2024,November
Beyond Appliances,Smart Kitchen Appliances,Bengaluru,16.6,Seed,"Fireside Venture Investment Fund III, Dharana Capital, Shezan Bhojani, Saurabh Jain, Ramakant Sharma, Chandru Kalro",2024,November
Zomato,Food Delivery Platform,Gurugram,8500.0,Qualified Institutions Placement (QIP),-,2024,November
Nazara Technologies,Gaming,Mumbai,855.0,Preferential Issue,"SBI Mutual Fund, Caratlane founder Mithun Sacheti, Aamara Capital, Think Investments among others",2024,November
WadzPay,Blockchain FinTech,Singapore,335.0,Share Subscription Facility,GEM Global Yield LLC SCS,2024,November
ParkMate,Road Transport Tech,Uttar Pradesh,9.96,Pre-Series A,Cactus Partners (CPL),2024,November
Ukhi,Biomaterials,New Delhi,9.96,Pre-Seed,"100Unicorns, Venture Catalysts, Avtar Monga",2024,November
True Diamond,Retail Luxury Goods and Jewellery,Mumbai,8.3,Seed,"Titan Capital, Huddle Ventures, Zeropearl Ventures, Ashutosh Valani, Priyank Shah, Aashka Goradia Goble, Ghazal Alagh, Abhishek Goyal, Anmol Jain",2024,November
NeoGrowth,Financial Services,Mumbai,41.5,Conventional Debt,Symbiotics Group,2024,November
Zepto,Quick Commerce,Mumbai,2905.0,Funding Round,"Motilal Oswal Private Wealth, Raamdeo Agarwal, Taparia Family Office, Mankind Pharma Family Office, Celebrity Investors, others",2024,November
Healthkart,Health Supplements,Gurugram,1269.9,Funding Round,"ChrysCapital, Motilal Oswal Alternates",2024,November
Zopper,Insurance Infrastructure API,Noida,207.5,Series D,"Elevation Capital, Dharana Capital, Blume Ventures",2024,November
OneCell Diagnostics,Cancer Diagnostics,Pune,132.8,Series A,"Celesta Capital, Tenacity Ventures, Cedars Sinai, Eragon, Singularity Ventures",2024,November
Vecmocon,EV Components,New Delhi,83.0,Funding Round,"Ecosystem Integrity Fund (EIF), Blume Ventures, British International Investment (BII)",2024,November
Kratos Gamer Network,Web3 Gaming,Tortola,83.0,Funding Round,"Aptos Labs, Polygon, Game7",2024,November
Blitz,Omnichannel Delivery Platform,Bengaluru,51.0,Series A,IvyCap Ventures,2024,November
Billion Hearts,Consumer Tech,New Delhi,33.2,Funding Round,Blume Ventures,2024,November
CredFlow,Fintech,New Delhi,30.71,Pre-Series B,"Inflexor Ventures, Singapore-based family office",2024,November
Doodhvale Farms,Dairy,Sonepat,24.9,Series A,"Atomic Capital, Singularity Early Opportunities Fund, Bharat Founders Fund, others",2024,November
Proost,Beer Startup,New Delhi,30.0,Series A,"Chimes Group, Srinivasan Namala, Hyderabad Angels, The Chennai Angels, others",2024,November
Swish,10-minute Food Delivery,Bengaluru,16.6,Maiden Funding Round,Accel,2024,November
Indic Wisdom,Wood-Pressed Oils,Mumbai,16.6,Pre-Series A,"Rockstud Capital, others",2024,November
PeLocal,Fintech,Chennai,16.6,Seed Funding,Unicorn India Ventures,2024,November
Theranautilus,Nanorobotics for Healthcare,Bengaluru,9.96,Seed Funding,Pi Ventures,2024,November
Taqtics,SaaS Platform,Bengaluru,9.96,Seed Round,"Sprout Venture Partners, Capital-A, Java Capital",2024,November
Matrix Geo Solutions,Drone & Space Tech,New Delhi,8.3,Pre-IPO Round,"Chittorgarh Infotech Limited, Viney Equity Markets LLP, Tryrock Capital Trust AIF",2024,November
Startup Thamizha,Media,Chennai,3.3,Funding Round,Mudhal Partners,2024,November
CADRE ODR,Online Dispute Resolution,Bengaluru,,Pre-Series A,"Aprameya Radhakrishna, Murali Subramanian, Ram Bhamidi, Aneesh Garg, Rahul Guptan",2024,November
UnifyApps,Enterprise AI Platform,Gurugram,166.0,Series A,"ICONIQ Growth, Elevation Capital",2024,November
Bhanzu,Edtech,Hyderabad,136.95,Funding Round,Epiq Capital,2024,November
Wheelocity,Semi-urban Commerce,Chennai,124.5,Extended Series A,"Lightspeed, Alteria Capital, Anicut Capital, Company’s Founder",2024,November
The ePlane Company,Electric Aircraft,Chennai,116.2,Series B,"Speciale Invest, Antares Ventures, Micelio Mobility, Naval Ravikant, Java Capital, others",2024,November
Equal,Data-sharing & Identity Verification,Hyderabad,83.0,Series A,"Prosus Ventures, Tomales Bay Capital, Keshav Reddy",2024,November
Ennoventure,Brand Protection & Authentication,Bengaluru,73.87,Series A,"Tanglin Venture Partners, Fenice Investment Group, SAFE Investors",2024,November
Ugaoo,Houseplants & Urban Gardening,Pune,47.0,Series A,"V3 Ventures, DSG Consumer Partners, RPG Ventures",2024,November
Funstop Games,Casual Gaming,Delhi,41.5,Series A,"360 ONE Asset, InfoEdge Ventures",2024,November
Thesys,AI Software,Chennai,33.2,Seed Funding,"Together Fund, 8vc",2024,November
BiteSpeed,AI-powered Customer OS for E-commerce,Bengaluru,29.05,Pre-Series A,"Peak XV Surge, Whiteboard Capital, Gaurav Munjal, Aakash Anand, Dhruv Vohra, others",2024,November
Zeplyn,Wealth Management Software,New York (Mumbai),24.9,Seed Funding,"Leo Capital, Converge, Angels and VC Funds",2024,November
Connecty AI,Enterprise AI Solutions,"San Francisco, United States",14.94,Pre-seed Round,"Market One Capital, Notion Capital, Marcin Zukowski, Maciej Zawadzinski",2024,November
Airbound,Drone Technology,Mumbai,14.11,Seed Round,"Lightspeed, gradCapital, Angel Investors",2024,November
India IVF,Tech-enabled Fertility Platform,Gurugram,10.292,Pre-Series A,Tomorrow Capital,2024,November
DesignX,Shopfloor Hyper-automation,Noida,8.3,Pre-Series A,Piper Serica Angel Fund,2024,November
Pikndel,Same-day Delivery Service,New Delhi,8.3,Seed Round,"VC Grid, D2C Insider Angels, Breathe Capital, Venture Catalysts, industry leaders, family offices",2024,November
StampMyVisa,B2B Visa Platform,Mumbai,6.6,Pre-Series A,Unicorn India Ventures,2024,November
LegalKart,Legal Consultation,Gurugram,6.5,Funding Round,"IIM Udaipur Incubation Centre, Aevitas Capital, Shift Alt Cap, others",2024,November
Creanovation Technologies Pvt. Ltd,Admissions as a Service,Gurugram,5.0,Funding Round,Physis Capital,2024,November
Easy Home Finance,Home Financing,Mumbai,290.5,Fresh Funding Round,"Ranjan Pai’s family office, Claypond Capital, Sumitomo Mitsui Banking Corporation’s Asia Rising Fund",2024,November
Haldiram Bhujiawala,Snacks,Kolkata,235.0,Minority Stake,"Bharat Value Fund (BVF), managed by Pantomath Capital Management",2024,November
EvoluteIQ,Tech Solutions,Bengaluru (Regstd Indian Office),166.0,Equity and Debt Funding Round,"Round2 Capital, Nordea Growth Fund, Dcap Select, PH Ventures",2024,November
MODIFI,B2B BNPL,New Delhi,124.5,New Funding Round,"SMBC Asia Rising Fund, Maersk, Intesa Sanpaolo, Heliad",2024,November
Boldfit,D2C Fitness & Supplements,Bengaluru,110.0,Fresh Funding Round,Bessemer Venture Partners,2024,November
CynLr,Deep-tech Robotics,Bengaluru,83.0,Series A,"Pavestone, Athera Venture Partners, Speciale Invest, Infoedge (Redstart), and other investors",2024,November
GalaxEye,Spacetech,Bengaluru,83.0,Funding Participation,Mounttech Growth Fund,2024,November
Marut Dronetech,Drone-tech,Hyderabad,51.46,Series A,Lok Capital,2024,November
Hala Mobility,EV-as-a-Service,Telangana,51.0,Pre-Series A,"Srikanth Reddy, Snehith Reddy, Phani Ramineni, Rohan Bajaj syndicate, Sarthy Angels, Bestvantage, HNIs",2024,November
The Hosteller,Backpacker Hostel,Mumbai,48.0,Equity and Debt,"V3 Ventures, Blacksoil (Debt)",2024,November
CastNX,Deep-tech in Power Electronics,"Dewas, Madhya Pradesh",23.22,Investment,"Arpit Khandelwal, Plutus Investments and Holding Private Limited",2024,November
Pulse,SaaS AI Platform,Chennai,11.62,Seed Round,"Endiya Partners, Zluri founders, Yellow.ai founders, other angel investors",2024,November
Induz,Data Security,Hyderabad,,New Funding Round,"YourNest Venture Capital, SanchiConnect",2024,November
30 Sundays,AI Travel Agent,Gurgaon,,Pre-seed Round,"Infoedge Ventures, First Cheque, Eximius, Misfits, other angel investors",2024,November
Innovartan Learning Solutions,Edtech,Noida,5.0,Pre-seed Funding,"Gokul Rajaram, Amit Singhal",2024,November
MOOEV Technologies,Electric Vehicles,Chennai,4.0,Seed Funding,"Bizdateup, Inflection Point Ventures, Spectrum Impact (Aarti Industries Family Office)",2024,November
Heliware,3D Geospatial Platform,Kolkata,4.0,Pre-Series A,"JITO Incubation and Innovation Foundation (JIIF), TiE, Vatvistaar Ventures",2024,November
Sushain Wellness,Healthtech,Lucknow,2.0,Seed Round,Prajay Advisors LLP,2024,November
Viraa Care,Healthtech,Chandigarh,,Pre-seed Round,European angel investors,2024,November
QubeHealth,Healthcare Payments,Mumbai,,Pre-Series-A,"Unicorn India Ventures, CanBank Venture Capital Fund",2024,November
Finova Capital,MSME-focused NBFC,Jaipur,1120.5,Series E,"Avataar Venture Partners﻿, Sofina﻿, Madison India Capital﻿, and Norwest Venture Partners",2024,October
Vridhi Home Finance,Housing finance company,Bengaluru,310.0,Series B,Norwest Venture Partners,2024,October
Udaan,B2B platform,Bengaluru,300.0,Debt Financing,"Lighthouse Canton, Stride Ventures and others",2024,October
Zinc,Edu-wealth,Bengaluru,211.65,Seed funding,"Nexus Venture Partners, Quona Capital, EDBI, Global Ventures, and Saison Capital",2024,October
Country Delight,D2C,Gurugram,200.0,Debt Financing,Alteria Capital,2024,October
Arya.ag,Grain Commerce,Noida,164.34,Financing Round,US International Development Finance Corporation,2024,October
ARYA,GPS Renewables',Bengaluru,100.0,Mezzanine financing,"Incred, Spark Capital",2024,October
Avaana Capital,Climate & Sustainability Tech,Mumbai,1120.5,New Fund,Fundraising for climate and sustainability tech startups,2024,October
Upgrad,Edtech,Mumbai,498.0,Additional Investment,Temasek,2024,October
Neysa,AI Cloud,Mumbai,249.0,Series A,"NTTVC, Z47 (formerly Matrix Partners India), Nexus Venture Partners",2024,October
Even Healthcare,Managed Care,Bengaluru,249.0,Series A,"Khosla Ventures, Founders Fund, 8VC, Lachy Groom",2024,October
Stellapps,Dairy Tech Solutions,Bengaluru,215.8,Equity and Debt Funding Round,"Blume Ventures, Omnivore, Bill & Melinda Gates Foundation, IDH Farmfit Fund, 500 Global, Blue Ashva Capital, Miledeep Capital",2024,October
Healthify,Health & Wellness,Bengaluru,166.0,New Funding Round,"Khosla Ventures, LeapFrog Investments",2024,October
Zouk,D2C Bags & Luggage,Mumbai,83.0,Series B,"Aavishkaar Group, Stellaris Venture Partners, Titan Capital, Sharrp Ventures, JJ Family",2024,October
OLOID,Workplace Tech,Bengaluru,49.8,Series A1,"Yaletown Partners, Exposition Ventures, George Kaiser Family Foundation, Carya Ventures",2024,October
Yu,Consumer Food,Gurugram,55.0,Series B,"Ashish Kacholia, Asian Promoter Group",2024,October
GlobalBees Brands,E-commerce,New Delhi,4.5,Investment,Dynamic IT Solution Private Limited (Subsidiary of Brainbees Solutions),2024,October
WishNew Wellness,Wellness,New Delhi,,Angel Round,"Ankit Khnadelwal, Gyanesh Sharma (DotPe), Abhijeet Rana, Ashish Singh",2024,October
NG Earsafe,Healthtech,Rajkot,1.06,Seed Round,Inflection Point Ventures,2024,October
Purplle,Beauty & Personal Care,Mumbai,1500.0,Series F,"Abu Dhabi Investment Authority (ADIA), Premji Invest, Blume Ventures",2024,October
Eruditus,Edtech,Singapore,1245.0,Series F,TPG’s The Rise Fund,2024,October
Neuron7.ai,Cloud-based Service Intelligence,United States,365.2,Series B,Smith Point Capital,2024,October
Haber Nets,AI-Driven Robotics,Mumbai,315.4,New Funding Round,"Creaegis, Accel, BEENEXT Capital",2024,October
Everstage,Sales Performance Management Software,Chennai,249.0,Series B,"Eight Roads Ventures, Elevation Capital, 3one4 Capital",2024,October
GIVA,Jewelry,Bengaluru,255.0,Extended Series B,"Premji Invest, Epiq Capital, Edelweiss Discover Fund",2024,October
Primus Senior Living,Elder Care,Bengaluru,166.0,Seed Round,"General Catalyst, Nikhil Kamath (Zerodha), Gruhas",2024,October
Sistema.bio,Biogas-Tech,Pune,124.5,New Funding Round,"ElectriFI, Chroma Impact Investment, KawiSafi Ventures, AXA IM Alts",2024,October
SPRY Therapeutics,SaaS - Physical Therapy,Mumbai,124.5,New Funding Round,"Flourish Ventures, Together Fund, Fidelity’s Eight Roads, F-prime Capital",2024,October
Anicut Capital,Alternative Asset Management,Chennai,91.3,Private Credit Fund 3,GIFT City Structure,2024,October
Troo Good,Millet-Based Snacks,Hyderabad,74.7,New Funding Round,"Puro Wellness, Oaks Asset Management, V Ocean Investments",2024,October
WROGN,Men’s Apparel,Bengaluru,75.0,New Funding Round,Aditya Birla Digital Fashion Ventures Ltd (ABDFVL),2024,October
Slice,Fintech,Bengaluru,71.7,New Funding Round,Rajan Bajaj (Founder & CEO),2024,October
Simplismart,Tech,Bengaluru,58.1,Series A Round,"Accel, Shastra VC, Titan Capital, Akshay Kothari (Notion Co-founder)",2024,October
XDLINX Space Labs,Spacetech,Hyderabad,58.1,Seed Round,"Ashish Kacholia (Lucky Investments), E2MC, Mana Ventures",2024,October
Dezy,Health-Tech,Bengaluru,49.8,Additional Funding,"Alphawave, Chiratae Ventures, Peak XV’s Surge",2024,October
Suraasa,Edtech - Teacher Training,Gurugram,49.8,New Funding Round,"Reach Capital, ETS Capital, NB Ventures, TSM Ventures, TRTL Ventures",2024,October
Budy.bot,AI,India,34.86,New Funding Round,RTP Global,2024,October
Wokelo,Due Diligence Tech,New Delhi,33.2,New Funding Round,Not disclosed,2024,October
AGNIT Semiconductors,Semiconductors,Bengaluru,29.05,Seed Round,"3one4 Capital, Zephyr Peacock",2024,October
Yoho,Footwear,Delhi,27.0,New Funding Round,Gulf Islamic Investments (GII),2024,October
Red Fort Capital,NBFC,Mumbai,22.6,Debt Funding,Debt Round,2024,October
Perceptyne,Deep Tech AI & Robotics,Telangana,24.9,Seed Round,"Endiya Partners, Yali Capital, Whiteboard Capital",2024,October
Frammer AI,Video Content Creation,New Delhi,16.6,New Funding Round,Lumikai,2024,October
Febi.ai,Accounting & Tax Management SaaS,Gurgaon,16.6,Pre-Series A Round,"Lumis Partners, Virender Rana, Amit Chaudhary (Lenskart), Rohan Bhargava (Cashkaro)",2024,October
Nayan Tech,AI for Smart City Solutions,New Delhi,16.6,Pre-Series A Round,"BEENEXT, We Founder Circle, Venture Catalysts, Lets Venture, FAAD Capital",2024,October
Data Science Wizards,AI Innovation,Mumbai,11.62,Seed Round,Not disclosed,2024,October
Sorich,Pharmaceutical Packaging,New Delhi,8.3,Pre-IPO Funding,BizDateUp,2024,October
Elixia Robotics,Logistics Automation,Mumbai,8.3,Pre-Series A Round,JITO Incubation and Innovation Foundation (JIIF),2024,October
Tablesprint,No-Code App Builder,Pune,8.3,Seed Round,"Angel Investors (Ankit Bhati, Ajeet Khurana, etc.)",2024,October
Holiday Tribe,Travel-Tech,Delhi,5.4,Seed Round,"Powerhouse Ventures, GSF, Dinesh Agarwal (IndiaMart), Murugavel Janakiraman (BharatMatrimony)",2024,October
Lifechart,Gut Wellness,Gurugram,,New Funding Round,"Prajay Advisors LLP, Angel Investors",2024,October
iRasus Technologies,Energy Analytics,Gurugram,4.0,Seed Round,"Rohit Rajput, Srikar Reddy (IAN Angel), DFAN, Other Angel Investors",2024,October
Flutrr,Vernacular Dating App,Kolkata,3.75,Investment in Startup,Zee Media,2024,October
Social Hardware,Assistive Devices,Bengaluru,3.2,Seed Round,"Inflection Point Ventures, Ivyleague Ventures, Soonicorn Ventures",2024,October
Alchemyst AI,Gen-AI SaaS,Mumbai,,Pre-Seed Round,"Inflection Point Ventures, 100Unicorns, Early Seed Ventures",2024,October
Beaute Secrets,Beauty Tools,Gurugram,1.6,Cash Flow Financing,Velocity (Cash Flow Financing Platform),2024,October
Millenium Babycares,Hygiene care,Indore,120.0,Private Placement Round,Bharat Value Fund,2024,October
Economy Process Solutions,Vacuum systems and process equipment,Mumbai,100.0,Series A,Stakeboat Capital Fund II,2024,October
Urja Mobility,EV Battery Leasing,New Delhi,100.0,Pre-Series A,Hindon Mercantil and Mufin Green Finance,2024,October
Bio Prime,Agribiotech,Pune,49.8,Series A,"Edaphon, Omnivore, Inflexor",2024,October
Swara Fincare,NBFC,New Delhi,19.4,Series A,Serica Angel Fund and UC Impower,2024,October
Figr,Product Design,Bengaluru,18.675,Series A,"Antler, Golden Sparrow, individual investors, and Kalaari Capital",2024,October
ZenStatement,Finance Automation and Cash Flow Management,Bengaluru,13.446,Investment Round,"3One4 Capital, Boldcap VC, Atrium Angels",2024,October
Sports For Life,Sports Academies,Bengaluru,9.13,Seed Round,"Roots Ventures, ML Tondon and Sons HUF and Blume Ventures",2024,October
Datazip,Data Engineering,Bengaluru,8.3,Seed Round,Equirus InnovateX Fund,2024,October
Onlygood ai,,,4.0,Seed Round,"Goel Group, IIT Madras Incubation Cell (IITMIC), and Daimler India Commercial Vehicles (DICV)",2024,October
Mstack Chemicals,Chemical manufacturing,"Houston, TX, United States",332.0,Series A,Lightspeed and Alphawave,2024,October
Waycool,Agriculture supply chain,Chennai,100.0,Debt Financing,Grand Anicut,2024,October
BASIC Home Loan,Mortgage distribution,Gurgaon,87.98,Series B,"Bertelsmann India Investments, CE-Ventures, Gruhas, 9 Unicorns, and others",2024,October
Lissun,Healthtech,Gurugram,20.75,Pre-Series A,RPSG Capital Ventures,2024,October
Zintlr,SaaS,Bengaluru,8.3,Seed Round,Om Jain,2024,October
Conscious Chemist,Beauty Commerce,Delhi,11.62,Venture Round,Atomic Capital,2024,October
Aikenist,HealthTech,Bengaluru,,Seed Round,Venture Catalysts,2024,October
FermionIC Design,Semiconductor,Bengaluru,49.8,Seed Round,Ashish Kacholia,2024,October
IG Drones,DroneTech,Delhi,8.3,Seed Round,India Accelerator,2024,October
Troo Good,FMCG,Hyderabad,71.38,Equity Round,Oaks Asset Management,2024,October
Clayco Cosmetics,Beauty Commerce,Mumbai,16.6,Series A,Unilever Ventures,2024,October
Secret Alchemist,Wellness,Mumbai,41.5,Seed Round,Samantha Prabhu,2024,October
Str8bat,SportsTech,Bengaluru,29.05,Series A,Exfinity Venture Partners,2024,October
OnCare,HealthTech,Gurugram,8.3,Seed Round,Huddle Ventures,2024,October
Furnishka,Manufacturing,Bengaluru,26.56,Pre-Series A,IndiaQuotient,2024,October
ZEVO,EV,Delhi,16.6,Pre-Series A,BizDateUp,2024,October
Ai Health Highway,HealthTech,Bengaluru,8.3,Seed Round,Turbostart,2024,October
True Balance,LendingTech,Gurugram,19.92,Debt,VentureSoul Partners,2024,October
Digilogic Systems India,AeroSpace,Hyderabad,,Undisclosed Round,Negen Capital,2024,October
SanchiConnect,DeepTech,Noida,,Undisclosed Round,"Baring PE India, Seafund, 8X",2024,October
Sugar.fit,HealthTech,Bengaluru,,Strategic Round,Sachin Tendulkar,2024,October
Curefoods Raises,Cloud Kitchen,Bengaluru,79.68,,Binny and Jitender Kumar Bansal,2024,September
Qure.ai,Healthtech,Mumbai,539.5,Series D,Lightspeed and 360One Asset,2024,September
Care.fi,Fintech,Bengaluru,8.0,Debt Funding,Wint Wealth and Caspian,2024,September
Nurix AI,AI,Bengaluru,228.25,Series A,"General Catalyst﻿, Accel, and Meraki Labs",2024,September
Atlys,Visa Processing,Mumbai,166.0,Series B,Peak XV Partners and Elevation Capital,2024,September
Aarna.ml,AI,Bengaluru,55.61,,Exfinity Venture Partners,2024,September
Two Point O Capital,Financing Platform,Mumbai,52.29,Seed Funding,Omnivore,2024,September
Ahammune Biosciences,Biotech,Pune,41.5,Series A,pi Ventures,2024,September
Sharang Shakti,RoboTech,$0.7 million,,Pre-Seed,AUM Ventures and Venture Highway,2024,September
Kapiva,Ayurvedic,$10 million,5.81,Series C,OrbiMed Asia,2024,September
Atlys,SaaS,$20 million,83.0,Series B,Peak XV Partners and Elevation Capital,2024,September
Tuco Intelligent,Personal Care,$2 million,166.0,Seed Round,Fireside Ventures and Whiteboard Capital,2024,September
Pepsales,SaaS,$1.1 million,16.6,Pre-Seed,Chiratae Ventures,2024,September
CoRover.ai,DairyTech,$4 million,9.13,Series A,Venture Catalysts,2024,September
Oright,LegalTech,$1 million,33.2,Seed Round,Aeravti Ventures,2024,September
jhana.ai,HRTech,$1.6 million,8.3,Seed Round,Girish Mathrubootham,2024,September
Atomicwork,BioTech,$3 million,13.28,Seed Round,"Strom Ventures, Blume Ventures and Neon Fund",2024,September
Flent,PropTech,0.8M,24.9,Pre-Seed,WEH Ventures,2024,September
AdOnMo,AdTech,25M,6.64,Undisclosed Round,Sinar Mas and Rigel Capital,2024,September
The Health Factory,FoodTech,3.5M,207.5,Seed Round,Peak XV Partner’s accelerator program Surge,2024,September
Homelane,SaaS,27M,29.05,Undisclosed Round,Hero Enterprise,2024,September
Giva,FashionTech,12M,224.1,Series B,Premji Invest,2024,September
Uppercase,E-commerce,9M,99.6,Series B,Accel,2024,September
Vedantu,EduTech,2.3M,74.7,Equity Round,Stride Ventures,2024,September
First Coffee,FoodTech,1.2M,19.09,Seed Round,BEENEXT,2024,September
Whatfix,SaaS,,9.96,Primary & Secondary Funding,"Sweet Nectar Investments (Warburg Pincus), SoftBank",2024,September
M2P Fintech,API Infrastructure,,417.5,Series C Round,Taj Investment Holdings,2024,September
Onsurity,Healthcare - Employee Benefits,,373.5,Series B Round,"Creaegis, International Finance Corporation, Quona Capital, Nexus Venture Partners",2024,September
Redcliffe Labs,Diagnostics - Healthcare,,348.6,Series C Round,"IFU, LeapFrog, HealthQuad, Spark Growth Ventures",2024,September
Everest Fleet,Mobility,,251.7,Series C Round,Uber,2024,September
Aye Finance,Microlending,,250.0,Series G Round,ABC Impact,2024,September
Way2News,Hyperlocal News,,116.2,New Round,"WestBridge Capital, Sashi Reddi",2024,September
Kaleidofin,Fintech,,114.54,New Round,"Rabo Partnerships B.V., Michael & Susan Dell Foundation, Oikocredit, Omidyar Network",2024,September
DailyObjects,D2C - Tech Accessories,,86.0,New Funding Round,360 One Ventures,2024,September
e6data,Data Infrastructure,,83.0,New Round,"Accel, Beenext",2024,September
Vahan.ai,Blue Collar Recruitment,,83.0,Series B Round,"Khosla Ventures, Y Combinator, Gaingels, Vijay Shekhar Sharma",2024,September
NowPurchase,SaaS,,49.8,Equity & Debt Round,"Info Edge Ventures, Orios Ventures, 100 Unicorns, VC Grid",2024,September
GrayQuest,Fintech,,53.0,Series B Round,"Pravega Fund, IIFL Fintech Fund",2024,September
Schmooze,Dating App,,33.2,New Round,"Elevation Capital, Ultrahuman Founders, The Souled Store Founders, Paytm Founders",2024,September
AltiusHub,Manufacturing Supply Chain,,18.675,Seed Round,Endiya Partners,2024,September
Proxgy,Deeptech - Smart Assistance,,18.26,Funding Round,"Manish Patel, Nikhil Kamath, Suniel Shetty, Kuldeep Mathur",2024,September
Bluecopa,FinOps Automation,,14.94,Pre-Series A,"Blume Ventures, Dallas Venture Capital, Venture Catalysts",2024,September
Newmi Care,Women's Health & Wellness,,12.45,Seed Round,"Sprout Venture Partners, Family Office, LetsVenture, Sarcha Advisors, Key Ventures",2024,September
TechJockey,Software Marketplace,,7.4,Strategic Stake Acquisition,Cricketer Rishabh Pant,2024,September
Bookmybai,Domestic Help Services,,2.0,Pre-Series A,Inflection Point Ventures,2024,September
Billion Hearts Software Technologies,Tech,,2.075,Angel Round,"Founders of redBus, Ola, InMobi, Myntra",2024,September
Kaatil,Hot Condiments,,,Seed Round,"Prajay Advisors, Shivaan Ghai, Romil Ratra",2024,September
Venttup,Industries 5.0,,,Seed Round,Unicorn India Ventures,2024,September
PhysicsWallah,EdTech,,1743.0,Series B,"Hornbill Capital, Westbridge Capital, and Lightspeed Venture Partners",2024,September
Big Bang Boom,Defence,,250.0,Funding Round (Undisclosed),"Mumbai Angels Network, Vyom Family Office, SBI, Asquare Investing, and others",2024,September
Elivaas,Villa and apartment management,,41.5,Series A,"3one4 Capital, Peak XV's Surge, and other angel investors",2024,September
Drip Capital,Fintech,"Palo Alto, US",937.9,Equity & Debt,"GMO Payment Gateway, SMBC",2024,September
InMobi,Mobile Advertising - Software,Bengaluru,830.0,Debt Financing,MARS Growth Capital (MUFG and Liquidity Group),2024,September
FlexiLoans,MSME-Focused Fintech,Mumbai,290.0,Series C,"Accion, Nuveen, Fundamentum, Maj Invest",2024,September
Centricity,Wealthtech,Gurugram,166.0,Seed Round,"Lightspeed, Paramark VC, Burman Family Office, MS Dhoni Family Office",2024,September
AppsForBharat,Devotional App - Tech,Bengaluru,149.4,Series B,"Fundamentum, Susquehanna Asia VC, Elevation Capital, Peak XV, Mirae Asset VC",2024,September
Nestasia,Home Decor - D2C,Kolkata,69.305,Funding Round,"Susquehanna Asia VC, Stellaris Venture Partners, Angels",2024,September
Clean Electric,Energy Storage,Pune,49.8,Series A,"Info Edge Ventures, Pi Ventures, Kalaari Capital, Lok Capital",2024,September
Dharaksha Ecosolutions,Biotech,New Delhi,24.8,Seed Round,Avaana Capital,2024,September
Mitra,FMCG - D2C,Mumbai,11.0,Pre-Series A,"Bestvantage Investments, Dubai-based Family Office",2024,September
Exposome,Clean-tech,Mumbai,10.0,Pre-Series A,"Colossa Ventures, 3i Partners, Bhukhanvala Holdings, Excel Industries, Spectrum Impact",2024,September
Zivy,AI - Workplace Solutions,Bengaluru,9.96,Pre-seed Round,"Blume Ventures, Paradigm Shift Capital, iSeed, Everywhere Ventures",2024,September
GameEon,Gaming - Game Development,Mumbai,8.3,Funding Round,"SucSEED Indovation Fund, ICE VC, IAN, CD EQUIFINANCE, Nexus Global Opportunities Fund",2024,September
Wundrsight,Digital Therapeutics,Bengaluru,3.32,Seed Round,"Inflection Point Ventures, Social Alpha",2024,September
Supersquad,Creator Monetization,Mumbai,2.1,Funding Round,"WLDD, Nitin Rajput, Jivraj Singh Sachar",2024,September
Trisu,Jewelry - D2C,Jaipur,,Pre-seed Round,"All In Capital, JK Tyres, Amaanta Group, Angel Investors",2024,September
Omnivore,Agritech,Mumbai,41.5,Funding Round,Proparco,2024,September
Futwork,Call-center Solutions,Mumbai,20.9,Series A,"Michael & Susan Dell Foundation, Artha Ventures, Simile Capital",2024,September
Track3D,Ai Construction Industry,-,35.69,Seed Round,"Endiya Partners, Shadow Ventures, Monta Vista Capital",2024,September
Crackle Technologies,Adtech,Delhi,14.11,Pre-seed Round,We Founder Circle and AC Ventures,2024,September
Arnya Real Estate,Real Estate,Raipur,375.0,Debt Fund,-,2024,September
Transcell Biologics,Biotech,Hyderabad,,-,Quantiphi and IAN Group,2024,September
Rapido,Bike-Taxi Aggregator,Bengaluru,1660.0,Series E,"WestBridge Capital, Nexus Venture Partners, Think Investments, Invus Opportunities",2024,September
Blue Tokai,Coffee and Bakery,Gurugram,290.5,Series C,"Verlinvest, Anicut Capital, A91 Partners",2024,September
Clean Electric,Energy Storage,Pune,48.5,Series A,"Info Edge, Pi Ventures, Kalaari Capital, Angel Investors",2024,September
Nutrabay,D2C Retail,New Delhi,41.5,Series A,"RPSG Capital Ventures, Kotak Alternate Asset Managers",2024,September
The Hosteller,Backpacker Hostel,Mumbai,32.0,Series A,"V Cube Ventures, LetsVenture Angel Fund, Angelist, Others",2024,September
RecommerceX,Chemical Recycling,Noida,29.88,Seed Round,"Accel, Kae Capital",2024,September
Invest4Edu,Edtech,Mumbai,24.9,Seed Round,Family Offices,2024,September
Global Care,Medical Tourism,Gurugram,24.9,Series A,35North India Discovery Fund – II,2024,September
BigEndian Semiconductors,Semiconductors,Bengaluru,24.9,Funding Round,Vertex Ventures SEA & India,2024,September
TruNativ,Nutrition,Mumbai,25.0,Funding Round,Rainmatter Capital,2024,September
Theater,Fashion,Chandigarh,12.45,Pre-Series A,"Prath Ventures, Existing Angel Investors",2024,September
Spolto,Sports-Tech,Pune,8.3,Seed Round,"Andrew Johnston, Others",2024,September
Valyx,B2B Financial Management,Bengaluru,6.64,Pre-Seed Round,"Huddle Ventures, Waveform Ventures, Bharat Founders Fund, Propell Fund",2024,September
Boson Whitewater,Water Recycling,Bengaluru,10.0,Equity Funding,Rainmatter,2024,September
Mytek Innovations,Manufacturing,Mumbai,6.0,Debt Funding,-,2024,September
LiaPlus AI,Customer Support Solutions,New Delhi,2.0,Seed Round,"Inflection Point Ventures, Chandigarh Angel Network, Growth91",2024,September
ReCircle,Cleantech,Mumbai,,Bridge Funding Round,"Venture Catalysts, Mumbai Angels, HNIs",2024,September
Nautical Wings,Aerospace,Bengaluru,,Pre-Series A,"Venture Catalysts, 1Crowd",2024,September
0xPPL,Social Networking - Blockchain,Bengaluru,,Strategic Funding Round,"AllianceDAO, Anagram, Peak XV Partners",2024,September
Sunsure Energy,Renewable Energy,Haryana,226.0,Debt Financing,Tata Capital,2024,September
Plan B,D2C Kids Innerwear,Mumbai,,Funding Round,JITO Incubation and Innovation Foundation,2024,September
Zepto,Quick Commerce,Mumbai,2822.0,Follow-on Financing Round,"General Catalyst, Dragon Fund, Epiq Capital",2024,August
Servify,Post-sales Services,Mumbai,84.0,Series D,"Bajaj Holdings, Trifecta, Innoven Capital",2024,August
Pilgrim,Beauty and Personal Care,Mumbai,75.0,Extended Series B,"Fireside, Vertex Ventures",2024,August
Aroa Venture Partners,Investment Fund,Gurgaon,40.0,Capital Commitment,"SIDBI, UP Government's Fund",2024,August
Legends League Cricket (LLC),Sports,Delhi,39.0,Equity Round,Brickwork,2024,August
HouseEazy,Real Estate,Noida,33.5,Series A,"Chiratae Ventures, Veena Jindal, Antler, IA",2024,August
LoanKuber,Financial Services,New Delhi,29.05,Pre-Series B,"TRTL VC, Inflection Point Ventures, and others",2024,August
Ben & Gaws,Manufacturing Tech,New Delhi,24.9,Pre-Series A,"Physis Capital, ICMG, Inflection Point Ventures",2024,August
Miko,Robotics,Mumbai,20.5,Funding Round,Angel Investors,2024,August
Cambrian Bioworks,Biotechnology,Bengaluru,12.035,Seed Round,"Irani Family Office, Vaibhav Hegde",2024,August
ProFinTech Technologies,Fintech,Hyderabad,11.62,Seed Round,"Family Offices, HNIs",2024,August
Sunfox Technologies,Health-tech,Dehradun,15.0,Pre-Series A,"Venture Catalysts, others",2024,August
Laiqa Wellness,Femtech,Gurgaon,15.0,Seed Round,IvyCap Ventures,2024,August
The Hive Hostels,Hospitality,Mumbai,11.5,Pre-IPO Funding Round,"Angel Investor, Sixth Sense Ventures, others",2024,August
Serigen Mediproducts,Biomedical Products,Pune,10.0,Funding Round,"IAN Alpha Fund, Colossa Ventures, angels",2024,August
Acadru,Edtech,Gurgaon,4.15,Pre-Series A,"AIG Direct LLC, others",2024,August
ODA Class,Edtech,Bengaluru,4.15,Series B,"Skywalker, Daituzi, Matrix Partners China",2024,August
Medront,Technology,Mumbai,1.06,Pre-seed Round,Inflection Point Ventures,2024,August
Yubi,Fintech,Chennai,249.0,Equity capital,Gaurav Kumar,2024,August
Convin,AI,Bengaluru,53.95,Funding Round,India Quotient,2024,August
Plutos ONE,Digital Services for Banking Sector,New Delhi,16.6,Seed Round,"StartupXseed, Genesia Ventures, Auxano Capital, Raghuvanshi Investment",2024,August
Agrim,B2B Agri-inputs,Gurugram,143.59,Series B,Asia Impact,2024,August
Baazar Style,Luxury Fashion,Kolkata,250.0,-,Anchor Investors,2024,August
InsurancePadosi,Insuretech,Gurgaon,,Pre-seed Round,Antler,2024,August
Finarkein Analytics,Data Analytics,Pune,39.425,Pre-Series A,Nexus Venture Partners,2024,August
Kreedo,Edtech,Bengaluru,33.2,Series A,Heritas Capital,2024,August
99 Pancakes,Quick Service Restaurants,Mumbai,20.0,Series A,Family Office,2024,August
DeepMatrix,Deep Tech,Bengaluru,13.28,Funding Round,YourNest and Arali Ventures,2024,August
Hangyo,Food and Beverage,Mangalore,207.5,Venture Funding,Faering Capital,2024,August
Livpure,Appliances,Gurugram,208.0,Funding Round,"M&G Investments, Ncubate Capital Partners",2024,August
Even Healthcare,Healthcare,Bengaluru,169.0,Funding Round,Khosla Ventures,2024,August
Axio,Online Lending,Bengaluru,167.0,Right Issue,Existing investors,2024,August
InvestorAi,Equity Investment Platform,London,80.0,Series A,"Ashish Kacholia, Lucky Investment Managers",2024,August
FlexiLoans,Fintech,Mumbai,75.0,Non-convertible debt,JM Financial,2024,August
Uppercase,Luggage,Bengaluru,74.7,Funding Round,Accel,2024,August
Zoff,Spices,Raipur,40.0,Funding Round,JM Financial Private Equity,2024,August
TransBnk,Fintech,New Delhi,33.2,Series A,"8i Ventures, Accion Venture Lab, GMO Venture Partners, Ratio Ventures, Force Ventures, family offices, angels",2024,August
LLUMO AI,AI Optimisation,Noida,8.3,Seed Round,"SenseAI Ventures, India Quotient, AumVC, Venture Catalyst, IIM Indore Alumni Angel fund, other angel investors",2024,August
Dopplr,Virtual Try-on Solutions,Bengaluru,,Funding Round,"Cornerstone Ventures, U.S-based BAT VC",2024,August
Revrag,B2B Sales,Bengaluru,4.98,Pre-Seed Round,"Powerhouse Ventures, Viral Bajaria, Kunal Shah, Deepak Anchala, Vetri Vellore, other angel investors",2024,August
NxtQube,Dronetech,Nasik,,Seed Round,"Pontaq VC, Ananta Bizcon LLP, Rushikesh Bhandari, and others",2024,August
Oyo,Hospitality,Gurgaon,1457.0,Series G,"InCred Wealth, Patient Capital, J&A Partners, Mankind Pharma promoters' family office, ASK Financial",2024,August
Ather Energy,EV,Bengaluru,600.0,Funding Round,National Investment and Infrastructure Fund (NIIF),2024,August
Neo,Wealth and Asset Management,Mumbai,400.0,Series B,"MUFG Bank, Euclidean Capital LLC, Peak XV Partners",2024,August
Pakka Limited,Compostable Packaging,Kanpur,244.7,Funding Round,-,2024,August
Syfe,FinTech,Gurugram,224.1,Funding Round,"Valar Ventures, Unbound, two UK family offices",2024,August
Vayana,Trade Finance,Pune,170.15,Funding Round,SMBC Asia Rising Fund,2024,August
Fresh Bus,Electric Intercity Bus,Hyderabad,87.5,Series A,"Maniv, Shell Ventures, Alteria Capital, Riverwalk Holdings",2024,August
Beco,Eco-Friendly Products,Mumbai,83.0,Pre-Series B,"Tanglin Venture Partners, Titan Capital Winners Fund, Manish Choksi, Rukam Capital, Synergy Capital",2024,August
Innoviti,Payment Gateway,Bengaluru,70.0,Series E,"Random Walk Solutions, Bessemer Venture Partners, Patni Family Office, Alumni Ventures",2024,August
Kazam,E-Mobility,Bengaluru,66.4,Series A3,"Vertex Ventures, Avaana Capital, Alteria Capital",2024,August
4baseCare,Healthcare,Bengaluru,49.8,Series A,Yali Capital,2024,August
Skydo,Cross-border Payments,Bengaluru,41.5,Equity Round,"Elevation Capital, Angel Investors",2024,August
Fashor,Ethnic Wear,Jaipur,41.5,Funding Round,Blume Ventures,2024,August
Infinyte.Club,Wealth Management,Bengaluru,29.88,Funding Round,"Elevation Capital, Angel Investors",2024,August
Truva,Real Estate Tech,Mumbai,24.9,Funding Round,"Stellaris Venture Partners, Angel Investors",2024,August
HealthCRED,B2B Healthcare Financing,New Delhi,9.96,Seed Round,"Antler India, TRTL VC, DeVC, iSeedVC, Angel List India",2024,August
EyeROV,Marine Robotics,Kochi,10.0,Pre-Series A,Unicorn India Ventures,2024,August
Six Sense Mobility,Smart Mobility,Mumbai,6.0,Seed Round,Piper Serica VC,2024,August
Halden,Luxury Men’s Brand,Mumbai,5.0,Seed Round,Prajay Advisors,2024,August
MiClient,AI-driven B2B Sales Platform,Gurugram,3.9,Seed Round,"IAN Group, Anicut, GSF, RTAF, Keiretsu",2024,August
Ziptrrip,Travel-tech SaaS,Mumbai,2.0,Pre-Seed Round,Angel Investors,2024,August
NuvoRetail,E-commerce Marketing,New Delhi,2.905,Funding Round,-,2024,August
Adukale,FMCG,Bangalore,,Funding Round,NuVentures,2024,August
CricHeroes,Sportstech,Ahmedabad,,Series B1,"Venture Catalysts, Games24x7, WeFounderCircle, Eagle10 Ventures, Ivy Growth",2024,August
35North Ventures,Venture capital,Mumbai,100.0,Funding Round,-,2024,August
NuvoRetail,eCommerce Marketing & Analytics,Delhi,2.905,-,-,2024,August
GenWorks Health,Healthcare,Bengaluru,41.0,Funding Round,Evolvence India Fund,2024,August
Oneiric11 Gaming,Esports and Gaming Platform,Chandigarh,8.3,Pre-Series A,"NG Family Trust, TAC Holdings",2024,August
BiofuelCircle,Marketplace for biomass and biofuel,Pune,45.0,Funding Round,"Spectrum Impact, Angels, Promoters",2024,August
FlexiBees,Talent Marketplace,Singapore,,Pre-Series A,Inflection Point Ventures,2024,August
Absolute Sports,Sports Media,Bengaluru,,Acquisition,Acquired assets of DeltiasGaming.com,2024,August
Visit Health,Healthcare,"California, US",250.0,Fundraise,"Docprime Technologies, promoters and employees",2024,August
ShareChat,Social Media Company,Bengaluru,132.8,Debt Round,Singapore-based EDBI,2024,August
Country Delight,Dairy and Essentials,Gurugram,70.0,Debt Funding,Alteria Capital,2024,August
Agrizy,Agritech,Bengaluru,81.34,Series A,"Accion, Omnivore, Capria Ventures, Thai Wah Ventures, Ankur Capital",2024,August
Scimplify,Speciality Chemicals,Bengaluru,78.85,Series A,Omnivore and Bertelsmann,2024,August
Kindlife.in,"Beauty, wellness, and health",New Delhi,66.4,Series A,"JB-Dooeun, TK Fund, MIXI Global Investments, Kalaari Capital and angel investors",2024,August
BlueBinaries Engineering and Solutions,"Engineering, Tech Services",Chennai,60.0,Debt and Equity Round,Anicut Capital,2024,August
Punch,Stock Broking,Mumbai,58.1,Seed Funding,"Stellaris Venture Partners, Susquehanna Asia VC, Prime Venture Partners, Innoven Capital",2024,August
Metadome.ai,XR Startup,"Troy, Michigan",53.95,Series A,"Siana Capital, Chiratae Ventures, Alteria Capital, 3to-1 Capital, Manish Choksi’s family office",2024,August
EthrealX,Healthcare,Bengaluru,41.5,Seed Round,"YourNest, BIG Global Investments JSC, BlueHill Capital, Campus Fund, Golden Sparrow Ventures",2024,August
SigTuple Medtech,Medtech,Bengaluru,33.0,Series C Extension,Sidbi Venture Capital,2024,August
Aukera,Lab-grown Jewellery,Bengaluru,26.7,Series A,Fireside Ventures,2024,August
Juleo,Dating App,Delhi,20.75,Funding Round,"Ramakant Sharma, Kunal Shah, Ruchi Deepak, Harsh Jain, Lalit Keshre",2024,August
Neuron Energy,EV Batteries,Mumbai,20.0,Series A,"Chona Family, Capri Global Family Office",2024,August
FINQY,Fintech,Mumbai,16.6,Funding Round,"Angel Bay India Accelerator, Family Offices, Private Investors",2024,August
Hyperbots,"AI for Finance, Accounting",Dover,16.6,Seed Round,"Kalaari Capital, Sunicon Ventures, Athera Venture Partners",2024,August
Burma Burma,Vegan Restaurant,Mumbai,16.6,Equity Investment,Several Family Offices,2024,August
Karma Primary Healthcare,Healthtech,Udaipur,11.0,Series A,"UBS Optimus Foundation, 1Crowd, Others",2024,August
Bebe Burp,Baby Food,Surat,8.0,Pre-Series A,Gruhas Collective Consumer Fund (GCCF),2024,August
Cellivate Technologies,Biotech,Singapore,8.3,Seed Round,"Antler, Venture Catalysts, Hatcher+, We Founder Circle",2024,August
CURRYiT,Food and Beverages,New Delhi,4.5,Seed Round,"RK Family Trust, Tangent Advisors, Freeflow Ventures",2024,August
IppoPay,Fintech,Chennai,,Funding Round,"Mithun Sacheti, Siddhartha Sacheti",2024,August
Nazara Technologies,"Gaming, Media",Mumbai,224.1,Acquisition,Acquired Fusebox Games Limited,2024,August
Infibeam Avenues,Fintech,"GiFT, Gandhinagar",,Acquisition,Acquired 54% in Rediff.com India Ltd,2024,August
Nazara Technologies,"Gaming, Media",Mumbai,,Acquisition,Acquired additional 48.42% in Paper Boat Apps (PBA),2024,August
Unicommerce,SaaS,New Delhi,124.5,-,Anchor investors,2024,August
Banana Club,Consumer > Fashion Tech,Karnataka,11.537,Seed,-,2025,October
Neulife,HealthTech > Fitness & Wellness Tech,Maharashtra,8.3,Unattributed,Subhkam Ventures,2025,October
Dhobi G,Consumer > Local Services,Tamil Nadu,1.4193,Conventional Debt,Indian Overseas Bank,2025,October
Helex,Life Sciences > Genomics,Telangana,,Seed,Bluehill Capital Trust,2025,October
Michezo Sports,Consumer > Sports Services,Karnataka,20.75,Seed,Centre Court Capital,2025,October
Celewish,Consumer > Communication Apps,Maharashtra,6.225,Angel,-,2025,October
Megaliter Varunaa,Environment > Waste & Water Management,Telangana,14.193,Seed,-,2025,October
The Eye Foundation,Healthcare > Hospital Chains,Tamil Nadu,622.5,Series C,Verlinvest,2025,October
Wonderland Foods,Food & Agriculture > Food & Beverage Products,Delhi,132.8,Series B,Asha,2025,October
CapitalXB Finance,Financial Services > Consumer and SME Loans,Maharashtra,,Conventional Debt,Nicolas Walewski,2025,October
CapitalXB Finance,Financial Services > Consumer and SME Loans,Maharashtra,124.5,Seed,Nicolas Walewski,2025,October
Berar Finance,Financial Services > Consumer and SME Loans,Maharashtra,141.1,PE,Abler Nordic,2025,October
Uniphore,High Tech > Generative AI,California / Tamil Nadu,2158.0,Series F,New Enterprise Associates,2025,October
Umagine,Environment > Environment Consultancy Services,Delhi,7.055,Seed,Venture Catalysts,2025,October
Stylox,Consumer Goods > Apparel Brands,Haryana,2.822,Seed,thefef.net,2025,October
Fundamento,Enterprise Applications > Customer Service Software,California / Delhi,15.77,Seed,The Players Fund,2025,October
Imagimake,Retail > Mom & Baby Care,Maharashtra,,Series B,Pidilite Ventures,2025,October
EKA,Energy Tech > Electric Vehicles,Maharashtra,473.1,Series A,NIIF,2025,October
HooLiv,Consumer > Residential Real Estate Tech,Delhi,22.659,Seed,Negen Capital PMS,2025,October
Healing Hands Clinic,Healthcare > Clinic Chains,Maharashtra,,PE,L Catterton,2025,October
Kraya,Enterprise Applications > SCM Software,Maharashtra,0.9379,Seed,AID,2025,October
Zepto,Food and Agriculture Tech > Online Grocery,Karnataka,2490.0,Series G,Goodwater Capital,2025,October
DashamLabs,High Tech > Advanced Materials,Haryana,11.288,Seed,Speciale Invest,2025,October
Kuku FM,Consumer > Vernacular Platforms,Maharashtra,415.0,Series C,Granite Asia,2025,October
CoreStack,Enterprise Infrastructure > IT Operations,Washington / Tamil Nadu,415.0,Convertible Debt,Post Road Group,2025,October
Thefragaria,Food and Agriculture Tech > Crop Tech,Tamil Nadu,16.6,Seed,WEH Ventures,2025,October
Flowatt Batt,Energy Tech > Energy Storage Tech,Karnataka,2.0584,Seed,PedalStart,2025,October
CoinDCX,FinTech > Cryptocurrencies,Maharashtra,,Series D,Coinbase,2025,October
Matters,Enterprise Infrastructure > Cybersecurity,Karnataka,39.425,Seed,Kalaari Capital,2025,October
Airoclip,Mobile > Mobile Gaming,Karnataka,22.825,Seed,TAC,2025,October
Airbound,High Tech > Drones,Karnataka,71.795,Seed,Humba Ventures,2025,October
CIMCON,Energy > Oilfield Services,Gujarat,48.638,Series A,Niveshaay,2025,October
HouseEazy,Consumer > Residential Real Estate Tech,Uttar Pradesh,141.1,Series B,Accel,2025,October
SpeakX,EdTech > Continued Learning,Haryana,132.8,Series B,WestBridge Capital,2025,October
Reia Diamonds,Consumer Goods > Fashion Accessories,Karnataka,1.8675,Seed,Venture Catalysts,2025,October
MyWonder,Real Estate & Construction > Construction Management Services,Karnataka,2.49,Seed,Antler,2025,October
Ramkrishna Forgings,Auto > Auto Components,West Bengal,191.73,Post IPO,-,2025,October
Exposome,Chemicals & Materials Tech > Chemicals Tech,Maharashtra,21.497,Seed,Colossa Ventures,2025,October
GoodScore,FinTech > Alternative Lending,Karnataka,107.9,Series A,Peak XV Partners,2025,October
Onida,Consumer Goods > TV & Audiovisual Products,Maharashtra,122.84,Post IPO,Authum,2025,October
FS Life,Consumer > Fashion Tech,Haryana,46.48,Series B,Colossa Ventures,2025,October
Hunger,Food & Agriculture > Food Service Chains,Maharashtra,,Series A,Lighthouse,2025,October
Hala Mobility,Consumer > Auto E-Commerce & Content,Telangana,28.054,Series A,Magnifiq Capital Trust,2025,October
Qapita,FinTech > Investment Tech,Singapore / Telangana,219.95,Series B,MassMutual Ventures,2025,October
Pantherun,Enterprise Infrastructure > Enterprise Networking,Karnataka,99.6,Series A,Info Edge Ventures,2025,October
We360.ai,Enterprise Applications > HRTech,Madhya Pradesh,16.6,Seed,GSF,2025,October
Ask My Guru,Consumer > Religion Tech,Karnataka,4.15,Seed,Matrimony.com,2025,October
Rusk Media,Media & Entertainment > Film & TV Studios,Maharashtra,,Series B,IvyCap Ventures Advisors,2025,October
FasTest,HealthTech > Healthcare Booking Platforms,Maharashtra,1.1205,Seed,Inflection Point Ventures,2025,October
Ekkaa,Semiconductors > Display Technology,Haryana,101.26,Series A,-,2025,October
Eternz,Consumer > Fashion Tech,Karnataka,,Seed,Multiply Ventures,2025,October
GH2 Solar,Energy > Solar Energy,Uttar Pradesh,53.95,Series A,GrowMo360,2025,October
Jaagruk Bharat,Media & Entertainment > Internet First Media,Delhi,1.4027,Seed,ajvc,2025,October
Meolaa,Retail > Beauty Tech,Karnataka,49.8,Seed,General Catalyst,2025,October
Rusk Media,Media & Entertainment > Film & TV Studios,Maharashtra,1.4027,Angel,Ramesh Gandhi,2025,October
TrusTerra,Auto > Auto Retail & Aftersales,Haryana,8.383,Seed,Finvolve,2025,October
Battwheelz,Energy Tech > Electric Vehicles,Haryana,1.8675,Seed,Finvolve,2025,October
Intangles,Consumer > Road Transport Tech,Maharashtra,249.0,Series B,Avataar Ventures,2025,October
August AI,HealthTech > Disease Self Management,Karnataka,24.9,Seed,Accel,2025,October
Consuma,Enterprise Applications > MarketingTech,Karnataka,10.79,Seed,Equirus Wealth,2025,October
Goodmelts,Retail > Home Care E-Commerce,Karnataka,,Seed,Anicut Capital,2025,October
H2 Carbon Zero,Energy Tech > Energy Storage Tech,Delhi,7.055,Seed,Venture Catalysts,2025,October
ZillOut,Food and Agriculture Tech > Food Tech,Karnataka,2.573,Seed,Jindagilive Angel Network,2025,October
Dezerv,FinTech > Investment Tech,Maharashtra,332.0,Series C,Premji Invest,2025,October
Vipul Organics,Chemicals & Materials > Dyes Pigments and Inks,Maharashtra,32.951,Post IPO,-,2025,October
OZi,Retail > Mom & Baby Care,Haryana,27.39,Seed,Blume Venture,2025,October
Lucio,High Tech > Chatbots,Karnataka,41.5,Series A,DeVC,2025,October
Finarkein Analytics,FinTech > Banking Tech,Maharashtra,,Seed,DSP Group Family Office,2025,October
PRYM Aerospace,High Tech > Drones,Maharashtra,20.003,Seed,Lloyds steel,2025,October
Ecoex,Environment Tech > Solid Waste Management Tech,Delhi,33.2,Seed,-,2025,October
Navata Supply Chain Solutions,Business Services > Supply Chain Services,Telangana,12.616,Series A,Abyro Capital,2025,October
AltMat,High Tech > Advanced Materials,Gujarat,,Seed,Rainmatter,2025,October
Exsure,Life Sciences > Oncology,Odisha,0.09379,Seed,AIC-Nalanda Institute Of Technology Foundation,2025,October
DecorTwist,Consumer Goods > Home Furnishing Products,Uttar Pradesh,1.66,Seed,Tejas Paresh Lodaya,2025,October
GreyLabs,High Tech > Natural Language Processing,Maharashtra,79.68,Series A,Elevation Capital,2025,October
Raise,FinTech > Investment Tech,Maharashtra,996.0,Series B,Beenext,2025,October
JSW One MSME,Enterprise Applications > Manufacturing Tech,Maharashtra,219.95,Series B,Oneup Financial Consultants,2025,October
ThrustWorks Dynetics,"Aerospace, Maritime & Defense Tech > Space Tech",Maharashtra,6.5487,Seed,Jamwant Ventures,2025,October
Art Of Time,Consumer Goods > Retailers,Maharashtra,,Series B,Plutus Wealth Management,2025,October
Sammaan Capital,Financial Services > Consumer and SME Loans,Delhi,,Post IPO,IHC / Marshall Wace,2025,October
Freight Tiger,Consumer > Logistics Tech,Maharashtra,112.05,Series C,Tata Motors / Lightspeed India,2025,October
Recyclaro.com,Environment Tech > Solid Waste Management Tech,Uttar Pradesh,8.3,Seed,CapitalOven,2025,October
GrowXCD,Financial Services > Consumer and SME Loans,Tamil Nadu,186.75,Series B,Blue Earth Capital / Lok Capital,2025,October
Assesslim,High Tech > AI Infrastructure,West Bengal,41.5,Seed,Foxhog Ventures / IDEAS TIH,2025,October
UNMANND,"Aerospace, Maritime and Defense Tech > Military Tech",Karnataka,16.6,Seed,Speciale Invest,2025,October
VAMAm,Consumer > Local Services,Delhi,20.75,Seed,Wavemaker Partners / 7Square Ventures,2025,October
Climaty AI,Enterprise Applications > AdTech,"Dubai, Karnataka",16.6,Seed,Turbostart,2025,October
Ignosis,FinTech > Banking Tech,Gujarat,33.2,Seed,Peak XV Partners,2025,October
Fyno,Enterprise Applications > Customer Success Management,Karnataka,33.2,Seed,Arkam Ventures / 3one4 Capital,2025,October
Recur Club,FinTech > Alternative Lending,Delhi,348.6,Conventional Debt,InCred / Info Edge Ventures,2025,October
Recur Club,FinTech > Alternative Lending,Delhi,66.4,Series A,Info Edge Ventures,2025,October
Wit And Chai Group,Business Services > Marketing Services,Maharashtra,,Seed,Sanjay Katkar,2025,October
Hocco,Food and Agriculture > Food Service Chains,Gujarat,107.9,Series B,Sauce,2025,October
Petpoojam,Food and Agriculture Tech > Food Tech,Gujarat,,Series C,Dharana / Gujarat Venture Finance,2025,October
Kapivas,Life Sciences > Nutraceuticals Tech,Karnataka,232.4,Series D,Vertex Growth / Jetty Ventures,2025,October
Vaani Research Labs,High Tech > Chatbots,Karnataka,3.32,Seed,Venture Catalysts,2025,October
EF Polymer,Chemicals and Materials > Polymers,Rajasthan,,Series B,Toyoda Gosei / Beyond Next Ventures,2025,October
RUGR,FinTech > Banking Tech,Karnataka,41.5,Seed,Vikasa India EIF Fund,2025,October
IGowise,Energy Tech > Electric Vehicles,Karnataka,,-,-,2025,October
PharmEasy,Health Tech,Mumbai,1591.11,Debt,-,2025,September
Emergent,AI,Gurugram,190.9,Series A,Lightspeed Ventures,2025,September
Chakr Innovation,Clean Tech,Gurugram,190.9,Series C,Iron Pillar,2025,September
Curefoods,Foodtech,Bengaluru,149.4,–,3State Ventures,2025,September
Handpickd,Consumer Services,Gurugram,124.5,Series A,Bertelsmann India Investments,2025,September
Rocket,AI,Bengaluru,124.5,Seed,"Salesforce Ventures, Accel",2025,September
Vedantu,Edtech,Bengaluru,91.3,–,-,2025,September
Simple Energy,Clean Tech,Bengaluru,83.0,–,"Dr Arokiaswamy Velumani (founder, Thyrocare)",2025,September
KisanKonnect,Agritech,Ahmednagar,67.23,Pre-Series A,Bajaj Finserv Group,2025,September
Distil,Ecommerce,Mumbai,63.91,Series A,"Jungle Ventures, CE-Ventures",2025,September
Gullak,Fintech,Bengaluru,62.25,Series A,Chiratae Ventures,2025,September
Oolka,Fintech,Bengaluru,58.1,Seed,"Lightspeed India, Z47",2025,September
PRISM,Travel Tech,Mumbai,46.48,–,"InCred, Analah Capital",2025,September
OnFinance,AI,Bengaluru,34.86,Pre-Series A,Peak XV (Surge),2025,September
Amwoodo,Ecommerce,Kolkata,33.2,Pre-Series A,Rainmatter,2025,September
Cosmoserve Space,Advanced Hardware & Technology,Hyderabad,26.56,Pre-Seed,AVCF,2025,September
P-TAL,Ecommerce,New Delhi,24.9,Series A,"Venture Catalysts, Rainmatter",2025,September
Xbattery,Clean Tech,Hyderabad,19.09,Seed,Bipin Patel Family Office,2025,September
Grest,Ecommerce,Cuttack,14.94,–,Equentis,2025,September
VyomIC,Advanced Hardware & Technology,Bengaluru,13.28,Pre-Seed,Speciale Invest,2025,September
Akashalabdhi,Advanced Hardware & Technology,Roorkee,9.96,Pre-Seed,-,2025,September
Navo,Ecommerce,Gurugram,7.4866,Seed,IndiaQuotient,2025,September
Bharat Intelligence,Agritech,Mumbai,6.557,Pre-Seed,Sahyadri Farms,2025,September
Recove,Clean Tech,Bengaluru,4.9634,–,Momentum Capital,2025,September
Paar Autonomy,Advanced Hardware & Technology,Bengaluru,4.15,Seed,Venture Catalysts,2025,September
Samaaro,Enterprise Tech,Bengaluru,4.15,Pre-Series A,Inflection Point Ventures,2025,September
Gaadimech,Consumer Services,Jaipur,1.4027,–,AJVC,2025,September
Gabit,Ecommerce,Gurugram,,-,-,2025,September
Infra.Market,Real Estate Tech,Thane,688.9,Series G,-,2025,September
EvoluteIQ,Enterprise Tech,Bengaluru,439.9,–,Baird Capital,2025,September
FinBox,Fintech,Bengaluru,332.0,Series B,WestBridge Capital,2025,September
Blue Energy Motors,Clean Tech,Pune,249.0,-,"Nikhil Kamath, Omnitex Industries",2025,September
InCred Money,Fintech,Mumbai,249.0,–,-,2025,September
EcoSoul,Ecommerce,Noida,166.0,Series B,"Accel, Bajaj Financial Securities",2025,September
Indkal,Ecommerce,Bengaluru,166.0,–,-,2025,September
Scalekit,AI,Bengaluru,45.65,Seed,"Together Fund, Z47",2025,September
Lucira,Ecommerce,Mumbai,45.65,Seed,Blume Ventures,2025,September
SpaceFields,Advanced Hardware & Technology,Bengaluru,41.5,Pre-Series A,Globaz Technologies,2025,September
Pelocal,Fintech,Chennai,41.5,Series A,"UNLEASH Capital Partners, Unicorn India Ventures",2025,September
iDO Devices,Ecommerce,Noida,33.2,–,"Blume Ventures, Merak Ventures",2025,September
Pascal AI Labs,AI,Bengaluru,25.73,Seed,Kalaari Capital,2025,September
Equilibrium,Clean Tech,Noida,24.9,Seed,-,2025,September
INCLUD,Ecommerce,Gurugram,24.07,Pre-Series A,3one4 Capital,2025,September
Blinkit-AI,AI,Gurugram,9.96,Seed,Foliflex Cables,2025,September
Supply6,Ecommerce,Bengaluru,9.13,Seed,Zeropearl VC,2025,September
UGX.ai,AI,Gurugram,8.3,Seed,Blue Ocean Venture Partners,2025,September
PlaySuper,Media & Entertainment,Gurugram,8.3,Seed,Chimera,2025,September
Wankel Energy Systems,Clean Tech,Chennai,8.3,Pre-Seed,Shastra VC,2025,September
MyNaksh,Consumer Services,Bengaluru,7.0716,Pre-Seed,Eximius Ventures,2025,September
uKnowva,Enterprise Tech,Mumbai,4.15,Pre-Series A,-,2025,September
Raptee.HV,Clean Tech,Chennai,,-,Technology Development Board (Ministry of Science & Technology),2025,September
Flipspaces,Real Estate Tech,Mumbai,74.7,Series C,—,2025,September
Indrajaal,Advanced Hardware & Technology,Hyderabad,45.65,Pre-Series A,"India Accelerator, Finvolve",2025,September
Presolv360,Enterprise Services,Mumbai,39.01,Series A,"Elevation Capital, MGA Ventures",2025,September
Indigrid Technology,Enterprise Services,Gurugram,33.2,—,Cactus Partners,2025,September
Ember,Ecommerce,US,26.56,Seed,—,2025,September
Asaya,Ecommerce,Bengaluru,26.56,Pre-Series A,RPSG Capital,2025,September
Inamo,Enterprise Services,Mumbai,24.9,Seed,Shastra VC,2025,September
WeHouse,Real Estate Tech,Hyderabad,23.24,Series A,—,2025,September
EndureAir Systems,Advanced Hardware & Technology,Noida,23.24,—,Indian Angel Network,2025,September
Snap-E-Cabs,Travel Tech,Kolkata,20.75,—,Inflection Point Ventures,2025,September
Aurva,Enterprise Tech,New Delhi,18.26,Seed,Nexus Venture Partners,2025,September
BacAlt Biosciences,Health Tech,Bengaluru,16.6,Pre-Seed,Avaana Capital,2025,September
PeakAmp,Clean Tech,Gurugram,11.62,Seed,Caret Capital,2025,September
FarmDidi,Ecommerce,Mumbai,6.5819,Seed,Samved Ventures,2025,September
Prowrrap,Enterprise Services,Delhi,3.7599,Pre-Series A,"Calance Software; Amit Govil (chairman, Calance Corporation)",2025,September
Biokraft Foods,Clean Tech,Mumbai,1.8841,Seed,GVFL,2025,September
Misfits,Ecommerce,Gurugram,,Seed,Nu Ventures,2025,September
TraqCheck,AI,New Delhi,,—,"Alok Oberoi (chairman, Everstone Capital); Siddharth Mehta (founder, Bay Capital)",2025,September
CityMall,Ecommerce,Gurugram,390.1,Series D,Accel,2025,September
Seekho,Media & Entertainment,Bengaluru,232.4,Series B,Bessemer Venture Partners,2025,September
Blue Tokai Coffee Roasters,Ecommerce,Gurugram,207.5,–,-,2025,September
FirstClub,Consumer Services,Bengaluru,190.9,Series A,"Accel, RTP Global",2025,September
Colive,Real Estate Tech,Bengaluru,166.0,Series B,Bain Capital,2025,September
Offgrid Energy,Clean Tech,Gurugram,124.5,Series A,Archean Chemicals Industries,2025,September
Reveal Healthtech,AI,US,59.76,Series A,Leo Capital,2025,September
PlatinumRx,Health Tech,Bengaluru,49.8,Series A,Stellaris Venture Partners,2025,September
LeafyBus,Travel Tech,Delhi,34.029999999999994,Pre-Series A,Enetra India,2025,September
Tuco Kids,Ecommerce,Bengaluru,33.2,Series A,RTP Global,2025,September
FlexifyMe,Health Tech,Pune,19.09,Pre-Series A,IvyCap Ventures,2025,September
AutoDukan,Ecommerce,Pune,8.3,Pre-Series A,-,2025,September
House of Zelena,Ecommerce,New Delhi,6.5819,Seed,"Sprout Venture Partners, M Venture Partners",2025,September
Cuzor,Ecommerce,Bengaluru,4.6978,Seed,"Ramesh Kannan (MD, Kaynes Technology)",2025,September
RxMen,Health Tech,New Delhi,4.6978,Seed,Inflection Point Ventures,2025,September
QuantE Energy,Clean Tech,Noida,4.15,Seed,Trillion Dollar Venture Partners,2025,September
Dectrocel,Health Tech,Lucknow,3.7599,–,BioAngels (IAN Group),2025,September
Zanskar,Ecommerce,Bengaluru,2.6311,Seed,Zeropearl VC,2025,September
Waterscience,Ecommerce,Bengaluru,1.3197,–,Valar Ventures,2025,September
Edgehax,Advanced Hardware & Technology,Bengaluru,1.3114,Seed,Inflection Point Ventures,2025,September
TransBnk,Fintech,Mumbai,207.5,Series B,Bessemer Venture Partners,2025,August
Altum Credo,Fintech,Pune,161.02,–,British International Investment,2025,August
CredRight,Fintech,Bengaluru,83.0,Series B,Abler Nordic,2025,August
WizCommerce,Enteprise Tech,Bengaluru,66.4,Series A,Peak XV Partners,2025,August
Vutto,Ecommerce,Bengaluru,58.1,Series A,RTP Global,2025,August
Palmonas,Ecommerce,Pune,51.46,Series A,Vertex Ventures Southeast Asia & India,2025,August
Enmovil,Logistics,Hyderabad,49.8,Series A,Sorin Investments,2025,August
Peeko,Consumer Services,Bengaluru,26.56,Seed,Stellaris Venture Partners,2025,August
Matiks,Media & Entertainment,Haveri,25.73,Pre-Series A,Tanglin Ventures,2025,August
Wastelink,Cleantech,New Delhi,24.9,Series A,Avaana Capital,2025,August
Harajuku Tokyo Cafe,Fooddtech,New Delhi,16.6,Seed,Indian Angel Network,2025,August
Cumin Co,Ecommerce,Gurugram,12.45,–,Fireside Ventures,2025,August
Anmasa,Ecommerce,Gurugram,9.13,Pre-Seed,–,2025,August
Nugen,Artificial Intelligence,Ahmedabad,8.3,Pre-Seed,Antler,2025,August
Vaave,Enteprise Tech,Hyderabad,6.2084,–,VCMint,2025,August
Hexafun,Ecommerce,Delhi,4.233,Seed,Prajay Advisors,2025,August
Nuyug,Ecommerce,New Delhi,2.3489,Pre-Seed,AJVC,2025,August
BhaoBhao,Consumer Services,Mumbai,1.66,–,–,2025,August
R For Rabbit,Ecommerce,Ahmedabad,224.1,Series B,"Filter Capital, 3one4 Capital",2025,August
Kiwi,Fintech,Bengaluru,199.2,Series B,Vertex Ventures,2025,August
Beyond Appliances,Ecommerce,Bengaluru,33.2,Series A,Fireside Ventures,2025,August
House Of Biryani,Consumer Services,Mumbai,29.88,–,-,2025,August
Mitra,Ecommerce,Gurugram,13.28,–,Bestvantage Investments,2025,August
PeelON,Enterprise Services,Vishakhapatnam,8.3,Seed,growX ventures,2025,August
Hexafun,Ecommerce,Delhi,4.2496,Seed,Prajay Advisors,2025,August
Famyo,Ecommerce,Bengaluru,3.7931,Seed,I'n Angel Fund,2025,August
ZenZebra,Consumer Services,Delhi,,Seed,Rukam Capital,2025,August
Truemeds,Healthtech,Mumbai,539.5,Series C,—,2025,August
Zepto,Consumer Services,Bengaluru,379.31,—,Motilal Oswal Financial Services Ltd,2025,August
Darwinbox,Enterprise Tech,Hyderabad,332.0,—,Ontario Teachers’ Pension Plan,2025,August
Ultraviolette,Cleantech,Bengaluru,174.3,—,TDK Ventures,2025,August
Arintra,Enterprise Tech,US,174.3,Series A,Peak XV Partners,2025,August
Dashverse,Media & Entertainment,Bengaluru,107.9,Series A,Peak XV Partners,2025,August
Lifelong Online,Ecommerce,New Delhi,107.9,—,—,2025,August
Pronto,Consumer Services,Gurugram,91.3,Series A,"General Catalyst, Glade Brook Capital",2025,August
Elivaas,Travel Tech,Gurugram,83.0,Series B,Vertex Ventures,2025,August
Graas.ai,Artificial Intelligence (AI),Singapore,74.7,Series B,Tin Men Capital,2025,August
Refold AI,Artificial Intelligence (AI),Bengaluru,53.95,Seed,"Eniac Ventures, Tidal Ventures",2025,August
Olee Space,Advanced Hardware & IoT,Pune,24.9,Seed,—,2025,August
Holiday Tribe,Travel Tech,Gurugram,24.9,Pre-Series A,Powerhouse Ventures,2025,August
Fairdeal.Market,Ecommerce,Gurugram,24.9,Pre-Series A,Incubate Fund Asia,2025,August
Manastu Space Technologies,Advanced Hardware & IoT,Mumbai,24.9,Series A,Capital-A,2025,August
Comminent,Advanced Hardware & IoT,Bengaluru,16.6,—,Transition VC,2025,August
Spike AI,Artificial Intelligence (AI),Bengaluru,15.77,Pre-Seed,Sorin Investments,2025,August
Trackk,Fintech,New Delhi,8.3,Seed,—,2025,August
The Sleep Company,Ecommerce,Mumbai,453.18,Series D,—,2025,August
RENEE Cosmetics,Ecommerce,Ahmedabad,249.0,Series C,Playbook Partners,2025,August
Fibe,Fintech,Pune,207.5,Debt,Franklin Templeton Alternative Investments Fund,2025,August
SuperGaming,Media & Entertainment,Pune,124.5,Series A,"Skycatcher, Steadview Capital",2025,August
Jeh Aerospace,Advanced Hardware & Technology,Hyderabad,91.3,Series A,Elevation Capital,2025,August
Zype,Fintech,Mumbai,85.49,—,Unleash Capital Partners,2025,August
DPDPZero,Fintech,Bangalore,58.1,Series A,GMO Venture Partners,2025,August
TurboHire,Artificial intelligence (AI),Hyderabad,49.8,Series A,IvyCap Ventures,2025,August
Mitigata,Fintech,Delhi,48.97,Series A,Nexus Venture Partners,2025,August
TPlusA India,Ecommerce,Bangalore,48.14,Seed,Livspace,2025,August
Cautio,Advanced Hardware & Technology,Bangalore,24.9,Seed,—,2025,August
OUTZIDR,Ecommerce,Bangalore,24.9,Pre-Series A,RTP Global,2025,August
HYLENR,Clean Tech,Hyderabad,24.9,Pre-Series A,"Valour Capital, Chhattisgarh Investments",2025,August
Zepto,Consumer Services,Bangalore,24.07,—,MapmyIndia,2025,August
CodeKarma,Artificial intelligence (AI),Bangalore,20.75,Pre-Seed,"Prosus, Accel, Xeed Ventures",2025,August
Xovian Aerospace,Advanced Hardware & Technology,Bangalore,20.75,Pre-Seed,"Piper Serica, Turbostart",2025,August
Nuuk,Ecommerce,Gurugram,16.6,Series A,—,2025,August
DesignX,Enterprise Tech,Noida,16.6,—,—,2025,August
EON Space Labs,Advanced Hardware & Technology,Hyderabad,9.96,Pre-Series A,MGF Kavachh,2025,August
MangoPoint,Ecommerce,Chennai,8.3,Pre-Series A,Inflection Point Ventures,2025,August
Fraganote,Ecommerce,New Delhi,8.3,Pre-Series A,Rukam Capital,2025,August
Shotgun Games,Media & Entertainment,Mumbai,8.3,Seed,—,2025,August
Gladful,Ecommerce,Jaipur,7.5779,—,Eternal Capital,2025,August
Terafac,Advanced Hardware & Technology,Chandigarh,6.64,Pre-Seed,Inuka Capital,2025,August
Prozo,Logistics,Gurugram,,—,Ranbir Kapoor,2025,August
Safe Security,Enterprise Tech,New Delhi,581.0,Series C,Avataar Venture Partners,2025,July
Metaforms,AI,Bengaluru,74.7,Series A,Peak XV Partners,2025,July
STAN,Media & Entertainment,Chennai,70.55,Series A,-,2025,July
Arivihan,Edtech,Indore,34.86,Pre-Series A,"Prosus, Accel",2025,July
Sharpsell.ai,Enterprise Tech,Mumbai,28.22,Series A,Equentis Angel Fund,2025,July
Drizz,AI,Bengaluru,22.41,Seed,Stellaris Venture Partners,2025,July
Littlebox,Ecommerce,Noida,17.43,Seed,"Huddle Ventures, Prath Ventures",2025,July
Snooplay,Ecommerce,New Delhi,7.6028,Pre-Series A,Pravek Family Office,2025,July
Zepto,Consumer Services,Bengaluru,7.1131,–,Elcid Investments,2025,July
Heizen,Enterprise Services,New Delhi,4.15,Pre-Seed,Titan Capital,2025,July
Passport Trips,Travel Tech,Mumbai,4.15,Pre-Seed,Aroa Venture Partners,2025,July
ILine,Logistics,Noida,4.15,–,-,2025,July
Genexis Biotech,Health Tech,Vadodara,3.7931,Seed,GVFL,2025,July
Vahan.ai,AI,Bengaluru,,–,Temasek,2025,July
Gupshup,Enterprise Tech,Mumbai,498.0,–,-,2025,July
Netrasemi,Advanced Hardware & Technology,Thiruvananthapuram,102.92,Series A,Zoho Corporation,2025,July
SuperK,Consumer Services,Bengaluru,95.45,Series B,3STATE Ventures,2025,July
Kluisz.ai,Artificial Intelligence (AI),Bengaluru,79.68,Seed,RTP Global,2025,July
EduFund,Fintech,Ahmedabad,49.8,Series A,Cercano Management,2025,July
EVeez,Travel Tech,Gurugram,44.82,Series A,Michael & Susan Dell Foundation,2025,July
Enlite Research,Enterprise Tech,Mumbai,43.99,Series A,Avaana Capital,2025,July
iTuring.AI,Artificial Intelligence (AI),Bengaluru,41.5,Series A,"Dallas Venture Capital, Mela Ventures",2025,July
Sugar Cosmetics,Ecommerce,Mumbai,41.5,–,Anicut Capital,2025,July
Escape Plan,Ecommerce,Bengaluru,41.5,Seed,"Jungle Ventures, Fireside Ventures",2025,July
Hudle,Enterprise Tech,Delhi,20.75,Series A,Sky Impact Capital,2025,July
Grexa AI,Artificial Intelligence (AI),Thane,14.94,Seed,Utsav Somani,2025,July
ANNY,Ecommerce,Gurugram,9.96,Pre-Series A,Atomic Capital,2025,July
Ammunic Systems,Advanced Hardware & Technology,Bengaluru,9.13,Seed,"India Accelerator, Finvolve",2025,July
Inbound Aerospace,Advanced Hardware & Technology,Chennai,8.3,Pre-Seed,Speciale Invest,2025,July
Plenome Technologies,Enterprise Tech,Chennai,6.2416,Seed,Ovington Capital Partners,2025,July
Bharatsure,Fintech,Mumbai,5.7602,–,Inflection Point Ventures,2025,July
ApClub,Consumer Services,Bengaluru,1.9173,Pre-Seed,Curefit,2025,July
Coluxe,Ecommerce,New Delhi,,–,-,2025,July
Magma,Enterprise Services,Ahmedabad,,–,GVFL Limited,2025,July
Roast Foods,Ecommerce,Pune,,–,Pagariya Exports Pvt Ltd,2025,July
KlugKlug,Enterprise Services,New Delhi,,–,-,2025,July
QpiAI,Advanced Hardware & Technology,Bengaluru,265.6,Series A,"Avataar Ventures, National Quantum Mission",2025,July
Truemeds,Healthtech,Mumbai,166.0,Series C,Peak XV Partners,2025,July
Phi Commerce,Fintech,Pune,48.97,Series B,BEENEXT,2025,July
KNOT,Consumer Services,Bengaluru,24.9,Pre-Series A,Kae Capital,2025,July
Trupeer.AI,Artificial intelligence (AI),Bengaluru,24.9,Seed,RTP Global,2025,July
Omspace Rocket & Exploration,Advanced Hardware & Technology,Ahmedabad,24.9,Pre-Seed,-,2025,July
Vaaree,Ecommerce,Bengaluru,17.43,Pre-Series A,"PeerCapital, Peak XV Surge",2025,July
CureFit,Health Tech,Bengaluru,16.6,–,First Luxembourg SCA,2025,July
DCG Tech,Ecommerce,Gurugram,14.11,Pre-Series A,GVFL,2025,July
Zuppa,Advanced Hardware & Technology,Chennai,12.45,–,Rahul Dewan,2025,July
Deep Algorithm,Enterprise Tech,Hyderabad,10.79,–,Unicorn India Ventures,2025,July
Dial4242,Health Tech,Gurugram,9.13,Pre-Series A,IAN Group,2025,July
The Wedding Company,Consumer Services,Bengaluru,8.3,Pre-Seed,LVX,2025,July
Navana.ai,Artificial intelligence (AI),Mumbai,6.7396,Pre-Series A,Antler India,2025,July
Unibose,Advanced Hardware & Technology,Chennai,5.3037,Pre-Series A,O2 Angels,2025,July
Zulu Club,Consumer Services,Gurugram,2.075,Pre-Seed,TDV Partners,2025,July
Parkobot,Advanced Hardware & Technology,Kolkata,2.0169,Seed,Inflection Point Ventures,2025,July
Enercomp,Advanced Hardware & Technology,Ahmedabad,1.9256,–,-,2025,July
CosMoss,Ecommerce,Gurugram,,Seed,Malika Sadani,2025,July
Onetab.ai,Artificial intelligence (AI),Bengaluru,,–,"Hyperscope, Elrise",2025,July
Fire AI,Artificial intelligence (AI),Mumbai,,Pre-Seed,Venture Catalysts,2025,July
Infinity Fincorp,Fintech,Mumbai,581.0,-,Partners Group,2025,July
Varthana,Fintech,Bengaluru,154.38,Debt,-,2025,July
Khetika,Ecommerce,Bengaluru,149.4,Series B,"Narotam Sekhsaria Family Office, Anicut Capital",2025,July
InPrime Finserv,Fintech,Bengaluru,49.8,Series A,Pravega Ventures,2025,July
Chai Bisket,Media & Entertainment,Hyderabad,41.5,Seed,"InfoEdge Ventures, General Catalyst",2025,July
Belong,Fintech,Bengaluru,41.5,Seed,Elevation Capital,2025,July
Clean Fanatics,Consumer Services,Bengaluru,16.6,Seed,Inflection Point Ventures,2025,July
Cookd,Ecommerce,Chennai,16.6,Pre-Series A,Spring Marketing Capital,2025,July
Gramik,Agritech,Lucknow,16.6,-,-,2025,July
Green Aero,Advanced Hardware & Technology,New Delhi,13.28,Seed,pi Ventures,2025,July
AMAMA,Ecommerce,New Delhi,8.3,-,Mistry Ventures,2025,July
WiseLife,Ecommerce,Gurugram,7.7356,Seed,Rukam Capital,2025,July
Linkrunner,AI,Bengaluru,4.648,-,Titan Capital,2025,July
Divine Hindu,Ecommerce,Gurugram,1.5023,Seed,-,2025,July
Jeh Aerospace,Advanced Hardware & Technology,Hyderabad,,-,Indigo Ventures,2025,July
LdotR,Enterprise Services,New Delhi,,-,"Basil Moftah, Mark Garlinghouse",2025,July
Qoruz,Media & Entertainment,Bengaluru,,Pre-Series A,Chennai Angels,2025,July
Jumbotail,Ecommerce,Bengaluru,996.0,Series D,"SC Ventures, Artal Asia",2025,July
Infra.Market,Real Estate Tech,Thane,415.0,Debt,Mars Growth Capital,2025,July
InCred Finance,Fintech,Mumbai,388.44,Debt,"Morgan Stanley, Nippon Life India",2025,July
Eggoz,Ecommerce,Gurugram,166.0,Series C,"Gaja Capital, IvyCap Ventures, Rebright Partners, Avaana Capital, NABVENTURES, Merisis Opportunities Fund, Arvind Thakur, S Ramadorai, Artek Chemicals, Blue Dot Capital",2025,July
AppsForBharat,Consumer Services,Bengaluru,166.0,Series C,"Susquehanna Asia VC, Fundamentum, Elevation Capital, Peak XV Partners",2025,July
Aukera,Ecommerce,Bengaluru,124.5,Series B,"Peak XV Partners, Fireside Ventures, Sparrow Capital, Prath Ventures, Alteria Capital",2025,July
Bambrew,Enterprise Services,Bengaluru,87.15,Series B,"Ashok Goel, Enrission India Capital",2025,July
Eeki,Agritech,Kota,58.1,Series A,Sixth Sense Ventures,2025,July
Zango AI,Artificial Intelligence (AI),Indore,39.84,Seed,"Nexus Venture Partners, South Park Commons, Notion Capital, No Label Ventures, Start Ventures",2025,July
Maieutic Semiconductor,Advanced Hardware & Technology,Bengaluru,34.86,Seed,"Endiya Partners, Exfinity Venture Partners",2025,July
Luma Fertility,Health Tech,Mumbai,33.2,Seed,"Peak XV, Ameera Shah, Vijay Taparia",2025,July
GobbleCube,Artificial Intelligence (AI),Gurugram,29.05,Pre-Series A,"InfoEdge Ventures, Kae Capital",2025,July
Loopworm,Health Tech,Bengaluru,27.39,Pre-Series A,"WaterBridge Ventures, Enrission India Capital",2025,July
CIMware,Advanced Hardware & Technology,Bengaluru,19.09,Pre-Series A,Transition VC,2025,July
Sthyr Energy,Cleantech,Chennai,8.3,Seed,"Speciale Invest, Antares Ventures",2025,July
Astrophel Aerospace,Advanced Hardware & Technology,Pune,6.64,Pre-Seed,-,2025,July
Lamark Biotech,Health Tech,Bengaluru,6.3661,Pre-Series A,"IAN Alpha Fund, Vinayender Tulla, Nita Roy, Venkataraman KNK",2025,July
FitFeast,Ecommerce,New Delhi,5.3452,Seed,"Inflection Point Ventures, Raghav Singhal, Santosh Govindaraju, Abhishek Chopra, Aabhas Khanna",2025,July
Garaaz,Enteprise Tech,Jaipur,4.4073,Seed,GVFL,2025,July
FES Cafe,Foodtech,Gurugram,2.9133,Seed,Wolfpack Labs,2025,July
AjnaLens,Advanced Hardware & Technology,Thane,,-,Lenskart,2025,July
Raphe mPhibr,Advanced Hardware & Technology,Noida,830.0,-,"General Catalyst, Think Investments, Amal Parikh",2025,June
GIVA,Ecommerce,Bengaluru,514.6,-,"Creaegis, Premji Invest, Epiq Capital, Edelweiss Discovery Fund",2025,June
EKA Mobility,Cleantech,Pune,190.9,-,Enam Holdings,2025,June
ShopOS,Artificial Intelligence (AI),Ahmedabad,166.0,Seed Round,3STATE Ventures,2025,June
GoKwik,Fintech,New Delhi,107.9,-,"RTP Global, Z47, Peak XV Partners, Think Investments",2025,June
Sahi,Fintech,Mumbai,87.15,Series A,"Accel, Elevation Capital",2025,June
Fabheads,Advanced Hardware & Technology,Chennai,83.0,Series A,"Accel, Trifecta Capital",2025,June
Kazam,Cleantech,Bengaluru,51.46,Series B,"International Finance Corporation, Vertex Ventures SEA & India, Avaana Capital",2025,June
Flipspaces,Real Estate Tech,Mumbai,48.97,-,Asiana Fund,2025,June
StayVista,Travel Tech,Mumbai,41.5,Series B,"JSW Ventures, DSG Consumer Partners, Capri Global Family Office",2025,June
Rabitat,Ecommerce,New Delhi,38.18,Series A,"RPSG Capital, DSG Consumer Partners, Capital A, Accurize Syndicate, Flair Writing Family Office, Eagle Venture Fund, AG Ventures, Vedang Patel, Harsh Lal, Rohin Samtaney, Ramakant Sharma, Sourabh Jain, Ankit Nagori",2025,June
ZILO,Consumer Services,Mumbai,37.35,Seed Round,"Info Edge Ventures, Chiratae Ventures",2025,June
Evera Cabs,Travel Tech,New Delhi,33.2,Debt Round,Mufin Green Finance,2025,June
Coratia Technologies,Advanced Hardware & Technology,Rourkela,16.6,Pre-Series A,MGF-Kavachh,2025,June
Fantail,Enterprise Services,Surat,13.28,Seed Round,"Riverwalk Holdings, Incubate Fund Asia, All in Capital",2025,June
Armory,Advanced Hardware & Technology,Gurugram,12.45,-,"growX Ventures, Industrial 47, Antler, AC Ventures, Dexter Ventures",2025,June
Jobizo,Enterprise Tech,Gurugram,11.62,Pre-Series A,"Inflection Point Ventures, Alkemi Ventures",2025,June
Skippi,Ecommerce,Hyderabad,11.62,Pre-Series A,-,2025,June
AuraML,Artificial Intelligence (AI),Bengaluru,8.3,Pre-Seed,"Turbostart, DeVC, GSF Accelerator, Indian Angel Network",2025,June
Innovodigm,Health Tech,Kolkata,5.3369,Seed,IAN Group,2025,June
Truliv,Real Estate Tech,Chennai,,-,"Bennett, Coleman & Co",2025,June
WIOM,Consumer Services/ Enterprise Services,New Delhi,290.5,-,"Bertelsmann India Investments, Accel, Prosus, Promaft Partners, RTP global",2025,June
POP,Fintech,Bengaluru,249.0,-,Razorpay,2025,June
Oben Electric,Cleantech,Bengaluru,95.45,Series A,"Helios Holdings, Sharda family office, Kay family",2025,June
Techfino,Fintech,Bengaluru,62.25,-,"Stellaris Venture Partners, Saison Capital",2025,June
Saswat Finance,Fintech,Mumbai,21.58,Pre-Series A,"Ankur Capital, Incubate Fund Asia",2025,June
illumine,Enterprise Tech,Chennai,20.75,Seed,Prime Venture Partners,2025,June
Darwix AI,Artificial Intelligence,Gurugram,12.45,-,"Rebalance, IPV, JITO Incubation and Innovation Foundation, Growth Sense, Growth91, Ankit Nagori, Sanjay Suri, Amit Lakhotia, Mekin Maheshwari",2025,June
7 Ring,Ecommerce,Mumbai,3.8346,Pre-Series A,"Venture Catalysts, Anchorage Capital Partners, Sheth family office",2025,June
Nuvie,Ecommerce,Bengaluru,3.735,Pre-Seed,PedalStart,2025,June
Xportel,Logistics,Delhi,,Seed,"Rukam Sitara, Flipkart Ventures",2025,June
Decentro,Fintech,Bengaluru,30.0,Series B,InfoEdge Ventures,2025,June
Sanlayan Technologies,Defence Electronics,Bengaluru,186.0,Series A,"Gemba Capital, Singularity Ventures, and Shastra VC",2025,June
Roomstory.ai,AI,Gurugram,3.0,Pre-seed,Rukam Sitara Fund,2025,June
Vecmocon Technologies,Deep-tech,New Delhi,149.4,Series A,EIF,2025,June
CRED,Fintech,Bengaluru,617.0,Down Round,GIC’s Lathe Investment,2025,June
Flick TV,OTT platform,Noida,19.09,Seed round,Stellaris Venture Partners,2025,June
Kazam,Electric mobility,Bengaluru,49.8,Series B,Vertex Ventures,2025,June
Wow! Momo,QSR,Kolkata,85.0,Debt Round,Stride Ventures,2025,June
PowerUp Money,Wealthtech,Bengaluru,58.93,Seed round,Accel,2025,June
FlexiLoans,NBFC,Mumbai,375.0,Series C,BII,2025,June
Garuda Aerospace,Drone startup,Chennai,8.3,Funding round,Narotam Sekhsaria Family Office,2025,June
Piston,Digital payment,Chennai,50.63,Seed round,"Spark Capital, Pear VC and BOND",2025,June
Leumas,Deeptech,Bengaluru,18.26,Seed round,Capital 2B,2025,June
Machaxi,Sportstech,Bengaluru,12.45,Funding Round,"Rainmatter, Prakash Padukone",2025,June
Knest,Construction-tech,Pune,300.0,Funding Round,Lighthouse,2025,June
MetaShot,Gaming,Bengaluru,2.0,Covertible Debt,Karnataka Govt’s Venture Fund,2025,June
Repello AI,AI security,Bengaluru,9.96,Seed Funding,Venture Highway,2025,June
GIVA,D2C Jewellery,Bengaluru,450.0,Series C,Creaegis,2025,June
Kisah,Men’s ethnicwear,Kolkata,13.0,Funding Round,Wow Momo,2025,June
Iom Bioworks,Deep science,Bengaluru,4.0,Seed Funding,Inflection Point Ventures,2025,June
PlutoPe,Decentralized finance (DeFi),Gurugram,5.0,Pre-seed Round,Manit Gupta,2025,June
Spinny,Used car platform,Gurugram,249.0,Series F,WestBridge Capital,2025,June
Qubeats,Quantum Computing,Telangana,24.153,Grant (Prize Money),Corporate: iDEX,2025,June
Nxt Meal,Food Tech,Karnataka,6.225,Seed,-,2025,June
The Tarzan Way,Online Travel,Delhi,1.9339,Seed,Inflection Point Ventures,2025,June
LoanTap,Alternative Lending,Maharashtra,52.207,Series B,July Ventures,2025,June
LoanTap,Alternative Lending,Maharashtra,19.339,Venture Debt,-,2025,June
Plush,Personal Care Products,Tamil Nadu,38.678,Series B,Blume Ventures,2025,June
Naagin Sauce,Food & Beverage,Maharashtra,17.43,Seed,8i Ventures,2025,June
Khari Foods,Online Grocery,Delhi,2.905,Seed,Meri Punji,2025,June
Stride Green,Green SME Loans,Haryana,29.05,Seed,"Micelio Tech Fund, Incubate Fund India",2025,June
Handpickd,Online Grocery,Delhi,20.999,Seed,"Genesia Ventures, Beenext",2025,June
Gully Labs,Fashion Tech,Uttar Pradesh,1.0707,Venture Debt,Stride Ventures,2025,June
Manipal Group,"Education, Healthcare",Karnataka,4980.0,Conventional Debt,KKR,2025,June
GyanDhan,Higher Education Tech,Delhi,48.555,Series A,"Pravega Ventures, Gray Matters Capital",2025,June
Shapoorji Pallonji,Real Estate,Maharashtra,622.5,Conventional Debt,"Synergy, Cerberus Capital Management",2025,June
Udaan,B2B E-Commerce,Karnataka,946.2,Series G,"M&G, Samena Capital",2025,June
Pepperfry,Home Improvements,Maharashtra,41.998,Series F,Norwest Venture Partners,2025,June
Spense,Investment Tech,Karnataka,15.355,Seed,GrowthCap Ventures,2025,June
Samunnati,Agri-financing,Tamil Nadu,48.472,Conventional Debt,Elevar Equity,2025,June
Samunnati,Agri-financing,Tamil Nadu,50.0,Strategic Investment,-,2025,June
Farmako,HealthTech,Uttarakhand,,Seed,"Genesia Ventures, Y Combinator",2025,June
Snitch,D2C Menswear Brand,-,332.0,Growth,"360 One Asset, IvyCap, SWC Global, Ravi Modi Office",2025,June
Stable Money,FinTech,-,166.0,Series A,"Fundamentum, Aditya Birla Ventures, Lightspeed",2025,June
Decentro,API Banking / Fintech,-,30.0,Series B,"InfoEdge Ventures, Y Combinator",2025,June
Biopeak,Wellness & Longevity,-,24.9,Seed,"Claypond Capital, Rainmatter",2025,June
Kosmc AI,Social-Commerce Infrastructure,-,,Pre-Seed,-,2025,June
Atlanture Sports,Sports & Media,-,21.0,Strategic Investment,Rannvijay Singha,2025,June
True Diamond,Lab-Grown Diamond Jewellery,-,26.0,Pre-Series A,-,2025,June
Upurfit,Sports Wellness,-,,Strategic Investment,Jonty Rhodes (Angel Investor),2025,June
Stable Money,Wealthtech,Bengaluru,166.0,Series B,The Fundamentum Partnership Fund,2025,May
Mufin Green,EV Financier,New Delhi,149.4,Debt Funding,US-based institution,2025,May
Slikk,Fashion Delivery,Bengaluru,83.0,Series A,Nexus Venture Partners,2025,May
Citykart,Value fashion retailer,Gurugram,538.0,Series B,"TPG NewQuest, A91",2025,May
EUME,Premium Travel Luggage Brand,Mumbai,25.0,Series A,Ashish Kacholia,2025,May
Fleetx.io,SaaS,Gurugram,113.0,Series C,Indiamart Intermesh and BEENEXT’s Accelerate Fund,2025,May
Frinks AI,Manufacturing AI,Bengaluru,44.82,Pre-Series A,Prime Ventures Partners,2025,May
Contineu,Deeptech,US,9.96,Seed Funding,SenseAI Ventures,2025,May
Orbitt Space,Spacetech,Ahmedabad,8.3,Pre-seed funding,"Pi Ventures, IIMA Ventures",2025,May
Myntra,Fashion ecommerce,Bengaluru,1029.2,-,FK Myntra Holdings,2025,May
GROWiT,Agritech,Surat,24.9,Series A,GVFL,2025,May
Saarathi Finance,NBFC,Mumbai,475.0,Funding round,Equity Capital,2025,May
ILIOS 72 Alternative Capital,Wealth Management,Gurugram,1.0,Seed Funding,Group of family offices,2025,May
Snabbit,Quick service app,Mumbai,157.7,Series B,Lightspeed,2025,May
Simply Nam,Beauty brand,Mumbai,,-,Bhaane Group,2025,May
Cleevo,Home hygiene,Nashik,8.3,Seed Round,Eternal Capital,2025,May
Ziniosa,Luxury Fashion Brand,Bengaluru,,-,Inflection Point Ventures (IPV),2025,May
KhiladiPro,Sporttech,Bengaluru,8.3,Pre-seed,Shastra VC and,2025,May
Snitch,Fashion,Bengaluru,280.0,Series B,360 Asset Management Fund,2025,May
Unbound,Enterprise AI security and governance,Pune,33.2,Seed Funding,Race Capital,2025,May
Battery Smart,Battery swapping,New Delhi,240.7,Series B,Rising Tide Energy,2025,May
Euler Motors,EV,New Delhi,638.0,Series D,Hero MotoCorp,2025,May
Cloudsek,Cybersecurity,Bengaluru,157.7,Fresh Funding,Tenacity Ventures and Commvault,2025,May
CureBay,Healthtech,Bhubaneshwar,174.3,Series B,Series B,2025,May
Miraggio,Fashion,Gurugram,53.95,Institutional Round,RPSG Capital Ventures,2025,May
Tan90,Deep-tech,Chennai,20.0,Series A,NABVENTURES,2025,May
Misfits,Community Platform,Gurugram,5.0,Seed Round,Info Edge Ventures and Better Capital,2025,May
Mythik,Media Technology,Mumbai,124.5,Seed Round,Sakal Media Group,2025,May
Biostate AI,Biotech,US,99.6,Series A,Accel,2025,May
Data Sutram,Fintech,Mumbai,74.7,Series A,"B Capital, Lightspeed",2025,May
Zoca,Agentic AI,Gurugram,49.8,Funding Round,Accel,2025,May
Promethean Energy,Cleantech,Mumbai,16.6,Pre-Series A,Transition VC,2025,May
Shuru,Social media,Gurugram,,Series A,Krafton India,2025,May
ALT CARBON,Deeptech,Kolkata,99.6,Seed Round,Lachy Groom,2025,May
BlackCarrot,D2C dinnerware,Mumbai,,Pre-seed funding,Venture Catalysts,2025,May
OpenFX,FX infrastructure,US,190.9,Seed Round,Accel,2025,May
KSKT,Agri-commerce,Gurugram,10.79,Equity and Debt Round,Keiretsu Forum and Favcy’s 1stCheque Angel Network,2025,May
Farmley,Snacking,Noida,332.0,Series C,L Catterton,2025,May
Avammune Therapeutics,Healthtech,Bengaluru,99.6,Series A,Capital 2B,2025,May
Celebal Tech,IT services provider,Jaipur,124.5,Series B,"InCred Growth Partners Fund-I and Norwest Capital, LLC",2025,May
Citrus Freight,Shipping,Bengaluru,2.5,Bridge Round,"Caret Capital, Indigram Labs Foundation",2025,May
M1xchange,Supply Chain Financing,Gurugram,83.0,secondary deal,Filter Capital,2025,May
Hyperbots,AI,Mumbai,53.95,Seed Funding,Arkam Ventures and Athera Venture Partners,2025,May
Biryani Blues,QSR,Gurugram,41.5,Pre-series C,Yugadi Capital,2025,May
Be Clinical,Skincare,Mumbai,2.0,Seed Round,Titan Capital,2025,May
JSW One,B2B e-commerce,Mumbai,340.0,-,"Principal Asset Management, OneUp, JSW Steel",2025,May
TIEA Connectors,B2B ESDM (Electronic System Design and Manufacturing),Bengaluru,22.0,Funding Round,Jamwant Ventures And Valour Capital,2025,May
Flam,Mixed Reality Content,Bengaluru,116.2,Series A,RTP Global,2025,May
Adopt AI,Agentic AI,Bengaluru,49.8,Seed Round,Elevation Capital,2025,May
ReelSaga,Mobile-first entertainment,Mumbai,17.43,$2.1 Mn,Picus Capital,2025,May
BlueStone,Omnichannel jewellery,Bengaluru,40.0,Debt Funding,BlackSoil and Caspian Impact Investments,2025,May
VFlowTech,Vanadium redox flow battery,Kolkata,170.15,Funding Round,Granite Asia,2025,May
ContraVault AI,Tender and RFP management,Delhi,5.1,Seed Funding,Titan Capital,2025,May
Third Bracket,Hiring Platform,Bengaluru,5.0,Seed Round,HNIs,2025,May
LUZO,"Marketplace for salons, spas, and wellness clinics",Mumbai,4.565,Seed Funding,Enrission India Capital,2025,May
Complement1,Healthtech,US,132.8,Seed Funding,Owl Ventures and Blume Ventures,2025,May
Hocco,Ice Cream Brand,Ahmedabad,83.0,Series B,Chona family office and Sauce.vc,2025,May
NapTapGo,Pod Hotel,Noida,2.0,Pre-Seed Round,IPV,2025,May
MedVital,MedTech,New Delhi,8.4,Pre-seed funding,4point0 Health Ventures,2025,May
1-India Family Mart,Value retail chain,Delhi,99.6,Series D,Gulf Islamic Investments,2025,May
Zenergize,EV,Gurugram,16.6,Seed Funding,"Mohit Tandon, Himanshu Aggarwal",2025,May
Nobel Hygiene,Disposable hygiene,Mumbai,166.0,Funding Round,Neo Asset Management,2025,May
Fyn Mobility,EVaaS,Chennai,20.75,Funding Round,"Vijay Kedia, Lloyd Balajadia, Rahul Bothra",2025,May
Volt14,Battery Tech,Bengaluru,15.521,Pre-Series A,Blume Ventures,2025,May
Store My Goods,Storage Solutions,Noida,4.0,Growth Funding Round,JITO Incubation and Innovation Foundation (JIIF) and family offices,2025,May
Alt DRX,Digital Real Estate,Bengaluru,23.0,Funding Round,Qatar Development Bank,2025,May
Lifechart,Gut Wellness,Gurugram,2.988,Seed Funding,"Prajay Advisors, Prakash Mody, and Jayendra Shah",2025,May
Celcius Logistics,Cold chain aggregator,Mumbai,250.0,Series B,"Eurazeo, Omnivore",2025,May
91trucks,Commercial vehicle marketplace,Delhi,43.0,Funding Round,Arkam Ventures,2025,May
Troovy,Kids-focused nutrition food brand,Gurugram,20.0,Pre-Series A,Fireside Ventures,2025,May
Nawgati,Fuel aggregator,Noida,20.75,Pre-Series A,Ajay Upadhyaya,2025,May
KorinMi,Korean skin clinic,Gurugram,3.0,Pre-Seed,Vikas Agarwal,2025,May
The Good Bug,Gut health-focused,Mumbai,100.0,Series B,Susquehanna Asia,2025,May
InspeCity,Spacetech,Mumbai,46.48,Seed Funding,Lucky Investment Managers,2025,May
Insurance Samadhan,Insurance,Noida,8.5,Strategic Funding Round,Innovito Ventures,2025,May
Flipspaces,Interior design and contracting,Mumbai,290.5,Series C,Iron Pillar,2025,May
Routematic,Transport-as-a-service,Bengaluru,332.0,Series C,Fullerton Carbon Action Fund and Shift4Good,2025,May
Shiplog,Logistics-Tech,Gurugram,6.5,Seed Round,Deepak Bhagnani Family Office,2025,May
BlissClub,Women-focused direct-to-consumer,Bengaluru,33.0,Pre-Series B,Elevation Capital,2025,May
Posha,Kitchen Robotics,Posha,66.4,Series A,Accel,2025,May
PB Healthcare,Healthtech,Gurugram,1809.4,Equity funding round,"General Catalyst, PB Fintech",2025,May
Vaya,AI,New Delhi,12.45,Funding Round,"Accel, Arkam Ventures",2025,May
High Time Foods,Food-tech,Bengaluru,9.96,Funding Round,Avaana Capital,2025,May
Zebu,Defense Tech,Hyderabad,8.3,Pre-Series A,Bluehill VC,2025,May
Feline Spirits,Craft alcoholic beverage,New Delhi,5.2,Pre-Series A,IPV,2025,May
GoTrust,Privacy compliance,Noida,3.32,Pre-Seed,Aevitas Capital,2025,May
Footprints Preschool & Daycare,Early childhood education and daycare,Noida,62.25,Series A,Tanglin,2025,May
Porter,Logistics,Bengaluru,1660.0,Series F,Kedaara Capital and Wellington Management,2025,May
Uni Seoul,Lifestyle,Pune,5.0,Seed Funding,Sauce VC,2025,April
Malaki,Beverage,Mumbai,5.7,Seed Funding,Venture Catalysts,2025,April
Care.fi,Healthcare Fintech,Gurugram,6.0,Debt Round,RevX,2025,April
Metafin,NBFC,Mumbai,83.0,Series A,Vertex Ventures SEAI,2025,April
Mugafi,AI,Gurugram,24.9,Seed Round,StartupXseed,2025,April
CollegeDekho,Edtech,Gurugram,40.0,Debt Funding,Recur Club,2025,April
Primebook,Android Laptop,Delhi,16.6,Pre-Series A,Inflection Point Ventures,2025,April
Scandalous Foods,B2B Indian sweets,Nashik,2.0,Seed Round,New Age India Fund,2025,April
Kult,Beauty Tech,Mumbai,166.0,Series A,M3M Family Office,2025,April
Stimuler,Edtech,Bengaluru,31.125,Pre-Series A,"Lightspeed, SWC Global",2025,April
QNu,Cyber Security,Bengaluru,60.0,Series A,NQM,2025,April
Vividobots,Robotics,Chennai,1.47,Seed Round,Inflection Point Ventures,2025,April
HexaHealth,Healthtech,Gurugram,99.6,Series A,Orios Venture Partners and 3one4 Capital,2025,April
SatLeo Labs,Space Tech,Ahmedabad,27.39,Pre-seed Round,Merak Ventures,2025,April
Sadhav Offshore,Maritime Service,Mumbai,25.0,Equity Round,Negen Capital,2025,April
Anveshan,D2C Food,Gurugram,48.0,Series A,Wipro Consumer Care,2025,April
Salt Oral Care,Pre-Series A,Mumbai,8.3,Pre-Series A,Lotus Holdings,2025,April
Ivana Jewels,Lab-grown Diamonds,Surat,2.0,Seed Round,Avinya Ventures,2025,April
Fuze,Digital Assets Infrastructure,Abu Dhabi,101.26,Series A,Galaxy and e& Capital,2025,April
Kaleidofin,Fintech,Chennai,43.99,Funding Round,IDH Farmfit Fund,2025,April
Finodaya Capital,Non-banking financial company,Indore,20.75,Seed Funding,White Venture Capital,2025,April
Ivory,Healthcare,New Delhi,8.3,Funding Round,"IIM-A Ventures, Capital-A",2025,April
MatBook,Construction Tech,Gurugram,6.225,Pre-Seed Round,"Seedstars International Ventures, Fluent Ventures and Everywhere Ventures",2025,April
Rebel Foods,Cloud Kitchen,Mumbai,207.5,Series G,Qatar Investment Authority,2025,April
DevAssure,SaaS,Chennai,,Pre‑Seed Funding,Eximius Ventures,2025,April
Poshs Metal,Steel Processing,Pune,43.0,Funding Round,Aavishkaar Capital,2025,April
MyDesignation,D2C Fashion,Thiruvananthapuram,10.375,Seed Funding,Multiply Ventures,2025,April
Emversity,Edtech,Bengaluru,41.5,Pre-Series A Round,Z47 and Lightspeed,2025,April
Vayudh,Drone Startup,New Delhi,83.0,Funding Round,Dharana Capital,2025,April
BankBazaar,Loan Sourcing,Chennai,55.0,Funding Round,"Muthoot Fincorp, Walden International",2025,April
SaveIN,Fintech,New Delhi,37.0,Funding Round,"10X Founders, Oliver Jung, Leblon Capital, Stem AI",2025,April
Intellicar,Fabric,Bengaluru,112.05,Series A,Nuveen,2025,April
GreenGrahi,Agri-biotech,New Delhi,32.0,Funding Round,Avaana Capital,2025,April
Rimigo,Travel Tech,Bengaluru,4.565,Pre-Seed Round,Reazon Capital,2025,April
Optimized Electrotech,Deeptech,Ahmedabad,49.8,Series A,Blume Ventures and Mela Ventures,2025,April
V SAFE,IoT,Thanjavur,2.49,Seed Funding,Priya Parthasarathy,2025,April
SportsSkill,Sports Technology,Pune,,Pre-Seed Funding,Waimea Bay Investments,2025,April
Jupiter International,Solar solutions,Kolkata,500.0,-,ValueQuest SCALE Fund,2025,April
Cura Care,Oral Care,Bengaluru,5.0,Pre-Seed,Zeropearl VC,2025,April
Noto,Ice Cream Brand,Mumbai,21.0,Angel Fund,Equentis,2025,April
BeastLife,Nutrition Brand,Gurugram,1.9,-,Rinku Singh,2025,April
CENTA,Education,Bengaluru,20.0,Series A1,Colossa Ventures,2025,April
Jewelbox,D2C lab-grown diamond jewellery,Kolkata,26.56,pre-Series A,V3 Ventures,2025,April
Rio Innobev,Beverage Startup,Pune,10.0,Pre-Series A,Atomic Capital,2025,April
OfBusiness,B2B commerce,Gurugram,100.0,-,Cornerstone Ventures,2025,April
Nothing Before Coffee,QSR coffee chain,Jaipur,19.09,Pre-Series A,Prath Ventures,2025,April
Peppermint Robotics,Robotics,Pune,33.2,Series A,Indian Angel Network,2025,April
Garuda Aerospace,Aerospace,Chennai,100.0,Series B,Venture Catalysts,2025,April
Magma,B2B manufacturing,Ahmedabad,41.5,Series A,Capria Ventures,2025,April
IPEC,EV charging,Mumbai,24.9,-,Gruhas,2025,April
JetSynthesys,Digital entertainment and technology,Pune,,-,Krafton,2025,April
Easebuzz,B2B Fintech,Pune,249.0,Funding Round,Bessemer,2025,April
Asha Ventures,Venture Capitalist,Mumbai,83.0,Funding Round,British International Investment (BII),2025,April
Vimano,Nanotech,Bengaluru,25.0,Seed Round,Ankur Capital,2025,April
Innovist,Beauty Products,Gurugram,136.0,Series B,ICICI Venture,2025,April
CalligoTech,AI,Bengaluru,9.13,Pre-Series A,Seafund and Artha Venture Fund,2025,April
Juspay,Fintech,Bengaluru,498.0,Series D,Kedaara Capital,2025,April
Sadbhav Future Tech,Agri-Renewable,Gurugram,36.0,Pre-IPO Round,Chanakya Opportunities Fund,2025,April
SiglQ.ai,Edtech,-,78.85,Seed Round,The House Fund and GSV Ventures,2025,April
OUTZIDR,D2C Apparel,Bengaluru,30.0,Seed Round,Stellaris Venture Partners,2025,April
DaveAI,AI,Bengaluru,,Pre-Series A,Inflection Point Ventures,2025,April
Cautio,Visual Telematics,Bengaluru,11.0,Seed Round,"9Unicorns, Venture Catalysts, Antler India, Infinyte Club, Ministry of Electronics and IT (MeitY)",2025,April
AgroStar,Agritech,Pune,55.61,Funding Round,Accel India,2025,April
Eat Better,D2C Snacking,Jaipur,17.0,Pre-Series A,Prath Ventures and Spring Marketing Capital,2025,April
Amicco,B2B marketplace,Gurugram,8.3,Seed Funding,Eximius,2025,April
Let's Try,D2C Snack Brand,Delhi,20.75,Funding Round,SWC Global,2025,April
PARÉ Innovations,building material segment,Mumbai,70.55,Funding Round,Advenza Global Limited,2025,April
Bhagva,Digital Spirituality,Delhi,8.3,Pre-Series A,Pradeep Nain,2025,April
Noise,Wearables,Gurugram,166.0,Funding Round,Bose Corporation,2025,April
Xindus,Cross-border Logistics,Gurugram,83.0,Pre-Series A,3one4 Capital and Orios Venture Partners,2025,April
Eloelo,Live Social Entertainment,Bengaluru,112.05,Series B,Play Ventures,2025,April
AskMyGuru,Spiritual-tech,Bengaluru,9.96,Seed Round,Lumikai,2025,April
Bower,Edtech,Hyderabad,11.5,Seed Funding,High-Net-Worth Individuals (HNIs) and Astir Ventures,2025,April
Mosaic Wellness,Health and wellness,Mumbai,166.0,-,Think Investment,2025,April
GreenLine Mobility Solutions Ltd.,Green Logistics,Surat,166.0,-,Nikhil Kamath,2025,April
Koparo,D2C,New Delhi,14.11,Pre-Series A,Saama Capital,2025,April
Lehlah,Influencer Commerce,Mumbai,12.5,Seed Funding,Gruhas,2025,April
Spinny,Used-car sales,Gurugram,1087.3,Funding Round,Accel Leaders Fund,2025,April
Tvaster Genkalp,Healthtech,Chennai,10.375,Pre-Series A,Ideaspring Capital,2025,April
Evenflow,Multi-brand,Mumbai,41.5,Series A,"Venture Catalysts, Sunder Ramachandran",2025,April
Wendor,Smart Vending,Delhi,20.75,Seed Funding,Elanpro,2025,April
Stance Health,Healthtech,Bengaluru,8.3,Pre-Seed,General Catalyst,2025,April
The Bear House,D2C Menswear,Bengaluru,50.0,Series A,JM Financial Private Equity,2025,April
DeCharge,EV Charging Solutions,Hyderabad,20.75,Seed Funding,Lemniscap,2025,April
YatriKart,Transit Retail,Indore,,Series A,MMG Group,2025,April
Argos Watches,Luxury watch brand,Surat,6.5,Angel Funding Round,Group of high-net-worth Indian investors,2025,April
Better Nutrition,Biofortified food brand,Lucknow,10.0,Seed Funding,Family offices and high-net-worth individuals (HNIs),2025,April
InnerGize,D2C mental health tech,Mumbai,4.5,Pre-Seed,Antler,2025,April
Infinity Fincorp,NBFC,Mumbai,332.0,Series A,Beams Fintech Fund,2025,April
Fur Jaden,Luggage and lifestyle brand,Mumbai,9.13,Pre-Series A,Gruhas Collective Consumer Fund,2025,April
Flipkart Internet,Marketplace,Bengaluru,3249.0,-,Flipkart Marketplace Private Limited in Singapore,2025,April
Pratilipi,Storytelling App,Bengaluru,166.0,Series E Round,Jungle Ventures,2025,April
RapidClaims,AI Revenue Cycle Management,Akola,91.3,"Series A, Seed Round","Accel, Together Fund",2025,April
FurtherAI,AI Assistants,US,41.5,Funding Round,Nexus Venture Partners,2025,April
Sweet Karam Coffee,Foods and Beverages,Chennai,66.4,Series A,Peak XV Partners,2025,April
Scapia,Travel fintech,Bengaluru,332.0,Series B,Peak XV Partners,2025,April
Perkant Tech,Healthtech,Vishakhapatnam,6.6,Seed Funding,YourNest Venture Capital,2025,April
DriverShaab,B2B mobility solutions provider,Patna,2.8,Pre-Series A,Inflection Point Ventures,2025,April
Tonbo Imaging,Defence tech,Bengaluru,175.0,Series D pre-IPO funding round,"Florintree Advisors, Tenacity Ventures and the Export-Import Bank of India",2025,April
Aerem Solutions Private Limited,Solartech,Mumbai,100.0,Funding Round,UTEC,2025,April
Alienkind,Juice Brand,Bengaluru,9.96,Seed Funding,"Prakash Sikaria, Ravi Iyer, Arpan Sheth",2025,April
Nexthop AI,AI,US,913.0,Funding Round,Lightspeed Venture Partners,2025,March
Abound,Finance,US,116.2,Seed Funding,NEAR Foundation,2025,March
smallcase,Online investment platform,Bengaluru,415.0,Series D,Elev8,2025,March
Country Delight,Dairy products brand,Gurugram,207.5,Equity Round,"Temasek, V-Sciences Investments",2025,March
Apna Mart,FMCG Chain,Bengaluru,214.0,Equity and Funding Round,Accel and Fundamentum,2025,March
DCDC Kidney Care,Health Service,New Delhi,150.0,-,ABC Impact,2025,March
Curefoods,Cloud Kitchen,Bengaluru,54.78,-,"BlackSoil, Binny Bansal and Caspian Investments",2025,March
SHOEGR,Shoe care,Chandigarh,0.83,Pre-Seed Round,PedalStart,2025,March
Otipy,Agritech,Gurgaon,16.6,Venture Debt,Nuvama,2025,March
Slikk Club,Fashion Delivery,Bengaluru,26.56,Seed Round,Lightspeed,2025,March
Protectt.ai,Mobile App Security,Gurgaon,76.0,Series A,Bessemer Venture Partners,2025,March
Nivara Home Finance,Housing loan,Bengaluru,245.0,Series B,True North,2025,March
Pilgrim,D2C Beauty Brand,Bengaluru,200.0,Mix of Primary and Secondary Funding,NSFO,2025,March
Chai Kings,Chai Retail,Chennai,24.9,Series A,A.V. Thomas and Co,2025,March
Qila Games,Gaming,Bengaluru,8.3,Pre-seed Funding,Chimera VC,2025,March
Lighthouse PropTech,PropTech,Mumbai,20.75,Funding Round,Turbostart,2025,March
Iyaso,Speech Therapy,Pune,4.15,Pre-Seed Funding,Malpani Ventures,2025,March
My Pahadi Dukan,D2C Wellness,Jalandhar,,Pre-Seed Funding,Inflection Point Ventures,2025,March
Navadhan,Fintech,Mumbai,111.0,Series A,NabVentures,2025,March
Asper.ai,AI-powered supply chain,Bengaluru,166.0,-,Fractal,2025,March
Everhope Oncology,Healthcare,Delhi and Mumbai,83.0,Seed Funding,-,2025,March
Harvested Robotics,AI,Hyderabad,5.0,Seed Round,Arali Ventures,2025,March
Broadway,D2C,Mumbai,,Strategic Investment,Gruhas,2025,March
Nourish You,Plant-based Nutrition,Hyderabad,16.0,Series A,Sidbi Venture Capital,2025,March
iHub Robotics,Humanoid robotics,Ernakulam,4.3,Pre-Seed Funding,U.S. investors,2025,March
Hypergro.ai,AI,Bengaluru,7.0,Pre-Series A,Eternal Capital,2025,March
GoOAT,D2C nutrition,Gurugram,,Pre-Seed Round,Sirona,2025,March
Go Zero,Ice Cream,Mumbai,30.0,Series A,"DSG Consumer Partners, Saama Capital and V3 Ventures",2025,March
Yummy Bee,Café chain,Hyderabad,18.0,Funding,Mile Deep Capital,2025,March
Zolve,Cross-border NeoBank,Bengaluru,2083.3,Series B,"Creaegis, HSBC, SBI Investment, GMO Venture Partners",2025,March
Scimplify,Chemicals Startup,Bengaluru,332.0,Series B,"Accel, Bertelsmann India, UMI, Omnivore and 3one4 Capital",2025,March
Purple Style Labs,Omnichannel Luxury Fashion,Mumbai,332.0,Series E,"SageOne Flagship Growth OE Fund, Alchemy Long Term Ventures Fund, Bajaj Holdings and Investment, and Minerva Ventures Fund",2025,March
AmpereHour Energy,Energy Storage,Pune,41.5,Series A,Avaana Capital,2025,March
goSTOPS,Backpacker Hostel,New Delhi,34.86,Series A,Blume Ventures,2025,March
indē wild,Ayurvedic Skincare,Mumbai,41.5,Seed Round,"Unilever Ventures, SoGal Ventures, The Global Ventures",2025,March
Zuppa,Drone Manufacturing,Chennai,,Strategic Investment,Garuda Aerospace,2025,March
Swish,Food Delivery,Bengaluru,116.2,Series A,"Hara Global Capital, Accel India",2025,March
Gainhub.Ai,,Haryana,0.83,Pre-Series,Growth Strategy Ventures,2025,March
MapMyCrop,Agritech,Pune,15.7,Seed Funding,"YourNest Venture Capital, Eaglewings Venture",2025,March
MaxIQ (formerly Gyaan AI),AI,Bengaluru,64.74,Seed Funding,"Dell Technologies Capital, Intel Capital",2025,March
Phot.AI,AI,Gurugram,22.41,Seed Funding,"Info Edge Ventures, Together Fund, AC Ventures",2025,March
InsuranceDekho,Insurtech,Gurugram,581.0,Funding Round,"Beams Fintech Fund, Japan’s Mitsubishi UFJ Financial Group (MUFG), and insurer BNP Paribas Cardif",2025,March
Beacon.li,AI,San Fracisco,58.1,Series A,Sorin Investments,2025,March
Darwinbox,HR technology,Mumbai,1162.0,Undisclosed Round,Partners Group and KKR,2025,March
Nuuk,D2C home appliances,Gurugram,41.5,Series A,"Vertex Ventures SEAI, Good Capital",2025,March
Geniemode,B2B Cross-Border E-commerce,Gurugram,415.0,Series C,"Multiples Alternate Asset Management, Fundamentum, Paramark Ventures, Info Edge Ventures",2025,February
Bridgetown Research,SaaS - Research Analytics,Bengaluru,157.7,Funding Round,"Lightspeed, Accel",2025,February
Oxyzo,Fintech - NBFC Lending,Gurugram,100.0,Debt Funding,AK Capital Finance,2025,February
Quick Clean,Linen Management - SaaS,Gurugram,50.0,Series A + Debt Funding,"Alkemi Growth Capital, Blue Ashva Capital, Rs 10 crore ($1.15M) credit line from Venture Debt Cos",2025,February
Dr. Reddy’s Laboratories,Pharmaceutical Company,Hyderabad,30.0,Strategic Investment,Acquired a 0.32% stake by Go Digit (Insurtech - Investments),2025,February
FanTV,Content - Blockchain/Sui Network,Noida,24.9,Strategic Investment,"Mysten Labs, Cypher Capital, CoinSwitch Ventures, Illuminati Capital",2025,February
Vidyut,EV Full-Stack Platform,Bengaluru,20.75,Funding Round,Flourish Ventures,2025,February
HiWiPay,Fintech - Cross-border Payments,Mumbai,16.6,Seed Round,"Unicorn India Ventures, Dewang Neralla's Family Office, Jupiter Metaverse LLP, Ritesh Malik, Mitesh Shah, Nilesh Doshi",2025,February
Technodysis,IT - Cloud & DevOps Solutions,Bengaluru,10.0,Debt Funding,Recur Club,2025,February
Sisir Radar,Spacetech - SAR Satellite Imaging,Kolkata,12.45,Seed Round,"Shastra VC, Riverwalk Holdings, INVSTT",2025,February
Jobizo,HRTech - Healthcare Staffing Solutions,Gurugram,11.62,Pre-Series Funding,Alkemi Growth Capital,2025,February
Astrogate Labs,Spacetech - Satellite Communications,Bengaluru,10.79,Pre-Series Funding,Piper Serica Angel Fund,2025,February
Triple Tap Games,Gaming - Game Development,Mumbai,9.96,Pre-Seed Round,"Eximius Ventures, Kalaari Capital, Angel Investors from Entertainment & Gaming Community",2025,February
Dodo Payments,Fintech - Payments Infrastructure,Bengaluru,9.13,Pre-Seed Round,"Antler, 9Unicorns, Venture Catalysts, Nitin Gupta, Maninder Gulati, Raymond Russell, Preethi Kasireddy, Nishant Verman",2025,February
Ritualistic,Home Decor - D2C Brand,Gurugram,8.3,Secondary + Primary Funding,"Deep Bajaj, Mohit Bajaj",2025,February
Earthful,Plant-Based Nutrition - D2C Wellness,Hyderabad,5.0,Seed Round,Srinivasan Namala,2025,February
Pickkup,Logistics - Hyperlocal Deliveries,Gurugram,4.15,Seed Round,"We Founder Circle (WFC), Angel Investors",2025,February
Make in Box,Deeptech - Engineering Solutions,Gurugram,2.158,Pre-Series Funding,"Mile Deep Works, Mile Deep Capital",2025,February
Lightstorm,Cloud & Data Centre Networking,Gurugram,700.0,Funding Round,NIIF Infrastructure Finance Limited (NIIF IFL),2025,February
Udaan,B2B E-commerce,Bengaluru,622.5,Series G,Series G Equity Funding,2025,February
Waterfield Advisors,Wealth Advisory - Fintech,Mumbai,149.4,Funding Round,Jungle Ventures (Primary & Secondary Investment),2025,February
Spyne,AI-Powered Visual Merchandising - AutoTech,Gurugram,132.8,Series A,"Vertex Ventures, Accel, Storm Ventures, Alteria Capital",2025,February
The Whole Truth,Clean Label Health Food - D2C,Mumbai,124.5,Series C,"Sofina, Z47, Peak XV Partners, Sauce.VC",2025,February
Singulr AI,Enterprise AI Solutions,Bengaluru,83.0,Seed Round,"Nexus Venture Partners, Dell Technologies Capital",2025,February
Dogsee Chew,D2C Pet Treats,Bengaluru,66.4,Series B,"Ektha.com, Shivanssh Holdings, Poddar Family Office",2025,February
Rare Rabbit,Omnichannel Fashion Retailer,Bengaluru,50.0,Growth Funding,A91 Partners,2025,February
Ikonz Studios,Digital Avatars & Holography - AI/VR,Hyderabad,41.5,Pre-Series A,"Marc Jordan, Ramana Thummu, Madhusudan Kela, Akash Bhanshali",2025,February
Probus Smart Things,IoT & Data Analytics,Noida,41.5,Series A1,"Unicorn India Ventures, US-based & Indian Family Offices",2025,February
Swish Club,Devices-as-a-Service - DaaS,Bengaluru,37.35,Pre-Series A,"Powerhouse Ventures, Blume Ventures, Founders Fund, Touchstone Ventures, Eternal Capital, Atrium Ventures",2025,February
OneTab AI,Workplace SaaS - AI Solutions,Indore,27.39,Seed Round,"LIT Fund, Orbit, Singapore Family Office, SOSV, Sunil Kumar Singhvi, Founders",2025,February
Almonds Ai,Loyalty & Rewards Platform - SaaS,Gurugram,16.0,Seed Round,"Promoters of Haldiram’s, JITO Incubation & Innovation Foundation (JIIF), Venture Catalysts, Ever Grow Capital, Nine ALPS",2025,February
NOTO Ice Cream,D2C - Health Foods,Mumbai,15.0,Growth Funding,"Inflection Point Ventures (IPV), JITO Incubation & Innovation Foundation, LetsVenture",2025,February
Dynolt Technologies,Deeptech - AI & Analytics,Bengaluru,14.11,Seed Round,"Transition VC, Yashowardhan Shah",2025,February
You Care Lifestyle,Independent Verification - E-commerce,Mumbai,8.3,Funding Round,"Luke Coutinho, Narendra Firodia",2025,February
Healthfab,D2C - Reusable Period Panties,Bengaluru,8.3,Pre-Series A,"Mistry Ventures, BeyondSeed, Thrive Ventures, Anupam Mittal, Aman Gupta, Vineeta Singh, Peyush Bansal",2025,February
BYTES,AI-Powered ADAS for Two-Wheelers - MobilityTech,Pune,0.2,Grant,Nikhil Kamath’s WTFund (2024 Cohort),2025,February
EnCharge AI,AI Chips - Semiconductor,California,830.0,Series B,Tiger Global,2025,February
ToneTag,Digital Payments - Fintech,Bengaluru,647.4,Funding Round,"ValueQuest Scale Fund, Iron Pillar",2025,February
SpotDraft,Contract Lifecycle Management - CLM SaaS,Bengaluru,448.2,Series B,"Vertex Growth Singapore, Trident Partners, Xeed VC, Arkam Ventures, Prosus Ventures, Premji Invest",2025,February
Zeta,Banking Tech - Fintech SaaS,Hyderabad,415.0,Investment Round (Valued at $2B),Strategic Investor,2025,February
75F,Commercial HVAC Automation - IoT & AI,Bengaluru,373.5,Series B,"Accurant International's Net Zero Alliance, Carrier Global Corporation, Climate Investment, Breakthrough Energy Ventures, Next47, WIND Ventures",2025,February
Rapido,Mobility - Bike Taxi Services,Bengaluru,250.0,Series E,Prosus,2025,February
JQR,Affordable Footwear - D2C,Bahadurgarh,207.5,VC Funding (First Institutional),Venturi Partners,2025,February
Lucidity,Multi-Cloud Storage - SaaS,Bengaluru,174.3,Series A,"WestBridge Capital, Alpha Wave",2025,February
The Whole Truth,D2C Protein Bars - Foodtech,Mumbai,133.0,Series C,"Sofina Ventures, Peak XV Partners, Matrix Partners, Sauce.vc",2025,February
Nirmata,SaaS - Cloud Security,Bengaluru,79.68,Funding Round,"Peak XV’s Surge, Dallas Venture Capital, Dreamit, Z5 Capital, Uncorrelated Ventures",2025,February
BorderPlus,Global Workforce Mobility,Mumbai,58.1,Institutional Investment Round,Owl Ventures,2025,February
Bold Care,D2C Sexual Wellness - Healthtech,Mumbai,41.5,Series A,"Zerodha’s Rainmatter, Mithun Sacheti (CaratLane), Siddhartha Sacheti (Jaipur Diamond), Gruhas Collective Consumer Fund, Claris Capital",2025,February
CapGrid Solutions,B2B Manufacturing - Supply Chain SaaS,Gurugram,41.5,Funding Round,"Anicut Growth Fund, Nexus Venture Partners, Axilor Ventures",2025,February
Nivaan Care,Chronic Pain Management - Healthtech,Delhi,35.275,Seed Round,"Endiya Partners, W Health Ventures",2025,February
Toonsutra,Webtoon & Comics - MediaTech,Bengaluru,26.56,Seed Round,"Holtzbrinck Publishing Group, GMJP, T-Accelerate, Google, Graphic India",2025,February
Mysa,Unified Finance - Fintech SaaS,Bengaluru,23.24,Seed Round,"Blume Ventures, EMVC, Antler, Neon Fund, CIIIE, Sriharsha Majety (Swiggy), Mohit Kumar (Ultrahuman), Naiyaa Saagi (MyGlamm), Nitin Gupta (Uni)",2025,February
Eduvanz,Education Loan - Fintech,Mumbai,25.52,Bridge Funding Round,"Juvo Ventures, Capria Fund, Peak XV, Unitus Ventures",2025,February
ArthAlpha,Investment Tech - Wealthtech,Bengaluru,16.6,Seed Round,"DSP, Family Offices, Wealth Managers",2025,February
Anscer Robotics,Deeptech - Robotics,Bengaluru,16.6,Seed Round,Info Edge Ventures,2025,February
The Energy Company,EV Battery Solutions,Bengaluru,16.6,Pre-Series A,"Siana Capital, Callapina Capital, Z21 Ventures, 1Crowd, LetsVenture, other investors",2025,February
Future AGI,AI Infrastructure,Bengaluru,13.28,Pre-Seed Round,"Powerhouse Ventures, Snow Leopard Ventures, AngelList Quant Fund, Saka Ventures, Swadharma Source Ventures, 30+ industry stalwarts",2025,February
Cogniquest,Intelligent Document Processing - SaaS AI,Bengaluru,9.96,Seed Round,"Cedar IBSI Capital, Dexter Venture, AngelList, Congniphy US",2025,February
Raincheck Earth Co.,Alcoholic Beverage - D2C,Delhi,9.96,Pre-Series A,"Japanese Investors, AngelList India Syndicate",2025,February
Rupeeflo,Fintech - Lending Platform,Bengaluru,8.3,Pre-Seed Round,Piper Serica Angel Fund,2025,February
GoRally,Pickleball Chain - Sports,Bengaluru,6.6,Pre-Seed Round,"Sujeet Kumar, Mohit Kumar, Vatsal Singhal, Viren Singhvi, Kartik Kapoor, Abhishek Goyal, Deepak Singh, Arjun Vaidya, Bharat Founders Fund",2025,February
StepOut,Sports Tech - Performance Analysis,Bengaluru,,Seed Round,"Rainmatter (Nithin Kamath), IndigoEdge, Marwah Sports Group, Misfits Capital",2025,February
LegUp,Caregiving Tech - Family & Wellness,Washington,2.0,Pre-Seed Round,Bluebridge Capital Private Limited,2025,February
Croft Beverages,Sustainable Tea - AgriTech D2C,Coimbatore,1.0375,Pre-Seed Round,"Angel Investors from tea, sustainability, IT, biotech sectors",2025,February
Myntra,E-commerce - Fashion,Bengaluru,672.3,Capital Infusion,Flipkart (Parent Company),2025,February
Captain Fresh,Seafood Supply Chain,Bengaluru,250.0,Pre-IPO Funding Round,"Prosus Ventures, Accel, Tiger Global, family office of Sriharsha Majety (Swiggy), Sid Khanna, Sunjay Kapur, Shivalik Prints",2025,February
TrueFoundry,AI Deployment & Scaling,Bengaluru,157.7,Series A,"Intel Capital, Eniac Ventures, Peak XV’s Surge, Jump Capital, Gokul Rajaram, Mohit Aron, Cyan Banister, Fortune 1000 executives",2025,February
Cognida.ai,Enterprise AI Solutions,Hyderabad,124.5,Series A,Nexus Venture Partners,2025,February
HairOriginals,D2C Hair Extensions & Wigs,Gurugram,43.5,Series A,"Anicut Growth Fund, 12 Flags Consumer Holdings, Peyush Bansal (Lenskart)",2025,February
Nua,Women’s Wellness & Hygiene,Mumbai,35.0,Pre-Series C,"Mirabilis Investment Trust, Samir Singh (Colgate Palmolive), Shuchi Kothari (DSP Family Office)",2025,February
Scentials,D2C Wellness,Mumbai,34.6,Debt & Equity,"Indus Way Emerging Market Fund, TIW Private Equity",2025,February
Dreamfly Innovations,Battery Tech,Bengaluru,12.0,Seed Round,"Avaana Capital, Sunicon Ventures",2025,February
Mealawe,Foodtech,Pune,8.3,Funding Round,"Shark Tank founders, FDI, angel investors from Goldman Sachs, Oracle",2025,February
Fitspire,Health & Nutrition,Delhi,8.3,Bridge Round (Pre-Series A),"McDonald's India (North & East) Promoter Anant Agarwal, MM Agrawal Group (MMG), AKG financials",2025,February
Quicklend,Secured Lending,Bengaluru,6.75,Pre-Seed Round,"Inuka Capital, Eximius Ventures, Upsparks Capital, GrowX, strategic angel investors",2025,February
Babynama,Digital Pediatric Care,New Delhi,,Seed Round,"Good Capital, Amplify, Abhishek Gupta (Fashinza), Ankit Gupta (Bicycle Health), Akshay Saxena (Avanti), Dhruv Dhanraj Bahl (Ex-BharatPe)",2025,February
Presage Insights,IoT & AI Predictive Maintenance,Faridabad,5.6,Seed Round,YourNest Venture Capital (YourNest-SanchiConnect Velocity Program 2024),2025,February
PlaySuper,Gaming Commerce,Gurugram,4.15,Seed Round,"IAN Angel Fund, 100X.VC, angel investors (Uday Sodhi, KRS Jamwal, Pratham Mittal, Rajit Bhattacharya, Ankit Das)",2025,February
Origamis AI,GenAI Startup,Bengaluru,4.15,Seed Round,"Vikas Gautam, Naveen Agarwal",2025,February
Astra Security,Cybersecurity,New Delhi,22.41,Funding Round,"Emergent Ventures, The Neon Fund, Better Capital, Blume Ventures, PointOne Capital",2025,February
Vahan.ai,AI Hiring Platform,Bengaluru,,Strategic Investment,Persol Group (Asia-Pacific HR Services Provider),2025,February
BonV Aero,Drone Manufacturing,Bhubaneswar,,Funding Round,Unicorn India Ventures,2025,February
COLUXE,Lab-grown Diamonds - LGD Brand,New Delhi,,Angel Round,"Angel Round (Launched by Priyanka Gill, Venture Partner at Kalaari Capital, Co-founder of Good Glamm Group)",2025,February
Meesho,E-commerce,Bengaluru,4150.0,Funding Round,"Tiger Global, Think Investments, Mars Growth Global, Peak XV Partners, WestBridge Capital",2025,January
Leap,Edtech - Student Mobility,Bengaluru,539.5,Primary and Secondary Equity,"Apis Growth Markets Fund III, Apis Global Growth Fund III, Owl Ventures, Jungle Ventures, Peak XV Partners",2025,January
Atomicwork,B2B SaaS,Bengaluru,207.5,Series A,"Khosla Ventures, Z47 (formerly Matrix Partners India), Battery Ventures, Blume Ventures, Peak XV Partners",2025,January
SuperOps,IT Management SaaS,Chennai,207.5,Series C,"March Capital, Lee Fixel’s Addition, Z47",2025,January
Innov8,Coworking,New Delhi,110.0,Primary Funding Round,"Mankind Pharma, Gauri Khan, Rupa Group, Jagruti Dalmia",2025,January
Geri Care Health Services,Senior Healthcare,Chennai,110.0,Funding Round,InvAscent (India Life Sciences Fund IV),2025,January
Emiza,Logistics,Mumbai,100.0,Series C,"Evolvence India, Mirabilis Investment Trust",2025,January
VoltUp,EV Infrastructure,Pune,66.4,Seed Round,EM Impact Capital (UK-based impact investment firm),2025,January
Astrome Technologies,Telecom - E-band Solutions,Bengaluru,83.0,Funding Round,"Apollo Fund, IAN Group",2025,January
Ambak,Fintech,Gurugram,58.1,Seed & Pre-Series A,"Peak XV’s Surge, Advantedge VC, DeVC, angel investors",2025,January
GrowXCD Finance,NBFC - MSME Lending,Chennai,50.0,Equity Funding,"Lok Capital, UC Impower",2025,January
Whizzo,Materials Science Manufacturing,Bengaluru,34.86,Seed Round,"Lightspeed, BEENEXT",2025,January
Bizloan,NBFC - SME Lending,Gurugram,35.0,Series A,"Michael & Susan Dell Foundation, BLinC Invest",2025,January
Salad Days,D2C Food,Gurugram,30.0,Series A,"V3 Ventures, Client Associates Alternate Fund (CAAF)",2025,January
CHK,D2C Footwear,Bengaluru,20.75,Funding Round,"Accel, Bluestone, individual investors",2025,January
MetaShot,Gaming - Console,Bengaluru,11.0,Equity & Debt,"Sauce.vc, Sharrp Ventures, Panthera Peak Capital",2025,January
Sammmm,Teen Self-care Brand,Mumbai,10.0,Seed Round,"Fireside Ventures, Sauce VC, Nihir Parikh, Sachin Parikh, Shantanu & Nikhil Mehra",2025,January
Origin Fresh,Fresh Produce D2C,Bengaluru,8.3,Pre-Seed Round,"Aeravti Ventures, Ultra HNIs",2025,January
Shoppin,Fashion Search Engine,India,8.3,Funding Round,InfoEdge Ventures,2025,January
ThinkMetal,Deeptech - Manufacturing,Chennai,,Pre-Series A,"YourNest Venture Capital, Concept Communications, Sanchi Connect",2025,January
Utsav,Spiritual & Devotion Platform,Kolkata,6.35,Funding Round,Equanimity Investments,2025,January
MedMitra AI,Healthtech - AI-driven Solutions,Jaipur,3.0,Funding Round,"All In Capital, WEH Ventures",2025,January
Dressfolk,D2C Handloom Clothing,New Delhi,,Funding Round,"Eternal Capital, along with D2C founders Ghazal Alagh (founder, Mamaearth) and Dhruv Koli (founder, Boba Bhai), with participation from Nobody Ventures and Eagle Wings Ventures",2025,January
Infra.Market,Construction Materials,Mumbai,1004.3,Funding Round,Tiger Global,2025,January
Nazara Technologies,Gaming & Media,Mumbai,495.0,Funding Round,"Axana Estates LLP, Arpit Khandelwal, Mithun Sacheti",2025,January
Ati Motors,Industrial Robotics,Bengaluru,166.0,Series B,"Walden Catalyst Ventures, NGP Capital, True Ventures, Exfinity Venture Partners, Athera Venture Partners, Blume Ventures",2025,January
Aris Infra Solutions,Tech-enabled Procurement,Mumbai,80.0,Pre-IPO Round,Mukul Agrawal (Param Capital),2025,January
Deconstruct,D2C Skincare,Bengaluru,65.0,Funding Round,"BOLD (L’Oréal’s VC Fund), V3 Ventures, DSG Consumer Partners, Kalaari Capital, Beenext",2025,January
VuNet Systems,Business Observability,Bengaluru,60.0,Series B,"Pravega Ventures, Kotak Securities, Mela Ventures, Athera Venture Partners, Dallas Venture Capital, TVS Capital Funds",2025,January
Medusa Beverages,Beer Manufacturing,Delhi,56.0,Series A,"Amal N Parikh, Ashwin Kedia, Ramesh Damani, Nikhil Garg, Crest Opportunities, HNIs (Singapore, UK, UAE)",2025,January
Snabbit,Quick Service App,Bengaluru,45.65,Series A,"Elevation Capital, Nexus Venture Partners, Vidit Aatrey, Sanjeev Barnwal, Gaurav Munjal, Niraj Singh",2025,January
Landeed,Property Title Search Engine,Hyderabad,41.5,Series X,"10x Founders Fund, Oliver Jung, Paradigm Shift, Pioneer Fund, others",2025,January
KisanKonnect,D2C Food Brand,Mumbai,37.35,Series A,"Mistry Ventures, Brand Capital, Shilpa Shetty, VC-Grid, Vishwang Desai",2025,January
BPR Hub,Compliance for Manufacturers,California,21.58,Seed Round,"Accel, Kae Capital",2025,January
Pipeshift,AI Infrastructure,San Francisco,20.75,Seed Round,"Y Combinator, SenseAI Ventures, Arka Venture Labs, Good News Ventures, others",2025,January
Zeelab Pharmacy,Healthcare,Delhi,19.92,Maiden Funding Round,OTP Ventures,2025,January
ProcureYard,B2B Raw Materials,Haryana,14.276,Seed Round,"Powerhouse Ventures, Java Capital, 2am VC, angels including Abhishek Goyal and Rajesh Sawhney",2025,January
Workie,Office Space Management,Indore,13.0,Equity Round,"Sunil Singhania Family Office, NAV Capital, Raman Roy, others",2025,January
Cancrie,Nanocarbon Materials,Jaipur,9.96,Seed Round,"Roots Ventures, IIMA Ventures",2025,January
Raaz App,Healthcare,Bengaluru,8.3,Funding Round,"Fireside Ventures, Campus Fund, Better Capital",2025,January
Postudio,Post-Production SaaS,Mumbai,8.3,Pre-Seed Round,Audacity Venture Capital,2025,January
Chelvies Coffee,Coffee & Dining Brand,Noida,8.3,Pre-Series A,Endurance Capital,2025,January
Krvvy,D2C Lingerie & Shapewear,Noida,6.1,Pre-Seed Round,"Titan Capital, All In Capital, angels such as Nikita Gupta, Emmanuel Suraj, and others",2025,January
Prantae Solutions,Deep Tech,Bhubaneswar,5.0,Seed Round,"IAN Group, IAN Alpha Fund, Samir Kalia, Deepank Kumar, Nitin Zamre",2025,January
Exsure,Biotech,Bhubaneswar,3.0,Seed Round,Unicorn India Ventures,2025,January
Dream Aerospace,Aerospace & Defense,Chennai,3.0,Pre-Seed Round,Inflection Point Ventures,2025,January
SVASTEK,Medtech,New Delhi,2.0,Seed Round,IAN Angel Fund,2025,January
JoySpoon,Mouth Freshener,Ahmedabad,0.56,Seed Round,"Dishit Nathwani, Prateek Toshniwal, others",2025,January
Aragen,Contract R&D and Manufacturing,Hyderabad,830.0,Investment Round,Quadria Capital,2025,January
Netradyne,AI & Edge Computing SaaS,Bengaluru,747.0,Series D,"Point72 Private Investments, Qualcomm Ventures, Pavilion Capital",2025,January
WeWork India,Flexible Workspace,Bengaluru,500.0,Rights Issue,Rights Issue,2025,January
Foxtale,D2C Skincare,Mumbai,249.0,Funding Round,"Kose Corporation, Z47 (Matrix Partners India), Kae Capital, Panthera Growth Partners",2025,January
Ecozen,Climate-Focused Deeptech,Pune,190.9,Debt Round,"responsAbility Investments AG, Northern Arc Capital Limited, Maanaveeya Development & Finance Private Limited",2025,January
BGauss,Electric Two-Wheeler Manufacturing,Pune,161.0,Funding Round,Bharat Value Fund (BVF),2025,January
MicroMitti,Proptech,Indore,90.0,Funding Round,"Prominent HNIs, family offices, and business leaders",2025,January
Sarla Aviation,Aerospace & Electric Flying Taxis,Bengaluru,83.0,Funding Round,Accel,2025,January
Skor Technologies,Credit & Financial Services,Bengaluru,51.46,Pre-Series A,"Argor Capital, QED Investors, Saison Capital, Digital Currency Group",2025,January
AstroSure.ai,Astro-Tech,Chennai,49.8,Seed Round,"Pradeep Dadha, others",2025,January
Emiza Supply Chain Services,Logistics & Warehousing,Mumbai,50.0,Funding Round,"Evolvence India, Mirabilis Investment",2025,January
Eccentric,Automotive 3D Tech,Mumbai,41.5,Pre-Series A,"Exfinity Venture Partners, Arkam Ventures",2025,January
WeVOIS,Waste Management,Jaipur,36.0,Series A,"Negen Capital, Vyom Wealth, Venture Catalysts, SN Capital, Warmup Ventures, Marsshot Ventures, others",2025,January
Boba Bhai,QSR - Bubble Tea,Bengaluru,30.0,Funding Round,8i Ventures,2025,January
Constelli,Defense Tech,Hyderabad,24.9,Pre-Series A,Pravega Ventures,2025,January
Fambo,Foodtech,Noida,21.0,Pre-Series A,"EV2 Ventures, Rajesh Sawhney, UHNIs",2025,January
TyrePlex,B2B Tyre Marketplace,New Delhi,20.0,Funding Round,"PeerCapital, Titan Capital Winners Fund, Sattva Family Office, others",2025,January
Zerocircle,Biotech - Seaweed Alternatives,Pune,20.0,Funding Round,"Rainmatter, 1Crowd, VC Grid, 7th Gen Ventures, Trudie Styler",2025,January
KisaanSay,Food Brand,Gurugram,16.6,Pre-Seed Round,"Jungle Ventures (First Cheque@Jungle), senior food industry leaders",2025,January
ErlySign,Healthtech,Nagpur,16.0,Pre-Series A,Ashish Kacholia,2025,January
OrbitAID,Spacetech,Bengaluru,12.45,Pre-Seed Round,"Unicorn India Ventures, TANSIM (Tamil Nadu Government)",2025,January
GreenStitch,Climate Tech - Fashion,Bengaluru,9.96,Seed Round,"Equirus InnovateX Fund, Ivycap Ventures, Warmup Ventures, Zeca Ventures",2025,January
ParkMate,Parking Management,Noida,9.96,Funding Round,"Cactus Partners, Venture Catalysts, Marwah Group Family Office",2025,January
RePut.ai,Supply Chain Solutions,Bengaluru,8.3,Pre-Seed Funding,"GrowthCap Ventures, angel investors",2025,January
Quash,AI Startup,Delhi,,Pre-Seed Funding,"Arali Ventures, Java Capital, PeerCheque, DeVC (Matrix Partners), Tracxn Co-founder",2025,January
House of Chikankari,D2C Ethnic Wear,New Delhi,4.0,Seed Round,"Tudip Ventures, Peyush Bansal (Lenskart), Ankit Nagori, others",2025,January
Tractor Factory,Agritech,Hoshiarpur,4.0,Pre-Seed Round,"All In Capital, Bharat Founders Fund, Devc, family offices",2025,January
Sukoon Unlimited,Agetech,Bengaluru,,Pre-Seed Round,"Anchorage Capital Partners, Vinay Jain, Manish Dureja, others",2025,January
Indiyanet,Commercial Mobility,Bhubaneswar,,Pre-Seed Funding,"PointOne Capital, angel investors",2025,January
Innovaccer Inc.,Healthcare AI,Bengaluru,2282.5,Series F (Primary & Secondary),"B Capital Group, Banner Health, Danaher Ventures LLC, Generation Investment Management, Kaiser Permanente, M12",2025,January
Oyo,Hospitality,Gurugram,550.0,Funding Round,Redsprig Innovation Partners (Ritesh Agarwal’s affiliated entity),2025,January
Infinity Fincorp Solutions,NBFC,Mumbai,290.5,Funding Round,"Jungle Ventures, Archerman Capital, Magnifico",2025,January
Botanic Healthcare,Nutraceutical,Hyderabad,250.0,Equity Financing,"Stakeboat Capital, Abakkus Four2Eight Opportunities Fund, DS Group",2025,January
Waycool,B2B Food & Agritech,Chennai,110.0,Debt Round,Grand Anicut,2025,January
GrayQuest,Edtech/Fintech,Mumbai,80.0,Series B (Equity),"IIFL Fintech Fund, Claypond Capital (Ranjan Pai Family Office), Pravega Ventures",2025,January
Vehant Technologies,Security & Surveillance,Noida,75.0,Mezzanine Round,True North’s Private Credit Fund,2025,January
Mintoak,SaaS,Mumbai,71.0,Secondary Funding,Z3Partners,2025,January
Beyond Snack,Banana Chips Brand,Alappuzha,68.89000000000001,Series A,12 Flags Group,2025,January
Emo Energy,Energy Tech,Bengaluru,51.46,Equity Funding,"Subhkam Ventures, Microtek Group, SRK Family Office, Transition VC",2025,January
Oben Electric,EV Manufacturing,Bengaluru,50.0,Series A,"Ambis Holding US, Kuberan Ventures, Karimjee Group, Mission Vertical, Sanjeev Saraf Family Office, Pravek Kalp Family Office, others",2025,January
RAS,Luxury Skincare,Raipur,41.5,Series A,"Unilever Ventures, Amazon Smbhav Venture Fund",2025,January
BrainSight AI,Deep-tech Neuroscience,Bengaluru,41.5,Pre-Series A,"IAN Alpha Fund, IvyCap Ventures, Silver Needle",2025,January
hBits,Commercial Real Estate,Mumbai,40.0,Series A,Capricon Realty Private Limited (Thackersey Group),2025,January
Zoplar,Medical Equipment Procurement,Gurugram,28.22,Series A,"Blume Ventures, Beenext, Saison Capital, Atrium Angels, Finfirst, LogX",2025,January
Moonrider,Electric Tractor Tech,Bengaluru,18.26,Seed Round,"AdvantEdge Founders, Micelio Technology Fund, angel investors",2025,January
Consint.AI,Healthtech,Noida,5.0,Funding Round,"Equanimity Ventures, Seafund",2025,January
NapTapGo,Affordable Hospitality,Noida,1.0,Equity Funding,Balmer Lawrie & Co Ltd,2025,January
KIBI Sports,Sports Tech,Bengaluru,,Pre-Seed Funding,"Angel Investors including Saurabh Aggarwal, Arpit Bhardwaj, Vartika Joshi, others",2025,January
