Investor,Total_Invested,Num_Investments,Last_Date,Top_Sub_Sectors,Top_Stages,Top_Cities,Avg_HHI,Avg_Unique_Leads,Last_Investment
Multiples,84116.15,32,2022-04-28,"Fintech, Edtech, Ecommerce","Unknown, Series D","Bangalore, Gurgaon, Mumbai",0.98,1.03,2022-04-28
Tiger Global,63193.06,61,2025-02-24,"Fintech, Other, Edtech","Private Equity, Series C, Series A","Bangalore, Mumbai, Gurgaon",0.62,2.18,2025-02-24
Unknown,49270.95,202,2025-10-22,"Fintech, Ecommerce, Healthcare","Unknown, Seed, Pre-Series A","Mumbai, Bangalore, Delhi",1.0,1.0,2025-10-22
Sequoia Capital,48454.24,122,2022-03-11,"Consumer Internet, Ecommerce, Fintech","Private Equity, Series A, Unknown","Bangalore, Mumbai, Gurgaon",0.51,2.53,2022-03-11
Softbank,48075.53,16,2024-09-26,"Consumer Internet, Ecommerce, Automotive","Private Equity, Unknown, Series B","Gurgaon, Bangalore, Delhi",0.57,2.5,2024-09-26
Tiger Global Maunknowngement,28986.92,29,2021-12-26,"Fintech, Edtech, Ecommerce","Private Equity, Unknown, Series D","Bangalore, Gurgaon, Delhi",0.54,2.26,2021-12-26
Accel,28472.46,125,2025-10-25,"Consumer Internet, Ecommerce, Fintech","Private Equity, Series A, Seed","Bangalore, Gurgaon, Mumbai",0.5,2.62,2025-10-25
Dst Global,25489.3,11,2021-11-06,"Fintech, Edtech, Automotive","Series A, Private Equity, Unknown","Bangalore, Gurgaon, Mumbai",0.48,2.91,2021-11-06
Falcon Edge,18755.09,9,2021-11-27,"Fintech, Automotive, Consumer Internet","Unknown, Private Equity, Series F","Bangalore, Gurgaon, Mumbai",0.47,2.5,2021-11-27
Falcon Edge Capital,16961.05,10,2021-11-25,"Ecommerce, D2C, Clothing","Private Equity, Series A, Unknown","Bangalore, Jaipur, Nan",0.39,3.0,2021-11-25
General Atlantic,16210.73,8,2022-01-15,"Edtech, Ecommerce, Real Estate","Unknown, Series D, Series C","Bangalore, Mumbai",0.62,2.3,2022-01-15
Owl Ventures,15023.0,6,2025-02-14,"Edtech, Global Workforce Mobility, Fintech","Unknown, Other, Series C","Bangalore, Mumbai, Gurgaon",0.58,2.11,2025-02-14
Nexus Venture Partners,14405.72,52,2025-09-21,"Consumer Internet, Healthcare, Edtech","Private Equity, Series A, Seed","Bangalore, Mumbai, Nan",0.57,2.36,2025-09-21
Others,14067.01,116,2025-01-24,"Consumer Internet, Technology, Healthcare","Seed, Private Equity, Other","Bangalore, Mumbai, Delhi",0.33,3.53,2025-01-24
Westbridge Capital,13399.67,24,2025-10-12,"Edtech, Fintech, Biketaxi Aggregator","Series B, Unknown, Series C","Bangalore, Mumbai, Nan",0.76,1.74,2025-10-12
Steadview Capital,12873.61,15,2025-08-02,"Fintech, Ecommerce, Edtech","Unknown, Private Equity, Debt","Bangalore, Mumbai, Delhi",0.52,2.71,2025-08-02
Lightspeed,12596.65,39,2025-06-23,"Consumer Internet, Fintech, Technology","Private Equity, Seed, Series A","Bangalore, Mumbai, Gurgaon",0.49,2.66,2025-06-23
Matrix Partners,10894.24,43,2025-02-16,"Fintech, Consumer Internet, Other","Private Equity, Series A, Seed","Bangalore, Nan, Mumbai",0.52,2.48,2025-02-16
General Catalyst,10089.48,20,2025-10-15,"Fintech, Healthcare, Media & Entertainment","Seed, Series A, Series B","Bangalore, Gurgaon, Hyderabad",0.52,2.33,2025-10-15
Baillie Gifford,9810.6,4,2024-12-10,"Food Devlivery, Car Aggregator & Retail Mobile, Media","Unknown, Private Equity, Other","Bangalore, Nan",0.4,3.0,2024-12-10
Alibaba,9213.0,5,2020-01-24,"Ecommerce, Consumer Internet, Other","Private Equity, Unknown","Bangalore, Nan, Delhi",0.72,2.0,2020-01-24
Bertelsmann India Investments,9048.98,11,2025-09-12,"Fintech, Ecommerce, Consumer Internet","Private Equity, Unknown, Series B","Delhi, Gurgaon, Ahmedabad",0.44,3.18,2025-09-12
Temasek,8922.14,11,2025-07-10,"Food, Car Trade, Dairy Products","Unknown, Private Equity, Series H","Mumbai, Gurgaon, Bangalore",0.54,2.18,2025-07-10
Vijay Shekhar Sharma,8717.5,13,2024-09-05,"Consumer Internet, Edtech, Ecommerce","Seed, Private Equity, Unspecified Round","Bangalore, Delhi, Noida",0.37,4.23,2024-09-05
Glade Brook Capital Partners,8499.2,2,2024-12-22,"Spacetech, Innovation Management","Other, Series H",Bangalore,0.33,4.0,2024-12-22
Flipkart,8450.65,10,2020-12-27,"Consumer Internet, Logistics, Fintech","Private Equity, Unknown, Seed","Bangalore, Delhi, Mumbai",0.56,2.62,2020-12-27
Saif Partners,8430.71,41,2021-06-27,"Consumer Internet, Ecommerce, Other","Private Equity, Seed, Unknown","Bangalore, Delhi, Mumbai",0.5,2.68,2021-06-27
Caunknownan Valley Capital,8300.0,1,2021-02-17,Innovation Management,Series H,Bangalore,0.5,2.0,2021-02-17
Norwest Venture Partners,8233.67,23,2025-06-16,"Technology, Fintech, Consumer Internet","Private Equity, Unknown, Series F","Bangalore, Chennai, Nan",0.53,2.56,2025-06-16
1Crowd And 1Fund,7977.13,1,2022-06-19,Logistics,Unknown,Mumbai,1.0,1.0,2022-06-19
B Capital,7914.05,5,2025-05-09,"Automotive And Rentals, Consumer Internet, Transport","Series D, Private Equity, Series A","Bangalore, Mumbai",0.42,2.83,2025-05-09
Schroder Adveq And Temasek Holdings,7698.25,1,2022-06-15,Eyewear,Series I,Delhi,1.0,1.0,2022-06-15
Peak Xv Partners,7665.19,21,2025-10-04,"Fintech, Ecommerce, Ai","Series A, Series C, Series B","Bangalore, Nan, Mumbai",0.55,3.05,2025-10-04
Think Investments,7619.4,8,2025-06-22,"Healthcare, Furniture, Fintech","Series B, Unknown, Series A","Mumbai, Bangalore, Gurgaon",0.43,2.89,2025-06-22
Kohlberg Kravis Roberts,7428.5,2,2021-05-16,"Fashion, Ecommerce",Unknown,"Delhi, Mumbai",0.5,2.0,2021-05-16
Altimeter Capital,7403.6,4,2019-11-27,"Saas, Technology, Doctor Appointment Booking","Private Equity, Series C, Series D","Bangalore, San Jose, Mumbai",0.41,3.25,2019-11-27
Hindustan Media Venture,7254.2,2,2021-07-14,"Hospitality, Fintech","Unknown, Series F",Gurgaon,0.75,1.5,2021-07-14
Bessemer Venture Partners,7228.0,23,2025-09-12,"Consumer Internet, Ecommerce, Technology","Private Equity, Series B, Unknown","Bangalore, Gurgaon, Mumbai",0.62,2.25,2025-09-12
Tpg Growth,7180.74,5,2022-02-17,"Consumer Internet, Other, Ecommerce","Private Equity, Series F, Series E","Mumbai, Nan, Delhi",0.33,3.33,2022-02-17
Blume Ventures,7111.34,75,2025-09-20,"Consumer Internet, Technology, Ecommerce","Private Equity, Seed, Pre-Series A","Bangalore, Mumbai, Delhi",0.47,2.99,2025-09-20
Kalaari Capital,7021.31,63,2025-10-10,"Technology, Ecommerce, Consumer Internet","Private Equity, Seed, Series A","Bangalore, Mumbai, Nan",0.58,2.29,2025-10-10
Fidelity,6976.98,3,2021-09-24,"Logistics, Social Commerce, Information Technology","Unknown, Series H","Gurgaon, Bangalore, Noida",0.5,2.0,2021-09-24
D1 Capital,6972.0,1,2021-11-06,Sports,Unknown,Mumbai,0.2,5.0,2021-11-06
Redbird Capital,6972.0,1,2021-11-06,Sports,Unknown,Mumbai,0.2,5.0,2021-11-06
Premji Invest,6931.3,10,2025-10-20,"Fintech, Ecommerce, Technology","Series B, Series C, Private Equity","Bangalore, Mumbai, Nan",0.52,2.58,2025-10-20
Ant Fiunknownncial,6913.9,3,2020-01-19,"Adtech, Ecommerce, Food","Unknown, Private Equity","Bangalore, Delhi, Nan",0.83,1.33,2020-01-19
Posh Vine,6775.29,1,2022-09-16,Fintech,Unknown,Bangalore,1.0,1.0,2022-09-16
Insight Partners,6732.96,5,2022-03-23,"Fintech, Software Development, Technology","Series B, Debt, Series D","Delhi, Bangalore, Chennai",0.58,2.0,2022-03-23
Tiger Global Maunknowngement And Sofiunknown,6652.45,1,2022-06-01,Fintech,Series F,Bangalore,1.0,1.0,2022-06-01
Sequoia India,6644.86,28,2020-08-02,"Fintech, Ecommerce, Technology","Private Equity, Series B, Series A","Bangalore, Mumbai, Nan",0.49,2.97,2020-08-02
Carmigunknownc,6640.0,1,2021-04-15,Food,Unknown,Bangalore,0.5,2.0,2021-04-15
Softbank Vision Fund 2,6640.0,5,2022-03-23,"Automotive, Software Development, Fintech","Series C, Series F, Series D","Bangalore, Gurgaon, Nan",0.6,2.2,2022-03-23
Alibaba Group,6474.0,2,2020-11-14,Ecommerce,"Private Equity, Unknown","Delhi, Pune",0.5,2.0,2020-11-14
Goldman Sachs,6124.74,10,2022-02-01,"Consumer Internet, Hospitality, Other","Private Equity, Unknown, Series E","Gurgaon, Bangalore, Delhi",0.58,2.0,2022-02-01
Sbi Pension,6000.0,1,2024-12-04,Real Estate,Other,Mumbai,0.5,2.0,2024-12-04
Singapore Sovereign Wealth Firm Gic,6000.0,1,2024-12-04,Real Estate,Other,Mumbai,0.5,2.0,2024-12-04
Kora,5909.6,1,2020-12-07,Food,Unknown,Gurgaon,0.5,2.0,2020-12-07
Gvfl And We Founder Circle,5848.18,1,2022-12-18,Industry,Seed,Surat,1.0,1.0,2022-12-18
Uc Inclusive Credit And Hinduja Leyland Fiunknownnce,5824.94,1,2022-06-21,Fintech,Unknown,Mumbai,1.0,1.0,2022-06-21
Avendus Fiunknownnce,5823.28,2,2020-01-13,"Hospitality, Edtech","Unknown, Debt","Gurgaon, Mumbai",0.67,2.0,2020-01-13
Steadview Capital And Existing Investors,5810.0,1,2015-07-11,Online,Private Equity,Bangalore,1.0,1.0,2015-07-11
Invesco,5810.0,1,2022-01-09,Food,Unknown,Bangalore,1.0,1.0,2022-01-09
Mypreferred Transformation,5751.9,1,2020-01-13,Hospitality,Unknown,Gurgaon,0.33,3.0,2020-01-13
March Capital,5673.05,5,2025-01-01,"Consumer Internet, Car Trade, Logistics","Series C, Private Equity, Series H","Mumbai, Chennai, Delhi",0.44,2.83,2025-01-01
Epiq Capital,5670.75,4,2025-06-13,"Edtech, Fintech, Jewelry","Unknown, Unspecified Round, Series B","Bangalore, Hyderabad, Chennai",0.48,2.6,2025-06-13
Cdc Group,5351.86,9,2021-11-25,"Logistics, Fintech, Renewable Player","Unknown, Series C, Series A","Mumbai, Bangalore, Gurgaon",0.61,2.0,2021-11-25
Angellist Talent And Sahil Mahaldar,5308.68,1,2022-06-14,Edtech,Seed,Gurgaon,1.0,1.0,2022-06-14
Kaizenvest And Ets Global,5244.77,1,2022-07-24,Edtech,Unknown,Mumbai,1.0,1.0,2022-07-24
Tradecred,5187.5,3,2021-10-15,"Wine & Spirits, Lifestyle, Mechanical Or Industrial Engineering",Unknown,"Bangalore, Delhi",0.75,2.0,2021-10-15
Kkr,4980.15,2,2025-06-08,"Education Healthcare, Multinational Conglomerate","Debt, Unknown","Nan, Mumbai",0.62,2.5,2025-06-08
Letsventure And Lc Nueva Investment Partners,4970.04,1,2022-08-23,Internet,Series A,Gurgaon,1.0,1.0,2022-08-23
Vy Capital,4934.35,7,2021-07-22,"Consumer Internet, Home, Internet","Private Equity, Unknown, Series C","Gurgaon, Delhi, Noida",0.53,2.5,2021-07-22
Gic,4921.9,5,2021-07-10,"Ecommerce, Logistics, It","Unknown, Series H, Series E","Gurgaon, Bangalore, Mumbai",0.47,2.2,2021-07-10
Chryscapital,4863.8,4,2024-11-24,"Fintech, Healthcare, Business And It Consulting","Private Equity, Unspecified Round, Series D","Bangalore, Gurgaon, Delhi",0.61,2.4,2024-11-24
Tencent Holdings,4797.5,6,2021-02-10,"Consumer Internet, Entertainment, Ecommerce","Private Equity, Unknown, Series B","Bangalore, Gurgaon, Mumbai",0.5,2.43,2021-02-10
Creaegis,4724.5,6,2025-06-13,"Healthcare, Ecommerce, D2C Jewellery","Series C, Series B, Unknown","Bangalore, Mumbai, Pune",0.42,3.0,2025-06-13
Jungle Ventures,4651.15,24,2025-09-21,"Ecommerce, Fintech, Consumer Internet","Private Equity, Series B, Seed","Bangalore, Mumbai, Noida",0.56,2.54,2025-09-21
Nvs Wealth Maunknowngers,4565.0,1,2022-01-14,Healthcare,Series A,Bangalore,1.0,1.0,2022-01-14
South Africa’S Naspers Ventures,4482.0,1,2020-01-22,Edtech,Unknown,Nan,0.5,2.0,2020-01-22
The Cpp Investment Board,4482.0,1,2020-01-22,Edtech,Unknown,Nan,0.5,2.0,2020-01-22
Greenoaks Capital,4465.4,5,2021-06-26,"Consumer Internet, Fintech, Travel & Saas","Private Equity, Series B, Series A","Bangalore, Nan, Delhi",0.32,3.57,2021-06-26
Didi Kuaidi,4399.0,1,2015-11-01,"Cab Booking, Car Aggregator & Retail Mobile",Private Equity,Bangalore,0.58,3.5,2015-11-01
Bessemer Venture Partners And Siddharth Sikchi,4399.0,1,2022-04-08,Healthcare,Unknown,Mumbai,1.0,1.0,2022-04-08
Elevation Capital,4307.6,36,2025-10-22,"Fintech, Edtech, Solar","Series A, Seed, Series B","Bangalore, Gurgaon, Mumbai",0.63,2.12,2025-10-22
Foxconn,4224.7,2,2015-11-19,Ecommerce,Private Equity,"Bangalore, Delhi",0.29,3.5,2015-11-19
Venture Catalysts And Znl Growth,4212.25,1,2022-10-16,Information Technology,Seed,Bangalore,1.0,1.0,2022-10-16
Warburg Pincus,4199.8,6,2022-03-05,"Logistics, Electronics, Cloud Software","Private Equity, Unknown","Delhi, Mumbai, Bangalore",0.67,1.86,2022-03-05
Mars Growth Global,4150.0,1,2025-01-28,Ecommerce,Unspecified Round,Bangalore,0.2,5.0,2025-01-28
Tiga Investments,4150.0,1,2021-06-27,Edtech,Unknown,Bangalore,0.5,2.0,2021-06-27
Baron Capital,4150.0,1,2021-06-27,Edtech,Unknown,Bangalore,0.5,2.0,2021-06-27
Edelweiss,4150.0,2,2022-01-11,"Edtech, Automotive",Unknown,Bangalore,0.33,3.0,2022-01-11
Marquee Interunknowntiounknownl Institutiounknownl Investors,4150.0,1,2021-12-20,Mobility,Unknown,Bangalore,1.0,1.0,2021-12-20
Pawan Munjal,4150.0,1,2021-04-17,Social Media,Unknown,Bangalore,0.5,2.0,2021-04-17
Twitter Ventures,4150.0,1,2021-04-17,Social Media,Unknown,Bangalore,0.5,2.0,2021-04-17
B Capital Group,4125.1,4,2025-01-19,"Fintech, Technology, Healthcare","Series B, Private Equity, Other","Bangalore, Chennai, Pune",0.43,3.75,2025-01-19
Ascent Capital,4100.2,5,2021-11-25,"Ecommerce, Consumer Internet, Payments Solution","Private Equity, Series C, Unknown","Bangalore, Mumbai, Pune",0.5,2.5,2021-11-25
Lightrock India,3975.7,9,2022-03-01,"Edtech, Agritech, Biotechnology","Series C, Unknown, Series B","Bangalore, Noida, Mumbai",0.74,1.67,2022-03-01
Dragoneer Investment Group,3959.31,5,2022-03-03,"Fintech, Technology, Edtech","Series D, Unknown, Series B","Bangalore, Chennai, Gurgaon",0.38,2.8,2022-03-03
Innoven Capital,3936.98,24,2024-08-26,"Ecommerce, Consumer Internet, Fintech","Private Equity, Debt, Unknown","Mumbai, Bangalore, Gurgaon",0.64,1.89,2024-08-26
Helion Venture Partners,3910.87,14,2018-02-08,"Other, Ecommerce, Big Data & Analytics",Private Equity,"Bangalore, Nan, Gurgaon",0.43,2.93,2018-02-08
Blackrock,3822.98,2,2021-07-24,"Edtech, Information Technology","Series F, Unknown","Bangalore, Noida",0.5,2.0,2021-07-24
Siguler Guff,3735.0,1,2021-08-05,Media,Unknown,Bangalore,0.5,2.0,2021-08-05
Bennett Coleman And Company Ltd (Bccl),3735.0,1,2019-09-23,Healthcare,Series C,Menlo Park,1.0,1.0,2019-09-23
Prosus,3584.11,6,2025-08-08,"Edtech, Ai, Supplychain Financing","Unknown, Series E, Pre-Series A","Mumbai, Bangalore, Indore",0.62,2.29,2025-08-08
Times Internet,3540.33,11,2020-08-16,"Entertainment, Consumer Internet, Visual Blogging","Private Equity, Unknown, Seed","Gurgaon, Bangalore, Delhi",0.45,2.58,2020-08-16
Faering Capital,3479.36,6,2024-08-02,"Fintech, Food, Sports Education","Unknown, Private Equity, Venture","Bangalore, Mumbai, Jaipur",0.51,2.5,2024-08-02
. Trifecta Capital Advisors And Trifecta Capital Advisors,3353.2,1,2022-12-25,Food,Unknown,Chennai,1.0,1.0,2022-12-25
D1 Capital Partners,3320.0,1,2021-03-22,Gaming,Unknown,Mumbai,0.33,3.0,2021-03-22
Tcv,3320.0,1,2021-03-22,Gaming,Unknown,Mumbai,0.33,3.0,2021-03-22
Cicc Alpha,3320.0,1,2020-10-03,Edtech,Unknown,Shanghai,0.5,2.0,2020-10-03
Vms Asset Maunknowngement,3320.0,1,2020-10-03,Edtech,Unknown,Shanghai,0.5,2.0,2020-10-03
Falcon Edge.,3320.0,1,2021-03-22,Gaming,Unknown,Mumbai,0.33,3.0,2021-03-22
Dragon Fund,3320.0,2,2024-12-19,"Digital Automotive, Quick Commerce",Other,"Nan, Mumbai",0.42,2.5,2024-12-19
Sofiunknown,3278.5,6,2025-02-16,"Beverage, Consumer Internet, Edtech","Private Equity, Series C, Series D","Bangalore, Gurgaon, Mumbai",0.35,3.57,2025-02-16
Eight Roads Ventures,3275.2,17,2024-10-04,"Healthcare, Technology, Logistics","Private Equity, Unknown, Series A","Bangalore, Mumbai, Hyderabad",0.57,2.48,2024-10-04
Flipkart Marketplace Private Limited In Singapore,3249.0,1,2025-04-01,Technology,Unknown,Bangalore,1.0,1.0,2025-04-01
Alkeon Capital,3245.3,2,2021-12-07,"Software, Social Media","Series B, Series G","Ahmedabad, Bangalore",1.0,1.0,2021-12-07
Niif Ltd,3237.0,1,2020-12-21,Renewable Player,Unknown,Bangalore,0.5,2.0,2020-12-21
Beenext,3218.02,36,2025-10-24,"Fintech, Consumer Internet, Ecommerce","Private Equity, Seed, Series A","Bangalore, Delhi, Gurgaon",0.5,2.71,2025-10-24
Stellaris Venture Partners,3209.24,26,2025-09-19,"Consumer Internet, Healthcare, Fintech","Seed, Private Equity, Unknown","Bangalore, Mumbai, Delhi",0.59,2.35,2025-09-19
Hero Motocorp,3171.5,3,2025-05-19,"Technology, Automobile, Ev","Private Equity, Series C, Series D","Bangalore, Delhi",0.88,1.25,2025-05-19
Goodwater Capital,3159.75,4,2025-10-03,"Fintech, Audio Ott, Regional Ott","Unknown, Series C, Series B","Bangalore, Indore, Nan",0.56,2.25,2025-10-03
Mankind Pharma Family Office,3137.4,2,2024-11-16,"Consumer Electronics, Quick Commerce","Unknown, Unspecified Round",Mumbai,0.25,4.5,2024-11-16
Hero Enterprise,3129.1,4,2024-09-26,"Agritech, Luxury Goods & Jewelry, Saas","Series D, Unknown, Other","Bangalore, Pune, Gurgaon",0.68,2.25,2024-09-26
Y Combiunknowntor,3033.37,34,2025-06-15,"Fintech, Technology, Hr","Seed, Unknown, Pre-Series A","Bangalore, Mumbai, Nan",0.57,2.49,2025-06-15
Prosus Ventures,3022.2,5,2025-02-24,"Logistics, Seafood Supply, Agritech","Series B, Series C, Ipo","Bangalore, Patna, Hyderabad",0.38,3.43,2025-02-24
Iconiq Capital,2946.5,3,2021-10-13,"Saas, Healthcare, Automation","Series C, Series B","Hyderabad, Chennai, Bangalore",0.78,1.67,2021-10-13
Motilal Oswal Private Wealth,2905.0,1,2024-11-16,Quick Commerce,Unspecified Round,Mumbai,0.17,6.0,2024-11-16
Cpp Investments,2905.0,1,2022-03-05,Edtech,Unknown,Mumbai,1.0,1.0,2022-03-05
Caisse De Depot Et Placement Du Quebec,2905.0,1,2021-04-22,Healthcare,Series E,Mumbai,0.5,2.0,2021-04-22
Taparia Family Office,2905.0,1,2024-11-16,Quick Commerce,Unspecified Round,Mumbai,0.17,6.0,2024-11-16
Qatar Investment Authority,2905.0,2,2025-04-04,"Cloud Kitchen, Edtech","Private Equity, Series F, Series G","Mumbai, Bangalore",1.0,1.0,2025-04-04
Raamdeo Agarwal,2905.0,1,2024-11-16,Quick Commerce,Unspecified Round,Mumbai,0.17,6.0,2024-11-16
Celebrity Investors,2905.0,1,2024-11-16,Quick Commerce,Unspecified Round,Mumbai,0.17,6.0,2024-11-16
Venture Highway,2905.0,12,2025-06-01,"Ecommerce, Fintech, Edtech","Series A, Seed, Private Equity","Bangalore, Gurgaon, Noida",0.46,2.85,2025-06-01
New Enterprise Associates,2839.43,5,2025-10-23,"Fitness Tracking Management, Data Analytics, Sales & Productivity Software","Private Equity, Series F","Mumbai, Pune, Nan",0.64,2.2,2025-10-23
Sbi Investment,2830.3,2,2025-03-17,"Fintech, Crossborder Neobank","Series C, Series B",Bangalore,0.29,3.5,2025-03-17
Softbank Group Corp,2739.0,1,2017-03-08,Consumer Internet,Private Equity,Bangalore,1.0,1.0,2017-03-08
Iron Pillar,2720.49,8,2025-09-01,"Ecommerce, Clean, Food","Series C, Unknown, Series B","Bangalore, Mumbai, Nan",0.63,1.89,2025-09-01
Wellington Maunknowngement,2714.1,2,2021-06-02,"Consumer Internet, Home","Private Equity, Series F","Gurgaon, Delhi",0.42,2.5,2021-06-02
Unknown Investors,2700.77,52,2018-01-05,"Consumer Internet, Technology, Ecommerce","Seed, Private Equity, Other","Mumbai, Bangalore, Delhi",0.99,1.02,2018-01-05
Hyundai,2699.74,2,2020-01-17,"Transportation, Consumer Internet","Unknown, Private Equity","Bangalore, Gurgaon",0.38,3.0,2020-01-17
Alpha Wave Ventures Ii,2697.5,1,2021-12-26,Fintech,Unknown,Gurgaon,0.33,3.0,2021-12-26
Softbank Vision Fund Ii,2697.5,1,2021-12-26,Fintech,Unknown,Gurgaon,0.33,3.0,2021-12-26
Alpha Wave Global,2656.0,2,2022-03-26,"Edtech, Software","Series D, Series F",Noida,0.5,2.0,2022-03-26
Mitsui,2639.4,4,2022-09-25,"Technology, Software, Online And Tv Shopping","Private Equity, Unknown","Mumbai, Hyderabad, Chicago",0.38,3.0,2022-09-25
Tencent,2634.42,5,2020-05-07,"Consumer Internet, Media, Food","Private Equity, Series C, Series A","Bangalore, Mumbai",0.49,2.8,2020-05-07
Kia Motors,2581.3,1,2020-01-17,Transportation,Unknown,Bangalore,0.5,2.0,2020-01-17
Edbi,2510.75,3,2024-10-02,"Technology, Ecommerce, Edtech","Private Equity, Series D, Seed","Pune, Nan, Bangalore",0.23,4.33,2024-10-02
Xn Exponent,2490.0,1,2021-10-03,Edtech,Unknown,Bangalore,0.33,3.0,2021-10-03
Blackstone Growth,2490.0,1,2022-02-17,Logistics,Series F,Pune,0.33,3.0,2022-02-17
Oxshott Capital Partners,2490.0,1,2021-10-03,Edtech,Unknown,Bangalore,0.33,3.0,2021-10-03
Omidyar Network,2488.34,22,2024-09-13,"Ecommerce, Consumer Internet, Technology","Private Equity, Unknown, Other","Gurgaon, Bangalore, Mumbai",0.49,2.84,2024-09-13
Kedaara Capital And Paramark Ventures,2459.29,1,2022-06-20,Beauty,Series E,Mumbai,1.0,1.0,2022-06-20
Softbank’S Vision Fund,2456.8,1,2020-02-19,Ecommerce,Series E,Pune,1.0,1.0,2020-02-19
Naspers,2456.8,3,2019-08-23,"Ecommerce, Food","Private Equity, Series D",Bangalore,1.0,1.0,2019-08-23
Temasek Holdings,2448.5,2,2021-05-16,"Consumer Internet, Fashion","Private Equity, Unknown","Mumbai, Delhi",0.61,2.0,2021-05-16
Idg Ventures,2448.5,22,2018-07-21,"Consumer Internet, Technology, Other","Private Equity, Seed, Debt","Mumbai, Bangalore, Nan",0.48,2.67,2018-07-21
Beyondnetzero,2448.5,1,2022-01-15,Computer Software,Unknown,Bangalore,0.5,2.0,2022-01-15
Gmo Venture Partners,2423.6,4,2025-08-22,"Fintech, Risk Intelligence, Crossborder Neobank","Series B, Series A","Bangalore, Nan, Delhi",0.38,4.75,2025-08-22
Khosla Ventures,2418.3,12,2025-01-20,"Healthcare, B2B Saas, Efficient Energy Management","Series A, Private Equity, Other","Bangalore, Nan, Mumbai",0.55,2.54,2025-01-20
Coatue Maunknowngement,2377.95,3,2020-07-22,"Food, Fintech, Online & Mobile Classified Listings","Unknown, Private Equity, Series E","Mumbai, Delhi, Pune",0.87,1.4,2020-07-22
Quadria Capital,2365.5,3,2025-01-02,"Healthcare, Contract R&D And Manufacturing","Other, Series C, Unknown","Hyderabad, Bangalore, Mumbai",0.83,1.33,2025-01-02
Qualcomm Ventures,2363.42,13,2025-01-24,"Technology, Consumer Internet, Ecommerce","Private Equity, Unknown, Series D","Bangalore, Mumbai, Delhi",0.31,3.79,2025-01-24
Trifecta Capital,2363.2,20,2025-06-16,"Ecommerce, Consumer Internet, Fintech","Private Equity, Unknown, Debt","Bangalore, Mumbai, Gurgaon",0.83,1.55,2025-06-16
The Beer Café,2350.56,1,2022-11-06,Food,Series D,Delhi,1.0,1.0,2022-11-06
Rtp Global,2350.44,18,2025-09-27,"Ai, Fintech, Ecommerce","Series A, Pre-Series A, Seed","Bangalore, Delhi, Nan",0.69,2.05,2025-09-27
Moonstone Capital,2324.0,1,2021-01-19,Ecommerce,Unknown,Bangalore,0.5,2.0,2021-01-19
Octahedron Capital,2324.0,1,2021-01-19,Ecommerce,Unknown,Bangalore,0.5,2.0,2021-01-19
Evolvence,2324.0,2,2024-12-10,"Agritech, Food","Series D, Series G","Pune, Mumbai",0.5,2.0,2024-12-10
Kuunknownl Shah,2316.59,31,2024-08-16,"Fintech, Ecommerce, Consumer Internet","Unknown, Seed, Pre-Series A","Bangalore, Mumbai, Gurgaon",0.35,3.33,2024-08-16
Banner Health,2282.5,1,2025-01-19,Healthcare,Other,Bangalore,0.17,6.0,2025-01-19
M12,2282.5,1,2025-01-19,Healthcare,Other,Bangalore,0.17,6.0,2025-01-19
Generation Investment Maunknowngement,2282.5,1,2025-01-19,Healthcare,Other,Bangalore,0.17,6.0,2025-01-19
Kaiser Permanente,2282.5,1,2025-01-19,Healthcare,Other,Bangalore,0.17,6.0,2025-01-19
Daunknownher Ventures Llc,2282.5,1,2025-01-19,Healthcare,Other,Bangalore,0.17,6.0,2025-01-19
M,2262.34,13,2025-06-09,"Ecommerce, Peer To Peer Lending, Travel","Private Equity, Seed, Other","Gurgaon, Bangalore, Mumbai",0.3,3.86,2025-06-09
Coinbase Ventures,2257.6,3,2022-01-04,"Fintech, Crypto","Series B, Series C, Unknown","Mumbai, Bangalore, Chennai",0.67,1.67,2022-01-04
Binny Bansal,2248.88,14,2022-01-21,"Fintech, Consumer Internet, Food","Seed, Private Equity, Unknown","Bangalore, Mumbai, Gurgaon",0.36,3.64,2022-01-21
Iconiq Growth,2241.0,2,2024-11-09,"Fintech, Enterprise Ai","Series E, Series A","Bangalore, Gurgaon",0.75,1.5,2024-11-09
Apollo,2216.1,1,2022-02-28,Fintech,Unknown,Delhi,0.5,2.0,2022-02-28
Green Frontier Capital And Lc Nueva Investment Partners,2207.8,1,2022-10-06,Fintech,Series A,Delhi,1.0,1.0,2022-10-06
Debt Fiunknownncing,2201.99,1,2022-08-10,Packaging,Unknown,Mumbai,1.0,1.0,2022-08-10
Sequoia Capital India Advisors,2176.26,2,2018-08-26,Consumer Internet,Private Equity,"Bangalore, Gurgaon",0.38,3.0,2018-08-26
A91 Partners,2174.8,12,2025-02-09,"Consumer Goods, Consumer Technology, Coffee And Bakery","Series A, Series C, Series B","Bangalore, Mumbai, Gurgaon",0.72,1.67,2025-02-09
Hillhouse Capital,2158.0,3,2020-01-13,"Automobile, Other, Ethnic Beverages Manufacturer","Private Equity, Series C, Series D","Jaipur, Nan, Gurgaon",0.42,2.5,2020-01-13
Simi Pacific Pte,2158.0,1,2017-04-08,Consumer Internet,Private Equity,Bangalore,1.0,1.0,2017-04-08
Andreessen Horowitz,2158.0,1,2021-10-17,Crypto,Series C,Bangalore,0.5,2.0,2021-10-17
Google,2129.1,7,2025-02-28,"Fintech, Technology, Spacetech","Unknown, Series A, Private Equity","Bangalore, Gurgaon, Mumbai",0.49,3.14,2025-02-28
Addition,2116.5,3,2022-01-09,"Logistics, Media, Computer Software","Unknown, Series I, Series A","Gurgaon, Noida, Chennai",0.62,1.75,2022-01-09
Crv,2116.5,2,2021-08-24,"Computer Software, Technology","Series D, Private Equity",Bangalore,0.38,3.0,2021-08-24
Morphosis Venture Capital And Winter Capital,2116.5,1,2022-12-19,Information Technology,Series A,Gurgaon,1.0,1.0,2022-12-19
Amazon,2110.69,6,2021-10-16,"Fintech, Online Financial, Consumer Internet","Unknown, Private Equity, Other","Bangalore, Chennai, Mumbai",0.54,2.67,2021-10-16
Hsbc,2083.3,1,2025-03-17,Crossborder Neobank,Series B,Bangalore,0.25,4.0,2025-03-17
Greenoaks Capital Partners,2075.0,1,2017-04-22,Consumer Internet,Private Equity,Gurgaon,0.25,4.0,2017-04-22
Abu Dhabi Growth Fund,2058.4,1,2021-11-03,Automotive,Series E,Gurgaon,0.5,2.0,2021-11-03
Quounknown Capital,2051.76,9,2024-12-18,"Fintech, Agritech, Risk Intelligence","Series B, Private Equity, Series C","Bangalore, Noida, Nan",0.53,3.0,2024-12-18
Co And Fedex,2004.45,1,2022-09-25,Software,Unknown,Chicago,0.5,2.0,2022-09-25
Reliance Retail Ventures Limited,1992.0,1,2022-01-08,Ecommerce,Unknown,Bangalore,1.0,1.0,2022-01-08
Rtp Global And Sofiunknown,1980.38,1,2022-10-14,Agritech,Series E,Nan,1.0,1.0,2022-10-14
Tpg Capital Asia,1942.2,1,2021-03-28,Fintech,Unknown,Chennai,0.5,2.0,2021-03-28
Bain Capital,1935.78,4,2025-09-25,"Real Estate, Technology, Rental","Unknown, Series B","Bangalore, Beijing",0.68,2.25,2025-09-25
Tribe Capital,1929.75,5,2021-12-18,"Logistics, Fintech, Logitech","Series C, Series E, Pre-Series A","Bangalore, Nan, Delhi",0.4,2.67,2021-12-18
Interunknowntiounknownl Fiunknownnce Corporation,1910.66,7,2025-06-26,"Ecommerce, Fintech, Consumer Internet","Private Equity, Unknown, Series B","Mumbai, Bangalore, Noida",0.6,2.71,2025-06-26
Reliance Industries,1909.0,1,2020-01-12,Robotics & Ai,Unknown,Bangalore,1.0,1.0,2020-01-12
The Rise Fund,1886.18,3,2021-06-19,"Consumer Internet, Solar, Ecommerce","Private Equity, Unknown, Pre-Series A","Mumbai, Hyderabad, Jaipur",0.34,3.33,2021-06-19
Capitalg,1879.95,3,2020-12-12,"Fintech, Technology, Edtech","Private Equity, Series C, Series H","Gurgaon, Delhi, Bangalore",0.46,2.25,2020-12-12
Zodius Capital,1877.87,7,2020-01-19,"Other, Consumer Internet, Technology","Private Equity, Series B","Nan, Mumbai, Bangalore",0.37,3.12,2020-01-19
And Sofiunknown,1875.8,1,2019-02-21,Ecommerce,Series D,Nan,0.25,4.0,2019-02-21
Burda Principal Investments,1875.8,1,2019-02-21,Ecommerce,Series D,Nan,0.25,4.0,2019-02-21
Sequoia Capital And Temasek Holdings,1875.8,1,2019-02-21,Ecommerce,Series D,Nan,0.25,4.0,2019-02-21
Lighthouse,1875.34,4,2025-10-24,"Retail, Food & Agriculture > Food, Constructiontech","Unknown, Series A, Unspecified Round","Delhi, Nan, Pune",1.0,1.0,2025-10-24
Ny Based Hedge Fund,1867.5,1,2015-09-27,Cab Rental Mobile,Private Equity,Bangalore,0.25,4.0,2015-09-27
Dst Global And Lightspeed Venture Partners\\Xe2\\X80\\X99 Global Fund.,1867.5,1,2018-09-19,B2B,Private Equity,Bangalore,1.0,1.0,2018-09-19
Lightbox,1861.61,8,2022-01-20,"Customer, Delivery, Technology","Unknown, Series A, Series D","Bangalore, Chennai, Noida",0.7,1.67,2022-01-20
Vertex Ventures,1840.82,22,2025-08-24,"Technology, Ecommerce, Healthcare","Private Equity, Series A, Series B","Bangalore, Gurgaon, Pune",0.61,2.22,2025-08-24
Alpha Wave,1834.3,2,2025-02-04,"Multicloud Storage Saas, Fintech",Series A,"Bangalore, Gurgaon",0.5,2.0,2025-02-04
Amour Infrastructure,1826.0,1,2019-11-23,Ecommerce,Seed,Delhi,1.0,1.0,2019-11-23
Pb Fintech,1809.4,1,2025-05-10,Healthcare,Equity,Gurgaon,0.5,2.0,2025-05-10
Elevar Equity,1808.07,9,2025-06-13,"Fintech, Edtech, Hospital & Health Care","Private Equity, Debt, Series C","Bangalore, Mumbai, Gurgaon",0.59,2.45,2025-06-13
Khazaunknownh Nasiounknownl Berhad,1784.5,3,2016-05-12,"Technology, Private Label Fashion Etailer, Online Lingerie",Private Equity,"Mumbai, Gurgaon, Bangalore",0.67,1.67,2016-05-12
Mankekar Family Office,1784.5,2,2021-08-22,"Biotechnology, Healthcare",Series B,"Bangalore, Mumbai",0.42,2.5,2021-08-22
Iifl Asset Maunknowngement,1778.9,5,2021-12-22,"Dairy, Hospital & Health Care, Technology","Series C, Series E, Series A","Nan, Hyderabad, Bangalore",0.6,1.8,2021-12-22
Info Edge (India) Ltd,1748.64,8,2018-07-01,"Consumer Internet, Photographer Online Search & Booking, Ecommerce","Private Equity, Other","Bangalore, Delhi, Mumbai",0.95,1.1,2018-07-01
Base Partners,1747.15,3,2021-02-15,"Gaming, Video, Entertainment","Unknown, Series A, Series B","Bangalore, Mumbai",0.5,2.0,2021-02-15
And Lightspeed Venture Partners,1743.0,1,2024-09-25,Edtech,Series B,Nan,0.33,3.0,2024-09-25
Hornbill Capital,1743.0,1,2024-09-25,Edtech,Series B,Nan,0.33,3.0,2024-09-25
Zodius Technology Fund,1728.89,4,2016-09-02,"Engineering, Consumer Internet, Online Home Dxc3Xa9Cor",Private Equity,"Mumbai, Bangalore",0.52,2.4,2016-09-02
Venturi Partners,1701.5,2,2025-02-23,"Affordable Footwear D2C, Home Interior","Other, Series F","Bahadurgarh, Bangalore",0.62,2.5,2025-02-23
Fundamentum,1701.0,6,2025-07-14,"Fintech, Devotional, Consumer","Series C, Series B, Unknown","Bangalore, Gurgaon, Mumbai",0.25,4.14,2025-07-14
Caunknownan Partners,1699.84,4,2024-12-22,"Ai, Technology, Saas","Private Equity, Series A, Unknown","Pune, San Francisco, Nan",0.74,2.0,2024-12-22
Iifl Fiunknownnce And Interunknowntiounknownl Fiunknownnce Corporation,1668.3,1,2022-04-15,Edtech,Unknown,Mumbai,1.0,1.0,2022-04-15
Invus Opportunities,1660.0,1,2024-09-25,Biketaxi Aggregator,Series E,Bangalore,0.25,4.0,2024-09-25
Global Institutiounknownl Investors,1660.0,1,2017-11-16,Fintech,Private Equity,Mumbai,1.0,1.0,2017-11-16
Verlinvest,1660.0,4,2025-10-18,"Coffee And Bakery, Pet Care, Cosmetics","Series C, Unknown, Series A","Mumbai, Gurgaon, Delhi",0.67,1.8,2025-10-18
Ian Fund And Dsg Consumer Partners,1660.0,1,2019-11-08,Edtech,Unknown,Nan,1.0,1.0,2019-11-08
Iifl Alterunknownte Asset Maunknowngers,1660.0,1,2021-07-18,Fintech,Unknown,Bangalore,0.33,3.0,2021-07-18
Singapore’S Economic Development Board (Ebd),1660.0,1,2020-01-16,Edtech,Series A,Pune,0.33,3.0,2020-01-16
Global Car Group,1660.0,1,2020-11-21,Retail,Series E,Nan,0.5,2.0,2020-11-21
Freemark Holdings,1660.0,1,2020-11-21,Retail,Series E,Nan,0.5,2.0,2020-11-21
Tekne Private Ventures,1660.0,1,2022-01-11,Automotive,Unknown,Bangalore,0.33,3.0,2022-01-11
Jio Platforms,1660.0,1,2022-02-28,Software,Unknown,Bangalore,1.0,1.0,2022-02-28
Ant Fiunknownncials,1660.0,1,2018-02-09,Food,Private Equity,Gurgaon,1.0,1.0,2018-02-09
Ontario Teachers\\Xe2\\X80\\X99 Pension Plan,1660.0,1,2016-02-27,Ecommerce,Private Equity,Delhi,0.5,2.0,2016-02-27
Alpine Opportunity Fund,1660.0,1,2022-01-11,Automotive,Unknown,Bangalore,0.33,3.0,2022-01-11
Kedaara Capital And Wellington Maunknowngement,1660.0,1,2025-05-15,Logistics,Series F,Bangalore,1.0,1.0,2025-05-15
Bertelsmann India,1657.92,6,2025-03-21,"Edtech, Consumer Internet, Ecommerce","Private Equity, Series B, Unknown","Mumbai, Ahmedabad, Bangalore",0.49,3.33,2025-03-21
Routeone,1618.5,1,2021-03-14,Biotechnology,Series B,Bangalore,0.5,2.0,2021-03-14
Sanjay Nayar And Yogesh Mahansaria,1611.86,1,2022-06-02,Fintech,Series B,Mumbai,1.0,1.0,2022-06-02
Multiples Pe,1593.6,1,2021-07-20,Food,Series F,Bangalore,0.5,2.0,2021-07-20
Saama Capital And Matrix Partners India,1577.0,1,2022-10-06,Textile,Series B,Bangalore,1.0,1.0,2022-10-06
Ribbit Capital,1547.95,6,2021-01-05,"Fintech, Cryptocurrency, Online Policy Aggregator","Series C, Private Equity, Unknown","Bangalore, Gurgaon",0.4,2.67,2021-01-05
Sixth Sense Ventures,1541.19,21,2025-07-09,"Food, Consumer Goods, Logistics","Series A, Unknown, Series B","Delhi, Mumbai, Bangalore",0.76,1.55,2025-07-09
Chiratae Ventures,1539.34,28,2025-09-25,"Healthcare, Computer Software, Edtech","Series A, Unknown, Seed","Bangalore, Mumbai, Gurgaon",0.58,2.21,2025-09-25
Potential Ventures And Nb Venture,1521.39,1,2022-06-07,Food,Series C,Bangalore,1.0,1.0,2022-06-07
Abu Dhabi Investment Authority (Adia),1500.0,1,2024-10-16,Beauty & Personal Care,Series F,Mumbai,0.33,3.0,2024-10-16
Ctrip.Com Interunknowntiounknownl Ltd,1494.0,1,2016-01-11,Consumer Internet,Private Equity,Gurgaon,1.0,1.0,2016-01-11
Ingka Group Investments,1494.0,1,2022-02-18,Home Interior,Series F,Bangalore,0.25,4.0,2022-02-18
Peugeot Investments,1494.0,1,2022-02-18,Home Interior,Series F,Bangalore,0.25,4.0,2022-02-18
Teachers’ Venture Growth (Tvg),1494.0,1,2024-12-06,Supplychain Financing,Series E,Mumbai,0.33,3.0,2024-12-06
Zsvc,1460.8,1,2020-01-02,Healthcare,Unknown,Jiaxing,0.5,2.0,2020-01-02
Cowin Venture,1460.8,1,2020-01-02,Healthcare,Unknown,Jiaxing,0.5,2.0,2020-01-02
Incred Wealth,1457.0,1,2024-08-14,Hospitality,Series G,Gurgaon,0.17,6.0,2024-08-14
A Partners,1457.0,1,2024-08-14,Hospitality,Series G,Gurgaon,0.17,6.0,2024-08-14
Ask Fiunknownncial,1457.0,1,2024-08-14,Hospitality,Series G,Gurgaon,0.17,6.0,2024-08-14
Mankind Pharma Promoters' Family Office,1457.0,1,2024-08-14,Hospitality,Series G,Gurgaon,0.17,6.0,2024-08-14
J,1457.0,1,2024-08-14,Hospitality,Series G,Gurgaon,0.17,6.0,2024-08-14
Patient Capital,1457.0,1,2024-08-14,Hospitality,Series G,Gurgaon,0.17,6.0,2024-08-14
Bharti Enterprises,1452.5,1,2016-08-27,Consumer Internet,Private Equity,Delhi,0.2,5.0,2016-08-27
Foxconn Technology Group,1452.5,1,2016-08-27,Consumer Internet,Private Equity,Delhi,0.2,5.0,2016-08-27
Vitruvian Partners,1444.2,3,2022-03-14,"Information Technology &, It And It Consulting, Logistics","Unknown, Series E","Mysore, Noida, Bangalore",0.83,1.33,2022-03-14
Kris Gopalakrishunknownn,1437.89,6,2020-07-28,"Technology, Electric Bike Manufacturers, Digital","Private Equity, Seed, Unknown","Bangalore, Coimbatore, Mumbai",0.37,3.29,2020-07-28
Pitchright Venture And Vijay Sivaram,1432.58,1,2022-07-16,Information&Technology,Unknown,Delhi,1.0,1.0,2022-07-16
Alteria Capital,1430.81,20,2025-07-14,"Ecommerce, Transportation, Consumer Internet","Debt, Unknown, Series A","Bangalore, Gurgaon, Mumbai",0.73,2.0,2025-07-14
Bonnier Ventures,1411.0,1,2020-01-28,Agritech,Series C,Berlin,0.5,2.0,2020-01-28
Rps Ventures,1411.0,2,2020-01-20,Fintech,"Unknown, Series D","Mumbai, Santa Monica",0.75,1.5,2020-01-20
Haunknownco Venture Capital,1411.0,1,2020-01-28,Agritech,Series C,Berlin,0.5,2.0,2020-01-28
Rocketship.Vc,1398.55,4,2024-12-05,"Human Resources, Recruitment, Semiconductor Design","Series B, Unknown, Series A","Bangalore, Chennai",0.41,3.25,2024-12-05
Sistema Asia Fund,1381.44,8,2021-09-11,"Ecommerce, Healthcare, Fintech","Private Equity, Series D, Series C","Bangalore, Ahmedabad, Chennai",0.37,3.27,2021-09-11
Storm Ventures,1377.8,2,2025-02-05,Ai,"Series A, Series C","Gurgaon, San Ramon",0.38,3.0,2025-02-05
Mousse Partners,1372.03,3,2020-06-27,"Online Financial, Food, Music Streaming","Private Equity, Unknown","Mumbai, Chennai",0.33,3.67,2020-06-27
Gmo Payment Gateway,1369.5,3,2024-09-25,"Fintech, Consumer Internet, Rental","Other, Private Equity, Unknown","Palo Alto, Gurgaon, Nan",0.67,1.67,2024-09-25
Yuri Milner,1369.5,3,2018-02-08,"Online Freight Aggregator, Doctor Appointment Booking, Ecommerce",Private Equity,Bangalore,0.28,4.67,2018-02-08
Avataar Venture Partners,1369.0,3,2025-07-04,"Media Andentertainment, Ecommerce, Enterprise","Unknown, Series D, Series C","New York, Pune, Delhi",0.83,1.33,2025-07-04
Proparco And Encourage Capital,1357.05,1,2022-06-14,Fintech,Series A,Bhubaneswar,1.0,1.0,2022-06-14
Macritchie Investments,1344.6,1,2020-01-18,Food Devlivery,Unknown,Nan,0.5,2.0,2020-01-18
Perceptive Advisors,1344.6,2,2021-10-13,Healthcare,"Series C, Series D","Chennai, Nan",0.33,3.0,2021-10-13
The Global Biopharmaceutical Company,1328.0,1,2022-03-24,Venture Capital And Private Equity Principals,Unknown,Delhi,0.5,2.0,2022-03-24
Msd,1328.0,1,2022-03-24,Venture Capital And Private Equity Principals,Unknown,Delhi,0.5,2.0,2022-03-24
Venture Catalysts,1313.64,69,2025-10-26,"Fintech, Healthcare, Ecommerce","Seed, Pre-Series A, Unknown","Mumbai, Delhi, Bangalore",0.64,2.38,2025-10-26
Amansa Capital,1299.85,2,2022-03-04,"Healthcare, Food","Unknown, Series F","Mumbai, Bangalore",0.67,2.0,2022-03-04
Existing Investors,1291.65,7,2024-08-11,"Consumer Internet, Online Lending, Ecommerce","Private Equity, Other, Seed","Bangalore, Chandigarh, Delhi",0.55,2.43,2024-08-11
Zoho,1286.5,2,2021-12-02,"Automotive, Deeptech","Series C, Unknown",Bangalore,0.75,1.5,2021-12-02
Nuveen Investments And British Interunknowntiounknownl Investment,1274.05,1,2022-10-08,Fintech,Unknown,Bangalore,1.0,1.0,2022-10-08
Motilal Oswal Alterunknowntes,1269.9,1,2024-11-24,Healthcare,Unspecified Round,Gurgaon,0.5,2.0,2024-11-24
Fk Myntra Holdings,1269.4,1,2025-05-07,"Ecommerce, Fashion Ecommerce",Unknown,Bangalore,0.75,1.5,2025-05-07
Sands Capital And Interunknowntiounknownl Fiunknownnce Corporation,1245.0,1,2019-05-11,Transport,Series D,Bangalore,0.17,6.0,2019-05-11
Warburg Pincus﻿,1245.0,1,2021-11-10,Information Technology &,Series D,Pune,0.5,2.0,2021-11-10
Lightstreet,1245.0,1,2019-05-11,Transport,Series D,Bangalore,0.17,6.0,2019-05-11
Goldman Sachs Investment Partners And Silicon Valleyunknownbased Accel,1245.0,1,2019-05-11,Transport,Series D,Bangalore,0.17,6.0,2019-05-11
Firstcry,1245.0,1,2021-07-23,D2C Business,Series A,Delhi,0.5,2.0,2021-07-23
Alpine Capital,1245.0,1,2021-03-13,Fintech,"Series C, Seed",Bangalore,0.42,2.5,2021-03-13
Tvs Motor,1245.0,1,2021-12-02,Automotive,Series C,Bangalore,0.5,2.0,2021-12-02
Alpha Wave Venture,1245.0,1,2022-02-17,Information Technology &,Unknown,Noida,1.0,1.0,2022-02-17
Alliance Ventures,1245.0,1,2020-10-01,Ai,Series C,San Ramon,0.5,2.0,2020-10-01
Abraaj Group,1245.0,1,2016-03-15,Ecommerce,Private Equity,Bangalore,1.0,1.0,2016-03-15
Wellington,1245.0,1,2019-05-11,Transport,Series D,Bangalore,0.17,6.0,2019-05-11
Tpg’S The Rise Fund,1245.0,1,2024-10-01,Edtech,Series F,Nan,1.0,1.0,2024-10-01
Axis Growth Avenues Aif,1245.0,1,2022-03-04,Food,Series F,Bangalore,0.33,3.0,2022-03-04
Investment Ab Kinnevik,1245.0,1,2015-04-01,Online Classifieds,Private Equity,Mumbai,0.33,3.0,2015-04-01
Kotak Pe,1245.0,1,2022-03-04,Food,Series F,Bangalore,0.33,3.0,2022-03-04
Unilazer Ventures,1233.38,6,2021-09-23,"Consumer Internet, Edtech, Hyperlocal Maintenance Repair & Cleaning","Private Equity, Unknown","Mumbai, Noida, Bangalore",0.76,1.57,2021-09-23
Little Black Book,1232.55,1,2022-08-25,Beauty,Unknown,Mumbai,1.0,1.0,2022-08-25
Paragon Partners,1229.23,7,2022-03-01,"Fintech, Ecommerce, Logistics","Private Equity, Series B, Series C","Chennai, Mumbai, Gurgaon",0.71,1.57,2022-03-01
Leapfrog Investments,1220.1,4,2024-10-19,"Healthcare, Financial Inclusion, Fintech","Private Equity, Unspecified Round, Series D","Bangalore, Chennai, Mumbai",0.54,2.25,2024-10-19
Zomato,1203.5,1,2021-12-23,Healthcare,Unknown,Bangalore,1.0,1.0,2021-12-23
Mithril Capital Maunknowngement.,1203.5,1,2020-12-17,Ai,Unknown,Bangalore,1.0,1.0,2020-12-17
Google Capital,1203.5,3,2015-08-12,"Other, Online / Mobile Customer Support, Doctor Appointment Booking",Private Equity,"Nan, Chennai, Bangalore",0.49,3.67,2015-08-12
Exfinity Venture Partners,1190.22,12,2025-07-12,"Technology, Saas, Ai","Private Equity, Pre-Series A, Unknown","Bangalore, Mumbai, Hyderabad",0.71,1.93,2025-07-12
Saama Capital,1189.8,17,2025-04-02,"Consumer Internet, Ecommerce, Restaurant Reservation","Private Equity, Seed, Series A","Gurgaon, Bangalore, Ahmedabad",0.44,2.74,2025-04-02
Mumbai Angels And Ecosystem Ventures,1187.73,1,2022-05-08,Edtech,Unknown,Mumbai,1.0,1.0,2022-05-08
Brunei Investment Agency And Endiya Partners,1182.75,1,2022-06-21,Sales Automation,Unknown,Mumbai,1.0,1.0,2022-06-21
Equanimity Ventures,1179.45,3,2025-01-04,"Healthcare, Agtech, Cosmetics","Unspecified Round, Seed, Pre-Series A","Noida, Mumbai, Ahmedabad",0.67,1.67,2025-01-04
9Unicorns,1171.43,25,2025-04-16,"Fintech, Ai, Visual Telematics","Unknown, Seed, Series A","Bangalore, Mumbai, Delhi",0.43,2.85,2025-04-16
Azim Premji,1162.0,1,2019-08-25,Fintech,Other,Mumbai,0.5,2.0,2019-08-25
Ping An Global Voyager Fund,1162.0,1,2020-01-13,"Ecommerce, Automobile",Series D,"Gurgaon, Jaipur",0.67,2.0,2020-01-13
Partners Group And Kkr,1162.0,1,2025-03-15,Hr Technology,Other,Mumbai,1.0,1.0,2025-03-15
Kuunknownl Shah And Prosus Ventures,1162.0,1,2022-12-22,Product Design,Series A,Bangalore,1.0,1.0,2022-12-22
Life Healthcare,1162.0,1,2021-03-27,Healthcare,Unknown,Delhi,0.5,2.0,2021-03-27
Radiant Life Care Private Ltd,1162.0,1,2021-03-27,Healthcare,Unknown,Delhi,0.5,2.0,2021-03-27
Harmony Partners,1162.0,2,2017-11-15,"Consumer Internet, Technology",Private Equity,Bangalore,0.28,4.0,2017-11-15
Morgan Stanley,1160.34,4,2025-07-18,"Ecommerce, Telecommuncation, Fintech","Unknown, Private Equity, Debt","Bangalore, Mumbai, Hyderabad",0.88,1.25,2025-07-18
Valuequest Scale Fund,1147.4,2,2025-04-06,"Solar, Digital Payments Fintech","Unknown, Unspecified Round","Kolkata, Bangalore",0.75,1.5,2025-04-06
Iifl Amc,1132.95,5,2021-09-14,"Telecommunications, Interior Design, Consumer Electronics","Series C, Series E, Unknown","Bangalore, Mumbai, Delhi",0.62,2.2,2021-09-14
Alpha Wave Ventures,1120.5,1,2021-11-25,D2C,Series B,Bangalore,0.5,2.0,2021-11-25
Multiples Alterunknownte Asset Maunknowngement,1120.5,2,2025-02-01,"Ecommerce, B2B Crossborder Ecommerce","Private Equity, Series C",Gurgaon,0.25,4.0,2025-02-01
And Norwest Venture Partners,1120.5,1,2024-10-06,Fintech,Series E,Jaipur,0.25,4.0,2024-10-06
Madison India Capital﻿,1120.5,1,2024-10-06,Fintech,Series E,Jaipur,0.25,4.0,2024-10-06
Sutter Hill Ventures,1120.5,1,2019-11-27,Saas,Series C,San Jose,0.5,2.0,2019-11-27
Avataar Venture Partners﻿,1120.5,1,2024-10-06,Fintech,Series E,Jaipur,0.25,4.0,2024-10-06
Sofiunknown﻿,1120.5,1,2024-10-06,Fintech,Series E,Jaipur,0.25,4.0,2024-10-06
Fundraising For Climate And Sustaiunknownbility Tech Startups,1120.5,1,2024-10-12,Climate & Sustainability,Other,Mumbai,1.0,1.0,2024-10-12
Evolvence India,1112.8,5,2025-01-23,"Logistics, Banking, Home Interior","Series C, Unspecified Round, Unknown","Mumbai, Bangalore, Nan",0.37,3.0,2025-01-23
Dsg Consumer Partners,1107.7,24,2025-06-18,"Ecommerce, Food, Consumer Goods","Private Equity, Series A, Seed","Delhi, Mumbai, Gurgaon",0.47,2.96,2025-06-18
Tpg,1103.9,2,2020-01-10,"Banking, Fintech","Unknown, Private Equity","Nan, Chennai",0.29,3.5,2020-01-10
Orios Venture Partners,1103.57,19,2024-12-21,"Ecommerce, Fintech, Physical Storage Warehouses","Private Equity, Seed, Pre-Series A","Mumbai, Bangalore, Delhi",0.48,2.4,2024-12-21
Healthquad,1102.24,5,2024-09-15,"Healthcare, Medical Equipment Manufacturing, Diagnostics Healthcare","Series B, Unknown, Series C","Hyderabad, Mumbai, Nan",0.36,3.2,2024-09-15
Reliance,1095.6,1,2022-01-23,Industrial Automation,Unknown,Noida,1.0,1.0,2022-01-23
Trinity Ventures,1087.3,2,2022-03-23,"Other, Software Development","Private Equity, Series D","Nan, Bangalore",0.29,3.5,2022-03-23
Accel Leaders Fund,1087.3,1,2025-04-18,Usedcar Sales,Unspecified Round,Gurgaon,1.0,1.0,2025-04-18
Tpg Growth And Norwest Venture Partners,1081.49,1,2022-08-13,Fintech,Series D,Pune,1.0,1.0,2022-08-13
Tybourne Capital,1079.0,2,2015-02-18,Other,Private Equity,Nan,0.38,3.0,2015-02-18
Rb Investments,1073.19,12,2018-11-06,"Consumer Internet, Ecommerce, Food","Private Equity, Other, Seed","Bangalore, Mumbai, Gurgaon",0.43,2.83,2018-11-06
Omnivore,1071.87,16,2025-05-10,"Agritech, Information Technology, Farming","Series A, Seed, Unknown","Bangalore, Mumbai, Chennai",0.43,3.06,2025-05-10
India Quotient,1062.29,25,2024-12-10,"Consumer Internet, Ai, Other","Private Equity, Seed, Series A","Mumbai, Bangalore, Nan",0.55,2.34,2024-12-10
3One4 Capital,1058.91,16,2025-09-11,"Ecommerce, Media, Semiconductors","Series A, Seed, Series B","Bangalore, Mumbai, Hyderabad",0.45,2.71,2025-09-11
Hercules Capital,1045.8,2,2020-11-04,"Technology, Edtech","Private Equity, Debt","Pune, Nan",0.38,3.0,2020-11-04
Lee Fixel’S Venture Capital Firm,1037.5,1,2021-09-23,Logistics,Unknown,Gurgaon,0.5,2.0,2021-09-23
Ta Associates,1037.5,2,2015-03-19,Other,Private Equity,Nan,1.0,1.0,2015-03-19
Norfund,1037.5,1,2021-06-19,Solar,Unknown,Hyderabad,0.5,2.0,2021-06-19
Kohlberg Kravis Roberts And Dick Costolo,1037.5,1,2022-04-22,Food,Series D,New York,1.0,1.0,2022-04-22
Lightbox Ventures,1030.86,7,2020-07-17,"Ecommerce, Other, Used Vehicle","Private Equity, Unknown, Other","Nan, Chennai, Bangalore",0.85,1.38,2020-07-17
Lightspeed Ventures,1025.05,5,2025-09-04,"Edtech, Ethnic Product Ecommerce, Ai","Private Equity, Series A","Mumbai, Bangalore, Gurgaon",0.46,3.0,2025-09-04
Nxc Corporation,1020.9,1,2020-04-02,Fintech,Unknown,Delhi,1.0,1.0,2020-04-02
Avataar Ventures,1012.6,4,2025-10-08,"Saas, Consumer > Road Transport, Cloudbased Testing","Unknown, Series B, Unspecified Round","Bangalore, Nan, San Francisco",0.75,1.5,2025-10-08
Sequoia Capital India And Unitus Ventures,1008.45,1,2022-06-08,Edtech,Unknown,Bangalore,1.0,1.0,2022-06-08
Rocket Internet Ag,1004.3,2,2016-02-10,"Consumer Internet, Other",Private Equity,"Gurgaon, Nan",0.32,4.5,2016-02-10
Artal Asia,996.0,1,2025-07-18,Ecommerce,Series D,Bangalore,0.5,2.0,2025-07-18
Apoletto Maunknowngers,996.0,1,2015-11-02,Hyperlocal Grocery Delivery,Private Equity,Gurgaon,0.25,4.0,2015-11-02
Sc Ventures,996.0,1,2025-07-18,Ecommerce,Series D,Bangalore,0.5,2.0,2025-07-18
Kalaari Capital And Others,996.0,1,2018-07-21,Consumer Internet,Private Equity,Bangalore,0.33,3.0,2018-07-21
Z47,991.85,6,2025-09-18,"Fintech, Credit Card Issuance, Ai","Seed, Series C, Unknown","Pune, Bangalore, Delhi",0.35,3.14,2025-09-18
Kae Capital,979.75,23,2025-07-05,"Ecommerce, Other, Technology","Private Equity, Seed, Other","Mumbai, Gurgaon, Nan",0.42,2.96,2025-07-05
Hyundai Motor Company,979.4,1,2020-10-19,Ev,Unknown,London,0.5,2.0,2020-10-19
Ups Ventures,979.4,1,2020-10-19,Ev,Unknown,London,0.5,2.0,2020-10-19
Valiant Capital,975.25,4,2016-02-11,"Ecommerce, Other",Private Equity,"Pune, Nan",0.42,3.75,2016-02-11
Temasek Holdings And Motilal Oswal Private Equity,975.25,1,2022-09-08,Healthcare,Unknown,Panaji,1.0,1.0,2022-09-08
Leapfrog,971.1,2,2024-09-15,"Healthcare, Diagnostics Healthcare",Series C,"Bangalore, Nan",0.38,3.0,2024-09-15
Paytm,964.58,8,2020-05-02,"Consumer Internet, B2Bfocused Foodtech, Food","Private Equity, Series C, Pre-Series A","Bangalore, Chandigarh, Mumbai",0.54,2.5,2020-05-02
T.J. Rodgers And John Doerr,962.8,1,2022-04-17,Solar,Unknown,Petaluma,1.0,1.0,2022-04-17
Tencent Holdings Ltd,954.5,1,2018-02-09,Technology,Private Equity,Gurgaon,0.5,2.0,2018-02-09
Premjiinvest,954.5,2,2021-03-13,"Fintech, Online Policy Aggregator","Seed, Private Equity","Bangalore, Gurgaon",0.42,2.5,2021-03-13
Singularity Growth Opportunities Fund And Beenext,949.52,1,2022-08-06,Consumer Software,Series D,Mumbai,1.0,1.0,2022-08-06
G,946.2,1,2025-06-09,B2B Ecommerce,Series G,Nan,0.33,3.0,2025-06-09
Sameunknown Capital,946.2,1,2025-06-09,B2B Ecommerce,Series G,Nan,0.33,3.0,2025-06-09
Ivycap Ventures,945.39,19,2025-09-27,"Ecommerce, Healthcare, Consumer Internet","Private Equity, Series A, Seed","Mumbai, Bangalore, Delhi",0.66,2.32,2025-09-27
Smbc,937.9,1,2024-09-25,Fintech,Other,Palo Alto,0.5,2.0,2024-09-25
Prosus N.V,937.9,1,2020-02-22,Food,Series A,Bangalore,1.0,1.0,2020-02-22
9Unicorns Accelerator Fund And Venture Catalysts,933.75,1,2022-09-02,Real State,Seed,Mumbai,1.0,1.0,2022-09-02
Walmart,929.6,3,2020-12-27,"Ecommerce, Food, Fintech",Unknown,"Bangalore, Mumbai",0.5,2.0,2020-12-27
Yunknowncombiunknowntor,929.6,3,2021-12-08,"Fintech, Ecommerce","Seed, Unknown","Mumbai, Gurgaon, Bangalore",0.61,2.0,2021-12-08
Other Investors,929.6,3,2025-02-27,"Other, Ev Battery, Funding","Private Equity, Pre-Series A","Bangalore, Nan",0.33,3.67,2025-02-27
Joseph Radhik,927.94,1,2022-07-20,Edtech,Seed,Mumbai,1.0,1.0,2022-07-20
Susan Dell Foundation,919.94,11,2025-07-14,"Fintech, Edtech, Private Coaching Centers","Private Equity, Series A, Series B","Bangalore, Delhi, Gurgaon",0.38,2.92,2025-07-14
Lok Capital,913.2,7,2025-01-02,"Fintech, Energy Storage, Financial Inclusion","Series A, Equity, Private Equity","Chennai, Mumbai, Gurgaon",0.55,2.25,2025-01-02
Facebook,913.15,2,2020-02-15,"Multinational Conglomerate, Edtech","Unknown, Series E","Mumbai, Bangalore",0.21,5.0,2020-02-15
Falcon Edge India,913.0,1,2021-04-17,Fintech,Unknown,Gurgaon,0.5,2.0,2021-04-17
Amplo,913.0,2,2021-05-14,"Fintech, B2B","Series D, Debt, Series A","Delhi, Mumbai",0.44,2.33,2021-05-14
Beams Fintech Fund,913.0,2,2025-04-10,Fintech,"Series A, Unspecified Round","Mumbai, Gurgaon",0.67,2.0,2025-04-10
Alphabet\\Xe2\\X80\\X99S Growth Investment Arm Capital G And Axis Bank,913.0,1,2019-01-14,Automobile,Series C,Jaipur,0.33,3.0,2019-01-14
Tvs Capital Funds,906.6,3,2025-01-24,"Fintech, Computer Software, Business Observability","Series B, Series A","Bangalore, Chennai",0.33,3.67,2025-01-24
Deepinder Goyal,904.7,3,2022-01-15,"Food, Import & Export, Hospital & Health Care","Private Equity, Series A, Series E","Gurgaon, Delhi",0.25,4.33,2022-01-15
True North,884.1,2,2025-03-17,"Housing Loan, Consumer Internet","Series B, Private Equity","Bangalore, Gurgaon",0.67,2.0,2025-03-17
Tanglin Venture Partners,883.95,7,2024-12-12,"Ecofriendly Products, Fintech, Protection & Authentication","Series A, Unknown, Other","Delhi, Bangalore, Mumbai",0.46,2.71,2024-12-12
Pegasus Tech Ventures,875.65,2,2021-02-15,Gaming,"Unknown, Series B",Bangalore,0.5,2.0,2021-02-15
\\Xc2\\Xa0 Capital Advisers,867.35,1,2017-05-19,Consumer Internet,Private Equity,Bangalore,0.5,2.0,2017-05-19
Info Edge Ventures,863.2,12,2025-10-23,"B2B, Deeptech Robotics, Energy Storage","Seed, Series A, Unknown","Gurgaon, Bangalore, Nan",0.66,2.08,2025-10-23
Global Founders Capital,855.9,9,2021-10-05,"Edtech, Fintech, Technology","Seed, Private Equity, Series A","Bangalore, Mumbai",0.44,3.33,2021-10-05
Sbi Mutual Fund,855.0,1,2024-11-17,Gaming,Other,Mumbai,0.25,4.0,2024-11-17
Think Investments Among Others,855.0,1,2024-11-17,Gaming,Other,Mumbai,0.25,4.0,2024-11-17
Caratlane Founder Mithun Sacheti,855.0,1,2024-11-17,Gaming,Other,Mumbai,0.25,4.0,2024-11-17
Aamara Capital,855.0,1,2024-11-17,Gaming,Other,Mumbai,0.25,4.0,2024-11-17
Rocket Internet,846.6,2,2015-08-19,"Online Food Delivery, Beauty & Lifestyle Mobile",Private Equity,"Gurgaon, Bangalore",0.75,1.5,2015-08-19
Winter Capital,838.3,2,2022-03-18,"Edtech, Fintech","Series B, Series D","Gurgaon, Bangalore",0.29,3.5,2022-03-18
Sandeep Mathur,833.32,2,2018-02-27,"Healthcare, Consumer Internet","Other, Seed","Pune, Bangalore",0.56,5.0,2018-02-27
Moore Strategic Ventures (Msv),830.0,1,2021-08-12,Fintech,Series C,Bangalore,0.5,2.0,2021-08-12
Kalaari Capital And Private Equity Firm Multiples Alterunknownte Asset Maunknowngement,830.0,1,2018-09-02,Consumer Internet,Private Equity,Mumbai,0.5,2.0,2018-09-02
Amal Parikh,830.0,1,2025-06-20,Advanced Hardware & Technology,Unknown,Noida,0.33,3.0,2025-06-20
Dell Capital,830.0,1,2022-01-10,Computer Software,Series B,Bangalore,0.33,3.0,2022-01-10
Newview Capital,830.0,1,2020-11-26,Saas,Debt,Pune,0.5,2.0,2020-11-26
Innoven Capita,830.0,1,2021-01-27,Fashion & Lifestyle,Private Equity,Mumbai,0.5,2.0,2021-01-27
Poounknownwalla,830.0,1,2020-11-06,Healthcare,Unknown,Mumbai,0.5,2.0,2020-11-06
Quilvest,830.0,1,2015-07-22,Music Streaming,Private Equity,Mumbai,0.17,6.0,2015-07-22
Allaunknown Group,830.0,1,2020-11-06,Healthcare,Unknown,Mumbai,0.5,2.0,2020-11-06
Mars Growth Capital (Mufg And Liquidity Group),830.0,1,2024-09-10,Mobile Advertising Software,Debt,Bangalore,1.0,1.0,2024-09-10
Bank Of Baroda,830.0,1,2021-07-19,Automotive,Debt,Bangalore,1.0,1.0,2021-07-19
Bertelsmann India Investments Norwest Venture Partners.,830.0,1,2015-07-13,Online Home Dxc3Xa9Cor,Private Equity,Mumbai,0.33,3.0,2015-07-13
Carlyle Group,830.0,1,2017-03-13,Technology,Private Equity,Delhi,0.5,2.0,2017-03-13
Tennenbaum Capital Partners,830.0,1,2015-09-14,Mobile Advertising,Private Equity,Bangalore,0.5,2.0,2015-09-14
Invesco Developing Markets Fund,830.0,1,2021-09-04,Information Technology &,Unknown,Noida,1.0,1.0,2021-09-04
Zinnia Global,830.0,1,2021-07-27,Consumer Goods,Unknown,Bangalore,1.0,1.0,2021-07-27
Abc World Asia,830.0,1,2021-09-14,Edtech,Series E,Bangalore,1.0,1.0,2021-09-14
Dsg Consumer Partners And Venture Nursery,830.0,1,2016-04-14,Consumer Internet,Private Equity,Delhi,0.2,5.0,2016-04-14
\\Xc2\\Xa0 Lightspeed India,830.0,1,2015-08-03,Budget Hotel Accommodation,Private Equity,Delhi,0.25,4.0,2015-08-03
Coatue,830.0,1,2020-07-08,Edtech,Series D,Bangalore,1.0,1.0,2020-07-08
Didi Chuxing,830.0,1,2018-02-16,Hospitality,Other,Gurgaon,1.0,1.0,2018-02-16
Liberty Media,830.0,1,2015-07-22,Music Streaming,Private Equity,Mumbai,0.17,6.0,2015-07-22
Maj Invest,829.5,2,2024-09-04,Fintech,"Unknown, Series C","Jaipur, Mumbai",0.38,3.0,2024-09-04
Anicut Capital,825.37,9,2025-10-20,"Ecommerce, Food, Craft Beer","Unknown, Debt, Series C","Delhi, Chennai, Gurgaon",0.76,1.7,2025-10-20
Nandan Nilekani,818.8,8,2020-03-22,"Ecommerce, Logistics, Digital & Physical Publishing","Private Equity, Unknown, Series B","Bangalore, Nan, Delhi",0.5,2.25,2020-03-22
Tata Capital,817.79,3,2024-09-12,"Biotechnology, Healthcare, Renewable Energy","Debt, Unknown","Nan, Bangalore",0.67,1.67,2024-09-12
Shunwei Capital,815.06,8,2020-02-14,"Consumer Internet, Ecommerce, Technology","Private Equity, Seed, Series C","Bangalore, Mumbai",0.51,2.25,2020-02-14
Hummingbird Ventures,813.4,3,2021-04-13,"Fintech, Healthcare","Unknown, Series A, Series B","Nan, Pune, Gurgaon",0.43,2.5,2021-04-13
Dreamweaver Investments And Northeast Venture Fund (,809.83,1,2022-09-05,Manufacturing,Seed,Guwahati,1.0,1.0,2022-09-05
Benchmark And Gv,809.25,1,2022-04-23,Accounting,Series C,San Francisco,1.0,1.0,2022-04-23
Abhiraj Singh Bhal,796.8,1,2021-12-20,Hospital & Health Care,Series E,Gurgaon,0.33,3.0,2021-12-20
Vulcan Capital,796.8,2,2021-10-25,"Retail, Edtech","Other, Series B","Mumbai, Bangalore",0.75,1.5,2021-10-25
Gmo Venturepartners And Snow Leopard Technology Ventures,793.48,1,2022-07-23,Agritech,Series B,Mumbai,1.0,1.0,2022-07-23
Norwest,788.5,1,2022-03-20,Broadcast Media,Unknown,Bangalore,0.33,3.0,2022-03-20
Avataar,788.5,1,2022-03-20,Broadcast Media,Unknown,Bangalore,0.33,3.0,2022-03-20
Sternaegis Ventures,763.6,1,2021-11-02,Mobility,Unknown,Bangalore,1.0,1.0,2021-11-02
Iifl Wealth,763.6,3,2021-12-04,Fintech,"Debt, Series B, Series F","Delhi, Gurgaon, Jaipur",0.39,2.67,2021-12-04
Avaaunknown Capital,761.02,14,2025-09-07,"Healthcare, Food, Agritech","Series A, Seed, Unknown","Bangalore, Delhi, Gurgaon",0.65,2.29,2025-09-07
Fidelity Growth Partners,755.3,4,2015-07-20,"Online Financial, Used Bikes, Cloud Enterprise Software",Private Equity,"Chennai, Mumbai, Pune",0.58,2.0,2015-07-20
Investcorp,755.3,4,2022-02-10,"Apparel & Fashion, Pharma, Food","Unknown, Series C","Mumbai, Gurgaon, Bangalore",0.69,2.0,2022-02-10
Michael,749.79,10,2025-07-14,"Fintech, Edtech, Private Coaching Centers","Private Equity, Series A, Series B","Bangalore, Delhi, Gurgaon",0.37,3.0,2025-07-14
Go Ventures,747.0,1,2020-01-10,Entertainment,Series C,Bangalore,0.5,2.0,2020-01-10
Pavilion Capital,747.0,1,2025-01-24,Ai,Series D,Bangalore,0.33,3.0,2025-01-24
Point72 Private Investments,747.0,1,2025-01-24,Ai,Series D,Bangalore,0.33,3.0,2025-01-24
Sequoia Capital Global Equities,747.0,1,2015-08-12,Doctor Appointment Booking,Private Equity,Bangalore,0.14,7.0,2015-08-12
Asian Development Bank,747.0,2,2021-03-21,Fintech,"Debt, Unknown","Chennai, Bhubaneswar",0.5,2.0,2021-03-21
Partners Group,747.0,2,2025-07-04,"Ecommerce, Fintech",Unknown,"Delhi, Mumbai",0.75,1.5,2025-07-04
Paramark Ventures And Folius Ventures,739.53,1,2022-07-12,Fintech,Series A,Bangalore,1.0,1.0,2022-07-12
March Capital Partners,739.36,1,2019-08-05,"Ai, Customer",Series C,"Chennai, Palo Alto",1.0,1.0,2019-08-05
Valar Ventures,734.21,4,2025-09-18,"Fintech, Consumer, Ecommerce","Series B, Unspecified Round, Seed","Bangalore, Gurgaon",0.77,1.6,2025-09-18
Network 18,732.31,2,2018-02-19,"Consumer Internet, Ecommerce",Private Equity,"Mumbai, Ahmedabad",0.62,2.5,2018-02-19
Naver,730.4,2,2022-03-03,"Audio Ott, Technology","Series C, Private Equity","Bangalore, Gurgaon",0.38,3.0,2022-03-03
Ratan Tata,729.86,5,2022-05-10,"Ecommerce, Healthcare, Media","Private Equity, Series B, Unknown","Delhi, Gurgaon, Pune",0.6,2.6,2022-05-10
Danilo S. Carlucci And Cmt Digital Ventures,728.1,1,2022-04-28,Fintech,Series A,London,1.0,1.0,2022-04-28
Fullerton Fiunknownncial Holdings Pte Ltd,722.1,1,2018-02-03,Fintech,Private Equity,Bangalore,0.5,2.0,2018-02-03
Ventureast,719.2,7,2019-07-03,"Consumer Internet, Technology, Healthcare","Private Equity, Series B, Other","Mumbai, Hyderabad, Bangalore",0.49,2.88,2019-07-03
Kleiner Perkins,712.14,3,2024-12-22,"Consumer Internet, Saas, Fintech","Private Equity, Series A, Series B","Nan, Gurgaon",0.26,4.0,2024-12-22
Interunknowntiounknownl Fiunknownnce Corporation (Ifc),709.65,3,2018-05-15,"Consumer Internet, Home Medical Care, Ecommerce",Private Equity,"Mumbai, Bangalore, Gurgaon",0.26,4.0,2018-05-15
Think Investments And Elevation Capital,709.65,1,2022-06-12,Food,Series C,Delhi,1.0,1.0,2022-06-12
Flourish Ventures,709.65,6,2025-02-08,"Fintech, Fishery, Ecommerce","Unspecified Round, Pre-Series A, Seed","Chennai, Delhi, Gurgaon",0.47,2.67,2025-02-08
Angel Investors,708.34,35,2025-02-01,"Fintech, Healthcare, Real Estate","Seed, Unknown, Unspecified Round","Bangalore, Mumbai, Gurgaon",0.6,2.46,2025-02-01
Malabar Investment,707.5,2,2024-12-20,"Dental Supplies, Internet Publishing",Unknown,"Delhi, Mumbai",0.75,1.5,2024-12-20
Invus,705.5,1,2021-12-26,B2B Ecommerce,Series C,Bangalore,1.0,1.0,2021-12-26
Emerald Media,705.5,2,2016-12-24,"Technology, Consumer Internet",Private Equity,"Mumbai, Bangalore",0.75,1.5,2016-12-24
Niif Infrastructure Fiunknownnce Limited (Niif Ifl),700.0,1,2025-02-24,Cloud & Data Centre Networking,Unspecified Round,Gurgaon,1.0,1.0,2025-02-24
Titan Capital,698.95,35,2025-07-26,"Healthcare, Edtech, Food","Pre-Seed, Seed, Unknown","Bangalore, Mumbai, Delhi",0.57,2.56,2025-07-26
Tvs Capital,697.2,1,2020-01-09,Fintech,Unknown,Bangalore,0.33,3.0,2020-01-09
Creation Investments,697.2,2,2022-03-06,Fintech,"Private Equity, Series C","Gurgaon, Chennai",0.42,2.5,2022-03-06
Sabre Partners,697.2,6,2022-03-16,"Fintech, Healthcare, Food","Series C, Private Equity, Pre-Series A","Bangalore, Nan, Gurgaon",0.49,2.5,2022-03-16
Ifc,693.05,2,2017-02-13,"Logistics, It Infrastructure & Data Center",Private Equity,Bangalore,0.27,4.0,2017-02-13
Y Combiunknowntor Continuity Fund,688.9,1,2021-04-27,Fintech,Series D,Bangalore,0.5,2.0,2021-04-27
Foundation Holdings,686.92,2,2020-08-11,Edtech,"Series D, Pre-Series A",Mumbai,0.83,1.33,2020-08-11
Stripes Group,680.6,1,2016-07-15,Consumer Internet,Private Equity,Mumbai,0.25,4.0,2016-07-15
Actis,680.6,1,2018-03-12,Technology,Private Equity,Mumbai,0.5,2.0,2018-03-12
Endiya Partners,680.52,20,2025-07-12,"Consumer Internet, Healthcare, Technology","Seed, Private Equity, Series A","Bangalore, Hyderabad, Nan",0.54,2.64,2025-07-12
Nabventures,675.79,10,2025-07-13,"Food, Fintech, Agritech","Series A, Pre-Series A, Seed","Mumbai, Gurgaon, Bangalore",0.62,2.42,2025-07-13
Mumbai Angels,674.7,22,2024-09-20,"Consumer Internet, Ecommerce, Technology","Seed, Private Equity, Unknown","Mumbai, Bangalore, Delhi",0.52,2.61,2024-09-20
Dg Ventures India,672.3,2,2017-10-26,Consumer Internet,Private Equity,"Pune, Gurgaon",0.42,2.5,2017-10-26
Flipkart (Parent Company),672.3,1,2025-02-17,Ecommerce Fashion,Other,Bangalore,1.0,1.0,2025-02-17
Ngp Capital,664.0,2,2025-01-12,"Industrial Robotics, Logistics","Series B, Series D",Bangalore,0.17,6.0,2025-01-12
Small Industries Development Bank Of India,664.0,1,2020-11-12,Venture Capitalist,Unknown,Delhi,1.0,1.0,2020-11-12
Jeff Bezos,664.0,1,2022-02-23,Saas,Series C,Bangalore,1.0,1.0,2022-02-23
Teunknownya Capital,664.0,1,2017-08-03,Technology,Private Equity,Pune,0.25,4.0,2017-08-03
Riverwood Capital,664.0,1,2017-08-03,Technology,Private Equity,Pune,0.25,4.0,2017-08-03
Nasper,664.0,1,2017-05-14,Consumer Internet,Private Equity,Bangalore,0.17,6.0,2017-05-14
Oman India Joint Investment Fund,664.0,2,2021-09-01,"Fintech, Interior Design","Unknown, Series E","Bhubaneswar, Bangalore",0.5,2.0,2021-09-01
Runet And Sofiunknown,664.0,1,2015-02-18,Other,Private Equity,Nan,0.25,4.0,2015-02-18
Omidyar Network India,652.38,11,2022-02-18,"Edtech, Medtech, Fintech","Seed, Series A, Series B","Bangalore, Gurgaon, Delhi",0.55,2.09,2022-02-18
Filter Capital,639.1,3,2025-08-20,"Mobility, Supply Financing, Ecommerce","Series C, Other, Series B","Mumbai, Gurgaon, Ahmedabad",0.67,1.67,2025-08-20
Idg Ventures India,633.71,16,2018-04-22,"Technology, Consumer Internet, Ecommerce","Private Equity, Seed, Other","Bangalore, Nan, Chennai",0.4,3.06,2018-04-22
Ocean View Investment,630.8,1,2021-12-08,Fintech,Unknown,Pune,0.5,2.0,2021-12-08
Qed Fund,630.8,1,2021-12-08,Fintech,Unknown,Pune,0.5,2.0,2021-12-08
Abhijit Pawar And Adar C. Poounknownwalla,624.8,1,2022-04-20,Healthcare,Unknown,Lonavala,1.0,1.0,2022-04-20
Kora Capital,622.5,1,2021-10-05,Computer Software,Series C,Bangalore,0.33,3.0,2021-10-05
Stripe,622.5,1,2021-10-05,Computer Software,Series C,Bangalore,0.33,3.0,2021-10-05
Series G Equity Funding,622.5,1,2025-02-08,B2B Ecommerce,Series G,Bangalore,1.0,1.0,2025-02-08
Northern Arc,622.5,6,2022-03-06,"Fintech, Environmental",Unknown,"Gurgaon, Chennai, Mumbai",0.45,2.5,2022-03-06
Riverwalk Holdings And Fireside Ventures,622.5,1,2022-12-20,Healthcare,Unknown,Nan,1.0,1.0,2022-12-20
Synergy,622.5,1,2025-06-28,Real Estate,Debt,Nan,0.5,2.0,2025-06-28
Inc.Bertelsmann,622.5,1,2020-11-04,Edtech,Debt,Nan,0.5,2.0,2020-11-04
Alua Capital,622.5,1,2021-10-05,Computer Software,Series C,Bangalore,0.33,3.0,2021-10-05
White Oak Global Advisors,622.5,1,2021-03-06,Insurance,Unknown,Gurgaon,0.5,2.0,2021-03-06
Mirae Asset Naver Asia Growth Fund,622.5,1,2021-02-03,Fintech,Series C,Bangalore,0.33,3.0,2021-02-03
Cerberus Capital Maunknowngement,622.5,1,2025-06-28,Real Estate,Debt,Nan,0.5,2.0,2025-06-28
Clairvest Group,620.18,2,2020-01-23,"Consumer Internet, Car","Private Equity, Unknown","Hyderabad, Bangalore",0.75,1.5,2020-01-23
Inflection Point Ventures,618.57,75,2025-10-08,"Edtech, Healthcare, Fintech","Pre-Series A, Seed, Unknown","Bangalore, Delhi, Mumbai",0.85,1.48,2025-10-08
Times Internet Ltd,618.35,3,2017-03-27,"Edtech, Consumer Internet, Based Bus Pooling",Private Equity,"Bangalore, Mumbai, Gurgaon",0.51,3.0,2017-03-27
Responsability,618.35,3,2021-01-10,"Fintech, Agritech, Solar Solution","Private Equity, Debt, Unknown","Chennai, Hyderabad, Bangalore",0.6,1.8,2021-01-10
Gic’S Lathe Investment,617.0,1,2025-06-15,Fintech,Other,Bangalore,1.0,1.0,2025-06-15
Infoedge,616.69,6,2021-07-10,"B2B, Consumer Internet, Technology","Series A, Private Equity, Other","Mumbai, Nan, Indore",0.79,1.67,2021-07-10
Arkam Ventures,615.18,6,2025-05-07,"Fintech, Commercial Vehicle, Automotive 3D","Pre-Series A, Unspecified Round, Series B","Delhi, Mumbai, Bangalore",0.49,2.83,2025-05-07
Helion Ventures,612.12,5,2017-10-28,"Consumer Internet, Ecommerce, Home Design & Dxc3Xa9Cor",Private Equity,"Bangalore, Nan, Mumbai",0.33,3.0,2017-10-28
Accion,603.74,4,2024-09-04,"Agritech, Nonbanking Finance, Fintech","Private Equity, Series A, Series C","Bangalore, Delhi, Mumbai",0.32,3.5,2024-09-04
Shell Ventures,602.1,3,2024-11-10,"Ev Leasing & Management, Electric Intercity Bus, Information Technology &","Series A, Unknown","Delhi, Hyderabad, Bangalore",0.28,3.67,2024-11-10
Natiounknownl Investment And Infrastructure Fund (Niif),600.0,1,2024-08-12,Ev,Unspecified Round,Bangalore,1.0,1.0,2024-08-12
Technology Crossover Ventures,597.6,1,2022-01-24,Information Technology &,Series D,Bangalore,1.0,1.0,2022-01-24
Mayfield India,595.52,6,2020-08-07,"Consumer Internet, Ecommerce, Technology","Private Equity, Seed","Mumbai, Ahmedabad, Bangalore",0.36,3.0,2020-08-07
Qualified Institutiounknownl Placement (Bank Of India Unknown Largest Buyer),595.0,1,2024-12-21,Fintech,Unspecified Round,Hyderabad,1.0,1.0,2024-12-21
Lead Angels Network,594.69,4,2022-12-25,"Food, Consumer Internet, Internet","Seed, Other, Pre-Series A","Bangalore, Gurgaon, Pune",0.69,2.0,2022-12-25
Payu,592.62,4,2021-03-28,"Consumer Internet, Fintech","Private Equity, Series A","Mumbai, Bangalore, Gurgaon",0.53,2.2,2021-03-28
Glade Brook Capital,589.3,2,2025-08-24,"Consumer, Ecommerce","Series A, Unknown","Gurgaon, Mumbai",0.42,2.5,2025-08-24
Capri Global Capital And Dsg Consumer Partners,589.3,1,2022-09-14,Hospitality,Unknown,Mumbai,1.0,1.0,2022-09-14
Anicut Capital And Dhruv Toshniwal,586.81,1,2022-12-20,Marketing,Seed,Gurgaon,1.0,1.0,2022-12-20
Granite Asia,585.15,2,2025-10-11,"Consumer > Vernacular, Vanadium Redox Flow Battery","Series C, Unspecified Round","Nan, Kolkata",1.0,1.0,2025-10-11
Aquiline Technology Growth (Atg),582.54,1,2020-01-26,Fintech,Series B,Nan,0.33,3.0,2020-01-26
Japan’S Mitsubishi Ufj Fiunknownncial Group (Mufg),581.0,1,2025-03-20,Fintech,Unspecified Round,Gurgaon,0.33,3.0,2025-03-20
Sands Capital,581.0,1,2017-02-13,Logistics,Private Equity,Bangalore,0.2,5.0,2017-02-13
Sanjiv Rangrass,581.0,1,2017-02-13,Logistics,Private Equity,Bangalore,0.2,5.0,2017-02-13
Kedaara,581.0,1,2021-10-02,Ecommerce,Unknown,Mumbai,1.0,1.0,2021-10-02
And Insurer Bnp Paribas Cardif,581.0,1,2025-03-20,Fintech,Unspecified Round,Gurgaon,0.33,3.0,2025-03-20
U.S. Interunknowntiounknownl Development Fiunknownnce Corp,581.0,2,2021-03-21,"Fintech, Agritech",Debt,Chennai,0.5,2.0,2021-03-21
Uniqorn Ventures And Other,581.0,1,2015-12-23,Peertopeer Money Transfer & Recharge,Private Equity,Mumbai,0.33,3.0,2015-12-23
Rakesh Gangwal,581.0,1,2024-12-10,Contract Manufacturing,Other,Bangalore,0.33,3.0,2024-12-10
Dream Incubator,574.19,5,2021-08-05,"Gaming, Healthcare, It","Series A, Unknown, Private Equity","Pune, Mumbai, Gurgaon",0.38,3.57,2021-08-05
Skycatcher,572.7,2,2025-08-02,"Gaming, Transportation, Media & Entertainment","Series A, Series C, Unknown","Pune, Bangalore",0.35,3.5,2025-08-02
Zee Entertainment Enterprises Limited,568.76,1,2020-04-20,Technology,Unknown,Mumbai,1.0,1.0,2020-04-20
Alteria Capital And Westbridge Capital,565.23,1,2022-08-12,Vacational Education,Series C,Gurgaon,1.0,1.0,2022-08-12
Beerud Sheth And Sea Fund,561.08,1,2022-05-06,Career Planning,Seed,Bangalore,1.0,1.0,2022-05-06
Trifecta Capital Advisors,556.1,4,2021-06-11,"Real Estate, Edtech, B2B Marketing","Debt, Series B, Unknown","Mumbai, Delhi, Bangalore",0.62,1.75,2021-06-11
Vef,556.1,1,2021-07-24,Logistics,Series E,Bangalore,0.33,3.0,2021-07-24
Ifc Emerging Asia Fund,556.1,1,2021-07-24,Logistics,Series E,Bangalore,0.33,3.0,2021-07-24
Nitin Gupta And Amit Singhal,553.61,1,2022-05-01,Beauty,Unknown,Noida,1.0,1.0,2022-05-01
Redsprig Innovation Partners (Ritesh Agarwal’S Affiliated Entity),550.0,1,2025-01-10,Hospitality,Unspecified Round,Gurgaon,1.0,1.0,2025-01-10
Morgan Stanley Private Equity Asia,549.71,2,2021-09-08,"Technology, Hospital & Health Care","Private Equity, Unknown","Surat, Ahmedabad",1.0,1.0,2021-09-08
Prime Venture Partners,548.62,13,2025-06-16,"Consumer Internet, Edtech, Information Technology &","Private Equity, Seed, Series A","Bangalore, Chennai, Mumbai",0.61,2.21,2025-06-16
Kotak Mahindra Bank,546.14,3,2022-03-26,"Fintech, Technology, Hospiitality","Unknown, Debt","Chennai, Gurgaon, Delhi",0.67,1.67,2022-03-26
Lightspeed And 360One Asset,539.5,1,2024-09-02,Healthcare,Series D,Mumbai,1.0,1.0,2024-09-02
Griffin Gaming Partners,539.5,1,2021-07-18,Gaming,Series C,Delhi,1.0,1.0,2021-07-18
Apis Growth Markets Fund Iii,539.5,1,2025-01-20,Edtech,Other,Bangalore,0.2,5.0,2025-01-20
Areunknown Holdings,539.5,1,2021-04-02,Retail,Series C,Gurgaon,0.5,2.0,2021-04-02
Apis Global Growth Fund Iii,539.5,1,2025-01-20,Edtech,Other,Bangalore,0.2,5.0,2025-01-20
Melinda Gates Foundation,538.67,4,2024-10-13,"Healthcare, Fintech, Dairy","Unknown, Series A, Debt + Equity","Bangalore, Gurgaon",0.25,5.5,2024-10-13
A91,538.0,1,2025-05-19,Value Fashion Retailer,Series B,Gurgaon,0.5,2.0,2025-05-19
Tpg Newquest,538.0,1,2025-05-19,Value Fashion Retailer,Series B,Gurgaon,0.5,2.0,2025-05-19
S Partners,533.36,8,2020-01-20,"Ecommerce, Travel, Consumer Internet","Private Equity, Seed, Other","Gurgaon, Bangalore, Mumbai",0.29,4.11,2020-01-20
Brand Capital,530.17,12,2025-01-21,"Consumer Internet, Ecommerce, Custom Merchandize","Private Equity, Seed, Other","Ahmedabad, Gurgaon, Mumbai",0.79,1.67,2025-01-21
Letsventure Angel Fund,530.0,2,2024-09-25,"Biotechnology, Backpacker Hostel","Series B, Series A",Mumbai,0.38,3.0,2024-09-25
Letsventure,525.47,35,2025-02-27,"Consumer Internet, Ecommerce, Automotive","Seed, Series A, Other","Bangalore, Delhi, Mumbai",0.46,2.94,2025-02-27
Dmi Alterunknowntive Investment Fund And Omidyar Network India,525.39,1,2022-06-10,Software,Series A,Noida,1.0,1.0,2022-06-10
Mars Growth Capital,522.9,2,2025-07-24,"Edtech, Real Estate","Series B, Debt",Mumbai,0.75,1.5,2025-07-24
Silicon Valley Bank,522.9,2,2016-02-10,"Consumer Internet, Online And Tv Shopping",Private Equity,"Gurgaon, Mumbai",0.17,6.0,2016-02-10
Breakthrough Energy Ventures,522.9,1,2025-02-06,"Iot, Commercial Hvac Automation Iot & Ai","Series A, Series B","Burnsville, Bangalore",0.58,3.5,2025-02-06
Arpit Khandelwal,518.22,2,2025-01-12,"Deeptech In Power Electronics, Gaming & Media","Other, Unspecified Round","Dewas, Mumbai",0.42,2.5,2025-01-12
Sachin Bansal,517.5,4,2019-05-21,"Automobile, Real Estate Broker, Funding","Private Equity, Series C, Seed","Bangalore, Delhi",0.42,4.0,2019-05-21
Tiger Global And Apoletto Maunknowngers.,514.6,1,2018-03-14,Consumer Internet,Private Equity,Gurgaon,0.5,2.0,2018-03-14
Edelweiss Discovery Fund,514.6,1,2025-06-13,Ecommerce,Unknown,Bangalore,0.25,4.0,2025-06-13
Info Edge,510.11,12,2024-09-13,"Retail, Beauty And Wellness, Social Commerce","Unknown, Seed, Private Equity","Gurgaon, Pune, Indore",0.67,1.83,2024-09-13
Gokul Rajaram,507.9,10,2025-02-17,"Healthcare, Technology, Edtech","Series A, Pre-Series A, Private Equity","Bangalore, Gurgaon, Pune",0.27,4.6,2025-02-17
Matrix Partners And Lightrock,506.3,1,2022-04-10,Information Technology,Unknown,Mumbai,1.0,1.0,2022-04-10
Rights Issue,500.0,1,2025-01-09,Flexible Workspace,Other,Bangalore,1.0,1.0,2025-01-09
Mithun Sacheti,499.5,2,2025-01-12,"Fintech, Gaming & Media",Unspecified Round,"Chennai, Mumbai",0.42,2.5,2025-01-12
Apis Partner,498.0,1,2017-12-09,Technology,Private Equity,Mumbai,0.33,3.0,2017-12-09
Bamboo Capital Partners,498.0,1,2017-12-09,Technology,Private Equity,Mumbai,0.33,3.0,2017-12-09
Tahoe Investment Group,498.0,1,2020-01-05,Interior Design,Series D,Bangalore,0.5,2.0,2020-01-05
Intact Ventures,498.0,1,2020-01-20,Fintech,Unknown,Mumbai,0.5,2.0,2020-01-20
Kedaara Capital,498.0,1,2025-04-18,Fintech,Series D,Bangalore,1.0,1.0,2025-04-18
Vertex Growth Fund,498.0,1,2020-01-01,"Ecommerce, Food",Series E,Bangalore,1.0,1.0,2020-01-01
Mediatek Inc.,498.0,1,2016-08-21,Ecommerce,Private Equity,Bangalore,1.0,1.0,2016-08-21
Ab Kinnevik,498.0,1,2015-07-07,Online & Mobile Classified Listings,Private Equity,Mumbai,0.33,3.0,2015-07-07
Composite Capital Maunknowngement,498.0,1,2019-07-06,Ecommerce,Series D,Nan,0.33,3.0,2019-07-06
Interunknowntiounknownl Fiunknownnce Corp,498.0,1,2016-05-10,Ecommerce,Private Equity,Delhi,0.17,6.0,2016-05-10
Asia Impact Sa,498.0,1,2022-01-04,Agritech,Series C,Noida,0.33,3.0,2022-01-04
Navis Capital Partners,498.0,1,2024-12-19,Digital Automotive,Other,Nan,0.5,2.0,2024-12-19
Adveq Maunknowngement,498.0,1,2016-05-10,Ecommerce,Private Equity,Delhi,0.17,6.0,2016-05-10
Vouch Insurance,498.0,1,2022-04-06,Human Resources,Series C,Nan,1.0,1.0,2022-04-06
Ashish Goel,498.0,1,2022-05-04,Enterprise Software,Unknown,Nan,1.0,1.0,2022-05-04
World Bankunknownbacked Ifc,498.0,1,2020-01-09,Logistics,Series D,Bangalore,0.17,6.0,2020-01-09
Susquehanunknown Growth Equity,498.0,1,2022-03-15,Software Development,Series D,Bangalore,1.0,1.0,2022-03-15
Mercer Investment,498.0,1,2020-01-05,Interior Design,Series D,Bangalore,0.5,2.0,2020-01-05
Newquest Capital Partner,498.0,1,2022-01-03,Food,Series D,Bangalore,1.0,1.0,2022-01-03
Moez Daya,498.0,1,2022-01-06,Biotechnology,Series B,Mumbai,0.5,2.0,2022-01-06
Mirae Asset Naver Fund,498.0,1,2020-01-09,Logistics,Series D,Bangalore,0.17,6.0,2020-01-09
Ubharte Sitaare Fund,498.0,1,2022-03-27,Venture Capital And Private Equity Principals,Unknown,Mumbai,1.0,1.0,2022-03-27
Nexus,498.0,1,2021-11-05,Ecommerce,Unknown,Mumbai,0.33,3.0,2021-11-05
Accelunknownkkr,498.0,1,2022-03-10,Computer Software,Series C,Gurgaon,1.0,1.0,2022-03-10
Evolvence India Fund,497.5,3,2024-08-06,"Consulting, Delivery, Healthcare","Series B, Series E, Unspecified Round",Bangalore,0.67,1.67,2024-08-06
Axaunknown Estates Llp,495.0,1,2025-01-12,Gaming & Media,Unspecified Round,Mumbai,0.33,3.0,2025-01-12
Pi Ventures,494.61,13,2025-07-01,"Technology, Spacetech, Energy Storage","Seed, Series A, Private Equity","Bangalore, Pune, Gurgaon",0.61,2.47,2025-07-01
Oaks Asset Maunknowngement,490.53,2,2024-10-05,"Fintech, Ecommerce, Milletbased Snacks","Unknown, Series B, Series A","Hyderabad, Mumbai",0.77,1.6,2024-10-05
Apoletto,489.7,2,2015-12-25,"Online Freight Aggregator, Women Ethnic Wearxc2Xa0 Online",Private Equity,"Bangalore, Mumbai",0.2,5.0,2015-12-25
Cx Partners,489.7,2,2021-09-15,"Information Technology &, Telecommunications",Series C,Bangalore,0.38,3.0,2021-09-15
Ruunknownnet,489.7,4,2016-07-15,"Technology, Other, Consumer Internet",Private Equity,"Mumbai, Nan, Gurgaon",0.24,4.5,2016-07-15
Better Capital,488.3,26,2025-02-22,"Fintech, Edtech, Fitness","Seed, Pre-Seed, Unknown","Bangalore, Mumbai, Delhi",0.5,2.44,2025-02-22
Axis Bank And Oaks Asset Maunknowngemen,488.04,1,2022-08-07,Fintech,Unknown,Mumbai,1.0,1.0,2022-08-07
Bii,482.9,2,2025-06-04,"Fintech, Logitech",Series C,"Mumbai, Nan",0.67,2.0,2025-06-04
. Anuj Jhaveri And Aspire Family Office,478.91,1,2022-06-05,Fintech,Series A,Bangalore,1.0,1.0,2022-06-05
Equity Capital,475.0,1,2025-05-08,Fintech,Unspecified Round,Mumbai,1.0,1.0,2025-05-08
Rbl Bank,473.1,1,2022-03-26,Hospiitality,Unknown,Delhi,0.5,2.0,2022-03-26
Ajay Kaul And Unicorn India Venture,473.1,1,2022-09-27,Food,Series A,Delhi,1.0,1.0,2022-09-27
Jasper Infotech Pvt Ltd,473.1,1,2017-01-08,Consumer Internet,Private Equity,Mumbai,1.0,1.0,2017-01-08
Niif,473.1,1,2025-10-20,Energy > Electric Vehicles,Series A,Nan,1.0,1.0,2025-10-20
Blacksoil,469.78,10,2025-03-18,"Fintech, Cloud Kitchen, Healthcare","Unknown, Private Equity","Bangalore, Delhi, Chennai",0.72,1.8,2025-03-18
Better Tomorrow Ventures,467.29,2,2024-12-09,"Fintech, Credit Card Issuance","Seed, Series D, Other","Pune, Gurgaon",0.36,3.0,2024-12-09
Lgt Lightstone Aspada,464.8,2,2020-03-15,"Agritech, Fintech",Series B,"Noida, Chennai",1.0,1.0,2020-03-15
Ftv Capital,464.8,1,2017-03-19,Technology,Private Equity,Pune,0.5,2.0,2017-03-19
Mirae Assets,464.8,1,2020-07-25,Coliving,Series C,Bangalore,0.25,4.0,2020-07-25
Ian Fund,460.65,11,2021-09-19,"Logistics, Energy, Biotechnology","Unknown, Series A, Pre-Series A","Delhi, Bangalore, Kochi",0.64,1.83,2021-09-19
Rebright Partners,460.12,11,2025-07-13,"Edtech, Consumer Internet, Fishery","Seed, Pre-Series A, Private Equity","Bangalore, Gurgaon, Chennai",0.39,3.58,2025-07-13
Nikhil Kamath,458.16,3,2025-09-13,"Clean, Green Logistics, Deeptech Smart Assistance","Unknown, Unspecified Round, Series A","Pune, Surat, Nan",0.49,3.0,2025-09-13
Stride Ventures,456.62,10,2025-06-20,"Fintech, B2B, Insurance","Unknown, Other, Series A","Mumbai, Bangalore, Delhi",0.76,1.55,2025-06-20
\\Xc2\\Xa0 Ruunknownnet,456.5,1,2017-01-04,Consumer Internet,Private Equity,Bangalore,0.25,4.0,2017-01-04
Thrive Capital,456.5,1,2017-01-04,Consumer Internet,Private Equity,Bangalore,0.25,4.0,2017-01-04
Rsi Fund,456.5,1,2017-01-04,Consumer Internet,Private Equity,Bangalore,0.25,4.0,2017-01-04
Abu Dhabi Investment Authority,456.5,2,2022-02-08,"Social Commerce, Ecommerce","Series E, Unknown","Bangalore, Mumbai",0.75,1.5,2022-02-08
Z47 (Formerly Matrix Partners India),456.5,2,2025-01-20,"B2B Saas, Ai Cloud",Series A,"Bangalore, Mumbai",0.27,4.0,2025-01-20
Omidyar Network And Kaizen Private Equity Also Participated In The Round,456.5,1,2018-04-26,Fintech,Private Equity,Bangalore,0.2,5.0,2018-04-26
Co.,456.5,2,2017-07-03,"Technology, Online And Tv Shopping",Private Equity,"Hyderabad, Mumbai",0.35,3.5,2017-07-03
Lgt Impact,456.5,1,2018-04-26,Fintech,Private Equity,Bangalore,0.2,5.0,2018-04-26
Lightstone Aspada,456.5,1,2020-02-26,Automotive,Series C,Bangalore,1.0,1.0,2020-02-26
Lightstone India,456.5,1,2022-03-06,Fintech,Series C,Chennai,0.5,2.0,2022-03-06
Bennett,455.2,4,2025-06-02,"Ecommerce, Technology, Real Estate","Private Equity, Unknown","Ahmedabad, Bangalore, Chennai",0.46,2.25,2025-06-02
Manipal Education And Medical Group (Memg),452.35,2,2019-12-25,"Consumer Internet, Gaming","Private Equity, Seed","Bangalore, Noida",0.67,2.0,2019-12-25
Korea Investment Partners,452.35,2,2020-04-08,"Ecommerce, Food","Series B, Series A",Bangalore,0.35,3.5,2020-04-08
01 Advisors,448.2,1,2020-01-01,Technology,Series B,San Francisco,0.5,2.0,2020-01-01
Xeed Vc,448.2,1,2025-02-17,Contract Lifecycle Management Clm Saas,Series B,Bangalore,0.17,6.0,2025-02-17
Trident Partners,448.2,1,2025-02-17,Contract Lifecycle Management Clm Saas,Series B,Bangalore,0.17,6.0,2025-02-17
Samsung Ventures,448.2,2,2020-08-24,"Food, Social Ecommerce",Series A,Bangalore,0.2,5.0,2020-08-24
Vertex Growth Singapore,448.2,1,2025-02-17,Contract Lifecycle Management Clm Saas,Series B,Bangalore,0.17,6.0,2025-02-17
Peak Xv,444.67,4,2025-07-04,"Devotional, Education Loan Fintech, Healthcare","Series B, Bridge, Seed","Mumbai, Bangalore, Pune",0.28,3.75,2025-07-04
Blue Ashva Capital,444.25,7,2025-02-01,"Fintech, Pollution Control Equiptment, Renewable Energy","Unknown, Other, Series B","Mumbai, Bangalore, Pune",0.59,2.86,2025-02-01
Susquehanunknown Asia Vc,442.81,3,2025-07-14,"Devotional, Consumer, Home Decor D2C","Series B, Series C, Unspecified Round","Bangalore, Kolkata, Mumbai",0.26,4.0,2025-07-14
Baird Capital,439.9,1,2025-09-06,Enterprise,Unknown,Bangalore,1.0,1.0,2025-09-06
Fmo,438.74,5,2021-04-20,"Fintech, Agritech, Other","Unknown, Series C, Debt","Chennai, Bangalore",0.7,1.6,2021-04-20
Pravega Ventures,434.02,13,2025-07-01,"Fintech, Technology, Consumer Goods","Series A, Pre-Series A, Series B","Mumbai, Bangalore, Gurgaon",0.69,2.08,2025-07-01
Tr Capital,432.84,2,2015-04-21,"Other, Online Furnishingnecommerce",Private Equity,"Nan, Bangalore",0.27,4.0,2015-04-21
Individual Investors,432.42,8,2025-01-12,"Edtech, Saas, D2C Footwear","Series A, Pre-Series A, Unspecified Round","Gurgaon, Bangalore, Noida",0.6,2.25,2025-01-12
Jafco Asia,432.11,5,2021-09-26,"Fintech, Saas, Alternate Mobile Monetization","Pre-Series A, Private Equity, Seed","Bangalore, Mumbai, Nan",0.33,3.8,2021-09-26
Content Creator Platform Rigi.Club,431.6,1,2022-04-07,Tourism,Unknown,Vitznau,1.0,1.0,2022-04-07
Yamaha,431.6,1,2021-08-12,Information Technology &,Unknown,Bangalore,0.33,3.0,2021-08-12
Redstart Labs,429.11,3,2022-05-22,"Hospital & Health Care, Computer Software, Consumer Applications",Seed,"Delhi, Bangalore, Gurgaon",0.83,1.33,2022-05-22
Idg Capital,423.3,1,2021-04-18,B2B Ecommerce,Series C,Mumbai,0.5,2.0,2021-04-18
Blue Cloud Ventures,423.3,1,2016-09-15,Technology,Private Equity,Pune,0.25,4.0,2016-09-15
Fj Labs,418.32,4,2021-04-24,"Interior Design, Social Media, B2B","Series D, Unknown, Series A","Mumbai, Chennai, Bangalore",0.33,3.6,2021-04-24
Taj Investment Holdings,417.5,1,2024-09-21,Api Infrastructure,Series C,Nan,1.0,1.0,2024-09-21
Eight Roads Ventures India,416.66,4,2021-03-21,"Fintech, Heathcare, Edtech","Other, Series B, Series A","Pune, Mumbai, Bangalore",0.75,1.5,2021-03-21
Moore Strategic Ventures,415.83,2,2021-11-08,"Hospital & Health Care, Real Estate","Series C, Series E",Bangalore,0.42,2.5,2021-11-08
Elev8,415.0,1,2025-03-12,Online Investment,Series D,Bangalore,1.0,1.0,2025-03-12
Index Ventures,415.0,1,2020-02-16,Fintech,Series B,Nan,0.2,5.0,2020-02-16
Lachy Groom,415.0,3,2025-05-02,"Deeptech, Managed Care, Technology","Series A, Seed","Bangalore, Kolkata",0.58,2.33,2025-05-02
Capital Group,415.0,1,2021-11-27,Fintech,Series B,Bangalore,0.5,2.0,2021-11-27
Post Road Group,415.0,1,2025-10-22,Enterprise Infrastructure > It Operations,Debt,Washington,1.0,1.0,2025-10-22
Manipal Education And Medical Group (Memg) Family Office,415.0,1,2020-01-10,Technology,Pre-Series A,Noida,0.5,2.0,2020-01-10
Gail (India) Ltd,415.0,1,2020-01-13,Automotive,Unknown,Chennai,1.0,1.0,2020-01-13
\\Xc2\\Xa0 Tiger Global Maunknowngement,415.0,1,2015-07-05,Hyperlocal Deals,Private Equity,Bangalore,0.25,4.0,2015-07-05
Sofiunknown Ventures Sa,415.0,1,2021-07-04,Healthcare,Unknown,Gurgaon,1.0,1.0,2021-07-04
Nyca Partners,415.0,1,2020-02-16,Fintech,Series B,Nan,0.2,5.0,2020-02-16
Meritech Capital Partners,415.0,1,2018-02-27,Consumer Internet,Private Equity,Pune,1.0,1.0,2018-02-27
Dst Partners And Rps Ventures,415.0,1,2018-11-12,Ecommerce,Series C,Bangalore,0.5,2.0,2018-11-12
Paramark Ventures,415.0,1,2025-02-01,B2B Crossborder Ecommerce,Series C,Gurgaon,0.25,4.0,2025-02-01
Dream Sports,415.0,1,2021-05-16,Sports,Unknown,Mumbai,1.0,1.0,2021-05-16
Strategic Investor,415.0,1,2025-02-14,Banking Fintech Saas,Other,Hyderabad,1.0,1.0,2025-02-14
Adq,415.0,1,2021-06-27,Edtech,Unknown,Bangalore,0.5,2.0,2021-06-27
Tekne Capital Maunknowngement Llc,415.0,1,2017-06-09,Consumer Internet,Private Equity,Bangalore,1.0,1.0,2017-06-09
Blackstone Group,415.0,1,2021-06-27,Edtech,Unknown,Bangalore,0.5,2.0,2021-06-27
Vitol,415.0,1,2021-10-20,Automotive,Unknown,Bangalore,1.0,1.0,2021-10-20
Ravikanth Reddy,415.0,1,2019-12-14,Aerospace,Seed,Bangalore,0.5,2.0,2019-12-14
Emerging India,415.0,1,2017-06-24,Consumer Internet,Private Equity,Mumbai,1.0,1.0,2017-06-24
Steadview Capital And Vy Capital.,415.0,1,2018-12-08,Technology,Series D,Delhi,1.0,1.0,2018-12-08
Temasek Holdings And Softbank Capital,415.0,1,2022-04-26,Internet,Unknown,Mumbai,1.0,1.0,2022-04-26
Sumeru Ventures,415.0,1,2022-02-14,Healthcare,Series C,Mumbai,1.0,1.0,2022-02-14
Mediatek,415.0,1,2016-05-08,Consumer Internet,Private Equity,Gurgaon,0.5,2.0,2016-05-08
Pradip Dadha Group,415.0,1,2015-10-21,Online Pharmacy,Private Equity,Chennai,0.5,2.0,2015-10-21
Susquehanunknown Growth Equity Llc,415.0,1,2017-09-11,Technology,Private Equity,Hyderabad,1.0,1.0,2017-09-11
Caunknownpi Ventures,415.0,1,2020-02-16,Fintech,Series B,Nan,0.2,5.0,2020-02-16
Orbimed,415.0,1,2015-10-21,Online Pharmacy,Private Equity,Chennai,0.5,2.0,2015-10-21
Upsparks And Black Kite Capital,415.0,1,2022-06-28,Software,Seed,Delhi,1.0,1.0,2022-06-28
Banyantree Fiunknownnce Pvt. Ltd.,415.0,1,2021-03-05,Agritech,Unknown,Delhi,1.0,1.0,2021-03-05
Value Fund Advisors,415.0,1,2015-03-21,Other,Private Equity,Nan,1.0,1.0,2015-03-21
Chan Zuckerberg Initiative,415.0,1,2016-09-09,Edtech,Private Equity,Bangalore,0.2,5.0,2016-09-09
General Catalyst.,415.0,1,2020-02-16,Fintech,Series B,Nan,0.2,5.0,2020-02-16
Zip Co,415.0,1,2021-09-15,Fintech,Series C,Bangalore,1.0,1.0,2021-09-15
Bill,414.17,3,2024-10-13,"Healthcare, Dairy, Technology","Unknown, Debt + Equity, Private Equity","Bangalore, Gurgaon",0.25,6.0,2024-10-13
Kingsway Fci Fund,412.51,1,2018-07-24,Consumer Internet,Private Equity,Gurgaon,0.33,3.0,2018-07-24
Kck Global,412.51,1,2018-07-24,Consumer Internet,Private Equity,Gurgaon,0.33,3.0,2018-07-24
Gruhas Proptech,411.05,4,2024-12-12,"Real Estate, Fintech, Solar","Series A, Series B, Seed","Mumbai, Gurgaon, Bangalore",0.42,3.0,2024-12-12
3State Ventures,410.85,3,2025-09-10,"Food, Ai, Consumer","Unknown, Seed, Series B","Bangalore, Ahmedabad",1.0,1.0,2025-09-10
Korea Investment Partners (Kip),410.02,1,2020-01-20,Travel,Other,Gurgaon,0.12,8.0,2020-01-20
Uob Venture,410.02,1,2020-01-20,Travel,Other,Gurgaon,0.12,8.0,2020-01-20
Cvcapital,410.02,1,2020-01-20,Travel,Other,Gurgaon,0.12,8.0,2020-01-20
10 Fund,410.02,1,2020-01-20,Travel,Other,Gurgaon,0.12,8.0,2020-01-20
Zero2Ipo Ventures,410.02,1,2020-01-20,Travel,Other,Gurgaon,0.12,8.0,2020-01-20
Samsung Venture Investment Corporation (Svic),410.02,1,2020-01-20,Travel,Other,Gurgaon,0.12,8.0,2020-01-20
Fireside Ventures,407.37,15,2025-08-10,"Ecommerce, Healthcare, Consumer Goods","Series A, Seed, Pre-Series A","Bangalore, Gurgaon, Mumbai",0.74,2.0,2025-08-10
Radical Ventures,406.7,1,2024-12-22,"Defense And Space Manufacturing, Spacetech","Series A, Other",Bangalore,0.58,3.5,2024-12-22
Adb Arm,406.7,1,2021-04-14,Renewable Energy,Unknown,Delhi,0.5,2.0,2021-04-14
Raintree Family Office,406.7,1,2021-04-14,Renewable Energy,Unknown,Delhi,0.5,2.0,2021-04-14
Nuveen,402.05,2,2025-04-22,"Fintech, Fabric","Series C, Series A","Mumbai, Bangalore",0.62,2.5,2025-04-22
Sunil Munjal,401.72,2,2018-05-04,"Consumer Internet, Ecommerce",Private Equity,"Mumbai, Delhi",0.35,3.0,2018-05-04
Euclidean Capital Llc,400.0,1,2024-08-22,Wealth And Asset Management,Series B,Mumbai,0.33,3.0,2024-08-22
Abc Impact,400.0,2,2025-03-15,"Microlending, Healthcare","Series G, Unknown","Nan, Delhi",1.0,1.0,2025-03-15
Mufg Bank,400.0,1,2024-08-22,Wealth And Asset Management,Series B,Mumbai,0.33,3.0,2024-08-22
Omidyar,398.4,1,2021-07-08,Online Storytelling,Unknown,Bangalore,0.5,2.0,2021-07-08
Saif Partners.,398.4,2,2015-09-27,"Online Insurance Aggregator, Hyperlocal Grocery Delivery",Private Equity,"Mumbai, Gurgaon",0.42,2.5,2015-09-27
Krafton Inc,398.4,1,2021-07-08,Online Storytelling,Unknown,Bangalore,0.5,2.0,2021-07-08
Sig Global India Fund,398.2,2,2021-03-26,"Media, Transport","Unknown, Series C","Noida, Delhi",0.75,1.5,2021-03-26
Bharat Value Fund (Bvf),396.0,2,2025-01-06,"Electric Twowheeler Manufacturing, Snacks","Unspecified Round, Other","Pune, Kolkata",0.75,1.5,2025-01-06
. Orios Venture Partners And Flipkart Ventures,393.42,1,2022-11-16,Healthcare,Series B,Delhi,1.0,1.0,2022-11-16
Speciale Invest,391.18,11,2025-10-20,"Advanced Hardware & Technology, Deeptech Robotics, High > Advanced Materials","Seed, Series A, Pre-Seed","Chennai, Bangalore, Nan",0.65,2.46,2025-10-20
Aspada Investment,390.1,1,2018-01-11,Fintech,Private Equity,Mumbai,0.33,3.0,2018-01-11
Spring Marketing Capital,390.1,2,2025-07-01,"Ecommerce, Beauty Products","Pre-Series A, Unknown","Chennai, Mumbai",0.75,1.5,2025-07-01
Sumitomo Mitsui Trust Bank,390.1,1,2022-01-11,Fintech,Unknown,Delhi,1.0,1.0,2022-01-11
Leonis Investissement And Kuunknownl Shah,390.1,1,2022-11-22,Fintech,Series A,Bangalore,1.0,1.0,2022-11-22
Nippon Life India,388.44,1,2025-07-18,Fintech,Debt,Mumbai,0.5,2.0,2025-07-18
Together Fund,387.61,7,2025-09-12,"Ai, Aifocused Healthtech, Saas","Seed, Other, Unspecified Round","Bangalore, Nan, Ichalkaranji",0.36,3.38,2025-09-12
Jsw Ventures,385.95,6,2025-06-10,"Healthcare, Ecommerce, Home Interior","Series B, Private Equity, Series A","Bangalore, Mumbai, Gurgaon",0.43,2.86,2025-06-10
Ivy Growth Associates And Letsventure,385.95,1,2022-10-10,Manufacturing,Seed,Pune,1.0,1.0,2022-10-10
Antler,384.7,11,2025-10-13,"Fintech, Advanced Hardware & Technology, Biotech","Pre-Seed, Seed, Series A","Gurgaon, Bangalore, Nan",0.49,4.0,2025-10-13
Intel Capital,384.29,4,2025-03-14,"Ai, Online Pharmacy & Drug Db, It Infrastructure & Data Center","Private Equity, Seed, Series A","Bangalore, Gurgaon",0.29,4.5,2025-03-14
Swc Global,383.87,3,2025-06-17,"D2C Snack, D2C Menswear, Edtech","Unspecified Round, Other, Pre-Series A","Delhi, Nan, Bangalore",0.58,2.33,2025-06-17
Oikocredit,383.46,5,2024-09-13,"Fintech, Micro Finance, Agritech","Other, Series A, Private Equity","Kolkata, Bangalore, Delhi",0.36,3.2,2024-09-13
Varun Alagh,380.14,3,2022-01-21,"Human Resources, Retail, Venture Capital & Private Equity","Seed, Series A, Unknown","Bangalore, Kolkata",0.5,2.0,2022-01-21
Motilal Oswal Fiunknownncial Services Ltd,379.31,1,2025-08-18,Consumer,Unknown,Bangalore,1.0,1.0,2025-08-18
And Others,378.11,5,2025-01-16,"Mortgage Distribution, Defence, D2C Lingerie & Shapewear","Other, Series B, Pre-Seed","Gurgaon, Nan, Noida",0.24,4.4,2025-01-16
Polygon,378.0,2,2024-11-15,"Social Media, Web3 Gaming","Unknown, Unspecified Round","Delhi, Nan",0.67,2.0,2024-11-15
Idh Farmfit Fund,377.65,3,2025-04-24,"Fintech, Dairy","Series B, Unspecified Round, Debt + Equity","Auckland, Chennai, Bangalore",0.46,4.33,2025-04-24
Quantiphi And Ian Group,375.0,1,2024-09-28,Biotech,Unknown,Hyderabad,1.0,1.0,2024-09-28
Anchor Investors,374.5,2,2024-08-22,"Luxury Fashion, Saas",Unknown,"Kolkata, Delhi",1.0,1.0,2024-08-22
Fairfax,373.5,1,2018-07-19,Consumer Internet,Private Equity,Pune,1.0,1.0,2018-07-19
360 One Asset,373.5,2,2025-06-17,"Casual Gaming, D2C Menswear","Series A, Other","Delhi, Nan",0.38,3.0,2025-06-17
Wind Ventures,373.5,1,2025-02-06,Commercial Hvac Automation Iot & Ai,Series B,Bangalore,0.17,6.0,2025-02-06
Climate Investment,373.5,1,2025-02-06,Commercial Hvac Automation Iot & Ai,Series B,Bangalore,0.17,6.0,2025-02-06
Next47,373.5,1,2025-02-06,Commercial Hvac Automation Iot & Ai,Series B,Bangalore,0.17,6.0,2025-02-06
H,373.5,1,2021-07-27,Social Commerce,Series B,Bangalore,0.33,3.0,2021-07-27
Carrier Global Corporation,373.5,1,2025-02-06,Commercial Hvac Automation Iot & Ai,Series B,Bangalore,0.17,6.0,2025-02-06
Mirae Asset,373.5,1,2021-07-27,Social Commerce,Series B,Bangalore,0.33,3.0,2021-07-27
Accurant Interunknowntiounknownl'S Net Zero Alliance,373.5,1,2025-02-06,Commercial Hvac Automation Iot & Ai,Series B,Bangalore,0.17,6.0,2025-02-06
Kb Investment,373.5,1,2020-12-05,Fintech,Series C,Bangalore,0.5,2.0,2020-12-05
Eight Roads,373.5,1,2019-04-08,Fintech,Series A,Bangalore,1.0,1.0,2019-04-08
Salesforce Ventures,371.22,4,2025-09-27,"Technology, Computer Software, Ai","Series A, Private Equity, Seed","Bangalore, Pune, Nan",0.46,2.25,2025-09-27
Harsh Mariwala,369.35,1,2018-05-04,"Consumer Internet, Beauty & Wellness Products Etailer",Private Equity,Mumbai,0.31,3.33,2018-05-04
Krafton,366.37,6,2025-04-23,"Gaming, Online Media, Digital Entertainment And Technology","Unknown, Series A, Series B","Bangalore, Pune, Mumbai",0.92,1.17,2025-04-23
Waterbridge Ventures,365.61,10,2025-07-11,"Consumer Internet, Information Technology, B2B","Pre-Series A, Seed, Series A","Bangalore, Gurgaon, Delhi",0.58,2.18,2025-07-11
Nubank,365.2,1,2021-08-15,Banking,Series B,Mumbai,0.25,4.0,2021-08-15
Alpha Wave Incubation,365.2,6,2022-02-01,"Edtech, Agritech, Information Technology &","Series A, Seed, Unknown","Bangalore, Gurgaon, Chandigarh",0.92,1.17,2022-02-01
Ecl Fiunknownnce,365.2,1,2017-09-18,Technology,Private Equity,Mumbai,1.0,1.0,2017-09-18
Smith Point Capital,365.2,1,2024-10-17,Cloudbased Intelligence,Series B,Nan,1.0,1.0,2024-10-17
Avatar Growth Capital,365.2,1,2020-05-13,Saas,Series C,Gurgaon,0.5,2.0,2020-05-13
Northern Arc Capital,365.2,4,2021-08-03,"Fintech, Agritech","Debt, Unknown","Delhi, Mumbai, Gurgaon",0.48,2.75,2021-08-03
Naval Ravikant,365.2,2,2024-11-20,"Social Media, Electric Aircraft",Series B,"Bangalore, Chennai",0.33,4.0,2024-11-20
Sanjeev Aggarwal,362.71,1,2020-03-22,Ecommerce,Series B,Nan,0.5,2.0,2020-03-22
Bluehill Asset Maunknowngement And Elevation Capital,359.39,1,2022-07-04,Atificial Intelligence,Series B,Chennai,1.0,1.0,2022-07-04
Mirae Asset Capital Markets,356.9,1,2020-04-08,Food,Series A,Bangalore,0.2,5.0,2020-04-08
Ark Impact,356.9,1,2020-04-08,Food,Series A,Bangalore,0.2,5.0,2020-04-08
L Catterton,354.66,2,2025-10-09,"Snacking, Healthcare","Series C, Private Equity","Noida, Nan",1.0,1.0,2025-10-09
Pincus,352.75,1,2020-01-06,Car Trade,Series H,Mumbai,0.25,4.0,2020-01-06
Jp Morgan,352.75,1,2020-01-06,Car Trade,Series H,Mumbai,0.25,4.0,2020-01-06
Fullerton Fiunknownncial Holdings,352.24,1,2021-04-04,Fintech,"Series D, Debt","Ahmedabad, Nan",0.33,3.33,2021-04-04
Fosun Interunknowntiounknownl,348.6,2,2018-10-08,Logistics,"Private Equity, Series C","Delhi, Bangalore",1.0,1.0,2018-10-08
Ifu,348.6,1,2024-09-15,Diagnostics Healthcare,Series C,Nan,0.25,4.0,2024-09-15
Varun Sadaunknown And Titan Capital,348.6,1,2022-12-16,Analytics,Seed,Newark,1.0,1.0,2022-12-16
Incred / Info Edge Ventures,348.6,1,2025-10-11,Fintech,Debt,Delhi,1.0,1.0,2025-10-11
Spark Growth Ventures,348.6,1,2024-09-15,Diagnostics Healthcare,Series C,Nan,0.25,4.0,2024-09-15
Singularity Ventures,347.02,4,2025-06-15,"Ecommerce, Cancer Diagnostics, Defence Electronics","Private Equity, Series A","Mumbai, Pune, Bangalore",0.42,4.0,2025-06-15
Peak Xv’S Surge,345.28,4,2025-02-17,"Fintech, Healthcare, Saas","Other, Unspecified Round, Series A","Bangalore, Gurgaon",0.23,5.0,2025-02-17
Think Investment,344.45,2,2025-04-01,"Beverages, Healthcare",Unknown,"Nan, Mumbai",1.0,1.0,2025-04-01
Horizons Ventures,340.3,1,2017-08-05,"Mobile Based Pos Solution, Technology",Private Equity,Bangalore,0.27,4.0,2017-08-05
Ankit Bhati And Inflection Point Ventures,340.3,1,2022-08-19,Edtech,Series A,Bangalore,1.0,1.0,2022-08-19
Principal Asset Maunknowngement,340.0,1,2025-05-19,B2B Ecommerce,Unknown,Mumbai,0.33,3.0,2025-05-19
Oneup,340.0,1,2025-05-19,B2B Ecommerce,Unknown,Mumbai,0.33,3.0,2025-05-19
Jsw Steel,340.0,1,2025-05-19,B2B Ecommerce,Unknown,Mumbai,0.33,3.0,2025-05-19
M1Xchange Raised,338.64,1,2022-11-24,Ecommerce,Unknown,Noida,1.0,1.0,2022-11-24
Plutus Wealth Maunknowngement,338.55,2,2025-10-16,"Gaming, Consumer Goods > Retailers","Unknown, Series B","Mumbai, Nan",0.67,1.67,2025-10-16
Cdc Group Plc,336.15,2,2018-02-08,Healthcare,Private Equity,"Delhi, Mumbai",1.0,1.0,2018-02-08
Prosus Ventures And Ankur Capita,335.32,1,2022-07-24,Agritech,Series B,Bangalore,1.0,1.0,2022-07-24
Gem Global Yield Llc Scs,335.0,1,2024-11-13,Blockchain Fintech,Other,Nan,1.0,1.0,2024-11-13
Aavishkaar Capital,333.5,4,2025-04-19,"Fintech, Logistics, Edtech","Series A, Other, Series B","Gurgaon, Kolkata, Pune",0.8,1.4,2025-04-19
Infoedge Ventures,333.07,9,2025-07-23,"Fintech, Media & Entertainment, Specialty Chemicals","Seed, Pre-Series A, Series B","Bangalore, Nan, Gurgaon",0.64,1.73,2025-07-23
Eurazeo,333.0,2,2025-05-10,"Ev Leasing & Management, Cold Aggregator","Series A, Series B","Delhi, Mumbai",0.38,3.0,2025-05-10
Novo Tellus Capital,332.0,1,2021-04-15,Electronics,Unknown,Bangalore,1.0,1.0,2021-04-15
Sageone Flagship Growth Oe Fund,332.0,1,2025-03-14,Omnichannel Luxury Fashion,Series E,Mumbai,0.25,4.0,2025-03-14
Quadria Capital Advisors,332.0,1,2017-04-08,Healthcare,Private Equity,Noida,1.0,1.0,2017-04-08
Ontario Teachers’ Pension Plan,332.0,1,2025-08-15,Enterprise,Unknown,Hyderabad,1.0,1.0,2025-08-15
Idfc Private Equity,332.0,1,2021-02-16,Healthcare,Series B,Bangalore,0.5,2.0,2021-02-16
\\Xc2\\Xa0 Lok Capital,332.0,1,2015-09-14,Small Business Financing Nbfc,Private Equity,Bangalore,0.2,5.0,2015-09-14
Tomales Bay Capital,332.0,2,2024-11-16,"Datasharing & Identity Verification, Gaming","Series A, Unknown","Hyderabad, Gurgaon",0.42,2.5,2024-11-16
Net1 Ueps Technologies Inc,332.0,1,2016-08-18,Consumer Internet,Private Equity,Gurgaon,1.0,1.0,2016-08-18
Nithin Kamath’S Rainmatter,332.0,1,2024-12-12,Solar,Series B,Mumbai,0.17,6.0,2024-12-12
Lightrock,332.0,1,2024-12-12,Solar,Series B,Mumbai,0.17,6.0,2024-12-12
Chris Sacca’S Lowercarbon,332.0,1,2024-12-12,Solar,Series B,Mumbai,0.17,6.0,2024-12-12
Lightspeed And Alphawave,332.0,1,2024-10-06,Chemical Manufacturing,Series A,Houston,1.0,1.0,2024-10-06
Novo Holdings,332.0,1,2022-03-26,Medical Equipment Manufacturing,Unknown,Mumbai,0.5,2.0,2022-03-26
Ravi Modi Office,332.0,1,2025-06-17,D2C Menswear,Other,Nan,0.25,4.0,2025-06-17
Sequoia Capital India And Omidyar Network,332.0,1,2015-02-13,Other,Private Equity,Nan,0.33,3.0,2015-02-13
Umi,332.0,1,2025-03-21,Chemicals,Series B,Bangalore,0.25,4.0,2025-03-21
Omnivore And 3One4 Capital,332.0,1,2025-03-21,Chemicals,Series B,Bangalore,0.25,4.0,2025-03-21
Adar Poounknownwalla,332.0,1,2020-07-28,Digital,Unknown,Pune,0.5,2.0,2020-07-28
Peak Xv Partners And Elevation Capital,332.0,1,2024-09-26,"Visa Processing, Saas",Series B,Mumbai,1.0,1.0,2024-09-26
Ivycap,332.0,1,2025-06-17,D2C Menswear,Other,Nan,0.25,4.0,2025-06-17
Pidilite Industries,332.0,1,2020-02-19,Ecommerce,Series F,Mumbai,1.0,1.0,2020-02-19
Fullerton Carbon Action Fund And Shift4Good,332.0,1,2025-05-14,Transportasaservice,Series C,Bangalore,1.0,1.0,2025-05-14
And Minerva Ventures Fund,332.0,1,2025-03-14,Omnichannel Luxury Fashion,Series E,Mumbai,0.25,4.0,2025-03-14
Ignition Partners,332.0,1,2017-03-13,Technology,Private Equity,Pune,0.27,4.0,2017-03-13
Alchemy Long Term Ventures Fund,332.0,1,2025-03-14,Omnichannel Luxury Fashion,Series E,Mumbai,0.25,4.0,2025-03-14
Bessemer Venture,332.0,1,2015-06-11,Offgrid Solar Power,Private Equity,Mumbai,0.33,3.0,2015-06-11
Capricorn Investment And Ifc,332.0,1,2015-06-11,Offgrid Solar Power,Private Equity,Mumbai,0.33,3.0,2015-06-11
Future Fund,332.0,1,2015-06-11,Offgrid Solar Power,Private Equity,Mumbai,0.33,3.0,2015-06-11
Ia Ventures,332.0,1,2021-12-11,Consumer,Series B,Bangalore,0.5,2.0,2021-12-11
Kenro Capital,332.0,1,2024-12-14,Edtech,Other,Bangalore,1.0,1.0,2024-12-14
Avendus,332.0,1,2021-03-04,Fintech,Unknown,Mumbai,1.0,1.0,2021-03-04
Bajaj Holdings And Investment,332.0,1,2025-03-14,Omnichannel Luxury Fashion,Series E,Mumbai,0.25,4.0,2025-03-14
Adar C. Poounknownwalla,332.0,1,2020-01-24,Technology,Unknown,Mumbai,0.5,2.0,2020-01-24
Gaja Capital,330.34,4,2025-07-13,"Fintech, Lifestyle, Ecommerce","Unknown, Private Equity, Series C","Bangalore, Gurgaon, Mumbai",0.48,4.0,2025-07-13
Beenos,327.85,5,2017-04-06,"Consumer Internet, Online Product Comparison, Used Vehicle","Private Equity, Seed","Bangalore, Delhi",0.3,4.4,2017-04-06
Athera Venture Partners,325.6,4,2025-01-24,"Industrial Robotics, Deeptech Robotics, Ai","Series B, Series A, Seed","Bangalore, Dover",0.22,5.0,2025-01-24
Harsh Gupta And Amit Khanunknown,323.7,1,2022-05-18,Software,Series A,Nan,1.0,1.0,2022-05-18
. Veda Vc And Sujeet Kumar,323.7,1,2022-12-26,Electric Vehicle,Seed,Bangalore,1.0,1.0,2022-12-26
Sixth Sense Ventures And A91 Partners,321.21,1,2022-10-22,Healthcare,Unknown,Noida,1.0,1.0,2022-10-22
Coleman And Co. Ltd (Bccl),321.21,1,2017-02-07,Ecommerce,Private Equity,Bangalore,0.5,2.0,2017-02-07
Inventus Capital Partners,319.55,3,2017-09-02,"Other, Fintech, Ecommerce","Private Equity, Seed","Nan, Chennai, Gurgaon",0.34,3.33,2017-09-02
Manish Sinha And Indian Angel Network,319.55,1,2022-05-28,Edtech,Unknown,Delhi,1.0,1.0,2022-05-28
Arkam Ventures And Vertex Ventures,318.72,1,2022-09-19,Fintech,Series B,Hyderabad,1.0,1.0,2022-09-19
State Street Global Advisors,318.72,1,2018-03-18,Consumer Internet,Private Equity,Mumbai,1.0,1.0,2018-03-18
Pine Labs Pte Ltd,316.06,1,2019-08-04,Information Technology,Other,Noida,1.0,1.0,2019-08-04
Capricorn Investment Group,315.4,2,2015-08-23,"Mobile Based Pos Solution, Other",Private Equity,"Bangalore, Nan",0.27,4.0,2015-08-23
Responsability Investments Ag,315.4,2,2025-01-22,"Climatefocused Deeptech, Solar Solution","Debt, Unknown","Pune, Bangalore",0.62,2.5,2025-01-22
Beenext Capital,315.4,1,2024-10-25,Ai,Unspecified Round,Mumbai,0.33,3.0,2024-10-25
Claypond Capital,315.4,2,2025-06-01,"Wellness & Longevity, Home Financing","Seed, Other","Nan, Mumbai",0.42,2.5,2025-06-01
Iifl,314.6,2,2022-02-16,"Information Technology &, Logistics","Seed, Series B","Pune, Gurgaon",0.42,2.5,2022-02-16
Catamaran Ventures,314.16,3,2018-05-19,"Consumer Internet, Payment, Technology","Private Equity, Other","Bangalore, Mumbai",0.32,3.5,2018-05-19
Docprime Technologies,312.25,1,2024-08-08,Healthcare,"Unknown, Other","Delhi, Nan",0.75,1.5,2024-08-08
Massmutual Ventures,311.25,3,2025-10-08,"Hospital & Health Care, Computer & Security, Fintech","Pre-Series A, Series A, Series B","Bangalore, Nan",1.0,1.0,2025-10-08
Ankur Capital,309.69,11,2025-06-27,"Agritech, Food & Logistics, Supply","Pre-Series A, Seed, Other","Bangalore, Mumbai, Udaipur",0.61,2.17,2025-06-27
Dharaunknown Capital,307.1,3,2025-04-08,"Smart Kitchen Appliances, Drone, Insurance Infrastructure Api","Seed, Unspecified Round, Series D","Bangalore, Delhi, Noida",0.5,3.33,2025-04-08
Torrent Group,307.1,1,2016-08-22,Healthcare,Private Equity,Mumbai,1.0,1.0,2016-08-22
Lakshmikant Pb And Murthy Aradhi,307.1,1,2022-04-13,Healthcare,Unknown,Hyderabad,1.0,1.0,2022-04-13
Xl Innovate,307.1,1,2019-08-16,Automotive,Series B,San Francisco,1.0,1.0,2019-08-16
Aroa Ventures,306.27,4,2021-11-20,"Retail, Consumer Electronics, Information Technology &","Unknown, Pre-Series A","Delhi, Mumbai, Ahmedabad",0.67,2.0,2021-11-20
Llc,304.61,4,2025-05-09,"Fintech, It, Healthcare","Series B, Series C, Unknown","Jaipur, Delhi, Bangalore",0.38,3.0,2025-05-09
Dallas Venture Capital,304.02,5,2025-07-12,"Finops Automation, Edtech, Ai","Series B, Pre-Series A, Series A","Bangalore, Nan, Mumbai",0.34,3.6,2025-07-12
Indian Angel Network,303.2,40,2025-09-23,"Consumer Internet, Technology, Healthcare","Seed, Private Equity, Pre-Series A","Delhi, Bangalore, Noida",0.69,1.9,2025-09-23
Flipkart Ventures,302.54,2,2025-06-13,"D2C, Logistics","Series A, Seed","Bangalore, Delhi",0.5,2.0,2025-06-13
Lighthouse Canton,300.0,1,2024-10-05,B2B,Debt,Bangalore,0.5,2.0,2024-10-05
Automating Your Receivables Maunknowngement,300.0,1,2022-02-26,Fintech,Other,Mumbai,1.0,1.0,2022-02-26
Stride Ventures And Others,300.0,1,2024-10-05,B2B,Debt,Bangalore,0.5,2.0,2024-10-05
Il,299.63,3,2018-05-15,"It, Fintech, Technology","Private Equity, Other","Mumbai, Chennai",0.26,4.0,2018-05-15
Nexus Ventures And Vauld,299.63,1,2022-05-23,Information Technology,Unknown,Nan,1.0,1.0,2022-05-23
E.Ventures,298.8,2,2017-03-13,"Consumer Internet, Technology",Private Equity,"Gurgaon, Pune",0.17,6.0,2017-03-13
Tekne Capital Maunknowngement,298.8,1,2017-08-08,Consumer Internet,Private Equity,Gurgaon,1.0,1.0,2017-08-08
Gruhas,296.38,5,2025-04-26,"Mortgage Distribution, D2C, Ev Charging","Seed, Series B, Strategic Investment","Mumbai, Gurgaon, Bangalore",0.71,2.2,2025-04-26
Lupa India,295.48,1,2020-05-17,Media,Unknown,Nan,1.0,1.0,2020-05-17
Smbc Asia Rising Fund,294.65,2,2024-11-14,"B2B Bnpl, Trade Finance",Unspecified Round,"Delhi, Pune",0.62,2.5,2024-11-14
Stakeboat Capital,291.5,2,2025-01-24,"Nutraceutical, Telecommunications","Equity, Series A",Hyderabad,0.67,2.0,2025-01-24
Mumbai Angels Network,290.79,10,2024-09-01,"Edtech, Automotive, Defense","Unknown, Series A, Other","Nan, Delhi, Mumbai",0.76,1.82,2024-09-01
Ranjan Pai’S Family Office,290.5,1,2024-11-23,Home Financing,Other,Mumbai,0.33,3.0,2024-11-23
Sistema Jsfc And Tanncam Investment,290.5,1,2018-09-21,Consumer Internet,Private Equity,Chennai,0.5,2.0,2018-09-21
Disrupt Adq,290.5,1,2021-12-04,Edtech,Series B,Gurgaon,0.5,2.0,2021-12-04
Qic,290.5,1,2021-12-04,Edtech,Series B,Gurgaon,0.5,2.0,2021-12-04
Singularity Growth Opportunities Fund,290.5,1,2021-09-11,Telecommunications,Series C,Bangalore,0.25,4.0,2021-09-11
Fung Strategic Holdings,290.5,1,2018-08-10,Consumer Internet,Private Equity,Bangalore,1.0,1.0,2018-08-10
Kaizenvest,290.5,1,2020-01-04,Edtech,Series D,Mumbai,0.5,2.0,2020-01-04
Dalip Pathak And Others,290.5,1,2018-05-04,Consumer Internet,Private Equity,Mumbai,0.33,3.0,2018-05-04
Promaft Partners,290.5,1,2025-06-16,Consumer / Enterprise,Unknown,Delhi,0.2,5.0,2025-06-16
Sumitomo Mitsui Banking Corporation’S Asia Rising Fund,290.5,1,2024-11-23,Home Financing,Other,Mumbai,0.33,3.0,2024-11-23
Alibaba Pictures,290.5,1,2017-01-08,Consumer Internet,Private Equity,Chennai,1.0,1.0,2017-01-08
Apis Partners,290.5,1,2016-01-23,Technology,Private Equity,Mumbai,1.0,1.0,2016-01-23
George Osborne,290.5,1,2020-11-05,Fintech,Series B,Bangalore,0.5,2.0,2020-11-05
Smilegate Investment,290.5,1,2020-11-05,Fintech,Series B,Bangalore,0.5,2.0,2020-11-05
Carrick Capital Partners,290.5,1,2015-06-23,Big Data & Analytics,Private Equity,Pune,1.0,1.0,2015-06-23
Heromotocorp Ltd And Sachin Bansal,290.5,1,2020-11-02,Automobiles,Series D,Bangalore,1.0,1.0,2020-11-02
Magnifico,290.5,1,2025-01-05,Fintech,Unspecified Round,Mumbai,0.33,3.0,2025-01-05
Archerman Capital,290.5,1,2025-01-05,Fintech,Unspecified Round,Mumbai,0.33,3.0,2025-01-05
Axis Bank,290.5,2,2018-01-06,"Healthcare, Mobile Point Of Sale Payment Solution","Debt, Private Equity","Bangalore, Nan",0.33,4.0,2018-01-06
Y Combiunknowntor And Accel,289.67,1,2022-06-09,Healthcare,Series B,Bangalore,1.0,1.0,2022-06-09
Alpha Capital,288.84,2,2018-06-03,"Fintech, Ecommerce",Private Equity,Mumbai,1.0,1.0,2018-06-03
Founders Fund,286.35,2,2025-02-09,"Managed Care, Devicesasaservice Daas","Series A, Pre-Series A",Bangalore,0.21,5.0,2025-02-09
Rehan A Khan And Anubhav Jain,285.52,1,2022-11-27,Chemical,Seed,Gurgaon,1.0,1.0,2022-11-27
Tetrao,285.27,1,2020-01-02,"Industry, Manufacturing",Series C,Mumbai,0.5,2.0,2020-01-02
Bessemer,284.91,2,2025-04-06,"Fintech, Beauty","Unspecified Round, Unknown","Pune, Mumbai",0.67,2.0,2025-04-06
Sauce.Vc,284.65,6,2025-02-16,"Retail, Gaming Console, Healthcare","Series C, Pre-Series A, Other","Gurgaon, Mumbai, Bangalore",0.55,2.43,2025-02-16
Better Capital And Amit Damani,282.2,1,2022-11-18,Ecommerce,Seed,Nan,1.0,1.0,2022-11-18
Ward Ferry Maunknowngement And Karst Peak Capital,282.2,1,2017-08-12,Consumer Internet,Private Equity,Bangalore,1.0,1.0,2017-08-12
Eduardo Saverin,282.2,2,2017-12-24,"Other, Ecommerce, Technology",Private Equity,"Mumbai, Nan",0.83,1.33,2017-12-24
8Vc,282.2,2,2024-11-16,"Managed Care, Ai","Series A, Seed","Bangalore, Chennai",0.38,3.0,2024-11-16
Indiamart,282.2,3,2024-12-23,"Computer Software, Retail Intelligence","Series B, Pre-Series A","Bangalore, Gurgaon",0.61,2.0,2024-12-23
360 Asset Maunknowngement Fund,280.0,1,2025-05-06,Fashion,Series B,Bangalore,1.0,1.0,2025-05-06
Antler India,277.4,7,2025-07-07,"Fintech, Visual Telematics, B2B Healthcare Financing","Seed, Pre-Seed, Pre-Series A","Mumbai, Bangalore, Delhi",0.7,2.29,2025-07-07
Affle And Korea Investment Partners,275.56,1,2022-11-16,Ecommerce,Series C,Gurgaon,1.0,1.0,2022-11-16
Ramakant Sharma,274.73,8,2025-06-18,"Gaming, Smart Kitchen Appliances, Dating","Seed, Series A, Pre-Series A","Delhi, Bangalore, Mumbai",0.35,4.22,2025-06-18
Goodworker.,273.9,1,2020-11-19,Job Portal,Unknown,Nan,1.0,1.0,2020-11-19
Greenoaks,273.9,2,2022-01-07,"Online Media, Technology","Series A, Series C",Bangalore,0.75,1.5,2022-01-07
Village Global,269.75,3,2024-12-18,"Risk Intelligence, Media, Saas","Seed, Series B","Bangalore, Nan",0.2,5.33,2024-12-18
Axis Capital,268.92,2,2017-06-08,"Consumer Internet, Ecommerce",Private Equity,"Bangalore, Mumbai",0.24,5.0,2017-06-08
Ankiti Bose,265.6,1,2021-12-27,Social,Seed,Gurgaon,0.33,3.0,2021-12-27
Mayfield Ventures,265.6,4,2016-10-05,"Other, Online Food Delivery, Consumer Internet",Private Equity,"Mumbai, Bangalore, Nan",0.67,1.8,2016-10-05
Ritesh Agarwal,265.6,1,2021-12-27,Social,Seed,Gurgaon,0.33,3.0,2021-12-27
Fs,265.6,1,2017-10-27,Fintech,Private Equity,Mumbai,0.2,5.0,2017-10-27
Innogy,265.6,1,2018-09-18,Technology,Private Equity,Bangalore,0.25,4.0,2018-09-18
Itai Tsiddon,265.6,1,2022-01-16,Fintech,Series A,Bangalore,0.33,3.0,2022-01-16
Accel And Kae Capital,265.6,1,2020-01-19,Manufacturing,Series B,Bangalore,0.33,3.0,2020-01-19
Radhakrishan Damani And Rakesh Jhunjhunwala,265.6,1,2017-10-27,Fintech,Private Equity,Mumbai,0.2,5.0,2017-10-27
And Teunknownska,265.6,1,2018-09-18,Technology,Private Equity,Bangalore,0.25,4.0,2018-09-18
Natiounknownl Quantum Mission,265.6,1,2025-07-03,Advanced Hardware & Technology,Series A,Bangalore,0.5,2.0,2025-07-03
Clp Holdings Group,265.6,1,2018-09-18,Technology,Private Equity,Bangalore,0.25,4.0,2018-09-18
Lightspeed And Greenoaks Capital,265.6,1,2020-01-19,Manufacturing,Series B,Bangalore,0.33,3.0,2020-01-19
Trust Capital,265.6,1,2017-10-27,Fintech,Private Equity,Mumbai,0.2,5.0,2017-10-27
Bitkraft Ventures,265.6,1,2022-01-16,Fintech,Series A,Bangalore,0.33,3.0,2022-01-16
\\Xc3\\X98Rstead,265.6,1,2018-09-18,Technology,Private Equity,Bangalore,0.25,4.0,2018-09-18
Rosy Blue Securities,265.6,1,2017-10-27,Fintech,Private Equity,Mumbai,0.2,5.0,2017-10-27
Qed Investors,263.11,2,2025-01-09,"Credit Card Issuance, Credit & Financial","Other, Pre-Series A","Pune, Bangalore",0.25,4.0,2025-01-09
Tree Line Asia,262.28,1,2015-12-12,"Digital / Mobile Wallet, Mobile Wallet",Private Equity,Gurgaon,0.29,3.5,2015-12-12
Indiaquotient,261.79,3,2025-09-01,"Fintech, Manufacturing, Ecommerce","Series D, Pre-Series A, Seed","Ahmedabad, Bangalore, Gurgaon",0.62,2.5,2025-09-01
Vivriti Capital,260.02,4,2021-07-22,"Fintech, Automobile","Unknown, Debt","Bangalore, Gurgaon, Mumbai",0.52,2.5,2021-07-22
Goldman Sachs Group,259.79,1,2016-09-02,Ecommerce,Private Equity,Mumbai,0.25,4.0,2016-09-02
Razorpay,259.79,3,2025-06-04,"Information&Technology, Edtech, Fintech","Series A, Pre-Series A, Unknown","Gurgaon, Mumbai, Bangalore",0.83,1.33,2025-06-04
Ashish Gupta,258.75,3,2022-04-26,"Consumer Internet, Design, Information Technology &","Seed, Unknown, Pre-Series A","Gurgaon, Bangalore, Hyderabad",0.5,3.33,2022-04-26
Nicolas Walewski,257.3,1,2025-10-13,Fintech,"Debt, Seed",Nan,1.0,1.0,2025-10-13
Pidilite Group,257.3,1,2020-08-14,Interior Design,Series D,Chennai,0.33,3.0,2020-08-14
Evolvence India Fund (Eif),257.3,1,2020-08-14,Interior Design,Series D,Chennai,0.33,3.0,2020-08-14
Ucunknownrnt Fund,257.3,1,2017-06-15,Technology,Private Equity,Mumbai,0.25,4.0,2017-06-15
Teachers Insurance And Annuity Association (Tiaa),257.3,1,2018-11-21,Investment,Other,Mumbai,1.0,1.0,2018-11-21
Epsilon Venture Partners,257.3,2,2017-10-11,Technology,Private Equity,"Bangalore, Hyderabad",0.75,1.5,2017-10-11
Bace Capital,257.3,3,2021-10-18,"Edtech, Gaming","Series B, Pre-Seed, Unknown","Mumbai, Pune, Noida",0.45,3.2,2021-10-18
Alcon Edge Capital,257.3,1,2017-06-15,Technology,Private Equity,Mumbai,0.25,4.0,2017-06-15
Akhil Gupta And Lowercarbon Capital,255.64,1,2022-06-09,Cleantech,Seed,Mumbai,1.0,1.0,2022-06-09
Edelweiss Discover Fund,255.0,1,2024-10-13,Jewelry,Series B,Bangalore,0.33,3.0,2024-10-13
Unicorn India Ventures,252.7,23,2025-09-20,"Fintech, Technology, Iot","Seed, Pre-Series A, Unknown","Bangalore, Hyderabad, Kochi",0.79,1.69,2025-09-20
Balaji Srinivasan,252.07,2,2021-07-27,"Information Technology, Social Media","Seed, Series B",Bangalore,0.75,1.5,2021-07-27
Uber,251.7,1,2024-09-07,Mobility,Series C,Nan,1.0,1.0,2024-09-07
Ggv Capital,251.37,2,2020-08-08,"Healthcare, Fintech",Unknown,"Gurgaon, Bangalore",0.35,3.5,2020-08-08
Ds Group,250.0,1,2025-01-24,Nutraceutical,Equity,Hyderabad,0.33,3.0,2025-01-24
Family Office Of Sriharsha Majety (Swiggy),250.0,1,2025-02-24,Seafood Supply,Ipo,Bangalore,0.14,7.0,2025-02-24
Shivalik Prints,250.0,1,2025-02-24,Seafood Supply,Ipo,Bangalore,0.14,7.0,2025-02-24
Sid Khanunknown,250.0,1,2025-02-24,Seafood Supply,Ipo,Bangalore,0.14,7.0,2025-02-24
Sunjay Kapur,250.0,1,2025-02-24,Seafood Supply,Ipo,Bangalore,0.14,7.0,2025-02-24
Sbi,250.0,1,2024-09-01,Defence,Other,Nan,0.2,5.0,2024-09-01
Vyom Family Office,250.0,1,2024-09-01,Defence,Other,Nan,0.2,5.0,2024-09-01
Asquare Investing,250.0,1,2024-09-01,Defence,Other,Nan,0.2,5.0,2024-09-01
Abakkus Four2Eight Opportunities Fund,250.0,1,2025-01-24,Nutraceutical,Equity,Hyderabad,0.33,3.0,2025-01-24
Promoters And Employees,250.0,1,2024-08-08,Healthcare,Other,Nan,0.5,2.0,2024-08-08
E Clear,249.0,1,2021-11-01,Fintech,Unknown,Gurgaon,0.2,5.0,2021-11-01
Fosun Rz Capital,249.0,1,2018-09-23,Fintech,Private Equity,Mumbai,0.25,4.0,2018-09-23
Makemytrip,249.0,3,2017-09-07,"Travel, Consumer Internet, Travel Information Portal",Private Equity,"Gurgaon, Delhi, Bangalore",0.83,1.33,2017-09-07
Shine Star,249.0,1,2021-11-01,Fintech,Unknown,Gurgaon,0.2,5.0,2021-11-01
Orbimed Asia Partners,249.0,1,2021-09-26,Biotechnology,Unknown,Chennai,1.0,1.0,2021-09-26
Hinduja,249.0,1,2021-11-01,Fintech,Unknown,Gurgaon,0.2,5.0,2021-11-01
Sony Innovation Fund,249.0,1,2020-01-01,Transport & Rentals,Series D,Bangalore,1.0,1.0,2020-01-01
Arthmate,249.0,1,2021-11-01,Fintech,Unknown,Gurgaon,0.2,5.0,2021-11-01
Kose Corporation,249.0,1,2025-01-28,D2C Skincare,Unspecified Round,Mumbai,0.25,4.0,2025-01-28
India Value Fund Advisors,249.0,1,2015-07-14,Fine Dining Restaurant,Private Equity,Mumbai,1.0,1.0,2015-07-14
Vertex Ventures Southeast Asia (Sea) And India And Sistema Asia Fund,249.0,1,2018-09-23,Fintech,Private Equity,Mumbai,0.25,4.0,2018-09-23
Schroder Adveq,249.0,1,2020-01-26,Technology,Series C,Mumbai,1.0,1.0,2020-01-26
\\Xc2\\Xa0 Lightbox Ventures,249.0,1,2015-12-16,Qsr,Private Equity,Pune,0.33,3.0,2015-12-16
Plutus Wealth,249.0,1,2021-10-13,Fintech,Series B,Mumbai,0.5,2.0,2021-10-13
Hornbill Capital Advisers,249.0,1,2021-03-22,Gaming,Unknown,Mumbai,0.5,2.0,2021-03-22
Saif Partners And Others,249.0,1,2015-12-07,Logistics,Private Equity,Gurgaon,1.0,1.0,2015-12-07
Institutiounknownl Venture Partners,249.0,1,2016-01-20,Technology,Private Equity,Bangalore,0.25,4.0,2016-01-20
Amarpreet Sawhney,249.0,1,2015-07-15,Big Data & Analytics,Private Equity,Nan,0.2,5.0,2015-07-15
Gaurav Kumar,249.0,1,2024-08-23,Fintech,Equity,Chennai,1.0,1.0,2024-08-23
Mukul Goyal And Coppermine Capita,249.0,1,2022-04-21,Manufacturing,Unknown,Surat,1.0,1.0,2022-04-21
Omnitex Industries,249.0,1,2025-09-13,Clean,Unknown,Pune,0.5,2.0,2025-09-13
Giift,249.0,1,2022-02-26,Computer Software,Unknown,Bangalore,1.0,1.0,2022-02-26
Neev Fund,249.0,1,2020-02-22,Agritech,Series B,Coimbatore,1.0,1.0,2020-02-22
Sig Global,249.0,1,2020-10-04,Social Media,Unknown,Delhi,0.33,3.0,2020-10-04
Lee Fixel'S Addition,249.0,1,2020-10-04,Social Media,Unknown,Delhi,0.33,3.0,2020-10-04
The Chatterjee Group,249.0,1,2021-05-19,Fintech,Series A,Mumbai,0.5,2.0,2021-05-19
Prophetic Ventures,249.0,1,2021-05-19,Fintech,Series A,Mumbai,0.5,2.0,2021-05-19
Iifl And Accel Partners,249.0,1,2016-07-01,Ecommerce,Private Equity,Mumbai,0.25,4.0,2016-07-01
Sandeep Singhal,249.0,1,2021-10-01,B2B,Series A,Bangalore,0.33,3.0,2021-10-01
Nttvc,249.0,1,2024-10-08,Ai Cloud,Series A,Mumbai,0.33,3.0,2024-10-08
Syngenta Ventures,249.0,1,2020-10-14,Food,Unknown,Bangalore,0.5,2.0,2020-10-14
Gsv Ventures,249.0,1,2021-04-18,Edtech,Series D,Mumbai,0.5,2.0,2021-04-18
Sachin Aunknownnd And Dipen Shah,249.0,1,2022-05-23,Healthcare,Seed,Pune,1.0,1.0,2022-05-23
Aspada,249.0,3,2020-01-01,"Fintech, Other","Private Equity, Unknown","Nan, Mumbai, Chennai",0.31,3.33,2020-01-01
Deshpande Foundation,249.0,1,2015-07-15,Big Data & Analytics,Private Equity,Nan,0.2,5.0,2015-07-15
Marshall Wace,249.0,1,2021-11-25,Fintech,Series C,Pune,0.25,4.0,2021-11-25
Fred Khosravi,249.0,1,2015-07-15,Big Data & Analytics,Private Equity,Nan,0.2,5.0,2015-07-15
And Endiya Partners.\\N\\N,249.0,1,2018-09-23,Fintech,Private Equity,Mumbai,0.25,4.0,2018-09-23
Commerce Ventures,249.0,1,2024-12-18,Risk Intelligence,Series B,Nan,0.14,7.0,2024-12-18
Sofiunknown S.A.,249.0,1,2017-08-24,Technology,Private Equity,Bangalore,0.2,5.0,2017-08-24
Maverick Capital Ventures,249.0,1,2017-07-23,Ecommerce,Private Equity,Gurgaon,0.29,3.5,2017-07-23
Paypal Ventures,249.0,1,2024-12-18,Risk Intelligence,Series B,Nan,0.14,7.0,2024-12-18
Z47 (Matrix Partners India),249.0,1,2025-01-28,D2C Skincare,Unspecified Round,Mumbai,0.25,4.0,2025-01-28
Sorenson Capital,249.0,1,2024-12-18,Risk Intelligence,Series B,Nan,0.14,7.0,2024-12-18
Xyz Ventures,249.0,1,2024-12-18,Risk Intelligence,Series B,Nan,0.14,7.0,2024-12-18
Richard S. Braddock,249.0,1,2015-07-15,Big Data & Analytics,Private Equity,Nan,0.2,5.0,2015-07-15
Panthera Growth Partners,249.0,1,2025-01-28,D2C Skincare,Unspecified Round,Mumbai,0.25,4.0,2025-01-28
Playbook Partners,249.0,1,2025-08-22,Ecommerce,Series C,Ahmedabad,1.0,1.0,2025-08-22
Lakshmi Narayaunknownn,249.0,1,2017-08-24,Technology,Private Equity,Bangalore,0.2,5.0,2017-08-24
Westcap Group,249.0,1,2021-08-03,Gaming,Unknown,Gurgaon,0.5,2.0,2021-08-03
Digital Garage,248.17,3,2017-04-06,"Consumer Internet, Ecommerce",Private Equity,Bangalore,0.19,5.5,2017-04-06
British Interunknowntiounknownl Investment (Bii),248.0,3,2025-04-14,"Venture Capitalist, Healthcare, Ev Components","Unspecified Round, Strategic Investment","Delhi, Mumbai",0.78,1.67,2025-04-14
Axilor Ventures,247.92,14,2025-02-20,"Technology, Healthcare, Hrtech","Private Equity, Seed, Other","Bangalore, Gurgaon, Mumbai",0.49,2.79,2025-02-20
Dell Technologies Capital,247.34,3,2025-03-14,"Ai, Computer Software, Enterprise Ai","Seed, Series A",Bangalore,0.67,1.67,2025-03-14
Us Interunknowntiounknownl Development Fiunknownnce Corporation,247.34,2,2024-10-04,"Grain Commerce, Food","Other, Unknown","Noida, Nan",1.0,1.0,2024-10-04
Softbank\\Xe2\\X80\\X99S Deepcore.,244.85,1,2018-11-09,Software,Series A,Nan,0.5,2.0,2018-11-09
Learn Capital,244.85,2,2021-07-17,"Technology, Edtech","Private Equity, Other",Bangalore,0.67,2.0,2021-07-17
Lakestar And Jungle Ventures,244.85,1,2018-11-09,Software,Series A,Nan,0.5,2.0,2018-11-09
Sequoia Capital India’S Surge,242.36,3,2021-08-21,"Computer Software, Fintech, Edtech","Unknown, Series A","Bangalore, Nan",0.61,2.0,2021-08-21
Amicus Capital,241.53,3,2021-08-09,"Personal Care, Cosmetics, Logistics","Series B, Private Equity","Mumbai, Gurgaon, Delhi",0.58,2.0,2021-08-09
Amazon Smbhav Venture Fund,240.7,3,2025-01-13,"Diagnostics And Healthcare, Diagnostics & Healthcare, Luxury Skincare","Unknown, Unspecified Round, Series A","Bangalore, Raipur",0.57,2.67,2025-01-13
Rising Tide Energy,240.7,1,2025-05-15,Battery Swapping,Series B,Delhi,1.0,1.0,2025-05-15
Tiger Global Maunknowngement And Gvk Davix Technologies,240.7,1,2022-04-19,Fintech,Unknown,Mumbai,1.0,1.0,2022-04-19
Matrix Partners India And Zodius Capital,240.7,1,2018-07-19,Fintech,Private Equity,Gurgaon,0.33,3.0,2018-07-19
Quickroutes Interunknowntiounknownl,240.2,1,2022-04-25,Ecommerce,Unknown,Bangalore,0.5,2.0,2022-04-25
Celesta Capital,238.62,3,2024-11-20,"Femtech, Cancer Diagnostics, Edtech","Series A, Series B","Bangalore, Pune, Gurgaon",0.57,2.67,2024-11-20
Jito Incubation And Innovation Foundation,238.45,2,2025-06-20,"Ai, D2C Kids Innerwear","Unknown, Unspecified Round","Gurgaon, Mumbai",0.56,5.0,2025-06-20
Whiteboard Capital,236.25,10,2024-12-05,"Ecommerce, Edtech, Music","Seed, Unknown, Pre-Series A","Mumbai, Gurgaon, Bangalore",0.41,3.45,2024-12-05
Growx Ventures,236.13,15,2025-08-16,"Healthcare, Consumer Internet, Advanced Hardware & Technology","Seed, Private Equity, Pre-Series A","Bangalore, Gurgaon, Mumbai",0.46,3.07,2025-08-16
Maunknownged By Pantomath Capital Maunknowngement,235.0,1,2024-11-26,Snacks,Other,Kolkata,0.5,2.0,2024-11-26
Shell Ventures And Y Combiunknowntor,234.06,1,2022-06-05,Automotive,Series A,Gurgaon,1.0,1.0,2022-06-05
Zoho Corporation,232.92,2,2025-07-07,"Advanced Hardware & Technology, Ev Manufacturing","Series A, Unknown","Thiruvananthapuram, Bangalore",0.62,2.5,2025-07-07
Pratithi Investment Trust,232.56,4,2021-03-02,"D2C Fashion, Agritech, Technology","Unknown, Series C, Private Equity","Bangalore, Mumbai, Chennai",0.4,2.75,2021-03-02
Vertex Growth / Jetty Ventures,232.4,1,2025-10-09,Life Sciences > Nutraceuticals,Series D,Nan,1.0,1.0,2025-10-09
Ibk Capital,232.4,1,2020-11-04,Fintech,Unknown,Gurgaon,0.5,2.0,2020-11-04
Man Capital,232.4,1,2021-09-27,"Consumer Internet, Edtech","Private Equity, Series B","Delhi, Gurgaon",0.67,2.0,2021-09-27
Redblue Capital,232.4,1,2022-01-09,Automotive,Seed,Chandigarh,1.0,1.0,2022-01-09
Gic Ventures,232.4,1,2015-04-07,Online Classifieds & Listings,Private Equity,Chennai,1.0,1.0,2015-04-07
Wes Schwalje,232.4,1,2020-01-11,Technology,Series E,Bangalore,0.5,2.0,2020-01-11
Sb Partners,232.4,1,2020-11-04,Fintech,Unknown,Gurgaon,0.5,2.0,2020-11-04
Kedar Kulkarni And Nithin Kamath,232.4,1,2022-05-14,Fintech,Series A,Chennai,1.0,1.0,2022-05-14
Eximius Ventures,231.28,4,2025-09-19,"Saas, Consumer, Secured Lending","Pre-Seed, Other","Bangalore, Chennai, Mumbai",0.61,2.75,2025-09-19
The Uk\\Xe2\\X80\\X99S Development Fiunknownnce Institution And P Surendra Pai,230.73,1,2018-11-12,Fintech,Series D,Chennai,0.33,3.0,2018-11-12
Jitendra Gupta,230.29,8,2021-09-07,"Fintech, Consumer Internet, Ecommerce","Seed, Series A, Unknown","Mumbai, Chennai, Bangalore",0.42,2.6,2021-09-07
Capital G,229.91,1,2020-06-16,Fintech,Series E,Gurgaon,0.5,2.0,2020-06-16
Alphabet'S Independent Growth Fund,229.91,1,2020-06-16,Fintech,Series E,Gurgaon,0.5,2.0,2020-06-16
Gtm Ventures And Whiteboard Capital,229.91,1,2022-08-19,Fintech,Series A,Mumbai,1.0,1.0,2022-08-19
Info Edge (India) Ltd And Temasek,229.91,1,2018-07-18,Consumer Internet,Private Equity,Gurgaon,1.0,1.0,2018-07-18
General Catalyst﻿,228.25,1,2024-09-25,Ai,Series A,Bangalore,0.33,3.0,2024-09-25
And Meraki Labs,228.25,1,2024-09-25,Ai,Series A,Bangalore,0.33,3.0,2024-09-25
Tremis Capital And Goodwater Capital,228.25,1,2022-07-10,Fintech,Seed,Gurgaon,1.0,1.0,2022-07-10
Sucseed Indovation Fund,226.06,5,2024-09-19,"Mobile Games, Gaming Game Development, Job Discovery","Seed, Unspecified Round, Unknown","Bangalore, Mumbai, Delhi",0.61,2.4,2024-09-19
Ashish Kacholia,225.8,5,2025-05-16,"Healthcare, Premium Travel Luggage, Semiconductor","Series A, Pre-Series A, Seed","Nagpur, Mumbai, Bangalore",0.8,1.4,2025-05-16
Sequoia’S Surge,224.1,8,2021-08-10,"Wholesale, It, Marketing & Advertising","Unknown, Seed, Pre-Series A",Bangalore,0.69,1.62,2021-08-10
Rakesh Jhunjhunwala,224.1,1,2017-12-01,Technology,Private Equity,Mumbai,1.0,1.0,2017-12-01
Aavishkaar Venture Capital,224.1,3,2021-06-08,"Agritech, Fintech, Cleantech","Series A, Unknown, Series C","Samastipur, Delhi, Ahmedabad",0.5,2.0,2021-06-08
Acquired 54% In Rediff.Com India Ltd,224.1,1,2024-08-23,Fintech,Acquisition,Nan,1.0,1.0,2024-08-23
Unbound,224.1,1,2024-08-13,Fintech,Unspecified Round,Gurgaon,0.33,3.0,2024-08-13
Two Uk Family Offices,224.1,1,2024-08-13,Fintech,Unspecified Round,Gurgaon,0.33,3.0,2024-08-13
Funknownprime Capital,224.1,2,2024-10-20,"Heathcare, Saas","Series B, Unspecified Round",Mumbai,0.38,3.0,2024-10-20
Times Group,224.1,1,2021-12-18,"Fm, Ott","Series A, Series B",Bangalore,0.42,2.5,2021-12-18
Artiman Ventures,224.1,3,2017-09-17,"Healthcare, Technology",Private Equity,"Bangalore, Gurgaon",0.58,2.33,2017-09-17
Abler Nordic,224.1,2,2025-10-21,Fintech,"Private Equity, Series B","Nan, Bangalore",1.0,1.0,2025-10-21
Acquired Fusebox Games Limited,224.1,1,2024-08-08,Gaming Media,Acquisition,Mumbai,1.0,1.0,2024-08-08
Ifc Everstone Group,224.1,1,2015-11-14,Education Content,Private Equity,Delhi,1.0,1.0,2015-11-14
Qualgro,224.1,3,2021-06-16,"Saas, Technology, Consumer Internet","Series A, Private Equity","Bangalore, Delhi",0.56,3.0,2021-06-16
Sandeep Tandon,220.78,10,2020-12-13,"Ecommerce, Consumer Internet, Consumer Appliances","Private Equity, Seed, Series B","Mumbai, Bangalore, Gurgaon",0.27,4.6,2020-12-13
Oneup Fiunknownncial Consultants,219.95,1,2025-10-16,Enterprise Applications > Manufacturing,Series B,Nan,1.0,1.0,2025-10-16
Sri Capital,219.94,9,2021-06-21,"Consumer Internet, Technology, Healthcare","Seed, Private Equity, Other","Bangalore, Delhi, Pune",0.69,1.9,2021-06-21
V3 Ventures,216.56,5,2025-04-01,"D2C Skincare, D2C Labgrown Diamond Jewellery, D2C Food","Series A, Unspecified Round, Pre-Series A","Bangalore, Kolkata, Gurgaon",0.51,2.6,2025-04-01
Valiant Capital Partners,215.8,1,2015-02-21,Other,Private Equity,Nan,1.0,1.0,2015-02-21
500 Global,215.8,1,2024-10-13,Dairy,Debt + Equity,Bangalore,0.12,8.0,2024-10-13
Miledeep Capital,215.8,1,2024-10-13,Dairy,Debt + Equity,Bangalore,0.12,8.0,2024-10-13
Pidilite Industries Director Ajay Parekh,215.8,1,2019-06-20,Waste Management,Pre-Series A,Hyderabad,0.5,2.0,2019-06-20
And Nandan Nilekani,215.8,1,2017-09-02,Ecommerce,Private Equity,Gurgaon,0.2,5.0,2017-09-02
Creation Investments Capital Maunknowngement,215.8,2,2020-01-01,"Consumer Internet, Fintech","Private Equity, Unknown","Bangalore, Chennai",0.29,3.5,2020-01-01
Deep Kalra,215.8,4,2021-12-05,"Online Pharmacy & Drug Db, Healthcare, Edtech","Private Equity, Unknown, Series B","Gurgaon, Bangalore",0.23,4.5,2021-12-05
Triton Investment Advisors,215.8,1,2019-06-20,Waste Management,Pre-Series A,Hyderabad,0.5,2.0,2019-06-20
Edelweiss Private Equity,215.8,2,2017-09-02,"Consumer Internet, Technology",Private Equity,"Delhi, Bangalore",0.62,2.5,2017-09-02
Memg Cdc,215.8,1,2017-11-24,Healthcare,Private Equity,Bangalore,0.5,2.0,2017-11-24
Ets,215.8,1,2021-09-27,Edtech,Series B,Gurgaon,0.33,3.0,2021-09-27
Scale Venture Partners,215.8,1,2020-01-02,Ai,Series A,Bangalore,1.0,1.0,2020-01-02
Nb Ventures,215.72,9,2024-10-18,"Healthcare, Edtech, Technology","Private Equity, Series A, Unknown","Panaji, Bangalore, Delhi",0.67,2.0,2024-10-18
Jito Angel Network,214.54,8,2022-03-24,"Computer Hardware, Electricity, Fintech","Unknown, Seed, Pre-Series A","Mumbai, Gurgaon, Ahmedabad",0.58,2.0,2022-03-24
Hnis,214.27,9,2025-05-12,"Edtech, Media, Corporate","Seed, Pre-Series A, Series A","Bangalore, Hyderabad, Gurgaon",0.51,2.78,2025-05-12
Capria Ventures,214.14,3,2025-04-04,"Agritech, Retail, B2B Manufacturing","Series A, Series B","Bangalore, Ahmedabad",0.57,2.67,2025-04-04
Accel And Fundamentum,214.0,1,2025-03-22,Fmcg,Other,Bangalore,1.0,1.0,2025-03-22
Global Ventures,211.65,1,2024-10-02,Edtech,Seed,Bangalore,0.2,5.0,2024-10-02
Qualcomm,211.65,2,2017-02-14,"Home, Consumer Internet",Private Equity,Bangalore,0.23,4.5,2017-02-14
Eniac Ventures,211.65,2,2025-08-12,Ai,"Seed, Series A",Bangalore,0.31,5.0,2025-08-12
Nikhil Chandra Gupta And Caspian Impact Investments,211.65,1,2022-08-15,Fintech,Seed,Mumbai,1.0,1.0,2022-08-15
And Saison Capital,211.65,1,2024-10-02,Edtech,Seed,Bangalore,0.2,5.0,2024-10-02
Beenos Asia,210.41,2,2020-07-11,"Payments Solution, Media","Private Equity, Unknown","Mumbai, Bangalore",0.19,6.0,2020-07-11
Grand Anicut,210.0,1,2025-01-05,"Agriculture Supply, B2B Food & Agritech",Debt,Chennai,1.0,1.0,2025-01-05
Ola,209.58,2,2024-09-23,"Technology, Mobile Point Of Sale Payment Solution","Angel, Private Equity",Nan,0.21,5.0,2024-09-23
Info Edge (India),208.72,2,2016-12-03,"Consumer Internet, Restaurant Reviews","Seed, Private Equity","Delhi, Gurgaon",1.0,1.0,2016-12-03
G Investments,208.0,1,2024-08-21,Appliances,Unspecified Round,Gurgaon,0.33,3.0,2024-08-21
Ncubate Capital Partners,208.0,1,2024-08-21,Appliances,Unspecified Round,Gurgaon,0.33,3.0,2024-08-21
Rise Capital,207.5,1,2020-01-18,Ecommerce,Unknown,Mumbai,0.5,2.0,2020-01-18
Venture Partners,207.5,1,2022-01-20,Fintech,Series A,Bangalore,0.5,2.0,2022-01-20
Greycroft,207.5,1,2017-03-13,Technology,Private Equity,Pune,0.2,5.0,2017-03-13
Sozo Ventures,207.5,1,2020-06-13,Ai,Series B,Bangalore,1.0,1.0,2020-06-13
Paradigm,207.5,1,2021-04-21,Fintech,Series B,Bangalore,0.5,2.0,2021-04-21
Smedvig Capital,207.5,1,2020-10-23,Healthcare,Unknown,London,0.5,2.0,2020-10-23
Bytedance,207.5,1,2016-10-18,Consumer Internet,Private Equity,Bangalore,0.17,6.0,2016-10-18
Orkla Ventures,207.5,1,2020-10-23,Healthcare,Unknown,London,0.5,2.0,2020-10-23
Arun Sarin,207.5,1,2016-10-18,Consumer Internet,Private Equity,Bangalore,0.17,6.0,2016-10-18
Adm Capital,207.5,1,2021-07-26,Real Estate,Unknown,Gurgaon,1.0,1.0,2021-07-26
Amit Hooja And Force Ventures,207.5,1,2022-09-14,Food,Seed,Bangalore,1.0,1.0,2022-09-14
Vunknownsciences Investments,207.5,1,2025-03-15,Dairy Products,Equity,Gurgaon,0.5,2.0,2025-03-15
Marc Lore,207.5,1,2020-01-18,Ecommerce,Unknown,Mumbai,0.5,2.0,2020-01-18
Cisco Investments,207.5,1,2015-04-08,Digital / Mobile Wallet,Private Equity,Gurgaon,0.25,4.0,2015-04-08
American Express,207.5,1,2015-04-08,Digital / Mobile Wallet,Private Equity,Gurgaon,0.25,4.0,2015-04-08
Capital India,207.5,1,2021-07-16,Fintech,Unknown,Delhi,1.0,1.0,2021-07-16
Sam Lambert,207.5,1,2020-01-20,Software,Series B,San Francisco,0.5,2.0,2020-01-20
\\Xc2\\Xa0 Ucunknownrnt Fund,207.5,1,2017-08-17,Consumer Internet,Private Equity,Bangalore,0.25,4.0,2017-08-17
Singtel,207.5,1,2017-11-15,Technology,Private Equity,Bangalore,0.33,3.0,2017-11-15
Innov8,207.5,1,2017-11-15,Technology,Private Equity,Bangalore,0.33,3.0,2017-11-15
Sunil Kant Munjal,207.5,1,2018-01-25,Fintech,Private Equity,Bangalore,0.33,3.0,2018-01-25
Hero Electronix\\Xe2\\X80\\X99S Corporate Fiunknownncing Arm,207.5,1,2018-01-25,Fintech,Private Equity,Bangalore,0.33,3.0,2018-01-25
India Infoline Fiunknownnce,207.5,1,2021-08-04,Edtech,Unknown,Mumbai,1.0,1.0,2021-08-04
\\Xc2\\Xa0 Eight Roads Ventures,207.5,1,2017-03-13,Technology,Private Equity,Pune,0.2,5.0,2017-03-13
Social+Capital,207.5,1,2015-08-23,Mobile Based Pos Solution,Private Equity,Bangalore,0.2,5.0,2015-08-23
Janvest Capital Partners,207.5,1,2020-10-28,Saas,Series B,San Francisco,0.5,2.0,2020-10-28
2B Angels,207.5,1,2020-10-28,Saas,Series B,San Francisco,0.5,2.0,2020-10-28
Xiaomi Inc,207.5,1,2016-04-24,Consumer Internet,Private Equity,Mumbai,1.0,1.0,2016-04-24
Helion Advisors,207.5,1,2015-08-23,Mobile Based Pos Solution,Private Equity,Bangalore,0.2,5.0,2015-08-23
Franklin Templeton Alterunknowntive Investments Fund,207.5,1,2025-08-25,Fintech,Debt,Pune,1.0,1.0,2025-08-25
Meru Capital,207.5,1,2015-07-11,Mobile Point Of Sale Payment Solution,Private Equity,Nan,0.17,6.0,2015-07-11
Berggruen Holdings,207.5,1,2015-08-23,Mobile Based Pos Solution,Private Equity,Bangalore,0.2,5.0,2015-08-23
Gunosy,207.5,1,2021-06-11,Fintech,"Debt, Unknown",Bangalore,0.5,2.0,2021-06-11
Aunknownnta Capital,207.5,3,2021-09-11,"Healthcare, Hospital & Health Care, Logistics","Unknown, Series A, Series B","Gurgaon, Delhi",0.78,1.67,2021-09-11
Mayfield,207.5,4,2020-02-26,"Agritech, Logistics, Online Finance Lending","Private Equity, Series A","Mumbai, Bangalore, Ahmedabad",0.29,3.5,2020-02-26
\\Xc2\\Xa0 Falcon Edge,207.5,1,2016-10-18,Consumer Internet,Private Equity,Bangalore,0.17,6.0,2016-10-18
Aspada Ventures,207.5,1,2016-05-23,Consumer Internet,Private Equity,Bangalore,0.25,4.0,2016-05-23
Motilal Oswal,207.5,1,2022-02-24,Food,Unknown,Bangalore,1.0,1.0,2022-02-24
Battery Ventures,207.5,1,2025-01-20,B2B Saas,Series A,Bangalore,0.2,5.0,2025-01-20
Z3 Partners,207.5,1,2022-02-11,Computer Software,Series B,Gurgaon,0.5,2.0,2022-02-11
Cdh Investments,207.5,1,2021-03-24,Ecommerce,"Debt, Unknown",Gurgaon,0.5,2.0,2021-03-24
Siunknownr Mas And Rigel Capital,207.5,1,2024-09-12,Adtech,Other,Nan,1.0,1.0,2024-09-12
Lee Fixel’S Addition,207.5,1,2025-01-01,It Management Saas,Series C,Chennai,0.33,3.0,2025-01-01
Econtext Asia,207.5,1,2015-10-10,Payments Solution,Private Equity,Mumbai,0.25,4.0,2015-10-10
Bharat Innovation Fund,207.5,2,2021-04-24,"Ai, Edtech","Series A, Series B",Bangalore,0.5,2.0,2021-04-24
Duane Park,207.5,1,2022-01-20,Mobile Games,Series A,Delhi,0.33,3.0,2022-01-20
Bessemer Venture Partner,207.5,1,2015-11-02,Mobile,Private Equity,Gurgaon,0.33,3.0,2015-11-02
March Gaming,207.5,1,2022-01-20,Mobile Games,Series A,Delhi,0.33,3.0,2022-01-20
Fidelity Growth Partners India,207.5,2,2016-03-15,"Technology, Edtech",Private Equity,"Pune, Mumbai",0.33,3.0,2016-03-15
Electronic Development Fund,207.5,1,2018-01-25,Fintech,Private Equity,Bangalore,0.33,3.0,2018-01-25
Florintree Advisors,206.54,2,2025-04-06,"Consumer Internet, Defence","Private Equity, Other","Mumbai, Bangalore",0.5,2.0,2025-04-06
Vh Capital,205.84,1,2018-06-02,"Technology, Healthcare",Private Equity,Bangalore,0.17,6.0,2018-06-02
Family Offices,205.22,8,2025-02-18,"Fintech, Investment Wealthtech, Edtech","Seed, Unspecified Round, Pre-Seed","Mumbai, Delhi, Bangalore",0.38,3.62,2025-02-18
Artha Ventures,203.5,2,2024-09-06,"Callcenter, Higher Education","Series A, Series B","Mumbai, Delhi",0.29,3.5,2024-09-06
Mountain View Data,201.0,1,2022-04-13,Industrial Manufacturing,Unknown,Tokyo,1.0,1.0,2022-04-13
Nsfo,200.0,1,2025-03-28,D2C Beauty,Other,Bangalore,1.0,1.0,2025-03-28
G Catalyst,199.2,1,2024-12-22,Spacetech,Other,Bangalore,0.17,6.0,2024-12-22
Symphony Interunknowntiounknownl Holdings Limited,199.2,1,2021-10-25,D2C Jewellery,Unknown,Bangalore,0.33,3.0,2021-10-25
Ford Smart Mobility Llc,199.2,1,2016-08-19,Consumer Internet,Private Equity,Bangalore,1.0,1.0,2016-08-19
Qualcomm Venture,199.2,2,2018-05-16,"Healthcare, Technology",Private Equity,"Chennai, Bangalore",0.31,5.0,2018-05-16
Better Capital And Jaynti Kaunknownni,199.2,1,2022-07-13,Crypto Currency,Seed,Bangalore,1.0,1.0,2022-07-13
Value Quest,199.2,1,2021-10-25,D2C Jewellery,Unknown,Bangalore,0.33,3.0,2021-10-25
Abhiunknownv Mathur And 17 Other Investors,199.2,1,2022-04-05,Food,Unknown,Bangalore,1.0,1.0,2022-04-05
Gemba Capital,195.13,2,2025-06-15,"Defence Electronics, Saas","Series A, Seed","Bangalore, Seattle",0.42,2.5,2025-06-15
Elevar Equity And Accel Partners,195.05,1,2018-01-17,Fintech,Private Equity,Chennai,0.5,2.0,2018-01-17
Surge,193.39,6,2020-12-07,"Other, Edtech, Fitness","Unknown, Pre-Series A, Series A","Bangalore, Noida, Pune",0.75,1.5,2020-12-07
Microsoft Ventures,190.9,1,2016-06-17,Technology,Private Equity,Pune,0.5,2.0,2016-06-17
Line Corp,190.9,1,2018-04-20,Technology,Private Equity,Gurgaon,0.25,4.0,2018-04-20
Fiunknownnce Private Limited,190.9,1,2025-01-22,Climatefocused Deeptech,Debt,Pune,0.25,4.0,2025-01-22
Anthos Capital,190.9,1,2022-03-16,Edtech,Series A,Nan,1.0,1.0,2022-03-16
Maaunknownveeya Development,190.9,1,2025-01-22,Climatefocused Deeptech,Debt,Pune,0.25,4.0,2025-01-22
Shinhan Bank And Ts Investment,190.9,1,2018-04-20,Technology,Private Equity,Gurgaon,0.25,4.0,2018-04-20
Oman India Joint Investment Fund (Oijif),190.9,1,2018-06-15,Fintech,Private Equity,Bhubaneswar,1.0,1.0,2018-06-15
Line Ventures Corporation,190.9,1,2018-04-20,Technology,Private Equity,Gurgaon,0.25,4.0,2018-04-20
Northern Arc Capital Limited,190.9,1,2025-01-22,Climatefocused Deeptech,Debt,Pune,0.25,4.0,2025-01-22
Eunknownm Holdings,190.9,1,2025-06-11,Cleantech,Unknown,Pune,1.0,1.0,2025-06-11
Gfc,190.9,2,2022-01-18,"Ethnic Product Ecommerce, Fintech","Private Equity, Seed","Mumbai, Bangalore",0.38,3.0,2022-01-18
Hines,190.9,1,2017-12-06,Real Estate,Private Equity,Mumbai,1.0,1.0,2017-12-06
Unilever Ventures,190.07,6,2025-03-15,"D2C Haircare, Beauty Commerce, Ayurvedic Skincare","Series A, Seed, Private Equity","Mumbai, Delhi, Gurgaon",0.57,2.33,2025-03-15
Infibeam,189.79,2,2017-05-20,Consumer Internet,Private Equity,Mumbai,0.75,1.5,2017-05-20
Blue Earth Capital / Lok Capital,186.75,1,2025-10-22,Fintech,Series B,Nan,1.0,1.0,2025-10-22
Funknownprime Capital Partners,186.75,2,2017-04-16,"Consumer Internet, Healthcare",Private Equity,"Hyderabad, Bangalore",0.29,3.5,2017-04-16
Ruunknownnet Technology Partners,186.75,1,2015-12-16,Home,Private Equity,Bangalore,0.2,5.0,2015-12-16
Lightspeed India,186.75,5,2025-09-18,"Job Portal, Real Estate Broker, Consumer Internet","Private Equity, Seed, Series A","Bangalore, Gurgaon, Delhi",0.8,1.4,2025-09-18
And Shastra Vc,186.0,1,2025-06-15,Defence Electronics,Series A,Bangalore,0.33,3.0,2025-06-15
Co,183.79,2,2025-06-02,"Teleshopping / Ecommerce, Real Estate","Private Equity, Unknown","Mumbai, Chennai",0.33,3.0,2025-06-02
Rainfall Ventures,182.6,2,2022-03-04,"Fintech, Entertainment","Pre-Series A, Series A",Bangalore,0.62,2.5,2022-03-04
. Exxora And Rich Research And Innovation Circle Of Hyderabad,182.6,1,2022-12-13,Healthcare,Seed,Pune,1.0,1.0,2022-12-13
Mirae Asset Ventures,182.6,1,2022-01-25,Fintech,Series A,Mumbai,0.5,2.0,2022-01-25
Accel Partners And Idg Ventures,182.6,1,2018-05-15,Consumer Internet,Private Equity,Mumbai,0.33,3.0,2018-05-15
Dsp Mutual Fund Group,182.6,1,2022-03-17,Higher Education,Series B,Delhi,0.33,3.0,2022-03-17
Kaizenvest Private Equity,182.6,1,2022-03-17,Higher Education,Series B,Delhi,0.33,3.0,2022-03-17
Transamerica And Others.,182.6,1,2018-04-07,Consumer Internet,Private Equity,Mumbai,0.5,2.0,2018-04-07
Lonsdale Capital,182.6,1,2020-10-23,Ecommerce,Series A,Nan,0.5,2.0,2020-10-23
Romulus Capital And Kalaari Capital,182.6,1,2019-01-18,Healthcare,Series D,Nan,0.33,3.0,2019-01-18
The Argentum Group And The Argentum Group,180.94,1,2022-10-11,Ai,Series B,Linthicum Heights,1.0,1.0,2022-10-11
Mela Ventures,180.35,4,2025-07-12,"Saas, Ai, Semiconductor Design","Series A, Pre-Series A, Series B","Bangalore, Chennai",0.33,4.25,2025-07-12
Spiral Ventures And Icmg Partners,180.11,1,2022-11-22,Healthcare,Series B,Delhi,1.0,1.0,2022-11-22
Saif Partners And Lgt Impact Ventures,178.45,1,2018-06-11,Fintech,Private Equity,Gurgaon,0.5,2.0,2018-06-11
Innoven Capital India,177.62,2,2017-09-24,"Edtech, Ecommerce","Private Equity, Debt","Bangalore, Gurgaon",1.0,1.0,2017-09-24
Singularity Growth Opportunities Fund And Blume Ventures,175.13,1,2022-08-10,Enterprise Software,Series B,Mumbai,1.0,1.0,2022-08-10
Teunknowncity Ventures And The Exportunknownimport Bank Of India,175.0,1,2025-04-06,Defence,Other,Bangalore,0.5,2.0,2025-04-06
Lighthouse Funds,174.3,1,2018-06-14,Healthcare,Private Equity,Chandigarh,0.5,2.0,2018-06-14
Company,174.3,2,2021-02-06,Fintech,"Debt, Unknown",Delhi,0.42,2.5,2021-02-06
Gojo,174.3,2,2021-02-06,Fintech,"Debt, Unknown",Delhi,0.42,2.5,2021-02-06
Thuasne Participations,174.3,1,2018-06-14,Healthcare,Private Equity,Chandigarh,0.5,2.0,2018-06-14
Series B,174.3,1,2025-05-26,Healthcare,Series B,Bhubaneswar,1.0,1.0,2025-05-26
Accel Partner,174.3,1,2017-06-12,Consumer Internet,Private Equity,Gurgaon,0.25,4.0,2017-06-12
Tdk Ventures,174.3,1,2025-08-02,Cleantech,Unknown,Bangalore,1.0,1.0,2025-08-02
Kalaari Capital And Inventus Capital,174.3,1,2016-01-13,Consumer Internet,Private Equity,Gurgaon,0.33,3.0,2016-01-13
Mahindra Partners,174.3,1,2017-04-16,Healthcare,Private Equity,Bangalore,0.33,3.0,2017-04-16
Girunknownrsoft,174.3,2,2020-01-02,"Edtech, Fintech","Seed, Unknown","Jaipur, Ludhiana",1.0,1.0,2020-01-02
Shelly Nichani,174.3,1,2020-07-11,Saas,Pre-Series A,Gurgaon,0.5,2.0,2020-07-11
The Sparkle Fund,174.3,1,2022-01-18,Fintech,Series D,Bangalore,0.33,3.0,2022-01-18
Transpose Platform,174.3,1,2022-01-18,Fintech,Series D,Bangalore,0.33,3.0,2022-01-18
Delhivery,174.3,3,2015-11-19,"Last Mile Delivery, Online Logistics, Ecommerce",Private Equity,Bangalore,0.58,2.33,2015-11-19
Greycroft Partners,174.3,1,2016-03-15,"Cloud Enterprise Software, Technology",Private Equity,Pune,0.42,2.5,2016-03-15
Ashok Nichani,174.3,1,2020-07-11,Saas,Pre-Series A,Gurgaon,0.5,2.0,2020-07-11
Prath Ventures,173.47,4,2025-07-14,"Ecommerce, Qsr Coffee, Fashion","Pre-Series A, Series B, Seed","Bangalore, Noida, Jaipur",0.55,2.5,2025-07-14
Eagle Investments And Eagle Proprietary Investments,173.47,1,2022-10-04,Hospitality,Series B,Hyderabad,1.0,1.0,2022-10-04
Recall Capital,172.64,1,2024-12-22,Saas,Series A,Nan,0.25,4.0,2024-12-22
Samsung Venture Investment Corporation,172.64,2,2020-07-07,"Other, Travel","Series D, Unknown","Gurgaon, Noida",0.75,1.5,2020-07-07
Wing Ventures,172.64,1,2024-12-22,Saas,Series A,Nan,0.25,4.0,2024-12-22
Devc,171.66,6,2025-10-16,"Aifocused Healthtech, Fintech, Ai","Seed, Pre-Seed, Other","Nan, Gurgaon, Bangalore",0.33,4.29,2025-10-16
Amicus Capital Partners And Michael,170.15,1,2022-08-22,Ecommerce,Series B,Bangalore,0.5,2.0,2022-08-22
Java Capital,167.5,7,2025-01-22,"Fintech, Edtech, Food","Seed, Pre-Seed, Series B","Bangalore, Gurgaon, Jaipur",0.31,3.71,2025-01-22
Divij Bajaj And Samiullah Shaik,166.83,1,2022-09-26,Fashion,Pre-Seed,Noida,1.0,1.0,2022-09-26
Arvind Thakur,166.0,1,2025-07-13,Ecommerce,Series C,Gurgaon,0.1,10.0,2025-07-13
Invested Development,166.0,1,2021-01-17,Agritech,Series C,Bangalore,0.5,2.0,2021-01-17
Dhruv Agarwala,166.0,1,2020-01-17,Infratech,Series A,Mumbai,0.25,4.0,2020-01-17
Blue Dot Capital,166.0,1,2025-07-13,Ecommerce,Series C,Gurgaon,0.1,10.0,2025-07-13
S Ramadorai,166.0,1,2025-07-13,Ecommerce,Series C,Gurgaon,0.1,10.0,2025-07-13
One More Fund,166.0,1,2015-12-19,Based Bus Pooling,Private Equity,Gurgaon,0.33,3.0,2015-12-19
West Bridge,166.0,1,2022-03-08,Fintech,Seed,Mumbai,1.0,1.0,2022-03-08
Blueorchard Fiunknownnce S A,166.0,1,2021-02-04,Fintech,Unknown,Delhi,0.33,3.0,2021-02-04
Askme,166.0,1,2015-08-20,Online Furniture,Private Equity,Bangalore,1.0,1.0,2015-08-20
Merisis Opportunities Fund,166.0,1,2025-07-13,Ecommerce,Series C,Gurgaon,0.1,10.0,2025-07-13
Burman Family Office,166.0,1,2024-09-10,Fintech,Seed,Gurgaon,0.25,4.0,2024-09-10
Dcap Select,166.0,1,2024-11-10,Technology,Debt + Equity,Nan,0.25,4.0,2024-11-10
Hedge Fund,166.0,1,2018-01-09,Technology,Private Equity,Delhi,0.33,3.0,2018-01-09
Fractal,166.0,1,2025-03-26,Ai,Unknown,Bangalore,1.0,1.0,2025-03-26
Bajaj Fiunknownncial Securities,166.0,1,2025-09-15,Ecommerce,Series B,Noida,0.5,2.0,2025-09-15
Cerracap,166.0,1,2015-12-04,Online Wedding,Private Equity,Delhi,1.0,1.0,2015-12-04
M3M Family Office,166.0,1,2025-04-16,Beauty,Series A,Mumbai,1.0,1.0,2025-04-16
Delta Partners,166.0,1,2016-11-07,Consumer Internet,Private Equity,Bangalore,0.2,5.0,2016-11-07
Ms Dhoni Family Office,166.0,1,2024-09-10,Fintech,Seed,Gurgaon,0.25,4.0,2024-09-10
Wargburg Pincus,166.0,1,2018-02-02,It,Private Equity,Bangalore,0.5,2.0,2018-02-02
Artek Chemicals,166.0,1,2025-07-13,Ecommerce,Series C,Gurgaon,0.1,10.0,2025-07-13
Healthx Capital,166.0,1,2022-01-01,Hospital & Health Care,Series A,Hyderabad,0.33,3.0,2022-01-01
Paramark Vc,166.0,1,2024-09-10,Fintech,Seed,Gurgaon,0.25,4.0,2024-09-10
Spring Canter Investment Ltd.,166.0,1,2019-12-25,Technology,Series F,Gurgaon,0.5,2.0,2019-12-25
Asset Maunknowngement,166.0,1,2021-08-03,Fintech,Debt,Delhi,0.33,3.0,2021-08-03
Spring Canter Investment Ltd,166.0,1,2020-01-17,Logistics,Series F,Nan,0.5,2.0,2020-01-17
\\Xc2\\Xa0 Mayfield,166.0,1,2016-11-07,Consumer Internet,Private Equity,Bangalore,0.2,5.0,2016-11-07
Sunknownpdeal,166.0,1,2015-10-02,Delivery & Logistics,Private Equity,Gurgaon,1.0,1.0,2015-10-02
Gef Capital Partners,166.0,1,2024-12-13,Preengineered Buildings,Initial Funding,Nan,1.0,1.0,2024-12-13
Mandar Joshi And Iti Growth Opportunities Fund,166.0,1,2022-09-07,Industry,Seed,Mumbai,1.0,1.0,2022-09-07
Saif Partners India Vi Ltd,166.0,1,2020-01-17,Logistics,Series F,Nan,0.5,2.0,2020-01-17
Sig,166.0,1,2021-11-12,Furniture,Series C,Bangalore,1.0,1.0,2021-11-12
Neo Asset Maunknowngement,166.0,1,2025-05-19,Disposable Hygiene,Unspecified Round,Mumbai,1.0,1.0,2025-05-19
Bose Corporation,166.0,1,2025-04-10,Wearables,Unspecified Round,Gurgaon,1.0,1.0,2025-04-10
Aditya Birla Ventures,166.0,1,2025-06-23,Fintech,Series A,Nan,0.33,3.0,2025-06-23
State Bank Of India,166.0,1,2022-01-02,Information Technology &,Unknown,Noida,1.0,1.0,2022-01-02
The Fundamentum Partnership Fund,166.0,1,2025-05-07,Fintech,Series B,Bangalore,1.0,1.0,2025-05-07
Godrej Family Office,166.0,1,2021-11-14,Consumer Goods,Unknown,Mumbai,0.33,3.0,2021-11-14
Courtside Ventures,166.0,1,2020-10-21,Gaming,"Series B, Unknown",Delhi,0.5,2.0,2020-10-21
Asset Maunknowngement (Asia) Ltd,166.0,1,2017-07-23,Ecommerce,Private Equity,Gurgaon,0.5,2.0,2017-07-23
Makers Fund,166.0,1,2020-10-21,Gaming,"Series B, Unknown",Delhi,0.5,2.0,2020-10-21
Nordea Growth Fund,166.0,1,2024-11-10,Technology,Debt + Equity,Nan,0.25,4.0,2024-11-10
Ph Ventures,166.0,1,2024-11-10,Technology,Debt + Equity,Nan,0.25,4.0,2024-11-10
Nikhil Kamath (Zerodha),166.0,1,2024-10-05,Elder Care,Seed,Bangalore,0.33,3.0,2024-10-05
\\Xc2\\Xa0 Nirvaunknown Ventures Advisors,166.0,1,2015-06-25,Hyperlocal Shopping,Private Equity,Mumbai,0.5,2.0,2015-06-25
Round2 Capital,166.0,1,2024-11-10,Technology,Debt + Equity,Nan,0.25,4.0,2024-11-10
Walden Catalyst Ventures,166.0,1,2025-01-12,Industrial Robotics,Series B,Bangalore,0.17,6.0,2025-01-12
True Ventures,166.0,1,2025-01-12,Industrial Robotics,Series B,Bangalore,0.17,6.0,2025-01-12
Digital Garage Inc,166.0,1,2017-07-23,Ecommerce,Private Equity,Gurgaon,0.5,2.0,2017-07-23
Sc Gg India Mobility Holdings Llc,166.0,1,2019-08-15,Ecommerce,Series C,Gurgaon,1.0,1.0,2019-08-15
Malpani Group,166.0,1,2021-11-14,Consumer Goods,Unknown,Mumbai,0.33,3.0,2021-11-14
Mankind Pharma,165.61,2,2025-01-12,"Food, Coworking","Series A, Other","Bangalore, Delhi",0.38,3.0,2025-01-12
Rainmatter,165.26,15,2025-10-04,"Technology, Ecommerce, High > Advanced Materials","Seed, Unknown, Unspecified Round","Bangalore, Nan, Kolkata",0.78,1.6,2025-10-04
Sofiunknown Ventures,163.71,2,2025-02-16,"Food, D2C Protein Bars Foodtech","Unknown, Series C","Gurgaon, Mumbai",0.25,4.0,2025-02-16
Triodos Investment Maunknowngement,163.51,3,2021-06-27,"Consumer Internet, Fintech, Agritech","Unknown, Debt","Delhi, Bangalore, Gurgaon",0.61,2.0,2021-06-27
Gvfl,162.8,9,2025-09-08,"Clean, Ecommerce, Enteprise","Seed, Pre-Series A, Private Equity","Mumbai, Ahmedabad, Gurgaon",0.87,1.33,2025-09-08
Anupam Mittal,162.73,12,2025-02-24,"Consumer Internet, Food, Transportation","Seed, Private Equity, Series A","Mumbai, Bangalore, Gurgaon",0.27,4.58,2025-02-24
A91 Partners And Kae Capital,162.68,1,2022-12-14,Ecommerce,Series H,Gurgaon,1.0,1.0,2022-12-14
"""Kedaraa Capital",161.85,1,2017-12-21,Fintech,Private Equity,Hyderabad,0.5,2.0,2017-12-21
Mirae Asset Global Investments And Verlinvest,161.85,1,2022-07-13,Healthcare,Series A,Bangalore,1.0,1.0,2022-07-13
"Ontario Teachers\\'""",161.85,1,2017-12-21,Fintech,Private Equity,Hyderabad,0.5,2.0,2017-12-21
Siaunknown Capital,161.85,4,2025-02-27,"Insurance, Xr, Edtech","Series A, Other, Pre-Series A","Noida, Troy, Nan",0.42,3.75,2025-02-27
Angels,161.66,5,2024-09-05,"Edtech, For Biomass And Biofuel, Home Decor D2C","Unspecified Round, Seed, Series A","Pune, Bangalore, Kolkata",0.33,3.6,2024-09-05
Gray Matters Capital,161.19,5,2025-06-10,"Fintech, Healthcare, Edtech","Private Equity, Series A, Seed","Hyderabad, Bangalore, Chennai",0.8,1.4,2025-06-10
British Interunknowntiounknownl Investment,161.02,1,2025-08-08,Fintech,Unknown,Pune,1.0,1.0,2025-08-08
Lumis Partners,161.02,5,2024-10-14,"Technology, Logistics, Accounting & Tax Management Saas","Private Equity, Unknown, Pre-Series A","Bangalore, Mumbai, Gurgaon",0.47,2.8,2024-10-14
Xiaomi,161.02,2,2020-02-10,"Hr, Consumer Internet","Unknown, Private Equity","Nan, Bangalore",0.67,2.0,2020-02-10
Rohit Bansal,160.51,10,2021-02-18,"Ecommerce, Food, Employee Onboarding & Orientation","Seed, Private Equity, Other","Gurgaon, Delhi, Bangalore",0.3,4.1,2021-02-18
Khosla Impact,158.94,3,2016-11-23,"Mobile Messaging Assistant, Fintech, Technology","Private Equity, Seed","Bangalore, Mumbai, Gurgaon",0.32,3.67,2016-11-23
Propstack,158.26,1,2020-01-26,Real Estate,Unknown,Bangalore,0.5,2.0,2020-01-26
500 Startups,157.83,13,2020-04-23,"Consumer Internet, Employee Onboarding & Orientation, Edtech","Seed, Private Equity, Debt","Delhi, Mumbai, Noida",0.36,3.69,2020-04-23
Teunknowncity Ventures And Commvault,157.7,1,2025-05-25,Cybersecurity,Other,Bangalore,1.0,1.0,2025-05-25
Mohit Aron,157.7,1,2025-02-17,Ai,Series A,Bangalore,0.12,8.0,2025-02-17
Jump Capital,157.7,1,2025-02-17,Ai,Series A,Bangalore,0.12,8.0,2025-02-17
Peepul Capital,157.7,2,2015-10-16,"Crosschannel Crm, Fashion Jewelry And Accessories Etailer",Private Equity,"Mumbai, Jaipur",0.6,3.0,2015-10-16
Rpsg Capital Ventures,157.7,4,2025-05-01,"Healthcare, Fashion, D2C Retail","Series A, Pre-Series A, Other","Gurgaon, Delhi, Mumbai",0.75,1.5,2025-05-01
Bhavin Turakhia,157.7,1,2016-09-19,Technology,Private Equity,Mumbai,1.0,1.0,2016-09-19
Narotam Sekhsaria Family Office,157.7,2,2025-07-23,"Drone, Ecommerce","Unspecified Round, Series B","Chennai, Bangalore",0.75,1.5,2025-07-23
Fortune 1000 Executives,157.7,1,2025-02-17,Ai,Series A,Bangalore,0.12,8.0,2025-02-17
Cyan Banister,157.7,1,2025-02-17,Ai,Series A,Bangalore,0.12,8.0,2025-02-17
Terwilliger Centre,157.7,1,2020-10-20,Sanitation,Unknown,Bangalore,1.0,1.0,2020-10-20
Solaunknown,157.7,1,2021-10-15,Entertainment,Unknown,Bangalore,1.0,1.0,2021-10-15
Idg Venture,157.7,1,2018-06-02,Healthcare,Private Equity,Bangalore,0.17,6.0,2018-06-02
Bhaane Group,157.7,1,2025-05-04,Beauty,Unknown,Mumbai,1.0,1.0,2025-05-04
Axilor Ventures And Binny Bansal,157.7,1,2018-06-02,Healthcare,Private Equity,Bangalore,0.17,6.0,2018-06-02
Negen Capital,156.62,5,2025-04-13,"Food, Aerospace, Maritime","Other, Series A, Equity","Mumbai, Delhi, Hyderabad",0.6,2.8,2025-04-13
Amazonunknownpatni Jv,156.37,1,2018-01-12,Ecommerce,Private Equity,Delhi,1.0,1.0,2018-01-12
Sparrow Capital,156.04,3,2025-07-14,"Ecommerce, Ai Wealth Management Assistant, Consulting","Seed, Series B","Bangalore, Mumbai",0.29,4.33,2025-07-14
Bessemer Venture Partners And Gtmfund,155.21,1,2022-06-14,Media&Entertainment,Series A,Mumbai,1.0,1.0,2022-06-14
Artha India Ventures,154.26,5,2021-05-28,"Spacetech, Cloud, Agritech","Unknown, Series A, Pre-Seed","Mumbai, Chennai, Bangalore",0.4,3.17,2021-05-28
Z3Partners,154.0,2,2025-01-27,"Agritech, Saas","Unknown, Other","Indore, Mumbai",1.0,1.0,2025-01-27
Sbiunknownfmo Fund,153.55,1,2017-07-16,Technology,Private Equity,Bangalore,0.33,3.0,2017-07-16
Yournest Venture Capital,153.44,8,2025-04-19,"Ai, Data Security, Manufacturing Data","Seed, Pre-Series A, Unspecified Round","Bangalore, Mumbai, Hyderabad",0.56,2.11,2025-04-19
Ktb Network,152.72,2,2020-08-24,"Consumer Internet, Social Ecommerce","Private Equity, Series A",Bangalore,0.23,4.5,2020-08-24
Lightstone Global Funds,152.47,1,2020-04-16,Logistics,Series D,Mumbai,1.0,1.0,2020-04-16
Ceunknownventures,151.89,2,2025-09-21,"Mortgage Distribution, Ecommerce","Series B, Series A","Gurgaon, Mumbai",0.35,3.5,2025-09-21
Rtp Global And Iseed,151.89,1,2022-06-20,Logistics,Series A,Bangalore,1.0,1.0,2022-06-20
Angellist,151.21,9,2025-02-22,"Healthcare, Cleantech, Intelligent Document Processing Saas Ai","Unknown, Pre-Series A, Seed","Bangalore, Gurgaon, Pune",0.36,3.0,2025-02-22
Seedfund,151.06,4,2017-06-09,"Advertising & Marketing Community Networking, Dental Clinic, Consumer Internet","Private Equity, Seed","Delhi, Mumbai, Noida",0.46,2.25,2017-06-09
Xiaomi Singapore,151.06,1,2018-01-24,Technology,Private Equity,Bangalore,0.5,2.0,2018-01-24
021 Capital,151.01,6,2022-03-14,"Edtech, Computer Software, Deeptech","Seed, Unknown, Pre-Series A","Bangalore, Mumbai, Nan",0.67,1.67,2022-03-14
Spark Capital,150.63,2,2025-06-24,"Gps Renewables, Digital Payment","Other, Seed","Bangalore, Chennai",0.5,2.0,2025-06-24
Eight Road Ventures,149.9,2,2020-07-05,"Used Vehicles, Eye Wear","Private Equity, Unknown","Mumbai, Chennai",1.0,1.0,2020-07-05
Incred,149.68,3,2025-09-10,"Gps Renewables, Consumer Internet, Travel","Other, Seed, Unknown","Bangalore, Mumbai",0.44,2.33,2025-09-10
Insight Venture Partners,149.4,1,2018-03-22,Technology,Private Equity,Chennai,0.5,2.0,2018-03-22
Blue Orchard,149.4,2,2021-08-03,"Fintech, Banking","Private Equity, Unknown","Gurgaon, Delhi",0.75,1.5,2021-08-03
Jungle Ventures (Primary,149.4,1,2025-02-18,Wealth Advisory Fintech,Unspecified Round,Mumbai,0.5,2.0,2025-02-18
Secondary Investment),149.4,1,2025-02-18,Wealth Advisory Fintech,Unspecified Round,Mumbai,0.5,2.0,2025-02-18
Illumiunknownted Funds Group,149.4,1,2020-10-22,Ai,Unknown,San Francisco,0.5,2.0,2020-10-22
Ashish Dhawan,149.4,2,2018-05-19,"Consumer Internet, Food","Other, Private Equity","Mumbai, Delhi",0.21,5.0,2018-05-19
Asha Impact,149.4,1,2020-11-04,Cleantech,Series C,Ahmedabad,0.5,2.0,2020-11-04
Gulf Islamic Investments,149.4,2,2025-05-20,"Value Retail, Consumer Goods","Series D, Unknown",Delhi,1.0,1.0,2025-05-20
Usunknownbased Institution,149.4,1,2025-05-22,Ev Financier,Debt,Delhi,1.0,1.0,2025-05-22
Accel Partners And Tiger Global Maunknowngement.,149.4,1,2018-03-22,Technology,Private Equity,Chennai,0.5,2.0,2018-03-22
Citi Ventures,149.4,1,2020-10-22,Ai,Unknown,San Francisco,0.5,2.0,2020-10-22
Nanoholdings,149.4,1,2016-05-16,Technology,Private Equity,Chennai,1.0,1.0,2016-05-16
Pegasus Fininvest,149.4,1,2024-12-24,Fintech,Debt + Equity,Mumbai,0.33,3.0,2024-12-24
Perpetuity Ventures,149.4,1,2024-12-24,Fintech,Debt + Equity,Mumbai,0.33,3.0,2024-12-24
Eif,149.4,1,2025-06-10,Deeptech,Series A,Delhi,1.0,1.0,2025-06-10
Prashasta Seth (Prudent Investment Maunknownger),149.4,1,2024-12-24,Fintech,Debt + Equity,Mumbai,0.33,3.0,2024-12-24
Mirae Asset Vc,149.4,1,2024-09-14,Devotional,Series B,Bangalore,0.2,5.0,2024-09-14
Alpha Wave Ventures And Chimera Investm,148.5,1,2022-04-15,Edtech,Series D,Noida,1.0,1.0,2022-04-15
Yes Bank,147.74,2,2021-02-03,"Consumer Internet, Agritech",Debt,"Ahmedabad, Gurgaon",1.0,1.0,2021-02-03
Sima Gandhi And Nexus Venture Partners,147.74,1,2022-08-10,Software,Series A,San Francisco,1.0,1.0,2022-08-10
Lightspeed India Partners And Yournest Venture Capital,147.74,1,2022-08-18,Electronics,Series A,Bangalore,1.0,1.0,2022-08-18
Alphawave,146.37,2,2024-10-22,"Fintech, Healthcare","Series B, Other",Bangalore,0.42,2.5,2024-10-22
Powerhouse Ventures,145.34,8,2025-08-15,"Technology, Ai Infrastructure, Traveltech","Seed, Pre-Seed, Pre-Series A","Bangalore, Delhi, Gurgaon",0.31,4.4,2025-08-15
Tiger Global’S Scott Schleifer,145.25,1,2021-08-01,Healthcare,Unknown,Bangalore,1.0,1.0,2021-08-01
Harsh Jain,145.25,2,2024-08-15,"Dating, Healthcare","Unspecified Round, Series A","Delhi, Bangalore",0.35,3.5,2024-08-15
Abhishek Pandey And Sriunknownth Ramakkrushunknownn,145.25,1,2022-04-07,Manufacturing,Unknown,Tiruchirappalli,1.0,1.0,2022-04-07
Lalit Keshre,145.25,2,2024-08-15,"Dating, Healthcare","Unspecified Round, Series A","Delhi, Bangalore",0.35,3.5,2024-08-15
Volt Capital And Polygon Studios,145.25,1,2022-05-27,Crypto Currency,Unknown,Nan,1.0,1.0,2022-05-27
Fintech,144.51,1,2019-11-09,Fintech,Debt,Gurgaon,1.0,1.0,2019-11-09
Sumer Juneja And Eight Roads Ventures,143.59,1,2022-05-26,Fashion,Unknown,Bangalore,1.0,1.0,2022-05-26
Asia Impact,143.59,1,2024-08-21,B2B Agriinputs,Series B,Gurgaon,1.0,1.0,2024-08-21
Kuunknownl Shah And Manish Patel.,142.76,1,2018-03-15,Consumer Internet,Private Equity,Bangalore,0.2,5.0,2018-03-15
Ankit Bhati,142.76,1,2018-03-15,Consumer Internet,Private Equity,Bangalore,0.2,5.0,2018-03-15
Bhavish Aggarwal,142.76,1,2018-03-15,Consumer Internet,Private Equity,Bangalore,0.2,5.0,2018-03-15
Anthill Ventures,142.76,6,2021-10-07,"Travel, Merchandise, Technology","Pre-Series A, Unknown, Private Equity","Gurgaon, Hyderabad, Mumbai",0.77,2.17,2021-10-07
Inventus Capital,142.34,2,2018-11-15,"Consumer Internet, Healthcare, Ecommerce","Private Equity, Other","Bangalore, Mumbai",0.26,4.0,2018-11-15
Tanglin Ventures,141.93,2,2025-08-23,"Media & Entertainment, Computer Software","Pre-Series A, Series A","Haveri, Chennai",0.75,1.5,2025-08-23
Sashi Reddi,141.93,4,2024-09-13,"Test Automation Saas, Food, Consumer Internet","Seed, Private Equity, Other","Hyderabad, Bangalore, Nan",0.43,2.75,2024-09-13
Saison Capital,141.93,3,2025-06-16,"Credit & Financial, Fintech, Medical Equipment Procurement","Pre-Series A, Unknown, Series A","Bangalore, Gurgaon",0.31,4.0,2025-06-16
Allcargo Logistics,141.1,1,2018-07-15,Fintech,Private Equity,Mumbai,0.5,2.0,2018-07-15
Ventureeast,141.1,2,2016-05-14,"Other, Technology",Private Equity,"Nan, Mumbai",0.38,3.0,2016-05-14
Base 10 Partners,141.1,1,2021-10-14,Saas,Series A,Noida,0.5,2.0,2021-10-14
Chiratae,141.1,2,2024-12-01,"Textiles, Ai Wealth Management Assistant","Series A, Seed","Delhi, Mumbai",0.33,4.0,2024-12-01
Prasid Uno Family Trust,141.1,1,2019-04-11,Ecommerce,Private Equity,Bangalore,1.0,1.0,2019-04-11
Navneet Education And Mahavir Agency,141.1,1,2018-07-15,Fintech,Private Equity,Mumbai,0.5,2.0,2018-07-15
Reach Capital,141.1,2,2024-10-18,Edtech,"Other, Unspecified Round","Nan, Gurgaon",0.6,3.0,2024-10-18
Wrv Capital,141.1,1,2017-09-02,Technology,Private Equity,Bangalore,0.25,4.0,2017-09-02
Exfinity Ventures,140.68,4,2020-05-09,"Mobile Marketing Automation, Technology, Online Security","Private Equity, Series A","Bangalore, Pune",0.58,2.0,2020-05-09
Good Capital,140.38,4,2025-03-28,"Edtech, Digital Pediatric Care, D2C Home Appliances","Seed, Pre-Series A, Series A","Kochi, Delhi, Gurgaon",0.6,2.6,2025-03-28
1Crowd,140.2,13,2025-02-27,"Consumer Internet, Healthcare, Saas","Seed, Pre-Series A, Series A","Bangalore, Udaipur, Mumbai",0.6,2.46,2025-02-27
Invest In Vision,139.05,1,2020-07-07,Fintech,Series E,Gurgaon,1.0,1.0,2020-07-07
Accel And Aditya Birla Ventures,137.78,1,2022-12-07,Information&Technology,Series A,Gurgaon,1.0,1.0,2022-12-07
Rwe,137.78,1,2015-11-18,Efficient Energy Management,Private Equity,Nan,0.25,4.0,2015-11-18
E.On,137.78,1,2015-11-18,Efficient Energy Management,Private Equity,Nan,0.25,4.0,2015-11-18
Constellation Technology Ventures (Exelon Corporation),137.78,1,2015-11-18,Efficient Energy Management,Private Equity,Nan,0.25,4.0,2015-11-18
Cm Ventures,136.95,1,2021-05-08,Edtech,Series A,Bangalore,0.5,2.0,2021-05-08
Ashok Goel (Promoter),136.95,1,2015-02-09,Other,Private Equity,Nan,1.0,1.0,2015-02-09
Rocketship,136.65,3,2020-06-25,"Ecommerce, Micromobiity","Private Equity, Unknown","Mumbai, Noida, Nan",0.72,2.67,2020-06-25
Jj Beshara Angel And 3One4 Capital,136.12,1,2022-05-15,Fintech,Unknown,Nashik,1.0,1.0,2022-05-15
Icici Venture,136.0,1,2025-04-08,Beauty Products,Series B,Gurgaon,1.0,1.0,2025-04-08
Unitus Seed Fund,135.46,8,2017-03-27,"Technology, Consumer Internet, Indian Ethnic Crafts Etailer","Private Equity, Seed","Bangalore, Nan, Mumbai",0.48,2.5,2017-03-27
Mirabilis Investment Trust,135.0,2,2025-02-18,"Logistics, Womens Wellness & Hygiene","Series C, Other",Mumbai,0.42,2.5,2025-02-18
New Enterprise Associates (Nea),134.46,2,2016-06-10,"Consumer Internet, Technology",Private Equity,"Gurgaon, Bangalore",0.32,4.5,2016-06-10
Trifecta,134.0,2,2024-12-09,"Cleantech, Postsales","Debt, Series D","Gurgaon, Mumbai",0.67,2.0,2024-12-09
Ankit Nagori And Sumon Sadhu,133.63,1,2022-04-19,Enterprise Software,Series A,San Jose,1.0,1.0,2022-04-19
Iifl Fintech Fund,133.4,2,2025-01-14,"Fintech, It And It Consulting","Series B, Other, Unknown","Nan, Mumbai, Bangalore",0.61,2.0,2025-01-14
Mudhal Partners,133.3,2,2024-12-28,"Media, Ev Manufacturing","Unspecified Round, Unknown","Chennai, Bangalore",0.62,2.5,2024-12-28
Teunknowncity Ventures,132.8,1,2024-11-20,Cancer Diagnostics,Series A,Pune,0.2,5.0,2024-11-20
Sbi Ven Capital,132.8,1,2021-01-02,Healthcare,Unknown,Bangalore,0.5,2.0,2021-01-02
Presidio Ventures,132.8,1,2015-03-03,Other,Private Equity,Nan,0.25,4.0,2015-03-03
Interwest Partners,132.8,1,2015-03-03,Other,Private Equity,Nan,0.25,4.0,2015-03-03
Cedars Siunknowni,132.8,1,2024-11-20,Cancer Diagnostics,Series A,Pune,0.2,5.0,2024-11-20
Mohr Davidow Ventures,132.8,1,2015-03-03,Other,Private Equity,Nan,0.25,4.0,2015-03-03
Dragoneer Investment,132.8,2,2015-04-01,"Other, Online Grocer",Private Equity,"Nan, Bangalore",0.25,4.0,2015-04-01
Asha,132.8,1,2025-10-04,Food & Agriculture > Food & Beverage Products,Series B,Delhi,1.0,1.0,2025-10-04
Eragon,132.8,1,2024-11-20,Cancer Diagnostics,Series A,Pune,0.2,5.0,2024-11-20
Blockchain Capital,132.8,1,2021-01-02,Healthcare,Unknown,Bangalore,0.5,2.0,2021-01-02
Singaporeunknownbased Edbi,132.8,1,2024-08-25,Social Media,Debt,Bangalore,1.0,1.0,2024-08-25
Grameen Impact India (Giii),132.8,1,2020-01-27,Solar Solution,Unknown,Hyderabad,0.5,2.0,2020-01-27
Accor,132.8,1,2021-06-04,Hospitality,Series D,Bangalore,1.0,1.0,2021-06-04
Bravia Capital,132.8,1,2016-10-18,Other,Private Equity,Mumbai,1.0,1.0,2016-10-18
Orios Ventures,132.8,3,2024-09-16,"Healthcare, Renewables & Environment, Saas","Pre-Series A, Unknown, Seed","Bangalore, Delhi, Nan",0.44,2.5,2024-09-16
Social Capital,132.8,1,2017-08-05,Technology,Private Equity,Bangalore,0.33,3.0,2017-08-05
Js Capital Maunknowngement,132.8,1,2017-08-05,Technology,Private Equity,Bangalore,0.33,3.0,2017-08-05
Iifl Wealth Maunknowngement Seed Venture Fund,132.8,1,2016-07-28,Fintech,Private Equity,Mumbai,0.25,4.0,2016-07-28
Titanium Ventures,132.8,1,2024-12-14,Ai,Series A,Austin,0.25,4.0,2024-12-14
Owl Ventures And Blume Ventures,132.8,1,2025-05-10,Healthcare,Seed,Nan,1.0,1.0,2025-05-10
Axiata Digital,132.8,1,2016-06-24,Ecommerce,Private Equity,Bangalore,1.0,1.0,2016-06-24
Chevron Technology Ventures,132.8,1,2020-02-20,Cleantech,Unknown,Nan,0.33,3.0,2020-02-20
\\Xc2\\Xa0 Qualcomm Ventures,132.8,1,2015-03-08,Other,Private Equity,Nan,0.25,4.0,2015-03-08
Vikrampati Singhania And Wami Capita,132.8,1,2022-11-24,Electrical Automobiles,Seed,Nan,1.0,1.0,2022-11-24
Marubeni Corporation.,132.8,1,2020-02-20,Cleantech,Unknown,Nan,0.33,3.0,2020-02-20
Wave Equity Partners,132.8,1,2020-02-20,Cleantech,Unknown,Nan,0.33,3.0,2020-02-20
Indusage Partners,132.8,2,2020-01-12,Technology,"Debt, Private Equity","Nan, Bangalore",0.31,5.0,2020-01-12
Valley Capital Partners,132.8,1,2024-12-14,Ai,Series A,Austin,0.25,4.0,2024-12-14
India,131.97,4,2025-08-02,"Ecommerce, Semiconductors, Cleantech","Unspecified Round, Seed, Series B","Bangalore, Delhi, Pune",0.44,2.5,2025-08-02
Kuunknownl Bahl,131.46,9,2016-07-08,"Ecommerce, Food, Employee Onboarding & Orientation","Seed, Private Equity","Delhi, Noida, Bangalore",0.24,4.67,2016-07-08
Ackermans,131.14,1,2019-11-16,Healthcare,Series B,Mumbai,0.2,5.0,2019-11-16
Toppan Printing,131.14,1,2019-11-16,Healthcare,Series B,Mumbai,0.2,5.0,2019-11-16
Van Haaren,131.14,1,2019-11-16,Healthcare,Series B,Mumbai,0.2,5.0,2019-11-16
Institutiounknownl Investors,130.75,2,2024-11-27,"Corporate, Fintech","Series A, Unknown","Bangalore, Jaipur",0.62,2.5,2024-11-27
Inflexor Ventures,130.31,3,2024-11-04,"Fintech, Insurance, Logistics","Series A, Other","Delhi, Noida, Mumbai",0.61,2.0,2024-11-04
Lingotto Counknowninvest Fund I,130.0,1,2024-12-28,Ev Manufacturing,Unknown,Bangalore,0.25,4.0,2024-12-28
Sequoia Capital India And Sofiunknown,129.5,1,2022-04-26,Edtech,Series B,Mumbai,1.0,1.0,2022-04-26
Westbridge Capital Partners,129.48,1,2016-08-27,Technology,Private Equity,Noida,1.0,1.0,2016-08-27
Wilson Global Opportunities Fund,128.65,1,2020-01-06,Pharmaceutical,Unknown,Bangalore,1.0,1.0,2020-01-06
Hero Fincorp,128.65,1,2020-05-11,Pharmaceutical,Unknown,Bangalore,1.0,1.0,2020-05-11
Gsv,128.65,2,2021-09-12,Edtech,"Series A, Seed","Bangalore, Gurgaon",0.5,2.0,2021-09-12
Coleman And Company Ltd,128.65,2,2017-03-01,"Ecommerce, Technology",Private Equity,Ahmedabad,0.5,2.0,2017-03-01
Vibhor Kanodia And Dhaval Shah,126.99,1,2022-07-16,Retail,Seed,Raipur,1.0,1.0,2022-07-16
Unleash Capital Partners,126.99,2,2025-09-20,Fintech,"Series A, Unknown","Chennai, Mumbai",0.75,1.5,2025-09-20
Lucky Investment Maunknowngers,126.48,2,2025-05-04,"Spacetech, Equity Investment","Seed, Series A","Mumbai, London",0.75,1.5,2025-05-04
Transition Vc,126.16,6,2025-08-13,"Advanced Hardware & Technology, Advanced Hardware & Iot, Deeptech Ai & Analytics","Pre-Series A, Seed, Unknown","Bangalore, Delhi, Mumbai",0.79,1.67,2025-08-13
Elevation,126.16,2,2021-10-17,"Edtech, Hospital & Health Care","Seed, Unknown","Bangalore, Pune",0.42,2.5,2021-10-17
Sharrp Ventures,125.54,3,2025-01-22,"Gaming Console, Furniture, D2C Bags & Luggage","Other, Unknown, Series B","Mumbai, Bangalore",0.29,3.67,2025-01-22
Qiming Venture Partners,125.41,1,2019-06-04,Digital Media,Series B,Bangalore,1.0,1.0,2019-06-04
Hbm Healthcare Investments,124.5,1,2017-07-23,Ecommerce,Private Equity,Gurgaon,0.25,4.0,2017-07-23
Nokia Growth Partners,124.5,1,2015-06-02,Saas Product Intelligence,Private Equity,Nan,0.33,3.0,2015-06-02
Sakal Media Group,124.5,1,2025-05-27,Media Technology,Seed,Mumbai,1.0,1.0,2025-05-27
Softbank Corp,124.5,1,2016-01-02,Consumer Internet,Private Equity,Mumbai,1.0,1.0,2016-01-02
Stellaris,124.5,1,2022-03-20,Textiles,Series A,Delhi,0.5,2.0,2022-03-20
Vikram Sud,124.5,1,2016-10-25,Consumer Internet,Private Equity,Mumbai,0.25,4.0,2016-10-25
Naturals Salon Chain,124.5,1,2016-04-04,Consumer Internet,Private Equity,Delhi,1.0,1.0,2016-04-04
Goldman Sachs.,124.5,1,2020-01-12,Fintech,Series B,Bangalore,1.0,1.0,2020-01-12
. Incubate Fund India And Whiteboard Capital,124.5,1,2022-12-28,Jewellery,Seed,Bangalore,1.0,1.0,2022-12-28
Antares Ventures,124.5,2,2025-07-27,"Cleantech, Electric Aircraft","Seed, Series B",Chennai,0.33,4.0,2025-07-27
Gef Capital’S South Asia Fund,124.5,1,2021-07-04,Logistics,Series B,Gurgaon,1.0,1.0,2021-07-04
Space Capital,124.5,1,2020-01-14,Consultancy,Series A,Nan,1.0,1.0,2020-01-14
Vertex Ventures Seai,124.5,2,2025-04-26,"Fintech, D2C Home Appliances",Series A,"Mumbai, Gurgaon",0.75,1.5,2025-04-26
Sanjay Nayar,124.5,1,2016-10-25,Consumer Internet,Private Equity,Mumbai,0.25,4.0,2016-10-25
Imm Investment,124.5,1,2017-02-23,Consumer Internet,Private Equity,Gurgaon,0.5,2.0,2017-02-23
Maverick Capital,124.5,1,2015-03-28,Other,Private Equity,Nan,0.5,2.0,2015-03-28
Omidyar Network And Kae Capital,124.5,1,2017-07-23,Ecommerce,Private Equity,Gurgaon,0.25,4.0,2017-07-23
Shuru Up Ventures,124.5,1,2022-05-04,Mining,Seed,Ahmedabad,1.0,1.0,2022-05-04
Interunknowntiounknownl Fiunknownncial Corporation,124.5,1,2016-12-25,Consumer Internet,Private Equity,Bangalore,1.0,1.0,2016-12-25
Chandralekha Construction Pvt. Ltd.,124.5,1,2015-11-13,Premium Dining Lounges & Restaurants,Private Equity,Gurgaon,1.0,1.0,2015-11-13
Micromax Informatics,124.5,1,2016-04-01,Consumer Internet,Private Equity,Mumbai,0.5,2.0,2016-04-01
Avalon Ventures,124.5,1,2015-06-02,Saas Product Intelligence,Private Equity,Nan,0.33,3.0,2015-06-02
Narayan Seshadri,124.5,1,2016-10-25,Consumer Internet,Private Equity,Mumbai,0.25,4.0,2016-10-25
King River Capital,124.5,1,2020-10-14,Fintech,Unknown,Sydney,0.5,2.0,2020-10-14
Leap Capital,124.5,1,2020-10-14,Fintech,Unknown,Sydney,0.5,2.0,2020-10-14
Heliad,124.5,1,2024-11-14,B2B Bnpl,Unspecified Round,Delhi,0.25,4.0,2024-11-14
Nomura,124.5,1,2021-10-13,Fintech,Series A,Bangalore,0.25,4.0,2021-10-13
The Bill,124.5,1,2021-10-13,Fintech,Series A,Bangalore,0.25,4.0,2021-10-13
Transamerica,124.5,1,2017-06-22,Consumer Internet,Private Equity,Mumbai,1.0,1.0,2017-06-22
Idfc Spice Fund,124.5,1,2016-04-01,Consumer Internet,Private Equity,Mumbai,0.5,2.0,2016-04-01
Archean Chemicals Industries,124.5,1,2025-09-19,Clean,Series A,Gurgaon,1.0,1.0,2025-09-19
Fidelity’S Eight Roads,124.5,1,2024-10-20,Saas,Unspecified Round,Mumbai,0.25,4.0,2024-10-20
Sistema Asia Capital,124.5,1,2021-05-13,Consulting,Series B,Bangalore,0.5,2.0,2021-05-13
Jpin Venture Catalysts,124.5,1,2022-01-18,Entertainment,Series A,Bangalore,0.33,3.0,2022-01-18
Greg Kidd,124.5,1,2021-02-20,Fintech,Seed,Bangalore,0.5,2.0,2021-02-20
Orios Venture Partners.,124.5,1,2015-07-23,Online Budget Hotel,Private Equity,Delhi,0.5,2.0,2015-07-23
Varun Jaipuria,124.5,1,2022-02-19,Fintech,Unknown,Delhi,1.0,1.0,2022-02-19
Y Combiunknowntor And Others.,124.5,1,2018-06-28,Fintech,Private Equity,Mumbai,0.33,3.0,2018-06-28
Worldbusiness Capital,124.5,1,2021-05-12,Fintech,Unknown,Chennai,0.5,2.0,2021-05-12
Vel Kanniappan And Ravi Rengaunknownthan,124.5,1,2022-05-18,Automobile Manufacturing,Seed,Chennai,1.0,1.0,2022-05-18
Lumikai,124.5,5,2025-04-19,"Gaming, Spiritualtech, Video Content Creation","Seed, Pre-Series A, Unspecified Round","Bangalore, Delhi",0.8,1.4,2025-04-19
Kinzon Capital,124.5,1,2017-03-14,Consumer Internet,Private Equity,Gurgaon,0.5,2.0,2017-03-14
Republic Capital,124.5,1,2022-01-18,Entertainment,Series A,Bangalore,0.33,3.0,2022-01-18
Onmobile,124.5,1,2022-01-18,Entertainment,Series A,Bangalore,0.33,3.0,2022-01-18
Company’S Founder,124.5,1,2024-11-02,Semiurban Commerce,Series A,Chennai,0.25,4.0,2024-11-02
Softbank Ventures Korea,124.5,1,2017-02-23,Consumer Internet,Private Equity,Gurgaon,0.5,2.0,2017-02-23
Tree Line Investment Maunknowngement,124.5,1,2021-09-11,Food,Series C,Kolkata,1.0,1.0,2021-09-11
Blueorchard Microfiunknownnce Fund,124.5,1,2024-12-16,Fintech,Unspecified Round,Bangalore,1.0,1.0,2024-12-16
Franklin Templeton Interunknowntiounknownl Services Pvt. Ltd,124.5,1,2016-07-09,Consumer Internet,Private Equity,Noida,1.0,1.0,2016-07-09
Private Sector Banks (Debt Funding),124.5,1,2017-03-22,Logistics,Private Equity,Gurgaon,1.0,1.0,2017-03-22
Olive Tree Capital,124.5,1,2022-02-13,Fintech,Series A,Bangalore,0.33,3.0,2022-02-13
Axa Im Alts,124.5,1,2024-10-26,Biogastech,Unspecified Round,Pune,0.25,4.0,2024-10-26
Avenir Growth Capital,124.5,1,2022-02-13,Fintech,Series A,Bangalore,0.33,3.0,2022-02-13
Incred Growth Partners Fundunknowni And Norwest Capital,124.5,1,2025-05-09,It,Series B,Jaipur,0.5,2.0,2025-05-09
Anil Jaggia,124.5,1,2016-10-25,Consumer Internet,Private Equity,Mumbai,0.25,4.0,2016-10-25
Kawisafi Ventures,124.5,1,2024-10-26,Biogastech,Unspecified Round,Pune,0.25,4.0,2024-10-26
Electrifi,124.5,1,2024-10-26,Biogastech,Unspecified Round,Pune,0.25,4.0,2024-10-26
Chroma Impact Investment,124.5,1,2024-10-26,Biogastech,Unspecified Round,Pune,0.25,4.0,2024-10-26
Pine Brook,124.5,1,2017-02-14,Consumer Internet,Private Equity,Gurgaon,0.33,3.0,2017-02-14
Harmony,124.5,1,2022-02-13,Fintech,Series A,Bangalore,0.33,3.0,2022-02-13
Intesa Sanpaolo,124.5,1,2024-11-14,B2B Bnpl,Unspecified Round,Delhi,0.25,4.0,2024-11-14
Maersk,124.5,1,2024-11-14,B2B Bnpl,Unspecified Round,Delhi,0.25,4.0,2024-11-14
Tata Capital Growth Fund Ii,124.5,2,2022-01-11,"It, Information Technology &",Unknown,"Nan, Mumbai",1.0,1.0,2022-01-11
Austrian Bank,124.5,1,2020-01-04,Fintech,Unknown,Gurgaon,1.0,1.0,2020-01-04
Multiply Ventures,124.09,3,2025-10-25,"Consumer > Fashion, D2C Fashion, Edtech",Seed,"Nan, Thiruvananthapuram, Gurgaon",0.83,1.33,2025-10-25
Sorin Investments,123.67,3,2025-08-24,"Ai, Logistics","Series A, Pre-Seed","San Francisco, Hyderabad, Bangalore",1.0,1.0,2025-08-24
Agarwal Movers Group,123.67,1,2016-03-28,Logistics,Private Equity,Delhi,1.0,1.0,2016-03-28
Unitus Ventures,123.46,7,2025-02-09,"Edtech, Healthcare, Work Fulfillment","Unknown, Series A, Pre-Series A","Bangalore, Mumbai, Gurgaon",0.51,2.25,2025-02-09
Hashed And A'Z Angels,122.84,1,2022-04-07,Fintech,Series A,New York,1.0,1.0,2022-04-07
Authum,122.84,1,2025-10-15,Consumer Goods > Tv & Audiovisual Products,Ipo,Nan,1.0,1.0,2025-10-15
Leo Capital,122.01,5,2025-09-11,"Gaming, Edtech, Ai","Pre-Series A, Other, Series A","Bangalore, Nan, Gurgaon",0.67,1.8,2025-09-11
Ashneer Grover,120.35,4,2022-02-03,"Loyalty Programs & Reward Points, Edtech, Microblogging","Unknown, Private Equity, Seed","Mumbai, Gurgaon, Bangalore",0.38,3.0,2022-02-03
Rukam Capital,120.26,6,2025-08-28,"Consumer Goods, Ecommerce, Ecofriendly Products","Seed, Other, Pre-Series A","Delhi, Bangalore, Mumbai",0.76,2.0,2025-08-28
Bharat Value Fund,120.0,1,2024-10-16,Hygiene Care,Other,Indore,1.0,1.0,2024-10-16
Eight Roads Ventures And Funknownprime Capital,120.0,1,2024-12-23,Biotechnology,Equity,Bangalore,1.0,1.0,2024-12-23
Enrission India Capital,119.11,3,2025-07-13,"Enterprise, Healthcare, For Salons Spas And Wellness Clinics","Series B, Pre-Series A, Seed","Bangalore, Mumbai",0.67,1.67,2025-07-13
Bac Acquisitions,119.04,1,2019-04-22,Ecommerce,Debt,Bangalore,0.25,4.0,2019-04-22
Brd Securities,119.04,1,2019-04-22,Ecommerce,Debt,Bangalore,0.25,4.0,2019-04-22
Northern R Capital,119.04,1,2019-04-22,Ecommerce,Debt,Bangalore,0.25,4.0,2019-04-22
Unifi Aif,119.04,1,2019-04-22,Ecommerce,Debt,Bangalore,0.25,4.0,2019-04-22
23 High Networth Individuals (Hnis),118.69,1,2021-01-14,Food,Series B,Bangalore,0.5,2.0,2021-01-14
Sunjay Kapoor And Telama Investment,118.44,1,2018-08-13,Consumer Internet,Private Equity,Gurgaon,0.25,4.0,2018-08-13
Edelweiss And Beenext,118.44,1,2018-08-13,Consumer Internet,Private Equity,Gurgaon,0.25,4.0,2018-08-13
Bharat Inclusive Technologies Seed Fund.,118.35,1,2020-04-22,Fintech,Series A,Nan,0.33,3.0,2020-04-22
Lightspeed Venture,118.35,1,2020-04-22,Fintech,Series A,Nan,0.33,3.0,2020-04-22
W Health Ventures,118.27,3,2025-02-21,"Healthcare, Chronic Pain Management Healthtech, Ai","Other, Seed, Series A","Delhi, Bangalore",0.67,1.67,2025-02-21
Nrjn Family Trust,117.86,1,2024-12-23,Fintech,Series B,Auckland,0.25,4.0,2024-12-23
Rabo Partnerships,117.86,1,2024-12-23,Fintech,Series B,Auckland,0.25,4.0,2024-12-23
Dia Vikas Capital,117.86,1,2024-12-23,Fintech,Series B,Auckland,0.25,4.0,2024-12-23
Capital 2B,117.86,2,2025-06-23,"Healthcare, Deeptech","Series A, Seed",Bangalore,1.0,1.0,2025-06-23
Wipro,116.2,3,2022-03-05,"Other, Healthcare, Manufacturing","Private Equity, Series A, Unknown","Nan, Delhi, Gurgaon",0.83,1.33,2022-03-05
Abb Technology Ventures,116.2,1,2018-05-16,Technology,Private Equity,Bangalore,0.12,8.0,2018-05-16
Tanncam Investment,116.2,1,2017-10-01,Ecommerce,Private Equity,Chennai,0.5,2.0,2017-10-01
Nirvaunknown Digital India Fund,116.2,1,2016-03-10,"Consumer Internet, Ecommerce",Private Equity,Delhi,0.23,4.5,2016-03-10
Venture Highway And Beenext,116.2,1,2018-05-16,Technology,Private Equity,Bangalore,0.12,8.0,2018-05-16
Hara Global Capital,116.2,1,2025-03-04,Food,Series A,Bangalore,0.5,2.0,2025-03-04
Near Foundation,116.2,1,2025-03-25,Fintech,Seed,Nan,1.0,1.0,2025-03-25
Aet Fund,116.2,3,2021-08-05,"Gaming, Edtech, B2B","Seed, Unknown, Series A","Pune, Gurgaon, Indore",0.31,3.75,2021-08-05
Puneet Dalmia,116.2,2,2018-06-11,"Ecommerce, Fintech",Private Equity,Gurgaon,0.67,2.0,2018-06-11
Micelio Mobility,116.2,1,2024-11-20,Electric Aircraft,Series B,Chennai,0.17,6.0,2024-11-20
Blume Founders Fund,116.2,3,2024-12-03,"Quick Commerce, Professional Training & Coaching","Seed, Unspecified Round",Bangalore,0.31,4.0,2024-12-03
Rabo Partnerships B.V.,114.54,1,2024-09-13,Fintech,Other,Nan,0.2,5.0,2024-09-13
Matrix India,113.71,2,2021-07-15,"Logistics, Fintech","Series A, Seed","Bangalore, Mumbai",0.35,3.5,2021-07-15
Riverwalk Holdings,113.23,3,2025-06-28,"Enterprise, Electric Intercity Bus, Spacetech Sar Satellite Imaging","Seed, Series A","Surat, Hyderabad, Kolkata",0.31,3.33,2025-06-28
Walden Interunknowntiounknownl,113.1,2,2025-04-17,"Loan Sourcing, Technology","Unspecified Round, Series A","Chennai, Nan",0.5,2.0,2025-04-17
Indiamart Intermesh And Beenext’S Accelerate Fund,113.0,1,2025-05-08,Saas,Series C,Gurgaon,1.0,1.0,2025-05-08
Play Ventures,112.05,1,2025-04-03,Live Social Entertainment,Series B,Bangalore,1.0,1.0,2025-04-03
Times Of India Group,112.05,1,2016-11-17,Ecommerce,Private Equity,Delhi,0.5,2.0,2016-11-17
Tata Motors / Lightspeed India,112.05,1,2025-10-10,Logistics,Series C,Nan,1.0,1.0,2025-10-10
Axon Partners,112.05,1,2015-07-12,It Infrastructure & Data Center,Private Equity,Bangalore,0.33,3.0,2015-07-12
Sherpa Capital,112.05,1,2016-02-14,Technology,Private Equity,Bangalore,0.5,2.0,2016-02-14
Teamfund,112.05,2,2021-02-16,"Edtech, Healthcare","Debt, Series B",Bangalore,0.35,3.5,2021-02-16
Nyca Partners And Thomvest Ventures,112.05,1,2016-02-14,Technology,Private Equity,Bangalore,0.5,2.0,2016-02-14
Lgt Impact Ventures,112.05,1,2018-02-21,Edtech,Private Equity,Bangalore,0.33,3.0,2018-02-21
Orios,112.05,3,2022-01-12,"Fintech, B2B, Metal Manufacturing","Seed, Pre-Series A, Series A","Kolkata, Mumbai, Noida",0.46,2.25,2022-01-12
Turbostart,111.8,7,2025-10-12,"Healthcare, Ai, Enterprise Applications > Adtech","Seed, Pre-Seed, Unknown","Bangalore, Dubai, Mumbai",0.71,2.0,2025-10-12
Cheetah Mobile,111.22,1,2015-11-09,Fitness Tracking Management,Private Equity,Mumbai,0.5,2.0,2015-11-09
Ribbit Capital And Omidyar Network,111.22,1,2018-08-16,Consumer Internet,Private Equity,Bangalore,0.33,3.0,2018-08-16
Nea,110.39,2,2017-06-17,"Deep Learning Cloud Algorithms, Consumer Internet","Seed, Private Equity","Chennai, Bangalore",0.33,3.0,2017-06-17
Tiger Global Maunknowngement And Google For Startups,110.39,1,2022-05-10,Wholesale,Unknown,Bangalore,1.0,1.0,2022-05-10
Harsh Metha And Sandeep Balaji,110.31,1,2022-09-14,Edtech,Seed,Mumbai,1.0,1.0,2022-09-14
Invascent (India Life Sciences Fund Iv),110.0,1,2025-01-10,Senior Healthcare,Unspecified Round,Chennai,1.0,1.0,2025-01-10
Gauri Khan,110.0,1,2025-01-12,Coworking,Other,Delhi,0.25,4.0,2025-01-12
Rupa Group,110.0,1,2025-01-12,Coworking,Other,Delhi,0.25,4.0,2025-01-12
Domestic Investors,110.0,1,2024-11-27,Corporate,Series A,Bangalore,0.25,4.0,2024-11-27
Jagruti Dalmia,110.0,1,2025-01-12,Coworking,Other,Delhi,0.25,4.0,2025-01-12
Reunknownud Laplanche,109.78,2,2020-05-23,"Rental, Consumer Internet","Unknown, Private Equity",Bangalore,0.35,3.5,2020-05-23
9Unicorns Accelerator Fund,109.56,7,2021-05-06,"Edtech, Saas, Martech","Pre-Series A, Seed, Pre-Seed","Bangalore, Pune, Mumbai",0.5,2.0,2021-05-06
Roots Ventures,109.56,5,2025-01-01,"Nanocarbon Materials, Transportation, Sports Academies","Seed, Pre-Series A","Bangalore, Jaipur, Mumbai",0.5,2.0,2025-01-01
Picus Capital,108.73,3,2025-05-27,"Fintech, Healthcare, Mobilefirst Entertainment","Seed, Unknown, Other","Gurgaon, Mumbai",0.78,1.67,2025-05-27
Inflection Point Ventures And Letsventure,108.73,1,2022-11-11,Oil&Gas,Seed,Coimbatore,1.0,1.0,2022-11-11
Gaurav Munjal,108.73,5,2025-01-11,"Aipowered Customer Os For Ecommerce, Nft, Quick","Pre-Series A, Seed, Series A","Bangalore, Gurgaon, Delhi",0.33,3.8,2025-01-11
Zodius Technology Opportunities Fund,108.73,2,2016-12-25,"Technology, Ecommerce",Private Equity,"Mumbai, Gurgaon",0.38,3.0,2016-12-25
Cornerstone Ventures,108.3,2,2025-04-21,"Virtual Tryon, B2B Commerce","Unspecified Round, Unknown","Bangalore, Gurgaon",0.75,1.5,2025-04-21
Zephyr Peacock,108.18,3,2024-10-22,"Semiconductors, Agritech, Consumer Internet","Seed, Private Equity, Unknown","Bangalore, Chennai, Nan",0.56,2.25,2024-10-22
Colossa Ventures,107.98,4,2025-10-09,"Edtech, Cleantech, Chemicals & Materials > Chemicals","Series A, Pre-Series A, Seed","Nan, Bangalore, Mumbai",0.71,2.2,2025-10-09
Sixth Sense,107.9,1,2017-01-27,Logistics,Private Equity,Mumbai,0.33,3.0,2017-01-27
Tci Ventures,107.9,1,2017-01-27,Logistics,Private Equity,Mumbai,0.33,3.0,2017-01-27
Js Capital,107.9,1,2015-01-09,Other,Private Equity,Nan,0.33,3.0,2015-01-09
Sauce,107.9,1,2025-10-15,Food,Series B,Nan,1.0,1.0,2025-10-15
Better Capital And Sequoia Capital India,107.9,1,2022-04-01,Software,Series A,Santa Clara,1.0,1.0,2022-04-01
Salesforce Ventures And Tably,107.9,1,2022-09-06,Software,Series A,San Francisco,1.0,1.0,2022-09-06
Dharaunknown / Gujarat Venture Fiunknownnce,107.9,1,2025-10-12,Food,Series C,Nan,1.0,1.0,2025-10-12
Manish Choksi,107.9,3,2024-08-05,"Ecofriendly Products, Saas, Food","Other, Unknown, Pre-Series A","Mumbai, Gurgaon",0.57,2.67,2024-08-05
Dr Ashish Gupta,107.9,1,2021-12-05,Edtech,Series B,Gurgaon,0.2,5.0,2021-12-05
Shirish Nadkarni,107.9,1,2021-12-05,Edtech,Series B,Gurgaon,0.2,5.0,2021-12-05
India Nivesh Growth Fund,107.9,1,2017-01-27,Logistics,Private Equity,Mumbai,0.33,3.0,2017-01-27
Dream Capital,107.9,2,2021-09-18,"Sports, Healthcare","Unknown, Series A","Mumbai, Pune",0.5,2.0,2021-09-18
Mercer Investments,107.9,1,2020-10-12,"Home Design, Interior Design","Series D, Debt",Bangalore,0.5,2.0,2020-10-12
Brian Norgard,107.9,1,2021-04-24,Social Media,Unknown,Bangalore,0.5,2.0,2021-04-24
Nordstar,107.9,1,2021-08-22,Food,Unknown,Bangalore,0.33,3.0,2021-08-22
Vy Capital. Matrix Partners India,107.9,1,2020-04-06,Travel & Saas,Series B,Bangalore,0.5,2.0,2020-04-06
Infinity Ventures,107.9,1,2022-03-16,Fintech,Pre-Series A,Bangalore,0.33,3.0,2022-03-16
Point72 Ventures,107.9,1,2022-03-16,Fintech,Pre-Series A,Bangalore,0.33,3.0,2022-03-16
Shailesh Rao,107.9,2,2017-09-23,"Ecommerce, Consumer Internet",Private Equity,"Noida, Bangalore",0.17,6.0,2017-09-23
Carpediem Capital,107.63,4,2017-10-04,"Ecommerce, Food, Consumer Internet",Private Equity,"Delhi, Gurgaon, Mumbai",0.88,1.25,2017-10-04
Hindustan Media Ventures,107.07,2,2021-04-06,"Ecommerce, Proptech",Unknown,"Mumbai, Gurgaon",1.0,1.0,2021-04-06
Indusind Bank,106.74,2,2020-12-21,Agritech,"Series C, Debt",Chennai,0.5,2.0,2020-12-21
Ian Group,106.37,5,2025-07-27,"Healthcare, Telecom Eband, Ai","Seed, Unspecified Round, Pre-Series A","Gurgaon, Bangalore, Kolkata",0.58,2.8,2025-07-27
Ronnie Screwvala,106.24,3,2021-11-15,"Edtech, Ecommerce, Media","Pre-Series A, Private Equity, Seed","Bangalore, Mumbai",0.78,1.67,2021-11-15
Incubate Fund India,105.85,5,2025-06-12,"Edtech, Fintech, Hospital & Health Care","Seed, Pre-Series A","Bangalore, Gurgaon, Pune",0.71,1.83,2025-06-12
Artha Venture Fund,105.66,4,2021-12-11,"Iot, Recruitment, Fintech","Pre-Series A, Seed, Series A","Nan, Gurgaon, Mumbai",0.71,1.75,2021-12-11
Ashvin Chadha,105.41,4,2016-12-26,"Qsr & Online Delivery Portal, Food, Device Repair Svcs","Seed, Private Equity","Delhi, Gurgaon, Ahmedabad",0.3,3.75,2016-12-26
Nordic Microfiunknownnce Initiative,105.41,2,2021-03-07,Fintech,Unknown,"Noida, Mumbai",0.75,1.5,2021-03-07
Reliance Industries Limited (Ril),104.73,1,2020-02-19,Edtech,Unknown,Mumbai,1.0,1.0,2020-02-19
Yournest Angel Fund,104.58,9,2017-09-24,"Consumer Internet, Ecommerce, Ecommece","Private Equity, Seed","Chennai, Mumbai, Delhi",0.7,1.67,2017-09-24
Ev2 Ventures,104.0,2,2025-01-13,"Ev Leasing & Management, Food","Series A, Pre-Series A","Delhi, Noida",0.29,3.5,2025-01-13
Sandeep Nailwal,103.75,2,2022-01-02,"Blockchain, Computer Games","Seed, Series A","Chandigarh, Bangalore",0.5,2.0,2022-01-02
Shastra Vc,103.75,4,2025-09-27,"Enterprise, Technology, Spacetech Sar Satellite Imaging","Seed, Series A, Pre-Seed","Mumbai, Bangalore, Kolkata",0.65,2.25,2025-09-27
Legend Capital,103.75,1,2020-04-01,Edtech,Series C,Bangalore,1.0,1.0,2020-04-01
Jamshed Jeejeebhoy,103.75,1,2020-01-23,Jewellery,Unknown,Bangalore,0.5,2.0,2020-01-23
Symphony Interunknowntiounknownl Holdings,103.75,1,2020-01-23,Jewellery,Unknown,Bangalore,0.5,2.0,2020-01-23
Titan Capital Winners Fund,103.0,2,2025-01-09,"Ecofriendly Products, B2B Tyre","Other, Unspecified Round","Mumbai, Delhi",0.23,4.5,2025-01-09
Jsw Ventures And Stride Ventures,102.92,1,2022-11-20,Automotive,Seed,Gurgaon,1.0,1.0,2022-11-20
Kuunknownl Bahl And India Quotient,102.09,1,2022-09-16,Construction,Series A,Bangalore,1.0,1.0,2022-09-16
Mariwala Family,102.09,1,2016-09-06,Ecommerce,Private Equity,Mumbai,0.5,2.0,2016-09-06
Pi Labs And Upscale,102.09,1,2022-04-08,Commercial Real State,Unknown,London,1.0,1.0,2022-04-08
Galaxy And E,101.26,1,2025-04-20,Digital Assets Infrastructure,Series A,Abu Dhabi,0.5,2.0,2025-04-20
Capital,101.26,1,2025-04-20,Digital Assets Infrastructure,Series A,Abu Dhabi,0.5,2.0,2025-04-20
Chowdry Associates,101.26,1,2020-04-15,Ecommerce,"Series C, Unknown",Bangalore,0.75,1.5,2020-04-15
Accel Partners And G Raghuunknownndan,101.26,1,2018-08-26,Consumer Internet,Private Equity,Bangalore,0.5,2.0,2018-08-26
Agnus Capital,100.43,3,2017-04-21,"Custom Made Furniture Etailer, Material Collection & Recycling, Consumer Internet",Private Equity,"Hyderabad, Vadodara, Mumbai",0.83,1.33,2017-04-21
Elevation Capital And Nitin Gupta,100.43,1,2022-09-17,Fintech,Series B,Mumbai,1.0,1.0,2022-09-17
Utec,100.0,1,2025-04-24,Solartech,Unspecified Round,Mumbai,1.0,1.0,2025-04-24
Ak Capital Fiunknownnce,100.0,1,2025-02-03,Fintech,Debt,Gurgaon,1.0,1.0,2025-02-03
Hindon Mercantil And Mufin Green Fiunknownnce,100.0,1,2024-10-05,Ev Battery Leasing,Pre-Series A,Delhi,1.0,1.0,2024-10-05
Stakeboat Capital Fund Ii,100.0,1,2024-10-01,Vacuum Systems And Process Equipment,Series A,Mumbai,1.0,1.0,2024-10-01
Susquehanunknown Asia,100.0,1,2025-05-05,Gut Healthfocused,Series B,Mumbai,1.0,1.0,2025-05-05
Motilal Oswal Wealth Limited,100.0,1,2024-12-13,Seafood B2B,Unspecified Round,Bangalore,1.0,1.0,2024-12-13
C31 Ventures,99.6,2,2017-08-13,Technology,Private Equity,"Bangalore, Pune",0.42,2.5,2017-08-13
Nr Narayaunknown Murthy.,99.6,1,2018-05-19,Consumer Internet,Other,Mumbai,0.25,4.0,2018-05-19
Dg Incubation,99.6,1,2019-11-22,Healthcare,Series B,Gurgaon,0.5,2.0,2019-11-22
Palm Drive Capital,99.6,1,2020-01-21,Food,Series B,Tangerang,0.5,2.0,2020-01-21
Nptk,99.6,1,2019-12-21,B2Bfocused Foodtech,Series C,Bangalore,0.33,3.0,2019-12-21
Redpoint,99.6,1,2020-01-26,Technology,Series A,Bangalore,0.5,2.0,2020-01-26
Sabre Partners And Neoplux,99.6,1,2019-12-21,B2Bfocused Foodtech,Series C,Bangalore,0.33,3.0,2019-12-21
Ik Capital And Venture Catalysts,99.6,1,2022-05-20,Food,Seed,Gurgaon,1.0,1.0,2022-05-20
Amatil X Ventures,99.6,1,2020-01-21,Food,Series B,Tangerang,0.5,2.0,2020-01-21
Dg Daiwa Ventures,99.6,1,2019-11-22,Healthcare,Series B,Gurgaon,0.5,2.0,2019-11-22
Ruizheng Investment,99.6,2,2021-01-27,"Fintech, Video, Social Media","Seed, Pre-Series A","Bangalore, Gurgaon",0.58,2.33,2021-01-27
And Family Offices,99.6,1,2024-12-23,Retail Intelligence,Series B,Bangalore,0.33,3.0,2024-12-23
Das Capital,99.6,2,2017-10-17,Consumer Internet,Private Equity,Bangalore,0.42,2.5,2017-10-17
Accel Us,99.6,1,2015-04-02,Online Insurance Aggregator,Private Equity,Mumbai,0.33,3.0,2015-04-02
Adag Reliance Private Equity,99.6,1,2016-11-19,Consumer Internet,Private Equity,Gurgaon,1.0,1.0,2016-11-19
Ravi Adusumalli,99.6,1,2016-06-21,Consumer Internet,Private Equity,Delhi,0.5,2.0,2016-06-21
Angellist.,99.6,1,2020-01-16,Healthcare,Series B,Nan,0.25,4.0,2020-01-16
Ramp,99.6,1,2021-09-12,Fintech,Pre-Series A,Bangalore,0.25,4.0,2021-09-12
Roka Works,99.6,1,2021-09-12,Fintech,Pre-Series A,Bangalore,0.25,4.0,2021-09-12
Neoplux.,99.6,1,2020-01-09,Food,Series C,Bangalore,0.25,4.0,2020-01-09
Asian Vc Fund Nptk,99.6,1,2020-01-09,Food,Series C,Bangalore,0.25,4.0,2020-01-09
Lowercarbon Capital And Vidit Aatrey,99.6,1,2022-11-12,Renewable Energy,Series A,Mumbai,1.0,1.0,2022-11-12
India Alterunknowntives,99.6,1,2016-05-14,Technology,Private Equity,Mumbai,0.25,4.0,2016-05-14
Pavestone ($7.5M),99.6,1,2024-12-23,Retail Intelligence,Series B,Bangalore,0.33,3.0,2024-12-23
Saif Partners And Kalaari Capital,99.6,1,2018-03-05,Ecommerce,Private Equity,Bangalore,0.5,2.0,2018-03-05
Social Starts,99.6,1,2021-02-14,Healthcare,Series A,Bangalore,0.5,2.0,2021-02-14
Fresco Capital,99.6,1,2021-02-14,Healthcare,Series A,Bangalore,0.5,2.0,2021-02-14
Helion Venture,99.6,1,2016-05-14,Technology,Private Equity,Mumbai,0.25,4.0,2016-05-14
Orios Venture Partners And 3One4 Capital,99.6,1,2025-04-27,Healthcare,Series A,Gurgaon,1.0,1.0,2025-04-27
Sojitz Corporation,99.6,1,2021-12-04,Logistics,Other,Bangalore,0.5,2.0,2021-12-04
Sierra Ventures,99.18,3,2021-08-21,"Real Estate Mobile Crm, Computer Software, Healthcare","Seed, Series A","New York, Bangalore, Pune",0.39,2.67,2021-08-21
The Chenunknowni Angels,98.83,14,2024-11-22,"Technology, Ecommerce, Mobility","Seed, Unknown, Private Equity","Chennai, Delhi, Mumbai",0.6,2.33,2024-11-22
Rpsg Ventures,98.77,2,2020-10-19,"Ecommerce, Personal Care, Cosmetics","Series B, Series A","Mumbai, Hyderabad",0.67,1.67,2020-10-19
Audacity Venture Capital And Mistry Ventures,98.77,1,2022-08-12,Digital Media,Series A,Delhi,1.0,1.0,2022-08-12
Gree Ventures,98.77,3,2018-12-22,"Saas, Ecommerce, Consumer Internet","Private Equity, Series A","Gurgaon, Mumbai, Delhi",0.26,4.0,2018-12-22
Accel And Tiger Global Maunknowngement,97.11,1,2022-04-19,Ai,Series A,Nan,1.0,1.0,2022-04-19
Inflection Point Ventures And Entrepreneur First,96.69,1,2022-12-07,Ai,Seed,Bangalore,1.0,1.0,2022-12-07
Ifmr Capital,96.44,4,2018-01-14,"Consumer Internet, Fintech, Technology","Debt, Other","Gurgaon, Mumbai, Pune",1.0,1.0,2018-01-14
Abhishek Goyal And Goodwater Capital,96.28,1,2022-09-19,Fintech,Series A,Gurgaon,1.0,1.0,2022-09-19
Northern Arc And Mark Joseph,96.28,1,2022-09-07,Electrical Vehicle,Unknown,Gurgaon,1.0,1.0,2022-09-07
9 Unicorns,96.28,2,2024-10-24,"Mortgage Distribution, Healtcare","Series B, Unknown","Gurgaon, Delhi",0.35,3.5,2024-10-24
Nexus Venture Partners And Blume Ventures,95.45,1,2017-09-17,Consumer Internet,Private Equity,Mumbai,0.33,3.0,2017-09-17
Sharda Family Office,95.45,1,2025-06-10,Cleantech,Series A,Bangalore,0.33,3.0,2025-06-10
Kay Family,95.45,1,2025-06-10,Cleantech,Series A,Bangalore,0.33,3.0,2025-06-10
Y Combiunknowntor And Venture Highway,95.45,1,2018-06-04,Consumer Internet,Private Equity,Bangalore,0.33,3.0,2018-06-04
Ajay Arora And Yamini Bhat,95.45,1,2022-09-28,Ai,Series A,Nan,1.0,1.0,2022-09-28
Iifl Seed Ventures Fund,95.45,1,2020-04-06,"Consumer Internet, Food","Private Equity, Unknown",Mumbai,0.5,2.0,2020-04-06
Helios Holdings,95.45,1,2025-06-10,Cleantech,Series A,Bangalore,0.33,3.0,2025-06-10
L\\Xe2\\X80\\X99Occitane,93.79,1,2017-03-03,Consumer Internet,Private Equity,Mumbai,1.0,1.0,2017-03-03
Ah! Ventures,93.25,20,2022-03-23,"Consumer Internet, Edtech, Interactive Educational Games","Seed, Unknown, Private Equity","Mumbai, Gurgaon, Bangalore",0.66,2.25,2022-03-23
Ankur Nagpal,91.3,1,2020-08-24,Social Ecommerce,Series A,Bangalore,0.2,5.0,2020-08-24
Vineet Buch,91.3,1,2020-08-24,Social Ecommerce,Series A,Bangalore,0.2,5.0,2020-08-24
Foundation Capital,91.3,1,2015-06-16,Fintech,Private Equity,Chennai,0.33,3.0,2015-06-16
Elysian Park Ventures,91.3,1,2021-09-18,Healthcare,Series A,Pune,0.5,2.0,2021-09-18
Gift City Structure,91.3,1,2024-10-05,Alternative Asset Management,Other,Chennai,1.0,1.0,2024-10-05
Old Well Ventures,91.3,1,2021-09-25,Retail,Series A,Bangalore,0.25,4.0,2021-09-25
Holtzbrink Ventures,91.3,1,2016-02-10,Consumer Internet,Private Equity,Gurgaon,0.14,7.0,2016-02-10
Ms Dhoni,91.3,1,2019-08-21,Ecommerce,Series D,Gurgaon,1.0,1.0,2019-08-21
Deutsche Telekom Strategic Investments (Dtsi),91.3,1,2016-02-10,Consumer Internet,Private Equity,Gurgaon,0.14,7.0,2016-02-10
Empire Angels,91.3,1,2015-07-06,Selfdriven Vehicle Rental,Private Equity,Bangalore,0.33,3.0,2015-07-06
Ngp,91.3,1,2015-07-06,Selfdriven Vehicle Rental,Private Equity,Bangalore,0.33,3.0,2015-07-06
1Up Ventures,91.3,1,2021-08-05,Gaming,"Unknown, Series A",Pune,0.2,5.0,2021-08-05
Cooperative Oikocredit,91.3,1,2018-10-06,Logistics,Other,Hyderabad,0.5,2.0,2018-10-06
Dentsu Ventures,91.3,1,2018-07-17,Consumer Internet,Private Equity,Gurgaon,0.5,2.0,2018-07-17
Amazon Alexa Fund,91.3,1,2018-07-17,Consumer Internet,Private Equity,Gurgaon,0.5,2.0,2018-07-17
Big Data Investments B.V,91.3,1,2015-07-18,Big Data & Analytics,Private Equity,Mumbai,0.5,2.0,2015-07-18
Sunrise Capital Gmbh,91.3,1,2015-07-18,Big Data & Analytics,Private Equity,Mumbai,0.5,2.0,2015-07-18
Dah Beteiligungs Gmbh,91.3,1,2017-04-10,Technology,Private Equity,Mumbai,1.0,1.0,2017-04-10
Ecom Express,91.3,1,2021-01-19,Ecommerce,Unknown,Bangalore,1.0,1.0,2021-01-19
Nexus Venture Partners And 23 High Networth Individuals (Hnis),91.3,1,2020-10-03,Ecommerce,Series B,Bangalore,1.0,1.0,2020-10-03
3Lines Venture Capital,91.3,2,2022-01-21,"Edtech, Food","Pre-Seed, Unknown","Noida, Hyderabad",0.42,2.5,2022-01-21
Hof Capital,91.3,1,2021-09-25,Retail,Series A,Bangalore,0.25,4.0,2021-09-25
Sriram Krishunknownn,91.3,1,2021-05-28,Spacetech,Series A,Chennai,0.5,2.0,2021-05-28
Caspian And Hivosunknowntriodos Fund,91.3,1,2018-10-06,Logistics,Other,Hyderabad,0.5,2.0,2018-10-06
Accion Venture Lab,91.3,5,2024-08-02,"Fintech, Credit Management, Consumer Internet","Other, Private Equity, Seed","Chennai, Hyderabad, Bangalore",0.5,3.0,2024-08-02
Velos Capital,91.3,1,2015-01-05,Other,Private Equity,Nan,0.5,2.0,2015-01-05
Jetty Ventures,90.47,3,2021-11-13,"Automotive, Hr, Cloud Kitchen","Pre-Series A, Series A","Delhi, Gurgaon, Mumbai",0.55,2.5,2021-11-13
Spiral Ventures,90.06,3,2020-01-21,"Edtech, Healthcare, Consumer Internet","Unknown, Other, Seed","Gurgaon, Noida",0.4,3.0,2020-01-21
Jm Fiunknownncial Private Equity,90.0,2,2025-04-07,"D2C Menswear, Spices","Series A, Unspecified Round","Bangalore, Raipur",1.0,1.0,2025-04-07
Prominent Hnis,90.0,1,2025-01-20,Proptech,Unspecified Round,Indore,0.33,3.0,2025-01-20
And Business Leaders,90.0,1,2025-01-20,Proptech,Unspecified Round,Indore,0.33,3.0,2025-01-20
Kilde And Earlsfield Capital,89.64,1,2022-10-19,Homedecor,Unknown,Nan,1.0,1.0,2022-10-19
Girish Mathrubootham,89.28,10,2024-09-18,"Consumer Internet, Ecommerce, Online Printing","Seed, Private Equity","Chennai, Bangalore, Noida",0.35,4.1,2024-09-18
Darrin Capital,89.22,1,2017-09-25,Consumer Internet,Private Equity,Ahmedabad,0.25,4.0,2017-09-25
Mayfield Capital,89.22,1,2017-09-25,Consumer Internet,Private Equity,Ahmedabad,0.25,4.0,2017-09-25
Atul Nishar,88.81,2,2017-03-04,"Consumer Internet, Beauty & Wellness Products Etailer","Seed, Private Equity",Mumbai,0.62,2.5,2017-03-04
Seed,88.3,2,2022-04-25,"Harsh Rajat Richa Joshi, Arjun Zacharia",Unknown,Nan,1.0,1.0,2022-04-25
Techstars,88.07,6,2021-03-26,"Ai, Other, Edtech","Seed, Unknown, Other","Bangalore, Nan, Mumbai",0.43,2.5,2021-03-26
Wurk,87.98,2,2021-02-19,"Hospitality, Fintech","Pre-Series A, Unknown",Delhi,1.0,1.0,2021-02-19
Rnt Capital,87.98,2,2018-01-05,"Healthcare, Technology",Private Equity,Bangalore,0.57,4.0,2018-01-05
Genesia Ventures,87.6,3,2025-06-25,"Healthcare, Online Grocery, Digital For Banking Sector",Seed,"Delhi, Nan",0.42,2.67,2025-06-25
Maniv,87.5,1,2024-08-09,Electric Intercity Bus,Series A,Hyderabad,0.25,4.0,2024-08-09
Sequoia Surge,87.17,4,2021-07-27,"Appliance, Fintech, Agritech","Unknown, Pre-Series A, Pre-Seed","Bangalore, Nan, Delhi",1.0,1.0,2021-07-27
Ashok Goel,87.15,1,2025-07-13,Enterprise,Series B,Bangalore,0.5,2.0,2025-07-13
Utecunknownthe University Of Tokyo Edge Capital,87.15,1,2020-03-06,Healthcare,Series B,Bangalore,0.2,5.0,2020-03-06
Madhur Deora,87.15,1,2020-03-02,Edtech,"Series B, Unknown",Mumbai,0.5,2.0,2020-03-02
Aflac Ventures,87.15,1,2020-03-06,Healthcare,Series B,Bangalore,0.2,5.0,2020-03-06
360 One Ventures,86.0,1,2024-09-04,D2C Accessories,Unspecified Round,Nan,1.0,1.0,2024-09-04
2Am Vc,85.66,4,2025-01-22,"Saas, Quick Commerce, B2B Raw Materials","Seed, Unspecified Round, Unknown","Chennai, Bangalore, Nan",0.27,4.0,2025-01-22
Global Founders Capital And Flipkart,85.49,1,2022-07-13,Fintech,Seed,Bangalore,1.0,1.0,2022-07-13
Whiteoak,85.0,1,2024-12-20,Dental Supplies,Unknown,Delhi,0.5,2.0,2024-12-20
Anicut Growth Fund,85.0,2,2025-02-20,"B2B Manufacturing Supply Saas, D2C Hair Extensions & Wigs","Unspecified Round, Series A",Gurgaon,0.33,3.0,2025-02-20
Hyderabad Angels,84.94,10,2024-11-22,"Technology, Ecommerce, International Trade & Development","Seed, Private Equity, Unknown","Noida, Delhi, Pune",0.45,3.0,2024-11-22
Silver Lake Partners,84.83,1,2020-01-10,Ecommerce,Unknown,Mumbai,1.0,1.0,2020-01-10
Tiger Global Maunknowngement And Creation Investments Capital Maunknowngement,84.66,1,2022-06-16,Fintech,Series C,Delhi,0.5,2.0,2022-06-16
Tiw Private Equity,84.4,2,2025-02-11,"Advertising Marketing, D2C Wellness","Private Equity, Other",Mumbai,0.75,1.5,2025-02-11
Jungle Ventures And Peugeot Sa,84.2,1,2022-04-18,Ecommerce,Series F,Bangalore,1.0,1.0,2022-04-18
Bajaj Holdings,84.0,1,2024-08-26,Postsales,Series D,Mumbai,0.33,3.0,2024-08-26
Adventz Fiunknownnce,83.0,1,2022-02-03,Microblogging,Unknown,Bangalore,0.2,5.0,2022-02-03
Bertelsmann India Investments (Bii),83.0,1,2024-12-15,Retail Advisory,Series A,Gurgaon,1.0,1.0,2024-12-15
The Good Glamm Group,83.0,1,2021-12-19,Healthcare,Unknown,Delhi,1.0,1.0,2021-12-19
Silicon Valley Ventures,83.0,1,2015-04-16,Ecommerce,Private Equity,Pune,0.17,6.0,2015-04-16
Tano Capital,83.0,1,2015-03-20,Other,Private Equity,Nan,1.0,1.0,2015-03-20
Polychain,83.0,1,2020-12-26,Fintech,Series B,Mumbai,0.5,2.0,2020-12-26
Uniliver Ventures,83.0,1,2017-11-10,Fintech,Private Equity,Bangalore,1.0,1.0,2017-11-10
Shantanu Rastogi,83.0,1,2022-01-01,Hospitality,Series A,Delhi,0.33,3.0,2022-01-01
Wrv Capital And Indusage Partners,83.0,1,2016-12-01,Technology,Private Equity,Mumbai,0.5,2.0,2016-12-01
And Other Investors,83.0,1,2024-11-14,Deeptech Robotics,Series A,Bangalore,0.2,5.0,2024-11-14
Lightspeed Venture Partners India,83.0,1,2016-11-02,Ecommerce,Private Equity,Bangalore,0.5,2.0,2016-11-02
Transunion,83.0,1,2021-10-25,Information Technology &,Series D,Mumbai,0.5,2.0,2021-10-25
Pavestone,83.0,1,2024-11-14,Deeptech Robotics,Series A,Bangalore,0.2,5.0,2024-11-14
Apollo Fund,83.0,1,2025-01-20,Telecom Eband,Unspecified Round,Bangalore,0.5,2.0,2025-01-20
Gaja Capital Private Equity Fund,83.0,1,2015-10-06,Sports Management & Physical Education Business,Private Equity,Bangalore,1.0,1.0,2015-10-06
Tcn Interunknowntiounknownl Commerce,83.0,1,2021-03-23,Biotechnology,Unknown,Kottayam,1.0,1.0,2021-03-23
Infoedge (Redstart),83.0,1,2024-11-14,Deeptech Robotics,Series A,Bangalore,0.2,5.0,2024-11-14
\\Xc2\\Xa0 Saif Partners,83.0,1,2015-04-16,Ecommerce,Private Equity,Pune,0.17,6.0,2015-04-16
Sigunknownl Peak Ventures,83.0,1,2021-12-07,Computer Software,Series A,Mumbai,1.0,1.0,2021-12-07
Mas Fiunknownncial Services,83.0,1,2021-10-14,Fintech,Unknown,Delhi,1.0,1.0,2021-10-14
Amitabh Singhal,83.0,1,2022-01-02,Computer Games,Series A,Bangalore,0.5,2.0,2022-01-02
Nea Ventures,83.0,1,2015-04-16,Ecommerce,Private Equity,Pune,0.17,6.0,2015-04-16
Turtle Entertainment,83.0,1,2021-02-06,Gaming,Unknown,Mumbai,0.5,2.0,2021-02-06
Kalpavriksh,83.0,2,2020-01-13,"Electricity, Edtech","Pre-Series A, Private Equity","Gurgaon, Chennai",0.75,1.5,2020-01-13
Mounttech Growth Fund,83.0,1,2024-11-18,Spacetech,Other,Bangalore,1.0,1.0,2024-11-18
Sequoia And Kalaari Capital.,83.0,1,2015-10-20,Rental Accommodation Search,Private Equity,Bangalore,1.0,1.0,2015-10-20
\\Xc2\\Xa0 Accel Partners,83.0,1,2015-06-08,Hyperlocal,Private Equity,Delhi,0.5,2.0,2015-06-08
Ohm Stock Brokers,83.0,1,2021-12-11,Fintech,Series A,Mumbai,0.33,3.0,2021-12-11
Cure.Fit,83.0,1,2021-09-10,Healthcare,Unknown,Bangalore,0.33,3.0,2021-09-10
Infosys Innovation Fund,83.0,1,2016-12-01,Technology,Private Equity,Mumbai,0.5,2.0,2016-12-01
Hdfc Life,83.0,1,2018-03-21,Healthcare,Private Equity,Bangalore,0.5,2.0,2018-03-21
Gaingels,83.0,1,2024-09-05,Blue Collar Recruitment,Series B,Nan,0.25,4.0,2024-09-05
Tanglin Venture,83.0,1,2021-09-10,Healthcare,Unknown,Bangalore,0.33,3.0,2021-09-10
Hdfc Bank,83.0,1,2018-01-06,Healthcare,Debt,Bangalore,0.5,2.0,2018-01-06
Ravi Modi Family Trust,83.0,1,2022-02-03,Microblogging,Unknown,Bangalore,0.2,5.0,2022-02-03
Incorp India,83.0,1,2021-10-23,Legal,Unknown,Chennai,1.0,1.0,2021-10-23
Credit Saison India,83.0,1,2021-07-22,Fintech,Unknown,Bangalore,0.25,4.0,2021-07-22
Trading Company,83.0,1,2021-08-18,Logistics,Seed,Mumbai,0.33,3.0,2021-08-18
Smiti Holding,83.0,1,2021-08-18,Logistics,Seed,Mumbai,0.33,3.0,2021-08-18
Iifl India Private Equity Fund,83.0,1,2021-08-18,Logistics,Seed,Mumbai,0.33,3.0,2021-08-18
Fbc Venture Partners,83.0,1,2022-02-03,Microblogging,Unknown,Bangalore,0.2,5.0,2022-02-03
Singaporeunknownbased Gec3,83.0,1,2020-01-22,Agritech,Series C,Bangalore,0.5,2.0,2020-01-22
To The New Ventures,83.0,1,2015-01-10,Other,Private Equity,Nan,1.0,1.0,2015-01-10
Westbridge Capital And Gsv Ventures,83.0,1,2022-06-11,Edtech,Series A,Noida,1.0,1.0,2022-06-11
Star India Pvt Ltd,83.0,1,2017-03-22,Technology,Private Equity,Bangalore,1.0,1.0,2017-03-22
Capsier Venture Partner,83.0,1,2022-02-03,Microblogging,Unknown,Bangalore,0.2,5.0,2022-02-03
Flipkart India,83.0,1,2020-01-22,Agritech,Series C,Bangalore,0.5,2.0,2020-01-22
Hdfc Asset Maunknowngement,83.0,1,2018-03-21,Healthcare,Private Equity,Bangalore,0.5,2.0,2018-03-21
Niyogin Fintech Limited,83.0,1,2021-07-22,Fintech,Unknown,Bangalore,0.25,4.0,2021-07-22
Kohlberg Kravis Roberts Japan And Alpha Wave Global,83.0,1,2022-05-23,Eyewear,Unknown,Nan,1.0,1.0,2022-05-23
Bon Angels Venture Partners,83.0,1,2021-03-21,Fintech,Debt,Gurgaon,0.5,2.0,2021-03-21
Thyrocare),83.0,1,2025-09-24,Clean,Unknown,Bangalore,0.5,2.0,2025-09-24
Aavishkaar Group,83.0,1,2024-10-11,D2C Bags & Luggage,Series B,Mumbai,0.2,5.0,2024-10-11
Das Capital And It Farm,83.0,1,2017-10-17,Consumer Internet,Private Equity,Bangalore,0.33,3.0,2017-10-17
Dr Arokiaswamy Velumani (Founder,83.0,1,2025-09-24,Clean,Unknown,Bangalore,0.5,2.0,2025-09-24
Neoplux Technology Fund,83.0,1,2017-03-25,Ecommerce,Private Equity,Bangalore,0.25,4.0,2017-03-25
Patni Advisors,83.0,1,2022-01-23,Fintech,Unknown,Bangalore,0.33,3.0,2022-01-23
Ain Capital Ventures,83.0,1,2017-07-22,Consumer Internet,Private Equity,Bangalore,0.5,2.0,2017-07-22
Responsibility,83.0,1,2021-09-17,Fintech,Series B,Mumbai,0.33,3.0,2021-09-17
Verlinvest Sa,83.0,1,2016-12-11,Technology,Private Equity,Bangalore,1.0,1.0,2016-12-11
Fidelity Biosciences,83.0,1,2015-06-16,Healthcarenservice,Private Equity,Bangalore,0.5,2.0,2015-06-16
Responsability Investments,83.0,1,2021-08-03,Banking,Unknown,Delhi,0.5,2.0,2021-08-03
Lohia Group,83.0,1,2017-01-04,Consumer Internet,Private Equity,Gurgaon,0.5,2.0,2017-01-04
The Xander Group,83.0,1,2021-09-17,Investment Management,Unknown,Mumbai,1.0,1.0,2021-09-17
\\Xc2\\Xa0 Helion Ventures,83.0,1,2015-05-15,Edtech,Private Equity,Mumbai,0.33,3.0,2015-05-15
3One4 Capital And Orios Venture Partners,83.0,1,2025-04-22,Crossborder Logistics,Pre-Series A,Gurgaon,1.0,1.0,2025-04-22
Shailesh Mehta,83.0,1,2015-07-24,Online Finance Lending,Private Equity,Ahmedabad,0.25,4.0,2015-07-24
Jj Family,83.0,1,2024-10-11,D2C Bags & Luggage,Series B,Mumbai,0.2,5.0,2024-10-11
Trifecta Debt Fund,83.0,1,2022-01-23,Fintech,Unknown,Bangalore,0.33,3.0,2022-01-23
Mamoru Taniya,83.0,1,2016-02-25,Consumer Internet,Private Equity,Bangalore,0.17,6.0,2016-02-25
Seek Ltd,83.0,1,2015-04-06,Grey Collar Job Board,Private Equity,Bangalore,0.5,2.0,2015-04-06
Affiliates,83.0,1,2015-04-06,Grey Collar Job Board,Private Equity,Bangalore,0.5,2.0,2015-04-06
Makemytrip Limited,83.0,1,2018-08-24,Consumer Internet,Private Equity,Gurgaon,1.0,1.0,2018-08-24
Maverick Capital Ltd And Hbm Healthcare Investments Ltd,83.0,1,2018-04-23,Consumer Internet,Private Equity,Gurgaon,0.5,2.0,2018-04-23
Bunny Bansal,83.0,1,2015-06-03,Funding,Private Equity,Bangalore,0.33,3.0,2015-06-03
Star India Pvt. Ltd,83.0,1,2016-07-25,Technology,Private Equity,Delhi,1.0,1.0,2016-07-25
Chiunknown Lodging Group,83.0,1,2017-09-20,Consumer Internet,Private Equity,Gurgaon,1.0,1.0,2017-09-20
Iron Pillar And Iifl,83.0,1,2017-01-03,Consumer Internet,Private Equity,Hyderabad,0.33,3.0,2017-01-03
Devry Inc,83.0,1,2016-05-05,Edtech,Private Equity,Mumbai,0.5,2.0,2016-05-05
Kaizen Maunknowngement Advisors,83.0,1,2016-05-05,Edtech,Private Equity,Mumbai,0.5,2.0,2016-05-05
Lightspeed Us,83.0,1,2016-11-02,Ecommerce,Private Equity,Bangalore,0.5,2.0,2016-11-02
Incred Fiunknownncial Services,83.0,1,2021-02-23,Fintech,Debt,Mumbai,0.33,3.0,2021-02-23
His Co. Ltd,83.0,1,2017-09-07,Consumer Internet,Private Equity,Delhi,0.5,2.0,2017-09-07
Axan Partners,83.0,1,2017-10-17,Consumer Internet,Private Equity,Bangalore,0.33,3.0,2017-10-17
Keshav Reddy,83.0,1,2024-11-16,Datasharing & Identity Verification,Series A,Hyderabad,0.33,3.0,2024-11-16
Tslc,83.0,1,2022-01-21,Fintech,Unknown,Mumbai,1.0,1.0,2022-01-21
Iifl﻿,83.0,1,2021-09-25,Wine & Spirits,Unknown,Delhi,0.25,4.0,2021-09-25
Clsa Capital Partners Aria Iv Funds,83.0,1,2015-12-18,Supply & Logistics,Private Equity,Delhi,1.0,1.0,2015-12-18
Susquehanunknown Interunknowntiounknownl Group,83.0,1,2021-09-05,Healthcare,Series A,Bangalore,0.5,2.0,2021-09-05
Ecosystem Integrity Fund (Eif),83.0,1,2024-11-23,Ev Components,Unspecified Round,Delhi,0.33,3.0,2024-11-23
Tiger Global And Others,83.0,1,2018-04-03,Edtech,Private Equity,Bangalore,0.5,2.0,2018-04-03
Andre Hoffman,83.0,1,2017-01-04,Consumer Internet,Private Equity,Gurgaon,0.5,2.0,2017-01-04
Aavishkaar,83.0,2,2016-02-14,Ecommerce,Private Equity,Delhi,1.0,1.0,2016-02-14
Chounknown Family Office And Sauce.Vc,83.0,1,2025-05-10,Ice Cream,Series B,Ahmedabad,1.0,1.0,2025-05-10
Daesung Private Equity,83.0,1,2021-03-21,Fintech,Debt,Gurgaon,0.5,2.0,2021-03-21
Aptos Labs,83.0,1,2024-11-15,Web3 Gaming,Unspecified Round,Nan,0.33,3.0,2024-11-15
Tuscan Ventures,83.0,1,2021-12-11,Fintech,Series A,Mumbai,0.33,3.0,2021-12-11
Game7,83.0,1,2024-11-15,Web3 Gaming,Unspecified Round,Nan,0.33,3.0,2024-11-15
Synergy Capital,83.0,1,2024-08-05,Ecofriendly Products,Other,Mumbai,0.2,5.0,2024-08-05
Orbimed Asia,83.0,1,2024-09-21,Ayurvedic,Series C,Nan,1.0,1.0,2024-09-21
Holy Basil Consultancy Private Ltd,83.0,1,2022-01-01,Hospitality,Series A,Delhi,0.33,3.0,2022-01-01
Fmc,83.0,1,2021-08-22,Information Technology,"Unknown, Series A",Bangalore,0.33,3.0,2021-08-22
Next Capital,83.0,1,2020-05-11,Spacetech,Unknown,Pune,1.0,1.0,2020-05-11
Sosv,83.0,6,2025-02-20,"Ai, Workplace Saas Ai, Video Communication","Seed, Pre-Series A","Bangalore, Noida, Indore",0.44,2.67,2025-02-20
Evolvence Capital,83.0,1,2021-08-28,Fintech,Series C,Gurgaon,1.0,1.0,2021-08-28
﻿Kae Capital﻿,83.0,1,2021-09-25,Wine & Spirits,Unknown,Delhi,0.25,4.0,2021-09-25
﻿Anicut Angel Fund﻿,83.0,1,2021-09-25,Wine & Spirits,Unknown,Delhi,0.25,4.0,2021-09-25
Twyunknownm Earth Fund,83.0,1,2024-11-10,Ev Leasing & Management,Series A,Delhi,0.25,4.0,2024-11-10
Ajax Capital,83.0,1,2022-01-01,Hospitality,Series A,Delhi,0.33,3.0,2022-01-01
Aarin Capital,82.75,5,2021-09-01,"Technology, Edtech, Consumer Internet","Private Equity, Pre-Series A, Seed","Bangalore, Delhi, Mumbai",0.6,2.8,2021-09-01
Emergent Ventures,82.17,5,2025-02-22,"Technology, Cybersecurity, Automotive","Unknown, Unspecified Round, Seed","Delhi, Bangalore, Chennai",0.32,4.0,2025-02-22
Liquid 2 Ventures,82.17,2,2024-12-14,"Business Banking, Technology","Equity, Private Equity",Bangalore,0.23,4.5,2024-12-14
Sol Global Investments And Jw Asset Maunknowngement,81.34,1,2022-05-15,Enterprise Software,Series C,Chicago,1.0,1.0,2022-05-15
Thai Wah Ventures,81.34,1,2024-08-13,Agritech,Series A,Bangalore,0.2,5.0,2024-08-13
8I Ventures,80.63,3,2025-06-23,"Qsr Bubble Tea, Food, Fintech","Unspecified Round, Seed, Series A","Bangalore, Nan, Delhi",0.71,3.0,2025-06-23
Avendus Fiunknownnce Pvt. Ltd,80.51,1,2018-03-22,Technology,Debt,Chennai,1.0,1.0,2018-03-22
Ac Ventures,80.51,3,2025-06-05,"Advanced Hardware & Technology, Other, Ai","Unknown, Series A, Seed","Gurgaon, Mumbai",0.34,3.33,2025-06-05
Mukul Agrawal (Param Capital),80.0,1,2025-01-04,Techenabled Procurement,Other,Mumbai,1.0,1.0,2025-01-04
Claypond Capital (Ranjan Pai Family Office),80.0,1,2025-01-14,Fintech,Other,Mumbai,0.33,3.0,2025-01-14
Earlsfield Capital,79.8,4,2021-12-19,"Hr, Edtech, Ecommerce","Seed, Pre-Series A, Unknown","Gurgaon, Hyderabad, Bangalore",0.51,2.75,2021-12-19
Pankaj Gupta,79.68,3,2022-01-15,"Ecommerce, Import & Export, Digital Healthcare","Seed, Series A","Delhi, Gurgaon",0.47,3.67,2022-01-15
Jyoti Bansal,79.68,2,2021-06-09,"It, Technology","Unknown, Private Equity",Bangalore,0.67,2.0,2021-06-09
Z5 Capital,79.68,1,2025-02-07,Saas,Unspecified Round,Bangalore,0.2,5.0,2025-02-07
Uncorrelated Ventures,79.68,1,2025-02-07,Saas,Unspecified Round,Bangalore,0.2,5.0,2025-02-07
Snow Leopard Ventures,79.68,3,2025-02-27,"Ai Infrastructure, Quick Commerce, Consumer Internet","Pre-Seed, Seed, Private Equity","Bangalore, Delhi",0.31,4.0,2025-02-27
Dreamit,79.68,1,2025-02-07,Saas,Unspecified Round,Bangalore,0.2,5.0,2025-02-07
Binny And Jitender Kumar Bansal,79.68,1,2024-09-17,Cloud Kitchen,Unknown,Bangalore,1.0,1.0,2024-09-17
The House Fund And Gsv Ventures,78.85,1,2025-04-19,Edtech,Seed,Nan,1.0,1.0,2025-04-19
Costanoa,78.85,1,2017-12-05,Technology,Private Equity,Bangalore,0.33,3.0,2017-12-05
Ankit Nagori And Kuunknownl Shah,78.85,1,2022-07-12,Food,Seed,Bangalore,1.0,1.0,2022-07-12
Omnivore And Bertelsmann,78.85,1,2024-08-03,Speciality Chemicals,Series A,Bangalore,1.0,1.0,2024-08-03
Michael Carlos,78.85,1,2015-10-06,Beauty & Wellness Products Etailer,Private Equity,Mumbai,0.25,4.0,2015-10-06
Dalip Pathak,78.85,1,2015-10-06,Beauty & Wellness Products Etailer,Private Equity,Mumbai,0.25,4.0,2015-10-06
Nishant Sinha,78.85,1,2021-12-05,Edtech,Seed,Noida,0.5,2.0,2021-12-05
Aditya Singhal,78.85,1,2021-12-05,Edtech,Seed,Noida,0.5,2.0,2021-12-05
Goodwater Capital And Hem Angels,78.85,1,2022-07-01,Travel,Seed,Gurgaon,1.0,1.0,2022-07-01
India Accelerator,78.77,8,2025-09-15,"Advanced Hardware & Technology, Media, Video Sharing","Seed, Pre-Series A, Unknown","Gurgaon, Hyderabad, Bangalore",0.67,2.0,2025-09-15
Survam Partners,78.58,2,2020-12-13,"Consumer Appliances, Fashion","Series B, Pre-Series A","Mumbai, Gurgaon",0.75,1.5,2020-12-13
Oliver Jung,78.5,2,2025-04-11,"Property Title Search Engine, Fintech","Other, Unspecified Round","Hyderabad, Delhi",0.23,4.5,2025-04-11
Vc Grid,78.1,3,2025-01-02,"Saas, Sameday Delivery, Biotech Seaweed Alternatives","Other, Seed, Unspecified Round","Nan, Delhi, Pune",0.21,5.0,2025-01-02
Phanindra Sama,77.78,6,2016-06-03,"Consumer Internet, Data Driven Recruitment Recommendation, Online Printing","Seed, Private Equity","Bangalore, Chennai, Delhi",0.19,5.57,2016-06-03
Notion Capital,77.19,3,2025-07-01,"Enterprise Ai, Technology, Ai","Pre-Seed, Private Equity, Seed","San Francisco, Mumbai, Indore",0.32,3.67,2025-07-01
Baring Private Equity India And Dallas Venture Capital,76.36,1,2022-10-21,Information Technology,Series B,Stamford,1.0,1.0,2022-10-21
Vertex Ventures Sea,76.36,2,2025-06-26,"Semiconductors, Cleantech","Unspecified Round, Series B",Bangalore,0.38,3.0,2025-06-26
Service Provider Capital And Arthur Ventures,76.36,1,2022-05-04,Fintech,Unknown,Indianapolis,1.0,1.0,2022-05-04
Beenextan Investment Fund,76.36,1,2015-09-16,Industrial Tools,Private Equity,Delhi,0.33,3.0,2015-09-16
Accel Partners India,75.95,2,2016-06-23,"Online Kitchen Furniture, Modular Furnishings, Consumer Internet","Private Equity, Seed",Bangalore,0.83,1.33,2016-06-23
Raghuunknownndan Gangappa,75.53,1,2018-06-10,Consumer Internet,Private Equity,Bangalore,0.33,3.0,2018-06-10
Kube Vc And Entrepreneur First A,75.11,1,2022-09-12,Software,Pre-Seed,Bangalore,1.0,1.0,2022-09-12
Jm Fiunknownncial,75.0,1,2024-08-15,Fintech,Other,Mumbai,1.0,1.0,2024-08-15
True North’S Private Credit Fund,75.0,1,2025-01-19,Security & Surveillance,Other,Noida,1.0,1.0,2025-01-19
Fireside,75.0,1,2024-08-14,Beauty And Personal Care,Series B,Mumbai,0.5,2.0,2024-08-14
Aditya Birla Digital Fashion Ventures Ltd (Abdfvl),75.0,1,2024-10-01,Mens Apparel,Unspecified Round,Bangalore,1.0,1.0,2024-10-01
Ramesh Srinivasan,74.7,1,2020-01-23,Online Financial,Unknown,Chennai,0.5,2.0,2020-01-23
Mistletoe,74.7,2,2020-03-01,"Consumer Internet, Food, Ecommerce","Private Equity, Unknown","Gurgaon, Bangalore",0.5,3.33,2020-03-01
Yali Capital,74.7,2,2024-10-08,"Healthcare, Deep Ai & Robotics","Series A, Seed","Bangalore, Nan",0.67,2.0,2024-10-08
Nishant Rao,74.7,2,2020-10-05,"Logistics, Technology","Private Equity, Seed","Mumbai, San Francisco",0.42,2.5,2020-10-05
Havells,74.7,1,2022-02-20,Furniture,Series B,Mumbai,0.5,2.0,2022-02-20
Investpad,74.7,1,2021-01-01,Technology,Unknown,Hyderabad,0.5,2.0,2021-01-01
Puro Wellness,74.7,1,2024-10-05,Milletbased Snacks,Unspecified Round,Hyderabad,0.33,3.0,2024-10-05
V Ocean Investments,74.7,1,2024-10-05,Milletbased Snacks,Unspecified Round,Hyderabad,0.33,3.0,2024-10-05
Nicholas Cator,74.7,1,2020-01-05,Home Design,Series D,Bangalore,0.5,2.0,2020-01-05
Aquaunknownspark,74.7,1,2021-07-18,Biotechnology,Series B,Bangalore,1.0,1.0,2021-07-18
Heritas Capital,74.7,2,2024-08-21,Edtech,"Pre-Seed, Series A","Noida, Bangalore",0.67,2.0,2024-08-21
Triple Jump,74.7,1,2022-03-06,Fintech,Unknown,Gurgaon,0.5,2.0,2022-03-06
Yuj Ventures,74.7,3,2021-07-22,"Edtech, Hospitality, Analytics","Series B, Pre-Series A, Series A","Delhi, Mumbai",0.67,1.67,2021-07-22
Michael And Susan Dell Foundation,74.7,4,2020-01-15,"Other, Edtech, Technology","Private Equity, Series A, Seed","Bangalore, Noida, Gurgaon",0.56,2.25,2020-01-15
Starfish Growth Partners,74.7,1,2021-01-01,Technology,Unknown,Hyderabad,0.5,2.0,2021-01-01
Tin Men Capital,74.7,1,2025-08-03,Ai,Series B,Nan,1.0,1.0,2025-08-03
Scb 10X,74.7,1,2020-01-16,Fintech,Other,Bangkok,0.5,2.0,2020-01-16
Dacm,74.7,1,2021-07-04,Blockchain,Unknown,Delhi,0.5,2.0,2021-07-04
Line Ventures,74.7,1,2020-01-16,Fintech,Other,Bangkok,0.5,2.0,2020-01-16
Mechanism Capital,74.7,1,2021-07-04,Blockchain,Unknown,Delhi,0.5,2.0,2021-07-04
Usama Fayyad,74.7,1,2022-03-15,Fintech,Series A,Mumbai,0.33,3.0,2022-03-15
One 97 Communications,74.28,1,2018-06-16,Technology,Private Equity,Noida,1.0,1.0,2018-06-16
Sidbi Venture Capital,73.9,3,2025-03-09,"Plantbased Nutrition, Medtech, Food","Series A, Series C, Other","Hyderabad, Bangalore, Gurgaon",0.83,1.33,2025-03-09
Nsi Infinium Global Pvt. Ltd,73.87,1,2016-05-11,Consumer Internet,Private Equity,Mumbai,1.0,1.0,2016-05-11
Fenice Investment Group,73.87,1,2024-11-14,Protection & Authentication,Series A,Bangalore,0.33,3.0,2024-11-14
Safe Investors,73.87,1,2024-11-14,Protection & Authentication,Series A,Bangalore,0.33,3.0,2024-11-14
Recur Club,73.28,4,2025-04-24,"Edtech, Information Technology &, It Cloud & Devops","Debt, Unknown","Bangalore, Gurgaon, Hyderabad",1.0,1.0,2025-04-24
Y Combiunknowntor And Matrix Partners India,73.04,1,2022-07-17,Edtech,Series A,Bangalore,1.0,1.0,2022-07-17
Haresh Chawla,72.21,5,2021-12-07,"Ready To Cook Packaged Foods, Food Logistics & Delivery, Technology","Seed, Private Equity, Unknown","Mumbai, Bangalore, Pune",0.5,2.8,2021-12-07
Axilor,72.21,5,2022-02-26,"Healthcare, Fintech, Saas","Pre-Series A, Seed, Unknown","Bangalore, Nan, Mumbai",0.8,1.4,2022-02-26
Humba Ventures,71.8,1,2025-10-26,High > Drones,Seed,Nan,1.0,1.0,2025-10-26
Ceo),71.7,1,2024-10-24,Fintech,Unspecified Round,Bangalore,0.5,2.0,2024-10-24
Rajan Bajaj (Founder,71.7,1,2024-10-24,Fintech,Unspecified Round,Bangalore,0.5,2.0,2024-10-24
Development Fiunknownnce Institution Belgian Investment Company,71.38,1,2015-06-19,Micro Finance,Private Equity,Delhi,0.5,2.0,2015-06-19
Anicut Angel Fund,71.13,8,2021-12-18,"Food, Cosmetics, Information Technology &","Pre-Series A, Seed, Unknown","Delhi, Gurgaon, Hyderabad",0.81,1.38,2021-12-18
Jam Fund,70.55,2,2021-11-05,Fintech,"Seed, Unknown","Gurgaon, Bangalore",0.38,3.0,2021-11-05
Five Elms Capital,70.55,1,2022-01-28,Computer Software,Series A,Chennai,1.0,1.0,2022-01-28
Nexus India Capital Advisors,70.55,1,2017-07-01,Ecommerce,Private Equity,Bangalore,0.5,2.0,2017-07-01
Sixth Sense Ventures And Volrado Ventures,70.55,1,2022-07-27,Travel,Seed,Mumbai,1.0,1.0,2022-07-27
Advenza Global Limited,70.55,1,2025-04-05,Building Material Segment,Unspecified Round,Mumbai,1.0,1.0,2025-04-05
Amara Raja Batteries,70.55,1,2021-08-06,Deeptech,Series A,Bangalore,1.0,1.0,2021-08-06
Alumni Ventures,70.0,1,2024-08-13,Payment Gateway,Series E,Bangalore,0.25,4.0,2024-08-13
Patni Family Office,70.0,1,2024-08-13,Payment Gateway,Series E,Bangalore,0.25,4.0,2024-08-13
Random Walk Solutions,70.0,1,2024-08-13,Payment Gateway,Series E,Bangalore,0.25,4.0,2024-08-13
Undisclosed Investors,69.65,11,2017-06-06,"Consumer Internet, Technology, Ecommerce","Seed, Private Equity","Bangalore, Pune, Mumbai",1.0,1.0,2017-06-06
Amit Singhal,69.49,4,2024-11-04,"It, Crm, Edtech","Unknown, Pre-Seed, Seed","Mumbai, Bangalore, Noida",0.46,2.25,2024-11-04
Angellist India,69.48,6,2021-10-15,"Media, Networking, Other","Seed, Pre-Seed, Series A","Bangalore, Delhi, Hyderabad",0.44,3.0,2021-10-15
12 Flags Group,68.89,1,2025-01-20,Banana Chips,Series A,Alappuzha,1.0,1.0,2025-01-20
Kotak Securities,68.3,2,2025-01-24,"Edtech, Business Observability","Unknown, Series B","Kolkata, Bangalore",0.58,3.5,2025-01-24
Capitalunknowna,68.06,4,2025-08-27,"Healthcare, Advanced Hardware & Iot, Logistics","Unspecified Round, Series A, Other","Mumbai, Delhi, Bangalore",0.54,2.25,2025-08-27
Asian Healthcare Fund,68.06,1,2015-06-18,Dental Clinic,Private Equity,Mumbai,0.33,3.0,2015-06-18
Sachin Tendulkar,68.06,2,2021-07-22,"Consumer Internet, Media","Private Equity, Unknown","Hyderabad, Pune",0.67,2.0,2021-07-22
Ravi Viswaunknownthan,68.06,1,2018-10-21,Food,Private Equity,Mumbai,1.0,1.0,2018-10-21
Lgt Group,68.06,1,2015-06-18,Dental Clinic,Private Equity,Mumbai,0.33,3.0,2015-06-18
Bajaj Finserv Group,67.23,1,2025-09-22,Agritech,Pre-Series A,Ahmednagar,1.0,1.0,2025-09-22
Shadows Holdings,67.15,1,2020-01-23,Jewellery,Debt,Bangalore,0.5,2.0,2020-01-23
Sig Global India Fund Llp.,66.76,1,2020-01-14,Transport,Series C,Delhi,1.0,1.0,2020-01-14
Tk Fund,66.4,1,2024-08-17,Beauty Wellness And Health,Series A,Delhi,0.25,4.0,2024-08-17
Kevin Donlon,66.4,1,2021-11-07,Professional Training & Coaching,Seed,Nan,0.33,3.0,2021-11-07
Quiet Capital,66.4,1,2024-12-03,Quick Commerce,Unspecified Round,Bangalore,0.17,6.0,2024-12-03
Mixi Global Investments,66.4,1,2024-08-17,Beauty Wellness And Health,Series A,Delhi,0.25,4.0,2024-08-17
Ayush Singh,66.4,1,2021-11-07,Professional Training & Coaching,Seed,Nan,0.33,3.0,2021-11-07
Nishchay Goel,66.4,1,2024-12-05,Semiconductor Design,Series A,Chennai,0.14,7.0,2024-12-05
Amereus Group,66.4,1,2017-02-13,Ecommerce,Private Equity,Bangalore,0.33,3.0,2017-02-13
Newquest Capital Partners,66.4,1,2021-06-17,Fintech,Unknown,Bangalore,0.5,2.0,2021-06-17
Anshul Goel,66.4,1,2024-12-05,Semiconductor Design,Series A,Chennai,0.14,7.0,2024-12-05
Ameba Capital,66.4,1,2021-09-18,Consumer,Other,Mumbai,0.5,2.0,2021-09-18
Em Impact Capital (Ukunknownbased Impact Investment Firm),66.4,1,2025-01-17,Ev Infrastructure,Seed,Pune,1.0,1.0,2025-01-17
Jbunknowndooeun,66.4,1,2024-08-17,Beauty Wellness And Health,Series A,Delhi,0.25,4.0,2024-08-17
Brex,66.4,1,2021-05-26,Fintech,Seed,Mumbai,0.5,2.0,2021-05-26
Motilal Oswal Private Equity,66.4,1,2021-06-17,Fintech,Unknown,Bangalore,0.5,2.0,2021-06-17
Idfcunknownparampara Fund,66.4,1,2020-01-18,Ai,Series A,Bangalore,0.5,2.0,2020-01-18
Tara India Fund Iv And Others,66.4,1,2017-10-11,Technology,Private Equity,Bangalore,0.5,2.0,2017-10-11
Kalaari Capital And Angel Investors,66.4,1,2024-08-17,Beauty Wellness And Health,Series A,Delhi,0.25,4.0,2024-08-17
Vivek Vaidya,66.4,1,2021-11-07,Professional Training & Coaching,Seed,Nan,0.33,3.0,2021-11-07
Susquehanunknown Interunknowntiounknownl Group.\\Xc2\\Xa0 Wavemaker Partners,66.4,1,2016-09-08,Ecommerce,Private Equity,Bangalore,0.17,6.0,2016-09-08
Emergent Ventures And Y Combiunknowntor,66.4,1,2018-08-13,Technology,Private Equity,Bangalore,0.2,5.0,2018-08-13
Poddar Family Office,66.4,1,2025-02-18,D2C Pet Treats,Series B,Bangalore,0.33,3.0,2025-02-18
Shivanssh Holdings,66.4,1,2025-02-18,D2C Pet Treats,Series B,Bangalore,0.33,3.0,2025-02-18
Venturra Capital,66.4,1,2016-09-08,Ecommerce,Private Equity,Bangalore,0.17,6.0,2016-09-08
Jim Moffatt,66.4,1,2020-11-05,Ai,Unknown,New York,0.5,2.0,2020-11-05
Sf Capital Group,66.4,1,2015-10-16,Endtoend Lending,Private Equity,Bangalore,1.0,1.0,2015-10-16
Pritt Investment Partners,66.4,1,2021-10-06,Computer Software,Unknown,Bangalore,0.5,2.0,2021-10-06
Xiaomi Technologies,66.4,1,2017-10-12,Consumer Internet,Private Equity,Bangalore,0.5,2.0,2017-10-12
Sanjay Katkar,66.4,1,2025-10-02,Business > Marketing,Seed,Nan,1.0,1.0,2025-10-02
Hack Vc,66.4,1,2018-08-13,Technology,Private Equity,Bangalore,0.2,5.0,2018-08-13
500 Startunknownups,66.4,1,2016-03-10,Ecommerce,Private Equity,Delhi,0.2,5.0,2016-03-10
Nirvaunknown Digital Investment Holding Co Ltd,66.4,1,2016-03-10,Ecommerce,Private Equity,Delhi,0.2,5.0,2016-03-10
Unknown Japanese Investor,66.4,1,2016-03-10,Ecommerce,Private Equity,Delhi,0.2,5.0,2016-03-10
Mgv,66.4,1,2018-08-13,Technology,Private Equity,Bangalore,0.2,5.0,2018-08-13
And Chiratae Ventures,66.4,1,2024-11-28,D2C,Series B,Bangalore,0.25,4.0,2024-11-28
Alan Patricof,66.4,1,2020-11-05,Ai,Unknown,New York,0.5,2.0,2020-11-05
Amazon Inc. And Mastercard,66.4,1,2018-05-16,Technology,Private Equity,Bangalore,1.0,1.0,2018-05-16
Ektha.Com,66.4,1,2025-02-18,D2C Pet Treats,Series B,Bangalore,0.33,3.0,2025-02-18
Pioneer Fund,65.57,2,2025-01-02,"Social Commerce, Property Title Search Engine","Seed, Other","Delhi, Hyderabad",0.27,4.0,2025-01-02
We Founder Circle,65.24,11,2024-10-10,"Mobile Games, Biotech, Computer Software","Seed, Pre-Series A, Unknown","Bangalore, Noida, Gurgaon",0.68,2.08,2024-10-10
Finvolve,65.03,4,2025-10-22,"Advanced Hardware & Technology, Energy > Electric Vehicles, Auto > Auto Retail & Aftersales","Seed, Pre-Series A","Nan, Bangalore, Hyderabad",0.75,1.5,2025-10-22
Bold (L’Oréal’S Vc Fund),65.0,1,2025-01-18,D2C Skincare,Unspecified Round,Bangalore,0.2,5.0,2025-01-18
Rpsg Capital,64.74,2,2025-09-14,Ecommerce,"Pre-Series A, Series A","Bangalore, Delhi",0.54,7.0,2025-09-14
A91 Emerging Fund,64.32,1,2020-07-13,Food,Unknown,"Bangalore, Gurgaon",0.29,3.5,2020-07-13
Amrish Rau,64.26,4,2021-04-16,"Fintech, Ecommerce, Other","Series A, Seed, Pre-Seed","Pune, Bangalore, Gurgaon",0.33,3.75,2021-04-16
Nazara Technologies,64.0,1,2024-12-13,Gaming And Entertainment,Other,Gurgaon,1.0,1.0,2024-12-13
Ritesh Malik,63.91,3,2025-02-11,"Fintech, Saas","Pre-Series A, Seed, Unknown","Bangalore, Mumbai, Gurgaon",0.39,3.33,2025-02-11
Micelio Fund And Speciale Invest,63.91,1,2022-06-21,Cleantech,Pre-Seed,Bangalore,1.0,1.0,2022-06-21
Urrshila Kerkar,63.91,1,2017-04-11,Consumer Internet,Private Equity,Gurgaon,1.0,1.0,2017-04-11
Ani Technologies Pvt. Ltd,63.91,1,2017-10-21,Consumer Internet,Private Equity,Bangalore,1.0,1.0,2017-10-21
Redcliffe Capital,63.91,1,2020-01-18,Fintech,Unknown,Mumbai,0.5,2.0,2020-01-18
Digital Currency Group,63.91,2,2025-01-09,"Credit & Financial, Consumer Internet","Pre-Series A, Private Equity",Bangalore,0.21,5.0,2025-01-09
Insitor Partners And Alkemi Venture Partners,63.91,1,2022-08-09,Food,Series A,Mumbai,1.0,1.0,2022-08-09
Eterunknownl Capital,63.23,5,2025-08-19,"Home Hygiene, D2C Handloom Clothing, Ecommerce","Pre-Series A, Seed, Unspecified Round","Bangalore, Nashik, Delhi",0.67,2.8,2025-08-19
Adb Ventures,63.08,2,2022-02-22,"Automotive, Defense & Space","Series A, Pre-Series A","Delhi, Bangalore",0.5,2.0,2022-02-22
Aegon Nv,63.08,1,2018-03-19,Consumer Internet,Private Equity,Mumbai,1.0,1.0,2018-03-19
Ian Alpha Fund,62.87,4,2025-07-25,"Deeptech Neuroscience, Healthcare, Deep","Pre-Series A, Seed, Unspecified Round","Bangalore, Bhubaneswar, Pune",0.28,3.75,2025-07-25
University Of Tokyo Edge Capital,62.25,1,2020-04-26,Biopharma,Unknown,Bangalore,0.5,2.0,2020-04-26
Sparrow Capital And Better Capital,62.25,1,2022-09-19,Recruiting,Pre-Seed,Bangalore,1.0,1.0,2022-09-19
Investec,62.25,1,2020-10-15,Retail,Unknown,Sydney,0.5,2.0,2020-10-15
Ruchirans Jaipuria,62.25,3,2021-10-14,"Ecommerce, Consumer Internet, Fintech","Unknown, Seed, Pre-Series A","Delhi, Noida",0.5,2.0,2021-10-14
Jitu Virwani,62.25,1,2015-11-21,Designer Fashion Jewellery,Seed,Bangalore,1.0,1.0,2015-11-21
Wealth Maunknowngers,62.25,2,2025-02-18,"Investment Wealthtech, Fintech","Seed, Series D",Bangalore,0.67,2.0,2025-02-18
3Lines,62.25,1,2020-10-18,Retail,Series A,Bangalore,0.5,2.0,2020-10-18
Jabbar Internet Group,62.25,1,2020-10-18,Retail,Series A,Bangalore,0.5,2.0,2020-10-18
Hr Technology Fund,62.25,1,2015-07-21,Recruitment,Private Equity,Bangalore,1.0,1.0,2015-07-21
Global Brain Corporation,62.25,1,2020-04-26,Biopharma,Unknown,Bangalore,0.5,2.0,2020-04-26
8I Ventures And Abhishek Bachchan,62.25,1,2022-08-21,Food,Seed,Mumbai,1.0,1.0,2022-08-21
Bay Capital Investments And Others,62.25,1,2018-04-16,Consumer Internet,Private Equity,Mumbai,1.0,1.0,2018-04-16
Tanglin,62.25,1,2025-05-08,Early Childhood Education And Daycare,Series A,Noida,1.0,1.0,2025-05-08
Unknown Investor,61.84,17,2017-10-26,"Consumer Internet, Technology, Fashion Ecommerce","Seed, Private Equity","Delhi, Bangalore, Mumbai",1.0,1.0,2017-10-26
Alkemi Growth Capital,61.62,2,2025-02-01,"Hrtech Healthcare Staffing, Linen Management Saas",Other,Gurgaon,0.67,2.0,2025-02-01
Capri Global Family Office,61.5,2,2025-06-10,"Ev Batteries, Travel","Series A, Series B",Mumbai,0.42,2.5,2025-06-10
Sweta Rau,61.42,4,2021-03-27,"Nano Distribution, Entertainment, Heathcare","Seed, Unknown, Pre-Seed","Nan, Mumbai, Bangalore",0.41,3.25,2021-03-27
Redbrook Pte Ltd And Blume Founders Fund,61.42,1,2022-10-26,Social Media,Seed,Mumbai,1.0,1.0,2022-10-26
Villgro Usa And Indian Angel Network,61.25,1,2022-08-28,Healthcare,Seed,Bangalore,1.0,1.0,2022-08-28
Florintree Advisors And Srinivas Anumolu,61.0,1,2022-04-19,Food,Series C,Bangalore,1.0,1.0,2022-04-19
Sidbi,60.75,2,2024-08-11,"Investment Fund, Other","Other, Private Equity","Gurgaon, Nan",0.35,3.5,2024-08-11
Prashant Malik,60.67,2,2022-01-15,"Import & Export, Ondemand Delivery","Series A, Seed",Gurgaon,0.25,4.0,2022-01-15
Advantedge Founders,60.59,2,2025-01-18,"Fintech, Electric Tractor","Unknown, Seed","Delhi, Bangalore",0.42,2.5,2025-01-18
Merak Ventures,60.59,2,2025-09-20,"Ecommerce, Space","Unknown, Pre-Seed","Noida, Ahmedabad",0.75,1.5,2025-09-20
Ryan Johnson,60.59,1,2021-03-26,Spacetech,Seed,Bangalore,0.5,2.0,2021-03-26
Capital A,60.59,3,2025-06-18,"Renewables & Environment, Ecommerce, Digital","Pre-Series A, Series A, Unknown","Delhi, Noida",0.36,5.67,2025-06-18
Ycombiunknowntor,60.59,3,2021-12-06,"Consumer Software, Social Commerce, Ecommerce","Unknown, Seed, Private Equity","Noida, Delhi, Bangalore",0.56,2.33,2021-12-06
William Bissell,60.18,2,2020-10-22,"Digital & Physical Publishing, Food","Private Equity, Debt","Delhi, Kolkata",0.42,2.5,2020-10-22
Nqm,60.0,1,2025-04-08,Cyber Security,Series A,Bangalore,1.0,1.0,2025-04-08
Blinc Invest,59.9,2,2025-01-06,Fintech,"Series A, Pre-Series A","Gurgaon, Delhi",0.67,2.0,2025-01-06
Incubate Fund Asia,59.76,3,2025-08-10,"Ecommerce, Enterprise, Fintech","Pre-Series A, Seed","Gurgaon, Surat, Mumbai",0.61,2.0,2025-08-10
Subhkam Ventures,59.76,2,2025-10-14,"Energy, Healthcare","Equity, Unknown","Bangalore, Nan",0.62,2.5,2025-10-14
Taurus Value Creation,59.76,1,2016-01-20,Ecommerce,Private Equity,Bangalore,0.25,4.0,2016-01-20
Konly Venture,59.76,1,2016-01-20,Ecommerce,Private Equity,Bangalore,0.25,4.0,2016-01-20
Mathew Cyriac,59.34,2,2017-04-12,"Consumer Internet, Ecommerce",Private Equity,"Mumbai, Hyderabad",0.38,3.0,2017-04-12
Bp Technology Ventures,59.0,1,2024-12-07,Intercity Mobility,Unspecified Round,Gurgaon,1.0,1.0,2024-12-07
Bessemer Venture Partners And Citi Ventures,58.93,1,2022-11-11,Information Technology,Series B,Pune,1.0,1.0,2022-11-11
Khosla Ventures And Better Capital,58.93,1,2022-06-12,Information &,Seed,Bangalore,1.0,1.0,2022-06-12
Taunknowns Capital,58.1,1,2021-10-09,Marketing & Advertising,Pre-Series A,Mumbai,0.33,3.0,2021-10-09
Investment Corporation Of Dubai,58.1,1,2022-02-17,Food,Unknown,Gurgaon,1.0,1.0,2022-02-17
Fil Capital Maunknowngement,58.1,1,2017-10-28,Consumer Internet,Private Equity,Mumbai,0.33,3.0,2017-10-28
Raine Ventures,58.1,1,2021-01-17,It,Unknown,Mumbai,0.5,2.0,2021-01-17
Gb Group,58.1,1,2020-08-20,Technology,Series A,Nan,0.5,2.0,2020-08-20
Maunknown Ventures,58.1,1,2024-10-21,Spacetech,Seed,Hyderabad,0.33,3.0,2024-10-21
Siunknowni Ventures,58.1,1,2020-01-08,Edtech,Other,Chennai,0.5,2.0,2020-01-08
Incofin,58.1,1,2021-11-21,Fintech,Series A,Noida,0.33,3.0,2021-11-21
Pentathlon Ventures And Core91 Fund,58.1,1,2022-04-22,Software,Series A,Gurgaon,1.0,1.0,2022-04-22
Beenext Ventures,58.1,3,2018-03-25,"Technology, Healthcare, For Bangkok",Private Equity,"Bangalore, Mumbai",0.25,4.0,2018-03-25
Nicolas Jarrosson,58.1,1,2020-12-19,Fintech,Unknown,Gurgaon,0.5,2.0,2020-12-19
Varanium Nexgen Fund,58.1,1,2021-09-01,Information Technology &,Unknown,Mumbai,0.5,2.0,2021-09-01
E2Mc,58.1,1,2024-10-21,Spacetech,Seed,Hyderabad,0.33,3.0,2024-10-21
Lgt Lightstoneaspada,58.1,1,2020-03-04,Fintech,Series A,Nan,1.0,1.0,2020-03-04
Sands Capital And Accel Partners,58.1,1,2015-10-04,Last Mile Delivery,Private Equity,Bangalore,0.5,2.0,2015-10-04
Ashish Kacholia (Lucky Investments),58.1,1,2024-10-21,Spacetech,Seed,Hyderabad,0.33,3.0,2024-10-21
Talbros,58.1,1,2021-01-06,Ev,Unknown,Noida,0.5,2.0,2021-01-06
Akshay Kothari (Notion Counknownfounder),58.1,1,2024-10-24,Technology,Series A,Bangalore,0.25,4.0,2024-10-24
Bennett Coleman,58.1,1,2016-08-25,Consumer Internet,Private Equity,Bangalore,0.33,3.0,2016-08-25
Innospark Ventures,58.1,1,2022-02-18,Edtech,Series A,Kochi,0.5,2.0,2022-02-18
Xiaomi And Sequoia Capital India,58.1,1,2018-08-08,Consumer Internet,Private Equity,Hyderabad,1.0,1.0,2018-08-08
Experian,58.1,1,2017-10-20,Consumer Internet,Private Equity,Chennai,1.0,1.0,2017-10-20
Co. Ltd,58.1,1,2016-08-25,Consumer Internet,Private Equity,Bangalore,0.33,3.0,2016-08-25
Falconedge,58.1,1,2021-08-19,Retail,Unknown,Gurgaon,0.5,2.0,2021-08-19
Rajesh Magow,58.1,2,2021-07-08,"Healthcare, Mutual Fund Investing","Unknown, Private Equity",Bangalore,0.27,4.0,2021-07-08
Qualgro.,58.1,1,2017-08-13,Technology,Private Equity,Pune,0.33,3.0,2017-08-13
Gujarat Venture Fiunknownnce Limited (Gvfl),58.1,1,2016-08-25,Consumer Internet,Private Equity,Bangalore,0.33,3.0,2016-08-25
Payu Fiunknownnce India,58.1,1,2020-12-10,Fintech,Unknown,Bangalore,0.5,2.0,2020-12-10
Pi Ventures Llp,58.1,1,2021-10-09,Marketing & Advertising,Pre-Series A,Mumbai,0.33,3.0,2021-10-09
Prodapt Holdings,58.1,1,2021-10-09,Marketing & Advertising,Pre-Series A,Mumbai,0.33,3.0,2021-10-09
Baring Private Equity Partners India,58.1,1,2021-01-06,Ev,Unknown,Noida,0.5,2.0,2021-01-06
Advantedge Vc,58.1,1,2025-01-02,Fintech,Other,Gurgaon,0.25,4.0,2025-01-02
Unilever Ventures And Blume Ventures,58.1,1,2018-05-22,Technology,Private Equity,Gurgaon,0.5,2.0,2018-05-22
Akya Ventures,57.68,1,2021-03-08,"Other, Healthcare",Series A,"Nan, Coimbatore",1.0,1.0,2021-03-08
Atomic Capital,56.48,4,2025-07-03,"Ecommerce, Beauty Commerce, Dairy","Pre-Series A, Venture, Series A","Gurgaon, Delhi, Nan",0.81,1.75,2025-07-03
Stellaris Ventures,56.44,3,2022-06-05,"Fintech, Healthcare, Saas","Unknown, Private Equity","Noida, Gurgaon, Nan",0.83,1.33,2022-06-05
Mayfield Fund,56.44,3,2021-10-05,"Fintech, Food, Entertainment","Unknown, Series B","Gurgaon, Delhi",0.67,1.67,2021-10-05
Ashish Goel And Alteria Capital,56.44,1,2022-07-04,Ecommerce,Series A,Bangalore,1.0,1.0,2022-07-04
Caspian Sme Impact Fund Iv,56.44,1,2020-01-25,Agritech,Unknown,Gurgaon,0.33,3.0,2020-01-25
Kb Global Platform Firm,56.44,1,2020-04-01,Edtech,Series C,Bangalore,1.0,1.0,2020-04-01
Yournest,56.44,2,2024-08-07,"Healthcare, Blockchain","Seed, Pre-Series A",Bangalore,0.6,3.0,2024-08-07
Ivy Icon,56.44,1,2020-08-26,Healthcare,Unknown,Bangalore,1.0,1.0,2020-08-26
Uk,56.0,1,2025-01-03,Beer Manufacturing,Series A,Delhi,0.12,8.0,2025-01-03
Uae),56.0,1,2025-01-03,Beer Manufacturing,Series A,Delhi,0.12,8.0,2025-01-03
Nikhil Garg,56.0,1,2025-01-03,Beer Manufacturing,Series A,Delhi,0.12,8.0,2025-01-03
Ramesh Damani,56.0,1,2025-01-03,Beer Manufacturing,Series A,Delhi,0.12,8.0,2025-01-03
Ashwin Kedia,56.0,1,2025-01-03,Beer Manufacturing,Series A,Delhi,0.12,8.0,2025-01-03
Crest Opportunities,56.0,1,2025-01-03,Beer Manufacturing,Series A,Delhi,0.12,8.0,2025-01-03
Amal N Parikh,56.0,1,2025-01-03,Beer Manufacturing,Series A,Delhi,0.12,8.0,2025-01-03
Hnis (Singapore,56.0,1,2025-01-03,Beer Manufacturing,Series A,Delhi,0.12,8.0,2025-01-03
Blueorchard Impact Investment Maunknowngers,55.61,1,2021-12-17,Insurance,Unknown,Mumbai,1.0,1.0,2021-12-17
Iifl Income Opportunities Fund,55.61,1,2020-08-13,Food,Series C,Bangalore,1.0,1.0,2020-08-13
She Capital,55.61,2,2020-12-03,"Ecommerce, Food","Other, Series A","Noida, Bangalore",0.75,1.5,2020-12-03
Tv Mohandas Pai,55.41,8,2017-07-18,"Ecommerce, Online Meat Ordering, Multilingual Test Preparation","Seed, Private Equity","Bangalore, Vadodara, Gurgaon",0.34,3.62,2017-07-18
Asian Promoter Group,55.0,1,2024-10-20,Consumer Food,Series B,Gurgaon,0.5,2.0,2024-10-20
Muthoot Fincorp,55.0,1,2025-04-17,Loan Sourcing,Unspecified Round,Chennai,0.5,2.0,2025-04-17
Spectrum Impact,55.0,2,2024-09-03,"For Biomass And Biofuel, Cleantech","Unspecified Round, Pre-Series A","Pune, Mumbai",0.27,4.0,2024-09-03
Ranjan Pai,54.78,2,2018-03-25,"Other, Healthcare",Private Equity,"Nan, Mumbai",0.25,4.0,2018-03-25
Rajasthan Venture Capital Fund,54.78,7,2021-09-03,"Information Technology &, Agritech, Retail","Pre-Series A, Unknown, Seed","Jaipur, Jodhpur, Mumbai",0.64,1.71,2021-09-03
Binny Bansal And Caspian Investments,54.78,1,2025-03-18,Cloud Kitchen,Unknown,Bangalore,0.5,2.0,2025-03-18
Rockstud Capital,54.76,5,2024-11-09,"Woodpressed Oils, Edtech, Consumer Goods",Pre-Series A,"Mumbai, Gurgaon, Delhi",0.45,3.0,2024-11-09
One97 Communications Ltd.,54.7,1,2019-08-11,Food,Series C,Bangalore,1.0,1.0,2019-08-11
Ankit Nagori,54.63,3,2025-06-20,"Ai, D2C Ethnic Wear, Ecommerce","Unknown, Seed, Series A","Delhi, Gurgaon",0.15,8.67,2025-06-20
Sachin And Binny Bansal,54.37,2,2015-07-02,"Other, Medical Instruments","Private Equity, Seed","Nan, Delhi",0.29,3.5,2015-07-02
Alok Mittal,54.37,4,2020-10-10,"Twowheeler Taxi, Other, Content","Seed, Series A","Gurgaon, Nan, Mumbai",0.31,3.75,2020-10-10
Growthstory,54.37,2,2020-01-01,"Automobile, Food","Unknown, Seed","Mumbai, Bangalore",0.23,4.5,2020-01-01
Arkam Ventures And Athera Venture Partners,53.95,1,2025-05-28,Ai,Seed,Mumbai,1.0,1.0,2025-05-28
Raghuunknownndan G,53.95,3,2018-07-17,"Consumer Internet, Healthcare","Private Equity, Seed","Bangalore, Mumbai",0.25,4.33,2018-07-17
Yamaha Motors,53.95,1,2021-06-12,Automotive,Unknown,Bangalore,0.33,3.0,2021-06-12
Mistry Ventures,53.95,3,2025-07-18,"Ecommerce, D2C Reusable Period Panties, D2C Food","Unknown, Pre-Series A, Series A","Delhi, Bangalore, Mumbai",0.45,4.33,2025-07-18
Campus Fund,53.95,3,2025-01-02,"Healthcare, Information Technology &","Seed, Unspecified Round, Unknown","Bangalore, Bhopal",0.29,3.67,2025-01-02
3Tounknown1 Capital,53.95,1,2024-08-27,Xr,Series A,Troy,0.2,5.0,2024-08-27
Tidal Ventures,53.95,1,2025-08-12,Ai,Seed,Bangalore,0.5,2.0,2025-08-12
Manish Choksi’S Family Office,53.95,1,2024-08-27,Xr,Series A,Troy,0.2,5.0,2024-08-27
Growmo360,53.95,1,2025-10-09,Energy > Solar Energy,Series A,Nan,1.0,1.0,2025-10-09
Natco Pharma And Kotak Private Equity,53.12,1,2022-08-24,Biotechnology,Series A,Bangalore,1.0,1.0,2022-08-24
Pravega Fund,53.0,1,2024-09-01,Fintech,Series B,Nan,0.5,2.0,2024-09-01
Keiretsu Forum,52.86,5,2021-05-10,"Technology, Fashion, Retail","Unknown, Seed, Private Equity","Mumbai, Bangalore, Coimbatore",0.64,1.83,2021-05-10
Blacksoil Capital,52.62,3,2021-03-19,"Home Decor, Edtech, Fintech","Unknown, Debt","Bangalore, Mumbai",0.83,1.33,2021-03-19
Milestone,52.46,1,2019-04-15,Edtech,Debt + Equity,Mumbai,1.0,1.0,2019-04-15
Brewster Stanislaw And Arjun Pillai,52.29,1,2022-05-05,Software,Unknown,Seattle,1.0,1.0,2022-05-05
Lightbox Expansion Fund,52.29,1,2017-04-23,Food,Private Equity,Pune,0.2,5.0,2017-04-23
Runet South Asia,52.29,1,2017-04-23,Food,Private Equity,Pune,0.2,5.0,2017-04-23
Ligthbox Ventures Ii,52.29,1,2017-04-23,Food,Private Equity,Pune,0.2,5.0,2017-04-23
July Ventures,52.21,1,2025-06-04,Alternative Lending,Series B,Nan,1.0,1.0,2025-06-04
. Sameer Khan And Joseph R. Saviano,51.73,1,2022-09-04,Fintech,Seed,Bangalore,1.0,1.0,2022-09-04
P.V Sindhu,51.46,1,2017-09-09,Consumer Internet,Private Equity,Hyderabad,0.33,3.0,2017-09-09
Argor Capital,51.46,1,2025-01-09,Credit & Financial,Pre-Series A,Bangalore,0.25,4.0,2025-01-09
We Founder Circle And Venture Catalyst,51.46,1,2022-05-24,Consumer,Unknown,Secunderabad,1.0,1.0,2022-05-24
Vertex Ventures Southeast Asia,51.46,1,2025-08-02,Ecommerce,Series A,Pune,0.5,2.0,2025-08-02
Srk Family Office,51.46,1,2025-01-08,Energy,Equity,Bangalore,0.25,4.0,2025-01-08
We Founder Circle And Venture Catalysts,51.46,1,2022-07-02,Consumer,Seed,Secunderabad,1.0,1.0,2022-07-02
Pullela Gopichand,51.46,1,2017-09-09,Consumer Internet,Private Equity,Hyderabad,0.33,3.0,2017-09-09
Microtek Group,51.46,1,2025-01-08,Energy,Equity,Bangalore,0.25,4.0,2025-01-08
Bestvantage,51.0,1,2024-11-19,Evasaservice,Pre-Series A,Nan,0.14,7.0,2024-11-19
Srikanth Reddy,51.0,1,2024-11-19,Evasaservice,Pre-Series A,Nan,0.14,7.0,2024-11-19
Snehith Reddy,51.0,1,2024-11-19,Evasaservice,Pre-Series A,Nan,0.14,7.0,2024-11-19
Sarthy Angels,51.0,1,2024-11-19,Evasaservice,Pre-Series A,Nan,0.14,7.0,2024-11-19
Rohan Bajaj Syndicate,51.0,1,2024-11-19,Evasaservice,Pre-Series A,Nan,0.14,7.0,2024-11-19
Phani Ramineni,51.0,1,2024-11-19,Evasaservice,Pre-Series A,Nan,0.14,7.0,2024-11-19
Pear Vc And Bond,50.63,1,2025-06-24,Digital Payment,Seed,Chennai,0.5,2.0,2025-06-24
Gruhas Collective Consumer Fund,50.63,2,2025-04-09,"D2C Sexual Wellness Healthtech, Luggage And Lifestyle","Series A, Pre-Series A",Mumbai,0.6,3.0,2025-04-09
Alto Partners,50.46,2,2020-01-02,"Fintech, Consumer Internet","Seed, Private Equity","Nan, Delhi",0.5,2.0,2020-01-02
Bharat V. Daftary And Kotak Investment Advisors,50.3,1,2022-11-28,"Healtcare, Healthcare",Unknown,Mumbai,1.0,1.0,2022-11-28
C4D Partners,50.22,4,2021-08-06,"Consumer Goods, Fintech, Renewable Energy","Unknown, Debt, Other","Bangalore, Delhi, Hyderabad",0.75,1.5,2021-08-06
Infuse Ventures,50.22,4,2017-07-23,"Technology, Solar Power, Probiotic Technology Products Manufacturer",Private Equity,"Ahmedabad, Hyderabad, Chennai",0.75,1.5,2017-07-23
Karimjee Group,50.0,1,2025-01-01,Ev Manufacturing,Series A,Bangalore,0.14,7.0,2025-01-01
Nithin And Nikhil Kamath,50.0,1,2024-12-13,Fintech,Series A,Mumbai,0.5,2.0,2024-12-13
Uc Impower,50.0,1,2025-01-02,Fintech,Equity,Chennai,0.5,2.0,2025-01-02
Rs 10 Crore ($1.15M) Credit Line From Venture Debt Cos,50.0,1,2025-02-01,Linen Management Saas,Other,Gurgaon,0.33,3.0,2025-02-01
Mirabilis Investment,50.0,1,2025-01-23,Logistics,Unspecified Round,Mumbai,0.5,2.0,2025-01-23
Kuberan Ventures,50.0,1,2025-01-01,Ev Manufacturing,Series A,Bangalore,0.14,7.0,2025-01-01
Counknownfounders Of Zerodhaunknownbacked Venture Firm Rainmatter,50.0,1,2024-12-13,Fintech,Series A,Mumbai,0.5,2.0,2024-12-13
Sanjeev Saraf Family Office,50.0,1,2025-01-01,Ev Manufacturing,Series A,Bangalore,0.14,7.0,2025-01-01
Mission Vertical,50.0,1,2025-01-01,Ev Manufacturing,Series A,Bangalore,0.14,7.0,2025-01-01
Ambis Holding Us,50.0,1,2025-01-01,Ev Manufacturing,Series A,Bangalore,0.14,7.0,2025-01-01
Pravek Kalp Family Office,50.0,1,2025-01-01,Ev Manufacturing,Series A,Bangalore,0.14,7.0,2025-01-01
Bossanova Investimentos And Omidyar Network,49.9,1,2022-04-07,Information Technology,Unknown,Nan,1.0,1.0,2022-04-07
Yaletown Partners,49.8,1,2024-10-06,Workplace,Series A,Bangalore,0.25,4.0,2024-10-06
Rainmaker Ventures,49.8,2,2016-07-23,Consumer Internet,Private Equity,"Mumbai, Delhi",1.0,1.0,2016-07-23
100 Unicorns,49.8,1,2024-09-16,Saas,Other,Nan,0.25,4.0,2024-09-16
George Kaiser Family Foundation,49.8,1,2024-10-06,Workplace,Series A,Bangalore,0.25,4.0,2024-10-06
Ununknownmed Media House And Hnis,49.8,1,2015-10-25,Online Homeopathy Clinic,Private Equity,Mumbai,1.0,1.0,2015-10-25
Cisco Ventures,49.8,1,2016-09-25,Technology,Private Equity,Chennai,0.33,3.0,2016-09-25
Blume Ventures And Innoven Capital.,49.8,1,2018-11-15,Healthcare,Other,Bangalore,0.2,5.0,2018-11-15
Pradeep Dadha,49.8,1,2025-01-10,Astrotech,Seed,Chennai,0.5,2.0,2025-01-10
Vc Samsung Next,49.8,1,2018-11-15,Healthcare,Other,Bangalore,0.2,5.0,2018-11-15
C4D Asia Fund,49.8,1,2022-01-21,Food,Unknown,Hyderabad,0.5,2.0,2022-01-21
Carya Ventures,49.8,1,2024-10-06,Workplace,Series A,Bangalore,0.25,4.0,2024-10-06
Exposition Ventures,49.8,1,2024-10-06,Workplace,Series A,Bangalore,0.25,4.0,2024-10-06
Blume Ventures And Mela Ventures,49.8,1,2025-04-22,Deeptech,Series A,Ahmedabad,1.0,1.0,2025-04-22
Mahyco Seeds Ltd. And Indigo,49.8,1,2022-12-21,Agritech,Seed,Mumbai,1.0,1.0,2022-12-21
Innovation In Food And Agriculture (Ifa),49.8,1,2020-01-09,Agritech,Unknown,Nan,1.0,1.0,2020-01-09
Medmountain Ventures,49.8,1,2024-12-22,Aifocused Healthtech,Seed,"Nan, Ichalkaranji",0.17,6.0,2024-12-22
Saikiran Krishunknownmurthy,49.8,1,2020-10-03,Hospitality,Unknown,Bangalore,0.5,2.0,2020-10-03
Cdc Group Plc\\Xc2\\Xa0,49.8,1,2018-08-06,Technology,Private Equity,Bangalore,1.0,1.0,2018-08-06
Operators Studio,49.8,1,2024-12-22,Aifocused Healthtech,Seed,"Nan, Ichalkaranji",0.17,6.0,2024-12-22
Innovation In Food,49.8,1,2020-01-08,Agritech,Series A,Pune,0.5,2.0,2020-01-08
Kotak Investment Advisors Limited,49.8,1,2021-07-20,Real Estate,Series A,Bangalore,0.5,2.0,2021-07-20
Agriculture Fund (Ifa Fund),49.8,1,2020-01-08,Agritech,Series A,Pune,0.5,2.0,2020-01-08
Prime Venture Partners.,49.8,1,2017-09-07,Technology,Private Equity,Bangalore,0.5,2.0,2017-09-07
Colgate Palmolive,49.8,1,2021-01-08,Fashion And Lifestyle,Unknown,Delhi,0.5,2.0,2021-01-08
Gawa Capital,49.8,1,2021-03-09,Fintech,Unknown,Bangalore,0.5,2.0,2021-03-09
Lodha Ventures,49.8,1,2020-03-01,Real Estate,Unknown,Mumbai,1.0,1.0,2020-03-01
Ets Capital,49.8,1,2024-10-18,Edtech,Unspecified Round,Gurgaon,0.2,5.0,2024-10-18
Ramesh Mangaleswaran,49.8,1,2020-10-03,Hospitality,Unknown,Bangalore,0.5,2.0,2020-10-03
Strategic Healthcare Operators,49.8,1,2024-12-22,Aifocused Healthtech,Seed,"Nan, Ichalkaranji",0.17,6.0,2024-12-22
Goutham Ekollu,49.8,1,2021-02-03,Personal Care,Unknown,Mumbai,0.5,2.0,2021-02-03
Ambiga Subramanian,49.8,1,2021-02-03,Personal Care,Unknown,Mumbai,0.5,2.0,2021-02-03
Incofin Investment Maunknowngement.,49.8,1,2017-09-18,Fintech,Private Equity,Gaya,1.0,1.0,2017-09-18
Rajiv Dadlani Group,49.8,2,2022-02-09,"Fintech, Venture Capital & Private Equity","Other, Series A","Gurgaon, Mumbai",0.38,3.0,2022-02-09
Fortisure Ventures,49.8,1,2016-06-12,Technology,Private Equity,Bangalore,0.25,4.0,2016-06-12
>Vikram Sud,49.8,1,2020-10-07,Fintech,Debt,Mumbai,1.0,1.0,2020-10-07
Trtl Ventures,49.8,1,2024-10-18,Edtech,Unspecified Round,Gurgaon,0.2,5.0,2024-10-18
Nirvaunknown Digital Investment Holding,49.8,1,2016-01-24,Consumer Internet,Private Equity,Delhi,0.25,4.0,2016-01-24
Keystone Group,49.8,1,2015-03-12,Other,Private Equity,Nan,0.25,4.0,2015-03-12
Rb Investments Pte Ltd,49.8,1,2016-06-11,Ecommerce,Private Equity,Mumbai,0.5,2.0,2016-06-11
Rebellion Vc,49.8,1,2024-12-22,Aifocused Healthtech,Seed,"Nan, Ichalkaranji",0.17,6.0,2024-12-22
Sathguru Catalyzer Advisors,49.8,1,2019-12-10,Technology,Series A,Pune,1.0,1.0,2019-12-10
Inflexor,49.8,1,2024-10-13,Agritech,Series A,Pune,0.33,3.0,2024-10-13
Cercano Maunknowngement,49.8,1,2025-07-24,Fintech,Series A,Ahmedabad,1.0,1.0,2025-07-24
Diaz Nesamoney,49.8,1,2016-06-12,Technology,Private Equity,Bangalore,0.25,4.0,2016-06-12
Mr Jones,49.8,1,2016-06-12,Technology,Private Equity,Bangalore,0.25,4.0,2016-06-12
Mayank Singhal,49.8,1,2016-01-24,Food,Private Equity,Delhi,0.17,6.0,2016-01-24
Ardor,49.8,1,2021-04-14,Fintech,Unknown,Mumbai,0.5,2.0,2021-04-14
You,49.8,1,2016-06-12,Technology,Private Equity,Bangalore,0.25,4.0,2016-06-12
Saama Capital.,49.8,1,2015-06-27,Healthy Food Manufacturer,Private Equity,Delhi,0.5,2.0,2015-06-27
T Choithrams Bvi,49.8,1,2021-04-14,Fintech,Unknown,Mumbai,0.5,2.0,2021-04-14
Taher Savliwala And Kevin Lin,49.8,1,2022-10-27,Saas,Seed,Bangalore,1.0,1.0,2022-10-27
Edaphon,49.8,1,2024-10-13,Agritech,Series A,Pune,0.33,3.0,2024-10-13
Ajay Adiseshann And Magic Fun,49.8,1,2022-07-13,Fintech,Pre-Seed,Mumbai,1.0,1.0,2022-07-13
Udaan Angel Partners,49.8,1,2020-11-14,Ai,Series A,Gurgaon,0.5,2.0,2020-11-14
Tsm Ventures,49.8,1,2024-10-18,Edtech,Unspecified Round,Gurgaon,0.2,5.0,2024-10-18
Breadlake Ventures,49.8,1,2020-11-01,Fintech,Pre-Series A,"Delhi, Gurgaon",0.5,2.0,2020-11-01
Beyond Next Ventures,49.8,3,2021-07-17,"Agritech, Farming, Ai","Pre-Series A, Unknown",Bangalore,0.67,1.67,2021-07-17
Apis Insurtech Fund I,49.8,1,2021-12-20,Insurance,Series B,Gurgaon,1.0,1.0,2021-12-20
Dtdc,49.8,1,2020-11-14,Ai,Series A,Gurgaon,0.5,2.0,2020-11-14
Alkemi Capital,49.8,1,2021-06-21,Healthcare,Unknown,Gurgaon,0.33,3.0,2021-06-21
Wsv Capital,49.53,1,2020-06-04,Fintech,Series D,Chennai,1.0,1.0,2020-06-04
Other Angel Investors,49.4,9,2024-11-13,"Preventive Healthcare, Ecommerce, Exam Preparation","Seed, Private Equity, Pre-Seed","Delhi, Pune, Gurgaon",0.37,3.33,2024-11-13
Pearl Brook Holdings Ltd,49.3,1,2020-06-28,Coworking,Unknown,Delhi,0.5,2.0,2020-06-28
Al Nour Interunknowntiounknownl Holdings Co.,49.3,1,2020-06-28,Coworking,Unknown,Delhi,0.5,2.0,2020-06-28
Asiaunknown Fund,48.97,1,2025-06-04,Real Estate,Unknown,Mumbai,1.0,1.0,2025-06-04
Blueorchard Fiunknownnce,48.97,1,2022-01-12,Fintech,Unknown,Ahmedabad,1.0,1.0,2022-01-12
Niveshaay,48.64,1,2025-10-25,Energy > Oilfield,Series A,Nan,1.0,1.0,2025-10-25
Denlow Investment Trust And Beenext,48.55,1,2018-08-25,Consumer Internet,Private Equity,Gurgaon,1.0,1.0,2018-08-25
Weh Ventures,48.33,6,2025-10-19,"Proptech, Hauz Khas, Healthcare","Seed, Pre-Seed, Unspecified Round","Nan, Jaipur, Mumbai",0.65,2.5,2025-10-19
Livspace,48.14,1,2025-08-14,Ecommerce,Seed,Bangalore,1.0,1.0,2025-08-14
Rajesh Balpande,48.14,1,2016-02-05,Consumer Internet,Private Equity,Bangalore,0.25,4.0,2016-02-05
Axilor Partners,48.14,1,2017-02-28,Technology,Private Equity,Bangalore,0.17,6.0,2017-02-28
Parikshit Dar,48.14,1,2016-02-05,Consumer Internet,Private Equity,Bangalore,0.25,4.0,2016-02-05
Ashish Hemrajani,48.14,1,2016-02-05,Consumer Internet,Private Equity,Bangalore,0.25,4.0,2016-02-05
Rohit Razdan And Shiv Tallam,48.14,1,2022-10-19,Healthcare,Series A,Bangalore,1.0,1.0,2022-10-19
Wipro Consumer Care,48.0,1,2025-04-19,D2C Food,Series A,Gurgaon,1.0,1.0,2025-04-19
Blacksoil (Debt),48.0,1,2024-11-23,Backpacker Hostel,Other,Mumbai,0.5,2.0,2024-11-23
Niraj Singh,47.9,3,2025-01-11,"Video Streaming, Online City & Lifestyle Guide, Quick","Seed, Series A","Delhi, Bangalore",0.18,5.67,2025-01-11
Hitesh Oberoi,47.73,2,2021-02-03,"Food, Healthcare","Seed, Series A","Bangalore, Mumbai",0.35,3.5,2021-02-03
Triodos,47.63,2,2020-10-12,"Cleantech, Agritech","Series A, Unknown","Bangalore, Nairobi",0.3,6.0,2020-10-12
Peyush Bansal (Lenskart),47.5,2,2025-02-16,"D2C Hair Extensions & Wigs, D2C Ethnic Wear","Series A, Seed","Gurgaon, Delhi",0.29,3.5,2025-02-16
Data Point Capital,47.31,1,2021-10-02,Information,Series A,Bangalore,1.0,1.0,2021-10-02
Rpg Ventures,47.0,1,2024-11-03,Houseplants & Urban Gardening,Series A,Pune,0.33,3.0,2024-11-03
Sandeep Kapoor,46.98,1,2020-08-19,Nano Distribution,Unknown,Nan,0.5,2.0,2020-08-19
Partech Ventures,46.48,1,2017-09-04,Technology,Private Equity,Pune,0.33,3.0,2017-09-04
Peyush Bansal,46.48,3,2025-02-24,"Ecommerce, D2C Reusable Period Panties, Saas","Private Equity, Pre-Series A, Unknown","Delhi, Bangalore, Gurgaon",0.33,4.0,2025-02-24
Peak Xv Surge,46.48,2,2025-07-03,"Aipowered Customer Os For Ecommerce, Ecommerce",Pre-Series A,Bangalore,0.33,4.0,2025-07-03
Aunknownlah Capital,46.48,1,2025-09-10,Travel,Unknown,Mumbai,0.5,2.0,2025-09-10
One97 Communications,46.48,1,2020-02-12,Fintech,Unknown,Bangalore,1.0,1.0,2020-02-12
Frontline Strategy,46.48,1,2015-12-19,Transportation & Logistics,Private Equity,Mumbai,1.0,1.0,2015-12-19
Sparrow Capital And Beenext,46.48,1,2022-09-23,Information Technology,Seed,Bangalore,1.0,1.0,2022-09-23
Warmup Ventures,45.96,2,2025-01-21,"Climate Fashion, Waste Management","Seed, Series A","Bangalore, Jaipur",0.2,5.5,2025-01-21
Roy Van Leeuwen,45.65,1,2021-10-12,Fintech,Seed,Mumbai,0.33,3.0,2021-10-12
Sanjeev Barnwal,45.65,1,2025-01-11,Quick,Series A,Bangalore,0.17,6.0,2025-01-11
Vidit Aatrey,45.65,1,2025-01-11,Quick,Series A,Bangalore,0.17,6.0,2025-01-11
Letsventure And Indian Angel Network,45.65,1,2022-09-15,Food &Beverages,Seed,Bangalore,1.0,1.0,2022-09-15
Manta Ray Ventures Limited,45.65,1,2020-01-21,Edtech,Unknown,Bangalore,0.33,3.0,2020-01-21
Google’S Capital G,45.65,1,2020-01-21,Edtech,Unknown,Bangalore,0.33,3.0,2020-01-21
Goat Vc,45.65,1,2021-11-05,Fintech,Unknown,Bangalore,0.25,4.0,2021-11-05
Induslnd Bank,45.65,1,2020-06-21,Agritech,Series C,Chennai,1.0,1.0,2020-06-21
Ashutosh Sinha,45.65,1,2021-10-12,Fintech,Seed,Mumbai,0.33,3.0,2021-10-12
Anil Thadani,45.65,1,2021-10-12,Fintech,Seed,Mumbai,0.33,3.0,2021-10-12
Aim Smart City,45.65,4,2020-11-26,"Ai, Biotechnology, Nutrition Sector","Unknown, Seed, Other","Jodhpur, Bangalore, Nan",0.62,1.75,2020-11-26
Sequoia India.,45.65,1,2020-01-21,Edtech,Unknown,Bangalore,0.33,3.0,2020-01-21
Henkel,45.65,1,2020-01-15,Other,Series A,Mumbai,0.5,2.0,2020-01-15
Oppo,45.65,1,2018-04-22,Technology,Private Equity,Delhi,0.2,5.0,2018-04-22
Nandan Nilekani\\Xe2\\X80\\X99S Nrjn Trust,45.65,1,2017-04-20,Ecommerce,Private Equity,Bangalore,0.17,6.0,2017-04-20
Ivm Intersurer,45.65,1,2020-01-05,Fintech,Series A,Nan,1.0,1.0,2020-01-05
Neoplux,45.65,1,2018-04-22,Technology,Private Equity,Delhi,0.2,5.0,2018-04-22
Gree Ventures And Summit Media,45.65,1,2018-04-22,Technology,Private Equity,Delhi,0.2,5.0,2018-04-22
Biz Stone,45.65,1,2015-10-10,"B2C Messaging, Mobile Messaging Assistant",Private Equity,Bangalore,0.6,3.0,2015-10-10
Dsg Consumer Partners And Saama Capital,45.65,1,2022-05-04,Other,Series A,Mumbai,1.0,1.0,2022-05-04
Sar Group,45.47,2,2018-04-09,"Consumer Internet, Fintech","Private Equity, Other","Bangalore, Gurgaon",0.67,2.0,2018-04-09
Singapore Angel Network,45.16,9,2021-01-08,"Ecommerce, Physical Storage Warehouses, Technology","Seed, Private Equity, Unknown","Mumbai, Delhi, Hyderabad",0.32,3.78,2021-01-08
Promoters,45.0,1,2024-08-15,For Biomass And Biofuel,Unspecified Round,Pune,0.33,3.0,2024-08-15
Not Disclosed,44.99,3,2024-10-21,"Coupon Aggregator, Ai, Due Diligence","Seed, Unspecified Round","Kanpur, Mumbai, Delhi",1.0,1.0,2024-10-21
Contrarian Drishti Partners,44.82,1,2020-10-08,Fintech,Unknown,Bangalore,0.5,2.0,2020-10-08
Gennext Ventures,44.82,1,2020-10-08,Fintech,Unknown,Bangalore,0.5,2.0,2020-10-08
Sidbi Venture Capital Ltd,44.82,2,2017-04-19,"Consumer Internet, Business Intelligence & Analytics",Private Equity,Mumbai,0.75,1.5,2017-04-19
Tandem,44.82,1,2020-10-12,Edtech,Unknown,Paris,1.0,1.0,2020-10-12
Prime Ventures Partners,44.82,1,2025-05-08,Manufacturing Ai,Pre-Series A,Bangalore,1.0,1.0,2025-05-08
Pavestone Ventures,44.82,1,2021-10-20,Computer Software,Series A,Pune,1.0,1.0,2021-10-20
Waheed Alli,44.82,1,2016-01-14,Ecommerce,Private Equity,Gurgaon,0.5,2.0,2016-01-14
Nahata Family,44.82,1,2016-01-14,Ecommerce,Private Equity,Gurgaon,0.5,2.0,2016-01-14
Sucseed Venture Partners,44.05,6,2021-05-10,"Fashion, Retail, Ecommerce","Pre-Series A, Unknown, Other","Mumbai, Hyderabad, Noida",0.54,2.14,2021-05-10
Danone Manifesto,44.03,1,2020-06-27,Food,Unknown,Mumbai,0.5,2.0,2020-06-27
Tiger Global Maunknowngement And Blume Ventures,43.99,1,2022-10-08,Information Technology,Seed,Delhi,1.0,1.0,2022-10-08
12 Flags Consumer Holdings,43.5,1,2025-02-16,D2C Hair Extensions & Wigs,Series A,Gurgaon,0.33,3.0,2025-02-16
Cactus Partners,43.16,2,2025-09-25,"Enterprise, Parking Management","Unknown, Unspecified Round","Gurgaon, Noida",0.67,2.0,2025-09-25
Acumen Fund,43.16,4,2016-02-05,"Consumer Internet, Career Development, Dairy Based Product Manufacturer","Private Equity, Seed","Hyderabad, Mumbai, Bhopal",0.88,1.25,2016-02-05
Vipul Parekh,43.16,1,2017-10-09,"Real Estate, Ecommerce","Seed, Private Equity",Bangalore,0.38,3.0,2017-10-09
Bisque Limited,43.16,1,2020-05-01,Coworking,Unknown,Delhi,0.5,2.0,2020-05-01
Suniel Shetty,43.16,1,2024-12-26,"Deeptech Smart Assistance, Iot","Unspecified Round, Series A","Nan, Gurgaon",0.23,4.5,2024-12-26
Link Investment Trust.,43.16,1,2020-05-01,Coworking,Unknown,Delhi,0.5,2.0,2020-05-01
Edge Ventures,43.16,1,2021-06-21,It,Series A,Gurgaon,0.5,2.0,2021-06-21
Manish Patel,43.16,1,2024-12-26,"Deeptech Smart Assistance, Iot","Unspecified Round, Series A","Nan, Gurgaon",0.23,4.5,2024-12-26
Senseai Ventures,43.16,4,2025-05-27,"Ai, Deeptech, Ai Infrastructure","Seed, Bridge","Nan, Noida, Irvine",0.47,3.5,2025-05-27
Sprout Venture Partners,43.1,5,2025-09-27,"Edtech, Fashion, Ecommerce","Seed, Pre-Series A","Pune, Chennai, Delhi",0.51,2.6,2025-09-27
Kishore Ganji,42.83,2,2022-03-20,"Technology, Fintech","Private Equity, Unknown","Hyderabad, Bangalore",0.38,3.0,2022-03-20
Tekton Ventures,42.74,1,2016-01-02,Ecommerce,Private Equity,Mumbai,0.25,4.0,2016-01-02
Tracxn Labs,42.57,5,2020-05-28,"Consumer Internet, Agritech, Ecommerce","Seed, Private Equity","Bangalore, Gurgaon, Nan",0.26,4.17,2020-05-28
Acpi Investments,42.33,1,2021-03-09,Fintech,Unknown,Delhi,0.5,2.0,2021-03-09
Infrastructure Leasing,42.33,1,2020-12-02,Iot,Series B,Pune,0.33,3.0,2020-12-02
Vm Salgaocar Family Office And Rb Investments Pte. Ltd.,42.33,1,2022-07-17,Food,Series A,Gurgaon,1.0,1.0,2022-07-17
Dorm Room Fund,42.33,1,2020-12-02,Iot,Series B,Pune,0.33,3.0,2020-12-02
Fiunknownncial Services Limited,42.33,1,2020-12-02,Iot,Series B,Pune,0.33,3.0,2020-12-02
Bharat Founders Fund,42.14,4,2025-02-26,"Dairy, Pickleball Sports, Agritech","Pre-Seed, Series A","Bangalore, Nan, Hoshiarpur",0.22,5.25,2025-02-26
Karunknowntaka Information Technology Venture Capital Fund,42.0,1,2020-01-28,Deeptech,Unknown,Bangalore,0.5,2.0,2020-01-28
Mohandas Pai,41.92,3,2015-12-19,"Other, Online Rti Application, Restaurant Discount","Seed, Private Equity","Nan, Bangalore, Pune",0.42,2.67,2015-12-19
Atrium Angels,41.67,2,2025-01-16,"Finance Automation And Cash Flow Management, Medical Equipment Procurement","Other, Series A","Bangalore, Gurgaon",0.25,4.5,2025-01-16
Microsoft,41.6,2,2021-08-15,"Ecommerce, Hospitality","Private Equity, Series F","Bangalore, Gurgaon",0.67,2.0,2021-08-15
Rajan Aunknownndan,41.57,10,2018-06-24,"Consumer Internet, Mobile Growth Hackingnplatform, Video Streaming","Seed, Private Equity, Other","Delhi, Bangalore, Mumbai",0.24,4.7,2018-06-24
The Global Ventures,41.5,1,2025-03-15,Ayurvedic Skincare,Seed,Mumbai,0.33,3.0,2025-03-15
Mohit Srivastav,41.5,1,2017-06-02,Technology,Private Equity,Hyderabad,0.25,4.0,2017-06-02
Rajeev Menon,41.5,1,2017-06-02,Technology,Private Equity,Hyderabad,0.25,4.0,2017-06-02
Orange Orbit (As Part Of A $15M Series B Funding Round),41.5,1,2024-12-28,Enterprise Saas Fintech,Unspecified Round,Gurgaon,1.0,1.0,2024-12-28
Harshil Mathur,41.5,1,2021-02-08,Edtech,Series A,Bangalore,0.5,2.0,2021-02-08
Accel Partners And Saama Capital,41.5,1,2018-03-01,Technology,Private Equity,Noida,0.5,2.0,2018-03-01
German Development Fiunknownnce Institution Deg,41.5,1,2020-01-24,Fintech,Unknown,Delhi,1.0,1.0,2020-01-24
Bren Corporation,41.5,1,2015-12-10,Online Branded Furniture Etailer,Private Equity,Bangalore,1.0,1.0,2015-12-10
Paradigm Shift,41.5,1,2025-01-02,Property Title Search Engine,Other,Hyderabad,0.2,5.0,2025-01-02
Sequioa,41.5,1,2021-09-13,Computer Software,Seed,Pune,0.5,2.0,2021-09-13
10X Founders Fund,41.5,1,2025-01-02,Property Title Search Engine,Other,Hyderabad,0.2,5.0,2025-01-02
Knoll Ventures And Others,41.5,1,2015-09-05,Big Data Management,Private Equity,Bangalore,0.5,2.0,2015-09-05
Kantilal Patel,41.5,1,2018-07-11,Healthcare,Other,Hyderabad,1.0,1.0,2018-07-11
Recruit Holdings,41.5,1,2016-10-26,Consumer Internet,Private Equity,Bangalore,1.0,1.0,2016-10-26
Sogal Ventures,41.5,1,2025-03-15,Ayurvedic Skincare,Seed,Mumbai,0.33,3.0,2025-03-15
S7 Group,41.5,1,2018-02-06,Technology,Private Equity,Mumbai,1.0,1.0,2018-02-06
Omidyar Network And Shunwei Capital,41.5,1,2018-08-03,Healthcare,Private Equity,Delhi,0.5,2.0,2018-08-03
Ramaunknown Thummu,41.5,1,2025-02-10,Digital Avatars & Holography Ai/Vr,Pre-Series A,Hyderabad,0.25,4.0,2025-02-10
Fiscal,41.5,1,2020-01-27,Fintech,Debt,Mumbai,0.5,2.0,2020-01-27
Marc Jordan,41.5,1,2025-02-10,Digital Avatars & Holography Ai/Vr,Pre-Series A,Hyderabad,0.25,4.0,2025-02-10
Madhusudan Kela,41.5,1,2025-02-10,Digital Avatars & Holography Ai/Vr,Pre-Series A,Hyderabad,0.25,4.0,2025-02-10
Pushpak Credit,41.5,1,2020-01-27,Fintech,Debt,Mumbai,0.5,2.0,2020-01-27
Akash Bhanshali,41.5,1,2025-02-10,Digital Avatars & Holography Ai/Vr,Pre-Series A,Hyderabad,0.25,4.0,2025-02-10
Advantedge Partners,41.5,2,2016-12-26,"Consumer Internet, Ecommerce",Private Equity,Delhi,0.38,3.0,2016-12-26
Venkat Vallabhaneni,41.5,1,2017-06-02,Technology,Private Equity,Hyderabad,0.25,4.0,2017-06-02
Snow Leopard,41.5,1,2015-06-20,Auto Rickshaw Based,Private Equity,Chandigarh,0.5,2.0,2015-06-20
Kjs Group,41.5,1,2015-05-19,Lifestyle Ecommerce Portal,Private Equity,Gurgaon,1.0,1.0,2015-05-19
Infosys,41.5,2,2021-03-15,"Drone, Performance Optimization For Athletes","Unknown, Private Equity","Mumbai, Boston",0.75,1.5,2021-03-15
Symbiotics Group,41.5,1,2024-11-10,Fintech,Debt,Mumbai,1.0,1.0,2024-11-10
Startupxseed,41.5,2,2025-04-04,"Ai, Digital For Banking Sector",Seed,"Gurgaon, Delhi",0.62,2.5,2025-04-04
Dmg Information Asia Pacific,41.5,1,2015-07-01,Real Estate Rating & Analysis,Private Equity,Delhi,1.0,1.0,2015-07-01
Anushka Iyer And Prattyush Shahane,41.5,1,2022-05-03,Agritech,Angel,Mumbai,1.0,1.0,2022-05-03
Impanix Capital,41.5,1,2017-05-07,Consumer Internet,Private Equity,Delhi,1.0,1.0,2017-05-07
Pi Ventures And Stellaris Venture Partners,41.5,1,2022-04-04,Software,Seed,Delhi,1.0,1.0,2022-04-04
Shinji Kimura,41.5,1,2015-11-19,Alternate Mobile Monetization,Private Equity,Mumbai,0.14,7.0,2015-11-19
Titan Co Ltd,41.5,1,2017-11-09,Technology,Private Equity,Bangalore,0.5,2.0,2017-11-09
Usunknownbased,41.5,1,2025-02-20,Iot & Data Analytics,Series A,Noida,0.33,3.0,2025-02-20
Indian Family Offices,41.5,1,2025-02-20,Iot & Data Analytics,Series A,Noida,0.33,3.0,2025-02-20
Rtpunknownhc,41.5,1,2016-11-23,Technology,Private Equity,Bangalore,0.25,4.0,2016-11-23
Techstars Ventures,41.5,1,2016-11-23,Technology,Private Equity,Bangalore,0.25,4.0,2016-11-23
Wonder Ventures,41.5,1,2016-11-23,Technology,Private Equity,Bangalore,0.25,4.0,2016-11-23
Velo Partners,41.5,1,2021-08-06,Fintech,Pre-Series A,Bangalore,0.5,2.0,2021-08-06
Sundar Chanrai,41.5,1,2015-11-19,Alternate Mobile Monetization,Private Equity,Mumbai,0.14,7.0,2015-11-19
Singtel\\Xe2\\X80\\X99S Innov8,41.5,1,2015-11-19,Alternate Mobile Monetization,Private Equity,Mumbai,0.14,7.0,2015-11-19
Sunder Ramachandran,41.5,1,2025-04-28,Multibrand,Series A,Mumbai,0.5,2.0,2025-04-28
Segnel Venture,41.5,1,2015-11-19,Alternate Mobile Monetization,Private Equity,Mumbai,0.14,7.0,2015-11-19
K Ganesh,41.5,1,2015-11-19,Alternate Mobile Monetization,Private Equity,Mumbai,0.14,7.0,2015-11-19
Micelio,41.5,1,2022-01-16,Aviation & Aerospace,Pre-Series A,Chennai,0.5,2.0,2022-01-16
Exponentia Ventures,41.5,1,2022-01-12,Food,Seed,Mumbai,1.0,1.0,2022-01-12
Guild Capital,41.5,1,2021-12-22,Healthcare,Series A,Mumbai,0.5,2.0,2021-12-22
Aurum Proptech,41.5,1,2021-12-26,Real Estate,Unknown,Bangalore,1.0,1.0,2021-12-26
Smallcase,41.5,1,2021-11-05,Fintech,Unknown,Bangalore,1.0,1.0,2021-11-05
Silver Needle,41.5,1,2025-01-11,Deeptech Neuroscience,Pre-Series A,Bangalore,0.33,3.0,2025-01-11
Lightbox Ventures And Others,41.5,1,2016-09-26,Ecommerce,Private Equity,Bangalore,1.0,1.0,2016-09-26
Zerodha’S Rainmatter,41.5,1,2025-02-21,D2C Sexual Wellness Healthtech,Series A,Mumbai,0.2,5.0,2025-02-21
Siddhartha Sacheti (Jaipur Diamond),41.5,1,2025-02-21,D2C Sexual Wellness Healthtech,Series A,Mumbai,0.2,5.0,2025-02-21
Mithun Sacheti (Caratlane),41.5,1,2025-02-21,D2C Sexual Wellness Healthtech,Series A,Mumbai,0.2,5.0,2025-02-21
Claris Capital,41.5,1,2025-02-21,D2C Sexual Wellness Healthtech,Series A,Mumbai,0.2,5.0,2025-02-21
Ashish Kashyap,41.5,2,2021-07-08,"Other, Healthcare","Seed, Unknown","Nan, Bangalore",0.29,3.5,2021-07-08
Shaival Desai,41.5,2,2021-09-14,"Healthcare, Food","Other, Seed","Gurgaon, Pune",0.5,2.0,2021-09-14
Yugadi Capital,41.5,1,2025-05-07,Qsr,Other,Gurgaon,1.0,1.0,2025-05-07
Tata Group\\Xe2\\X80\\X99S Watch And Jewellery Retailing Firm,41.5,1,2017-11-09,Technology,Private Equity,Bangalore,0.5,2.0,2017-11-09
Globaz Technologies,41.5,1,2025-09-24,Advanced Hardware & Technology,Pre-Series A,Bangalore,1.0,1.0,2025-09-24
Samyakth Capital,41.5,1,2020-10-08,Fintech,Seed,Mumbai,0.5,2.0,2020-10-08
Elevar Equity.,41.5,1,2022-11-25,Healthcare,Series A,Bhubaneswar,1.0,1.0,2022-11-25
Bluehill Capital,41.5,1,2024-08-07,Healthcare,Seed,Bangalore,0.2,5.0,2024-08-07
Big Global Investments Jsc,41.5,1,2024-08-07,Healthcare,Seed,Bangalore,0.2,5.0,2024-08-07
Yournest Vc,41.5,1,2021-12-04,Automotive,Pre-Series A,Bangalore,1.0,1.0,2021-12-04
Z47 And Lightspeed,41.5,1,2025-04-08,Edtech,Pre-Series A,Bangalore,1.0,1.0,2025-04-08
Hyperplane Venture Capital,41.5,1,2021-01-23,Biotechnology,Pre-Series A,Delhi,1.0,1.0,2021-01-23
Bharat Inclusion Seed Fund,41.5,1,2021-03-13,Fintech,Series A,Bangalore,0.5,2.0,2021-03-13
Raju Reddy,41.5,1,2015-06-13,Data Driven Recruitment Recommendation,Private Equity,Bangalore,0.2,5.0,2015-06-13
Peak Xv'S Surge,41.5,1,2024-09-15,Villa And Apartment Management,Series A,Nan,0.33,3.0,2024-09-15
And Other Angel Investors,41.5,1,2024-09-15,Villa And Apartment Management,Series A,Nan,0.33,3.0,2024-09-15
Xponentia Capital Partners,41.5,1,2021-10-19,Consumer Goods,Unknown,Ahmedabad,1.0,1.0,2021-10-19
Indian Quotient,41.5,1,2015-03-19,Other,Private Equity,Nan,0.33,3.0,2015-03-19
Vikasa India Eif Fund,41.5,1,2025-10-28,Fintech,Seed,Nan,1.0,1.0,2025-10-28
Brazilian Vc Fund Confrapar,41.5,1,2020-01-07,Fintech,Unknown,Nan,1.0,1.0,2020-01-07
A Dutch Government Fund,41.5,1,2019-01-18,Fintech,Debt,Chennai,0.5,2.0,2019-01-18
India Quotient And Farid Ahsan,41.5,1,2022-05-03,Software,Seed,Gurgaon,1.0,1.0,2022-05-03
Massif,41.5,1,2019-01-18,Fintech,Debt,Chennai,0.5,2.0,2019-01-18
Rohto Pharmaceutical,41.5,1,2017-05-08,Ecommerce,Private Equity,Kolkata,1.0,1.0,2017-05-08
Baring Pe India,41.5,1,2022-02-22,Defense & Space,Pre-Series A,Bangalore,0.5,2.0,2022-02-22
Dsp Group Family Office,41.5,1,2025-10-24,Fintech,Seed,Nan,1.0,1.0,2025-10-24
Prime Vp,41.5,1,2021-07-21,Healthcare,Series A,Bangalore,1.0,1.0,2021-07-21
Samantha Prabhu,41.5,1,2024-10-20,Wellness,Seed,Mumbai,1.0,1.0,2024-10-20
And Ramakant Sharma,41.5,1,2018-07-17,Consumer Internet,Private Equity,Mumbai,0.25,4.0,2018-07-17
\\Xc2\\Xa0 Varaprasad Reddy,41.5,1,2015-03-01,Other,Private Equity,Nan,0.5,2.0,2015-03-01
Unitus Impact Livelihoods Fund,41.5,1,2015-12-26,B2B Ecommerce,Private Equity,Bangalore,0.5,2.0,2015-12-26
New Atlantic Ventures,41.5,1,2019-04-19,Transportation,Venture,Gurgaon,1.0,1.0,2019-04-19
Quotient,41.5,1,2018-09-04,Fintech,Private Equity,Mumbai,0.25,4.0,2018-09-04
Golden Sparrow Ventures,41.5,1,2024-08-07,Healthcare,Seed,Bangalore,0.2,5.0,2024-08-07
Pearl Investment Llc,41.5,1,2021-07-23,Edtech,Series A,Bangalore,1.0,1.0,2021-07-23
Season Two Ventures,41.5,2,2021-09-22,"Healthcare, Computer Software",Pre-Series A,Bangalore,0.42,2.5,2021-09-22
Christian Oestlien,41.5,1,2022-03-08,Software Development,Seed,Bangalore,0.5,2.0,2022-03-08
Aspada Advisors,41.5,1,2016-02-21,Consumer Internet,Private Equity,Mumbai,0.33,3.0,2016-02-21
Foxhog Ventures / Ideas Tih,41.5,1,2025-10-25,High > Ai Infrastructure,Seed,Nan,1.0,1.0,2025-10-25
Unitus Ventures.,41.5,2,2020-02-26,"Other, Fintech","Series A, Pre-Series A","Bangalore, Mumbai",0.62,2.5,2020-02-26
Garuda Aerospace,41.5,1,2025-03-28,Drone Manufacturing,Strategic Investment,Chennai,1.0,1.0,2025-03-28
Kotak Alterunknownte Asset Maunknowngers,41.5,1,2024-09-06,D2C Retail,Series A,Delhi,0.5,2.0,2024-09-06
1Digi Investment Maunknowngement,41.5,1,2022-02-01,Computer Software,Pre-Series A,Bangalore,1.0,1.0,2022-02-01
\\Xc2\\Xa0 Inventus Capital,41.5,1,2016-02-21,Consumer Internet,Private Equity,Mumbai,0.33,3.0,2016-02-21
Ask Pravi,41.5,1,2015-06-19,It / Customer Engagement Consulting,Private Equity,Mumbai,1.0,1.0,2015-06-19
Pacific Horizon,41.5,1,2020-04-27,Food,Unknown,Gurgaon,1.0,1.0,2020-04-27
Proparco,41.5,1,2024-09-28,Agritech,Unspecified Round,Mumbai,1.0,1.0,2024-09-28
Tata Capital Innovation Fund,41.5,1,2016-01-20,Consumer Internet,Private Equity,Mumbai,1.0,1.0,2016-01-20
Helion Ventures Partners,41.5,1,2017-10-21,Ecommerce,Private Equity,Bangalore,1.0,1.0,2017-10-21
Ideaspring Capital,41.09,6,2025-04-20,"Technology, Conversational Ai, Healthcare","Seed, Series A, Pre-Series A","Bangalore, Chennai, Kolkata",0.92,1.17,2025-04-20
Huddle Ventures,40.67,4,2025-07-01,"Ecommerce, Healthcare, Retail Luxury Goods And Jewellery","Seed, Pre-Seed","Noida, Gurgaon, Mumbai",0.47,4.0,2025-07-01
. Venture Catalysts And 9Unicorns Accelerator Fund,40.67,1,2022-07-24,Ai,Seed,Bangalore,1.0,1.0,2022-07-24
Justin Mateen,40.67,2,2021-12-06,"Social Commerce, Real Estate",Seed,"Delhi, Mumbai",0.67,2.0,2021-12-06
Dharmil Sheth And Siddharth Bhaskar Shah,40.67,1,2022-05-14,Edtech,Unknown,Mumbai,1.0,1.0,2022-05-14
Auxano Capital,40.67,3,2024-08-21,"Edtech, Retail, Digital For Banking Sector","Unknown, Pre-Series A, Seed","Delhi, Mumbai",0.47,3.67,2024-08-21
M Venture Partners,40.61,3,2025-09-27,"Luxury Goods & Jewelry, Farming, Ecommerce","Seed, Unknown","Gurgaon, Bangalore, Delhi",0.5,2.0,2025-09-27
Accel Partners And Qualcomm,40.59,1,2019-06-18,Ecommerce,Unknown,Gurgaon,0.5,2.0,2019-06-18
Seedplus,40.46,2,2016-10-11,"Technology, Ecommerce",Private Equity,"Bangalore, Noida",0.33,3.0,2016-10-11
New India Investment Corporation,40.26,1,2015-07-12,Payment,Private Equity,Bangalore,0.5,2.0,2015-07-12
Capricon Realty Private Limited (Thackersey Group),40.0,1,2025-01-11,Commercial Real Estate,Series A,Mumbai,1.0,1.0,2025-01-11
Blacksoil And Caspian Impact Investments,40.0,1,2025-05-06,Omnichannel Jewellery,Debt,Bangalore,1.0,1.0,2025-05-06
Up Government'S Fund,40.0,1,2024-08-11,Investment Fund,Other,Gurgaon,0.5,2.0,2024-08-11
South Park Commons,39.84,1,2025-07-01,Ai,Seed,Indore,0.2,5.0,2025-07-01
Helix Investments,39.84,1,2018-06-02,Technology,Private Equity,Mumbai,1.0,1.0,2018-06-02
No Label Ventures,39.84,1,2025-07-01,Ai,Seed,Indore,0.2,5.0,2025-07-01
Start Ventures,39.84,1,2025-07-01,Ai,Seed,Indore,0.2,5.0,2025-07-01
Zoomcar Inc,39.84,1,2020-01-01,Transport & Rentals,Unknown,Bangalore,1.0,1.0,2020-01-01
Dinesh J Hinduja,39.84,1,2020-04-10,Fintech,Series F,Bangalore,0.5,2.0,2020-04-10
Amazon Inc`,39.84,1,2020-04-10,Fintech,Series F,Bangalore,0.5,2.0,2020-04-10
Ankur Aggarwal And Vikas Choudhury,39.84,1,2022-05-03,Fintech,Seed,Bangalore,1.0,1.0,2022-05-03
Aneesh Reddy,39.35,4,2017-12-15,"Other, Ecommerce, Technology","Seed, Other, Private Equity","Bangalore, Nan, Gwalior",0.2,5.5,2017-12-15
. Chetan Nigam And Rahul Gambhir,39.14,1,2022-09-23,Fintech,Pre-Seed,Gurgaon,1.0,1.0,2022-09-23
Nederlandse Fiunknownncieringsunknownmaatschappij Voor Ontwikkelingslanden N.V.,39.01,1,2018-01-21,Fintech,Debt,Ahmedabad,1.0,1.0,2018-01-21
Mga Ventures,39.01,1,2025-09-20,Enterprise,Series A,Mumbai,0.5,2.0,2025-09-20
Kvanto Payment Services,39.01,1,2021-10-23,Information Technology &,Unknown,Mumbai,1.0,1.0,2021-10-23
Rameez Menon And Renu Satti,39.01,1,2022-08-28,Information Technology,Pre-Seed,Gurgaon,1.0,1.0,2022-08-28
Draper Dragon And Dragon Capital Group,39.01,1,2022-05-03,Crypto Currency,Unknown,Bangalore,1.0,1.0,2022-05-03
Deg,39.01,1,2020-11-10,Fintech,Unknown,Delhi,0.5,2.0,2020-11-10
Kfw Deg,39.01,1,2020-11-10,Fintech,Unknown,Delhi,0.5,2.0,2020-11-10
Trtl Vc,39.01,2,2024-08-13,"B2B Healthcare Financing, Fintech","Seed, Other",Delhi,0.27,4.0,2024-08-13
Sarva Capital,39.01,1,2016-03-15,Fintech,Private Equity,Chennai,1.0,1.0,2016-03-15
Brickwork,39.0,1,2024-08-05,Sports,Equity,Delhi,1.0,1.0,2024-08-05
Aspada Investment Advisors,38.59,2,2016-03-11,"Consumer Internet, Language Localization Cloud","Seed, Private Equity",Bangalore,0.5,2.0,2016-03-11
Tvs Motor Company,38.54,2,2020-10-12,"Ecommerce, Automation, Automobiles","Series B, Seed",Bangalore,1.0,1.0,2020-10-12
Sunil Kumar Singhvi,38.45,3,2025-02-20,"Saas, Beverage, Food","Seed, Unknown","Indore, Chennai",0.29,4.25,2025-02-20
Rohit Bansal And 9Unicorns Accelerator Fund,38.18,1,2022-05-14,Retail Technology,Unknown,Bangalore,1.0,1.0,2022-05-14
Imj Investment Partners,38.18,1,2017-04-20,Consumer Internet,Private Equity,Gurgaon,0.2,5.0,2017-04-20
Flair Writing Family Office,38.18,1,2025-06-18,Ecommerce,Series A,Delhi,0.08,13.0,2025-06-18
Eagle Venture Fund,38.18,1,2025-06-18,Ecommerce,Series A,Delhi,0.08,13.0,2025-06-18
Cyberagent Ventures,38.18,1,2017-04-20,Consumer Internet,Private Equity,Gurgaon,0.2,5.0,2017-04-20
Ag Ventures,38.18,1,2025-06-18,Ecommerce,Series A,Delhi,0.08,13.0,2025-06-18
Accurize Syndicate,38.18,1,2025-06-18,Ecommerce,Series A,Delhi,0.08,13.0,2025-06-18
Sourabh Jain,38.18,1,2025-06-18,Ecommerce,Series A,Delhi,0.08,13.0,2025-06-18
Vedang Patel,38.18,1,2025-06-18,Ecommerce,Series A,Delhi,0.08,13.0,2025-06-18
Founder Collective,38.18,1,2017-06-27,Technology,Private Equity,Bangalore,0.5,2.0,2017-06-27
Harsh Lal,38.18,1,2025-06-18,Ecommerce,Series A,Delhi,0.08,13.0,2025-06-18
Hinduja Leyland Fiunknownnce And Intellegrow,38.18,1,2018-04-20,Fintech,Debt,Gurgaon,0.5,2.0,2018-04-20
Rohin Samtaney,38.18,1,2025-06-18,Ecommerce,Series A,Delhi,0.08,13.0,2025-06-18
Blueorchard Fiunknownnce Ltd,38.18,1,2018-04-20,Fintech,Debt,Gurgaon,0.5,2.0,2018-04-20
Strive,38.18,1,2022-02-28,Information Technology &,Unknown,Bangalore,0.5,2.0,2022-02-28
Better Capital And Rtp Globa,38.18,1,2022-05-26,Construction,Seed,Nan,1.0,1.0,2022-05-26
Aavishkar Capital,38.16,1,2020-04-26,Agritech,Unknown,Bangalore,1.0,1.0,2020-04-26
Peercapital,37.43,2,2025-07-03,"B2B Tyre, Ecommerce","Unspecified Round, Pre-Series A","Delhi, Bangalore",0.38,3.0,2025-07-03
Inflection Point Ventures (Ipv),37.41,4,2025-05-11,"Fintech, Healthcare, D2C Health Foods","Seed, Growth, Unknown","Bangalore, Delhi, Mumbai",0.62,2.5,2025-05-11
Bizreach,37.35,1,2017-04-06,Consumer Internet,Private Equity,Bangalore,0.17,6.0,2017-04-06
Saama Capital And Dsg Consumer Partners,37.35,1,2017-10-22,Consumer Internet,Private Equity,Gurgaon,1.0,1.0,2017-10-22
The Grover Trust,37.35,1,2017-06-18,Consumer Internet,Private Equity,Bangalore,0.33,3.0,2017-06-18
Including Piyush Jain,37.35,1,2024-12-15,Supply Fintech,Pre-Series A,Bangalore,0.33,3.0,2024-12-15
And Mintcap,37.35,1,2024-12-15,Supply Fintech,Pre-Series A,Bangalore,0.33,3.0,2024-12-15
Dhi Group Inc,37.35,1,2017-04-06,Consumer Internet,Private Equity,Bangalore,0.17,6.0,2017-04-06
Insitor Impact Asia Fund,37.35,2,2020-01-12,"Consumer Internet, Agritech","Private Equity, Seed","Mumbai, Nan",0.5,2.0,2020-01-12
Yash Sehgal,37.35,1,2022-11-20,Ecommerce,Series A,Bangalore,0.25,4.0,2022-11-20
Asia Pacific Internet Group,37.35,1,2015-01-09,Other,Private Equity,Nan,1.0,1.0,2015-01-09
Atrium Ventures,37.35,1,2025-02-09,Devicesasaservice Daas,Pre-Series A,Bangalore,0.17,6.0,2025-02-09
Vishwang Desai,37.35,1,2025-01-21,D2C Food,Series A,Mumbai,0.2,5.0,2025-01-21
Dileep Nath,37.35,1,2017-04-17,Logistics,Private Equity,Mumbai,0.33,3.0,2017-04-17
Vcunknowngrid,37.35,1,2025-01-21,D2C Food,Series A,Mumbai,0.2,5.0,2025-01-21
Shilpa Shetty,37.35,1,2025-01-21,D2C Food,Series A,Mumbai,0.2,5.0,2025-01-21
Gautam Chopra,37.35,1,2022-11-20,Ecommerce,Series A,Bangalore,0.25,4.0,2022-11-20
Abhishek Kumar,37.35,1,2022-11-20,Ecommerce,Series A,Bangalore,0.25,4.0,2022-11-20
Work10M,37.35,1,2020-12-04,"Other, Work Fulfillment","Series A, Unknown",Bangalore,0.38,3.0,2020-12-04
Jounknownthan Boutelle,37.35,1,2020-10-05,Technology,Seed,San Francisco,0.5,2.0,2020-10-05
Udaan,37.35,1,2021-11-20,Information Technology &,Unknown,Ahmedabad,0.33,3.0,2021-11-20
Varanium Capital Advisors And 500 Startups,37.35,1,2022-08-14,Information&Technology,Seed,Bangalore,1.0,1.0,2022-08-14
Touchstone Ventures,37.35,1,2025-02-09,Devicesasaservice Daas,Pre-Series A,Bangalore,0.17,6.0,2025-02-09
North Base Media,37.35,2,2020-04-01,"Digital Media, Technology","Series A, Private Equity","Gurgaon, Mumbai",0.57,4.0,2020-04-01
Upfront Ventures,37.35,1,2020-10-21,Fintech,Seed,New York,0.5,2.0,2020-10-21
Harvard Maunknowngement,37.35,1,2021-12-19,Fintech,Seed,Bangalore,0.5,2.0,2021-12-19
Wavemaker Partners,37.35,1,2021-07-24,"Ayurveda, Healthcare","Pre-Series A, Series A","Gurgaon, Delhi",0.42,2.5,2021-07-24
Weh,37.35,1,2021-09-26,Fintech,Pre-Series A,Bangalore,0.25,4.0,2021-09-26
Unknown Existing Investors As Well As The Tamarind Family Trust,37.35,1,2018-06-18,Technology,Private Equity,Mumbai,1.0,1.0,2018-06-18
Kuunknownl Kiunknownlekar,37.35,1,2022-11-20,Ecommerce,Series A,Bangalore,0.25,4.0,2022-11-20
Ivycap Ventures Advisors,37.35,2,2025-10-21,"Ecommerce, Media & Entertainment > Film & Tv Studios","Private Equity, Series B","Delhi, Nan",0.75,1.5,2025-10-21
Walkabout Ventures,37.35,1,2020-10-21,Fintech,Seed,New York,0.5,2.0,2020-10-21
Ameera Shah,37.33,4,2025-07-04,"Consumer Internet, Technology, Healthcare",Seed,"Bangalore, Delhi, Gurgaon",0.37,3.5,2025-07-04
Rajesh Sawhney,37.19,3,2025-01-13,"Food, Hotel Booking, Climate","Pre-Series A, Seed, Initial Funding","Noida, Bangalore",0.29,3.67,2025-01-13
Stem Ai,37.0,1,2025-04-11,Fintech,Unspecified Round,Delhi,0.25,4.0,2025-04-11
10X Founders,37.0,1,2025-04-11,Fintech,Unspecified Round,Delhi,0.25,4.0,2025-04-11
Leblon Capital,37.0,1,2025-04-11,Fintech,Unspecified Round,Delhi,0.25,4.0,2025-04-11
Marquee Investors,36.93,3,2021-06-20,"Cultural, Agritech, Ai Health","Unknown, Pre-Series A","Pune, Noida, Gurgaon",0.75,2.0,2021-06-20
Sunicon Ventures,36.9,3,2025-02-02,"Battery, Ai, Hospitality","Seed, Pre-Series A","Bangalore, Dover, Mumbai",0.36,3.0,2025-02-02
Ht Media Ltd,36.52,1,2016-05-24,Ecommerce,Private Equity,Delhi,1.0,1.0,2016-05-24
Marsshot Ventures,36.0,1,2025-01-17,Waste Management,Series A,Jaipur,0.14,7.0,2025-01-17
Vyom Wealth,36.0,1,2025-01-17,Waste Management,Series A,Jaipur,0.14,7.0,2025-01-17
Sn Capital,36.0,1,2025-01-17,Waste Management,Series A,Jaipur,0.14,7.0,2025-01-17
Chaunknownkya Opportunities Fund,36.0,1,2025-04-05,Agritech,Other,Gurgaon,1.0,1.0,2025-04-05
Equentis,35.94,2,2025-09-24,"Ecommerce, Ice Cream","Unknown, Angel","Cuttack, Mumbai",1.0,1.0,2025-09-24
Tano India,35.91,1,2020-06-25,Beauty,Unknown,Mumbai,0.33,3.0,2020-06-25
L’Occitane,35.91,1,2020-06-25,Beauty,Unknown,Mumbai,0.33,3.0,2020-06-25
Rajul Garg,35.77,4,2020-11-13,"Consumer Internet, Edtech","Seed, Private Equity","Bangalore, Delhi, Noida",0.32,3.5,2020-11-13
Supera Investments,35.76,1,2020-08-13,"Technology, Ecommerce",Unknown,Mumbai,1.0,1.0,2020-08-13
Micelio Fund,35.69,2,2021-11-25,"Ev, Automotive",Seed,"Bangalore, Hyderabad",0.5,2.0,2021-11-25
Sujeet Kumar And All In Capital,35.69,1,2022-09-06,Food,Seed,Bangalore,1.0,1.0,2022-09-06
Other Hnis,35.69,2,2017-02-01,"Asset Financing, Consumer Internet","Seed, Private Equity","Mumbai, Chennai",0.42,2.5,2017-02-01
Monta Vista Capital,35.69,1,2024-09-13,Ai,Seed,Nan,0.33,3.0,2024-09-13
Shadow Ventures,35.69,1,2024-09-13,Ai,Seed,Nan,0.33,3.0,2024-09-13
Golden Sparrow,35.28,2,2024-12-12,"Product Design, Photonic Quantum Technology","Series A, Seed",Bangalore,0.29,3.5,2024-12-12
Swastika,35.28,2,2020-12-27,"Logistics, Healthcare","Unknown, Seed","Delhi, Gurgaon",1.0,1.0,2020-12-27
Tomorrow Capital,35.19,3,2024-11-11,"Edtech, Fintech, Techenabled Fertility","Seed, Unknown, Pre-Series A","Mumbai, Gurgaon",1.0,1.0,2024-11-11
Raghav Bahl,35.07,2,2020-01-20,"Data Driven Publishing, Technology, Community Driven News/Views","Private Equity, Series A, Seed","Bangalore, Delhi",0.67,1.67,2020-01-20
Shuchi Kothari (Dsp Family Office),35.0,1,2025-02-18,Womens Wellness & Hygiene,Other,Mumbai,0.33,3.0,2025-02-18
Samir Singh (Colgate Palmolive),35.0,1,2025-02-18,Womens Wellness & Hygiene,Other,Mumbai,0.33,3.0,2025-02-18
Srinivasan Namala,35.0,2,2025-02-26,"Plantbased Nutrition D2C Wellness, Beer","Seed, Series A","Hyderabad, Delhi",0.6,3.0,2025-02-26
Dr. Ranjan Pai,34.86,2,2018-01-14,"Technology, Consumer Internet","Private Equity, Seed",Bangalore,0.75,1.5,2018-01-14
Letsventure And Arihant Patni,34.86,1,2022-08-06,Edtech,Seed,Bangalore,1.0,1.0,2022-08-06
Marquee Angels,34.86,1,2021-09-26,Fintech,Seed,Bangalore,0.25,4.0,2021-09-26
And Pravega Ventures,34.86,1,2018-08-01,Fintech,Private Equity,Bangalore,0.25,4.0,2018-08-01
Aditya Agarwal,34.86,2,2021-09-15,"Technology, Food","Private Equity, Seed",Bangalore,0.2,5.5,2021-09-15
Stellaris Venture Partners And Mayur Abhaya Srisrimal,34.86,1,2018-05-22,Healthcare,Private Equity,Bangalore,0.5,2.0,2018-05-22
Soma Capital,34.86,3,2022-02-08,"Fintech, Consumer Internet","Seed, Private Equity","Mumbai, Gurgaon",0.34,3.33,2022-02-08
Hdfc,34.86,1,2016-10-09,"Sports Education, Technology",Private Equity,Mumbai,0.29,3.5,2016-10-09
Elevate Sports,34.86,1,2016-10-09,"Sports Education, Technology",Private Equity,Mumbai,0.29,3.5,2016-10-09
Faad Network,34.86,3,2024-12-17,"Marketing, Sustainable Investment, Hospitality","Unknown, Other, Pre-Series A","Gurgaon, Mumbai",0.31,4.0,2024-12-17
Sahil Barua,34.86,2,2021-12-02,"Retail, Online Food Ordering & Delivery","Series A, Seed","Kolkata, Gurgaon",0.38,3.0,2021-12-02
Maunknownn Maheshwari,34.86,1,2020-10-10,Content,Series A,Mumbai,0.5,2.0,2020-10-10
Peak Xv (Surge),34.86,1,2025-09-01,Ai,Pre-Series A,Bangalore,1.0,1.0,2025-09-01
Indus Way Emerging Market Fund,34.6,1,2025-02-11,D2C Wellness,Other,Mumbai,0.5,2.0,2025-02-11
Gsf,34.2,4,2025-10-11,"Other, Traveltech, Ai","Seed, Unknown","Nan, Delhi, Gurgaon",0.42,3.2,2025-10-11
Indian Angel Network And Rahul Suraunknown,34.11,1,2022-09-24,Food,Seed,Mumbai,1.0,1.0,2022-09-24
Amit Lakhotia,34.03,3,2025-06-20,"Ai, Fintech, Edtech","Unknown, Seed","Gurgaon, Delhi, Bangalore",0.37,4.33,2025-06-20
Enetra India,34.03,1,2025-09-06,Travel,Pre-Series A,Delhi,1.0,1.0,2025-09-06
Deutsche Telekom Strategic Investments,34.03,1,2017-01-03,Technology,Private Equity,Mumbai,0.5,2.0,2017-01-03
Bizdateup,33.9,4,2024-12-17,"Electric Vehicles, Pharmaceutical Packaging, Ev","Seed, Ipo, Pre-Series A","Delhi, Chennai",0.83,1.5,2024-12-17
Advent Maunknowngement,33.61,1,2020-03-28,Food,Unknown,Bangalore,0.33,3.0,2020-03-28
Trifecta Venture,33.61,1,2020-03-28,Food,Unknown,Bangalore,0.33,3.0,2020-03-28
Ia,33.5,1,2024-08-01,Real Estate,Series A,Noida,0.25,4.0,2024-08-01
Veeunknown Jindal,33.5,1,2024-08-01,Real Estate,Series A,Noida,0.25,4.0,2024-08-01
Rb Investments Pte. Ltd,33.45,2,2020-11-20,"Hospitality, Cosmetics","Series B, Unknown, Debt","Gurgaon, Mumbai",0.5,2.0,2020-11-20
Rb Interunknowntiounknownl,33.2,1,2017-06-09,Consumer Internet,Private Equity,Noida,0.5,2.0,2017-06-09
Apoorva Mehta,33.2,1,2022-02-12,Marketing & Advertising,Pre-Series A,Bangalore,0.5,2.0,2022-02-12
M2P Fintech,33.2,1,2021-09-16,Fintech,Unknown,Mumbai,1.0,1.0,2021-09-16
Race Capital,33.2,1,2025-05-16,Enterprise Ai Security And Governance,Seed,Pune,1.0,1.0,2025-05-16
American Express Ventures,33.2,1,2016-12-26,Consumer Internet,Private Equity,Delhi,0.25,4.0,2016-12-26
Dewan Housing Fiunknownnce Corp,33.2,1,2017-05-22,Consumer Internet,Private Equity,Pune,0.5,2.0,2017-05-22
Magnus Capital,33.2,2,2022-02-13,"Crypto, Sports",Seed,"Mumbai, Noida",0.23,4.5,2022-02-13
Rajan Bajaj,33.2,1,2022-02-12,Fintech,Unknown,Mumbai,0.5,2.0,2022-02-12
Kimera Ltd,33.2,1,2020-06-16,Edtech,Unknown,Nan,1.0,1.0,2020-06-16
Siddhiviunknownyak Skyscrapers,33.2,1,2016-02-16,Ecommerce,Private Equity,Pune,0.33,3.0,2016-02-16
Incofin’S India Progress Fund,33.2,1,2021-09-17,Retail,Series A,Mumbai,1.0,1.0,2021-09-17
. Kuunknownl Shah And Orios Venture Partners,33.2,1,2022-12-19,Agtech,Seed,Delhi,1.0,1.0,2022-12-19
Awign Enterprises,33.2,1,2021-01-18,Fintech,Unknown,Mumbai,1.0,1.0,2021-01-18
Idg Ventures India Advisors,33.2,1,2017-07-16,Technology,Private Equity,Pune,0.5,2.0,2017-07-16
Ultrahuman Founders,33.2,1,2024-09-23,Dating,Other,Nan,0.25,4.0,2024-09-23
The Souled Store Founders,33.2,1,2024-09-23,Dating,Other,Nan,0.25,4.0,2024-09-23
Dinesh R. Challa,33.2,1,2016-02-16,Ecommerce,Private Equity,Pune,0.33,3.0,2016-02-16
Paytm Founders,33.2,1,2024-09-23,Dating,Other,Nan,0.25,4.0,2024-09-23
Roundglass Partners,33.2,3,2016-12-07,"Consumer Internet, Corporate Wellness",Private Equity,"Gurgaon, Bangalore",1.0,1.0,2016-12-07
Srinivas Anumolu,33.2,1,2021-03-19,Automotive,Series A,Delhi,0.5,2.0,2021-03-19
Cyber Carrier Vc,33.2,1,2016-12-26,Consumer Internet,Private Equity,Delhi,0.25,4.0,2016-12-26
Rainmatter Foundation (Nithin Kamath),33.2,1,2024-12-09,Edtech,Seed,Delhi,0.5,2.0,2024-12-09
Rogue One Capital,33.2,1,2020-01-19,B2B,Series A,Mumbai,0.33,3.0,2020-01-19
Singularity Ventures And Ravi Dhariwal,33.2,1,2017-04-23,Ecommerce,Private Equity,Delhi,0.5,2.0,2017-04-23
Golden Birch Investments,33.2,1,2020-12-03,Ecommerce,Other,Noida,0.5,2.0,2020-12-03
Neelesh Bhatunknowngar,33.2,1,2017-01-06,Consumer Internet,Private Equity,Bangalore,0.5,2.0,2017-01-06
Oasis Fertility,33.2,1,2022-08-15,Fintech,Unknown,Mumbai,1.0,1.0,2022-08-15
Gmo Japan,33.2,1,2017-01-06,Consumer Internet,Private Equity,Bangalore,0.5,2.0,2017-01-06
Lenskart Vision Fund,33.2,1,2021-12-23,Computer Software,Pre-Series A,Bangalore,0.5,2.0,2021-12-23
Force Ventures,33.2,1,2024-08-02,Fintech,Series A,Delhi,0.14,7.0,2024-08-02
Punit Balan,33.2,1,2021-08-12,Sportstech,"Unknown, Pre-Series A",Mumbai,1.0,1.0,2021-08-12
Zomato’S Deepinder Goyal,33.2,1,2024-12-09,Edtech,Seed,Delhi,0.5,2.0,2024-12-09
Ratio Ventures,33.2,1,2024-08-02,Fintech,Series A,Delhi,0.14,7.0,2024-08-02
V Lakshmi Narayaunknownn,33.2,1,2020-08-15,"Battery Design, Battery Manufacturer",Unknown,"Dehradun, Chennai",0.5,2.0,2020-08-15
Xentel Investments,33.2,1,2021-07-24,Healthcare,Seed,Mumbai,1.0,1.0,2021-07-24
Fosun Rz,33.2,1,2020-03-22,Social Ecommerce,Pre-Series A,Bangalore,0.5,2.0,2020-03-22
Caspian,33.2,2,2020-12-27,"Cleantech, Fintech","Series A, Unknown","Bangalore, Delhi",0.5,2.0,2020-12-27
Menterra Venture Advisors,33.2,2,2020-11-09,"Agritech, Edtech","Pre-Series A, Bridge","Bangalore, Gurgaon",0.5,2.0,2020-11-09
3One4 Capital Advisors Llp,33.2,1,2017-06-01,Technology,Private Equity,Hyderabad,0.25,4.0,2017-06-01
Startupxseed Ventures Llp,33.2,1,2017-06-01,Technology,Private Equity,Hyderabad,0.25,4.0,2017-06-01
Menlo Park,33.2,1,2020-04-06,Food,Unknown,Mumbai,0.5,2.0,2020-04-06
Arkam Ventures / 3One4 Capital,33.2,1,2025-10-22,Enterprise Applications > Customer Success Management,Seed,Nan,1.0,1.0,2025-10-22
Sai Kumar,33.2,1,2022-02-28,Computer Software,Pre-Series A,Bangalore,0.5,2.0,2022-02-28
Yatra Angel Network,33.2,1,2021-01-20,Fintech,Series A,Pune,0.5,2.0,2021-01-20
Sanjay Singhania,33.2,1,2022-02-28,Computer Software,Pre-Series A,Bangalore,0.5,2.0,2022-02-28
Orios Venture Partners And The Ian Fund,33.2,1,2018-08-04,Consumer Internet,Other,Chennai,0.5,2.0,2018-08-04
Kayenne Ventures,33.2,1,2021-03-07,Fintech,Unknown,Mumbai,0.5,2.0,2021-03-07
Draper Fisher Jurvetson,33.2,1,2015-08-25,Crosschannel Crm,Private Equity,Mumbai,0.2,5.0,2015-08-25
And Mas Fiunknownncial Services Ltd,33.2,1,2017-06-18,Consumer Internet,Private Equity,Mumbai,0.25,4.0,2017-06-18
Rishi Kajaria,33.2,1,2021-10-14,Fintech,Pre-Series A,Delhi,0.5,2.0,2021-10-14
Mufin Green Fiunknownnce,33.2,1,2025-06-07,Travel,Debt,Delhi,1.0,1.0,2025-06-07
Diageo India,33.2,1,2018-06-27,Consumer Internet,Private Equity,Bangalore,1.0,1.0,2018-06-27
Eagle10,33.2,1,2020-01-15,Other,Series A,Bangalore,0.25,4.0,2020-01-15
Wipro Ventures,33.2,1,2016-02-11,Technology,Private Equity,Pune,0.5,2.0,2016-02-11
Shrishti Sahu,33.2,1,2021-12-26,Edtech,Pre-Seed,Gurgaon,0.5,2.0,2021-12-26
L’Oréal’S Bold Ventures,33.2,1,2024-12-11,D2C Haircare,Series A,Delhi,0.33,3.0,2024-12-11
Vijay Taparia,33.2,1,2025-07-04,Healthcare,Seed,Mumbai,0.33,3.0,2025-07-04
Unknown Us Based Investors,33.2,1,2016-01-27,Ecommerce,Private Equity,Delhi,1.0,1.0,2016-01-27
Umang Vohra,33.2,1,2021-12-26,Edtech,Pre-Seed,Gurgaon,0.5,2.0,2021-12-26
Dmi Fiunknownnce,33.2,1,2018-01-02,Fintech,Private Equity,Chennai,1.0,1.0,2018-01-02
Angelprime,33.2,3,2015-06-20,"Usiness Expense Management, Other, Video Advertisement","Seed, Other","Bangalore, Nan",1.0,1.0,2015-06-20
\\Xc2\\Xa0 Lumis Partners,33.2,1,2016-02-11,Technology,Private Equity,Pune,0.5,2.0,2016-02-11
Skywalker Family Office,33.2,1,2024-12-11,D2C Haircare,Series A,Delhi,0.33,3.0,2024-12-11
Ame Cloud Ventures,33.2,1,2021-11-21,Fintech,Seed,Gurgaon,0.33,3.0,2021-11-21
Ifmr,33.2,1,2017-06-18,Consumer Internet,Private Equity,Mumbai,0.25,4.0,2017-06-18
Credence Family Office,33.2,1,2018-10-01,Real Estate,Pre-Series A,Delhi,1.0,1.0,2018-10-01
Telkom Indonesia,33.2,1,2018-07-26,It,Private Equity,Pune,0.5,2.0,2018-07-26
Mdi Ventures,33.2,1,2018-07-26,It,Private Equity,Pune,0.5,2.0,2018-07-26
Family Office,32.45,2,2024-09-07,"Quick Restaurants, Womens Health & Wellness","Series A, Seed","Mumbai, Nan",0.6,3.0,2024-09-07
Fidelity Maunknowngement And Research Company And Alia Bhatt,32.4,1,2022-04-13,Beautyfashion,Unknown,Mumbai,1.0,1.0,2022-04-13
Abhishek Kothari And Ramaunknownthan Rv,32.37,1,2022-06-10,Fintech,Pre-Seed,Bangalore,1.0,1.0,2022-06-10
V Cube Ventures,32.0,1,2024-09-25,Backpacker Hostel,Series A,Mumbai,0.25,4.0,2024-09-25
Angelist,32.0,1,2024-09-25,Backpacker Hostel,Series A,Mumbai,0.25,4.0,2024-09-25
Lead Angels,31.94,5,2021-08-18,"Edtech, Ondemand Beauty, Consumer Goods","Seed, Unknown, Pre-Seed","Mumbai, Gurgaon, Bangalore",0.3,3.6,2021-08-18
Sauce Vc,31.6,4,2025-04-28,"Retail, Ecommerce, Teen Selfcare",Seed,"Gurgaon, Delhi, Mumbai",0.62,2.75,2025-04-28
Hinduja Leyland Fiunknownnce,31.54,1,2018-02-02,Fintech,Private Equity,Gurgaon,0.5,2.0,2018-02-02
Jones Lang Lasalle,31.54,1,2017-12-09,Technology,Private Equity,Hyderabad,1.0,1.0,2017-12-09
Arrowroot Capital,31.54,1,2021-02-13,Fintech,Unknown,Mumbai,0.5,2.0,2021-02-13
Capital One,31.54,1,2021-02-13,Fintech,Unknown,Mumbai,0.5,2.0,2021-02-13
Walden Skt Venture Fund,31.54,1,2020-04-01,Fintech,Series D,Chennai,0.33,3.0,2020-04-01
Intellegrow,31.54,1,2018-02-02,Fintech,Private Equity,Gurgaon,0.5,2.0,2018-02-02
Chiratae Ventures And Piyush Shah,31.54,1,2022-10-28,Edtech,Seed,Mumbai,1.0,1.0,2022-10-28
Zishaan Hayath,31.21,5,2016-07-08,"Ecommerce, Other, Ondemand Delivery Logistics","Seed, Private Equity","Mumbai, Nan, Delhi",0.29,4.2,2016-07-08
Russian Venture Capital Fund Ruunknownnet,31.12,1,2016-10-14,Consumer Internet,Private Equity,Mumbai,0.2,5.0,2016-10-14
Rajesh Raunknownvat,31.12,2,2020-01-03,"Jewellery, Technology","Pre-Series A, Private Equity","Mumbai, Bangalore",0.62,2.5,2020-01-03
Jito Incubation,31.0,2,2025-02-27,"Loyalty & Rewards Saas, D2C Health Foods","Seed, Growth","Gurgaon, Mumbai",0.21,5.0,2025-02-27
Catamarann Ventures,30.71,1,2020-07-13,Food,Unknown,Gurgaon,0.25,4.0,2020-07-13
Stanford Angels,30.71,4,2020-07-02,"Ecommerce, Data Intelligence, Digital Analytics","Seed, Private Equity","Noida, Gurgaon, Delhi",0.28,3.75,2020-07-02
Aunknownnda Kallugadde,30.71,2,2017-10-09,Ecommerce,Private Equity,"Vadodara, Bangalore",0.2,5.5,2017-10-09
Sci Growth Investment Ii,30.71,1,2020-07-13,Food,Unknown,Gurgaon,0.25,4.0,2020-07-13
Singaporeunknownbased Family Office,30.71,1,2024-11-04,Fintech,Other,Delhi,0.5,2.0,2024-11-04
Vispi Daver,30.63,1,2017-04-13,Technology,Private Equity,Bangalore,0.14,7.0,2017-04-13
Rakesh And Rajesh Jhunjhunwala,30.46,1,2017-03-04,Technology,Private Equity,Mumbai,0.5,2.0,2017-03-04
Draper Associates,30.3,1,2017-03-27,Consumer Internet,Private Equity,Bangalore,0.2,5.0,2017-03-27
Unknown Hnis,30.25,5,2016-08-19,"Consumer Internet, Ecommerce, Online Grocery","Seed, Private Equity","Delhi, Bangalore, Pune",1.0,1.0,2016-08-19
Shell Foundation,30.2,2,2021-01-19,"Solar, Agritech","Pre-Series A, Unknown","Delhi, Nairobi",0.55,5.5,2021-01-19
Indian Angel Network (Ian),30.05,3,2022-03-07,"International Trade & Development, Consumer Internet, Technology","Private Equity, Seed","Delhi, Chennai",0.36,3.0,2022-03-07
Manish Choksi Family Office,30.0,1,2024-11-15,Baby & Mothercare,Series A,Mumbai,0.5,2.0,2024-11-15
Chimes Group,30.0,1,2024-11-22,Beer,Series A,Delhi,0.2,5.0,2024-11-22
Saama Capital And V3 Ventures,30.0,1,2025-03-27,Ice Cream,Series A,Mumbai,0.5,2.0,2025-03-27
Client Associates Alterunknownte Fund (Caaf),30.0,1,2025-01-25,D2C Food,Series A,Gurgaon,0.5,2.0,2025-01-25
Richa Choksi,30.0,1,2024-11-15,Baby & Mothercare,Series A,Mumbai,0.5,2.0,2024-11-15
Acquired A 0.32% Stake By Go Digit (Insurtech Unknown Investments),30.0,1,2025-02-24,Pharmaceutical,Strategic Investment,Hyderabad,1.0,1.0,2025-02-24
Physis Capital,29.9,2,2024-11-15,"Manufacturing, Admissions As A","Pre-Series A, Unspecified Round","Delhi, Gurgaon",0.67,2.0,2024-11-15
Sunder Nookala,29.88,2,2021-05-06,"Saas, Fintech","Pre-Seed, Seed","Bangalore, Gurgaon",0.5,2.0,2021-05-06
Omidyar Network India And Ankur Capital,29.88,1,2022-09-05,Construction,Seed,Bangalore,1.0,1.0,2022-09-05
Tremis Capital And 1Crowd,29.88,1,2022-06-03,Information&Technology,Seed,Bangalore,1.0,1.0,2022-06-03
Songhyun Investment,29.88,1,2016-12-28,Consumer Internet,Private Equity,Delhi,1.0,1.0,2016-12-28
Pitchright Venture,29.88,2,2020-01-16,"Edtech, Nanotechnology","Pre-Series A, Series A","Mumbai, Delhi",0.38,3.0,2020-01-16
Kumar Vembu,29.88,1,2017-11-08,Technology,Private Equity,Bangalore,0.5,2.0,2017-11-08
Khattar Holdings,29.88,1,2017-04-21,Consumer Internet,Private Equity,Mumbai,0.5,2.0,2017-04-21
Lets Venture,29.88,2,2024-10-10,"Ai, Maritime",Pre-Series A,"Delhi, Chennai",0.27,4.0,2024-10-10
Hornbill Orchid India Fund,29.81,1,2019-04-05,Social Media,Series B,Delhi,0.2,5.0,2019-04-05
Lasmer Nv,29.81,1,2019-04-05,Social Media,Series B,Delhi,0.2,5.0,2019-04-05
Orchid India,29.81,1,2019-04-05,Social Media,Series B,Delhi,0.2,5.0,2019-04-05
Chiratae Ventures (Formerly Idg Ventures),29.81,1,2019-04-05,Social Media,Series B,Delhi,0.2,5.0,2019-04-05
Mitesh Shah,29.6,4,2025-02-11,"Ai, Fintech, Healthcare","Seed, Unknown, Private Equity","Kolkata, Bangalore, Mumbai",0.29,4.5,2025-02-11
Startupxseed Ventures,29.59,3,2021-10-02,"Saas, Technology, Computer Software","Pre-Series A, Seed","Bangalore, Mumbai",0.55,3.33,2021-10-02
Iseed,29.06,5,2024-12-13,"Fintech, Gaming, Saas","Pre-Seed, Seed, Angel","Bangalore, Mumbai, Gurgaon",0.3,3.6,2024-12-13
Acko Technology,29.05,1,2021-04-09,Automotive,Other,Bangalore,0.33,3.0,2021-04-09
Nitin Passi,29.05,2,2021-06-28,"Ecommerce, Consumer Internet","Unknown, Seed","Delhi, Gurgaon",0.35,3.5,2021-06-28
Services,29.05,1,2021-04-09,Automotive,Other,Bangalore,0.33,3.0,2021-04-09
Micelio Tech Fund,29.05,1,2025-06-12,Green Sme Loans,Seed,Nan,0.5,2.0,2025-06-12
Brian Acton,29.05,1,2016-07-02,Technology,Private Equity,Gurgaon,1.0,1.0,2016-07-02
Sauce.Vc And Dsg Consumer Partners,29.05,1,2022-08-05,Fashion,Unknown,Surat,1.0,1.0,2022-08-05
Peak Xv Partner’S Accelerator Program Surge,29.05,1,2024-09-25,Food,Seed,Mumbai,1.0,1.0,2024-09-25
Space Matrix,29.05,1,2018-12-22,Saas,Series A,Gurgaon,0.25,4.0,2018-12-22
Imef,29.05,1,2022-01-16,Edtech,Unknown,Mumbai,0.5,2.0,2022-01-16
Tim Draper,29.05,1,2020-02-01,Accomodation,Unknown,Bangalore,1.0,1.0,2020-02-01
Lemelson Foundation,29.05,1,2016-01-21,Fintech,Private Equity,Chennai,0.5,2.0,2016-01-21
Dhruv Vohra,29.05,1,2024-11-19,Aipowered Customer Os For Ecommerce,Pre-Series A,Bangalore,0.17,6.0,2024-11-19
Singaporeunknownbased Wavemaker,29.05,1,2022-01-08,Hospital & Health Care,Pre-Series A,Delhi,0.33,3.0,2022-01-08
Mount Judi Ventures,29.05,2,2021-03-18,"Healthcare, Medtech",Pre-Series A,Bangalore,0.67,2.0,2021-03-18
Amrac Investment Trust,29.05,1,2021-08-18,Tobacco,Unknown,Delhi,1.0,1.0,2021-08-18
Aakash Aunknownnd,29.05,1,2024-11-19,Aipowered Customer Os For Ecommerce,Pre-Series A,Bangalore,0.17,6.0,2024-11-19
Info Edge Venture Fund,29.05,1,2020-02-14,Media,Unknown,Mumbai,1.0,1.0,2020-02-14
Village Capital And Aspen Network Of Development Entrepreneurs,29.05,1,2022-06-11,Edtech,Unknown,Lucknow,1.0,1.0,2022-06-11
. Anicut Capital And Nithin Kamath,29.05,1,2022-12-13,Sattelite Connection,Seed,Chennai,1.0,1.0,2022-12-13
Mirae Asset Global Investments And Msa Novo,29.0,1,2022-04-06,Information Technology,Unknown,Bangalore,1.0,1.0,2022-04-06
Hashed,28.9,2,2022-03-18,"Social Audio, Entertainment","Seed, Series A",Bangalore,1.0,1.0,2022-03-18
Rainmatter Capital,28.81,2,2024-09-11,"Fintech, Nutrition","Unknown, Unspecified Round","Bangalore, Mumbai",1.0,1.0,2024-09-11
Utsav Somani,28.8,3,2025-07-14,"Media, Ai, Fmcg",Seed,"Mumbai, Bangalore",0.47,3.67,2025-07-14
Venture Works,28.63,2,2017-02-23,"Consumer Internet, Ecommerce","Seed, Private Equity","Mumbai, Gurgaon",0.29,3.5,2017-02-23
Metaform Ventures,28.52,2,2021-04-14,"Healthcare, Technology","Pre-Series A, Other","Mumbai, Bangalore",0.42,2.5,2021-04-14
All In Capital,28.48,5,2025-06-28,"Enterprise, D2C Lingerie & Shapewear, Healthcare","Pre-Seed, Seed, Unspecified Round","Jaipur, Surat, Noida",0.31,3.6,2025-06-28
Enzia Ventures,28.3,4,2021-10-11,"Edtech, Healthcare, Community","Seed, Unknown, Pre-Series A","Gurgaon, Bangalore",0.46,2.25,2021-10-11
Green Shots Capital,28.25,3,2020-01-22,Healthcare,"Private Equity, Pre-Series A","Delhi, Gurgaon",0.18,6.0,2020-01-22
Equentis Angel Fund,28.22,1,2025-07-10,Enterprise,Series A,Mumbai,1.0,1.0,2025-07-10
Stellaris Venture Partners And Kalaari Capital,28.22,1,2018-11-04,Fintech,Series A,Mumbai,0.25,4.0,2018-11-04
Finfirst,28.22,1,2025-01-16,Medical Equipment Procurement,Series A,Gurgaon,0.17,6.0,2025-01-16
Rajan Aunknownndan From Google,28.22,1,2018-11-04,Fintech,Series A,Mumbai,0.25,4.0,2018-11-04
Sequoia Capital India And Waveform Ventures,28.22,1,2022-10-04,Wellness,Seed,Gurgaon,1.0,1.0,2022-10-04
Dilip Khandwelwal From Sap Labs India,28.22,1,2018-11-04,Fintech,Series A,Mumbai,0.25,4.0,2018-11-04
Beenext And Radiant Sfo,28.22,1,2022-08-06,Information&Technology,Seed,Bangalore,1.0,1.0,2022-08-06
Logx,28.22,1,2025-01-16,Medical Equipment Procurement,Series A,Gurgaon,0.17,6.0,2025-01-16
Lightbox. Social Capital,28.22,1,2020-01-21,Other,Unknown,Nan,0.5,2.0,2020-01-21
Seeds Capital,28.22,1,2020-01-01,Technology,Other,Nan,0.5,2.0,2020-01-01
Dunce Capital,28.22,1,2020-01-21,Other,Unknown,Nan,0.5,2.0,2020-01-21
And Amrish Rau From Payu India,28.22,1,2018-11-04,Fintech,Series A,Mumbai,0.25,4.0,2018-11-04
Magnifiq Capital Trust,28.05,1,2025-10-28,Consumer > Auto Ecommerce & Content,Series A,Nan,1.0,1.0,2025-10-28
Pointone Capital,27.81,3,2025-02-22,"Cybersecurity, Taas, Escrow","Unspecified Round, Seed, Unknown",Delhi,0.4,3.0,2025-02-22
Florintree,27.8,1,2017-03-21,Ecommerce,Private Equity,Hyderabad,0.25,4.0,2017-03-21
Bharat Sheth,27.8,1,2017-03-21,Ecommerce,Private Equity,Hyderabad,0.25,4.0,2017-03-21
Chidambaram Palaniappan,27.8,1,2017-03-21,Ecommerce,Private Equity,Hyderabad,0.25,4.0,2017-03-21
Paradigm Shift Capital,27.56,3,2024-09-18,"Networking, Renewables & Environment, Ai","Pre-Seed, Unknown","Delhi, Mumbai, Bangalore",0.36,3.0,2024-09-18
Singapore Family Office,27.39,1,2025-02-20,Workplace Saas Ai,Seed,Indore,0.17,6.0,2025-02-20
Orbit,27.39,1,2025-02-20,Workplace Saas Ai,Seed,Indore,0.17,6.0,2025-02-20
Smc Advisors,27.39,1,2021-11-13,Hr,Pre-Series A,Gurgaon,0.2,5.0,2021-11-13
Blume Venture,27.39,1,2025-10-07,Retail > Mom & Baby Care,Seed,Nan,1.0,1.0,2025-10-07
Lit Fund,27.39,1,2025-02-20,Workplace Saas Ai,Seed,Indore,0.17,6.0,2025-02-20
Letsventure And Founder'S Room Capital,27.39,1,2022-05-27,Automotive,Unknown,Gurgaon,1.0,1.0,2022-05-27
Vijay Pravin Maharajan And Tanmai Gopal,27.39,1,2022-05-06,Internet,Seed,Nan,1.0,1.0,2022-05-06
Founders,27.39,1,2025-02-20,Workplace Saas Ai,Seed,Indore,0.17,6.0,2025-02-20
Piper Serica Angel Fund,27.39,3,2025-02-11,"Spacetech Satellite Communications, Shopfloor Hyperautomation, Fintech","Other, Pre-Series A, Pre-Seed","Bangalore, Noida",1.0,1.0,2025-02-11
Dholakia Ventures,27.22,2,2022-03-16,"Food, Fintech","Seed, Pre-Series A","Surat, Bangalore",0.62,2.5,2022-03-16
Gulf Islamic Investments (Gii),27.0,1,2024-10-23,Footwear,Unspecified Round,Delhi,1.0,1.0,2024-10-23
Mekin Maheshwari,26.98,4,2025-06-20,"Ai, Consumer Internet, Ecommerce","Seed, Unknown, Private Equity","Bangalore, Gurgaon, Pune",0.26,5.25,2025-06-20
Aunknownnd Chandrasekaran,26.98,2,2016-08-27,Technology,"Private Equity, Seed","Bangalore, Pune",0.21,5.0,2016-08-27
Aprameya Radhakrishunknown,26.87,6,2024-11-12,"Consumer Internet, Online Dispute Resolution, Online Counselling And Psychological Support","Seed, Pre-Series A, Private Equity","Bangalore, Gwalior",0.21,5.5,2024-11-12
Curefit,26.82,2,2025-07-12,"Consumer, Healthcare","Pre-Seed, Private Equity",Bangalore,1.0,1.0,2025-07-12
Chenunknowni Angels,26.81,4,2017-09-14,"Ecommerce, Technology, Cricket Management Mobile Game","Seed, Private Equity","Noida, Chennai, Hyderabad",0.41,4.25,2017-09-14
Bcip Venture Associates,26.78,1,2020-05-23,Rental,Unknown,Bangalore,0.2,5.0,2020-05-23
Growx,26.67,2,2025-02-07,"Ecommerce, Secured Lending","Private Equity, Pre-Seed","Mumbai, Bangalore",0.17,6.0,2025-02-07
Avcf,26.56,1,2025-09-27,Advanced Hardware & Technology,Pre-Seed,Hyderabad,1.0,1.0,2025-09-27
Gmjp,26.56,1,2025-02-28,Webtoon & Comics Mediatech,Seed,Bangalore,0.2,5.0,2025-02-28
Founder'S Room Circle,26.56,1,2021-10-15,Fintech,Pre-Series A,Bangalore,0.33,3.0,2021-10-15
Graphic India,26.56,1,2025-02-28,Webtoon & Comics Mediatech,Seed,Bangalore,0.2,5.0,2025-02-28
Holtzbrinck Publishing Group,26.56,1,2025-02-28,Webtoon & Comics Mediatech,Seed,Bangalore,0.2,5.0,2025-02-28
Tunknownaccelerate,26.56,1,2025-02-28,Webtoon & Comics Mediatech,Seed,Bangalore,0.2,5.0,2025-02-28
Wgg Interunknowntiounknownl,26.56,1,2017-04-14,Consumer Internet,Private Equity,Mumbai,1.0,1.0,2017-04-14
Deepika Padukone,26.56,1,2020-11-14,Edtech,Seed,Bangalore,0.33,3.0,2020-11-14
Trifecta Capital Advisors Llp,26.56,1,2017-05-04,Technology,Private Equity,Bangalore,0.14,7.0,2017-05-04
Anil Jain,26.56,1,2017-02-01,Consumer Internet,Private Equity,Chennai,0.5,2.0,2017-02-01
Pentathlon Ventures,26.56,3,2021-12-09,"Computer Software, Edtech, Recruitment","Seed, Pre-Series A","Pune, Gurgaon, Hyderabad",0.58,2.33,2021-12-09
Prathithi Investment Trust,26.56,1,2017-05-04,Technology,Private Equity,Bangalore,0.14,7.0,2017-05-04
Blacksoil Capital Pvt. Ltd,26.56,2,2017-07-01,"Ecommerce, Consumer Internet",Private Equity,Bangalore,1.0,1.0,2017-07-01
Ruchi Sanghvi,26.56,1,2017-05-04,Technology,Private Equity,Bangalore,0.14,7.0,2017-05-04
Globevestor,26.55,4,2020-07-26,"Technology, Food, Consumer Internet",Seed,"Mumbai, Delhi, Bangalore",0.39,4.25,2020-07-26
Jonty Rhodes (Angel Investor),26.0,1,2025-06-05,Sports Wellness,Strategic Investment,Nan,1.0,1.0,2025-06-05
Archaunknown Priyadarshini And Vertex Ventures Southeast,25.73,1,2022-07-02,Saas,Seed,Bangalore,1.0,1.0,2022-07-02
Mandhian Family,25.73,1,2017-08-18,Logistics,Seed,Delhi,0.17,6.0,2017-08-18
Ganpat Singhvi,25.73,1,2017-08-18,Logistics,Seed,Delhi,0.17,6.0,2017-08-18
Ajay Bhatia,25.73,1,2017-08-18,Logistics,Seed,Delhi,0.17,6.0,2017-08-18
Jll,25.73,2,2017-07-23,"Technology, Consumer Internet","Private Equity, Seed","Ahmedabad, Mumbai",0.5,2.0,2017-07-23
Venugopal Dhoot,25.73,1,2017-08-18,Logistics,Seed,Delhi,0.17,6.0,2017-08-18
Tarun Khandelwal,25.73,1,2017-08-18,Logistics,Seed,Delhi,0.17,6.0,2017-08-18
Matilde Giglio And Avaaunknown Capital,25.73,1,2022-06-03,Fintech,Unknown,Bangalore,1.0,1.0,2022-06-03
Summit Media,25.73,1,2017-03-10,Consumer Internet,Private Equity,Delhi,0.2,5.0,2017-03-10
Kalpvriksh,25.73,1,2017-12-04,Ecommerce,Private Equity,Mumbai,1.0,1.0,2017-12-04
Nitin Gupta,25.73,2,2025-02-18,"Edtech, Fintech","Seed, Pre-Seed","Hyderabad, Bangalore",0.31,5.0,2025-02-18
Montane Ventures,25.73,1,2018-02-10,Healthcare,Private Equity,Bangalore,1.0,1.0,2018-02-10
Maninder Gulati,25.73,2,2025-02-18,"Edtech, Fintech","Seed, Pre-Seed","Hyderabad, Bangalore",0.31,5.0,2025-02-18
Atul Goel,25.73,1,2017-03-10,Consumer Internet,Private Equity,Delhi,0.2,5.0,2017-03-10
And Gurpreet Singh,25.73,1,2017-03-10,Consumer Internet,Private Equity,Delhi,0.2,5.0,2017-03-10
Kalaari Capital And Idg Ventures India,25.73,1,2017-03-10,Consumer Internet,Private Equity,Delhi,0.2,5.0,2017-03-10
Lionrock Capital,25.73,2,2018-01-28,"Consumer Internet, Online Jewelry Store",Private Equity,"Bangalore, Mumbai",1.0,1.0,2018-01-28
Juvo Ventures,25.52,1,2025-02-09,Education Loan Fintech,Bridge,Mumbai,0.25,4.0,2025-02-09
Capria Fund,25.52,1,2025-02-09,Education Loan Fintech,Bridge,Mumbai,0.25,4.0,2025-02-09
Fork Media,24.9,1,2016-09-07,Technology,Private Equity,Pune,1.0,1.0,2016-09-07
Caspian Debt,24.9,1,2022-01-28,Telecommunications,Unknown,Ahmedabad,0.5,2.0,2022-01-28
Ravi Sanghvi,24.9,1,2020-01-16,Edtech,Pre-Series A,Mumbai,0.5,2.0,2020-01-16
Better Capita,24.9,1,2022-04-17,Software,Seed,Nan,1.0,1.0,2022-04-17
Wadhwani Foundation,24.9,1,2021-05-05,Edtech,Series A,Gurgaon,0.5,2.0,2021-05-05
Gujarat Venture Fiunknownnce Limited,24.9,1,2022-01-28,Telecommunications,Unknown,Ahmedabad,0.5,2.0,2022-01-28
Rajesh Rajendran,24.9,1,2021-12-14,Information Technology &,Unknown,Mumbai,1.0,1.0,2021-12-14
Tech Mahindra,24.9,1,2020-10-19,Heathtech,Seed,Plano,1.0,1.0,2020-10-19
Singularity Early Opportunities Fund,24.9,1,2024-11-13,Dairy,Series A,Nan,0.25,4.0,2024-11-13
Trica,24.9,1,2022-03-13,Edtech,Pre-Series A,Gurgaon,0.33,3.0,2022-03-13
Super Morpheus,24.9,1,2022-03-13,Edtech,Pre-Series A,Gurgaon,0.33,3.0,2022-03-13
Vinod Duggar,24.9,1,2024-12-26,Iot,Series A,Gurgaon,0.2,5.0,2024-12-26
Zephyr Peacock India,24.9,1,2017-04-07,Consumer Internet,Private Equity,Mumbai,1.0,1.0,2017-04-07
Venture Gurukool,24.9,1,2021-01-08,Healthcare,Pre-Series A,Gurgaon,0.5,2.0,2021-01-08
Rehan A Khan,24.9,1,2021-05-17,Matrimony,Pre-Series A,Bangalore,0.5,2.0,2021-05-17
Zigexn,24.9,1,2018-10-23,Automobile,Series E,Gurgaon,1.0,1.0,2018-10-23
Usa,24.9,1,2015-10-02,Edtech,Private Equity,Mumbai,0.5,2.0,2015-10-02
Icmg,24.9,1,2024-08-26,Manufacturing,Pre-Series A,Delhi,0.33,3.0,2024-08-26
High Networth Individuals From India,24.9,1,2015-10-02,Edtech,Private Equity,Mumbai,0.5,2.0,2015-10-02
Amit Singhal And Unitus Seed Fund,24.9,1,2018-03-07,Technology,Private Equity,Bangalore,1.0,1.0,2018-03-07
Omphalos Ventures India,24.9,1,2021-04-27,Video Communication,Seed,Bangalore,0.5,2.0,2021-04-27
Mysten Labs,24.9,1,2025-02-08,Content Blockchain/Sui,Strategic Investment,Noida,0.25,4.0,2025-02-08
Creedcap Asia Advisors,24.9,1,2021-09-18,Hospitality,Series A,Bangalore,1.0,1.0,2021-09-18
Fulcrum Ventures,24.9,1,2015-02-05,Other,Private Equity,Nan,0.5,2.0,2015-02-05
Coinswitch Ventures,24.9,1,2025-02-08,Content Blockchain/Sui,Strategic Investment,Noida,0.25,4.0,2025-02-08
Udayan Goyal,24.9,1,2017-06-14,Consumer Internet,Private Equity,Mumbai,0.5,2.0,2017-06-14
Karanpal Singh,24.9,2,2016-10-16,"Cloudbased Hotel Booking, Consumer Internet",Seed,"Bangalore, Mumbai",0.75,1.5,2016-10-16
Prime Venture Partners And Others,24.9,1,2018-08-18,Edtech,Other,Bangalore,0.5,2.0,2018-08-18
Ucunknownrnt,24.9,1,2017-02-14,Consumer Internet,Private Equity,Bangalore,0.25,4.0,2017-02-14
Accel (Formerly Known As Accel Partners),24.9,1,2018-08-08,It,Private Equity,Bangalore,1.0,1.0,2018-08-08
Godrej Investments,24.9,1,2020-03-06,Cleantech,Series A,Gurgaon,1.0,1.0,2020-03-06
Sanjeev Barnwal And Shantanu Deshpande,24.9,1,2022-10-05,Content Creator,Seed,Gurgaon,1.0,1.0,2022-10-05
Kalaari Capital Partners,24.9,1,2017-02-14,Consumer Internet,Private Equity,Bangalore,0.25,4.0,2017-02-14
Jaysukh Sapra,24.9,1,2016-08-05,Consumer Internet,Private Equity,Mumbai,0.5,2.0,2016-08-05
Mangroves Capital Partners,24.9,1,2015-07-17,Budget Accommodation Aggregator,Private Equity,Gurgaon,0.5,2.0,2015-07-17
Vikas Saxeunknown,24.9,1,2015-07-17,Budget Accommodation Aggregator,Private Equity,Gurgaon,0.5,2.0,2015-07-17
Mount Nathan Advisors,24.9,2,2016-04-12,"Consumer Internet, Logistics","Seed, Private Equity",Delhi,0.67,2.0,2016-04-12
3One4 Capital Advisors,24.9,1,2017-02-14,Consumer Internet,Private Equity,Bangalore,0.25,4.0,2017-02-14
021 Capita,24.9,1,2019-04-20,Technology,Series A,Bangalore,0.5,2.0,2019-04-20
Palred Technologies Ltd,24.9,1,2015-12-12,Mobile Accessories Online Store,Private Equity,Hyderabad,1.0,1.0,2015-12-12
Hampton Capital,24.9,1,2015-11-17,Online Real Estate,Private Equity,Bangalore,1.0,1.0,2015-11-17
Blume Ventures And Neon Fund,24.9,1,2024-09-13,Biotech,Seed,Bangalore,0.5,2.0,2024-09-13
Dr. Bhaskar Rao Bollineni,24.9,1,2020-07-21,Technology,Unknown,Chennai,1.0,1.0,2020-07-21
Rainmatter Climate,24.9,1,2022-01-05,Logistics,Other,Mumbai,0.33,3.0,2022-01-05
Syngenta Ag,24.9,1,2017-11-24,Ecommerce,Private Equity,Mumbai,0.5,2.0,2017-11-24
35North India Discovery Fund Unknown Ii,24.9,1,2024-09-03,Medical Tourism,Series A,Gurgaon,1.0,1.0,2024-09-03
Pioneering Ventures,24.9,1,2017-11-24,Ecommerce,Private Equity,Mumbai,0.5,2.0,2017-11-24
Clsa Capital Partners,24.9,1,2021-06-17,Logistics,Unknown,Delhi,0.5,2.0,2021-06-17
Illumiunknownti Capital,24.9,1,2025-02-08,Content Blockchain/Sui,Strategic Investment,Noida,0.25,4.0,2025-02-08
Ashish Kasholia (Lucky Investments),24.9,1,2024-12-22,Proptech,Series A,Bangalore,1.0,1.0,2024-12-22
Strom Ventures,24.9,1,2024-09-13,Biotech,Seed,Bangalore,0.5,2.0,2024-09-13
Northstar,24.9,1,2020-01-20,Fintech,Unknown,Nan,0.5,2.0,2020-01-20
Vinod Khatumal,24.9,1,2020-01-20,Fintech,Unknown,Nan,0.5,2.0,2020-01-20
Sidbi Venture Capital Limited,24.9,1,2016-01-21,Edtech,Private Equity,Gurgaon,0.5,2.0,2016-01-21
Cypher Capital,24.9,1,2025-02-08,Content Blockchain/Sui,Strategic Investment,Noida,0.25,4.0,2025-02-08
Sattva Capital,24.9,1,2016-07-22,Ecommerce,Private Equity,Gurgaon,0.25,4.0,2016-07-22
Samridhi Fund,24.9,1,2017-03-21,Technology,Private Equity,Mumbai,1.0,1.0,2017-03-21
Pecus Capital,24.9,1,2020-03-02,Edtech,Unknown,Mumbai,0.5,2.0,2020-03-02
Sarbvir Singh,24.9,1,2017-10-27,Consumer Internet,Private Equity,Delhi,0.25,4.0,2017-10-27
Jimmy Mahtani,24.9,1,2021-10-07,Marketing & Advertising,Seed,Mumbai,0.33,3.0,2021-10-07
Anjali Bansal,24.9,2,2021-06-06,"Healthcare, Consumer Internet","Pre-Series A, Private Equity","Delhi, Mumbai",0.33,4.0,2021-06-06
Vallabh Bhansali,24.9,1,2021-10-07,Marketing & Advertising,Seed,Mumbai,0.33,3.0,2021-10-07
Qasar Younis,24.9,1,2016-11-05,Consumer Internet,Private Equity,Mumbai,0.14,7.0,2016-11-05
Siti Cable,24.9,1,2021-06-09,Healthcare,Other,Kolkata,1.0,1.0,2021-06-09
Cba Capital And Others,24.9,1,2018-03-23,Consumer Internet,Private Equity,Noida,1.0,1.0,2018-03-23
Goat Capital,24.9,1,2021-06-21,Fintech,Seed,Gurgaon,0.5,2.0,2021-06-21
Mount Judi India Growth Fund,24.9,1,2021-07-21,Edtech,Series A,Chennai,1.0,1.0,2021-07-21
Gvfl Ltd,24.9,1,2016-06-24,Consumer Internet,Private Equity,Bangalore,1.0,1.0,2016-06-24
Dr. Abhishek Pandey,24.9,1,2016-08-05,Consumer Internet,Private Equity,Mumbai,0.5,2.0,2016-08-05
Netcore Cloud,24.9,1,2021-10-07,Marketing & Advertising,Seed,Mumbai,0.33,3.0,2021-10-07
A.V. Thomas And Co,24.9,1,2025-03-14,Chai Retail,Series A,Chennai,1.0,1.0,2025-03-14
Innovations East,24.9,1,2017-05-17,Technology,Private Equity,Mumbai,1.0,1.0,2017-05-17
Paul Bucche,24.9,1,2016-11-05,Consumer Internet,Private Equity,Mumbai,0.14,7.0,2016-11-05
Converge,24.9,1,2024-11-06,Wealth Management Software,Seed,Nan,0.33,3.0,2024-11-06
Kima Ventures,24.9,1,2016-11-05,Consumer Internet,Private Equity,Mumbai,0.14,7.0,2016-11-05
Valour Capital,24.9,1,2025-08-04,Clean,Pre-Series A,Hyderabad,0.5,2.0,2025-08-04
Angels And Vc Funds,24.9,1,2024-11-06,Wealth Management Software,Seed,Nan,0.33,3.0,2024-11-06
Chhattisgarh Investments,24.9,1,2025-08-04,Clean,Pre-Series A,Hyderabad,0.5,2.0,2025-08-04
Wu Chay Chin,24.9,1,2015-03-13,Other,Seed,Nan,1.0,1.0,2015-03-13
Neoteric Infomatique Limited,24.9,1,2015-06-26,3D Printer Manufacturer,Private Equity,Bangalore,1.0,1.0,2015-06-26
Summit Partners,24.9,1,2022-07-19,Healthcare,Series A,Chicago,1.0,1.0,2022-07-19
Justin Kan,24.9,1,2016-11-05,Consumer Internet,Private Equity,Mumbai,0.14,7.0,2016-11-05
Rohan Raunknownvat,24.9,1,2020-10-01,Technology,Other,Gurgaon,0.5,2.0,2020-10-01
Polychain Capital,24.9,1,2020-03-20,Fintech,Series A,Nan,0.33,3.0,2020-03-20
Hdr Group,24.9,1,2020-03-20,Fintech,Series A,Nan,0.33,3.0,2020-03-20
Bain Capital Ventures,24.9,1,2020-03-20,Fintech,Series A,Nan,0.33,3.0,2020-03-20
Axan Venture,24.9,1,2016-11-05,Consumer Internet,Private Equity,Mumbai,0.14,7.0,2016-11-05
Unpopular Ventures,24.9,1,2024-12-01,Quick Commerce,Seed,Bangalore,0.25,4.0,2024-12-01
Transglobal Fzc,24.9,1,2016-10-25,Consumer Internet,Private Equity,Hyderabad,0.5,2.0,2016-10-25
Franchise India,24.9,1,2016-12-19,Technology,Private Equity,Mumbai,1.0,1.0,2016-12-19
Neeraj Arora,24.9,2,2021-12-07,"Hr, Apparel & Fashion","Unknown, Seed","Bangalore, Mumbai",0.35,3.5,2021-12-07
Alkemi Venture Partners,24.9,1,2021-06-12,Healthcare,Other,Gurgaon,0.5,2.0,2021-06-12
Ajinkya Rahane,24.9,1,2024-12-26,Iot,Series A,Gurgaon,0.2,5.0,2024-12-26
Brun Raschle,24.9,1,2020-10-03,Ecommerce,Unknown,Mumbai,0.5,2.0,2020-10-03
Cesc Ventures,24.9,1,2020-10-03,Ecommerce,Unknown,Mumbai,0.5,2.0,2020-10-03
Ashv Fiunknownnce,24.9,1,2021-03-19,Fintech,Debt,Mumbai,0.5,2.0,2021-03-19
Quounknown Capital Maunknowngement,24.9,1,2017-11-21,Fintech,Private Equity,Bangalore,1.0,1.0,2017-11-21
Dmg Information,24.9,1,2015-06-27,Real Estate Intelligence,Private Equity,Mumbai,1.0,1.0,2015-06-27
Naveen Tewari,24.9,2,2015-12-11,"Other, Data Science & Ux Design Learning",Seed,"Nan, Bangalore",0.32,4.5,2015-12-11
Mastercard,24.9,1,2020-12-05,Ai,Unknown,Bangalore,0.5,2.0,2020-12-05
Mayfield India Ii Maunknowngement Ltd,24.9,1,2016-04-02,Ecommerce,Private Equity,Bangalore,1.0,1.0,2016-04-02
Saama Capital And Sequoia Capital,24.9,1,2018-06-12,Consumer Internet,Other,Bangalore,1.0,1.0,2018-06-12
Samsung Venture Investment,24.9,1,2020-02-15,Ai & Media,Series A,Mumbai,1.0,1.0,2020-02-15
Xchange Investors Nv,24.9,1,2016-10-25,Consumer Internet,Private Equity,Hyderabad,0.5,2.0,2016-10-25
Susa Ventures,24.9,1,2016-11-05,Consumer Internet,Private Equity,Mumbai,0.14,7.0,2016-11-05
Kanwaljit Singh,24.9,2,2015-09-16,"Premium Beverages, Online Meat Ordering",Seed,"Delhi, Bangalore",0.38,3.0,2015-09-16
Zop Smart,24.9,1,2016-03-14,Ecommerce,Private Equity,Bangalore,0.2,5.0,2016-03-14
Amit Burman,24.9,1,2018-03-11,Food,Other,Gurgaon,0.5,2.0,2018-03-11
Scm Holdings,24.9,1,2016-11-05,Consumer Internet,Private Equity,Mumbai,0.14,7.0,2016-11-05
Manipal Global Education Services,24.9,1,2015-12-05,Online School For Analytics Learning,Private Equity,Bangalore,1.0,1.0,2015-12-05
Shri Investment,24.73,1,2020-06-28,Rental,Unknown,Bangalore,0.33,3.0,2020-06-28
Gautam Dalmia,24.73,1,2020-06-28,Rental,Unknown,Bangalore,0.33,3.0,2020-06-28
Social Alpha,24.69,5,2024-09-08,"Automotive, Edtech, Apparel & Fashion","Seed, Unknown","Delhi, Chennai, Mumbai",0.4,2.6,2024-09-08
Ipv,24.63,4,2025-06-20,"Ai, Translation & Localization, Craft Alcoholic Beverage","Unknown, Seed, Pre-Series A","Noida, Gurgaon, Delhi",0.65,3.25,2025-06-20
Cota Capital,24.48,1,2015-10-26,Real Estate Mobile Crm,Seed,New York,0.33,3.0,2015-10-26
Vegas Tech Fund,24.48,1,2015-10-26,Real Estate Mobile Crm,Seed,New York,0.33,3.0,2015-10-26
Bestvantage Investments,24.28,1,2025-08-27,"Fmcg D2C, Ecommerce","Pre-Series A, Unknown","Mumbai, Gurgaon",0.75,1.5,2025-08-27
Corporate: Idex,24.15,1,2025-06-20,Quantum Computing,Other,Nan,1.0,1.0,2025-06-20
Navus Ventures,24.07,1,2022-01-17,"Agritech, Information Technology &","Pre-Seed, Seed",Gurgaon,0.5,2.0,2022-01-17
Mapmyindia,24.07,1,2025-08-18,Consumer,Unknown,Bangalore,1.0,1.0,2025-08-18
Powai Lake Ventures,24.03,4,2016-02-08,"Other, Ondemand Based Professional, Custom Furniture","Seed, Private Equity","Bangalore, Nan, Mumbai",0.25,4.25,2016-02-08
Google For Startups And Lightspeed India Partners,23.7,1,2022-04-13,Fintech,Unknown,Delhi,1.0,1.0,2022-04-13
Growthcap Ventures,23.66,2,2025-06-09,"Supply, Investment","Pre-Seed, Seed","Bangalore, Nan",0.75,1.5,2025-06-09
Ciie.Co,23.24,4,2022-01-17,"Heathtech, Healthcare, Apparel & Fashion","Unknown, Seed","Bangalore, Mumbai",0.67,1.8,2022-01-17
Neon Fund,23.24,1,2025-02-09,Unified Finance Fintech Saas,Seed,Bangalore,0.11,9.0,2025-02-09
Omidyar Network. Blume Ventures And Professor Shlomo Benunknownhaim,23.24,1,2018-04-11,Fiinance,Other,Chennai,1.0,1.0,2018-04-11
Mohit Kumar (Ultrahuman),23.24,1,2025-02-09,Unified Finance Fintech Saas,Seed,Bangalore,0.11,9.0,2025-02-09
Emvc,23.24,1,2025-02-09,Unified Finance Fintech Saas,Seed,Bangalore,0.11,9.0,2025-02-09
\\Xc2\\Xa0 Start Media.,23.24,1,2015-03-13,Other,Seed,Nan,0.5,2.0,2015-03-13
Ciiie,23.24,1,2025-02-09,Unified Finance Fintech Saas,Seed,Bangalore,0.11,9.0,2025-02-09
Naiyaa Saagi (Myglamm),23.24,1,2025-02-09,Unified Finance Fintech Saas,Seed,Bangalore,0.11,9.0,2025-02-09
Elea Foundation,23.24,1,2020-08-03,Healthcare,Other,Gurgaon,0.5,2.0,2020-08-03
. Iifl Special Opportunities Fund And Iifl Securities,23.24,1,2022-10-28,Fintech,Series A,Bangalore,1.0,1.0,2022-10-28
Venture Fund,23.24,1,2020-01-08,Yoga & Wellness,Unknown,Chennai,0.5,2.0,2020-01-08
Fireside Ventures.,23.24,1,2020-01-08,Yoga & Wellness,Unknown,Chennai,0.5,2.0,2020-01-08
Qrg Investments And Holdings And Kc/Llc,23.24,1,2022-08-16,Manufacturing,Seed,Delhi,1.0,1.0,2022-08-16
Nitin Gupta (Uni),23.24,1,2025-02-09,Unified Finance Fintech Saas,Seed,Bangalore,0.11,9.0,2025-02-09
Ca Media Lp,23.24,1,2015-03-13,Other,Seed,Nan,0.5,2.0,2015-03-13
Sriharsha Majety (Swiggy),23.24,1,2025-02-09,Unified Finance Fintech Saas,Seed,Bangalore,0.11,9.0,2025-02-09
Techstars Bangalore Accelerator,23.24,3,2020-11-13,"Edtech, Fintech, Ai","Unknown, Seed",Bangalore,0.5,2.0,2020-11-13
Plutus Investments And Holding Private Limited,23.22,1,2024-11-07,Deeptech In Power Electronics,Other,Dewas,0.5,2.0,2024-11-07
Outbox Ventures,23.15,4,2016-08-18,"Technology, Real Estate Broker, Last Mile Logistics","Seed, Private Equity","Delhi, Bangalore, Nan",0.3,4.0,2016-08-18
Evolvence India Fund And Sofiunknown,23.0,1,2022-04-13,Healthcare,Unknown,Gurgaon,1.0,1.0,2022-04-13
Qatar Development Bank,23.0,1,2025-05-20,Digital Real Estate,Unspecified Round,Bangalore,1.0,1.0,2025-05-20
Alfa Ventures,22.86,3,2021-04-08,"Healthcare, Milk, Technology","Seed, Pre-Series A","Delhi, Ranchi, Pune",0.55,3.33,2021-04-08
Vishal Gondal,22.83,2,2016-10-20,"Food, Consumer Internet","Private Equity, Seed","Delhi, Mumbai",0.17,6.0,2016-10-20
Tac,22.82,1,2025-10-09,Mobile > Mobile Gaming,Seed,Nan,1.0,1.0,2025-10-09
Vamm Ventures,22.82,2,2020-11-14,"Consumer Internet, Saas","Seed, Unknown","Chennai, Bangalore",0.42,2.5,2020-11-14
And Lendahand,22.73,1,2019-06-12,Agritech,Unknown,Nairobi,0.1,10.0,2019-06-12
Edfimc (Electrifi),22.73,1,2019-06-12,Agritech,Unknown,Nairobi,0.1,10.0,2019-06-12
Engie Rde Fund,22.73,1,2019-06-12,Agritech,Unknown,Nairobi,0.1,10.0,2019-06-12
Alpha Mundi,22.73,1,2019-06-12,Agritech,Unknown,Nairobi,0.1,10.0,2019-06-12
Cocapital,22.73,1,2019-06-12,Agritech,Unknown,Nairobi,0.1,10.0,2019-06-12
Endeavor Catalyst Fund,22.73,1,2019-06-12,Agritech,Unknown,Nairobi,0.1,10.0,2019-06-12
Dila Capital,22.73,1,2019-06-12,Agritech,Unknown,Nairobi,0.1,10.0,2019-06-12
Ecoenterprise Fund,22.73,1,2019-06-12,Agritech,Unknown,Nairobi,0.1,10.0,2019-06-12
Negen Capital Pms,22.66,1,2025-10-17,Consumer > Residential Real Estate,Seed,Delhi,1.0,1.0,2025-10-17
Debt Round,22.6,1,2024-10-10,Fintech,Debt,Mumbai,1.0,1.0,2024-10-10
Manish Kheterpal,22.42,3,2016-05-02,"Twowheeler Taxi, Edtech, Ecommerce","Seed, Private Equity","Delhi, Gurgaon",0.25,4.33,2016-05-02
Maiden Lane Ventures,22.41,1,2016-04-04,Consumer Internet,Private Equity,San Francisco,0.2,5.0,2016-04-04
Kashyap Deorah,22.41,2,2020-07-26,"Food, Data Science & Ux Design Learning",Seed,"Delhi, Bangalore",0.17,6.0,2020-07-26
Transmedia Capital,22.41,1,2016-04-04,Consumer Internet,Private Equity,San Francisco,0.2,5.0,2016-04-04
Nelstone Ventures,22.41,1,2016-04-04,Consumer Internet,Private Equity,San Francisco,0.2,5.0,2016-04-04
Spearhead Capital,22.41,1,2021-09-21,Fintech,Unknown,Hyderabad,0.33,3.0,2021-09-21
Ajay Upadhyaya,22.41,2,2025-05-07,"Computer Games, Fuel Aggregator","Unknown, Pre-Series A","Mumbai, Noida",0.75,1.5,2025-05-07
Aspada Investments,22.41,1,2017-04-04,Food,Private Equity,Chennai,1.0,1.0,2017-04-04
Persol Group (Asiaunknownpacific Hr Services Provider),22.41,1,2025-02-25,Ai,Strategic Investment,Bangalore,1.0,1.0,2025-02-25
91Springboard,22.41,2,2019-02-03,"Nanotechnology, Technology","Series A, Private Equity","Delhi, Noida",0.2,5.5,2019-02-03
The Neon Fund,22.41,1,2025-02-22,Cybersecurity,Unspecified Round,Delhi,0.2,5.0,2025-02-22
Tamarind Family Private Trust,22.41,2,2016-05-24,"Logistics, Enabled Logistics","Private Equity, Seed",Mumbai,0.75,1.5,2016-05-24
Trail Mix Ventures,22.41,1,2022-03-13,Maritime,Series A,Delhi,0.5,2.0,2022-03-13
Hermes Offshore,22.41,1,2022-03-13,Maritime,Series A,Delhi,0.5,2.0,2022-03-13
Firoze Irani,22.41,1,2017-10-09,Ecommerce,Private Equity,Bangalore,0.25,4.0,2017-10-09
Csc Upshot,22.41,1,2016-04-04,Consumer Internet,Private Equity,San Francisco,0.2,5.0,2016-04-04
Rajesh K Murthy,22.41,1,2017-10-09,Ecommerce,Private Equity,Bangalore,0.25,4.0,2017-10-09
Himanshu Aggarwal,22.29,3,2025-05-09,"Other, Healthcare, Ev",Seed,"Nan, Bangalore, Gurgaon",0.27,5.0,2025-05-09
Jamwant Ventures And Valour Capital,22.0,1,2025-05-03,B2B Esdm Electronic System Design And Manufacturing,Unspecified Round,Bangalore,1.0,1.0,2025-05-03
Norwest Venture Partners.,21.58,1,2022-11-16,Information&Technology,Unknown,Jaipur,1.0,1.0,2022-11-16
Thirukumaran Nagarajan And All In Capital,21.58,1,2022-08-03,Food,Seed,Bangalore,1.0,1.0,2022-08-03
Inflexor Ventures And Omnivore,21.58,1,2022-10-28,Biotechnology,Seed,Pune,1.0,1.0,2022-10-28
Auxano,21.58,2,2021-07-15,Edtech,Pre-Series A,"Delhi, Noida",0.75,1.5,2021-07-15
Quintillion Media,21.33,1,2016-08-10,"Career Community For Women, Consumer Internet","Seed, Private Equity",Noida,0.38,3.0,2016-08-10
Sanjay Mehta,21.01,4,2020-07-15,"End To End Reverse Logistics Solution, Consumer Internet, Technology",Seed,"Bangalore, Mumbai",0.29,4.5,2020-07-15
Uhnis,21.0,1,2025-01-13,Food,Pre-Series A,Noida,0.33,3.0,2025-01-13
Rannvijay Singha,21.0,1,2025-06-27,Sports & Media,Strategic Investment,Nan,1.0,1.0,2025-06-27
Amit Gupta,20.92,7,2022-02-07,"Edtech, Workforce Management Software, Healthcare","Seed, Unknown","Mumbai, Bangalore, Bhopal",0.21,5.29,2022-02-07
Simile Capital,20.9,1,2024-09-06,Callcenter,Series A,Mumbai,0.25,4.0,2024-09-06
Planb Capital And Sat Industries,20.75,1,2022-05-28,Food,Seed,Gurgaon,1.0,1.0,2022-05-28
General Catalyst Partners,20.75,1,2016-10-18,Technology,Private Equity,Noida,1.0,1.0,2016-10-18
Ajesh K Murthy,20.75,1,2016-03-19,Real Estate,Seed,Bangalore,0.5,2.0,2016-03-19
Mohit Gupta,20.75,1,2015-08-06,Mutual Fund Investing,Private Equity,Bangalore,0.2,5.0,2015-08-06
Shamik Sharma,20.75,1,2015-08-06,Mutual Fund Investing,Private Equity,Bangalore,0.2,5.0,2015-08-06
Base Of Pyramid Asia (Bopa) Pte Ltd,20.75,1,2018-07-11,Consumer Internet,Private Equity,Rourkela,1.0,1.0,2018-07-11
Sino Global Capital And Devfolio,20.75,1,2022-06-12,Information & Technology,Pre-Seed,Nan,1.0,1.0,2022-06-12
Blacksoil Capital Pvt. Ltd.,20.75,1,2016-09-07,Consumer Internet,Private Equity,Gurgaon,1.0,1.0,2016-09-07
The Treasury,20.75,1,2021-09-06,Fintech,Seed,Bangalore,1.0,1.0,2021-09-06
Mmg Group,20.75,1,2025-04-06,Transit Retail,Series A,Indore,1.0,1.0,2025-04-06
Maximus Capital,20.75,1,2022-02-13,Sports,Seed,Noida,0.25,4.0,2022-02-13
Prudent Investment Maunknowngers,20.75,1,2024-12-17,Fintech,Series A,Noida,1.0,1.0,2024-12-17
Syska Led Group,20.75,1,2016-08-22,Consumer Internet,Private Equity,Pune,1.0,1.0,2016-08-22
Tpgunknownbacked Group Landmark,20.75,1,2020-03-15,Automobile,Series A,Bangalore,1.0,1.0,2020-03-15
Good News Ventures,20.75,1,2025-01-17,Ai Infrastructure,Seed,San Francisco,0.2,5.0,2025-01-17
Arka Venture Labs,20.75,1,2025-01-17,Ai Infrastructure,Seed,San Francisco,0.2,5.0,2025-01-17
Mitesh Majithia,20.75,1,2015-12-22,Mobile Point Of Sale,Private Equity,Hyderabad,1.0,1.0,2015-12-22
Pureland Venture,20.75,1,2021-07-24,Healthcare,Series A,Delhi,0.33,3.0,2021-07-24
Wavemaker Partners / 7Square Ventures,20.75,1,2025-10-23,Consumer > Local,Seed,Delhi,1.0,1.0,2025-10-23
Elanpro,20.75,1,2025-04-16,Smart Vending,Seed,Delhi,1.0,1.0,2025-04-16
European Investment Fund,20.75,1,2015-10-10,Mobile Messaging Assistant,Private Equity,Bangalore,0.2,5.0,2015-10-10
Gda Capital,20.75,1,2022-02-13,Sports,Seed,Noida,0.25,4.0,2022-02-13
Nft Technologies,20.75,1,2022-02-13,Sports,Seed,Noida,0.25,4.0,2022-02-13
Piper Serica,20.75,1,2025-08-27,Advanced Hardware & Technology,Pre-Seed,Bangalore,0.5,2.0,2025-08-27
Tarun Tahiliani And Nitin Seth,20.75,1,2022-09-14,Software,Seed,Gurgaon,1.0,1.0,2022-09-14
Centre Court Capital,20.75,1,2025-10-18,Consumer > Sports,Seed,Nan,1.0,1.0,2025-10-18
Sequoia Capital’S Surge,20.75,1,2020-02-20,Visual Media,Unknown,Nan,1.0,1.0,2020-02-20
Ventureast And Exfinity,20.75,1,2018-07-10,Technology,Other,Bangalore,1.0,1.0,2018-07-10
Sky Impact Capital,20.75,1,2025-07-25,Enterprise,Series A,Delhi,1.0,1.0,2025-07-25
. Sharath Kumar And Yuvraj A. Thakker,20.75,1,2022-12-28,Fintech,Seed,Mumbai,1.0,1.0,2022-12-28
Mit Alumni Angels And Kfw Deg,20.75,1,2022-06-01,Micro Lending,Seed,Lucknow,1.0,1.0,2022-06-01
Srini Koppolu,20.75,1,2015-03-11,Other,Private Equity,Nan,0.2,5.0,2015-03-11
Omnivore And Omidyar Network India,20.75,1,2020-01-13,Agritech,Seed,Nan,0.5,2.0,2020-01-13
Blume Ventures And Rtp Global,20.75,1,2019-06-22,Deeptech,Pre-Series A,Bangalore,1.0,1.0,2019-06-22
Tiger Shroff,20.75,1,2022-01-26,Edtech,Unknown,Gurgaon,0.5,2.0,2022-01-26
Lloyd Balajadia,20.75,1,2025-05-13,Evaas,Unspecified Round,Chennai,0.33,3.0,2025-05-13
Rahul Bothra,20.75,1,2025-05-13,Evaas,Unspecified Round,Chennai,0.33,3.0,2025-05-13
Vijay Kedia,20.75,1,2025-05-13,Evaas,Unspecified Round,Chennai,0.33,3.0,2025-05-13
Satish Reddy,20.75,1,2015-03-11,Other,Private Equity,Nan,0.2,5.0,2015-03-11
Ruchi Deepak,20.75,1,2024-08-15,Dating,Unspecified Round,Delhi,0.2,5.0,2024-08-15
Http://100X.Vc/,20.75,1,2021-04-05,Saas,Seed,Bangalore,1.0,1.0,2021-04-05
Ifmr Capital Fiunknownnce,20.75,1,2017-02-20,Consumer Internet,Private Equity,Bangalore,1.0,1.0,2017-02-20
Rianta Capital,20.75,2,2020-01-28,"Agritech, Other","Pre-Series A, Private Equity","Bangalore, Nan",0.5,2.0,2020-01-28
Roshan Abbas,20.75,1,2021-06-07,Fintech,Pre-Series A,Bangalore,0.5,2.0,2021-06-07
Xeed Ventures,20.75,1,2025-08-08,Ai,Pre-Seed,Bangalore,0.33,3.0,2025-08-08
Canbank Venture Capital Fund And Jpin,20.75,1,2022-06-11,Autonomous Vehicle,Seed,Bangalore,1.0,1.0,2022-06-11
Lemniscap,20.75,1,2025-04-09,Ev Charging,Seed,Hyderabad,1.0,1.0,2025-04-09
White Venture Capital,20.75,1,2025-04-15,Nonbanking Financial,Seed,Indore,1.0,1.0,2025-04-15
Madhukar Gangadi,20.75,1,2015-03-11,Other,Private Equity,Nan,0.2,5.0,2015-03-11
Commonfloor,20.75,1,2015-06-21,Flat Rental Mobile,Private Equity,Bangalore,1.0,1.0,2015-06-21
Bluestone,20.75,1,2025-01-12,D2C Footwear,Unspecified Round,Bangalore,0.33,3.0,2025-01-12
Fs Private Equity,20.75,1,2018-05-15,It,Other,Chennai,0.25,4.0,2018-05-15
Srini Raju,20.75,1,2015-03-11,Other,Private Equity,Nan,0.2,5.0,2015-03-11
Supera Pte Ltd,20.28,1,2019-04-13,Ecommerce,Other,Mumbai,1.0,1.0,2019-04-13
Mile Deep Capital,20.16,2,2025-03-07,"Deeptech Engineering, Café",Other,"Gurgaon, Hyderabad",0.75,1.5,2025-03-07
Chounknown Family,20.0,1,2024-08-17,Ev Batteries,Series A,Mumbai,0.5,2.0,2024-08-17
Sattva Family Office,20.0,1,2025-01-09,B2B Tyre,Unspecified Round,Delhi,0.25,4.0,2025-01-09
Anbg Enterprise Llp (Godrej Family Office),20.0,1,2024-12-01,Rooftop Solar,Unspecified Round,Gurgaon,0.5,2.0,2024-12-01
Trudie Styler,20.0,1,2025-01-02,Biotech Seaweed Alternatives,Unspecified Round,Pune,0.2,5.0,2025-01-02
7Th Gen Ventures,20.0,1,2025-01-02,Biotech Seaweed Alternatives,Unspecified Round,Pune,0.2,5.0,2025-01-02
Lloyds Steel,20.0,1,2025-10-25,High > Drones,Seed,Nan,1.0,1.0,2025-10-25
Ravinderunknownth Chadha,20.0,1,2024-12-01,Rooftop Solar,Unspecified Round,Gurgaon,0.5,2.0,2024-12-01
Gurpreet Singh,19.92,1,2015-07-02,Medical Instruments,Seed,Delhi,0.25,4.0,2015-07-02
Iifl Seed Ventures,19.92,1,2017-06-08,Ecommerce,Private Equity,Mumbai,0.14,7.0,2017-06-08
Rajeev Misra And Vijay Shekhar Sharm,19.92,1,2022-10-05,Manufacturing,Series A,Delhi,1.0,1.0,2022-10-05
Ian,19.92,4,2024-09-19,"Edtech, Gaming Game Development, Hospitality","Unknown, Unspecified Round, Pre-Series A","Chennai, Mumbai, Delhi",0.51,2.75,2024-09-19
Otp Ventures,19.92,1,2025-01-09,Healthcare,Initial Funding,Delhi,1.0,1.0,2025-01-09
Malvinder And Shivinder Singh,19.92,1,2015-07-02,Medical Instruments,Seed,Delhi,0.25,4.0,2015-07-02
Bharat Inclusion,19.92,2,2021-09-10,"Information Technology &, Internet",Pre-Series A,"Bangalore, Noida",1.0,1.0,2021-09-10
K4 Forum Mumbai Network And Halliburton Labs,19.92,1,2022-08-21,Solar,Seed,Bangalore,1.0,1.0,2022-08-21
Venturesoul Partners,19.92,1,2024-10-16,Lendingtech,Debt,Gurgaon,1.0,1.0,2024-10-16
Saha Fund,19.51,2,2017-03-25,"Ecommerce, Consumer Internet",Private Equity,"Vadodara, Mumbai",0.24,5.0,2017-03-25
Serica Angel Fund And Uc Impower,19.4,1,2024-10-24,Fintech,Series A,Delhi,1.0,1.0,2024-10-24
Dilip Khandelwal And Anthony Goldbloom,19.09,1,2022-09-02,Software,Seed,San Francisco,1.0,1.0,2022-09-02
Logx Ventures,19.09,1,2020-08-28,Media,Seed,Bangalore,0.2,5.0,2020-08-28
Waveform Ventures,19.09,2,2024-09-11,"Content Monetisation, B2B Financial Management","Seed, Pre-Seed","Gurgaon, Bangalore",0.38,3.0,2024-09-11
The Hr Fund,19.09,2,2016-08-10,"Hiring Analytics, Consumer Internet","Seed, Private Equity","Chennai, Noida",0.62,2.5,2016-08-10
Mahindra And Mahindra Fiunknownncial Services,19.09,1,2017-04-11,Consumer Internet,Private Equity,Bangalore,1.0,1.0,2017-04-11
Republic Crypto,19.09,1,2021-10-16,Information Technology &,Unknown,Bangalore,0.25,4.0,2021-10-16
Sahil Lavingia,19.09,1,2021-10-16,Information Technology &,Unknown,Bangalore,0.25,4.0,2021-10-16
Woodstock,19.09,1,2021-10-16,Information Technology &,Unknown,Bangalore,0.25,4.0,2021-10-16
Bipin Patel Family Office,19.09,1,2025-09-04,Clean,Seed,Hyderabad,1.0,1.0,2025-09-04
Vallabh Bhanshali,19.09,1,2016-01-09,Technology,Private Equity,Bangalore,0.25,4.0,2016-01-09
Venture Garage,19.09,1,2021-08-18,Edtech,Unknown,Mumbai,0.17,6.0,2021-08-18
Yoga Capital,19.09,1,2021-08-18,Edtech,Unknown,Mumbai,0.17,6.0,2021-08-18
Jam,19.09,1,2021-09-06,Fintech,Seed,Gurgaon,0.5,2.0,2021-09-06
Ah!Ventures,19.09,1,2021-08-18,Edtech,Unknown,Mumbai,0.17,6.0,2021-08-18
N Squared Maunknowngement Llc,19.09,1,2016-01-09,Technology,Private Equity,Bangalore,0.25,4.0,2016-01-09
Jagdish,19.09,1,2016-01-09,Technology,Private Equity,Bangalore,0.25,4.0,2016-01-09
Sandeep Mehta Family Office,19.09,1,2016-01-09,Technology,Private Equity,Bangalore,0.25,4.0,2016-01-09
Dcg,19.09,1,2021-10-16,Information Technology &,Unknown,Bangalore,0.25,4.0,2021-10-16
Purvi Capital,18.76,2,2020-11-13,"Job Search, Edtech",Seed,Bangalore,0.75,1.5,2020-11-13
Neeraj Aggarwal,18.68,1,2015-09-23,Digital & Physical Publishing,Private Equity,Delhi,0.33,3.0,2015-09-23
Engie Rassembleurs D'Energies,18.68,1,2020-07-11,Ecommerce,Pre-Series A,Jaipur,0.2,5.0,2020-07-11
And Kalaari Capital,18.68,1,2024-10-03,Product Design,Series A,Bangalore,0.25,4.0,2024-10-03
Toos N Daruvala,18.68,1,2017-01-06,Consumer Internet,Private Equity,Gurgaon,0.33,3.0,2017-01-06
Vedanta Capital,18.68,1,2017-01-06,Consumer Internet,Private Equity,Gurgaon,0.33,3.0,2017-01-06
William Campbell,18.68,1,2017-01-06,Consumer Internet,Private Equity,Gurgaon,0.33,3.0,2017-01-06
And The Singh Family Trusts,18.68,1,2020-07-11,Ecommerce,Pre-Series A,Jaipur,0.2,5.0,2020-07-11
Duunknownmis Ventures Pte Ltd,18.68,1,2017-07-02,Consumer Internet,Private Equity,Pune,1.0,1.0,2017-07-02
Teja Ventures,18.68,1,2020-07-11,Ecommerce,Pre-Series A,Jaipur,0.2,5.0,2020-07-11
Beyond Capital Fund.,18.68,1,2020-07-11,Ecommerce,Pre-Series A,Jaipur,0.2,5.0,2020-07-11
Prajay Advisors,18.55,4,2025-08-22,"Ecommerce, Luxury Mens, Hot Condiments",Seed,"Delhi, Mumbai, Nan",0.73,1.8,2025-08-22
Jaipuria Family Office,18.3,2,2024-12-17,"Oil And Energy, D2C Gummies","Unknown, Bridge",Delhi,0.57,4.0,2024-12-17
Theventures,18.26,1,2021-09-05,B2B Travel,Pre-Series A,Delhi,1.0,1.0,2021-09-05
Rajan Aunknowndan,18.26,1,2021-02-03,Healthcare,Seed,Bangalore,1.0,1.0,2021-02-03
Iima Ventures,18.26,2,2025-05-03,"Nanocarbon Materials, Spacetech","Seed, Pre-Seed","Jaipur, Ahmedabad",0.5,2.0,2025-05-03
Equirus Innovatex Fund,18.26,2,2025-01-21,"Data Engineering, Climate Fashion",Seed,Bangalore,0.62,2.5,2025-01-21
Surfboard Ventures And Nishant Patel,18.26,1,2022-08-08,Edtech,Unknown,Bangalore,1.0,1.0,2022-08-08
Ruchi Kalra And Sandeep Singh,18.26,1,2022-08-20,Trading,Seed,Bangalore,1.0,1.0,2022-08-20
Jarett Posner,18.26,1,2015-04-23,Travel Entertainment,Seed,Delhi,0.25,4.0,2015-04-23
Abm Knowledgeware,18.26,1,2017-01-07,Technology,Private Equity,Bangalore,1.0,1.0,2017-01-07
Survam Partners And Inflexor Ventures,18.26,1,2022-06-06,"Manufacturing, Aerospace Manufacturing","Unknown, Series A",Coimbatore,1.0,1.0,2022-06-06
Micelio Technology Fund,18.26,1,2025-01-18,Electric Tractor,Seed,Bangalore,0.33,3.0,2025-01-18
Other Ununknownmed Investors,18.26,3,2016-04-28,"Consumer Internet, Food","Seed, Private Equity","Hyderabad, Bangalore, Mumbai",0.5,2.0,2016-04-28
Meghunknown Agarwal,18.26,1,2020-08-04,Construction,Series A,Bangalore,0.5,2.0,2020-08-04
Kuldeep Mathur,18.26,1,2024-09-05,Deeptech Smart Assistance,Unspecified Round,Nan,0.25,4.0,2024-09-05
Jason Hirschhorn,18.26,1,2015-04-23,Travel Entertainment,Seed,Delhi,0.25,4.0,2015-04-23
Navin Dhanuka,18.26,1,2020-08-04,Construction,Series A,Bangalore,0.5,2.0,2020-08-04
And Amit Bhatiani,18.26,1,2015-04-23,Travel Entertainment,Seed,Delhi,0.25,4.0,2015-04-23
Varun Alagh And Rajesh Yabaji,17.93,1,2022-11-04,Educaton,Seed,Bangalore,1.0,1.0,2022-11-04
Avtar Monga,17.74,3,2024-11-14,"Consumer Internet, Qsr & Online Delivery Portal, Biomaterials","Other, Seed, Pre-Seed","Gurgaon, Delhi",0.28,3.67,2024-11-14
Millenunknown Fvci Iii,17.51,1,2020-08-14,It,Series A,Mumbai,0.33,3.0,2020-08-14
Arali Ventures,17.45,3,2025-03-05,"Ai, Automation","Seed, Pre-Seed","Hyderabad, Delhi, Bangalore",0.57,2.67,2025-03-05
Abstract Ventures,17.43,1,2017-04-06,Technology,Private Equity,Noida,0.14,7.0,2017-04-06
Contrarian Capital,17.43,1,2017-04-06,Technology,Private Equity,Noida,0.14,7.0,2017-04-06
Yournest Venture Capital And Netcore Cloud,17.43,1,2022-06-23,Media&Entertainment,Seed,Gurgaon,1.0,1.0,2022-06-23
Saravaunknownn Adiseshan,17.43,1,2020-01-19,Virtual Banking,Series A,Bangalore,1.0,1.0,2020-01-19
Gsf Accelerator,17.43,3,2025-06-08,"Ai, Edtech, Iot","Pre-Seed, Unknown","Bangalore, Pune",0.75,2.0,2025-06-08
Beenext And 9Unicorns Accelerator Fund,17.43,1,2022-09-04,Fintech,Seed,Hyderabad,1.0,1.0,2022-09-04
Healthquad And Fireside Ventures,17.43,1,2018-02-26,Healthcare,Private Equity,Gurgaon,0.5,2.0,2018-02-26
Apoorva Patni,17.43,1,2018-03-25,Healthcare,Private Equity,Mumbai,0.25,4.0,2018-03-25
Soonicorn Ventures,17.31,2,2024-12-17,"Assistive Devices, Sustainable Investment","Seed, Other","Bangalore, Gurgaon",0.25,4.5,2024-12-17
Devx Venture Fund,17.02,4,2022-02-12,"Industrial Automation, Healthcare, Ar",Unknown,"Bangalore, Mumbai, Ahmedabad",0.75,1.5,2022-02-12
Prath Ventures And Spring Marketing Capital,17.0,1,2025-04-17,D2C Snacking,Pre-Series A,Jaipur,1.0,1.0,2025-04-17
Abhishek Goyal,16.98,3,2025-02-26,"Pickleball Sports, Retail Luxury Goods And Jewellery, Consumer Internet","Seed, Pre-Seed","Bangalore, Mumbai",0.14,7.67,2025-02-26
Zeropearl Vc,16.76,3,2025-09-21,"Ecommerce, Oral Care","Seed, Pre-Seed",Bangalore,1.0,1.0,2025-09-21
Emandi Sankara Rao,16.6,1,2020-11-09,Edtech,Bridge,Gurgaon,0.5,2.0,2020-11-09
Tata Cleantech Capital,16.6,1,2021-07-02,Solar,Unknown,Delhi,1.0,1.0,2021-07-02
Vkg Ventures Llp.,16.6,1,2020-10-23,Edtech,Unknown,Mumbai,0.5,2.0,2020-10-23
Capitalunknowna And Samarsh Capital,16.6,1,2024-12-09,Cleantech,Other,Nan,1.0,1.0,2024-12-09
Amit Chaudhary (Lenskart),16.6,1,2024-10-14,Accounting & Tax Management Saas,Pre-Series A,Gurgaon,0.25,4.0,2024-10-14
Virender Raunknown,16.6,1,2024-10-14,Accounting & Tax Management Saas,Pre-Series A,Gurgaon,0.25,4.0,2024-10-14
Jungle Ventures (First Cheque@Jungle),16.6,1,2025-01-02,Food,Pre-Seed,Gurgaon,0.5,2.0,2025-01-02
Praveen Sinha,16.6,1,2015-05-07,Mobile Laundry Cleaning,Private Equity,Chennai,0.5,2.0,2015-05-07
Reeunknown Dayal,16.6,1,2024-12-12,Photonic Quantum Technology,Seed,Bangalore,0.33,3.0,2024-12-12
Rohan Bhargava (Cashkaro),16.6,1,2024-10-14,Accounting & Tax Management Saas,Pre-Series A,Gurgaon,0.25,4.0,2024-10-14
Daniel Lapus,16.6,1,2020-10-23,Edtech,Unknown,Mumbai,0.5,2.0,2020-10-23
Senior Food Industry Leaders,16.6,1,2025-01-02,Food,Pre-Seed,Gurgaon,0.5,2.0,2025-01-02
Prime Securities Limited,16.6,1,2021-09-16,Sports,Series A,Gurgaon,1.0,1.0,2021-09-16
Myhashstash,16.6,1,2022-10-27,Software,Pre-Seed,Delhi,1.0,1.0,2022-10-27
Aditya Duggar,16.6,1,2021-09-10,Gaming,Seed,Noida,1.0,1.0,2021-09-10
Dinesh Nagpal,16.6,1,2021-04-23,Fintech,Seed,Gurgaon,0.33,3.0,2021-04-23
Arun Chandra Mohan,16.6,1,2015-05-07,Mobile Laundry Cleaning,Private Equity,Chennai,0.5,2.0,2015-05-07
Alfa Capital,16.6,2,2018-01-11,Healthcare,Private Equity,"Gurgaon, Delhi",0.2,5.5,2018-01-11
Nirvaunknown Venture Advisors,16.6,1,2015-05-06,Ondemand,Private Equity,Bangalore,1.0,1.0,2015-05-06
Force Ventures And Foundamental,16.6,1,2022-08-22,Saas,Seed,Bangalore,1.0,1.0,2022-08-22
Jf Mauritius Spv,16.6,1,2020-01-12,Technology,Debt,Nan,0.5,2.0,2020-01-12
Dr Mushtaq Shah,16.6,1,2015-03-07,Other,Seed,Nan,0.5,2.0,2015-03-07
Dr Faraz Naqvi,16.6,1,2015-03-07,Other,Seed,Nan,0.5,2.0,2015-03-07
Mohit Tandon,16.6,1,2025-05-09,Ev,Seed,Gurgaon,0.5,2.0,2025-05-09
Urmin Family Office,16.6,1,2020-07-23,Food,Pre-Series A,Ahmedabad,0.33,3.0,2020-07-23
Flowstate Ventures,16.6,1,2021-09-14,Food,Seed,Pune,0.5,2.0,2021-09-14
Truevalue Group Md Yash Shah,16.6,1,2020-07-23,Food,Pre-Series A,Ahmedabad,0.33,3.0,2020-07-23
Lemounknownde Ventures,16.6,1,2020-07-23,Food,Pre-Series A,Ahmedabad,0.33,3.0,2020-07-23
Venture Catalysts Uk,16.6,1,2021-09-20,Healthcare,Pre-Series A,Pune,0.25,4.0,2021-09-20
Jpin,16.6,1,2021-09-20,Healthcare,Pre-Series A,Pune,0.25,4.0,2021-09-20
Arihant Patni Of Patni Family Office,16.6,1,2018-04-04,Consumer Internet,Private Equity,Mumbai,0.17,6.0,2018-04-04
Exfinity Venture,16.6,1,2018-04-04,Consumer Internet,Private Equity,Mumbai,0.17,6.0,2018-04-04
Bedrock Capital,16.6,1,2020-04-26,Fintech,Unknown,Nan,0.5,2.0,2020-04-26
Saha Fund Partners,16.6,1,2018-04-04,Consumer Internet,Private Equity,Mumbai,0.17,6.0,2018-04-04
Satish Khanunknown And Taparia Family Office.,16.6,1,2018-04-04,Consumer Internet,Private Equity,Mumbai,0.17,6.0,2018-04-04
Sfmg Wealth Advisors,16.6,1,2024-12-01,Ai Wealth Management Assistant,Seed,Mumbai,0.17,6.0,2024-12-01
Gregg Fisher (Quent Capital),16.6,1,2024-12-01,Ai Wealth Management Assistant,Seed,Mumbai,0.17,6.0,2024-12-01
Boldcap,16.6,1,2024-12-01,Ai Wealth Management Assistant,Seed,Mumbai,0.17,6.0,2024-12-01
Ashish Kacholi,16.6,1,2018-05-02,Edtech,Other,Delhi,0.5,2.0,2018-05-02
Alphard Maritime Group,16.6,1,2017-06-20,Technology,Seed,Noida,1.0,1.0,2017-06-20
Simile Ventures,16.6,1,2017-10-03,Consumer Internet,Private Equity,Bangalore,0.5,2.0,2017-10-03
S Chand Group,16.6,1,2018-05-02,Edtech,Other,Delhi,0.5,2.0,2018-05-02
Anshuman Das,16.6,1,2017-07-18,Technology,Seed,Bangalore,0.2,5.0,2017-07-18
Grey Orange,16.6,1,2017-07-18,Technology,Seed,Bangalore,0.2,5.0,2017-07-18
Rajesh Ramaiah,16.6,1,2017-07-18,Technology,Seed,Bangalore,0.2,5.0,2017-07-18
Rishi Das,16.6,1,2017-07-18,Technology,Seed,Bangalore,0.2,5.0,2017-07-18
Romulus Capital,16.6,1,2016-06-12,Healthcare,Private Equity,Delhi,1.0,1.0,2016-06-12
Mantis Ventures,16.6,1,2020-08-22,Ecommerce,Seed,Hyderabad,1.0,1.0,2020-08-22
Angel Bay India Accelerator,16.6,1,2024-08-27,Fintech,Unspecified Round,Mumbai,0.33,3.0,2024-08-27
Private Investors,16.6,1,2024-08-27,Fintech,Unspecified Round,Mumbai,0.33,3.0,2024-08-27
Mukesh Yadav,16.6,1,2021-04-23,Fintech,Seed,Gurgaon,0.33,3.0,2021-04-23
Liberatha Kallat,16.6,1,2021-04-23,Fintech,Seed,Gurgaon,0.33,3.0,2021-04-23
Ajay Jain,16.6,1,2021-06-14,Ecommerce,Pre-Series A,Mumbai,0.5,2.0,2021-06-14
Unicorn India Ventures And Isme Ace.,16.6,1,2018-03-26,Fintech,Other,Bangalore,0.5,2.0,2018-03-26
Oliphabs Capital,16.6,1,2015-07-24,Hasbro Toy Manufacturer,Private Equity,Pune,1.0,1.0,2015-07-24
Transworld Group,16.6,1,2021-09-13,Logistics,Pre-Series A,Bangalore,1.0,1.0,2021-09-13
Art Venture,16.6,1,2020-01-10,Technology,Pre-Series A,"Noida, Nan",0.33,3.0,2020-01-10
Sanjay Baldwa,16.6,1,2021-06-14,Ecommerce,Pre-Series A,Mumbai,0.5,2.0,2021-06-14
V Sumantran,16.6,1,2020-08-15,Battery Manufacturer,Unknown,Chennai,0.5,2.0,2020-08-15
Contrarian Vriddhi Fund,16.6,1,2016-11-27,Ecommerce,Private Equity,Jaipur,0.5,2.0,2016-11-27
Manuvel Malabar Jewellers,16.6,1,2021-11-10,Fintech,Pre-Series A,Delhi,1.0,1.0,2021-11-10
Dewang Neralla'S Family Office,16.6,1,2025-02-11,Fintech,Seed,Mumbai,0.17,6.0,2025-02-11
Sophia Investment Aps,16.6,1,2016-08-26,Technology,Private Equity,Bangalore,1.0,1.0,2016-08-26
Saurabh Jain,16.6,1,2024-11-05,Smart Kitchen Appliances,Seed,Bangalore,0.17,6.0,2024-11-05
Naresh Malhotra,16.6,1,2020-11-14,Saas,Unknown,Bangalore,0.5,2.0,2020-11-14
Jupiter Metaverse Llp,16.6,1,2025-02-11,Fintech,Seed,Mumbai,0.17,6.0,2025-02-11
Nilesh Doshi,16.6,1,2025-02-11,Fintech,Seed,Mumbai,0.17,6.0,2025-02-11
Subho Ray,16.6,1,2020-10-15,Ayurveda,Pre-Series A,Gurgaon,0.5,2.0,2020-10-15
Lg Chandrasekhar,16.6,2,2017-09-19,"Ecommerce, Consumer Internet","Private Equity, Seed",Bangalore,0.6,3.0,2017-09-19
Twin Ventures And Saama Capital,16.6,1,2022-10-09,Ai,Seed,San Francisco,1.0,1.0,2022-10-09
Sap.Io,16.6,1,2017-06-28,Consumer Internet,Private Equity,Bangalore,0.5,2.0,2017-06-28
Venture Garage And Vikas D Nahar,16.6,1,2022-08-13,Food,Seed,Mumbai,1.0,1.0,2022-08-13
Parampara Capital,16.6,2,2016-06-18,"Technology, Structural & Civil Engg Automation",Private Equity,Mumbai,1.0,1.0,2016-06-18
Impact Partners,16.6,1,2021-04-08,Renewable Energy,Unknown,Hyderabad,0.5,2.0,2021-04-08
Centrum Fiunknownncial Services,16.6,1,2021-04-25,Renewable Energy,Seed,Mumbai,1.0,1.0,2021-04-25
Cashurdrive Marketing Pvt Ltd,16.6,1,2016-03-15,Consumer Internet,Private Equity,Gurgaon,1.0,1.0,2016-03-15
Snehil Khanor,16.6,1,2021-04-11,Dating,Pre-Series A,Delhi,0.5,2.0,2021-04-11
Raghav Mohan Bakshi,16.6,1,2021-11-04,Textiles,Unknown,Mumbai,0.33,3.0,2021-11-04
Zerodha'S Rainmatter Capital,16.6,1,2021-01-04,Fintech,Seed,Bangalore,0.5,2.0,2021-01-04
Let’S Venture,16.6,1,2021-10-20,Automotive,Seed,Bangalore,0.5,2.0,2021-10-20
Riteesh Mohan Bakshi,16.6,1,2021-11-04,Textiles,Unknown,Mumbai,0.33,3.0,2021-11-04
Cataraman Ventures,16.6,1,2015-09-10,Online Insurance Distribution,Private Equity,Mumbai,1.0,1.0,2015-09-10
Falcon5,16.6,1,2021-07-15,Edtech,Pre-Series A,Noida,0.5,2.0,2021-07-15
Sarvesh Shahra,16.6,1,2015-04-11,Premium Beverages,Seed,Delhi,0.25,4.0,2015-04-11
\\Xc2\\Xa0 Ravi Saxeunknown,16.6,1,2015-10-15,Home Cooked Food & Delivery,Private Equity,Mumbai,0.33,3.0,2015-10-15
Sanjeev Kapoor,16.6,1,2015-10-15,Home Cooked Food & Delivery,Private Equity,Mumbai,0.33,3.0,2015-10-15
Ritesh Dwivedy,16.6,1,2015-12-06,Logistics,Private Equity,Delhi,0.33,3.0,2015-12-06
Dsp,16.6,1,2025-02-18,Investment Wealthtech,Seed,Bangalore,0.33,3.0,2025-02-18
Chandru Kalro,16.6,1,2024-11-05,Smart Kitchen Appliances,Seed,Bangalore,0.17,6.0,2024-11-05
Akatsuki And Incubate Fund From Japan And Better Capital Angellist Syndicate.,16.6,1,2018-12-08,B2B,Seed,Indore,0.33,3.0,2018-12-08
Mgfunknownkavachh,16.6,1,2025-06-11,Advanced Hardware & Technology,Pre-Series A,Rourkela,1.0,1.0,2025-06-11
Fireside Venture Investment Fund Iii,16.6,1,2024-11-05,Smart Kitchen Appliances,Seed,Bangalore,0.17,6.0,2024-11-05
Shripad Nadkarni,16.6,1,2015-04-11,Premium Beverages,Seed,Delhi,0.25,4.0,2015-04-11
Dvara Holdings,16.6,1,2022-02-26,Fintech,Pre-Series A,Mumbai,0.5,2.0,2022-02-26
Siddhartha Gupta,16.6,1,2016-12-26,Food,Seed,Delhi,0.5,2.0,2016-12-26
Rajesh Sud,16.6,1,2021-03-03,Lifestyle,Unknown,Delhi,0.5,2.0,2021-03-03
Callapiunknown Capital,16.6,1,2025-02-27,Ev Battery,Pre-Series A,Bangalore,0.17,6.0,2025-02-27
Z21 Ventures,16.6,1,2025-02-27,Ev Battery,Pre-Series A,Bangalore,0.17,6.0,2025-02-27
Kuldeep Jain,16.6,1,2021-03-03,Lifestyle,Unknown,Delhi,0.5,2.0,2021-03-03
Akash Gehani,16.6,1,2020-10-26,Edtech,Unknown,Bangalore,0.5,2.0,2020-10-26
Krafton India,16.6,1,2025-05-16,Social Media,Series A,Gurgaon,1.0,1.0,2025-05-16
Manish Maheshwari,16.6,1,2016-11-27,Ecommerce,Private Equity,Jaipur,0.5,2.0,2016-11-27
Indianivesh Venture Capital Fund,16.6,1,2017-04-05,Technology,Private Equity,Delhi,1.0,1.0,2017-04-05
Petrounknowns Ventures,16.6,1,2021-10-24,Nanotechnology,Unknown,Bangalore,1.0,1.0,2021-10-24
Insistor,16.6,1,2018-05-03,Fintech,Other,Kolkata,0.5,2.0,2018-05-03
Waterbridge,16.6,1,2021-07-23,Gaming,Pre-Series A,Bangalore,0.5,2.0,2021-07-23
Aet Japan,16.6,1,2020-11-19,Paas,Seed,Bangalore,0.33,3.0,2020-11-19
First Cheque.,16.6,1,2020-08-28,Hr,Unknown,Bangalore,0.2,5.0,2020-08-28
Sherpalo Ventures,16.6,1,2015-07-10,Hyperlocal Handyman,Private Equity,Mumbai,0.25,4.0,2015-07-10
Gilda Vc,16.6,1,2020-01-10,Technology,Pre-Series A,"Noida, Nan",0.33,3.0,2020-01-10
Sequoia Capital Surge,16.6,1,2020-04-16,Fitness,Unknown,Pune,0.5,2.0,2020-04-16
Man Capital Llp,16.6,1,2018-02-25,Consumer Internet,Private Equity,Gurgaon,0.33,3.0,2018-02-25
Tcs,16.6,1,2015-12-04,Sports Education,Private Equity,Mumbai,0.25,4.0,2015-12-04
Girunknownr Software,16.6,1,2018-02-25,Consumer Internet,Private Equity,Gurgaon,0.33,3.0,2018-02-25
Faad Capital,16.6,1,2024-10-10,Ai,Pre-Series A,Delhi,0.2,5.0,2024-10-10
Lokmat Investments,16.6,1,2020-11-09,Qsr,Unknown,Mumbai,1.0,1.0,2020-11-09
Several Family Offices,16.6,1,2024-08-16,Vegan Restaurant,Equity,Mumbai,1.0,1.0,2024-08-16
2000000,16.6,1,2021-11-02,Eyewear,Pre-Series A,Gurgaon,1.0,1.0,2021-11-02
On Mauritius,16.6,1,2020-10-08,Bike,Unknown,Mumbai,0.5,2.0,2020-10-08
Steven Lurie,16.6,1,2015-12-20,Home Cooked Food Order & Delivery,Private Equity,Gurgaon,0.33,3.0,2015-12-20
Prashasta Seth,16.6,1,2021-09-05,Design,Other,Mumbai,1.0,1.0,2021-09-05
Fao Ventures,16.6,1,2016-10-02,Ecommerce,Private Equity,Noida,0.2,5.0,2016-10-02
Ranjan Sharma,16.6,1,2016-10-02,Ecommerce,Private Equity,Noida,0.2,5.0,2016-10-02
Tarun Joshi,16.6,1,2016-10-03,Ecommerce,Private Equity,Noida,0.5,2.0,2016-10-03
Tushar Singh,16.6,1,2016-10-02,Ecommerce,Private Equity,Noida,0.2,5.0,2016-10-02
Naveen Arya,16.6,1,2016-10-03,Ecommerce,Private Equity,Noida,0.5,2.0,2016-10-03
Figure Eight Investments,16.6,1,2020-11-19,Paas,Seed,Bangalore,0.33,3.0,2020-11-19
Geekster,16.6,1,2021-05-02,Fintech,Pre-Seed,Mumbai,1.0,1.0,2021-05-02
Elevation Partners,16.6,1,2021-08-26,Saas,Unknown,Bangalore,0.5,2.0,2021-08-26
\\Xc2\\Xa0 Mohandas Pai,16.6,1,2015-07-10,Hyperlocal Handyman,Private Equity,Mumbai,0.25,4.0,2015-07-10
Mahindra,16.6,1,2017-10-21,Food,Private Equity,Coimbatore,0.5,2.0,2017-10-21
Nuvama,16.6,1,2025-03-11,Agritech,Venture Debt,Gurgaon,1.0,1.0,2025-03-11
Krinshavataram Venkata Vinjamuri,16.6,1,2020-01-05,Social Media,Pre-Series A,Bangalore,0.25,4.0,2020-01-05
Ff Angel,16.6,1,2016-05-11,Consumer Internet,Private Equity,Bangalore,0.5,2.0,2016-05-11
Achin Kochar,16.6,1,2021-11-04,Textiles,Unknown,Mumbai,0.33,3.0,2021-11-04
Ashok Leyland,16.6,1,2020-01-13,Battery Design,Unknown,Dehradun,0.5,2.0,2020-01-13
First Luxembourg Sca,16.6,1,2025-07-14,Healthcare,Unknown,Bangalore,1.0,1.0,2025-07-14
Tej Kapoor,16.6,1,2020-01-05,Social Media,Pre-Series A,Bangalore,0.25,4.0,2020-01-05
Fireside Ventures And Whiteboard Capital,16.6,1,2024-09-04,Personal Care,Seed,Nan,1.0,1.0,2024-09-04
Ivy League Alumni Angel Network,16.6,1,2016-12-13,Technology,Private Equity,Bangalore,1.0,1.0,2016-12-13
Shezan Bhojani,16.6,1,2024-11-05,Smart Kitchen Appliances,Seed,Bangalore,0.17,6.0,2024-11-05
Raghuvanshi Investment,16.6,1,2024-08-21,Digital For Banking Sector,Seed,Delhi,0.25,4.0,2024-08-21
Dsp Group,16.6,1,2021-01-23,Media,Unknown,Mumbai,0.5,2.0,2021-01-23
Mahindra And Infuse Ventures,16.6,1,2017-10-21,Food,Private Equity,Coimbatore,0.5,2.0,2017-10-21
Harsh Shah,16.6,1,2020-01-05,Social Media,Pre-Series A,Bangalore,0.25,4.0,2020-01-05
Aramex Ventures Llc,16.6,1,2016-07-23,Logistics,Private Equity,Mumbai,1.0,1.0,2016-07-23
Yeahmobi,16.6,1,2016-06-09,Consumer Internet,Private Equity,Bangalore,0.5,2.0,2016-06-09
Fenqile,16.6,1,2016-06-09,Consumer Internet,Private Equity,Bangalore,0.5,2.0,2016-06-09
3 Undisclosed Hnis,16.6,1,2016-06-19,Technology,Seed,Mumbai,1.0,1.0,2016-06-19
\\Xc2\\Xa0 Accel Partners India,16.6,1,2015-11-18,Online Furniture Home Appliances Rental,Private Equity,Bangalore,0.5,2.0,2015-11-18
Chicago Capital Ventures,16.6,1,2015-12-19,End To End Reverse Logistics Solution,Seed,Bangalore,0.33,3.0,2015-12-19
Inflection Point Venture,16.6,1,2022-02-18,Information Technology &,Seed,Gurgaon,1.0,1.0,2022-02-18
Aeravti Ventures,16.6,2,2025-01-04,"Legaltech, Fresh Produce D2C","Seed, Pre-Seed","Nan, Bangalore",0.75,1.5,2025-01-04
Shardul Amarchand Mangaldas,16.6,1,2018-04-04,Consumer Internet,Private Equity,Mumbai,0.17,6.0,2018-04-04
Arihant Patni,16.43,3,2016-01-27,"Mobile Compression Software, Edtech, Microbrewery","Seed, Private Equity","Mumbai, Bhopal",0.31,5.0,2016-01-27
Runet,16.02,1,2018-01-22,Technology,Private Equity,Bangalore,0.5,2.0,2018-01-22
Other,16.02,1,2018-01-22,Technology,Private Equity,Bangalore,0.5,2.0,2018-01-22
Innovation Foundation (Jiif),16.0,1,2025-02-27,Loyalty & Rewards Saas,Seed,Gurgaon,0.17,6.0,2025-02-27
Promoters Of Haldiram’S,16.0,1,2025-02-27,Loyalty & Rewards Saas,Seed,Gurgaon,0.17,6.0,2025-02-27
Nine Alps,16.0,1,2025-02-27,Loyalty & Rewards Saas,Seed,Gurgaon,0.17,6.0,2025-02-27
Ever Grow Capital,16.0,1,2025-02-27,Loyalty & Rewards Saas,Seed,Gurgaon,0.17,6.0,2025-02-27
Pidilite Ventures,15.77,1,2025-10-24,Retail > Mom & Baby Care,Series B,Nan,1.0,1.0,2025-10-24
Vidal Healthcare,15.77,1,2018-04-22,Healthcare,Other,Mumbai,1.0,1.0,2018-04-22
Finsight Seed Fund,15.77,1,2024-12-02,Smb Crm,Pre-Series A,Bangalore,0.25,4.0,2024-12-02
The Players Fund,15.77,1,2025-10-05,Enterprise Applications > Customer Software,Seed,Nan,1.0,1.0,2025-10-05
Script Capital,15.77,1,2024-12-14,Business Banking,Equity,Bangalore,0.25,4.0,2024-12-14
Eaglewings Venture,15.7,1,2025-03-01,Agritech,Seed,Pune,0.5,2.0,2025-03-01
Swiggy,15.22,1,2020-04-27,Food,Unknown,Nan,0.25,4.0,2020-04-27
Rb Investments.,15.22,1,2020-04-27,Food,Unknown,Nan,0.25,4.0,2020-04-27
Innovation Foundation,15.0,1,2025-02-24,D2C Health Foods,Growth,Mumbai,0.25,4.0,2025-02-24
Maciej Zawadzinski,14.94,1,2024-11-25,Enterprise Ai,Pre-Seed,San Francisco,0.25,4.0,2024-11-25
Sque Capital,14.94,2,2017-06-13,"Consumer Internet, Technology","Seed, Private Equity","Mumbai, Noida",0.67,2.0,2017-06-13
Aunknownnd Mahindra,14.94,3,2020-06-12,"Blockchain, Technology, Consumer Internet","Seed, Unknown","Gurgaon, Bangalore",0.67,1.67,2020-06-12
Be An Angel Network,14.94,1,2022-01-17,Apparel & Fashion,Unknown,Mumbai,0.33,3.0,2022-01-17
Market One Capital,14.94,1,2024-11-25,Enterprise Ai,Pre-Seed,San Francisco,0.25,4.0,2024-11-25
Marcin Zukowski,14.94,1,2024-11-25,Enterprise Ai,Pre-Seed,San Francisco,0.25,4.0,2024-11-25
Nexus Venture Partners And Areunknown Ventures,14.94,1,2015-04-15,Last Minute Travel Deals Mobile,Seed,Bangalore,0.33,3.0,2015-04-15
Version One Ventures,14.94,1,2015-04-15,Last Minute Travel Deals Mobile,Seed,Bangalore,0.33,3.0,2015-04-15
B Capital Group And Surge,14.94,1,2022-08-23,Healthcare,Series A,Bangalore,1.0,1.0,2022-08-23
Harish Daiya,14.94,1,2021-05-25,Human Resources,Seed,Bangalore,0.5,2.0,2021-05-25
Fluid Ventures And Anicut Capital,14.94,1,2022-05-09,Food,Unknown,Delhi,1.0,1.0,2022-05-09
Ivycap Ventures And Mayfield Fund,14.94,1,2022-09-16,Agritech,Series A,Bangalore,1.0,1.0,2022-09-16
Ht Media,14.94,1,2017-12-20,Technology,Private Equity,Delhi,1.0,1.0,2017-12-20
Gaurav Bhalotia,14.94,2,2016-07-06,Consumer Internet,Seed,"Gurgaon, Bangalore",0.2,5.5,2016-07-06
Sidbi Venture Capital Fund,14.86,1,2017-03-09,Consumer Internet,Private Equity,Mumbai,1.0,1.0,2017-03-09
Gameskraft,14.53,1,2020-06-05,Gaming,Series A,Bangalore,1.0,1.0,2020-06-05
Alameda Ventures,14.53,1,2022-01-20,Fintech,Seed,Gurgaon,0.5,2.0,2022-01-20
Better Capital Ventures,14.53,1,2022-01-20,Fintech,Seed,Gurgaon,0.5,2.0,2022-01-20
Sateesh Andara,14.53,1,2015-09-11,Food,Private Equity,Delhi,0.17,6.0,2015-09-11
Kstart Capital,14.52,2,2017-10-20,"Ecommerce, Logistics","Seed, Private Equity","Bangalore, Hyderabad",1.0,1.0,2017-10-20
Growth91,14.45,2,2025-06-20,"Ai, Customer Support","Unknown, Seed","Gurgaon, Delhi",0.22,6.0,2025-06-20
Archaunknown Priyadarshini,14.44,3,2022-01-04,"Software, Entertainment, Food","Unknown, Seed, Pre-Seed","Mumbai, Delhi",0.36,3.0,2022-01-04
Angels Including Abhishek Goyal And Rajesh Sawhney,14.28,1,2025-01-22,B2B Raw Materials,Seed,Nan,0.25,4.0,2025-01-22
Caret Capital,14.12,2,2025-09-28,"Shipping, Clean","Bridge, Seed","Bangalore, Gurgaon",0.75,1.5,2025-09-28
Bijou Kurien,14.11,2,2015-11-12,"Indian Ethnic Crafts Etailer, Other","Private Equity, Other","Bangalore, Nan",0.42,2.5,2015-11-12
Venturesouq,14.11,1,2020-07-19,Fintech,Seed,Mumbai,0.2,5.0,2020-07-19
Isthara Offers Sharedunknownliving Accommodations As Well As A Variety Of Facilities,14.11,1,2022-10-03,Ecommerce,Series A,Wilmington,0.5,2.0,2022-10-03
Kartik Hosaunknowngar,14.11,1,2015-12-11,Data Science & Ux Design Learning,Seed,Bangalore,0.14,7.0,2015-12-11
To Working Professiounknownls And Students,14.11,1,2022-10-03,Ecommerce,Series A,Wilmington,0.5,2.0,2022-10-03
Founder Bank Capital,14.11,1,2020-05-02,Gaming,Pre-Series A,Delhi,0.25,4.0,2020-05-02
Blue Fog Capital,14.11,1,2015-12-11,Data Science & Ux Design Learning,Seed,Bangalore,0.14,7.0,2015-12-11
Allen Blue,14.11,1,2015-12-11,Data Science & Ux Design Learning,Seed,Bangalore,0.14,7.0,2015-12-11
Strive Ventures,14.11,1,2021-03-22,Agritech,Seed,Bangalore,0.5,2.0,2021-03-22
We Founder Circle And Ac Ventures,14.11,1,2024-09-13,Adtech,Pre-Seed,Delhi,1.0,1.0,2024-09-13
Kae Capital And Ishpreet Gandh,14.11,1,2022-11-25,Fintech,Seed,Mumbai,1.0,1.0,2022-11-25
Mukul Singhal,14.11,2,2016-08-17,"Technology, Online Food Ordering & Delivery","Private Equity, Seed",Gurgaon,0.25,4.0,2016-08-17
Hyperplane Venture Capital And Several Angel Investors,14.11,1,2018-06-19,It,Other,Nan,1.0,1.0,2018-06-19
Gradcapital,14.11,1,2024-11-01,Drone Technology,Seed,Mumbai,0.33,3.0,2024-11-01
Broom Ventures,14.11,1,2021-08-25,Hrtech,Unknown,Mumbai,0.33,3.0,2021-08-25
Lead Sports,14.11,1,2020-05-02,Gaming,Pre-Series A,Delhi,0.25,4.0,2020-05-02
John Katzman,14.11,1,2015-12-11,Data Science & Ux Design Learning,Seed,Bangalore,0.14,7.0,2015-12-11
\\Xc2\\Xa0 Abhishek Jain,14.11,1,2016-07-08,Ecommerce,Seed,Mumbai,0.14,7.0,2016-07-08
Song Fund,14.11,1,2022-11-19,Fintech,Seed,Bangalore,1.0,1.0,2022-11-19
Yashowardhan Shah,14.11,1,2025-02-14,Deeptech Ai & Analytics,Seed,Bangalore,0.5,2.0,2025-02-14
Indian Institute Of Maunknowngement Kashipur And Varun Agrawal,14.11,1,2022-10-05,Food,Pre-Seed,Dehradun,1.0,1.0,2022-10-05
Vm Ventures And Rmz Corp,14.11,1,2022-05-07,Logistics,Unknown,Bangalore,1.0,1.0,2022-05-07
Maheshwar Peri,13.7,2,2018-04-07,"Technology, Edtech","Private Equity, Other","Delhi, Hyderabad",0.25,4.0,2018-04-07
Youwecan Ventures,13.53,2,2015-08-20,"Fast Food Franchisee, Edtech","Seed, Private Equity","Gurgaon, Delhi",0.58,3.5,2015-08-20
Boldcap Vc,13.45,1,2024-10-17,Finance Automation And Cash Flow Management,Other,Bangalore,0.33,3.0,2024-10-17
Inuka Capital,13.39,2,2025-08-24,"Secured Lending, Advanced Hardware & Technology",Pre-Seed,"Bangalore, Chandigarh",0.6,3.0,2025-08-24
Matrix Partners Ind,13.3,1,2022-04-26,Information Technology,Unknown,San Francisco,0.5,2.0,2022-04-26
Calcutta Angels,13.28,3,2015-08-22,"Crowd Funding, Other, Interactive Educational Games","Seed, Other","Mumbai, Nan, Jaipur",0.32,4.33,2015-08-22
Yournest And Arali Ventures,13.28,1,2024-08-27,Deep,Unspecified Round,Bangalore,1.0,1.0,2024-08-27
Dheeraj Jain,13.28,4,2016-09-21,"Consumer Internet, Qsr & Online Delivery Portal, Budget Hotels Aggregator",Seed,"Gurgaon, Delhi, Mumbai",0.35,3.75,2016-09-21
India Angel Network,13.28,2,2022-01-06,"Food, Information Technology &",Unknown,"Bangalore, Noida",0.75,1.5,2022-01-06
Xseed Partners,13.28,1,2020-10-25,Edtech,Other,Chennai,0.5,2.0,2020-10-25
Shell,13.28,1,2021-11-14,Maritime,Pre-Series A,Chennai,0.33,3.0,2021-11-14
Acpl Exports,13.28,1,2021-02-02,Water Purification,Pre-Series A,Gurgaon,0.5,2.0,2021-02-02
Pitcherlabs Ventures,13.28,1,2022-02-07,Marketing & Advertising,Pre-Seed,Bangalore,1.0,1.0,2022-02-07
Amanpreet Bajaj And Sea Fund,13.28,1,2022-05-27,Logistics,Unknown,Delhi,1.0,1.0,2022-05-27
Omidyar Network.,13.28,1,2017-09-04,Technology,Private Equity,Mumbai,0.33,3.0,2017-09-04
Arjun Malhotra And Disruptors Capital,13.28,1,2022-09-05,Edtech,Series A,Mumbai,1.0,1.0,2022-09-05
Snow Leopard Technology Ventures,13.28,1,2015-07-01,F&B Sector Mobile Payment,Private Equity,Mumbai,1.0,1.0,2015-07-01
Angellist Quant Fund,13.28,1,2025-02-27,Ai Infrastructure,Pre-Seed,Bangalore,0.17,6.0,2025-02-27
Kieretsu Forum,13.28,1,2021-11-14,Maritime,Pre-Series A,Chennai,0.33,3.0,2021-11-14
Raghav Kapur,13.28,1,2021-05-22,Fintech,Pre-Series A,Noida,0.5,2.0,2021-05-22
Saka Ventures,13.28,1,2025-02-27,Ai Infrastructure,Pre-Seed,Bangalore,0.17,6.0,2025-02-27
Fs Investment Maunknowngers,13.28,1,2017-09-04,Technology,Private Equity,Mumbai,0.33,3.0,2017-09-04
Swadharma Source Ventures,13.28,1,2025-02-27,Ai Infrastructure,Pre-Seed,Bangalore,0.17,6.0,2025-02-27
30+ Industry Stalwarts,13.28,1,2025-02-27,Ai Infrastructure,Pre-Seed,Bangalore,0.17,6.0,2025-02-27
Brick Eagle,13.28,1,2015-02-21,Other,Private Equity,Nan,1.0,1.0,2015-02-21
Mapmyindia And Rampraveen Swamiunknownthan,13.28,1,2022-09-14,Information Technology,Other,Delhi,1.0,1.0,2022-09-14
Sarath Sura,13.24,2,2016-07-18,"Consumer Internet, Logistics",Seed,"Hyderabad, Mumbai",0.58,3.5,2016-07-18
100Unicorns,13.16,2,2024-11-14,"Genai Saas, Biomaterials",Pre-Seed,"Mumbai, Delhi",0.33,3.0,2024-11-14
Flipkart Logistics Pvt. Ltd,13.11,1,2016-09-02,Consumer Internet,Private Equity,Bangalore,1.0,1.0,2016-09-02
Sunil Singhania Family Office,13.0,1,2025-01-23,Office Space Management,Equity,Indore,0.25,4.0,2025-01-23
Wow Momo,13.0,1,2025-06-08,Mens Ethnicwear,Unspecified Round,Kolkata,1.0,1.0,2025-06-08
Nav Capital,13.0,1,2025-01-23,Office Space Management,Equity,Indore,0.25,4.0,2025-01-23
Raman Roy,13.0,1,2025-01-23,Office Space Management,Equity,Indore,0.25,4.0,2025-01-23
Group Of Angel Investors,12.97,14,2015-10-15,"Other, Professional Custom Creators, Online Diagnostic Tests","Seed, Other","Nan, Gurgaon, Pune",1.0,1.0,2015-10-15
Ravi Garikipati,12.87,3,2020-11-24,"Technology, Ecommerce, Consumer Internet",Seed,"Bangalore, Pune",0.29,4.33,2020-11-24
Raay Global Investments,12.7,1,2015-10-16,Microbrewery,Private Equity,Mumbai,0.5,2.0,2015-10-16
Undisclosed Investor,12.66,3,2016-10-25,"Ecommerce, Ecommerce Product Search Engine","Seed, Private Equity","Mumbai, Delhi",1.0,1.0,2016-10-25
Abyro Capital,12.62,1,2025-10-27,Business > Supply,Series A,Nan,1.0,1.0,2025-10-27
Bedrock Ventures,12.45,2,2015-10-12,"Advertising & Marketing Community Networking, Hotel Booking",Seed,"Delhi, Noida",0.42,2.5,2015-10-12
Shima Capital,12.45,1,2021-10-10,Crypto,Seed,Mumbai,0.2,5.0,2021-10-10
Swati Gupta,12.45,1,2017-12-26,Technology,Private Equity,Delhi,0.25,4.0,2017-12-26
Bhuvan Bam,12.45,1,2022-01-02,Ecommerce,Seed,Delhi,0.33,3.0,2022-01-02
Momentum 6,12.45,1,2021-10-10,Crypto,Seed,Mumbai,0.2,5.0,2021-10-10
Krypital Capital,12.45,1,2021-10-10,Crypto,Seed,Mumbai,0.2,5.0,2021-10-10
Key Ventures,12.45,1,2024-09-07,Womens Health & Wellness,Seed,Nan,0.2,5.0,2024-09-07
S Chand,12.45,2,2021-01-11,"Edtech, Ecommerce","Unknown, Private Equity",Delhi,0.75,1.5,2021-01-11
Pearson Learning Fund,12.45,1,2015-04-16,Private Coaching Centers,Private Equity,Delhi,0.33,3.0,2015-04-16
Vibhu Garg,12.45,2,2016-06-03,Consumer Internet,Seed,Bangalore,0.15,6.5,2016-06-03
Basics Capital,12.45,1,2021-10-10,Crypto,Seed,Mumbai,0.2,5.0,2021-10-10
Mohammed Bin Abdul Rehman Al Khalifa,12.45,1,2015-12-10,Last Minute Hotel Booking,Seed,Bangalore,0.14,7.0,2015-12-10
Sarcha Advisors,12.45,1,2024-09-07,Womens Health & Wellness,Seed,Nan,0.2,5.0,2024-09-07
Sanjay Singh,12.45,1,2017-12-26,Technology,Private Equity,Delhi,0.25,4.0,2017-12-26
Rahul Dewan,12.45,1,2025-07-01,Advanced Hardware & Technology,Unknown,Chennai,1.0,1.0,2025-07-01
Angelbay Holdings,12.45,1,2021-04-01,Marketing,Unknown,Gurgaon,0.5,2.0,2021-04-01
Sequoia Capita,12.45,1,2020-01-28,Saas,Seed,Delhi,1.0,1.0,2020-01-28
Pankaj Pandey And Gurpreet Singh,12.45,1,2022-05-06,Healthcare,Unknown,Lucknow,1.0,1.0,2022-05-06
Ashok Agarwal,12.45,1,2015-11-26,Mobile Based Loan Disbursement,Seed,Mumbai,1.0,1.0,2015-11-26
Shiprocket,12.45,1,2022-02-17,Computer Software,Unknown,Pune,1.0,1.0,2022-02-17
Avana Capital,12.45,1,2020-11-20,Food,Pre-Series A,Indore,0.5,2.0,2020-11-20
Industrial 47,12.45,1,2025-06-05,Advanced Hardware & Technology,Unknown,Gurgaon,0.2,5.0,2025-06-05
Rajiv Mody,12.45,1,2015-03-19,Other,Private Equity,Nan,0.33,3.0,2015-03-19
Ajai Chowdhary,12.45,1,2015-03-19,Other,Private Equity,Nan,0.33,3.0,2015-03-19
Bvr Mohan Reddy,12.45,1,2018-01-04,Healthcare,Private Equity,Hyderabad,0.2,5.0,2018-01-04
Dexter Ventures,12.45,1,2025-06-05,Advanced Hardware & Technology,Unknown,Gurgaon,0.2,5.0,2025-06-05
\\Xc2\\Xa0 Ralph Berezan,12.45,1,2015-12-10,Last Minute Hotel Booking,Seed,Bangalore,0.14,7.0,2015-12-10
\\Xc2\\Xa0 Balamurali Krishunknown,12.45,1,2015-12-10,Last Minute Hotel Booking,Seed,Bangalore,0.14,7.0,2015-12-10
Vissal Mathew,12.45,1,2015-12-10,Last Minute Hotel Booking,Seed,Bangalore,0.14,7.0,2015-12-10
Venkat Vardhan,12.45,1,2015-12-10,Last Minute Hotel Booking,Seed,Bangalore,0.14,7.0,2015-12-10
Nikhil Vora,12.45,1,2015-12-10,Last Minute Hotel Booking,Seed,Bangalore,0.14,7.0,2015-12-10
Kalaari Capital Accelerator Program,12.45,3,2016-05-14,"Technology, Consumer Internet",Seed,"Nan, Delhi, Bangalore",1.0,1.0,2016-05-14
Lashit Sanghvi,12.45,1,2015-12-10,Last Minute Hotel Booking,Seed,Bangalore,0.14,7.0,2015-12-10
Touchstone Equities,12.45,1,2018-01-04,Healthcare,Private Equity,Hyderabad,0.2,5.0,2018-01-04
Prakash Padukone,12.45,1,2025-06-20,Sportstech,Unspecified Round,Bangalore,0.5,2.0,2025-06-20
Jito Angel Network.,12.45,1,2020-11-27,Digital Media,Seed,Nan,0.5,2.0,2020-11-27
S. Xavier Britto,12.45,1,2017-04-24,Consumer Internet,Seed,Chennai,1.0,1.0,2017-04-24
Lendenclub Alpha And Unicorn India Ventures,12.45,1,2022-10-25,Information&Technology,Seed,Nan,1.0,1.0,2022-10-25
Exfinity Fund,12.45,1,2015-01-10,Other,Private Equity,Nan,0.5,2.0,2015-01-10
Growx Ventures.,12.45,1,2015-01-10,Other,Private Equity,Nan,0.5,2.0,2015-01-10
Purnima Khandelwal,12.45,1,2017-12-26,Technology,Private Equity,Delhi,0.25,4.0,2017-12-26
Sandhar Technologies And Sunil Kamath,12.45,1,2022-12-28,Ecommerce,Seed,Gurgaon,1.0,1.0,2022-12-28
Abhishant Pant,12.45,1,2020-01-04,Hr,Seed,Gurgaon,0.5,2.0,2020-01-04
Mountain Pine Capital,12.45,1,2017-04-07,Consumer Internet,Private Equity,Gurgaon,0.5,2.0,2017-04-07
Rohit Jain,12.45,1,2016-08-17,Technology,Private Equity,Gurgaon,0.25,4.0,2016-08-17
Bank To The Future And Funders Club,12.45,1,2016-09-17,Consumer Internet,Private Equity,Bangalore,0.17,6.0,2016-09-17
Himanshu Aggrawal,12.45,1,2016-08-17,Technology,Private Equity,Gurgaon,0.25,4.0,2016-08-17
Existing Angel Investors,12.45,1,2024-09-09,Fashion,Pre-Series A,Chandigarh,0.5,2.0,2024-09-09
Boost Vc,12.45,1,2016-09-17,Consumer Internet,Private Equity,Bangalore,0.17,6.0,2016-09-17
Aerospace Venture Fund (Mdavf),12.45,1,2020-02-06,Deeptech,Pre-Series A,Mumbai,0.5,2.0,2020-02-06
Maharashtra Defence,12.45,1,2020-02-06,Deeptech,Pre-Series A,Mumbai,0.5,2.0,2020-02-06
S Somasegar,12.45,1,2016-06-26,Ecommerce,Private Equity,Mumbai,0.33,3.0,2016-06-26
Let'S Venture Angel Fund,12.45,1,2022-03-24,Computer Hardware,Unknown,Mumbai,0.5,2.0,2022-03-24
Uniqorn Ventures Fund,12.45,1,2016-06-26,Ecommerce,Private Equity,Mumbai,0.33,3.0,2016-06-26
Tolaram Inc,12.45,1,2017-04-07,Consumer Internet,Private Equity,Gurgaon,0.5,2.0,2017-04-07
Keiretsu Forum And Ah! Ventures,12.45,1,2022-05-19,Organic Food,Unknown,Chennai,1.0,1.0,2022-05-19
Mumbai Angel,12.45,1,2017-12-11,Ecommerce,Private Equity,Delhi,0.5,2.0,2017-12-11
Crescent Ventures And Dotzero Ventures,12.45,1,2022-11-09,Proffesional,Seed,Karachi,1.0,1.0,2022-11-09
Sunil Goyal Ashish Gupta,12.45,1,2016-08-17,Technology,Private Equity,Gurgaon,0.25,4.0,2016-08-17
Hni Investors,12.45,1,2020-01-13,Edtech,Unknown,Surat,1.0,1.0,2020-01-13
Mayur Abhaya,12.45,1,2017-09-25,Consumer Internet,Private Equity,Bangalore,0.33,3.0,2017-09-25
Rohit Ma,12.45,1,2017-09-25,Consumer Internet,Private Equity,Bangalore,0.33,3.0,2017-09-25
Guild Capital And Pareto Capital,12.45,1,2022-05-07,Fitness&Healhcare,Unknown,Mohali,1.0,1.0,2022-05-07
Zone Startups In,12.45,1,2021-01-20,Manufacturing,Seed,Mumbai,1.0,1.0,2021-01-20
Great Oaks Ventures,12.45,1,2017-05-05,Consumer Internet,Private Equity,Mumbai,0.33,3.0,2017-05-05
Cholamandalam,12.45,1,2021-09-01,Fintech,Seed,Delhi,1.0,1.0,2021-09-01
Kuunknownl Sarkar,12.45,1,2021-09-01,Management Consulting,Pre-Seed,Gurgaon,1.0,1.0,2021-09-01
Akash Prakash,12.45,1,2021-11-26,Retail,Pre-Series A,Delhi,0.25,4.0,2021-11-26
Startuplanes And Ah! Ventures,12.45,1,2022-09-03,Edtech,Unknown,Mumbai,1.0,1.0,2022-09-03
Sol Primero,12.45,5,2016-03-23,"Other, Real Estate Broker, Consumer Internet","Seed, Other","Nan, Bangalore, Delhi",0.45,3.2,2016-03-23
Tansim (Tamil Nadu Government),12.45,1,2025-01-14,Spacetech,Pre-Seed,Bangalore,0.5,2.0,2025-01-14
Chiranth Patil,12.45,1,2020-01-04,Hr,Seed,Gurgaon,0.5,2.0,2020-01-04
Omidyar Network And Accion Venture Labs,12.45,1,2018-05-28,Consumer Internet,Other,Gurgaon,0.5,2.0,2018-05-28
Kalaari Capital.,12.45,1,2022-09-15,Information Technology,Seed,Delhi,1.0,1.0,2022-09-15
Ps1 Venture And Globallogic Counknownfounder Rajul Garg,12.45,1,2019-11-20,Edtech,Seed,Gurgaon,0.33,3.0,2019-11-20
Invstt,12.45,1,2025-02-11,Spacetech Sar Satellite Imaging,Seed,Kolkata,0.33,3.0,2025-02-11
Sanjay Suri,12.45,1,2025-06-20,Ai,Unknown,Gurgaon,0.11,9.0,2025-06-20
Rebalance,12.45,1,2025-06-20,Ai,Unknown,Gurgaon,0.11,9.0,2025-06-20
122 West Ventures,12.45,1,2017-05-05,Consumer Internet,Private Equity,Mumbai,0.33,3.0,2017-05-05
Dipinder Sandhu,12.45,1,2021-11-26,Retail,Pre-Series A,Delhi,0.25,4.0,2021-11-26
Madhu Jayakumar,12.45,1,2021-11-26,Retail,Pre-Series A,Delhi,0.25,4.0,2021-11-26
Growth Sense,12.45,1,2025-06-20,Ai,Unknown,Gurgaon,0.11,9.0,2025-06-20
Biunknownnce Labs,12.45,1,2021-01-05,Blockchain,Seed,Delhi,0.5,2.0,2021-01-05
Zee Prime Capital,12.45,1,2021-01-05,Blockchain,Seed,Delhi,0.5,2.0,2021-01-05
Sameer Koticha,12.45,1,2015-06-23,Wealth Management,Private Equity,Mumbai,1.0,1.0,2015-06-23
Media Development Investment Fund,12.45,1,2020-02-02,Media,Pre-Series A,Nan,1.0,1.0,2020-02-02
Shagun Khandelwal,12.45,1,2021-11-26,Retail,Pre-Series A,Delhi,0.25,4.0,2021-11-26
Sujeet Kumar,12.41,3,2025-02-26,"Consumer Internet, Pickleball Sports","Seed, Pre-Seed","Bangalore, Gurgaon",0.2,6.0,2025-02-26
Ajeet Khuraunknown,12.41,3,2024-10-14,"Subscription Based Online Grocery, Custom Furniture, Nocode Builder",Seed,"Pune, Mumbai",0.39,2.67,2024-10-14
Jito Incubation And Innovation Foundation (Jiif),12.3,2,2024-11-27,"Logistics, 3D Geospatial",Pre-Series A,"Mumbai, Kolkata",0.67,2.0,2024-11-27
Windrose Capital,12.29,3,2020-10-10,"Healthcare, Ai Robotics, Mutual Funds","Pre-Series A, Seed, Unknown","Mumbai, Nan, Noida",0.83,1.33,2020-10-10
Momagic Technologies,12.24,2,2016-05-11,"Edtech, Consumer Internet","Private Equity, Seed","Lucknow, Delhi",1.0,1.0,2016-05-11
Vikram Chachra,12.21,4,2015-12-25,"International Hiring, Online Printing, Smart Safety Wearable Devices","Seed, Private Equity","Mumbai, Chennai, Delhi",0.28,3.75,2015-12-25
\\Xc2\\Xa0 Puneet Dalmia,12.04,1,2015-11-18,Twowheeler Taxi,Seed,Gurgaon,0.33,3.0,2015-11-18
Vaibhav Hegde,12.04,1,2024-08-07,Biotechnology,Seed,Bangalore,0.5,2.0,2024-08-07
Irani Family Office,12.04,1,2024-08-07,Biotechnology,Seed,Bangalore,0.5,2.0,2024-08-07
Harsh Vardhan Bhagchandka,12.04,1,2024-12-21,Climate,Initial Funding,Bangalore,0.2,5.0,2024-12-21
Shilpa Shetty Kundra,12.04,1,2024-12-21,Climate,Initial Funding,Bangalore,0.2,5.0,2024-12-21
Vinit Bhansali,12.04,1,2024-12-21,Climate,Initial Funding,Bangalore,0.2,5.0,2024-12-21
Karani Securities,12.03,2,2017-02-23,"Online Fashion Video Portal, Consumer Internet","Private Equity, Seed",Mumbai,0.27,4.0,2017-02-23
Oliphans Capital,12.03,2,2015-09-15,"Food Logistics & Delivery, B2B Mobile Auction",Seed,Mumbai,0.75,1.5,2015-09-15
Batlivala,12.03,2,2017-02-23,"Online Fashion Video Portal, Consumer Internet","Private Equity, Seed",Mumbai,0.27,4.0,2017-02-23
Amit Ranjan,11.79,4,2015-10-25,"Job Search, Ecommerce, Ondemand Healthcare",Seed,"Bangalore, Noida, Mumbai",0.26,4.25,2015-10-25
Li And Fung,11.7,1,2020-04-19,Ecommerce,Unknown,Bangalore,1.0,1.0,2020-04-19
Sequoia Capital India And Lupa Systems,11.7,1,2022-04-19,Edtech,Series B,Gurgaon,1.0,1.0,2022-04-19
Lalit Wadhwa,11.65,1,2020-01-22,Healthcare,Pre-Series A,Delhi,0.14,7.0,2020-01-22
Dr Kriti Maroli,11.65,1,2020-01-22,Healthcare,Pre-Series A,Delhi,0.14,7.0,2020-01-22
Real Time Venture,11.65,1,2020-01-22,Healthcare,Pre-Series A,Delhi,0.14,7.0,2020-01-22
Steel City Securities,11.65,1,2020-01-22,Healthcare,Pre-Series A,Delhi,0.14,7.0,2020-01-22
Petrotech,11.65,1,2020-01-22,Healthcare,Pre-Series A,Delhi,0.14,7.0,2020-01-22
\\Xc2\\Xa0 Phanindra Sama,11.62,1,2016-01-17,Ecommerce,Private Equity,Delhi,0.33,3.0,2016-01-17
Shinhan Capital,11.62,1,2020-01-16,Publication,Seed,Seoul,0.5,2.0,2020-01-16
Undisclosed Hnis,11.62,1,2016-12-16,Ecommerce,Private Equity,Bangalore,0.5,2.0,2016-12-16
Unilazer Fund,11.62,1,2016-01-17,Ecommerce,Private Equity,Delhi,0.33,3.0,2016-01-17
Multipoint Capital,11.62,1,2017-10-03,Technology,Private Equity,Gurgaon,1.0,1.0,2017-10-03
Vy Capital And Others,11.62,1,2018-02-11,It,Other,Bangalore,0.33,3.0,2018-02-11
Zluri Founders,11.62,1,2024-11-13,Saas,Seed,Chennai,0.25,4.0,2024-11-13
Yellow.Ai Founders,11.62,1,2024-11-13,Saas,Seed,Chennai,0.25,4.0,2024-11-13
Kaplan Foundation,11.62,1,2020-08-05,Biomaterial,Pre-Series A,Kanpur,1.0,1.0,2020-08-05
Lakshmi Vilas Bank,11.62,1,2016-12-16,Ecommerce,Private Equity,Bangalore,0.5,2.0,2016-12-16
Kakao Ventures,11.62,1,2020-01-16,Publication,Seed,Seoul,0.5,2.0,2020-01-16
Venture Catalysts And 9Unicorns Accelerator Fund,11.62,1,2022-06-10,Other,Seed,Delhi,1.0,1.0,2022-06-10
Quess Corp India,11.62,1,2021-01-10,B2B,Unknown,Bangalore,1.0,1.0,2021-01-10
Sanchiconnect,11.62,1,2024-11-19,Data Security,Unspecified Round,Hyderabad,0.5,2.0,2024-11-19
Alkemi Ventures,11.62,1,2025-06-07,Enterprise,Pre-Series A,Gurgaon,0.5,2.0,2025-06-07
Angel Investor,11.5,1,2024-08-15,Hospitality,Ipo,Mumbai,0.33,3.0,2024-08-15
Highunknownnetunknownworth Individuals (Hnis) And Astir Ventures,11.5,1,2025-04-15,Edtech,Seed,Hyderabad,1.0,1.0,2025-04-15
Brigade Reap,11.41,2,2024-12-12,"Fintech, Building Materials",Seed,"Bangalore, Delhi",0.29,3.5,2024-12-12
Aman Gupta,11.3,2,2025-02-24,"D2C Reusable Period Panties, Hospital & Health Care","Pre-Series A, Unknown","Bangalore, Mumbai",0.24,5.0,2025-02-24
N+1 Capital,11.3,2,2022-01-20,"Electrical & Electronic Manufacturing, Logistics",Unknown,"Hyderabad, Delhi",1.0,1.0,2022-01-20
Infiunknown Fiunknownnce Pvt. Ltd,11.21,1,2016-09-26,Ecommerce,Private Equity,Chennai,0.5,2.0,2016-09-26
Mediassist,11.21,1,2017-11-09,Healthcare,Other,Panaji,0.5,2.0,2017-11-09
Uday Kotak,11.21,1,2016-09-26,Ecommerce,Private Equity,Chennai,0.5,2.0,2016-09-26
Deepak Abbot,11.12,2,2021-01-27,"Edtech, Other","Unknown, Pre-Seed","Delhi, Gurgaon",0.32,4.5,2021-01-27
Black Soil,11.01,1,2020-06-23,Logitech,Unknown,Bangalore,1.0,1.0,2020-06-23
Ubs Optimus Foundation,11.0,1,2024-08-06,Healthcare,Series A,Udaipur,0.33,3.0,2024-08-06
Infinyte Club,11.0,1,2025-04-16,Visual Telematics,Seed,Bangalore,0.2,5.0,2025-04-16
Ministry Of Electronics And It (Meity),11.0,1,2025-04-16,Visual Telematics,Seed,Bangalore,0.2,5.0,2025-04-16
Dubaiunknownbased Family Office,11.0,1,2024-09-18,Fmcg D2C,Pre-Series A,Mumbai,0.5,2.0,2024-09-18
Panthera Peak Capital,11.0,1,2025-01-22,Gaming Console,Other,Bangalore,0.33,3.0,2025-01-22
Smile Group,10.87,2,2020-06-26,"Agritech, Logistics","Unknown, Seed","Delhi, Mumbai",0.62,2.5,2020-06-26
Shuchin Bajaj,10.79,2,2021-09-20,"Consumer Internet, Hospital & Health Care","Seed, Unknown","Delhi, Noida",0.27,4.0,2021-09-20
Jasminder Singh Gulati,10.79,1,2020-08-28,Media,Seed,Bangalore,0.2,5.0,2020-08-28
Quantico Group Usa,10.79,1,2022-02-04,B2B,Seed,Hyderabad,1.0,1.0,2022-02-04
Traxcn Labs,10.79,1,2015-07-25,Hyperlocal Food & Grocery Store,Seed,Bangalore,0.33,3.0,2015-07-25
Superb Capital And M Venture Partners (Mvp,10.79,1,2022-08-24,Fashion,Seed,Delhi,1.0,1.0,2022-08-24
Ajay Relan,10.79,2,2017-05-23,"Food, Edtech",Seed,Delhi,0.75,1.5,2017-05-23
Equirus Wealth,10.79,1,2025-10-03,Enterprise Applications > Marketingtech,Seed,Nan,1.0,1.0,2025-10-03
Abhishek Pandey And Jai Kumar,10.79,1,2022-07-02,Supply Management,Seed,Chennai,1.0,1.0,2022-07-02
Hourglass Venture Partners,10.79,1,2022-01-06,Computer Software,Seed,Chennai,0.33,3.0,2022-01-06
Dr. Moti Vyas,10.79,1,2020-01-19,Fintech,Unknown,Hyderabad,0.5,2.0,2020-01-19
Udit Goyal,10.79,1,2020-01-19,Fintech,Unknown,Hyderabad,0.5,2.0,2020-01-19
Max Levchin,10.79,1,2016-04-23,Consumer Internet,Private Equity,Bangalore,0.5,2.0,2016-04-23
Scott Banister,10.79,1,2016-04-23,Consumer Internet,Private Equity,Bangalore,0.5,2.0,2016-04-23
Lightspeed Venture Partners And Eight Roads Ventures,10.79,1,2022-09-03,Edtech,Series A,Hyderabad,1.0,1.0,2022-09-03
Yournest Venture Capital And Other Angel Investors,10.79,1,2018-05-12,Consumer Internet,Other,Hyderabad,0.5,2.0,2018-05-12
Supermorpheus,10.79,2,2022-03-12,"Wine & Spirits, Fintech","Pre-Series A, Pre-Seed","Delhi, Bangalore",0.5,2.0,2022-03-12
Manish Dhingra,10.79,1,2015-08-12,Logistics,Seed,Bangalore,0.25,4.0,2015-08-12
Gaurav Bhatunknowngar,10.79,1,2015-08-12,Logistics,Seed,Bangalore,0.25,4.0,2015-08-12
Ankush Nijhawan,10.79,1,2015-08-12,Logistics,Seed,Bangalore,0.25,4.0,2015-08-12
Cxxo,10.79,1,2022-02-05,Apparel & Fashion,Seed,Mumbai,1.0,1.0,2022-02-05
India Alterunknowntives Private Equity Fund,10.79,1,2020-01-28,Healthcare,Debt,Nan,0.5,2.0,2020-01-28
Keiretsu Forum And Favcy’S 1Stcheque Angel Network,10.79,1,2025-05-08,Agritech,Other,Gurgaon,1.0,1.0,2025-05-08
Weh Ventures And Sprout Ventures,10.38,1,2018-07-14,Consumer Internet,Other,Bangalore,0.5,2.0,2018-07-14
Rakesh Mathur,10.38,2,2016-04-16,"Ecommerce, Auto Rickshaw Based Logistics",Seed,"Mumbai, Chandigarh",0.42,2.5,2016-04-16
First Cheque,10.37,4,2021-08-09,"Gaming, Wine & Spirits, Edtech","Pre-Seed, Unknown","Bangalore, Gurgaon",0.33,3.25,2021-08-09
Menterra Social Impact Fund,10.29,2,2017-01-07,Consumer Internet,"Private Equity, Seed","Bangalore, Vadodara",0.75,1.5,2017-01-07
Nikhil Mehra,10.0,1,2025-01-12,Teen Selfcare,Seed,Mumbai,0.17,6.0,2025-01-12
Family Offices And Highunknownnetunknownworth Individuals (Hnis),10.0,1,2025-04-21,Biofortified Food,Seed,Lucknow,1.0,1.0,2025-04-21
Sachin Parikh,10.0,1,2025-01-12,Teen Selfcare,Seed,Mumbai,0.17,6.0,2025-01-12
100Unicorn,10.0,1,2024-12-17,D2C Gummies,Bridge,Delhi,0.14,7.0,2024-12-17
Dsgcp,10.0,1,2024-12-17,D2C Gummies,Bridge,Delhi,0.14,7.0,2024-12-17
3I Partners,10.0,1,2024-09-03,Cleantech,Pre-Series A,Mumbai,0.2,5.0,2024-09-03
Wipro Consumer,10.0,1,2024-12-17,D2C Gummies,Bridge,Delhi,0.14,7.0,2024-12-17
Shantanu,10.0,1,2025-01-12,Teen Selfcare,Seed,Mumbai,0.17,6.0,2025-01-12
Nihir Parikh,10.0,1,2025-01-12,Teen Selfcare,Seed,Mumbai,0.17,6.0,2025-01-12
Quadrant,10.0,1,2024-12-17,D2C Gummies,Bridge,Delhi,0.14,7.0,2024-12-17
Excel Industries,10.0,1,2024-09-03,Cleantech,Pre-Series A,Mumbai,0.2,5.0,2024-09-03
Bhukhanvala Holdings,10.0,1,2024-09-03,Cleantech,Pre-Series A,Mumbai,0.2,5.0,2024-09-03
﻿Goodwater Capital,9.96,1,2021-12-16,Real Estate,Unknown,Mumbai,0.5,2.0,2021-12-16
Y Combiunknowntor﻿,9.96,1,2021-12-16,Real Estate,Unknown,Mumbai,0.5,2.0,2021-12-16
Paula Ravindra Mariwala,9.96,1,2016-06-03,Consumer Internet,Seed,Bangalore,0.14,7.0,2016-06-03
Aprameya Radhakrishunknownn,9.96,1,2016-06-03,Consumer Internet,Seed,Bangalore,0.14,7.0,2016-06-03
Aamir Khan,9.96,1,2017-12-25,Technology,Debt,Bangalore,1.0,1.0,2017-12-25
Angellist India Syndicate,9.96,1,2025-02-16,Alcoholic Beverage D2C,Pre-Series A,Delhi,0.5,2.0,2025-02-16
Japanese Investors,9.96,1,2025-02-16,Alcoholic Beverage D2C,Pre-Series A,Delhi,0.5,2.0,2025-02-16
Angel Investors From Entertainment,9.96,1,2025-02-15,Gaming Game Development,Pre-Seed,Mumbai,0.25,4.0,2025-02-15
Ashutosh Valani And Lotus Herbals,9.96,1,2022-06-26,Retail,Seed,Gurgaon,1.0,1.0,2022-06-26
Gaming Community,9.96,1,2025-02-15,Gaming Game Development,Pre-Seed,Mumbai,0.25,4.0,2025-02-15
Venky Hariunknownrayan,9.96,1,2016-04-12,Consumer Internet,Private Equity,Bangalore,0.33,3.0,2016-04-12
Cedar Ibsi Capital,9.96,1,2025-02-22,Intelligent Document Processing Saas Ai,Seed,Bangalore,0.25,4.0,2025-02-22
Congniphy Us,9.96,1,2025-02-22,Intelligent Document Processing Saas Ai,Seed,Bangalore,0.25,4.0,2025-02-22
Dexter Venture,9.96,1,2025-02-22,Intelligent Document Processing Saas Ai,Seed,Bangalore,0.25,4.0,2025-02-22
Marwah Group Family Office,9.96,1,2025-01-22,Parking Management,Unspecified Round,Noida,0.33,3.0,2025-01-22
Cactus Partners (Cpl),9.96,1,2024-11-20,Road Transport,Pre-Series A,Nan,1.0,1.0,2024-11-20
Aunknownnd Rajaraman,9.96,1,2016-04-12,Consumer Internet,Private Equity,Bangalore,0.33,3.0,2016-04-12
Subba Rao Telidevara,9.96,1,2016-06-03,Consumer Internet,Seed,Bangalore,0.14,7.0,2016-06-03
Boon Hwee Koh And Dr. Cornelius Boersch,9.96,1,2022-07-06,Agritech,Seed,Bangalore,1.0,1.0,2022-07-06
Entrepreneur First (Ef),9.96,1,2021-07-23,Information Technology,Seed,Bangalore,0.5,2.0,2021-07-23
Institutiounknownl And Angel Investors,9.96,1,2024-12-10,Fintech,Seed,Bangalore,0.5,2.0,2024-12-10
Mgf Kavachh,9.96,1,2025-08-24,Advanced Hardware & Technology,Pre-Series A,Hyderabad,1.0,1.0,2025-08-24
Everywhere Ventures,9.96,1,2024-09-18,Ai,Pre-Seed,Bangalore,0.25,4.0,2024-09-18
. Better Capital And Beenext,9.96,1,2022-08-25,Fintech,Seed,Bangalore,1.0,1.0,2022-08-25
Soham Vencaps,9.96,1,2016-12-03,Technology,Private Equity,Noida,0.33,3.0,2016-12-03
Arpan Sheth,9.96,1,2025-04-01,Juice,Seed,Bangalore,0.33,3.0,2025-04-01
Grace Capital Ventures,9.96,1,2016-12-03,Technology,Private Equity,Noida,0.33,3.0,2016-12-03
Unilazer,9.96,1,2015-12-12,Virtual Health Consultation,Private Equity,Mumbai,1.0,1.0,2015-12-12
Rainmatter Capital Pvt Ltd,9.96,1,2020-07-02,Data Intelligence,Seed,Gurgaon,0.25,4.0,2020-07-02
Jani Ventures Inc,9.96,1,2021-09-21,Professional Training & Coaching,Unknown,Mumbai,1.0,1.0,2021-09-21
Entrepreneurs,9.96,1,2020-07-02,Data Intelligence,Seed,Gurgaon,0.25,4.0,2020-07-02
Prakash Sikaria,9.96,1,2025-04-01,Juice,Seed,Bangalore,0.33,3.0,2025-04-01
Ravi Iyer,9.96,1,2025-04-01,Juice,Seed,Bangalore,0.33,3.0,2025-04-01
Foliflex Cables,9.96,1,2025-09-04,Ai,Seed,Gurgaon,1.0,1.0,2025-09-04
India Quotient.,9.96,1,2015-02-25,Other,Other,Nan,0.33,3.0,2015-02-25
Abhishek Gupta,9.96,1,2015-07-17,Innovative Water,Private Equity,Gurgaon,1.0,1.0,2015-07-17
Entrepreneur First,9.96,1,2021-04-12,Ai,Pre-Series A,Bangalore,0.5,2.0,2021-04-12
Kiran Mazumdarunknownshaw,9.96,1,2016-10-01,Technology,Private Equity,Mumbai,0.5,2.0,2016-10-01
S Chand And Co Pvt Ltd,9.96,2,2016-03-02,"Consumer Internet, Virtual Reality Activity Based Learning","Private Equity, Seed","Bangalore, Delhi",0.75,1.5,2016-03-02
Cp Ventures,9.96,1,2020-11-03,Ecommerce,Pre-Series A,Bangalore,0.5,2.0,2020-11-03
Iseedvc,9.96,1,2024-08-06,B2B Healthcare Financing,Seed,Delhi,0.2,5.0,2024-08-06
Lightspeed India Partners And Anicut Capital,9.96,1,2022-07-16,Warehousing,Series A,Chennai,1.0,1.0,2022-07-16
Ecosystem Ventures,9.96,1,2021-08-18,Logistics,Unknown,Bangalore,0.5,2.0,2021-08-18
Zeca Ventures,9.96,1,2025-01-21,Climate Fashion,Seed,Bangalore,0.25,4.0,2025-01-21
Cmm Group,9.96,1,2021-08-18,Logistics,Unknown,Bangalore,0.5,2.0,2021-08-18
Sweet Nectar Investments (Warburg Pincus),9.96,1,2024-09-26,Saas,Other,Nan,0.5,2.0,2024-09-26
Narayan Ramachandran,9.96,1,2015-11-12,Indian Ethnic Crafts Etailer,Private Equity,Bangalore,0.33,3.0,2015-11-12
Angel List India,9.96,1,2024-08-06,B2B Healthcare Financing,Seed,Delhi,0.2,5.0,2024-08-06
Aevitas Capital,9.82,2,2025-05-14,"Privacy Compliance, Legal Consultation","Pre-Seed, Unspecified Round","Noida, Gurgaon",0.62,2.5,2025-05-14
Astarc Ventures,9.79,2,2015-11-12,"Virtual Reality Headset Creator, Online Home Dxc3Xa9Cor","Seed, Private Equity","Bangalore, Hyderabad",0.67,2.0,2015-11-12
Expert Dojo,9.55,2,2021-04-07,"Celebrity Engagement, Food","Seed, Pre-Seed","Gurgaon, Delhi",0.75,1.5,2021-04-07
Sachin Bhatia,9.55,2,2016-08-08,"Online City & Lifestyle Guide, Food",Seed,"Delhi, Mumbai",0.18,5.5,2016-08-08
Larry Braitman,9.54,1,2015-09-07,Online Health & Wellness,Private Equity,Bangalore,0.25,4.0,2015-09-07
Subrata Mitra,9.54,1,2015-09-07,Online Health & Wellness,Private Equity,Bangalore,0.25,4.0,2015-09-07
Venk Krishunknown,9.54,1,2015-09-07,Online Health & Wellness,Private Equity,Bangalore,0.25,4.0,2015-09-07
Vishal Khare,9.2,3,2016-05-02,"Mobile Compression Software, Logistics, Consumer Internet",Seed,"Mumbai, Bangalore",0.36,3.0,2016-05-02
Better Capital And Cp Gurunknownni,9.13,1,2022-05-27,Information Technology,Unknown,Dover,1.0,1.0,2022-05-27
Startupunknowno,9.13,1,2020-07-13,Construction,Unknown,Hyderabad,0.5,2.0,2020-07-13
Elixir Pharma,9.13,1,2020-02-28,Hygiene,Pre-Series A,Delhi,0.25,4.0,2020-02-28
Birac,9.13,1,2020-02-28,Hygiene,Pre-Series A,Delhi,0.25,4.0,2020-02-28
Pravega Ventures And Beenext,9.13,1,2018-04-12,Technology,Other,Bangalore,1.0,1.0,2018-04-12
Sriunknownth Ramakkrushunknownn,9.13,1,2022-03-01,Transportation/Trucking/Railroad,Pre-Series A,Bangalore,0.5,2.0,2022-03-01
100X.Vc,9.13,2,2025-02-15,"Gaming Commerce, Saas",Seed,"Gurgaon, Mumbai",0.32,4.5,2025-02-15
Curesense Therapeutics,9.13,1,2021-09-26,Fintech,Pre-Seed,Pune,1.0,1.0,2021-09-26
Eagle10 Ventures,9.13,2,2022-03-12,"Wine & Spirits, Media",Pre-Series A,"Delhi, Gurgaon",0.42,2.5,2022-03-12
Sorenson Impact,9.13,1,2020-03-25,B2B,Unknown,Nan,1.0,1.0,2020-03-25
Pointone Capital And Leo Capital,9.13,1,2022-07-06,Software,Pre-Seed,San Francisco,1.0,1.0,2022-07-06
Tarun Tahilian,9.13,1,2022-02-12,Luxury Goods & Jewelry,Seed,Gurgaon,0.5,2.0,2022-02-12
Bharat Innovation,9.13,1,2018-07-01,It,Other,Bangalore,0.2,5.0,2018-07-01
Idfcunknownparampara Capital,9.13,1,2018-07-01,It,Other,Bangalore,0.2,5.0,2018-07-01
Eden Ventures,9.13,1,2020-07-13,Construction,Unknown,Hyderabad,0.5,2.0,2020-07-13
Shorooq Investments,9.13,1,2018-06-28,Consumer Internet,Other,Bangalore,0.33,3.0,2018-06-28
Arthavida Ventures,9.13,1,2018-07-01,It,Other,Bangalore,0.2,5.0,2018-07-01
Digital Fiunknownnce Interunknowntiounknownl,9.13,1,2022-03-13,Fintech,Series B,Gurgaon,1.0,1.0,2022-03-13
Seafund And Artha Venture Fund,9.13,1,2025-04-07,Ai,Pre-Series A,Bangalore,1.0,1.0,2025-04-07
Insignia Ventures Partners,9.13,1,2018-07-25,Consumer Internet,Other,Bangalore,0.33,3.0,2018-07-25
Preethi Kasireddy,9.13,1,2025-02-18,Fintech,Pre-Seed,Bangalore,0.12,8.0,2025-02-18
Raymond Russell,9.13,1,2025-02-18,Fintech,Pre-Seed,Bangalore,0.12,8.0,2025-02-18
Orios Venture Partners And Ajat Hukkoo,9.13,1,2022-10-03,Ai,Seed,Mumbai,1.0,1.0,2022-10-03
Lightbridge Partners,9.13,1,2018-07-25,Consumer Internet,Other,Bangalore,0.33,3.0,2018-07-25
Ml Tondon And Sons Huf And Blume Ventures,9.13,1,2024-10-11,Sports Academies,Seed,Bangalore,0.5,2.0,2024-10-11
Kairos,9.13,1,2018-07-25,Consumer Internet,Other,Bangalore,0.33,3.0,2018-07-25
Gunderson Dettmer,9.13,1,2020-01-16,Saas,Seed,Seattle,0.5,2.0,2020-01-16
Nishant Verman,9.13,1,2025-02-18,Fintech,Pre-Seed,Bangalore,0.12,8.0,2025-02-18
Mission Holdings,8.96,1,2020-01-02,Fintech,Seed,Nan,0.5,2.0,2020-01-02
Steelhead Ventures,8.88,1,2016-07-09,Technology,Private Equity,Pune,0.33,3.0,2016-07-09
Plug And Play Tech Center,8.88,1,2016-07-09,Technology,Private Equity,Pune,0.33,3.0,2016-07-09
Karthik Bhat,8.88,2,2022-02-15,"Textiles, Furniture","Seed, Pre-Series A","Mumbai, Bangalore",0.42,2.5,2022-02-15
Ramesh Radhakrishunknownn,8.84,1,2020-08-02,Technology,Pre-Series A,Bangalore,0.14,7.0,2020-08-02
Mj Aniketh.,8.84,1,2020-08-02,Technology,Pre-Series A,Bangalore,0.14,7.0,2020-08-02
Ravi Viswaunknownth,8.84,1,2020-08-02,Technology,Pre-Series A,Bangalore,0.14,7.0,2020-08-02
Mj Aravinf,8.84,1,2020-08-02,Technology,Pre-Series A,Bangalore,0.14,7.0,2020-08-02
Bhaskar Pramanik,8.84,1,2020-08-02,Technology,Pre-Series A,Bangalore,0.14,7.0,2020-08-02
Ranjan Biswas,8.84,1,2020-08-02,Technology,Pre-Series A,Bangalore,0.14,7.0,2020-08-02
Malpani Ventures,8.8,2,2025-03-25,"Technology, Speech Therapy","Seed, Pre-Seed","Mumbai, Pune",1.0,1.0,2025-03-25
Cross Border Angels,8.72,2,2015-05-06,"Robotic Program Learning, Other","Seed, Other","Hyderabad, Nan",0.75,1.5,2015-05-06
Hataunknownka Yosuke,8.71,1,2020-01-21,Insurance,Pre-Series A,Mumbai,0.5,2.0,2020-01-21
Defence Innovation Organisation,8.71,1,2020-01-22,Deep,Series A,Chennai,0.5,2.0,2020-01-22
Minomiya Takeo,8.71,1,2020-01-21,Insurance,Pre-Series A,Mumbai,0.5,2.0,2020-01-21
Uniqorn Ventures,8.71,2,2015-10-20,"Exclusive For Doctors & Healthcare Professionals, Fashion Discovery",Seed,"Pune, Delhi",0.75,1.5,2015-10-20
S Gopal,8.63,1,2018-02-17,Technology,Private Equity,Chennai,0.25,4.0,2018-02-17
Memg Family Office,8.63,1,2018-02-17,Technology,Private Equity,Chennai,0.25,4.0,2018-02-17
Amit Patni,8.62,2,2017-11-02,"Edtech, Technology","Private Equity, Other","Delhi, Mumbai",0.58,3.5,2017-11-02
Innovito Ventures,8.5,1,2025-05-23,Insurance,Strategic Investment,Noida,1.0,1.0,2025-05-23
Ontario Centres Of Excellence,8.47,1,2020-01-23,Car,Unknown,Bangalore,0.5,2.0,2020-01-23
4Point0 Health Ventures,8.4,1,2025-05-24,Medtech,Pre-Seed,Delhi,1.0,1.0,2025-05-24
Probal Ghoshal,8.3,1,2021-09-20,Hospital & Health Care,Unknown,Noida,0.33,3.0,2021-09-20
Nowfloats’ Jasminder Singh Gulati,8.3,1,2020-07-25,Media,Seed,Bangalore,0.2,5.0,2020-07-25
Village Global.,8.3,1,2020-07-25,Media,Seed,Bangalore,0.2,5.0,2020-07-25
Un Disclosed Investors,8.3,1,2016-01-06,Technology,Seed,Hyderabad,1.0,1.0,2016-01-06
Foxhog Ventures,8.3,1,2020-10-08,Gaming,Seed,Delhi,1.0,1.0,2020-10-08
Caspian Impact Investments,8.3,1,2021-07-12,Environmental,Unknown,Noida,0.5,2.0,2021-07-12
Founders Room Capital,8.3,1,2021-12-14,Fintech,Pre-Series A,Mumbai,1.0,1.0,2021-12-14
Cygnus Medicare Group,8.3,1,2021-09-20,Hospital & Health Care,Unknown,Noida,0.33,3.0,2021-09-20
Vipin Agarwal And Others.,8.3,1,2018-03-13,Consumer Internet,Other,Delhi,0.5,2.0,2018-03-13
Shun Yoshida,8.3,1,2016-11-06,Consumer Internet,Private Equity,Panaji,0.25,4.0,2016-11-06
Blue Ocean Venture Partners,8.3,1,2025-09-03,Ai,Seed,Gurgaon,1.0,1.0,2025-09-03
Endurance Capital,8.3,1,2025-01-01,Coffee & Dining,Pre-Series A,Noida,1.0,1.0,2025-01-01
Prophetic Ventures Syndicate,8.3,1,2021-07-25,Edtech,Pre-Series A,Gurgaon,0.25,4.0,2021-07-25
Rajesh Yohanunknownn,8.3,1,2017-05-03,Consumer Internet,Seed,Bangalore,0.33,3.0,2017-05-03
Elara India Opportunities Fund And Callapiunknown Capita,8.3,1,2022-09-09,Logistics,Pre-Seed,Bangalore,1.0,1.0,2022-09-09
Shubhkam Ventures,8.3,1,2021-11-24,Hospitality,Pre-Series A,Mumbai,0.25,4.0,2021-11-24
Mantra Ventures,8.3,1,2015-09-25,Digital Signal Processing,Seed,Bangalore,0.33,3.0,2015-09-25
Viktor Koenig Pe Fund,8.3,1,2015-09-25,Digital Signal Processing,Seed,Bangalore,0.33,3.0,2015-09-25
Akash Garg,8.3,1,2017-05-03,Consumer Internet,Seed,Bangalore,0.33,3.0,2017-05-03
Dheeraj Pandey,8.3,1,2017-05-03,Consumer Internet,Seed,Bangalore,0.33,3.0,2017-05-03
Growth Dna,8.3,1,2019-08-01,Edtech,Seed,Noida,1.0,1.0,2019-08-01
Stride Ventures And Tradecred,8.3,1,2022-05-11,Electric Vehicle,Seed,Gurgaon,1.0,1.0,2022-05-11
Angellist’S Utsav Somani,8.3,1,2020-07-25,Media,Seed,Bangalore,0.2,5.0,2020-07-25
Ashish Tulsian,8.3,1,2016-08-28,Consumer Internet,Private Equity,Bangalore,0.14,7.0,2016-08-28
\\Xc2\\Xa0 Kuunknownl Shah,8.3,1,2016-08-28,Consumer Internet,Private Equity,Bangalore,0.14,7.0,2016-08-28
Native Angel Network,8.3,2,2022-02-21,"Agritech, Food","Pre-Series A, Unknown","Kochi, Chennai",0.33,3.0,2022-02-21
Hardcastle Petrofer,8.3,1,2021-12-25,Information Technology &,Unknown,Chennai,1.0,1.0,2021-12-25
Lumiunknown Datamatics,8.3,1,2016-11-06,Consumer Internet,Private Equity,Panaji,0.25,4.0,2016-11-06
And Sahil Barua,8.3,1,2015-08-02,Ondemand Based Professional,Private Equity,Bangalore,0.25,4.0,2015-08-02
Al Trust (Vistra Itcl),8.3,1,2020-07-25,Media,Seed,Bangalore,0.2,5.0,2020-07-25
Citiustech,8.3,1,2021-04-13,Skill Development,Seed,Gurgaon,1.0,1.0,2021-04-13
Mm Agrawal Group (Mmg),8.3,1,2025-02-16,Healthcare,Other,Delhi,0.25,4.0,2025-02-16
Mape Advisory,8.3,1,2015-06-09,Marketing / Advertising Automation,Seed,Bangalore,1.0,1.0,2015-06-09
Reliance Corporate Advisory Services Ltd,8.3,1,2017-07-16,Consumer Internet,Seed,Bangalore,1.0,1.0,2017-07-16
Vikas Taneja,8.3,1,2015-04-15,Auto Rickshaw Based Logistics,Seed,Chandigarh,0.33,3.0,2015-04-15
Ywc Venture Capital,8.3,1,2021-06-08,Fintech,Unknown,Delhi,0.5,2.0,2021-06-08
Myasia Vc,8.3,1,2021-05-09,Fintech,Pre-Series A,Bangalore,0.5,2.0,2021-05-09
Entrepreneurs India,8.3,2,2016-03-24,"Digital Analytics, Technology",Seed,"Delhi, Noida",0.33,3.0,2016-03-24
Initia Holdings,8.3,1,2018-03-13,Consumer Internet,Other,Delhi,0.5,2.0,2018-03-13
Mohit Goel,8.3,1,2016-03-04,Ecommerce,Seed,Delhi,1.0,1.0,2016-03-04
Somak Ghosh,8.3,1,2021-02-15,Fintech,Debt,Delhi,0.5,2.0,2021-02-15
M V Nair,8.3,1,2021-02-15,Fintech,Debt,Delhi,0.5,2.0,2021-02-15
Saama,8.3,1,2021-06-27,Healthcare,Unknown,Delhi,0.5,2.0,2021-06-27
Abhiunknownv Bindra,8.3,1,2017-06-13,Consumer Internet,Private Equity,Delhi,0.5,2.0,2017-06-13
Medi Assist,8.3,1,2015-12-28,Mobile Fitness,Private Equity,Panaji,1.0,1.0,2015-12-28
Gaurav Marya,8.3,1,2017-06-13,Consumer Internet,Private Equity,Delhi,0.5,2.0,2017-06-13
Franchise India Brands,8.3,1,2016-10-18,Ecommerce,Private Equity,Ahmedabad,0.5,2.0,2016-10-18
Vc Firm K Partners,8.3,1,2020-01-15,Ecommerce,Series A,Bangalore,1.0,1.0,2020-01-15
Akg Fiunknownncials,8.3,1,2025-02-16,Healthcare,Other,Delhi,0.25,4.0,2025-02-16
East) Promoter Aunknownnt Agarwal,8.3,1,2025-02-16,Healthcare,Other,Delhi,0.25,4.0,2025-02-16
Mcdounknownld'S India (North,8.3,1,2025-02-16,Healthcare,Other,Delhi,0.25,4.0,2025-02-16
Siddharth Patil,8.3,1,2015-12-09,Grocery Delivery,Seed,Bangalore,0.25,4.0,2015-12-09
Vriddhi Fund,8.3,1,2015-07-05,Organic Food Ecommerce,Private Equity,Delhi,0.33,3.0,2015-07-05
Tracxn Counknownfounder,8.3,1,2025-01-14,Ai,Pre-Seed,Delhi,0.2,5.0,2025-01-14
Bluehill Vc,8.3,1,2025-05-09,Defense,Pre-Series A,Hyderabad,1.0,1.0,2025-05-09
Peercheque,8.3,1,2025-01-14,Ai,Pre-Seed,Delhi,0.2,5.0,2025-01-14
Devc (Matrix Partners),8.3,1,2025-01-14,Ai,Pre-Seed,Delhi,0.2,5.0,2025-01-14
Dexter Angels,8.3,1,2021-09-24,Apparel & Fashion,Pre-Series A,Bangalore,0.5,2.0,2021-09-24
Hooting Starts Sports Llp,8.3,1,2016-10-18,Ecommerce,Private Equity,Ahmedabad,0.5,2.0,2016-10-18
Dinesh Agarwal,8.3,1,2021-11-27,Commerce,Pre-Series A,Gurgaon,0.5,2.0,2021-11-27
Amarjit Batra,8.3,1,2021-11-27,Commerce,Pre-Series A,Gurgaon,0.5,2.0,2021-11-27
Peesh Venture Capital,8.3,1,2015-05-28,Online Edtech,Seed,Noida,1.0,1.0,2015-05-28
Chimera Vc,8.3,1,2025-03-12,Gaming,Pre-Seed,Bangalore,1.0,1.0,2025-03-12
Arjun Handa,8.3,1,2016-01-24,Consumer Internet,Private Equity,Ahmedabad,0.33,3.0,2016-01-24
Shastra Vc And,8.3,1,2025-05-18,Sporttech,Pre-Seed,Bangalore,1.0,1.0,2025-05-18
Ajay Relan And Viunknowny Mittal,8.3,1,2018-07-16,Consumer Internet,Other,Gurgaon,1.0,1.0,2018-07-16
Amrish Kumar,8.3,1,2015-12-19,Wedding Venues & Vendors,Seed,Mumbai,0.17,6.0,2015-12-19
Mod,8.3,1,2020-11-18,Ar/Vr,Bridge,Mumbai,0.5,2.0,2020-11-18
S.Gopalakrishunknownn,8.3,1,2015-05-08,Online Product Comparison,Seed,Bangalore,0.5,2.0,2015-05-08
Nagendra Chaudhary,8.3,1,2016-01-24,Consumer Internet,Private Equity,Ahmedabad,0.33,3.0,2016-01-24
Ongc,8.3,1,2021-08-20,Industrial Automation,Series A,Bangalore,0.5,2.0,2021-08-20
Mohsin Hani Al Bahrani,8.3,1,2020-11-18,Ar/Vr,Bridge,Mumbai,0.5,2.0,2020-11-18
Amit Jindal,8.3,1,2016-01-24,Consumer Internet,Private Equity,Ahmedabad,0.33,3.0,2016-01-24
Shark Tank Founders,8.3,1,2025-02-10,Food,Unspecified Round,Pune,0.25,4.0,2025-02-10
Angel Investors (Ankit Bhati,8.3,1,2024-10-14,Nocode Builder,Seed,Pune,0.33,3.0,2024-10-14
Waterbridge Ventures And Thinkuvate,8.3,1,2018-04-17,Healthcare,Other,Delhi,0.5,2.0,2018-04-17
Anmol Jain,8.3,1,2024-11-06,Retail Luxury Goods And Jewellery,Seed,Mumbai,0.11,9.0,2024-11-06
Tarun Sharma,8.3,1,2021-09-05,Healthcare,Series A,Delhi,0.33,3.0,2021-09-05
Ajay Garg,8.3,1,2021-09-05,Healthcare,Series A,Delhi,0.33,3.0,2021-09-05
Interglobe Technology Quotient,8.3,1,2015-02-21,Other,Private Equity,Nan,0.5,2.0,2015-02-21
Srinivas Modukury,8.3,1,2015-02-07,Other,Other,Nan,0.33,3.0,2015-02-07
Ashutosh Valani,8.3,1,2024-11-06,Retail Luxury Goods And Jewellery,Seed,Mumbai,0.11,9.0,2024-11-06
Ghazal Alagh,8.3,1,2024-11-06,Retail Luxury Goods And Jewellery,Seed,Mumbai,0.11,9.0,2024-11-06
Priyank Shah,8.3,1,2024-11-06,Retail Luxury Goods And Jewellery,Seed,Mumbai,0.11,9.0,2024-11-06
Hatcher+,8.3,1,2024-08-10,Biotech,Seed,Nan,0.25,4.0,2024-08-10
Zeropearl Ventures,8.3,1,2024-11-06,Retail Luxury Goods And Jewellery,Seed,Mumbai,0.11,9.0,2024-11-06
Rpunknownsanjiv Goenka Group,8.3,1,2021-01-08,Food,Unknown,Pune,1.0,1.0,2021-01-08
Yatin Kumar Jain,8.3,1,2016-04-12,Consumer Internet,Seed,Delhi,0.5,2.0,2016-04-12
Vineeta Singh,8.3,1,2025-02-24,D2C Reusable Period Panties,Pre-Series A,Bangalore,0.14,7.0,2025-02-24
Equanimity Venture Fund,8.3,1,2018-06-03,Fintech,Other,Gurgaon,1.0,1.0,2018-06-03
Pravin Khandelwal,8.3,1,2016-04-12,Consumer Internet,Seed,Delhi,0.5,2.0,2016-04-12
Lotus Holdings,8.3,1,2025-04-01,Preseries A,Pre-Series A,Mumbai,1.0,1.0,2025-04-01
I2I Capitals,8.3,1,2020-10-14,Legaltech,Seed,Kolkata,1.0,1.0,2020-10-14
Holostik Group,8.3,1,2015-06-14,Edtech,Private Equity,Delhi,0.17,6.0,2015-06-14
Leo Capital India,8.3,1,2020-12-11,Gaming,Seed,Bangalore,0.5,2.0,2020-12-11
Amit Hooja,8.3,1,2022-01-04,Software,Unknown,Delhi,0.25,4.0,2022-01-04
Amit Jain,8.3,1,2022-01-04,Software,Unknown,Delhi,0.25,4.0,2022-01-04
Krishen Lal Khanunknown,8.3,1,2021-05-07,Fintech,Pre-Series A,Mumbai,0.5,2.0,2021-05-07
Angel Investment Group,8.3,1,2024-12-27,Manufacturing Data,Seed,Bangalore,0.5,2.0,2024-12-27
Aashka Goradia Goble,8.3,1,2024-11-06,Retail Luxury Goods And Jewellery,Seed,Mumbai,0.11,9.0,2024-11-06
Lantern Capital,8.3,1,2015-02-21,Other,Private Equity,Nan,0.5,2.0,2015-02-21
The Chenunknowni Angels (Tca),8.3,1,2020-01-12,Beverage,Unknown,Chennai,1.0,1.0,2020-01-12
Farid Ahsan,8.3,1,2021-03-21,Drone,Seed,Chennai,0.5,2.0,2021-03-21
Dtdc Express Ltd,8.3,1,2016-04-07,Logistics,Private Equity,Gurgaon,1.0,1.0,2016-04-07
Polygon Fund,8.3,1,2022-01-03,Information Technology &,Seed,Chennai,0.5,2.0,2022-01-03
Contrary Capital,8.3,1,2022-01-03,Information Technology &,Seed,Chennai,0.5,2.0,2022-01-03
Rpg Enterprises,8.3,1,2017-09-19,Ecommerce,Private Equity,Pune,1.0,1.0,2017-09-19
Jimmy Singh,8.3,1,2021-01-01,Technology,Seed,Delhi,1.0,1.0,2021-01-01
Yournest Angel Fund\\Xc2\\Xa0,8.3,1,2016-07-14,Consumer Internet,Private Equity,Gurgaon,0.5,2.0,2016-07-14
Bs Nagesh,8.3,1,2015-02-07,Other,Other,Nan,0.33,3.0,2015-02-07
U.Sunknownbased Bat Vc,8.3,1,2024-08-10,Virtual Tryon,Unspecified Round,Bangalore,0.5,2.0,2024-08-10
Srinivas Aluri,8.3,1,2015-02-07,Other,Other,Nan,0.33,3.0,2015-02-07
Hr Fund,8.3,1,2018-03-19,Consumer Internet,Other,Mumbai,1.0,1.0,2018-03-19
Stanford Angels And Entrepreneurs India,8.3,1,2021-06-06,Healthcare,Pre-Series A,Delhi,0.5,2.0,2021-06-06
Delhi Private School,8.3,1,2020-12-08,Edtech,Pre-Series A,Bangalore,0.33,3.0,2020-12-08
Beyondseed,8.3,1,2025-02-24,D2C Reusable Period Panties,Pre-Series A,Bangalore,0.14,7.0,2025-02-24
Uc Inclusive Credit,8.3,1,2021-08-12,Consumer Goods,Unknown,Bangalore,0.5,2.0,2021-08-12
Western Capital,8.3,1,2021-08-12,Consumer Goods,Unknown,Bangalore,0.5,2.0,2021-08-12
Stevens Creek Ventures,8.3,1,2018-11-15,Transport,Other,Bangalore,1.0,1.0,2018-11-15
Purpletalk Inc,8.3,1,2016-03-12,Consumer Internet,Seed,Hyderabad,1.0,1.0,2016-03-12
Grey Orange Robotics,8.3,1,2016-02-04,Food,Seed,Delhi,0.5,2.0,2016-02-04
Alok Rawat,8.3,1,2016-02-04,Food,Seed,Delhi,0.5,2.0,2016-02-04
Thrive Ventures,8.3,1,2025-02-24,D2C Reusable Period Panties,Pre-Series A,Bangalore,0.14,7.0,2025-02-24
Aumvc,8.3,1,2024-08-05,Ai,Seed,Noida,0.17,6.0,2024-08-05
Iim Indore Alumni Angel Fund,8.3,1,2024-08-05,Ai,Seed,Noida,0.17,6.0,2024-08-05
Venture Catalyst,8.3,1,2024-08-05,Ai,Seed,Noida,0.17,6.0,2024-08-05
Eclear Leasing,8.3,1,2021-08-19,Fintech,Unknown,Delhi,1.0,1.0,2021-08-19
Deepak Jain,8.3,1,2022-01-04,Software,Unknown,Delhi,0.25,4.0,2022-01-04
Etc.),8.3,1,2024-10-14,Nocode Builder,Seed,Pune,0.33,3.0,2024-10-14
Uae,8.3,1,2020-12-08,Edtech,Pre-Series A,Bangalore,0.33,3.0,2020-12-08
Om Jain,8.3,1,2024-10-04,Saas,Seed,Bangalore,1.0,1.0,2024-10-04
Aj Ventures And Jain Interunknowntiounknownl Trade Organisation (Jito),8.3,1,2018-08-18,Fintech,Other,Bangalore,1.0,1.0,2018-08-18
Dna Entertainment Networks,8.3,1,2021-03-16,Tourism,Pre-Series A,Panaji,0.5,2.0,2021-03-16
Krishunknown Bhupal,8.3,1,2022-01-08,Automotive,Seed,Bangalore,0.5,2.0,2022-01-08
Rajeev Chitrabhanu,8.3,1,2020-01-10,Technology,Pre-Series A,Nan,0.33,3.0,2020-01-10
Shajikumar Devakar,8.3,1,2022-01-08,Automotive,Seed,Bangalore,0.5,2.0,2022-01-08
Angel Investors From Goldman Sachs,8.3,1,2025-02-10,Food,Unspecified Round,Pune,0.25,4.0,2025-02-10
Mensa Brands,8.3,1,2022-02-06,Cosmetics,Series A,Ahmedabad,1.0,1.0,2022-02-06
Fdi,8.3,1,2025-02-10,Food,Unspecified Round,Pune,0.25,4.0,2025-02-10
\\Xc2\\Xa0 Smart Start Fund; Kuunknownl Shah,8.3,1,2016-10-20,Consumer Internet,Seed,Mumbai,0.17,6.0,2016-10-20
\\Xc2\\Xa0 Sandeep Tandon,8.3,1,2016-10-20,Consumer Internet,Seed,Mumbai,0.17,6.0,2016-10-20
Pravin Gandhi,8.3,1,2016-10-20,Consumer Internet,Seed,Mumbai,0.17,6.0,2016-10-20
Oracle,8.3,1,2025-02-10,Food,Unspecified Round,Pune,0.25,4.0,2025-02-10
Silver Range Investments,8.3,1,2016-11-06,Consumer Internet,Private Equity,Panaji,0.25,4.0,2016-11-06
Unicorn India Venture,8.3,1,2022-09-26,Information Technology,Seed,Chennai,1.0,1.0,2022-09-26
Wami Capital,8.3,1,2022-01-07,Mobile Games,Seed,Bangalore,0.33,3.0,2022-01-07
Bessemer Ventures,8.3,1,2015-04-26,Used Gadgets Buy / Refurbishing,Seed,Gurgaon,0.5,2.0,2015-04-26
Rajeev Chitrabhanu.,8.3,1,2020-01-10,Technology,Pre-Series A,Noida,0.33,3.0,2020-01-10
Udaan Angels,8.3,2,2016-10-16,"Qsr & Online Delivery Portal, Consumer Internet",Seed,Gurgaon,0.23,4.5,2016-10-16
Gautham Madhavan,8.3,1,2020-03-26,Ecommerce,Unknown,Mumbai,1.0,1.0,2020-03-26
Capitaloven,8.3,1,2025-10-24,Environment > Solid Waste Management,Seed,Nan,1.0,1.0,2025-10-24
Idfc Parampara Early Stage Opportunities Fund,8.3,1,2017-03-12,Technology,Private Equity,Noida,1.0,1.0,2017-03-12
Satish Grampurohit,8.3,1,2021-01-12,Vehicle Repair,Seed,Bangalore,1.0,1.0,2021-01-12
Tradecred And Matrix Partners India,8.3,1,2022-09-28,Saas,Seed,Bangalore,1.0,1.0,2022-09-28
Duunknownmis Ventures Pte Ltd.,8.3,1,2016-02-05,Consumer Internet,Seed,Pune,1.0,1.0,2016-02-05
Abu Farhan Azmi,8.3,1,2017-05-18,Ecommerce,Seed,Mumbai,0.5,2.0,2017-05-18
Krishan Gupta,8.3,1,2015-07-02,Healthcare,Seed,Mumbai,0.33,3.0,2015-07-02
Reddy Futures,8.3,1,2021-05-18,Technology,Seed,Bangalore,0.5,2.0,2021-05-18
Induslaw,8.3,1,2021-05-18,Technology,Seed,Bangalore,0.5,2.0,2021-05-18
Vikram Tandon,8.3,1,2015-09-04,Of Tea Cafxc3Xa9Xe2X80X99S,Seed,Mumbai,0.25,4.0,2015-09-04
Polaris Fund,8.3,1,2018-01-13,Technology,Private Equity,Pune,1.0,1.0,2018-01-13
Shyam Sundar R,8.3,1,2015-09-04,Of Tea Cafxc3Xa9Xe2X80X99S,Seed,Mumbai,0.25,4.0,2015-09-04
Anil Matai,8.3,1,2015-09-04,Of Tea Cafxc3Xa9Xe2X80X99S,Seed,Mumbai,0.25,4.0,2015-09-04
Zenith Global,8.3,1,2020-12-21,Fintech,Unknown,Mumbai,1.0,1.0,2020-12-21
Ayesha Takia Azmi,8.3,1,2017-05-18,Ecommerce,Seed,Mumbai,0.5,2.0,2017-05-18
Unknown Hni Investors,8.3,1,2016-08-20,Consumer Internet,Private Equity,Chennai,1.0,1.0,2016-08-20
Magic Fund,8.3,2,2022-01-27,"Information Technology &, Edtech",Unknown,"Delhi, Mumbai",0.42,2.5,2022-01-27
Aunknownnd Prakash Sharma,8.3,1,2021-07-06,Food,Unknown,Bangalore,1.0,1.0,2021-07-06
Mohit Bajaj,8.3,1,2025-02-23,Home Decor D2C,Other,Gurgaon,0.5,2.0,2025-02-23
Deep Bajaj,8.3,1,2025-02-23,Home Decor D2C,Other,Gurgaon,0.5,2.0,2025-02-23
Interstar,8.3,1,2020-12-08,Edtech,Pre-Series A,Bangalore,0.33,3.0,2020-12-08
Global Innovation Fund,8.3,1,2020-01-21,Agritech,Unknown,Noida,0.5,2.0,2020-01-21
Soros Economic Development Fund,8.3,1,2020-01-21,Agritech,Unknown,Noida,0.5,2.0,2020-01-21
Chittorgarh Infotech Limited,8.3,1,2024-11-19,Drone & Space,Other,Delhi,0.33,3.0,2024-11-19
Kalaari Capital (Cxxo Initiative),8.3,1,2024-12-02,Climate Technology,Seed,Gurgaon,1.0,1.0,2024-12-02
Kia Ora Ventures,8.3,1,2020-11-03,Recruitment,Seed,Hyderabad,0.5,2.0,2020-11-03
Tryrock Capital Trust Aif,8.3,1,2024-11-19,Drone & Space,Other,Delhi,0.33,3.0,2024-11-19
Rishi Kumar Bagla,8.3,1,2021-05-07,Fintech,Pre-Series A,Mumbai,0.5,2.0,2021-05-07
Viney Equity Markets Llp,8.3,1,2024-11-19,Drone & Space,Other,Delhi,0.33,3.0,2024-11-19
Sandeep Parwal,8.3,1,2015-07-02,Healthcare,Seed,Mumbai,0.33,3.0,2015-07-02
Nitish Mittersain,8.3,1,2021-10-02,Nft,Seed,Gurgaon,0.5,2.0,2021-10-02
Dlabs,8.3,1,2021-01-16,Edtech,Pre-Series A,Delhi,0.5,2.0,2021-01-16
Aavishkaar Venture Maunknowngement,8.3,1,2016-11-07,Logistics,Private Equity,Bangalore,1.0,1.0,2016-11-07
Other Undisclosed Investors,8.3,1,2016-02-27,Consumer Internet,Seed,Bangalore,0.5,2.0,2016-02-27
Ice Vc,8.3,1,2024-09-19,Gaming Game Development,Unspecified Round,Mumbai,0.2,5.0,2024-09-19
Nexus Global Opportunities Fund,8.3,1,2024-09-19,Gaming Game Development,Unspecified Round,Mumbai,0.2,5.0,2024-09-19
Swastika Co Ltd.,8.3,1,2016-09-02,Consumer Internet,Seed,Indore,1.0,1.0,2016-09-02
Orios Venture Partner,8.3,1,2015-02-06,Other,Private Equity,Nan,1.0,1.0,2015-02-06
Darius Pandole,8.3,1,2016-08-08,Food,Seed,Mumbai,0.17,6.0,2016-08-08
Real Time Ventures,8.3,1,2017-06-10,Healthcare,Private Equity,Delhi,0.25,4.0,2017-06-10
Shivani Singh,8.3,1,2018-01-11,Healthcare,Private Equity,Gurgaon,0.14,7.0,2018-01-11
Real Time Ventures.,8.3,1,2018-01-11,Healthcare,Private Equity,Gurgaon,0.14,7.0,2018-01-11
People Group (Shaadi.Com),8.3,1,2015-01-09,Other,Private Equity,Nan,1.0,1.0,2015-01-09
Rahul Maroli,8.3,1,2018-01-11,Healthcare,Private Equity,Gurgaon,0.14,7.0,2018-01-11
Tnf Ventures,8.3,1,2021-06-12,Edtech,Pre-Series A,Mumbai,0.5,2.0,2021-06-12
Lvx,8.3,1,2025-07-17,Consumer,Pre-Seed,Bangalore,1.0,1.0,2025-07-17
Nihon Kotsu Co,8.3,1,2016-07-05,Consumer Internet,Private Equity,Delhi,1.0,1.0,2016-07-05
Nitin Bagmane,8.3,1,2016-02-27,Consumer Internet,Seed,Bangalore,0.5,2.0,2016-02-27
Subramaniam Ramadorai,8.3,1,2020-12-09,Crowdsourcing,Pre-Series A,Pune,0.5,2.0,2020-12-09
Farhan Naqvi,8.3,1,2017-06-11,Consumer Internet,Seed,Delhi,0.33,3.0,2017-06-11
Harsh Mahajan,8.3,1,2017-06-11,Consumer Internet,Seed,Delhi,0.33,3.0,2017-06-11
Behram Vakil And Jerxis Vandrevala,8.3,1,2018-05-27,Technology,Other,Mumbai,0.5,2.0,2018-05-27
Zoya Akhtar,8.3,1,2015-12-19,Wedding Venues & Vendors,Seed,Mumbai,0.17,6.0,2015-12-19
Sreepathy Viswaunknownthan,8.3,1,2017-06-11,Consumer Internet,Seed,Delhi,0.33,3.0,2017-06-11
Dheerag Jain,8.3,1,2016-08-08,Food,Seed,Mumbai,0.17,6.0,2016-08-08
Tashwinder Singh,8.3,1,2016-03-12,Edtech,Private Equity,Mumbai,0.2,5.0,2016-03-12
Mike Novogratz,8.3,1,2021-12-07,Apparel & Fashion,Seed,Mumbai,0.5,2.0,2021-12-07
Taranjit Jaswal,8.3,1,2016-03-12,Edtech,Private Equity,Mumbai,0.2,5.0,2016-03-12
Ruchi Narain,8.3,1,2015-12-19,Wedding Venues & Vendors,Seed,Mumbai,0.17,6.0,2015-12-19
Blinc Advisors,8.3,1,2016-03-12,Edtech,Private Equity,Mumbai,0.2,5.0,2016-03-12
Reema Kagati,8.3,1,2015-12-19,Wedding Venues & Vendors,Seed,Mumbai,0.17,6.0,2015-12-19
Prarambh Ventures,8.3,1,2024-12-12,Fintech,Seed,Bangalore,0.25,4.0,2024-12-12
Cd Equifinance,8.3,1,2024-09-19,Gaming Game Development,Unspecified Round,Mumbai,0.2,5.0,2024-09-19
Omnivore Capital,8.3,1,2016-11-28,Fintech,Seed,Delhi,1.0,1.0,2016-11-28
Naya Ventures,8.3,1,2015-08-14,Deep Learning Cloud Algorithms,Seed,Chennai,0.33,3.0,2015-08-14
Varun Vakil,8.3,1,2021-10-22,Food,Pre-Series A,Gurgaon,0.5,2.0,2021-10-22
Deshe Holdings,8.3,1,2019-07-03,Transport,Series J,Bangalore,0.33,3.0,2019-07-03
Dig Investment Ab,8.3,1,2019-07-03,Transport,Series J,Bangalore,0.33,3.0,2019-07-03
Srinivas Kollipara,8.3,1,2020-01-05,Edtech,Series A,Mumbai,0.5,2.0,2020-01-05
Samih Toukan And Hussam Khoury,8.3,1,2019-07-03,Transport,Series J,Bangalore,0.33,3.0,2019-07-03
Industry Leaders,8.3,1,2024-11-10,Sameday Delivery,Seed,Delhi,0.17,6.0,2024-11-10
D2C Insider Angels,8.3,1,2024-11-10,Sameday Delivery,Seed,Delhi,0.17,6.0,2024-11-10
Breathe Capital,8.3,1,2024-11-10,Sameday Delivery,Seed,Delhi,0.17,6.0,2024-11-10
Ashish Agrawal,8.3,1,2017-04-18,Consumer Internet,Seed,Bangalore,0.2,5.0,2017-04-18
Mayank Bhangdia,8.3,1,2015-10-01,Online Food Ordering & Delivery,Private Equity,Gurgaon,0.33,3.0,2015-10-01
Surot Chatterjee,8.3,1,2017-04-18,Consumer Internet,Seed,Bangalore,0.2,5.0,2017-04-18
Usunknownbased Angel Investors,8.3,1,2020-01-18,Marketing & Customer Loyalty,Pre-Series A,Hyderabad,1.0,1.0,2020-01-18
Eximius,8.3,1,2025-04-07,B2B,Seed,Gurgaon,1.0,1.0,2025-04-07
35North Ventures,8.3,1,2022-01-26,Apparel & Fashion,Pre-Series A,Hyderabad,0.5,2.0,2022-01-26
Avon Cycles,8.3,1,2021-06-06,Rental,Pre-Series A,Ahmedabad,1.0,1.0,2021-06-06
Mergerdomo,8.3,1,2022-01-26,Apparel & Fashion,Pre-Series A,Hyderabad,0.5,2.0,2022-01-26
Amiya Pathak,8.3,1,2017-09-23,Consumer Internet,Private Equity,Bangalore,0.17,6.0,2017-09-23
Anurag Srivastava,8.3,1,2017-09-23,Consumer Internet,Private Equity,Bangalore,0.17,6.0,2017-09-23
Goldbell Group,8.3,1,2017-09-23,Consumer Internet,Private Equity,Bangalore,0.17,6.0,2017-09-23
Rajesh Yohaunknownn And Rahul Garg,8.3,1,2017-09-23,Consumer Internet,Private Equity,Bangalore,0.17,6.0,2017-09-23
Eunknowncity Ventures Atul Goel,8.3,1,2017-12-02,Technology,Private Equity,Bangalore,0.5,2.0,2017-12-02
Mayank Shah,8.3,1,2016-10-20,Consumer Internet,Seed,Mumbai,0.5,2.0,2016-10-20
Shreyans Shah,8.3,1,2016-10-20,Consumer Internet,Seed,Mumbai,0.5,2.0,2016-10-20
Innovaunknown Thinklabs,8.3,1,2020-10-04,Agritech,Pre-Series A,Jaipur,0.5,2.0,2020-10-04
Narendra Firodia,8.3,1,2025-02-25,Independent Verification Ecommerce,Unspecified Round,Mumbai,0.5,2.0,2025-02-25
Luke Coutinho,8.3,1,2025-02-25,Independent Verification Ecommerce,Unspecified Round,Mumbai,0.5,2.0,2025-02-25
Milliways Ventures,8.3,1,2015-08-14,Deep Learning Cloud Algorithms,Seed,Chennai,0.33,3.0,2015-08-14
Group Of Hni Investors,8.3,1,2015-09-18,Personalized Styling,Private Equity,Mumbai,1.0,1.0,2015-09-18
Shantanu Deshpande,8.3,1,2020-12-09,Crowdsourcing,Pre-Series A,Pune,0.5,2.0,2020-12-09
Kuunknownl Khattar,8.3,1,2016-08-08,Food,Seed,Mumbai,0.17,6.0,2016-08-08
Gokul Jaykrishunknown,8.3,1,2015-07-04,Custom Merchandize,Seed,Ahmedabad,0.5,2.0,2015-07-04
9 Unicorns Fund,8.3,1,2020-05-07,Ai,Pre-Series A,Mumbai,0.33,3.0,2020-05-07
Pradeep Nain,8.3,1,2025-04-11,Digital Spirituality,Pre-Series A,Delhi,1.0,1.0,2025-04-11
Concept Communications,8.3,1,2025-01-17,Deeptech Manufacturing,Pre-Series A,Chennai,0.33,3.0,2025-01-17
Vijay Sivaram,8.3,1,2020-07-26,Food,Seed,Delhi,0.2,5.0,2020-07-26
Rakesh Desai,8.3,1,2016-02-19,Ecommerce,Private Equity,Vadodara,0.14,7.0,2016-02-19
Secocha Ventures,8.3,1,2020-07-26,Food,Seed,Delhi,0.2,5.0,2020-07-26
First Cheque Vc,8.3,1,2020-07-26,Food,Seed,Delhi,0.2,5.0,2020-07-26
Andrew Johnston,8.3,1,2024-09-07,Sportstech,Seed,Pune,0.5,2.0,2024-09-07
Techstars Farm To Fork Accelerator,8.3,1,2020-01-15,Fmcg,Seed,Bangalore,0.5,2.0,2020-01-15
Sharad Hegde,8.3,1,2015-12-09,Grocery Delivery,Seed,Bangalore,0.25,4.0,2015-12-09
Abhishek Shroff,8.3,1,2021-09-15,Food,Seed,Bangalore,0.25,4.0,2021-09-15
Hrishikesh Parandekar,8.3,1,2015-12-19,Wedding Venues & Vendors,Seed,Mumbai,0.17,6.0,2015-12-19
Jinisha Sharma,8.3,1,2021-09-15,Food,Seed,Bangalore,0.25,4.0,2021-09-15
Victoria,8.3,1,2021-09-15,Food,Seed,Bangalore,0.25,4.0,2021-09-15
Eximius Ventures And Planbcapital,8.3,1,2022-04-13,Fintech,Unknown,Bangalore,1.0,1.0,2022-04-13
Bccl,8.3,1,2017-07-03,Consumer Internet,Private Equity,Mumbai,1.0,1.0,2017-07-03
Sanchi Connect,8.3,1,2025-01-17,Deeptech Manufacturing,Pre-Series A,Chennai,0.33,3.0,2025-01-17
Tac Holdings,8.3,1,2024-08-27,Esports And Gaming,Pre-Series A,Chandigarh,0.5,2.0,2024-08-27
Ng Family Trust,8.3,1,2024-08-27,Esports And Gaming,Pre-Series A,Chandigarh,0.5,2.0,2024-08-27
Vaibhav Domkundwar,8.3,1,2016-06-22,Consumer Internet,Seed,Pune,0.33,3.0,2016-06-22
Paragon Trust,8.3,1,2017-02-02,Consumer Internet,Private Equity,Delhi,0.5,2.0,2017-02-02
Iimunknowna Ventures,8.3,1,2025-04-04,Healthcare,Unspecified Round,Delhi,0.5,2.0,2025-04-04
Shrikant Patil,8.3,1,2015-12-09,Grocery Delivery,Seed,Bangalore,0.25,4.0,2015-12-09
Audacity Venture Capital,8.3,1,2025-01-10,Postproduction Saas,Pre-Seed,Mumbai,1.0,1.0,2025-01-10
Singapore,8.3,1,2018-11-06,Food,Other,Jaipur,0.5,2.0,2018-11-06
Krishunknownn Menon,8.3,1,2020-01-05,Edtech,Series A,Mumbai,0.5,2.0,2020-01-05
Chiunknownccelerator,8.3,1,2020-05-07,Ai,Pre-Series A,Mumbai,0.33,3.0,2020-05-07
Ison,8.3,1,2016-11-27,Consumer Internet,Private Equity,Delhi,0.5,2.0,2016-11-27
Nikunj Jhaveri,8.3,1,2015-06-08,Online Fashion Video Portal,Private Equity,Mumbai,0.2,5.0,2015-06-08
Amit Khanunknown,8.3,1,2016-03-12,Edtech,Private Equity,Mumbai,0.2,5.0,2016-03-12
Girish Reddy,8.3,1,2015-12-09,Grocery Delivery,Seed,Bangalore,0.25,4.0,2015-12-09
Sunil Mehta,8.3,1,2016-02-11,Technology,Seed,Mumbai,1.0,1.0,2016-02-11
Ravi Gururaj,8.3,2,2015-11-20,"Securityxc2Xa0 Testing, Mobile Growth Hackingnplatform",Seed,"Mumbai, Hyderabad",0.2,5.5,2015-11-20
Uday Chatterjee And Rajeev Sarda,8.3,1,2022-09-01,Food,Seed,Bangalore,1.0,1.0,2022-09-01
Reliance Capital Venture,8.3,1,2015-08-08,Mobile Payment Software,Private Equity,Bangalore,1.0,1.0,2015-08-08
Powerhouse Ventures (Usa).,8.3,1,2015-11-23,Hyperlocal Healthcare Product Delivery,Private Equity,Gurgaon,0.25,4.0,2015-11-23
Ventureworks India,8.3,1,2015-06-08,Online Fashion Video Portal,Private Equity,Mumbai,0.2,5.0,2015-06-08
Redbright Partners,8.3,1,2015-01-18,Other,Other,Nan,0.33,3.0,2015-01-18
Zia Mody,8.3,1,2016-02-19,Ecommerce,Private Equity,Vadodara,0.14,7.0,2016-02-19
Ultra Hnis,8.3,1,2025-01-04,Fresh Produce D2C,Pre-Seed,Bangalore,0.5,2.0,2025-01-04
Chimera,8.3,1,2025-09-18,Media & Entertainment,Seed,Gurgaon,1.0,1.0,2025-09-18
Amit Naunknownvati,8.3,1,2016-03-12,Edtech,Private Equity,Mumbai,0.2,5.0,2016-03-12
Rakesh Malhotra,8.3,1,2016-02-19,Ecommerce,Private Equity,Vadodara,0.14,7.0,2016-02-19
Omnivore Partners,8.06,1,2016-10-13,Technology,Private Equity,Chennai,1.0,1.0,2016-10-13
Fireside Ventures And Devc (Anchored By Z47),8.0,1,2024-12-19,Agritech,Pre-Series A,Mumbai,1.0,1.0,2024-12-19
Wint Wealth And Caspian,8.0,1,2024-09-22,Fintech,Debt,Bangalore,1.0,1.0,2024-09-22
Gruhas Collective Consumer Fund (Gccf),8.0,1,2024-08-18,Baby Food,Pre-Series A,Surat,1.0,1.0,2024-08-18
Yang Shu,7.99,1,2016-11-20,Ecommerce,Seed,Bangalore,0.5,2.0,2016-11-20
Aunknownnd Sankeshwar,7.99,1,2016-11-20,Ecommerce,Seed,Bangalore,0.5,2.0,2016-11-20
Rairah Corporation,7.88,1,2018-05-25,Consumer Internet,Other,Pune,1.0,1.0,2018-05-25
Anchorage Capital Partners,7.83,2,2025-06-20,"Ecommerce, Agetech","Pre-Series A, Pre-Seed","Mumbai, Bangalore",0.29,3.5,2025-06-20
Incubate Fund,7.69,1,2020-07-27,Healthcare,Seed,Bangalore,1.0,1.0,2020-07-27
Pravek Family Office,7.6,1,2025-07-28,Ecommerce,Pre-Series A,Delhi,1.0,1.0,2025-07-28
Goel Family Office,7.6,1,2022-04-22,Publishing,Seed,Bangalore,1.0,1.0,2022-04-22
Gsf And Other Angel Investors,7.47,1,2015-04-09,Interactivexc2Xa0 Howto Guides,Seed,Bangalore,0.33,3.0,2015-04-09
Chiratae Ventures.,7.47,1,2020-01-04,Wl & Rac Protection,Seed,Mumbai,1.0,1.0,2020-01-04
Reliance Capital,7.47,1,2015-09-25,Luxury Goodsxc2Xa0 Shopping,Private Equity,Gurgaon,1.0,1.0,2015-09-25
Helion Venture Partner,7.47,1,2015-04-09,Interactivexc2Xa0 Howto Guides,Seed,Bangalore,0.33,3.0,2015-04-09
Prajay Advisors Llp,7.4,2,2024-11-18,"Gut Wellness, Healthcare","Unspecified Round, Seed","Gurgaon, Lucknow",0.75,1.5,2024-11-18
Cricketer Rishabh Pant,7.4,1,2024-09-10,Software,Acquisition,Nan,1.0,1.0,2024-09-10
Firstcheque,7.39,3,2020-11-27,"Other, Media, Gaming","Unknown, Pre-Seed","Gurgaon, Hyderabad, Mumbai",0.24,4.67,2020-11-27
Paul Roy,7.39,1,2016-08-24,Consumer Internet,Seed,Mumbai,1.0,1.0,2016-08-24
Balancehero,7.36,1,2020-08-04,Fintech,Series C,Gurgaon,1.0,1.0,2020-08-04
Point One Capital,7.32,2,2024-12-16,"Fintech, Technology",Pre-Seed,"Nan, Bangalore",0.29,3.5,2024-12-16
Intellecap Impact Investment Network,7.14,2,2015-08-22,"Crowd Funding, Waste Management",Seed,Mumbai,0.31,5.0,2015-08-22
Elcid Investments,7.11,1,2025-07-11,Consumer,Unknown,Bangalore,1.0,1.0,2025-07-11
Narottam Thudi,7.05,1,2017-08-26,Consumer Internet,Seed,Hyderabad,0.5,2.0,2017-08-26
Shireesh Palle,7.05,1,2017-08-26,Consumer Internet,Seed,Hyderabad,0.5,2.0,2017-08-26
Sirounknown,7.0,1,2025-03-24,D2C Nutrition,Pre-Seed,Gurgaon,1.0,1.0,2025-03-24
Venk Krishunknownn,6.97,2,2016-12-28,"Consumer Internet, Online Counselling And Psychological Support",Seed,"Bangalore, Gwalior",0.15,6.5,2016-12-28
Karsemven Fund,6.85,1,2015-01-28,Other,Private Equity,Nan,1.0,1.0,2015-01-28
K2 Capital,6.85,1,2017-01-21,Technology,Seed,Panaji,1.0,1.0,2017-01-21
Sumit Jain,6.81,2,2016-05-04,"Other, Consumer Internet","Other, Seed","Nan, Bangalore",0.25,4.5,2016-05-04
Abhishek Gupta (Fashinza),6.75,1,2025-02-01,Digital Pediatric Care,Seed,Delhi,0.17,6.0,2025-02-01
Dhruv Dhanraj Bahl (Exunknownbharatpe),6.75,1,2025-02-01,Digital Pediatric Care,Seed,Delhi,0.17,6.0,2025-02-01
Akshay Saxeunknown (Avanti),6.75,1,2025-02-01,Digital Pediatric Care,Seed,Delhi,0.17,6.0,2025-02-01
Amplify,6.75,1,2025-02-01,Digital Pediatric Care,Seed,Delhi,0.17,6.0,2025-02-01
Ankit Gupta (Bicycle Health),6.75,1,2025-02-01,Digital Pediatric Care,Seed,Delhi,0.17,6.0,2025-02-01
Strategic Angel Investors,6.75,1,2025-02-07,Secured Lending,Pre-Seed,Bangalore,0.2,5.0,2025-02-07
Upsparks Capital,6.75,1,2025-02-07,Secured Lending,Pre-Seed,Bangalore,0.2,5.0,2025-02-07
Gowri Mukherjee,6.67,1,2020-01-10,Online Credit Management,Unknown,Chennai,0.33,3.0,2020-01-10
R Sudarshan,6.67,1,2020-01-10,Online Credit Management,Unknown,Chennai,0.33,3.0,2020-01-10
Ranjit Punja,6.67,1,2020-01-10,Online Credit Management,Unknown,Chennai,0.33,3.0,2020-01-10
Unitus Venture,6.67,1,2020-07-06,Hr,Unknown,Bangalore,1.0,1.0,2020-07-06
Rukam Capital Trust,6.64,1,2020-11-28,Food,Unknown,Mumbai,0.5,2.0,2020-11-28
Pavan Ongole,6.64,2,2017-02-21,"Consumer Internet, Online Counselling And Psychological Support",Seed,"Bangalore, Gwalior",0.13,8.0,2017-02-21
Navneet Education,6.64,1,2021-09-26,Edtech,Unknown,Jaipur,1.0,1.0,2021-09-26
Der Shing Lim,6.64,1,2020-04-23,Logistics,Seed,Nan,0.5,2.0,2020-04-23
Malabar Angel Network,6.64,1,2021-09-19,Agritech,Pre-Series A,Kochi,0.33,3.0,2021-09-19
Strive Vc,6.64,1,2021-04-17,Retail,Seed,Nan,1.0,1.0,2021-04-17
Arvind Venugopal Nair,6.64,1,2021-09-13,Deeptech,Seed,Bangalore,0.5,2.0,2021-09-13
Jyotsunknown Bapat,6.64,1,2020-11-11,Saas,Pre-Series A,Nan,0.5,2.0,2020-11-11
Upaya Social Ventures,6.64,1,2021-05-02,Fintech,Pre-Series A,Jaipur,0.5,2.0,2021-05-02
Manish Subramaniam,6.64,1,2021-05-02,Fintech,Pre-Series A,Jaipur,0.5,2.0,2021-05-02
Amritendu Mukherjee,6.64,1,2021-09-13,Deeptech,Seed,Bangalore,0.5,2.0,2021-09-13
Rudy Gopalakrishunknownn,6.64,2,2015-08-27,"Web Content Publishing, Visual Blogging",Seed,"Gurgaon, Delhi",0.42,2.5,2015-08-27
Blacksoil Capital Pvt Ltd,6.64,1,2017-01-09,Technology,Private Equity,Mumbai,1.0,1.0,2017-01-09
Vikram Karuunknownkaram,6.64,1,2022-02-16,Information Technology &,Pre-Series A,Hyderabad,0.33,3.0,2022-02-16
Niren Shah,6.64,1,2020-11-28,Food,Unknown,Mumbai,0.5,2.0,2020-11-28
Ranbir Kapoor,6.64,1,2025-08-19,Logistics,Unknown,Gurgaon,1.0,1.0,2025-08-19
Kotak Life,6.64,1,2020-01-11,Fintech,Unknown,Mumbai,0.33,3.0,2020-01-11
Propell Fund,6.64,1,2024-09-11,B2B Financial Management,Pre-Seed,Bangalore,0.25,4.0,2024-09-11
3Lines Vc,6.64,1,2020-11-05,Ai,Seed,Hyderabad,0.33,3.0,2020-11-05
Cba Capital,6.64,1,2020-01-10,Edtech,Series A,Chennai,0.5,2.0,2020-01-10
Nitin Agarwal,6.64,2,2021-09-23,"Consumer Internet, Fintech",Seed,"Noida, Bangalore",0.29,3.5,2021-09-23
Swarnim Multiventures,6.64,1,2015-09-04,Virtual Reality 3D Simulation And Stereoscopic Products,Private Equity,Bangalore,1.0,1.0,2015-09-04
Vivek Bhargava,6.62,3,2017-06-09,"Technology, Consumer Internet","Seed, Private Equity","Bangalore, Delhi",0.42,2.67,2017-06-09
Pedalstart,6.62,3,2025-10-28,"Energy > Energy Storage, Ecommerce, Shoe Care","Pre-Seed, Seed","Nan, Bangalore, Chandigarh",1.0,1.0,2025-10-28
Misfits Capital,6.6,1,2025-02-02,Sports Performance Analysis,Seed,Bangalore,0.25,4.0,2025-02-02
Indigoedge,6.6,1,2025-02-02,Sports Performance Analysis,Seed,Bangalore,0.25,4.0,2025-02-02
Marwah Sports Group,6.6,1,2025-02-02,Sports Performance Analysis,Seed,Bangalore,0.25,4.0,2025-02-02
Rainmatter (Nithin Kamath),6.6,1,2025-02-02,Sports Performance Analysis,Seed,Bangalore,0.25,4.0,2025-02-02
Deepak Singh,6.6,1,2025-02-26,Pickleball Sports,Pre-Seed,Bangalore,0.11,9.0,2025-02-26
Viren Singhvi,6.6,1,2025-02-26,Pickleball Sports,Pre-Seed,Bangalore,0.11,9.0,2025-02-26
Arjun Vaidya,6.6,1,2025-02-26,Pickleball Sports,Pre-Seed,Bangalore,0.11,9.0,2025-02-26
Mohit Kumar,6.6,1,2025-02-26,Pickleball Sports,Pre-Seed,Bangalore,0.11,9.0,2025-02-26
Vatsal Singhal,6.6,1,2025-02-26,Pickleball Sports,Pre-Seed,Bangalore,0.11,9.0,2025-02-26
Kartik Kapoor,6.6,1,2025-02-26,Pickleball Sports,Pre-Seed,Bangalore,0.11,9.0,2025-02-26
Samved Ventures,6.58,1,2025-09-08,Ecommerce,Seed,Mumbai,1.0,1.0,2025-09-08
Sahyadri Farms,6.56,1,2025-09-02,Agritech,Pre-Seed,Mumbai,1.0,1.0,2025-09-02
Devanshu Dolat Desai,6.56,1,2020-05-11,Food,Series B,Delhi,0.25,4.0,2020-05-11
Aunknownnd M Khatau,6.56,1,2020-05-11,Food,Series B,Delhi,0.25,4.0,2020-05-11
Harpreet Singh Grover,6.56,3,2020-05-10,"Other, Consumer Internet","Seed, Pre-Seed","Gurgaon, Nan, Bangalore",0.23,5.0,2020-05-10
Debasish Priyadarshi Purohit,6.56,1,2020-05-11,Food,Series B,Delhi,0.25,4.0,2020-05-11
Kaushik Shanghvi,6.56,1,2020-05-11,Food,Series B,Delhi,0.25,4.0,2020-05-11
Jamwant Ventures,6.55,1,2025-10-01,Aerospace Maritime & Defense > Space,Seed,Nan,1.0,1.0,2025-10-01
Jay Srinivasan,6.52,1,2015-08-04,For Property Brokers,Seed,Mumbai,0.33,3.0,2015-08-04
Education Catalyst Fund,6.52,1,2020-04-19,Edtech,Pre-Series A,Chennai,1.0,1.0,2020-04-19
Ramesh Jogani,6.52,1,2015-08-04,For Property Brokers,Seed,Mumbai,0.33,3.0,2015-08-04
Shailesh Viswaunknownthan,6.52,1,2015-08-04,For Property Brokers,Seed,Mumbai,0.33,3.0,2015-08-04
Iim Udaipur Incubation Centre,6.5,1,2024-11-20,Legal Consultation,Unspecified Round,Gurgaon,0.25,4.0,2024-11-20
Shift Alt Cap,6.5,1,2024-11-20,Legal Consultation,Unspecified Round,Gurgaon,0.25,4.0,2024-11-20
Group Of Highunknownnetunknownworth Indian Investors,6.5,1,2025-04-15,Luxury Watch,Other,Surat,1.0,1.0,2025-04-15
Deepak Bhagunknownni Family Office,6.5,1,2025-05-05,Logistics,Seed,Gurgaon,1.0,1.0,2025-05-05
Factor[E] Ventures,6.5,1,2017-08-16,Technology,Seed,Gurgaon,1.0,1.0,2017-08-16
V Balakrishunknownn,6.45,2,2017-01-18,"Other, Consumer Internet","Other, Seed","Nan, Pune",0.39,2.67,2017-01-18
Singularity Holdings,6.44,1,2017-06-25,Consumer Internet,Seed,Mumbai,0.25,4.0,2017-06-25
Auxano Deals,6.41,1,2018-02-10,Edtech,Private Equity,Delhi,1.0,1.0,2018-02-10
Aloke Bajpai,6.39,1,2015-09-14,Multilingual Test Preparation,Private Equity,Gurgaon,0.2,5.0,2015-09-14
Tandem Capital,6.39,1,2015-09-14,Multilingual Test Preparation,Private Equity,Gurgaon,0.2,5.0,2015-09-14
Venkataraman Knk,6.37,1,2025-07-25,Healthcare,Pre-Series A,Bangalore,0.25,4.0,2025-07-25
Viunknownyender Tulla,6.37,1,2025-07-25,Healthcare,Pre-Series A,Bangalore,0.25,4.0,2025-07-25
Nita Roy,6.37,1,2025-07-25,Healthcare,Pre-Series A,Bangalore,0.25,4.0,2025-07-25
Equanimity Investments,6.35,1,2025-01-12,Spiritual & Devotion,Unspecified Round,Kolkata,1.0,1.0,2025-01-12
Idein Ventures,6.31,3,2020-01-03,"Consumer Internet, Ecommerce, Technology","Seed, Unknown","Bangalore, Jodhpur",0.88,1.25,2020-01-03
Surgeons,6.3,1,2024-12-11,Medical Devices,Pre-Series A,Bangalore,0.25,4.0,2024-12-11
And Bankers,6.3,1,2024-12-11,Medical Devices,Pre-Series A,Bangalore,0.25,4.0,2024-12-11
Medical Professiounknownls,6.3,1,2024-12-11,Medical Devices,Pre-Series A,Bangalore,0.25,4.0,2024-12-11
Existing Promoters,6.3,1,2024-12-11,Medical Devices,Pre-Series A,Bangalore,0.25,4.0,2024-12-11
Ovington Capital Partners,6.24,1,2025-07-28,Enterprise,Seed,Chennai,1.0,1.0,2025-07-28
Zaffiro Ventures,6.23,2,2016-07-15,"Technology, Consumer Internet",Seed,"Ahmedabad, Mumbai",0.75,1.5,2016-07-15
Sonu Nigam,6.22,1,2021-09-26,Music,Seed,Mumbai,0.5,2.0,2021-09-26
Seedstars Interunknowntiounknownl Ventures,6.22,1,2025-04-27,Construction,Pre-Seed,Gurgaon,0.5,2.0,2025-04-27
Fluent Ventures And Everywhere Ventures,6.22,1,2025-04-27,Construction,Pre-Seed,Gurgaon,0.5,2.0,2025-04-27
Massimo Vita,6.22,1,2022-02-13,Fintech,Unknown,Bangalore,0.5,2.0,2022-02-13
Udaya Kumar,6.22,1,2022-02-13,Fintech,Unknown,Bangalore,0.5,2.0,2022-02-13
\\Xc2\\Xa0 Gaunknownyantrika Systems,6.22,1,2016-01-11,Technology,Seed,Bangalore,0.5,2.0,2016-01-11
Raksul,6.22,1,2017-08-06,Consumer Internet,Seed,Chennai,0.33,3.0,2017-08-06
Somerset Indus Capital Ventures,6.22,1,2017-12-28,Healthcare,Other,Gurgaon,1.0,1.0,2017-12-28
Venture Nursery,6.22,1,2015-12-20,Ai,Private Equity,Mumbai,0.5,2.0,2015-12-20
Ashish Lakhanpal,6.22,1,2016-10-01,Technology,Private Equity,Bangalore,0.33,3.0,2016-10-01
Michael Herzig,6.22,1,2016-10-01,Technology,Private Equity,Bangalore,0.33,3.0,2016-10-01
Lalitesh Katragadda,6.22,1,2016-01-11,Technology,Seed,Bangalore,0.5,2.0,2016-01-11
Next Orbit Ventures Fund,6.22,1,2016-10-23,Technology,Private Equity,Mumbai,1.0,1.0,2016-10-23
Ankur Gupta,6.22,1,2016-01-10,Edtech,Seed,Delhi,1.0,1.0,2016-01-10
Capier Investments,6.22,1,2017-08-14,Technology,Seed,Mumbai,0.2,5.0,2017-08-14
Idal Health,6.22,1,2017-08-14,Technology,Seed,Mumbai,0.2,5.0,2017-08-14
Prolific Angel Investors,6.22,1,2020-12-13,Blockchain,Seed,Mumbai,1.0,1.0,2020-12-13
Deunknown,6.22,1,2017-08-06,Consumer Internet,Seed,Chennai,0.33,3.0,2017-08-06
Vcmint,6.21,1,2025-08-16,Enteprise,Unknown,Hyderabad,1.0,1.0,2025-08-16
Currae Healthtech Fund,6.18,1,2016-09-05,Technology,Private Equity,Pune,0.5,2.0,2016-09-05
Ian Angel Fund,6.15,2,2025-02-15,"Gaming Commerce, Medtech",Seed,"Gurgaon, Delhi",0.57,4.0,2025-02-15
Pallav Nadhani,6.14,3,2020-01-03,"Technology, Edtech, Consumer Internet","Seed, Unknown","Bangalore, Bhopal",0.24,7.0,2020-01-03
Emmanuel Suraj,6.1,1,2025-01-16,D2C Lingerie & Shapewear,Pre-Seed,Noida,0.2,5.0,2025-01-16
Angels Such As Nikita Gupta,6.1,1,2025-01-16,D2C Lingerie & Shapewear,Pre-Seed,Noida,0.2,5.0,2025-01-16
Rs Shanbag,6.1,1,2018-05-25,Ecommerce,Other,Bangalore,1.0,1.0,2018-05-25
Unknown Hni\\Xe2\\X80\\X99S,6.09,1,2017-08-15,Consumer Internet,Seed,Vadodara,1.0,1.0,2017-08-15
Rishi Vasudev,6.06,2,2018-07-24,"It, Workforce Management Software","Other, Seed","Gurgaon, Bangalore",0.27,4.0,2018-07-24
Znl,6.02,1,2021-12-23,Insurance,Pre-Series A,Delhi,0.5,2.0,2021-12-23
Piper Serica Vc,6.0,1,2024-08-18,Smart Mobility,Seed,Mumbai,1.0,1.0,2024-08-18
Revx,6.0,1,2025-04-02,Healthcare Fintech,Debt,Gurgaon,1.0,1.0,2025-04-02
Eureka Forbes Ltd,5.81,1,2016-10-07,Consumer Internet,Private Equity,Bangalore,0.25,4.0,2016-10-07
Indus Age Partners,5.81,1,2015-08-22,Crowd Funding,Seed,Mumbai,0.12,8.0,2015-08-22
Stacks Accelerator,5.81,1,2021-08-02,Fintech,Seed,Bangalore,0.25,4.0,2021-08-02
Icici Bank,5.81,1,2021-04-13,Rental,Pre-Series A,Gurgaon,0.5,2.0,2021-04-13
Sbx Capital,5.81,1,2021-08-02,Fintech,Seed,Bangalore,0.25,4.0,2021-08-02
Mytash,5.81,1,2022-01-26,Automotive,Unknown,Gurgaon,1.0,1.0,2022-01-26
India Internet Fund,5.81,1,2015-08-22,Crowd Funding,Seed,Mumbai,0.12,8.0,2015-08-22
Lc Nueva Aif,5.81,1,2021-10-12,Media,Seed,Bangalore,1.0,1.0,2021-10-12
Alphabit Fund,5.81,1,2021-08-02,Fintech,Seed,Bangalore,0.25,4.0,2021-08-02
Mulberry Silks,5.81,1,2021-12-06,Apparel & Fashion,Pre-Series A,Jaipur,0.5,2.0,2021-12-06
Sudhir Rao,5.81,1,2015-07-06,Crowd Funding,Seed,Mumbai,0.33,3.0,2015-07-06
Jai Kumar And Mohan Karuppiah,5.81,1,2022-11-22,Food &Beverages,Seed,Chennai,1.0,1.0,2022-11-22
Fulgur Ventures,5.81,1,2021-08-02,Fintech,Seed,Bangalore,0.25,4.0,2021-08-02
Pradyumunknown Dalmia,5.81,1,2015-07-06,Crowd Funding,Seed,Mumbai,0.33,3.0,2015-07-06
Asp Consulting,5.81,1,2015-10-20,Exclusive For Doctors & Healthcare Professionals,Seed,Pune,0.5,2.0,2015-10-20
Shapoorji Pallonji,5.81,1,2016-10-07,Consumer Internet,Private Equity,Bangalore,0.25,4.0,2016-10-07
Co. Ltd.,5.81,1,2016-10-07,Consumer Internet,Private Equity,Bangalore,0.25,4.0,2016-10-07
Aum Ventures And Venture Highway,5.81,1,2024-09-05,Robotech,Pre-Seed,Nan,1.0,1.0,2024-09-05
Fluid Ventures,5.81,1,2021-12-06,Apparel & Fashion,Pre-Series A,Jaipur,0.5,2.0,2021-12-06
Double Peak,5.81,1,2021-09-06,Blockchain,Seed,Chennai,0.17,6.0,2021-09-06
Mexc Global,5.81,1,2021-09-06,Blockchain,Seed,Chennai,0.17,6.0,2021-09-06
Safe Planet Medicare,5.81,1,2021-04-22,Helathcare,Seed,Bangalore,1.0,1.0,2021-04-22
Dinesh Godara,5.81,1,2021-10-16,Fintech,"Seed, Unknown",Delhi,0.42,2.5,2021-10-16
Xrm Media,5.81,1,2020-12-01,Marketing,Seed,Mumbai,0.5,2.0,2020-12-01
Rainbow Digital Services Pvt. Ltd,5.81,1,2017-05-04,Ecommerce,Private Equity,Gurgaon,0.5,2.0,2017-05-04
Kogta Fiunknownncial India Limited,5.81,1,2021-04-13,Rental,Pre-Series A,Gurgaon,0.5,2.0,2021-04-13
Atul Singh,5.81,1,2022-01-19,Food,Pre-Series A,Gurgaon,0.5,2.0,2022-01-19
Ilearnfiunknownnce Academy Pvt. Ltd.,5.81,1,2017-05-04,Ecommerce,Private Equity,Gurgaon,0.5,2.0,2017-05-04
﻿Titan Capital﻿,5.81,1,2021-11-05,Consumer Goods,Seed,Delhi,0.33,3.0,2021-11-05
Saama Capital﻿,5.81,1,2021-11-05,Consumer Goods,Seed,Delhi,0.33,3.0,2021-11-05
Rishab Malik,5.81,1,2022-01-19,Food,Pre-Series A,Gurgaon,0.5,2.0,2022-01-19
Kevin Lin,5.81,1,2020-12-01,Marketing,Seed,Mumbai,0.5,2.0,2020-12-01
Artha Venture,5.81,2,2020-10-26,"Food, Edtech",Seed,"Delhi, Mumbai",1.0,1.0,2020-10-26
Syunknownps,5.81,1,2021-09-06,Blockchain,Seed,Chennai,0.17,6.0,2021-09-06
Tmt Connekt,5.81,1,2021-04-21,Ecommerce,Pre-Series A,Hyderabad,0.5,2.0,2021-04-21
Genblock Capital,5.81,1,2021-09-06,Blockchain,Seed,Chennai,0.17,6.0,2021-09-06
Covalent,5.81,1,2021-09-06,Blockchain,Seed,Chennai,0.17,6.0,2021-09-06
Ledger Prime,5.81,1,2021-09-06,Blockchain,Seed,Chennai,0.17,6.0,2021-09-06
Z Nation Lab,5.74,1,2017-11-17,Technology,Other,Mumbai,1.0,1.0,2017-11-17
Insitor Partners,5.66,1,2020-01-25,Fintech,Debt,Delhi,0.5,2.0,2020-01-25
Accel Partners Rnt Associates,5.6,1,2016-08-12,Technology,Private Equity,Bangalore,0.33,3.0,2016-08-12
Yournest Venture Capital (Yournestunknownsanchiconnect Velocity Program 2024),5.6,1,2025-02-17,Iot & Ai Predictive Maintenance,Seed,Delhi,1.0,1.0,2025-02-17
Infocomm Investments,5.6,1,2016-08-12,Technology,Private Equity,Bangalore,0.33,3.0,2016-08-12
Vikas Agarwal,5.57,2,2025-05-19,"Korean Skin Clinic, Logistics","Pre-Seed, Seed","Gurgaon, Mumbai",0.62,2.5,2025-05-19
Risers Accelerators,5.56,1,2020-03-28,Media,Unknown,Nan,1.0,1.0,2020-03-28
Ideation Initiative Pvt. Ltd,5.56,1,2016-09-25,Edtech,Seed,Bangalore,0.5,2.0,2016-09-25
Careernet Consulting Pvt. Ltd,5.56,1,2016-09-25,Edtech,Seed,Bangalore,0.5,2.0,2016-09-25
Dr. Aniruddha Malpani,5.41,3,2017-11-11,"Smart Safety Wearable Devices, Consumer Internet, Technology","Seed, Other","Delhi, Pune, Mumbai",0.61,2.0,2017-11-11
Murugavel Jaunknownkiraman (Bharatmatrimony),5.4,1,2024-10-24,Traveltech,Seed,Delhi,0.25,4.0,2024-10-24
Dinesh Agarwal (Indiamart),5.4,1,2024-10-24,Traveltech,Seed,Delhi,0.25,4.0,2024-10-24
Chandru Badriunknownrayaunknownn,5.39,1,2015-08-13,Fund Raising For,Seed,Pune,0.5,2.0,2015-08-13
Kuunknownl Bajaj,5.39,1,2015-08-13,Fund Raising For,Seed,Pune,0.5,2.0,2015-08-13
Aabhas Khanunknown,5.35,1,2025-07-06,Ecommerce,Seed,Delhi,0.2,5.0,2025-07-06
Santosh Govindaraju,5.35,1,2025-07-06,Ecommerce,Seed,Delhi,0.2,5.0,2025-07-06
Raghav Singhal,5.35,1,2025-07-06,Ecommerce,Seed,Delhi,0.2,5.0,2025-07-06
Abhishek Chopra,5.35,1,2025-07-06,Ecommerce,Seed,Delhi,0.2,5.0,2025-07-06
Coleman,5.34,1,2025-06-02,Real Estate,Unknown,Chennai,0.33,3.0,2025-06-02
Atul Jalan,5.31,1,2015-10-05,Residential Rental Management,Seed,Bangalore,0.33,3.0,2015-10-05
Shrikanth,5.31,1,2015-10-05,Residential Rental Management,Seed,Bangalore,0.33,3.0,2015-10-05
Bharath,5.31,1,2015-10-05,Residential Rental Management,Seed,Bangalore,0.33,3.0,2015-10-05
O2 Angels,5.3,1,2025-07-09,Advanced Hardware & Technology,Pre-Series A,Chennai,1.0,1.0,2025-07-09
Swastika Company Ltd,5.24,3,2016-08-27,"Consumer Internet, Technology",Seed,"Pune, Noida, Gurgaon",0.72,2.67,2016-08-27
Mike Shah,5.19,1,2015-05-20,Customer Engagement,Seed,Bangalore,0.25,4.0,2015-05-20
Anoop Goyal,5.19,1,2015-05-20,Customer Engagement,Seed,Bangalore,0.25,4.0,2015-05-20
Va Sastry,5.19,1,2015-05-20,Customer Engagement,Seed,Bangalore,0.25,4.0,2015-05-20
Arun Malhotra,5.15,1,2017-04-16,Consumer Internet,Seed,Delhi,0.25,4.0,2017-04-16
Gaurav Kachru,5.15,1,2017-04-16,Consumer Internet,Seed,Delhi,0.25,4.0,2017-04-16
Sundeep Singh Sahni,5.15,1,2017-04-16,Consumer Internet,Seed,Delhi,0.25,4.0,2017-04-16
Jatin Aneja,5.15,1,2017-04-16,Consumer Internet,Seed,Delhi,0.25,4.0,2017-04-16
Ajvc,5.15,3,2025-10-24,"Consumer, Media & Entertainment > Internet First Media, Ecommerce","Unknown, Seed, Pre-Seed","Delhi, Jaipur",1.0,1.0,2025-10-24
Purvi Ventures,5.06,2,2016-06-15,Consumer Internet,Seed,"Gurgaon, Bangalore",0.42,2.5,2016-06-15
Deepank Kumar,5.0,1,2025-01-27,Deep,Seed,Bhubaneswar,0.2,5.0,2025-01-27
Samir Kalia,5.0,1,2025-01-27,Deep,Seed,Bhubaneswar,0.2,5.0,2025-01-27
Info Edge Ventures And Better Capital,5.0,1,2025-05-15,Community,Seed,Gurgaon,1.0,1.0,2025-05-15
Vistra Itcl India,5.0,1,2020-08-02,Ecommerce,Unknown,Delhi,0.5,2.0,2020-08-02
Al Falaj Commercial Investment Co,5.0,1,2020-08-02,Ecommerce,Unknown,Delhi,0.5,2.0,2020-08-02
Seafund,5.0,1,2025-01-04,Healthcare,Unspecified Round,Noida,0.5,2.0,2025-01-04
Artha Venture Fund And Pil Italica Lifestyle Limited,5.0,1,2024-12-20,Retail,Seed,Mumbai,1.0,1.0,2024-12-20
Nitin Zamre,5.0,1,2025-01-27,Deep,Seed,Bhubaneswar,0.2,5.0,2025-01-27
Manit Gupta,5.0,1,2025-06-15,Decentralized Finance Defi,Pre-Seed,Gurgaon,1.0,1.0,2025-06-15
Manish Mardia,4.98,1,2021-07-16,Food,Unknown,Chennai,0.33,3.0,2021-07-16
Gabriel Investments,4.98,1,2015-12-21,Test Automation Saas,Seed,Hyderabad,0.5,2.0,2015-12-21
Pravin Jadhav,4.98,1,2021-06-18,Fintech,Seed,Delhi,0.5,2.0,2021-06-18
Subramanian Ramadorai,4.98,1,2016-08-21,Ecommerce,Seed,Delhi,0.17,6.0,2016-08-21
World Startup Factory,4.98,1,2021-05-15,Biotechnology,Unknown,Delhi,0.5,2.0,2021-05-15
Anuj Srivastava,4.98,2,2016-03-18,"Online Products Discovery, Healthcare",Seed,"Gurgaon, Bangalore",0.33,4.0,2016-03-18
Anup Kumar Yama,4.98,1,2021-06-13,Recruitment,Unknown,Hyderabad,1.0,1.0,2021-06-13
Rebel Foods,4.98,1,2020-12-27,Food,Unknown,Belgaum,1.0,1.0,2020-12-27
Sunil Sethia,4.98,1,2021-07-16,Food,Unknown,Chennai,0.33,3.0,2021-07-16
Harsha Bhogle,4.98,1,2021-04-09,Fantasy Sports,Unknown,Gurgaon,1.0,1.0,2021-04-09
Ravi Nigam,4.98,1,2016-08-21,Ecommerce,Seed,Delhi,0.17,6.0,2016-08-21
Gordon And Betty Moore Foundation,4.98,1,2015-11-05,Numerical Computing & Data Science,Seed,Bangalore,1.0,1.0,2015-11-05
Ritu Kapur,4.98,1,2015-09-28,Community Driven News/Views,Seed,Delhi,0.5,2.0,2015-09-28
Icici Bank.,4.98,1,2020-12-07,Edtech,Pre-Series A,Hyderabad,1.0,1.0,2020-12-07
Noshir Kaka,4.98,1,2016-08-21,Ecommerce,Seed,Delhi,0.17,6.0,2016-08-21
Lensbridge Capital,4.98,1,2015-11-02,Branded Food Products Online Sales,Private Equity,Bangalore,0.33,3.0,2015-11-02
Krishunknown Kumar,4.98,1,2021-09-06,Fintech,Pre-Seed,Bangalore,0.5,2.0,2021-09-06
Deepak Anchala,4.98,1,2024-08-16,B2B Sales,Pre-Seed,Bangalore,0.17,6.0,2024-08-16
High Networth Individuals (No Details),4.98,1,2015-09-07,Online Food Ordering & Delivery,Seed,Gurgaon,1.0,1.0,2015-09-07
Startup Basket.,4.98,1,2020-10-18,Healthcare,Seed,Bangalore,1.0,1.0,2020-10-18
Abiunknownshowatech (India) Ltd,4.98,1,2017-07-02,Technology,Seed,Bangalore,1.0,1.0,2017-07-02
Viral Bajaria,4.98,1,2024-08-16,B2B Sales,Pre-Seed,Bangalore,0.17,6.0,2024-08-16
Rushikesh Bhandari,4.98,1,2024-08-06,Dronetech,Seed,Nashik,0.25,4.0,2024-08-06
2 Am Vc,4.98,1,2022-01-23,Information Technology &,Unknown,Delhi,0.5,2.0,2022-01-23
Al Nour Interunknowntiounknownl Holdings And Mark V Investments,4.98,1,2019-02-03,Nanotechnology,Series A,Delhi,0.25,4.0,2019-02-03
Mape Advisory Group,4.98,1,2015-11-02,Branded Food Products Online Sales,Private Equity,Bangalore,0.33,3.0,2015-11-02
Pontaq Vc,4.98,1,2024-08-06,Dronetech,Seed,Nashik,0.25,4.0,2024-08-06
Aunknownnta Bizcon Llp,4.98,1,2024-08-06,Dronetech,Seed,Nashik,0.25,4.0,2024-08-06
Vetri Vellore,4.98,1,2024-08-16,B2B Sales,Pre-Seed,Bangalore,0.17,6.0,2024-08-16
Kiran Deshpande,4.98,1,2016-08-21,Ecommerce,Seed,Delhi,0.17,6.0,2016-08-21
Enture Catalyst,4.98,1,2021-10-26,Translation & Localization,Seed,Noida,0.5,2.0,2021-10-26
Silver Lake,4.97,2,2020-10-10,"Multinational Conglomerate, Retail",Unknown,Mumbai,0.38,3.0,2020-10-10
Momentum Capital,4.96,1,2025-09-24,Clean,Unknown,Bangalore,1.0,1.0,2025-09-24
Shanti Mohan,4.94,1,2016-07-18,Logistics,Seed,Mumbai,0.17,6.0,2016-07-18
Suramya Gupta,4.94,1,2016-07-18,Logistics,Seed,Mumbai,0.17,6.0,2016-07-18
Abhishek Agarwal,4.94,1,2016-07-18,Logistics,Seed,Mumbai,0.17,6.0,2016-07-18
Krishunknownkumar Nataraj,4.94,1,2016-07-18,Logistics,Seed,Mumbai,0.17,6.0,2016-07-18
Sarthak And Nihit Agarwal,4.94,1,2016-07-18,Logistics,Seed,Mumbai,0.17,6.0,2016-07-18
Mubadala Investment Company,4.82,1,2020-10-10,Retail,Unknown,Mumbai,0.5,2.0,2020-10-10
Amit Singal,4.78,3,2021-06-26,"Healthcare, Consulting, Fintech","Seed, Other","Jaipur, Delhi, Noida",0.42,2.67,2021-06-26
Arun Garg,4.73,1,2017-11-01,Fintech,Seed,Delhi,0.33,3.0,2017-11-01
Manish Poddar,4.73,1,2017-11-01,Fintech,Seed,Delhi,0.33,3.0,2017-11-01
Apoorva Sharma,4.73,1,2021-10-28,Textiles,Seed,Mumbai,0.33,3.0,2021-10-28
Parmeshwar Sharma,4.73,1,2017-11-01,Fintech,Seed,Delhi,0.33,3.0,2017-11-01
Kaynes Technology),4.7,1,2025-09-14,Ecommerce,Seed,Bangalore,0.5,2.0,2025-09-14
Ramesh Kanunknownn (Md,4.7,1,2025-09-14,Ecommerce,Seed,Bangalore,0.5,2.0,2025-09-14
Inmobi,4.69,2,2024-09-23,"Technology, Non Profit Organization To Alleviate Poverty","Angel, Seed","Nan, Bangalore",0.29,3.5,2024-09-23
Pras Hanuma,4.65,1,2020-12-14,Edtech,Seed,Bangalore,0.25,4.0,2020-12-14
And Gsf Accelerator.,4.65,1,2020-12-14,Edtech,Seed,Bangalore,0.25,4.0,2020-12-14
Nirupa Shankar,4.57,1,2016-04-15,Food,Seed,Bangalore,0.2,5.0,2016-04-15
Hunch Ventures,4.57,1,2017-10-21,Consumer Internet,Seed,Gurgaon,0.2,5.0,2017-10-21
Rajiv Nayan,4.57,1,2015-05-04,Workforce Management Software,Seed,Bangalore,0.33,3.0,2015-05-04
Startup Buddy,4.57,2,2019-11-03,"Last Mile Transportation, Technology","Seed, Other","Amritsar, Mumbai",0.75,1.5,2019-11-03
Apurva Salapuria,4.57,1,2016-04-15,Food,Seed,Bangalore,0.2,5.0,2016-04-15
Reazon Capital,4.57,1,2025-04-07,Travel,Pre-Seed,Bangalore,1.0,1.0,2025-04-07
Sidharth Pansari,4.57,1,2016-04-15,Food,Seed,Bangalore,0.2,5.0,2016-04-15
Citrus Payments,4.57,1,2017-10-21,Consumer Internet,Seed,Gurgaon,0.2,5.0,2017-10-21
Aunknownnd Ladsariya,4.57,2,2016-09-12,Consumer Internet,Seed,"Bangalore, Noida",0.21,5.0,2016-09-12
Unknown Ex Mckinsey Directors And Partners,4.57,1,2016-08-02,Consumer Internet,Seed,Mumbai,1.0,1.0,2016-08-02
Tlabs,4.53,1,2020-08-16,Edtech,Unknown,Noida,0.5,2.0,2020-08-16
Siddhartha Sacheti,4.5,1,2024-08-01,Fintech,Unspecified Round,Chennai,0.5,2.0,2024-08-01
Ankit Khunknowndelwal,4.5,1,2024-10-15,Wellness,Angel,Delhi,0.25,4.0,2024-10-15
Ashish Singh,4.5,1,2024-10-15,Wellness,Angel,Delhi,0.25,4.0,2024-10-15
Gyanesh Sharma (Dotpe),4.5,1,2024-10-15,Wellness,Angel,Delhi,0.25,4.0,2024-10-15
Abhijeet Raunknown,4.5,1,2024-10-15,Wellness,Angel,Delhi,0.25,4.0,2024-10-15
Rk Family Trust,4.5,1,2024-08-09,Food,Seed,Delhi,0.33,3.0,2024-08-09
Freeflow Ventures,4.5,1,2024-08-09,Food,Seed,Delhi,0.33,3.0,2024-08-09
Tangent Advisors,4.5,1,2024-08-09,Food,Seed,Delhi,0.33,3.0,2024-08-09
Dyunknownmic It Solution Private Limited (Subsidiary Of Brainbees Solutions),4.5,1,2024-10-24,Ecommerce,Other,Delhi,1.0,1.0,2024-10-24
Mox,4.49,2,2020-10-02,"Technology, Saas","Unknown, Seed","Mumbai, Noida",0.5,2.0,2020-10-02
Bobby Reddy,4.48,1,2017-07-18,Technology,Seed,Bangalore,0.2,5.0,2017-07-18
M George Oommen,4.48,1,2017-07-18,Technology,Seed,Bangalore,0.2,5.0,2017-07-18
Deependra Bisht,4.48,1,2021-09-03,Mobility,Seed,Bangalore,0.25,4.0,2021-09-03
Krishunknown D,4.48,1,2021-09-03,Mobility,Seed,Bangalore,0.25,4.0,2021-09-03
Vineet Singh,4.48,1,2021-09-03,Mobility,Seed,Bangalore,0.25,4.0,2021-09-03
Brigade Innovations Llp,4.48,1,2017-07-18,Technology,Seed,Bangalore,0.2,5.0,2017-07-18
Suhail Rahman,4.48,1,2017-07-18,Technology,Seed,Bangalore,0.2,5.0,2017-07-18
Alan Aim,4.48,1,2021-09-03,Mobility,Seed,Bangalore,0.25,4.0,2021-09-03
Mountain Pain Capital,4.46,1,2017-12-07,Ecommerce,Other,Mumbai,0.5,2.0,2017-12-07
Suncoast Investments,4.46,1,2017-12-07,Ecommerce,Other,Mumbai,0.5,2.0,2017-12-07
Amogh Kmar Gupta,4.44,1,2022-07-15,Technology,Seed,Delhi,1.0,1.0,2022-07-15
Ravi Krishunknownmurthy,4.4,1,2015-11-26,Kids Tool Kit For Innovation,Seed,Bangalore,1.0,1.0,2015-11-26
Swan Angel Network,4.36,2,2016-08-25,"Logistics, Consumer Internet",Seed,"Indore, Mumbai",0.75,1.5,2016-08-25
U.S. Investors,4.3,1,2025-03-15,Humanoid Robotics,Pre-Seed,Kochi,1.0,1.0,2025-03-15
Pradeep K Jaisingh,4.19,2,2021-05-01,"Healthcare, Edtech","Seed, Pre-Series A","Bangalore, Mumbai",0.32,4.5,2021-05-01
Vida Ventures,4.16,2,2017-11-11,"Consumer Internet, Technology","Seed, Other","Bangalore, Mumbai",0.42,2.5,2017-11-11
Let\\Xe2\\X80\\X99S Venture,4.15,1,2016-12-14,Consumer Internet,Seed,Bangalore,0.5,2.0,2016-12-14
Tvs Group,4.15,1,2016-11-18,Consumer Internet,Seed,Mumbai,1.0,1.0,2016-11-18
Pallab Chatterjee,4.15,1,2015-06-06,Online Coupon & Comparison,Seed,Mumbai,0.33,3.0,2015-06-06
I2India Pvt Ltd,4.15,1,2015-06-27,Intracity Logistics,Seed,Bangalore,1.0,1.0,2015-06-27
Alok Garg,4.15,1,2020-03-03,Real Estate,Pre-Series A,Noida,1.0,1.0,2020-03-03
\\Xc2\\Xa0 Tracxn Labs,4.15,1,2016-02-12,Fintech,Seed,Bangalore,0.5,2.0,2016-02-12
Suresh Shankar,4.15,1,2017-06-09,Technology,Private Equity,Bangalore,0.25,4.0,2017-06-09
Atul Agarwal,4.15,1,2018-02-05,Edtech,Private Equity,Mumbai,0.33,3.0,2018-02-05
Yusho Kawata,4.15,1,2020-01-22,Saas,Seed,Indore,0.5,2.0,2020-01-22
Dewang Neralla,4.15,1,2018-02-05,Edtech,Private Equity,Mumbai,0.33,3.0,2018-02-05
Mahesh Kothurkar,4.15,1,2018-02-05,Edtech,Private Equity,Mumbai,0.33,3.0,2018-02-05
Asuka Holding,4.15,1,2020-06-04,Saas,Other,Mumbai,0.5,2.0,2020-06-04
Unitus Seed Fund\\Nnarayan Ramachandran,4.15,1,2015-02-24,Other,Other,Nan,0.5,2.0,2015-02-24
Arkas Industries,4.15,1,2016-10-16,Consumer Internet,Seed,Gurgaon,0.2,5.0,2016-10-16
Huddle,4.15,1,2021-08-22,Logistics,Unknown,Mumbai,0.33,3.0,2021-08-22
Manickam Mahalingam,4.15,1,2016-10-16,Consumer Internet,Seed,Gurgaon,0.2,5.0,2016-10-16
Huddle Accelerator,4.15,1,2020-12-26,Retail,Seed,Delhi,1.0,1.0,2020-12-26
Lindwall Family Investments Llc (Lfi),4.15,1,2018-07-23,Fintech,Private Equity,Hyderabad,1.0,1.0,2018-07-23
Real Estate Accelerator Program (Reap),4.15,1,2021-03-05,Cleantech,Unknown,Bangalore,0.5,2.0,2021-03-05
. Info Edge Ventures And Vertex Ventures Southeast Asia,4.15,1,2022-07-02,Ecommerce,Seed,Delhi,0.5,2.0,2022-07-02
Rajesh Arora,4.15,1,2016-10-16,Consumer Internet,Seed,Gurgaon,0.2,5.0,2016-10-16
Venky Krishunknownkumar,4.15,1,2017-06-09,Technology,Private Equity,Bangalore,0.25,4.0,2017-06-09
Teruhide Sato,4.15,1,2015-03-06,Other,Seed,Nan,0.33,3.0,2015-03-06
Riso Capital,4.15,1,2021-04-22,Technology,Unknown,Panaji,1.0,1.0,2021-04-22
Mahesh Pratapneni,4.15,1,2015-06-06,Online Coupon & Comparison,Seed,Mumbai,0.33,3.0,2015-06-06
Vishnu Reddy,4.15,1,2020-01-06,Deisgning,Series A,Hyderabad,1.0,1.0,2020-01-06
Ashik K,4.15,1,2021-05-07,Electronics,Pre-Series A,Hyderabad,0.5,2.0,2021-05-07
Beyondseed And The Chenunknowni Angels,4.15,1,2022-10-26,Nutrition,Unknown,Delhi,1.0,1.0,2022-10-26
Evc Ventures,4.15,1,2016-04-18,Consumer Internet,Seed,Gurgaon,1.0,1.0,2016-04-18
Broadbean Capital Services,4.15,1,2016-03-21,Consumer Internet,Private Equity,Bangalore,1.0,1.0,2016-03-21
Daituzi,4.15,1,2024-08-28,Edtech,Series B,Bangalore,0.33,3.0,2024-08-28
Matrix Partners Chiunknown,4.15,1,2024-08-28,Edtech,Series B,Bangalore,0.33,3.0,2024-08-28
Skywalker,4.15,1,2024-08-28,Edtech,Series B,Bangalore,0.33,3.0,2024-08-28
Deepak Gurunknownni,4.15,1,2017-03-17,Consumer Internet,Seed,Bangalore,1.0,1.0,2017-03-17
Pallavi Nadhani,4.15,1,2022-01-20,Information Technology &,Unknown,Bangalore,0.5,2.0,2022-01-20
Yogesh Chaudhary,4.15,1,2022-01-20,Information Technology &,Unknown,Bangalore,0.5,2.0,2022-01-20
Matrimony.Com,4.15,1,2025-10-01,Consumer > Religion,Seed,Nan,1.0,1.0,2025-10-01
Crazy Labs,4.15,1,2020-07-15,Gaming,Unknown,Mumbai,1.0,1.0,2020-07-15
Rob Chandra,4.15,1,2016-01-02,Consumer Internet,Seed,Bangalore,1.0,1.0,2016-01-02
Srini Anumolu,4.15,1,2022-02-15,Furniture,Pre-Series A,Bangalore,0.5,2.0,2022-02-15
Jay Vijayan,4.15,1,2016-03-18,Consumer Internet,Seed,Chennai,1.0,1.0,2016-03-18
Undisclosed Private Investors,4.15,1,2015-10-11,Professionals & Project Search,Seed,Delhi,1.0,1.0,2015-10-11
Agility Venture Partners,4.15,3,2021-04-08,"Ecommerce, Milk, Cosmetics","Seed, Unknown","Gurgaon, Ranchi, Nan",0.67,1.67,2021-04-08
Aarin Capital Partners,4.15,1,2015-12-19,Enterprise Marketing Automation,Seed,Delhi,0.5,2.0,2015-12-19
I2India Ventures,4.15,1,2015-05-22,Parents Focused Web Content,Seed,Bangalore,1.0,1.0,2015-05-22
John Abraham,4.15,1,2021-08-17,Consumer Goods,Pre-Series A,Mumbai,0.25,4.0,2021-08-17
Bharat Vijay,4.15,1,2017-06-03,Consumer Internet,Seed,Bangalore,0.25,4.0,2017-06-03
Ankur Warikoo,4.15,1,2016-03-23,Consumer Internet,Seed,Bangalore,0.2,5.0,2016-03-23
Ankur Singla,4.15,1,2016-03-23,Consumer Internet,Seed,Bangalore,0.2,5.0,2016-03-23
Anuj Sanghi,4.15,1,2016-03-08,Consumer Internet,Seed,Noida,0.5,2.0,2016-03-08
Technology),4.15,1,2025-09-23,Clean,Unknown,Chennai,0.5,2.0,2025-09-23
Technology Development Board (Ministry Of Science,4.15,1,2025-09-23,Clean,Unknown,Chennai,0.5,2.0,2025-09-23
Amar Arsikere,4.15,1,2017-06-03,Consumer Internet,Seed,Bangalore,0.25,4.0,2017-06-03
Krish Seshadri,4.15,1,2017-06-03,Consumer Internet,Seed,Bangalore,0.25,4.0,2017-06-03
Accion Venture Labs,4.15,1,2015-03-06,Other,Private Equity,Nan,0.5,2.0,2015-03-06
Florintree Advisors And Archer Investment,4.15,1,2022-05-14,Food,Unknown,Pune,1.0,1.0,2022-05-14
Hetal Sonpal,4.15,1,2017-08-07,Consumer Internet,Seed,Mumbai,0.25,4.0,2017-08-07
Aunknownnd Swaroop,4.15,1,2022-03-23,International Trade & Development,Seed,Bangalore,1.0,1.0,2022-03-23
The Cowrks Foundry,4.15,1,2020-12-25,Saas,Pre-Series A,Bangalore,1.0,1.0,2020-12-25
Trillion Dollar Venture Partners,4.15,1,2025-09-02,Clean,Seed,Noida,1.0,1.0,2025-09-02
Nadir B Godrej,4.15,1,2021-10-19,Investment Banking,Unknown,Delhi,1.0,1.0,2021-10-19
Rahul Gupta,4.15,1,2022-02-07,Edtech,Unknown,Mumbai,0.25,4.0,2022-02-07
Mukesh Maniar,4.15,1,2022-02-07,Edtech,Unknown,Mumbai,0.25,4.0,2022-02-07
Gurj Aujla,4.15,1,2021-05-07,Electronics,Pre-Series A,Hyderabad,0.5,2.0,2021-05-07
Ninestarter,4.15,1,2016-04-04,Consumer Internet,Seed,Bangalore,1.0,1.0,2016-04-04
Eros Labs,4.15,1,2016-09-02,Consumer Internet,Seed,Delhi,1.0,1.0,2016-09-02
Climate Angels Fund,4.15,1,2021-07-23,Consumer Goods,Seed,Mumbai,1.0,1.0,2021-07-23
Chatsworth Maunknowngement,4.15,1,2016-05-04,Consumer Internet,Seed,Delhi,0.5,2.0,2016-05-04
Itw Digital,4.15,1,2016-05-04,Consumer Internet,Seed,Delhi,0.5,2.0,2016-05-04
Sucseed Ventures,4.15,1,2022-03-17,Information Technology &,Unknown,Bhopal,0.33,3.0,2022-03-17
Aroa Venture Partners,4.15,1,2025-07-26,Travel,Pre-Seed,Mumbai,1.0,1.0,2025-07-26
Anuj Ahuja,4.15,1,2021-10-16,Fintech,Unknown,Delhi,0.33,3.0,2021-10-16
Naveen Agarwal,4.15,1,2025-02-27,Ai,Seed,Bangalore,0.5,2.0,2025-02-27
We Founder Circle (Wfc),4.15,1,2025-02-01,Logistics,Seed,Gurgaon,0.5,2.0,2025-02-01
Aditya,4.15,1,2021-10-16,Fintech,Unknown,Delhi,0.33,3.0,2021-10-16
Credika And Ununknownmed Angel Investors,4.15,1,2018-05-10,Fintech,Other,Bangalore,1.0,1.0,2018-05-10
Cio Angel Network,4.15,1,2016-06-19,Consumer Internet,Private Equity,Delhi,0.5,2.0,2016-06-19
Tvs Capital Funds And Athera Venture Partners,4.15,1,2022-11-05,Information&Technology,Series A,Bangalore,1.0,1.0,2022-11-05
Investment Trust Of India,4.15,1,2020-04-26,Other,Unknown,Bangalore,1.0,1.0,2020-04-26
Dr Ranjan Pai,4.15,1,2022-02-05,Information Technology &,Pre-Series A,Bangalore,0.33,3.0,2022-02-05
Evonexus,4.15,1,2020-10-04,Ai,Bridge,Irvine,0.5,2.0,2020-10-04
Ritesh Agarwal And Vijay Shekhar Sharma,4.15,1,2022-05-08,Broadcasting,Series A,Nan,1.0,1.0,2022-05-08
Iim Calcutta Innovation Park,4.15,2,2021-11-13,"B2B, Fintech",Unknown,"Delhi, Hyderabad",0.5,2.0,2021-11-13
Ah! Ventures High Tables,4.15,1,2021-08-09,Sportstech,Pre-Series A,Bangalore,1.0,1.0,2021-08-09
Angel Investors (Uday Sodhi,4.15,1,2025-02-15,Gaming Commerce,Seed,Gurgaon,0.14,7.0,2025-02-15
Ankit Das),4.15,1,2025-02-15,Gaming Commerce,Seed,Gurgaon,0.14,7.0,2025-02-15
Krs Jamwal,4.15,1,2025-02-15,Gaming Commerce,Seed,Gurgaon,0.14,7.0,2025-02-15
Himanshu Bhagat,4.15,1,2022-02-05,Information Technology &,Pre-Series A,Bangalore,0.33,3.0,2022-02-05
Pratham Mittal,4.15,1,2025-02-15,Gaming Commerce,Seed,Gurgaon,0.14,7.0,2025-02-15
Rajit Bhattacharya,4.15,1,2025-02-15,Gaming Commerce,Seed,Gurgaon,0.14,7.0,2025-02-15
Pankaj Fitkariwala,4.15,1,2022-02-05,Information Technology &,Pre-Series A,Bangalore,0.33,3.0,2022-02-05
Gautam Gurunknownni,4.15,1,2022-02-07,Edtech,Unknown,Mumbai,0.25,4.0,2022-02-07
Instalabs,4.15,1,2016-08-02,Consumer Internet,Seed,Gurgaon,1.0,1.0,2016-08-02
Sharad Sharma,4.15,1,2016-08-18,Consumer Internet,Seed,Bangalore,0.33,3.0,2016-08-18
14 Others,4.15,1,2016-08-18,Consumer Internet,Seed,Bangalore,0.33,3.0,2016-08-18
Vikas Gautam,4.15,1,2025-02-27,Ai,Seed,Bangalore,0.5,2.0,2025-02-27
Sudhir Aunknownndarao,4.15,1,2016-03-23,Consumer Internet,Seed,Bangalore,0.2,5.0,2016-03-23
Rockstart,4.15,1,2020-11-14,Agritech,Pre-Seed,Gurgaon,0.5,2.0,2020-11-14
Indochine Interunknowntiounknownl,4.15,1,2017-01-03,Consumer Internet,Private Equity,Bangalore,1.0,1.0,2017-01-03
Wealth First,4.15,1,2015-08-04,Loyalty Programs & Reward Points,Private Equity,Mumbai,0.33,3.0,2015-08-04
Lomesh Agarwal,4.15,1,2017-04-02,Consumer Internet,Seed,Delhi,0.2,5.0,2017-04-02
Internet Group,4.15,1,2015-11-20,Mobile Growth Hackingnplatform,Seed,Hyderabad,0.14,7.0,2015-11-20
Pablo Van Den Bosch,4.15,1,2017-04-02,Consumer Internet,Seed,Delhi,0.2,5.0,2017-04-02
Sekhar Puli,4.15,1,2020-01-16,Agritech,Unknown,Gurgaon,1.0,1.0,2020-01-16
Raveen Sastry (Counknownfounder,4.15,1,2019-08-22,Consumer Goods,Seed,Bangalore,0.2,5.0,2019-08-22
Nativelead Foundation,4.15,1,2020-12-05,Ecommerce,Unknown,Tirunelveli,1.0,1.0,2020-12-05
Ortella Global Capital (Og Capital),4.15,1,2024-12-18,Media And Entertainment,Pre-Series A,Bangalore,1.0,1.0,2024-12-18
Ashim Mehra,4.15,1,2015-11-20,Mobile Growth Hackingnplatform,Seed,Hyderabad,0.14,7.0,2015-11-20
Viswaunknownth Ramachandran,4.15,1,2015-08-07,Securityxc2Xa0 Testing,Seed,Mumbai,0.25,4.0,2015-08-07
Ripplewave,4.15,1,2015-08-07,Securityxc2Xa0 Testing,Seed,Mumbai,0.25,4.0,2015-08-07
Prashant Pansare,4.15,1,2021-10-25,Fintech,Pre-Seed,Bangalore,0.5,2.0,2021-10-25
Aig Direct Llc,4.15,1,2024-08-03,Edtech,Pre-Series A,Gurgaon,0.5,2.0,2024-08-03
Rahul Mehta,4.15,2,2022-03-19,"Consumer Internet, Internet Publishing",Seed,"Mumbai, Jaipur",0.27,4.0,2022-03-19
Hindustan Talkies,4.15,1,2021-03-01,Gaming,Unknown,Mumbai,0.5,2.0,2021-03-01
Atul Phadnis,4.15,1,2015-08-04,Loyalty Programs & Reward Points,Private Equity,Mumbai,0.33,3.0,2015-08-04
Myntra) And Mitesh Shah (Fiunknownnce Chief,4.15,1,2019-08-22,Consumer Goods,Seed,Bangalore,0.2,5.0,2019-08-22
Fundnel,4.15,1,2016-04-03,Consumer Internet,Seed,Mumbai,0.5,2.0,2016-04-03
Social Alpha (India),4.15,1,2020-10-20,Agritech,Seed,Bangalore,0.5,2.0,2020-10-20
Hirokazu,4.15,1,2015-07-26,Hyperlocal Grocery,Private Equity,Gurgaon,0.33,3.0,2015-07-26
Contcentric,4.15,1,2021-01-12,Legaltech,Unknown,Ahmedabad,1.0,1.0,2021-01-12
Newfort Capital,4.15,1,2018-01-23,Technology,Other,Bangalore,0.5,2.0,2018-01-23
Nihon Kotsu,4.15,1,2015-08-14,Taxi Rental,Private Equity,Gurgaon,1.0,1.0,2015-08-14
Jai Choi,4.15,1,2015-07-26,Hyperlocal Grocery,Private Equity,Gurgaon,0.33,3.0,2015-07-26
Kiyohiro Sugashita,4.15,1,2015-07-26,Hyperlocal Grocery,Private Equity,Gurgaon,0.33,3.0,2015-07-26
Brand Capital And Others,4.15,1,2018-07-03,Healthcare,Other,Bangalore,1.0,1.0,2018-07-03
Rishi Parti,4.15,1,2015-12-11,Medical Consultation & Doctor Appointment Booking,Private Equity,Gurgaon,0.5,2.0,2015-12-11
Brahmax Ventures,4.15,1,2015-12-11,Medical Consultation & Doctor Appointment Booking,Private Equity,Gurgaon,0.5,2.0,2015-12-11
Karunknowntaka Semiconductor Venture Capital Firm,4.15,1,2015-11-07,Smartwatch Maker,Seed,Belgaum,1.0,1.0,2015-11-07
Roha Investment Maunknowngers,4.15,1,2021-06-09,Innovation Management,Pre-Series A,Mumbai,0.5,2.0,2021-06-09
Hungama,4.15,1,2021-03-01,Gaming,Unknown,Mumbai,0.5,2.0,2021-03-01
Rashmi Daga (Founder,4.15,1,2019-08-22,Consumer Goods,Seed,Bangalore,0.2,5.0,2019-08-22
Koen Bouwers,4.15,1,2017-04-02,Consumer Internet,Seed,Delhi,0.2,5.0,2017-04-02
Angel Investor Saumil Shah,4.15,1,2021-06-09,Innovation Management,Pre-Series A,Mumbai,0.5,2.0,2021-06-09
Bookmyshow),4.15,1,2019-08-22,Consumer Goods,Seed,Bangalore,0.2,5.0,2019-08-22
Sandiep Shrivatsava,4.15,1,2015-05-03,Online Table Reservation,Seed,Bangalore,1.0,1.0,2015-05-03
Srinivas Tirupati,4.15,1,2015-06-02,Architectural Design & Consulting,Seed,Hyderabad,1.0,1.0,2015-06-02
Gaurav Sharma,4.15,1,2015-08-07,Securityxc2Xa0 Testing,Seed,Mumbai,0.25,4.0,2015-08-07
Supermorpheus And Eagle10 Ventures,4.15,1,2022-02-19,Healthcare,Unknown,Noida,0.5,2.0,2022-02-19
Pankaj Agrawal,4.15,1,2022-02-19,Healthcare,Unknown,Noida,0.5,2.0,2022-02-19
Keshav Sanghi,4.15,1,2015-10-23,Job Board,Seed,Mumbai,0.25,4.0,2015-10-23
\\Xc2\\Xa0 Group Of Other Angel Investors,4.15,1,2015-08-01,Ecommerce,Seed,Noida,0.2,5.0,2015-08-01
Tahseen Consulting,4.15,1,2021-02-17,Healthcare,Unknown,Hyderabad,0.5,2.0,2021-02-17
Riddhesh Gandhi,4.15,1,2015-10-23,Job Board,Seed,Mumbai,0.25,4.0,2015-10-23
Mount Nathan Advisors Pte Ltd,4.15,1,2015-11-02,Auto Insurance Online,Seed,Gurgaon,1.0,1.0,2015-11-02
Mohit Lalvani,4.15,1,2016-08-23,Ecommerce,Seed,Mumbai,1.0,1.0,2016-08-23
Venture Nursery Angels Mumbai Angels,4.15,1,2015-02-10,Other,Other,Nan,0.5,2.0,2015-02-10
Satyen Kothari,4.15,1,2015-10-23,Job Board,Seed,Mumbai,0.25,4.0,2015-10-23
Shailesh Singh,4.15,1,2015-08-12,Hotel Booking,Seed,Noida,0.33,3.0,2015-08-12
\\Xc2\\Xa0 Mohit Saxeunknown,4.15,1,2015-11-20,Mobile Growth Hackingnplatform,Seed,Hyderabad,0.14,7.0,2015-11-20
Jeroen Mensen,4.15,1,2017-04-02,Consumer Internet,Seed,Delhi,0.2,5.0,2017-04-02
Tnn Capital And Others,4.15,1,2015-11-20,Mobile Growth Hackingnplatform,Seed,Hyderabad,0.14,7.0,2015-11-20
Virenxia Group,4.15,1,2021-09-23,Fintech,Seed,Bangalore,0.33,3.0,2021-09-23
Anshu Sharma,4.15,1,2015-06-25,Analytics,Seed,Bangalore,0.2,5.0,2015-06-25
Mercury Fund,4.15,1,2015-06-25,Analytics,Seed,Bangalore,0.2,5.0,2015-06-25
Rajesh Jain,4.15,1,2021-09-23,Fintech,Seed,Bangalore,0.33,3.0,2021-09-23
Pratyush Prasanunknown,4.15,1,2015-06-25,Analytics,Seed,Bangalore,0.2,5.0,2015-06-25
Robert Winters,4.15,1,2015-06-25,Analytics,Seed,Bangalore,0.2,5.0,2015-06-25
Sab Holdings,4.15,1,2021-07-03,Human Resources,Unknown,Pune,1.0,1.0,2021-07-03
Ghv Accelerator,4.15,3,2016-11-11,"On Demand Mobile Developer, Car Maintenance & Management Mobile, Ondemand Washing & Drycleaning",Seed,"Delhi, Kolkata, Gurgaon",0.88,1.25,2016-11-11
Mr. Manoj Prasad,4.15,1,2018-04-14,Consumer Internet,Other,Delhi,1.0,1.0,2018-04-14
Pavan Bakeri,4.15,1,2017-04-08,Consumer Internet,Seed,Ahmedabad,0.5,2.0,2017-04-08
Mike Galgon,4.15,1,2015-11-20,Mobile Growth Hackingnplatform,Seed,Hyderabad,0.14,7.0,2015-11-20
Freshmenu),4.15,1,2019-08-22,Consumer Goods,Seed,Bangalore,0.2,5.0,2019-08-22
Keyur Joshi,4.15,1,2017-04-08,Consumer Internet,Seed,Ahmedabad,0.5,2.0,2017-04-08
Al Dhaheri Family,4.15,1,2017-02-06,Ecommerce,Private Equity,Bangalore,1.0,1.0,2017-02-06
Ness Wadia,4.07,1,2015-11-14,Event Ticketing,Private Equity,Pune,0.33,3.0,2015-11-14
Quarizon,4.05,3,2016-12-23,"Consumer Internet, Food",Seed,"Noida, Mumbai, Delhi",0.83,1.33,2016-12-23
Rainforest Ventures,4.03,1,2019-11-24,Healthcare,Series B,Gurgaon,0.5,2.0,2019-11-24
Viunknowny Jain,4.0,1,2025-01-23,Agetech,Pre-Seed,Bangalore,0.25,4.0,2025-01-23
Iit Madras Incubation Cell (Iitmic),4.0,1,2024-10-12,Other,Seed,Nan,0.33,3.0,2024-10-12
Goel Group,4.0,1,2024-10-12,Other,Seed,Nan,0.33,3.0,2024-10-12
And Daimler India Commercial Vehicles (Dicv),4.0,1,2024-10-12,Other,Seed,Nan,0.33,3.0,2024-10-12
Tudip Ventures,4.0,1,2025-01-16,D2C Ethnic Wear,Seed,Delhi,0.25,4.0,2025-01-16
Tie,4.0,1,2024-11-27,3D Geospatial,Pre-Series A,Kolkata,0.33,3.0,2024-11-27
Vatvistaar Ventures,4.0,1,2024-11-27,3D Geospatial,Pre-Series A,Kolkata,0.33,3.0,2024-11-27
Dfan,4.0,1,2024-10-25,Energy Analytics,Seed,Gurgaon,0.25,4.0,2024-10-25
Manish Dureja,4.0,1,2025-01-23,Agetech,Pre-Seed,Bangalore,0.25,4.0,2025-01-23
Jito Incubation And Innovation Foundation (Jiif) And Family Offices,4.0,1,2025-05-18,Storage,Growth,Noida,1.0,1.0,2025-05-18
Spectrum Impact (Aarti Industries Family Office),4.0,1,2024-11-16,Electric Vehicles,Seed,Chennai,0.33,3.0,2024-11-16
Rohit Rajput,4.0,1,2024-10-25,Energy Analytics,Seed,Gurgaon,0.25,4.0,2024-10-25
Srikar Reddy (Ian Angel),4.0,1,2024-10-25,Energy Analytics,Seed,Gurgaon,0.25,4.0,2024-10-25
Peakxv Spark,4.0,1,2024-12-16,Fintech,Pre-Seed,Nan,0.33,3.0,2024-12-16
Eaglewings Ventures,4.0,1,2024-12-16,Fintech,Pre-Seed,Nan,0.33,3.0,2024-12-16
Guunknownvanth Vaid,3.91,1,2020-07-16,Beverage,Unknown,Chennai,0.33,4.0,2020-07-16
Rtaf,3.9,1,2024-08-25,Ai,Seed,Gurgaon,0.2,5.0,2024-08-25
Mirah Hospitality,3.9,1,2015-07-08,Online Foodtech,Seed,Mumbai,1.0,1.0,2015-07-08
Subhash Goyal,3.9,1,2015-05-11,Healthcare,Seed,Bangalore,1.0,1.0,2015-05-11
Nagaraja Prakasam,3.9,1,2020-01-12,Agritech,Unknown,Kochi,0.5,2.0,2020-01-12
Anicut,3.9,1,2024-08-25,Ai,Seed,Gurgaon,0.2,5.0,2024-08-25
Keiretsu,3.9,1,2024-08-25,Ai,Seed,Gurgaon,0.2,5.0,2024-08-25
Ccavenue,3.87,1,2017-05-20,Consumer Internet,Private Equity,Mumbai,0.5,2.0,2017-05-20
Ankit Aditya,3.85,1,2017-07-05,Consumer Internet,Seed,Mumbai,0.25,4.0,2017-07-05
Moksh Sports Ventures,3.85,1,2017-07-05,Consumer Internet,Seed,Mumbai,0.25,4.0,2017-07-05
Sourav Ganguly,3.85,1,2017-07-05,Consumer Internet,Seed,Mumbai,0.25,4.0,2017-07-05
Sheth Family Office,3.83,1,2025-06-20,Ecommerce,Pre-Series A,Mumbai,0.33,3.0,2025-06-20
I'N Angel Fund,3.79,1,2025-08-05,Ecommerce,Seed,Bangalore,1.0,1.0,2025-08-05
Calance Corporation),3.76,1,2025-09-08,Enterprise,Pre-Series A,Delhi,0.5,2.0,2025-09-08
Bioangels (Ian Group),3.76,1,2025-09-14,Healthcare,Unknown,Lucknow,1.0,1.0,2025-09-14
Calance Software; Amit Govil (Chairman,3.76,1,2025-09-08,Enterprise,Pre-Series A,Delhi,0.5,2.0,2025-09-08
Zee Media,3.75,1,2024-10-20,Vernacular Dating,Other,Kolkata,1.0,1.0,2024-10-20
Anirudh Damani,3.74,2,2016-05-08,"Consumer Internet, Technology",Seed,"Bangalore, Mumbai",0.33,4.0,2016-05-08
Rukam Sitara,3.74,1,2025-06-13,Logistics,Seed,Delhi,0.5,2.0,2025-06-13
Mahindra Holidays,3.73,1,2016-10-05,Ecommerce,Private Equity,Bangalore,0.5,2.0,2016-10-05
Virendra Patel,3.73,1,2016-10-19,Technology,Seed,Ahmedabad,1.0,1.0,2016-10-19
Pk Gulati,3.73,1,2015-10-21,Public Commute Helper,Seed,Mumbai,0.33,3.0,2015-10-21
Basab Pradhan,3.73,1,2018-06-24,Fintech,Other,Noida,0.25,4.0,2018-06-24
Resorts India Ltd,3.73,1,2016-10-05,Ecommerce,Private Equity,Bangalore,0.5,2.0,2016-10-05
Roopak Saluja,3.73,1,2016-05-02,Consumer Internet,Seed,Bangalore,0.5,2.0,2016-05-02
Vivek Khare And Bijoy George,3.73,1,2018-06-24,Fintech,Other,Noida,0.25,4.0,2018-06-24
Unknown High Netunknownworth Individuals,3.73,1,2018-05-17,Fintech,Other,Chennai,1.0,1.0,2018-05-17
Amit Nagar,3.73,1,2016-09-27,Consumer Internet,Seed,Noida,0.5,2.0,2016-09-27
Havya Sharma,3.73,1,2016-09-27,Consumer Internet,Seed,Noida,0.5,2.0,2016-09-27
Roy Kwan,3.72,1,2016-09-05,Consumer Internet,Seed,Mumbai,0.2,5.0,2016-09-05
Shubham Gupta,3.72,1,2016-09-05,Consumer Internet,Seed,Mumbai,0.2,5.0,2016-09-05
Augment Ventures,3.72,1,2016-09-05,Consumer Internet,Seed,Mumbai,0.2,5.0,2016-09-05
Sreenivasa Reddy Musani,3.72,1,2016-06-28,Consumer Internet,Seed,Hyderabad,1.0,1.0,2016-06-28
Nikhil Golcha,3.72,1,2016-09-05,Consumer Internet,Seed,Mumbai,0.2,5.0,2016-09-05
Rahul Kayan,3.72,1,2016-09-05,Consumer Internet,Seed,Mumbai,0.2,5.0,2016-09-05
Umang Kumar,3.69,1,2016-01-05,Consumer Internet,Seed,Delhi,1.0,1.0,2016-01-05
100X Vc,3.68,2,2020-12-01,"Saas, Virtual Auditing","Pre-Series A, Unknown","Delhi, Bangalore",0.75,1.5,2020-12-01
India Quotient And Others,3.66,1,2017-01-28,Consumer Internet,Seed,Delhi,1.0,1.0,2017-01-28
Rahul Khanunknown,3.66,2,2018-07-10,"Technology, Internet Of Things","Other, Seed",Gurgaon,0.29,3.5,2018-07-10
\\Xc2\\Xa0 Ramkumar Nishtal,3.65,1,2016-12-28,Consumer Internet,Seed,Bangalore,0.17,6.0,2016-12-28
Vikram Kotak,3.65,1,2016-12-28,Consumer Internet,Seed,Bangalore,0.17,6.0,2016-12-28
Mj Aravind,3.65,1,2016-12-28,Consumer Internet,Seed,Bangalore,0.17,6.0,2016-12-28
Jayant Davar,3.65,1,2016-12-28,Consumer Internet,Seed,Bangalore,0.17,6.0,2016-12-28
Arjun Sharmaa,3.65,1,2016-12-28,Consumer Internet,Seed,Bangalore,0.17,6.0,2016-12-28
Chief Operating Office At Idfc Bank,3.63,1,2018-07-23,Consumer Internet,Other,Gurgaon,0.25,4.0,2018-07-23
Aditya Malik,3.63,1,2018-07-23,Consumer Internet,Other,Gurgaon,0.25,4.0,2018-07-23
Hemant Luthra,3.62,1,2018-07-01,Technology,Other,Bangalore,0.33,3.0,2018-07-01
Micro Venture Capital Firm Gems Partners And Others,3.62,1,2018-07-01,Technology,Other,Bangalore,0.33,3.0,2018-07-01
Beehive Capital Advisor,3.57,1,2019-04-09,Ecommerce,Private Equity,Bhopal,0.25,4.0,2019-04-09
Parekh Marine Transport,3.57,1,2019-04-09,Ecommerce,Private Equity,Bhopal,0.25,4.0,2019-04-09
Abcom Investments,3.57,1,2019-04-09,Ecommerce,Private Equity,Bhopal,0.25,4.0,2019-04-09
Unilever,3.57,1,2019-04-09,Ecommerce,Private Equity,Bhopal,0.25,4.0,2019-04-09
Nalin Jain,3.53,2,2015-09-21,"Exam Preparation, Study Material",Seed,Delhi,0.38,3.0,2015-09-21
Battery Road Digital Holdings Llc,3.5,1,2017-09-12,Consumer Internet,Seed,Bangalore,1.0,1.0,2017-09-12
Peerplays,3.49,1,2020-02-15,Edtech,Unknown,Nan,1.0,1.0,2020-02-15
Beardo,3.44,1,2022-01-09,D2C,Seed,Delhi,0.33,3.0,2022-01-09
Renee Cosmetics,3.44,1,2022-01-09,D2C,Seed,Delhi,0.33,3.0,2022-01-09
Epigamia,3.44,1,2022-01-09,D2C,Seed,Delhi,0.33,3.0,2022-01-09
T V Mohandas Pai,3.41,2,2015-02-28,Other,Other,Nan,0.42,2.5,2015-02-28
Ram Kumar Kakani,3.36,1,2017-01-06,"Healthcare, Consumer Internet",Seed,Bangalore,0.2,5.5,2017-01-06
Manish Aggarwal,3.33,2,2021-06-26,"Consulting, Fintech",Seed,"Delhi, Noida",0.5,2.0,2021-06-26
Manipal Technologies.,3.32,1,2021-08-22,Technology,Pre-Seed,Bangalore,0.25,4.0,2021-08-22
Neeraj Jawalkar,3.32,1,2015-11-16,Online Counselling And Psychological Support,Seed,Gwalior,0.14,7.0,2015-11-16
Deepak Natraj,3.32,1,2017-02-21,Consumer Internet,Seed,Bangalore,0.11,9.0,2017-02-21
Sea Fund,3.32,1,2021-08-05,Retail,"Unknown, Pre-Series A",Kochi,0.33,3.0,2021-08-05
Yatra Angel Network (Yan),3.32,1,2021-08-22,Technology,Pre-Seed,Bangalore,0.25,4.0,2021-08-22
Naveen Tiwari,3.32,1,2015-06-28,Hyperlocal Handyman,Seed,Mumbai,0.2,5.0,2015-06-28
Opus Consulting,3.32,1,2021-08-22,Technology,Pre-Seed,Bangalore,0.25,4.0,2021-08-22
\\Xc2\\Xa0 91Springboard,3.32,1,2015-04-15,Interactive Educational Games,Seed,Jaipur,0.33,3.0,2015-04-15
Sanjay Aunknownndaram,3.32,1,2015-11-16,Online Counselling And Psychological Support,Seed,Gwalior,0.14,7.0,2015-11-16
Mahesh Murthy,3.32,1,2017-02-21,Consumer Internet,Seed,Bangalore,0.11,9.0,2017-02-21
Bitkemy Ventures,3.32,1,2016-06-09,Technology,Seed,Bangalore,1.0,1.0,2016-06-09
Piyush Shah,3.32,1,2015-06-28,Hyperlocal Handyman,Seed,Mumbai,0.2,5.0,2015-06-28
Raj Y,3.32,1,2016-02-28,Consumer Internet,Seed,Hyderabad,0.33,3.0,2016-02-28
Mohit Saxeunknown,3.32,1,2015-06-28,Hyperlocal Handyman,Seed,Mumbai,0.2,5.0,2015-06-28
Manish Dugar,3.32,1,2015-06-28,Hyperlocal Handyman,Seed,Mumbai,0.2,5.0,2015-06-28
Devdatt Shah,3.32,1,2021-08-05,Retail,"Unknown, Pre-Series A",Kochi,0.33,3.0,2021-08-05
Green House Ventures (Ghv),3.32,4,2016-02-17,"Consumer Internet, Ecommerce",Seed,"Delhi, Gurgaon, Noida",1.0,1.0,2016-02-17
Suresh Venkat,3.32,1,2016-02-28,Consumer Internet,Seed,Hyderabad,0.33,3.0,2016-02-28
Tenzor Capital,3.32,1,2021-09-06,Fintech,Seed,Hyderabad,0.33,3.0,2021-09-06
Varun Aggarwal,3.32,1,2016-02-28,Consumer Internet,Seed,Hyderabad,0.33,3.0,2016-02-28
Astir Vc,3.32,1,2022-01-27,Edtech,Unknown,Mumbai,0.33,3.0,2022-01-27
Murugappa Group Company,3.32,1,2022-01-03,Machinery,Seed,Chennai,0.5,2.0,2022-01-03
Oswal Techno Ventures Llp,3.32,1,2015-10-16,Online Student & Campus Social Networking,Seed,Ahmedabad,1.0,1.0,2015-10-16
Nothing Research,3.32,1,2021-09-06,Fintech,Seed,Hyderabad,0.33,3.0,2021-09-06
Tube Investment Of India,3.32,1,2022-01-03,Machinery,Seed,Chennai,0.5,2.0,2022-01-03
Nueva,3.32,1,2021-10-12,Consumer Goods,Seed,Gurgaon,1.0,1.0,2021-10-12
Old Fashion Research,3.32,1,2021-09-06,Fintech,Seed,Hyderabad,0.33,3.0,2021-09-06
Arts Alliance,3.32,1,2018-08-24,Food,Other,Bangalore,0.2,5.0,2018-08-24
Sajan Pillai,3.32,1,2020-01-07,Food & Nutrition,Unknown,Bangalore,0.5,2.0,2020-01-07
Richard Rekhy,3.32,1,2021-03-23,Edtech,Seed,Delhi,1.0,1.0,2021-03-23
Girish Matrubootham,3.32,1,2015-09-04,Employee Onboarding & Orientation,Seed,Noida,0.2,5.0,2015-09-04
The Syndicate Fund,3.32,1,2018-08-24,Food,Other,Bangalore,0.2,5.0,2018-08-24
Bhavdeep Reddy,3.32,1,2015-09-18,Online Interior Designing,Seed,Bangalore,1.0,1.0,2015-09-18
Letsventure Investors,3.32,1,2015-08-27,Ondemand Beauty,Seed,Mumbai,0.33,3.0,2015-08-27
Zeroth And Artesian Venture Partners,3.32,1,2018-08-24,Food,Other,Bangalore,0.2,5.0,2018-08-24
Muthu Krishunknownn,3.32,1,2020-01-07,Food & Nutrition,Unknown,Bangalore,0.5,2.0,2020-01-07
Puneet Agarwal,3.32,1,2016-03-18,Healthcare,Seed,Bangalore,0.17,6.0,2016-03-18
Blume Founder Fund,3.32,1,2021-12-27,Industrial Automation,Unknown,Bangalore,0.5,2.0,2021-12-27
Better Capital And Acce,3.32,1,2022-09-01,Crypto Currency,Seed,Bangalore,1.0,1.0,2022-09-01
Syed Firdous Hussain,3.32,1,2022-03-19,Internet Publishing,Pre-Seed,Bangalore,0.5,2.0,2022-03-19
Gayatri Nikkam,3.32,1,2022-03-19,Internet Publishing,Pre-Seed,Bangalore,0.5,2.0,2022-03-19
Jaydeep Barman,3.32,1,2021-05-13,Sports,Seed,Gurgaon,0.5,2.0,2021-05-13
Sven Hensen,3.32,1,2018-08-24,Food,Other,Bangalore,0.2,5.0,2018-08-24
Kallol Banerjee,3.32,1,2021-05-13,Sports,Seed,Gurgaon,0.5,2.0,2021-05-13
Family Office Of Kantamaneni,3.32,1,2021-11-13,Fintech,Unknown,Hyderabad,0.5,2.0,2021-11-13
Ajmera Group Of Companies,3.32,1,2015-08-28,Professional Appointment Booking,Seed,Mumbai,1.0,1.0,2015-08-28
100X.Vc﻿,3.32,1,2021-08-23,Edtech,Pre-Seed,Panaji,0.25,4.0,2021-08-23
Gaurav Mandlecha,3.32,1,2021-08-23,Edtech,Pre-Seed,Panaji,0.25,4.0,2021-08-23
Rahul Mathur,3.32,1,2021-08-23,Edtech,Pre-Seed,Panaji,0.25,4.0,2021-08-23
Habitat For Humanity Interunknowntiounknownl,3.32,1,2021-10-12,Mechanical Or Industrial Engineering,Unknown,Chennai,1.0,1.0,2021-10-12
Vineet Kumar And Deep Gupta,3.32,1,2022-07-10,Construction,Seed,Kochi,1.0,1.0,2022-07-10
﻿ Titan Capital,3.32,1,2021-08-23,Edtech,Pre-Seed,Panaji,0.25,4.0,2021-08-23
Sunil Kamath,3.32,1,2020-12-03,Video Sharing,Unknown,Gurgaon,0.5,2.0,2020-12-03
Indus Initiatives,3.32,1,2022-01-10,Edtech,Seed,Bangalore,1.0,1.0,2022-01-10
Smile Multimedia,3.32,1,2015-09-04,Employee Onboarding & Orientation,Seed,Noida,0.2,5.0,2015-09-04
Florinetree Advisors,3.32,1,2022-07-08,Fashion,Series A,Bangalore,1.0,1.0,2022-07-08
Paradigm Shift Vc,3.32,1,2021-10-24,Human Resources,Seed,Bangalore,0.33,3.0,2021-10-24
Veginvest,3.32,1,2020-01-23,Dairy,Seed,Bangalore,0.25,4.0,2020-01-23
Grex.In,3.32,2,2016-05-16,Technology,Seed,"Pune, Chennai",1.0,1.0,2016-05-16
Viraj Tyagi,3.32,1,2016-10-06,"Online Art, Ecommerce",Seed,Gurgaon,0.5,2.0,2016-10-06
Goodwater Capital And Angellist Quant Fund,3.32,1,2022-08-18,Videogames,Seed,Nan,1.0,1.0,2022-08-18
Farm To Fork,3.32,1,2018-08-24,Food,Other,Bangalore,0.2,5.0,2018-08-24
Jagadeesh Atukuri,3.32,1,2021-10-24,Sports,Pre-Seed,Mumbai,0.5,2.0,2021-10-24
Darq Capital,3.32,1,2021-10-24,Sports,Pre-Seed,Mumbai,0.5,2.0,2021-10-24
Toyoda Gosei / Beyond Next Ventures,3.32,1,2025-10-20,Chemicals And Materials > Polymers,Series B,Nan,1.0,1.0,2025-10-20
Sandeep Singh,3.32,1,2020-01-23,Dairy,Seed,Bangalore,0.25,4.0,2020-01-23
Elisa Khong,3.32,1,2020-01-23,Dairy,Seed,Bangalore,0.25,4.0,2020-01-23
Ginni Interunknowntiounknownl,3.32,1,2020-01-23,Dairy,Seed,Bangalore,0.25,4.0,2020-01-23
Ram Bhamidi,3.3,1,2024-11-12,Online Dispute Resolution,Pre-Series A,Bangalore,0.2,5.0,2024-11-12
Rahul Guptan,3.3,1,2024-11-12,Online Dispute Resolution,Pre-Series A,Bangalore,0.2,5.0,2024-11-12
Murali Subramanian,3.3,1,2024-11-12,Online Dispute Resolution,Pre-Series A,Bangalore,0.2,5.0,2024-11-12
Aneesh Garg,3.3,1,2024-11-12,Online Dispute Resolution,Pre-Series A,Bangalore,0.2,5.0,2024-11-12
Riqueza Capital,3.2,1,2015-11-16,Quick Restaurant & Online Delivery,Seed,Mumbai,1.0,1.0,2015-11-16
Ivyleague Ventures,3.2,1,2024-10-04,Assistive Devices,Seed,Bangalore,0.33,3.0,2024-10-04
Krishunknownkumar Natarajan,3.2,1,2017-08-15,Consumer Internet,Seed,Bangalore,0.33,3.0,2017-08-15
Ravi Bhardwaj,3.2,1,2017-08-15,Consumer Internet,Seed,Bangalore,0.33,3.0,2017-08-15
Early Seed Ventures,3.2,1,2024-10-21,Genai Saas,Pre-Seed,Mumbai,0.33,3.0,2024-10-21
Ojas Ventures,3.17,1,2017-03-22,Technology,Seed,Bangalore,1.0,1.0,2017-03-22
Teruhide Sato (In Addition To Mks Switzerland,3.15,1,2015-01-28,Other,Other,Nan,0.25,4.0,2015-01-28
Japan,3.15,1,2015-01-28,Other,Other,Nan,0.25,4.0,2015-01-28
Kris Gopalkrishunknownn),3.15,1,2015-01-28,Other,Other,Nan,0.25,4.0,2015-01-28
50K Ventures,3.15,2,2016-04-03,"Virtual Reality Headset Creator, Consumer Internet",Seed,"Bangalore, Hyderabad",0.67,2.0,2016-04-03
Dena Co.,3.15,1,2015-01-28,Other,Other,Nan,0.25,4.0,2015-01-28
Ashish Chand,3.11,1,2017-02-25,Consumer Internet,Seed,Gurgaon,0.17,6.0,2017-02-25
Chandigarh Angels,3.11,1,2017-02-25,Consumer Internet,Seed,Gurgaon,0.17,6.0,2017-02-25
Sachin Khandelwal And Others,3.11,1,2016-08-25,Logistics,Seed,Indore,0.5,2.0,2016-08-25
Rohit,3.11,1,2017-02-25,Consumer Internet,Seed,Gurgaon,0.17,6.0,2017-02-25
Sunil Singh,3.11,1,2017-02-25,Consumer Internet,Seed,Gurgaon,0.17,6.0,2017-02-25
Group Of Undisclosed Angel Investors,3.11,1,2016-05-21,Consumer Internet,Seed,Bangalore,0.5,2.0,2016-05-21
Gaurav Gupta,3.11,1,2021-05-22,Fintech,"Seed, Unknown",Bangalore,0.32,4.5,2021-05-22
Villgro Innovations Foundations,3.11,1,2022-03-10,Building Materials,Seed,Delhi,0.33,3.0,2022-03-10
Farooq Adam Mukadam,3.07,1,2016-01-12,Fmcg,Seed,Mumbai,0.2,5.0,2016-01-12
Neeraj Goenka,3.07,1,2016-01-12,Fmcg,Seed,Mumbai,0.2,5.0,2016-01-12
Gems Advisory,3.06,2,2018-04-22,Consumer Internet,"Other, Seed",Delhi,0.5,2.0,2018-04-22
Pv Srinivasan,3.04,1,2017-01-18,Consumer Internet,Seed,Pune,0.33,3.0,2017-01-18
Sameer Mehta,3.0,1,2022-02-02,Hospital & Health Care,Unknown,Mumbai,0.33,3.0,2022-02-02
With Participation From Nobody Ventures And Eagle Wings Ventures,3.0,1,2025-01-16,D2C Handloom Clothing,Unspecified Round,Delhi,0.2,5.0,2025-01-16
Mamaearth) And Dhruv Koli (Founder,3.0,1,2025-01-16,D2C Handloom Clothing,Unspecified Round,Delhi,0.2,5.0,2025-01-16
Boba Bhai),3.0,1,2025-01-16,D2C Handloom Clothing,Unspecified Round,Delhi,0.2,5.0,2025-01-16
Along With D2C Founders Ghazal Alagh (Founder,3.0,1,2025-01-16,D2C Handloom Clothing,Unspecified Round,Delhi,0.2,5.0,2025-01-16
Emcure Pharmaceuticals,3.0,1,2022-02-02,Hospital & Health Care,Unknown,Mumbai,0.33,3.0,2022-02-02
Rukam Sitara Fund,3.0,1,2025-06-12,Ai,Pre-Seed,Gurgaon,1.0,1.0,2025-06-12
Infocomm Development Authority Of Singapore,2.99,1,2016-03-24,Consumer Internet,Seed,Hyderabad,0.5,2.0,2016-03-24
Prakash Mody,2.99,1,2025-05-07,Gut Wellness,Seed,Gurgaon,0.33,3.0,2025-05-07
And Jayendra Shah,2.99,1,2025-05-07,Gut Wellness,Seed,Gurgaon,0.33,3.0,2025-05-07
Pix Vine Capital,2.99,1,2016-03-24,Consumer Internet,Seed,Hyderabad,0.5,2.0,2016-03-24
Indian Fintech Fund,2.94,1,2018-01-05,Technology,Other,Bangalore,0.5,2.0,2018-01-05
Hemant Kaul,2.94,1,2017-03-07,"Healthcare, Consumer Internet",Seed,Bangalore,0.2,5.5,2017-03-07
Dg Ventures,2.91,1,2020-07-11,Media,Unknown,Bangalore,0.12,8.0,2020-07-11
Rebright Partners I,2.91,1,2020-07-11,Media,Unknown,Bangalore,0.12,8.0,2020-07-11
Kaunknownmori Assagement Singapore,2.91,1,2020-07-11,Media,Unknown,Bangalore,0.12,8.0,2020-07-11
Ambarish Gupta,2.91,2,2017-12-15,"Ecommerce, Consumer Internet","Other, Seed","Bangalore, Gurgaon",0.2,5.5,2017-12-15
All About Inc,2.91,1,2020-07-11,Media,Unknown,Bangalore,0.12,8.0,2020-07-11
Beenext Pte Led,2.91,1,2020-07-11,Media,Unknown,Bangalore,0.12,8.0,2020-07-11
Rebright Partners Ii,2.91,1,2020-07-11,Media,Unknown,Bangalore,0.12,8.0,2020-07-11
Tetsuro Koda,2.91,1,2020-07-11,Media,Unknown,Bangalore,0.12,8.0,2020-07-11
Wolfpack Labs,2.91,1,2025-07-20,Food,Seed,Gurgaon,1.0,1.0,2025-07-20
Lenskart,2.91,1,2025-07-07,Advanced Hardware & Technology,Unknown,Mumbai,1.0,1.0,2025-07-07
Kwan Entertainment,2.9,1,2016-02-22,Technology,Seed,Delhi,0.25,4.0,2016-02-22
Meri Punji,2.9,1,2025-06-28,Online Grocery,Seed,Delhi,1.0,1.0,2025-06-28
Mohan Alexander,2.9,1,2017-06-21,Consumer Internet,Seed,Bangalore,0.25,4.0,2017-06-21
Amit Sinha,2.9,1,2017-06-21,Consumer Internet,Seed,Bangalore,0.25,4.0,2017-06-21
Qualcomm (Through Qprize Contest),2.9,1,2016-02-19,Technology,Seed,Bangalore,1.0,1.0,2016-02-19
Arun Balakrishunknownn And Xcelerator Venture Partners,2.9,1,2022-04-04,Web Design,Pre-Seed,Pune,1.0,1.0,2022-04-04
Kumar Shwetabh,2.9,1,2015-10-06,Movieondemand,Seed,Nan,0.33,3.0,2015-10-06
Ashish Todi,2.9,1,2015-10-06,Movieondemand,Seed,Nan,0.33,3.0,2015-10-06
Abhiunknownv Patodia,2.9,1,2015-10-06,Movieondemand,Seed,Nan,0.33,3.0,2015-10-06
Marketing Solutions,2.9,1,2016-02-22,Technology,Seed,Delhi,0.25,4.0,2016-02-22
Sangram Singh,2.9,1,2015-09-18,Real Estate Broker,Seed,Delhi,0.2,5.0,2015-09-18
S S Mukherji,2.9,1,2015-04-07,Restaurant Management,Seed,Pune,0.5,2.0,2015-04-07
Vikrant Varshney,2.9,1,2017-06-21,Consumer Internet,Seed,Bangalore,0.25,4.0,2017-06-21
Anglian Omega Network,2.9,1,2016-09-08,Consumer Internet,Seed,Delhi,1.0,1.0,2016-09-08
Big Basket,2.9,1,2020-04-20,Ecommerce,Unknown,Nan,1.0,1.0,2020-04-20
Quake Capital,2.9,1,2017-02-22,Technology,Seed,Nan,1.0,1.0,2017-02-22
Group Of 15 Angel Investors,2.9,1,2015-06-24,Healthy Food Online Community,Seed,Delhi,1.0,1.0,2015-06-24
Nuventures,2.9,1,2024-08-25,Fmcg,Unspecified Round,Bangalore,1.0,1.0,2024-08-25
Vcats,2.9,1,2020-08-07,Ai Health,Unknown,Gurgaon,0.25,4.0,2020-08-07
\\Xc2\\Xa0 Viswaunknownth Ramachandran,2.9,1,2015-06-19,Mobile Compression Software,Seed,Mumbai,0.33,3.0,2015-06-19
R. Natarajan,2.9,1,2017-06-21,Consumer Internet,Seed,Bangalore,0.25,4.0,2017-06-21
Anushka Sharma,2.82,1,2020-02-24,Fintech,Unknown,Bangalore,0.5,2.0,2020-02-24
Gaurav Ahuja,2.82,1,2021-09-16,Food,Pre-Seed,Mumbai,0.33,3.0,2021-09-16
Thefef.Net,2.82,1,2025-10-08,Consumer Goods > Apparel,Seed,Nan,1.0,1.0,2025-10-08
Virat Kohli,2.82,1,2020-02-24,Fintech,Unknown,Bangalore,0.5,2.0,2020-02-24
Siaunknown Capital Maunknowngement,2.82,1,2020-12-10,Agritech,Unknown,Indore,0.5,2.0,2020-12-10
Orient Blackswan,2.79,1,2017-10-04,Technology,Seed,Delhi,1.0,1.0,2017-10-04
Jupiter,2.74,1,2021-07-07,Fintech,Pre-Seed,Hyderabad,1.0,1.0,2021-07-07
Sandeep Seerapu,2.74,1,2016-03-19,Consumer Internet,Private Equity,Hyderabad,0.2,5.0,2016-03-19
Cogent E Services,2.74,1,2015-01-10,Other,Seed,Nan,1.0,1.0,2015-01-10
Mohit Joshi,2.74,1,2017-02-16,Consumer Internet,Seed,Delhi,0.5,2.0,2017-02-16
Rama Krishunknown Reddy,2.74,1,2016-03-19,Consumer Internet,Private Equity,Hyderabad,0.2,5.0,2016-03-19
Bitchemy Ventures,2.74,1,2016-03-19,Consumer Internet,Private Equity,Hyderabad,0.2,5.0,2016-03-19
Maheshwari Investments Pvt Ltd,2.74,1,2016-03-19,Consumer Internet,Private Equity,Hyderabad,0.2,5.0,2016-03-19
Anshoo Gaur,2.74,1,2016-03-19,Consumer Internet,Private Equity,Hyderabad,0.2,5.0,2016-03-19
Triunknowndeep Capital,2.73,1,2020-05-28,Agritech,Seed,Nan,0.33,3.0,2020-05-28
Aravind Sanka,2.73,1,2017-11-19,Technology,Other,Hyderabad,0.5,2.0,2017-11-19
Skycatcher Fund,2.73,1,2017-11-19,Technology,Other,Hyderabad,0.5,2.0,2017-11-19
Velocity,2.72,1,2024-12-19,Saas,Unspecified Round,Jabalpur,0.33,3.0,2024-12-19
Klub,2.72,1,2024-12-19,Saas,Unspecified Round,Jabalpur,0.33,3.0,2024-12-19
Ankit Gupta,2.7,1,2017-03-02,Consumer Internet,Seed,Mumbai,0.5,2.0,2017-03-02
Puneet Motihar,2.7,1,2017-03-02,Consumer Internet,Seed,Mumbai,0.5,2.0,2017-03-02
Taxmann,2.69,1,2016-12-23,Consumer Internet,Seed,Delhi,1.0,1.0,2016-12-23
Ashok Goyal,2.66,1,2021-09-21,Edtech,Pre-Seed,Bangalore,1.0,1.0,2021-09-21
Kumar Aakash,2.66,1,2021-06-24,Crm,Unknown,Bangalore,0.5,2.0,2021-06-24
Jayant Bokadia,2.66,1,2015-07-23,Online Grocers,Seed,Ahmedabad,1.0,1.0,2015-07-23
Rajat Jain,2.66,1,2015-02-26,Other,Other,Nan,0.33,3.0,2015-02-26
Sanjay Bhasin,2.66,1,2015-02-26,Other,Other,Nan,0.33,3.0,2015-02-26
Multiple Angel Investors,2.65,1,2019-07-23,Edtech,Angel,Mumbai,1.0,1.0,2019-07-23
Rajiv Solanki,2.61,1,2016-09-10,Ecommerce,Seed,Gurgaon,0.33,3.0,2016-09-10
Sailender Solanki,2.61,1,2016-09-10,Ecommerce,Seed,Gurgaon,0.33,3.0,2016-09-10
Naunknowndan Nilekani,2.61,1,2015-09-14,Non Profit Organization To Alleviate Poverty,Seed,Bangalore,0.33,3.0,2015-09-14
Srinivasa Rao Paturi,2.61,1,2015-01-11,Other,Other,Nan,0.33,3.0,2015-01-11
Sudhakar Reddy,2.61,1,2015-01-11,Other,Other,Nan,0.33,3.0,2015-01-11
Venkat Vallabhneni,2.61,1,2015-01-11,Other,Other,Nan,0.33,3.0,2015-01-11
Incred Fiunknownnce,2.59,1,2017-08-19,Technology,Seed,Mumbai,0.5,2.0,2017-08-19
Fullerton India Credit Company Ltd,2.59,1,2017-08-19,Technology,Seed,Mumbai,0.5,2.0,2017-08-19
Inc95 Consulting,2.58,1,2017-06-26,Ecommerce,Seed,Pune,0.25,4.0,2017-06-26
Ashok Kumar Gajera,2.58,1,2018-02-21,Food,Other,Mumbai,1.0,1.0,2018-02-21
Anthill Scale Ventures,2.58,1,2017-06-26,Ecommerce,Seed,Pune,0.25,4.0,2017-06-26
Esvee Technologies Inc,2.58,1,2017-06-26,Ecommerce,Seed,Pune,0.25,4.0,2017-06-26
Sanjeev Kakkar,2.57,1,2015-10-24,Logistics,Seed,Mumbai,0.25,4.0,2015-10-24
Mall Industries Development Bank Of India (Sidbi),2.57,1,2017-04-17,Consumer Internet,Seed,Jaipur,1.0,1.0,2017-04-17
Jindagilive Angel Network,2.57,1,2025-10-05,Food,Seed,Nan,1.0,1.0,2025-10-05
Kalyan Krishunknownmurthy,2.55,1,2019-04-02,Edtech,Other,Bangalore,1.0,1.0,2019-04-02
Subhkam Ventures And Mohit Khadaria,2.55,1,2018-04-03,Technology,Other,Coimbatore,1.0,1.0,2018-04-03
Sprout Angels,2.54,1,2017-10-27,Consumer Internet,Seed,Bangalore,1.0,1.0,2017-10-27
Sunil T V,2.53,1,2015-11-22,Healthcare,Seed,Bangalore,0.14,7.0,2015-11-22
Vijay Ghadge,2.53,1,2015-11-22,Healthcare,Seed,Bangalore,0.14,7.0,2015-11-22
Gurmeet Chahal,2.53,1,2015-11-22,Healthcare,Seed,Bangalore,0.14,7.0,2015-11-22
Collaborative Licensing Ventures Llp,2.51,1,2015-12-01,B2B Merchandize,Seed,Mumbai,1.0,1.0,2015-12-01
Letsventure Fund,2.5,1,2024-12-13,Credit Card Management,Angel,Gurgaon,0.25,4.0,2024-12-13
Indigram Labs Foundation,2.5,1,2025-05-10,Shipping,Bridge,Bangalore,0.5,2.0,2025-05-10
Alluvium Fund,2.5,1,2024-12-13,Credit Card Management,Angel,Gurgaon,0.25,4.0,2024-12-13
Vaishunknownv Shetty And Ankur Aggarwal,2.49,1,2022-11-09,Software,Angel,Gurgaon,1.0,1.0,2022-11-09
Indovation Fund,2.49,1,2021-06-07,Edtech,Unknown,Bangalore,0.5,2.0,2021-06-07
Manish Singhal,2.49,1,2015-08-22,Online Coffee Delivery,Seed,Bangalore,0.33,3.0,2015-08-22
Gusec Seed Fund,2.49,1,2021-06-10,Ar,Unknown,Ahmedabad,0.5,2.0,2021-06-10
Asha Jadeja Motwani,2.49,1,2015-09-12,Private Label Apparel Sales,Seed,Delhi,0.5,2.0,2015-09-12
91Maker.Com,2.49,1,2017-06-03,Consumer Internet,Seed,Bangalore,1.0,1.0,2017-06-03
Lalit Mangal,2.49,2,2016-01-27,"Edtech, Other",Seed,"Bhopal, Nan",0.22,6.5,2016-01-27
Payal Syal,2.49,1,2015-09-15,Branded Budget Hotel,Seed,Noida,1.0,1.0,2015-09-15
Priya Parthasarathy,2.49,1,2025-04-23,Iot,Seed,Thanjavur,1.0,1.0,2025-04-23
Gaurav Jaitly,2.49,1,2021-12-07,Healthcare,Unknown,Mumbai,0.5,2.0,2021-12-07
Astra Ventures,2.49,1,2021-12-07,Healthcare,Unknown,Mumbai,0.5,2.0,2021-12-07
Zishaan Hayath And Others,2.49,1,2015-10-25,Ondemand Healthcare,Seed,Mumbai,0.33,3.0,2015-10-25
Evan Lim,2.49,1,2017-01-06,Consumer Internet,Seed,Bangalore,0.38,3.0,2017-01-06
Ritesh Veera,2.49,1,2015-07-04,Physical Storage Warehouses,Seed,Mumbai,0.33,3.0,2015-07-04
Blinc Invest And Prime Venture Partners,2.49,1,2022-09-04,Fintech,Seed,Noida,1.0,1.0,2022-09-04
Vaibhav Doshi,2.49,1,2016-02-09,Consumer Internet,Seed,Bangalore,0.17,6.0,2016-02-09
Gopiunknownth Latpate,2.49,1,2021-11-11,Edtech,Seed,Thiruvananthapuram,0.5,2.0,2021-11-11
Raj Nair,2.49,1,2021-11-11,Edtech,Seed,Thiruvananthapuram,0.5,2.0,2021-11-11
Abhay Singhal,2.49,1,2016-02-09,Consumer Internet,Seed,Bangalore,0.17,6.0,2016-02-09
Narendra Shyamsukha,2.49,1,2021-04-24,Edtech,Seed,Delhi,0.5,2.0,2021-04-24
Kemark Ventures,2.49,1,2015-10-25,Ondemand Healthcare,Seed,Mumbai,0.33,3.0,2015-10-25
The 1947,2.49,1,2015-08-16,Food Customer Analytics,Seed,Ahmedabad,1.0,1.0,2015-08-16
Abhishek Acharya,2.49,1,2016-02-09,Consumer Internet,Seed,Bangalore,0.17,6.0,2016-02-09
Sanjay Ramakrishunknownn,2.49,1,2020-11-24,Ecommerce,Seed,Bangalore,0.5,2.0,2020-11-24
Hemant Sahni,2.49,1,2016-10-16,Consumer Internet,Seed,Gurgaon,1.0,1.0,2016-10-16
Growx Ventures And Iifl Fiunknownnce,2.49,1,2022-05-19,Fintech,Seed,Bangalore,1.0,1.0,2022-05-19
Joby Babu,2.49,1,2016-02-09,Consumer Internet,Seed,Bangalore,0.17,6.0,2016-02-09
P39 Capital,2.49,1,2015-08-22,Online Coffee Delivery,Seed,Bangalore,0.33,3.0,2015-08-22
Venkat Raju,2.49,1,2020-01-26,Technology,Unknown,Bangalore,1.0,1.0,2020-01-26
Jeevak Gupta,2.49,1,2021-06-13,Food,Pre-Series A,Delhi,0.5,2.0,2021-06-13
Subho Ray And Samir Kumar,2.49,1,2018-06-03,Healthcare,Other,Gurgaon,0.5,2.0,2018-06-03
Manish Shah,2.49,1,2016-02-09,Consumer Internet,Seed,Bangalore,0.17,6.0,2016-02-09
Rising Stars,2.49,1,2020-10-05,Technology,Unknown,Newcastle Upon Tyne,1.0,1.0,2020-10-05
Purvansh Holdings And Mumbai Angels,2.49,1,2022-09-08,Software,Seed,Hyderabad,1.0,1.0,2022-09-08
Prashant Puri,2.49,1,2016-04-16,Consumer Internet,Seed,Gurgaon,1.0,1.0,2016-04-16
View Trade Holding Corp,2.49,1,2021-02-26,Fintech,Pre-Seed,Nan,1.0,1.0,2021-02-26
Iti Growth Opportunities,2.49,1,2021-08-20,Edtech,Unknown,Delhi,1.0,1.0,2021-08-20
Aditya Vij,2.49,1,2016-03-06,Consumer Internet,Seed,Delhi,0.2,5.0,2016-03-06
Daljit Singh,2.49,1,2016-03-06,Consumer Internet,Seed,Delhi,0.2,5.0,2016-03-06
Kishore Kumar,2.49,1,2016-03-06,Consumer Internet,Seed,Delhi,0.2,5.0,2016-03-06
Dst'S Maunknownging Partner,2.49,1,2022-03-19,Internet Publishing,Seed,Jaipur,0.33,3.0,2022-03-19
Eunknownblers Platform,2.49,1,2015-11-18,Mobile Learning,Seed,Noida,1.0,1.0,2015-11-18
Angellist Us,2.49,1,2022-03-19,Internet Publishing,Seed,Jaipur,0.33,3.0,2022-03-19
Manish Prasad,2.49,1,2017-06-20,Consumer Internet,Seed,Mumbai,0.17,6.0,2017-06-20
Jaunknownk Jain,2.49,1,2016-10-23,Consumer Internet,Seed,Mumbai,1.0,1.0,2016-10-23
3.0 Fund.,2.49,1,2021-03-07,Gaming,Pre-Seed,Bangalore,0.25,4.0,2021-03-07
Nick Haulkoury,2.49,1,2017-06-20,Consumer Internet,Seed,Mumbai,0.17,6.0,2017-06-20
Super Capital,2.49,1,2022-04-09,Fintech,Pre-Seed,Bangalore,1.0,1.0,2022-04-09
Nirmal Singh,2.49,1,2017-06-20,Consumer Internet,Seed,Mumbai,0.17,6.0,2017-06-20
V Aaunknownnd R,2.49,1,2017-01-16,Consumer Internet,Seed,Chennai,1.0,1.0,2017-01-16
Pawan Borle,2.49,1,2017-06-20,Consumer Internet,Seed,Mumbai,0.17,6.0,2017-06-20
Vineet Varma,2.49,1,2017-06-20,Consumer Internet,Seed,Mumbai,0.17,6.0,2017-06-20
Nexus Venture,2.49,1,2021-01-05,B2B,Seed,Bangalore,0.5,2.0,2021-01-05
Farooq Oomerbhoy,2.49,1,2016-02-09,Ecommerce,Seed,Delhi,0.5,2.0,2016-02-09
Waimea Bay Investments,2.49,1,2025-04-17,Sports Technology,Pre-Seed,Pune,1.0,1.0,2025-04-17
Kaushal Agarwal,2.49,1,2016-12-02,Ecommerce,Seed,Bangalore,0.2,5.0,2016-12-02
Ankur Mittal,2.49,1,2020-11-06,Ai,Seed,Bangalore,0.5,2.0,2020-11-06
Praunknowny Jivrajka,2.49,1,2016-12-02,Ecommerce,Seed,Bangalore,0.2,5.0,2016-12-02
Aqeel Ahmed,2.49,1,2016-09-12,Consumer Internet,Seed,Noida,0.25,4.0,2016-09-12
Pradeep Mirani,2.49,1,2016-09-12,Consumer Internet,Seed,Noida,0.25,4.0,2016-09-12
Harminder Sahani,2.49,1,2016-12-02,Ecommerce,Seed,Bangalore,0.2,5.0,2016-12-02
Mahalingam K,2.49,1,2017-02-20,Consumer Internet,Seed,Chennai,0.5,2.0,2017-02-20
Cismat Cargo Services Pvt. Ltd.,2.49,1,2017-08-02,Logistics,Seed,Mumbai,1.0,1.0,2017-08-02
Vans Group,2.49,1,2021-07-26,Ecommerce,Seed,Bangalore,1.0,1.0,2021-07-26
Abhai S. Rao,2.49,1,2017-06-20,Consumer Internet,Seed,Mumbai,0.17,6.0,2017-06-20
Navjot Saini,2.49,1,2016-12-02,Ecommerce,Seed,Bangalore,0.2,5.0,2016-12-02
Kk Mehra,2.49,1,2016-12-02,Ecommerce,Seed,Bangalore,0.2,5.0,2016-12-02
Cherry Tin,2.47,1,2016-07-15,Consumer Internet,Seed,Chennai,0.33,3.0,2016-07-15
Kirthiga Reddy,2.47,1,2016-07-15,Consumer Internet,Seed,Chennai,0.33,3.0,2016-07-15
Lothal Angel Ventures,2.47,1,2016-09-22,Ecommerce,Seed,Ahmedabad,1.0,1.0,2016-09-22
Renuka Ramaunknownth,2.47,1,2016-07-15,Consumer Internet,Seed,Chennai,0.33,3.0,2016-07-15
Swastika Investmart Ltd,2.47,1,2016-12-01,Consumer Internet,Seed,Indore,1.0,1.0,2016-12-01
Sanjeev Sinha,2.45,1,2016-06-19,Consumer Internet,Seed,Delhi,1.0,1.0,2016-06-19
Letsventure Syndicate,2.43,1,2020-07-18,Iot/Automobile,Unknown,Gurgaon,1.0,1.0,2020-07-18
Atul Gupta And Saurabh Rastogi,2.43,1,2018-05-11,Cleantech,Other,Delhi,1.0,1.0,2018-05-11
3F Ventures,2.42,1,2020-08-12,Entertainment,Series A,Bangalore,0.25,4.0,2020-08-12
Akatsuki Inc,2.42,1,2020-08-12,Entertainment,Series A,Bangalore,0.25,4.0,2020-08-12
Startup Brasil Program,2.41,1,2015-02-01,Other,Other,Nan,0.25,4.0,2015-02-01
Daunknowniict,2.41,1,2015-02-01,Other,Other,Nan,0.25,4.0,2015-02-01
Carnegie Mellon University,2.41,1,2015-02-01,Other,Other,Nan,0.25,4.0,2015-02-01
Vcommission,2.4,2,2016-06-09,"Ecommerce, Consumer Internet","Private Equity, Seed",Delhi,1.0,1.0,2016-06-09
Sahi Barual,2.37,1,2020-08-08,Healthcare,Unknown,Gurgaon,0.5,2.0,2020-08-08
Prashant Tandon,2.37,1,2015-01-07,Other,Seed,Nan,0.14,7.0,2015-01-07
Gaurav Agarwal,2.37,1,2015-01-07,Other,Seed,Nan,0.14,7.0,2015-01-07
Kevin Parikh,2.37,1,2015-01-07,Other,Seed,Nan,0.14,7.0,2015-01-07
Manish Vij,2.37,1,2015-01-07,Other,Seed,Nan,0.14,7.0,2015-01-07
Akash Agarwal,2.37,1,2015-01-07,Other,Seed,Nan,0.14,7.0,2015-01-07
Iti Growth Opportunities Venture Fund,2.33,1,2020-01-02,Ai Robotics,Seed,Nan,0.5,2.0,2020-01-02
Rajeev Arora And Ram Ramsundar.,2.32,1,2018-07-10,Technology,Other,Gurgaon,0.33,3.0,2018-07-10
Zerodha Fintech Fund,2.32,1,2020-01-24,Taxation,Unknown,Ahmedabad,0.5,2.0,2020-01-24
Ivy Growth Associates,2.32,1,2022-03-16,Food,Seed,Surat,0.25,4.0,2022-03-16
Shreeji Brothers,2.32,1,2022-03-16,Food,Seed,Surat,0.25,4.0,2022-03-16
Mapro Foods,2.32,1,2022-03-16,Food,Seed,Surat,0.25,4.0,2022-03-16
Vinod Martin,2.28,1,2017-08-03,Consumer Internet,Seed,Bangalore,0.33,3.33,2017-08-03
Bhupen Shah,2.28,1,2017-03-18,Technology,Seed,Bangalore,0.33,3.0,2017-03-18
Sanjay Sathe,2.28,1,2017-03-18,Technology,Seed,Bangalore,0.33,3.0,2017-03-18
Jayesh Parekh,2.28,1,2017-03-18,Technology,Seed,Bangalore,0.33,3.0,2017-03-18
Hemant Kaunknownkia,2.24,1,2015-05-03,Online Job Skills Showcase,Seed,Bangalore,0.25,4.0,2015-05-03
Ravi Trivedi,2.24,1,2015-05-03,Online Job Skills Showcase,Seed,Bangalore,0.25,4.0,2015-05-03
Jay Sethuram,2.24,1,2015-05-03,Online Job Skills Showcase,Seed,Bangalore,0.25,4.0,2015-05-03
Uday Sodhi,2.21,1,2020-08-15,Ai,Unknown,Kolkata,0.33,3.0,2020-08-15
Nitin Jain,2.21,1,2020-08-15,Ai,Unknown,Kolkata,0.33,3.0,2020-08-15
Sanjeev Gupta,2.2,1,2021-12-10,Construction,Unknown,Gurgaon,0.5,2.0,2021-12-10
Sk Tripathi,2.2,1,2021-12-10,Construction,Unknown,Gurgaon,0.5,2.0,2021-12-10
Mile Deep Works,2.16,1,2025-02-10,Deeptech Engineering,Other,Gurgaon,0.5,2.0,2025-02-10
Nitin Rajput,2.1,1,2024-09-20,Creator Monetization,Unspecified Round,Mumbai,0.33,3.0,2024-09-20
Wldd,2.1,1,2024-09-20,Creator Monetization,Unspecified Round,Mumbai,0.33,3.0,2024-09-20
Jivraj Singh Sachar,2.1,1,2024-09-20,Creator Monetization,Unspecified Round,Mumbai,0.33,3.0,2024-09-20
Jk Tyres,2.1,1,2024-09-20,Jewelry D2C,Pre-Seed,Jaipur,0.25,4.0,2024-09-20
Amaanta Group,2.1,1,2024-09-20,Jewelry D2C,Pre-Seed,Jaipur,0.25,4.0,2024-09-20
Srivats,2.08,1,2020-02-16,Edtech,Unknown,Noida,0.25,4.0,2020-02-16
Alex Kuruvilla,2.08,1,2016-03-22,Consumer Internet,Seed,Gurgaon,0.25,4.0,2016-03-22
Unicorn Ventures,2.08,1,2016-03-05,Consumer Internet,Seed,Delhi,1.0,1.0,2016-03-05
Sequoia And Jerry Yang,2.08,1,2018-02-20,Fintech,Other,Bangalore,1.0,1.0,2018-02-20
Green House Ventures Accelerator,2.08,1,2016-07-11,Consumer Internet,Seed,Gurgaon,1.0,1.0,2016-07-11
Ashish Achrekar,2.08,1,2021-08-07,Computer Software,Seed,Pune,0.5,2.0,2021-08-07
Ranjith Radhakrishunknownn,2.08,1,2020-02-03,Media,Unknown,Hyderabad,0.25,4.0,2020-02-03
S Partners Pte. Ltd,2.08,1,2015-06-06,Peer To Peer Lending,Seed,Gurgaon,0.5,2.0,2015-06-06
Equity Crest,2.08,1,2016-01-10,Consumer Internet,Seed,Mumbai,0.33,3.0,2016-01-10
Vinners,2.08,1,2016-01-10,Consumer Internet,Seed,Mumbai,0.33,3.0,2016-01-10
Sparknext,2.08,1,2016-01-10,Consumer Internet,Seed,Mumbai,0.33,3.0,2016-01-10
Satya Muthyala,2.08,1,2017-06-20,Consumer Internet,Seed,Hyderabad,0.5,2.0,2017-06-20
Gagan Dugal,2.08,1,2016-03-23,Consumer Internet,Seed,Bangalore,0.2,5.0,2016-03-23
Mahesh Mohta,2.08,1,2020-02-16,Edtech,Unknown,Noida,0.25,4.0,2020-02-16
Qprize From Qualcomm Ventures,2.08,1,2015-08-18,Mobile Social,Seed,Delhi,1.0,1.0,2015-08-18
Nachu Subramanian,2.08,1,2020-02-16,Edtech,Unknown,Noida,0.25,4.0,2020-02-16
Dr. Sridhar Ramaswamy,2.08,1,2016-04-16,Ecommerce,Seed,Mumbai,0.5,2.0,2016-04-16
Jyoti Arora,2.08,1,2020-02-16,Edtech,Unknown,Noida,0.25,4.0,2020-02-16
Snehal Mantri,2.08,1,2017-10-03,Consumer Internet,Seed,Bangalore,0.33,3.0,2017-10-03
Sandeep Gupta,2.08,1,2016-05-02,Ecommerce,Seed,Delhi,0.25,4.0,2016-05-02
Viunknowny Mittal,2.08,1,2016-05-02,Ecommerce,Seed,Delhi,0.25,4.0,2016-05-02
Mohammed Khan,2.08,1,2018-02-02,"Consumer Internet, Fintech","Seed, Other",Mumbai,0.33,3.0,2018-02-02
Id Eunknownblers Pvt Ltd,2.08,1,2015-10-11,Hotel Aggregator & Booking,Seed,Delhi,1.0,1.0,2015-10-11
Sameer Narayan,2.08,1,2018-02-02,"Consumer Internet, Fintech","Seed, Other",Mumbai,0.33,3.0,2018-02-02
Aakrit Vaish,2.08,1,2020-02-03,Media,Unknown,Hyderabad,0.25,4.0,2020-02-03
Myntra,2.08,1,2024-09-23,Technology,Angel,Nan,0.25,4.0,2024-09-23
Virendra Shahney,2.08,1,2015-06-14,Bespoke Merchandize,Seed,Pune,0.5,2.0,2015-06-14
Dinesh Mittal,2.08,1,2016-05-02,Ecommerce,Seed,Delhi,0.25,4.0,2016-05-02
Founders Of Redbus,2.08,1,2024-09-23,Technology,Angel,Nan,0.25,4.0,2024-09-23
Anshu Bahadur,2.08,1,2017-10-03,Consumer Internet,Seed,Bangalore,0.33,3.0,2017-10-03
Dr Paresh Doshi,2.08,1,2015-06-14,Bespoke Merchandize,Seed,Pune,0.5,2.0,2015-06-14
Saket Dhankar,2.08,1,2016-03-22,Consumer Internet,Seed,Gurgaon,0.25,4.0,2016-03-22
Rajan Pandhare,2.08,1,2016-03-22,Consumer Internet,Seed,Gurgaon,0.25,4.0,2016-03-22
Pradeep Guha,2.08,1,2016-03-22,Consumer Internet,Seed,Gurgaon,0.25,4.0,2016-03-22
Dr Ramesh Ayyala,2.08,1,2017-06-20,Consumer Internet,Seed,Hyderabad,0.5,2.0,2017-06-20
Arjun And Rohan Malhotra,2.08,1,2016-03-23,Consumer Internet,Seed,Bangalore,0.2,5.0,2016-03-23
Others From Letsventure,2.08,1,2015-08-06,Online Printing,Seed,Chennai,0.25,4.0,2015-08-06
Aunknownnth Narayaunknownn,2.08,1,2016-08-27,Technology,Seed,Pune,0.17,6.0,2016-08-27
Ajeet Khuraunknown Jinesh Shah,2.08,1,2015-12-11,Smart Safety Wearable Devices,Seed,Delhi,0.33,3.0,2015-12-11
Roundglass Partners Llc,2.08,1,2017-12-11,Technology,Other,Gurgaon,1.0,1.0,2017-12-11
Gaurav Singhvi,2.08,1,2016-07-15,Technology,Seed,Ahmedabad,0.5,2.0,2016-07-15
Barkawi,2.08,1,2020-05-21,Other,Unknown,Mumbai,1.0,1.0,2020-05-21
Core91 Vc,2.08,1,2021-01-10,Taas,Seed,Delhi,0.5,2.0,2021-01-10
Dr. Apoorv Ranjan Sharma,2.08,1,2016-01-28,Consumer Internet,Seed,Bangalore,0.17,6.0,2016-01-28
Divyesh Shah,2.08,1,2016-08-27,Technology,Seed,Pune,0.17,6.0,2016-08-27
Bc Prabhakar,2.08,1,2015-02-28,Other,Other,Nan,0.33,3.0,2015-02-28
Gems Group,2.08,1,2016-07-27,Ecommerce,Seed,Delhi,1.0,1.0,2016-07-27
Tdv Partners,2.08,1,2025-07-24,Consumer,Pre-Seed,Gurgaon,1.0,1.0,2025-07-24
Baskar Subramanian,2.08,1,2018-03-16,Consumer Internet,Other,Bangalore,0.33,3.0,2018-03-16
Saket Kumar,2.08,1,2018-03-16,Consumer Internet,Other,Bangalore,0.33,3.0,2018-03-16
Amit Manocha And Others,2.08,1,2018-02-24,Technology,Other,Mumbai,0.5,2.0,2018-02-24
Gaurav Suri And Ankit Kesarwani,2.08,1,2018-03-16,Consumer Internet,Other,Bangalore,0.33,3.0,2018-03-16
Shivaan Ghai,2.08,1,2024-09-06,Hot Condiments,Seed,Nan,0.33,3.0,2024-09-06
Romil Ratra,2.08,1,2024-09-06,Hot Condiments,Seed,Nan,0.33,3.0,2024-09-06
Krishunknown Jhujhunwala,2.08,1,2016-01-28,Consumer Internet,Seed,Bangalore,0.17,6.0,2016-01-28
Rajiv Mehta,2.08,1,2015-02-01,Other,Other,Nan,0.5,2.0,2015-02-01
Javelin Startupo Victory Fund,2.08,1,2017-11-21,Technology,Other,Panaji,1.0,1.0,2017-11-21
Coinbase,2.06,1,2025-10-16,Fintech > Cryptocurrencies,Series D,Nan,1.0,1.0,2025-10-16
Saltwater Venture Sparks,2.06,1,2020-04-12,Iot,Pre-Series A,Panaji,1.0,1.0,2020-04-12
Alok Mittal And Sachin Bhatia,2.04,1,2018-04-22,Consumer Internet,Other,Delhi,0.5,2.0,2018-04-22
Aditya Verma,2.03,1,2017-04-27,Consumer Internet,Seed,Gurgaon,0.5,2.0,2017-04-27
Gujarat Based Angel Investors,2.03,1,2015-08-22,Logistics,Seed,Ahmedabad,0.5,2.0,2015-08-22
Mmy Counknownfounder,2.03,1,2015-08-22,Logistics,Seed,Ahmedabad,0.5,2.0,2015-08-22
Arun Tadanki,2.03,1,2017-04-27,Consumer Internet,Seed,Gurgaon,0.5,2.0,2017-04-27
Uplifting Rural Development,2.0,1,2022-01-13,Renewables & Environment,Other,Bangalore,1.0,1.0,2022-01-13
Karunknowntaka Govt’S Venture Fund,2.0,1,2025-06-27,Gaming,Other,Bangalore,1.0,1.0,2025-06-27
Avinya Ventures,2.0,1,2025-04-14,Labgrown Diamonds,Seed,Surat,1.0,1.0,2025-04-14
European Angel Investors,2.0,1,2024-11-01,Healthcare,Pre-Seed,Chandigarh,1.0,1.0,2024-11-01
Chandigarh Angel Network,2.0,1,2024-09-23,Customer Support,Seed,Delhi,0.33,3.0,2024-09-23
Bluebridge Capital Private Limited,2.0,1,2025-02-24,Caregiving Family & Wellness,Pre-Seed,Washington,1.0,1.0,2025-02-24
New Age India Fund,2.0,1,2025-04-26,B2B Indian Sweets,Seed,Nashik,1.0,1.0,2025-04-26
Aunknowns Rahman Juunknownid,2.0,1,2022-02-26,Information Technology &,Seed,Bangalore,1.0,1.0,2022-02-26
Nikunj Jain,1.99,1,2015-05-14,Last Mile Logistics,Seed,Bangalore,0.33,3.0,2015-05-14
Bharat Kumar Sohanraj,1.98,1,2020-01-23,Beverage,Unknown,Chennai,0.5,2.0,2020-01-23
Saurabh Aggarwal,1.95,1,2021-12-17,Edtech,Pre-Seed,Bangalore,0.5,2.0,2021-12-17
Ankit Mehrotra,1.95,1,2021-12-17,Edtech,Pre-Seed,Bangalore,0.5,2.0,2021-12-17
Tharun Dhariwal,1.93,1,2020-07-16,Beverage,Unknown,Chennai,0.17,6.0,2020-07-16
Bharat Kumar,1.93,1,2020-07-16,Beverage,Unknown,Chennai,0.17,6.0,2020-07-16
Bodhtree Consulting Limited,1.93,1,2017-06-16,Consumer Internet,Seed,Hyderabad,1.0,1.0,2017-06-16
Malika Sadani,1.93,1,2025-07-08,Ecommerce,Seed,Gurgaon,1.0,1.0,2025-07-08
Arun Ostwal,1.93,1,2020-07-16,Beverage,Unknown,Chennai,0.17,6.0,2020-07-16
Munesh Khanunknown,1.93,1,2017-12-19,Ecommerce,Other,Gurgaon,1.0,1.0,2017-12-19
Vishal Ostwal,1.93,1,2020-07-16,Beverage,Unknown,Chennai,0.17,6.0,2020-07-16
Grex,1.91,1,2015-10-16,Document Digitization,Seed,Gurgaon,1.0,1.0,2015-10-16
Rinku Singh,1.9,1,2025-04-15,Nutrition,Unknown,Gurgaon,1.0,1.0,2025-04-15
Nu Ventures,1.88,1,2025-09-01,Ecommerce,Seed,Gurgaon,1.0,1.0,2025-09-01
Unicorn Venture,1.87,1,2016-06-12,Consumer Internet,Seed,Mumbai,1.0,1.0,2016-06-12
Ajith Daneil,1.87,1,2021-12-05,Ecommerce,Pre-Seed,Mumbai,1.0,1.0,2021-12-05
Ajay Modani,1.86,1,2016-03-17,Ecommerce,Seed,Bangalore,0.12,8.0,2016-03-17
Abhishek Jain,1.86,1,2016-03-17,Ecommerce,Seed,Bangalore,0.12,8.0,2016-03-17
Nagendra Prasad Bhanuprakash,1.86,1,2016-03-17,Ecommerce,Seed,Bangalore,0.12,8.0,2016-03-17
Rajeev Mudumba,1.86,1,2016-03-17,Ecommerce,Seed,Bangalore,0.12,8.0,2016-03-17
Hari Krishunknown,1.86,1,2016-03-17,Ecommerce,Seed,Bangalore,0.12,8.0,2016-03-17
Rakesh Gakhar,1.86,1,2016-03-17,Ecommerce,Seed,Bangalore,0.12,8.0,2016-03-17
Dr V Ravinder,1.86,1,2016-03-17,Ecommerce,Seed,Bangalore,0.12,8.0,2016-03-17
Anirudh Rastogi,1.86,1,2016-03-17,Ecommerce,Seed,Bangalore,0.12,8.0,2016-03-17
91 Springboard,1.83,1,2020-01-27,Healthcare,Unknown,Nan,0.17,6.0,2020-01-27
Ankit Sharma And Others,1.83,1,2017-08-20,Consumer Internet,Seed,Delhi,0.33,3.0,2017-08-20
Barclays.,1.83,1,2020-08-01,Ai,Seed,Mumbai,0.33,3.0,2020-08-01
Abinbevunknownserge Devos,1.83,1,2020-01-27,Healthcare,Unknown,Nan,0.17,6.0,2020-01-27
Ikp Knowledge,1.83,1,2020-01-27,Healthcare,Unknown,Nan,0.17,6.0,2020-01-27
Wouter Peeters.,1.83,1,2020-01-27,Healthcare,Unknown,Nan,0.17,6.0,2020-01-27
Rajesh Mahajan,1.83,1,2017-08-20,Consumer Internet,Seed,Delhi,0.33,3.0,2017-08-20
Rahul Dev Kumar,1.83,1,2017-08-20,Consumer Internet,Seed,Delhi,0.33,3.0,2017-08-20
Ibhubs,1.78,1,2017-06-26,Technology,Seed,Hyderabad,1.0,1.0,2017-06-26
Vipin Arora,1.74,1,2016-06-15,Consumer Internet,Seed,Bangalore,0.33,3.0,2016-06-15
1Crowd (Through Crowdfunding),1.73,1,2016-08-05,Consumer Internet,Seed,Mumbai,1.0,1.0,2016-08-05
Shomil Pant,1.7,1,2015-09-21,Study Material,Seed,Delhi,0.25,4.0,2015-09-21
Dinesh Kundu,1.7,1,2015-09-21,Study Material,Seed,Delhi,0.25,4.0,2015-09-21
Rohan Malhotra,1.66,1,2016-08-18,Technology,Seed,Delhi,0.17,6.0,2016-08-18
Angellist Syndicate,1.66,1,2021-12-07,Edtech,Unknown,Pune,0.33,3.0,2021-12-07
Keiretsu Chenunknowni,1.66,1,2022-02-21,Food,Unknown,Chennai,0.33,3.0,2022-02-21
Rimpal Chawla,1.66,1,2015-11-12,Online Products Discovery,Seed,Gurgaon,0.5,2.0,2015-11-12
Deepak Gupta,1.66,1,2016-07-27,Ecommerce,Seed,Mumbai,1.0,1.0,2016-07-27
Prahlad Rao,1.66,1,2015-12-25,International Hiring,Seed,Mumbai,0.33,3.0,2015-12-25
Aditya Talwar,1.66,1,2021-05-02,Fintech,Seed,Delhi,0.5,2.0,2021-05-02
Yogesh Bansal,1.66,1,2015-04-27,Device Repair Svcs,Seed,Delhi,0.2,5.0,2015-04-27
Ajai Chowdhry,1.66,1,2015-04-27,Device Repair Svcs,Seed,Delhi,0.2,5.0,2015-04-27
Kedar Lele,1.66,1,2016-11-11,Consumer Internet,Seed,Delhi,0.5,2.0,2016-11-11
Dhianu Das,1.66,1,2021-01-19,Cosmetics,Seed,Nan,0.5,2.0,2021-01-19
Dr Ritesh Malik,1.66,1,2021-02-16,Software,Seed,Indore,0.5,2.0,2021-02-16
\\Nnitin Singhal,1.66,1,2015-04-27,Device Repair Svcs,Seed,Delhi,0.2,5.0,2015-04-27
Jaspreet Bindra,1.66,1,2016-08-18,Technology,Seed,Delhi,0.17,6.0,2016-08-18
Arjun Malhotra,1.66,1,2016-08-18,Technology,Seed,Delhi,0.17,6.0,2016-08-18
Mudit Saxeunknown,1.66,1,2016-08-27,Consumer Internet,Seed,Bangalore,0.5,2.0,2016-08-27
Lion Ventures,1.66,1,2016-02-28,Consumer Internet,Seed,Mumbai,1.0,1.0,2016-02-28
Mruunknownl Jhaveri,1.66,1,2022-01-07,Computer Games,Unknown,Mumbai,0.5,2.0,2022-01-07
Kiitunknowntbi,1.66,1,2021-04-09,Healthcare,Unknown,Bangalore,0.5,2.0,2021-04-09
Rakesh Agrawal,1.66,1,2016-08-18,Technology,Seed,Delhi,0.17,6.0,2016-08-18
Vivek Srivatsav,1.66,1,2021-05-22,Fintech,Unknown,Bangalore,0.5,2.0,2021-05-22
1Crowd (Through Crowd Funding),1.66,1,2016-08-19,Consumer Internet,Seed,Mumbai,1.0,1.0,2016-08-19
Sidharth Rao,1.66,1,2016-08-18,Technology,Seed,Delhi,0.17,6.0,2016-08-18
Lotus Herbals.,1.66,1,2022-10-26,Beauty,Unknown,Delhi,1.0,1.0,2022-10-26
Lotus Herbals,1.66,1,2022-10-26,Cosmetics,Unknown,Delhi,1.0,1.0,2022-10-26
Ununknownmed Angel Investors,1.66,1,2019-04-13,Healthcare,Seed,Gurgaon,1.0,1.0,2019-04-13
Mtg Ventures,1.66,1,2021-04-15,Agritech,Unknown,Rajsamand,1.0,1.0,2021-04-15
Vikram Lakhotia,1.66,1,2016-05-08,Technology,Seed,Mumbai,0.5,2.0,2016-05-08
Tejas Paresh Lodaya,1.66,1,2025-10-26,Consumer Goods > Home Furnishing Products,Seed,Nan,1.0,1.0,2025-10-26
Yashish Dhaiya,1.66,1,2017-03-13,Consumer Internet,Seed,Gurgaon,0.33,3.0,2017-03-13
Krishunknown Chakravarty,1.66,1,2020-10-18,Medtech,Seed,Kolkata,0.5,2.0,2020-10-18
Indian Oil Corporation,1.66,1,2020-10-18,Medtech,Seed,Kolkata,0.5,2.0,2020-10-18
Prashant Mehta,1.66,1,2018-05-12,Healthcare,Other,Mumbai,0.2,5.0,2018-05-12
R Rangaunknownthan,1.66,1,2018-05-12,Healthcare,Other,Mumbai,0.2,5.0,2018-05-12
Jito Angel N Etwork,1.66,1,2022-07-12,Healthcare,Pre-Seed,Thiruvananthapuram,1.0,1.0,2022-07-12
Thinknext Llc,1.66,1,2020-03-28,Iot,Seed,Noida,1.0,1.0,2020-03-28
Sundeep Sahni,1.66,1,2017-07-22,Ecommerce,Seed,Gurgaon,0.25,4.0,2017-07-22
Subramani Somasundaram,1.66,1,2017-07-22,Ecommerce,Seed,Gurgaon,0.25,4.0,2017-07-22
Collective Artists Network,1.66,1,2021-12-10,Digital,Unknown,Noida,0.5,2.0,2021-12-10
Mayank Mittal,1.66,1,2017-07-22,Ecommerce,Seed,Gurgaon,0.25,4.0,2017-07-22
Startup Oasis,1.66,1,2021-07-23,Edtech,Unknown,Chennai,0.33,3.0,2021-07-23
Manipal Group,1.66,1,2015-05-04,Ondemand Business Messaging,Seed,Bangalore,1.0,1.0,2015-05-04
Betatron,1.66,1,2020-01-18,Ecommerce,Pre-Series A,Delhi,1.0,1.0,2020-01-18
Pravesh Mehta,1.66,1,2021-05-23,Consulting,Unknown,Ahmedabad,1.0,1.0,2021-05-23
Kanpur Angels,1.66,1,2016-01-24,Consumer Internet,Seed,Kanpur,0.5,2.0,2016-01-24
Angellist'S Syndicate,1.66,1,2021-09-27,Online Media,Pre-Seed,Bangalore,0.5,2.0,2021-09-27
Dvara Holdings And Axilor Ventures,1.66,1,2022-05-10,Fintech,Unknown,Chennai,1.0,1.0,2022-05-10
Milind Chaudhary,1.66,1,2016-11-04,Technology,Seed,Bangalore,0.5,2.0,2016-11-04
Dileep Bhatt,1.66,1,2016-11-04,Technology,Seed,Bangalore,0.5,2.0,2016-11-04
Appit Simple Infotek,1.66,1,2021-05-09,Ai,Unknown,Chandigarh,1.0,1.0,2021-05-09
Hrishi Oberoi,1.66,1,2016-05-25,Consumer Internet,Seed,Mumbai,0.2,5.0,2016-05-25
Blackjag Partners,1.66,1,2016-06-04,Consumer Internet,Seed,Gurgaon,1.0,1.0,2016-06-04
Kapil Hetamsaria,1.66,1,2016-05-25,Consumer Internet,Seed,Mumbai,0.2,5.0,2016-05-25
Praunknownv Dedhia,1.66,1,2016-05-25,Consumer Internet,Seed,Mumbai,0.2,5.0,2016-05-25
Rohan Angrish,1.66,1,2016-05-25,Consumer Internet,Seed,Mumbai,0.2,5.0,2016-05-25
\\Xc2\\Xa0 Vivek Bhargava,1.66,1,2016-09-21,Consumer Internet,Seed,Gurgaon,0.14,7.0,2016-09-21
Palash Jain,1.66,1,2016-09-21,Consumer Internet,Seed,Gurgaon,0.14,7.0,2016-09-21
Rahul Singh,1.66,1,2016-09-21,Consumer Internet,Seed,Gurgaon,0.14,7.0,2016-09-21
Nikhil G And Bhavesh P,1.66,1,2018-05-12,Healthcare,Other,Mumbai,0.2,5.0,2018-05-12
Oncotrust And Medintel Services Pvt. Ltd,1.66,1,2018-05-12,Healthcare,Other,Mumbai,0.2,5.0,2018-05-12
Shuru Up,1.66,1,2021-12-25,Consumer Electronics,Unknown,Delhi,0.33,3.0,2021-12-25
Velocity.In,1.66,1,2021-07-05,Consumer Goods,Unknown,Nan,1.0,1.0,2021-07-05
Bhupender Singh,1.66,1,2017-03-13,Consumer Internet,Seed,Gurgaon,0.33,3.0,2017-03-13
Viunknowny Bansal,1.66,1,2016-01-25,Consumer Internet,Seed,Gurgaon,0.33,3.0,2016-01-25
Varun Khuraunknown,1.66,1,2016-01-25,Consumer Internet,Seed,Gurgaon,0.33,3.0,2016-01-25
Samar Singla,1.66,1,2016-01-25,Consumer Internet,Seed,Gurgaon,0.33,3.0,2016-01-25
Prashanth Rangaunknownthan,1.66,1,2015-12-10,Cab Search Comparison & Booking,Seed,Delhi,1.0,1.0,2015-12-10
Joseph Joy,1.66,1,2021-09-25,Edtech,Unknown,Hyderabad,1.0,1.0,2021-09-25
Amitesh Pandey,1.66,1,2021-01-01,Media,Unknown,Lucknow,0.5,2.0,2021-01-01
Green House Ventures,1.66,2,2015-09-06,"Gym & Fitness Studios Subscription, Online Car Rental Affiliates",Seed,Delhi,1.0,1.0,2015-09-06
Alok Kohli,1.66,1,2021-10-12,Marketing,Pre-Seed,Gurgaon,0.5,2.0,2021-10-12
Sundara Rajan,1.66,1,2015-12-25,International Hiring,Seed,Mumbai,0.33,3.0,2015-12-25
Arun Gupta,1.66,1,2021-12-25,Consumer Electronics,Unknown,Delhi,0.33,3.0,2021-12-25
Sanjeev Bhargava,1.66,1,2021-10-12,Marketing,Pre-Seed,Gurgaon,0.5,2.0,2021-10-12
Blue Horizon Corporation And Panthera Peak,1.66,1,2022-07-03,Food,Seed,Bangalore,1.0,1.0,2022-07-03
Vijayan,1.66,1,2021-09-15,Biotechnology,Seed,Nan,1.0,1.0,2021-09-15
Mitali Pawar,1.66,1,2018-05-12,Healthcare,Other,Mumbai,0.2,5.0,2018-05-12
Rainmatter Capital And Rainmatter Technology,1.66,1,2022-05-20,Fintech,Seed,Bangalore,1.0,1.0,2022-05-20
Jayant Mehrotra,1.66,1,2021-05-01,Edtech,Pre-Series A,Mumbai,0.5,2.0,2021-05-01
Ankit Kedia,1.66,1,2021-12-25,Consumer Electronics,Unknown,Delhi,0.33,3.0,2021-12-25
Rattan Chadha,1.66,1,2016-04-17,Consumer Internet,Seed,Mumbai,1.0,1.0,2016-04-17
Magic.Fund,1.66,1,2021-09-02,Saas,Seed,Chennai,0.33,3.0,2021-09-02
Aunknownnd Vijay,1.66,2,2015-05-23,"Other, Fund Raising","Other, Seed","Nan, Chennai",0.24,5.0,2015-05-23
Nadir Godrej,1.64,1,2020-06-10,Technology,Unknown,Noida,0.5,2.0,2020-06-10
Velocity (Cash Flow Fiunknownncing Platform),1.6,1,2024-10-03,Beauty Tools,Other,Gurgaon,1.0,1.0,2024-10-03
Ravi Saxeunknown,1.59,1,2017-03-05,Consumer Internet,Seed,Bangalore,0.5,2.0,2017-03-05
Sandeep Raju,1.59,1,2017-03-05,Consumer Internet,Seed,Bangalore,0.5,2.0,2017-03-05
Sean O\\Xe2\\X80\\X99Sullivan,1.58,1,2015-10-22,Ride Sharing,Seed,Hyderabad,0.5,2.0,2015-10-22
Abhiunknownv Gupta,1.55,1,2017-08-06,Ecommerce,Seed,Delhi,1.0,1.0,2017-08-06
Termsheet,1.54,1,2016-01-12,Consumer Internet,Seed,Bangalore,0.5,2.0,2016-01-12
Indigo Ventures,1.5,1,2025-07-08,Advanced Hardware & Technology,Unknown,Hyderabad,1.0,1.0,2025-07-08
Smith Group,1.49,1,2016-05-23,Consumer Internet,Seed,Mumbai,0.33,3.0,2016-05-23
Ritesh Vohra,1.49,1,2018-07-24,It,Other,Gurgaon,0.2,5.0,2018-07-24
Praveer Kumar,1.49,1,2018-07-24,It,Other,Gurgaon,0.2,5.0,2018-07-24
Pankaj Kapoor,1.49,1,2016-03-03,Consumer Internet,Seed,Bangalore,0.5,2.0,2016-03-03
Chandrashekar Tallapragada,1.49,1,2016-03-03,Consumer Internet,Seed,Bangalore,0.5,2.0,2016-03-03
Hermes Group,1.49,1,2016-05-23,Consumer Internet,Seed,Mumbai,0.33,3.0,2016-05-23
Shruth,1.49,1,2016-05-23,Consumer Internet,Seed,Mumbai,0.33,3.0,2016-05-23
Excelsior Investments,1.49,1,2018-07-24,It,Other,Gurgaon,0.2,5.0,2018-07-24
Sanjay Venkat,1.49,1,2015-05-07,Logistics,Seed,Panaji,0.5,2.0,2015-05-07
Prashant Gupta And Others,1.49,1,2018-07-24,It,Other,Gurgaon,0.2,5.0,2018-07-24
Gray Matters,1.49,1,2018-07-09,Edtech,Other,Bangalore,1.0,1.0,2018-07-09
Now Capital,1.49,1,2016-09-27,Ecommerce,Seed,Delhi,1.0,1.0,2016-09-27
Tim Chen,1.49,1,2015-05-07,Logistics,Seed,Panaji,0.5,2.0,2015-05-07
Aditya Birla Sun Life Amc,1.48,1,2022-06-10,Ai,Series A,Bangalore,1.0,1.0,2022-06-10
Madhavi Bollipalli,1.45,1,2020-07-15,Fintech,Seed,Bangalore,0.14,7.0,2020-07-15
Siddharth Agarwal,1.45,1,2018-07-07,Healthcare,Other,Jaipur,0.25,4.0,2018-07-07
Mahavir Sharma,1.45,1,2018-07-07,Healthcare,Other,Jaipur,0.25,4.0,2018-07-07
100 Counknownfounders Lab And Others.,1.45,1,2018-07-07,Healthcare,Other,Jaipur,0.25,4.0,2018-07-07
Satish Bogullu,1.45,1,2020-07-15,Fintech,Seed,Bangalore,0.14,7.0,2020-07-15
Aunknownndbir Singh,1.45,1,2017-04-21,Food,Seed,Mumbai,0.17,6.0,2017-04-21
Anirudh Sheth,1.45,1,2017-04-21,Food,Seed,Mumbai,0.17,6.0,2017-04-21
Murali Nair,1.45,1,2017-04-21,Food,Seed,Mumbai,0.17,6.0,2017-04-21
Nibhrant Shah,1.45,1,2017-04-21,Food,Seed,Mumbai,0.17,6.0,2017-04-21
Pratik Singhi,1.45,1,2017-04-21,Food,Seed,Mumbai,0.17,6.0,2017-04-21
Vikram Mehta,1.45,1,2017-04-21,Food,Seed,Mumbai,0.17,6.0,2017-04-21
Vivel Srivatsav,1.45,1,2020-07-15,Fintech,Seed,Bangalore,0.14,7.0,2020-07-15
Vikram Pandya,1.45,1,2020-07-15,Fintech,Seed,Bangalore,0.14,7.0,2020-07-15
Srinivas Paanem,1.45,1,2020-07-15,Fintech,Seed,Bangalore,0.14,7.0,2020-07-15
Indian Overseas Bank,1.42,1,2025-10-08,Consumer > Local,Debt,Nan,1.0,1.0,2025-10-08
Bluehill Capital Trust,1.42,1,2025-10-13,Life Sciences > Genomics,Seed,Nan,1.0,1.0,2025-10-13
Ramesh Gandhi,1.4,1,2025-10-21,Media & Entertainment > Film & Tv Studios,Angel,Nan,1.0,1.0,2025-10-21
Elliot Stechman,1.39,1,2015-07-26,Chinese Food Delivery,Seed,Mumbai,0.33,3.0,2015-07-26
Ambarish Ray,1.39,1,2015-07-26,Chinese Food Delivery,Seed,Mumbai,0.33,3.0,2015-07-26
Gautam Sinha,1.39,1,2015-07-26,Chinese Food Delivery,Seed,Mumbai,0.33,3.0,2015-07-26
Ramesh Kavediya,1.38,1,2015-03-08,Other,Seed,Nan,1.0,1.0,2015-03-08
Iunknowncubeunknownn,1.38,1,2015-03-04,Other,Seed,Nan,1.0,1.0,2015-03-04
Hyderabad Based Investor,1.37,1,2015-04-16,Digital / Mobile Wallet,Seed,Kolkata,1.0,1.0,2015-04-16
Sandeep Acharya,1.37,1,2015-04-20,Price Comparison,Seed,Hyderabad,0.33,3.0,2015-04-20
Amit Tyagi,1.37,1,2015-04-20,Price Comparison,Seed,Hyderabad,0.33,3.0,2015-04-20
Adroitent Pvt. Ltd.,1.34,1,2015-01-23,Other,Seed,Nan,1.0,1.0,2015-01-23
Suma Soft Pvt Ltd,1.33,1,2020-01-11,Ai,Seed,Pune,1.0,1.0,2020-01-11
1Funds Domestic Scheme,1.33,1,2020-05-27,Logistics,Series A,Mumbai,1.0,1.0,2020-05-27
Yajunknownunknownrayaunknown Kammaje,1.33,1,2016-02-09,Consumer Internet,Seed,Bangalore,1.0,1.0,2016-02-09
Family Office Fund,1.33,1,2015-08-18,Waste Management,Seed,Mumbai,0.5,2.0,2015-08-18
Keynote India,1.33,1,2022-03-20,Fintech,Unknown,Bangalore,0.5,2.0,2022-03-20
Equentia Natural Resources,1.33,1,2015-08-17,Qsr Restaurant,Seed,Pune,1.0,1.0,2015-08-17
Stelcore Maunknowngement Services,1.29,1,2017-03-27,Consumer Internet,Seed,Mumbai,0.33,3.0,2017-03-27
Malini Patel,1.29,1,2017-03-27,Consumer Internet,Seed,Mumbai,0.33,3.0,2017-03-27
Anjani Prasad,1.29,1,2017-03-27,Consumer Internet,Seed,Mumbai,0.33,3.0,2017-03-27
Founder And Chairman Of Career Information Portal Careers360,1.25,1,2018-04-07,Edtech,Other,Hyderabad,0.25,4.0,2018-04-07
Bharanidharan Viswaunknownthan,1.25,1,2016-03-04,Consumer Internet,Seed,Gurgaon,0.25,4.0,2016-03-04
Snehal Fulzele,1.25,1,2021-11-04,Fintech,Unknown,Bangalore,0.5,2.0,2021-11-04
Rahul Agarwal,1.25,1,2016-03-04,Consumer Internet,Seed,Gurgaon,0.25,4.0,2016-03-04
Bhanu Vikram Parsotam,1.25,1,2016-01-23,Healthcare,Seed,Pune,0.5,2.0,2016-01-23
Shankar Nath,1.25,1,2020-04-22,Fintech,Unknown,Noida,0.2,5.0,2020-04-22
Shaurya Garg,1.25,1,2020-04-22,Fintech,Unknown,Noida,0.2,5.0,2020-04-22
Boudhik Ventures,1.25,1,2020-04-22,Fintech,Unknown,Noida,0.2,5.0,2020-04-22
Rohan Desai And Paras Patel,1.25,1,2016-01-23,Healthcare,Seed,Pune,0.5,2.0,2016-01-23
Sukhbir Singh,1.25,1,2020-04-22,Fintech,Unknown,Noida,0.2,5.0,2020-04-22
Nitesh Pant,1.25,1,2016-11-01,Ecommerce,Seed,Bangalore,0.5,2.0,2016-11-01
Balasubramanian Krishunknownmurthy,1.25,1,2016-09-06,Consumer Internet,Seed,Bangalore,0.33,3.0,2016-09-06
Prabhakar Mr,1.25,1,2016-12-21,Consumer Internet,Seed,Gurgaon,0.25,4.0,2016-12-21
Sidhartha Hazarika,1.25,1,2016-09-06,Consumer Internet,Seed,Bangalore,0.33,3.0,2016-09-06
Bold Ventures,1.25,1,2017-12-15,Ecommerce,Other,Bangalore,0.25,4.0,2017-12-15
Anbu Pandian,1.25,1,2016-12-21,Consumer Internet,Seed,Gurgaon,0.25,4.0,2016-12-21
Shekhar Sahu,1.25,1,2016-11-01,Ecommerce,Seed,Bangalore,0.5,2.0,2016-11-01
Vounknown Investments,1.25,1,2017-12-15,Ecommerce,Other,Bangalore,0.25,4.0,2017-12-15
Tarun Arora,1.25,1,2015-03-25,Other,Seed,Nan,1.0,1.0,2015-03-25
Jozef Bardik,1.25,1,2015-11-12,Ondemand Maids,Seed,Mumbai,0.5,2.0,2015-11-12
Leo Wang Sangeeth Ram,1.25,1,2015-11-12,Ondemand Maids,Seed,Mumbai,0.5,2.0,2015-11-12
Vineel Nalla,1.25,1,2015-11-25,Domestic Help Aggregation,Seed,Mumbai,0.5,2.0,2015-11-25
Funding Through 1Crowd Platform,1.25,1,2016-03-03,Technology,Seed,Pune,1.0,1.0,2016-03-03
Thinklab,1.25,1,2020-01-06,Ecommerce,Pre-Series A,Jaipur,1.0,1.0,2020-01-06
Parthiv Group,1.25,1,2021-07-02,Computer Software,Unknown,Mumbai,1.0,1.0,2021-07-02
Shobhit Shukla,1.25,1,2016-03-04,Consumer Internet,Seed,Gurgaon,0.25,4.0,2016-03-04
Director At Byramjee Jeejeebhoy Pvt. Ltd Were Among The Angels,1.25,1,2018-04-07,Edtech,Other,Hyderabad,0.25,4.0,2018-04-07
Aseem Vadehra,1.25,1,2015-06-09,Online City & Lifestyle Guide,Seed,Delhi,0.2,5.0,2015-06-09
Groupe Sos,1.25,1,2016-05-17,Healthcare,Private Equity,Hyderabad,1.0,1.0,2016-05-17
Jesse Lucas,1.25,1,2021-02-16,Transportation,Unknown,Delhi,1.0,1.0,2021-02-16
And Jamshed Jeejeebhoy,1.25,1,2018-04-07,Edtech,Other,Hyderabad,0.25,4.0,2018-04-07
Newbie Promoters,1.25,1,2016-10-23,Technology,Seed,Delhi,1.0,1.0,2016-10-23
R M Picture Company Pvt. Ltd.,1.25,1,2015-09-01,Online Movie Review,Seed,Mumbai,1.0,1.0,2015-09-01
Saurabh Arora,1.25,1,2017-04-10,Technology,Seed,Bangalore,0.33,3.0,2017-04-10
Tushar Mittal,1.25,1,2017-03-28,Consumer Internet,Seed,Gurgaon,0.5,2.0,2017-03-28
L.D Sharma,1.25,1,2017-04-10,Technology,Seed,Bangalore,0.33,3.0,2017-04-10
Multiple Investors,1.25,1,2015-09-16,Diagnostic Labs Aggregator,Seed,Gurgaon,1.0,1.0,2015-09-16
Florida Based Angel Investor,1.25,1,2015-05-10,Online Medical Diagnostic,Seed,Delhi,1.0,1.0,2015-05-10
Mahavir Pratap Sharma,1.25,1,2015-12-04,New Curation Mobile,Seed,Bangalore,1.0,1.0,2015-12-04
Aneesh Seth,1.25,1,2017-03-28,Consumer Internet,Seed,Gurgaon,0.5,2.0,2017-03-28
High Networth Individuals (Undisclosed),1.25,1,2015-10-14,Premium Apparel Shopping Portal,Seed,Delhi,1.0,1.0,2015-10-14
Mahendra Doshi,1.25,1,2016-06-03,Consumer Internet,Seed,Pune,0.2,5.0,2016-06-03
Appyhigh,1.25,1,2021-11-03,Online Media,Unknown,Lucknow,0.33,3.0,2021-11-03
Dr. Rameshwar Kumar,1.25,1,2016-09-23,Consumer Internet,Seed,Delhi,1.0,1.0,2016-09-23
Adi Saravaunknownn,1.25,1,2016-06-03,Consumer Internet,Seed,Pune,0.2,5.0,2016-06-03
Fusion Tech Ventures,1.25,1,2016-06-03,Consumer Internet,Seed,Pune,0.2,5.0,2016-06-03
Mehul Shah,1.25,1,2017-09-11,Consumer Internet,Seed,Mumbai,1.0,1.0,2017-09-11
Sanjiv Mittal,1.25,1,2016-03-04,Consumer Internet,Seed,Gurgaon,0.25,4.0,2016-03-04
Pravin Dongre,1.25,1,2016-06-03,Consumer Internet,Seed,Pune,0.2,5.0,2016-06-03
Rahul Kirloskar,1.25,1,2016-06-03,Consumer Internet,Seed,Pune,0.2,5.0,2016-06-03
Anubhav Verma,1.25,1,2015-11-17,Online Food Ordering,Seed,Vadodara,0.5,2.0,2015-11-17
Varun Ahuja,1.25,1,2015-11-17,Online Food Ordering,Seed,Vadodara,0.5,2.0,2015-11-17
Rajasthan Angel Investor Network,1.24,1,2016-08-10,Technology,Seed,Gurgaon,0.5,2.0,2016-08-10
Michael Patrick Hickey,1.23,1,2018-02-08,Consumer Internet,Other,Gurgaon,1.0,1.0,2018-02-08
Unknown Multiple Investors,1.22,1,2016-11-21,Consumer Internet,Seed,Mumbai,1.0,1.0,2016-11-21
Anish K,1.22,1,2017-01-07,Consumer Internet,Seed,Bangalore,0.5,2.0,2017-01-07
Ajith Nair,1.22,1,2017-01-07,Consumer Internet,Seed,Bangalore,0.5,2.0,2017-01-07
Kapil Goel,1.2,1,2016-02-11,Technology,Seed,Delhi,1.0,1.0,2016-02-11
Kapil Dev,1.2,1,2019-07-28,Compliance,Angel,Delhi,1.0,1.0,2019-07-28
Ankush Mehta,1.2,1,2016-05-14,Consumer Internet,Seed,Pune,1.0,1.0,2016-05-14
Idh Farmfit,1.2,1,2022-02-22,Computer Software,Unknown,Bangalore,1.0,1.0,2022-02-22
Omphalos Ventures India Llp,1.19,1,2018-12-20,Online,Seed,Nagpur,1.0,1.0,2018-12-20
Rajan Kaistha,1.16,1,2020-01-19,Iot,Unknown,Nan,1.0,1.0,2020-01-19
Premanshu Singh,1.16,1,2021-05-25,Healthcare,Unknown,Satara,0.5,2.0,2021-05-25
Supriya Kumari,1.16,1,2021-05-25,Healthcare,Unknown,Satara,0.5,2.0,2021-05-25
Kcl,1.16,1,2015-06-09,Digital Marketing,Seed,Bangalore,1.0,1.0,2015-06-09
Uk Based Group Of Angel Investors,1.16,1,2015-01-27,Other,Seed,Nan,1.0,1.0,2015-01-27
Beeline Impex Private Limited,1.13,1,2020-08-23,Ai,Unknown,Chandigarh,0.2,5.0,2020-08-23
Grand Anicut Angel Fund (Gaaf),1.13,1,2020-08-23,Ai,Unknown,Chandigarh,0.2,5.0,2020-08-23
Accelerator Fund,1.13,1,2020-08-23,Ai,Unknown,Chandigarh,0.2,5.0,2020-08-23
Al Trust,1.13,1,2020-08-23,Ai,Unknown,Chandigarh,0.2,5.0,2020-08-23
Haldyn Glass,1.12,1,2015-01-19,Other,Seed,Nan,0.33,3.0,2015-01-19
Rohan Ajila,1.12,1,2015-01-19,Other,Seed,Nan,0.33,3.0,2015-01-19
Tom Clausen,1.12,1,2015-01-19,Other,Seed,Nan,0.33,3.0,2015-01-19
Spotdraft Founder Shashank Bijapur,1.1,1,2024-12-02,Ecofriendly Products,Angel,Delhi,0.2,5.0,2024-12-02
Rohan Bhargava,1.1,1,2024-12-02,Ecofriendly Products,Angel,Delhi,0.2,5.0,2024-12-02
Akshay Dubey,1.1,1,2022-05-04,Retailecommerce,Other,Bangalore,0.5,2.0,2022-05-04
Saurabh Pandey,1.1,1,2022-05-04,Retailecommerce,Other,Bangalore,0.5,2.0,2022-05-04
Counknownfounder At Cashkaro,1.1,1,2024-12-02,Ecofriendly Products,Angel,Delhi,0.2,5.0,2024-12-02
And Nc Media Founder Rajneil Kamath,1.1,1,2024-12-02,Ecofriendly Products,Angel,Delhi,0.2,5.0,2024-12-02
Ciie.Co And Inovnis Sa,1.1,1,2022-05-04,Information Technology,Unknown,Visakhapatnam,1.0,1.0,2022-05-04
Urbanpiper Ceo Saurabh Gupta,1.1,1,2024-12-02,Ecofriendly Products,Angel,Delhi,0.2,5.0,2024-12-02
Rabindraunknownth Tagore University (Rntu),1.1,1,2024-12-03,Healthcare,Pre-Seed,Gurgaon,0.33,3.0,2024-12-03
Build3,1.1,1,2024-12-03,Healthcare,Pre-Seed,Gurgaon,0.33,3.0,2024-12-03
Iim Lucknow,1.1,1,2024-12-03,Healthcare,Pre-Seed,Gurgaon,0.33,3.0,2024-12-03
Dheeraj Mehta,1.08,1,2015-10-26,Ridesharing Mobile,Seed,Mumbai,0.33,3.0,2015-10-26
Shark Tank India,1.08,1,2021-12-17,Food,Unknown,Hyderabad,1.0,1.0,2021-12-17
Rajesh Bhatia,1.08,1,2015-10-26,Ridesharing Mobile,Seed,Mumbai,0.33,3.0,2015-10-26
Sustaiunknownbility,1.04,1,2025-02-12,Sustainable Tea Agritech D2C,Pre-Seed,Coimbatore,0.25,4.0,2025-02-12
Chaitanya Kalipatunknownpu,1.04,1,2021-06-15,Saas,Unknown,Bangalore,0.5,2.0,2021-06-15
Jayabalan Subramanian,1.04,1,2016-02-10,Technology,Seed,Bangalore,1.0,1.0,2016-02-10
Pbs Srinivas,1.04,1,2017-08-03,Consumer Internet,Seed,Bangalore,0.5,2.0,2017-08-03
Aspire Logistics Llc,1.04,1,2018-06-19,Technology,Other,Bangalore,1.0,1.0,2018-06-19
Kedar Gavane,1.04,1,2021-06-15,Saas,Unknown,Bangalore,0.5,2.0,2021-06-15
It,1.04,1,2025-02-12,Sustainable Tea Agritech D2C,Pre-Seed,Coimbatore,0.25,4.0,2025-02-12
Biotech Sectors,1.04,1,2025-02-12,Sustainable Tea Agritech D2C,Pre-Seed,Coimbatore,0.25,4.0,2025-02-12
Angel Investors From Tea,1.04,1,2025-02-12,Sustainable Tea Agritech D2C,Pre-Seed,Coimbatore,0.25,4.0,2025-02-12
Seedrs Crowd Funding Platform,1.04,1,2015-01-09,Other,Other,Nan,1.0,1.0,2015-01-09
Co Ltd,1.0,1,2025-01-13,Affordable Hospitality,Equity,Noida,0.5,2.0,2025-01-13
Meraevents.,1.0,1,2015-04-03,Video Streaming,Seed,Delhi,0.17,6.0,2015-04-03
Angel Investors Including Saurabh Aggarwal,1.0,1,2025-01-24,Sports,Pre-Seed,Bangalore,0.25,4.0,2025-01-24
Endurance Capital And Inflection Point Ventures,1.0,1,2022-06-22,Fintech,Seed,Gurgaon,1.0,1.0,2022-06-22
Mauryan Capital,1.0,1,2022-03-15,Food,Other,Delhi,0.5,2.0,2022-03-15
Amara Ventures,1.0,1,2020-12-01,Virtual Auditing,Unknown,Bangalore,0.5,2.0,2020-12-01
Neev Fund Ii,1.0,1,2022-03-19,Renewables & Environment,Series B,Bangalore,1.0,1.0,2022-03-19
Aecal,1.0,1,2015-04-03,Video Streaming,Seed,Delhi,0.17,6.0,2015-04-03
Balmer Lawrie,1.0,1,2025-01-13,Affordable Hospitality,Equity,Noida,0.5,2.0,2025-01-13
Vartika Joshi,1.0,1,2025-01-24,Sports,Pre-Seed,Bangalore,0.25,4.0,2025-01-24
Rajesh Sawheny,1.0,1,2015-04-03,Video Streaming,Seed,Delhi,0.17,6.0,2015-04-03
Group Of Angel Investors From Us/India,1.0,1,2015-06-08,Social For Artists,Seed,Bangalore,1.0,1.0,2015-06-08
Arpit Bhardwaj,1.0,1,2025-01-24,Sports,Pre-Seed,Bangalore,0.25,4.0,2025-01-24
Group Of Family Offices,1.0,1,2025-05-06,Wealth Management,Seed,Gurgaon,1.0,1.0,2025-05-06
Facebook Fbstart,0.99,3,2017-02-26,"Consumer Internet, Ecommerce",Seed,"Gurgaon, Mumbai, Bangalore",1.0,1.0,2017-02-26
Rockstart Accelerator,0.98,1,2017-10-16,Consumer Internet,Seed,Kolkata,1.0,1.0,2017-10-16
Kiran Bhat,0.95,1,2015-03-03,Other,Seed,Nan,0.33,3.0,2015-03-03
Nick Adams,0.95,1,2015-03-03,Other,Seed,Nan,0.33,3.0,2015-03-03
Bay Partners,0.95,1,2020-01-27,Cosmetics,Unknown,Mumbai,0.5,2.0,2020-01-27
Rounknownld Conway,0.95,1,2020-01-27,Cosmetics,Unknown,Mumbai,0.5,2.0,2020-01-27
Family Pot Investments Llp,0.95,1,2015-03-03,Other,Seed,Nan,0.33,3.0,2015-03-03
Aid,0.94,1,2025-10-06,Enterprise Applications > Scm Software,Seed,Nan,1.0,1.0,2025-10-06
Raghu Khanunknown,0.91,1,2015-11-15,On Demand Laundry,Seed,Delhi,0.5,2.0,2015-11-15
Corporate Round From Velocity,0.91,1,2022-08-18,Healthcare,Unknown,Pune,1.0,1.0,2022-08-18
Sameer Gupta,0.91,1,2015-11-15,On Demand Laundry,Seed,Delhi,0.5,2.0,2015-11-15
Rannvijay Singh,0.9,1,2016-03-15,Consumer Internet,Seed,Mumbai,0.5,2.0,2016-03-15
Anita Hassaunknownndani,0.9,1,2016-03-15,Consumer Internet,Seed,Mumbai,0.5,2.0,2016-03-15
The Ten Minute Million,0.9,3,2017-01-17,"Technology, Ecommerce, Consumer Internet",Seed,"Delhi, Mumbai, Bangalore",1.0,1.0,2017-01-17
Others ( The Ten Minute Million),0.88,1,2017-01-18,Technology,Seed,Mumbai,0.5,2.0,2017-01-18
Ashutosh Lawania,0.86,1,2016-08-09,Consumer Internet,Seed,Delhi,0.2,5.0,2016-08-09
Rajul Jain,0.86,1,2016-08-09,Consumer Internet,Seed,Delhi,0.2,5.0,2016-08-09
Rishi Gupta,0.86,1,2016-08-09,Consumer Internet,Seed,Delhi,0.2,5.0,2016-08-09
Badal Malick,0.86,1,2016-08-09,Consumer Internet,Seed,Delhi,0.2,5.0,2016-08-09
Lalit Vase,0.83,1,2016-10-17,Technology,Seed,Gurgaon,1.0,1.0,2016-10-17
Virya Mobility 5.0 And Keiretsu Forum,0.83,1,2022-08-21,Automation,Seed,Mumbai,1.0,1.0,2022-08-21
India Angel Fund,0.83,1,2020-12-07,Edtech,Unknown,Pune,1.0,1.0,2020-12-07
Rajnish Kumar,0.83,1,2015-10-02,Home Made Food,Seed,Gurgaon,0.33,3.0,2015-10-02
Gopal Aggarwal,0.83,1,2015-12-04,Cab Sharing Mobile,Seed,Mumbai,1.0,1.0,2015-12-04
Anil Menon,0.83,1,2015-11-28,Healthcare,Seed,Bangalore,1.0,1.0,2015-11-28
Unknown Private Investors,0.83,1,2016-03-15,Consumer Internet,Seed,Bangalore,1.0,1.0,2016-03-15
Munish Bhatia,0.83,1,2020-01-13,Legal,Unknown,Delhi,0.25,4.0,2020-01-13
Manish Gandhi,0.83,1,2015-07-06,Industrial Supplies B2B Ecommerce,Seed,Mumbai,0.5,2.0,2015-07-06
Pramendra Tomar,0.83,1,2020-01-13,Legal,Unknown,Delhi,0.25,4.0,2020-01-13
Axis Capital Partners,0.83,1,2018-02-19,Edtech,Private Equity,Mumbai,1.0,1.0,2018-02-19
Philippe Bouchet,0.83,1,2017-04-19,Technology,Seed,Bangalore,1.0,1.0,2017-04-19
Kanchan Ghoshal,0.83,1,2017-01-06,Consumer Internet,Seed,Bangalore,0.25,4.0,2017-01-06
Amit Dey,0.83,1,2015-10-02,Home Made Food,Seed,Gurgaon,0.33,3.0,2015-10-02
Alok Bajpai,0.83,1,2015-10-02,Home Made Food,Seed,Gurgaon,0.33,3.0,2015-10-02
Inflection Point Ventures And Santosh Chandra,0.83,1,2022-11-25,Automotive,Seed,Bangalore,1.0,1.0,2022-11-25
Tania Johny Palathinkal,0.83,1,2015-09-17,Fintech Incubation,Seed,Mumbai,1.0,1.0,2015-09-17
Growth Strategy Ventures,0.83,1,2025-03-12,Other,Other,Nan,1.0,1.0,2025-03-12
Sucseed Indovation,0.83,1,2021-04-28,B2B,Unknown,Delhi,0.5,2.0,2021-04-28
Shashank Mehrotra,0.83,1,2015-02-24,Other,Other,Nan,0.33,3.0,2015-02-24
Rajeev Agrawal,0.83,1,2016-04-27,Technology,Seed,Mumbai,0.5,2.0,2016-04-27
Prashant Gooty,0.83,1,2016-04-27,Technology,Seed,Mumbai,0.5,2.0,2016-04-27
Satyajit Heeralal,0.83,1,2015-05-23,Fund Raising,Seed,Chennai,0.14,7.0,2015-05-23
Kamal Chabra,0.83,1,2016-08-21,Consumer Internet,Seed,Delhi,0.5,2.0,2016-08-21
Riju Gupta,0.83,1,2016-08-21,Consumer Internet,Seed,Delhi,0.5,2.0,2016-08-21
Modulor Capital,0.83,1,2020-11-02,Edtech,Unknown,Nan,0.5,2.0,2020-11-02
Ratish Pandey,0.83,1,2020-01-13,Legal,Unknown,Delhi,0.25,4.0,2020-01-13
Katabole Technology Venture,0.83,1,2016-05-17,Consumer Internet,Seed,Thiruvananthapuram,1.0,1.0,2016-05-17
Upsparks,0.83,1,2021-01-21,Edtech,Pre-Series A,Mumbai,0.5,2.0,2021-01-21
Samir Bangara,0.83,1,2016-01-27,Edtech,Seed,Bhopal,0.1,10.0,2016-01-27
Saurab Paruthi,0.83,1,2016-01-27,Edtech,Seed,Bhopal,0.1,10.0,2016-01-27
Singapore Angel Network.,0.83,1,2016-01-27,Edtech,Seed,Bhopal,0.1,10.0,2016-01-27
Jindagi Live Angels,0.83,1,2020-01-17,Esports,Unknown,Bangalore,1.0,1.0,2020-01-17
Keith Rodricks,0.83,1,2015-05-23,Fund Raising,Seed,Chennai,0.14,7.0,2015-05-23
Newbie Promoter Pvt Ltd,0.83,1,2016-01-05,Edtech,Seed,Jaipur,1.0,1.0,2016-01-05
Nikhil Bagri,0.83,1,2015-05-23,Fund Raising,Seed,Chennai,0.14,7.0,2015-05-23
Aarti Group,0.83,1,2015-10-16,Travel Destination Discovery,Seed,Delhi,1.0,1.0,2015-10-16
Sudhir Mehta,0.83,1,2016-05-09,Technology,Seed,Pune,1.0,1.0,2016-05-09
Sudhir Mallem,0.83,1,2016-09-25,Consumer Internet,Seed,Hyderabad,0.33,3.0,2016-09-25
Ramaunknown Thumu,0.83,1,2016-09-25,Consumer Internet,Seed,Hyderabad,0.33,3.0,2016-09-25
Ganesh Narasimhan,0.83,1,2016-09-25,Consumer Internet,Seed,Hyderabad,0.33,3.0,2016-09-25
Devidas Desai,0.83,1,2016-03-27,Technology,Seed,Hyderabad,0.33,3.0,2016-03-27
Vipul Gautam,0.83,1,2016-03-27,Technology,Seed,Hyderabad,0.33,3.0,2016-03-27
Hax Accelerator,0.83,1,2016-10-23,Technology,Seed,Bangalore,1.0,1.0,2016-10-23
Venture Catalysts And Idbi Capital Market Services,0.83,1,2022-05-09,Electric Vehicle,Unknown,Nashik,1.0,1.0,2022-05-09
Angel Investors. Hni,0.83,1,2020-05-07,Edtech,Seed,Nan,1.0,1.0,2020-05-07
23 High Networth Individuals (Hnis).,0.83,1,2020-01-02,Edtech,Seed,Pune,1.0,1.0,2020-01-02
Nipun Dureja,0.83,1,2015-05-23,Fund Raising,Seed,Chennai,0.14,7.0,2015-05-23
Shiva Ashok,0.83,1,2016-01-09,Consumer Internet,Seed,Bangalore,0.5,2.0,2016-01-09
Supermorpheus And Vivek Shah,0.83,1,2022-07-06,Healthcare,Seed,Delhi,1.0,1.0,2022-07-06
Ashish Jhalani,0.83,1,2015-09-04,Ecommerce Brandsxe2X80X99 Full Agency,Seed,Mumbai,1.0,1.0,2015-09-04
Ashish Jain,0.83,1,2021-11-13,Edtech,Pre-Seed,Surat,0.5,2.0,2021-11-13
Siddharth Bhaskar Shah,0.83,1,2021-01-21,Edtech,Pre-Series A,Mumbai,0.5,2.0,2021-01-21
Dr. Ritesh Malik,0.83,1,2016-01-27,Edtech,Seed,Bhopal,0.1,10.0,2016-01-27
Digital Fiunknownncial Service Lab,0.83,1,2016-12-11,Consumer Internet,Seed,Pune,1.0,1.0,2016-12-11
Ajay Suraunknown,0.83,1,2021-11-13,Edtech,Pre-Seed,Surat,0.5,2.0,2021-11-13
Sumit Aggarwal,0.83,1,2020-01-13,Legal,Unknown,Delhi,0.25,4.0,2020-01-13
Rajat Gupta,0.83,1,2016-03-24,Consumer Internet,Seed,Gurgaon,0.33,3.0,2016-03-24
Daman Soni,0.83,1,2016-03-24,Consumer Internet,Seed,Gurgaon,0.33,3.0,2016-03-24
. Cornerstone Venture Partners Fund And Sunicon Ventures,0.83,1,2022-11-26,Information Technology,Pre-Seed,Bangalore,1.0,1.0,2022-11-26
India Cxo Fund,0.83,1,2021-02-07,Helathcare,Seed,Bangalore,0.5,2.0,2021-02-07
Chandigarh Angels Network,0.83,1,2020-11-02,Edtech,Unknown,Nan,0.5,2.0,2020-11-02
Playbook Fund And Letsventure,0.83,1,2022-05-15,Retail,Unknown,Bangalore,1.0,1.0,2022-05-15
Rohit Goutamchand,0.83,1,2021-02-07,Helathcare,Seed,Bangalore,0.5,2.0,2021-02-07
Solidarity Venture Capital,0.83,1,2015-03-04,Other,Seed,Nan,0.5,2.0,2015-03-04
Sara Elgi,0.83,1,2021-08-24,Drone,Unknown,Chennai,1.0,1.0,2021-08-24
Krishunknown Rokhale,0.83,1,2016-11-02,Technology,Seed,Pune,1.0,1.0,2016-11-02
Deobrat Singh,0.83,1,2016-01-27,Edtech,Seed,Bhopal,0.1,10.0,2016-01-27
Sumit Gandhi,0.83,1,2015-07-06,Industrial Supplies B2B Ecommerce,Seed,Mumbai,0.5,2.0,2015-07-06
Pittie Group,0.83,1,2015-03-12,Other,Seed,Nan,1.0,1.0,2015-03-12
Azmul Haque,0.83,1,2015-05-23,Fund Raising,Seed,Chennai,0.14,7.0,2015-05-23
Spaunknownche,0.83,1,2021-04-01,It,Seed,Bangalore,1.0,1.0,2021-04-01
Gaurav Lochan,0.83,1,2015-05-23,Fund Raising,Seed,Chennai,0.14,7.0,2015-05-23
Anisha Mittal,0.83,1,2016-01-27,Edtech,Seed,Bhopal,0.1,10.0,2016-01-27
Village Capital,0.82,2,2017-12-15,Technology,Other,"Mumbai, Bangalore",1.0,1.0,2017-12-15
Multiple Investors Through Ten Minute Million Competition,0.76,4,2016-02-26,"Technology, Consumer Internet",Seed,"Gurgaon, Nan, Mumbai",1.0,1.0,2016-02-26
Devdeep Singh,0.75,1,2016-11-17,Consumer Internet,Seed,Gurgaon,1.0,1.0,2016-11-17
Pankaj Chopra,0.66,1,2018-01-05,Technology,Other,Gurgaon,0.5,2.0,2018-01-05
Ankush Gupta,0.66,1,2018-01-05,Technology,Other,Gurgaon,0.5,2.0,2018-01-05
Neha Vats,0.66,1,2015-08-27,Ecommerce,Seed,Delhi,0.5,2.0,2015-08-27
Puneet Bhatia,0.66,1,2015-10-23,Proximity Marketing & Mobile Advertising,Seed,Mumbai,0.5,2.0,2015-10-23
Gaurav Vats,0.66,1,2015-08-27,Ecommerce,Seed,Delhi,0.5,2.0,2015-08-27
Hyderabad Angels (At Startup Heroes Event),0.65,5,2015-01-17,Other,Seed,Nan,1.0,1.0,2015-01-17
Suyash Sharma,0.64,1,2015-10-09,Food Ordering & Delivery,Seed,Delhi,1.0,1.0,2015-10-09
Ununknownmed Investor,0.64,1,2015-10-19,Location Based Nightlife Recommendationxc2Xa0,Seed,Mumbai,1.0,1.0,2015-10-19
Dishit Nathwani,0.56,1,2025-01-17,Mouth Freshener,Seed,Ahmedabad,0.33,3.0,2025-01-17
Prateek Toshniwal,0.56,1,2025-01-17,Mouth Freshener,Seed,Ahmedabad,0.33,3.0,2025-01-17
Matrix Partners India And Wami Capital,0.55,1,2022-06-12,Software,Unknown,Gurgaon,1.0,1.0,2022-06-12
Zent Interunknowntiounknownl Limited,0.5,1,2022-03-10,Fintech,Pre-Series A,Chennai,0.5,2.0,2022-03-10
Daniel Keloha,0.5,1,2022-03-10,Ecommerce,Seed,Delhi,1.0,1.0,2022-03-10
Ezswype Llc,0.5,1,2022-03-10,Fintech,Pre-Series A,Chennai,0.5,2.0,2022-03-10
Clover Infotech,0.5,1,2022-03-11,Information Technology &,Unknown,Mumbai,1.0,1.0,2022-03-11
Westbridge Capital And Ian Fund,0.48,1,2022-04-22,Home Decor,Series B,Jaipur,1.0,1.0,2022-04-22
Prospect Partners.,0.45,1,2020-01-24,Warehouse,Unknown,Noida,1.0,1.0,2020-01-24
Aim Angel Group,0.42,1,2022-01-12,Healthcare,Seed,Mumbai,0.5,2.0,2022-01-12
Mukesh Kumar Gupta,0.41,1,2016-02-10,Consumer Internet,Seed,Gurgaon,1.0,1.0,2016-02-10
Pankaj Tripathi,0.41,1,2016-06-21,Consumer Internet,Seed,Mumbai,0.5,2.0,2016-06-21
Harsh Vardhan Hada,0.41,1,2016-06-23,Technology,Seed,Kolkata,1.0,1.0,2016-06-23
Anoop Mathur And Kushal Khandwala,0.41,1,2022-07-23,National Security,Pre-Seed,Bangalore,1.0,1.0,2022-07-23
Turning Ideas,0.41,1,2015-10-07,Personalized Wish List Creator,Seed,Noida,1.0,1.0,2015-10-07
Prof. Ram Kumar Kakani,0.41,1,2017-03-07,Consumer Internet,Seed,Bangalore,0.25,4.0,2017-03-07
Satoshi Studios,0.41,1,2017-05-21,Technology,Seed,Delhi,1.0,1.0,2017-05-21
Sharan Aggarwal,0.4,1,2022-01-05,Online Media,Unknown,Mumbai,0.5,2.0,2022-01-05
Adit Parekh,0.4,1,2022-03-02,Travel Arrangements,Unknown,Chennai,0.5,2.0,2022-03-02
Gbim Technologies Pvt Ltd,0.37,1,2016-01-25,Edtech,Seed,Mumbai,1.0,1.0,2016-01-25
A M Sikander,0.37,1,2016-11-15,Ecommerce,Seed,Delhi,1.0,1.0,2016-11-15
Astarc Ventures.,0.36,1,2020-08-13,Fashion,Unknown,Mumbai,0.5,2.0,2020-08-13
Nestavera Ventures.,0.34,1,2020-08-05,Healthcare,Unknown,Bangalore,1.0,1.0,2020-08-05
Facebook Fb Start Programme,0.33,1,2017-02-07,Consumer Internet,Seed,Gurgaon,1.0,1.0,2017-02-07
Swastika Company Ltd.,0.33,1,2016-08-24,Other,Seed,Mumbai,1.0,1.0,2016-08-24
Mahendra Patel,0.33,1,2016-04-18,Consumer Internet,Seed,Delhi,0.5,2.0,2016-04-18
Nilender Chauhan,0.33,1,2016-04-18,Consumer Internet,Seed,Delhi,0.5,2.0,2016-04-18
Sa\\Xc3\\Xafd Business School Seed Fund.,0.33,1,2016-01-16,Consumer Internet,Seed,Mumbai,1.0,1.0,2016-01-16
Kickstarter,0.26,1,2015-01-12,Other,Other,Nan,1.0,1.0,2015-01-12
Ka Enterprise,0.26,1,2020-03-09,Fmcg,Series C,Mumbai,1.0,1.0,2020-03-09
Natiounknownl Science And Technology Entrepreneurship Development Board,0.25,1,2017-03-25,Consumer Internet,Seed,Delhi,1.0,1.0,2017-03-25
Ingram Content Group,0.25,1,2016-02-01,Consumer Internet,Seed,Bangalore,1.0,1.0,2016-02-01
Oranda Global,0.25,1,2016-02-20,Ecommerce,Seed,Delhi,0.5,2.0,2016-02-20
Viridian Capital,0.25,1,2016-06-09,Consumer Internet,Seed,Nan,1.0,1.0,2016-06-09
Naveen Gupta,0.25,1,2016-03-06,Consumer Internet,Seed,Delhi,1.0,1.0,2016-03-06
Promatus Group,0.22,1,2016-08-03,Technology,Seed,Nan,1.0,1.0,2016-08-03
Woodstock Fund,0.2,1,2022-03-11,Information Technology &,Pre-Seed,Bangalore,0.5,2.0,2022-03-11
Dlf Family Office,0.2,1,2022-03-17,Real Estate,Seed,Mumbai,0.5,2.0,2022-03-17
Nikhil Kamath’S Wtfund (2024 Cohort),0.2,1,2025-02-20,Ai,Other,Pune,1.0,1.0,2025-02-20
Zeroth.Ai,0.17,1,2020-01-07,Agritech,Unknown,Bangalore,0.5,2.0,2020-01-07
Aruunknownchal Pradesh Social Entrepreneurship Meet,0.17,1,2020-02-02,Agritech,Unknown,Jodhpur,1.0,1.0,2020-02-02
Nithin Kamath,0.17,1,2022-02-11,Edtech,Seed,Bangalore,0.5,2.0,2022-02-11
Rahul Chari,0.17,1,2022-02-11,Edtech,Seed,Bangalore,0.5,2.0,2022-02-11
Birla Sun Life Insurance And Hdfc Trustee,0.17,1,2022-04-13,Logistics,Unknown,Mumbai,1.0,1.0,2022-04-13
Gautam Kumra And Sixth Sense Ventures,0.12,1,2022-06-06,Food,Series B,Mumbai,1.0,1.0,2022-06-06
Sapient Fund,0.1,1,2022-03-13,Edtech,Pre-Seed,Chennai,1.0,1.0,2022-03-13
Ebay,0.1,1,2017-03-23,Ecommerce,Private Equity,Bangalore,0.33,3.0,2017-03-23
Aicunknownnalanda Institute Of Technology Foundation,0.09,1,2025-10-17,Life Sciences > Oncology,Seed,Nan,1.0,1.0,2025-10-17
Westbridge Capital And Sashi Reddi,0.09,1,2022-06-12,News,Series A,Hyderabad,1.0,1.0,2022-06-12
General Catalyst And Iconiq Capital,0.01,1,2022-04-12,Analytics,Other,Oakland,1.0,1.0,2022-04-12
Abu Dhabi Investment Authority And Twenty Nine Capital Partners,0.01,1,2022-04-28,Ecommerce,Series E,Bangalore,1.0,1.0,2022-04-28
